{
  "lambda_per_wd": 0.10035643198967395,
  "n_wd_detected_draw": 6338,
  "chance_aligned_before_draw": 636.0590659505535,
  "chance_aligned_after_draw": 306.48854329646423,
  "rejection_factor": 2.0753110674525215,
  "removed_fraction": 0.5181445250867782,
  "chance_aligned_before_real": 954.1522048324254,
  "chance_aligned_after_real": 459.763463799026,
  "median_pm_mas_yr": 145.82387761515844
}