{
  "field": {
    "ra": 215.0,
    "dec": 30.0,
    "radius_deg": 1.0
  },
  "band": "r",
  "variable_only": true,
  "n_searched": 2574,
  "n_candidates": 3,
  "n_resists_mundane": 1,
  "selection": {
    "depth_min": 0.1,
    "n_dips_min": 3,
    "asym_min": 1.5,
    "period_power_max": 0.4
  },
  "top_candidates": [
    {
      "source_id": "629216200005110",
      "ra": 215.1635811,
      "dec": 29.1286845,
      "score": 0.4871112731003456,
      "max_depth": 0.33938155405237036,
      "n_dips": 22,
      "n_dip_events": 1,
      "max_event_depth": 0.11518838300330514,
      "out_of_dip_rms": 0.006644613814381126,
      "asymmetry": 1.5875631341265464,
      "best_period_d": 0.11294928588646272,
      "period_power": 0.01989669437198486,
      "hr_class": "main_sequence",
      "resists_mundane": true
    },
    {
      "source_id": "628213100039567",
      "ra": 214.8346363,
      "dec": 29.151502200000003,
      "score": 0.6188420560097382,
      "max_depth": 0.6444930626138812,
      "n_dips": 5,
      "n_dip_events": 1,
      "max_event_depth": 0.6444930626138812,
      "out_of_dip_rms": 0.0,
      "asymmetry": 1.5733894566258517,
      "best_period_d": 0.10123180201835971,
      "period_power": 0.28520437129270976,
      "hr_class": "unknown",
      "resists_mundane": false
    },
    {
      "source_id": "1673207200005154",
      "ra": 213.8843244,
      "dec": 29.112768,
      "score": 0.602220123890236,
      "max_depth": 0.20064355667948142,
      "n_dips": 10,
      "n_dip_events": 1,
      "max_event_depth": 0.20064355667948142,
      "out_of_dip_rms": 0.0036028209093749513,
      "asymmetry": 1.9761921838456786,
      "best_period_d": 0.13910867661414764,
      "period_power": 0.3851431480412661,
      "hr_class": "unknown",
      "resists_mundane": false
    }
  ],
  "occurrence_limit": {
    "k_candidates": 3,
    "n_eff": 2574.0,
    "confidence": 0.95,
    "f_upper": 0.0030122985734004374,
    "f_point": 0.0011655011655011655
  }
}