kepoi_name,tic_id,family,author,flux_column,status,n_segments,segment_list,exptimes_s,n_transits,depth_ppm,depth_err_ppm,depth_err_method,oot_scatter_ppm,odd_even_sigma,smeared,is_primary_reduction
K07624.01,351053720,pdc,SPOC,PDCSAP_FLUX,NO_USABLE_TRANSIT,2,"74,75",120,0,,,none,,,False,False
K07624.01,351053720,pdc,TESS-SPOC,PDCSAP_FLUX,NO_USABLE_TRANSIT,6,"14,40,41,54,74,75","1800,200,600",0,,,none,,,False,False
K07624.01,351053720,pdc,QLP,KSPSAP_FLUX,OK,5,"14,40,41,54,55","1800,600",1,608.34202,459.67575,analytic,1983.5789,,False,False
K07624.01,351053720,pdc,QLP,DET_FLUX,NO_USABLE_TRANSIT,2,"74,75",200,0,,,none,,,False,False
K07624.01,351053720,sap,SPOC,SAP_FLUX,NO_USABLE_TRANSIT,2,"74,75",120,0,,,none,,,False,False
K07624.01,351053720,sap,TESS-SPOC,SAP_FLUX,NO_USABLE_TRANSIT,6,"14,40,41,54,74,75","1800,200,600",0,,,none,,,False,False
K07624.01,351053720,sap,QLP,SAP_FLUX,OK,7,"14,40,41,54,55,74,75","1800,200,600",1,620.72121,458.58502,analytic,1978.8722,,False,True
K06276.01,120970830,pdc,SPOC,PDCSAP_FLUX,OK,4,"40,41,53,54",120,30,1366.466,1595.5338,bootstrap,39017.992,0.34070478,False,False
K06276.01,120970830,pdc,TESS-SPOC,PDCSAP_FLUX,OK,4,"40,41,53,54",600,30,1770.05,2344.6016,bootstrap,15720.115,0.72677421,False,False
K06276.01,120970830,pdc,QLP,KSPSAP_FLUX,OK,4,"40,41,53,54",600,32,7218.8202,3634.3741,bootstrap,27663.818,1.5644315,False,False
K06276.01,120970830,pdc,QLP,DET_FLUX,OK,3,"74,80,81",200,26,-3418.6399,2029.2171,bootstrap,40627.206,0.98118742,False,False
K06276.01,120970830,sap,SPOC,SAP_FLUX,OK,4,"40,41,53,54",120,32,746.56986,876.28486,bootstrap,24208.785,0.69602911,False,False
K06276.01,120970830,sap,TESS-SPOC,SAP_FLUX,OK,4,"40,41,53,54",600,32,1173.069,1184.6719,bootstrap,9464.4222,0.97896476,False,False
K06276.01,120970830,sap,QLP,SAP_FLUX,OK,7,"40,41,53,54,74,80,81","200,600",58,2328.5874,2411.8175,bootstrap,31744.971,1.6802817,False,True
K01118.01,137316770,pdc,SPOC,PDCSAP_FLUX,OK,3,"40,41,74",120,12,101.56158,613.9035,bootstrap,9981.6359,0.59232262,False,False
K01118.01,137316770,pdc,TESS-SPOC,PDCSAP_FLUX,OK,3,"40,41,74","200,600",12,-230.61676,775.00724,bootstrap,4659.5888,1.2137926,False,False
K01118.01,137316770,pdc,QLP,KSPSAP_FLUX,OK,5,"14,40,41,54,55","1800,600",20,1216.0208,764.87099,bootstrap,6717.5673,1.096335,True,False
K01118.01,137316770,pdc,QLP,DET_FLUX,OK,1,74,200,4,1860.3253,1424.1416,analytic,12741.1,1.1922708,False,False
K01118.01,137316770,sap,SPOC,SAP_FLUX,OK,3,"40,41,74",120,12,163.72211,417.82939,bootstrap,7427.7345,0.61995412,False,False
K01118.01,137316770,sap,TESS-SPOC,SAP_FLUX,OK,3,"40,41,74","200,600",12,-14.901648,486.82136,bootstrap,3154.3558,0.84302891,False,False
K01118.01,137316770,sap,QLP,SAP_FLUX,OK,6,"14,40,41,54,55,74","1800,200,600",24,1318.3259,694.20923,bootstrap,6968.1361,0.80468724,True,True
K04957.02,138153650,pdc,SPOC,PDCSAP_FLUX,OK,8,"40,41,54,55,74,75,81,82",120,41,3409.7835,1102.7629,bootstrap,30325.244,0.079500273,False,True
K04957.02,138153650,pdc,TESS-SPOC,PDCSAP_FLUX,OK,8,"40,41,54,55,74,75,81,82","200,600",41,4090.8314,1341.4332,bootstrap,20370.167,0.41948644,False,False
K04957.02,138153650,pdc,QLP,KSPSAP_FLUX,OK,4,"40,41,54,55",600,22,-4406.2983,4303.1252,bootstrap,20435.288,0.28028923,False,False
K04957.02,138153650,pdc,QLP,DET_FLUX,OK,4,"74,75,81,82",200,20,-2731.3938,2330.6434,bootstrap,31952.686,0.031316904,False,False
K04957.02,138153650,sap,SPOC,SAP_FLUX,OK,8,"40,41,54,55,74,75,81,82",120,42,724.62378,268.86038,bootstrap,6640.8567,0.33140353,False,True
K04957.02,138153650,sap,TESS-SPOC,SAP_FLUX,OK,8,"40,41,54,55,74,75,81,82","200,600",42,915.06222,290.76441,bootstrap,4221.5782,0.61761897,False,False
K04957.02,138153650,sap,QLP,SAP_FLUX,OK,8,"40,41,54,55,74,75,81,82","200,600",42,-3402.5772,2657.7684,bootstrap,27423.306,0.18691381,False,False
K02186.01,120637740,pdc,SPOC,PDCSAP_FLUX,OK,2,"80,81",120,1,25154.636,12732.512,analytic,97641.706,,False,True
K02186.01,120637740,pdc,TESS-SPOC,PDCSAP_FLUX,OK,2,"80,81",200,2,1519.9138,8609.1534,analytic,72150.642,1.6235067,False,False
K02186.01,120637740,sap,SPOC,SAP_FLUX,OK,2,"80,81",120,3,434.72331,367.80718,analytic,5399.5085,1.8445347,False,True
K02186.01,120637740,sap,TESS-SPOC,SAP_FLUX,OK,2,"80,81",200,3,375.19883,391.187,analytic,3942.9401,1.6623546,False,False
K07645.01,138713800,pdc,SPOC,PDCSAP_FLUX,OK,6,"40,41,74,75,81,82",120,76,191.21118,105.8332,bootstrap,3411.2955,0.92995144,False,False
K07645.01,138713800,pdc,TESS-SPOC,PDCSAP_FLUX,OK,6,"40,41,74,75,81,82","200,600",76,195.23761,105.71202,bootstrap,2627.0075,0.85822212,False,False
K07645.01,138713800,pdc,QLP,KSPSAP_FLUX,OK,4,"40,41,54,55",600,53,1681.4582,958.61553,bootstrap,1794.9804,0.40288752,False,False
K07645.01,138713800,pdc,QLP,DET_FLUX,OK,4,"74,75,81,82",200,51,226.6585,84.229621,bootstrap,2937.1659,0.65575023,False,False
K07645.01,138713800,sap,SPOC,SAP_FLUX,OK,6,"40,41,74,75,81,82",120,78,0.65487155,65.995353,bootstrap,2811.682,0.86880712,False,False
K07645.01,138713800,sap,TESS-SPOC,SAP_FLUX,OK,6,"40,41,74,75,81,82","200,600",78,12.99374,66.815827,bootstrap,2055.1829,1.0055035,False,False
K07645.01,138713800,sap,QLP,SAP_FLUX,OK,8,"40,41,54,55,74,75,81,82","200,600",104,930.84584,435.21832,bootstrap,2667.0017,0.1374798,False,True
K06318.01,138808480,pdc,SPOC,PDCSAP_FLUX,OK,2,"74,75",120,9,-4110.5692,2329.1201,bootstrap,70361.98,0.59504598,False,True
K06318.01,138808480,pdc,TESS-SPOC,PDCSAP_FLUX,OK,2,"74,75",200,9,-3808.7179,2712.9263,bootstrap,52941.219,0.67935705,False,False
K06318.01,138808480,sap,SPOC,SAP_FLUX,OK,2,"74,75",120,9,-809.38201,480.09998,bootstrap,15094.412,0.88539283,False,True
K06318.01,138808480,sap,TESS-SPOC,SAP_FLUX,OK,2,"74,75",200,9,-803.96506,622.8339,bootstrap,11526.713,1.2432672,False,False
K00366.01,137318400,pdc,SPOC,PDCSAP_FLUX,OK,4,"74,75,81,82",120,1,3540.3775,251.77114,analytic,2113.3342,,False,False
K00366.01,137318400,pdc,TESS-SPOC,PDCSAP_FLUX,OK,9,"14,40,41,54,55,74,75,81,82","1800,200,600",3,3615.7421,156.0651,analytic,990.11251,0.99421822,False,False
K00366.01,137318400,pdc,QLP,KSPSAP_FLUX,OK,5,"14,40,41,54,55","1800,600",2,2395.79,339.8395,analytic,1785.3473,2.8552769,False,False
K00366.01,137318400,pdc,QLP,DET_FLUX,OK,4,"74,75,81,82",200,1,3576.48,496.2198,analytic,3208.9575,,False,False
K00366.01,137318400,sap,SPOC,SAP_FLUX,OK,4,"74,75,81,82",120,1,3091.0712,215.43347,analytic,1808.3205,,False,False
K00366.01,137318400,sap,TESS-SPOC,SAP_FLUX,OK,9,"14,40,41,54,55,74,75,81,82","1800,200,600",3,3133.3669,157.40004,analytic,1475.8378,0.46854796,False,False
K00366.01,137318400,sap,QLP,SAP_FLUX,OK,9,"14,40,41,54,55,74,75,81,82","1800,200,600",3,3597.1105,296.36299,analytic,1972.3328,1.6843915,False,True
K06352.01,184167980,pdc,SPOC,PDCSAP_FLUX,OK,4,"74,75,81,82",120,18,-2560.8988,1101.2152,bootstrap,47556.993,0.73232196,False,True
K06352.01,184167980,pdc,TESS-SPOC,PDCSAP_FLUX,OK,4,"74,75,81,82",200,17,-2425.0549,1131.0934,bootstrap,34818.085,0.56101013,False,False
K06352.01,184167980,sap,SPOC,SAP_FLUX,OK,4,"74,75,81,82",120,19,-891.87484,213.22612,bootstrap,9730.3256,0.24618384,False,True
K06352.01,184167980,sap,TESS-SPOC,SAP_FLUX,OK,4,"74,75,81,82",200,18,-876.82161,245.55029,bootstrap,7224.9122,0.39697104,False,False
K06353.01,121123520,pdc,SPOC,PDCSAP_FLUX,OK,2,"80,81",120,6,-196.69442,335.9464,analytic,7840.7847,2.2136664,False,False
K06353.01,121123520,pdc,TESS-SPOC,PDCSAP_FLUX,OK,2,"80,81",200,6,-595.30269,366.88104,analytic,6642.9698,2.7002878,False,False
K06353.01,121123520,pdc,QLP,KSPSAP_FLUX,OK,5,"14,40,41,53,54","1800,600",12,171.43004,374.60036,bootstrap,4262.177,0.9027664,False,False
K06353.01,121123520,pdc,QLP,DET_FLUX,OK,2,"80,81",200,6,138.83209,393.32757,analytic,7400.6553,0.25054487,False,False
K06353.01,121123520,sap,SPOC,SAP_FLUX,OK,2,"80,81",120,6,-246.28884,236.41338,analytic,6017.9871,2.8215369,False,False
K06353.01,121123520,sap,TESS-SPOC,SAP_FLUX,OK,2,"80,81",200,6,-380.59827,247.12318,analytic,4651.5105,3.1636788,False,False
K06353.01,121123520,sap,QLP,SAP_FLUX,OK,7,"14,40,41,53,54,80,81","1800,200,600",18,268.9136,355.49125,bootstrap,4920.5118,1.4719072,False,True
K05037.01,139034700,pdc,SPOC,PDCSAP_FLUX,NO_USABLE_TRANSIT,4,"74,75,81,82",120,0,,,none,,,False,False
K05037.01,139034700,pdc,TESS-SPOC,PDCSAP_FLUX,NO_USABLE_TRANSIT,4,"74,75,81,82",200,0,,,none,,,False,False
K05037.01,139034700,pdc,QLP,KSPSAP_FLUX,NO_USABLE_TRANSIT,5,"14,40,41,54,55","1800,600",0,,,none,,,False,False
K05037.01,139034700,pdc,QLP,DET_FLUX,NO_USABLE_TRANSIT,4,"74,75,81,82",200,0,,,none,,,False,False
K05037.01,139034700,sap,SPOC,SAP_FLUX,NO_USABLE_TRANSIT,4,"74,75,81,82",120,0,,,none,,,False,False
K05037.01,139034700,sap,TESS-SPOC,SAP_FLUX,NO_USABLE_TRANSIT,4,"74,75,81,82",200,0,,,none,,,False,False
K05037.01,139034700,sap,QLP,SAP_FLUX,NO_USABLE_TRANSIT,9,"14,40,41,54,55,74,75,81,82","1800,200,600",0,,,none,,,False,True
K06108.01,120683920,pdc,SPOC,PDCSAP_FLUX,NO_USABLE_TRANSIT,6,"40,41,53,54,80,81",120,0,,,none,,,False,False
K06108.01,120683920,pdc,TESS-SPOC,PDCSAP_FLUX,NO_USABLE_TRANSIT,7,"14,40,41,53,54,80,81","1800,200,600",0,,,none,,,False,False
K06108.01,120683920,pdc,QLP,KSPSAP_FLUX,NO_USABLE_TRANSIT,5,"14,40,41,53,54","1800,600",0,,,none,,,False,False
K06108.01,120683920,pdc,QLP,DET_FLUX,NO_USABLE_TRANSIT,2,"80,81",200,0,,,none,,,False,False
K06108.01,120683920,sap,SPOC,SAP_FLUX,NO_USABLE_TRANSIT,6,"40,41,53,54,80,81",120,0,,,none,,,False,False
K06108.01,120683920,sap,TESS-SPOC,SAP_FLUX,NO_USABLE_TRANSIT,7,"14,40,41,53,54,80,81","1800,200,600",0,,,none,,,False,False
K06108.01,120683920,sap,QLP,SAP_FLUX,NO_USABLE_TRANSIT,7,"14,40,41,53,54,80,81","1800,200,600",0,,,none,,,False,True
K05048.01,120315350,pdc,SPOC,PDCSAP_FLUX,NO_USABLE_TRANSIT,3,"74,80,81",120,0,,,none,,,False,False
K05048.01,120315350,pdc,TESS-SPOC,PDCSAP_FLUX,NO_USABLE_TRANSIT,3,"74,80,81",200,0,,,none,,,False,False
K05048.01,120315350,pdc,QLP,KSPSAP_FLUX,OK,6,"14,26,40,41,53,54","1800,600",1,2135,670.62219,analytic,1683.2483,,True,False
K05048.01,120315350,pdc,QLP,DET_FLUX,NO_USABLE_TRANSIT,3,"74,80,81",200,0,,,none,,,False,False
K05048.01,120315350,sap,SPOC,SAP_FLUX,NO_USABLE_TRANSIT,3,"74,80,81",120,0,,,none,,,False,False
K05048.01,120315350,sap,TESS-SPOC,SAP_FLUX,NO_USABLE_TRANSIT,3,"74,80,81",200,0,,,none,,,False,False
K05048.01,120315350,sap,QLP,SAP_FLUX,OK,9,"14,26,40,41,53,54,74,80,81","1800,200,600",1,1966.0028,729.87961,analytic,1831.9833,,True,True
K06401.01,184417720,pdc,SPOC,PDCSAP_FLUX,OK,3,"75,81,82",120,38,642.62081,173.0577,bootstrap,11190.787,1.6152784,False,False
K06401.01,184417720,pdc,TESS-SPOC,PDCSAP_FLUX,OK,3,"75,81,82",200,37,502.31642,278.52221,bootstrap,9676.9516,2.3368959,False,False
K06401.01,184417720,pdc,QLP,KSPSAP_FLUX,OK,5,"14,15,41,54,55","1800,600",62,-255.27523,502.00513,bootstrap,10322,0.033604702,False,False
K06401.01,184417720,pdc,QLP,DET_FLUX,OK,4,"74,75,81,82",200,53,485.90774,280.61654,bootstrap,16273.933,0.95762614,False,False
K06401.01,184417720,sap,SPOC,SAP_FLUX,OK,3,"75,81,82",120,40,27.897505,98.130371,bootstrap,3937.1001,0.72819524,False,False
K06401.01,184417720,sap,TESS-SPOC,SAP_FLUX,OK,3,"75,81,82",200,39,6.695248,93.942278,bootstrap,3137.0785,0.37946128,False,False
K06401.01,184417720,sap,QLP,SAP_FLUX,OK,9,"14,15,41,54,55,74,75,81,82","1800,200,600",115,1355.2433,703.12179,bootstrap,14393.671,2.2896849,False,True
K05088.01,237192080,pdc,SPOC,PDCSAP_FLUX,NO_USABLE_TRANSIT,3,"74,80,81",120,0,,,none,,,False,True
K05088.01,237192080,pdc,TESS-SPOC,PDCSAP_FLUX,NO_USABLE_TRANSIT,3,"74,80,81",200,0,,,none,,,False,False
K05088.01,237192080,sap,SPOC,SAP_FLUX,NO_USABLE_TRANSIT,3,"74,80,81",120,0,,,none,,,False,True
K05088.01,237192080,sap,TESS-SPOC,SAP_FLUX,NO_USABLE_TRANSIT,3,"74,80,81",200,0,,,none,,,False,False
K03823.01,121013030,pdc,SPOC,PDCSAP_FLUX,NO_USABLE_TRANSIT,4,"74,75,80,81",120,0,,,none,,,False,False
K03823.01,121013030,pdc,TESS-SPOC,PDCSAP_FLUX,NO_USABLE_TRANSIT,4,"74,75,80,81",200,0,,,none,,,False,False
K03823.01,121013030,pdc,QLP,KSPSAP_FLUX,OK,5,"14,40,41,53,54","1800,600",1,2197.9323,1974.6984,analytic,7115.3108,,False,False
K03823.01,121013030,pdc,QLP,DET_FLUX,NO_USABLE_TRANSIT,4,"74,75,80,81",200,0,,,none,,,False,False
K03823.01,121013030,sap,SPOC,SAP_FLUX,NO_USABLE_TRANSIT,4,"74,75,80,81",120,0,,,none,,,False,False
K03823.01,121013030,sap,TESS-SPOC,SAP_FLUX,NO_USABLE_TRANSIT,4,"74,75,80,81",200,0,,,none,,,False,False
K03823.01,121013030,sap,QLP,SAP_FLUX,OK,9,"14,40,41,53,54,74,75,80,81","1800,200,600",1,3801.0466,2096.9884,analytic,7555.951,,False,True
K03469.01,138643310,pdc,SPOC,PDCSAP_FLUX,OK,4,"74,75,81,82",120,1,-1492.0173,1518.7054,analytic,15227.173,,False,True
K03469.01,138643310,pdc,TESS-SPOC,PDCSAP_FLUX,OK,4,"74,75,81,82",200,1,-1408.2578,1736.0178,analytic,13463.25,,False,False
K03469.01,138643310,sap,SPOC,SAP_FLUX,OK,4,"74,75,81,82",120,2,278.4799,585.60315,analytic,8484.9525,1.8051113,False,True
K03469.01,138643310,sap,TESS-SPOC,SAP_FLUX,OK,4,"74,75,81,82",200,2,262.21878,599.60616,analytic,6710.8577,1.8235354,False,False
K04428.01,170645660,pdc,SPOC,PDCSAP_FLUX,OK,4,"74,75,81,82",120,8,-938.11011,1425.1098,bootstrap,21771.023,0.34067729,False,True
K04428.01,170645660,pdc,TESS-SPOC,PDCSAP_FLUX,OK,4,"74,75,81,82",200,8,-974.18956,1387.9163,bootstrap,16574.104,0.41723987,False,False
K04428.01,170645660,sap,SPOC,SAP_FLUX,OK,4,"74,75,81,82",120,8,-46.550259,349.77224,bootstrap,6206.7322,0.44282876,False,True
K04428.01,170645660,sap,TESS-SPOC,SAP_FLUX,OK,4,"74,75,81,82",200,8,-179.74793,343.1448,bootstrap,4587.1968,0.64675109,False,False
K06557.01,168815460,pdc,QLP,KSPSAP_FLUX,OK,5,"14,15,41,54,55","1800,600",19,5913.9094,4408.2259,bootstrap,6741.5821,1.16282,False,True
K06557.01,168815460,pdc,QLP,DET_FLUX,OK,3,"74,81,82",200,12,620.34082,733.04279,bootstrap,10440.677,0.63323077,False,False
K06557.01,168815460,sap,QLP,SAP_FLUX,OK,8,"14,15,41,54,55,74,81,82","1800,200,600",31,1973.8899,1104.8735,bootstrap,8244.5089,0.96241715,False,True
K06605.01,122712270,pdc,SPOC,PDCSAP_FLUX,OK,6,"40,41,74,75,81,82",120,2,-155.11075,87.296049,analytic,1657.8945,1.6686728,False,False
K06605.01,122712270,pdc,TESS-SPOC,PDCSAP_FLUX,OK,6,"40,41,74,75,81,82","200,600",2,-271.73296,93.79971,analytic,1084.0828,1.4898334,False,False
K06605.01,122712270,pdc,QLP,KSPSAP_FLUX,OK,5,"14,40,41,54,55","1800,600",2,105.16371,121.36864,analytic,1029.2582,0.07207126,False,False
K06605.01,122712270,pdc,QLP,DET_FLUX,OK,4,"74,75,81,82",200,1,-120.03925,175.76497,analytic,1825.5161,,False,False
K06605.01,122712270,sap,SPOC,SAP_FLUX,OK,6,"40,41,74,75,81,82",120,2,-355.64325,82.250566,analytic,1562.4006,0.59749774,False,False
K06605.01,122712270,sap,TESS-SPOC,SAP_FLUX,OK,6,"40,41,74,75,81,82","200,600",2,-347.96477,94.023801,analytic,1073.2015,0.24578078,False,False
K06605.01,122712270,sap,QLP,SAP_FLUX,OK,9,"14,40,41,54,55,74,75,81,82","1800,200,600",3,-372.39374,103.05775,analytic,1104.1907,2.2209531,False,True
K04827.01,172374550,pdc,SPOC,PDCSAP_FLUX,OK,3,"75,81,82",120,3,-2268.0079,6282.9082,analytic,75979.494,0.15411091,False,True
K04827.01,172374550,pdc,TESS-SPOC,PDCSAP_FLUX,OK,3,"75,81,82",200,3,-5371.2405,7240.9524,analytic,66456.715,0.053711097,False,False
K04827.01,172374550,sap,SPOC,SAP_FLUX,OK,3,"75,81,82",120,3,-493.80362,1133.2447,analytic,11166.849,0.027944551,False,True
K04827.01,172374550,sap,TESS-SPOC,SAP_FLUX,OK,3,"75,81,82",200,3,-814.94353,1133.7254,analytic,8554.7537,0.355902,False,False
K07750.01,360023400,pdc,SPOC,PDCSAP_FLUX,NO_USABLE_TRANSIT,4,"74,75,81,82",120,0,,,none,,,False,False
K07750.01,360023400,pdc,TESS-SPOC,PDCSAP_FLUX,NO_USABLE_TRANSIT,4,"74,75,81,82",200,0,,,none,,,False,False
K07750.01,360023400,pdc,QLP,KSPSAP_FLUX,OK,4,"14,15,54,55","1800,600",1,97.840709,481.72278,analytic,1523.3412,,False,False
K07750.01,360023400,pdc,QLP,DET_FLUX,NO_USABLE_TRANSIT,4,"74,75,81,82",200,0,,,none,,,False,False
K07750.01,360023400,sap,SPOC,SAP_FLUX,NO_USABLE_TRANSIT,4,"74,75,81,82",120,0,,,none,,,False,False
K07750.01,360023400,sap,TESS-SPOC,SAP_FLUX,NO_USABLE_TRANSIT,4,"74,75,81,82",200,0,,,none,,,False,False
K07750.01,360023400,sap,QLP,SAP_FLUX,OK,8,"14,15,54,55,74,75,81,82","1800,200,600",1,200.96607,481.86962,analytic,1523.8055,,False,True
K05224.01,399821900,pdc,SPOC,PDCSAP_FLUX,NO_USABLE_TRANSIT,2,"80,81",120,0,,,none,,,False,True
K05224.01,399821900,pdc,TESS-SPOC,PDCSAP_FLUX,NO_USABLE_TRANSIT,2,"80,81",200,0,,,none,,,False,False
K05224.01,399821900,sap,SPOC,SAP_FLUX,NO_USABLE_TRANSIT,2,"80,81",120,0,,,none,,,False,True
K05224.01,399821900,sap,TESS-SPOC,SAP_FLUX,NO_USABLE_TRANSIT,2,"80,81",200,0,,,none,,,False,False
K06657.01,184253450,pdc,SPOC,PDCSAP_FLUX,OK,4,"74,75,81,82",120,65,-400.34439,182.67268,bootstrap,9527.6971,1.6463514,False,False
K06657.01,184253450,pdc,TESS-SPOC,PDCSAP_FLUX,OK,4,"74,75,81,82",200,65,-813.80164,297.1728,bootstrap,8303.5474,0.80585491,False,False
K06657.01,184253450,pdc,QLP,KSPSAP_FLUX,OK,5,"14,15,41,54,55","1800,600",76,223.02367,301.22061,bootstrap,6851.1024,0.4925525,False,False
K06657.01,184253450,pdc,QLP,DET_FLUX,OK,4,"74,75,81,82",200,66,-83.970489,214.77886,bootstrap,11881.08,0.077553206,False,False
K06657.01,184253450,sap,SPOC,SAP_FLUX,OK,4,"74,75,81,82",120,66,-653.97573,286.1593,bootstrap,6497.7829,0.71308894,False,False
K06657.01,184253450,sap,TESS-SPOC,SAP_FLUX,OK,4,"74,75,81,82",200,66,-602.98296,309.13342,bootstrap,5164.6613,0.69253841,False,False
K06657.01,184253450,sap,QLP,SAP_FLUX,OK,9,"14,15,41,54,55,74,75,81,82","1800,200,600",142,312.01466,358.04087,bootstrap,9929.1696,0.43597169,False,True
K04496.01,120318330,pdc,SPOC,PDCSAP_FLUX,NO_USABLE_TRANSIT,2,"80,81",120,0,,,none,,,False,True
K04496.01,120318330,pdc,TESS-SPOC,PDCSAP_FLUX,NO_USABLE_TRANSIT,2,"80,81",200,0,,,none,,,False,False
K04496.01,120318330,sap,SPOC,SAP_FLUX,NO_USABLE_TRANSIT,2,"80,81",120,0,,,none,,,False,True
K04496.01,120318330,sap,TESS-SPOC,SAP_FLUX,NO_USABLE_TRANSIT,2,"80,81",200,0,,,none,,,False,False
K04391.01,122443620,pdc,SPOC,PDCSAP_FLUX,OK,3,"80,81,82",120,1,4661.1316,2266.9674,analytic,27708.094,,False,True
K04391.01,122443620,pdc,TESS-SPOC,PDCSAP_FLUX,OK,3,"80,81,82",200,1,8291.089,2290.4306,analytic,21674.337,,False,False
K04391.01,122443620,sap,SPOC,SAP_FLUX,OK,3,"80,81,82",120,2,629.0157,785.6373,analytic,14006.315,2.9865731,False,True
K04391.01,122443620,sap,TESS-SPOC,SAP_FLUX,OK,3,"80,81,82",200,2,587.70571,713.87835,analytic,9879.2718,3.3400145,False,False
K08122.01,158217300,pdc,SPOC,PDCSAP_FLUX,NO_USABLE_TRANSIT,2,"80,81",120,0,,,none,,,False,True
K08122.01,158217300,pdc,TESS-SPOC,PDCSAP_FLUX,NO_USABLE_TRANSIT,2,"80,81",200,0,,,none,,,False,False
K08122.01,158217300,sap,SPOC,SAP_FLUX,NO_USABLE_TRANSIT,2,"80,81",120,0,,,none,,,False,True
K08122.01,158217300,sap,TESS-SPOC,SAP_FLUX,NO_USABLE_TRANSIT,2,"80,81",200,0,,,none,,,False,False
K00856.01,138098300,pdc,SPOC,PDCSAP_FLUX,OK,2,"81,82",120,1,9163.6845,3759.5095,analytic,38351.86,,False,True
K00856.01,138098300,pdc,TESS-SPOC,PDCSAP_FLUX,OK,2,"81,82",200,1,11930.595,3894.898,analytic,30753.918,,False,False
K00856.01,138098300,sap,SPOC,SAP_FLUX,OK,2,"81,82",120,1,4239.7114,1412.4556,analytic,14408.874,,False,True
K00856.01,138098300,sap,TESS-SPOC,SAP_FLUX,OK,2,"81,82",200,1,3790.5444,1346.5294,analytic,10632.128,,False,False
K04657.01,275567970,pdc,SPOC,PDCSAP_FLUX,OK,6,"40,41,74,75,81,82",120,20,107.11789,184.24382,bootstrap,5930.9776,3.3178342,False,False
K04657.01,275567970,pdc,TESS-SPOC,PDCSAP_FLUX,OK,6,"40,41,74,75,81,82","200,600",20,-22.01562,281.02991,bootstrap,4157.7394,3.8500225,False,False
K04657.01,275567970,pdc,QLP,KSPSAP_FLUX,OK,6,"14,15,40,41,54,55","1800,600",21,3128.9811,1814.3213,bootstrap,4066.6052,1.9166262,False,False
K04657.01,275567970,pdc,QLP,DET_FLUX,OK,4,"74,75,81,82",200,12,136.24377,500.3551,bootstrap,7856.0051,2.0055885,False,False
K04657.01,275567970,sap,SPOC,SAP_FLUX,OK,6,"40,41,74,75,81,82",120,20,121.02393,152.30712,bootstrap,4697.3806,2.693622,False,False
K04657.01,275567970,sap,TESS-SPOC,SAP_FLUX,OK,6,"40,41,74,75,81,82","200,600",20,134.74859,197.35896,bootstrap,3060.484,3.5973697,False,False
K04657.01,275567970,sap,QLP,SAP_FLUX,OK,10,"14,15,40,41,54,55,74,75,81,82","1800,200,600",33,2666.4775,1585.7315,bootstrap,4860.7938,1.6605574,False,True
K04657.02,275567970,pdc,SPOC,PDCSAP_FLUX,OK,6,"40,41,74,75,81,82",120,15,27.026543,359.22761,bootstrap,6272.8209,0.73116598,False,False
K04657.02,275567970,pdc,TESS-SPOC,PDCSAP_FLUX,OK,6,"40,41,74,75,81,82","200,600",15,-94.197846,476.22299,bootstrap,4144.2952,0.58229267,False,False
K04657.02,275567970,pdc,QLP,KSPSAP_FLUX,OK,6,"14,15,40,41,54,55","1800,600",14,-994.99577,522.45425,bootstrap,4018.4815,0.63236149,True,False
K04657.02,275567970,pdc,QLP,DET_FLUX,OK,4,"74,75,81,82",200,10,-695.0961,692.05139,bootstrap,7919.0792,1.7792646,False,False
K04657.02,275567970,sap,SPOC,SAP_FLUX,OK,6,"40,41,74,75,81,82",120,15,53.541178,268.38597,bootstrap,4619.9653,0.84039011,False,False
K04657.02,275567970,sap,TESS-SPOC,SAP_FLUX,OK,6,"40,41,74,75,81,82","200,600",15,-108.94573,322.26704,bootstrap,3039.8002,0.73237849,False,False
K04657.02,275567970,sap,QLP,SAP_FLUX,OK,10,"14,15,40,41,54,55,74,75,81,82","1800,200,600",24,-867.85312,402.85332,bootstrap,5702.6984,2.1248081,True,True
K06733.01,164646430,pdc,SPOC,PDCSAP_FLUX,OK,3,"74,80,81",120,49,-147.15177,181.21253,bootstrap,8153.7625,1.3145362,False,False
K06733.01,164646430,pdc,TESS-SPOC,PDCSAP_FLUX,OK,3,"74,80,81",200,47,-149.82386,215.98626,bootstrap,6272.7128,1.2127536,False,False
K06733.01,164646430,pdc,QLP,KSPSAP_FLUX,OK,5,"14,40,41,53,54","1800,600",96,1482.4974,655.39836,bootstrap,5997.2549,1.3475642,False,False
K06733.01,164646430,pdc,QLP,DET_FLUX,OK,3,"74,80,81",200,59,362.06886,394.2673,bootstrap,11110.977,1.0470607,False,False
K06733.01,164646430,sap,SPOC,SAP_FLUX,OK,3,"74,80,81",120,60,-155.44793,149.2095,bootstrap,7130.6321,0.76067773,False,False
K06733.01,164646430,sap,TESS-SPOC,SAP_FLUX,OK,3,"74,80,81",200,59,-86.576421,165.54376,bootstrap,5549.523,0.67421814,False,False
K06733.01,164646430,sap,QLP,SAP_FLUX,OK,8,"14,40,41,53,54,74,80,81","1800,200,600",155,1281.63,542.85662,bootstrap,7347.482,1.6036746,False,True
K06734.01,158278640,pdc,SPOC,PDCSAP_FLUX,NO_USABLE_TRANSIT,2,"80,81",120,0,,,none,,,False,True
K06734.01,158278640,pdc,TESS-SPOC,PDCSAP_FLUX,NO_USABLE_TRANSIT,2,"80,81",200,0,,,none,,,False,False
K06734.01,158278640,sap,SPOC,SAP_FLUX,NO_USABLE_TRANSIT,2,"80,81",120,0,,,none,,,False,True
K06734.01,158278640,sap,TESS-SPOC,SAP_FLUX,NO_USABLE_TRANSIT,2,"80,81",200,0,,,none,,,False,False
K01239.01,63122090,pdc,SPOC,PDCSAP_FLUX,OK,2,"81,82",120,65,1151.7599,662.22675,bootstrap,27445.278,1.0783999,False,True
K01239.01,63122090,pdc,TESS-SPOC,PDCSAP_FLUX,OK,2,"81,82",200,65,803.41532,764.83902,bootstrap,22799.76,1.4889945,False,False
K01239.01,63122090,sap,SPOC,SAP_FLUX,OK,2,"81,82",120,65,194.77054,111.0335,bootstrap,4477.024,1.1715435,False,True
K01239.01,63122090,sap,TESS-SPOC,SAP_FLUX,OK,2,"81,82",200,65,121.23843,115.55251,bootstrap,3590.5475,0.86640974,False,False
K01239.02,63122090,pdc,SPOC,PDCSAP_FLUX,OK,2,"81,82",120,15,-2586.8276,1350.9455,bootstrap,29224.887,0.10572983,False,True
K01239.02,63122090,pdc,TESS-SPOC,PDCSAP_FLUX,OK,2,"81,82",200,15,-1783.3622,1595.6338,bootstrap,23014.126,0.76664712,False,False
K01239.02,63122090,sap,SPOC,SAP_FLUX,OK,2,"81,82",120,15,-386.10081,220.50447,bootstrap,4767.1988,0.15281661,False,True
K01239.02,63122090,sap,TESS-SPOC,SAP_FLUX,OK,2,"81,82",200,15,-280.37055,239.88593,bootstrap,3593.7005,0.70747487,False,False
K03090.01,63370825,pdc,SPOC,PDCSAP_FLUX,OK,3,"40,41,54",120,20,1312.4364,2973.8119,bootstrap,64350.35,1.8152831,False,False
K03090.01,63370825,pdc,TESS-SPOC,PDCSAP_FLUX,OK,3,"40,41,54",600,20,-2913.9915,3143.7676,bootstrap,26658.541,2.1211061,False,False
K03090.01,63370825,pdc,QLP,KSPSAP_FLUX,OK,4,"40,41,54,55",600,27,5570.7997,4683.9094,bootstrap,25675.556,1.9605444,False,False
K03090.01,63370825,pdc,QLP,DET_FLUX,OK,4,"74,75,81,82",200,27,321.9172,2955.3459,bootstrap,45209.452,1.6123222,False,False
K03090.01,63370825,sap,SPOC,SAP_FLUX,OK,3,"40,41,54",120,20,222.36935,128.22907,bootstrap,4024.1477,1.5091055,False,False
K03090.01,63370825,sap,TESS-SPOC,SAP_FLUX,OK,3,"40,41,54",600,20,45.304033,183.84821,bootstrap,1663.1583,2.6207339,False,False
K03090.01,63370825,sap,QLP,SAP_FLUX,OK,8,"40,41,54,55,74,75,81,82","200,600",54,2004.41,2540.3721,bootstrap,34987.943,2.8557213,False,True
K06753.01,164674460,pdc,SPOC,PDCSAP_FLUX,OK,6,"40,41,53,74,80,81",120,4,1673.4422,113.12524,analytic,1343.0574,0.88681318,False,False
K06753.01,164674460,pdc,TESS-SPOC,PDCSAP_FLUX,OK,9,"14,26,40,41,53,54,74,80,81","1800,200,600",4,1705.7114,166.95521,analytic,1184.9933,0.52531599,True,False
K06753.01,164674460,pdc,QLP,KSPSAP_FLUX,OK,6,"14,26,40,41,53,54","1800,600",2,1833.9041,314.36646,analytic,1186.5444,1.2490206,True,False
K06753.01,164674460,pdc,QLP,DET_FLUX,OK,3,"74,80,81",200,2,1845.9283,200.03249,analytic,1290.3525,,False,False
K06753.01,164674460,sap,SPOC,SAP_FLUX,OK,6,"40,41,53,74,80,81",120,4,1548.7816,114.11081,analytic,1317.1583,0.6707842,False,False
K06753.01,164674460,sap,TESS-SPOC,SAP_FLUX,OK,9,"14,26,40,41,53,54,74,80,81","1800,200,600",4,1528.4794,147.79102,analytic,1009.3339,0.35404398,True,False
K06753.01,164674460,sap,QLP,SAP_FLUX,OK,9,"14,26,40,41,53,54,74,80,81","1800,200,600",4,1499.3325,165.36907,analytic,1214.9384,0.5899127,True,True
K05329.01,268165880,pdc,SPOC,PDCSAP_FLUX,OK,2,"81,82",120,1,14626.171,2407.1444,analytic,43399.371,,False,True
K05329.01,268165880,pdc,TESS-SPOC,PDCSAP_FLUX,OK,2,"81,82",200,1,23398.016,2559.9088,analytic,35693.92,,False,False
K05329.01,268165880,sap,SPOC,SAP_FLUX,OK,2,"81,82",120,1,473.25978,878.59565,analytic,15840.554,,False,True
K05329.01,268165880,sap,TESS-SPOC,SAP_FLUX,OK,2,"81,82",200,1,-29.225756,899.27145,analytic,12538.932,,False,False
K02538.01,120825566,pdc,SPOC,PDCSAP_FLUX,OK,2,"80,81",120,2,1112.3169,1204.6849,analytic,10024.944,0.60429402,False,True
K02538.01,120825566,pdc,TESS-SPOC,PDCSAP_FLUX,OK,2,"80,81",200,2,1392.2347,1531.7548,analytic,9837.396,1.1342768,False,False
K02538.01,120825566,sap,SPOC,SAP_FLUX,OK,2,"80,81",120,2,831.20012,827.40819,analytic,6884.4175,0.71895624,False,True
K02538.01,120825566,sap,TESS-SPOC,SAP_FLUX,OK,2,"80,81",200,2,866.22941,976.86157,analytic,6231.6591,1.1833805,False,False
K00084.01,122375047,pdc,SPOC,PDCSAP_FLUX,OK,6,"40,41,54,55,74,81",120,15,644.36002,75.747104,bootstrap,2327.668,0.87275964,False,False
K00084.01,122375047,pdc,TESS-SPOC,PDCSAP_FLUX,OK,7,"14,40,41,54,55,74,81","1800,200,600",17,638.25918,66.339449,bootstrap,1133.8552,0.21760951,False,False
K00084.01,122375047,pdc,QLP,KSPSAP_FLUX,OK,5,"14,40,41,54,55","1800,600",15,698.59166,221.63968,bootstrap,1734.2298,0.8789996,False,False
K00084.01,122375047,pdc,QLP,DET_FLUX,OK,2,"74,81",200,5,506.44043,300.20043,analytic,3412.8513,1.0951238,False,False
K00084.01,122375047,sap,SPOC,SAP_FLUX,OK,6,"40,41,54,55,74,81",120,17,563.47862,55.871602,bootstrap,2146.6242,1.6439306,False,False
K00084.01,122375047,sap,TESS-SPOC,SAP_FLUX,OK,7,"14,40,41,54,55,74,81","1800,200,600",19,578.49433,48.049428,bootstrap,981.82258,0.22293806,False,False
K00084.01,122375047,sap,QLP,SAP_FLUX,OK,7,"14,40,41,54,55,74,81","1800,200,600",20,630.30422,187.11415,bootstrap,1775.0227,0.96444949,False,True
K03459.01,137548365,pdc,SPOC,PDCSAP_FLUX,OK,4,"74,75,81,82",120,8,2334.1379,1654.8909,bootstrap,41873.48,1.4165628,False,True
K03459.01,137548365,pdc,TESS-SPOC,PDCSAP_FLUX,OK,4,"74,75,81,82",200,8,3034.298,1974.3358,bootstrap,34337.164,1.3223274,False,False
K03459.01,137548365,sap,SPOC,SAP_FLUX,OK,4,"74,75,81,82",120,8,-132.50778,716.98149,bootstrap,9404.3629,0.92640362,False,True
K03459.01,137548365,sap,TESS-SPOC,SAP_FLUX,OK,4,"74,75,81,82",200,8,123.97237,796.35682,bootstrap,7225.7363,0.27521605,False,False
K01094.01,138036952,pdc,SPOC,PDCSAP_FLUX,OK,2,"74,75",120,8,-3765.7291,3111.6953,bootstrap,57206.148,0.70087946,False,True
K01094.01,138036952,pdc,TESS-SPOC,PDCSAP_FLUX,OK,2,"74,75",200,7,-2060.3344,2936.4495,analytic,51839.996,0.23751122,False,False
K01094.01,138036952,sap,SPOC,SAP_FLUX,OK,2,"74,75",120,9,-728.16069,739.70456,bootstrap,19848.034,0.63020303,False,True
K01094.01,138036952,sap,TESS-SPOC,SAP_FLUX,OK,2,"74,75",200,8,-70.096586,979.07208,bootstrap,14296.8,0.31873777,False,False
K02413.01,137150599,pdc,SPOC,PDCSAP_FLUX,OK,1,74,120,2,2471.5539,2968.2766,analytic,28958.655,0.47792938,False,True
K02413.01,137150599,pdc,TESS-SPOC,PDCSAP_FLUX,OK,1,74,200,2,5826.6521,2629.6112,analytic,19552.957,1.8643983,False,False
K02413.01,137150599,sap,SPOC,SAP_FLUX,OK,1,74,120,2,677.64883,830.97105,analytic,8048.4388,0.013563985,False,True
K02413.01,137150599,sap,TESS-SPOC,SAP_FLUX,OK,1,74,200,2,762.50548,758.69987,analytic,5627.2583,0.1853456,False,False
K02413.02,137150599,pdc,SPOC,PDCSAP_FLUX,NO_USABLE_TRANSIT,1,74,120,0,,,none,,,False,True
K02413.02,137150599,pdc,TESS-SPOC,PDCSAP_FLUX,NO_USABLE_TRANSIT,1,74,200,0,,,none,,,False,False
K02413.02,137150599,sap,SPOC,SAP_FLUX,NO_USABLE_TRANSIT,1,74,120,0,,,none,,,False,True
K02413.02,137150599,sap,TESS-SPOC,SAP_FLUX,NO_USABLE_TRANSIT,1,74,200,0,,,none,,,False,False
K03876.01,122450696,pdc,SPOC,PDCSAP_FLUX,OK,5,"40,41,74,75,81",120,4,454.06982,371.68171,analytic,4074.0971,1.028976,False,False
K03876.01,122450696,pdc,TESS-SPOC,PDCSAP_FLUX,OK,6,"14,40,41,74,75,81","1800,200,600",6,961.94429,342.74168,analytic,2230.7699,2.2274017,True,False
K03876.01,122450696,pdc,QLP,KSPSAP_FLUX,OK,5,"14,40,41,54,55","1800,600",7,-23.475045,414.3578,analytic,2149.5437,1.7484402,True,False
K03876.01,122450696,pdc,QLP,DET_FLUX,OK,3,"74,75,81",200,3,2430.975,677.04363,analytic,5378.2612,0.79535243,False,False
K03876.01,122450696,sap,SPOC,SAP_FLUX,OK,5,"40,41,74,75,81",120,5,192.4909,289.7197,analytic,3678.7105,1.2081326,False,False
K03876.01,122450696,sap,TESS-SPOC,SAP_FLUX,OK,6,"14,40,41,74,75,81","1800,200,600",7,341.3781,216.79407,analytic,1675.823,1.2756779,True,False
K03876.01,122450696,sap,QLP,SAP_FLUX,OK,8,"14,40,41,54,55,74,75,81","1800,200,600",10,728.6851,790.54427,bootstrap,2555.3967,0.15381421,True,True
K00118.01,121214078,pdc,SPOC,PDCSAP_FLUX,OK,6,"40,41,53,54,80,81",120,7,184.9222,125.89437,analytic,3074.1131,0.46099859,False,False
K00118.01,121214078,pdc,TESS-SPOC,PDCSAP_FLUX,OK,7,"14,40,41,53,54,80,81","1800,200,600",8,112.59506,162.65477,bootstrap,1674.1276,1.7885284,False,False
K00118.01,121214078,pdc,QLP,KSPSAP_FLUX,OK,5,"14,40,41,53,54","1800,600",7,384.51268,222.96599,analytic,2202.7848,0.91972238,False,False
K00118.01,121214078,pdc,QLP,DET_FLUX,OK,2,"80,81",200,2,-103.9267,241.57671,analytic,2554.7242,2.4520383,False,False
K00118.01,121214078,sap,SPOC,SAP_FLUX,OK,6,"40,41,53,54,80,81",120,8,172.63969,83.907499,bootstrap,2962.7592,0.56693853,False,False
K00118.01,121214078,sap,TESS-SPOC,SAP_FLUX,OK,7,"14,40,41,53,54,80,81","1800,200,600",9,134.17519,153.18099,bootstrap,1502.6541,1.4462145,False,False
K00118.01,121214078,sap,QLP,SAP_FLUX,OK,7,"14,40,41,53,54,80,81","1800,200,600",9,224.17015,317.00963,bootstrap,2176.6733,1.5655063,False,True
K00302.01,184085929,pdc,SPOC,PDCSAP_FLUX,OK,7,"41,54,55,74,75,81,82",120,7,588.59961,107.45463,analytic,3009.4916,1.0124246,False,False
K00302.01,184085929,pdc,TESS-SPOC,PDCSAP_FLUX,OK,7,"41,54,55,74,75,81,82","200,600",7,676.37,105.54439,analytic,2283.4157,1.1105054,False,False
K00302.01,184085929,pdc,QLP,KSPSAP_FLUX,OK,4,"14,41,54,55","1800,600",4,442.19284,221.3396,analytic,1988.1098,3.0538138,False,False
K00302.01,184085929,pdc,QLP,DET_FLUX,OK,4,"74,75,81,82",200,4,888.95962,162.12113,analytic,2734.0291,1.6570047,False,False
K00302.01,184085929,sap,SPOC,SAP_FLUX,OK,7,"41,54,55,74,75,81,82",120,7,446.85075,87.685573,analytic,2518.1255,1.8762499,False,False
K00302.01,184085929,sap,TESS-SPOC,SAP_FLUX,OK,7,"41,54,55,74,75,81,82","200,600",7,483.88381,82.790866,analytic,1765.1903,2.2284771,False,False
K00302.01,184085929,sap,QLP,SAP_FLUX,OK,8,"14,41,54,55,74,75,81,82","1800,200,600",8,817.92057,169.32725,bootstrap,2467.4488,1.0297208,False,True
K00149.01,120961632,pdc,SPOC,PDCSAP_FLUX,OK,3,"74,80,81",120,6,717.20945,233.41864,analytic,5992.1185,0.59852877,False,False
K00149.01,120961632,pdc,TESS-SPOC,PDCSAP_FLUX,OK,3,"74,80,81",200,6,721.57207,228.85542,analytic,4625.293,0.48182945,False,False
K00149.01,120961632,pdc,QLP,KSPSAP_FLUX,OK,5,"14,40,41,53,54","1800,600",7,1349.6006,264.82725,analytic,2954.6575,2.009681,False,False
K00149.01,120961632,pdc,QLP,DET_FLUX,OK,3,"74,80,81",200,6,977.8376,349.94326,analytic,7305.3973,0.65737168,False,False
K00149.01,120961632,sap,SPOC,SAP_FLUX,OK,3,"74,80,81",120,6,522.69881,169.13448,analytic,4269.4303,0.28153011,False,False
K00149.01,120961632,sap,TESS-SPOC,SAP_FLUX,OK,3,"74,80,81",200,6,576.46923,161.34189,analytic,3270.891,0.055219149,False,False
K00149.01,120961632,sap,QLP,SAP_FLUX,OK,8,"14,40,41,53,54,74,80,81","1800,200,600",13,1498.8985,232.03131,bootstrap,3976.0486,1.9364192,False,True
K01205.01,184300256,pdc,SPOC,PDCSAP_FLUX,OK,4,"74,75,81,82",120,11,-797.56326,1926.8608,bootstrap,26091.545,1.2396455,False,True
K01205.01,184300256,pdc,TESS-SPOC,PDCSAP_FLUX,OK,4,"74,75,81,82",200,11,278.46101,1420.175,bootstrap,20257.433,0.15434051,False,False
K01205.01,184300256,sap,SPOC,SAP_FLUX,OK,4,"74,75,81,82",120,12,-1017.2795,1127.7901,bootstrap,5252.3425,3.9772726,False,True
K01205.01,184300256,sap,TESS-SPOC,SAP_FLUX,OK,4,"74,75,81,82",200,12,-705.47756,868.02652,bootstrap,4220.6064,2.3936914,False,False
K04084.01,120692095,pdc,SPOC,PDCSAP_FLUX,NO_USABLE_TRANSIT,2,"80,81",120,0,,,none,,,False,True
K04084.01,120692095,pdc,TESS-SPOC,PDCSAP_FLUX,NO_USABLE_TRANSIT,2,"80,81",200,0,,,none,,,False,False
K04084.01,120692095,sap,SPOC,SAP_FLUX,NO_USABLE_TRANSIT,2,"80,81",120,0,,,none,,,False,True
K04084.01,120692095,sap,TESS-SPOC,SAP_FLUX,NO_USABLE_TRANSIT,2,"80,81",200,0,,,none,,,False,False
K04084.02,120692095,pdc,SPOC,PDCSAP_FLUX,OK,2,"80,81",120,5,-2062.5577,3173.3245,analytic,21726.184,1.079061,False,True
K04084.02,120692095,pdc,TESS-SPOC,PDCSAP_FLUX,OK,2,"80,81",200,5,-1701.4127,2585.067,analytic,14922.578,1.0890534,False,False
K04084.02,120692095,sap,SPOC,SAP_FLUX,OK,2,"80,81",120,5,-1228.6772,1671.6579,analytic,11646.425,0.98696518,False,True
K04084.02,120692095,sap,TESS-SPOC,SAP_FLUX,OK,2,"80,81",200,5,-1073.05,1291.4526,analytic,6762.1291,0.96577997,False,False
K04084.03,120692095,pdc,SPOC,PDCSAP_FLUX,OK,2,"80,81",120,6,-715.47533,1810.6171,analytic,25680.053,0.60064374,False,True
K04084.03,120692095,pdc,TESS-SPOC,PDCSAP_FLUX,OK,2,"80,81",200,6,-1804.8365,1712.1598,analytic,17809.001,0.4017254,False,False
K04084.03,120692095,sap,SPOC,SAP_FLUX,OK,2,"80,81",120,6,-389.50942,904.73992,analytic,12567.371,0.30786969,False,True
K04084.03,120692095,sap,TESS-SPOC,SAP_FLUX,OK,2,"80,81",200,6,-711.33692,786.42322,analytic,8740.5725,0.11184527,False,False
K01220.01,121214909,pdc,SPOC,PDCSAP_FLUX,OK,3,"74,80,81",120,10,213.43671,232.5389,bootstrap,4108.5339,1.7776086,False,False
K01220.01,121214909,pdc,TESS-SPOC,PDCSAP_FLUX,OK,3,"74,80,81",200,10,335.64956,355.15627,bootstrap,3385.7594,2.4619251,False,False
K01220.01,121214909,pdc,QLP,KSPSAP_FLUX,OK,5,"14,40,41,53,54","1800,600",20,5815.0501,5902.6644,bootstrap,2878.1462,1.1403487,False,False
K01220.01,121214909,pdc,QLP,DET_FLUX,OK,3,"74,80,81",200,12,-543.35587,323.89225,bootstrap,4542.6641,0.97231631,False,False
K01220.01,121214909,sap,SPOC,SAP_FLUX,OK,3,"74,80,81",120,12,231.38107,185.62244,bootstrap,3542.8355,1.8443848,False,False
K01220.01,121214909,sap,TESS-SPOC,SAP_FLUX,OK,3,"74,80,81",200,12,292.0868,234.65315,bootstrap,2615.3758,1.9815893,False,False
K01220.01,121214909,sap,QLP,SAP_FLUX,OK,8,"14,40,41,53,54,74,80,81","1800,200,600",32,3371.2828,3701.0873,bootstrap,3645.8982,1.1389227,False,True
K01336.01,184471242,pdc,SPOC,PDCSAP_FLUX,OK,4,"74,75,81,82",120,10,-115.33101,3804.1535,bootstrap,37911.476,5.0378571,False,True
K01336.01,184471242,pdc,TESS-SPOC,PDCSAP_FLUX,OK,4,"74,75,81,82",200,10,-89.844091,3324.4746,bootstrap,29885.362,4.0215523,False,False
K01336.01,184471242,sap,SPOC,SAP_FLUX,OK,4,"74,75,81,82",120,11,-240.57856,581.70663,bootstrap,6054.553,2.1542851,False,True
K01336.01,184471242,sap,TESS-SPOC,SAP_FLUX,OK,4,"74,75,81,82",200,11,-81.683306,473.08161,bootstrap,4573.6292,3.0191283,False,False
K01336.02,184471242,pdc,SPOC,PDCSAP_FLUX,OK,4,"74,75,81,82",120,6,-184.48393,1746.7841,analytic,37026.11,1.2739179,False,True
K01336.02,184471242,pdc,TESS-SPOC,PDCSAP_FLUX,OK,4,"74,75,81,82",200,6,-1291.934,1636.7255,analytic,29620.735,0.48341874,False,False
K01336.02,184471242,sap,SPOC,SAP_FLUX,OK,4,"74,75,81,82",120,6,-53.993127,247.69318,analytic,5238.4542,1.1665183,False,True
K01336.02,184471242,sap,TESS-SPOC,SAP_FLUX,OK,4,"74,75,81,82",200,6,-79.033261,231.82893,analytic,4259.3591,0.43288299,False,False
K01336.03,184471242,pdc,SPOC,PDCSAP_FLUX,OK,4,"74,75,81,82",120,2,13014.547,2909.4702,analytic,35355.519,7.0582548,False,True
K01336.03,184471242,pdc,TESS-SPOC,PDCSAP_FLUX,OK,4,"74,75,81,82",200,2,23257.762,2967.6437,analytic,27475.214,5.2168163,False,False
K01336.03,184471242,sap,SPOC,SAP_FLUX,OK,4,"74,75,81,82",120,2,1828.6238,458.50809,analytic,5709.9746,7.0373787,False,True
K01336.03,184471242,sap,TESS-SPOC,SAP_FLUX,OK,4,"74,75,81,82",200,2,2495.1948,380.23077,analytic,3495.7992,8.0516396,False,False
K01336.04,184471242,pdc,SPOC,PDCSAP_FLUX,OK,4,"74,75,81,82",120,22,4271.3022,1509.9842,bootstrap,38661.251,0.23870602,False,True
K01336.04,184471242,pdc,TESS-SPOC,PDCSAP_FLUX,OK,4,"74,75,81,82",200,22,2801.2406,1748.4391,bootstrap,33603.661,0.12963635,False,False
K01336.04,184471242,sap,SPOC,SAP_FLUX,OK,4,"74,75,81,82",120,22,618.59052,270.57921,bootstrap,6603.2833,0.42528892,False,True
K01336.04,184471242,sap,TESS-SPOC,SAP_FLUX,OK,4,"74,75,81,82",200,22,544.19433,300.64336,bootstrap,4661.302,0.53908573,False,False
K02245.01,121785676,pdc,SPOC,PDCSAP_FLUX,OK,2,"80,81",120,2,-276.62703,1845.7174,analytic,21899.056,1.047965,False,True
K02245.01,121785676,pdc,TESS-SPOC,PDCSAP_FLUX,OK,2,"80,81",200,2,-1842.9636,2052.6817,analytic,18589.675,0.038197409,False,False
K02245.01,121785676,sap,SPOC,SAP_FLUX,OK,2,"80,81",120,2,-427.18854,1082.8195,analytic,12623.6,0.84393924,False,True
K02245.01,121785676,sap,TESS-SPOC,SAP_FLUX,OK,2,"80,81",200,2,-880.24927,1029.0336,analytic,9737.9698,0.76387961,False,False
K03437.01,121786521,pdc,SPOC,PDCSAP_FLUX,OK,4,"74,75,80,81",120,8,-306.10987,978.98473,bootstrap,18142.35,1.009384,False,True
K03437.01,121786521,pdc,TESS-SPOC,PDCSAP_FLUX,OK,4,"74,75,80,81",200,8,-351.46794,983.47241,bootstrap,14565.32,0.94508576,False,False
K03437.01,121786521,sap,SPOC,SAP_FLUX,OK,4,"74,75,80,81",120,8,-586.58512,887.27506,bootstrap,11741.362,1.2273333,False,True
K03437.01,121786521,sap,TESS-SPOC,SAP_FLUX,OK,4,"74,75,80,81",200,8,-483.13789,847.91698,bootstrap,9116.0928,1.1951864,False,False
K03437.02,121786521,pdc,SPOC,PDCSAP_FLUX,OK,4,"74,75,80,81",120,3,1029.2788,1364.3296,analytic,18280.751,0.25027302,False,True
K03437.02,121786521,pdc,TESS-SPOC,PDCSAP_FLUX,OK,4,"74,75,80,81",200,3,-1077.9166,1448.3048,analytic,16447.268,0.20594317,False,False
K03437.02,121786521,sap,SPOC,SAP_FLUX,OK,4,"74,75,80,81",120,3,480.83553,856.19249,analytic,13136.879,0.41338841,False,True
K03437.02,121786521,sap,TESS-SPOC,SAP_FLUX,OK,4,"74,75,80,81",200,3,-632.84258,853.25126,analytic,10780.064,0.15046802,False,False
K01534.01,122293639,pdc,SPOC,PDCSAP_FLUX,OK,3,"74,75,80",120,3,229.94156,433.68866,analytic,7049.6273,0.64314016,False,False
K01534.01,122293639,pdc,TESS-SPOC,PDCSAP_FLUX,OK,3,"74,75,80",200,3,86.7694,483.14676,analytic,6226.3871,0.06893768,False,False
K01534.01,122293639,pdc,QLP,KSPSAP_FLUX,OK,5,"14,40,41,54,55","1800,600",6,130.11495,391.84071,analytic,4090.6185,0.53811403,False,False
K01534.01,122293639,pdc,QLP,DET_FLUX,OK,3,"74,75,80",200,3,588.13544,718.87125,analytic,8547.4703,0.42101391,False,False
K01534.01,122293639,sap,SPOC,SAP_FLUX,OK,3,"74,75,80",120,3,246.92616,388.96074,analytic,6215.0029,0.48019146,False,False
K01534.01,122293639,sap,TESS-SPOC,SAP_FLUX,OK,3,"74,75,80",200,3,351.59755,415.75873,analytic,5137.8075,0.057842798,False,False
K01534.01,122293639,sap,QLP,SAP_FLUX,OK,8,"14,40,41,54,55,74,75,80","1800,200,600",9,399.29394,274.56142,bootstrap,4876.8263,0.73737437,False,True
K01534.02,122293639,pdc,SPOC,PDCSAP_FLUX,OK,3,"74,75,80",120,8,-104.9439,336.61291,bootstrap,7882.0905,0.63945337,False,False
K01534.02,122293639,pdc,TESS-SPOC,PDCSAP_FLUX,OK,3,"74,75,80",200,8,-0.313653,365.79787,bootstrap,6331.4771,0.30884891,False,False
K01534.02,122293639,pdc,QLP,KSPSAP_FLUX,OK,5,"14,40,41,54,55","1800,600",17,-203.68741,357.37693,bootstrap,3752.591,1.01057,False,False
K01534.02,122293639,pdc,QLP,DET_FLUX,OK,3,"74,75,80",200,9,636.88033,503.98296,bootstrap,8340.4989,0.23727876,False,False
K01534.02,122293639,sap,SPOC,SAP_FLUX,OK,3,"74,75,80",120,9,-59.298248,251.2946,bootstrap,7279.1143,0.73265986,False,False
K01534.02,122293639,sap,TESS-SPOC,SAP_FLUX,OK,3,"74,75,80",200,9,12.437267,277.73821,bootstrap,5397.209,0.15148497,False,False
K01534.02,122293639,sap,QLP,SAP_FLUX,OK,8,"14,40,41,54,55,74,75,80","1800,200,600",26,-80.504489,309.85248,bootstrap,4961.3335,0.53930956,False,True
K04004.01,120103486,pdc,SPOC,PDCSAP_FLUX,OK,3,"74,80,81",120,15,358.49913,155.50976,bootstrap,3387.8776,0.55489614,False,False
K04004.01,120103486,pdc,TESS-SPOC,PDCSAP_FLUX,OK,5,"14,26,74,80,81","1800,200",24,45.344293,323.33275,bootstrap,2543.4089,1.9226087,False,False
K04004.01,120103486,pdc,QLP,KSPSAP_FLUX,OK,6,"14,26,40,41,53,54","1800,600",29,404.32473,206.73423,bootstrap,1867.138,1.2054571,False,False
K04004.01,120103486,pdc,QLP,DET_FLUX,OK,3,"74,80,81",200,15,723.95754,199.85294,bootstrap,3717.3574,0.43643936,False,False
K04004.01,120103486,sap,SPOC,SAP_FLUX,OK,3,"74,80,81",120,15,261.9397,145.53222,bootstrap,3231.4118,0.36836384,False,False
K04004.01,120103486,sap,TESS-SPOC,SAP_FLUX,OK,5,"14,26,74,80,81","1800,200",24,61.403217,346.79728,bootstrap,2364.3873,2.300779,False,False
K04004.01,120103486,sap,QLP,SAP_FLUX,OK,9,"14,26,40,41,53,54,74,80,81","1800,200,600",44,587.71529,169.34447,bootstrap,2319.6041,1.0750847,False,True
K01602.01,169932440,pdc,SPOC,PDCSAP_FLUX,OK,1,75,120,2,-3922.5207,2452.2687,analytic,31985.817,0.55623224,False,True
K01602.01,169932440,pdc,TESS-SPOC,PDCSAP_FLUX,OK,1,75,200,2,-3740.357,2826.7852,analytic,28730.267,1.1293653,False,False
K01602.01,169932440,sap,SPOC,SAP_FLUX,OK,1,75,120,2,-1046.5848,774.36858,analytic,10057.37,0.70368669,False,True
K01602.01,169932440,sap,TESS-SPOC,SAP_FLUX,OK,1,75,200,2,-847.83514,740.64625,analytic,7565.3572,1.1665658,False,False
K01602.02,169932440,pdc,SPOC,PDCSAP_FLUX,OK,1,75,120,8,-3549.1712,1529.2948,bootstrap,30844.158,1.0732865,False,True
K01602.02,169932440,pdc,TESS-SPOC,PDCSAP_FLUX,OK,1,75,200,8,-4586.2788,1794.0361,bootstrap,26274.772,0.28971392,False,False
K01602.02,169932440,sap,SPOC,SAP_FLUX,OK,1,75,120,9,-1540.4471,550.07898,bootstrap,9979.1773,0.34234701,False,True
K01602.02,169932440,sap,TESS-SPOC,SAP_FLUX,OK,1,75,200,9,-1455.2364,669.70221,bootstrap,6889.4443,0.62968108,False,False
K02635.01,121865605,pdc,SPOC,PDCSAP_FLUX,OK,4,"74,75,80,81",120,5,26.398339,188.57344,analytic,4193.7937,0.16806596,False,False
K02635.01,121865605,pdc,TESS-SPOC,PDCSAP_FLUX,OK,4,"74,75,80,81",200,5,2.8098823,198.33656,analytic,3630.3281,0.38648029,False,False
K02635.01,121865605,pdc,QLP,KSPSAP_FLUX,OK,5,"14,40,41,54,55","1800,600",4,7131.2864,302.7592,analytic,2619.2973,26.658208,False,False
K02635.01,121865605,pdc,QLP,DET_FLUX,OK,4,"74,75,80,81",200,5,-184.28831,301.45732,analytic,5031.3401,0.60512569,False,False
K02635.01,121865605,sap,SPOC,SAP_FLUX,OK,4,"74,75,80,81",120,5,-402.22501,157.90627,analytic,3588.9144,2.4311457,False,False
K02635.01,121865605,sap,TESS-SPOC,SAP_FLUX,OK,4,"74,75,80,81",200,5,-431.38428,156.72265,analytic,2839.2657,2.2197569,False,False
K02635.01,121865605,sap,QLP,SAP_FLUX,OK,9,"14,40,41,54,55,74,75,80,81","1800,200,600",9,4123.0698,2647.6647,bootstrap,4855.6552,15.628553,False,True
K02617.01,122063936,pdc,SPOC,PDCSAP_FLUX,OK,2,"80,81",120,4,-3694.7541,3930.3422,analytic,49021.763,1.2696855,False,True
K02617.01,122063936,pdc,TESS-SPOC,PDCSAP_FLUX,OK,2,"80,81",200,4,-2372.1695,4164.7571,analytic,42351.593,0.71125394,False,False
K02617.01,122063936,sap,SPOC,SAP_FLUX,OK,2,"80,81",120,5,-982.68159,1152.7152,analytic,16191.98,1.0629909,False,True
K02617.01,122063936,sap,TESS-SPOC,SAP_FLUX,OK,2,"80,81",200,5,-479.80263,1174.1809,analytic,13763.298,0.94666924,False,False
K04524.01,122070274,pdc,SPOC,PDCSAP_FLUX,OK,2,"80,81",120,7,-694.13573,1121.4216,analytic,20896.083,0.77208274,False,True
K04524.01,122070274,pdc,TESS-SPOC,PDCSAP_FLUX,OK,2,"80,81",200,7,397.489,1166.6726,analytic,16529.869,0.68681118,False,False
K04524.01,122070274,sap,SPOC,SAP_FLUX,OK,2,"80,81",120,7,-102.24997,504.92172,analytic,9092.6448,0.84566296,False,True
K04524.01,122070274,sap,TESS-SPOC,SAP_FLUX,OK,2,"80,81",200,7,230.98744,488.33049,analytic,7568.9778,0.46031653,False,False
K04524.02,122070274,pdc,SPOC,PDCSAP_FLUX,OK,2,"80,81",120,11,-566.66831,1119.3562,bootstrap,20572.208,1.3032663,False,True
K04524.02,122070274,pdc,TESS-SPOC,PDCSAP_FLUX,OK,2,"80,81",200,11,-552.62759,1113.0021,bootstrap,17817.861,1.5830244,False,False
K04524.02,122070274,sap,SPOC,SAP_FLUX,OK,2,"80,81",120,12,0.4967253,545.86044,bootstrap,9618.0085,0.71898276,False,True
K04524.02,122070274,sap,TESS-SPOC,SAP_FLUX,OK,2,"80,81",200,12,103.65954,545.11288,bootstrap,7248.1655,1.0727595,False,False
K04524.03,122070274,pdc,SPOC,PDCSAP_FLUX,OK,2,"80,81",120,16,306.85742,764.34994,bootstrap,22511.658,0.33497276,False,True
K04524.03,122070274,pdc,TESS-SPOC,PDCSAP_FLUX,OK,2,"80,81",200,15,582.89279,1006.5158,bootstrap,16382.646,0.64620829,False,False
K04524.03,122070274,sap,SPOC,SAP_FLUX,OK,2,"80,81",120,16,-110.30002,344.80237,bootstrap,9292.3492,1.1715018,False,True
K04524.03,122070274,sap,TESS-SPOC,SAP_FLUX,OK,2,"80,81",200,16,-316.9368,380.82,bootstrap,7260.8369,1.0888377,False,False
K01589.01,170646917,pdc,SPOC,PDCSAP_FLUX,OK,4,"74,75,81,82",120,12,-127.15214,1038.6692,bootstrap,30962.606,1.5926114,False,True
K01589.01,170646917,pdc,TESS-SPOC,PDCSAP_FLUX,OK,4,"74,75,81,82",200,12,78.569981,1213.2671,bootstrap,26356.11,1.2369225,False,False
K01589.01,170646917,sap,SPOC,SAP_FLUX,OK,4,"74,75,81,82",120,12,27.454092,221.84424,bootstrap,6192.879,1.0658966,False,True
K01589.01,170646917,sap,TESS-SPOC,SAP_FLUX,OK,4,"74,75,81,82",200,12,-7.3493192,186.45014,bootstrap,4652.0557,0.66522254,False,False
K01589.02,170646917,pdc,SPOC,PDCSAP_FLUX,OK,4,"74,75,81,82",120,9,1064.9259,1115.0326,bootstrap,29942.473,0.21150147,False,True
K01589.02,170646917,pdc,TESS-SPOC,PDCSAP_FLUX,OK,4,"74,75,81,82",200,9,-292.39799,1589.5371,bootstrap,23580.721,0.40933749,False,False
K01589.02,170646917,sap,SPOC,SAP_FLUX,OK,4,"74,75,81,82",120,9,256.19694,294.42313,bootstrap,5678.0779,0.54069451,False,True
K01589.02,170646917,sap,TESS-SPOC,SAP_FLUX,OK,4,"74,75,81,82",200,9,119.2142,359.66941,bootstrap,4515.8884,1.4541803,False,False
K01589.03,170646917,pdc,SPOC,PDCSAP_FLUX,OK,4,"74,75,81,82",120,3,-446.67224,2292.9532,analytic,34977.852,0.088203111,False,True
K01589.03,170646917,pdc,TESS-SPOC,PDCSAP_FLUX,OK,4,"74,75,81,82",200,3,3702.0113,2234.9743,analytic,25082.374,0.72024891,False,False
K01589.03,170646917,sap,SPOC,SAP_FLUX,OK,4,"74,75,81,82",120,3,385.41206,380.15948,analytic,7124.1079,0.9927875,False,True
K01589.03,170646917,sap,TESS-SPOC,SAP_FLUX,OK,4,"74,75,81,82",200,3,590.35642,382.04297,analytic,5177.6822,1.1927958,False,False
K01589.04,170646917,pdc,SPOC,PDCSAP_FLUX,OK,4,"74,75,81,82",120,23,998.98092,1180.3315,bootstrap,30404.407,0.32910945,False,True
K01589.04,170646917,pdc,TESS-SPOC,PDCSAP_FLUX,OK,4,"74,75,81,82",200,23,1942.1301,1103.1085,bootstrap,25972.366,0.47544308,False,False
K01589.04,170646917,sap,SPOC,SAP_FLUX,OK,4,"74,75,81,82",120,23,139.00134,222.56482,bootstrap,5322.1523,0.30418474,False,True
K01589.04,170646917,sap,TESS-SPOC,SAP_FLUX,OK,4,"74,75,81,82",200,23,330.45574,192.04528,bootstrap,4309.468,0.07880584,False,False
K01589.05,170646917,pdc,SPOC,PDCSAP_FLUX,OK,4,"74,75,81,82",120,1,-3277.6415,4047.5789,analytic,37413.959,,False,True
K01589.05,170646917,pdc,TESS-SPOC,PDCSAP_FLUX,OK,4,"74,75,81,82",200,1,-1171.6942,3565.3969,analytic,25528.297,,False,False
K01589.05,170646917,sap,SPOC,SAP_FLUX,OK,4,"74,75,81,82",120,1,-113.86806,605.16964,analytic,5593.91,,False,True
K01589.05,170646917,sap,TESS-SPOC,SAP_FLUX,OK,4,"74,75,81,82",200,1,-235.15482,552.23653,analytic,3954.0221,,False,False
K00645.01,138969239,pdc,SPOC,PDCSAP_FLUX,OK,8,"40,41,54,55,74,75,81,82",120,24,-493.12771,437.55773,bootstrap,11261.47,0.75687468,False,False
K00645.01,138969239,pdc,TESS-SPOC,PDCSAP_FLUX,OK,8,"40,41,54,55,74,75,81,82","200,600",24,-1384.8966,633.95953,bootstrap,6917.5763,1.6353963,False,False
K00645.01,138969239,pdc,QLP,KSPSAP_FLUX,OK,6,"14,15,40,41,54,55","1800,600",18,-1065.8717,657.67927,bootstrap,5520.518,0.47574637,False,False
K00645.01,138969239,pdc,QLP,DET_FLUX,OK,4,"74,75,81,82",200,12,-1112.5549,1209.4147,bootstrap,11826.66,0.26786905,False,False
K00645.01,138969239,sap,SPOC,SAP_FLUX,OK,8,"40,41,54,55,74,75,81,82",120,24,-199.10192,159.37555,bootstrap,3488.5726,0.78491703,False,False
K00645.01,138969239,sap,TESS-SPOC,SAP_FLUX,OK,8,"40,41,54,55,74,75,81,82","200,600",24,-422.53193,199.02929,bootstrap,1776.6805,1.7942974,False,False
K00645.01,138969239,sap,QLP,SAP_FLUX,OK,10,"14,15,40,41,54,55,74,75,81,82","1800,200,600",30,-1031.0028,606.653,bootstrap,6901.6067,0.16690465,False,True
K00645.02,138969239,pdc,SPOC,PDCSAP_FLUX,OK,8,"40,41,54,55,74,75,81,82",120,9,1289.2122,509.80551,bootstrap,10842.177,1.3764461,False,False
K00645.02,138969239,pdc,TESS-SPOC,PDCSAP_FLUX,OK,8,"40,41,54,55,74,75,81,82","200,600",9,1447.0805,481.26826,bootstrap,7627.8903,0.64658216,False,False
K00645.02,138969239,pdc,QLP,KSPSAP_FLUX,OK,6,"14,15,40,41,54,55","1800,600",6,520.10349,528.71842,analytic,5201.9858,1.0755119,False,False
K00645.02,138969239,pdc,QLP,DET_FLUX,OK,4,"74,75,81,82",200,5,741.65705,648.69467,analytic,11135.435,1.0650007,False,False
K00645.02,138969239,sap,SPOC,SAP_FLUX,OK,8,"40,41,54,55,74,75,81,82",120,9,380.70305,181.25841,bootstrap,3453.3158,0.51247768,False,False
K00645.02,138969239,sap,TESS-SPOC,SAP_FLUX,OK,8,"40,41,54,55,74,75,81,82","200,600",9,441.25639,156.02323,bootstrap,2438.1007,0.13064523,False,False
K00645.02,138969239,sap,QLP,SAP_FLUX,OK,10,"14,15,40,41,54,55,74,75,81,82","1800,200,600",11,1148.0199,1024.5869,bootstrap,6893.4825,1.5121344,False,True
K00834.01,121460918,pdc,SPOC,PDCSAP_FLUX,OK,4,"74,75,80,81",120,4,2651.7424,1009.9211,analytic,24418.648,1.4853396,False,True
K00834.01,121460918,pdc,TESS-SPOC,PDCSAP_FLUX,OK,4,"74,75,80,81",200,4,3643.312,1177.7993,analytic,21406.934,0.17543307,False,False
K00834.01,121460918,sap,SPOC,SAP_FLUX,OK,4,"74,75,80,81",120,4,1775.5595,545.95386,analytic,11574.715,0.31607769,False,True
K00834.01,121460918,sap,TESS-SPOC,SAP_FLUX,OK,4,"74,75,80,81",200,4,1597.1404,592.67671,analytic,9969.2448,0.77271394,False,False
K00834.02,121460918,pdc,SPOC,PDCSAP_FLUX,OK,4,"74,75,80,81",120,7,3305.8233,992.17298,analytic,25838.609,1.653399,False,True
K00834.02,121460918,pdc,TESS-SPOC,PDCSAP_FLUX,OK,4,"74,75,80,81",200,7,473.76756,970.82006,analytic,20627.777,0.04038414,False,False
K00834.02,121460918,sap,SPOC,SAP_FLUX,OK,4,"74,75,80,81",120,8,100.79844,701.83366,bootstrap,13660.319,2.7349843,False,True
K00834.02,121460918,sap,TESS-SPOC,SAP_FLUX,OK,4,"74,75,80,81",200,8,4.0885279,833.46135,bootstrap,9746.6139,3.3841307,False,False
K00834.03,121460918,pdc,SPOC,PDCSAP_FLUX,OK,4,"74,75,80,81",120,17,501.02638,659.95065,bootstrap,24461.908,0.51597126,False,True
K00834.03,121460918,pdc,TESS-SPOC,PDCSAP_FLUX,OK,4,"74,75,80,81",200,17,-558.77059,1356.3354,bootstrap,20267.665,1.1296809,False,False
K00834.03,121460918,sap,SPOC,SAP_FLUX,OK,4,"74,75,80,81",120,18,-18.546407,549.62307,bootstrap,12554.446,1.5152486,False,True
K00834.03,121460918,sap,TESS-SPOC,SAP_FLUX,OK,4,"74,75,80,81",200,18,-30.868331,563.53705,bootstrap,9804.2362,1.2357917,False,False
K00834.04,121460918,pdc,SPOC,PDCSAP_FLUX,OK,4,"74,75,80,81",120,47,411.03162,534.02817,bootstrap,25142.085,0.89821695,False,True
K00834.04,121460918,pdc,TESS-SPOC,PDCSAP_FLUX,OK,4,"74,75,80,81",200,48,1100.5793,428.12062,bootstrap,20432.424,0.20404747,False,False
K00834.04,121460918,sap,SPOC,SAP_FLUX,OK,4,"74,75,80,81",120,51,439.31682,256.21836,bootstrap,12495.465,0.28404167,False,True
K00834.04,121460918,sap,TESS-SPOC,SAP_FLUX,OK,4,"74,75,80,81",200,51,409.00318,218.79801,bootstrap,10045.008,0.19845899,False,False
K00834.05,121460918,pdc,SPOC,PDCSAP_FLUX,OK,4,"74,75,80,81",120,2,2909.1171,1701.6287,analytic,24723.644,1.5669401,False,True
K00834.05,121460918,pdc,TESS-SPOC,PDCSAP_FLUX,OK,4,"74,75,80,81",200,2,3195.2588,1697.9919,analytic,19429.18,1.1708392,False,False
K00834.05,121460918,sap,SPOC,SAP_FLUX,OK,4,"74,75,80,81",120,2,1534.4939,917.15776,analytic,13141.901,1.0505218,False,True
K00834.05,121460918,sap,TESS-SPOC,SAP_FLUX,OK,4,"74,75,80,81",200,2,1649.9518,886.51019,analytic,10103.08,0.92226413,False,False
K03144.01,120578712,pdc,SPOC,PDCSAP_FLUX,OK,6,"40,41,53,54,80,81",120,19,-1974.2048,1586.5881,bootstrap,32499.828,0.71185083,False,False
K03144.01,120578712,pdc,TESS-SPOC,PDCSAP_FLUX,OK,6,"40,41,53,54,80,81","200,600",19,-1066.6263,1687.5569,bootstrap,18864.07,0.72111113,False,False
K03144.01,120578712,pdc,QLP,KSPSAP_FLUX,OK,4,"40,41,53,54",600,13,-560.31419,2999.7034,bootstrap,20207.5,0.17927546,False,False
K03144.01,120578712,pdc,QLP,DET_FLUX,OK,3,"75,80,81",200,9,-474.70912,4847.7565,bootstrap,45848.018,0.021696483,False,False
K03144.01,120578712,sap,SPOC,SAP_FLUX,OK,6,"40,41,53,54,80,81",120,19,-981.8801,922.84442,bootstrap,18099.244,1.0216306,False,False
K03144.01,120578712,sap,TESS-SPOC,SAP_FLUX,OK,6,"40,41,53,54,80,81","200,600",19,-743.40356,835.3965,bootstrap,7925.1041,0.57180677,False,False
K03144.01,120578712,sap,QLP,SAP_FLUX,OK,7,"40,41,53,54,75,80,81","200,600",22,-980.77126,2344.8036,bootstrap,34831.138,0.083394417,False,True
K01908.01,137556197,pdc,SPOC,PDCSAP_FLUX,OK,4,"74,75,81,82",120,8,-370.29604,621.08288,bootstrap,16672.603,0.2024234,False,True
K01908.01,137556197,pdc,TESS-SPOC,PDCSAP_FLUX,OK,4,"74,75,81,82",200,8,-418.81204,869.87797,bootstrap,14472.63,0.22294864,False,False
K01908.01,137556197,sap,SPOC,SAP_FLUX,OK,4,"74,75,81,82",120,9,-242.01252,379.58283,bootstrap,11176.127,0.20566163,False,True
K01908.01,137556197,sap,TESS-SPOC,SAP_FLUX,OK,4,"74,75,81,82",200,9,-131.79493,436.27796,bootstrap,8892.39,0.16408756,False,False
K01908.02,137556197,pdc,SPOC,PDCSAP_FLUX,OK,4,"74,75,81,82",120,6,1548.8954,867.80185,analytic,16411.477,0.22278344,False,True
K01908.02,137556197,pdc,TESS-SPOC,PDCSAP_FLUX,OK,4,"74,75,81,82",200,6,3198.4963,1053.0243,analytic,15069.889,1.204821,False,False
K01908.02,137556197,sap,SPOC,SAP_FLUX,OK,4,"74,75,81,82",120,6,1155.4602,589.95706,analytic,11212.57,0.43500527,False,True
K01908.02,137556197,sap,TESS-SPOC,SAP_FLUX,OK,4,"74,75,81,82",200,6,1884.7273,621.91047,analytic,8974.3812,1.2070052,False,False
K03071.01,121599740,pdc,SPOC,PDCSAP_FLUX,OK,4,"74,75,80,81",120,2,-605.67433,1432.6725,analytic,13629.609,1.7188293,False,True
K03071.01,121599740,pdc,TESS-SPOC,PDCSAP_FLUX,OK,4,"74,75,80,81",200,2,103.40786,1622.1471,analytic,11873.746,1.6766421,False,False
K03071.01,121599740,sap,SPOC,SAP_FLUX,OK,4,"74,75,80,81",120,3,-573.90089,1015.2277,analytic,11156.934,1.3330718,False,True
K03071.01,121599740,sap,TESS-SPOC,SAP_FLUX,OK,4,"74,75,80,81",200,3,54.987475,1150.7961,analytic,9835.5462,1.5499796,False,False
K03935.01,168812474,pdc,SPOC,PDCSAP_FLUX,OK,2,"81,82",120,46,380.0606,944.84424,bootstrap,23305.579,0.41122238,False,True
K03935.01,168812474,pdc,TESS-SPOC,PDCSAP_FLUX,OK,2,"81,82",200,46,881.25898,910.61808,bootstrap,20800.478,0.37241043,False,False
K03935.01,168812474,sap,SPOC,SAP_FLUX,OK,2,"81,82",120,46,40.404985,284.75875,bootstrap,7831.4586,0.649317,False,True
K03935.01,168812474,sap,TESS-SPOC,SAP_FLUX,OK,2,"81,82",200,46,307.21776,285.01738,bootstrap,6159.5011,0.32562322,False,False
K04069.01,171972797,pdc,SPOC,PDCSAP_FLUX,OK,4,"74,75,81,82",120,8,5373.5617,1896.403,bootstrap,27366.525,1.673785,False,True
K04069.01,171972797,pdc,TESS-SPOC,PDCSAP_FLUX,OK,4,"74,75,81,82",200,8,2938.8978,1484.7012,bootstrap,26926.167,1.4116776,False,False
K04069.01,171972797,sap,SPOC,SAP_FLUX,OK,4,"74,75,81,82",120,8,1089.1333,386.26966,bootstrap,10068.821,1.1948734,False,True
K04069.01,171972797,sap,TESS-SPOC,SAP_FLUX,OK,4,"74,75,81,82",200,8,1004.3867,336.15387,bootstrap,8656.9553,0.73140831,False,False
K01052.01,122445076,pdc,SPOC,PDCSAP_FLUX,OK,2,"80,81",120,3,1047.7415,2670.8594,analytic,38112.936,0.47352303,False,True
K01052.01,122445076,pdc,TESS-SPOC,PDCSAP_FLUX,OK,2,"80,81",200,3,-259.62564,2365.8426,analytic,28474.909,0.65294615,False,False
K01052.01,122445076,sap,SPOC,SAP_FLUX,OK,2,"80,81",120,3,509.14546,1178.9838,analytic,17605.3,0.71455282,False,True
K01052.01,122445076,sap,TESS-SPOC,SAP_FLUX,OK,2,"80,81",200,3,568.28029,1014.9285,analytic,13382.927,1.1258203,False,False
K01052.02,122445076,pdc,SPOC,PDCSAP_FLUX,OK,2,"80,81",120,7,-1242.4898,1909.9251,analytic,35451.668,1.3534788,False,True
K01052.02,122445076,pdc,TESS-SPOC,PDCSAP_FLUX,OK,2,"80,81",200,7,-1217.0045,1838.315,analytic,28476.974,1.5266887,False,False
K01052.02,122445076,sap,SPOC,SAP_FLUX,OK,2,"80,81",120,8,-549.45387,613.6244,bootstrap,17025.005,0.88425606,False,True
K01052.02,122445076,sap,TESS-SPOC,SAP_FLUX,OK,2,"80,81",200,8,-661.70975,721.75479,bootstrap,11773.577,1.0931464,False,False
K01052.03,122445076,pdc,SPOC,PDCSAP_FLUX,OK,2,"80,81",120,1,-6264.1637,3795.0043,analytic,38905.926,,False,True
K01052.03,122445076,pdc,TESS-SPOC,PDCSAP_FLUX,OK,2,"80,81",200,1,-4501.254,3461.5768,analytic,27434.78,,False,False
K01052.03,122445076,sap,SPOC,SAP_FLUX,OK,2,"80,81",120,1,-3358.1977,1888.4263,analytic,19359.919,,False,True
K01052.03,122445076,sap,TESS-SPOC,SAP_FLUX,OK,2,"80,81",200,1,-2521.1012,1646.4063,analytic,13048.618,,False,False
K01052.04,122445076,pdc,SPOC,PDCSAP_FLUX,OK,2,"80,81",120,1,-5886.0691,5002.9817,analytic,33656.773,,False,True
K01052.04,122445076,pdc,TESS-SPOC,PDCSAP_FLUX,OK,2,"80,81",200,1,-7248.8805,4480.7062,analytic,23412.103,,False,False
K01052.04,122445076,sap,SPOC,SAP_FLUX,OK,2,"80,81",120,1,-2446.3916,2394.2423,analytic,16106.889,,False,True
K01052.04,122445076,sap,TESS-SPOC,SAP_FLUX,OK,2,"80,81",200,1,-1877.6847,2119.7784,analytic,11076.037,,False,False
K04661.01,137627194,pdc,SPOC,PDCSAP_FLUX,OK,3,"75,81,82",120,8,-103.21944,1933.5262,bootstrap,21861.612,1.5314129,False,True
K04661.01,137627194,pdc,TESS-SPOC,PDCSAP_FLUX,OK,3,"75,81,82",200,8,-235.0468,1531.4448,bootstrap,18574.154,1.9109639,False,False
K04661.01,137627194,sap,SPOC,SAP_FLUX,OK,3,"75,81,82",120,8,-97.230321,721.04563,bootstrap,8383.5359,1.5595603,False,True
K04661.01,137627194,sap,TESS-SPOC,SAP_FLUX,OK,3,"75,81,82",200,8,-360.64341,517.84537,bootstrap,6014.1211,1.675837,False,False
K02045.01,120578185,pdc,SPOC,PDCSAP_FLUX,OK,6,"40,41,53,54,80,81",120,26,3567.5195,897.20452,bootstrap,36389.025,1.5008857,False,True
K02045.01,120578185,pdc,TESS-SPOC,PDCSAP_FLUX,OK,6,"40,41,53,54,80,81","200,600",26,3441.393,1158.7315,bootstrap,19018.461,0.016929724,False,False
K02045.01,120578185,sap,SPOC,SAP_FLUX,OK,6,"40,41,53,54,80,81",120,27,2606.4912,671.38358,bootstrap,23938.999,1.6169538,False,True
K02045.01,120578185,sap,TESS-SPOC,SAP_FLUX,OK,6,"40,41,53,54,80,81","200,600",27,2647.6822,756.80571,bootstrap,12375.98,0.083271561,False,False
K02045.02,120578185,pdc,SPOC,PDCSAP_FLUX,OK,6,"40,41,53,54,80,81",120,4,-534.62698,2127.9887,analytic,30981.718,0.68465433,False,True
K02045.02,120578185,pdc,TESS-SPOC,PDCSAP_FLUX,OK,6,"40,41,53,54,80,81","200,600",4,-2921.7896,2564.4651,analytic,22883.992,0.47226548,False,False
K02045.02,120578185,sap,SPOC,SAP_FLUX,OK,6,"40,41,53,54,80,81",120,5,-1001.8922,1334.685,analytic,23925.596,0.023975358,False,True
K02045.02,120578185,sap,TESS-SPOC,SAP_FLUX,OK,6,"40,41,53,54,80,81","200,600",5,-2367.8085,1513.521,analytic,14135.84,0.68150796,False,False
K02045.03,120578185,pdc,SPOC,PDCSAP_FLUX,OK,6,"40,41,53,54,80,81",120,7,-3150.9797,1813.981,analytic,35434.177,0.83089877,False,True
K02045.03,120578185,pdc,TESS-SPOC,PDCSAP_FLUX,OK,6,"40,41,53,54,80,81","200,600",9,-2781.8425,2773.9959,bootstrap,21598.241,0.30437502,False,False
K02045.03,120578185,sap,SPOC,SAP_FLUX,OK,6,"40,41,53,54,80,81",120,9,-2153.3541,1286.4604,bootstrap,23111.795,0.70020952,False,True
K02045.03,120578185,sap,TESS-SPOC,SAP_FLUX,OK,6,"40,41,53,54,80,81","200,600",9,-1607.2217,1767.7299,bootstrap,12589.127,0.30920626,False,False
K02167.01,137212833,pdc,SPOC,PDCSAP_FLUX,OK,4,"74,75,81,82",120,4,3185.7016,3048.4231,analytic,47625.809,1.6931297,False,True
K02167.01,137212833,pdc,TESS-SPOC,PDCSAP_FLUX,OK,4,"74,75,81,82",200,4,4659.5389,2623.4311,analytic,30116.653,0.17916396,False,False
K02167.01,137212833,sap,SPOC,SAP_FLUX,OK,4,"74,75,81,82",120,4,151.48657,274.1828,analytic,4399.4213,1.5171241,False,True
K02167.01,137212833,sap,TESS-SPOC,SAP_FLUX,OK,4,"74,75,81,82",200,4,143.11514,202.5945,analytic,2441.4603,1.5649225,False,False
K02167.02,137212833,pdc,SPOC,PDCSAP_FLUX,OK,4,"74,75,81,82",120,14,557.26836,1532.9697,bootstrap,46089.368,0.12428762,False,True
K02167.02,137212833,pdc,TESS-SPOC,PDCSAP_FLUX,OK,4,"74,75,81,82",200,14,-196.98125,1311.665,bootstrap,34246.665,0.8421689,False,False
K02167.02,137212833,sap,SPOC,SAP_FLUX,OK,4,"74,75,81,82",120,15,-159.20436,90.685627,bootstrap,3610.1012,0.91176754,False,True
K02167.02,137212833,sap,TESS-SPOC,SAP_FLUX,OK,4,"74,75,81,82",200,15,-159.17649,76.187869,bootstrap,2739.8017,1.311057,False,False
K02167.03,137212833,pdc,SPOC,PDCSAP_FLUX,OK,4,"74,75,81,82",120,2,-946.17065,3367.5729,analytic,42484.131,,False,True
K02167.03,137212833,pdc,TESS-SPOC,PDCSAP_FLUX,OK,4,"74,75,81,82",200,2,1332.7844,3578.6352,analytic,34792.131,,False,False
K02167.03,137212833,sap,SPOC,SAP_FLUX,OK,4,"74,75,81,82",120,2,-118.06334,299.43341,analytic,3773.0827,,False,True
K02167.03,137212833,sap,TESS-SPOC,SAP_FLUX,OK,4,"74,75,81,82",200,2,-183.92114,324.83607,analytic,3167.835,,False,False
K01685.01,138431522,pdc,SPOC,PDCSAP_FLUX,OK,2,"81,82",120,1,15118.548,4513.6564,analytic,43752.84,,False,True
K01685.01,138431522,pdc,TESS-SPOC,PDCSAP_FLUX,OK,2,"81,82",200,1,-749.01983,4852.1381,analytic,36304.991,,False,False
K01685.01,138431522,sap,SPOC,SAP_FLUX,OK,2,"81,82",120,1,3772.1775,2149.4127,analytic,20835.195,,False,True
K01685.01,138431522,sap,TESS-SPOC,SAP_FLUX,OK,2,"81,82",200,1,3321.892,2085.2543,analytic,15602.429,,False,False
K02098.01,120420344,pdc,SPOC,PDCSAP_FLUX,OK,6,"40,41,53,54,80,81",120,5,-287.49703,460.899,analytic,9941.078,0.90430691,False,False
K02098.01,120420344,pdc,TESS-SPOC,PDCSAP_FLUX,OK,6,"40,41,53,54,80,81","200,600",5,-65.937249,490.56686,analytic,4909.3972,0.83773213,False,False
K02098.01,120420344,pdc,QLP,KSPSAP_FLUX,OK,5,"14,40,41,53,54","1800,600",4,2510.2021,865.88897,analytic,6256.7692,1.3029185,False,False
K02098.01,120420344,pdc,QLP,DET_FLUX,OK,2,"80,81",200,2,577.20217,933.48469,analytic,10115.998,1.9916718,False,False
K02098.01,120420344,sap,SPOC,SAP_FLUX,OK,6,"40,41,53,54,80,81",120,5,-18.80246,260.17738,analytic,5535.9603,0.50234909,False,False
K02098.01,120420344,sap,TESS-SPOC,SAP_FLUX,OK,6,"40,41,53,54,80,81","200,600",5,-122.59851,278.09026,analytic,2723.0857,0.12659395,False,False
K02098.01,120420344,sap,QLP,SAP_FLUX,OK,7,"14,40,41,53,54,80,81","1800,200,600",6,1779.3727,636.79162,analytic,7465.5665,2.0977597,False,True
K02098.02,120420344,pdc,SPOC,PDCSAP_FLUX,OK,6,"40,41,53,54,80,81",120,2,-941.69529,575.93573,analytic,10196.66,,False,False
K02098.02,120420344,pdc,TESS-SPOC,PDCSAP_FLUX,OK,6,"40,41,53,54,80,81","200,600",2,476.37123,484.7178,analytic,3835.0822,,False,False
K02098.02,120420344,pdc,QLP,KSPSAP_FLUX,OK,5,"14,40,41,53,54","1800,600",2,-866.0777,846.5108,analytic,6630.5106,,False,False
K02098.02,120420344,pdc,QLP,DET_FLUX,NO_USABLE_TRANSIT,2,"80,81",200,0,,,none,,,False,False
K02098.02,120420344,sap,SPOC,SAP_FLUX,OK,6,"40,41,53,54,80,81",120,2,-4.2082357,321.83305,analytic,5702.3108,,False,False
K02098.02,120420344,sap,TESS-SPOC,SAP_FLUX,OK,6,"40,41,53,54,80,81","200,600",2,266.94069,271.83733,analytic,2159.4355,,False,False
K02098.02,120420344,sap,QLP,SAP_FLUX,OK,7,"14,40,41,53,54,80,81","1800,200,600",2,2555.4985,883.13559,analytic,6926.5702,,False,True
K02636.01,394172692,pdc,SPOC,PDCSAP_FLUX,OK,8,"40,41,54,55,74,75,80,82",120,53,-29.144966,60.281432,bootstrap,2635.4971,0.066269262,False,False
K02636.01,394172692,pdc,TESS-SPOC,PDCSAP_FLUX,OK,9,"14,40,41,54,55,74,75,80,82","1800,200,600",59,-0.50866853,55.924724,bootstrap,1528.3887,1.2593827,False,False
K02636.01,394172692,pdc,QLP,KSPSAP_FLUX,OK,5,"14,40,41,54,55","1800,600",33,47.004188,118.80072,bootstrap,1273.9805,1.4582898,False,False
K02636.01,394172692,pdc,QLP,DET_FLUX,OK,4,"74,75,80,82",200,27,148.092,140.75004,bootstrap,2712.2112,0.46625778,False,False
K02636.01,394172692,sap,SPOC,SAP_FLUX,OK,8,"40,41,54,55,74,75,80,82",120,53,-16.020103,56.136709,bootstrap,2498.9981,0.67356399,False,False
K02636.01,394172692,sap,TESS-SPOC,SAP_FLUX,OK,9,"14,40,41,54,55,74,75,80,82","1800,200,600",59,-9.4129333,57.036437,bootstrap,1408.527,1.2211354,False,False
K02636.01,394172692,sap,QLP,SAP_FLUX,OK,9,"14,40,41,54,55,74,75,80,82","1800,200,600",60,91.326328,92.21436,bootstrap,1696.8416,0.95353132,False,True
K02636.02,394172692,pdc,SPOC,PDCSAP_FLUX,OK,8,"40,41,54,55,74,75,80,82",120,40,-48.89749,52.787771,bootstrap,2637.1912,1.7824735,False,False
K02636.02,394172692,pdc,TESS-SPOC,PDCSAP_FLUX,OK,9,"14,40,41,54,55,74,75,80,82","1800,200,600",45,-102.50925,55.197984,bootstrap,1473.6587,0.89653584,False,False
K02636.02,394172692,pdc,QLP,KSPSAP_FLUX,OK,5,"14,40,41,54,55","1800,600",25,-314.35793,265.90922,bootstrap,1415.4224,1.3845379,False,False
K02636.02,394172692,pdc,QLP,DET_FLUX,OK,4,"74,75,80,82",200,21,-42.754635,88.344049,bootstrap,2716.9984,0.67600307,False,False
K02636.02,394172692,sap,SPOC,SAP_FLUX,OK,8,"40,41,54,55,74,75,80,82",120,41,-63.324792,65.090962,bootstrap,2502.0537,1.3475115,False,False
K02636.02,394172692,sap,TESS-SPOC,SAP_FLUX,OK,9,"14,40,41,54,55,74,75,80,82","1800,200,600",46,-62.719504,57.370101,bootstrap,1415.6266,1.6857105,False,False
K02636.02,394172692,sap,QLP,SAP_FLUX,OK,9,"14,40,41,54,55,74,75,80,82","1800,200,600",46,-216.05084,193.82422,bootstrap,1803.1738,1.6852049,False,True
K02252.01,137557778,pdc,SPOC,PDCSAP_FLUX,OK,4,"74,75,81,82",120,8,1223.8541,750.50558,bootstrap,7850.8209,0.40479946,False,False
K02252.01,137557778,pdc,TESS-SPOC,PDCSAP_FLUX,OK,4,"74,75,81,82",200,8,1635.1078,823.90145,bootstrap,6839.261,0.17398265,False,False
K02252.01,137557778,pdc,QLP,KSPSAP_FLUX,OK,5,"14,40,41,54,55","1800,600",7,11591.614,1177.9142,analytic,9286.5686,3.8793959,False,False
K02252.01,137557778,pdc,QLP,DET_FLUX,OK,4,"74,75,81,82",200,8,4285.2081,7229.3444,bootstrap,16462.505,1.8996535,False,False
K02252.01,137557778,sap,SPOC,SAP_FLUX,OK,4,"74,75,81,82",120,8,865.38681,551.68431,bootstrap,5666.8087,0.028860262,False,False
K02252.01,137557778,sap,TESS-SPOC,SAP_FLUX,OK,4,"74,75,81,82",200,8,1044.251,547.95685,bootstrap,4902.0736,0.5283931,False,False
K02252.01,137557778,sap,QLP,SAP_FLUX,OK,9,"14,40,41,54,55,74,75,81,82","1800,200,600",15,7849.2272,5039.6251,bootstrap,14960.29,0.18240252,False,True
K03456.01,137408775,pdc,SPOC,PDCSAP_FLUX,OK,8,"40,41,54,55,74,75,81,82",120,6,-155.3809,254.89183,analytic,4696.478,0.73713646,False,False
K03456.01,137408775,pdc,TESS-SPOC,PDCSAP_FLUX,OK,8,"40,41,54,55,74,75,81,82","200,600",6,-218.49286,272.73169,analytic,2503.4353,0.7078832,False,False
K03456.01,137408775,pdc,QLP,KSPSAP_FLUX,OK,5,"14,40,41,54,55","1800,600",5,323.89148,363.22106,analytic,2549.1516,1.3152497,False,False
K03456.01,137408775,pdc,QLP,DET_FLUX,OK,4,"74,75,81,82",200,3,-1042.011,677.72827,analytic,5550.394,0.06052535,False,False
K03456.01,137408775,sap,SPOC,SAP_FLUX,OK,8,"40,41,54,55,74,75,81,82",120,7,28.831506,201.14832,analytic,3722.2301,0.48192704,False,False
K03456.01,137408775,sap,TESS-SPOC,SAP_FLUX,OK,8,"40,41,54,55,74,75,81,82","200,600",7,-18.448025,217.54535,analytic,2264.6849,0.024173357,False,False
K03456.01,137408775,sap,QLP,SAP_FLUX,OK,9,"14,40,41,54,55,74,75,81,82","1800,200,600",8,-33.349197,405.57599,bootstrap,3168.7541,1.1386837,False,True
K03456.02,137408775,pdc,SPOC,PDCSAP_FLUX,NO_USABLE_TRANSIT,8,"40,41,54,55,74,75,81,82",120,0,,,none,,,False,False
K03456.02,137408775,pdc,TESS-SPOC,PDCSAP_FLUX,NO_USABLE_TRANSIT,8,"40,41,54,55,74,75,81,82","200,600",0,,,none,,,False,False
K03456.02,137408775,pdc,QLP,KSPSAP_FLUX,NO_USABLE_TRANSIT,5,"14,40,41,54,55","1800,600",0,,,none,,,False,False
K03456.02,137408775,pdc,QLP,DET_FLUX,NO_USABLE_TRANSIT,4,"74,75,81,82",200,0,,,none,,,False,False
K03456.02,137408775,sap,SPOC,SAP_FLUX,NO_USABLE_TRANSIT,8,"40,41,54,55,74,75,81,82",120,0,,,none,,,False,False
K03456.02,137408775,sap,TESS-SPOC,SAP_FLUX,NO_USABLE_TRANSIT,8,"40,41,54,55,74,75,81,82","200,600",0,,,none,,,False,False
K03456.02,137408775,sap,QLP,SAP_FLUX,NO_USABLE_TRANSIT,9,"14,40,41,54,55,74,75,81,82","1800,200,600",0,,,none,,,False,True
K03356.01,138097834,pdc,SPOC,PDCSAP_FLUX,OK,1,81,120,1,-3864.3491,4196.8633,analytic,39223.255,,False,True
K03356.01,138097834,pdc,TESS-SPOC,PDCSAP_FLUX,OK,1,81,200,1,-3728.1411,4289.3,analytic,31078.931,,False,False
K03356.01,138097834,sap,SPOC,SAP_FLUX,OK,1,81,120,1,-1569.8026,1440.5792,analytic,13463.437,,False,True
K03356.01,138097834,sap,TESS-SPOC,SAP_FLUX,OK,1,81,200,1,-1092.2012,1449.4252,analytic,10502.083,,False,False
K00509.01,239229224,pdc,SPOC,PDCSAP_FLUX,OK,4,"74,75,81,82",120,25,2624.2593,780.42597,bootstrap,32143.972,1.4997002,False,True
K00509.01,239229224,pdc,TESS-SPOC,PDCSAP_FLUX,OK,4,"74,75,81,82",200,25,3330.6908,952.59286,bootstrap,28203.19,2.0718217,False,False
K00509.01,239229224,sap,SPOC,SAP_FLUX,OK,4,"74,75,81,82",120,25,1566.3747,502.41883,bootstrap,20231.983,1.7888918,False,True
K00509.01,239229224,sap,TESS-SPOC,SAP_FLUX,OK,4,"74,75,81,82",200,25,1814.7359,541.08602,bootstrap,15823.618,2.2405214,False,False
K00509.02,239229224,pdc,SPOC,PDCSAP_FLUX,OK,4,"74,75,81,82",120,9,2745.309,1475.6715,bootstrap,31119.547,0.27378127,False,True
K00509.02,239229224,pdc,TESS-SPOC,PDCSAP_FLUX,OK,4,"74,75,81,82",200,9,2871.5874,1493.8777,bootstrap,26695.087,0.017559725,False,False
K00509.02,239229224,sap,SPOC,SAP_FLUX,OK,4,"74,75,81,82",120,9,1419.8176,889.80885,bootstrap,19970.937,0.5243758,False,True
K00509.02,239229224,sap,TESS-SPOC,SAP_FLUX,OK,4,"74,75,81,82",200,9,1368.2713,849.96947,bootstrap,15614.756,0.089294038,False,False
K00509.03,239229224,pdc,SPOC,PDCSAP_FLUX,OK,4,"74,75,81,82",120,2,-947.09127,3103.9052,analytic,31892.171,0.033133038,False,True
K00509.03,239229224,pdc,TESS-SPOC,PDCSAP_FLUX,OK,4,"74,75,81,82",200,2,783.47655,3832.9245,analytic,31184.429,2.6916862,False,False
K00509.03,239229224,sap,SPOC,SAP_FLUX,OK,4,"74,75,81,82",120,2,-677.5918,1988.2399,analytic,20362.145,0.12789132,False,True
K00509.03,239229224,sap,TESS-SPOC,SAP_FLUX,OK,4,"74,75,81,82",200,2,281.76627,2103.865,analytic,16174.159,0.72159385,False,False
K01626.01,170251516,pdc,SPOC,PDCSAP_FLUX,OK,2,"81,82",120,17,-45.825388,1552.9065,bootstrap,53677.956,1.8040999,False,True
K01626.01,170251516,pdc,TESS-SPOC,PDCSAP_FLUX,OK,2,"81,82",200,17,-806.30337,1700.5822,bootstrap,44880.524,1.0594976,False,False
K01626.01,170251516,sap,SPOC,SAP_FLUX,OK,2,"81,82",120,17,-43.227781,323.19607,bootstrap,12358.099,1.8802899,False,True
K01626.01,170251516,sap,TESS-SPOC,SAP_FLUX,OK,2,"81,82",200,17,-201.11952,345.17362,bootstrap,9394.4961,1.2118376,False,False
K00852.01,237157729,pdc,SPOC,PDCSAP_FLUX,OK,3,"74,80,81",120,16,444.30351,825.24555,bootstrap,26211.258,2.4999241,False,True
K00852.01,237157729,pdc,TESS-SPOC,PDCSAP_FLUX,OK,3,"74,80,81",200,17,1718.2336,975.12136,bootstrap,20334.14,1.0628448,False,False
K00852.01,237157729,sap,SPOC,SAP_FLUX,OK,3,"74,80,81",120,19,-540.33954,848.95324,bootstrap,13202.461,0.43582326,False,True
K00852.01,237157729,sap,TESS-SPOC,SAP_FLUX,OK,3,"74,80,81",200,19,-491.07487,1013.969,bootstrap,9923.4437,0.71551268,False,False
K00861.01,159217349,pdc,SPOC,PDCSAP_FLUX,OK,3,"80,81,82",120,31,-735.31038,804.17825,bootstrap,23478.549,2.5120132,False,True
K00861.01,159217349,pdc,TESS-SPOC,PDCSAP_FLUX,OK,3,"80,81,82",200,31,-1553.1277,951.26655,bootstrap,18577.465,2.02129,False,False
K00861.01,159217349,sap,SPOC,SAP_FLUX,OK,3,"80,81,82",120,33,-550.8239,444.07414,bootstrap,13806.987,2.3099033,False,True
K00861.01,159217349,sap,TESS-SPOC,SAP_FLUX,OK,3,"80,81,82",200,33,-962.8763,522.28349,bootstrap,10547.083,1.5533011,False,False
K01868.01,159446957,pdc,SPOC,PDCSAP_FLUX,OK,2,"81,82",120,3,3329.3732,2706.1048,analytic,21556.522,0.089230159,False,False
K01868.01,159446957,pdc,TESS-SPOC,PDCSAP_FLUX,OK,2,"81,82",200,3,2139.5625,2091.3094,analytic,13664.256,1.2665534,False,False
K01868.01,159446957,pdc,QLP,KSPSAP_FLUX,OK,4,"40,41,54,55",600,7,530.13204,1659.6411,analytic,9830.946,0.49956787,False,False
K01868.01,159446957,pdc,QLP,DET_FLUX,OK,4,"74,75,81,82",200,6,-909.43651,2535.0363,analytic,25354.577,0.68377846,False,False
K01868.01,159446957,sap,SPOC,SAP_FLUX,OK,2,"81,82",120,3,2254.7978,2168.5602,analytic,17478.277,0.22907196,False,False
K01868.01,159446957,sap,TESS-SPOC,SAP_FLUX,OK,2,"81,82",200,3,1070.6945,1422.881,analytic,9028.347,1.3877172,False,False
K01868.01,159446957,sap,QLP,SAP_FLUX,OK,8,"40,41,54,55,74,75,81,82","200,600",13,99.813725,979.32407,bootstrap,17434.922,0.75672086,False,True
K00201.01,158388163,pdc,SPOC,PDCSAP_FLUX,OK,8,"40,41,53,55,74,75,80,81",120,44,7556.2368,251.07496,bootstrap,9890.5103,1.5698543,False,False
K00201.01,158388163,pdc,TESS-SPOC,PDCSAP_FLUX,OK,8,"40,41,53,55,74,75,80,81","200,600",44,8021.3083,310.50315,bootstrap,6052.81,0.71721296,False,False
K00201.01,158388163,pdc,QLP,KSPSAP_FLUX,OK,5,"14,40,41,53,55","1800,600",29,6473.2968,489.35032,bootstrap,4805.1762,0.81349524,False,False
K00201.01,158388163,pdc,QLP,DET_FLUX,OK,4,"74,75,80,81",200,25,7085.7748,576.49697,bootstrap,11443.168,0.69835592,False,False
K00201.01,158388163,sap,SPOC,SAP_FLUX,OK,8,"40,41,53,55,74,75,80,81",120,48,6505.7665,208.25778,bootstrap,8328.3974,1.6525683,False,False
K00201.01,158388163,sap,TESS-SPOC,SAP_FLUX,OK,8,"40,41,53,55,74,75,80,81","200,600",48,6446.9396,224.50543,bootstrap,5249.9162,1.1593818,False,False
K00201.01,158388163,sap,QLP,SAP_FLUX,OK,9,"14,40,41,53,55,74,75,80,81","1800,200,600",54,6803.5512,371.96209,bootstrap,7664.2126,1.0818422,False,True
K07793.01,63006660,pdc,SPOC,PDCSAP_FLUX,OK,2,"81,82",120,25,-48837.22,2375.1403,bootstrap,47963.925,1.0606384,False,False
K07793.01,63006660,pdc,TESS-SPOC,PDCSAP_FLUX,OK,2,"81,82",200,25,-47414.798,2960.9652,bootstrap,38708.851,0.21427531,False,False
K07793.01,63006660,pdc,QLP,KSPSAP_FLUX,OK,4,"40,41,54,55",600,50,237475.7,10914.318,bootstrap,29450.596,0.18897077,False,False
K07793.01,63006660,pdc,QLP,DET_FLUX,OK,4,"74,75,81,82",200,52,52042.954,4766.4888,bootstrap,58156.986,2.2350968,False,False
K07793.01,63006660,sap,SPOC,SAP_FLUX,OK,2,"81,82",120,25,-10287.611,473.98617,bootstrap,10282.173,0.86743502,False,False
K07793.01,63006660,sap,TESS-SPOC,SAP_FLUX,OK,2,"81,82",200,25,-10180.263,477.83356,bootstrap,8140.5703,0.85019516,False,False
K07793.01,63006660,sap,QLP,SAP_FLUX,OK,8,"40,41,54,55,74,75,81,82","200,600",102,202966.02,8342.6842,bootstrap,42740.905,0.59652441,False,True
K07795.01,273507543,pdc,SPOC,PDCSAP_FLUX,OK,2,"81,82",120,8,1868.4938,2328.9565,bootstrap,25235.823,2.372477,False,True
K07795.01,273507543,pdc,TESS-SPOC,PDCSAP_FLUX,OK,2,"81,82",200,8,3116.8302,2666.6193,bootstrap,23389.066,2.2909398,False,False
K07795.01,273507543,sap,SPOC,SAP_FLUX,OK,2,"81,82",120,8,1017.9465,1629.6164,bootstrap,16805.492,2.5054125,False,True
K07795.01,273507543,sap,TESS-SPOC,SAP_FLUX,OK,2,"81,82",200,8,1763.3601,1534.4451,bootstrap,13600.879,2.2627739,False,False
K02087.01,123316231,pdc,SPOC,PDCSAP_FLUX,OK,7,"40,41,53,54,74,80,81",120,8,337.75065,64.442729,bootstrap,2223.9633,0.71276361,False,False
K02087.01,123316231,pdc,TESS-SPOC,PDCSAP_FLUX,OK,9,"14,26,40,41,53,54,74,80,81","1800,200,600",10,421.99667,65.224563,bootstrap,1159.2585,0.7988855,False,False
K02087.01,123316231,pdc,QLP,KSPSAP_FLUX,OK,6,"14,26,40,41,53,54","1800,600",6,424.89117,140.88094,analytic,1221.5675,1.5311954,False,False
K02087.01,123316231,pdc,QLP,DET_FLUX,OK,3,"74,80,81",200,4,308.29736,186.17489,analytic,2289.6536,0.77485255,False,False
K02087.01,123316231,sap,SPOC,SAP_FLUX,OK,7,"40,41,53,54,74,80,81",120,8,330.36162,67.971642,bootstrap,2147.8591,0.31413021,False,False
K02087.01,123316231,sap,TESS-SPOC,SAP_FLUX,OK,9,"14,26,40,41,53,54,74,80,81","1800,200,600",10,308.77885,58.552882,bootstrap,1050.3988,0.38842162,False,False
K02087.01,123316231,sap,QLP,SAP_FLUX,OK,9,"14,26,40,41,53,54,74,80,81","1800,200,600",10,647.91837,123.80118,bootstrap,1729.3297,0.74271471,False,True
K00869.01,63004906,pdc,SPOC,PDCSAP_FLUX,OK,4,"74,75,81,82",120,12,1797.0351,1756.6897,bootstrap,39331.084,1.1206415,False,True
K00869.01,63004906,pdc,TESS-SPOC,PDCSAP_FLUX,OK,4,"74,75,81,82",200,12,2862.0718,1496.752,bootstrap,34897.933,0.627408,False,False
K00869.01,63004906,sap,SPOC,SAP_FLUX,OK,4,"74,75,81,82",120,13,610.95285,634.4379,bootstrap,15412.123,0.8558209,False,True
K00869.01,63004906,sap,TESS-SPOC,SAP_FLUX,OK,4,"74,75,81,82",200,13,696.66172,530.73409,bootstrap,11407.368,0.35730083,False,False
K00869.02,63004906,pdc,SPOC,PDCSAP_FLUX,OK,4,"74,75,81,82",120,4,-1667.6621,2475.5727,analytic,41744.317,1.0959148,False,True
K00869.02,63004906,pdc,TESS-SPOC,PDCSAP_FLUX,OK,4,"74,75,81,82",200,4,-3479.5379,2470.4131,analytic,32920.357,2.360106,False,False
K00869.02,63004906,sap,SPOC,SAP_FLUX,OK,4,"74,75,81,82",120,4,-350.15035,885.41834,analytic,14341.344,1.1126846,False,True
K00869.02,63004906,sap,TESS-SPOC,SAP_FLUX,OK,4,"74,75,81,82",200,4,-726.95629,826.39152,analytic,11765.822,1.7679289,False,False
K00869.03,63004906,pdc,SPOC,PDCSAP_FLUX,OK,4,"74,75,81,82",120,7,-299.76128,2555.3043,analytic,37213.365,0.015669727,False,True
K00869.03,63004906,pdc,TESS-SPOC,PDCSAP_FLUX,OK,4,"74,75,81,82",200,7,-699.2933,2864.3748,analytic,35447.845,0.0099534184,False,False
K00869.03,63004906,sap,SPOC,SAP_FLUX,OK,4,"74,75,81,82",120,7,321.45267,979.71941,analytic,15165.528,0.38366817,False,True
K00869.03,63004906,sap,TESS-SPOC,SAP_FLUX,OK,4,"74,75,81,82",200,7,32.652461,999.8914,analytic,11579.847,0.23942278,False,False
K00869.04,63004906,pdc,SPOC,PDCSAP_FLUX,OK,4,"74,75,81,82",120,30,-1218.6504,1644.7219,bootstrap,38475.439,0.50855688,False,True
K00869.04,63004906,pdc,TESS-SPOC,PDCSAP_FLUX,OK,4,"74,75,81,82",200,30,-2941.1512,1751.0993,bootstrap,31095.321,0.55882713,False,False
K00869.04,63004906,sap,SPOC,SAP_FLUX,OK,4,"74,75,81,82",120,31,-582.86789,556.77776,bootstrap,14684.495,0.52242052,False,True
K00869.04,63004906,sap,TESS-SPOC,SAP_FLUX,OK,4,"74,75,81,82",200,31,-972.1354,544.66195,bootstrap,9878.7139,0.56182638,False,False
K01907.01,164411478,pdc,SPOC,PDCSAP_FLUX,OK,7,"40,41,53,54,74,80,81",120,15,717.30107,1312.5744,bootstrap,23413.135,1.9140328,False,True
K01907.01,164411478,pdc,TESS-SPOC,PDCSAP_FLUX,OK,7,"40,41,53,54,74,80,81","200,600",15,-2.5266342,1638.0384,bootstrap,16071.422,0.83279379,False,False
K01907.01,164411478,pdc,QLP,KSPSAP_FLUX,OK,4,"40,41,53,54",600,8,2861.576,2623.8942,bootstrap,18993.058,1.3191932,False,False
K01907.01,164411478,pdc,QLP,DET_FLUX,OK,3,"74,80,81",200,8,-1133.1113,3416.8733,bootstrap,29068.955,0.11449957,False,False
K01907.01,164411478,sap,SPOC,SAP_FLUX,OK,7,"40,41,53,54,74,80,81",120,16,183.37369,309.14513,bootstrap,6334.4825,1.9548497,False,True
K01907.01,164411478,sap,TESS-SPOC,SAP_FLUX,OK,7,"40,41,53,54,74,80,81","200,600",16,296.55064,318.06472,bootstrap,3642.1871,1.116149,False,False
K01907.01,164411478,sap,QLP,SAP_FLUX,OK,7,"40,41,53,54,74,80,81","200,600",16,349.65455,2513.901,bootstrap,23112.885,0.69547442,False,False
K05373.01,270610916,pdc,SPOC,PDCSAP_FLUX,OK,4,"74,75,81,82",120,2,-214.65378,197.32797,analytic,1688.7967,,False,False
K05373.01,270610916,pdc,TESS-SPOC,PDCSAP_FLUX,OK,4,"74,75,81,82",200,2,-74.194611,246.34262,analytic,1567.0718,,False,False
K05373.01,270610916,pdc,QLP,KSPSAP_FLUX,OK,6,"14,15,40,41,54,55","1800,600",3,16142.697,166.15948,analytic,654.86709,,True,False
K05373.01,270610916,pdc,QLP,DET_FLUX,OK,4,"74,75,81,82",200,2,-208.42683,268.25353,analytic,1733.1756,,False,False
K05373.01,270610916,sap,SPOC,SAP_FLUX,OK,4,"74,75,81,82",120,2,-261.78133,165.34696,analytic,1447.2258,,False,False
K05373.01,270610916,sap,TESS-SPOC,SAP_FLUX,OK,4,"74,75,81,82",200,2,-191.18907,203.14102,analytic,1314.1715,,False,False
K05373.01,270610916,sap,QLP,SAP_FLUX,OK,10,"14,15,40,41,54,55,74,75,81,82","1800,200,600",5,11415.827,140.6838,analytic,1115.6197,,True,True
K00456.01,158555483,pdc,SPOC,PDCSAP_FLUX,OK,4,"74,75,80,81",120,8,831.73165,983.6835,bootstrap,15716.286,0.2406803,False,True
K00456.01,158555483,pdc,TESS-SPOC,PDCSAP_FLUX,OK,4,"74,75,80,81",200,8,1762.3971,959.30317,bootstrap,13183.269,0.81603764,False,False
K00456.01,158555483,sap,SPOC,SAP_FLUX,OK,4,"74,75,80,81",120,8,988.43659,801.39174,bootstrap,13619.141,0.2799693,False,True
K00456.01,158555483,sap,TESS-SPOC,SAP_FLUX,OK,4,"74,75,80,81",200,8,1393.6828,720.33695,bootstrap,9650.0506,0.51136048,False,False
K00456.02,158555483,pdc,SPOC,PDCSAP_FLUX,OK,4,"74,75,80,81",120,18,412.93953,543.72214,bootstrap,16047.26,0.067889762,False,True
K00456.02,158555483,pdc,TESS-SPOC,PDCSAP_FLUX,OK,4,"74,75,80,81",200,18,396.61397,577.0841,bootstrap,13764.083,0.46472796,False,False
K00456.02,158555483,sap,SPOC,SAP_FLUX,OK,4,"74,75,80,81",120,21,148.56693,427.21791,bootstrap,14429.777,0.26532143,False,True
K00456.02,158555483,sap,TESS-SPOC,SAP_FLUX,OK,4,"74,75,80,81",200,21,288.15992,380.62533,bootstrap,11093.842,0.27310705,False,False
K05379.01,63120112,pdc,SPOC,PDCSAP_FLUX,NO_USABLE_TRANSIT,4,"74,75,81,82",120,0,,,none,,,False,False
K05379.01,63120112,pdc,TESS-SPOC,PDCSAP_FLUX,NO_USABLE_TRANSIT,4,"74,75,81,82",200,0,,,none,,,False,False
K05379.01,63120112,pdc,QLP,KSPSAP_FLUX,NO_USABLE_TRANSIT,5,"15,40,41,54,55","1800,600",0,,,none,,,False,False
K05379.01,63120112,pdc,QLP,DET_FLUX,NO_USABLE_TRANSIT,4,"74,75,81,82",200,0,,,none,,,False,False
K05379.01,63120112,sap,SPOC,SAP_FLUX,NO_USABLE_TRANSIT,4,"74,75,81,82",120,0,,,none,,,False,False
K05379.01,63120112,sap,TESS-SPOC,SAP_FLUX,NO_USABLE_TRANSIT,4,"74,75,81,82",200,0,,,none,,,False,False
K05379.01,63120112,sap,QLP,SAP_FLUX,NO_USABLE_TRANSIT,9,"15,40,41,54,55,74,75,81,82","1800,200,600",0,,,none,,,False,True
K00364.01,271965368,pdc,SPOC,PDCSAP_FLUX,NO_USABLE_TRANSIT,4,"74,75,81,82",120,0,,,none,,,False,False
K00364.01,271965368,pdc,TESS-SPOC,PDCSAP_FLUX,OK,8,"14,15,54,55,74,75,81,82","1800,200,600",1,-94.597404,150.2174,analytic,193.92982,,False,False
K00364.01,271965368,pdc,QLP,KSPSAP_FLUX,OK,4,"14,15,54,55","1800,600",1,-381.58911,299.08361,analytic,454.34061,,False,False
K00364.01,271965368,pdc,QLP,DET_FLUX,NO_USABLE_TRANSIT,4,"74,75,81,82",200,0,,,none,,,False,False
K00364.01,271965368,sap,SPOC,SAP_FLUX,NO_USABLE_TRANSIT,4,"74,75,81,82",120,0,,,none,,,False,False
K00364.01,271965368,sap,TESS-SPOC,SAP_FLUX,OK,8,"14,15,54,55,74,75,81,82","1800,200,600",1,-324.25127,294.54043,analytic,380.25007,,False,False
K00364.01,271965368,sap,QLP,SAP_FLUX,OK,8,"14,15,54,55,74,75,81,82","1800,200,600",1,-399.66421,293.04296,analytic,445.16421,,False,True
K07833.01,272708009,pdc,SPOC,PDCSAP_FLUX,OK,4,"74,75,81,82",120,1,10341.639,2367.4606,analytic,22809.18,,False,True
K07833.01,272708009,pdc,TESS-SPOC,PDCSAP_FLUX,OK,4,"74,75,81,82",200,1,11583.11,2790.638,analytic,20753.424,,False,False
K07833.01,272708009,sap,SPOC,SAP_FLUX,OK,4,"74,75,81,82",120,1,-3635.71,1429.2102,analytic,13769.654,,False,True
K07833.01,272708009,sap,TESS-SPOC,SAP_FLUX,OK,4,"74,75,81,82",200,1,-4110.0366,1472.6015,analytic,10951.447,,False,False
K05389.01,123199287,pdc,SPOC,PDCSAP_FLUX,NO_USABLE_TRANSIT,3,"74,80,81",120,0,,,none,,,False,False
K05389.01,123199287,pdc,TESS-SPOC,PDCSAP_FLUX,NO_USABLE_TRANSIT,3,"74,80,81",200,0,,,none,,,False,False
K05389.01,123199287,pdc,QLP,KSPSAP_FLUX,NO_USABLE_TRANSIT,5,"14,26,40,41,53","1800,600",0,,,none,,,True,False
K05389.01,123199287,pdc,QLP,DET_FLUX,NO_USABLE_TRANSIT,3,"74,80,81",200,0,,,none,,,False,False
K05389.01,123199287,sap,SPOC,SAP_FLUX,NO_USABLE_TRANSIT,3,"74,80,81",120,0,,,none,,,False,False
K05389.01,123199287,sap,TESS-SPOC,SAP_FLUX,NO_USABLE_TRANSIT,3,"74,80,81",200,0,,,none,,,False,False
K05389.01,123199287,sap,QLP,SAP_FLUX,NO_USABLE_TRANSIT,8,"14,26,40,41,53,74,80,81","1800,200,600",0,,,none,,,True,True
K00313.01,123415819,pdc,SPOC,PDCSAP_FLUX,OK,6,"40,41,53,74,80,81",120,6,639.78866,241.16817,analytic,3962.7652,0.8736702,False,False
K00313.01,123415819,pdc,TESS-SPOC,PDCSAP_FLUX,OK,6,"40,41,53,74,80,81","200,600",6,604.66997,244.62642,analytic,2024.2048,0.77138808,False,False
K00313.01,123415819,pdc,QLP,KSPSAP_FLUX,OK,5,"14,26,40,41,53","1800,600",6,283.0578,284.57282,analytic,1687.4695,0.26138257,False,False
K00313.01,123415819,pdc,QLP,DET_FLUX,OK,3,"74,80,81",200,3,793.72264,474.66673,analytic,4460.6541,,False,False
K00313.01,123415819,sap,SPOC,SAP_FLUX,OK,6,"40,41,53,74,80,81",120,7,477.02412,231.75882,analytic,4123.5328,0.79157026,False,False
K00313.01,123415819,sap,TESS-SPOC,SAP_FLUX,OK,6,"40,41,53,74,80,81","200,600",7,550.11668,216.50201,analytic,1996.2032,1.1659287,False,False
K00313.01,123415819,sap,QLP,SAP_FLUX,OK,8,"14,26,40,41,53,74,80,81","1800,200,600",9,400.03302,250.33504,bootstrap,2373.3299,0.57161922,False,True
K00313.02,123415819,pdc,SPOC,PDCSAP_FLUX,OK,6,"40,41,53,74,80,81",120,14,284.07978,150.66666,bootstrap,4265.3091,0.077229423,False,False
K00313.02,123415819,pdc,TESS-SPOC,PDCSAP_FLUX,OK,6,"40,41,53,74,80,81","200,600",14,194.5236,187.94348,bootstrap,2388.4719,0.88481296,False,False
K00313.02,123415819,pdc,QLP,KSPSAP_FLUX,OK,5,"14,26,40,41,53","1800,600",15,-372.00552,188.64162,bootstrap,1829.2901,0.70569057,False,False
K00313.02,123415819,pdc,QLP,DET_FLUX,OK,3,"74,80,81",200,8,60.927693,320.63527,bootstrap,3963.7436,1.7507699,False,False
K00313.02,123415819,sap,SPOC,SAP_FLUX,OK,6,"40,41,53,74,80,81",120,17,352.29799,131.32905,bootstrap,4288.1209,0.1307769,False,False
K00313.02,123415819,sap,TESS-SPOC,SAP_FLUX,OK,6,"40,41,53,74,80,81","200,600",17,188.18004,186.44836,bootstrap,2354.37,0.82691505,False,False
K00313.02,123415819,sap,QLP,SAP_FLUX,OK,8,"14,26,40,41,53,74,80,81","1800,200,600",23,437.23393,404.82771,bootstrap,2295.6149,2.654324,False,True
K01473.01,351800577,pdc,SPOC,PDCSAP_FLUX,OK,3,"74,80,81",120,3,6571.0228,2459.2874,analytic,33224.733,0.15841455,False,True
K01473.01,351800577,pdc,TESS-SPOC,PDCSAP_FLUX,OK,3,"74,80,81",200,3,6063.5854,2392.0475,analytic,23302.573,0.55258605,False,False
K01473.01,351800577,sap,SPOC,SAP_FLUX,OK,3,"74,80,81",120,4,1658.8253,844.33834,analytic,13652.801,0.90768072,False,True
K01473.01,351800577,sap,TESS-SPOC,SAP_FLUX,OK,3,"74,80,81",200,4,1486.7343,794.72338,analytic,9479.0458,1.4014864,False,False
K01480.01,158317824,pdc,SPOC,PDCSAP_FLUX,OK,3,"80,81,82",120,1,12051.013,8451.9113,analytic,62071.646,,False,True
K01480.01,158317824,pdc,TESS-SPOC,PDCSAP_FLUX,OK,3,"80,81,82",200,1,6092.3241,8682.7956,analytic,49326.635,,False,False
K01480.01,158317824,sap,SPOC,SAP_FLUX,OK,3,"80,81,82",120,1,4507.9736,6287.0743,analytic,46172.876,,False,True
K01480.01,158317824,sap,TESS-SPOC,SAP_FLUX,OK,3,"80,81,82",200,1,4259.5319,5919.3499,analytic,33627.604,,False,False
K01480.02,158317824,pdc,SPOC,PDCSAP_FLUX,OK,3,"80,81,82",120,7,1914.2199,2302.6263,analytic,44694.536,1.7399673,False,True
K01480.02,158317824,pdc,TESS-SPOC,PDCSAP_FLUX,OK,3,"80,81,82",200,7,1490.3106,2183.4704,analytic,34148.103,1.3557589,False,False
K01480.02,158317824,sap,SPOC,SAP_FLUX,OK,3,"80,81,82",120,10,1880.5074,2043.0976,bootstrap,34210.272,1.7460394,False,True
K01480.02,158317824,sap,TESS-SPOC,SAP_FLUX,OK,3,"80,81,82",200,10,1496.3555,1609.1741,bootstrap,27770.21,1.2591527,False,False
K05410.01,164413654,pdc,SPOC,PDCSAP_FLUX,OK,3,"74,80,81",120,3,313.6767,477.2156,analytic,6881.532,0.37248173,False,False
K05410.01,164413654,pdc,TESS-SPOC,PDCSAP_FLUX,OK,3,"74,80,81",200,3,522.16958,491.52843,analytic,5657.109,0.81485189,False,False
K05410.01,164413654,pdc,QLP,KSPSAP_FLUX,OK,4,"14,40,41,53","1800,600",4,678.29319,468.77478,analytic,3599.9553,0.76052896,False,False
K05410.01,164413654,pdc,QLP,DET_FLUX,OK,3,"74,80,81",200,3,-90.80832,605.59229,analytic,7636.423,0.42583697,False,False
K05410.01,164413654,sap,SPOC,SAP_FLUX,OK,3,"74,80,81",120,3,267.4486,437.97592,analytic,6819.5124,0.75094343,False,False
K05410.01,164413654,sap,TESS-SPOC,SAP_FLUX,OK,3,"74,80,81",200,3,302.65292,422.85066,analytic,5229.6118,0.4966045,False,False
K05410.01,164413654,sap,QLP,SAP_FLUX,OK,7,"14,40,41,53,74,80,81","1800,200,600",7,418.48555,371.90137,analytic,4077.823,0.25509105,False,True
K00898.01,123416515,pdc,SPOC,PDCSAP_FLUX,OK,5,"14,26,74,80,81",120,11,-421.56557,1419.996,bootstrap,29726.169,1.0551381,False,True
K00898.01,123416515,pdc,TESS-SPOC,PDCSAP_FLUX,OK,5,"14,26,74,80,81","1800,200",11,1090.7057,1387.8711,bootstrap,14902.171,1.5864036,True,False
K00898.01,123416515,sap,SPOC,SAP_FLUX,OK,5,"14,26,74,80,81",120,13,-920.19145,1201.7426,bootstrap,21511.509,0.10528842,False,True
K00898.01,123416515,sap,TESS-SPOC,SAP_FLUX,OK,5,"14,26,74,80,81","1800,200",13,-615.83332,1382.1934,bootstrap,12965.014,1.9298461,True,False
K00898.02,123416515,pdc,SPOC,PDCSAP_FLUX,OK,5,"14,26,74,80,81",120,20,4283.1605,1090.988,bootstrap,28294.534,0.23078603,False,True
K00898.02,123416515,pdc,TESS-SPOC,PDCSAP_FLUX,OK,5,"14,26,74,80,81","1800,200",20,5069.9961,1492.4331,bootstrap,18045.8,1.1788362,True,False
K00898.02,123416515,sap,SPOC,SAP_FLUX,OK,5,"14,26,74,80,81",120,23,2266.4719,821.07976,bootstrap,20044.872,0.75296364,False,True
K00898.02,123416515,sap,TESS-SPOC,SAP_FLUX,OK,5,"14,26,74,80,81","1800,200",23,2158.1348,1495.1492,bootstrap,12790.931,1.8754251,True,False
K00898.03,123416515,pdc,SPOC,PDCSAP_FLUX,OK,5,"14,26,74,80,81",120,6,5137.4229,1601.4918,analytic,29047.709,1.1316804,False,True
K00898.03,123416515,pdc,TESS-SPOC,PDCSAP_FLUX,OK,5,"14,26,74,80,81","1800,200",6,5709.5688,1770.4433,analytic,21577.228,0.93127075,False,False
K00898.03,123416515,sap,SPOC,SAP_FLUX,OK,5,"14,26,74,80,81",120,6,3344.2353,1133.1616,analytic,21858.35,0.66539492,False,True
K00898.03,123416515,sap,TESS-SPOC,SAP_FLUX,OK,5,"14,26,74,80,81","1800,200",6,3592.0232,1238.4684,analytic,14845.495,0.47823954,False,False
K07859.01,159179539,pdc,SPOC,PDCSAP_FLUX,OK,3,"80,81,82",120,216,1141.6541,636.9172,bootstrap,31602.525,1.2520268,False,True
K07859.01,159179539,pdc,TESS-SPOC,PDCSAP_FLUX,OK,3,"80,81,82",200,217,475.01298,759.99987,bootstrap,24369.315,1.8090282,False,False
K07859.01,159179539,sap,SPOC,SAP_FLUX,OK,3,"80,81,82",120,246,163.3051,123.56996,bootstrap,6697.1818,1.3657073,False,True
K07859.01,159179539,sap,TESS-SPOC,SAP_FLUX,OK,3,"80,81,82",200,246,89.466018,136.19454,bootstrap,4898.9671,1.9285924,False,False
K05458.01,123410543,pdc,SPOC,PDCSAP_FLUX,OK,3,"74,80,81",120,2,-562.89142,2335.5622,analytic,26563.018,1.0150221,False,True
K05458.01,123410543,pdc,TESS-SPOC,PDCSAP_FLUX,OK,3,"74,80,81",200,2,-1588.2419,2457.2355,analytic,21584.631,1.2270549,False,False
K05458.01,123410543,sap,SPOC,SAP_FLUX,OK,3,"74,80,81",120,2,-368.04865,1456.3112,analytic,16777.213,1.0536585,False,True
K05458.01,123410543,sap,TESS-SPOC,SAP_FLUX,OK,3,"74,80,81",200,2,-347.3615,1488.8846,analytic,13318.211,0.99649501,False,False
K01569.01,164459949,pdc,SPOC,PDCSAP_FLUX,OK,3,"74,80,81",120,2,-1258.3336,3357.1179,analytic,30352.442,0.9822597,False,True
K01569.01,164459949,pdc,TESS-SPOC,PDCSAP_FLUX,OK,3,"74,80,81",200,2,-654.74656,3822.3938,analytic,26607.038,1.7712197,False,False
K01569.01,164459949,sap,SPOC,SAP_FLUX,OK,3,"74,80,81",120,6,326.34419,627.90815,analytic,10686.975,0.03827287,False,True
K01569.01,164459949,sap,TESS-SPOC,SAP_FLUX,OK,3,"74,80,81",200,6,455.98492,619.05036,analytic,7757.9098,0.49019603,False,False
K00460.01,272488625,pdc,SPOC,PDCSAP_FLUX,OK,3,"75,81,82",120,4,922.78816,1430.3688,analytic,22985.203,1.3705818,False,True
K00460.01,272488625,pdc,TESS-SPOC,PDCSAP_FLUX,OK,3,"75,81,82",200,4,414.40587,1352.8006,analytic,16665.282,1.0281941,False,False
K00460.01,272488625,sap,SPOC,SAP_FLUX,OK,3,"75,81,82",120,4,147.51241,369.22524,analytic,5820.706,0.96008648,False,True
K00460.01,272488625,sap,TESS-SPOC,SAP_FLUX,OK,3,"75,81,82",200,4,180.93571,337.58369,analytic,4277.1904,0.86033544,False,False
K00460.02,272488625,pdc,SPOC,PDCSAP_FLUX,OK,3,"75,81,82",120,2,-239.92277,1536.3313,analytic,19832.978,0.20366867,False,True
K00460.02,272488625,pdc,TESS-SPOC,PDCSAP_FLUX,OK,3,"75,81,82",200,2,374.72265,1505.0729,analytic,14878.061,0.59176018,False,False
K00460.02,272488625,sap,SPOC,SAP_FLUX,OK,3,"75,81,82",120,2,-247.15315,384.04947,analytic,4993.0081,0.77362026,False,True
K00460.02,272488625,sap,TESS-SPOC,SAP_FLUX,OK,3,"75,81,82",200,2,-89.254867,368.39117,analytic,3642.5361,0.73993982,False,False
K03383.01,164459883,pdc,SPOC,PDCSAP_FLUX,OK,3,"74,80,81",120,1,2458.4725,5813.0732,analytic,50003.976,,False,True
K03383.01,164459883,pdc,TESS-SPOC,PDCSAP_FLUX,OK,3,"74,80,81",200,1,-4962.2174,6276.6073,analytic,41643.534,,False,False
K03383.01,164459883,sap,SPOC,SAP_FLUX,OK,3,"74,80,81",120,1,803.03645,2685.9928,analytic,23104.873,,False,True
K03383.01,164459883,sap,TESS-SPOC,SAP_FLUX,OK,3,"74,80,81",200,1,-2447.0225,2875.3321,analytic,19077.024,,False,False
K05475.01,271046694,pdc,SPOC,PDCSAP_FLUX,OK,4,"74,75,81,82",120,2,1151.5763,298.1462,analytic,5833.199,1.348607,False,False
K05475.01,271046694,pdc,TESS-SPOC,PDCSAP_FLUX,OK,4,"74,75,81,82",200,2,1072.0988,340.07976,analytic,5425.044,0.78670826,False,False
K05475.01,271046694,pdc,QLP,KSPSAP_FLUX,NO_USABLE_TRANSIT,6,"14,15,40,41,54,55","1800,600",0,,,none,,,False,False
K05475.01,271046694,pdc,QLP,DET_FLUX,OK,4,"74,75,81,82",200,2,1216.3784,407.95395,analytic,6629.5443,1.5790152,False,False
K05475.01,271046694,sap,SPOC,SAP_FLUX,OK,4,"74,75,81,82",120,2,874.00311,237.95794,analytic,4711.3253,1.7794104,False,False
K05475.01,271046694,sap,TESS-SPOC,SAP_FLUX,OK,4,"74,75,81,82",200,2,867.84942,263.54118,analytic,4002.1409,1.0845604,False,False
K05475.01,271046694,sap,QLP,SAP_FLUX,OK,10,"14,15,40,41,54,55,74,75,81,82","1800,200,600",2,1582.9865,413.47991,analytic,6743.4902,1.5091087,False,True
K05475.02,271046694,pdc,SPOC,PDCSAP_FLUX,OK,4,"74,75,81,82",120,19,-119.11269,288.88017,bootstrap,5312.5112,0.17572573,False,False
K05475.02,271046694,pdc,TESS-SPOC,PDCSAP_FLUX,OK,4,"74,75,81,82",200,19,-211.36991,376.19247,bootstrap,4085.3938,0.67819586,False,False
K05475.02,271046694,pdc,QLP,KSPSAP_FLUX,OK,6,"14,15,40,41,54,55","1800,600",28,6159.845,5285.0416,bootstrap,2950.0008,1.192828,True,False
K05475.02,271046694,pdc,QLP,DET_FLUX,OK,4,"74,75,81,82",200,19,239.97156,448.22479,bootstrap,5797.5212,1.7600347,False,False
K05475.02,271046694,sap,SPOC,SAP_FLUX,OK,4,"74,75,81,82",120,19,-3.7814837,227.47354,bootstrap,4394.882,0.409825,False,False
K05475.02,271046694,sap,TESS-SPOC,SAP_FLUX,OK,4,"74,75,81,82",200,19,-165.09044,263.22492,bootstrap,3017.9046,0.47867046,False,False
K05475.02,271046694,sap,QLP,SAP_FLUX,OK,10,"14,15,40,41,54,55,74,75,81,82","1800,200,600",47,4186.3506,3734.7414,bootstrap,3798.0772,1.0494439,True,True
K06978.01,164409950,pdc,QLP,KSPSAP_FLUX,OK,6,"14,26,40,41,53,54","1800,600",49,2764.9768,2262.212,bootstrap,2820.9525,1.1176275,True,True
K06978.01,164409950,pdc,QLP,DET_FLUX,OK,4,"74,75,80,81",200,33,-466.83263,311.34588,bootstrap,6178.7473,1.0404265,False,False
K06978.01,164409950,sap,QLP,SAP_FLUX,OK,10,"14,26,40,41,53,54,74,75,80,81","1800,200,600",82,1513.0044,1501.5369,bootstrap,4133.2022,1.0318726,True,True
K02140.01,63076026,pdc,SPOC,PDCSAP_FLUX,OK,2,"81,82",120,2,3246.3159,2199.3543,analytic,27395.433,1.6436498,False,True
K02140.01,63076026,pdc,TESS-SPOC,PDCSAP_FLUX,OK,2,"81,82",200,2,5760.6434,2193.7972,analytic,21007.869,1.3885484,False,False
K02140.01,63076026,sap,SPOC,SAP_FLUX,OK,2,"81,82",120,2,3380.8193,1508.2783,analytic,18746.875,2.4481653,False,True
K02140.01,63076026,sap,TESS-SPOC,SAP_FLUX,OK,2,"81,82",200,2,4474.7276,1523.1193,analytic,14720.021,1.3692373,False,False
K04426.01,271046093,pdc,SPOC,PDCSAP_FLUX,NO_USABLE_TRANSIT,4,"74,75,81,82",120,0,,,none,,,False,False
K04426.01,271046093,pdc,TESS-SPOC,PDCSAP_FLUX,NO_USABLE_TRANSIT,4,"74,75,81,82",200,0,,,none,,,False,False
K04426.01,271046093,pdc,QLP,KSPSAP_FLUX,NO_USABLE_TRANSIT,6,"14,15,40,41,54,55","1800,600",0,,,none,,,False,False
K04426.01,271046093,pdc,QLP,DET_FLUX,NO_USABLE_TRANSIT,4,"74,75,81,82",200,0,,,none,,,False,False
K04426.01,271046093,sap,SPOC,SAP_FLUX,NO_USABLE_TRANSIT,4,"74,75,81,82",120,0,,,none,,,False,False
K04426.01,271046093,sap,TESS-SPOC,SAP_FLUX,NO_USABLE_TRANSIT,4,"74,75,81,82",200,0,,,none,,,False,False
K04426.01,271046093,sap,QLP,SAP_FLUX,NO_USABLE_TRANSIT,10,"14,15,40,41,54,55,74,75,81,82","1800,200,600",0,,,none,,,False,True
K00907.01,272489533,pdc,SPOC,PDCSAP_FLUX,OK,2,"81,82",120,4,-6321.4318,6633.2285,analytic,102010.54,4.0333809,False,True
K00907.01,272489533,pdc,TESS-SPOC,PDCSAP_FLUX,OK,2,"81,82",200,4,-7724.4161,6177.2209,analytic,76624.886,1.1409833,False,False
K00907.01,272489533,sap,SPOC,SAP_FLUX,OK,2,"81,82",120,4,18.248449,297.35124,analytic,4521.614,1.7554849,False,True
K00907.01,272489533,sap,TESS-SPOC,SAP_FLUX,OK,2,"81,82",200,4,-9.295612,263.13943,analytic,3476.9282,1.5052962,False,False
K00907.02,272489533,pdc,SPOC,PDCSAP_FLUX,OK,2,"81,82",120,2,847.97663,6292.0453,analytic,78037.775,1.4895867,False,True
K00907.02,272489533,pdc,TESS-SPOC,PDCSAP_FLUX,OK,2,"81,82",200,2,18655.134,6242.2714,analytic,73558.097,11.160885,False,False
K00907.02,272489533,sap,SPOC,SAP_FLUX,OK,2,"81,82",120,2,-326.14716,434.70659,analytic,5906.5009,0.088350317,False,True
K00907.02,272489533,sap,TESS-SPOC,SAP_FLUX,OK,2,"81,82",200,2,-350.18379,411.2472,analytic,3941.7441,0.10949184,False,False
K00907.03,272489533,pdc,SPOC,PDCSAP_FLUX,OK,2,"81,82",120,11,387.37351,3828.8542,bootstrap,108049.75,0.47937391,False,True
K00907.03,272489533,pdc,TESS-SPOC,PDCSAP_FLUX,OK,2,"81,82",200,11,2799.0139,6065.1715,bootstrap,82660.027,0.4793921,False,False
K00907.03,272489533,sap,SPOC,SAP_FLUX,OK,2,"81,82",120,11,-253.14007,128.99134,bootstrap,4777.1911,0.76819195,False,True
K00907.03,272489533,sap,TESS-SPOC,SAP_FLUX,OK,2,"81,82",200,11,-72.399115,174.72655,bootstrap,3692.8807,0.8500373,False,False
K00907.04,272489533,pdc,SPOC,PDCSAP_FLUX,OK,2,"81,82",120,1,175534.7,22687.011,analytic,180092.14,,False,True
K00907.04,272489533,pdc,TESS-SPOC,PDCSAP_FLUX,OK,2,"81,82",200,1,47776.675,29676.066,analytic,182246.53,,False,False
K00907.04,272489533,sap,SPOC,SAP_FLUX,OK,2,"81,82",120,1,214.24558,886.87464,analytic,7040.1145,,False,True
K00907.04,272489533,sap,TESS-SPOC,SAP_FLUX,OK,2,"81,82",200,1,325.55318,925.71263,analytic,5684.9825,,False,False
K02144.01,239238425,pdc,SPOC,PDCSAP_FLUX,OK,2,"81,82",120,1,920.8527,3028.4831,analytic,26861.055,,False,True
K02144.01,239238425,pdc,TESS-SPOC,PDCSAP_FLUX,OK,2,"81,82",200,1,-2675.8205,3793.3568,analytic,26077.851,,False,False
K02144.01,239238425,sap,SPOC,SAP_FLUX,OK,2,"81,82",120,1,853.09566,1506.6521,analytic,13363.213,,False,True
K02144.01,239238425,sap,TESS-SPOC,SAP_FLUX,OK,2,"81,82",200,1,-313.01385,1646.0324,analytic,11315.832,,False,False
K03301.01,63365920,pdc,SPOC,PDCSAP_FLUX,OK,4,"74,75,81,82",120,5,259.71288,870.99562,analytic,11903.373,0.88495552,False,True
K03301.01,63365920,pdc,TESS-SPOC,PDCSAP_FLUX,OK,4,"74,75,81,82",200,5,221.31598,944.93042,analytic,9696.8713,0.35853192,False,False
K03301.01,63365920,sap,SPOC,SAP_FLUX,OK,4,"74,75,81,82",120,5,202.00583,519.3441,analytic,7404.3435,0.57047627,False,True
K03301.01,63365920,sap,TESS-SPOC,SAP_FLUX,OK,4,"74,75,81,82",200,5,358.19116,574.0232,analytic,6094.4392,0.15965927,False,False
K04846.01,274024204,pdc,SPOC,PDCSAP_FLUX,OK,2,"81,82",120,2,-1813.1975,2912.0534,analytic,29889.398,1.3803818,False,True
K04846.01,274024204,pdc,TESS-SPOC,PDCSAP_FLUX,OK,2,"81,82",200,2,-641.34296,2840.8613,analytic,22645.404,1.8061968,False,False
K04846.01,274024204,sap,SPOC,SAP_FLUX,OK,2,"81,82",120,2,-727.16716,1006.373,analytic,10254.413,1.8254295,False,True
K04846.01,274024204,sap,TESS-SPOC,SAP_FLUX,OK,2,"81,82",200,2,-398.16558,873.84288,analytic,7023.9995,1.9686536,False,False
K04846.02,274024204,pdc,SPOC,PDCSAP_FLUX,OK,2,"81,82",120,1,4668.7161,3329.7015,analytic,32904.887,,False,True
K04846.02,274024204,pdc,TESS-SPOC,PDCSAP_FLUX,OK,2,"81,82",200,1,3231.3075,3481.4674,analytic,26698.298,,False,False
K04846.02,274024204,sap,SPOC,SAP_FLUX,OK,2,"81,82",120,1,1450.0083,1138.3625,analytic,11249.564,,False,True
K04846.02,274024204,sap,TESS-SPOC,SAP_FLUX,OK,2,"81,82",200,1,1250.1728,1077.8576,analytic,8265.7567,,False,False
K04393.01,268821390,pdc,SPOC,PDCSAP_FLUX,OK,3,"41,81,82",120,44,344.36216,1215.8869,bootstrap,40906.141,0.11701776,False,True
K04393.01,268821390,pdc,TESS-SPOC,PDCSAP_FLUX,OK,3,"41,81,82","200,600",44,-469.72697,1368.2164,bootstrap,26044.901,1.077615,False,False
K04393.01,268821390,sap,SPOC,SAP_FLUX,OK,3,"41,81,82",120,45,157.46921,436.22242,bootstrap,12936.097,0.47671041,False,True
K04393.01,268821390,sap,TESS-SPOC,SAP_FLUX,OK,3,"41,81,82","200,600",45,119.93423,458.38365,bootstrap,9021.8337,1.0031415,False,False
K02680.01,269265423,pdc,SPOC,PDCSAP_FLUX,OK,4,"74,75,81,82",120,8,3728.115,1231.3559,bootstrap,20693.188,1.7164363,False,True
K02680.01,269265423,pdc,TESS-SPOC,PDCSAP_FLUX,OK,4,"74,75,81,82",200,8,4589.2794,1021.2907,bootstrap,18787.766,0.70935025,False,False
K02680.01,269265423,sap,SPOC,SAP_FLUX,OK,4,"74,75,81,82",120,8,1057.017,494.76923,bootstrap,6890.6202,1.5008431,False,True
K02680.01,269265423,sap,TESS-SPOC,SAP_FLUX,OK,4,"74,75,81,82",200,8,1340.0397,395.86984,bootstrap,5245.0006,0.99968268,False,False
K05509.01,272272013,pdc,SPOC,PDCSAP_FLUX,NO_USABLE_TRANSIT,1,81,120,0,,,none,,,False,True
K05509.01,272272013,pdc,TESS-SPOC,PDCSAP_FLUX,NO_USABLE_TRANSIT,1,81,200,0,,,none,,,False,False
K05509.01,272272013,sap,SPOC,SAP_FLUX,NO_USABLE_TRANSIT,1,81,120,0,,,none,,,False,True
K05509.01,272272013,sap,TESS-SPOC,SAP_FLUX,NO_USABLE_TRANSIT,1,81,200,0,,,none,,,False,False
K04693.01,279913760,pdc,SPOC,PDCSAP_FLUX,OK,4,"74,75,81,82",120,5,80.441903,261.36227,analytic,6443.6665,0.28485979,False,False
K04693.01,279913760,pdc,TESS-SPOC,PDCSAP_FLUX,OK,4,"74,75,81,82",200,5,164.92081,269.40621,analytic,4670.4924,0.17638305,False,False
K04693.01,279913760,pdc,QLP,KSPSAP_FLUX,OK,6,"14,26,40,41,53,55","1800,600",8,1244.5545,1486.672,bootstrap,3111.6086,2.8562681,False,False
K04693.01,279913760,pdc,QLP,DET_FLUX,OK,4,"74,75,81,82",200,6,210.19852,344.90665,analytic,6291.1543,1.3022651,False,False
K04693.01,279913760,sap,SPOC,SAP_FLUX,OK,4,"74,75,81,82",120,6,-11.586918,225.38021,analytic,5691.6696,1.2249521,False,False
K04693.01,279913760,sap,TESS-SPOC,SAP_FLUX,OK,4,"74,75,81,82",200,6,142.85195,223.78414,analytic,4223.957,1.326911,False,False
K04693.01,279913760,sap,QLP,SAP_FLUX,OK,10,"14,26,40,41,53,55,74,75,81,82","1800,200,600",14,970.11402,1059.229,bootstrap,3669.8258,3.6336024,False,True
K04386.01,164830907,pdc,SPOC,PDCSAP_FLUX,OK,2,"81,82",120,3,-3791.4666,5161.2987,analytic,66733.691,1.8819068,False,True
K04386.01,164830907,pdc,TESS-SPOC,PDCSAP_FLUX,OK,2,"81,82",200,3,-1124.9418,5327.3578,analytic,51227.963,1.0697232,False,False
K04386.01,164830907,sap,SPOC,SAP_FLUX,OK,2,"81,82",120,3,-327.45113,510.5342,analytic,5791.8393,1.1840026,False,True
K04386.01,164830907,sap,TESS-SPOC,SAP_FLUX,OK,2,"81,82",200,3,-349.86287,568.29076,analytic,5334.424,0.91965019,False,False
K00912.01,271769940,pdc,SPOC,PDCSAP_FLUX,OK,2,"81,82",120,4,1159.8572,1448.1519,analytic,18122.575,1.8100213,False,True
K00912.01,271769940,pdc,TESS-SPOC,PDCSAP_FLUX,OK,2,"81,82",200,4,1772.0749,1657.9714,analytic,17588.637,1.6906074,False,False
K00912.01,271769940,sap,SPOC,SAP_FLUX,OK,2,"81,82",120,4,913.97838,992.29743,analytic,12566.484,1.9148375,False,True
K00912.01,271769940,sap,TESS-SPOC,SAP_FLUX,OK,2,"81,82",200,4,1370.4788,1039.828,analytic,11382.748,1.7210512,False,False
K00912.02,271769940,pdc,SPOC,PDCSAP_FLUX,OK,2,"81,82",120,8,1213.3947,975.44163,bootstrap,19526.152,1.3033983,False,True
K00912.02,271769940,pdc,TESS-SPOC,PDCSAP_FLUX,OK,2,"81,82",200,8,2756.6094,1392.0209,bootstrap,18176.422,0.73677565,False,False
K00912.02,271769940,sap,SPOC,SAP_FLUX,OK,2,"81,82",120,8,427.56477,615.97106,bootstrap,13959.801,0.80341797,False,True
K00912.02,271769940,sap,TESS-SPOC,SAP_FLUX,OK,2,"81,82",200,8,1416.0652,866.55189,bootstrap,11377.551,0.6132768,False,False
K05533.01,185059475,pdc,SPOC,PDCSAP_FLUX,NO_USABLE_TRANSIT,4,"74,75,81,82",120,0,,,none,,,False,False
K05533.01,185059475,pdc,TESS-SPOC,PDCSAP_FLUX,NO_USABLE_TRANSIT,4,"74,75,81,82",200,0,,,none,,,False,False
K05533.01,185059475,pdc,QLP,KSPSAP_FLUX,OK,5,"14,15,41,54,55","1800,600",2,873.08057,761.58635,analytic,6140.2053,,False,False
K05533.01,185059475,pdc,QLP,DET_FLUX,NO_USABLE_TRANSIT,4,"74,75,81,82",200,0,,,none,,,False,False
K05533.01,185059475,sap,SPOC,SAP_FLUX,NO_USABLE_TRANSIT,4,"74,75,81,82",120,0,,,none,,,False,False
K05533.01,185059475,sap,TESS-SPOC,SAP_FLUX,NO_USABLE_TRANSIT,4,"74,75,81,82",200,0,,,none,,,False,False
K05533.01,185059475,sap,QLP,SAP_FLUX,OK,9,"14,15,41,54,55,74,75,81,82","1800,200,600",2,-1710.2513,842.09132,analytic,7099.8453,,False,True
K05541.01,158319556,pdc,SPOC,PDCSAP_FLUX,OK,2,"81,82",120,1,443.24786,1173.1788,analytic,13184.308,,False,True
K05541.01,158319556,pdc,TESS-SPOC,PDCSAP_FLUX,OK,2,"81,82",200,1,484.28745,1301.683,analytic,11340.15,,False,False
K05541.01,158319556,sap,SPOC,SAP_FLUX,OK,2,"81,82",120,1,249.10466,808.38785,analytic,9084.7483,,False,True
K05541.01,158319556,sap,TESS-SPOC,SAP_FLUX,OK,2,"81,82",200,1,436.80575,843.3065,analytic,7346.8132,,False,False
K07069.01,158326749,pdc,SPOC,PDCSAP_FLUX,OK,2,"81,82",120,48,3358.0817,842.11207,bootstrap,29825.824,0.91426118,False,True
K07069.01,158326749,pdc,TESS-SPOC,PDCSAP_FLUX,OK,2,"81,82",200,48,3023.2184,894.67156,bootstrap,22811.894,1.2095176,False,False
K07069.01,158326749,sap,SPOC,SAP_FLUX,OK,2,"81,82",120,51,2300.8154,636.38375,bootstrap,23721.762,1.1799241,False,True
K07069.01,158326749,sap,TESS-SPOC,SAP_FLUX,OK,2,"81,82",200,51,2297.9287,711.76589,bootstrap,17598.733,1.5583792,False,False
K01279.01,275573295,pdc,SPOC,PDCSAP_FLUX,OK,4,"74,75,81,82",120,6,1146.2183,446.38161,analytic,9425.272,1.6050981,False,False
K01279.01,275573295,pdc,TESS-SPOC,PDCSAP_FLUX,OK,4,"74,75,81,82",200,6,571.09339,427.67005,analytic,6682.9962,1.6942605,False,False
K01279.01,275573295,pdc,QLP,KSPSAP_FLUX,OK,6,"14,15,40,41,54,55","1800,600",11,982.37413,690.46613,bootstrap,5210.392,0.94014439,False,False
K01279.01,275573295,pdc,QLP,DET_FLUX,OK,4,"74,75,81,82",200,6,668.13837,660.24298,analytic,10471.481,1.2987257,False,False
K01279.01,275573295,sap,SPOC,SAP_FLUX,OK,4,"74,75,81,82",120,6,347.03288,365.24582,analytic,7484.8908,0.093016065,False,False
K01279.01,275573295,sap,TESS-SPOC,SAP_FLUX,OK,4,"74,75,81,82",200,6,169.25874,342.36758,analytic,5169.1658,1.3792664,False,False
K01279.01,275573295,sap,QLP,SAP_FLUX,OK,10,"14,15,40,41,54,55,74,75,81,82","1800,200,600",17,795.2971,481.30707,bootstrap,6116.0503,1.6676699,False,True
K01279.02,275573295,pdc,SPOC,PDCSAP_FLUX,OK,4,"74,75,81,82",120,10,-300.18331,377.14493,bootstrap,8439.4906,1.4154642,False,False
K01279.02,275573295,pdc,TESS-SPOC,PDCSAP_FLUX,OK,4,"74,75,81,82",200,10,-551.96185,454.95812,bootstrap,6679.6512,1.557973,False,False
K01279.02,275573295,pdc,QLP,KSPSAP_FLUX,OK,6,"14,15,40,41,54,55","1800,600",14,1149.6064,637.80345,bootstrap,5129.6068,1.9652274,False,False
K01279.02,275573295,pdc,QLP,DET_FLUX,OK,4,"74,75,81,82",200,10,-222.57592,491.96059,bootstrap,9797.5175,0.27053961,False,False
K01279.02,275573295,sap,SPOC,SAP_FLUX,OK,4,"74,75,81,82",120,10,-66.901566,353.35052,bootstrap,7078.9677,2.348393,False,False
K01279.02,275573295,sap,TESS-SPOC,SAP_FLUX,OK,4,"74,75,81,82",200,10,-219.34537,367.36172,bootstrap,5079.7464,2.6243138,False,False
K01279.02,275573295,sap,QLP,SAP_FLUX,OK,10,"14,15,40,41,54,55,74,75,81,82","1800,200,600",24,840.23345,626.20824,bootstrap,6075.8272,1.4653355,False,True
K02340.01,158843826,pdc,SPOC,PDCSAP_FLUX,OK,3,"80,81,82",120,8,2267.4666,1436.6661,bootstrap,18195.006,0.8868131,False,True
K02340.01,158843826,pdc,TESS-SPOC,PDCSAP_FLUX,OK,3,"80,81,82",200,8,2340.8509,1364.1695,bootstrap,16154.877,1.4100103,False,False
K02340.01,158843826,sap,SPOC,SAP_FLUX,OK,3,"80,81,82",120,11,442.05459,543.20753,bootstrap,9763.1261,0.084823103,False,True
K02340.01,158843826,sap,TESS-SPOC,SAP_FLUX,OK,3,"80,81,82",200,11,474.45505,486.56535,bootstrap,8637.3137,0.46335089,False,False
K05570.01,159108107,pdc,SPOC,PDCSAP_FLUX,NO_USABLE_TRANSIT,3,"80,81,82",120,0,,,none,,,False,True
K05570.01,159108107,pdc,TESS-SPOC,PDCSAP_FLUX,NO_USABLE_TRANSIT,3,"80,81,82",200,0,,,none,,,False,False
K05570.01,159108107,sap,SPOC,SAP_FLUX,NO_USABLE_TRANSIT,3,"80,81,82",120,0,,,none,,,False,True
K05570.01,159108107,sap,TESS-SPOC,SAP_FLUX,NO_USABLE_TRANSIT,3,"80,81,82",200,0,,,none,,,False,False
K02421.01,274021617,pdc,SPOC,PDCSAP_FLUX,OK,4,"74,75,81,82",120,44,285.69902,633.92606,bootstrap,19625.047,0.078584892,False,True
K02421.01,274021617,pdc,TESS-SPOC,PDCSAP_FLUX,OK,4,"74,75,81,82",200,44,734.48235,728.78425,bootstrap,16033.883,0.25708345,False,False
K02421.01,274021617,sap,SPOC,SAP_FLUX,OK,4,"74,75,81,82",120,46,204.77785,279.28224,bootstrap,8856.4622,0.0067692601,False,True
K02421.01,274021617,sap,TESS-SPOC,SAP_FLUX,OK,4,"74,75,81,82",200,46,285.44909,291.81118,bootstrap,6563.2709,0.31854787,False,False
K02421.02,274021617,pdc,SPOC,PDCSAP_FLUX,OK,4,"74,75,81,82",120,24,-88.846702,812.63631,bootstrap,20638.362,0.22128509,False,True
K02421.02,274021617,pdc,TESS-SPOC,PDCSAP_FLUX,OK,4,"74,75,81,82",200,24,-1091.9005,950.91984,bootstrap,17476.691,1.066622,False,False
K02421.02,274021617,sap,SPOC,SAP_FLUX,OK,4,"74,75,81,82",120,25,-31.296015,331.4812,bootstrap,8416.8508,0.17115991,False,True
K02421.02,274021617,sap,TESS-SPOC,SAP_FLUX,OK,4,"74,75,81,82",200,25,-387.22944,359.05554,bootstrap,7025.1992,0.77894609,False,False
K00042.01,164458714,pdc,SPOC,PDCSAP_FLUX,OK,11,"14,26,40,41,53,54,55,74,75,80,82",120,10,303.96107,17.921069,bootstrap,642.48427,0.052813487,False,True
K00042.01,164458714,pdc,TESS-SPOC,PDCSAP_FLUX,OK,11,"14,26,40,41,53,54,55,74,75,80,82","1800,200,600",10,289.2601,35.390421,bootstrap,296.12656,0.76763305,False,False
K00042.01,164458714,pdc,QLP,KSPSAP_FLUX,OK,7,"14,26,40,41,53,54,55","1800,600",9,159.56488,83.248026,bootstrap,313.58843,4.1199974,False,False
K00042.01,164458714,pdc,QLP,DET_FLUX,OK,4,"74,75,80,82",200,4,311.25483,50.376421,analytic,633.54444,0.060303452,False,False
K00042.01,164458714,sap,SPOC,SAP_FLUX,OK,11,"14,26,40,41,53,54,55,74,75,80,82",120,13,264.51926,26.801478,bootstrap,681.06632,1.2577989,False,True
K00042.01,164458714,sap,TESS-SPOC,SAP_FLUX,OK,11,"14,26,40,41,53,54,55,74,75,80,82","1800,200,600",13,262.55511,42.787578,bootstrap,288.86198,1.917555,False,False
K00042.01,164458714,sap,QLP,SAP_FLUX,OK,11,"14,26,40,41,53,54,55,74,75,80,82","1800,200,600",13,281.40573,44.930002,bootstrap,333.45719,1.8864991,False,False
K02641.01,271351997,pdc,SPOC,PDCSAP_FLUX,OK,4,"74,75,81,82",120,30,1601.7788,2339.3478,bootstrap,12877.226,0.20707745,False,False
K02641.01,271351997,pdc,TESS-SPOC,PDCSAP_FLUX,OK,4,"74,75,81,82",200,30,682.5079,2141.759,bootstrap,11421.287,0.0085723049,False,False
K02641.01,271351997,pdc,QLP,KSPSAP_FLUX,OK,5,"14,15,40,54,55","1800,600",37,5509.5364,10736.295,bootstrap,30157.169,1.0096573,False,False
K02641.01,271351997,pdc,QLP,DET_FLUX,OK,4,"74,75,81,82",200,29,-134.71621,14128.25,bootstrap,38902.805,0.42582467,False,False
K02641.01,271351997,sap,SPOC,SAP_FLUX,OK,4,"74,75,81,82",120,30,1271.218,1177.7246,bootstrap,6147.4409,0.56849159,False,False
K02641.01,271351997,sap,TESS-SPOC,SAP_FLUX,OK,4,"74,75,81,82",200,30,896.08323,981.56113,bootstrap,4774.0265,0.13988077,False,False
K02641.01,271351997,sap,QLP,SAP_FLUX,OK,9,"14,15,40,54,55,74,75,81,82","1800,200,600",66,5114.2818,11583.326,bootstrap,39434.278,0.37331245,False,True
K00701.01,164458488,pdc,SPOC,PDCSAP_FLUX,OK,10,"40,41,53,54,55,74,75,80,81,82",120,15,1014.4766,344.34125,bootstrap,7129.7203,1.6244978,False,False
K00701.01,164458488,pdc,TESS-SPOC,PDCSAP_FLUX,OK,10,"40,41,53,54,55,74,75,80,81,82","200,600",15,1111.9651,354.35552,bootstrap,3951.6204,1.2315238,False,False
K00701.01,164458488,pdc,QLP,KSPSAP_FLUX,OK,6,"14,40,41,53,54,55","1800,600",9,2027.0035,669.91122,bootstrap,4077.2022,1.1525835,False,False
K00701.01,164458488,pdc,QLP,DET_FLUX,OK,5,"74,75,80,81,82",200,8,388.23744,355.88747,bootstrap,7636.105,0.5490733,False,False
K00701.01,164458488,sap,SPOC,SAP_FLUX,OK,10,"40,41,53,54,55,74,75,80,81,82",120,16,860.93018,284.3735,bootstrap,5699.3566,1.418601,False,False
K00701.01,164458488,sap,TESS-SPOC,SAP_FLUX,OK,10,"40,41,53,54,55,74,75,80,81,82","200,600",16,858.66849,275.64314,bootstrap,3163.4955,1.1700786,False,False
K00701.01,164458488,sap,QLP,SAP_FLUX,OK,11,"14,40,41,53,54,55,74,75,80,81,82","1800,200,600",17,1320.9736,458.30301,bootstrap,5766.5845,0.80530541,False,True
K00701.02,164458488,pdc,SPOC,PDCSAP_FLUX,OK,10,"40,41,53,54,55,74,75,80,81,82",120,40,154.15756,172.05181,bootstrap,6780.9585,0.52676803,False,False
K00701.02,164458488,pdc,TESS-SPOC,PDCSAP_FLUX,OK,10,"40,41,53,54,55,74,75,80,81,82","200,600",40,418.73982,221.81466,bootstrap,4082.5531,1.737706,False,False
K00701.02,164458488,pdc,QLP,KSPSAP_FLUX,OK,6,"14,40,41,53,54,55","1800,600",26,163.75518,489.83001,bootstrap,3406.1485,0.1581597,True,False
K00701.02,164458488,pdc,QLP,DET_FLUX,OK,5,"74,75,80,81,82",200,23,795.29752,407.56769,bootstrap,7770.271,0.15668997,False,False
K00701.02,164458488,sap,SPOC,SAP_FLUX,OK,10,"40,41,53,54,55,74,75,80,81,82",120,45,125.65496,145.35732,bootstrap,5623.1456,0.68051494,False,False
K00701.02,164458488,sap,TESS-SPOC,SAP_FLUX,OK,10,"40,41,53,54,55,74,75,80,81,82","200,600",45,298.78397,165.61627,bootstrap,3311.858,1.7493329,False,False
K00701.02,164458488,sap,QLP,SAP_FLUX,OK,11,"14,40,41,53,54,55,74,75,80,81,82","1800,200,600",49,343.06002,317.74102,bootstrap,5240.1126,0.42854915,True,True
K00701.03,164458488,pdc,SPOC,PDCSAP_FLUX,NO_USABLE_TRANSIT,10,"40,41,53,54,55,74,75,80,81,82",120,0,,,none,,,False,False
K00701.03,164458488,pdc,TESS-SPOC,PDCSAP_FLUX,NO_USABLE_TRANSIT,10,"40,41,53,54,55,74,75,80,81,82","200,600",0,,,none,,,False,False
K00701.03,164458488,pdc,QLP,KSPSAP_FLUX,NO_USABLE_TRANSIT,6,"14,40,41,53,54,55","1800,600",0,,,none,,,False,False
K00701.03,164458488,pdc,QLP,DET_FLUX,OK,5,"74,75,80,81,82",200,1,-2321.2471,1643.0278,analytic,12763.149,,False,False
K00701.03,164458488,sap,SPOC,SAP_FLUX,OK,10,"40,41,53,54,55,74,75,80,81,82",120,1,3580.5634,852.88663,analytic,8599.4961,,False,False
K00701.03,164458488,sap,TESS-SPOC,SAP_FLUX,OK,10,"40,41,53,54,55,74,75,80,81,82","200,600",1,3124.3227,794.46465,analytic,6171.4542,,False,False
K00701.03,164458488,sap,QLP,SAP_FLUX,OK,11,"14,40,41,53,54,55,74,75,80,81,82","1800,200,600",1,-31394.814,1726.3961,analytic,13410.76,,False,True
K00701.04,164458488,pdc,SPOC,PDCSAP_FLUX,OK,10,"40,41,53,54,55,74,75,80,81,82",120,2,-117.41454,491.98256,analytic,7540.762,,False,False
K00701.04,164458488,pdc,TESS-SPOC,PDCSAP_FLUX,OK,10,"40,41,53,54,55,74,75,80,81,82","200,600",2,93.720822,483.08397,analytic,4642.8964,,False,False
K00701.04,164458488,pdc,QLP,KSPSAP_FLUX,OK,6,"14,40,41,53,54,55","1800,600",1,-468.82801,865.78213,analytic,3975.9209,,False,False
K00701.04,164458488,pdc,QLP,DET_FLUX,OK,5,"74,75,80,81,82",200,1,-3954.8829,1386.2398,analytic,11291.84,,False,False
K00701.04,164458488,sap,SPOC,SAP_FLUX,OK,10,"40,41,53,54,55,74,75,80,81,82",120,2,206.88833,386.45362,analytic,6004.0489,,False,False
K00701.04,164458488,sap,TESS-SPOC,SAP_FLUX,OK,10,"40,41,53,54,55,74,75,80,81,82","200,600",2,187.06196,339.8824,analytic,3415.0938,,False,False
K00701.04,164458488,sap,QLP,SAP_FLUX,OK,11,"14,40,41,53,54,55,74,75,80,81,82","1800,200,600",2,27.926011,740.56108,analytic,7608.2227,,False,True
K00701.05,164458488,pdc,SPOC,PDCSAP_FLUX,OK,10,"40,41,53,54,55,74,75,80,81,82",120,15,271.89499,334.21451,bootstrap,6704.252,1.1082392,False,False
K00701.05,164458488,pdc,TESS-SPOC,PDCSAP_FLUX,OK,10,"40,41,53,54,55,74,75,80,81,82","200,600",15,362.97413,343.99717,bootstrap,4308.0256,0.94274111,False,False
K00701.05,164458488,pdc,QLP,KSPSAP_FLUX,OK,6,"14,40,41,53,54,55","1800,600",12,-339.744,400.14389,bootstrap,4038.3353,0.10720031,False,False
K00701.05,164458488,pdc,QLP,DET_FLUX,OK,5,"74,75,80,81,82",200,10,-698.86476,751.37849,bootstrap,8022.6694,1.6928391,False,False
K00701.05,164458488,sap,SPOC,SAP_FLUX,OK,10,"40,41,53,54,55,74,75,80,81,82",120,20,285.21042,264.49885,bootstrap,5807.7106,1.0431853,False,False
K00701.05,164458488,sap,TESS-SPOC,SAP_FLUX,OK,10,"40,41,53,54,55,74,75,80,81,82","200,600",20,368.25631,265.30948,bootstrap,3853.7112,1.1753833,False,False
K00701.05,164458488,sap,QLP,SAP_FLUX,OK,11,"14,40,41,53,54,55,74,75,80,81,82","1800,200,600",22,-338.93974,319.63419,bootstrap,5653.4121,0.55348021,False,True
K02175.01,63066763,pdc,SPOC,PDCSAP_FLUX,OK,3,"74,75,81",120,3,568.7084,216.49076,analytic,4463.0548,2.747863,False,False
K02175.01,63066763,pdc,TESS-SPOC,PDCSAP_FLUX,OK,3,"74,75,81",200,3,730.42854,225.75509,analytic,3600.5145,2.5854966,False,False
K02175.01,63066763,pdc,QLP,KSPSAP_FLUX,OK,5,"14,15,40,41,55","1800,600",4,-426.97117,205.75487,analytic,2015.7011,0.10666706,False,False
K02175.01,63066763,pdc,QLP,DET_FLUX,OK,3,"74,75,81",200,3,1222.0845,292.16983,analytic,4555.2595,1.5405633,False,False
K02175.01,63066763,sap,SPOC,SAP_FLUX,OK,3,"74,75,81",120,3,720.75527,194.09737,analytic,4149.5026,5.021952,False,False
K02175.01,63066763,sap,TESS-SPOC,SAP_FLUX,OK,3,"74,75,81",200,3,668.21255,198.71314,analytic,3087.6024,5.3267877,False,False
K02175.01,63066763,sap,QLP,SAP_FLUX,OK,8,"14,15,40,41,55,74,75,81","1800,200,600",7,155.19475,171.3923,analytic,2692.4954,3.3074537,False,True
K02175.02,63066763,pdc,SPOC,PDCSAP_FLUX,OK,3,"74,75,81",120,1,-655.05461,495.52759,analytic,3847.0144,,False,False
K02175.02,63066763,pdc,TESS-SPOC,PDCSAP_FLUX,OK,3,"74,75,81",200,1,-232.38879,470.36927,analytic,2794.3567,,False,False
K02175.02,63066763,pdc,QLP,KSPSAP_FLUX,OK,5,"14,15,40,41,55","1800,600",2,460.65836,414.13871,analytic,2199.2459,,False,False
K02175.02,63066763,pdc,QLP,DET_FLUX,OK,3,"74,75,81",200,1,-401.08866,839.64169,analytic,4993.4629,,False,False
K02175.02,63066763,sap,SPOC,SAP_FLUX,OK,3,"74,75,81",120,1,-514.09603,430.08191,analytic,3338.9288,,False,False
K02175.02,63066763,sap,TESS-SPOC,SAP_FLUX,OK,3,"74,75,81",200,1,-707.11601,390.96585,analytic,2322.6391,,False,False
K02175.02,63066763,sap,QLP,SAP_FLUX,OK,8,"14,15,40,41,55,74,75,81","1800,200,600",3,189.60546,375.9535,analytic,2558.3726,1.0401391,False,True
K05616.01,268931174,pdc,SPOC,PDCSAP_FLUX,NO_USABLE_TRANSIT,5,"41,74,75,81,82",120,0,,,none,,,False,True
K05616.01,268931174,pdc,TESS-SPOC,PDCSAP_FLUX,NO_USABLE_TRANSIT,5,"41,74,75,81,82","200,600",0,,,none,,,False,False
K05616.01,268931174,sap,SPOC,SAP_FLUX,NO_USABLE_TRANSIT,5,"41,74,75,81,82",120,0,,,none,,,False,True
K05616.01,268931174,sap,TESS-SPOC,SAP_FLUX,NO_USABLE_TRANSIT,5,"41,74,75,81,82","200,600",0,,,none,,,False,False
K07136.01,159389344,pdc,SPOC,PDCSAP_FLUX,OK,2,"80,82",120,1,516.57742,4374.246,analytic,63149.082,,False,True
K07136.01,159389344,pdc,TESS-SPOC,PDCSAP_FLUX,OK,2,"80,82",200,1,11143.761,4008.9916,analytic,44819.043,,False,False
K07136.01,159389344,sap,SPOC,SAP_FLUX,OK,2,"80,82",120,1,1055.9504,672.79649,analytic,9712.8695,,False,True
K07136.01,159389344,sap,TESS-SPOC,SAP_FLUX,OK,2,"80,82",200,1,1138.5378,579.18309,analytic,6475.0526,,False,False
K05633.01,273868242,pdc,SPOC,PDCSAP_FLUX,OK,4,"74,75,81,82",120,1,71.758988,284.62792,analytic,1732.4119,,False,False
K05633.01,273868242,pdc,TESS-SPOC,PDCSAP_FLUX,OK,9,"14,15,41,54,55,74,75,81,82","1800,200,600",2,200.03726,220.61952,analytic,1131.2943,,False,False
K05633.01,273868242,pdc,QLP,KSPSAP_FLUX,OK,5,"14,15,41,54,55","1800,600",1,512.48953,331.10596,analytic,874.1258,,False,False
K05633.01,273868242,pdc,QLP,DET_FLUX,OK,4,"74,75,81,82",200,1,-46.432847,388.35902,analytic,1819.941,,False,False
K05633.01,273868242,sap,SPOC,SAP_FLUX,OK,4,"74,75,81,82",120,1,57.339946,274.30987,analytic,1669.6102,,False,False
K05633.01,273868242,sap,TESS-SPOC,SAP_FLUX,OK,9,"14,15,41,54,55,74,75,81,82","1800,200,600",2,247.0698,222.05627,analytic,1135.4448,,False,False
K05633.01,273868242,sap,QLP,SAP_FLUX,OK,9,"14,15,41,54,55,74,75,81,82","1800,200,600",2,246.22614,260.2353,analytic,1394.863,,False,True
K05643.01,63451647,pdc,SPOC,PDCSAP_FLUX,OK,4,"74,75,81,82",120,1,1519.2152,1879.4766,analytic,13293.916,,False,True
K05643.01,63451647,pdc,TESS-SPOC,PDCSAP_FLUX,OK,4,"74,75,81,82",200,1,1794.2277,1755.689,analytic,9627.8282,,False,False
K05643.01,63451647,sap,SPOC,SAP_FLUX,OK,4,"74,75,81,82",120,1,1024.9533,1207.9645,analytic,8544.1758,,False,True
K05643.01,63451647,sap,TESS-SPOC,SAP_FLUX,OK,4,"74,75,81,82",200,1,1100.2908,1020.1323,analytic,5594.1903,,False,False
K04126.01,158492133,pdc,SPOC,PDCSAP_FLUX,OK,2,"80,82",120,5,-1027.0146,2111.2475,analytic,37443.453,1.009725,False,True
K04126.01,158492133,pdc,TESS-SPOC,PDCSAP_FLUX,OK,2,"80,82",200,5,-534.64811,2097.7672,analytic,28199.929,1.1065213,False,False
K04126.01,158492133,sap,SPOC,SAP_FLUX,OK,2,"80,82",120,7,-145.55831,494.07024,analytic,11101.762,1.0563839,False,True
K04126.01,158492133,sap,TESS-SPOC,SAP_FLUX,OK,2,"80,82",200,7,-272.21536,503.30904,analytic,8431.2835,0.70188457,False,False
K05666.01,158935172,pdc,SPOC,PDCSAP_FLUX,NO_USABLE_TRANSIT,5,"74,75,80,81,82",120,0,,,none,,,False,False
K05666.01,158935172,pdc,TESS-SPOC,PDCSAP_FLUX,NO_USABLE_TRANSIT,5,"74,75,80,81,82",200,0,,,none,,,False,False
K05666.01,158935172,pdc,QLP,KSPSAP_FLUX,NO_USABLE_TRANSIT,7,"14,15,40,41,53,54,55","1800,600",0,,,none,,,False,False
K05666.01,158935172,pdc,QLP,DET_FLUX,NO_USABLE_TRANSIT,5,"74,75,80,81,82",200,0,,,none,,,False,False
K05666.01,158935172,sap,SPOC,SAP_FLUX,NO_USABLE_TRANSIT,5,"74,75,80,81,82",120,0,,,none,,,False,False
K05666.01,158935172,sap,TESS-SPOC,SAP_FLUX,NO_USABLE_TRANSIT,5,"74,75,80,81,82",200,0,,,none,,,False,False
K05666.01,158935172,sap,QLP,SAP_FLUX,NO_USABLE_TRANSIT,12,"14,15,40,41,53,54,55,74,75,80,81,82","1800,200,600",0,,,none,,,False,True
K05680.01,63288964,pdc,QLP,KSPSAP_FLUX,NO_USABLE_TRANSIT,6,"14,15,40,41,54,55","1800,600",0,,,none,,,False,True
K05680.01,63288964,pdc,QLP,DET_FLUX,NO_USABLE_TRANSIT,3,"74,75,81",200,0,,,none,,,False,False
K05680.01,63288964,sap,QLP,SAP_FLUX,NO_USABLE_TRANSIT,9,"14,15,40,41,54,55,74,75,81","1800,200,600",0,,,none,,,False,True
K07938.01,270617871,pdc,SPOC,PDCSAP_FLUX,NO_USABLE_TRANSIT,4,"74,75,81,82",120,0,,,none,,,False,False
K07938.01,270617871,pdc,TESS-SPOC,PDCSAP_FLUX,NO_USABLE_TRANSIT,9,"14,15,40,54,55,74,75,81,82","1800,200,600",0,,,none,,,False,False
K07938.01,270617871,pdc,QLP,KSPSAP_FLUX,NO_USABLE_TRANSIT,5,"14,15,40,54,55","1800,600",0,,,none,,,False,False
K07938.01,270617871,pdc,QLP,DET_FLUX,NO_USABLE_TRANSIT,4,"74,75,81,82",200,0,,,none,,,False,False
K07938.01,270617871,sap,SPOC,SAP_FLUX,NO_USABLE_TRANSIT,4,"74,75,81,82",120,0,,,none,,,False,False
K07938.01,270617871,sap,TESS-SPOC,SAP_FLUX,NO_USABLE_TRANSIT,9,"14,15,40,54,55,74,75,81,82","1800,200,600",0,,,none,,,False,False
K07938.01,270617871,sap,QLP,SAP_FLUX,NO_USABLE_TRANSIT,9,"14,15,40,54,55,74,75,81,82","1800,200,600",0,,,none,,,False,True
K00119.01,271164755,pdc,SPOC,PDCSAP_FLUX,OK,4,"74,75,81,82",120,2,2637.6786,404.13147,analytic,6821.7607,,False,False
K00119.01,271164755,pdc,TESS-SPOC,PDCSAP_FLUX,OK,4,"74,75,81,82",200,2,3113.3951,397.0957,analytic,5189.3716,,False,False
K00119.01,271164755,pdc,QLP,KSPSAP_FLUX,OK,4,"14,15,40,54","1800,600",3,2279.0958,408.7818,analytic,3703.4895,,False,False
K00119.01,271164755,pdc,QLP,DET_FLUX,OK,4,"74,75,81,82",200,2,3522.7804,485.07677,analytic,6371.6702,,False,False
K00119.01,271164755,sap,SPOC,SAP_FLUX,OK,4,"74,75,81,82",120,2,1011.6526,142.38801,analytic,2409.2592,,False,False
K00119.01,271164755,sap,TESS-SPOC,SAP_FLUX,OK,4,"74,75,81,82",200,2,1125.4101,126.38187,analytic,1656.4224,,False,False
K00119.01,271164755,sap,QLP,SAP_FLUX,OK,8,"14,15,40,54,74,75,81,82","1800,200,600",5,3222.8677,306.29672,analytic,3973.776,1.020979,False,True
K00119.02,271164755,pdc,SPOC,PDCSAP_FLUX,NO_USABLE_TRANSIT,4,"74,75,81,82",120,0,,,none,,,False,False
K00119.02,271164755,pdc,TESS-SPOC,PDCSAP_FLUX,NO_USABLE_TRANSIT,4,"74,75,81,82",200,0,,,none,,,False,False
K00119.02,271164755,pdc,QLP,KSPSAP_FLUX,NO_USABLE_TRANSIT,4,"14,15,40,54","1800,600",0,,,none,,,False,False
K00119.02,271164755,pdc,QLP,DET_FLUX,NO_USABLE_TRANSIT,4,"74,75,81,82",200,0,,,none,,,False,False
K00119.02,271164755,sap,SPOC,SAP_FLUX,NO_USABLE_TRANSIT,4,"74,75,81,82",120,0,,,none,,,False,False
K00119.02,271164755,sap,TESS-SPOC,SAP_FLUX,NO_USABLE_TRANSIT,4,"74,75,81,82",200,0,,,none,,,False,False
K00119.02,271164755,sap,QLP,SAP_FLUX,NO_USABLE_TRANSIT,8,"14,15,40,54,74,75,81,82","1800,200,600",0,,,none,,,False,True
K02079.01,271353794,pdc,SPOC,PDCSAP_FLUX,OK,4,"74,75,81,82",120,139,-11.202406,83.913025,bootstrap,4002.6426,1.4478845,False,False
K02079.01,271353794,pdc,TESS-SPOC,PDCSAP_FLUX,OK,4,"74,75,81,82",200,139,33.718467,90.754462,bootstrap,3283.5647,1.6970048,False,False
K02079.01,271353794,pdc,QLP,KSPSAP_FLUX,OK,5,"14,15,40,41,54","1800,600",183,-452.82354,266.95285,bootstrap,2377.6467,1.4550909,True,False
K02079.01,271353794,pdc,QLP,DET_FLUX,OK,4,"74,75,81,82",200,145,-19.556713,111.73373,bootstrap,4405.3471,0.88364202,False,False
K02079.01,271353794,sap,SPOC,SAP_FLUX,OK,4,"74,75,81,82",120,147,6.8159349,64.998521,bootstrap,3352.4215,0.88802205,False,False
K02079.01,271353794,sap,TESS-SPOC,SAP_FLUX,OK,4,"74,75,81,82",200,147,29.628694,67.367895,bootstrap,2583.5981,1.0160369,False,False
K02079.01,271353794,sap,QLP,SAP_FLUX,OK,9,"14,15,40,41,54,74,75,81,82","1800,200,600",328,-244.95034,154.3929,bootstrap,3457.8209,1.1053556,True,True
K07180.01,239278374,pdc,SPOC,PDCSAP_FLUX,OK,4,"74,75,81,82",120,1,147.35126,560.15422,analytic,11900.726,,False,False
K07180.01,239278374,pdc,TESS-SPOC,PDCSAP_FLUX,OK,4,"74,75,81,82",200,1,206.29254,634.16004,analytic,10433.127,,False,False
K07180.01,239278374,pdc,QLP,KSPSAP_FLUX,NO_USABLE_TRANSIT,4,"14,15,41,55","1800,600",0,,,none,,,False,False
K07180.01,239278374,pdc,QLP,DET_FLUX,OK,4,"74,75,81,82",200,1,143.07633,1266.9234,analytic,20843.275,,False,False
K07180.01,239278374,sap,SPOC,SAP_FLUX,OK,4,"74,75,81,82",120,1,-1374.8341,175.64381,analytic,3731.631,,False,False
K07180.01,239278374,sap,TESS-SPOC,SAP_FLUX,OK,4,"74,75,81,82",200,1,-1292.0097,179.89994,analytic,2959.6927,,False,False
K07180.01,239278374,sap,QLP,SAP_FLUX,OK,8,"14,15,41,55,74,75,81,82","1800,200,600",1,8187.941,1437.488,analytic,23649.384,,False,True
K03207.01,158664977,pdc,SPOC,PDCSAP_FLUX,OK,4,"74,75,80,82",120,91,161.12868,34.919347,bootstrap,2246.9554,0.12058732,False,False
K03207.01,158664977,pdc,TESS-SPOC,PDCSAP_FLUX,OK,4,"74,75,80,82",200,91,132.39763,36.500858,bootstrap,1744.0495,1.5351802,False,False
K03207.01,158664977,pdc,QLP,KSPSAP_FLUX,OK,7,"14,15,40,41,53,54,55","1800,600",181,386.91829,175.48891,bootstrap,1172.3664,0.67722806,False,False
K03207.01,158664977,pdc,QLP,DET_FLUX,OK,4,"74,75,80,82",200,109,119.1064,40.121987,bootstrap,2150.7621,0.32127124,False,False
K03207.01,158664977,sap,SPOC,SAP_FLUX,OK,4,"74,75,80,82",120,109,135.86761,43.514438,bootstrap,2326.9777,0.090573128,False,False
K03207.01,158664977,sap,TESS-SPOC,SAP_FLUX,OK,4,"74,75,80,82",200,109,136.45368,40.733366,bootstrap,1749.7999,0.59570048,False,False
K03207.01,158664977,sap,QLP,SAP_FLUX,OK,11,"14,15,40,41,53,54,55,74,75,80,82","1800,200,600",290,300.20445,105.04513,bootstrap,1476.7841,0.78463423,False,True
K01866.01,159050004,pdc,SPOC,PDCSAP_FLUX,OK,3,"80,81,82",120,1,2144.5948,2525.6481,analytic,23797.514,,False,True
K01866.01,159050004,pdc,TESS-SPOC,PDCSAP_FLUX,OK,3,"80,81,82",200,1,3684.8799,2348.2166,analytic,17046.956,,False,False
K01866.01,159050004,sap,SPOC,SAP_FLUX,OK,3,"80,81,82",120,1,1358.7076,1720.8168,analytic,16214.121,,False,True
K01866.01,159050004,sap,TESS-SPOC,SAP_FLUX,OK,3,"80,81,82",200,1,2395.5355,1561.194,analytic,11333.54,,False,False
K00049.01,63206513,pdc,SPOC,PDCSAP_FLUX,OK,3,"74,75,81",120,9,1236.8785,267.20916,bootstrap,6505.5038,0.88281773,False,False
K00049.01,63206513,pdc,TESS-SPOC,PDCSAP_FLUX,OK,3,"74,75,81",200,9,1155.2457,328.34649,bootstrap,5511.7158,0.6287091,False,False
K00049.01,63206513,pdc,QLP,KSPSAP_FLUX,OK,6,"14,15,40,41,54,55","1800,600",20,1134.879,388.15578,bootstrap,3125.5679,0.67365471,False,False
K00049.01,63206513,pdc,QLP,DET_FLUX,OK,3,"74,75,81",200,8,1186.3952,235.80285,bootstrap,7130.3661,0.89613805,False,False
K00049.01,63206513,sap,SPOC,SAP_FLUX,OK,3,"74,75,81",120,9,1098.5625,180.54794,bootstrap,5203.8243,0.570696,False,False
K00049.01,63206513,sap,TESS-SPOC,SAP_FLUX,OK,3,"74,75,81",200,9,1050.4362,252.63395,bootstrap,4167.2267,0.24331079,False,False
K00049.01,63206513,sap,QLP,SAP_FLUX,OK,9,"14,15,40,41,54,55,74,75,81","1800,200,600",28,1153.0629,295.46259,bootstrap,3739.3925,1.1014664,False,True
K01745.01,164832748,pdc,SPOC,PDCSAP_FLUX,OK,3,"80,81,82",120,63,4900.0799,968.9779,bootstrap,38367.517,0.97481805,False,True
K01745.01,164832748,pdc,TESS-SPOC,PDCSAP_FLUX,OK,3,"80,81,82",200,63,6166.9153,1002.5373,bootstrap,32447.799,0.20213905,False,False
K01745.01,164832748,sap,SPOC,SAP_FLUX,OK,3,"80,81,82",120,77,3287.96,621.84651,bootstrap,25825.072,1.2831365,False,True
K01745.01,164832748,sap,TESS-SPOC,SAP_FLUX,OK,3,"80,81,82",200,77,4131.0171,621.64698,bootstrap,20083.37,0.30040809,False,False
K05694.01,158625967,pdc,SPOC,PDCSAP_FLUX,OK,9,"40,41,53,54,55,74,75,80,82",120,2,-613.45151,1617.8511,analytic,12338.369,,False,True
K05694.01,158625967,pdc,TESS-SPOC,PDCSAP_FLUX,OK,9,"40,41,53,54,55,74,75,80,82","200,600",2,769.1849,1231.9595,analytic,7021.5333,,False,False
K05694.01,158625967,sap,SPOC,SAP_FLUX,OK,9,"40,41,53,54,55,74,75,80,82",120,2,-536.87572,784.78873,analytic,6732.9295,,False,True
K05694.01,158625967,sap,TESS-SPOC,SAP_FLUX,OK,9,"40,41,53,54,55,74,75,80,82","200,600",2,510.6007,747.73842,analytic,3647.5104,,False,False
K04388.02,63129375,pdc,SPOC,PDCSAP_FLUX,NO_USABLE_TRANSIT,2,"14,15",120,0,,,none,,,False,False
K04388.02,63129375,pdc,TESS-SPOC,PDCSAP_FLUX,NO_USABLE_TRANSIT,2,"14,15",1800,0,,,none,,,False,False
K04388.02,63129375,pdc,QLP,KSPSAP_FLUX,OK,6,"14,15,40,41,54,55","1800,600",3,2.0885994,115.87884,analytic,1335.663,0.00062826759,False,False
K04388.02,63129375,pdc,QLP,DET_FLUX,OK,3,"74,75,81",200,2,4.9787934,130.99379,analytic,2502.3569,0.01123051,False,False
K04388.02,63129375,sap,SPOC,SAP_FLUX,OK,2,"14,15",120,1,-878.98101,174.30533,analytic,2833.1568,,False,False
K04388.02,63129375,sap,TESS-SPOC,SAP_FLUX,OK,2,"14,15",1800,1,-954.53442,325.83945,analytic,1356.0342,,False,False
K04388.02,63129375,sap,QLP,SAP_FLUX,OK,9,"14,15,40,41,54,55,74,75,81","1800,200,600",5,-580.21336,95.863258,analytic,1614.0041,6.5690018,False,True
K02535.01,164784178,pdc,SPOC,PDCSAP_FLUX,OK,3,"80,81,82",120,1,-2364.6676,3134.2094,analytic,30005.197,,False,True
K02535.01,164784178,pdc,TESS-SPOC,PDCSAP_FLUX,OK,3,"80,81,82",200,1,-4068.9964,2965.6346,analytic,21954.341,,False,False
K02535.01,164784178,sap,SPOC,SAP_FLUX,OK,3,"80,81,82",120,1,-1048.1385,858.5592,analytic,8219.3735,,False,True
K02535.01,164784178,sap,TESS-SPOC,SAP_FLUX,OK,3,"80,81,82",200,1,-1042.9813,775.86513,analytic,5743.6636,,False,False
K02513.01,270618386,pdc,SPOC,PDCSAP_FLUX,OK,1,81,120,2,-1456.2476,2838.0361,analytic,20300.2,0.67738809,False,True
K02513.01,270618386,pdc,TESS-SPOC,PDCSAP_FLUX,OK,1,81,200,2,-3189.633,3069.6955,analytic,17101.047,0.77002452,False,False
K02513.01,270618386,sap,SPOC,SAP_FLUX,OK,1,81,120,2,-834.85208,1485.5567,analytic,10645.294,0.5338456,False,True
K02513.01,270618386,sap,TESS-SPOC,SAP_FLUX,OK,1,81,200,2,-1421.3712,1540.329,analytic,8597.3011,0.72933191,False,False
K02545.01,164781116,pdc,SPOC,PDCSAP_FLUX,OK,11,"26,40,41,53,54,55,74,75,80,81,82",120,30,17.555636,45.278802,bootstrap,2075.7426,0.70449924,False,False
K02545.01,164781116,pdc,TESS-SPOC,PDCSAP_FLUX,OK,12,"14,26,40,41,53,54,55,74,75,80,81,82","1800,200,600",34,44.153436,44.622635,bootstrap,1105.1931,0.2043281,False,False
K02545.01,164781116,pdc,QLP,KSPSAP_FLUX,OK,7,"14,26,40,41,53,54,55","1800,600",19,423.0012,515.93429,bootstrap,1266.7564,1.0119625,False,False
K02545.01,164781116,pdc,QLP,DET_FLUX,OK,5,"74,75,80,81,82",200,20,-49.227449,51.872116,bootstrap,2041.6536,1.638867,False,False
K02545.01,164781116,sap,SPOC,SAP_FLUX,OK,11,"26,40,41,53,54,55,74,75,80,81,82",120,35,40.138059,52.405811,bootstrap,2063.8695,0.58307936,False,False
K02545.01,164781116,sap,TESS-SPOC,SAP_FLUX,OK,12,"14,26,40,41,53,54,55,74,75,80,81,82","1800,200,600",39,67.339859,51.23683,bootstrap,1252.7792,0.79807134,False,False
K02545.01,164781116,sap,QLP,SAP_FLUX,OK,12,"14,26,40,41,53,54,55,74,75,80,81,82","1800,200,600",39,153.54538,197.80653,bootstrap,1744.8542,0.23604234,False,True
K04372.01,158625687,pdc,SPOC,PDCSAP_FLUX,OK,2,"80,82",120,6,374.39292,1921.8112,analytic,27985.204,0.45859587,False,True
K04372.01,158625687,pdc,TESS-SPOC,PDCSAP_FLUX,OK,2,"80,82",200,6,867.9432,1988.1779,analytic,21679.297,0.57179659,False,False
K04372.01,158625687,sap,SPOC,SAP_FLUX,OK,2,"80,82",120,8,-186.68216,566.73999,bootstrap,12930.937,0.0082621174,False,True
K04372.01,158625687,sap,TESS-SPOC,SAP_FLUX,OK,2,"80,82",200,8,37.975367,508.07544,bootstrap,9687.5189,0.14651259,False,False
K00947.01,63068329,pdc,SPOC,PDCSAP_FLUX,OK,6,"54,55,74,75,81,82",120,5,2036.4332,1080.8926,analytic,17521.783,0.24421645,False,False
K00947.01,63068329,pdc,TESS-SPOC,PDCSAP_FLUX,OK,6,"54,55,74,75,81,82","200,600",5,2408.5418,1089.4346,analytic,13907.554,0.037404987,False,False
K00947.01,63068329,pdc,QLP,KSPSAP_FLUX,OK,4,"40,41,54,55",600,4,4393.7582,1455.9724,analytic,10072.02,1.8984284,False,False
K00947.01,63068329,pdc,QLP,DET_FLUX,OK,4,"74,75,81,82",200,4,3830.5813,2128.9765,analytic,26565.908,0.34241419,False,False
K00947.01,63068329,sap,SPOC,SAP_FLUX,OK,6,"54,55,74,75,81,82",120,6,1685.4506,826.02186,analytic,14274.967,0.11720672,False,False
K00947.01,63068329,sap,TESS-SPOC,SAP_FLUX,OK,6,"54,55,74,75,81,82","200,600",6,1781.0602,842.9888,analytic,11361.412,0.50015377,False,False
K00947.01,63068329,sap,QLP,SAP_FLUX,OK,8,"40,41,54,55,74,75,81,82","200,600",8,4233.9561,1547.091,bootstrap,15298.076,1.4524232,False,True
K02035.01,268379849,pdc,SPOC,PDCSAP_FLUX,OK,7,"41,54,55,74,75,81,82",120,92,373.5624,140.29662,bootstrap,5367.8863,0.27634,False,False
K02035.01,268379849,pdc,TESS-SPOC,PDCSAP_FLUX,OK,7,"41,54,55,74,75,81,82","200,600",93,15.771001,200.18822,bootstrap,3345.6905,1.0105253,False,False
K02035.01,268379849,pdc,QLP,KSPSAP_FLUX,OK,5,"14,15,41,54,55","1800,600",68,558.27945,455.94964,bootstrap,2546.4907,2.146568,True,False
K02035.01,268379849,pdc,QLP,DET_FLUX,OK,5,"56,74,75,81,82",200,68,492.20126,246.44862,bootstrap,5621.6187,0.63844062,False,False
K02035.01,268379849,sap,SPOC,SAP_FLUX,OK,7,"41,54,55,74,75,81,82",120,97,222.94918,90.174714,bootstrap,3520.3104,0.90197295,False,False
K02035.01,268379849,sap,TESS-SPOC,SAP_FLUX,OK,7,"41,54,55,74,75,81,82","200,600",97,85.905817,108.41966,bootstrap,2144.4804,0.17807077,False,False
K02035.01,268379849,sap,QLP,SAP_FLUX,OK,10,"14,15,41,54,55,56,74,75,81,82","1800,200,600",136,767.55366,335.50505,bootstrap,4307.2549,1.4453764,True,True
K02880.01,158986227,pdc,SPOC,PDCSAP_FLUX,OK,2,"80,82",120,58,794.9946,1374.8741,bootstrap,38708.756,0.56563242,False,True
K02880.01,158986227,pdc,TESS-SPOC,PDCSAP_FLUX,OK,2,"80,82",200,57,1704.7867,1463.1625,bootstrap,29840.521,0.20458842,False,False
K02880.01,158986227,sap,SPOC,SAP_FLUX,OK,2,"80,82",120,69,413.41742,440.99489,bootstrap,14004.205,0.76782444,False,True
K02880.01,158986227,sap,TESS-SPOC,SAP_FLUX,OK,2,"80,82",200,69,478.45229,484.47738,bootstrap,11049.316,0.015824691,False,False
K05719.01,271424691,pdc,SPOC,PDCSAP_FLUX,OK,2,"81,82",120,2,-425.05369,1249.5724,analytic,18537.294,0.43120114,False,True
K05719.01,271424691,pdc,TESS-SPOC,PDCSAP_FLUX,OK,2,"81,82",200,2,-585.6294,1466.3162,analytic,16751.342,0.23411833,False,False
K05719.01,271424691,sap,SPOC,SAP_FLUX,OK,2,"81,82",120,2,-312.99424,447.36486,analytic,6532.7202,0.557282,False,True
K05719.01,271424691,sap,TESS-SPOC,SAP_FLUX,OK,2,"81,82",200,2,-106.76783,450.53363,analytic,5105.0137,0.4894045,False,False
K00717.01,123445166,pdc,SPOC,PDCSAP_FLUX,OK,5,"74,75,80,81,82",120,8,-98.343645,199.559,bootstrap,5315.4714,0.1938993,False,False
K00717.01,123445166,pdc,TESS-SPOC,PDCSAP_FLUX,OK,5,"74,75,80,81,82",200,8,-82.724011,192.48051,bootstrap,3953.1015,0.10347375,False,False
K00717.01,123445166,pdc,QLP,KSPSAP_FLUX,OK,7,"14,26,40,41,53,54,55","1800,600",13,718.31477,339.42838,bootstrap,3266.8281,0.44207523,False,False
K00717.01,123445166,pdc,QLP,DET_FLUX,OK,5,"74,75,80,81,82",200,8,-509.86896,419.59975,bootstrap,4903.0317,1.6742302,False,False
K00717.01,123445166,sap,SPOC,SAP_FLUX,OK,5,"74,75,80,81,82",120,8,-72.301281,168.13469,bootstrap,5121.8685,0.48045993,False,False
K00717.01,123445166,sap,TESS-SPOC,SAP_FLUX,OK,5,"74,75,80,81,82",200,8,-78.269919,178.78655,bootstrap,3761.5654,0.35402665,False,False
K00717.01,123445166,sap,QLP,SAP_FLUX,OK,12,"14,26,40,41,53,54,55,74,75,80,81,82","1800,200,600",21,367.39098,335.86524,bootstrap,3873.1795,0.23177969,False,True
K00717.02,123445166,pdc,SPOC,PDCSAP_FLUX,OK,5,"74,75,80,81,82",120,122,-70.745501,129.71125,bootstrap,5026.9384,0.45634541,False,False
K00717.02,123445166,pdc,TESS-SPOC,PDCSAP_FLUX,OK,5,"74,75,80,81,82",200,122,-198.6011,123.24087,bootstrap,4012.767,0.11597772,False,False
K00717.02,123445166,pdc,QLP,KSPSAP_FLUX,OK,7,"14,26,40,41,53,54,55","1800,600",184,1289.7705,1181.0043,bootstrap,2563.5989,1.0080843,True,False
K00717.02,123445166,pdc,QLP,DET_FLUX,OK,5,"74,75,80,81,82",200,141,-81.259105,170.49116,bootstrap,5503.948,0.64552126,False,False
K00717.02,123445166,sap,SPOC,SAP_FLUX,OK,5,"74,75,80,81,82",120,141,-43.869148,118.21836,bootstrap,5115.1149,0.2926672,False,False
K00717.02,123445166,sap,TESS-SPOC,SAP_FLUX,OK,5,"74,75,80,81,82",200,141,-106.32465,115.51314,bootstrap,3952.4243,0.059418255,False,False
K00717.02,123445166,sap,QLP,SAP_FLUX,OK,12,"14,26,40,41,53,54,55,74,75,80,81,82","1800,200,600",325,780.78826,759.60327,bootstrap,3747.4702,1.0682736,True,True
K04383.01,158730471,pdc,SPOC,PDCSAP_FLUX,OK,10,"40,41,53,54,55,74,75,80,81,82",120,51,24.396363,212.79684,bootstrap,8442.6555,1.6228156,False,False
K04383.01,158730471,pdc,TESS-SPOC,PDCSAP_FLUX,OK,10,"40,41,53,54,55,74,75,80,81,82","200,600",51,-159.09686,343.35871,bootstrap,5554.358,0.3162143,False,False
K04383.01,158730471,pdc,QLP,KSPSAP_FLUX,OK,7,"14,15,40,41,53,54,55","1800,600",39,2100.9311,976.64171,bootstrap,5130.116,0.29081919,False,False
K04383.01,158730471,pdc,QLP,DET_FLUX,OK,5,"74,75,80,81,82",200,29,116.492,341.61447,bootstrap,9280.6665,0.62252647,False,False
K04383.01,158730471,sap,SPOC,SAP_FLUX,OK,10,"40,41,53,54,55,74,75,80,81,82",120,56,38.020916,158.57024,bootstrap,6713.6735,1.0459661,False,False
K04383.01,158730471,sap,TESS-SPOC,SAP_FLUX,OK,10,"40,41,53,54,55,74,75,80,81,82","200,600",56,-62.248196,226.91384,bootstrap,4269.9766,0.5968205,False,False
K04383.01,158730471,sap,QLP,SAP_FLUX,OK,12,"14,15,40,41,53,54,55,74,75,80,81,82","1800,200,600",68,1533.6653,811.7422,bootstrap,6804.5068,0.66229878,False,True
K04383.02,158730471,pdc,SPOC,PDCSAP_FLUX,OK,10,"40,41,53,54,55,74,75,80,81,82",120,89,48.006136,170.38235,bootstrap,8317.8336,1.0136114,False,False
K04383.02,158730471,pdc,TESS-SPOC,PDCSAP_FLUX,OK,10,"40,41,53,54,55,74,75,80,81,82","200,600",89,242.72651,259.11191,bootstrap,4849.3965,1.8088047,False,False
K04383.02,158730471,pdc,QLP,KSPSAP_FLUX,OK,7,"14,15,40,41,53,54,55","1800,600",70,46.224923,313.24134,bootstrap,4831.7705,0.33861344,True,False
K04383.02,158730471,pdc,QLP,DET_FLUX,OK,5,"74,75,80,81,82",200,48,73.025932,361.05364,bootstrap,8974.7178,0.47292502,False,False
K04383.02,158730471,sap,SPOC,SAP_FLUX,OK,10,"40,41,53,54,55,74,75,80,81,82",120,100,54.98211,123.66889,bootstrap,6791.2787,1.0208477,False,False
K04383.02,158730471,sap,TESS-SPOC,SAP_FLUX,OK,10,"40,41,53,54,55,74,75,80,81,82","200,600",100,156.30692,179.32325,bootstrap,3732.0916,1.5975725,False,False
K04383.02,158730471,sap,QLP,SAP_FLUX,OK,12,"14,15,40,41,53,54,55,74,75,80,81,82","1800,200,600",118,50.314265,241.81179,bootstrap,7009.4888,0.084188953,True,True
K02660.01,63453366,pdc,SPOC,PDCSAP_FLUX,OK,1,81,120,2,-3370.6039,2938.6825,analytic,31431.782,0.31681893,False,True
K02660.01,63453366,pdc,TESS-SPOC,PDCSAP_FLUX,OK,1,81,200,2,-2608.6885,3195.0087,analytic,26441.646,0.37378245,False,False
K02660.01,63453366,sap,SPOC,SAP_FLUX,OK,1,81,120,2,-1383.0548,1373.904,analytic,14694.078,0.45204996,False,True
K02660.01,63453366,sap,TESS-SPOC,SAP_FLUX,OK,1,81,200,2,-1137.2616,1398.4575,analytic,11586.751,0.36731668,False,False
K02135.01,272601590,pdc,SPOC,PDCSAP_FLUX,OK,4,"74,75,81,82",120,2,1174.2683,701.64738,analytic,11292.678,3.4056493,False,False
K02135.01,272601590,pdc,TESS-SPOC,PDCSAP_FLUX,OK,4,"74,75,81,82",200,2,1138.0078,724.66365,analytic,9131.2867,0.60263407,False,False
K02135.01,272601590,pdc,QLP,KSPSAP_FLUX,OK,4,"14,15,41,54","1800,600",1,-2361.2296,1368.8887,analytic,6975.5142,,False,False
K02135.01,272601590,pdc,QLP,DET_FLUX,OK,4,"74,75,81,82",200,2,2345.0673,997.19681,analytic,12575.938,1.005611,False,False
K02135.01,272601590,sap,SPOC,SAP_FLUX,OK,4,"74,75,81,82",120,2,-983.25334,274.79334,analytic,4450.2855,1.0258274,False,False
K02135.01,272601590,sap,TESS-SPOC,SAP_FLUX,OK,4,"74,75,81,82",200,2,-965.32121,237.35096,analytic,3048.5171,1.2989196,False,False
K02135.01,272601590,sap,QLP,SAP_FLUX,OK,8,"14,15,41,54,74,75,81,82","1800,200,600",3,-1055.1938,776.09413,analytic,10981.246,2.1968796,False,True
K02135.02,272601590,pdc,SPOC,PDCSAP_FLUX,OK,4,"74,75,81,82",120,6,282.25605,481.22329,analytic,11527.858,1.6067638,False,False
K02135.02,272601590,pdc,TESS-SPOC,PDCSAP_FLUX,OK,4,"74,75,81,82",200,6,560.19178,483.26803,analytic,8608.1337,1.1928684,False,False
K02135.02,272601590,pdc,QLP,KSPSAP_FLUX,OK,4,"14,15,41,54","1800,600",4,85.679889,822.20612,analytic,4974.3463,0.21961129,False,False
K02135.02,272601590,pdc,QLP,DET_FLUX,OK,4,"74,75,81,82",200,6,1062.7586,654.51783,analytic,11314.022,0.15276925,False,False
K02135.02,272601590,sap,SPOC,SAP_FLUX,OK,4,"74,75,81,82",120,6,164.51721,159.54444,analytic,3839.4549,3.416474,False,False
K02135.02,272601590,sap,TESS-SPOC,SAP_FLUX,OK,4,"74,75,81,82",200,6,129.09488,143.11516,analytic,2635.3505,3.7354112,False,False
K02135.02,272601590,sap,QLP,SAP_FLUX,OK,8,"14,15,41,54,74,75,81,82","1800,200,600",10,1503.71,738.57155,bootstrap,10530.393,0.54746929,False,True
K02135.03,272601590,pdc,SPOC,PDCSAP_FLUX,OK,4,"74,75,81,82",120,9,254.3606,369.23788,bootstrap,11650.615,0.5059475,False,False
K02135.03,272601590,pdc,TESS-SPOC,PDCSAP_FLUX,OK,4,"74,75,81,82",200,9,103.42033,611.89618,bootstrap,8555.9622,1.9376454,False,False
K02135.03,272601590,pdc,QLP,KSPSAP_FLUX,OK,4,"14,15,41,54","1800,600",10,964.19844,868.86905,bootstrap,6404.9502,1.5532212,False,False
K02135.03,272601590,pdc,QLP,DET_FLUX,OK,4,"74,75,81,82",200,11,334.39199,432.54365,bootstrap,12318.952,0.86071925,False,False
K02135.03,272601590,sap,SPOC,SAP_FLUX,OK,4,"74,75,81,82",120,11,-22.146089,176.55006,bootstrap,3792.6406,0.59796794,False,False
K02135.03,272601590,sap,TESS-SPOC,SAP_FLUX,OK,4,"74,75,81,82",200,11,-24.918739,162.23687,bootstrap,2587.8324,0.90286156,False,False
K02135.03,272601590,sap,QLP,SAP_FLUX,OK,8,"14,15,41,54,74,75,81,82","1800,200,600",21,644.58573,460.10788,bootstrap,10557.315,0.28890201,False,True
K04706.01,273045068,pdc,SPOC,PDCSAP_FLUX,OK,4,"74,75,81,82",120,2,-135.3789,605.22037,analytic,7944.071,,False,False
K04706.01,273045068,pdc,TESS-SPOC,PDCSAP_FLUX,OK,4,"74,75,81,82",200,2,-533.61244,703.15188,analytic,7092.7533,,False,False
K04706.01,273045068,pdc,QLP,KSPSAP_FLUX,OK,4,"14,15,41,54","1800,600",2,-2163.4161,1322.2656,analytic,5939.1731,1.4629877,False,False
K04706.01,273045068,pdc,QLP,DET_FLUX,OK,4,"74,75,81,82",200,2,-2724.4235,938.96742,analytic,9576.2354,,False,False
K04706.01,273045068,sap,SPOC,SAP_FLUX,OK,4,"74,75,81,82",120,2,-275.01806,469.14382,analytic,6128.0358,,False,False
K04706.01,273045068,sap,TESS-SPOC,SAP_FLUX,OK,4,"74,75,81,82",200,2,-524.38204,480.4047,analytic,4889.8183,,False,False
K04706.01,273045068,sap,QLP,SAP_FLUX,OK,8,"14,15,41,54,74,75,81,82","1800,200,600",4,-187.00337,704.98127,analytic,7892.1309,2.5976638,False,True
K01608.01,351898154,pdc,SPOC,PDCSAP_FLUX,OK,10,"40,41,53,54,55,74,75,80,81,82",120,24,90.773804,151.57954,bootstrap,7079.2096,0.94576888,False,False
K01608.01,351898154,pdc,TESS-SPOC,PDCSAP_FLUX,OK,10,"40,41,53,54,55,74,75,80,81,82","200,600",24,121.95179,207.59486,bootstrap,4321.8839,0.40046718,False,False
K01608.01,351898154,pdc,QLP,KSPSAP_FLUX,OK,6,"14,40,41,53,54,55","1800,600",16,-18.383121,466.24518,bootstrap,4752.7242,0.28713916,False,False
K01608.01,351898154,pdc,QLP,DET_FLUX,OK,5,"74,75,80,81,82",200,12,-327.64571,460.11622,bootstrap,9237.8171,1.0442948,False,False
K01608.01,351898154,sap,SPOC,SAP_FLUX,OK,10,"40,41,53,54,55,74,75,80,81,82",120,26,-214.81904,319.65721,bootstrap,6824.9506,1.3096871,False,False
K01608.01,351898154,sap,TESS-SPOC,SAP_FLUX,OK,10,"40,41,53,54,55,74,75,80,81,82","200,600",26,-50.818023,313.83908,bootstrap,3900.3221,1.0374545,False,False
K01608.01,351898154,sap,QLP,SAP_FLUX,OK,11,"14,40,41,53,54,55,74,75,80,81,82","1800,200,600",28,-84.957714,372.93449,bootstrap,5881.8818,0.76572885,False,True
K01608.02,351898154,pdc,SPOC,PDCSAP_FLUX,OK,10,"40,41,53,54,55,74,75,80,81,82",120,9,-923.47935,280.34721,bootstrap,7036.875,0.79482649,False,False
K01608.02,351898154,pdc,TESS-SPOC,PDCSAP_FLUX,OK,10,"40,41,53,54,55,74,75,80,81,82","200,600",9,-895.47766,343.45297,bootstrap,5150.3113,1.3959417,False,False
K01608.02,351898154,pdc,QLP,KSPSAP_FLUX,OK,6,"14,40,41,53,54,55","1800,600",5,-744.38144,589.41792,analytic,4818.9802,0.71542772,False,False
K01608.02,351898154,pdc,QLP,DET_FLUX,OK,5,"74,75,80,81,82",200,6,-1068.0533,547.63436,analytic,8381.6299,1.615558,False,False
K01608.02,351898154,sap,SPOC,SAP_FLUX,OK,10,"40,41,53,54,55,74,75,80,81,82",120,11,-1662.3629,817.10749,bootstrap,7307.81,3.0298929,False,False
K01608.02,351898154,sap,TESS-SPOC,SAP_FLUX,OK,10,"40,41,53,54,55,74,75,80,81,82","200,600",11,-1450.2506,900.8667,bootstrap,4573.3603,4.1464689,False,False
K01608.02,351898154,sap,QLP,SAP_FLUX,OK,11,"14,40,41,53,54,55,74,75,80,81,82","1800,200,600",11,-995.47325,505.00484,bootstrap,7684.2089,0.7358949,False,True
K01608.03,351898154,pdc,SPOC,PDCSAP_FLUX,NO_USABLE_TRANSIT,10,"40,41,53,54,55,74,75,80,81,82",120,0,,,none,,,False,False
K01608.03,351898154,pdc,TESS-SPOC,PDCSAP_FLUX,NO_USABLE_TRANSIT,10,"40,41,53,54,55,74,75,80,81,82","200,600",0,,,none,,,False,False
K01608.03,351898154,pdc,QLP,KSPSAP_FLUX,NO_USABLE_TRANSIT,6,"14,40,41,53,54,55","1800,600",0,,,none,,,False,False
K01608.03,351898154,pdc,QLP,DET_FLUX,NO_USABLE_TRANSIT,5,"74,75,80,81,82",200,0,,,none,,,False,False
K01608.03,351898154,sap,SPOC,SAP_FLUX,NO_USABLE_TRANSIT,10,"40,41,53,54,55,74,75,80,81,82",120,0,,,none,,,False,False
K01608.03,351898154,sap,TESS-SPOC,SAP_FLUX,NO_USABLE_TRANSIT,10,"40,41,53,54,55,74,75,80,81,82","200,600",0,,,none,,,False,False
K01608.03,351898154,sap,QLP,SAP_FLUX,NO_USABLE_TRANSIT,11,"14,40,41,53,54,55,74,75,80,81,82","1800,200,600",0,,,none,,,False,True
K03234.01,164525743,pdc,SPOC,PDCSAP_FLUX,OK,9,"40,41,53,54,55,75,80,81,82",120,87,45.592141,65.408103,bootstrap,2910.3212,0.60242746,False,False
K03234.01,164525743,pdc,TESS-SPOC,PDCSAP_FLUX,OK,11,"14,26,40,41,53,54,55,75,80,81,82","1800,200,600",104,-16.23915,53.123949,bootstrap,1496.9416,0.11213062,True,False
K03234.01,164525743,pdc,QLP,KSPSAP_FLUX,OK,7,"14,26,40,41,53,54,55","1800,600",72,-216.23285,99.030229,bootstrap,1435.6735,0.23468565,True,False
K03234.01,164525743,pdc,QLP,DET_FLUX,OK,4,"75,80,81,82",200,42,-24.201883,126.64131,bootstrap,2622.3366,0.59103329,False,False
K03234.01,164525743,sap,SPOC,SAP_FLUX,OK,9,"40,41,53,54,55,75,80,81,82",120,95,40.734813,60.152891,bootstrap,2779.5445,1.1006649,False,False
K03234.01,164525743,sap,TESS-SPOC,SAP_FLUX,OK,11,"14,26,40,41,53,54,55,75,80,81,82","1800,200,600",114,-34.616207,53.54231,bootstrap,1408.4216,0.048577293,True,False
K03234.01,164525743,sap,QLP,SAP_FLUX,OK,11,"14,26,40,41,53,54,55,75,80,81,82","1800,200,600",114,-113.11737,80.069135,bootstrap,1852.7486,0.31925018,True,True
K07988.01,272600658,pdc,SPOC,PDCSAP_FLUX,OK,4,"74,75,81,82",120,1,-201.16836,181.02108,analytic,1217.7909,,False,False
K07988.01,272600658,pdc,TESS-SPOC,PDCSAP_FLUX,OK,4,"74,75,81,82",200,1,-173.99263,189.92481,analytic,992.37464,,False,False
K07988.01,272600658,pdc,QLP,KSPSAP_FLUX,NO_USABLE_TRANSIT,4,"14,15,41,54","1800,600",0,,,none,,,False,False
K07988.01,272600658,pdc,QLP,DET_FLUX,OK,4,"74,75,81,82",200,1,-300.28172,242.02082,analytic,1264.5811,,False,False
K07988.01,272600658,sap,SPOC,SAP_FLUX,OK,4,"74,75,81,82",120,1,-91.266834,151.06186,analytic,1016.2449,,False,False
K07988.01,272600658,sap,TESS-SPOC,SAP_FLUX,OK,4,"74,75,81,82",200,1,-143.53868,147.11436,analytic,768.6861,,False,False
K07988.01,272600658,sap,QLP,SAP_FLUX,OK,8,"14,15,41,54,74,75,81,82","1800,200,600",1,-314.00794,235.77256,analytic,1231.9333,,False,True
K06216.01,158561428,pdc,SPOC,PDCSAP_FLUX,OK,10,"40,41,53,54,55,74,75,80,81,82",120,10,-115.00398,175.99615,bootstrap,2255.8806,0.44636686,False,False
K06216.01,158561428,pdc,TESS-SPOC,PDCSAP_FLUX,OK,13,"14,15,26,40,41,53,54,55,74,75,80,81,82","1800,200,600",13,-154.82654,156.71778,bootstrap,1125.5687,1.1914388,False,False
K06216.01,158561428,pdc,QLP,KSPSAP_FLUX,OK,8,"14,15,26,40,41,53,54,55","1800,600",8,110.09098,168.84749,bootstrap,1093.4395,0.58514217,False,False
K06216.01,158561428,pdc,QLP,DET_FLUX,OK,5,"74,75,80,81,82",200,5,-449.30292,197.17015,analytic,2094.1602,0.43833483,False,False
K06216.01,158561428,sap,SPOC,SAP_FLUX,OK,10,"40,41,53,54,55,74,75,80,81,82",120,10,-111.6471,164.24411,bootstrap,2165.4945,0.22236963,False,False
K06216.01,158561428,sap,TESS-SPOC,SAP_FLUX,OK,13,"14,15,26,40,41,53,54,55,74,75,80,81,82","1800,200,600",13,-178.60664,152.18802,bootstrap,989.07318,0.89801351,False,False
K06216.01,158561428,sap,QLP,SAP_FLUX,OK,13,"14,15,26,40,41,53,54,55,74,75,80,81,82","1800,200,600",13,-72.609543,134.80983,bootstrap,1361.0539,0.57741002,False,True
K06216.02,158561428,pdc,SPOC,PDCSAP_FLUX,OK,10,"40,41,53,54,55,74,75,80,81,82",120,4,-160.65799,250.10288,analytic,2739.1701,,False,False
K06216.02,158561428,pdc,TESS-SPOC,PDCSAP_FLUX,OK,13,"14,15,26,40,41,53,54,55,74,75,80,81,82","1800,200,600",5,-500.32018,229.57753,analytic,1166.9649,2.2598269,True,False
K06216.02,158561428,pdc,QLP,KSPSAP_FLUX,OK,8,"14,15,26,40,41,53,54,55","1800,600",3,-1014.0919,381.3145,analytic,1243.4431,0.85092167,True,False
K06216.02,158561428,pdc,QLP,DET_FLUX,OK,5,"74,75,80,81,82",200,2,463.46917,332.3915,analytic,1977.2213,,False,False
K06216.02,158561428,sap,SPOC,SAP_FLUX,OK,10,"40,41,53,54,55,74,75,80,81,82",120,4,-129.15479,231.0854,analytic,2527.1665,,False,False
K06216.02,158561428,sap,TESS-SPOC,SAP_FLUX,OK,13,"14,15,26,40,41,53,54,55,74,75,80,81,82","1800,200,600",5,-325.88898,212.57424,analytic,1074.9136,0.94735092,True,False
K06216.02,158561428,sap,QLP,SAP_FLUX,OK,13,"14,15,26,40,41,53,54,55,74,75,80,81,82","1800,200,600",5,-231.39684,257.32425,analytic,1394.4271,1.7777854,True,True
K02147.01,63069779,pdc,SPOC,PDCSAP_FLUX,OK,4,"74,75,81,82",120,2,4130.0205,1118.4967,analytic,14429.552,0.46753325,False,True
K02147.01,63069779,pdc,TESS-SPOC,PDCSAP_FLUX,OK,4,"74,75,81,82",200,2,4406.9938,1182.0769,analytic,12423.38,0.57618354,False,False
K02147.01,63069779,sap,SPOC,SAP_FLUX,OK,4,"74,75,81,82",120,2,3681.9553,962.22486,analytic,12097.473,0.38579028,False,True
K02147.01,63069779,sap,TESS-SPOC,SAP_FLUX,OK,4,"74,75,81,82",200,2,3840.5362,917.0699,analytic,9508.0541,0.35288572,False,False
K02147.02,63069779,pdc,SPOC,PDCSAP_FLUX,OK,4,"74,75,81,82",120,8,-568.20638,1199.1201,bootstrap,13301.42,2.2720279,False,True
K02147.02,63069779,pdc,TESS-SPOC,PDCSAP_FLUX,OK,4,"74,75,81,82",200,8,-20.409975,1197.9892,bootstrap,10352.049,2.3759688,False,False
K02147.02,63069779,sap,SPOC,SAP_FLUX,OK,4,"74,75,81,82",120,10,-492.01287,978.41096,bootstrap,11064.315,2.2268798,False,True
K02147.02,63069779,sap,TESS-SPOC,SAP_FLUX,OK,4,"74,75,81,82",200,10,7.3472727,894.82348,bootstrap,8178.8755,2.1045648,False,False
K00251.01,273873718,pdc,SPOC,PDCSAP_FLUX,OK,7,"41,54,74,75,76,81,82",120,39,2584.4762,444.94051,bootstrap,16346.977,0.4457339,False,False
K00251.01,273873718,pdc,TESS-SPOC,PDCSAP_FLUX,OK,7,"41,54,74,75,76,81,82","200,600",39,3508.3372,583.95955,bootstrap,12326.64,0.083313036,False,False
K00251.01,273873718,pdc,QLP,KSPSAP_FLUX,OK,2,"41,54",600,12,4344.5057,2442.6945,bootstrap,10916.763,2.3565109,False,False
K00251.01,273873718,pdc,QLP,DET_FLUX,OK,6,"56,74,75,76,81,82",200,37,1127.2136,699.50621,bootstrap,20630.677,0.57173933,False,False
K00251.01,273873718,sap,SPOC,SAP_FLUX,OK,7,"41,54,74,75,76,81,82",120,42,1261.7027,261.52936,bootstrap,9520.9174,0.13824833,False,False
K00251.01,273873718,sap,TESS-SPOC,SAP_FLUX,OK,7,"41,54,74,75,76,81,82","200,600",42,1523.0813,248.30127,bootstrap,5792.983,0.59143275,False,False
K00251.01,273873718,sap,QLP,SAP_FLUX,OK,8,"41,54,56,74,75,76,81,82","200,600",49,2239.4741,825.48744,bootstrap,19440.214,1.0665829,False,True
K00251.02,273873718,pdc,SPOC,PDCSAP_FLUX,OK,7,"41,54,74,75,76,81,82",120,33,153.90537,669.95421,bootstrap,17303.642,0.26376916,False,False
K00251.02,273873718,pdc,TESS-SPOC,PDCSAP_FLUX,OK,7,"41,54,74,75,76,81,82","200,600",33,322.15591,574.64776,bootstrap,13540.316,0.81878182,False,False
K00251.02,273873718,pdc,QLP,KSPSAP_FLUX,OK,2,"41,54",600,9,2010.4099,2390.3836,bootstrap,12337.731,2.8592751,False,False
K00251.02,273873718,pdc,QLP,DET_FLUX,OK,6,"56,74,75,76,81,82",200,29,745.31519,840.84739,bootstrap,20034.592,3.0361972,False,False
K00251.02,273873718,sap,SPOC,SAP_FLUX,OK,7,"41,54,74,75,76,81,82",120,33,27.480494,348.33784,bootstrap,9417.1286,0.23341855,False,False
K00251.02,273873718,sap,TESS-SPOC,SAP_FLUX,OK,7,"41,54,74,75,76,81,82","200,600",33,22.712491,274.24284,bootstrap,6879.6783,0.93617501,False,False
K00251.02,273873718,sap,QLP,SAP_FLUX,OK,8,"41,54,56,74,75,76,81,82","200,600",38,1196.3847,913.55196,bootstrap,18678.841,3.9913212,False,True
K00476.01,159727092,pdc,SPOC,PDCSAP_FLUX,OK,2,"81,82",120,3,261.29976,1951.2061,analytic,22203.622,0.25377651,False,True
K00476.01,159727092,pdc,TESS-SPOC,PDCSAP_FLUX,OK,2,"81,82",200,3,231.65841,1817.4927,analytic,15227.047,0.13403255,False,False
K00476.01,159727092,sap,SPOC,SAP_FLUX,OK,2,"81,82",120,3,86.171794,651.54848,analytic,7937.6488,0.38782614,False,True
K00476.01,159727092,sap,TESS-SPOC,SAP_FLUX,OK,2,"81,82",200,3,20.633889,656.36936,analytic,6031.1846,0.31077636,False,False
K02108.01,47976987,pdc,SPOC,PDCSAP_FLUX,OK,5,"74,75,80,81,82",120,2,1432.7465,1363.8104,analytic,22499.674,,False,True
K02108.01,47976987,pdc,TESS-SPOC,PDCSAP_FLUX,OK,5,"74,75,80,81,82",200,2,1947.3735,1422.4095,analytic,18087.276,,False,False
K02108.01,47976987,sap,SPOC,SAP_FLUX,OK,5,"74,75,80,81,82",120,3,-6137.9266,832.815,analytic,16220.65,11.923414,False,True
K02108.01,47976987,sap,TESS-SPOC,SAP_FLUX,OK,5,"74,75,80,81,82",200,3,-5855.5212,855.46032,analytic,12878.819,11.760342,False,False
K00600.01,405719849,pdc,SPOC,PDCSAP_FLUX,OK,2,"80,82",120,11,413.98058,415.95825,bootstrap,14909.423,0.15438478,False,True
K00600.01,405719849,pdc,TESS-SPOC,PDCSAP_FLUX,OK,2,"80,82",200,11,721.88774,392.43696,bootstrap,11655.983,0.81959246,False,False
K00600.01,405719849,sap,SPOC,SAP_FLUX,OK,2,"80,82",120,15,57.326624,305.56908,bootstrap,8413.4906,0.073515304,False,True
K00600.01,405719849,sap,TESS-SPOC,SAP_FLUX,OK,2,"80,82",200,15,218.27607,234.27397,bootstrap,6491.9441,0.84233861,False,False
K00600.02,405719849,pdc,SPOC,PDCSAP_FLUX,OK,2,"80,82",120,1,3102.4304,960.84704,analytic,13745.857,,False,True
K00600.02,405719849,pdc,TESS-SPOC,PDCSAP_FLUX,OK,2,"80,82",200,1,3473.3859,1113.8421,analytic,12317.415,,False,False
K00600.02,405719849,sap,SPOC,SAP_FLUX,OK,2,"80,82",120,1,1598.7642,545.58255,analytic,7805.0922,,False,True
K00600.02,405719849,sap,TESS-SPOC,SAP_FLUX,OK,2,"80,82",200,1,1909.4676,548.82922,analytic,6069.224,,False,False
K00209.01,299032847,pdc,SPOC,PDCSAP_FLUX,OK,5,"74,75,80,81,82",120,2,4806.2035,585.80335,analytic,10333.26,,False,True
K00209.01,299032847,pdc,TESS-SPOC,PDCSAP_FLUX,OK,5,"74,75,80,81,82",200,2,5015.0646,647.3298,analytic,8812.1468,,False,False
K00209.01,299032847,sap,SPOC,SAP_FLUX,OK,5,"74,75,80,81,82",120,3,4718.7803,527.5661,analytic,10459.31,0.16989444,False,True
K00209.01,299032847,sap,TESS-SPOC,SAP_FLUX,OK,5,"74,75,80,81,82",200,3,4608.7691,550.42353,analytic,7959.9118,0.25952492,False,False
K00209.02,299032847,pdc,SPOC,PDCSAP_FLUX,OK,5,"74,75,80,81,82",120,6,1774.049,488.28402,analytic,12413.858,0.41837626,False,True
K00209.02,299032847,pdc,TESS-SPOC,PDCSAP_FLUX,OK,5,"74,75,80,81,82",200,6,1927.7914,480.34031,analytic,9415.8546,0.55630506,False,False
K00209.02,299032847,sap,SPOC,SAP_FLUX,OK,5,"74,75,80,81,82",120,7,2056.349,448.47844,analytic,12331.017,0.60320756,False,True
K00209.02,299032847,sap,TESS-SPOC,SAP_FLUX,OK,5,"74,75,80,81,82",200,7,1920.5532,408.45747,analytic,8614.7293,0.1335825,False,False
K04335.01,26416803,pdc,SPOC,PDCSAP_FLUX,OK,4,"74,75,81,82",120,12,5742.415,4131.7945,bootstrap,38977.852,0.029290319,False,True
K04335.01,26416803,pdc,TESS-SPOC,PDCSAP_FLUX,OK,4,"74,75,81,82",200,12,5092.1178,1585.0617,bootstrap,29102.336,1.2414325,False,False
K04335.01,26416803,sap,SPOC,SAP_FLUX,OK,4,"74,75,81,82",120,14,451.70669,522.22765,bootstrap,4070.8383,4.4424542,False,True
K04335.01,26416803,sap,TESS-SPOC,SAP_FLUX,OK,4,"74,75,81,82",200,14,176.45374,373.36952,bootstrap,2777.4884,3.6049261,False,False
K00003.01,28230919,pdc,SPOC,PDCSAP_FLUX,OK,11,"14,15,41,54,55,56,74,75,76,82,83",120,58,3867.2351,15.376694,bootstrap,512.69263,0.86320704,False,True
K00003.01,28230919,pdc,TESS-SPOC,PDCSAP_FLUX,OK,11,"14,15,41,54,55,56,74,75,76,82,83","1800,200,600",58,3914.7604,21.808657,bootstrap,342.5652,1.3466366,True,False
K00003.01,28230919,pdc,QLP,KSPSAP_FLUX,OK,5,"14,15,41,54,55","1800,600",26,3920.1268,44.574206,bootstrap,209.62428,0.63453047,True,False
K00003.01,28230919,pdc,QLP,DET_FLUX,OK,6,"56,74,75,76,82,83",200,33,3885.4227,22.687563,bootstrap,417.10198,0.08495336,False,False
K00003.01,28230919,sap,SPOC,SAP_FLUX,OK,11,"14,15,41,54,55,56,74,75,76,82,83",120,59,3795.6121,13.349736,bootstrap,557.41276,1.8033817,False,True
K00003.01,28230919,sap,TESS-SPOC,SAP_FLUX,OK,11,"14,15,41,54,55,56,74,75,76,82,83","1800,200,600",59,3833.8412,15.010626,bootstrap,331.85898,0.91473731,True,False
K00003.01,28230919,sap,QLP,SAP_FLUX,OK,11,"14,15,41,54,55,56,74,75,76,82,83","1800,200,600",59,3899.326,23.221515,bootstrap,339.51024,0.44562511,True,False
K00174.01,27987264,pdc,SPOC,PDCSAP_FLUX,OK,5,"41,54,55,74,75",120,2,2281.6544,812.77799,analytic,8269.3911,,False,False
K00174.01,27987264,pdc,TESS-SPOC,PDCSAP_FLUX,OK,5,"41,54,55,74,75","200,600",2,2795.8632,783.64472,analytic,4648.6534,,False,False
K00174.01,27987264,pdc,QLP,KSPSAP_FLUX,OK,5,"14,15,41,54,55","1800,600",1,4809.8434,2220.6189,analytic,6720.4789,,False,False
K00174.01,27987264,pdc,QLP,DET_FLUX,OK,3,"56,74,75",200,1,2545.084,1776.7828,analytic,9634.7532,,False,False
K00174.01,27987264,sap,SPOC,SAP_FLUX,OK,5,"41,54,55,74,75",120,2,1944.7169,724.19394,analytic,7205.4497,,False,False
K00174.01,27987264,sap,TESS-SPOC,SAP_FLUX,OK,5,"41,54,55,74,75","200,600",2,2084.5608,590.46231,analytic,3518.2021,,False,False
K00174.01,27987264,sap,QLP,SAP_FLUX,OK,8,"14,15,41,54,55,56,74,75","1800,200,600",2,3437.9194,1375.079,analytic,8104.9912,,False,True
K05831.01,28230054,pdc,SPOC,PDCSAP_FLUX,OK,5,"41,54,55,76,83",120,12,3053.8067,1931.2303,bootstrap,45889.77,0.12512107,False,True
K05831.01,28230054,pdc,TESS-SPOC,PDCSAP_FLUX,OK,5,"41,54,55,76,83","200,600",12,1973.7041,2987.3277,bootstrap,33322.284,0.51550135,False,False
K05831.01,28230054,sap,SPOC,SAP_FLUX,OK,5,"41,54,55,76,83",120,12,1003.4797,731.43956,bootstrap,16004.837,0.45803431,False,True
K05831.01,28230054,sap,TESS-SPOC,SAP_FLUX,OK,5,"41,54,55,76,83","200,600",12,560.57303,959.74233,bootstrap,10241.401,0.0011972693,False,False
K00431.01,48188777,pdc,SPOC,PDCSAP_FLUX,OK,4,"75,80,81,82",120,4,1146.4157,754.41129,analytic,10186.222,2.0758619,False,True
K00431.01,48188777,pdc,TESS-SPOC,PDCSAP_FLUX,OK,4,"75,80,81,82",200,4,1304.1339,786.27337,analytic,8121.6407,2.1813456,False,False
K00431.01,48188777,sap,SPOC,SAP_FLUX,OK,4,"75,80,81,82",120,5,1204.1009,659.57613,analytic,10058.442,1.1379785,False,True
K00431.01,48188777,sap,TESS-SPOC,SAP_FLUX,OK,4,"75,80,81,82",200,5,1259.3786,660.73604,analytic,7891.7071,1.5626119,False,False
K00431.02,48188777,pdc,SPOC,PDCSAP_FLUX,OK,4,"75,80,81,82",120,1,2384.3739,1299.8703,analytic,9739.357,,False,True
K00431.02,48188777,pdc,TESS-SPOC,PDCSAP_FLUX,OK,4,"75,80,81,82",200,1,2747.7558,1405.5997,analytic,8079.3205,,False,False
K00431.02,48188777,sap,SPOC,SAP_FLUX,OK,4,"75,80,81,82",120,1,2105.1813,1242.2369,analytic,9307.5347,,False,True
K00431.02,48188777,sap,TESS-SPOC,SAP_FLUX,OK,4,"75,80,81,82",200,1,2417.5042,1247.9784,analytic,7173.321,,False,False
K01303.01,27183544,pdc,SPOC,PDCSAP_FLUX,NO_USABLE_TRANSIT,2,"81,82",120,0,,,none,,,False,True
K01303.01,27183544,pdc,TESS-SPOC,PDCSAP_FLUX,NO_USABLE_TRANSIT,2,"81,82",200,0,,,none,,,False,False
K01303.01,27183544,sap,SPOC,SAP_FLUX,NO_USABLE_TRANSIT,2,"81,82",120,0,,,none,,,False,True
K01303.01,27183544,sap,TESS-SPOC,SAP_FLUX,NO_USABLE_TRANSIT,2,"81,82",200,0,,,none,,,False,False
K00017.01,27916356,pdc,SPOC,PDCSAP_FLUX,OK,6,"41,54,55,56,74,75",120,48,9553.8408,129.3493,bootstrap,5514.4781,0.12875872,False,False
K00017.01,27916356,pdc,TESS-SPOC,PDCSAP_FLUX,OK,6,"41,54,55,56,74,75","200,600",48,9907.7084,155.7808,bootstrap,3299.794,1.2163,False,False
K00017.01,27916356,pdc,QLP,KSPSAP_FLUX,OK,5,"14,15,41,54,55","1800,600",40,9626.0127,292.80527,bootstrap,3500.1512,0.3600485,False,False
K00017.01,27916356,pdc,QLP,DET_FLUX,OK,4,"56,74,75,76",200,34,9158.7214,357.01469,bootstrap,6419.9219,0.46299518,False,False
K00017.01,27916356,sap,SPOC,SAP_FLUX,OK,6,"41,54,55,56,74,75",120,50,7412.2331,125.60753,bootstrap,4264.1123,0.90346312,False,False
K00017.01,27916356,sap,TESS-SPOC,SAP_FLUX,OK,6,"41,54,55,56,74,75","200,600",50,7438.2852,146.17596,bootstrap,2589.8834,1.4834352,False,False
K00017.01,27916356,sap,QLP,SAP_FLUX,OK,9,"14,15,41,54,55,56,74,75,76","1800,200,600",74,9870.3079,143.68837,bootstrap,5066.8098,1.307612,False,True
K04692.02,407002020,pdc,SPOC,PDCSAP_FLUX,OK,3,"80,81,82",120,7,1096.1282,918.89228,analytic,18135.683,0.59821937,False,True
K04692.02,407002020,pdc,TESS-SPOC,PDCSAP_FLUX,OK,3,"80,81,82",200,7,1001.6322,926.85586,analytic,13821.421,0.73292661,False,False
K04692.02,407002020,sap,SPOC,SAP_FLUX,OK,3,"80,81,82",120,8,900.71985,659.71374,bootstrap,14077.012,0.12101603,False,True
K04692.02,407002020,sap,TESS-SPOC,SAP_FLUX,OK,3,"80,81,82",200,8,514.30536,608.42182,bootstrap,10347.027,0.35567482,False,False
K01307.01,417660580,pdc,SPOC,PDCSAP_FLUX,OK,3,"80,81,82",120,1,-1183.3445,2041.103,analytic,14518.871,,False,True
K01307.01,417660580,pdc,TESS-SPOC,PDCSAP_FLUX,OK,3,"80,81,82",200,1,-1340.1525,2262.1973,analytic,12425.916,,False,False
K01307.01,417660580,sap,SPOC,SAP_FLUX,OK,3,"80,81,82",120,1,-662.46144,1438.2727,analytic,10230.79,,False,True
K01307.01,417660580,sap,TESS-SPOC,SAP_FLUX,OK,3,"80,81,82",200,1,-892.11156,1498.8937,analytic,8233.2021,,False,False
K01307.02,417660580,pdc,SPOC,PDCSAP_FLUX,OK,3,"80,81,82",120,3,1996.8631,1772.4226,analytic,18579.177,0.05558887,False,True
K01307.02,417660580,pdc,TESS-SPOC,PDCSAP_FLUX,OK,3,"80,81,82",200,3,3565.0664,2075.8875,analytic,16165.524,0.11114152,False,False
K01307.02,417660580,sap,SPOC,SAP_FLUX,OK,3,"80,81,82",120,4,938.31783,1120.5441,analytic,13781.917,0.37496289,False,True
K01307.02,417660580,sap,TESS-SPOC,SAP_FLUX,OK,3,"80,81,82",200,4,2077.5754,1308.3877,analytic,11372.44,0.39067247,False,False
K00478.01,28361088,pdc,SPOC,PDCSAP_FLUX,OK,8,"41,54,55,74,75,76,82,83",120,19,1441.0637,389.95769,bootstrap,7907.5691,1.836808,False,False
K00478.01,28361088,pdc,TESS-SPOC,PDCSAP_FLUX,OK,8,"41,54,55,74,75,76,82,83","200,600",19,1847.5583,468.06202,bootstrap,5182.0618,2.3112828,False,False
K00478.01,28361088,pdc,QLP,KSPSAP_FLUX,OK,5,"14,15,41,54,55","1800,600",10,1282.7545,1048.5592,bootstrap,4102.0169,0.38375092,True,False
K00478.01,28361088,pdc,QLP,DET_FLUX,OK,6,"56,74,75,76,82,83",200,15,1612.7615,635.14083,bootstrap,9294.3082,1.1942633,False,False
K00478.01,28361088,sap,SPOC,SAP_FLUX,OK,8,"41,54,55,74,75,76,82,83",120,19,1171.683,356.45211,bootstrap,6678.9912,1.3024559,False,False
K00478.01,28361088,sap,TESS-SPOC,SAP_FLUX,OK,8,"41,54,55,74,75,76,82,83","200,600",19,1380.2748,368.35246,bootstrap,4203.4658,2.6990659,False,False
K00478.01,28361088,sap,QLP,SAP_FLUX,OK,11,"14,15,41,54,55,56,74,75,76,82,83","1800,200,600",25,1514.6354,554.57579,bootstrap,7342.7174,0.51047202,True,True
K05854.01,406948587,pdc,SPOC,PDCSAP_FLUX,OK,5,"74,75,80,81,82",120,1,1672.4385,987.65029,analytic,12463.105,,False,True
K05854.01,406948587,pdc,TESS-SPOC,PDCSAP_FLUX,OK,5,"74,75,80,81,82",200,1,1670.2821,1061.2152,analytic,10353.687,,False,False
K05854.01,406948587,sap,SPOC,SAP_FLUX,OK,5,"74,75,80,81,82",120,1,292.70697,521.9416,analytic,6586.3524,,False,True
K05854.01,406948587,sap,TESS-SPOC,SAP_FLUX,OK,5,"74,75,80,81,82",200,1,304.4894,516.27808,analytic,5037.0384,,False,False
K07404.01,48188449,pdc,SPOC,PDCSAP_FLUX,OK,4,"75,80,81,82",120,50,918.21336,1052.0527,bootstrap,27784.365,0.20183465,False,True
K07404.01,48188449,pdc,TESS-SPOC,PDCSAP_FLUX,OK,4,"75,80,81,82",200,50,2075.3553,1576.4825,bootstrap,21150.205,0.74911455,False,False
K07404.01,48188449,sap,SPOC,SAP_FLUX,OK,4,"75,80,81,82",120,58,459.90425,554.79655,bootstrap,16117.031,0.21428478,False,True
K07404.01,48188449,sap,TESS-SPOC,SAP_FLUX,OK,4,"75,80,81,82",200,58,1093.9247,753.1346,bootstrap,11981.522,0.63562009,False,False
K05860.01,350813182,pdc,SPOC,PDCSAP_FLUX,OK,4,"74,75,80,82",120,1,-776.46995,700.52767,analytic,5270.5275,,False,False
K05860.01,350813182,pdc,TESS-SPOC,PDCSAP_FLUX,OK,4,"74,75,80,82",200,1,-754.20549,696.24304,analytic,4042.2294,,False,False
K05860.01,350813182,pdc,QLP,KSPSAP_FLUX,OK,7,"14,15,40,41,53,54,55","1800,600",1,-147.32188,1296.1541,analytic,4295.0238,,False,False
K05860.01,350813182,pdc,QLP,DET_FLUX,OK,4,"74,75,80,82",200,1,-365.33783,850.05806,analytic,4935.2446,,False,False
K05860.01,350813182,sap,SPOC,SAP_FLUX,OK,4,"74,75,80,82",120,1,-509.02471,526.94858,analytic,3964.5786,,False,False
K05860.01,350813182,sap,TESS-SPOC,SAP_FLUX,OK,4,"74,75,80,82",200,1,-636.64289,591.94465,analytic,3436.6966,,False,False
K05860.01,350813182,sap,QLP,SAP_FLUX,OK,11,"14,15,40,41,53,54,55,74,75,80,82","1800,200,600",2,-361.72774,724.29714,analytic,4680.7186,,False,True
K05875.01,48217852,pdc,SPOC,PDCSAP_FLUX,OK,9,"40,41,53,54,55,75,80,81,82",120,20,1071.1888,510.96297,bootstrap,14379.8,0.24303238,False,True
K05875.01,48217852,pdc,TESS-SPOC,PDCSAP_FLUX,OK,9,"40,41,53,54,55,75,80,81,82","200,600",20,540.84579,649.67566,bootstrap,8596.2827,0.71868601,False,False
K05875.01,48217852,sap,SPOC,SAP_FLUX,OK,9,"40,41,53,54,55,75,80,81,82",120,23,98.134823,240.94732,bootstrap,7661.308,0.39415996,False,True
K05875.01,48217852,sap,TESS-SPOC,SAP_FLUX,OK,9,"40,41,53,54,55,75,80,81,82","200,600",23,159.84681,287.37898,bootstrap,3890.1888,0.73493152,False,False
K05875.02,48217852,pdc,SPOC,PDCSAP_FLUX,OK,9,"40,41,53,54,55,75,80,81,82",120,46,481.00724,406.62575,bootstrap,15502.767,0.23196516,False,True
K05875.02,48217852,pdc,TESS-SPOC,PDCSAP_FLUX,OK,9,"40,41,53,54,55,75,80,81,82","200,600",46,933.99608,390.37092,bootstrap,8166.6014,0.5274428,False,False
K05875.02,48217852,sap,SPOC,SAP_FLUX,OK,9,"40,41,53,54,55,75,80,81,82",120,52,-18.538272,176.66679,bootstrap,7211.6453,0.62311351,False,True
K05875.02,48217852,sap,TESS-SPOC,SAP_FLUX,OK,9,"40,41,53,54,55,75,80,81,82","200,600",52,215.2635,170.52449,bootstrap,3862.9223,0.24108067,False,False
K00481.01,26814955,pdc,SPOC,PDCSAP_FLUX,OK,4,"74,75,81,82",120,12,572.77518,620.32422,bootstrap,14735.865,0.30309526,False,True
K00481.01,26814955,pdc,TESS-SPOC,PDCSAP_FLUX,OK,4,"74,75,81,82",200,12,-63.475213,997.0039,bootstrap,13043.237,1.3045318,False,False
K00481.01,26814955,sap,SPOC,SAP_FLUX,OK,4,"74,75,81,82",120,13,469.77773,433.16727,bootstrap,6377.8487,1.6547891,False,True
K00481.01,26814955,sap,TESS-SPOC,SAP_FLUX,OK,4,"74,75,81,82",200,13,249.63391,410.51946,bootstrap,5336.8693,1.9268006,False,False
K00481.02,26814955,pdc,SPOC,PDCSAP_FLUX,OK,4,"74,75,81,82",120,60,432.66064,396.32237,bootstrap,16259.938,0.79389773,False,True
K00481.02,26814955,pdc,TESS-SPOC,PDCSAP_FLUX,OK,4,"74,75,81,82",200,60,446.11485,427.53557,bootstrap,12393.232,0.85220442,False,False
K00481.02,26814955,sap,SPOC,SAP_FLUX,OK,4,"74,75,81,82",120,66,198.06346,160.38317,bootstrap,6739.2108,0.22569876,False,True
K00481.02,26814955,sap,TESS-SPOC,SAP_FLUX,OK,4,"74,75,81,82",200,66,145.53406,163.26723,bootstrap,5248.9457,0.1776002,False,False
K00481.03,26814955,pdc,SPOC,PDCSAP_FLUX,OK,4,"74,75,81,82",120,2,3116.6571,1480.1372,analytic,17271.088,2.1985267,False,True
K00481.03,26814955,pdc,TESS-SPOC,PDCSAP_FLUX,OK,4,"74,75,81,82",200,2,965.5351,1742.7114,analytic,15918.055,2.2573308,False,False
K00481.03,26814955,sap,SPOC,SAP_FLUX,OK,4,"74,75,81,82",120,3,787.09129,524.24264,analytic,7386.4142,2.8228486,False,True
K00481.03,26814955,sap,TESS-SPOC,SAP_FLUX,OK,4,"74,75,81,82",200,3,460.6622,523.81559,analytic,6394.7741,2.6484338,False,False
K00294.01,28448711,pdc,SPOC,PDCSAP_FLUX,OK,7,"41,54,55,74,76,81,83",120,4,321.77596,240.61116,analytic,4436.69,2.2831205,False,False
K00294.01,28448711,pdc,TESS-SPOC,PDCSAP_FLUX,OK,7,"41,54,55,74,76,81,83","200,600",4,251.64314,247.74063,analytic,3331.3083,1.5822331,False,False
K00294.01,28448711,pdc,QLP,KSPSAP_FLUX,OK,5,"14,15,41,54,55","1800,600",2,663.11536,534.59843,analytic,3169.6059,0.2457499,False,False
K00294.01,28448711,pdc,QLP,DET_FLUX,OK,5,"56,74,76,81,83",200,3,-263.06661,361.72518,analytic,4219.5306,1.0432242,False,False
K00294.01,28448711,sap,SPOC,SAP_FLUX,OK,7,"41,54,55,74,76,81,83",120,4,159.82446,208.57478,analytic,3768.2015,1.1007247,False,False
K00294.01,28448711,sap,TESS-SPOC,SAP_FLUX,OK,7,"41,54,55,74,76,81,83","200,600",4,204.9812,202.13854,analytic,2538.6901,1.2877697,False,False
K00294.01,28448711,sap,QLP,SAP_FLUX,OK,10,"14,15,41,54,55,56,74,76,81,83","1800,200,600",5,-56.424059,297.27625,analytic,3995.2101,1.5231724,False,True
K08047.01,290034561,pdc,SPOC,PDCSAP_FLUX,NO_USABLE_TRANSIT,3,"80,81,82",120,0,,,none,,,False,True
K08047.01,290034561,pdc,TESS-SPOC,PDCSAP_FLUX,NO_USABLE_TRANSIT,3,"80,81,82",200,0,,,none,,,False,False
K08047.01,290034561,sap,SPOC,SAP_FLUX,NO_USABLE_TRANSIT,3,"80,81,82",120,0,,,none,,,False,True
K08047.01,290034561,sap,TESS-SPOC,SAP_FLUX,NO_USABLE_TRANSIT,3,"80,81,82",200,0,,,none,,,False,False
K01421.01,399954001,pdc,SPOC,PDCSAP_FLUX,NO_USABLE_TRANSIT,3,"80,81,82",120,0,,,none,,,False,True
K01421.01,399954001,pdc,TESS-SPOC,PDCSAP_FLUX,NO_USABLE_TRANSIT,3,"80,81,82",200,0,,,none,,,False,False
K01421.01,399954001,sap,SPOC,SAP_FLUX,NO_USABLE_TRANSIT,3,"80,81,82",120,0,,,none,,,False,True
K01421.01,399954001,sap,TESS-SPOC,SAP_FLUX,NO_USABLE_TRANSIT,3,"80,81,82",200,0,,,none,,,False,False
K04509.01,26492310,pdc,SPOC,PDCSAP_FLUX,OK,2,"81,82",120,3,8584.6387,2132.3251,analytic,24757.353,1.0759953,False,True
K04509.01,26492310,pdc,TESS-SPOC,PDCSAP_FLUX,OK,2,"81,82",200,3,8522.3386,2096.6463,analytic,18370.053,0.62605875,False,False
K04509.01,26492310,sap,SPOC,SAP_FLUX,OK,2,"81,82",120,3,6950.9778,1671.1392,analytic,19030.749,1.1344193,False,True
K04509.01,26492310,sap,TESS-SPOC,SAP_FLUX,OK,2,"81,82",200,3,6783.7863,1583.5888,analytic,13585.28,0.83544589,False,False
K01422.01,243271945,pdc,SPOC,PDCSAP_FLUX,OK,8,"40,41,53,54,55,80,81,82",120,32,748.88954,780.83178,bootstrap,26282.06,0.4092797,False,True
K01422.01,243271945,pdc,TESS-SPOC,PDCSAP_FLUX,OK,8,"40,41,53,54,55,80,81,82","200,600",32,388.27665,981.88156,bootstrap,15201.696,1.0546834,False,False
K01422.01,243271945,sap,SPOC,SAP_FLUX,OK,8,"40,41,53,54,55,80,81,82",120,36,359.89431,413.38296,bootstrap,14139.547,0.52728302,False,True
K01422.01,243271945,sap,TESS-SPOC,SAP_FLUX,OK,8,"40,41,53,54,55,80,81,82","200,600",36,301.65744,474.81681,bootstrap,9116.7352,1.221544,False,False
K01422.02,243271945,pdc,SPOC,PDCSAP_FLUX,OK,8,"40,41,53,54,55,80,81,82",120,8,1573.6516,1058.5845,bootstrap,32782.892,0.64659044,False,True
K01422.02,243271945,pdc,TESS-SPOC,PDCSAP_FLUX,OK,8,"40,41,53,54,55,80,81,82","200,600",8,1347.2513,1085.4497,bootstrap,18345.908,0.18815544,False,False
K01422.02,243271945,sap,SPOC,SAP_FLUX,OK,8,"40,41,53,54,55,80,81,82",120,9,-339.86743,863.12075,bootstrap,15098.921,1.562505,False,True
K01422.02,243271945,sap,TESS-SPOC,SAP_FLUX,OK,8,"40,41,53,54,55,80,81,82","200,600",9,-281.06346,911.70527,bootstrap,10417.384,1.3933136,False,False
K01422.03,243271945,pdc,SPOC,PDCSAP_FLUX,OK,8,"40,41,53,54,55,80,81,82",120,19,-277.03841,1616.9566,bootstrap,28659.719,0.10963273,False,True
K01422.03,243271945,pdc,TESS-SPOC,PDCSAP_FLUX,OK,8,"40,41,53,54,55,80,81,82","200,600",19,-1299.3349,1356.6999,bootstrap,13557.736,0.20831917,False,False
K01422.03,243271945,sap,SPOC,SAP_FLUX,OK,8,"40,41,53,54,55,80,81,82",120,20,-432.32375,801.97352,bootstrap,13038.111,0.042344294,False,True
K01422.03,243271945,sap,TESS-SPOC,SAP_FLUX,OK,8,"40,41,53,54,55,80,81,82","200,600",20,-725.95587,628.32857,bootstrap,7862.8938,0.24392566,False,False
K01422.04,243271945,pdc,SPOC,PDCSAP_FLUX,OK,8,"40,41,53,54,55,80,81,82",120,2,-1042.3669,2888.771,analytic,28247.524,0.68060109,False,True
K01422.04,243271945,pdc,TESS-SPOC,PDCSAP_FLUX,OK,8,"40,41,53,54,55,80,81,82","200,600",2,4732.2612,3529.7679,analytic,20531.205,0.46021424,False,False
K01422.04,243271945,sap,SPOC,SAP_FLUX,OK,8,"40,41,53,54,55,80,81,82",120,4,-644.54022,1039.8264,analytic,14695.611,0.45246575,False,True
K01422.04,243271945,sap,TESS-SPOC,SAP_FLUX,OK,8,"40,41,53,54,55,80,81,82","200,600",4,-783.8952,1157.5085,analytic,8423.5755,0.90628311,False,False
K01422.05,243271945,pdc,SPOC,PDCSAP_FLUX,OK,8,"40,41,53,54,55,80,81,82",120,5,563.04898,2159.1648,analytic,27992.487,0.41912869,False,True
K01422.05,243271945,pdc,TESS-SPOC,PDCSAP_FLUX,OK,8,"40,41,53,54,55,80,81,82","200,600",5,-628.51539,1917.0199,analytic,17526.952,0.3501535,False,False
K01422.05,243271945,sap,SPOC,SAP_FLUX,OK,8,"40,41,53,54,55,80,81,82",120,5,213.08022,1031.0105,analytic,15583.657,0.55696319,False,True
K01422.05,243271945,sap,TESS-SPOC,SAP_FLUX,OK,8,"40,41,53,54,55,80,81,82","200,600",5,-194.858,922.92506,analytic,8447.1389,0.30245078,False,False
K00168.01,27083727,pdc,SPOC,PDCSAP_FLUX,OK,5,"74,75,81,82,83",120,11,326.754,254.25598,bootstrap,5989.2771,0.47538636,False,False
K00168.01,27083727,pdc,TESS-SPOC,PDCSAP_FLUX,OK,5,"74,75,81,82,83",200,11,677.15471,230.81119,bootstrap,4425.2469,0.58676016,False,False
K00168.01,27083727,pdc,QLP,KSPSAP_FLUX,OK,6,"14,15,40,41,54,55","1800,600",16,521.17232,371.98538,bootstrap,3742.0556,0.95092298,False,False
K00168.01,27083727,pdc,QLP,DET_FLUX,OK,7,"56,74,75,76,81,82,83",200,17,671.58074,309.75773,bootstrap,6155.0144,1.3990558,False,False
K00168.01,27083727,sap,SPOC,SAP_FLUX,OK,5,"74,75,81,82,83",120,12,326.6734,220.29457,bootstrap,5669.1615,0.058647374,False,False
K00168.01,27083727,sap,TESS-SPOC,SAP_FLUX,OK,5,"74,75,81,82,83",200,12,369.57448,178.43218,bootstrap,3935.0505,0.10175096,False,False
K00168.01,27083727,sap,QLP,SAP_FLUX,OK,13,"14,15,40,41,54,55,56,74,75,76,81,82,83","1800,200,600",33,565.25918,295.10665,bootstrap,5675.4046,0.6358696,False,True
K00168.02,27083727,pdc,SPOC,PDCSAP_FLUX,OK,5,"74,75,81,82,83",120,6,334.39121,240.08496,analytic,5663.3185,0.84317232,False,False
K00168.02,27083727,pdc,TESS-SPOC,PDCSAP_FLUX,OK,5,"74,75,81,82,83",200,6,538.96961,254.05163,analytic,4514.6995,0.86888935,False,False
K00168.02,27083727,pdc,QLP,KSPSAP_FLUX,OK,6,"14,15,40,41,54,55","1800,600",11,-956.76128,617.56322,bootstrap,4537.5903,1.3731058,False,False
K00168.02,27083727,pdc,QLP,DET_FLUX,OK,7,"56,74,75,76,81,82,83",200,11,936.47528,374.50171,bootstrap,6226.7332,2.0444963,False,False
K00168.02,27083727,sap,SPOC,SAP_FLUX,OK,5,"74,75,81,82,83",120,8,250.25839,187.82165,bootstrap,5458.4565,0.90633489,False,False
K00168.02,27083727,sap,TESS-SPOC,SAP_FLUX,OK,5,"74,75,81,82,83",200,8,411.5842,230.82203,bootstrap,4018.7459,1.042343,False,False
K00168.02,27083727,sap,QLP,SAP_FLUX,OK,13,"14,15,40,41,54,55,56,74,75,76,81,82,83","1800,200,600",22,323.37315,549.83422,bootstrap,5738.7018,0.24753926,False,True
K00168.03,27083727,pdc,SPOC,PDCSAP_FLUX,OK,5,"74,75,81,82,83",120,19,287.84496,124.8557,bootstrap,5552.9244,2.3642636,False,False
K00168.03,27083727,pdc,TESS-SPOC,PDCSAP_FLUX,OK,5,"74,75,81,82,83",200,18,67.744032,136.16602,bootstrap,4621.2027,1.6541051,False,False
K00168.03,27083727,pdc,QLP,KSPSAP_FLUX,OK,6,"14,15,40,41,54,55","1800,600",19,525.93649,633.23092,bootstrap,3872.7134,0.83447185,False,False
K00168.03,27083727,pdc,QLP,DET_FLUX,OK,7,"56,74,75,76,81,82,83",200,25,-10.015298,202.42864,bootstrap,6475.4701,0.80013096,False,False
K00168.03,27083727,sap,SPOC,SAP_FLUX,OK,5,"74,75,81,82,83",120,19,179.18212,116.01925,bootstrap,5193.8579,1.4697668,False,False
K00168.03,27083727,sap,TESS-SPOC,SAP_FLUX,OK,5,"74,75,81,82,83",200,18,112.14672,131.91713,bootstrap,4194.8289,1.3625638,False,False
K00168.03,27083727,sap,QLP,SAP_FLUX,OK,13,"14,15,40,41,54,55,56,74,75,76,81,82,83","1800,200,600",44,337.30298,314.60693,bootstrap,6027.4391,0.69025346,False,True
K05907.01,27240462,pdc,SPOC,PDCSAP_FLUX,NO_USABLE_TRANSIT,6,"74,75,76,81,82,83",120,0,,,none,,,False,False
K05907.01,27240462,pdc,TESS-SPOC,PDCSAP_FLUX,NO_USABLE_TRANSIT,6,"74,75,76,81,82,83",200,0,,,none,,,False,False
K05907.01,27240462,pdc,QLP,KSPSAP_FLUX,NO_USABLE_TRANSIT,6,"14,15,40,41,54,55","1800,600",0,,,none,,,False,False
K05907.01,27240462,pdc,QLP,DET_FLUX,NO_USABLE_TRANSIT,7,"56,74,75,76,81,82,83",200,0,,,none,,,False,False
K05907.01,27240462,sap,SPOC,SAP_FLUX,NO_USABLE_TRANSIT,6,"74,75,76,81,82,83",120,0,,,none,,,False,False
K05907.01,27240462,sap,TESS-SPOC,SAP_FLUX,NO_USABLE_TRANSIT,6,"74,75,76,81,82,83",200,0,,,none,,,False,False
K05907.01,27240462,sap,QLP,SAP_FLUX,NO_USABLE_TRANSIT,13,"14,15,40,41,54,55,56,74,75,76,81,82,83","1800,200,600",0,,,none,,,False,True
K02225.01,27913639,pdc,SPOC,PDCSAP_FLUX,OK,6,"74,75,76,81,82,83",120,47,-195.15258,644.13471,bootstrap,15906.069,0.65883342,False,True
K02225.01,27913639,pdc,TESS-SPOC,PDCSAP_FLUX,OK,6,"74,75,76,81,82,83",200,47,317.39752,528.82301,bootstrap,12580.423,0.92340846,False,False
K02225.01,27913639,sap,SPOC,SAP_FLUX,OK,6,"74,75,76,81,82,83",120,53,-199.95152,274.2168,bootstrap,3810.9059,0.94019348,False,True
K02225.01,27913639,sap,TESS-SPOC,SAP_FLUX,OK,6,"74,75,76,81,82,83",200,53,-60.652206,155.15494,bootstrap,2990.5053,1.0213812,False,False
K01532.01,299030528,pdc,SPOC,PDCSAP_FLUX,OK,5,"74,75,80,81,82",120,5,334.13527,253.38007,analytic,4953.3672,1.1145374,False,False
K01532.01,299030528,pdc,TESS-SPOC,PDCSAP_FLUX,OK,5,"74,75,80,81,82",200,5,656.26907,262.26423,analytic,3989.895,3.8018149,False,False
K01532.01,299030528,pdc,QLP,KSPSAP_FLUX,OK,7,"15,26,40,41,53,54,55","1800,600",11,773.68515,317.72496,bootstrap,2637.4696,1.6315546,False,False
K01532.01,299030528,pdc,QLP,DET_FLUX,OK,5,"74,75,80,81,82",200,7,495.62127,252.54824,analytic,4291.8322,0.8806282,False,False
K01532.01,299030528,sap,SPOC,SAP_FLUX,OK,5,"74,75,80,81,82",120,7,251.29401,145.66877,analytic,3275.1658,1.0888953,False,False
K01532.01,299030528,sap,TESS-SPOC,SAP_FLUX,OK,5,"74,75,80,81,82",200,7,227.2043,136.98645,analytic,2345.5391,1.74383,False,False
K01532.01,299030528,sap,QLP,SAP_FLUX,OK,12,"15,26,40,41,53,54,55,74,75,80,81,82","1800,200,600",18,495.23545,403.76255,bootstrap,3100.8304,0.4497676,False,True
K01945.01,299154193,pdc,SPOC,PDCSAP_FLUX,OK,5,"74,75,80,81,82",120,2,-408.88,1125.4355,analytic,12432.173,0.11123263,False,True
K01945.01,299154193,pdc,TESS-SPOC,PDCSAP_FLUX,OK,5,"74,75,80,81,82",200,2,-297.87533,1165.2576,analytic,9947.1024,0.12738047,False,False
K01945.01,299154193,sap,SPOC,SAP_FLUX,OK,5,"74,75,80,81,82",120,2,-308.05121,882.13078,analytic,9781.6557,0.087872841,False,True
K01945.01,299154193,sap,TESS-SPOC,SAP_FLUX,OK,5,"74,75,80,81,82",200,2,-255.28031,875.503,analytic,7468.4682,0.14585956,False,False
K01945.02,299154193,pdc,SPOC,PDCSAP_FLUX,OK,5,"74,75,80,81,82",120,8,1572.9632,704.10931,bootstrap,13087.286,0.89427103,False,True
K01945.02,299154193,pdc,TESS-SPOC,PDCSAP_FLUX,OK,5,"74,75,80,81,82",200,8,1368.9492,1361.3925,bootstrap,10751.403,2.2374285,False,False
K01945.02,299154193,sap,SPOC,SAP_FLUX,OK,5,"74,75,80,81,82",120,8,1215.5687,565.91032,bootstrap,9988.7222,0.99679619,False,True
K01945.02,299154193,sap,TESS-SPOC,SAP_FLUX,OK,5,"74,75,80,81,82",200,8,1041.3815,1023.656,bootstrap,7582.142,2.3196761,False,False
K02582.01,27649489,pdc,SPOC,PDCSAP_FLUX,OK,6,"74,75,76,81,82,83",120,3,-186.45361,547.50928,analytic,7962.2532,1.4863456,False,False
K02582.01,27649489,pdc,TESS-SPOC,PDCSAP_FLUX,OK,6,"74,75,76,81,82,83",200,3,700.52851,587.58009,analytic,7257.043,0.40238883,False,False
K02582.01,27649489,pdc,QLP,KSPSAP_FLUX,OK,6,"14,15,40,41,54,55","1800,600",3,5880.618,649.6785,analytic,3428.7882,1.7297337,False,False
K02582.01,27649489,pdc,QLP,DET_FLUX,OK,7,"56,74,75,76,81,82,83",200,4,1465.9638,732.96715,analytic,9384.8092,2.4066187,False,False
K02582.01,27649489,sap,SPOC,SAP_FLUX,OK,6,"74,75,76,81,82,83",120,3,1072.4359,462.67189,analytic,7029.2744,2.5808929,False,False
K02582.01,27649489,sap,TESS-SPOC,SAP_FLUX,OK,6,"74,75,76,81,82,83",200,3,1017.6756,450.69993,analytic,5830.6129,1.7055112,False,False
K02582.01,27649489,sap,QLP,SAP_FLUX,OK,13,"14,15,40,41,54,55,56,74,75,76,81,82,83","1800,200,600",7,2415.5509,514.43483,analytic,6969.1025,2.066745,False,True
K05931.01,351192504,pdc,TESS-SPOC,PDCSAP_FLUX,OK,5,"14,15,41,54,55","1800,600",2,87.046946,231.97421,analytic,892.91731,1.6676391,False,False
K05931.01,351192504,pdc,QLP,KSPSAP_FLUX,OK,5,"14,15,41,54,55","1800,600",2,-824.12579,209.40156,analytic,1489.9141,0.028162537,False,True
K05931.01,351192504,pdc,QLP,DET_FLUX,OK,7,"56,74,75,76,81,82,83",200,2,192.08988,357.31103,analytic,2432.9031,,False,False
K05931.01,351192504,sap,TESS-SPOC,SAP_FLUX,OK,5,"14,15,41,54,55","1800,600",2,204.9191,251.46661,analytic,1042.1789,1.288386,False,False
K05931.01,351192504,sap,QLP,SAP_FLUX,OK,12,"14,15,41,54,55,56,74,75,76,81,82,83","1800,200,600",4,-600.63298,188.87177,analytic,2461.4263,0.25631561,False,True
K05934.01,406950348,pdc,SPOC,PDCSAP_FLUX,OK,5,"74,75,80,81,82",120,7,3577.967,695.61501,analytic,7644.9003,2.0172662,False,False
K05934.01,406950348,pdc,TESS-SPOC,PDCSAP_FLUX,OK,5,"74,75,80,81,82",200,7,3043.8903,790.98524,analytic,7400.862,2.4370153,False,False
K05934.01,406950348,pdc,QLP,KSPSAP_FLUX,OK,7,"14,15,40,41,53,54,55","1800,600",6,5625.0163,822.99894,analytic,4205.7741,5.1488521,True,False
K05934.01,406950348,pdc,QLP,DET_FLUX,OK,6,"56,74,75,80,81,82",200,8,2034.8544,1342.1002,bootstrap,8577.0062,0.22727636,False,False
K05934.01,406950348,sap,SPOC,SAP_FLUX,OK,5,"74,75,80,81,82",120,7,3338.3697,636.33355,analytic,6722.2934,1.5576506,False,False
K05934.01,406950348,sap,TESS-SPOC,SAP_FLUX,OK,5,"74,75,80,81,82",200,7,2992.3766,689.65609,analytic,6179.4668,1.8333005,False,False
K05934.01,406950348,sap,QLP,SAP_FLUX,OK,13,"14,15,40,41,53,54,55,56,74,75,80,81,82","1800,200,600",14,4262.4827,1711.9138,bootstrap,6737.1652,4.0897143,True,True
K05935.01,27082772,pdc,SPOC,PDCSAP_FLUX,NO_USABLE_TRANSIT,3,"81,82,83",120,0,,,none,,,False,True
K05935.01,27082772,pdc,TESS-SPOC,PDCSAP_FLUX,NO_USABLE_TRANSIT,3,"81,82,83",200,0,,,none,,,False,False
K05935.01,27082772,sap,SPOC,SAP_FLUX,NO_USABLE_TRANSIT,3,"81,82,83",120,0,,,none,,,False,True
K05935.01,27082772,sap,TESS-SPOC,SAP_FLUX,NO_USABLE_TRANSIT,3,"81,82,83",200,0,,,none,,,False,False
K00247.01,48503881,pdc,SPOC,PDCSAP_FLUX,OK,9,"40,41,53,54,55,74,75,80,82",120,14,1435.1623,539.19162,bootstrap,9193.0817,2.7420078,False,False
K00247.01,48503881,pdc,TESS-SPOC,PDCSAP_FLUX,OK,9,"40,41,53,54,55,74,75,80,82","200,600",14,226.41504,535.42903,bootstrap,5644.7037,2.7306814,False,False
K00247.01,48503881,pdc,QLP,KSPSAP_FLUX,OK,7,"14,15,40,41,53,54,55","1800,600",14,1212.3178,608.99224,bootstrap,5289.6733,1.7832888,True,False
K00247.01,48503881,pdc,QLP,DET_FLUX,OK,4,"74,75,80,82",200,7,1008.7568,681.38961,analytic,7713.3507,0.85181041,False,False
K00247.01,48503881,sap,SPOC,SAP_FLUX,OK,9,"40,41,53,54,55,74,75,80,82",120,17,636.11168,320.70585,bootstrap,4195.2445,2.3354604,False,False
K00247.01,48503881,sap,TESS-SPOC,SAP_FLUX,OK,9,"40,41,53,54,55,74,75,80,82","200,600",17,493.52991,303.43479,bootstrap,2710.7524,2.4946828,False,False
K00247.01,48503881,sap,QLP,SAP_FLUX,OK,11,"14,15,40,41,53,54,55,74,75,80,82","1800,200,600",21,1002.7993,470.79114,bootstrap,6238.0322,1.9553247,True,True
K01833.01,350814607,pdc,SPOC,PDCSAP_FLUX,OK,9,"40,41,53,54,55,74,75,80,82",120,53,359.41713,229.58585,bootstrap,8198.2709,1.491651,False,True
K01833.01,350814607,pdc,TESS-SPOC,PDCSAP_FLUX,OK,9,"40,41,53,54,55,74,75,80,82","200,600",52,51.182687,327.46588,bootstrap,4760.5762,0.4901403,False,False
K01833.01,350814607,sap,SPOC,SAP_FLUX,OK,9,"40,41,53,54,55,74,75,80,82",120,61,273.1771,224.83956,bootstrap,8023.8987,0.92926947,False,True
K01833.01,350814607,sap,TESS-SPOC,SAP_FLUX,OK,9,"40,41,53,54,55,74,75,80,82","200,600",60,210.25513,262.94152,bootstrap,4619.6008,0.0019066979,False,False
K01833.02,350814607,pdc,SPOC,PDCSAP_FLUX,OK,9,"40,41,53,54,55,74,75,80,82",120,27,-427.87757,382.4797,bootstrap,8500.9782,0.46543313,False,True
K01833.02,350814607,pdc,TESS-SPOC,PDCSAP_FLUX,OK,9,"40,41,53,54,55,74,75,80,82","200,600",27,-610.16076,352.58109,bootstrap,4954.7694,0.18071883,False,False
K01833.02,350814607,sap,SPOC,SAP_FLUX,OK,9,"40,41,53,54,55,74,75,80,82",120,31,-156.18524,391.34094,bootstrap,8464.2722,0.83455622,False,True
K01833.02,350814607,sap,TESS-SPOC,SAP_FLUX,OK,9,"40,41,53,54,55,74,75,80,82","200,600",31,-457.81054,302.51296,bootstrap,4410.954,0.020085604,False,False
K01833.03,350814607,pdc,SPOC,PDCSAP_FLUX,OK,9,"40,41,53,54,55,74,75,80,82",120,35,77.385573,324.24437,bootstrap,8180.3486,1.6532282,False,True
K01833.03,350814607,pdc,TESS-SPOC,PDCSAP_FLUX,OK,9,"40,41,53,54,55,74,75,80,82","200,600",35,-318.3719,333.33553,bootstrap,5057.1166,0.29049741,False,False
K01833.03,350814607,sap,SPOC,SAP_FLUX,OK,9,"40,41,53,54,55,74,75,80,82",120,41,63.526989,285.15349,bootstrap,8306.0057,1.6909894,False,True
K01833.03,350814607,sap,TESS-SPOC,SAP_FLUX,OK,9,"40,41,53,54,55,74,75,80,82","200,600",41,-261.15974,297.93336,bootstrap,4886.8188,0.99687225,False,False
K05938.01,416281989,pdc,SPOC,PDCSAP_FLUX,OK,5,"74,75,80,81,82",120,1,-258.43575,492.18906,analytic,3359.6218,,False,False
K05938.01,416281989,pdc,TESS-SPOC,PDCSAP_FLUX,OK,5,"74,75,80,81,82",200,1,-332.91854,503.85157,analytic,2646.8709,,False,False
K05938.01,416281989,pdc,QLP,KSPSAP_FLUX,OK,7,"14,15,40,41,53,54,55","1800,600",1,400.7635,872.88421,analytic,2615.1865,,False,False
K05938.01,416281989,pdc,QLP,DET_FLUX,OK,6,"56,74,75,80,81,82",200,1,-273.20907,644.64787,analytic,3386.5126,,False,False
K05938.01,416281989,sap,SPOC,SAP_FLUX,OK,5,"74,75,80,81,82",120,1,-245.79883,498.21884,analytic,3400.7803,,False,False
K05938.01,416281989,sap,TESS-SPOC,SAP_FLUX,OK,5,"74,75,80,81,82",200,1,-309.79104,482.97861,analytic,2537.2195,,False,False
K05938.01,416281989,sap,QLP,SAP_FLUX,OK,13,"14,15,40,41,53,54,55,56,74,75,80,81,82","1800,200,600",2,-80.451152,473.69445,analytic,2786.4986,,False,True
K01828.01,28159758,pdc,SPOC,PDCSAP_FLUX,OK,5,"74,76,81,82,83",120,1,392.29857,1568.0771,analytic,15443.057,,False,True
K01828.01,28159758,pdc,TESS-SPOC,PDCSAP_FLUX,OK,5,"74,76,81,82,83",200,1,647.33874,1668.4458,analytic,12721.969,,False,False
K01828.01,28159758,sap,SPOC,SAP_FLUX,OK,5,"74,76,81,82,83",120,2,-694.10608,590.40334,analytic,8797.5339,,False,True
K01828.01,28159758,sap,TESS-SPOC,SAP_FLUX,OK,5,"74,76,81,82,83",200,2,-591.66788,617.90257,analytic,7340.9827,,False,False
K05940.01,243271134,pdc,SPOC,PDCSAP_FLUX,OK,4,"75,80,81,82",120,3,-13969.994,4500.9024,analytic,58343.231,,False,True
K05940.01,243271134,pdc,TESS-SPOC,PDCSAP_FLUX,OK,4,"75,80,81,82",200,3,-9623.6969,4683.0928,analytic,45908.014,,False,False
K05940.01,243271134,sap,SPOC,SAP_FLUX,OK,4,"75,80,81,82",120,3,-194.0163,247.36817,analytic,3250.6683,,False,True
K05940.01,243271134,sap,TESS-SPOC,SAP_FLUX,OK,4,"75,80,81,82",200,3,-170.56856,247.41248,analytic,2371.7467,,False,False
K00781.01,27776674,pdc,SPOC,PDCSAP_FLUX,OK,4,"76,81,82,83",120,8,3629.1127,2940.0889,bootstrap,38981.847,0.095875185,False,False
K00781.01,27776674,pdc,TESS-SPOC,PDCSAP_FLUX,OK,4,"76,81,82,83",200,8,3235.8451,2602.5017,bootstrap,29557.212,0.29731544,False,False
K00781.01,27776674,pdc,QLP,KSPSAP_FLUX,OK,4,"40,41,54,55",600,9,4013.2475,5668.6567,bootstrap,31457.992,2.5642339,False,False
K00781.01,27776674,pdc,QLP,DET_FLUX,OK,7,"56,74,75,76,81,82,83",200,15,2506.504,3180.9261,bootstrap,51727.414,1.6350122,False,False
K00781.01,27776674,sap,SPOC,SAP_FLUX,OK,4,"76,81,82,83",120,8,500.68016,505.76353,bootstrap,6274.4103,0.12945901,False,False
K00781.01,27776674,sap,TESS-SPOC,SAP_FLUX,OK,4,"76,81,82,83",200,8,473.97765,404.85671,bootstrap,4909.4155,0.011558633,False,False
K00781.01,27776674,sap,QLP,SAP_FLUX,OK,11,"40,41,54,55,56,74,75,76,81,82,83","200,600",24,2184.9887,2931.0598,bootstrap,48342.533,0.39772492,False,True
K02820.01,26472830,pdc,SPOC,PDCSAP_FLUX,OK,4,"80,81,82,83",120,30,627.17303,838.301,bootstrap,21936.358,0.97861911,False,True
K02820.01,26472830,pdc,TESS-SPOC,PDCSAP_FLUX,OK,4,"80,81,82,83",200,30,41.652577,709.75246,bootstrap,18968.735,0.85308438,False,False
K02820.01,26472830,sap,SPOC,SAP_FLUX,OK,4,"80,81,82,83",120,33,443.0418,478.00172,bootstrap,13765.856,0.61550568,False,True
K02820.01,26472830,sap,TESS-SPOC,SAP_FLUX,OK,4,"80,81,82,83",200,33,-4.7626828,400.58877,bootstrap,10800.299,0.89048284,False,False
K05948.01,298896915,pdc,SPOC,PDCSAP_FLUX,NO_USABLE_TRANSIT,5,"74,75,80,81,82",120,0,,,none,,,False,False
K05948.01,298896915,pdc,TESS-SPOC,PDCSAP_FLUX,NO_USABLE_TRANSIT,5,"74,75,80,81,82",200,0,,,none,,,False,False
K05948.01,298896915,pdc,QLP,KSPSAP_FLUX,OK,4,"41,53,54,55",600,1,6771.4546,2123.5592,analytic,8116.5242,,False,False
K05948.01,298896915,pdc,QLP,DET_FLUX,NO_USABLE_TRANSIT,5,"74,75,80,81,82",200,0,,,none,,,False,False
K05948.01,298896915,sap,SPOC,SAP_FLUX,NO_USABLE_TRANSIT,5,"74,75,80,81,82",120,0,,,none,,,False,False
K05948.01,298896915,sap,TESS-SPOC,SAP_FLUX,NO_USABLE_TRANSIT,5,"74,75,80,81,82",200,0,,,none,,,False,False
K05948.01,298896915,sap,QLP,SAP_FLUX,OK,9,"41,53,54,55,74,75,80,81,82","200,600",1,6799.6969,2122.2833,analytic,8111.6478,,False,True
K00484.01,350738817,pdc,SPOC,PDCSAP_FLUX,OK,7,"74,75,76,80,81,82,83",120,9,-387.94798,493.84038,bootstrap,13996.956,0.84811452,False,True
K00484.01,350738817,pdc,TESS-SPOC,PDCSAP_FLUX,OK,7,"74,75,76,80,81,82,83",200,9,223.90503,503.04835,bootstrap,11860.352,0.0823891,False,False
K00484.01,350738817,sap,SPOC,SAP_FLUX,OK,7,"74,75,76,80,81,82,83",120,11,-13.226231,427.02309,bootstrap,12480.657,0.90682636,False,True
K00484.01,350738817,sap,TESS-SPOC,SAP_FLUX,OK,7,"74,75,76,80,81,82,83",200,11,-107.36903,604.52613,bootstrap,9922.3042,1.3303543,False,False
K00788.01,299217986,pdc,SPOC,PDCSAP_FLUX,OK,7,"73,74,76,80,81,82,83",120,5,335.4928,1146.9979,analytic,19004.658,0.57744124,False,True
K00788.01,299217986,pdc,TESS-SPOC,PDCSAP_FLUX,OK,7,"73,74,76,80,81,82,83",200,5,2107.2862,1407.7715,analytic,16848.894,0.8088939,False,False
K00788.01,299217986,sap,SPOC,SAP_FLUX,OK,7,"73,74,76,80,81,82,83",120,7,1165.2837,687.56353,analytic,11769.144,0.6011949,False,True
K00788.01,299217986,sap,TESS-SPOC,SAP_FLUX,OK,7,"73,74,76,80,81,82,83",200,7,1880.7109,761.28227,analytic,10116.27,0.0062549013,False,False
K05972.01,299028681,pdc,SPOC,PDCSAP_FLUX,OK,8,"73,74,75,76,80,81,82,83",120,1,66.067018,3536.2775,analytic,34100.067,,False,True
K05972.01,299028681,pdc,TESS-SPOC,PDCSAP_FLUX,OK,8,"73,74,75,76,80,81,82,83",200,1,3510.0559,3459.2106,analytic,25895.284,,False,False
K05972.01,299028681,sap,SPOC,SAP_FLUX,OK,8,"73,74,75,76,80,81,82,83",120,1,655.96189,2321.5338,analytic,22386.381,,False,True
K05972.01,299028681,sap,TESS-SPOC,SAP_FLUX,OK,8,"73,74,75,76,80,81,82,83",200,1,2018.152,2191.7883,analytic,16407.495,,False,False
K02353.01,299028577,pdc,SPOC,PDCSAP_FLUX,OK,8,"73,74,75,76,80,81,82,83",120,28,2175.6913,1504.816,bootstrap,20949.33,1.4335001,False,True
K02353.01,299028577,pdc,TESS-SPOC,PDCSAP_FLUX,OK,8,"73,74,75,76,80,81,82,83",200,28,405.26703,2107.7675,bootstrap,15781.18,2.0124934,False,False
K02353.01,299028577,sap,SPOC,SAP_FLUX,OK,8,"73,74,75,76,80,81,82,83",120,36,2176.031,1044.3227,bootstrap,17039.819,1.8895058,False,True
K02353.01,299028577,sap,TESS-SPOC,SAP_FLUX,OK,8,"73,74,75,76,80,81,82,83",200,36,-95.436724,1869.006,bootstrap,12917.572,1.9634131,False,False
K07539.01,27778713,pdc,SPOC,PDCSAP_FLUX,OK,4,"76,81,82,83",120,6,363.58155,1320.3419,analytic,18410.799,0.33543366,False,True
K07539.01,27778713,pdc,TESS-SPOC,PDCSAP_FLUX,OK,4,"76,81,82,83",200,6,-74.634806,1255.7789,analytic,13067.653,0.53582375,False,False
K07539.01,27778713,sap,SPOC,SAP_FLUX,OK,4,"76,81,82,83",120,6,244.02974,551.3461,analytic,8150.4546,0.51544659,False,True
K07539.01,27778713,sap,TESS-SPOC,SAP_FLUX,OK,4,"76,81,82,83",200,6,30.119503,526.67215,analytic,5378.1882,0.53943765,False,False
K00791.01,299161524,pdc,SPOC,PDCSAP_FLUX,OK,8,"73,74,75,76,80,81,82,83",120,14,5707.1965,896.69946,bootstrap,22834.812,0.44697001,False,True
K00791.01,299161524,pdc,TESS-SPOC,PDCSAP_FLUX,OK,8,"73,74,75,76,80,81,82,83",200,15,6011.0775,760.42805,bootstrap,19469.526,0.46076688,False,False
K00791.01,299161524,sap,SPOC,SAP_FLUX,OK,8,"73,74,75,76,80,81,82,83",120,15,2046.0528,251.45499,bootstrap,7548.28,1.3278167,False,True
K00791.01,299161524,sap,TESS-SPOC,SAP_FLUX,OK,8,"73,74,75,76,80,81,82,83",200,15,2072.71,232.12102,bootstrap,6633.4487,0.931919,False,False
K03311.01,416279965,pdc,SPOC,PDCSAP_FLUX,OK,8,"73,74,75,76,80,81,82,83",120,4,2720.2152,1053.2826,analytic,10881.633,0.66298787,False,True
K03311.01,416279965,pdc,TESS-SPOC,PDCSAP_FLUX,OK,8,"73,74,75,76,80,81,82,83",200,4,1879.771,1020.087,analytic,7479.8404,0.23310567,False,False
K03311.01,416279965,sap,SPOC,SAP_FLUX,OK,8,"73,74,75,76,80,81,82,83",120,6,1147.4454,754.95839,analytic,9817.1772,0.9886827,False,True
K03311.01,416279965,sap,TESS-SPOC,SAP_FLUX,OK,8,"73,74,75,76,80,81,82,83",200,6,1090.3967,675.65814,analytic,6193.8779,0.85377311,False,False
