kepoi_name,kepler_name,kepid,tic_id,tic_route,koi_disposition,koi_pdisposition,koi_period,koi_time0bk,koi_duration,koi_depth,koi_depth_err1,koi_depth_err2,koi_ror,koi_impact,koi_dor,koi_steff,koi_slogg,koi_kepmag,koi_fpflag_nt,koi_fpflag_ss,koi_fpflag_co,koi_fpflag_ec,koi_count,ra,dec,shard,lc_status,lc_route,not_measured_reason,n_products,product_authors,product_sectors,ld_band_ratio,ld_note,koi_depth_in_tess_band_ppm,koi_depth_in_tess_band_err_ppm,t0_btjd_nominal,t0_btjd_used,n_epochs_propagated,ephemeris_sigma_minutes,epoch_offset_minutes,epoch_offset_sigma,epoch_search_halfwidth_minutes,epoch_search_n_trials,epoch_search_snr_best,epoch_search_snr_nominal,depth_at_nominal_ephemeris_ppm,depth_at_best_offset_ppm,ephemeris_recovered,pdc_status,pdc_flux_column,pdc_primary_author,pdc_depth_ppm,pdc_depth_err_ppm,pdc_depth_err_method,pdc_total_err_ppm,pdc_depth_reduction_spread_ppm,pdc_depth_reduction_spread_status,pdc_n_members,pdc_n_members_measured,pdc_ensemble_members,pdc_n_transits,pdc_n_sectors,pdc_n_sectors_measured,pdc_sector_list,pdc_authors,pdc_exptimes_s,pdc_smeared,pdc_depth_is_lower_bound,pdc_oot_scatter_ppm,pdc_odd_even_diff_ppm,pdc_odd_even_sigma,pdc_sector_scatter_chi2_per_dof,pdc_n_sectors_dropped_duplicate,pdc_flags,pdc_ln_ratio,pdc_sigma_ln,pdc_z,pdc_z_lin,pdc_z_method,pdc_ratio,pdc_measured_snr,pdc_expected_snr,pdc_sigma_ln_expected,pdc_detectable_ln_ratio,pdc_detectable_depth_change_ppm,pdc_comparison_status,pdc_z_pop,sap_status,sap_flux_column,sap_primary_author,sap_depth_ppm,sap_depth_err_ppm,sap_depth_err_method,sap_total_err_ppm,sap_depth_reduction_spread_ppm,sap_depth_reduction_spread_status,sap_n_members,sap_n_members_measured,sap_ensemble_members,sap_n_transits,sap_n_sectors,sap_n_sectors_measured,sap_sector_list,sap_authors,sap_exptimes_s,sap_smeared,sap_depth_is_lower_bound,sap_oot_scatter_ppm,sap_odd_even_diff_ppm,sap_odd_even_sigma,sap_sector_scatter_chi2_per_dof,sap_n_sectors_dropped_duplicate,sap_flags,sap_ln_ratio,sap_sigma_ln,sap_z,sap_z_lin,sap_z_method,sap_ratio,sap_measured_snr,sap_expected_snr,sap_sigma_ln_expected,sap_detectable_ln_ratio,sap_detectable_depth_change_ppm,sap_comparison_status,sap_z_pop,sap_vs_pdcsap_verdict,sap_vs_pdcsap_n_pairs,sap_vs_pdcsap_authors,sap_minus_pdcsap_ppm,sap_minus_pdcsap_err_ppm,sap_minus_pdcsap_z,sap_minus_pdcsap_fraction,background_direction,ingress_fraction_used,t14_tess_hours,t14_tess_err_hours,t14_factor,t14_factor_err,duration_fit_depth_ppm,duration_fit_chi2_per_dof,duration_fit_n_points,duration_fit_status,duration_at_grid_edge,t14_ratio_observed,t14_ratio_expected_fixed_b,z_duration,b_implied_by_duration,duration_verdict,class,class_provisional,vetoes,would_be_candidate_without_vetoes,flags_classify,population_offset_pdc,population_offset_sap,population_scale_pdc,population_scale_sap,elapsed_s,pdc_depth_err_analytic_ppm,pdc_depth_err_bootstrap_ppm,pdc_n_transits_seen,pdc_chi2_per_dof,pdc_n_members_unavailable,pdc_ensemble_incomplete,pdc_ensemble_unavailable_reasons,pdc_depth_reduction_spread_fraction,pdc_depth_reduction_p16_ppm,pdc_depth_reduction_p84_ppm,pdc_depth_reduction_min_ppm,pdc_depth_reduction_max_ppm,pdc_depth_reduction_median_ppm,pdc_depth_reduction_max_offset_from_primary_ppm,pdc_spread_percentile,sap_depth_err_analytic_ppm,sap_depth_err_bootstrap_ppm,sap_n_transits_seen,sap_chi2_per_dof,sap_n_members_unavailable,sap_ensemble_incomplete,sap_ensemble_unavailable_reasons,sap_depth_reduction_spread_fraction,sap_depth_reduction_p16_ppm,sap_depth_reduction_p84_ppm,sap_depth_reduction_min_ppm,sap_depth_reduction_max_ppm,sap_depth_reduction_median_ppm,sap_depth_reduction_max_offset_from_primary_ppm,sap_spread_percentile,epoch_offset_days,background_n_agree
K04928.01,Kepler-1624 b,1873513,137683938,tic_kic_crossid_over_name_planet,CONFIRMED,CANDIDATE,3.2903041,131.90944,1.7215,13552.6,64.8,-64.8,0.105209,0.09,16.097,3386,4.81,15.669,0,0,0,0,1,292.57986,37.376411,9,OK,lightkurve,,21,"QLP,SPOC,TESS-SPOC","40,41,54,55,74,75,81",0.92326624,teff_clamped_to_grid,12512.658,59.827652,3318.2342,3318.2342,1627,10.695329,0,0,57.908487,12,16.372928,16.372928,15055.704,15055.704,True,OK,PDCSAP_FLUX,SPOC,15055.704,1215.1081,bootstrap,1388.1476,671.16759,OK,4,4,SPOC/PDCSAP_FLUX=15056ppm;TESS-SPOC/PDCSAP_FLUX=14928ppm;QLP/KSPSAP_FLUX=12589ppm;QLP/DET_FLUX=15053ppm,53,7,7,"40,41,54,55,74,75,81",SPOC,120,False,False,33566.459,-587.05782,0.24535595,0.43714965,14,,0.18501612,0.1049945,1.7621507,1.6688902,ln,1.2032378,12.390423,10.297568,0.12178024,0.60890118,10490.74,OK,1.7621507,OK,SAP_FLUX,SPOC,4164.8262,361.03951,bootstrap,3325.3487,3305.6912,OK,3,3,SPOC/SAP_FLUX=4165ppm;TESS-SPOC/SAP_FLUX=3801ppm;QLP/SAP_FLUX=13524ppm,55,7,7,"40,41,54,55,74,75,81",SPOC,120,False,False,10394.769,-364.82742,0.51803904,0.91049725,14,,-1.1000662,0.80001469,-1.3750575,-2.4666936,ln,0.33284904,11.535652,34.657309,0.27046366,1.3523183,35866.014,OK,-1.3750575,BACKGROUND_TEST_DISAGREES,2,"SPOC,TESS-SPOC",-11005.237,909.96977,-12.094069,-0.73407615,PDC_DEEPER_THAN_SAP,0.095904571,1.6194878,0.049471748,0.94074229,0.028737582,14046.686,1.0455297,13664,OK,False,0.94074229,1.0093024,-1.1913149,0.38424509,fixed_b,consistent,consistent,,False,pdc_deeper_than_sap,0,0,1,1,0.5,919.54862,1215.1081,54,1.5544619,0,False,,0.044578959,13711.926,15054.261,12589.205,15055.704,14990.452,2466.499,84,265.72019,361.03951,56,1.6102623,0,False,,0.79371649,3917.6817,10529.064,3801.3783,13524,4164.8262,9359.1734,84,0,3
K01029.01,Kepler-1732 b,2164169,137547023,tic_kic_crossid_over_name_planet,CONFIRMED,CANDIDATE,32.312287,133.867,6.569,677.8,22.6,-22.6,0.02967,0.934,16.32,5821,4.108,14.757,0,0,0,0,1,292.29099,37.580799,9,OK,lightkurve,,4,"SPOC,TESS-SPOC","74,75",1.0566813,,716.2186,23.880998,3330.7066,3330.7066,166,42.045635,0,,224.6719,9,0.4979644,-0.48268749,-993.12455,1020.7787,False,OK,PDCSAP_FLUX,SPOC,-993.12455,2057.4897,analytic,2057.4897,,TOO_FEW_MEMBERS,2,0,SPOC/PDCSAP_FLUX=OK;TESS-SPOC/PDCSAP_FLUX=OK,2,2,2,"74,75",SPOC,120,False,False,28455.966,1494.4986,0.35788815,0.12808393,2,,-2.3866221,2.8733405,-0.83060888,-0.83060888,linear,-1.3866221,-0.48268749,0.34810313,2.8733405,14.366702,1.2428677e+09,OK,-0.83060888,OK,SAP_FLUX,SPOC,-220.86473,715.14086,analytic,715.14086,,TOO_FEW_MEMBERS,2,0,SPOC/SAP_FLUX=OK;TESS-SPOC/SAP_FLUX=OK,2,2,2,"74,75",SPOC,120,False,False,9881.6647,479.68098,0.33088621,0.10948569,2,,-1.3083761,1.0003022,-1.3079809,-1.3079809,linear,-0.30837615,-0.30884088,1.001507,1.0003022,5.001511,105740.78,OK,-1.3079809,BACKGROUND_TEST_UNAVAILABLE,0,,,,,,,0.19657479,8.1348946,2.4305073,1.2383764,0.36999654,-1912.9313,0.99918876,1971,OK,False,1.2383764,,,0.87870137,inconclusive,not_measurable,not_measurable,,False,,0,0,1,1,0.1,2057.4897,520.96574,2,0.12808393,2,True,OK:2,,,,,,,,84,715.14086,167.10926,2,0.10948569,2,True,OK:2,,,,,,,,84,0,3
K07635.01,,2577353,351056285,tic_kic_crossid,CANDIDATE,CANDIDATE,60.458443,136.3553,8.43,175.2,26.5,-26.5,0.012311,0.451,49.7,5865,4.297,14.544,0,0,0,0,1,291.78079,37.811508,9,OK,lightkurve,,4,"SPOC,TESS-SPOC","74,75",0.97295091,,170.461,25.783199,3350.1567,3350.1567,89,233.52467,0,,827.02402,20,1.5956081,1.5092002,2788.5498,2829.6896,False,OK,PDCSAP_FLUX,SPOC,2788.5498,1847.7004,analytic,1969.8728,682.93635,OK,2,2,SPOC/PDCSAP_FLUX=2789ppm;TESS-SPOC/PDCSAP_FLUX=4797ppm,1,2,1,"74,75",SPOC,120,False,False,20247.85,,,,2,,15.358873,11.557248,1.3289386,1.3289386,linear,16.358873,1.5092002,0.092255757,11.557248,57.786238,2.1274981e+27,OK,1.3289386,OK,SAP_FLUX,SPOC,999.2667,498.4434,analytic,500.99954,50.544153,OK,2,2,SPOC/SAP_FLUX=999ppm;TESS-SPOC/SAP_FLUX=851ppm,1,2,1,"74,75",SPOC,120,False,False,5462.1447,,,,2,,1.7685152,0.52606782,3.3617627,1.6518796,ln,5.8621427,2.0047746,0.34198667,2.9434002,14.717001,4.1989162e+08,OK,3.3617627,BACKGROUND_TEST_AGREES,2,"SPOC,TESS-SPOC",-2661.2939,1477.1693,-1.8016174,-0.7016574,PDC_DEEPER_THAN_SAP,0.02,21.075,0.92262623,2.5,0.10944558,2892.5168,1.0675876,1264,OK,True,2.5,1.0459984,5.9502072,,duration_inconsistent,not_measurable,not_measurable,,False,,0,0,1,1,0.1,1847.7004,,1,0,0,False,,0.24490735,3109.9316,4475.8043,2788.5498,4797.1861,3792.868,2008.6363,84,498.4434,,1,0,0,False,,0.050581244,874.39291,975.48121,850.60742,999.2667,924.93706,148.65927,84,0,3
K00299.01,Kepler-98 b,2692377,120629799,tic_kic_crossid_over_name_planet,CONFIRMED,CANDIDATE,1.5416765,170.54372,1.9118,296.5,3.7,-3.7,0.015785,0.362,5.88,5533,4.337,12.899,0,0,0,0,1,285.66165,37.9645,9,OK,lightkurve,,14,"QLP,SPOC,TESS-SPOC","14,40,41,53,54,74,80,81",0.96461919,,286.00959,3.569091,3487.287,3487.2937,3557,5.8987387,9.5551764,1.6198677,46.373216,8,3.6761582,2.0231758,188.57074,342.21852,True,OK,PDCSAP_FLUX,QLP,342.21852,114.54209,bootstrap,188.02172,149.10491,OK,4,4,SPOC/PDCSAP_FLUX=401ppm;TESS-SPOC/PDCSAP_FLUX=673ppm;QLP/KSPSAP_FLUX=291ppm;QLP/DET_FLUX=609ppm,124,8,8,"74,80,81,14,40,41,53,54","QLP,SPOC","120,1800,600",True,False,3272.1497,-253.78081,1.1294514,2.2575938,6,smeared,0.17942414,0.55183161,0.32514291,0.29803481,ln,1.1965281,2.9877097,2.4969824,0.65941334,3.2970667,7445.7523,OK,0.32514291,OK,SAP_FLUX,QLP,277.35626,71.253281,bootstrap,75.70587,25.58024,OK,3,3,SPOC/SAP_FLUX=288ppm;TESS-SPOC/SAP_FLUX=349ppm;QLP/SAP_FLUX=363ppm,129,8,8,"74,80,81,14,40,41,53,54","QLP,SPOC","120,1800,600",True,False,2884.9346,-171.94597,1.1938094,0.54018504,6,smeared,-0.030722528,0.27777749,-0.11060121,-0.11219543,ln,0.96974461,3.8925402,4.0139849,0.26966684,1.3483342,815.41483,OK,-0.11060121,BACKGROUND_TEST_AGREES,2,"SPOC,TESS-SPOC",-205.04219,106.47947,-1.92565,-0.38179423,PDC_DEEPER_THAN_SAP,0.02,1.971093,0.060212504,1.0310142,0.03149519,294.6907,1.1171529,16473,OK,False,1.0310142,1.0016854,0.48386175,0.27258729,fixed_b,not_measurable,not_measurable,,False,,0,0,1,1,0.5,93.091348,114.54209,132,1.5029684,0,False,,0.43570089,343.90308,642.11291,291.01479,672.89917,504.97993,330.68065,84,69.946802,71.253281,136,1.3019058,0,False,,0.092228817,307.22962,358.3901,287.70093,362.93692,348.7281,85.580665,84,0.0066355392,3
K00794.01,Kepler-683 b,2713049,137149476,tic_kic_crossid_over_name_planet,CONFIRMED,CANDIDATE,2.5391831,169.67494,2.4282,382.1,11.4,-11.4,0.017724,0.238,7.93,5519,4.35,15.026,0,0,0,0,1,291.43997,37.905659,9,OK,lightkurve,,2,"SPOC,TESS-SPOC",74,0.96012407,,366.86341,10.945414,3327.3419,3327.3419,2097,15.491132,0,,82.896396,12,0.9520497,0.83226192,1049.0101,1193.1531,False,OK,PDCSAP_FLUX,SPOC,1049.0101,636.55181,bootstrap,666.11323,196.23613,OK,2,2,SPOC/PDCSAP_FLUX=1049ppm;TESS-SPOC/PDCSAP_FLUX=1626ppm,9,1,1,74,SPOC,120,False,False,23482.826,-1609.3116,0.6195363,,1,,1.8594023,1.8166315,1.023544,1.023544,linear,2.8594023,1.6479571,0.57632921,1.8166315,9.0831576,3230132.3,OK,1.023544,OK,SAP_FLUX,SPOC,691.84223,450.91518,bootstrap,482.35454,171.29332,OK,2,2,SPOC/SAP_FLUX=692ppm;TESS-SPOC/SAP_FLUX=1196ppm,10,1,1,74,SPOC,120,False,False,18776.297,-724.79778,0.37666046,,1,,0.88583059,1.3160955,0.67307471,0.67307471,linear,1.8858306,1.5343068,0.81359737,1.3160955,6.5804775,264098.89,OK,0.67307471,BACKGROUND_TEST_AGREES,2,"SPOC,TESS-SPOC",-392.9593,558.2442,-0.70392008,-0.293781,PDC_DEEPER_THAN_SAP,0.02,5.7107761,0.088557712,2.3518557,0.036470518,-1764.0916,0.98961627,2913,OK,False,2.3518557,1.0127935,14.732027,,duration_inconsistent,not_measurable,not_measurable,,False,,0,0,1,1,0.1,1260.4326,636.55181,9,0.40251477,0,False,,0.18706792,1141.3565,1533.8287,1049.0101,1626.1752,1337.5926,577.1651,84,952.87157,450.91518,10,0.33377721,0,False,,0.24759015,772.45086,1115.0375,691.84223,1195.6461,943.74418,503.80389,84,0,3
K02335.01,Kepler-1194 b,2990873,137317096,tic_kic_crossid_over_name_planet,CONFIRMED,CANDIDATE,16.223785,136.02454,2.5462,262.3,14.5,-14.5,0.014927,0.413,45.1,5547,4.46,14.129,0,0,0,0,1,291.69955,38.145271,9,OK,lightkurve,,2,"SPOC,TESS-SPOC",74,0.96722668,,253.70356,14.024787,3322.8736,3322.9708,330,37.206986,140.01554,3.7631519,149.81396,13,3.7334923,-2.9336035,-3832.9094,4939.6582,True,OK,PDCSAP_FLUX,SPOC,4939.6582,1323.0664,analytic,1323.2332,21.010385,OK,2,2,SPOC/PDCSAP_FLUX=4940ppm;TESS-SPOC/PDCSAP_FLUX=5001ppm,2,1,1,74,SPOC,120,False,False,11254.641,-67.274507,0.025423482,,1,,2.9688849,0.27805635,10.677278,3.54093,ln,19.470197,3.7334923,0.19175422,5.2161993,26.080996,5.3846739e+13,OK,10.677278,OK,SAP_FLUX,SPOC,2958.0159,942.47449,analytic,946.68422,89.178736,OK,2,2,SPOC/SAP_FLUX=2958ppm;TESS-SPOC/SAP_FLUX=3220ppm,2,1,1,74,SPOC,120,False,False,8019.2766,-94.01276,0.049857357,,1,,2.4561075,0.32860566,7.4743311,2.8560452,ln,11.659339,3.1385633,0.26918878,3.7322026,18.661013,3.2262758e+10,OK,7.4743311,BACKGROUND_TEST_AGREES,2,"SPOC,TESS-SPOC",-1896.6441,1232.9162,-1.5383398,-0.38157587,PDC_DEEPER_THAN_SAP,0.02,2.2533769,0.033892253,0.88499605,0.013310915,3553.4566,1.0236165,764,OK,False,0.88499605,1.0598759,-2.7759497,0.59740674,fixed_b,not_measurable,not_measurable,,False,,0,0,1,1,0.1,1323.0664,23.274105,2,0.00064635345,0,False,,0.0042534086,4949.5454,4991.5662,4939.6582,5001.4534,4970.5558,61.795249,84,942.47449,32.530817,2,0.0024857561,0,False,,0.03014816,2999.9824,3178.3398,2958.0159,3220.3063,3089.1611,262.2904,84,0.097233012,3
K00797.01,,3115833,137095438,tic_kic_crossid,CANDIDATE,CANDIDATE,10.181584,177.14189,3.5089,5741.1,53.2,-53.2,0.084708,0.92,12.776,5988,4.541,15.657,0,0,0,0,1,291.28195,38.241669,9,OK,lightkurve,,2,"SPOC,TESS-SPOC",74,1.0467645,,6009.5797,55.687872,3324.9287,3324.9409,522,4.7031087,17.537482,3.7289128,66.742826,7,3.3659986,2.8689228,11140.538,12508.281,True,OK,PDCSAP_FLUX,SPOC,12508.281,3716.0685,analytic,3776.5893,673.39575,OK,2,2,SPOC/PDCSAP_FLUX=12508ppm;TESS-SPOC/PDCSAP_FLUX=14489ppm,3,1,1,74,SPOC,120,False,False,42780.352,-3109.3806,0.40734362,,1,,0.7330361,0.30617945,2.3941388,1.7151797,ln,2.0813903,3.3659986,1.6171876,0.63048224,3.1524112,134568.91,OK,2.3941388,OK,SAP_FLUX,SPOC,3375.9181,1051.7442,analytic,1058.3527,118.08715,OK,2,2,SPOC/SAP_FLUX=3376ppm;TESS-SPOC/SAP_FLUX=3723ppm,3,1,1,74,SPOC,120,False,False,12206.185,-1318.7463,0.60560922,,1,,-0.57668751,0.3175981,-1.8157776,-2.3907835,ln,0.5617561,3.2098282,5.7139179,0.18330556,0.91652778,9017.9314,OK,-1.8157776,BACKGROUND_TEST_DISAGREES,2,"SPOC,TESS-SPOC",-10069.843,2520.7218,-3.9948251,-0.74599336,PDC_DEEPER_THAN_SAP,0.5,2.507608,1.679375,0.71464221,0.4786044,16110.279,0.93570756,1542,OK,True,0.71464221,1.1184169,-0.66685441,1.0039712,fixed_b,not_measurable,not_measurable,,False,,0,0,1,1,0.1,3716.0685,1836.7438,3,0.38040064,0,False,,0.053835994,12825.173,14171.965,12508.281,14488.857,13498.569,1980.5757,84,1051.7442,559.16933,3,0.44295163,0,False,,0.034979269,3431.4885,3667.6628,3375.9181,3723.2332,3549.5756,347.31513,84,0.012178807,3
K04548.01,,3223433,121535837,tic_kic_crossid,CANDIDATE,CANDIDATE,61.083322,132.494,10.396,227.5,23.8,-23.8,0.014504,0.649,35,5803,4.444,14.748,0,0,0,0,1,288.12555,38.347431,9,OK,lightkurve,,6,"SPOC,TESS-SPOC","74,80,81",0.98689411,,224.51841,23.48808,3462.993,3462.993,90,251.12504,0,,864,18,1.944169,0.39698107,589.01547,3014.4311,False,OK,PDCSAP_FLUX,SPOC,589.01547,1483.7369,analytic,1483.7369,,TOO_FEW_MEMBERS,2,1,SPOC/PDCSAP_FLUX=589ppm;TESS-SPOC/PDCSAP_FLUX=OK,1,3,1,"74,80,81",SPOC,120,False,False,18066.1,,,,3,,1.6234618,6.6095484,0.24562371,0.24562371,linear,2.6234618,0.39698107,0.15131955,6.6095484,33.047742,5.0547997e+16,OK,0.24562371,OK,SAP_FLUX,SPOC,409.87967,1204.389,analytic,1204.389,,TOO_FEW_MEMBERS,2,1,SPOC/SAP_FLUX=410ppm;TESS-SPOC/SAP_FLUX=OK,1,3,1,"74,80,81",SPOC,120,False,False,14664.737,,,,3,,0.82559494,5.3655748,0.15386887,0.15386887,linear,1.8255949,0.34032167,0.18641685,5.3655748,26.827874,1.0056563e+14,OK,0.15386887,BACKGROUND_TEST_AGREES,1,SPOC,-179.1358,1911.028,-0.093737921,-0.30412749,PDC_DEEPER_THAN_SAP,0.024452507,6.7789266,10.572746,0.65207066,1.0170014,2708.2293,0.83648377,1559,OK,True,0.65207066,1.0149545,-0.28311934,0.8778905,fixed_b,not_measurable,not_measurable,,False,,0,0,1,1,0.1,1483.7369,,1,0,1,True,OK:1,,,,,,,,84,1204.389,,1,0,1,True,OK:1,,,,,,,,84,0,3
K07648.01,,3232249,122518332,tic_kic_crossid,CANDIDATE,CANDIDATE,1.183505,131.75303,1.275,116.6,15.3,-15.3,0.00985,0.403,6.6,4832,4.592,15.424,0,0,0,0,1,290.6864,38.355598,9,OK,lightkurve,,2,"SPOC,TESS-SPOC",74,0.96138828,,112.09787,14.709241,3326.0307,3325.9288,4530,48.35843,-146.6352,3.0322572,164.20029,22,3.0760043,0.78372544,2510.2575,10302.693,True,OK,PDCSAP_FLUX,SPOC,10302.693,4083.5931,bootstrap,4088.0096,189.97383,OK,2,2,SPOC/PDCSAP_FLUX=10303ppm;TESS-SPOC/PDCSAP_FLUX=10861ppm,19,1,1,74,SPOC,120,False,False,63729.347,9621.5023,1.2309171,,1,,4.5207883,0.42090465,10.740647,2.4927828,ln,91.908018,2.5229481,0.027450794,36.468487,182.34244,1.7374474e+81,OK,10.740647,OK,SAP_FLUX,SPOC,1967.9353,852.43165,bootstrap,855.09279,67.408916,OK,2,2,SPOC/SAP_FLUX=1968ppm;TESS-SPOC/SAP_FLUX=2166ppm,21,1,1,74,SPOC,120,False,False,16861.603,2575.9429,1.6857438,,1,,2.8653678,0.4566392,6.2749055,2.1699669,ln,17.55551,2.3086136,0.13150365,7.6293834,38.146917,4.1361181e+18,OK,6.2749055,BACKGROUND_TEST_AGREES,2,"SPOC,TESS-SPOC",-8459.3407,3374.6355,-2.506742,-0.79940345,PDC_DEEPER_THAN_SAP,0.02,0.78212382,0.1679153,0.61343045,0.13169828,12834.073,1.0509914,3544,OK,False,0.61343045,1.0996656,-2.2549551,0.8349638,fixed_b,not_measurable,not_measurable,,False,,0,0,1,1,0.2,3349.3755,4083.5931,19,1.380755,0,False,,0.018439239,10392.093,10772.041,10302.693,10861.44,10582.067,558.74656,84,812.35842,852.43165,21,1.0641729,0,False,,0.034253624,1999.6572,2134.475,1967.9353,2166.1968,2067.0661,198.26152,84,-0.10183,3
K00490.01,Kepler-167 b,3239945,137686948,tic_kic_crossid_over_name_planet,CONFIRMED,CANDIDATE,4.3931577,172.86753,2.4455,447.2,7.8,-7.8,0.01871,0.102,13.923,4799,4.631,14.023,0,0,0,0,4,292.65842,38.34539,9,OK,lightkurve,,22,"QLP,SPOC,TESS-SPOC","14,40,41,54,55,74,81,82",0.94978075,,424.74195,7.4082898,3317.1952,3317.1952,1209,9.6552062,0,,65.648119,9,0.27231205,-0.27771288,-76.26048,74.5077,False,OK,PDCSAP_FLUX,QLP,-76.26048,407.03144,bootstrap,416.01318,85.978907,OK,4,4,SPOC/PDCSAP_FLUX=64ppm;TESS-SPOC/PDCSAP_FLUX=269ppm;QLP/KSPSAP_FLUX=309ppm;QLP/DET_FLUX=358ppm,45,8,8,"40,41,54,55,74,81,82,14","QLP,SPOC","120,1800",True,False,10452.253,-111.48979,0.13093545,1.6045705,14,smeared,-1.1795454,0.98087972,-1.2025383,-1.2025383,linear,-0.17954544,-0.18735771,1.0435114,0.98087972,4.9043986,56865.203,OK,-1.2025383,OK,SAP_FLUX,QLP,-11.172548,251.03872,bootstrap,306.64326,176.09557,OK,3,3,SPOC/SAP_FLUX=21ppm;TESS-SPOC/SAP_FLUX=188ppm;QLP/SAP_FLUX=539ppm,45,8,8,"40,41,54,55,74,81,82,14","QLP,SPOC","120,1800",True,False,7646.4588,-249.31763,0.48726849,0.73040108,14,smeared,-1.0263043,0.72389141,-1.41776,-1.41776,linear,-0.02630432,-0.044505278,1.691938,0.72389141,3.6194571,15425.481,OK,-1.41776,BACKGROUND_TEST_AGREES,2,"SPOC,TESS-SPOC",-60.443547,339.10495,-0.17824437,-0.3630558,PDC_DEEPER_THAN_SAP,0.02,2.3719362,2.567775,0.9699187,1.05,-208.32361,1.1549851,14863,OK,True,0.9699187,,,0.26698945,inconclusive,not_measurable,not_measurable,,False,,0,0,1,1,0.4,274.60189,407.03144,49,2.425855,0,False,,0.2976937,162.40304,334.36086,64.422737,357.69242,288.81668,224.39395,84,203.61389,251.03872,49,1.8606791,0,False,,0.93669852,74.561679,426.75282,21.180823,539.10898,187.996,351.11298,84,0,3
K00490.02,Kepler-167 e,3239945,137686948,tic_kic_crossid_over_name_planet,CONFIRMED,CANDIDATE,1071.2326,420.28656,16.1784,19045.6,36.1,-36.1,0.122698,0.216,557.3,4799,4.631,14.023,0,0,0,0,4,292.65842,38.34539,9,OK,lightkurve,NO_USABLE_TRANSIT,22,"QLP,SPOC,TESS-SPOC","14,40,41,54,55,74,81,82",0.9523525,,18138.125,34.379925,3609.4496,3609.4496,5,4.678695,0,,256.71209,4,,,,,False,NO_USABLE_TRANSIT,PDCSAP_FLUX,QLP,,,none,,,TOO_FEW_MEMBERS,4,0,SPOC/PDCSAP_FLUX=NO_USABLE_TRANSIT;TESS-SPOC/PDCSAP_FLUX=NO_USABLE_TRANSIT;QLP/KSPSAP_FLUX=NO_USABLE_TRANSIT;QLP/DET_FLUX=NO_USABLE_TRANSIT,0,8,0,"40,41,54,55,74,81,82,14","QLP,SPOC","120,1800",False,False,,,,,14,,,,,,,,,,,,,NO_USABLE_TRANSIT,,NO_USABLE_TRANSIT,SAP_FLUX,QLP,,,none,,,TOO_FEW_MEMBERS,3,0,SPOC/SAP_FLUX=NO_USABLE_TRANSIT;TESS-SPOC/SAP_FLUX=NO_USABLE_TRANSIT;QLP/SAP_FLUX=NO_USABLE_TRANSIT,0,8,0,"40,41,54,55,74,81,82,14","QLP,SPOC","120,1800",False,False,,,,,14,,,,,,,,,,,,,NO_USABLE_TRANSIT,,BACKGROUND_TEST_UNAVAILABLE,0,,,,,,,0.11410659,,,,,,,0,too_few_points,False,,,,,inconclusive,not_measured,not_measured,,False,,0,0,1,1,0.1,,,0,,4,True,NO_USABLE_TRANSIT:4,,,,,,,,84,,,0,,3,True,NO_USABLE_TRANSIT:3,,,,,,,,84,0,3
K00490.03,Kepler-167 c,3239945,137686948,tic_kic_crossid_over_name_planet,CONFIRMED,CANDIDATE,7.4061168,134.07481,2.8826,417.9,9.1,-9.1,0.018065,0.077,19.934,4799,4.631,14.023,0,0,0,0,4,292.65842,38.34539,9,OK,lightkurve,,22,"QLP,SPOC,TESS-SPOC","14,40,41,54,55,74,81,82",0.94946852,,396.78289,8.6401635,3314.2911,3314.2911,722,14.624256,0,,87.111769,9,2.7179179,0.56447094,176.55233,856.95669,False,OK,PDCSAP_FLUX,QLP,176.55233,313.03339,bootstrap,313.03339,,TOO_FEW_MEMBERS,4,1,SPOC/PDCSAP_FLUX=307ppm;TESS-SPOC/PDCSAP_FLUX=OK;QLP/KSPSAP_FLUX=OK;QLP/DET_FLUX=OK,26,8,8,"40,41,54,55,74,81,82,14","QLP,SPOC","120,1800",False,False,9794.1471,329.15502,0.5156381,2.3227615,14,,-0.55504047,0.79081134,-0.70186205,-0.70186205,linear,0.44495953,0.56400478,1.2675418,0.79081134,3.9540567,20294.049,OK,-0.70186205,OK,SAP_FLUX,QLP,38.500667,233.68799,bootstrap,233.94084,10.873841,OK,3,2,SPOC/SAP_FLUX=108ppm;TESS-SPOC/SAP_FLUX=76ppm;QLP/SAP_FLUX=OK,28,8,8,"40,41,54,55,74,81,82,14","QLP,SPOC","120,1800",False,False,7412.9799,-155.71907,0.32755865,2.344375,14,,-0.90296793,0.59211091,-1.5249979,-1.5249979,linear,0.097032074,0.16475244,1.6979174,0.59211091,2.9605546,7264.5697,OK,-1.5249979,BACKGROUND_TEST_AGREES,1,SPOC,-198.98123,368.68331,-0.53970772,-0.64884753,PDC_DEEPER_THAN_SAP,0.02,4.5577908,1.7059483,1.5811388,0.5918089,446.77391,1.0634967,9583,OK,True,1.5811388,0.99405284,1.2276373,,fixed_b,not_measurable,not_measurable,,False,,0,0,1,1,0.3,312.77488,313.03339,28,1.0370569,3,True,OK:3,,,,,,,,84,229.0215,233.68799,28,1.1592333,1,True,OK:1,0.28243254,80.822688,102.57037,75.705586,107.68747,91.696529,69.186805,84,0,3
K00490.04,Kepler-167 d,3239945,137686948,tic_kic_crossid_over_name_planet,CONFIRMED,CANDIDATE,21.803708,139.07199,3.369,246.4,14.4,-14.4,0.014698,0.568,41.6,4799,4.631,14.023,0,0,0,0,4,292.65842,38.34539,9,OK,lightkurve,,22,"QLP,SPOC,TESS-SPOC","14,40,41,54,55,74,81,82",0.97515514,,240.27823,14.042234,3313.9804,3313.9804,245,48.540161,0,,196.15548,13,2.395839,-0.63026948,-318.24286,1281.2486,False,OK,PDCSAP_FLUX,QLP,-318.24286,269.22603,bootstrap,269.22603,,TOO_FEW_MEMBERS,4,1,SPOC/PDCSAP_FLUX=OK;TESS-SPOC/PDCSAP_FLUX=OK;QLP/KSPSAP_FLUX=248ppm;QLP/DET_FLUX=OK,9,8,8,"40,41,54,55,74,81,82,14","QLP,SPOC","120,1800",False,False,9383.6556,667.04123,0.64281355,0.503778,14,,-2.3244765,1.1231128,-2.0696733,-2.0696733,linear,-1.3244765,-1.1820657,0.8924777,1.1231128,5.6155638,65756.51,OK,-2.0696733,OK,SAP_FLUX,QLP,-418.37259,198.66616,bootstrap,198.66616,,TOO_FEW_MEMBERS,3,0,SPOC/SAP_FLUX=OK;TESS-SPOC/SAP_FLUX=OK;QLP/SAP_FLUX=OK,10,8,8,"40,41,54,55,74,81,82,14","QLP,SPOC","120,1800",False,False,7430.292,855.95823,1.1766203,0.44333953,14,,-2.7412006,0.83038667,-3.3011135,-3.3011135,linear,-1.7412006,-2.1059077,1.2094573,0.83038667,4.1519333,15031.027,OK,-3.3011135,BACKGROUND_TEST_UNAVAILABLE,0,,,,,,,0.021240773,7.2296569,1.1083745,2.1459355,0.32899213,411.72469,1.0171424,4292,OK,True,2.1459355,,,,inconclusive,not_measurable,not_measurable,,False,,0,0,1,1,0.3,504.93142,269.22603,11,0.45701382,3,True,OK:3,,,,,,,,84,361.64555,198.66616,11,0.46357659,3,True,OK:3,,,,,,,,84,0,3
K01830.01,Kepler-967 b,3326377,120962548,tic_kic_crossid_over_name_planet,CONFIRMED,CANDIDATE,13.227141,142.20251,3.2861,812,17.8,-17.8,0.025421,0.013,31.53,5180,4.548,14.443,0,0,0,0,2,286.55807,38.405369,9,OK,lightkurve,,4,"SPOC,TESS-SPOC","80,81",0.95359841,,774.32191,16.974052,3504.1474,3504.1817,418,16.593457,49.271783,2.9693501,99.071871,12,3.1643332,0.086939392,117.89553,4440.8954,True,OK,PDCSAP_FLUX,SPOC,4440.8954,1403.4222,analytic,1451.5969,370.8635,OK,2,2,SPOC/PDCSAP_FLUX=4441ppm;TESS-SPOC/PDCSAP_FLUX=3350ppm,3,2,2,"80,81",SPOC,120,False,False,17483.321,1641.9237,0.52773262,0.1515968,2,,1.7466236,0.33139816,5.2704686,2.5248192,ln,5.7352056,3.1643332,0.55173841,1.8754633,9.3773163,9149587.3,OK,5.2704686,OK,SAP_FLUX,SPOC,1102.9489,574.19917,analytic,619.35636,232.15858,OK,2,2,SPOC/SAP_FLUX=1103ppm;TESS-SPOC/SAP_FLUX=1786ppm,4,2,2,"80,81",SPOC,120,False,False,7979.626,-1982.9032,1.7153639,0.87762746,2,,0.42440618,0.80173032,0.52936276,0.52936276,linear,1.4244062,1.9208473,1.348525,0.80173032,4.0086516,41869.568,OK,0.52936276,BACKGROUND_TEST_AGREES,2,"SPOC,TESS-SPOC",-2395.8001,1038.2169,-2.3076105,-0.61501612,PDC_DEEPER_THAN_SAP,0.024794882,2.4212192,0.14354284,0.7368063,0.043681824,3995.2523,1.1002558,1763,OK,False,0.7368063,1.0345972,-4.2917154,0.6933573,tracks_b,not_measurable,not_measurable,,False,,0,0,1,1,0.1,1403.4222,697.14226,4,0.36147339,0,False,,0.083510975,3524.6444,4266.3714,3350.1204,4440.8954,3895.5079,1090.775,84,574.19917,559.98637,4,1.3143548,0,False,,0.21048897,1212.2,1676.5172,1102.9489,1785.7683,1444.3586,682.81937,84,0.034216516,3
K01830.02,Kepler-967 c,3326377,120962548,tic_kic_crossid_over_name_planet,CONFIRMED,CANDIDATE,198.71063,156.51819,8.638,2094.8,35.7,-35.7,0.040799,0.026,182.85,5180,4.548,14.443,0,0,0,0,2,286.55807,38.405369,9,OK,lightkurve,NO_USABLE_TRANSIT,4,"SPOC,TESS-SPOC","80,81",0.95362811,,1997.6602,34.044523,3553.4158,3553.4158,28,29.025562,0,,216.64669,4,,,,,False,NO_USABLE_TRANSIT,PDCSAP_FLUX,SPOC,,,none,,,TOO_FEW_MEMBERS,2,0,SPOC/PDCSAP_FLUX=NO_USABLE_TRANSIT;TESS-SPOC/PDCSAP_FLUX=NO_USABLE_TRANSIT,0,2,0,"80,81",SPOC,120,False,False,,,,,2,,,,,,,,,,,,,NO_USABLE_TRANSIT,,NO_USABLE_TRANSIT,SAP_FLUX,SPOC,,,none,,,TOO_FEW_MEMBERS,2,0,SPOC/SAP_FLUX=NO_USABLE_TRANSIT;TESS-SPOC/SAP_FLUX=NO_USABLE_TRANSIT,0,2,0,"80,81",SPOC,120,False,False,,,,,2,,,,,,,,,,,,,NO_USABLE_TRANSIT,,BACKGROUND_TEST_UNAVAILABLE,0,,,,,,,0.039225211,,,,,,,0,too_few_points,False,,,,,inconclusive,not_measured,not_measured,,False,,0,0,1,1,0,,,0,,2,True,NO_USABLE_TRANSIT:2,,,,,,,,84,,,0,,2,True,NO_USABLE_TRANSIT:2,,,,,,,,84,0,3
K05987.01,,3532985,121457384,tic_kic_crossid,CANDIDATE,CANDIDATE,5.2885477,135.80721,3.2646,2185.3,14,-14,0.055215,0.93,6.252,4918,2.889,11.317,0,0,0,0,1,287.91516,38.640781,9,OK,lightkurve,,10,"QLP,SPOC,TESS-SPOC","14,40,41,75,80,81",1.073751,,2346.4681,15.032514,3500.6281,3500.6281,1046,3.7608884,-0.0195876,0.0052082375,60.251665,10,37.442188,37.425481,1661.7681,1662.7848,True,OK,PDCSAP_FLUX,QLP,1662.7848,63.586744,bootstrap,99.461174,76.480398,OK,4,4,SPOC/PDCSAP_FLUX=1673ppm;TESS-SPOC/PDCSAP_FLUX=1770ppm;QLP/KSPSAP_FLUX=1700ppm;QLP/DET_FLUX=1501ppm,28,6,6,"80,81,14,40,41,75","QLP,SPOC","120,1800,200,600",False,False,1320.196,192.42474,1.5396891,2.2282201,4,,-0.34441744,0.07822403,-4.4029621,-4.4239267,ln,0.70863305,26.149866,36.901844,0.065861612,0.32930806,915.13663,OK,-4.4029621,OK,SAP_FLUX,QLP,1704.872,79.799564,bootstrap,134.69609,108.51298,OK,3,3,SPOC/SAP_FLUX=1519ppm;TESS-SPOC/SAP_FLUX=1591ppm;QLP/SAP_FLUX=1838ppm,29,6,6,"80,81,14,40,41,75","QLP,SPOC","120,1800,200,600",False,False,1291.4195,73.569868,0.47203318,4.8312816,4,sector_scatter,-0.31942124,0.093718092,-3.40832,-3.5791569,ln,0.72656942,21.364427,29.404523,0.076395249,0.38197624,1091.5236,OK,-3.40832,BACKGROUND_TEST_AGREES,2,"SPOC,TESS-SPOC",-168.3626,104.89326,-1.605085,-0.097823896,PDC_DEEPER_THAN_SAP,0.33303538,3.0711473,0.047624661,0.94074229,0.014588207,1879.3712,1.2193362,6903,OK,False,0.94074229,0.96228865,-0.42791415,0.94524469,fixed_b,consistent,consistent,,False,,0,0,1,1,0.2,44.409393,63.586744,30,3.2164224,0,False,,0.045995366,1583.1306,1736.0914,1500.5542,1769.5687,1686.2063,162.23061,84,42.724593,79.799564,30,4.0400174,0,False,,0.063648753,1542.2174,1759.2434,1519.2677,1838.4236,1590.9855,185.60422,84,-1.36025e-05,3
K04986.01,,3540873,122376876,tic_kic_crossid,CANDIDATE,CANDIDATE,444.04257,334.6734,10.9,417.4,63.7,-63.7,0.018717,0.062,316.4,5776,4.622,14.795,0,0,0,0,1,290.3548,38.672531,9,OK,lightkurve,NO_USABLE_TRANSIT,4,"SPOC,TESS-SPOC","74,81",0.96263564,,401.80411,61.31989,3496.1842,3496.1842,12,494.44721,0,,864,12,,,,,False,NO_USABLE_TRANSIT,PDCSAP_FLUX,SPOC,,,none,,,TOO_FEW_MEMBERS,2,0,SPOC/PDCSAP_FLUX=NO_USABLE_TRANSIT;TESS-SPOC/PDCSAP_FLUX=NO_USABLE_TRANSIT,0,2,0,"74,81",SPOC,120,False,False,,,,,2,,,,,,,,,,,,,NO_USABLE_TRANSIT,,NO_USABLE_TRANSIT,SAP_FLUX,SPOC,,,none,,,TOO_FEW_MEMBERS,2,0,SPOC/SAP_FLUX=NO_USABLE_TRANSIT;TESS-SPOC/SAP_FLUX=NO_USABLE_TRANSIT,0,2,0,"74,81",SPOC,120,False,False,,,,,2,,,,,,,,,,,,,NO_USABLE_TRANSIT,,BACKGROUND_TEST_UNAVAILABLE,0,,,,,,,0.02,,,,,,,0,too_few_points,False,,,,,inconclusive,not_measured,not_measured,,False,,0,0,1,1,0,,,0,,2,True,NO_USABLE_TRANSIT:2,,,,,,,,84,,,0,,2,True,NO_USABLE_TRANSIT:2,,,,,,,,84,0,3
K03308.01,Kepler-1464 b,3632089,121123737,tic_kic_crossid_over_name_planet,CONFIRMED,CANDIDATE,31.778756,136.76929,8.093,262,10.5,-10.5,0.014837,0.29,29.18,5638,4.391,14.159,0,0,0,0,2,287.23569,38.754162,9,OK,lightkurve,,4,"SPOC,TESS-SPOC","80,81",0.96383707,,252.52531,10.120289,3499.2728,3499.2728,174,53.25172,0,,281.15016,9,0.52580776,-1.2113247,-865.65855,399.53629,False,OK,PDCSAP_FLUX,SPOC,-865.65855,714.63789,analytic,714.63789,,TOO_FEW_MEMBERS,2,0,SPOC/PDCSAP_FLUX=OK;TESS-SPOC/PDCSAP_FLUX=OK,2,2,2,"80,81",SPOC,120,False,False,10852.79,-18.467695,0.012910749,0.00016668744,2,,-4.4280071,2.8306907,-1.564285,-1.564285,linear,-3.4280071,-1.2113247,0.35336122,2.8306907,14.153454,3.5405558e+08,OK,-1.564285,OK,SAP_FLUX,SPOC,-673.5524,663.63464,analytic,663.63464,,TOO_FEW_MEMBERS,2,0,SPOC/SAP_FLUX=OK;TESS-SPOC/SAP_FLUX=OK,2,2,2,"80,81",SPOC,120,False,False,10087.346,-1014.0524,0.76247569,0.58136918,2,,-3.6672669,2.6287736,-1.3950486,-1.3950486,linear,-2.6672669,-1.0149446,0.38051858,2.6287736,13.143868,1.2900707e+08,OK,-1.3950486,BACKGROUND_TEST_UNAVAILABLE,0,,,,,,,0.02,3.88828,0.73029659,0.48044977,0.090238057,-1593.4044,1.1482027,2146,OK,False,0.48044977,,,0.90087435,inconclusive,not_measurable,not_measurable,,False,,0,0,1,1,0.1,714.63789,6.3917738,2,0.00016668744,2,True,OK:2,,,,,,,,84,663.63464,351.19633,2,0.58136918,2,True,OK:2,,,,,,,,84,0,3
K03308.02,Kepler-1464 c,3632089,121123737,tic_kic_crossid_over_name_planet,CONFIRMED,CANDIDATE,5.3278416,133.55005,4.696,87.2,6.2,-6.2,0.0085,0.116,8.7,5638,4.391,14.159,0,0,0,0,2,287.23569,38.754162,9,OK,lightkurve,,4,"SPOC,TESS-SPOC","80,81",0.96024748,,83.73358,5.9535344,3507.5053,3507.5053,1040,64.89449,0,,265.12347,14,2.1526628,1.7005446,769.96882,958.64955,False,OK,PDCSAP_FLUX,SPOC,769.96882,502.06598,bootstrap,540.5835,200.40028,OK,2,2,SPOC/PDCSAP_FLUX=770ppm;TESS-SPOC/PDCSAP_FLUX=1359ppm,9,2,2,"80,81",SPOC,120,False,False,11019.87,538.64876,0.59119234,1.4518499,2,,8.1954604,6.4565792,1.2693193,1.2693193,linear,9.1954604,1.5336009,0.16677804,6.4565792,32.282896,8.7737094e+15,OK,1.2693193,OK,SAP_FLUX,SPOC,561.12192,496.743,bootstrap,500.03993,57.326404,OK,2,2,SPOC/SAP_FLUX=561ppm;TESS-SPOC/SAP_FLUX=730ppm,10,2,2,"80,81",SPOC,120,False,False,10442.853,1182.7623,1.4877404,3.1548721,2,sector_scatter,5.7012771,5.9724294,0.95459933,0.95459933,linear,6.7012771,1.1296021,0.16856519,5.9724294,29.862147,7.7958826e+14,OK,0.95459933,BACKGROUND_TEST_AGREES,2,"SPOC,TESS-SPOC",-426.80518,490.36272,-0.87038667,-0.40087832,PDC_DEEPER_THAN_SAP,0.02,8.3898995,0.49739818,1.7866055,0.10591954,877.86202,0.97833921,6174,OK,False,1.7866055,1.0174371,6.458203,,duration_inconsistent,not_measurable,not_measurable,,False,,0,0,1,1,0.1,452.7778,502.06598,9,1.5782268,0,False,,0.26027064,864.27483,1265.0754,769.96882,1359.3814,1064.6751,589.41258,84,396.8412,496.743,10,1.9666536,0,False,,0.1021639,588.09905,702.75186,561.12192,729.72899,645.42546,168.60707,84,0,3
K01221.01,Kepler-278 b,3640905,122225232,tic_kic_crossid_over_name_planet,CONFIRMED,CANDIDATE,30.159941,138.51774,7.874,175.9,5.8,-5.8,0.013612,0.802,18.15,5010,3.62,11.584,0,0,0,0,2,290.10718,38.702229,9,OK,lightkurve,,25,"QLP,SPOC,TESS-SPOC","14,40,41,54,55,74,75,80,81",1.0137245,,178.31414,5.8796022,3339.9872,3339.9872,178,45.672859,0,,255.12858,12,1.9500306,0.51749729,63.69517,211.6846,False,OK,PDCSAP_FLUX,QLP,63.69517,123.0831,analytic,144.7707,76.217498,OK,4,4,SPOC/PDCSAP_FLUX=64ppm;TESS-SPOC/PDCSAP_FLUX=142ppm;QLP/KSPSAP_FLUX=322ppm;QLP/DET_FLUX=105ppm,3,9,3,"40,41,54,55,74,75,80,81,14","QLP,SPOC","120,1800",False,False,1907.5434,-163.86483,0.40720832,1.6742941,16,,-0.64279238,0.8140919,-0.78958209,-0.78958209,linear,0.35720762,0.51749729,1.4487297,0.8140919,4.0704595,10268.019,OK,-0.78958209,OK,SAP_FLUX,QLP,-54.765584,74.55983,analytic,74.55983,,TOO_FEW_MEMBERS,3,1,SPOC/SAP_FLUX=OK;TESS-SPOC/SAP_FLUX=OK;QLP/SAP_FLUX=899ppm,3,9,3,"40,41,54,55,74,75,80,81,14","QLP,SPOC","120,1800",False,False,1438.2922,-290.99589,1.7909761,5.6046148,16,sector_scatter,-1.3071298,0.42240527,-3.0944922,-3.0944922,linear,-0.30712979,-0.73451863,2.3915578,0.42240527,2.1120263,1295.4472,OK,-3.0944922,BACKGROUND_TEST_UNAVAILABLE,0,,,,,,,0.036781883,10.686662,0.49731279,1.3572088,0.063158851,237.74516,1.0603422,3801,OK,False,1.3572088,0.98547994,4.5545364,0.56541763,tracks_b,not_measurable,not_measurable,,False,,0,0,1,1,0.3,123.0831,144.76204,7,1.6742941,0,False,,1.1965978,83.523957,235.95895,63.69517,322.38771,123.66647,258.69254,84,74.55983,141.02013,7,5.6046148,2,True,OK:2,,,,,,,,84,0,3
K01221.02,Kepler-278 c,3640905,122225232,tic_kic_crossid_over_name_planet,CONFIRMED,CANDIDATE,51.077105,152.35694,11.233,141.5,6.2,-6.2,0.010971,0.498,30.56,5010,3.62,11.584,0,0,0,0,2,290.10718,38.702229,9,OK,lightkurve,,25,"QLP,SPOC,TESS-SPOC","14,40,41,54,55,74,75,80,81",0.96924173,,137.14771,6.0092988,3348.453,3348.6089,105,85.028199,224.57014,2.6411254,423.5796,12,5.970512,4.2746054,341.80702,473.32278,True,OK,PDCSAP_FLUX,QLP,473.32278,79.27675,analytic,161.52,140.72636,OK,4,4,SPOC/PDCSAP_FLUX=473ppm;TESS-SPOC/PDCSAP_FLUX=290ppm;QLP/KSPSAP_FLUX=371ppm;QLP/DET_FLUX=7ppm,4,9,4,"40,41,54,55,74,75,80,81,14","QLP,SPOC","120,1800",False,False,2063.7911,419.13457,2.6403369,2.9757085,16,,1.2387191,0.34766278,3.5629902,2.0780134,ln,3.45119,5.970512,1.7299865,1.1795833,5.8979167,49822.714,OK,3.5629902,OK,SAP_FLUX,QLP,176.99197,56.450267,analytic,69.132234,39.907807,OK,3,3,SPOC/SAP_FLUX=177ppm;TESS-SPOC/SAP_FLUX=167ppm;QLP/SAP_FLUX=285ppm,4,9,4,"40,41,54,55,74,75,80,81,14","QLP,SPOC","120,1800",False,False,1416.0443,121.26151,1.0731946,1.0403295,16,,0.25504585,0.39621278,0.6437093,0.57140019,ln,1.2905208,3.135361,2.4295316,0.50843665,2.5421832,1605.6408,OK,0.6437093,BACKGROUND_TEST_DISAGREES,2,"SPOC,TESS-SPOC",-204.67369,66.844229,-3.06195,-0.53615188,PDC_DEEPER_THAN_SAP,0.02,15.245527,0.46571689,1.3572088,0.041459707,424.91759,1.0115482,6739,OK,False,1.3572088,1.0122757,4.6807255,,duration_inconsistent,not_measurable,not_measurable,,False,,0,0,1,1,0.3,79.27675,120.94549,4,2.9757085,0,False,,0.29731583,142.79073,424.24344,6.7495567,473.32278,330.62141,466.57323,84,56.450267,49.073497,4,1.0403295,0,False,,0.22547807,170.4346,250.25021,167.34878,284.72468,176.99197,107.73271,84,0.15595148,3
K05001.01,,3647097,351060980,tic_kic_crossid,CANDIDATE,CANDIDATE,59.965517,140.9936,1.89,310.1,58.9,-58.9,0.015933,0.0853,245.4,5729,4.372,14.647,0,0,0,0,1,291.82471,38.779911,9,OK,lightkurve,,8,"SPOC,TESS-SPOC","74,75,81,82",0.96182269,,298.26122,56.651357,3370.8901,3370.8901,90,103.21616,0,,337.99847,30,0.88976956,-0.61246586,-3288.9476,3107.8414,False,OK,PDCSAP_FLUX,SPOC,-3288.9476,5370.0096,analytic,5370.0096,,TOO_FEW_MEMBERS,2,0,SPOC/PDCSAP_FLUX=OK;TESS-SPOC/PDCSAP_FLUX=OK,1,4,1,"74,75,81,82",SPOC,120,False,False,27765.531,,,,4,,-12.027071,18.005456,-0.66796814,-0.66796814,linear,-11.027071,-0.61246586,0.055542026,18.005456,90.027279,3.7406518e+41,OK,-0.66796814,OK,SAP_FLUX,SPOC,-1771.182,2359.1345,analytic,2359.1345,,TOO_FEW_MEMBERS,2,0,SPOC/SAP_FLUX=OK;TESS-SPOC/SAP_FLUX=OK,1,4,1,"74,75,81,82",SPOC,120,False,False,12197.859,,,,4,,-6.9383585,7.9120635,-0.87693413,-0.87693413,linear,-5.9383585,-0.75077621,0.12642824,7.9120635,39.560317,4.5229765e+19,OK,-0.87693413,BACKGROUND_TEST_UNAVAILABLE,0,,,,,,,0.02,3.9338139,1.9845,2.081383,1.05,-3218.2736,0.82156501,284,OK,True,2.081383,,,,inconclusive,not_measurable,not_measurable,,False,,0,0,1,1,0.2,5370.0096,,1,0,2,True,OK:2,,,,,,,,84,2359.1345,,1,8.4484133e-33,2,True,OK:2,,,,,,,,84,0,3
K00386.01,Kepler-146 b,3656121,138569990,tic_kic_crossid_confirms_name_planet,CONFIRMED,CANDIDATE,31.158825,173.90355,5.1803,959,14.5,-14.5,0.02825,0.029,47.234,5951,4.319,13.838,0,0,0,0,2,294.11075,38.710232,9,OK,lightkurve,,24,"QLP,SPOC,TESS-SPOC","40,41,54,55,74,75,81,82",0.96326998,,923.77591,13.967415,3335.0626,3334.9907,171,14.248804,-103.62672,7.2726609,120.45091,8,3.9669915,2.5014091,1044.0873,1705.7074,True,OK,PDCSAP_FLUX,SPOC,1705.7074,393.77308,bootstrap,616.3087,474.10882,OK,4,4,SPOC/PDCSAP_FLUX=1706ppm;TESS-SPOC/PDCSAP_FLUX=1704ppm;QLP/KSPSAP_FLUX=2345ppm;QLP/DET_FLUX=2938ppm,8,8,8,"40,41,54,55,74,75,81,82",SPOC,120,False,False,10334.718,118.43724,0.13681872,1.0719402,16,,0.61326567,0.36507782,1.6798218,1.2648624,ln,1.8464515,4.3317014,2.34596,0.66920437,3.3460218,25301.825,OK,1.6798218,OK,SAP_FLUX,SPOC,1013.4111,218.36593,bootstrap,449.02366,392.35005,OK,3,3,SPOC/SAP_FLUX=1013ppm;TESS-SPOC/SAP_FLUX=859ppm;QLP/SAP_FLUX=2013ppm,8,8,8,"40,41,54,55,74,75,81,82",SPOC,120,False,False,6001.0915,67.508549,0.12934457,0.88438343,16,,0.092607721,0.44614995,0.20757084,0.1984796,ln,1.0970313,4.6408846,4.2304031,0.48887295,2.4443647,9721.1037,OK,0.20757084,BACKGROUND_TEST_AGREES,2,"SPOC,TESS-SPOC",-767.99072,320.00612,-2.3999251,-0.450409,PDC_DEEPER_THAN_SAP,0.02749637,5.8534725,0.17881055,1.1299485,0.034517412,1529.7921,1.0032945,6216,OK,False,1.1299485,1.0098682,1.8915968,,fixed_b,not_measurable,not_measurable,,False,,0,0,1,1,0.3,429.97506,393.77308,8,1.0719402,0,False,,0.27795437,1705.0719,2653.2895,1704.4852,2937.6872,2025.4497,1231.9798,84,256.88405,218.36593,8,0.88438343,0,False,,0.38715784,908.57528,1693.2754,859.24078,2013.2115,1013.4111,999.80042,84,-0.071963001,3
K00386.02,Kepler-146 c,3656121,138569990,tic_kic_crossid_confirms_name_planet,CONFIRMED,CANDIDATE,76.732456,200.6722,6.243,685.7,21.2,-21.2,0.024437,0.462,85.9,5951,4.319,13.838,0,0,0,0,2,294.11075,38.710232,9,OK,lightkurve,,24,"QLP,SPOC,TESS-SPOC","40,41,54,55,74,75,81,82",0.97364325,,667.62718,20.641237,3328.2117,3328.2117,69,34.168978,0,,196.15193,12,1.5159787,0.94548979,614.50284,955.00539,False,OK,PDCSAP_FLUX,SPOC,614.50284,649.93069,analytic,869.76946,578.00433,OK,4,3,SPOC/PDCSAP_FLUX=615ppm;TESS-SPOC/PDCSAP_FLUX=35ppm;QLP/KSPSAP_FLUX=OK;QLP/DET_FLUX=1735ppm,4,8,4,"40,41,54,55,74,75,81,82",SPOC,120,False,False,12971.904,-982.96187,0.72877844,2.563261,16,,-0.07957187,1.3041029,-0.06101656,-0.06101656,linear,0.92042813,0.94548979,1.0272283,1.3041029,6.5205143,452602.8,OK,-0.06101656,OK,SAP_FLUX,SPOC,278.2992,413.50449,analytic,788.0169,670.80897,OK,3,2,SPOC/SAP_FLUX=278ppm;TESS-SPOC/SAP_FLUX=OK;QLP/SAP_FLUX=2251ppm,4,8,4,"40,41,54,55,74,75,81,82",SPOC,120,False,False,8367.9963,-734.78554,0.85221215,2.8066624,16,,-0.58315179,1.1817878,-0.4934488,-0.4934488,linear,0.41684821,0.67302581,1.6145585,1.1817878,5.9089391,245229.62,OK,-0.4934488,BACKGROUND_TEST_AGREES,1,SPOC,-336.20364,770.32193,-0.43644563,-0.54711487,PDC_DEEPER_THAN_SAP,0.030138224,13.812576,1.1052122,2.2124901,0.17703223,890.10648,1.0005663,3747,OK,True,2.2124901,0.99878375,8.2597541,,duration_inconsistent,not_measurable,not_measurable,,False,,0,0,1,1,0.2,649.93069,853.02596,4,2.563261,1,True,OK:1,0.94060482,220.63087,1376.6395,35.279356,1735.2921,614.50284,1120.7892,84,413.50449,563.64555,4,2.8066624,1,True,OK:1,2.4103877,593.974,1935.5919,278.2992,2251.2668,1264.783,1972.9676,84,0,3
K04103.01,Kepler-1552 b,3747817,137319097,tic_kic_crossid_over_name_planet,CONFIRMED,CANDIDATE,184.77271,217.3573,9.568,951.4,47,-47,0.027576,0.04,151.5,5273,4.566,14.838,0,0,0,0,2,291.67682,38.874908,9,OK,lightkurve,NO_USABLE_TRANSIT,6,"SPOC,TESS-SPOC","74,81,82",0.95458986,,908.1968,44.865724,3593.5386,3593.5386,30,102.06383,0,,449.71149,8,,,,,False,NO_USABLE_TRANSIT,PDCSAP_FLUX,SPOC,,,none,,,TOO_FEW_MEMBERS,2,0,SPOC/PDCSAP_FLUX=NO_USABLE_TRANSIT;TESS-SPOC/PDCSAP_FLUX=NO_USABLE_TRANSIT,0,3,0,"74,81,82",SPOC,120,False,False,,,,,3,,,,,,,,,,,,,NO_USABLE_TRANSIT,,NO_USABLE_TRANSIT,SAP_FLUX,SPOC,,,none,,,TOO_FEW_MEMBERS,2,0,SPOC/SAP_FLUX=NO_USABLE_TRANSIT;TESS-SPOC/SAP_FLUX=NO_USABLE_TRANSIT,0,3,0,"74,81,82",SPOC,120,False,False,,,,,3,,,,,,,,,,,,,NO_USABLE_TRANSIT,,BACKGROUND_TEST_UNAVAILABLE,0,,,,,,,0.026877854,,,,,,,0,too_few_points,False,,,,,inconclusive,not_measured,not_measured,,False,,0,0,1,1,0,,,0,,2,True,NO_USABLE_TRANSIT:2,,,,,,,,84,,,0,,2,True,NO_USABLE_TRANSIT:2,,,,,,,,84,0,3
K04103.02,,3747817,137319097,tic_kic_crossid_over_name_planet,CANDIDATE,CANDIDATE,14.237842,140.4771,4.86,193,33.7,-33.7,0.012587,0.314,21.54,5273,4.566,14.838,0,0,0,0,2,291.67682,38.874908,9,OK,lightkurve,,6,"SPOC,TESS-SPOC","74,81,82",0.96037319,,185.35203,32.364577,3526.2355,3526.2355,390,179.98437,0,,612.8531,24,2.3356366,-0.31912151,-520.22061,3506.3728,False,OK,PDCSAP_FLUX,SPOC,-520.22061,1630.1647,analytic,1630.1647,,TOO_FEW_MEMBERS,2,0,SPOC/PDCSAP_FLUX=OK;TESS-SPOC/PDCSAP_FLUX=OK,4,3,3,"74,81,82",SPOC,120,False,False,27710.068,1819.6936,0.55813025,0.029546957,3,,-3.8066626,8.7968407,-0.43273065,-0.43273065,linear,-2.8066626,-0.31912151,0.11370141,8.7968407,43.984204,2.3447376e+21,OK,-0.43273065,OK,SAP_FLUX,SPOC,-238.51594,403.91976,analytic,403.91976,,TOO_FEW_MEMBERS,2,0,SPOC/SAP_FLUX=OK;TESS-SPOC/SAP_FLUX=OK,4,3,3,"74,81,82",SPOC,120,False,False,6718.2542,782.23935,0.96795118,0.036078035,3,,-2.2868267,2.1867593,-1.0457606,-1.0457606,linear,-1.2868267,-0.59050328,0.45888329,2.1867593,10.933797,10386690,OK,-1.0457606,BACKGROUND_TEST_UNAVAILABLE,0,,,,,,,0.02,12.15,1.0172393,2.5,0.20930849,-1090.3554,1.0927699,3488,OK,True,2.5,,,,inconclusive,not_measurable,not_measurable,,False,,0,0,1,1,0.2,1630.1647,617.8059,6,0.22337501,2,True,OK:2,,,,,,,,84,403.91976,225.98699,6,0.39603866,2,True,OK:2,,,,,,,,84,0,3
K04117.01,Kepler-1553 b,3955817,351062058,tic_kic_crossid_over_name_planet,CONFIRMED,CANDIDATE,4.242631,135.0304,2.582,187.6,13.6,-13.6,0.012243,0.201,12.47,5072,4.521,14.955,0,0,0,0,1,291.91916,39.02227,9,QUERY_RETURNED_ZERO_ROWS,lightkurve,QUERY_RETURNED_ZERO_ROWS,0,,,0.95501379,,179.16059,12.988188,,,0,,0,,36,0,,,,,False,FLUX_COLUMN_NOT_PRESENT,,,,,,,,ENSEMBLE_NOT_ATTEMPTED,0,0,,0,0,0,,,,False,False,,,,,0,,,,,,,,,,,,,NO_USABLE_TRANSIT,,FLUX_COLUMN_NOT_PRESENT,,,,,,,,ENSEMBLE_NOT_ATTEMPTED,0,0,,0,0,0,,,,False,False,,,,,0,,,,,,,,,,,,,NO_USABLE_TRANSIT,,BACKGROUND_TEST_UNAVAILABLE,0,,,,,,,,,,,,,,0,too_few_points,False,,,,,inconclusive,not_measured,not_measured,,False,,0,0,1,1,0,,,0,,0,False,,,,,,,,,84,,,0,,0,False,,,,,,,,,84,0,3
K05030.01,,3968809,139035260,tic_kic_crossid,CANDIDATE,CANDIDATE,411.8969,379.0087,6.203,502.8,64.4,-64.4,0.020929,0.4026,476,6362,4.408,14.452,0,0,0,0,1,295.18872,39.01865,9,OK,lightkurve,NO_USABLE_TRANSIT,8,"SPOC,TESS-SPOC","74,75,81,82",0.97349128,,489.47142,62.692839,3566.6684,3566.6684,13,268.01789,0,,864,20,,,,,False,NO_USABLE_TRANSIT,PDCSAP_FLUX,SPOC,,,none,,,TOO_FEW_MEMBERS,2,0,SPOC/PDCSAP_FLUX=NO_USABLE_TRANSIT;TESS-SPOC/PDCSAP_FLUX=NO_USABLE_TRANSIT,0,4,0,"74,75,81,82",SPOC,120,False,False,,,,,4,,,,,,,,,,,,,NO_USABLE_TRANSIT,,NO_USABLE_TRANSIT,SAP_FLUX,SPOC,,,none,,,TOO_FEW_MEMBERS,2,0,SPOC/SAP_FLUX=NO_USABLE_TRANSIT;TESS-SPOC/SAP_FLUX=NO_USABLE_TRANSIT,0,4,0,"74,75,81,82",SPOC,120,False,False,,,,,4,,,,,,,,,,,,,NO_USABLE_TRANSIT,,BACKGROUND_TEST_UNAVAILABLE,0,,,,,,,0.024371259,,,,,,,0,too_few_points,False,,,,,inconclusive,not_measured,not_measured,,False,,0,0,1,1,0.1,,,0,,2,True,NO_USABLE_TRANSIT:2,,,,,,,,84,,,0,,2,True,NO_USABLE_TRANSIT:2,,,,,,,,84,0,3
K07681.01,,4073017,184014202,tic_kic_crossid,CANDIDATE,CANDIDATE,6.0555202,131.59851,2.818,134.6,16.5,-16.5,0.010451,0.19,16.3,5352,4.585,14.772,0,0,0,0,1,295.47382,39.124561,9,OK,lightkurve,,8,"SPOC,TESS-SPOC","74,75,81,82",0.95729986,,128.85256,15.795448,3366.1225,3366.1225,892,82.82829,0,,290.75487,20,0.92489296,0.12251843,134.8375,949.39407,False,OK,PDCSAP_FLUX,SPOC,134.8375,1074.3756,bootstrap,1074.3756,,TOO_FEW_MEMBERS,2,1,SPOC/PDCSAP_FLUX=135ppm;TESS-SPOC/PDCSAP_FLUX=OK,15,4,4,"74,75,81,82",SPOC,120,False,False,26855.628,1698.7043,0.78691116,1.7678712,4,,0.04644794,8.3390742,0.0055699156,0.0055699156,linear,1.0464479,0.12550312,0.1199325,8.3390742,41.695371,1.6525802e+20,OK,0.0055699156,OK,SAP_FLUX,SPOC,-255.71164,457.50305,bootstrap,457.50305,,TOO_FEW_MEMBERS,2,0,SPOC/SAP_FLUX=OK;TESS-SPOC/SAP_FLUX=OK,16,4,4,"74,75,81,82",SPOC,120,False,False,12999.97,1065.0564,1.1132098,0.69750017,4,,-2.9845289,3.5530607,-0.83998817,-0.83998817,linear,-1.9845289,-0.55892882,0.28164307,3.5530607,17.765303,6.6906192e+09,OK,-0.83998817,BACKGROUND_TEST_UNAVAILABLE,0,,,,,,,0.02,5.8653373,2.9589,2.081383,1.05,498.08851,1.0484078,6566,OK,True,2.081383,1.0002465,1.4258449,,fixed_b,not_measurable,not_measurable,,False,,0,0,1,1,0.3,1100.5487,1074.3756,16,1.0765901,1,True,OK:1,,,,,,,,84,500.94264,457.50305,17,0.96267919,2,True,OK:2,,,,,,,,84,0,3
K07685.01,,4141593,121011905,tic_kic_crossid,CANDIDATE,CANDIDATE,64.740274,149.9922,15.082,113.1,7.3,-7.3,0.010514,0.74,22.6,5999,4.263,13.219,0,0,0,0,2,286.77313,39.277531,9,OK,lightkurve,,12,"QLP,SPOC,TESS-SPOC","14,40,41,53,54,74,80,81",0.99793191,,112.8661,7.2849029,3485.9155,3485.9155,85,184.26234,0,,779.01701,12,1.5079667,-2.1191681,-887.67446,666.14154,False,OK,PDCSAP_FLUX,QLP,-887.67446,418.87873,analytic,418.87873,,TOO_FEW_MEMBERS,4,1,SPOC/PDCSAP_FLUX=OK;TESS-SPOC/PDCSAP_FLUX=230ppm;QLP/KSPSAP_FLUX=OK;QLP/DET_FLUX=OK,2,8,2,"80,81,14,40,41,53,54,74","QLP,SPOC","120,1800,200,600",False,False,5941.5163,1225.0426,1.3619684,1.854958,4,,-8.8648457,3.7121871,-2.3880385,-2.3880385,linear,-7.8648457,-2.1191681,0.26944815,3.7121871,18.560936,1.2986e+10,OK,-2.3880385,OK,SAP_FLUX,QLP,1671.9948,316.06392,analytic,610.71903,522.57184,OK,3,3,SPOC/SAP_FLUX=2196ppm;TESS-SPOC/SAP_FLUX=2363ppm;QLP/SAP_FLUX=826ppm,2,8,2,"80,81,14,40,41,53,54,74","QLP,SPOC","120,1800,200,600",False,False,4996.6766,-3396.4565,3.8821944,15.071433,4,odd_even_significant;sector_scatter,2.6955705,0.37427743,7.2020654,2.5526489,ln,14.813968,5.2900527,0.35709897,5.4116209,27.058105,6.3642771e+13,OK,7.2020654,BACKGROUND_TEST_DISAGREES,1,TESS-SPOC,2133.713,638.09828,3.3438626,9.2906444,SAP_DEEPER_THAN_PDC,0.022719213,6.0328,15.8361,0.4,1.05,-932.67129,1.0178473,2546,OK,True,0.4,,,0.97230262,inconclusive,not_measurable,not_measurable,,False,,0,0,1,1,0.1,418.87873,438.1262,2,1.854958,3,True,OK:3,,,,,,,,84,316.06392,1312.9233,2,15.071433,0,False,,0.31254394,1264.7265,2309.8702,826.39952,2363.3755,2196.1714,845.59526,84,0,3
K07685.02,,4141593,121011905,tic_kic_crossid,CANDIDATE,CANDIDATE,33.502923,158.6469,11.947,70.9,6.2,-6.2,0.008374,0.756,14.31,5999,4.263,13.219,0,0,0,0,2,286.77313,39.277531,9,OK,lightkurve,,12,"QLP,SPOC,TESS-SPOC","14,40,41,53,54,74,80,81",1.0003428,,70.924305,6.2021254,3486.1263,3486.1263,164,249.17378,0,,864,16,0.026854902,-0.79364205,-281.21761,9.9257412,False,OK,PDCSAP_FLUX,QLP,-281.21761,354.33809,analytic,379.53301,135.97728,OK,4,2,SPOC/PDCSAP_FLUX=OK;TESS-SPOC/PDCSAP_FLUX=OK;QLP/KSPSAP_FLUX=2ppm;QLP/DET_FLUX=402ppm,5,8,5,"80,81,14,40,41,53,54,74","QLP,SPOC","120,1800,200,600",False,False,6076.9249,-516.24405,0.57488342,0.34245324,4,,-4.9650387,5.3521885,-0.92766514,-0.92766514,linear,-3.9650387,-0.79364205,0.20015998,5.3521885,26.760942,2.9711507e+13,OK,-0.92766514,OK,SAP_FLUX,QLP,2494.6707,290.959,analytic,1294.2566,1261.1277,OK,3,3,SPOC/SAP_FLUX=4451ppm;TESS-SPOC/SAP_FLUX=4069ppm;QLP/SAP_FLUX=742ppm,5,8,5,"80,81,14,40,41,53,54,74","QLP,SPOC","120,1800,200,600",False,False,4599.9765,1849.8718,2.3367264,27.582987,4,sector_scatter,3.5602988,0.52849726,6.7366457,1.8726653,ln,35.173707,8.5739597,0.24376048,18.2487,91.243498,3.0015295e+41,OK,6.7366457,BACKGROUND_TEST_UNAVAILABLE,0,,,,,,,0.02,20.079745,2.4592919,1.6807354,0.20585016,-686.14004,3.4425633,4448,OK,False,1.6807354,,,,inconclusive,not_measurable,not_measurable,,False,,0,0,1,1,0.2,354.33809,139.49851,7,0.34245324,2,True,OK:2,0.67341049,65.946037,337.90059,1.9567303,401.8899,201.92331,199.96658,84,290.959,1324.2335,7,27.582987,0,False,,0.50552872,1806.694,4328.9493,741.94366,4451.1427,4069.2884,1956.472,84,0,3
K03358.01,,4263529,351063477,tic_kic_crossid,CANDIDATE,CANDIDATE,10.104044,132.89284,1.0022,1322.4,54.8,-54.8,0.04465,0.951,33.3,5530,4.541,14.031,0,0,0,0,1,291.88907,39.361771,9,OK,lightkurve,,8,QLP,"14,40,41,54,55,75,81,82",1.0818792,,1430.6771,59.286982,3361.4523,3361.4523,534,8.116844,0,,39.383532,12,1.865589,-0.29208765,-222.8429,1539.7879,False,OK,KSPSAP_FLUX,QLP,-222.8429,1703.4641,bootstrap,1703.4641,,TOO_FEW_MEMBERS,2,1,QLP/KSPSAP_FLUX=OK;QLP/DET_FLUX=1845ppm,18,8,7,"14,40,41,54,55,75,81,82",QLP,"1800,200,600",True,False,8316.4305,-2231.0693,0.76541389,3.1281992,0,smeared;sector_scatter,-1.1557604,1.1924395,-0.96924034,-0.96924034,linear,-0.15576044,-0.13081749,0.83986338,1.1924395,5.9621974,554334.16,OK,-0.96924034,OK,SAP_FLUX,QLP,-241.429,1720.7485,bootstrap,1720.7485,,TOO_FEW_MEMBERS,1,0,QLP/SAP_FLUX=OK,18,8,7,"14,40,41,54,55,75,81,82",QLP,"1800,200,600",True,False,8415.1438,-2254.6882,0.7572216,3.1242544,0,smeared;sector_scatter,-1.1687516,1.2045031,-0.97031847,-0.97031847,linear,-0.16875156,-0.14030464,0.83142718,1.2045031,6.0225153,588888.34,OK,-0.97031847,BACKGROUND_TEST_UNAVAILABLE,0,,,,,,,0.39467781,2.4301313,0.59311088,2.4247968,0.5918089,-607.57549,1.3049249,1003,OK,True,2.4247968,,,,inconclusive,not_measurable,not_measurable,,False,,0,0,1,1,0.2,762.93162,1703.4641,22,2.5135371,1,True,OK:1,,,,,,,,84,767.23987,1720.7485,22,2.5035999,1,True,OK:1,,,,,,,,84,0,3
K01342.01,Kepler-825 b,4275721,378086008,tic_kic_crossid_over_name_planet,CONFIRMED,CANDIDATE,3.7735987,134.07013,2.7282,176,7.7,-7.7,0.012228,0,10.712,6224,4.404,14.207,0,0,0,0,2,294.7699,39.39851,9,QUERY_RETURNED_ZERO_ROWS,lightkurve,QUERY_RETURNED_ZERO_ROWS,0,,,0.96526051,,169.88585,7.4325059,,,0,,0,,36,0,,,,,False,FLUX_COLUMN_NOT_PRESENT,,,,,,,,ENSEMBLE_NOT_ATTEMPTED,0,0,,0,0,0,,,,False,False,,,,,0,,,,,,,,,,,,,NO_USABLE_TRANSIT,,FLUX_COLUMN_NOT_PRESENT,,,,,,,,ENSEMBLE_NOT_ATTEMPTED,0,0,,0,0,0,,,,False,False,,,,,0,,,,,,,,,,,,,NO_USABLE_TRANSIT,,BACKGROUND_TEST_UNAVAILABLE,0,,,,,,,,,,,,,,0,too_few_points,False,,,,,inconclusive,not_measured,not_measured,,False,,0,0,1,1,0,,,0,,0,False,,,,,,,,,84,,,0,,0,False,,,,,,,,,84,0,3
K01342.02,Kepler-825 c,4275721,378086008,tic_kic_crossid_over_name_planet,CONFIRMED,CANDIDATE,8.1818219,134.81423,2.4566,299.6,11.7,-11.7,0.016756,0.655,19.81,6224,4.404,14.207,0,0,0,0,2,294.7699,39.39851,9,QUERY_RETURNED_ZERO_ROWS,lightkurve,QUERY_RETURNED_ZERO_ROWS,0,,,0.98833486,,296.10512,11.563518,,,0,,0,,36,0,,,,,False,FLUX_COLUMN_NOT_PRESENT,,,,,,,,ENSEMBLE_NOT_ATTEMPTED,0,0,,0,0,0,,,,False,False,,,,,0,,,,,,,,,,,,,NO_USABLE_TRANSIT,,FLUX_COLUMN_NOT_PRESENT,,,,,,,,ENSEMBLE_NOT_ATTEMPTED,0,0,,0,0,0,,,,False,False,,,,,0,,,,,,,,,,,,,NO_USABLE_TRANSIT,,BACKGROUND_TEST_UNAVAILABLE,0,,,,,,,,,,,,,,0,too_few_points,False,,,,,inconclusive,not_measured,not_measured,,False,,0,0,1,1,0,,,0,,0,False,,,,,,,,,84,,,0,,0,False,,,,,,,,,84,0,3
K02691.01,,4552729,121940463,tic_kic_crossid,CANDIDATE,CANDIDATE,97.446319,204.83009,6.765,2141.1,39.7,-39.7,0.04074,0.063,114.32,4735,4.627,14.981,0,0,0,0,1,289.10992,39.68539,9,OK,lightkurve,,4,"SPOC,TESS-SPOC","80,81",0.94845814,,2030.7437,37.653788,3494.824,3494.824,56,23.297596,0,,171.36779,9,0.96481727,-0.88962095,-1943.3012,2070.8427,False,OK,PDCSAP_FLUX,SPOC,-1943.3012,2184.4149,analytic,2184.4149,,TOO_FEW_MEMBERS,2,0,SPOC/PDCSAP_FLUX=OK;TESS-SPOC/PDCSAP_FLUX=OK,1,2,1,"80,81",SPOC,120,False,False,21438.849,,,,2,,-1.9569406,1.0769934,-1.8170405,-1.8170405,linear,-0.95694065,-0.88962095,0.92965112,1.0769934,5.384967,440880.37,OK,-1.8170405,OK,SAP_FLUX,SPOC,-1061.831,1253.1092,analytic,1253.1092,,TOO_FEW_MEMBERS,2,0,SPOC/SAP_FLUX=OK;TESS-SPOC/SAP_FLUX=OK,1,2,1,"80,81",SPOC,120,False,False,12298.589,,,,2,,-1.5228779,0.61936912,-2.4587566,-2.4587566,linear,-0.5228779,-0.8473571,1.620564,0.61936912,3.0968456,42905.635,OK,-2.4587566,BACKGROUND_TEST_UNAVAILABLE,0,,,,,,,0.039295332,7.6441019,7.10325,1.1299485,1.05,-1223.7953,1.0006278,1014,OK,True,1.1299485,,,,inconclusive,not_measurable,not_measurable,,False,,0,0,1,1,0.1,2184.4149,,1,0,2,True,OK:2,,,,,,,,84,1253.1092,,1,0,2,True,OK:2,,,,,,,,84,0,3
K02560.01,,4670217,184164861,tic_kic_crossid,CANDIDATE,CANDIDATE,18.120939,134.17616,3.781,504.2,38,-38,0.019889,0.108,37.14,4905,4.536,15.486,0,0,0,0,1,295.70517,39.75684,9,OK,lightkurve,,2,"SPOC,TESS-SPOC",41,0.95127811,,479.63442,36.148568,2424.9272,2424.9272,246,64.838875,0,,251.23163,14,2.0375765,-4.187453,-17978.991,8259.0037,False,OK,PDCSAP_FLUX,SPOC,-17978.991,4293.5386,analytic,4293.5386,,TOO_FEW_MEMBERS,2,0,SPOC/PDCSAP_FLUX=OK;TESS-SPOC/PDCSAP_FLUX=OK,2,1,1,41,SPOC,120,False,False,44780.779,18094.362,2.0967684,,1,,-38.48478,8.9521467,-4.2989443,-4.2989443,linear,-37.48478,-4.187453,0.11171075,8.9521467,44.760733,1.3190155e+22,OK,-4.2989443,OK,SAP_FLUX,SPOC,-3098.5062,853.4132,analytic,853.4132,,TOO_FEW_MEMBERS,2,0,SPOC/SAP_FLUX=OK;TESS-SPOC/SAP_FLUX=OK,2,1,1,41,SPOC,120,False,False,8890.7261,7725.238,4.5106269,,1,odd_even_significant,-7.4601415,1.7815965,-4.187335,-4.187335,linear,-6.4601415,-3.6307222,0.56201899,1.7815965,8.9079827,3544372.2,OK,-4.187335,BACKGROUND_TEST_UNAVAILABLE,0,,,,,,,0.02,6.5519516,0.20014753,1.7328621,0.052935079,-25172.688,1.048179,1134,OK,False,1.7328621,,,,inconclusive,not_measurable,not_measurable,,False,,0,0,1,1,0.1,4293.5386,6276.2121,2,4.3964378,2,True,OK:2,,,,,,,,84,853.4132,2677.451,2,20.345755,2,True,OK:2,,,,,,,,84,0,3
K07700.01,,4670361,184164917,tic_kic_crossid,CANDIDATE,CANDIDATE,631.56889,145.0148,14.37,789,56.8,-56.8,0.027049,0.636,270.7,6382,4.432,14,0,0,0,0,1,295.73697,39.740452,9,QUERY_RETURNED_ZERO_ROWS,lightkurve,QUERY_RETURNED_ZERO_ROWS,0,,,0.98712591,,778.84234,56.068752,,,0,,0,,36,0,,,,,False,FLUX_COLUMN_NOT_PRESENT,,,,,,,,ENSEMBLE_NOT_ATTEMPTED,0,0,,0,0,0,,,,False,False,,,,,0,,,,,,,,,,,,,NO_USABLE_TRANSIT,,FLUX_COLUMN_NOT_PRESENT,,,,,,,,ENSEMBLE_NOT_ATTEMPTED,0,0,,0,0,0,,,,False,False,,,,,0,,,,,,,,,,,,,NO_USABLE_TRANSIT,,BACKGROUND_TEST_UNAVAILABLE,0,,,,,,,,,,,,,,0,too_few_points,False,,,,,inconclusive,not_measured,not_measured,,False,,0,0,1,1,0,,,0,,0,False,,,,,,,,,84,,,0,,0,False,,,,,,,,,84,0,3
K01996.01,Kepler-1042 b,4736569,121734006,tic_kic_crossid_over_name_planet,CONFIRMED,CANDIDATE,10.132006,132.91155,3.1683,911.6,26.8,-26.8,0.02728,0.03,25.09,4777,4.689,15.629,0,0,0,0,2,288.66891,39.824009,9,OK,lightkurve,,4,"SPOC,TESS-SPOC","80,81",0.94881646,,864.94108,25.428281,3508.1188,3508.1188,547,25.329492,0,,123.51298,12,2.1806472,2.1806472,8053.7186,8053.7186,False,OK,PDCSAP_FLUX,SPOC,8053.7186,3693.2698,analytic,4081.01,1736.203,OK,2,2,SPOC/PDCSAP_FLUX=8054ppm;TESS-SPOC/PDCSAP_FLUX=2947ppm,4,2,2,"80,81",SPOC,120,False,False,47884.377,9136.3551,1.1659447,0.49031865,2,,2.2312278,0.51003254,4.3746774,1.7613861,ln,9.3112915,2.1806472,0.23419385,4.7186085,23.593042,1.5251573e+13,OK,4.3746774,OK,SAP_FLUX,SPOC,684.4041,385.15439,analytic,391.34379,69.325709,OK,2,2,SPOC/SAP_FLUX=684ppm;TESS-SPOC/SAP_FLUX=481ppm,5,2,2,"80,81",SPOC,120,False,False,6016.3979,314.9077,0.40861715,0.4177245,2,,-0.2087275,0.45615408,-0.45758112,-0.45758112,linear,0.7912725,1.7769604,2.2456997,0.45615408,2.2807704,7597.8286,OK,-0.45758112,BACKGROUND_TEST_AGREES,2,"SPOC,TESS-SPOC",-4909.256,2620.9982,-1.8730482,-0.89251427,PDC_DEEPER_THAN_SAP,0.026578867,2.6377783,0.68255872,0.83255321,0.21543374,7319.5618,1.1011836,1900,OK,False,0.83255321,1.0545555,-0.89386314,0.56960457,fixed_b,not_measurable,not_measurable,,False,,0,0,1,1,0.1,3693.2698,2388.7486,4,0.50261203,0,False,,0.2155778,3764.276,7236.6819,2947.2393,8053.7186,5500.4789,5106.4793,84,385.15439,231.55859,5,0.39174634,0,False,,0.10129353,513.12882,651.78023,480.50495,684.4041,582.45452,203.89914,84,0,3
K01996.02,,4736569,121734006,tic_kic_crossid_over_name_planet,CANDIDATE,CANDIDATE,7.0739453,136.64371,2.319,228.3,26.8,-26.8,0.013779,0.277,22.73,4777,4.689,15.629,0,0,0,0,2,288.66891,39.824009,9,OK,lightkurve,,4,"SPOC,TESS-SPOC","80,81",0.9543057,,217.86799,25.575393,3508.5429,3508.5429,783,72.586987,0,,252.54596,22,1.5129414,-0.16540943,-507.00883,4599.0728,False,OK,PDCSAP_FLUX,SPOC,-507.00883,2745.122,bootstrap,2745.122,,TOO_FEW_MEMBERS,2,0,SPOC/PDCSAP_FLUX=OK;TESS-SPOC/PDCSAP_FLUX=OK,8,2,2,"80,81",SPOC,120,False,False,48908.035,739.63349,0.11932222,0.076823846,2,,-3.3271378,12.600578,-0.26404643,-0.26404643,linear,-2.3271378,-0.18469447,0.079365506,12.600578,63.002892,5.0118911e+29,OK,-0.26404643,OK,SAP_FLUX,SPOC,56.072143,275.79015,bootstrap,275.79807,2.0905673,OK,2,2,SPOC/SAP_FLUX=56ppm;TESS-SPOC/SAP_FLUX=62ppm,8,2,2,"80,81",SPOC,120,False,False,5503.2307,193.19577,0.27670091,0.2167995,2,,-0.74263249,1.2723094,-0.5836886,-0.5836886,linear,0.25736751,0.20331453,0.78997744,1.2723094,6.361547,125958.55,OK,-0.5836886,BACKGROUND_TEST_UNAVAILABLE,0,,,,,,,0.02,5.7975,0.3333677,2.5,0.14375494,-3232.9516,0.96591694,2783,OK,True,2.5,,,,inconclusive,not_measurable,not_measurable,,False,,0,0,1,1,0.1,3065.175,2745.122,8,0.99077501,2,True,OK:2,,,,,,,,84,347.91714,275.79015,8,0.73464109,0,False,,0.037283528,57.055939,61.237074,56.072143,62.22087,59.146506,6.1487274,84,0,3
K06450.01,,4764969,184468710,tic_kic_crossid,CANDIDATE,CANDIDATE,0.60227758,131.5303,2.38,34.6,6,-6,0.005841,0.7502,1.549,6510,4.256,12.361,0,0,0,0,1,296.32202,39.856049,9,OK,lightkurve,,12,"QLP,SPOC,TESS-SPOC","14,15,41,54,55,75,81,82",0.99938454,,34.578705,5.9963072,3349.4941,3349.3702,8941,112.95134,-178.5,1.5803266,260.18391,22,12.34137,0.68954414,28.064479,527.93096,True,OK,PDCSAP_FLUX,QLP,527.93096,312.20021,bootstrap,369.35402,197.3662,OK,4,4,SPOC/PDCSAP_FLUX=190ppm;TESS-SPOC/PDCSAP_FLUX=274ppm;QLP/KSPSAP_FLUX=791ppm;QLP/DET_FLUX=109ppm,326,8,8,"41,75,14,15,54,55,81,82","QLP,SPOC","120,1800,200,600",True,False,3089.2308,740.04909,1.1614033,5.8673463,4,smeared;sector_scatter,14.267517,10.68307,1.3355259,1.3355259,linear,15.267517,1.6910013,0.11075811,10.68307,53.415351,5.4550758e+24,OK,1.3355259,OK,SAP_FLUX,QLP,387.68248,216.74866,bootstrap,246.726,117.87169,OK,3,3,SPOC/SAP_FLUX=152ppm;TESS-SPOC/SAP_FLUX=181ppm;QLP/SAP_FLUX=499ppm,331,8,8,"41,75,14,15,54,55,81,82","QLP,SPOC","120,1800,200,600",True,False,2563.7379,465.02955,1.020987,4.7573931,4,smeared;sector_scatter,10.211596,7.1374827,1.4306999,1.4306999,linear,11.211596,1.7886269,0.15953365,7.1374827,35.687413,1.0905748e+17,OK,1.4306999,BACKGROUND_TEST_AGREES,2,"SPOC,TESS-SPOC",-60.958346,79.125889,-0.77039698,-0.26267122,PDC_DEEPER_THAN_SAP,0.02,0.952,0.029983421,0.4,0.012598076,498.94642,3.9942679,53443,OK,True,0.4,1.0416805,-4.0263751,0.96947901,tracks_b,not_measurable,not_measurable,,False,,0,0,1,1,2.1,42.777338,312.20021,349,46.04036,0,False,,0.37384851,148.24762,542.98002,109.42139,791.42394,232.0709,418.50957,84,35.385466,216.74866,352,45.361608,0,False,,0.30404184,161.48716,397.23055,152.31336,498.99481,180.9815,235.36912,84,-0.12395833,3
K02243.01,Kepler-1154 b,4770617,169561256,tic_kic_crossid_over_name_planet,CONFIRMED,CANDIDATE,5.1856008,132.32455,4.054,252.6,10,-10,0.014547,0.012,9.931,6172,4.198,14.806,0,0,0,0,3,297.47711,39.877239,9,OK,lightkurve,,2,"SPOC,TESS-SPOC",75,0.96481824,,243.71309,9.6481824,3353.1638,3353.2201,1039,31.52286,81.071892,2.5718444,155.37858,10,3.3204535,0.73459419,1261.9857,5124.6959,True,OK,PDCSAP_FLUX,SPOC,5124.6959,1543.3723,analytic,1543.5789,25.25601,OK,2,2,SPOC/PDCSAP_FLUX=5125ppm;TESS-SPOC/PDCSAP_FLUX=5050ppm,5,1,1,75,SPOC,120,False,False,26045.516,-2143.4714,0.65321325,,1,,3.0458348,0.3078816,9.8928769,3.1619604,ln,21.027578,3.3204535,0.15790946,6.3339116,31.669558,1.3829074e+16,OK,9.8928769,OK,SAP_FLUX,SPOC,1479.5099,420.70666,analytic,420.80186,8.950356,OK,2,2,SPOC/SAP_FLUX=1480ppm;TESS-SPOC/SAP_FLUX=1453ppm,5,1,1,75,SPOC,120,False,False,7148.976,-709.5515,0.79369928,,1,,1.8034745,0.29148213,6.1872559,2.9347654,ln,6.0707037,3.5167257,0.57929458,1.7278055,8.6390273,1376207.2,OK,6.1872559,BACKGROUND_TEST_DISAGREES,2,"SPOC,TESS-SPOC",-3623.535,1184.7839,-3.0583932,-0.71223509,PDC_DEEPER_THAN_SAP,0.02,2.8971595,1.8832212,0.71464221,0.46453408,2838.0365,1.0507533,2976,OK,False,0.71464221,1.0516131,-0.59213513,0.70971748,fixed_b,not_measurable,not_measurable,,False,,0,0,1,1,0.1,1543.3723,1044.2395,5,0.60006616,0,False,,0.0049282945,5062.2987,5112.8107,5050.4135,5124.6959,5087.5547,74.282383,84,420.70666,335.02239,5,0.78517704,0,False,,0.006049541,1457.3973,1475.298,1453.1854,1479.5099,1466.3476,26.324577,84,0.056299925,3
K02243.02,Kepler-1154 c,4770617,169561256,tic_kic_crossid_over_name_planet,CONFIRMED,CANDIDATE,8.4580512,137.06123,2.998,258.7,15.5,-15.5,0.015703,0.697,15.95,6172,4.198,14.806,0,0,0,0,3,297.47711,39.877239,9,OK,lightkurve,,2,"SPOC,TESS-SPOC",75,0.992581,,256.7807,15.385005,3349.3818,3349.3818,636,41.896156,0,,170.65847,14,2.5277457,1.7290691,4370.6781,6468.5855,False,OK,PDCSAP_FLUX,SPOC,4370.6781,2527.7637,analytic,2537.5586,222.74284,OK,2,2,SPOC/PDCSAP_FLUX=4371ppm;TESS-SPOC/PDCSAP_FLUX=5026ppm,3,1,1,75,SPOC,120,False,False,27912.229,2281.1894,0.38468356,,1,,16.021053,9.8825095,1.6211523,1.6211523,linear,17.021053,1.7290691,0.10158414,9.8825095,49.412547,7.3987613e+23,OK,1.6211523,OK,SAP_FLUX,SPOC,1017.0275,616.68598,analytic,619.4917,58.892865,OK,2,2,SPOC/SAP_FLUX=1017ppm;TESS-SPOC/SAP_FLUX=1190ppm,4,1,1,75,SPOC,120,False,False,8232.3874,288.36113,0.22679461,,1,,2.9606851,2.4137939,1.2265691,1.2265691,linear,3.9606851,1.6491822,0.4163881,2.4137939,12.06897,44776154,OK,1.2265691,BACKGROUND_TEST_AGREES,2,"SPOC,TESS-SPOC",-3586.1252,1871.9211,-1.915746,-0.76329103,PDC_DEEPER_THAN_SAP,0.029647276,2.5734059,0.61488688,0.85837422,0.20509903,3568.2973,0.92962876,1350,OK,False,0.85837422,1.0896039,-0.96295433,0.79339246,fixed_b,not_measurable,not_measurable,,False,,0,0,1,1,0.1,2527.7637,1105.7414,4,0.2868766,0,False,,0.050962993,4475.4982,4920.9839,4370.6781,5025.804,4698.241,655.12599,84,616.68598,235.17696,4,0.19517631,0,False,,0.057906855,1044.7418,1162.5275,1017.0275,1190.2418,1103.6347,173.21431,84,0,3
K02243.03,,4770617,169561256,tic_kic_crossid_over_name_planet,CANDIDATE,CANDIDATE,31.445271,154.58136,1.758,531.1,48.1,-48.1,0.028295,0.97,46.6,6172,4.198,14.806,0,0,0,0,3,297.47711,39.877239,9,OK,lightkurve,,2,"SPOC,TESS-SPOC",75,1.0843624,,575.90485,52.157829,3364.7227,3364.7227,171,42.459117,0,,153.74735,18,1.3102181,0.59817622,4142.7537,7944.4669,False,OK,PDCSAP_FLUX,SPOC,4142.7537,6925.641,analytic,6939.6704,441.04594,OK,2,2,SPOC/PDCSAP_FLUX=4143ppm;TESS-SPOC/PDCSAP_FLUX=5440ppm,1,1,1,75,SPOC,120,False,False,34508.591,,,,1,,6.1934691,12.050474,0.51396064,0.51396064,linear,7.1934691,0.59817622,0.083155458,12.050474,60.252368,8.4648939e+28,OK,0.51396064,OK,SAP_FLUX,SPOC,934.6186,1844.2623,analytic,1848.2427,121.23406,OK,2,2,SPOC/SAP_FLUX=935ppm;TESS-SPOC/SAP_FLUX=1291ppm,1,1,1,75,SPOC,120,False,False,9189.4588,,,,1,,0.62286984,3.2109518,0.19398293,0.19398293,linear,1.6228698,0.50677098,0.31226841,3.2109518,16.054759,5.4056011e+09,OK,0.19398293,BACKGROUND_TEST_AGREES,2,"SPOC,TESS-SPOC",-3714.2795,4870.9481,-0.76253729,-0.77520511,PDC_DEEPER_THAN_SAP,0.41570955,4.395,1.8459,2.5,1.05,-2598.7083,0.76180039,263,OK,True,2.5,1.3637173,1.4180415,0.57386785,fixed_b,not_measurable,not_measurable,,False,,0,0,1,1,0.1,6925.641,,1,0,0,False,,0.10646202,4350.3048,5232.3966,4142.7537,5439.9477,4791.3507,1297.194,84,1844.2623,,1,0,0,False,,0.12971501,991.66993,1234.138,934.6186,1291.1894,1112.904,356.57076,84,0,3
K07712.01,,4996057,121013297,tic_kic_crossid,CANDIDATE,CANDIDATE,4.8302364,134.9522,7.983,22.5,2.3,-2.3,0.0043,0.316,4.45,5086,3.678,11.994,0,0,0,0,1,286.69318,40.170109,9,OK,lightkurve,,17,"QLP,SPOC,TESS-SPOC","14,40,41,53,54,74,75,80,81",0.95896837,,21.576788,2.2056273,3363.3263,3363.6311,1117,209.61646,438.98517,2.0942305,748.59437,20,20.817226,2.3005245,88.806031,788.50016,True,OK,PDCSAP_FLUX,QLP,788.50016,606.51106,bootstrap,606.51106,,TOO_FEW_MEMBERS,4,1,SPOC/PDCSAP_FLUX=OK;TESS-SPOC/PDCSAP_FLUX=OK;QLP/KSPSAP_FLUX=2362ppm;QLP/DET_FLUX=OK,45,9,9,"74,75,80,81,14,40,41,53,54","QLP,SPOC","120,1800,600",False,False,1912.2381,-592.24984,0.51183702,511.78134,8,sector_scatter,35.543908,28.109653,1.2644734,1.2644734,linear,36.543908,1.300059,0.035575259,28.109653,140.54826,2.3622327e+62,OK,1.2644734,OK,SAP_FLUX,QLP,697.79158,524.82104,bootstrap,524.82104,,TOO_FEW_MEMBERS,3,1,SPOC/SAP_FLUX=OK;TESS-SPOC/SAP_FLUX=OK;QLP/SAP_FLUX=1334ppm,47,9,9,"74,75,80,81,14,40,41,53,54","QLP,SPOC","120,1800,600",False,False,1909.5618,-400.66211,0.41118433,461.42951,8,sector_scatter,31.339919,24.323675,1.2884533,1.2884533,linear,32.339919,1.32958,0.041112659,24.323675,121.61837,1.4196319e+54,OK,1.2884533,BACKGROUND_TEST_UNAVAILABLE,0,,,,,,,0.02,3.1932,0.10057044,0.4,0.012598076,655.5363,11.567385,27215,OK,True,0.4,1.0243424,-10.646938,0.92909445,tracks_b,not_measurable,not_measurable,,False,,0,0,1,1,0.5,37.877292,606.51106,51,157.80519,3,True,OK:3,,,,,,,,84,36.510877,524.82104,52,136.15908,2,True,OK:2,,,,,,,,84,0.30485081,3
K02878.01,Kepler-1694 b,5106313,138425797,tic_kic_crossid_over_name_planet,CONFIRMED,CANDIDATE,3.895243,131.85929,1.689,189,13.7,-13.7,0.012309,0.224,17.4,5018,4.492,14.756,0,0,0,0,1,293.79358,40.240929,9,OK,lightkurve,,16,"SPOC,TESS-SPOC","40,41,54,55,74,75,81,82",0.95514476,,180.52236,13.085483,3324.7137,3324.7137,1376,35.075995,0,,130.56299,18,1.6723885,1.3388512,766.89373,947.24894,False,OK,PDCSAP_FLUX,SPOC,766.89373,623.43583,bootstrap,623.97665,25.973428,OK,2,2,SPOC/PDCSAP_FLUX=767ppm;TESS-SPOC/PDCSAP_FLUX=843ppm,50,8,8,"40,41,54,55,74,75,81,82",SPOC,120,False,False,20436.662,324.41813,0.26460959,1.5616223,8,,3.2481925,3.4576277,0.93942807,0.93942807,linear,4.2481925,1.2301085,0.28956045,3.4576277,17.288138,5.8166648e+09,OK,0.93942807,OK,SAP_FLUX,SPOC,276.84857,299.02001,bootstrap,299.37512,14.577192,OK,2,2,SPOC/SAP_FLUX=277ppm;TESS-SPOC/SAP_FLUX=234ppm,52,8,8,"40,41,54,55,74,75,81,82",SPOC,120,False,False,8116.7302,-120.04495,0.21183882,1.6322918,8,,0.5335971,1.6607187,0.32130492,0.32130492,linear,1.5335971,0.92585299,0.60371332,1.6607187,8.3035937,728833.54,OK,0.32130492,BACKGROUND_TEST_AGREES,2,"SPOC,TESS-SPOC",-555.23183,465.59805,-1.1925132,-0.68965192,PDC_DEEPER_THAN_SAP,0.02,3.4097064,0.28128893,2.0187723,0.1665417,-576.33532,1.0048295,12588,OK,False,2.0187723,1.0135772,5.9364959,,duration_inconsistent,not_measurable,not_measurable,,False,,0,0,1,1,0.5,572.79983,623.43583,53,1.1233129,0,False,,0.033868354,779.11652,831.06338,766.89373,843.28617,805.08995,76.392435,84,227.40104,299.02001,54,1.3259266,0,False,,0.052654028,240.83433,269.98871,233.97447,276.84857,255.41152,42.874095,84,0,3
K02693.01,Kepler-398 b,5185897,137155210,tic_kic_crossid_confirms_name_planet,CONFIRMED,CANDIDATE,4.0814116,133.85992,2.3239,171.9,5.3,-5.3,0.014433,0.876,6.93,4498,4.661,13.256,0,0,0,0,3,291.46866,40.343849,9,OK,lightkurve,,25,"QLP,SPOC,TESS-SPOC","14,40,41,54,55,74,75,81,82",1.0464885,,179.89138,5.5463892,3329.8348,3329.8025,1314,17.032015,-46.487296,2.7294067,85.954544,12,3.7815708,1.3509445,151.6178,424.63016,True,OK,PDCSAP_FLUX,QLP,424.63016,148.27129,bootstrap,170.76331,84.709706,OK,4,3,SPOC/PDCSAP_FLUX=378ppm;TESS-SPOC/PDCSAP_FLUX=280ppm;QLP/KSPSAP_FLUX=529ppm;QLP/DET_FLUX=OK,56,9,9,"40,41,54,55,74,75,81,82,14","QLP,SPOC","120,1800",True,False,4742.6742,-376.0766,1.3252557,2.1156384,16,smeared,0.85886535,0.40641358,2.1132792,1.4304684,ln,2.3604809,2.8638731,1.2132584,0.95107369,4.7553685,20724.649,OK,2.1132792,OK,SAP_FLUX,QLP,402.00691,137.35238,bootstrap,142.82469,39.156287,OK,3,3,SPOC/SAP_FLUX=362ppm;TESS-SPOC/SAP_FLUX=247ppm;QLP/SAP_FLUX=289ppm,57,9,9,"40,41,54,55,74,75,81,82,14","QLP,SPOC","120,1800",True,False,4269.1938,-362.63989,1.4053327,1.959086,16,smeared,0.80411606,0.36010264,2.2330191,1.5509229,ln,2.2347203,2.9268288,1.309707,0.79611971,3.9805986,9453.1259,OK,2.2330191,BACKGROUND_TEST_AGREES,2,"SPOC,TESS-SPOC",-25.245884,135.45016,-0.18638505,-0.076734451,PDC_DEEPER_THAN_SAP,0.058583294,1.87657,0.14563679,0.80750893,0.062669128,263.05463,1.0447918,17660,OK,False,0.80750893,1.0297408,-2.5516889,0.92651418,fixed_b,not_measurable,not_measurable,,False,,0,0,1,1,0.5,112.28936,148.27129,60,1.6012536,1,True,OK:1,0.19949055,311.48609,480.9055,280.34446,529.49065,377.66205,144.2857,84,101.98083,137.35238,60,1.615602,0,False,,0.097402026,260.65623,338.9688,247.29993,362.46548,289.03837,154.70698,84,-0.032282844,3
K02693.02,Kepler-398 c,5185897,137155210,tic_kic_crossid_confirms_name_planet,CONFIRMED,CANDIDATE,11.419419,142.11859,3.3075,150.5,7.1,-7.1,0.014247,0.918,11.41,4498,4.661,13.256,0,0,0,0,3,291.46866,40.343849,9,OK,lightkurve,,25,"QLP,SPOC,TESS-SPOC","14,40,41,54,55,74,75,81,82",1.0708456,,161.16227,7.6030041,3330.8261,3330.7342,469,33.852673,-132.32646,3.9088925,151.17052,11,8.0775492,3.5285495,637.50108,1133.5408,True,OK,PDCSAP_FLUX,QLP,1133.5408,757.18972,bootstrap,757.18972,,TOO_FEW_MEMBERS,4,1,SPOC/PDCSAP_FLUX=OK;TESS-SPOC/PDCSAP_FLUX=OK;QLP/KSPSAP_FLUX=2203ppm;QLP/DET_FLUX=OK,19,9,9,"40,41,54,55,74,75,81,82,14","QLP,SPOC","120,1800",False,False,4650.4213,1160.4447,0.96930079,15.208761,16,sector_scatter,6.0335372,4.6988093,1.2840566,1.2840566,linear,7.0335372,1.4970367,0.21284265,4.6988093,23.494046,2.5739377e+12,OK,1.2840566,OK,SAP_FLUX,QLP,916.69565,690.23379,bootstrap,690.23379,,TOO_FEW_MEMBERS,3,1,SPOC/SAP_FLUX=OK;TESS-SPOC/SAP_FLUX=OK;QLP/SAP_FLUX=1719ppm,20,9,9,"40,41,54,55,74,75,81,82,14","QLP,SPOC","120,1800",False,False,4277.9741,1056.7713,0.99557749,16.3067,16,sector_scatter,4.6880289,4.2834014,1.0944641,1.0944641,linear,5.6880289,1.3280944,0.2334894,4.2834014,21.417007,3.2251607e+11,OK,1.0944641,BACKGROUND_TEST_UNAVAILABLE,0,,,,,,,0.083596235,7.3178111,1.6241427,2.2124901,0.49104842,136.77793,0.97358198,8057,OK,False,2.2124901,1.1224381,2.9614094,0.34400338,fixed_b,not_measurable,not_measurable,,False,,0,0,1,1,0.3,140.33227,757.18972,22,8.3693781,3,True,OK:3,,,,,,,,84,132.26593,690.23379,22,8.1835003,2,True,OK:2,,,,,,,,84,-0.091893375,3
K02693.03,Kepler-398 d,5185897,137155210,tic_kic_crossid_confirms_name_planet,CONFIRMED,CANDIDATE,6.8344067,136.86023,2.2726,177.1,6.8,-6.8,0.014584,0.871,11.99,4498,4.661,13.256,0,0,0,0,3,291.46866,40.343849,9,OK,lightkurve,,25,"QLP,SPOC,TESS-SPOC","14,40,41,54,55,74,75,81,82",1.044154,,184.91968,7.1002475,3334.8695,3334.8853,785,21.988908,22.71691,1.0331077,100.05572,12,3.2349713,1.2299937,210.81948,530.30265,True,OK,PDCSAP_FLUX,QLP,530.30265,200.98409,bootstrap,236.1074,123.90359,OK,4,4,SPOC/PDCSAP_FLUX=486ppm;TESS-SPOC/PDCSAP_FLUX=365ppm;QLP/KSPSAP_FLUX=320ppm;QLP/DET_FLUX=51ppm,30,9,9,"40,41,54,55,74,75,81,82,14","QLP,SPOC","120,1800",True,False,5179.8513,-79.124512,0.18964078,1.0705096,16,smeared,1.0535263,0.44967243,2.342875,1.4610416,ln,2.8677458,2.6385305,0.92007124,1.2783659,6.3918296,110202.47,OK,2.342875,OK,SAP_FLUX,QLP,376.28954,181.81876,bootstrap,185.71414,37.837541,OK,3,3,SPOC/SAP_FLUX=319ppm;TESS-SPOC/SAP_FLUX=311ppm;QLP/SAP_FLUX=208ppm,32,9,9,"40,41,54,55,74,75,81,82,14","QLP,SPOC","120,1800",True,False,4809.8521,-161.11411,0.43249278,0.85952372,16,smeared,0.71043734,0.49755054,1.4278697,1.0284297,ln,2.034881,2.0695859,1.017055,1.0062729,5.0313647,28134.025,OK,1.4278697,BACKGROUND_TEST_AGREES,2,"SPOC,TESS-SPOC",-100.40136,186.94266,-0.53707036,-0.23596271,PDC_DEEPER_THAN_SAP,0.057131216,1.5278557,0.43545062,0.67229415,0.191609,294.81153,0.94098834,7984,OK,True,0.67229415,1.0374135,-1.4927465,0.95237174,fixed_b,not_measurable,not_measurable,,False,,0,0,1,1,0.4,163.92809,200.98409,33,1.3963718,0,False,,0.23364693,180.1069,427.91407,50.830967,485.93002,342.60964,479.47168,84,148.05325,181.81876,34,1.3721294,0,False,,0.10055433,240.86593,316.54102,207.98,319.26689,310.74854,168.30954,84,0.015775632,3
K01932.01,Kepler-340 c,5202905,184247532,tic_kic_crossid_over_name_planet,CONFIRMED,CANDIDATE,22.824514,144.46843,6.617,322.7,22.4,-22.4,0.016692,0.279,25.77,6642,4.057,12.345,0,0,0,0,2,295.93347,40.300571,9,OK,lightkurve,,14,"QLP,SPOC,TESS-SPOC","14,15,41,54,55,74,81,82",0.97182277,,313.60721,21.76883,3523.8253,3523.8253,243,83.132928,0,,348.65378,14,2.0299428,1.1437837,210.09845,383.71341,False,OK,PDCSAP_FLUX,QLP,210.09845,225.09839,bootstrap,225.81742,18.006176,OK,4,3,SPOC/PDCSAP_FLUX=557ppm;TESS-SPOC/PDCSAP_FLUX=504ppm;QLP/KSPSAP_FLUX=OK;QLP/DET_FLUX=538ppm,9,8,8,"74,81,82,14,15,41,54,55","QLP,SPOC","120,1800,600",False,False,2842.4798,-92.313253,0.25040892,1.8473127,6,,-0.33005861,0.72512843,-0.45517263,-0.45517263,linear,0.66994139,0.93336274,1.3932006,0.72512843,3.6256422,11461.976,OK,-0.45517263,OK,SAP_FLUX,QLP,162.7112,211.17825,bootstrap,212.99955,27.794846,OK,3,3,SPOC/SAP_FLUX=271ppm;TESS-SPOC/SAP_FLUX=276ppm;QLP/SAP_FLUX=195ppm,9,8,8,"74,81,82,14,15,41,54,55","QLP,SPOC","120,1800,600",False,False,2818.5804,-390.88887,1.2093946,2.2658372,6,,-0.48116245,0.68455847,-0.70287999,-0.70287999,linear,0.51883755,0.7704922,1.4850355,0.68455847,3.4227924,9299.9889,OK,-0.70287999,BACKGROUND_TEST_AGREES,2,"SPOC,TESS-SPOC",-259.62708,234.70627,-1.1061787,-0.48973144,PDC_DEEPER_THAN_SAP,0.02,4.0590693,0.96986971,0.61343045,0.14657242,212.43458,1.03366,3892,OK,True,0.61343045,0.99677552,-1.9552179,0.82096888,fixed_b,not_measurable,not_measurable,,False,,0,0,1,1,0.2,183.68722,225.09839,9,1.8178689,1,True,OK:1,0.085703517,514.56622,550.57858,503.66207,556.62141,537.73756,346.52296,84,161.42781,211.17825,9,2.3291524,0,False,,0.17082319,219.00227,274.59196,194.50309,276.25264,271.06301,113.54144,84,0,3
K01932.02,Kepler-340 b,5202905,184247532,tic_kic_crossid_over_name_planet,CONFIRMED,CANDIDATE,14.844484,143.576,6.091,177.9,19.2,-19.2,0.012341,0.149,18.65,6642,4.057,12.345,0,0,0,0,2,295.93347,40.300571,9,OK,lightkurve,,14,"QLP,SPOC,TESS-SPOC","14,15,41,54,55,74,81,82",0.96964067,,172.49908,18.617101,3513.5685,3513.5685,373,115.12045,0,,436.72635,16,1.9898978,1.6986679,234.16079,259.57767,False,OK,PDCSAP_FLUX,QLP,234.16079,140.5015,bootstrap,247.28952,203.498,OK,4,4,SPOC/PDCSAP_FLUX=294ppm;TESS-SPOC/PDCSAP_FLUX=735ppm;QLP/KSPSAP_FLUX=154ppm;QLP/DET_FLUX=513ppm,16,8,8,"74,81,82,14,15,41,54,55","QLP,SPOC","120,1800,600",False,False,2812.1716,-320.27564,1.1354605,0.9888396,6,,0.35746113,1.4384962,0.24849641,0.24849641,linear,1.3574611,1.6666071,1.2277383,1.4384962,7.1924809,229147.29,OK,0.24849641,OK,SAP_FLUX,QLP,30.474503,166.9085,bootstrap,179.0374,64.776099,OK,3,2,SPOC/SAP_FLUX=OK;TESS-SPOC/SAP_FLUX=84ppm;QLP/SAP_FLUX=274ppm,16,8,8,"74,81,82,14,15,41,54,55","QLP,SPOC","120,1800,600",False,False,2794.4104,-39.857016,0.11313643,0.7920987,6,,-0.82333527,1.044697,-0.78810919,-0.78810919,linear,0.17666473,0.18258209,1.0334948,1.044697,5.2234848,31839.839,OK,-0.78810919,BACKGROUND_TEST_AGREES,1,TESS-SPOC,-651.47235,281.7314,-2.3123882,-0.88638558,PDC_DEEPER_THAN_SAP,0.02,9.3410121,0.74742037,1.5335761,0.12270897,253.84808,1.0701291,6653,OK,False,1.5335761,1.0020592,3.8341416,,duration_inconsistent,not_measurable,not_measurable,,False,,0,0,1,1,0.2,137.84966,140.5015,16,1.0420069,0,False,,0.86905241,221.31672,628.31271,154.16265,734.97625,403.41375,500.81546,84,127.8408,166.9085,16,1.917003,1,True,OK:1,2.1255835,113.98677,243.53897,83.503902,274.02184,178.76287,243.54734,84,0,3
K02711.01,Kepler-400 b,5272233,122707140,tic_kic_crossid_confirms_name_planet,CONFIRMED,CANDIDATE,9.0243641,133.54199,3.011,214.6,10.2,-10.2,0.01334,0.014,23.21,5885,4.348,13.642,0,0,0,0,2,290.94449,40.480042,9,OK,lightkurve,,17,"QLP,SPOC,TESS-SPOC","14,40,41,54,55,74,75,81,82",0.96312424,,206.68646,9.8238673,3363.1117,3363.1117,598,34.837374,0,,149.67712,11,2.397774,0.34902629,93.985985,665.73362,False,OK,PDCSAP_FLUX,QLP,93.985985,349.41808,bootstrap,372.06226,127.81755,OK,4,2,SPOC/PDCSAP_FLUX=OK;TESS-SPOC/PDCSAP_FLUX=OK;QLP/KSPSAP_FLUX=520ppm;QLP/DET_FLUX=896ppm,26,9,9,"74,75,81,82,14,40,41,54,55","QLP,SPOC","120,1800,600",False,False,6435.9456,-697.21737,1.0858548,0.66391341,8,,-0.54527266,1.8014502,-0.30268539,-0.30268539,linear,0.45472734,0.26897859,0.59151622,1.8014502,9.0072511,1686779.3,OK,-0.30268539,OK,SAP_FLUX,QLP,-42.717693,284.99759,bootstrap,284.99759,,TOO_FEW_MEMBERS,3,1,SPOC/SAP_FLUX=OK;TESS-SPOC/SAP_FLUX=OK;QLP/SAP_FLUX=691ppm,26,9,9,"74,75,81,82,14,40,41,54,55","QLP,SPOC","120,1800,600",False,False,5863.2404,-591.46722,1.108665,0.67536622,8,,-1.2066787,1.3806132,-0.87401652,-0.87401652,linear,-0.20667872,-0.14988791,0.72522178,1.3806132,6.9030658,205512.8,OK,-0.87401652,BACKGROUND_TEST_UNAVAILABLE,0,,,,,,,0.02,5.0606942,0.23550365,1.6807354,0.078214431,345.06062,1.7592255,6445,OK,False,1.6807354,0.99570929,6.8264216,,duration_inconsistent,not_measurable,not_measurable,,False,,0,0,1,1,0.3,269.28053,349.41808,27,2.0371721,2,True,OK:2,1.359964,579.92299,835.55809,519.77355,895.70753,707.74054,801.72155,84,239.073,284.99759,27,2.0400945,2,True,OK:2,,,,,,,,84,0,3
K02711.02,Kepler-400 c,5272233,122707140,tic_kic_crossid_confirms_name_planet,CONFIRMED,CANDIDATE,17.340874,138.96694,3.398,159,13,-13,0.011797,0.489,34.5,5885,4.348,13.642,0,0,0,0,2,290.94449,40.480042,9,OK,lightkurve,,17,"QLP,SPOC,TESS-SPOC","14,40,41,54,55,74,75,81,82",0.97498134,,155.02203,12.674757,3364.9788,3364.9905,311,58.738133,16.983204,0.28913422,227.1844,16,3.5464677,2.0533519,768.73957,1292.5285,True,OK,PDCSAP_FLUX,QLP,1292.5285,414.27231,bootstrap,781.73673,662.94099,OK,4,4,SPOC/PDCSAP_FLUX=752ppm;TESS-SPOC/PDCSAP_FLUX=955ppm;QLP/KSPSAP_FLUX=2500ppm;QLP/DET_FLUX=137ppm,13,9,8,"74,75,81,82,14,40,41,54,55","QLP,SPOC","120,1800,600",False,False,6991.7047,-598.62872,0.80284586,1.674575,8,,2.1207884,0.61235808,3.4633141,1.454839,ln,8.3377081,3.1199972,0.37420322,5.0436566,25.218283,1.3885276e+13,OK,3.4633141,OK,SAP_FLUX,QLP,1128.5977,383.79583,bootstrap,492.74054,309.02105,OK,3,3,SPOC/SAP_FLUX=703ppm;TESS-SPOC/SAP_FLUX=638ppm;QLP/SAP_FLUX=1547ppm,13,9,8,"74,75,81,82,14,40,41,54,55","QLP,SPOC","120,1800,600",False,False,6295.6001,-583.1126,0.89862227,2.1971383,8,,1.985164,0.44699036,4.4411785,1.9749409,ln,7.2802409,2.9406202,0.40391797,3.179964,15.89982,1.2462276e+09,OK,4.4411785,BACKGROUND_TEST_AGREES,2,"SPOC,TESS-SPOC",-171.44254,422.75691,-0.40553456,-0.20083427,PDC_DEEPER_THAN_SAP,0.02,1.3592,0.021077283,0.4,0.0062028496,1670.5281,1.0643698,3697,OK,True,0.4,1.0286273,-12.575835,0.94773162,tracks_b,not_measurable,not_measurable,,False,,0,0,1,1,0.2,364.45517,414.27231,15,1.6208252,0,False,,0.51290243,432.55674,1758.4387,137.47864,2500.0016,853.6518,1207.4731,84,322.4389,383.79583,15,2.0932102,0,False,,0.27380974,658.97064,1277.0127,638.33986,1547.2253,702.81106,490.25788,84,0.011793892,3
K04411.01,Kepler-1602 b,5281113,138299395,tic_kic_crossid_over_name_planet,CONFIRMED,CANDIDATE,11.179316,131.64123,3.103,90.6,8.7,-8.7,0.008869,0.381,25.72,6292,4.014,13.352,0,0,0,0,1,293.58087,40.427471,9,OK,lightkurve,,24,"QLP,SPOC,TESS-SPOC","40,41,54,55,74,75,81,82",0.97220174,,88.081478,8.4581551,3330.7129,3330.7129,480,67.984836,0,,250.49951,18,2.4066512,0.40359487,120.24847,736.40366,False,OK,PDCSAP_FLUX,SPOC,120.24847,234.2253,bootstrap,244.95818,71.714831,OK,4,4,SPOC/PDCSAP_FLUX=120ppm;TESS-SPOC/PDCSAP_FLUX=248ppm;QLP/KSPSAP_FLUX=390ppm;QLP/DET_FLUX=241ppm,17,8,8,"40,41,54,55,74,75,81,82",SPOC,120,False,False,8524.7092,134.9219,0.24136977,0.68420778,16,,0.36519584,2.7831473,0.13121686,0.13121686,linear,1.3651958,0.51338803,0.37605449,2.7831473,13.915736,97366983,OK,0.13121686,OK,SAP_FLUX,SPOC,27.198403,117.30811,bootstrap,165.75069,117.09867,OK,3,3,SPOC/SAP_FLUX=27ppm;TESS-SPOC/SAP_FLUX=73ppm;QLP/SAP_FLUX=372ppm,18,8,8,"40,41,54,55,74,75,81,82",SPOC,120,False,False,5212.2933,-215.56864,0.69009925,0.56555143,16,,-0.69121314,1.8849,-0.36671078,-0.36671078,linear,0.30878686,0.23185442,0.75085583,1.8849,9.4244999,1091083.1,OK,-0.36671078,BACKGROUND_TEST_AGREES,2,"SPOC,TESS-SPOC",-125.02236,205.19843,-0.60927542,-0.67847069,PDC_DEEPER_THAN_SAP,0.02,5.0584382,0.46414886,1.6301767,0.14958068,430.51792,1.0410721,8219,OK,False,1.6301767,1.0017274,3.8618027,,duration_inconsistent,not_measurable,not_measurable,,False,,0,0,1,1,0.4,297.94349,234.2253,18,0.63791195,0,False,,0.59638874,178.42846,321.85812,120.24847,389.7642,244.87499,269.51574,84,170.67118,117.30811,19,0.53079694,0,False,,4.3053508,41.695108,275.89244,27.198403,371.60624,72.500607,344.40784,84,0,3
K04409.01,Kepler-1955 b,5308537,172372582,tic_kic_crossid_over_name_planet,CONFIRMED,CANDIDATE,14.265154,143.22024,3.601,66.3,5.5,-5.5,0.00749,0.353,28.57,5825,4.237,12.515,0,0,0,0,1,299.53479,40.477779,9,OK,lightkurve,,17,"QLP,SPOC,TESS-SPOC","14,15,41,54,55,74,75,81,82",0.96878103,,64.230182,5.3282957,3368.4485,3368.4609,378,58.304656,17.976192,0.30831486,228.92897,16,4.5208237,3.1467057,563.77178,822.37746,True,OK,PDCSAP_FLUX,QLP,822.37746,230.6006,bootstrap,289.13936,174.42744,OK,4,4,SPOC/PDCSAP_FLUX=1010ppm;TESS-SPOC/PDCSAP_FLUX=944ppm;QLP/KSPSAP_FLUX=434ppm;QLP/DET_FLUX=842ppm,15,9,8,"74,75,81,82,14,15,41,54,55","QLP,SPOC","120,1800,600",False,False,3329.9261,-553.81016,1.5500047,2.2697294,8,,2.5497263,0.36468752,6.9915368,2.6214758,ln,12.803598,3.5662416,0.27853432,4.502654,22.51327,3.8470521e+11,OK,6.9915368,OK,SAP_FLUX,QLP,307.66882,145.3049,bootstrap,212.73672,155.38146,OK,3,3,SPOC/SAP_FLUX=306ppm;TESS-SPOC/SAP_FLUX=212ppm;QLP/SAP_FLUX=669ppm,15,9,8,"74,75,81,82,14,15,41,54,55","QLP,SPOC","120,1800,600",False,False,2303.7323,138.13301,0.57201579,2.918246,8,,1.5665507,0.6981983,2.2437045,1.1438298,ln,4.7900972,2.1174015,0.44203727,3.3135149,16.567575,1.0068049e+09,OK,2.2437045,BACKGROUND_TEST_DISAGREES,2,"SPOC,TESS-SPOC",-716.9361,191.78165,-3.7382934,-0.73368727,PDC_DEEPER_THAN_SAP,0.02,6.8388193,2.7250208,1.8991445,0.75674001,-190.65174,0.98016671,2736,OK,False,1.8991445,1.0218291,1.5335641,,fixed_b,not_measurable,not_measurable,,False,,0,0,1,1,0.3,181.90876,230.6006,16,2.151168,0,False,,0.21210144,629.62897,978.48385,433.71969,1010.052,893.07451,388.65776,84,123.66434,145.3049,16,2.1419105,0,False,,0.50502829,241.95953,552.72244,211.88869,668.89298,305.86006,361.22416,84,0.012483467,3
K02297.01,Kepler-1818 b,5342473,120251654,tic_kic_crossid_over_name_planet,CONFIRMED,CANDIDATE,4.6449517,136.02095,3.366,147.4,8.6,-8.6,0.011202,0.301,10.2,6047,4.343,14.338,0,0,0,0,1,284.32852,40.568909,9,OK,lightkurve,,6,"SPOC,TESS-SPOC","74,80,81",0.96780183,,142.65399,8.3230957,3491.8685,3491.8685,1189,44.603752,0,,184.30126,14,0.44369933,-0.71705598,-303.2875,183.529,False,OK,PDCSAP_FLUX,SPOC,-303.2875,313.77071,bootstrap,313.77071,,TOO_FEW_MEMBERS,2,0,SPOC/PDCSAP_FLUX=OK;TESS-SPOC/PDCSAP_FLUX=OK,16,3,3,"74,80,81",SPOC,120,False,False,11764.35,-413.6333,0.66724027,0.80913432,3,,-3.1260359,2.2008646,-1.4203672,-1.4203672,linear,-2.1260359,-0.96658958,0.45464406,2.2008646,11.004323,8578145.1,OK,-1.4203672,OK,SAP_FLUX,SPOC,-131.67447,210.26032,bootstrap,210.26032,,TOO_FEW_MEMBERS,2,1,SPOC/SAP_FLUX=OK;TESS-SPOC/SAP_FLUX=66ppm,16,3,3,"74,80,81",SPOC,120,False,False,8097.5805,-155.38161,0.36686682,0.99947266,3,,-1.9230339,1.4759197,-1.3029393,-1.3029393,linear,-0.92303388,-0.62624497,0.67846369,1.4759197,7.3795987,228524.04,OK,-1.3029393,BACKGROUND_TEST_UNAVAILABLE,0,,,,,,,0.02,1.66735,3.4468186,0.49535056,1.0240103,-612.94054,1.0302494,7995,OK,True,0.49535056,,,0.89098831,inconclusive,not_measurable,not_measurable,,False,,0,0,1,1,0.2,422.96209,313.77071,17,0.5675362,2,True,OK:2,,,,,,,,84,283.09436,210.26032,17,0.61627936,1,True,OK:1,,,,,,,,84,0,3
K02219.01,Kepler-1809 b,5357545,122300177,tic_kic_crossid_over_name_planet,CONFIRMED,CANDIDATE,3.7572947,133.95965,0.9269,273.3,16.7,-16.7,0.015786,0.586,25.7,4901,4.618,14.099,0,0,0,0,1,290.26535,40.548649,9,OK,lightkurve,,8,"SPOC,TESS-SPOC","74,75,80,82",0.97726545,,267.08665,16.320333,3366.1921,3366.1921,1437,14.086339,0,,56.162517,16,0.92592935,0.87662752,470.91709,534.13128,False,OK,PDCSAP_FLUX,SPOC,470.91709,617.09092,bootstrap,691.15436,311.27662,OK,2,2,SPOC/PDCSAP_FLUX=471ppm;TESS-SPOC/PDCSAP_FLUX=1386ppm,27,4,4,"74,75,80,82",SPOC,120,False,False,10031.049,1049.796,0.96599518,1.0221642,4,,0.76316223,2.5889575,0.29477588,0.29477588,linear,1.7631622,0.76312432,0.43281571,2.5889575,12.944788,1.1181522e+08,OK,0.29477588,OK,SAP_FLUX,SPOC,228.78313,248.29937,bootstrap,286.61451,143.1618,OK,2,2,SPOC/SAP_FLUX=229ppm;TESS-SPOC/SAP_FLUX=650ppm,29,4,4,"74,75,80,82",SPOC,120,False,False,5140.1405,615.22417,1.3268167,0.91825952,4,,-0.14341234,1.076015,-0.13328099,-0.13328099,linear,0.85658766,0.92140037,1.0756638,1.076015,5.3800748,57700.999,OK,-0.13328099,BACKGROUND_TEST_AGREES,2,"SPOC,TESS-SPOC",-459.76093,497.70926,-0.92375403,-0.49507097,PDC_DEEPER_THAN_SAP,0.023482,1.2201547,0.973245,1.3163822,1.05,254.63219,1.0590811,3595,OK,True,1.3163822,1.0076293,0.33313276,,fixed_b,not_measurable,not_measurable,,False,,0,0,1,1,0.3,537.19177,617.09092,27,1.1939801,0,False,,0.6610009,617.40021,1239.9534,470.91709,1386.4366,928.67683,915.51947,84,267.63914,248.29937,29,0.81779855,0,False,,0.62575332,296.15339,582.47699,228.78313,649.84725,439.31519,421.06412,84,0,3
K03444.01,,5384713,169460096,tic_kic_crossid,CANDIDATE,CANDIDATE,12.671437,137.50707,2.498,215.8,17.8,-17.8,0.013071,0.047,39.21,3705,4.721,13.693,0,0,0,0,4,297.4292,40.561909,9,OK,lightkurve,,14,"QLP,SPOC,TESS-SPOC","14,15,54,55,74,81,82",0.92933329,,200.55012,16.542133,2798.3246,2798.3246,381,50.928363,0,,190.25509,18,1.5674869,-1.4164572,-446.08383,514.04099,False,OK,PDCSAP_FLUX,QLP,-446.08383,236.4847,bootstrap,236.4847,,TOO_FEW_MEMBERS,4,1,SPOC/PDCSAP_FLUX=OK;TESS-SPOC/PDCSAP_FLUX=OK;QLP/KSPSAP_FLUX=OK;QLP/DET_FLUX=259ppm,14,7,7,"14,54,55,15,74,81,82","QLP,SPOC","120,1800,200",True,False,5769.2604,-707.84312,1.1203489,1.1421293,7,smeared,-3.2243009,1.1831184,-2.7252564,-2.7252564,linear,-2.2243009,-1.8863116,0.84804692,1.1831184,5.915592,74158.168,OK,-2.7252564,OK,SAP_FLUX,QLP,-410.53619,187.10875,bootstrap,187.10875,,TOO_FEW_MEMBERS,3,0,SPOC/SAP_FLUX=OK;TESS-SPOC/SAP_FLUX=OK;QLP/SAP_FLUX=OK,15,7,7,"14,54,55,15,74,81,82","QLP,SPOC","120,1800,200",True,False,4681.3828,-514.54807,1.1756381,1.2953518,7,smeared,-3.0470503,0.9379502,-3.2486269,-3.2486269,linear,-2.0470503,-2.1941047,1.0718372,0.9379502,4.689751,21624.534,OK,-3.2486269,BACKGROUND_TEST_UNAVAILABLE,0,,,,,,,0.02,1.8405421,2.2567621,0.7368063,0.90342758,-470.41522,0.94969525,3224,OK,True,0.7368063,,,0.68581612,inconclusive,not_measurable,not_measurable,,False,,0,0,1,1,0.2,314.92926,236.4847,17,0.70825498,3,True,OK:3,,,,,,,,84,241.2298,187.10875,18,0.74302005,3,True,OK:3,,,,,,,,84,0,3
K03444.02,,5384713,169460096,tic_kic_crossid,CANDIDATE,CANDIDATE,60.326688,145.05747,1.6864,3146.7,67.5,-67.5,0.086168,0.974,131.3,3705,4.721,13.693,0,0,0,0,4,297.4292,40.561909,9,OK,lightkurve,,14,"QLP,SPOC,TESS-SPOC","14,15,54,55,74,81,82",1.1770007,,3703.6682,79.447548,2804.1925,2804.1691,80,6.564129,-33.734746,5.139257,44.988387,9,4.1119413,1.9259167,1588.3657,3002.1889,True,OK,PDCSAP_FLUX,QLP,3002.1889,730.11474,analytic,1584.0868,1405.7964,OK,4,4,SPOC/PDCSAP_FLUX=1465ppm;TESS-SPOC/PDCSAP_FLUX=2114ppm;QLP/KSPSAP_FLUX=491ppm;QLP/DET_FLUX=5299ppm,3,7,3,"14,54,55,15,74,81,82","QLP,SPOC","120,1800,200",True,False,4376.0363,,,3.149258,7,smeared;sector_scatter,-0.20998205,0.53044159,-0.39586273,-0.43928885,ln,0.81059879,4.1119413,5.0727207,0.43115414,2.1557707,28275.811,OK,-0.39586273,OK,SAP_FLUX,QLP,1993.5777,576.2686,analytic,638.26394,274.39999,OK,3,3,SPOC/SAP_FLUX=991ppm;TESS-SPOC/SAP_FLUX=1340ppm;QLP/SAP_FLUX=1798ppm,3,7,3,"14,54,55,15,74,81,82","QLP,SPOC","120,1800,200",True,False,3737.723,,,4.7102718,7,smeared;sector_scatter,-0.61939287,0.32475007,-1.9072909,-2.5549772,ln,0.53827114,3.4594591,6.4269824,0.18071741,0.90358704,5438.6206,OK,-1.9072909,BACKGROUND_TEST_AGREES,2,"SPOC,TESS-SPOC",-670.86757,698.71853,-0.96013994,-0.37483474,PDC_DEEPER_THAN_SAP,0.5,3.9661695,0.64685067,2.3518557,0.38356895,2763.4675,0.80392413,423,OK,True,2.3518557,0.95895005,5.2031568,,duration_inconsistent,consistent,consistent,duration_not_fixed_b,False,,0,0,1,1,0.1,730.11474,1248.1233,3,3.149258,0,False,,0.46825714,958.64445,3770.2372,491.05805,5298.7565,1789.7689,2511.1309,84,576.2686,1464.3406,3,4.7102718,0,False,,0.13764199,1102.5262,1651.3262,990.6531,1797.7119,1340.2566,1002.9246,84,-0.023426907,3
K03444.03,,5384713,169460096,tic_kic_crossid,CANDIDATE,CANDIDATE,2.6359544,132.31984,1.309,93.7,13,-13,0.008651,0.005,15.53,3705,4.721,13.693,0,0,0,0,4,297.4292,40.561909,9,OK,lightkurve,,14,"QLP,SPOC,TESS-SPOC","14,15,54,55,74,81,82",0.9291086,,87.057475,12.078412,2802.2962,2802.328,1835,47.288523,45.804528,0.96861829,161.50057,24,6.1700763,-1.168826,-224.81032,1146.0556,True,OK,PDCSAP_FLUX,QLP,1146.0556,619.78792,bootstrap,804.53132,512.96547,OK,4,4,SPOC/PDCSAP_FLUX=281ppm;TESS-SPOC/PDCSAP_FLUX=254ppm;QLP/KSPSAP_FLUX=2120ppm;QLP/DET_FLUX=172ppm,61,7,7,"14,54,55,15,74,81,82","QLP,SPOC","120,1800,200",True,False,5705.0388,1818.0239,1.6872401,11.709996,7,smeared;sector_scatter,12.164356,9.2425579,1.3161244,1.3161244,linear,13.164356,1.8491093,0.14046333,9.2425579,46.212789,1.0227405e+22,OK,1.3161244,OK,SAP_FLUX,QLP,771.44771,449.46767,bootstrap,689.96186,523.4751,OK,3,3,SPOC/SAP_FLUX=195ppm;TESS-SPOC/SAP_FLUX=67ppm;QLP/SAP_FLUX=1607ppm,64,7,7,"14,54,55,15,74,81,82","QLP,SPOC","120,1800,200",True,False,4676.0493,1298.05,1.6006942,8.3799507,7,smeared;sector_scatter,7.8613609,7.9267323,0.99175304,0.99175304,linear,8.8613609,1.7163586,0.19369018,7.9267323,39.633662,1.4206485e+19,OK,0.99175304,BACKGROUND_TEST_AGREES,2,"SPOC,TESS-SPOC",-115.45709,226.30723,-0.51017852,-0.43207123,PDC_DEEPER_THAN_SAP,0.02,0.8535605,0.19546876,0.65207066,0.14932679,280.21732,1.0699759,8399,OK,False,0.65207066,1.0225756,-1.6247865,0.76472397,fixed_b,not_measurable,not_measurable,,False,,0,0,1,1,0.5,185.74415,619.78792,64,3.7869294,0,False,,0.44759213,211.3103,1237.2412,172.10118,2120.2498,267.21772,974.19424,84,151.36007,449.46767,67,3.8589404,0,False,,0.678562,108.18869,1155.1389,67.324542,1606.9572,195.02501,835.50949,84,0.0318087,3
K03444.04,,5384713,169460096,tic_kic_crossid,CANDIDATE,CANDIDATE,14.150231,141.47344,1.503,208.1,30.4,-30.4,0.012874,0.013,72.86,3705,4.721,13.693,0,0,0,0,4,297.4292,40.561909,9,OK,lightkurve,,14,"QLP,SPOC,TESS-SPOC","14,15,54,55,74,81,82",0.9291234,,193.35058,28.245351,2799.7022,2799.7022,341,65.366776,0,,218.64533,26,1.3112562,0.44045364,146.33518,549.70965,False,OK,PDCSAP_FLUX,QLP,146.33518,254.83612,bootstrap,291.92473,142.40295,OK,4,4,SPOC/PDCSAP_FLUX=224ppm;TESS-SPOC/PDCSAP_FLUX=350ppm;QLP/KSPSAP_FLUX=474ppm;QLP/DET_FLUX=42ppm,12,7,6,"14,54,55,15,74,81,82","QLP,SPOC","120,1800,200",True,False,4923.3721,-746.45101,1.100209,0.8415284,7,smeared,-0.2431614,1.5176954,-0.16021752,-0.16021752,linear,0.7568386,0.5742325,0.75872517,1.5176954,7.588477,381732.59,OK,-0.16021752,OK,SAP_FLUX,QLP,232.97742,193.91685,bootstrap,194.75689,18.069421,OK,3,2,SPOC/SAP_FLUX=287ppm;TESS-SPOC/SAP_FLUX=OK;QLP/SAP_FLUX=234ppm,12,7,6,"14,54,55,15,74,81,82","QLP,SPOC","120,1800,200",True,False,3695.4131,-326.50172,0.60968883,0.64139604,7,smeared,0.20494813,1.0190388,0.20111906,0.20111906,linear,1.2049481,1.2014295,0.99707984,1.0190388,5.0951941,31368.332,OK,0.20111906,BACKGROUND_TEST_AGREES,1,SPOC,62.870925,536.00676,0.11729502,0.28031973,SAP_DEEPER_THAN_PDC,0.02,2.9429417,0.1798845,1.958045,0.11968363,584.50283,1.0826076,1939,OK,False,1.958045,0.99834683,3.3090026,,duration_inconsistent,not_measurable,not_measurable,,False,,0,0,1,1,0.3,332.23742,254.83612,12,0.58075385,0,False,,0.97312858,129.65353,414.45942,42.303321,473.59158,287.34125,327.2564,84,265.78821,193.91685,12,0.54637908,1,True,OK:1,0.07755868,242.51174,278.65058,234.00849,287.15384,260.58116,54.176422,84,0,3
K05158.01,,5394585,171976306,tic_kic_crossid,CANDIDATE,CANDIDATE,151.13008,278.463,3.49,358,108,-108,0.017538,0.0529,336,6768,3.844,11.867,0,0,0,0,1,299.38071,40.535671,9,OK,lightkurve,,17,"QLP,SPOC,TESS-SPOC","14,15,41,54,55,74,75,81,82",0.96994709,,347.24106,104.75429,3401.0158,3400.9188,35,544.6029,-139.62792,0.25638483,864,41,3.3689382,,,1812.6574,True,OK,PDCSAP_FLUX,QLP,1812.6574,538.05006,analytic,549.4659,111.42218,OK,4,3,SPOC/PDCSAP_FLUX=1813ppm;TESS-SPOC/PDCSAP_FLUX=1766ppm;QLP/KSPSAP_FLUX=NO_USABLE_TRANSIT;QLP/DET_FLUX=1485ppm,1,9,1,"74,75,81,82,14,15,41,54,55","QLP,SPOC","120,1800,600",False,False,3350.1656,,,,8,,1.65253,0.43057466,3.8379639,2.6185369,ln,5.2201701,3.3689382,0.64536942,1.611652,8.0582598,1096860.4,OK,3.8379639,OK,SAP_FLUX,QLP,439.10902,319.81397,analytic,478.4166,355.81099,OK,3,3,SPOC/SAP_FLUX=439ppm;TESS-SPOC/SAP_FLUX=1219ppm;QLP/SAP_FLUX=1486ppm,1,9,1,"74,75,81,82,14,15,41,54,55","QLP,SPOC","120,1800,600",False,False,1991.3199,,,,8,,0.26456538,1.4112919,0.18746325,0.18746325,linear,1.2645654,1.3730139,1.0857595,1.4112919,7.0564597,402566.98,OK,0.18746325,BACKGROUND_TEST_AGREES,2,"SPOC,TESS-SPOC",-871.67794,392.39791,-2.2214133,-0.48718515,PDC_DEEPER_THAN_SAP,0.02,3.2831906,0.40678114,0.94074229,0.1165562,1103.9125,0.90094235,369,OK,False,0.94074229,1.0222034,-0.26267929,0.34863991,fixed_b,not_measurable,not_measurable,,False,,0,0,1,1,0.3,538.05006,,1,0,1,True,NO_USABLE_TRANSIT:1,0.06146897,1574.8085,1797.6529,1484.9451,1812.6574,1765.7684,327.7123,84,319.81397,,1,0,0,False,,0.81030218,688.68985,1400.3118,439.10902,1485.6119,1219.0491,1046.5029,84,-0.096963833,3
K03791.01,Kepler-460 b,5437945,121603086,tic_kic_crossid_over_position_tic,CONFIRMED,CANDIDATE,440.78438,139.3535,21.693,2579,16.1,-16.1,0.047554,0.424,148.7,6340,4.163,13.771,0,0,0,0,2,288.47485,40.65136,9,OK,lightkurve,,17,"QLP,SPOC,TESS-SPOC","14,40,41,54,55,74,75,80,81",0.97419308,,2512.4439,15.684509,3261.7661,3261.9166,12,16.092125,216.84323,13.475115,373.67137,7,3.2962774,2.5438396,1711.1801,2122.9726,True,OK,PDCSAP_FLUX,QLP,2122.9726,644.05155,analytic,644.05155,,TOO_FEW_MEMBERS,4,1,SPOC/PDCSAP_FLUX=NO_USABLE_TRANSIT;TESS-SPOC/PDCSAP_FLUX=NO_USABLE_TRANSIT;QLP/KSPSAP_FLUX=2123ppm;QLP/DET_FLUX=NO_USABLE_TRANSIT,1,9,1,"74,75,80,81,14,40,41,54,55","QLP,SPOC","120,1800,600",False,False,5054.0178,,,,8,,-0.16843871,0.30752864,-0.54771715,-0.59336637,ln,0.84498305,3.2962774,3.9009982,0.26124997,1.3062499,6764.2557,OK,-0.54771715,OK,SAP_FLUX,QLP,2651.7508,643.13859,analytic,643.13859,,TOO_FEW_MEMBERS,3,1,SPOC/SAP_FLUX=NO_USABLE_TRANSIT;TESS-SPOC/SAP_FLUX=NO_USABLE_TRANSIT;QLP/SAP_FLUX=2652ppm,1,9,1,"74,75,80,81,14,40,41,54,55","QLP,SPOC","120,1800,600",False,False,5046.8535,,,,8,,0.053964151,0.24771254,0.2178499,0.21252649,ln,1.0554468,4.1231406,3.9065359,0.26089343,1.3044671,6747.7325,OK,0.2178499,BACKGROUND_TEST_UNAVAILABLE,0,,,,,,,0.054831153,14.584077,22.50436,0.67229415,1.0374019,1047.7252,0.96384213,649,OK,True,0.67229415,0.9956134,-0.25433211,0.82621792,fixed_b,consistent,consistent,,False,,0,0,1,1,0.1,644.05155,,1,0,3,True,NO_USABLE_TRANSIT:3,,,,,,,,84,643.13859,,1,0,2,True,NO_USABLE_TRANSIT:2,,,,,,,,84,0.15058558,3
K03791.02,Kepler-460 c,5437945,121603086,tic_kic_crossid_over_position_tic,CONFIRMED,CANDIDATE,220.14291,245.94139,19.528,1796.4,15.7,-15.7,0.039068,0.023,89.46,6340,4.163,13.771,0,0,0,0,2,288.47485,40.65136,9,OK,lightkurve,,17,"QLP,SPOC,TESS-SPOC","14,40,41,54,55,74,75,80,81",0.96627729,,1735.8205,15.170554,3362.3712,3362.1,24,44.735164,-390.63811,8.7322383,427.12549,8,6.4886321,3.266996,1762.9104,3576.4143,True,OK,PDCSAP_FLUX,QLP,3576.4143,551.18155,analytic,765.94893,531.86151,OK,4,3,SPOC/PDCSAP_FLUX=3576ppm;TESS-SPOC/PDCSAP_FLUX=3906ppm;QLP/KSPSAP_FLUX=NO_USABLE_TRANSIT;QLP/DET_FLUX=2342ppm,1,9,1,"74,75,80,81,14,40,41,54,55","QLP,SPOC","120,1800,600",False,False,9208.5835,,,,8,,0.72288047,0.22009945,3.2843357,2.387282,ln,2.0603595,6.4886321,3.1492719,0.44417019,2.2208509,14260.059,OK,3.2843357,OK,SAP_FLUX,QLP,2770.1502,433.92076,analytic,705.05304,555.70907,OK,3,3,SPOC/SAP_FLUX=2770ppm;TESS-SPOC/SAP_FLUX=3007ppm;QLP/SAP_FLUX=4405ppm,1,9,1,"74,75,80,81,14,40,41,54,55","QLP,SPOC","120,1800,600",False,False,7249.5089,,,,8,,0.46742131,0.25952993,1.8010304,1.4557016,ln,1.5958736,6.3840001,4.0003169,0.40933774,2.0466887,11703.287,OK,1.8010304,BACKGROUND_TEST_AGREES,2,"SPOC,TESS-SPOC",-848.69149,515.71745,-1.6456521,-0.22684908,PDC_DEEPER_THAN_SAP,0.03761826,19.528,0.2937138,1,0.015040649,4045.5873,0.9819857,2775,OK,False,1,1.0163792,-0.30677207,0.023,fixed_b,consistent,consistent,,False,,0,0,1,1,0.1,551.18155,,1,0,1,True,NO_USABLE_TRANSIT:1,0.14871362,2736.8221,3800.5451,2341.7199,3906.0184,3576.4143,1234.6944,84,433.92076,,1,0,0,False,,0.20060611,2846.0779,3957.496,2770.1502,4404.5886,3007.4243,1634.4384,84,-0.27127647,3
K01930.01,Kepler-338 b,5511081,258203303,tic_kic_crossid_over_name_planet,CONFIRMED,CANDIDATE,13.727103,138.74473,7.3419,199.2,3.4,-3.4,0.012888,0.025,14.4747,5951,4.017,12.119,0,0,0,0,4,282.97897,40.784351,9,OK,lightkurve,,25,"QLP,SPOC,TESS-SPOC","14,26,40,41,53,54,74,80,81",0.96326061,,191.88151,3.2750861,2789.9579,2789.9579,351,20.817256,0,,172.58027,10,1.5552536,1.3912438,110.55052,122.74872,False,OK,PDCSAP_FLUX,QLP,110.55052,137.05078,bootstrap,142.17464,37.824736,OK,4,3,SPOC/PDCSAP_FLUX=27ppm;TESS-SPOC/PDCSAP_FLUX=45ppm;QLP/KSPSAP_FLUX=139ppm;QLP/DET_FLUX=OK,13,9,8,"26,40,41,53,54,74,80,81,14","QLP,SPOC","120,1800",False,False,2882.0303,-36.864326,0.17020488,3.0996703,16,sector_scatter,-0.42386052,0.74283137,-0.57060126,-0.57060126,linear,0.57613948,0.80663908,1.400076,0.74283137,3.7141569,7679.8627,OK,-0.57060126,OK,SAP_FLUX,QLP,-47.092193,91.66854,bootstrap,91.66854,,TOO_FEW_MEMBERS,3,0,SPOC/SAP_FLUX=OK;TESS-SPOC/SAP_FLUX=OK;QLP/SAP_FLUX=OK,15,9,8,"26,40,41,53,54,74,80,81,14","QLP,SPOC","120,1800",False,False,2135.1957,-110.85972,0.63893117,3.3323311,16,sector_scatter,-1.2454233,0.48064766,-2.5911356,-2.5911356,linear,-0.24542329,-0.51372252,2.0932101,0.48064766,2.4032383,1930.1229,OK,-2.5911356,BACKGROUND_TEST_UNAVAILABLE,0,,,,,,,0.02,3.7496074,0.11454216,0.51071349,0.01560116,200.38539,1.0622162,9967,OK,False,0.51071349,0.99692713,-11.249791,0.87092504,tracks_b,not_measurable,not_measurable,,False,,0,0,1,1,0.3,79.461644,137.05078,18,2.8983736,1,True,OK:1,0.34214888,33.098536,108.74801,27.275355,138.52458,45.472794,83.275161,84,57.817282,91.66854,18,2.7190934,3,True,OK:3,,,,,,,,84,0,3
K01930.02,Kepler-338 c,5511081,258203303,tic_kic_crossid_over_name_planet,CONFIRMED,CANDIDATE,24.311003,137.0394,8.7682,184.4,4,-4,0.012424,0.146,21.23,5951,4.017,12.119,0,0,0,0,4,282.97897,40.784351,9,OK,lightkurve,,25,"QLP,SPOC,TESS-SPOC","14,26,40,41,53,54,74,80,81",0.96416736,,177.79246,3.8566694,2807.929,2808.0203,199,30.063257,131.47039,4.3731254,221.71277,9,3.2396703,2.7799946,299.43108,334.19542,True,OK,PDCSAP_FLUX,QLP,334.19542,103.15723,analytic,153.94101,114.26469,OK,4,4,SPOC/PDCSAP_FLUX=295ppm;TESS-SPOC/PDCSAP_FLUX=374ppm;QLP/KSPSAP_FLUX=30ppm;QLP/DET_FLUX=191ppm,7,9,7,"26,40,41,53,54,74,80,81,14","QLP,SPOC","120,1800",False,False,3054.9059,-500.97722,2.4280461,1.5348306,16,,0.631109,0.46384492,1.3606035,1.0139859,ln,1.879694,3.2396703,1.7235094,0.86756035,4.3378017,13430.283,OK,1.3606035,OK,SAP_FLUX,QLP,309.26176,134.23019,bootstrap,196.52342,143.53993,OK,3,3,SPOC/SAP_FLUX=214ppm;TESS-SPOC/SAP_FLUX=233ppm;QLP/SAP_FLUX=636ppm,8,9,8,"26,40,41,53,54,74,80,81,14","QLP,SPOC","120,1800",False,False,2251.1313,-442.99263,2.890867,3.7122384,16,sector_scatter,0.55357113,0.63779284,0.86794817,0.66816349,ln,1.7394538,2.3039658,1.3245341,1.1066958,5.5334792,44807.736,OK,0.86794817,BACKGROUND_TEST_AGREES,2,"SPOC,TESS-SPOC",-111.10995,99.322886,-1.1186742,-0.33246496,PDC_DEEPER_THAN_SAP,0.02,8.2486165,0.3723094,0.94074229,0.042461326,365.17042,1.0159236,7661,OK,False,0.94074229,1.0046529,-0.96296542,0.36978899,fixed_b,not_measurable,not_measurable,,False,,0,0,1,1,0.3,103.15723,120.84265,10,1.5348306,0,False,,0.34190979,107.24429,335.77367,29.830005,373.53027,242.99023,304.36542,84,75.774378,134.23019,10,3.7122384,0,False,,0.46413734,220.12268,507.20254,214.27416,636.45043,232.55078,327.18867,84,0.091298883,3
K01930.03,Kepler-338 d,5511081,258203303,tic_kic_crossid_over_name_planet,CONFIRMED,CANDIDATE,44.430406,143.5462,10.306,238.5,4.9,-4.9,0.014103,0.025,33.39,5951,4.017,12.119,0,0,0,0,4,282.97897,40.784351,9,OK,lightkurve,,25,"QLP,SPOC,TESS-SPOC","14,26,40,41,53,54,74,80,81",0.96326061,,229.73766,4.719977,2775.03,2774.9942,108,30.281148,-51.571224,1.7030802,245.43344,10,3.5119876,2.4382908,278.69377,364.83729,True,OK,PDCSAP_FLUX,QLP,364.83729,103.88342,analytic,111.97716,41.798552,OK,4,4,SPOC/PDCSAP_FLUX=294ppm;TESS-SPOC/PDCSAP_FLUX=264ppm;QLP/KSPSAP_FLUX=216ppm;QLP/DET_FLUX=349ppm,5,9,5,"26,40,41,53,54,74,80,81,14","QLP,SPOC","120,1800",False,False,2940.044,-133.00304,0.6106649,0.72928884,16,,0.46251343,0.31164751,1.4840916,1.1991407,ln,1.5880605,3.5119876,2.2114949,0.49040156,2.4520078,2437.8927,OK,1.4840916,OK,SAP_FLUX,QLP,613.55672,86.126891,analytic,94.090865,37.884686,OK,3,3,SPOC/SAP_FLUX=622ppm;TESS-SPOC/SAP_FLUX=563ppm;QLP/SAP_FLUX=510ppm,5,9,5,"26,40,41,53,54,74,80,81,14","QLP,SPOC","120,1800",False,False,2040.7085,-663.52329,3.8449713,18.698299,16,odd_even_significant;sector_scatter,0.98233467,0.16260164,6.0413577,4.0441644,ln,2.6706841,7.1238693,2.6674324,0.41310985,2.0655492,1582.8075,OK,6.0413577,BACKGROUND_TEST_AGREES,2,"SPOC,TESS-SPOC",314.07622,109.71627,2.8626222,1.1260861,SAP_DEEPER_THAN_PDC,0.02,13.566635,4.1461002,1.3163822,0.40229965,258.57086,0.99743199,6087,OK,False,1.3163822,1.0036216,0.87545581,,fixed_b,not_measurable,not_measurable,,False,,0,0,1,1,0.2,103.88342,80.467474,6,0.72928884,0,False,,0.11456765,238.95821,322.55531,215.60628,349.31738,278.9096,149.23101,84,86.126891,369.7723,6,18.698299,0,False,,0.061746021,527.24531,603.01468,510.28631,621.71186,563.28317,103.2704,84,-0.03581335,3
K01930.04,Kepler-338 e,5511081,258203303,tic_kic_crossid_over_name_planet,CONFIRMED,CANDIDATE,9.3414592,132.38581,6.18,81.7,3,-3,0.008438,0.455,10.41,5951,4.017,12.119,0,0,0,0,4,282.97897,40.784351,9,OK,lightkurve,,25,"QLP,SPOC,TESS-SPOC","14,26,40,41,53,54,74,80,81",0.97329028,,79.517816,2.9198708,2794.9202,2794.9202,517,33.455201,-0.03708,0.0011083479,193.0656,12,3.9290132,3.9168163,260.88038,261.62638,True,OK,PDCSAP_FLUX,QLP,261.62638,65.440225,bootstrap,88.100621,58.985561,OK,4,4,SPOC/PDCSAP_FLUX=269ppm;TESS-SPOC/PDCSAP_FLUX=191ppm;QLP/KSPSAP_FLUX=371ppm;QLP/DET_FLUX=218ppm,24,9,9,"26,40,41,53,54,74,80,81,14","QLP,SPOC","120,1800",False,False,2967.582,-210.26294,1.7548097,0.89888834,16,,1.1909364,0.34240851,3.4781156,2.0638195,ln,3.2901606,3.9979445,1.2151214,1.109671,5.5483549,20341.828,OK,3.4781156,OK,SAP_FLUX,QLP,187.78441,78.053106,bootstrap,78.359796,6.9260604,OK,3,3,SPOC/SAP_FLUX=194ppm;TESS-SPOC/SAP_FLUX=173ppm;QLP/SAP_FLUX=179ppm,25,9,9,"26,40,41,53,54,74,80,81,14","QLP,SPOC","120,1800",False,False,2097.6336,71.719562,0.45322621,4.0031201,16,sector_scatter,0.85931343,0.42187191,2.036906,1.3789303,ln,2.3615388,2.4058544,1.0187656,0.98738765,4.9369383,11000.73,OK,2.036906,BACKGROUND_TEST_AGREES,2,"SPOC,TESS-SPOC",-50.726386,79.825041,-0.63546959,-0.22047142,PDC_DEEPER_THAN_SAP,0.02,9.771438,0.1515269,1.5811388,0.024518916,242.19439,1.0503706,19323,OK,False,1.5811388,1.0085651,8.1005473,,duration_inconsistent,not_measurable,not_measurable,,False,,0,0,1,1,0.4,66.588319,65.440225,27,0.92851569,0,False,,0.22545724,203.89451,321.86563,191.18653,370.68648,243.31894,109.06009,84,47.448499,78.053106,27,2.8726584,0,False,,0.036883044,175.0696,188.92172,173.36012,193.73088,178.70224,14.424288,84,-2.575e-05,3
K05176.01,,5529385,122445928,tic_kic_crossid,CANDIDATE,CANDIDATE,215.73241,294.363,1.915,208.2,48.3,-48.3,0.013434,0.4046,800,5790,4.479,13.372,0,0,0,0,1,290.43491,40.777241,9,OK,lightkurve,,17,"QLP,SPOC,TESS-SPOC","14,40,41,54,55,74,75,80,82",0.97057103,,202.07289,46.878581,3304.9408,3304.7547,24,200.06243,-268.10766,1.34012,628.91229,50,3.0268095,-0.31979451,-476.86696,2937.4321,True,OK,PDCSAP_FLUX,QLP,2937.4321,970.47141,analytic,970.47141,,TOO_FEW_MEMBERS,4,1,SPOC/PDCSAP_FLUX=NO_USABLE_TRANSIT;TESS-SPOC/PDCSAP_FLUX=NO_USABLE_TRANSIT;QLP/KSPSAP_FLUX=2937ppm;QLP/DET_FLUX=NO_USABLE_TRANSIT,1,9,1,"74,75,80,82,14,40,41,54,55","QLP,SPOC","120,1800,600",True,False,2178.7029,,,,8,smeared,2.6766626,0.40678026,6.5801192,2.8151533,ln,14.536498,3.0268095,0.20822137,4.8084408,24.042204,5.5834746e+12,OK,6.5801192,OK,SAP_FLUX,QLP,2938.2296,970.68256,analytic,970.68256,,TOO_FEW_MEMBERS,3,1,SPOC/SAP_FLUX=NO_USABLE_TRANSIT;TESS-SPOC/SAP_FLUX=NO_USABLE_TRANSIT;QLP/SAP_FLUX=2938ppm,1,9,1,"74,75,80,82,14,40,41,54,55","QLP,SPOC","120,1800,600",True,False,2179.1769,,,,8,smeared,2.676934,0.40676579,6.5810205,2.815363,ln,14.540444,3.0269727,0.20817608,4.8094844,24.047422,5.6126856e+12,OK,6.5810205,BACKGROUND_TEST_UNAVAILABLE,0,,,,,,,0.02,1.1051081,0.28068619,0.57707996,0.14657242,3010.7406,1.6150163,57,OK,True,0.57707996,1.0442041,-1.7392112,0.85996247,fixed_b,not_measurable,not_measurable,,False,,0,0,1,1,0.3,970.47141,,1,0,3,True,NO_USABLE_TRANSIT:3,,,,,,,,84,970.68256,,1,0,2,True,NO_USABLE_TRANSIT:2,,,,,,,,84,-0.18618588,3
K02160.01,Kepler-1125 b,5546761,184009076,tic_kic_crossid_over_name_planet,CONFIRMED,CANDIDATE,17.670029,131.60103,6.693,348.4,15,-15,0.021247,0.932,8.48,5795,4.265,14.874,0,0,0,0,2,295.48123,40.731979,9,OK,lightkurve,,4,"SPOC,TESS-SPOC","81,82",1.0556752,,367.79723,15.835128,3530.6602,3530.6602,315,56.265331,0,,269.19099,11,1.2558915,-1.53626,-2967.6661,2449.5725,False,OK,PDCSAP_FLUX,SPOC,-2967.6661,1931.7474,analytic,1931.7474,,TOO_FEW_MEMBERS,2,0,SPOC/PDCSAP_FLUX=OK;TESS-SPOC/PDCSAP_FLUX=OK,3,2,2,"81,82",SPOC,120,False,False,31193.362,-3692.8544,0.80799032,0.032237544,2,,-9.0687561,5.2526219,-1.7265199,-1.7265199,linear,-8.0687561,-1.53626,0.19039613,5.2526219,26.26311,9.365524e+13,OK,-1.7265199,OK,SAP_FLUX,SPOC,-984.95683,770.77041,analytic,770.77041,,TOO_FEW_MEMBERS,2,0,SPOC/SAP_FLUX=OK;TESS-SPOC/SAP_FLUX=OK,3,2,2,"81,82",SPOC,120,False,False,12176.648,-1705.7184,0.91982471,0.058969526,2,,-3.6779887,2.096678,-1.7541982,-1.7541982,linear,-2.6779887,-1.2778862,0.47718131,2.096678,10.48339,13136350,OK,-1.7541982,BACKGROUND_TEST_UNAVAILABLE,0,,,,,,,0.1420671,7.1145946,1.3580873,1.0629904,0.2029116,-3112.7995,0.96471426,2848,OK,False,1.0629904,,,0.91976692,inconclusive,not_measurable,not_measurable,,False,,0,0,1,1,0.1,1931.7474,888.96539,3,0.34154688,2,True,OK:2,,,,,,,,84,770.77041,512.14651,3,0.68729592,2,True,OK:2,,,,,,,,84,0,3
K02160.02,,5546761,184009076,tic_kic_crossid_over_name_planet,CANDIDATE,CANDIDATE,15.408774,139.48318,3.49,,,,,,,,,14.874,0,0,0,0,2,295.48123,40.731979,9,OK,lightkurve,,4,"SPOC,TESS-SPOC","81,82",0.96296296,teff_missing_default_used;logg_missing_4.5_used,,,3535.0506,3535.0506,361,0,0,,52.35,6,-0.3688825,-0.67131627,-2328.4343,-1261.4747,False,OK,PDCSAP_FLUX,SPOC,-2328.4343,3468.4609,analytic,3468.4609,,TOO_FEW_MEMBERS,2,0,SPOC/PDCSAP_FLUX=OK;TESS-SPOC/PDCSAP_FLUX=OK,2,2,1,"81,82",SPOC,120,False,False,34606.945,10752.353,1.546514,,2,,,,,,,,,,,,,NO_REFERENCE_DEPTH,,OK,SAP_FLUX,SPOC,-1098.8849,1309.4796,analytic,1309.4796,,TOO_FEW_MEMBERS,2,0,SPOC/SAP_FLUX=OK;TESS-SPOC/SAP_FLUX=OK,2,2,1,"81,82",SPOC,120,False,False,13050.502,4557.081,1.7386505,,2,,,,,,,,,,,,,NO_REFERENCE_DEPTH,,BACKGROUND_TEST_UNAVAILABLE,0,,,,,,,0.15,5.5181745,0.8722258,1.5811388,0.24992143,-5311.0047,1.0976142,1047,OK,False,1.5811388,,,,inconclusive,not_measured,not_measured,,False,,0,0,1,1,0.1,3468.4609,3724.0708,3,2.3917057,2,True,OK:2,,,,,,,,84,1309.4796,1577.164,3,3.0229057,2,True,OK:2,,,,,,,,84,0,3
K02834.01,Kepler-1362 b,5609593,121660595,tic_kic_crossid_over_name_planet,CONFIRMED,CANDIDATE,136.20511,234.72601,5.568,1209.3,70.2,-70.2,0.031899,0.49,169.7,4648,4.631,15.839,0,0,0,0,1,288.53854,40.87711,9,OK,lightkurve,,4,"SPOC,TESS-SPOC","80,81",0.96688419,,1169.2531,67.87527,3515.9304,3515.9304,40,80.485819,0,,324.97746,14,2.2183803,1.8280114,8087.945,10375.498,False,OK,PDCSAP_FLUX,SPOC,8087.945,4424.4501,analytic,4445.0015,426.94204,OK,2,2,SPOC/PDCSAP_FLUX=8088ppm;TESS-SPOC/PDCSAP_FLUX=9344ppm,1,2,1,"80,81",SPOC,120,False,False,39383.813,,,,2,,5.9171896,3.8023455,1.5561946,1.5561946,linear,6.9171896,1.8280114,0.26427082,3.8023455,19.011727,2.111528e+11,OK,1.5561946,OK,SAP_FLUX,SPOC,3146.343,1898.0581,analytic,1909.3471,207.31998,OK,2,2,SPOC/SAP_FLUX=3146ppm;TESS-SPOC/SAP_FLUX=3756ppm,1,2,1,"80,81",SPOC,120,False,False,16895.38,,,,2,,1.6909,1.6347594,1.0343418,1.0343418,linear,2.6909,1.6576642,0.61602595,1.6347594,8.1737969,4145920,OK,1.0343418,BACKGROUND_TEST_AGREES,2,"SPOC,TESS-SPOC",-5288.0969,3277.9849,-1.6132158,-0.60672529,PDC_DEEPER_THAN_SAP,0.040303133,3.2131812,1.493442,0.57707996,0.26821875,7210.5465,0.82057106,835,OK,False,0.57707996,1.0646123,-1.3061547,0.88891378,fixed_b,not_measurable,not_measurable,,False,,0,0,1,1,0.1,4424.4501,,1,0,0,False,,0.052787456,8288.8589,9142.743,8087.945,9343.6569,8715.801,1255.7119,84,1898.0581,,1,0,0,False,,0.065892365,3243.9053,3658.5453,3146.343,3756.1076,3451.2253,609.76465,84,0,3
K03206.01,,5612697,122069053,tic_kic_crossid,CANDIDATE,CANDIDATE,15.151641,133.9226,5.105,191.5,20,-20,0.012596,0.173,22.63,5780,4.438,11.843,0,0,0,0,1,289.57462,40.807594,9,QUERY_RETURNED_ZERO_ROWS,lightkurve,QUERY_RETURNED_ZERO_ROWS,0,,,0.96388457,,184.5839,19.277691,,,0,,0,,36,0,,,,,False,FLUX_COLUMN_NOT_PRESENT,,,,,,,,ENSEMBLE_NOT_ATTEMPTED,0,0,,0,0,0,,,,False,False,,,,,0,,,,,,,,,,,,,NO_USABLE_TRANSIT,,FLUX_COLUMN_NOT_PRESENT,,,,,,,,ENSEMBLE_NOT_ATTEMPTED,0,0,,0,0,0,,,,False,False,,,,,0,,,,,,,,,,,,,NO_USABLE_TRANSIT,,BACKGROUND_TEST_UNAVAILABLE,0,,,,,,,,,,,,,,0,too_few_points,False,,,,,inconclusive,not_measured,not_measured,,False,,0,0,1,1,0,,,0,,0,False,,,,,,,,,84,,,0,,0,False,,,,,,,,,84,0,3
K06132.01,,5629353,377915723,tic_kic_crossid_over_name_host,CANDIDATE,CANDIDATE,33.320091,150.0494,6.5265,6186.9,77.4,-77.4,0.072094,0.069,41.73,6264,4.133,14.624,0,0,0,0,3,294.55789,40.850498,9,OK,lightkurve,,8,"SPOC,TESS-SPOC","74,75,81,82",0.96579967,,5975.306,74.752895,3380.9041,3380.8361,162,129.85583,-97.936659,0.75419531,487.46499,16,7.1956927,3.9364366,6585.9764,11912.222,True,OK,PDCSAP_FLUX,SPOC,11912.222,1655.4656,analytic,1664.8878,176.87568,OK,2,2,SPOC/PDCSAP_FLUX=11912ppm;TESS-SPOC/PDCSAP_FLUX=12432ppm,4,4,4,"74,75,81,82",SPOC,120,False,False,32828.742,2534.0201,0.7358726,2.1676809,4,,0.6899296,0.14896376,4.6315264,3.506467,ln,1.9935752,7.1956927,3.6094413,0.28335506,1.4167753,18665.667,OK,4.6315264,OK,SAP_FLUX,SPOC,4191.1706,550.68996,analytic,552.73301,47.480008,OK,2,2,SPOC/SAP_FLUX=4191ppm;TESS-SPOC/SAP_FLUX=4331ppm,4,4,4,"74,75,81,82",SPOC,120,False,False,11250.597,456.9292,0.38888315,1.3139152,4,,-0.35465524,0.14159425,-2.504729,-2.8196885,ln,0.70141522,7.6107627,10.850581,0.10589283,0.52946413,4170.8959,OK,-2.504729,BACKGROUND_TEST_DISAGREES,2,"SPOC,TESS-SPOC",-7931.8567,1165.2518,-6.8069892,-0.65162995,PDC_DEEPER_THAN_SAP,0.067547512,6.7289145,0.30371615,1.0310142,0.046535839,11334.192,0.99897108,3795,OK,False,1.0310142,1.0278213,0.045222814,,fixed_b,consistent,consistent,,False,pdc_deeper_than_sap,0,0,1,1,0.2,1655.4656,2195.6738,4,2.1676809,0,False,,0.014848252,11995.457,12349.209,11912.222,12432.444,12172.333,520.22257,84,550.68996,599.22928,4,1.3139152,0,False,,0.011328579,4213.5141,4308.4741,4191.1706,4330.8177,4260.9941,139.64708,84,-0.068011569,3
K06132.02,Kepler-1640 b,5629353,377915723,tic_kic_crossid_over_name_host,CONFIRMED,CANDIDATE,7.5844241,137.847,3.918,1005,47,-47,0.032357,0.815,9.42,6264,4.133,14.624,0,0,0,0,3,294.55789,40.850498,9,OK,lightkurve,,8,"SPOC,TESS-SPOC","74,75,81,82",1.0103414,,1015.3931,47.486044,3363.3725,3363.3725,711,300.84069,0,,864,36,1.2645752,-0.026404902,-30.522507,1341.0094,False,OK,PDCSAP_FLUX,SPOC,-30.522507,1927.7859,bootstrap,1927.7859,,TOO_FEW_MEMBERS,2,1,SPOC/PDCSAP_FLUX=OK;TESS-SPOC/PDCSAP_FLUX=1044ppm,11,4,4,"74,75,81,82",SPOC,120,False,False,28206.849,-3175.4437,1.3666248,1.3046392,4,,-1.0300598,1.8997952,-0.54219518,-0.54219518,linear,-0.030059795,-0.015832934,0.52671465,1.8997952,9.4989759,13550473,OK,-0.54219518,OK,SAP_FLUX,SPOC,-223.1645,577.21689,bootstrap,577.21689,,TOO_FEW_MEMBERS,2,1,SPOC/SAP_FLUX=OK;TESS-SPOC/SAP_FLUX=247ppm,12,4,4,"74,75,81,82",SPOC,120,False,False,10055.079,-1318.3989,1.6610238,1.7441343,4,,-1.2197814,0.57257417,-2.1303465,-2.1303465,linear,-0.2197814,-0.38662158,1.7591188,0.57257417,2.8628708,16765.894,OK,-2.1303465,BACKGROUND_TEST_AGREES,1,TESS-SPOC,-797.37647,2094.0193,-0.38078754,-0.76353885,PDC_DEEPER_THAN_SAP,0.088397116,1.5672,4.1139,0.4,1.05,1042.3851,0.97317246,7240,OK,True,0.4,,,1.0007573,inconclusive,not_measurable,not_measurable,,False,,0,0,1,1,0.3,1155.9409,1927.7859,13,2.6479638,1,True,OK:1,,,,,,,,84,382.77629,577.21689,14,2.0913184,1,True,OK:1,,,,,,,,84,0,3
K06132.03,,5629353,377915723,tic_kic_crossid_over_name_host,CANDIDATE,CANDIDATE,11.867172,142.985,4.815,595.6,48.5,-48.5,0.022359,0.001,19.26,6264,4.133,14.624,0,0,0,0,3,294.55789,40.850498,9,OK,lightkurve,,8,"SPOC,TESS-SPOC","74,75,81,82",0.96560453,,575.11406,46.83182,3363.6811,3363.6811,454,625.34425,0,,864,30,1.519547,1.0590985,1253.5643,1973.5234,False,OK,PDCSAP_FLUX,SPOC,1253.5643,1391.9336,bootstrap,1396.7592,116.00418,OK,2,2,SPOC/PDCSAP_FLUX=1254ppm;TESS-SPOC/PDCSAP_FLUX=912ppm,9,4,4,"74,75,81,82",SPOC,120,False,False,29136.191,-898.95099,0.37951913,1.0042258,4,,1.1796795,2.4305438,0.48535622,0.48535622,linear,2.1796795,0.90059203,0.41317635,2.4305438,12.152719,1.0904617e+08,OK,0.48535622,OK,SAP_FLUX,SPOC,252.70861,433.0394,bootstrap,433.0394,,TOO_FEW_MEMBERS,2,1,SPOC/SAP_FLUX=253ppm;TESS-SPOC/SAP_FLUX=OK,9,4,4,"74,75,81,82",SPOC,120,False,False,10236.077,220.55316,0.27105349,0.92190686,4,,-0.56059393,0.75900175,-0.73859373,-0.73859373,linear,0.43940607,0.58356955,1.3280872,0.75900175,3.7950087,25005.168,OK,-0.73859373,BACKGROUND_TEST_AGREES,1,SPOC,-1000.8557,1457.7388,-0.68658099,-0.79840795,PDC_DEEPER_THAN_SAP,0.02187003,8.0927408,2.3266655,1.6807354,0.48321194,-1604.2703,1.0076377,5778,OK,True,1.6807354,1.0104283,1.7163762,,fixed_b,not_measurable,not_measurable,,False,,0,0,1,1,0.3,1183.6146,1391.9336,9,1.420831,0,False,,0.092539471,966.96578,1198.9741,912.37558,1253.5643,1082.97,341.18877,84,406.70641,433.0394,9,1.1832624,1,True,OK:1,,,,,,,,84,0,3
K02802.01,Kepler-1691 b,5775129,120819731,tic_kic_crossid_over_name_planet,CONFIRMED,CANDIDATE,3.8482219,131.9185,2.013,203.9,13.8,-13.8,0.013198,0.368,13.8,5927,4.323,14.919,0,0,0,0,1,286.25443,41.02187,9,OK,lightkurve,,4,"SPOC,TESS-SPOC","80,81",0.9694983,,197.6807,13.379077,3506.358,3506.358,1440,34.770352,0,,134.50606,16,1.0630861,-0.89797623,-1350.1368,1523.0968,False,OK,PDCSAP_FLUX,SPOC,-1350.1368,1881.182,bootstrap,1881.182,,TOO_FEW_MEMBERS,2,0,SPOC/PDCSAP_FLUX=OK;TESS-SPOC/PDCSAP_FLUX=OK,9,2,2,"80,81",SPOC,120,False,False,23968.899,5884.1692,1.8805017,0.021096614,2,,-7.8298867,9.5166372,-0.82275772,-0.82275772,linear,-6.8298867,-0.71770664,0.10508324,9.5166372,47.583186,9.1428049e+22,OK,-0.82275772,OK,SAP_FLUX,SPOC,-815.27817,819.8117,bootstrap,819.8117,,TOO_FEW_MEMBERS,2,0,SPOC/SAP_FLUX=OK;TESS-SPOC/SAP_FLUX=OK,12,2,2,"80,81",SPOC,120,False,False,12960.047,1364.4112,0.95913946,0.0093875968,2,,-5.1242172,4.1480044,-1.2353452,-1.2353452,linear,-4.1242172,-0.99447003,0.2411294,4.1480044,20.740022,2.0102102e+11,OK,-1.2353452,BACKGROUND_TEST_UNAVAILABLE,0,,,,,,,0.02,0.96714539,1.9645428,0.48044977,0.97592786,-1604.9374,1.0442354,2718,OK,True,0.48044977,,,0.90601608,inconclusive,not_measurable,not_measurable,,False,,0,0,1,1,0.1,1503.5329,1881.182,12,1.6966008,2,True,OK:2,,,,,,,,84,707.84792,819.8117,14,1.4551087,2,True,OK:2,,,,,,,,84,0,3
K03916.01,Kepler-1529 b,5784777,122137575,tic_kic_crossid_over_name_planet,CONFIRMED,CANDIDATE,5.3390561,132.14193,1.6415,755.5,31.7,-31.7,0.024662,0.02,25.46,5057,4.573,15.362,0,0,0,0,1,289.8707,41.04073,9,OK,lightkurve,,4,"SPOC,TESS-SPOC","80,82",0.95239842,,719.537,30.19103,3507.0822,3507.0822,1038,18.260219,0,,79.403156,11,1.3389895,0.74619917,1624.5589,2965.4207,False,OK,PDCSAP_FLUX,SPOC,1624.5589,1594.528,bootstrap,1600.8942,142.62886,OK,2,2,SPOC/PDCSAP_FLUX=1625ppm;TESS-SPOC/PDCSAP_FLUX=1205ppm,9,2,2,"80,82",SPOC,120,False,False,32692.438,-6506.5666,1.4733113,0.074963082,2,,1.2577837,2.2258522,0.56507962,0.56507962,linear,2.2577837,1.0188338,0.45125393,2.2258522,11.129261,49025661,OK,0.56507962,OK,SAP_FLUX,SPOC,324.75124,430.13266,bootstrap,431.25097,31.037014,OK,2,2,SPOC/SAP_FLUX=325ppm;TESS-SPOC/SAP_FLUX=416ppm,10,2,2,"80,82",SPOC,120,False,False,12197.187,-1680.1706,1.0159603,0.0057195998,2,,-0.54866638,0.60288896,-0.91006208,-0.91006208,linear,0.45133362,0.75500252,1.6728258,0.60288896,3.0144448,13943.025,OK,-0.91006208,BACKGROUND_TEST_AGREES,2,"SPOC,TESS-SPOC",-1001.0022,1063.9251,-0.94085771,-0.70751672,PDC_DEEPER_THAN_SAP,0.02407783,3.9803039,0.2905984,2.4247968,0.17703223,3287.0887,1.187268,2198,OK,True,2.4247968,1.0121078,9.0560846,,duration_inconsistent,not_measurable,not_measurable,,False,,0,0,1,1,0.1,2177.1117,1594.528,9,0.6904965,0,False,,0.087795435,1272.1818,1557.4395,1205.0623,1624.5589,1414.8106,419.49664,84,809.75057,430.13266,10,0.41188675,0,False,,0.095571656,339.35689,401.43092,324.75124,416.03657,370.39391,91.285335,84,0,3
K02614.01,Kepler-1289 b,5807769,184428068,tic_kic_crossid_over_name_planet,CONFIRMED,CANDIDATE,7.9902238,132.268,3.273,165.9,11.1,-11.1,0.011686,0.107,18.77,5689,4.065,14.59,0,0,0,0,1,296.38882,41.040569,9,OK,lightkurve,,8,"SPOC,TESS-SPOC","74,75,81,82",0.96119601,,159.46242,10.669276,3366.6593,3366.6593,676,52.642104,0,,207.02131,16,2.2615411,1.5463721,1256.8223,1792.9652,False,OK,PDCSAP_FLUX,SPOC,1256.8223,683.93774,bootstrap,711.16968,194.91405,OK,2,2,SPOC/PDCSAP_FLUX=1257ppm;TESS-SPOC/PDCSAP_FLUX=1830ppm,14,4,4,"74,75,81,82",SPOC,120,False,False,20811.577,2097.3344,1.4167807,0.59349267,4,,6.881621,4.460577,1.5427647,1.5427647,linear,7.881621,1.8376268,0.23315341,4.460577,22.302885,7.7388834e+11,OK,1.5427647,OK,SAP_FLUX,SPOC,366.59315,260.9105,bootstrap,272.73048,79.420552,OK,2,2,SPOC/SAP_FLUX=367ppm;TESS-SPOC/SAP_FLUX=600ppm,14,4,4,"74,75,81,82",SPOC,120,False,False,8529.9017,806.67646,1.3341216,0.47413109,4,,1.2989313,1.7123503,0.75856636,0.75856636,linear,2.2989313,1.4050533,0.61117669,1.7123503,8.5617516,833483,OK,0.75856636,BACKGROUND_TEST_AGREES,2,"SPOC,TESS-SPOC",-1072.6452,498.08597,-2.1535343,-0.69496116,PDC_DEEPER_THAN_SAP,0.02,3.1745439,0.096975248,0.9699187,0.029628857,1500.318,1.0224961,6378,OK,False,0.9699187,1.0211322,-0.70224322,0.2672477,fixed_b,not_measurable,not_measurable,,False,,0,0,1,1,0.2,812.75542,683.93774,14,0.83127141,0,False,,0.15508481,1348.5466,1738.3747,1256.8223,1830.099,1543.4607,573.27663,84,322.65901,260.9105,14,0.79085442,0,False,,0.21664494,403.96753,562.80863,366.59315,600.18301,483.38808,233.58986,84,0,3
K04686.01,,5819801,171506211,tic_kic_crossid,CANDIDATE,CANDIDATE,11.829938,138.3039,5.168,41.4,4.1,-4.1,0.006011,0.502,15.26,5747,3.802,12.327,0,0,0,0,1,298.90576,41.04261,9,OK,lightkurve,,22,"QLP,SPOC,TESS-SPOC","14,15,41,54,55,74,75,81,82",0.9749504,,40.362946,3.9972966,3353.9257,3353.9257,455,137.37506,0,,489.64518,20,1.7885029,-1.3256208,-125.58532,169.56601,False,OK,PDCSAP_FLUX,QLP,-125.58532,99.389206,bootstrap,115.09308,58.036226,OK,4,2,SPOC/PDCSAP_FLUX=OK;TESS-SPOC/PDCSAP_FLUX=OK;QLP/KSPSAP_FLUX=417ppm;QLP/DET_FLUX=247ppm,20,9,9,"15,74,75,81,82,41,54,55,14","QLP,SPOC,TESS-SPOC","120,1800,600",False,False,2430.2852,389.19388,1.8516298,1.2612465,13,,-4.1114011,2.8536113,-1.4407713,-1.4407713,linear,-3.1114011,-1.263571,0.40610996,2.8536113,14.268056,63463023,OK,-1.4407713,OK,SAP_FLUX,QLP,9.2003757,112.22604,bootstrap,170.77471,128.72186,OK,3,2,SPOC/SAP_FLUX=42ppm;TESS-SPOC/SAP_FLUX=OK;QLP/SAP_FLUX=420ppm,20,9,9,"15,74,75,81,82,41,54,55,14","QLP,SPOC,TESS-SPOC","120,1800,600",False,False,2199.5702,260.22899,1.2586022,2.3366111,13,,-0.77205887,4.2324315,-0.18241497,-0.18241497,linear,0.22794113,0.081980759,0.3596576,4.2324315,21.162158,6.2602418e+10,OK,-0.18241497,BACKGROUND_TEST_UNAVAILABLE,0,,,,,,,0.02,7.4558731,5.4264,1.4426999,1.05,-57.052138,0.95728903,9434,OK,True,1.4426999,,,,inconclusive,not_measurable,not_measurable,,False,,0,0,1,1,0.4,94.736982,99.389206,22,1.1005057,2,True,OK:2,0.17483135,273.91926,389.99171,246.60809,417.30287,331.95548,85.347391,84,83.890198,112.22604,22,1.7866511,1,True,OK:1,13.990936,102.41677,359.8605,41.841775,420.43549,231.13863,411.23512,84,0,3
K04290.01,Kepler-1582 b,5868793,122065885,tic_kic_crossid_over_name_planet,CONFIRMED,CANDIDATE,4.8380947,135.1562,1.096,1544,169,-169,0.036066,0.014,34.95,3187,5.091,17.058,0,0,0,0,1,289.37668,41.158672,9,OK,lightkurve,,11,"SPOC,TESS-SPOC","14,40,41,54,55,80",0.9223527,teff_clamped_to_grid,1424.1126,155.87761,2786.8985,2786.8871,996,127.10743,-16.446576,0.12939115,397.76229,56,5.2229604,1.0870115,2109.7312,10765.249,True,OK,PDCSAP_FLUX,SPOC,10765.249,2168.705,bootstrap,2297.9091,759.67423,OK,2,2,SPOC/PDCSAP_FLUX=10710ppm;TESS-SPOC/PDCSAP_FLUX=12945ppm,26,6,6,"40,41,54,55,80,14","SPOC,TESS-SPOC","120,1800",True,False,40791.907,-3154.5753,0.77214759,0.786817,5,smeared,2.0227744,0.24503908,8.2549053,4.0538019,ln,7.5592685,4.9639068,0.65666496,1.6180536,8.0902678,4644830,OK,8.2549053,OK,SAP_FLUX,SPOC,6854.6784,1379.2544,bootstrap,1417.1762,325.64668,OK,2,2,SPOC/SAP_FLUX=6881ppm;TESS-SPOC/SAP_FLUX=7839ppm,27,6,6,"40,41,54,55,80,14","SPOC,TESS-SPOC","120,1800",True,False,25262.285,-2179.3548,0.85127656,0.6747535,5,smeared,1.5713825,0.23921631,6.568877,3.8042491,ln,4.8132982,4.9698436,1.0325235,1.0023787,5.0118934,212461.68,OK,6.568877,BACKGROUND_TEST_AGREES,2,"SPOC,TESS-SPOC",-4267.7837,2141.1557,-1.993215,-0.36083709,PDC_DEEPER_THAN_SAP,0.034817119,0.78324786,0.036449096,0.71464221,0.033256475,8889.199,1.1804455,3659,OK,False,0.71464221,1.0609283,-2.8053079,0.72478705,fixed_b,not_measurable,not_measurable,,False,,0,0,1,1,0.6,2061.1393,2168.705,30,0.82444564,0,False,,0.070567268,11067.779,12587.127,10710.285,12944.621,11827.453,2179.3718,84,1265.9262,1379.2544,30,0.81418759,0,False,,0.047507214,7034.3526,7685.6459,6881.1071,7838.8914,7359.9993,984.213,84,-0.011421233,3
K00226.01,Kepler-496 b,5959753,137341066,tic_kic_crossid_over_name_planet,CONFIRMED,CANDIDATE,8.3086531,138.10788,3.2747,836.1,12.7,-12.7,0.026057,0.333,18.82,5022,4.485,14.817,0,0,0,0,1,291.6409,41.241039,9,OK,lightkurve,,4,"SPOC,TESS-SPOC","81,82",0.95920315,,801.98975,12.18188,3529.5968,3529.5968,669,10.002141,0,,79.126922,10,-0.64009126,-1.2547979,-1681.7543,-838.75285,False,OK,PDCSAP_FLUX,SPOC,-1681.7543,1340.2591,analytic,1340.2591,,TOO_FEW_MEMBERS,2,0,SPOC/PDCSAP_FLUX=OK;TESS-SPOC/PDCSAP_FLUX=OK,6,2,2,"81,82",SPOC,120,False,False,23506.65,3960.2215,1.4688678,1.6475914,2,,-3.0969773,1.6719842,-1.8522767,-1.8522767,linear,-2.0969773,-1.2547979,0.59838411,1.6719842,8.3599209,3425584.3,OK,-1.8522767,OK,SAP_FLUX,SPOC,-978.75399,752.57912,analytic,752.57912,,TOO_FEW_MEMBERS,2,0,SPOC/SAP_FLUX=OK;TESS-SPOC/SAP_FLUX=OK,6,2,2,"81,82",SPOC,120,False,False,12813.857,2175.7356,1.4269063,1.6716507,2,,-2.2204071,0.93984383,-2.3625277,-2.3625277,linear,-1.2204071,-1.300533,1.0656551,0.93984383,4.6992191,87305.689,OK,-2.3625277,BACKGROUND_TEST_UNAVAILABLE,0,,,,,,,0.028475005,5.8505971,1.1154632,1.7866055,0.34063065,-1495.0379,1.0098571,2941,OK,False,1.7866055,,,,inconclusive,not_measurable,not_measurable,,False,,0,0,1,1,0.1,1340.2591,1155.4431,6,0.85939224,2,True,OK:2,,,,,,,,84,752.57912,624.2812,6,0.75438447,2,True,OK:2,,,,,,,,84,0,3
K00558.01,Kepler-1722 b,5978361,360023124,tic_kic_crossid_over_name_planet,CONFIRMED,CANDIDATE,9.1785853,173.08746,2.1945,796.5,18.4,-18.4,0.026756,0.582,27.04,5506,4.584,14.874,0,0,0,0,1,296.66275,41.261238,9,OK,lightkurve,,4,"SPOC,TESS-SPOC","81,82",0.97840859,,779.30244,18.002718,3531.5958,3531.5958,602,12.556233,0,,70.586199,9,0.51457703,-1.4292917,-3332.8831,1256.192,False,OK,PDCSAP_FLUX,SPOC,-3332.8831,2331.8424,analytic,2331.8424,,TOO_FEW_MEMBERS,2,0,SPOC/PDCSAP_FLUX=OK;TESS-SPOC/PDCSAP_FLUX=OK,6,2,2,"81,82",SPOC,120,False,False,31900.148,6073.919,1.302377,1.5411807,2,,-5.2767517,2.9927244,-1.7631934,-1.7631934,linear,-4.2767517,-1.4292917,0.33420031,2.9927244,14.963622,2.4565426e+09,OK,-1.7631934,OK,SAP_FLUX,SPOC,-735.50472,444.73034,analytic,444.73034,,TOO_FEW_MEMBERS,2,0,SPOC/SAP_FLUX=OK;TESS-SPOC/SAP_FLUX=OK,6,2,2,"81,82",SPOC,120,False,False,6020.6638,553.48799,0.62222414,2.0941649,2,,-1.9437988,0.57332925,-3.3903709,-3.3903709,linear,-0.94379881,-1.6538218,1.7523033,0.57332925,2.8666463,12919.251,OK,-3.3903709,BACKGROUND_TEST_UNAVAILABLE,0,,,,,,,0.038908497,2.4050803,0.11192243,1.0959582,0.051001336,-4985.3051,1.0105413,1833,OK,False,1.0959582,,,0.4413827,inconclusive,not_measurable,not_measurable,,False,,0,0,1,1,0.1,2331.8424,3004.4851,6,1.9836315,2,True,OK:2,,,,,,,,84,444.73034,445.34006,6,1.193853,2,True,OK:2,,,,,,,,84,0,3
K02148.01,Kepler-363 d,6021193,258349590,tic_kic_crossid_confirms_name_planet,CONFIRMED,CANDIDATE,11.932054,142.10648,6.205,178.5,5.8,-5.8,0.01206,0.123,14.769,5711,4.221,13.353,0,0,0,0,3,283.19208,41.305389,9,OK,lightkurve,,23,"QLP,SPOC,TESS-SPOC","14,26,40,41,53,54,74,80,81",0.96181838,,171.68458,5.5785466,3320.6667,3320.6667,448,31.517326,0,,187.62698,12,1.420057,1.0546449,151.85419,205.37958,False,OK,PDCSAP_FLUX,QLP,151.85419,178.32954,bootstrap,200.62357,91.915131,OK,4,4,SPOC/PDCSAP_FLUX=166ppm;TESS-SPOC/PDCSAP_FLUX=316ppm;QLP/KSPSAP_FLUX=27ppm;QLP/DET_FLUX=236ppm,19,9,9,"40,41,53,54,74,80,81,14,26","QLP,SPOC","120,1800",False,False,5157.1626,891.97974,2.8538525,0.49607215,14,,-0.11550477,1.1700795,-0.09871532,-0.09871532,linear,0.88449523,0.85153692,0.96273773,1.1700795,5.8503976,59466.811,OK,-0.09871532,OK,SAP_FLUX,QLP,214.69047,173.96106,bootstrap,175.0353,19.362459,OK,3,3,SPOC/SAP_FLUX=221ppm;TESS-SPOC/SAP_FLUX=238ppm;QLP/SAP_FLUX=181ppm,19,9,9,"40,41,53,54,74,80,81,14,26","QLP,SPOC","120,1800",False,False,4714.2516,744.8712,2.3431117,0.38044426,14,,0.25049359,1.0212591,0.24527918,0.24527918,linear,1.2504936,1.2341294,0.98691384,1.0212591,5.1062954,28166.187,OK,0.24527918,BACKGROUND_TEST_AGREES,2,"SPOC,TESS-SPOC",-1.6693997,206.14439,-0.0080982055,-0.0069211402,PDC_DEEPER_THAN_SAP,0.02,8.6826665,3.5169199,1.3993016,0.56678806,109.04131,1.0210443,12796,OK,True,1.3993016,0.99927894,0.82432365,,fixed_b,not_measurable,not_measurable,,False,,0,0,1,1,0.3,143.98609,178.32954,20,1.6568109,0,False,,0.60528544,93.794256,277.62452,27.198511,316.46632,200.74277,164.61213,84,129.06269,173.96106,20,1.8907771,0,False,,0.090187789,194.10191,232.82683,181.21366,238.16206,221.48946,33.476811,84,0,3
K02148.02,Kepler-363 c,6021193,258349590,tic_kic_crossid_confirms_name_planet,CONFIRMED,CANDIDATE,7.5423583,132.96117,4.73,132.5,5.4,-5.4,0.0105,0.318,11.7,5711,4.221,13.353,0,0,0,0,3,283.19208,41.305389,9,OK,lightkurve,,23,"QLP,SPOC,TESS-SPOC","14,26,40,41,53,54,74,80,81",0.96602922,,127.99887,5.2165578,3321.0356,3321.0356,710,39.16227,0,,188.43681,10,0.56784689,-0.63361396,-81.049226,70.830138,False,OK,PDCSAP_FLUX,QLP,-81.049226,147.16632,bootstrap,531.17592,510.38214,OK,4,3,SPOC/PDCSAP_FLUX=40ppm;TESS-SPOC/PDCSAP_FLUX=65ppm;QLP/KSPSAP_FLUX=1541ppm;QLP/DET_FLUX=OK,30,9,9,"40,41,53,54,74,80,81,14,26","QLP,SPOC","120,1800",False,False,5302.8164,-162.23401,0.56745995,2.7850719,14,,-1.6332027,4.1503498,-0.39350965,-0.39350965,linear,-0.63320266,-0.55073217,0.86975656,4.1503498,20.751749,1.3169708e+11,OK,-0.39350965,OK,SAP_FLUX,QLP,67.072434,117.03357,bootstrap,411.08661,394.0753,OK,3,3,SPOC/SAP_FLUX=11ppm;TESS-SPOC/SAP_FLUX=11ppm;QLP/SAP_FLUX=1170ppm,33,9,9,"40,41,53,54,74,80,81,14,26","QLP,SPOC","120,1800",False,False,4710.8125,-265.61375,1.1817305,2.0577989,14,,-0.47599199,3.2122902,-0.14817839,-0.14817839,linear,0.52400801,0.57310421,1.0936936,3.2122902,16.061451,1.2094991e+09,OK,-0.14817839,BACKGROUND_TEST_AGREES,2,"SPOC,TESS-SPOC",-41.229114,121.30034,-0.33989282,-0.78368395,PDC_DEEPER_THAN_SAP,0.02,6.039187,4.9665,1.2767837,1.05,74.045209,1.0402044,16269,OK,True,1.2767837,,,,inconclusive,not_measurable,not_measurable,,False,,0,0,1,1,0.4,127.91578,147.16632,32,1.2162198,1,True,OK:1,7.8276264,48.075773,1068.8401,40.016057,1541.14,65.20267,1475.9373,84,103.1402,117.03357,33,0.99618856,0,False,,5.875369,10.962945,799.11354,10.935542,1169.9805,11.021177,1102.9081,84,0,3
K02148.03,Kepler-363 b,6021193,258349590,tic_kic_crossid_confirms_name_planet,CONFIRMED,CANDIDATE,3.6146028,134.69521,3.227,64.8,4.9,-4.9,0.007519,0.516,7.44,5711,4.221,13.353,0,0,0,0,3,283.19208,41.305389,9,OK,lightkurve,,23,"QLP,SPOC,TESS-SPOC","14,26,40,41,53,54,74,80,81",0.97540222,,63.206064,4.7794709,3317.3074,3317.3074,1480,61.246068,0,,232.1432,15,2.0599872,-0.61153255,-65.69845,216.62975,False,OK,PDCSAP_FLUX,QLP,-65.69845,132.03804,bootstrap,132.03804,,TOO_FEW_MEMBERS,4,1,SPOC/PDCSAP_FLUX=OK;TESS-SPOC/PDCSAP_FLUX=OK;QLP/KSPSAP_FLUX=OK;QLP/DET_FLUX=573ppm,61,9,9,"40,41,53,54,74,80,81,14,26","QLP,SPOC","120,1800",False,False,5277.4215,99.241026,0.37144791,1.5523276,14,,-2.0394327,2.0909751,-0.97535005,-0.97535005,linear,-1.0394327,-0.49757213,0.47869585,2.0909751,10.454876,2194022.5,OK,-0.97535005,OK,SAP_FLUX,QLP,-65.80666,119.01917,bootstrap,119.01917,,TOO_FEW_MEMBERS,3,0,SPOC/SAP_FLUX=OK;TESS-SPOC/SAP_FLUX=OK;QLP/SAP_FLUX=OK,64,9,9,"40,41,53,54,74,80,81,14,26","QLP,SPOC","120,1800",False,False,4503.2079,12.943481,0.05388811,0.91243488,14,,-2.0411447,1.8852149,-1.082712,-1.082712,linear,-1.0411447,-0.55290808,0.53105785,1.8852149,9.4260743,784180.05,OK,-1.082712,BACKGROUND_TEST_UNAVAILABLE,0,,,,,,,0.02,6.716623,0.20517788,2.081383,0.063581617,231.93528,1.0119849,22758,OK,False,2.081383,,,,inconclusive,not_measurable,not_measurable,,False,,0,0,1,1,0.6,107.43247,132.03804,66,1.3206458,3,True,OK:3,,,,,,,,84,91.958692,119.01917,68,1.4173811,3,True,OK:3,,,,,,,,84,0,3
K05236.01,,6067545,170734456,tic_kic_crossid,CANDIDATE,CANDIDATE,550.86514,307.6878,14.548,346.5,19.3,-19.3,0.016926,0.027,294.1,5912,4.367,13.093,0,0,0,0,1,298.39798,41.314892,9,OK,lightkurve,NO_USABLE_TRANSIT,8,QLP,"14,15,41,54,55,74,81,82",0.96319563,,333.74728,18.589676,3098.4741,3098.4741,9,158.57285,0,,693.93856,8,,,,,False,NO_USABLE_TRANSIT,KSPSAP_FLUX,QLP,,,none,,,TOO_FEW_MEMBERS,2,0,QLP/KSPSAP_FLUX=NO_USABLE_TRANSIT;QLP/DET_FLUX=NO_USABLE_TRANSIT,0,8,0,"14,15,41,54,55,74,81,82",QLP,"1800,200,600",False,False,,,,,0,,,,,,,,,,,,,NO_USABLE_TRANSIT,,NO_USABLE_TRANSIT,SAP_FLUX,QLP,,,none,,,TOO_FEW_MEMBERS,1,0,QLP/SAP_FLUX=NO_USABLE_TRANSIT,0,8,0,"14,15,41,54,55,74,81,82",QLP,"1800,200,600",False,False,,,,,0,,,,,,,,,,,,,NO_USABLE_TRANSIT,,BACKGROUND_TEST_UNAVAILABLE,0,,,,,,,0.02,,,,,,,0,too_few_points,False,,,,,inconclusive,not_measured,not_measured,,False,,0,0,1,1,0,,,0,,2,True,NO_USABLE_TRANSIT:2,,,,,,,,84,,,0,,1,True,NO_USABLE_TRANSIT:1,,,,,,,,84,0,3
K07764.01,,6124137,137408113,tic_kic_crossid,CANDIDATE,CANDIDATE,227.83457,238.7643,21.59,155.3,15.6,-15.6,0.011818,0.56,67.9,6004,3.814,13.845,0,0,0,0,1,292.0105,41.467098,9,OK,lightkurve,,17,"QLP,SPOC,TESS-SPOC","14,40,41,54,55,74,75,81,82",0.9796583,,152.14093,15.282669,3311.9594,3311.9594,23,468.92205,0,,864,11,1.503097,0.42301507,175.45969,734.81618,False,OK,PDCSAP_FLUX,QLP,175.45969,414.78354,analytic,498.91827,277.2617,OK,4,3,SPOC/PDCSAP_FLUX=370ppm;TESS-SPOC/PDCSAP_FLUX=1139ppm;QLP/KSPSAP_FLUX=OK;QLP/DET_FLUX=324ppm,2,9,2,"74,75,81,82,14,40,41,54,55","QLP,SPOC","120,1800,600",False,False,7341.9041,424.32784,0.50980199,0.25989807,8,,0.15327075,3.2812356,0.04671129,0.04671129,linear,1.1532707,0.42301507,0.36679597,3.2812356,16.406178,2.0293575e+09,OK,0.04671129,OK,SAP_FLUX,QLP,-281.19887,355.02272,analytic,355.02272,,TOO_FEW_MEMBERS,3,0,SPOC/SAP_FLUX=OK;TESS-SPOC/SAP_FLUX=OK;QLP/SAP_FLUX=OK,2,9,2,"74,75,81,82,14,40,41,54,55","QLP,SPOC","120,1800,600",False,False,6226.4561,529.6021,0.69782227,0.48695592,8,,-2.8482789,2.3362083,-1.2191887,-1.2191887,linear,-1.8482789,-0.7920588,0.42853858,2.3362083,11.681042,17999247,OK,-1.2191887,BACKGROUND_TEST_UNAVAILABLE,0,,,,,,,0.02,50.776565,16.832187,2.3518557,0.77962886,299.25211,0.96616117,3723,OK,True,2.3518557,1.0012442,2.4638015,,fixed_b,not_measurable,not_measurable,,False,,0,0,1,1,0.2,414.78354,147.04604,3,0.25989807,1,True,OK:1,1.5802017,338.64781,893.17122,323.7412,1139.2168,370.32436,963.75711,84,355.02272,189.04736,3,0.48695592,3,True,OK:3,,,,,,,,84,0,3
K00659.01,Kepler-637 b,6125481,137626872,tic_kic_crossid_over_name_planet,CONFIRMED,CANDIDATE,23.205794,180.7628,4.3243,342.5,8.4,-8.4,0.016596,0.059,41.61,5460,3.626,13.413,0,0,0,0,1,292.41721,41.41687,9,OK,lightkurve,,17,"QLP,SPOC,TESS-SPOC","14,40,41,54,55,74,75,81,82",0.95649521,,327.59961,8.0345597,3351.0954,3351.0203,230,20.373043,-108.11615,5.3068236,125.98363,9,5.6656641,1.6008035,616.84271,2084.8275,True,OK,PDCSAP_FLUX,QLP,2084.8275,2051.5193,bootstrap,2313.5639,1069.5074,OK,4,4,SPOC/PDCSAP_FLUX=71ppm;TESS-SPOC/PDCSAP_FLUX=653ppm;QLP/KSPSAP_FLUX=3409ppm;QLP/DET_FLUX=1493ppm,10,9,8,"74,75,81,82,14,40,41,54,55","QLP,SPOC","120,1800,600",False,False,5043.4438,1463.9371,1.985564,163.15541,8,sector_scatter,5.36395,7.0623888,0.75950931,0.75950931,linear,6.36395,1.0162359,0.15968634,7.0623888,35.311944,7.0978327e+17,OK,0.75950931,OK,SAP_FLUX,QLP,628.76113,603.00372,bootstrap,783.63846,500.47553,OK,3,3,SPOC/SAP_FLUX=154ppm;TESS-SPOC/SAP_FLUX=370ppm;QLP/SAP_FLUX=1625ppm,10,9,8,"74,75,81,82,14,40,41,54,55","QLP,SPOC","120,1800,600",False,False,4406.7182,-411.63056,0.75590158,81.920678,8,sector_scatter,0.91929757,2.3927099,0.38420771,0.38420771,linear,1.9192976,1.0427152,0.54327958,2.3927099,11.963549,51409577,OK,0.38420771,BACKGROUND_TEST_AGREES,2,"SPOC,TESS-SPOC",-97.874861,475.18312,-0.20597293,-0.27043838,PDC_DEEPER_THAN_SAP,0.02,6.051,0.28158836,1.3993016,0.065117675,849.01728,1.685125,3256,OK,False,1.3993016,1.0249461,4.4592454,,duration_inconsistent,not_measurable,not_measurable,,False,,0,0,1,1,0.2,367.97585,2051.5193,11,127.20767,0,False,,0.51299564,350.26932,2489.2842,70.848125,3409.0182,1072.9406,2013.9794,84,268.19548,603.00372,11,64.04431,0,False,,0.79597084,222.88075,1223.8318,153.50188,1625.4887,370.31085,996.72758,84,-0.075080659,3
K00285.01,Kepler-92 b,6196457,121943724,tic_kic_crossid_over_name_planet,CONFIRMED,CANDIDATE,13.748831,179.27916,6.0968,425.9,2.9,-2.9,0.019908,0.658,13.44,5862,4.05,11.565,0,0,0,0,3,289.08606,41.562958,9,OK,lightkurve,,29,"QLP,SPOC,TESS-SPOC","14,40,41,54,55,74,75,80,81,82",0.98785897,,420.72913,2.864791,3346.8256,3346.8044,388,7.3130523,-30.508387,4.171772,113.39116,10,5.4747071,5.1302856,375.88554,398.26125,True,OK,PDCSAP_FLUX,QLP,398.26125,79.043004,bootstrap,118.53822,88.33749,OK,4,3,SPOC/PDCSAP_FLUX=398ppm;TESS-SPOC/PDCSAP_FLUX=319ppm;QLP/KSPSAP_FLUX=138ppm;QLP/DET_FLUX=OK,14,10,7,"40,41,54,55,74,75,80,81,82,14","QLP,SPOC","120,1800",False,False,2367.4918,279.64051,1.9220247,0.44568512,19,,-0.054881036,0.30188663,-0.18179353,-0.18657242,ln,0.94659775,5.0385389,5.3227877,0.28622798,1.4311399,1339.3766,OK,-0.18179353,OK,SAP_FLUX,QLP,428.52023,129.19737,bootstrap,129.20733,1.603528,OK,3,2,SPOC/SAP_FLUX=429ppm;TESS-SPOC/SAP_FLUX=424ppm;QLP/SAP_FLUX=OK,14,10,7,"40,41,54,55,74,75,80,81,82,14","QLP,SPOC","120,1800",False,False,2044.3762,231.94672,1.8071431,1.422795,19,,0.018348716,0.30571317,0.060019385,0.059501311,ln,1.0185181,3.3167875,3.2564836,0.31122151,1.5561076,1573.6674,OK,0.060019385,BACKGROUND_TEST_AGREES,2,"SPOC,TESS-SPOC",65.80459,109.39131,0.60155226,0.18342797,SAP_DEEPER_THAN_PDC,0.033935575,4.9232204,0.31988267,0.80750893,0.052467306,377.98841,1.0019679,12004,OK,False,0.80750893,0.99909377,-2.5873916,0.80264781,fixed_b,consistent,consistent,,False,,0,0,1,1,0.3,72.745672,79.043004,18,1.4686991,1,True,OK:1,0.22180789,196.2984,372.97338,138.44511,398.26125,319.23665,259.81615,84,64.114081,129.19737,18,3.47274,1,True,OK:1,0.0037420123,424.55858,427.76563,423.80397,428.52023,426.1621,4.7162588,84,-0.02118638,3
K00285.02,Kepler-92 c,6196457,121943724,tic_kic_crossid_over_name_planet,CONFIRMED,CANDIDATE,26.723169,147.93696,8.501,195,3.1,-3.1,0.012689,0.035,24.3117,5862,4.05,11.565,0,0,0,0,3,289.08606,41.562958,9,OK,lightkurve,,29,"QLP,SPOC,TESS-SPOC","14,40,41,54,55,74,75,80,81,82",0.96312765,,187.80989,2.9856957,3352.2939,3352.3529,201,23.059838,84.975996,3.6850214,196.69451,8,4.2039848,3.547277,264.94041,312.64831,True,OK,PDCSAP_FLUX,QLP,312.64831,54.574299,bootstrap,69.941185,43.742602,OK,4,3,SPOC/PDCSAP_FLUX=309ppm;TESS-SPOC/PDCSAP_FLUX=350ppm;QLP/KSPSAP_FLUX=438ppm;QLP/DET_FLUX=OK,10,10,10,"40,41,54,55,74,75,80,81,82,14","QLP,SPOC","120,1800",False,False,2337.9803,-36.182969,0.24316023,0.66248728,19,,0.5096487,0.22977584,2.2180257,1.767451,ln,1.6647063,5.7288562,3.4413615,0.37608189,1.8804094,1043.5072,OK,2.2180257,OK,SAP_FLUX,QLP,656.22491,300.95741,bootstrap,301.21487,12.451218,OK,3,2,SPOC/SAP_FLUX=667ppm;TESS-SPOC/SAP_FLUX=630ppm;QLP/SAP_FLUX=OK,10,10,10,"40,41,54,55,74,75,80,81,82,14","QLP,SPOC","120,1800",False,False,2094.5432,552.15442,4.1106697,26.971836,19,odd_even_significant;sector_scatter,1.2510733,0.46200044,2.7079484,1.5542546,ln,3.4940913,2.1804577,0.62404143,1.6046865,8.0234325,572939.24,OK,2.7079484,BACKGROUND_TEST_AGREES,2,"SPOC,TESS-SPOC",318.90207,210.65744,1.5138419,0.96792131,SAP_DEEPER_THAN_PDC,0.02,10.853938,0.47516623,1.2767837,0.055895333,253.37201,1.0294105,10933,OK,False,1.2767837,1.0036431,3.5954436,,duration_inconsistent,consistent,consistent,odd_even_significant;duration_not_fixed_b,False,,0,0,1,1,0.3,74.369515,54.574299,11,0.66248728,1,True,OK:1,0.13990993,322.14326,409.62846,309.11604,437.77075,349.8261,125.12244,84,67.158423,300.95741,11,26.971836,1,True,OK:1,0.01897401,636.11909,661.02153,630.25969,666.88092,648.57031,25.965221,84,0.059011108,3
K00285.03,Kepler-92 d,6196457,121943724,tic_kic_crossid_over_name_planet,CONFIRMED,CANDIDATE,49.356791,134.29533,10.954,130.2,3.9,-3.9,0.010449,0.277,33.45,5862,4.05,11.565,0,0,0,0,3,289.08606,41.562958,9,OK,lightkurve,,29,"QLP,SPOC,TESS-SPOC","14,40,41,54,55,74,75,80,81,82",0.96653525,,125.84289,3.7694875,3347.1855,3347.1855,109,56.756676,0,,334.58003,12,2.5995733,2.5995733,215.62927,215.62927,False,OK,PDCSAP_FLUX,QLP,215.62927,82.947947,analytic,163.49582,140.89188,OK,4,4,SPOC/PDCSAP_FLUX=216ppm;TESS-SPOC/PDCSAP_FLUX=111ppm;QLP/KSPSAP_FLUX=101ppm;QLP/DET_FLUX=546ppm,5,10,5,"40,41,54,55,74,75,80,81,82,14","QLP,SPOC","120,1800",False,False,2450.917,-11.539523,0.066245115,0.96747656,19,,0.53852638,0.76046341,0.70815554,0.54861442,ln,1.71348,2.5995733,1.5171309,1.3005126,6.5025632,83792.322,OK,0.70815554,OK,SAP_FLUX,QLP,164.82749,75.43024,analytic,250.14298,238.49904,OK,3,3,SPOC/SAP_FLUX=165ppm;TESS-SPOC/SAP_FLUX=173ppm;QLP/SAP_FLUX=866ppm,5,10,5,"40,41,54,55,74,75,80,81,82,14","QLP,SPOC","120,1800",False,False,2154.4078,179.98185,1.1325459,4.2905223,19,sector_scatter,0.26986517,1.5187236,0.17769209,0.1557823,ln,1.3097878,2.1851646,1.6683347,1.9885947,9.9429733,2618100,OK,0.17769209,BACKGROUND_TEST_AGREES,2,"SPOC,TESS-SPOC",8.5925123,77.216309,0.11127846,0.05257207,SAP_DEEPER_THAN_PDC,0.02,19.570477,0.59783449,1.7866055,0.054576821,210.43276,0.96198214,7895,OK,False,1.7866055,1.0034555,9.5352539,,duration_inconsistent,not_measurable,not_measurable,,False,,0,0,1,1,0.3,82.947947,71.791509,5,0.96747656,0,False,,0.65339866,105.71842,387.50217,100.60699,546.15408,163.44253,330.5248,84,75.43024,138.67384,5,4.2905223,0,False,,1.4469615,167.58402,644.58209,164.82749,866.29524,173.44165,701.46775,84,0,3
K01967.01,Kepler-1029 b,6205897,137409907,tic_kic_crossid_over_name_planet,CONFIRMED,CANDIDATE,4.4176925,133.96139,2.323,279.2,9,-9,0.021644,0.971,4.73,4766,4.645,14.31,0,0,0,0,1,292.13297,41.547539,9,OK,lightkurve,,8,"SPOC,TESS-SPOC","74,75,81,82",1.1271078,,314.68849,10.14397,3365.3816,3365.3897,1222,16.071436,11.596416,0.72155444,83.059308,12,3.6575269,3.0433476,1183.1263,1452.9621,True,OK,PDCSAP_FLUX,SPOC,1452.9621,489.34831,bootstrap,489.40026,7.1307832,OK,2,2,SPOC/PDCSAP_FLUX=1453ppm;TESS-SPOC/PDCSAP_FLUX=1474ppm,23,4,4,"74,75,81,82",SPOC,120,False,False,11205.567,-341.27143,0.33748604,1.1776257,4,,1.5297763,0.34204254,4.4724738,2.3241542,ln,4.617144,2.9691777,0.64307669,1.556327,7.7816349,753738.5,OK,4.4724738,OK,SAP_FLUX,SPOC,852.08076,310.67502,bootstrap,312.78609,36.279045,OK,2,2,SPOC/SAP_FLUX=852ppm;TESS-SPOC/SAP_FLUX=745ppm,23,4,4,"74,75,81,82",SPOC,120,False,False,6686.4309,-275.01412,0.4343441,1.2886046,4,,0.99609808,0.37187432,2.678588,1.7150133,ln,2.707696,2.7426755,1.0129185,0.99573337,4.9786668,45403.435,OK,2.678588,BACKGROUND_TEST_AGREES,2,"SPOC,TESS-SPOC",-657.69737,431.82013,-1.5230818,-0.44941613,PDC_DEEPER_THAN_SAP,0.31152334,2.323,1.7115863,1,0.73679996,924.48495,1.0219707,7946,OK,False,1,1.2291322,-0.27865972,0.971,fixed_b,not_measurable,not_measurable,,False,,0,0,1,1,0.2,397.2526,489.34831,25,1.4857952,0,False,,0.0049077559,1456.3177,1470.5793,1452.9621,1473.935,1463.4485,20.972892,84,232.79282,310.67502,25,1.8471551,0,False,,0.042577003,762.45018,835.00827,745.37769,852.08076,798.72922,106.70307,84,0.0080530667,3
K06676.01,,6209225,138097360,tic_kic_crossid,CANDIDATE,CANDIDATE,439.21978,523.3139,9.392,342.3,33.5,-33.5,0.017205,0.2863,348.7,6553,4.479,13.993,0,0,0,0,1,293.16168,41.538158,9,OK,lightkurve,NO_USABLE_TRANSIT,8,"SPOC,TESS-SPOC","74,75,81,82",0.97132069,,332.48307,32.539243,3187.7315,3187.7315,11,216.39863,0,,790.07588,12,,,,,False,NO_USABLE_TRANSIT,PDCSAP_FLUX,SPOC,,,none,,,TOO_FEW_MEMBERS,2,0,SPOC/PDCSAP_FLUX=NO_USABLE_TRANSIT;TESS-SPOC/PDCSAP_FLUX=NO_USABLE_TRANSIT,0,4,0,"74,75,81,82",SPOC,120,False,False,,,,,4,,,,,,,,,,,,,NO_USABLE_TRANSIT,,NO_USABLE_TRANSIT,SAP_FLUX,SPOC,,,none,,,TOO_FEW_MEMBERS,2,0,SPOC/SAP_FLUX=NO_USABLE_TRANSIT;TESS-SPOC/SAP_FLUX=NO_USABLE_TRANSIT,0,4,0,"74,75,81,82",SPOC,120,False,False,,,,,4,,,,,,,,,,,,,NO_USABLE_TRANSIT,,BACKGROUND_TEST_UNAVAILABLE,0,,,,,,,0.02,,,,,,,0,too_few_points,False,,,,,inconclusive,not_measured,not_measured,,False,,0,0,1,1,0.1,,,0,,2,True,NO_USABLE_TRANSIT:2,,,,,,,,84,,,0,,2,True,NO_USABLE_TRANSIT:2,,,,,,,,84,0,3
K06145.01,Kepler-1641 b,6221385,184426431,tic_kic_crossid_over_name_planet,CONFIRMED,CANDIDATE,19.672324,134.3013,4.812,649.9,33.9,-33.9,0.025068,0.721,22.8,6486,4.136,14.263,0,0,0,0,3,296.35944,41.574532,9,OK,lightkurve,,12,"SPOC,TESS-SPOC","54,55,74,75,81,82",0.99576488,,647.14759,33.756429,3337.8458,3337.946,273,449.89626,144.33113,0.3208098,864,30,3.3697432,0.67208777,479.11385,2448.8622,True,OK,PDCSAP_FLUX,SPOC,2448.8622,825.02187,bootstrap,850.62391,207.12304,OK,2,2,SPOC/PDCSAP_FLUX=2449ppm;TESS-SPOC/PDCSAP_FLUX=1840ppm,8,6,6,"54,55,74,75,81,82",SPOC,120,False,False,17109.564,708.94538,0.47682752,1.8163579,6,,1.3308044,0.35479033,3.7509601,2.1149164,ln,3.7840861,2.9682391,0.78440053,1.3164048,6.5820238,466592.79,OK,3.7509601,OK,SAP_FLUX,SPOC,689.06673,309.02298,bootstrap,309.05164,4.2091036,OK,2,2,SPOC/SAP_FLUX=689ppm;TESS-SPOC/SAP_FLUX=701ppm,8,6,6,"54,55,74,75,81,82",SPOC,120,False,False,5661.9208,145.98441,0.29136346,2.0927689,6,,0.062763723,0.45429055,0.13815767,0.13411159,ln,1.0647752,2.2298236,2.094173,0.48299501,2.414975,6594.1045,OK,0.13815767,BACKGROUND_TEST_AGREES,2,"SPOC,TESS-SPOC",-1442.6975,616.59718,-2.3397732,-0.67281541,PDC_DEEPER_THAN_SAP,0.049684389,3.6554733,0.34581922,0.75965779,0.071866005,1505.1006,1.0412219,5774,OK,False,0.75965779,1.045272,-2.8139501,0.8627741,fixed_b,not_measurable,not_measurable,,False,,0,0,1,1,0.3,726.72071,825.02187,8,1.6190696,0,False,,0.084579297,1937.1464,2351.3925,1839.6768,2448.8622,2144.2695,609.18542,84,244.79603,309.02298,8,1.7111296,0,False,,0.0061084122,691.04748,699.46569,689.06673,701.44644,695.25658,12.379716,84,0.10022995,3
K06145.02,Kepler-1641 c,6221385,184426431,tic_kic_crossid_over_name_planet,CONFIRMED,CANDIDATE,32.657035,152.881,5.953,620.4,37.1,-37.1,0.023004,0.007,42.87,6486,4.136,14.263,0,0,0,0,3,296.35944,41.574532,9,OK,lightkurve,,12,"SPOC,TESS-SPOC","54,55,74,75,81,82",0.96750215,,600.23833,35.89433,3341.6347,3341.6347,164,734.84414,0,,864,26,2.5357372,-0.3534846,-388.56228,2488.4542,False,OK,PDCSAP_FLUX,SPOC,-388.56228,1099.234,analytic,1099.234,,TOO_FEW_MEMBERS,2,0,SPOC/PDCSAP_FLUX=OK;TESS-SPOC/PDCSAP_FLUX=OK,3,6,3,"54,55,74,75,81,82",SPOC,120,False,False,16195.927,-3432.7157,1.2905906,1.2009381,6,,-1.6473467,1.8329873,-0.89872235,-0.89872235,linear,-0.64734666,-0.3534846,0.54605149,1.8329873,9.1649366,5735346.5,OK,-0.89872235,OK,SAP_FLUX,SPOC,-188.82187,328.32795,analytic,328.32795,,TOO_FEW_MEMBERS,2,0,SPOC/SAP_FLUX=OK;TESS-SPOC/SAP_FLUX=OK,4,6,4,"54,55,74,75,81,82",SPOC,120,False,False,5973.5462,-984.61816,1.2245668,0.90459295,6,,-1.3145782,0.55252208,-2.3792319,-2.3792319,linear,-0.31457816,-0.57510142,1.828167,0.55252208,2.7626104,8908.2215,OK,-2.3792319,BACKGROUND_TEST_UNAVAILABLE,0,,,,,,,0.022487793,7.1502938,1.0312486,1.2011244,0.17323175,-982.14365,1.071771,2920,OK,False,1.2011244,,,,inconclusive,not_measurable,not_measurable,,False,,0,0,1,1,0.2,1099.234,985.05054,4,1.2009381,2,True,OK:2,,,,,,,,84,328.32795,286.22116,4,0.90459295,2,True,OK:2,,,,,,,,84,0,3
K06145.03,,6221385,184426431,tic_kic_crossid_over_name_planet,CANDIDATE,CANDIDATE,7.3138454,137.561,2.273,247.7,30.7,-30.7,0.016831,0.893,11.99,6486,4.136,14.263,0,0,0,0,3,296.35944,41.574532,9,OK,lightkurve,,12,"SPOC,TESS-SPOC","54,55,74,75,81,82",1.0293342,,254.96609,31.600561,3346.2374,3346.261,735,746.81416,34.095,0.045653928,864,58,3.52096,2.9758192,1866.845,2199.3099,True,OK,PDCSAP_FLUX,SPOC,2199.3099,1108.4711,bootstrap,1108.9386,32.196304,OK,2,2,SPOC/PDCSAP_FLUX=2199ppm;TESS-SPOC/PDCSAP_FLUX=2105ppm,19,6,6,"54,55,74,75,81,82",SPOC,120,False,False,17078.858,2170.394,1.0136252,1.2006828,6,,7.6258917,4.3514098,1.7525106,1.7525106,linear,8.6258917,1.9840932,0.23001601,4.3514098,21.757049,7.1688394e+11,OK,1.7525106,OK,SAP_FLUX,SPOC,631.52642,393.58473,bootstrap,396.27151,46.06703,OK,2,2,SPOC/SAP_FLUX=632ppm;TESS-SPOC/SAP_FLUX=496ppm,19,6,6,"54,55,74,75,81,82",SPOC,120,False,False,5430.5579,494.57436,0.62253197,1.9113153,6,,1.4769036,1.559948,0.94676458,0.94676458,linear,2.4769036,1.6045501,0.64780485,1.559948,7.7997402,621854.15,OK,0.94676458,BACKGROUND_TEST_AGREES,2,"SPOC,TESS-SPOC",-1585.721,880.4884,-1.8009562,-0.73687209,PDC_DEEPER_THAN_SAP,0.077114836,1.6747607,0.12606497,0.7368063,0.055461931,2035.3013,1.0437637,6849,OK,False,0.7368063,1.1335961,-2.9138318,0.95160672,fixed_b,not_measurable,not_measurable,,False,,0,0,1,1,0.6,624.63359,1108.4711,21,3.0752346,0,False,,0.014639276,2119.7661,2184.1587,2104.6149,2199.3099,2151.9624,94.695013,84,213.98664,393.58473,21,3.4121642,0,False,,0.072945531,517.71376,609.84782,496.03516,631.52642,563.78079,135.49127,84,0.023677083,3
K07773.01,,6231721,171094604,tic_kic_crossid,CANDIDATE,CANDIDATE,2.6933997,131.9006,1.936,147.5,22,-22,0.011019,0.279,10.34,5355,4.511,15.673,0,0,0,0,1,298.68607,41.521069,9,OK,lightkurve,,2,"SPOC,TESS-SPOC",41,0.95976557,,141.56542,21.114842,2433.2507,2433.2507,1659,72.071341,0,,245.25402,24,1.8882132,0.32763029,1408.9458,8562.5955,False,OK,PDCSAP_FLUX,SPOC,1408.9458,5141.4321,bootstrap,5457.4295,1830.0856,OK,2,2,SPOC/PDCSAP_FLUX=1409ppm;TESS-SPOC/PDCSAP_FLUX=6792ppm,8,1,1,41,SPOC,120,False,False,62157.554,-5748.0792,0.66591928,,1,,8.9526129,38.550904,0.23222835,0.23222835,linear,9.9526129,0.27403763,0.027534239,38.550904,192.75452,7.2976206e+85,OK,0.23222835,OK,SAP_FLUX,SPOC,614.67422,1389.5654,bootstrap,1427.9661,328.93035,OK,2,2,SPOC/SAP_FLUX=615ppm;TESS-SPOC/SAP_FLUX=1582ppm,8,1,1,41,SPOC,120,False,False,17130.293,-1659.6563,0.68811596,,1,,3.3419799,10.088196,0.33127627,0.33127627,linear,4.3419799,0.44234999,0.10187748,10.088196,50.44098,1.1407652e+24,OK,0.33127627,BACKGROUND_TEST_AGREES,2,"SPOC,TESS-SPOC",-2665.3199,4042.8534,-0.659267,-0.65003867,PDC_DEEPER_THAN_SAP,0.02,2.2554265,0.81154836,1.1649931,0.4191882,4032.2621,1.0080042,2324,OK,True,1.1649931,1.0254748,0.32980504,,fixed_b,not_measurable,not_measurable,,False,,0,0,1,1,0.1,4300.4138,5141.4321,8,1.6791474,0,False,,1.2989041,2270.1626,5930.3337,1408.9458,6791.5505,4100.2481,5382.6046,84,1203.7079,1389.5654,8,1.5739563,0,False,,0.53512958,769.46498,1427.3257,614.67422,1582.1164,1098.3953,967.44222,84,0,3
K03049.01,Kepler-1418 b,6263593,258202336,tic_kic_crossid_over_name_planet,CONFIRMED,CANDIDATE,22.476595,136.82336,3.437,481.4,42.5,-42.5,0.019619,0.176,50.18,4563,4.704,15.037,0,0,0,0,1,282.9975,41.678551,9,OK,lightkurve,,6,"SPOC,TESS-SPOC","74,80,81",0.94822493,,456.47548,40.29956,3499.0657,3499.0657,246,73.110657,0,,270.88697,18,2.969513,0.82191037,1519.9208,4088.4745,False,OK,PDCSAP_FLUX,SPOC,1519.9208,1849.2537,analytic,1850.3121,62.576171,OK,2,2,SPOC/PDCSAP_FLUX=1520ppm;TESS-SPOC/PDCSAP_FLUX=1704ppm,2,3,2,"74,80,81",SPOC,120,False,False,18249.462,2774.2204,0.75009157,0.56263737,3,,2.3296876,4.0547449,0.57455837,0.57455837,linear,3.3296876,0.82191037,0.24684309,4.0547449,20.273725,2.9119517e+11,OK,0.57455837,OK,SAP_FLUX,SPOC,1204.7068,1392.0183,analytic,1392.023,3.643589,OK,2,2,SPOC/SAP_FLUX=1205ppm;TESS-SPOC/SAP_FLUX=1194ppm,2,3,2,"74,80,81",SPOC,120,False,False,13737.292,2608.0207,0.93676636,0.87753121,3,,1.6391489,3.0511897,0.53721631,0.53721631,linear,2.6391489,0.8654389,0.32792349,3.0511897,15.255948,1.9274873e+09,OK,0.53721631,BACKGROUND_TEST_AGREES,2,"SPOC,TESS-SPOC",-405.66927,1693.8901,-0.23948972,-0.25166453,PDC_DEEPER_THAN_SAP,0.02,5.9558471,0.94216201,1.7328621,0.27412337,2717.664,1.1156362,1391,OK,False,1.7328621,1.016355,2.9622964,,fixed_b,not_measurable,not_measurable,,False,,0,0,1,1,0.1,1849.2537,959.75482,3,0.56263737,0,False,,0.04117068,1549.3684,1674.5207,1519.9208,1703.9683,1611.9445,184.04756,84,1392.0183,902.26038,3,0.87753121,0,False,,0.0030244613,1195.7049,1202.9921,1193.9903,1204.7068,1199.3485,10.716438,84,0,3
K06680.01,,6265961,120105549,tic_kic_crossid,CANDIDATE,CANDIDATE,5.5250741,135.15435,2.565,61.5,7.3,-7.3,0.007094,0.152,16.39,5600,4.378,13.692,0,0,0,0,1,284.12134,41.633072,9,OK,lightkurve,,14,"QLP,SPOC,TESS-SPOC","14,40,41,53,54,74,80,81",0.95995411,,59.037178,7.007665,3487.7034,3487.641,999,79.912735,-89.78526,1.1235413,278.2132,22,3.6206348,-1.369171,-329.03745,771.98597,True,OK,PDCSAP_FLUX,QLP,771.98597,365.45476,bootstrap,543.47966,402.25981,OK,4,2,SPOC/PDCSAP_FLUX=OK;TESS-SPOC/PDCSAP_FLUX=143ppm;QLP/KSPSAP_FLUX=1326ppm;QLP/DET_FLUX=OK,32,8,8,"74,80,81,14,40,41,53,54","QLP,SPOC","120,1800,600",False,False,5248.3822,-806.25357,1.2589422,3.095026,6,sector_scatter,2.570799,0.71568729,3.5920702,1.311694,ln,13.076268,2.1123981,0.16154442,9.2066199,46.033099,5.7949088e+21,OK,3.5920702,OK,SAP_FLUX,QLP,540.97936,352.49977,bootstrap,352.49977,,TOO_FEW_MEMBERS,3,1,SPOC/SAP_FLUX=OK;TESS-SPOC/SAP_FLUX=OK;QLP/SAP_FLUX=617ppm,35,8,8,"74,80,81,14,40,41,53,54","QLP,SPOC","120,1800,600",False,False,4949.6816,-323.0189,0.52431542,4.7631416,6,sector_scatter,8.1633676,5.972199,1.3668948,1.3668948,linear,9.1633676,1.5346942,0.16748147,5.972199,29.860995,5.4902341e+14,OK,1.3668948,BACKGROUND_TEST_UNAVAILABLE,0,,,,,,,0.02,6.4125,0.096448165,2.5,0.037601624,-484.42628,1.1069608,5685,OK,True,2.5,1.0188775,7.9201892,,duration_inconsistent,not_measurable,not_measurable,,False,,0,0,1,1,0.4,213.21841,365.45476,36,1.5450533,2,True,OK:2,0.5210714,332.19255,1136.7122,142.89382,1326.0109,734.45236,629.09215,84,191.6791,352.49977,37,1.7165582,2,True,OK:2,,,,,,,,84,-0.062350875,3
K00307.01,Kepler-520 b,6289257,138097531,tic_kic_crossid_over_name_planet,CONFIRMED,CANDIDATE,19.674097,176.27119,3.7535,204.9,5.7,-5.7,0.01578,0.914,17.74,6023,4.423,12.797,0,0,0,0,2,293.18033,41.61776,9,OK,lightkurve,,16,"QLP,SPOC,TESS-SPOC","40,41,54,55,74,75,81,82",1.0432311,,213.75806,5.9464175,3360.6256,3360.6256,272,24.634336,0,,130.20551,12,1.8612445,-1.2798714,-243.80935,373.04902,False,OK,PDCSAP_FLUX,QLP,-243.80935,186.16693,bootstrap,186.16693,,TOO_FEW_MEMBERS,4,1,SPOC/PDCSAP_FLUX=OK;TESS-SPOC/PDCSAP_FLUX=OK;QLP/KSPSAP_FLUX=35ppm;QLP/DET_FLUX=OK,11,8,8,"74,75,81,82,40,41,54,55","QLP,SPOC","120,600",False,False,2887.3567,-142.70157,0.34016569,0.85273664,8,,-2.1405855,0.87280106,-2.4525469,-2.4525469,linear,-1.1405855,-1.3096276,1.1482064,0.87280106,4.3640053,16581.471,OK,-2.4525469,OK,SAP_FLUX,QLP,-232.56983,141.76415,bootstrap,141.76415,,TOO_FEW_MEMBERS,3,0,SPOC/SAP_FLUX=OK;TESS-SPOC/SAP_FLUX=OK;QLP/SAP_FLUX=OK,12,8,8,"74,75,81,82,40,41,54,55","QLP,SPOC","120,600",False,False,2943.9596,-106.25926,0.30705065,0.73415712,8,,-2.0880049,0.66566273,-3.1367311,-3.1367311,linear,-1.0880049,-1.6405405,1.5078429,0.66566273,3.3283136,5748.2251,OK,-3.1367311,BACKGROUND_TEST_UNAVAILABLE,0,,,,,,,0.08810306,9.1014746,0.66449046,2.4247968,0.17703223,206.3049,1.7132234,3393,OK,True,2.4247968,,,,inconclusive,not_measurable,not_measurable,,False,,0,0,1,1,0.2,190.4952,186.16693,12,0.9982061,3,True,OK:3,,,,,,,,84,163.43896,141.76415,12,0.7742934,3,True,OK:3,,,,,,,,84,0,3
K00307.02,Kepler-520 c,6289257,138097531,tic_kic_crossid_over_name_planet,CONFIRMED,CANDIDATE,5.211046,131.53797,3.3447,102.7,3.1,-3.1,0.010461,0.833,6.86,6023,4.423,12.797,0,0,0,0,2,293.18033,41.61776,9,OK,lightkurve,,16,"QLP,SPOC,TESS-SPOC","40,41,54,55,74,75,81,82",1.0152787,,104.26912,3.1473639,3363.1816,3363.1816,1036,20.623309,0,,112.04043,9,2.313941,0.7770921,93.474964,257.82081,False,OK,PDCSAP_FLUX,QLP,93.474964,143.32123,bootstrap,143.58392,8.6813791,OK,4,2,SPOC/PDCSAP_FLUX=212ppm;TESS-SPOC/PDCSAP_FLUX=238ppm;QLP/KSPSAP_FLUX=OK;QLP/DET_FLUX=OK,35,8,8,"74,75,81,82,40,41,54,55","QLP,SPOC","120,600",False,False,3691.2663,185.8572,0.6325267,1.2793309,8,,-0.10352207,1.3782892,-0.075109106,-0.075109106,linear,0.89647793,0.65220598,0.7275204,1.3782892,6.8914461,102478.1,OK,-0.075109106,OK,SAP_FLUX,QLP,98.968924,123.33709,bootstrap,124.8574,19.425037,OK,3,2,SPOC/SAP_FLUX=176ppm;TESS-SPOC/SAP_FLUX=233ppm;QLP/SAP_FLUX=OK,36,8,8,"74,75,81,82,40,41,54,55","QLP,SPOC","120,600",False,False,3131.9013,140.00089,0.56048556,1.3496096,8,,-0.050831882,1.1988768,-0.042399588,-0.042399588,linear,0.94916812,0.80242627,0.84539952,1.1988768,5.9943839,41725.317,OK,-0.042399588,BACKGROUND_TEST_AGREES,2,"SPOC,TESS-SPOC",-20.34286,162.43405,-0.12523766,-0.090333367,PDC_DEEPER_THAN_SAP,0.033070559,6.7521878,0.31421872,2.0187723,0.093945264,343.58475,6.9626108,10762,OK,False,2.0187723,0.99827679,9.9332763,,duration_inconsistent,not_measurable,not_measurable,,False,,0,0,1,1,0.3,120.28814,143.32123,40,1.6116717,2,True,OK:2,0.092873842,216.51625,233.87901,212.4309,237.96437,225.19763,144.4894,84,103.47028,123.33709,40,1.5840196,1,True,OK:1,0.19627411,184.67404,223.52411,175.53285,232.66531,204.09908,133.69638,84,0,3
K00452.01,Kepler-557 b,6291033,138222081,tic_kic_crossid_over_name_planet,CONFIRMED,CANDIDATE,3.7059917,169.94286,5.1658,501.4,5.8,-5.8,0.021488,0.623,4.51,6187,4.409,14.641,0,0,0,0,1,293.70847,41.615131,9,OK,lightkurve,,6,"SPOC,TESS-SPOC","75,81,82",0.98534252,,494.05074,5.7149866,3517.4585,3517.4585,1488,10.359601,0,,108.5658,8,0.88586235,-0.19287407,-91.765995,410.19184,False,OK,PDCSAP_FLUX,SPOC,-91.765995,520.50095,bootstrap,520.50095,,TOO_FEW_MEMBERS,2,1,SPOC/PDCSAP_FLUX=OK;TESS-SPOC/PDCSAP_FLUX=306ppm,20,3,3,"75,81,82",SPOC,120,False,False,17772.085,-610.45688,0.60123845,2.6060586,3,,-1.185742,1.0547867,-1.1241534,-1.1241534,linear,-0.18574205,-0.17630322,0.94918318,1.0547867,5.2739333,95935.846,OK,-1.1241534,OK,SAP_FLUX,SPOC,-78.131971,228.76091,bootstrap,228.76091,,TOO_FEW_MEMBERS,2,0,SPOC/SAP_FLUX=OK;TESS-SPOC/SAP_FLUX=OK,20,3,3,"75,81,82",SPOC,120,False,False,8291.2891,-134.97183,0.29919753,3.2446536,3,sector_scatter,-1.1581456,0.46586662,-2.4860026,-2.4860026,linear,-0.15814564,-0.34154424,2.1596816,0.46586662,2.3293331,4580.3887,OK,-2.4860026,BACKGROUND_TEST_UNAVAILABLE,0,,,,,,,0.033942762,5.1658,5.42409,1,1.05,240.2614,1.0321117,15961,OK,True,1,,,0.623,inconclusive,not_measurable,not_measurable,,False,,0,0,1,1,0.2,475.78192,520.50095,23,1.2098822,1,True,OK:1,,,,,,,,84,209.24698,228.76091,23,1.2138537,2,True,OK:2,,,,,,,,84,0,3
K02775.01,,6346809,120421302,tic_kic_crossid,CANDIDATE,CANDIDATE,17.577046,137.73116,2.022,670,42,-42,0.27658,1.25,17.42,5653,4.442,14.94,0,0,0,0,1,285.09872,41.775921,9,OK,lightkurve,,4,"SPOC,TESS-SPOC","80,81",1.2694484,,850.53041,53.316831,3507.5006,3507.5006,315,25.630898,0,,107.22269,14,1.7741941,-0.58859832,-1519.1081,4609.3099,False,OK,PDCSAP_FLUX,SPOC,-1519.1081,2580.8909,analytic,2580.8909,,TOO_FEW_MEMBERS,2,0,SPOC/PDCSAP_FLUX=OK;TESS-SPOC/PDCSAP_FLUX=OK,2,2,1,"80,81",SPOC,120,False,False,19854.653,-7482.7162,1.4130052,,2,,-2.7860714,3.035508,-0.91782708,-0.91782708,linear,-1.7860714,-0.58859832,0.32954915,3.035508,15.17754,3.3205618e+09,OK,-0.91782708,OK,SAP_FLUX,SPOC,-1880.8103,1970.8625,analytic,1970.8625,,TOO_FEW_MEMBERS,2,0,SPOC/SAP_FLUX=OK;TESS-SPOC/SAP_FLUX=OK,3,2,2,"80,81",SPOC,120,False,False,17980.772,-5847.6743,1.4832487,0.44391101,2,,-3.2113382,2.3186027,-1.3850317,-1.3850317,linear,-2.2113382,-0.95430827,0.43155239,2.3186027,11.593013,92144114,OK,-1.3850317,BACKGROUND_TEST_UNAVAILABLE,0,,,,,,,0.5,1.1668557,2.1231,0.57707996,1.05,-3540.0436,0.98934436,606,OK,True,0.57707996,,,1.2677902,inconclusive,not_measurable,not_measurable,,False,,0,0,1,1,0.1,2580.8909,2621.8387,2,1.9965838,2,True,OK:2,,,,,,,,84,1970.8625,1869.903,3,1.1005386,2,True,OK:2,,,,,,,,84,0,3
K04121.01,Kepler-1554 b,6349881,120900025,tic_kic_crossid_over_name_planet,CONFIRMED,CANDIDATE,198.08887,319.73002,7.955,1027.7,65.9,-65.9,0.03061,0.633,154.7,5275,4.397,15.717,0,0,0,0,1,286.57617,41.741459,9,OK,lightkurve,,4,"SPOC,TESS-SPOC","80,81",0.98320762,,1010.4425,64.793382,3501.1295,3501.1295,27,97.558555,0,,412.00067,14,2.1704625,1.6051808,10599.711,13919.252,False,OK,PDCSAP_FLUX,SPOC,10599.711,6603.4374,analytic,6693.3944,1093.6832,OK,2,2,SPOC/PDCSAP_FLUX=10600ppm;TESS-SPOC/PDCSAP_FLUX=13816ppm,1,2,1,"80,81",SPOC,120,False,False,66214.507,,,,2,,9.4901676,6.6247202,1.4325386,1.4325386,linear,10.490168,1.6051808,0.15301765,6.6247202,33.123601,2.4541932e+17,OK,1.4325386,OK,SAP_FLUX,SPOC,3201.0074,2631.1004,analytic,2648.7226,305.02813,OK,2,2,SPOC/SAP_FLUX=3201ppm;TESS-SPOC/SAP_FLUX=4098ppm,1,2,1,"80,81",SPOC,120,False,False,28019.948,,,,2,,2.1679265,2.62261,0.82662936,0.82662936,linear,3.1679265,1.2166041,0.38403798,2.62261,13.11305,5.0053687e+08,OK,0.82662936,BACKGROUND_TEST_AGREES,2,"SPOC,TESS-SPOC",-8546.3719,5052.5259,-1.6915048,-0.7000593,PDC_DEEPER_THAN_SAP,0.048641895,,,,,,,0,too_few_points,False,,,,,inconclusive,not_measurable,not_measurable,,False,,0,0,1,1,0.1,6603.4374,,1,0,0,False,,0.10318048,11114.385,13301.752,10599.711,13816.426,12208.069,3216.7154,84,2631.1004,,1,0,0,False,,0.09529129,3344.5501,3954.6063,3201.0074,4098.149,3649.5782,897.14155,84,0,3
K04794.01,,6358937,122297250,tic_kic_crossid,CANDIDATE,CANDIDATE,24.50411,140.1805,6.065,119.5,12.3,-12.3,0.009779,0.178,30.68,5250,4.404,14.375,0,0,0,0,1,290.09427,41.742779,9,OK,lightkurve,,8,"SPOC,TESS-SPOC","74,75,80,82",0.95611514,,114.25576,11.760216,3364.0847,3364.0847,220,210.67038,0,,722.98613,22,2.3571121,1.3850476,1179.0785,1991.6624,False,OK,PDCSAP_FLUX,SPOC,1179.0785,851.29096,analytic,935.64351,388.24281,OK,2,2,SPOC/PDCSAP_FLUX=1179ppm;TESS-SPOC/PDCSAP_FLUX=37ppm,4,4,4,"74,75,80,82",SPOC,120,False,False,15644.304,-416.72185,0.22075141,0.46748145,4,,9.3196418,8.1898265,1.1379535,1.1379535,linear,10.319642,1.3850476,0.1342147,8.1898265,40.949133,6.9480109e+19,OK,1.1379535,OK,SAP_FLUX,SPOC,244.8565,353.45227,analytic,355.42707,37.415231,OK,2,2,SPOC/SAP_FLUX=245ppm;TESS-SPOC/SAP_FLUX=135ppm,4,4,4,"74,75,80,82",SPOC,120,False,False,6109.2756,-109.57029,0.15090629,0.040181171,4,,1.1430561,3.1129062,0.36719901,0.36719901,linear,2.1430561,0.69275691,0.32325655,3.1129062,15.564531,6.5685257e+08,OK,0.36719901,BACKGROUND_TEST_AGREES,2,"SPOC,TESS-SPOC",-463.51066,679.73505,-0.68189902,-0.76218609,PDC_DEEPER_THAN_SAP,0.02,5.367501,0.31821421,0.88499605,0.052467306,1245.304,1.0095724,3479,OK,False,0.88499605,1.0221134,-1.3679357,0.49584072,fixed_b,not_measurable,not_measurable,,False,,0,0,1,1,0.2,851.29096,512.5189,6,0.46748145,0,False,,0.32927647,219.89038,996.37601,37.187884,1179.0785,608.1332,1141.8906,84,353.45227,69.15274,6,0.040181171,0,False,,0.15280473,152.41887,227.24933,134.8117,244.8565,189.8341,110.0448,84,0,3
K05268.01,,6359881,122443583,tic_kic_crossid,CANDIDATE,CANDIDATE,474.22897,161.0544,13.05,475.2,79.7,-79.7,0.019837,0.1936,277.9,5818,4.523,15.322,0,0,0,0,1,290.38223,41.757408,9,OK,lightkurve,NO_USABLE_TRANSIT,6,"SPOC,TESS-SPOC","80,81,82",0.96465121,,458.40226,76.882702,3684.802,3684.802,12,535.66738,0,,864,10,,,,,False,NO_USABLE_TRANSIT,PDCSAP_FLUX,SPOC,,,none,,,TOO_FEW_MEMBERS,2,0,SPOC/PDCSAP_FLUX=NO_USABLE_TRANSIT;TESS-SPOC/PDCSAP_FLUX=NO_USABLE_TRANSIT,0,3,0,"80,81,82",SPOC,120,False,False,,,,,3,,,,,,,,,,,,,NO_USABLE_TRANSIT,,NO_USABLE_TRANSIT,SAP_FLUX,SPOC,,,none,,,TOO_FEW_MEMBERS,2,0,SPOC/SAP_FLUX=NO_USABLE_TRANSIT;TESS-SPOC/SAP_FLUX=NO_USABLE_TRANSIT,0,3,0,"80,81,82",SPOC,120,False,False,,,,,3,,,,,,,,,,,,,NO_USABLE_TRANSIT,,BACKGROUND_TEST_UNAVAILABLE,0,,,,,,,0.020193605,,,,,,,0,too_few_points,False,,,,,inconclusive,not_measured,not_measured,,False,,0,0,1,1,0.1,,,0,,2,True,NO_USABLE_TRANSIT:2,,,,,,,,84,,,0,,2,True,NO_USABLE_TRANSIT:2,,,,,,,,84,0,3
K05269.01,,6359929,122443568,tic_kic_crossid,CANDIDATE,CANDIDATE,371.50631,260.1243,8.854,992,108,-108,0.028498,0.0156,330,5696,4.491,15.392,0,0,0,0,1,290.39795,41.75079,9,OK,lightkurve,NO_USABLE_TRANSIT,6,"SPOC,TESS-SPOC","80,81,82",0.96081457,,953.12805,103.76797,3665.7189,3665.7189,15,253.64717,0,,864,14,,,,,False,NO_USABLE_TRANSIT,PDCSAP_FLUX,SPOC,,,none,,,TOO_FEW_MEMBERS,2,0,SPOC/PDCSAP_FLUX=NO_USABLE_TRANSIT;TESS-SPOC/PDCSAP_FLUX=NO_USABLE_TRANSIT,0,3,0,"80,81,82",SPOC,120,False,False,,,,,3,,,,,,,,,,,,,NO_USABLE_TRANSIT,,NO_USABLE_TRANSIT,SAP_FLUX,SPOC,,,none,,,TOO_FEW_MEMBERS,2,0,SPOC/SAP_FLUX=NO_USABLE_TRANSIT;TESS-SPOC/SAP_FLUX=NO_USABLE_TRANSIT,0,3,0,"80,81,82",SPOC,120,False,False,,,,,3,,,,,,,,,,,,,NO_USABLE_TRANSIT,,BACKGROUND_TEST_UNAVAILABLE,0,,,,,,,0.02771493,,,,,,,0,too_few_points,False,,,,,inconclusive,not_measured,not_measured,,False,,0,0,1,1,0.1,,,0,,2,True,NO_USABLE_TRANSIT:2,,,,,,,,84,,,0,,2,True,NO_USABLE_TRANSIT:2,,,,,,,,84,0,3
K05276.01,,6368905,138098637,tic_kic_crossid,CANDIDATE,CANDIDATE,220.72014,303.8527,8.186,862.5,86.6,-86.6,0.026362,0.113,210.1,5150,4.634,15.827,0,0,0,0,1,293.36475,41.788891,9,OK,lightkurve,NO_USABLE_TRANSIT,4,"SPOC,TESS-SPOC","40,41",0.95405246,,822.87025,82.620943,2330.5354,2330.5354,19,171.28409,0,,636.64227,12,,,,,False,NO_USABLE_TRANSIT,PDCSAP_FLUX,SPOC,,,none,,,TOO_FEW_MEMBERS,2,0,SPOC/PDCSAP_FLUX=NO_USABLE_TRANSIT;TESS-SPOC/PDCSAP_FLUX=NO_USABLE_TRANSIT,0,2,0,"40,41",SPOC,120,False,False,,,,,2,,,,,,,,,,,,,NO_USABLE_TRANSIT,,NO_USABLE_TRANSIT,SAP_FLUX,SPOC,,,none,,,TOO_FEW_MEMBERS,2,0,SPOC/SAP_FLUX=NO_USABLE_TRANSIT;TESS-SPOC/SAP_FLUX=NO_USABLE_TRANSIT,0,2,0,"40,41",SPOC,120,False,False,,,,,2,,,,,,,,,,,,,NO_USABLE_TRANSIT,,BACKGROUND_TEST_UNAVAILABLE,0,,,,,,,0.026008698,,,,,,,0,too_few_points,False,,,,,inconclusive,not_measured,not_measured,,False,,0,0,1,1,0,,,0,,2,True,NO_USABLE_TRANSIT:2,,,,,,,,84,,,0,,2,True,NO_USABLE_TRANSIT:2,,,,,,,,84,0,3
K02036.01,Kepler-353 c,6382217,239229234,tic_kic_crossid_over_name_planet,CONFIRMED,CANDIDATE,8.411003,133.79856,2.4553,755.6,30.7,-30.7,0.030498,0.905,12.94,3757,4.718,15.773,0,0,0,0,2,296.85663,41.758179,9,OK,lightkurve,,10,"QLP,SPOC,TESS-SPOC","54,55,74,75,81,82",1.0770806,,813.8421,33.066374,3526.4715,3526.4715,661,22.394751,0,,104.01375,12,1.0294048,0.69689736,1452.0255,2313.7265,False,OK,PDCSAP_FLUX,QLP,1452.0255,3642.1196,bootstrap,4002.2649,1659.2435,OK,4,2,SPOC/PDCSAP_FLUX=OK;TESS-SPOC/PDCSAP_FLUX=2689ppm;QLP/KSPSAP_FLUX=7570ppm;QLP/DET_FLUX=OK,18,6,6,"81,82,54,55,74,75","QLP,SPOC","120,200,600",False,False,45643.477,-299.06386,0.046483116,2.199326,4,,0.78416118,4.9181633,0.15944187,0.15944187,linear,1.7841612,0.39867594,0.22345287,4.9181633,24.590817,3.8922083e+13,OK,0.15944187,OK,SAP_FLUX,QLP,36.117128,785.29182,bootstrap,785.29182,,TOO_FEW_MEMBERS,3,1,SPOC/SAP_FLUX=OK;TESS-SPOC/SAP_FLUX=OK;QLP/SAP_FLUX=1224ppm,18,6,6,"81,82,54,55,74,75","QLP,SPOC","120,200,600",False,False,27241.4,375.3181,0.18116525,2.1626947,4,,-0.95562146,0.9670676,-0.98816407,-0.98816407,linear,0.044378544,0.045991983,1.0363563,0.9670676,4.835338,101633.52,OK,-0.98816407,BACKGROUND_TEST_UNAVAILABLE,0,,,,,,,0.14723557,2.8604074,2.0470411,1.1649931,0.8337234,2902.6318,1.1094848,4037,OK,True,1.1649931,1.0427628,0.15441022,0.85572109,fixed_b,not_measurable,not_measurable,,False,,0,0,1,1,0.2,2083.5572,3642.1196,19,2.6444799,2,True,OK:2,1.1427096,3470.3194,6788.8063,2689.4989,7569.6267,5129.5628,6117.6012,84,676.90138,785.29182,19,2.433916,2,True,OK:2,,,,,,,,84,0,3
K02036.02,Kepler-353 b,6382217,239229234,tic_kic_crossid_over_name_planet,CONFIRMED,CANDIDATE,5.7952949,136.77974,2.272,334.3,26,-26,0.01791,0.714,14.16,3757,4.718,15.773,0,0,0,0,2,296.85663,41.758179,9,OK,lightkurve,,10,"QLP,SPOC,TESS-SPOC","54,55,74,75,81,82",0.99589448,,332.92752,25.893256,3521.6723,3521.6723,958,50.594651,0,,185.86395,16,1.9439357,-0.2464481,-493.0117,3332.5458,False,OK,PDCSAP_FLUX,QLP,-493.0117,2155.2832,bootstrap,2362.0138,966.36619,OK,4,2,SPOC/PDCSAP_FLUX=OK;TESS-SPOC/PDCSAP_FLUX=585ppm;QLP/KSPSAP_FLUX=3427ppm;QLP/DET_FLUX=OK,26,6,6,"81,82,54,55,74,75","QLP,SPOC","120,200,600",False,False,47097.666,-12239.112,3.4152078,1.273154,4,odd_even_significant,-2.4808379,7.0952811,-0.34964618,-0.34964618,linear,-1.4808379,-0.22874568,0.15447043,7.0952811,35.476405,8.5026979e+17,OK,-0.34964618,OK,SAP_FLUX,QLP,-286.06953,803.06445,bootstrap,803.06445,,TOO_FEW_MEMBERS,3,1,SPOC/SAP_FLUX=OK;TESS-SPOC/SAP_FLUX=OK;QLP/SAP_FLUX=1538ppm,26,6,6,"81,82,54,55,74,75","QLP,SPOC","120,200,600",False,False,27137.551,-3820.4382,3.4056818,0.85648369,4,odd_even_significant,-1.8592547,2.4139014,-0.77022811,-0.77022811,linear,-0.85925468,-0.35622239,0.41457136,2.4139014,12.069507,58085455,OK,-0.77022811,BACKGROUND_TEST_UNAVAILABLE,0,,,,,,,0.035271183,4.7289022,2.1369396,2.081383,0.94055442,-1299.1544,0.9583607,5226,OK,True,2.081383,,,,inconclusive,not_measurable,not_measurable,,False,,0,0,1,1,0.3,2000.4686,2155.2832,29,1.1954096,2,True,OK:2,0.4817213,1039.7029,2972.4353,584.94231,3427.1958,2006.0691,1421.1268,84,607.33605,803.06445,29,1.1507143,2,True,OK:2,,,,,,,,84,0,3
K00239.01,Kepler-501 b,6383785,169176340,tic_kic_crossid_confirms_name_planet,CONFIRMED,CANDIDATE,5.640677,138.55626,2.8354,1453.3,11.4,-11.4,0.034594,0.033,15.726,5794,4.282,14.762,0,0,0,0,2,297.20154,41.730209,9,OK,lightkurve,,4,"SPOC,TESS-SPOC","81,82",0.96288618,,1399.3625,10.976902,3533.2638,3533.2835,986,5.3493773,28.342658,5.2983098,58.579132,8,3.4076437,2.4719608,3280.4006,4564.2222,True,OK,PDCSAP_FLUX,SPOC,4564.2222,1681.8193,bootstrap,1683.2797,70.102535,OK,2,2,SPOC/PDCSAP_FLUX=4564ppm;TESS-SPOC/PDCSAP_FLUX=4770ppm,8,2,2,"81,82",SPOC,120,False,False,24248.959,-5121.2177,1.9104744,3.772849,2,sector_scatter,1.1822314,0.37225541,3.1758608,1.8785126,ln,3.261644,2.7138601,0.83205282,1.2039547,6.0197733,574417.74,OK,3.1758608,OK,SAP_FLUX,SPOC,1169.7702,419.88586,bootstrap,425.71394,70.20134,OK,2,2,SPOC/SAP_FLUX=1170ppm;TESS-SPOC/SAP_FLUX=963ppm,8,2,2,"81,82",SPOC,120,False,False,5720.5786,-1328.997,2.1439784,5.0762086,2,sector_scatter,-0.17920943,0.36743196,-0.48773501,-0.53199921,ln,0.83593081,2.7859243,3.3327212,0.30840118,1.5420059,5141.1969,OK,-0.48773501,BACKGROUND_TEST_AGREES,2,"SPOC,TESS-SPOC",-3558.2745,1346.0786,-2.6434373,-0.76238161,PDC_DEEPER_THAN_SAP,0.033472546,1.9653429,1.2121174,0.69314484,0.42749431,4250.1453,0.94692488,3403,OK,False,0.69314484,1.0270182,-0.63534452,0.74608434,fixed_b,not_measurable,not_measurable,,False,,0,0,1,1,0.1,1339.4071,1681.8193,10,1.558635,0,False,,0.015359141,4597.2116,4737.4167,4564.2222,4770.4061,4667.3142,206.18393,84,309.89893,419.88586,10,1.7213886,0,False,,0.060012931,996.33162,1136.7343,963.29569,1169.7702,1066.533,206.47453,84,0.019682402,3
K00239.02,Kepler-501 c,6383785,169176340,tic_kic_crossid_confirms_name_planet,CONFIRMED,CANDIDATE,3.6227551,132.99267,2.7868,180.6,9.2,-9.2,0.012192,0.007,10.069,5794,4.282,14.762,0,0,0,0,2,297.20154,41.730209,9,OK,lightkurve,,4,"SPOC,TESS-SPOC","81,82",0.96284089,,173.88907,8.8581362,3534.1673,3534.1673,1537,33.559868,0,,142.4816,14,1.4230798,0.69493839,784.36385,1625.2151,False,OK,PDCSAP_FLUX,SPOC,784.36385,1035.7547,bootstrap,1048.3127,161.77666,OK,2,2,SPOC/PDCSAP_FLUX=784ppm;TESS-SPOC/PDCSAP_FLUX=309ppm,12,2,2,"81,82",SPOC,120,False,False,25064.553,-2277.9317,1.0090162,0.79561645,2,,3.5107141,6.0290518,0.58229953,0.58229953,linear,4.5107141,0.75728725,0.16788634,6.0290518,30.145259,2.1487802e+15,OK,0.58229953,OK,SAP_FLUX,SPOC,244.36557,233.09223,bootstrap,233.09278,0.5071628,OK,2,2,SPOC/SAP_FLUX=244ppm;TESS-SPOC/SAP_FLUX=246ppm,12,2,2,"81,82",SPOC,120,False,False,5835.0496,-397.70792,0.75853827,1.0854222,2,,0.40529577,1.3423674,0.3019261,0.3019261,linear,1.4052958,1.0483643,0.74600971,1.3423674,6.7118371,142776.75,OK,0.3019261,BACKGROUND_TEST_AGREES,2,"SPOC,TESS-SPOC",-368.0075,849.10356,-0.43340709,-0.67344274,PDC_DEEPER_THAN_SAP,0.02,6.967,2.92614,2.5,1.05,-590.07214,1.0978047,5272,OK,True,2.5,1.0135844,2.1271076,,fixed_b,not_measurable,not_measurable,,False,,0,0,1,1,0.2,1128.6811,1035.7547,14,0.92495515,0,False,,0.20625206,384.68035,708.23366,308.55015,784.36385,546.457,475.81369,84,262.14499,233.09223,14,0.8367924,0,False,,0.0020754266,244.60423,245.61856,244.36557,245.85722,245.11139,1.4916553,84,0,3
K02757.01,Kepler-1690 b,6432345,121462999,tic_kic_crossid_over_name_planet,CONFIRMED,CANDIDATE,234.63565,172.64615,6.965,868.5,37.9,-37.9,0.026459,0.025,264.1,5422,4.481,14.607,0,0,0,0,1,288.15671,41.877972,9,OK,lightkurve,NO_USABLE_TRANSIT,10,"SPOC,TESS-SPOC","74,75,80,81,82",0.95597725,,830.26624,36.231538,3402.2661,3402.2661,23,46.373604,0,,243.59581,6,,,,,False,NO_USABLE_TRANSIT,PDCSAP_FLUX,SPOC,,,none,,,TOO_FEW_MEMBERS,2,0,SPOC/PDCSAP_FLUX=NO_USABLE_TRANSIT;TESS-SPOC/PDCSAP_FLUX=NO_USABLE_TRANSIT,0,5,0,"74,75,80,81,82",SPOC,120,False,False,,,,,5,,,,,,,,,,,,,NO_USABLE_TRANSIT,,NO_USABLE_TRANSIT,SAP_FLUX,SPOC,,,none,,,TOO_FEW_MEMBERS,2,0,SPOC/SAP_FLUX=NO_USABLE_TRANSIT;TESS-SPOC/SAP_FLUX=NO_USABLE_TRANSIT,0,5,0,"74,75,80,81,82",SPOC,120,False,False,,,,,5,,,,,,,,,,,,,NO_USABLE_TRANSIT,,BACKGROUND_TEST_UNAVAILABLE,0,,,,,,,0.025792683,,,,,,,0,too_few_points,False,,,,,inconclusive,not_measured,not_measured,,False,,0,0,1,1,0.1,,,0,,2,True,NO_USABLE_TRANSIT:2,,,,,,,,84,,,0,,2,True,NO_USABLE_TRANSIT:2,,,,,,,,84,0,3
K06707.01,,6436505,394172196,tic_kic_crossid,CANDIDATE,CANDIDATE,43.535891,155.20055,4.712,576.6,45.4,-45.4,0.021864,0.258,69.8,5481,4.592,15.857,0,0,0,0,2,289.70703,41.84354,9,OK,lightkurve,NO_USABLE_TRANSIT,2,"SPOC,TESS-SPOC",80,0.96015352,,553.62452,43.59097,3473.7228,3473.7228,126,77.706532,0,,303.7996,10,,,,,False,NO_USABLE_TRANSIT,PDCSAP_FLUX,SPOC,,,none,,,TOO_FEW_MEMBERS,2,0,SPOC/PDCSAP_FLUX=NO_USABLE_TRANSIT;TESS-SPOC/PDCSAP_FLUX=NO_USABLE_TRANSIT,0,1,0,80,SPOC,120,False,False,,,,,1,,,,,,,,,,,,,NO_USABLE_TRANSIT,,NO_USABLE_TRANSIT,SAP_FLUX,SPOC,,,none,,,TOO_FEW_MEMBERS,2,0,SPOC/SAP_FLUX=NO_USABLE_TRANSIT;TESS-SPOC/SAP_FLUX=NO_USABLE_TRANSIT,0,1,0,80,SPOC,120,False,False,,,,,1,,,,,,,,,,,,,NO_USABLE_TRANSIT,,BACKGROUND_TEST_UNAVAILABLE,0,,,,,,,0.022887868,,,,,,,0,too_few_points,False,,,,,inconclusive,not_measured,not_measured,,False,,0,0,1,1,0,,,0,,2,True,NO_USABLE_TRANSIT:2,,,,,,,,84,,,0,,2,True,NO_USABLE_TRANSIT:2,,,,,,,,84,0,3
K00176.01,Kepler-483 b,6442377,137342400,tic_kic_crossid_confirms_name_planet,CONFIRMED,CANDIDATE,30.229103,134.52081,6.6751,443.4,7,-7,0.021046,0.77,23.19,6325,4.188,13.432,0,0,0,0,1,291.64676,41.884659,9,OK,lightkurve,,17,"QLP,SPOC,TESS-SPOC","14,40,41,54,55,74,75,81,82",1.0022984,,444.41911,7.0160888,3348.3011,3348.3011,178,19.058625,0,,157.30237,10,2.3415083,2.1359564,710.58008,768.54692,False,OK,PDCSAP_FLUX,QLP,710.58008,374.19495,bootstrap,415.66657,180.9885,OK,4,4,SPOC/PDCSAP_FLUX=791ppm;TESS-SPOC/PDCSAP_FLUX=445ppm;QLP/KSPSAP_FLUX=603ppm;QLP/DET_FLUX=968ppm,8,9,8,"74,75,81,82,14,40,41,54,55","QLP,SPOC","120,1800,600",False,False,5318.8029,1160.2926,1.7305044,1.2568843,8,,0.59889631,0.93677164,0.63931943,0.63931943,linear,1.5988963,1.8989569,1.1876673,0.93677164,4.6838582,47635.807,OK,0.63931943,OK,SAP_FLUX,QLP,344.35729,333.82948,bootstrap,334.00953,10.965576,OK,3,3,SPOC/SAP_FLUX=436ppm;TESS-SPOC/SAP_FLUX=455ppm;QLP/SAP_FLUX=422ppm,8,9,8,"74,75,81,82,14,40,41,54,55","QLP,SPOC","120,1800,600",False,False,4745.5974,970.71023,1.707324,1.3249271,8,,-0.22515192,0.75339106,-0.29885133,-0.29885133,linear,0.77484808,1.0315365,1.3312758,0.75339106,3.7669553,18775.902,OK,-0.29885133,BACKGROUND_TEST_AGREES,2,"SPOC,TESS-SPOC",-172.25879,383.43374,-0.44925308,-0.27874455,PDC_DEEPER_THAN_SAP,0.049230504,4.6268111,6.6393432,0.69314484,0.99464326,417.60709,1.1868482,3869,OK,True,0.69314484,1.0125985,-0.26397384,0.90912482,fixed_b,not_measurable,not_measurable,,False,,0,0,1,1,0.2,332.67536,374.19495,8,1.2568843,0,False,,0.25470528,521.03242,883.00941,445.02533,967.99995,697.15488,265.55475,84,269.46765,333.82948,8,1.3249271,0,False,,0.0318436,426.71472,448.64587,422.46671,454.71841,435.74174,110.36111,84,0,3
K03815.01,,6507433,120899739,tic_kic_crossid,CANDIDATE,CANDIDATE,4.7425521,133.13755,1.11,3583,488,-488,0.063231,0.851,20.82,6161,4.454,15.432,0,0,0,0,1,286.50876,41.922741,9,OK,lightkurve,,4,"SPOC,TESS-SPOC","80,81",1.0191379,,3651.5712,497.33931,3505.4384,3505.423,1168,43.822911,-22.20444,0.50668565,148.11873,24,3.1830723,2.1153314,6659.5906,9347.7315,True,OK,PDCSAP_FLUX,SPOC,9347.7315,3153.8956,bootstrap,3175.0945,366.28933,OK,2,2,SPOC/PDCSAP_FLUX=9348ppm;TESS-SPOC/PDCSAP_FLUX=8270ppm,9,2,2,"80,81",SPOC,120,False,False,33766.769,-6156.2131,1.0479486,1.4496212,2,,0.93997616,0.36935377,2.544921,1.7695481,ln,2.5599204,2.9638684,1.1577971,0.88153603,4.4076801,296065.12,OK,2.544921,OK,SAP_FLUX,SPOC,2024.2733,778.49527,bootstrap,780.60384,57.336448,OK,2,2,SPOC/SAP_FLUX=2024ppm;TESS-SPOC/SAP_FLUX=1856ppm,9,2,2,"80,81",SPOC,120,False,False,7169.734,-1405.5581,1.0795525,3.4152125,2,sector_scatter,-0.58994678,0.41201243,-1.4318665,-1.7249094,ln,0.55435679,2.6002384,4.6905502,0.25835746,1.2917873,9637.538,OK,-1.4318665,BACKGROUND_TEST_AGREES,2,"SPOC,TESS-SPOC",-6916.2917,2413.3875,-2.8658024,-0.78513295,PDC_DEEPER_THAN_SAP,0.19282257,0.444,0.76956607,0.4,0.69330276,5911.0137,0.95872957,1499,OK,True,0.4,1.0964445,-0.57979712,1.0322106,fixed_b,not_measurable,not_measurable,,False,,0,0,1,1,0.2,2936.7009,3153.8956,10,1.3567093,0,False,,0.039184837,8442.7814,9175.3601,8270.41,9347.7315,8809.0707,1077.3216,84,650.06794,778.49527,10,1.5992938,0,False,,0.02832446,1882.6185,1997.2914,1855.6367,2024.2733,1939.955,168.63661,84,-0.01541975,3
K02445.01,,6516185,122136164,tic_kic_crossid,CANDIDATE,CANDIDATE,47.365933,175.0355,7.929,757,54.8,-54.8,0.121506,1.085,12.94,5708,4.482,15.817,0,0,0,0,1,289.88446,41.906551,9,OK,lightkurve,,2,"SPOC,TESS-SPOC",80,1.2604865,,954.18829,69.074661,3502.4837,3502.4837,116,141.50976,0,,543.46427,17,2.3030254,,,14790.717,False,NO_USABLE_TRANSIT,PDCSAP_FLUX,SPOC,,,none,,,TOO_FEW_MEMBERS,2,0,SPOC/PDCSAP_FLUX=NO_USABLE_TRANSIT;TESS-SPOC/PDCSAP_FLUX=NO_USABLE_TRANSIT,0,1,0,80,SPOC,120,False,False,,,,,1,,,,,,,,,,,,,NO_USABLE_TRANSIT,,OK,SAP_FLUX,SPOC,906.84085,1565.7842,analytic,1565.7842,,TOO_FEW_MEMBERS,2,1,SPOC/SAP_FLUX=907ppm;TESS-SPOC/SAP_FLUX=OK,1,1,1,80,SPOC,120,False,False,16674.846,,,,1,,-0.049620653,1.6433162,-0.030195438,-0.030195438,linear,0.95037935,0.5791608,0.6093996,1.6433162,8.216581,3531283.3,OK,-0.030195438,BACKGROUND_TEST_UNAVAILABLE,0,,,,,,,0.5,,,,,,,0,too_few_points,False,,,,,inconclusive,not_measurable,not_measurable,,False,,0,0,1,1,0,,,1,,2,True,NO_USABLE_TRANSIT:2,,,,,,,,84,1565.7842,,1,0,1,True,OK:1,,,,,,,,84,0,3
K00665.01,Kepler-207 d,6685609,159217436,tic_kic_crossid_over_name_planet,CONFIRMED,CANDIDATE,5.8680663,170.32405,4.1246,436.5,4.8,-4.8,0.021224,0.801,6.95,5918,4.127,13.182,0,0,0,0,3,290.03052,42.16605,9,OK,lightkurve,,20,"QLP,SPOC,TESS-SPOC","14,40,41,54,55,74,75,80,81,82",1.0083901,,440.16229,4.8402726,3484.098,3484.098,934,9.4135674,0,0,90.109702,10,4.5835426,4.5835426,554.93985,554.93985,True,OK,PDCSAP_FLUX,QLP,554.93985,147.44806,bootstrap,227.84984,173.70843,OK,4,4,SPOC/PDCSAP_FLUX=599ppm;TESS-SPOC/PDCSAP_FLUX=824ppm;QLP/KSPSAP_FLUX=507ppm;QLP/DET_FLUX=240ppm,41,10,10,"74,75,80,81,82,14,40,41,54,55","QLP,SPOC","120,1800,600",False,False,4234.901,187.20975,0.62462288,1.8920579,10,,0.23171622,0.41376414,0.56002008,0.50129648,ln,1.2607619,3.7636295,2.9852024,0.52017502,2.6008751,5491.2557,OK,0.56002008,OK,SAP_FLUX,QLP,478.01618,123.94522,bootstrap,130.60654,41.178294,OK,3,3,SPOC/SAP_FLUX=462ppm;TESS-SPOC/SAP_FLUX=530ppm;QLP/SAP_FLUX=409ppm,43,10,10,"74,75,80,81,82,14,40,41,54,55","QLP,SPOC","120,1800,600",False,False,3975.8109,-11.824108,0.04804328,2.1006071,10,,0.082501072,0.27798108,0.29678664,0.28561159,ln,1.0859998,3.856673,3.5512648,0.30110766,1.5055383,1543.4638,OK,0.29678664,BACKGROUND_TEST_AGREES,2,"SPOC,TESS-SPOC",-229.67718,143.50237,-1.6005114,-0.32294121,PDC_DEEPER_THAN_SAP,0.056027533,5.7715595,0.17630829,1.3993016,0.042745549,375.70574,1.8084306,14506,OK,False,1.3993016,1.00664,5.580461,0.5070897,tracks_b,not_measurable,not_measurable,,False,,0,0,1,1,0.4,121.07226,147.44806,44,1.7686099,0,False,,0.3130221,368.29348,715.71035,240.31419,823.85515,552.7456,314.62566,84,104.59607,123.94522,46,1.7047733,0,False,,0.086144143,425.89283,508.24941,408.99158,530.1042,461.80799,69.024599,84,0,3
K00665.02,Kepler-207 b,6685609,159217436,tic_kic_crossid_over_name_planet,CONFIRMED,CANDIDATE,1.6118905,133.5704,3.0792,101.1,2.9,-2.9,0.010126,0.782,2.7,5918,4.127,13.182,0,0,0,0,3,290.03052,42.16605,9,OK,lightkurve,,20,"QLP,SPOC,TESS-SPOC","14,40,41,54,55,74,75,80,81,82",1.0047557,,101.5808,2.9137914,3487.2954,3487.2419,3425,21.469533,-77.004634,3.5866934,110.5966,10,6.1597538,0.92111338,67.343465,461.24511,True,OK,PDCSAP_FLUX,QLP,461.24511,265.17473,bootstrap,357.60923,239.93066,OK,4,4,SPOC/PDCSAP_FLUX=172ppm;TESS-SPOC/PDCSAP_FLUX=114ppm;QLP/KSPSAP_FLUX=843ppm;QLP/DET_FLUX=382ppm,155,10,10,"74,75,80,81,82,14,40,41,54,55","QLP,SPOC","120,1800,600",False,False,4532.0898,394.30226,0.75751962,3.0900248,10,sector_scatter,3.5406722,3.5209131,1.0056119,1.0056119,linear,4.5406722,1.7394007,0.38307118,3.5209131,17.604566,4.4913548e+09,OK,1.0056119,OK,SAP_FLUX,QLP,333.33717,200.47281,bootstrap,283.85655,200.96068,OK,3,3,SPOC/SAP_FLUX=95ppm;TESS-SPOC/SAP_FLUX=65ppm;QLP/SAP_FLUX=656ppm,160,10,10,"74,75,80,81,82,14,40,41,54,55","QLP,SPOC","120,1800,600",False,False,3949.6643,385.50669,0.96441463,2.9769579,10,,2.2814978,2.7949863,0.8162823,0.8162823,linear,3.2814978,1.662755,0.50670611,2.7949863,13.974931,1.1913706e+08,OK,0.8162823,BACKGROUND_TEST_AGREES,2,"SPOC,TESS-SPOC",-62.606849,103.91784,-0.6024649,-0.43754304,PDC_DEEPER_THAN_SAP,0.025414084,2.2005263,0.067221179,0.71464221,0.021830728,395.40372,1.5377901,39317,OK,False,0.71464221,1.0286865,-5.8341298,0.90086584,tracks_b,not_measurable,not_measurable,,False,,0,0,1,1,1.1,74.880446,265.17473,163,10.893463,0,False,,0.52018039,141.91443,621.77575,113.76573,842.80853,277.36621,381.56342,84,64.32007,200.47281,165,10.78461,0,False,,0.6028751,74.599199,476.52055,65.128078,656.18889,94.725331,322.85172,84,-0.05347544,3
K00665.03,Kepler-207 c,6685609,159217436,tic_kic_crossid_over_name_planet,CONFIRMED,CANDIDATE,3.0715528,133.30255,4.0935,86,3.3,-3.3,0.009729,0.855,3.21,5918,4.127,13.182,0,0,0,0,3,290.03052,42.16605,9,OK,lightkurve,,20,"QLP,SPOC,TESS-SPOC","14,40,41,54,55,74,75,80,81,82",1.0214494,,87.844649,3.3707831,3485.8829,3485.9398,1797,33.589526,81.837252,2.436392,162.17108,12,4.1308165,-0.047840147,-4.5362732,387.79665,True,OK,PDCSAP_FLUX,QLP,387.79665,286.45261,bootstrap,418.53623,305.15156,OK,4,3,SPOC/PDCSAP_FLUX=9ppm;TESS-SPOC/PDCSAP_FLUX=2ppm;QLP/KSPSAP_FLUX=899ppm;QLP/DET_FLUX=OK,76,10,10,"74,75,80,81,82,14,40,41,54,55","QLP,SPOC","120,1800,600",False,False,4074.2383,436.85327,0.67248697,3.1891399,10,sector_scatter,3.4145734,4.7649214,0.71660644,0.71660644,linear,4.4145734,1.3537899,0.30666381,4.7649214,23.824607,1.9525879e+12,OK,0.71660644,OK,SAP_FLUX,QLP,230.73813,218.35885,bootstrap,218.35885,,TOO_FEW_MEMBERS,3,1,SPOC/SAP_FLUX=OK;TESS-SPOC/SAP_FLUX=OK;QLP/SAP_FLUX=558ppm,80,10,10,"74,75,80,81,82,14,40,41,54,55","QLP,SPOC","120,1800,600",False,False,4046.2891,345.06354,0.70919325,4.1025041,10,sector_scatter,1.6266612,2.4865376,0.65418726,0.65418726,linear,2.6266612,1.0566924,0.4022949,2.4865376,12.432688,22037456,OK,0.65418726,BACKGROUND_TEST_UNAVAILABLE,0,,,,,,,0.034940296,1.6881827,0.29244685,0.4124057,0.071441762,274.93507,1.4512198,26702,OK,True,0.4124057,1.0374055,-5.0755679,0.98512959,tracks_b,not_measurable,not_measurable,,False,,0,0,1,1,0.6,93.878933,286.45261,85,10.682759,1,True,OK:1,0.7868855,4.1985429,614.50166,1.8810967,899.38568,9.123116,511.58903,84,80.665823,218.35885,87,10.535612,2,True,OK:2,,,,,,,,84,0.056831425,3
K03508.01,,6697817,270609457,tic_kic_crossid,CANDIDATE,CANDIDATE,190.80079,236.0389,8.082,287.6,25.6,-25.6,0.015465,0.066,182.75,5993,4.489,14.322,0,0,0,0,1,293.62357,42.129639,9,OK,lightkurve,NO_USABLE_TRANSIT,8,"SPOC,TESS-SPOC","74,75,81,82",0.9634973,,277.10182,24.665531,3411.461,3411.461,28,104.91799,0,,435.98398,8,,,,,False,NO_USABLE_TRANSIT,PDCSAP_FLUX,SPOC,,,none,,,TOO_FEW_MEMBERS,2,0,SPOC/PDCSAP_FLUX=NO_USABLE_TRANSIT;TESS-SPOC/PDCSAP_FLUX=NO_USABLE_TRANSIT,0,4,0,"74,75,81,82",SPOC,120,False,False,,,,,4,,,,,,,,,,,,,NO_USABLE_TRANSIT,,NO_USABLE_TRANSIT,SAP_FLUX,SPOC,,,none,,,TOO_FEW_MEMBERS,2,0,SPOC/SAP_FLUX=NO_USABLE_TRANSIT;TESS-SPOC/SAP_FLUX=NO_USABLE_TRANSIT,0,4,0,"74,75,81,82",SPOC,120,False,False,,,,,4,,,,,,,,,,,,,NO_USABLE_TRANSIT,,BACKGROUND_TEST_UNAVAILABLE,0,,,,,,,0.02,,,,,,,0,too_few_points,False,,,,,inconclusive,not_measured,not_measured,,False,,0,0,1,1,0.1,,,0,,2,True,NO_USABLE_TRANSIT:2,,,,,,,,84,,,0,,2,True,NO_USABLE_TRANSIT:2,,,,,,,,84,0,3
K00563.01,Kepler-602 b,6707833,272180918,tic_kic_crossid_over_name_planet,CONFIRMED,CANDIDATE,15.284677,175.62345,6.0768,321.3,9.6,-9.6,0.017992,0.774,12.73,5763,4.181,14.519,0,0,0,0,1,296.03198,42.14196,9,OK,lightkurve,,8,"SPOC,TESS-SPOC","74,75,81,82",1.0035639,,322.44507,9.6342131,3373.5451,3373.5451,351,32.680678,0,,189.19403,9,1.6992168,-1.6232962,-1352.3959,1444.9848,False,OK,PDCSAP_FLUX,SPOC,-1352.3959,833.11713,analytic,833.11713,,TOO_FEW_MEMBERS,2,0,SPOC/PDCSAP_FLUX=OK;TESS-SPOC/PDCSAP_FLUX=OK,7,4,4,"74,75,81,82",SPOC,120,False,False,20211.459,-2835.6348,1.6702342,0.44252925,4,,-5.1941899,2.5844055,-2.00982,-2.00982,linear,-4.1941899,-1.6232962,0.3870345,2.5844055,12.922027,1.3195318e+08,OK,-2.00982,OK,SAP_FLUX,SPOC,-494.59774,279.68412,analytic,279.68412,,TOO_FEW_MEMBERS,2,0,SPOC/SAP_FLUX=OK;TESS-SPOC/SAP_FLUX=OK,7,4,4,"74,75,81,82",SPOC,120,False,False,7421.6307,-749.80008,1.3186849,0.13388535,4,,-2.5338977,0.86933884,-2.9147411,-2.9147411,linear,-1.5338977,-1.7684156,1.1528902,0.86933884,4.3466942,24577.652,OK,-2.9147411,BACKGROUND_TEST_UNAVAILABLE,0,,,,,,,0.042998693,7.7587593,3.3040903,1.2767837,0.54372208,-1285.3691,0.9966124,6222,OK,True,1.2767837,,,0.56880821,inconclusive,not_measurable,not_measurable,,False,,0,0,1,1,0.2,833.11713,668.92537,7,0.75773606,2,True,OK:2,,,,,,,,84,279.68412,156.80308,7,0.33678921,2,True,OK:2,,,,,,,,84,0,3
K02146.01,Kepler-1120 b,6774537,159573412,tic_kic_crossid_over_name_planet,CONFIRMED,CANDIDATE,2.9490291,133.13832,2.0311,358.3,14.1,-14.1,0.016815,0.044,11.283,4983,4.512,15.333,0,0,0,0,1,290.91449,42.286579,9,OK,lightkurve,,4,"SPOC,TESS-SPOC","81,82",0.95169706,,340.99306,13.418929,3533.9053,3533.9053,1888,21.234933,0,,94.1713,14,2.2766578,0.0095013976,13.583787,3190.7333,False,OK,PDCSAP_FLUX,SPOC,13.583787,1286.5237,bootstrap,1331.8633,344.5531,OK,2,2,SPOC/PDCSAP_FLUX=14ppm;TESS-SPOC/PDCSAP_FLUX=1027ppm,16,2,2,"81,82",SPOC,120,False,False,31892.939,803.32241,0.32169892,0.011201496,2,,-0.96016404,3.9063554,-0.24579536,-0.24579536,linear,0.039835964,0.010558521,0.26504997,3.9063554,19.531777,1.03583e+11,OK,-0.24579536,OK,SAP_FLUX,SPOC,19.601906,648.54479,bootstrap,656.20493,99.972826,OK,2,2,SPOC/SAP_FLUX=20ppm;TESS-SPOC/SAP_FLUX=314ppm,16,2,2,"81,82",SPOC,120,False,False,14857.479,470.27002,0.37695622,0.0083385182,2,,-0.94251523,1.9254455,-0.48950503,-0.48950503,linear,0.057484766,0.030224444,0.52578181,1.9254455,9.6272273,5173311.1,OK,-0.48950503,BACKGROUND_TEST_AGREES,2,"SPOC,TESS-SPOC",-330.22418,1051.4272,-0.31407233,-0.63470533,PDC_DEEPER_THAN_SAP,0.02,5.07775,1.0283011,2.5,0.50627792,-1004.6495,1.0450324,4809,OK,True,2.5,0.98670334,4.4050491,,duration_inconsistent,not_measurable,not_measurable,,False,,0,0,1,1,0.2,1429.662,1286.5237,17,0.77916274,0,False,,25.365025,175.72642,864.83261,13.583787,1026.9752,520.27952,1013.3915,84,681.54579,648.54479,18,0.8241827,0,False,,5.1001584,66.647941,266.59359,19.601906,313.63963,166.62077,294.03772,84,0,3
K06774.01,,6842345,164673717,tic_kic_crossid,CANDIDATE,CANDIDATE,17.381622,142.40678,2.73456,59099.4,72.4,-72.4,0.238323,0.666,50.704,6116,4.407,15.567,0,0,0,0,1,284.13208,42.350441,9,OK,lightkurve,,6,"SPOC,TESS-SPOC","74,80,81",0.98911627,,58456.178,71.612018,3485.381,3485.3999,317,0.57975324,27.318254,47.120486,42.75766,10,15.410488,15.08985,73194.185,72816.168,True,OK,PDCSAP_FLUX,SPOC,72816.168,4725.1046,analytic,5272.7207,2339.8654,OK,2,2,SPOC/PDCSAP_FLUX=72816ppm;TESS-SPOC/PDCSAP_FLUX=79698ppm,2,3,2,"74,80,81",SPOC,120,False,False,43022.689,,,1.3850834,3,,0.21966063,0.08800518,2.4959967,2.3817971,ln,1.2456539,15.410488,12.371404,0.10313806,0.51569029,39445.889,OK,2.4959967,OK,SAP_FLUX,SPOC,49499.941,2734.0871,analytic,2735.2035,78.142264,OK,2,2,SPOC/SAP_FLUX=49500ppm;TESS-SPOC/SAP_FLUX=49270ppm,4,3,3,"74,80,81",SPOC,120,False,False,37530.389,-10195.167,1.7243341,1.9601459,3,,-0.16630589,0.074530557,-2.2313786,-2.2370133,ln,0.84678717,18.104742,21.380511,0.068489906,0.34244953,23873.11,OK,-2.2313786,BACKGROUND_TEST_DISAGREES,2,"SPOC,TESS-SPOC",-26750.701,3925.5222,-6.8145587,-0.350796,PDC_DEEPER_THAN_SAP,0.32298998,2.906811,0.13120176,1.0629904,0.047979113,77611.514,1.1247887,820,OK,False,1.0629904,1.0313007,0.44914089,0.54947853,fixed_b,consistent,consistent,,False,pdc_deeper_than_sap,0,0,1,1,0.1,4725.1046,4120.5843,3,1.3850834,0,False,,0.032133872,73917.281,78597.012,72816.168,79698.125,76257.146,6881.957,84,2734.0871,3471.9796,4,1.9368074,0,False,,0.0015786335,49306.884,49463.169,49270.111,49499.941,49385.026,229.83019,84,0.01897101,3
K00417.01,,6879865,272183077,tic_kic_crossid,CANDIDATE,CANDIDATE,19.193104,176.96676,2.5425,6807.3,36.9,-36.9,0.125536,0.98,31.99,5883,4.53,14.847,0,0,0,0,1,296.24954,42.33548,9,OK,lightkurve,,4,"SPOC,TESS-SPOC","81,82",1.1084911,,7545.8315,40.903322,3537.5807,3537.5807,288,2.4705148,0,,45.549045,7,0.78528886,0.63682011,1981.7845,2318.4414,False,OK,PDCSAP_FLUX,SPOC,1981.7845,3112.0005,analytic,3221.539,832.92651,OK,2,2,SPOC/PDCSAP_FLUX=1982ppm;TESS-SPOC/PDCSAP_FLUX=4432ppm,3,2,2,"81,82",SPOC,120,False,False,34276.56,-2611.389,0.37493798,0.019826214,2,,-0.73736698,0.42988171,-1.7152788,-1.7152788,linear,0.26263302,0.63682011,2.4247527,0.42988171,2.1494086,57195.761,OK,-1.7152788,OK,SAP_FLUX,SPOC,835.81332,1553.1063,analytic,1563.728,181.95066,OK,2,2,SPOC/SAP_FLUX=836ppm;TESS-SPOC/SAP_FLUX=1371ppm,3,2,2,"81,82",SPOC,120,False,False,16158.256,-1750.9509,0.51193463,0.014360263,2,,-0.88923509,0.21324622,-4.1699922,-4.1699922,linear,0.11076491,0.53815588,4.8585414,0.21324622,1.0662311,14370.375,OK,-4.1699922,BACKGROUND_TEST_AGREES,2,"SPOC,TESS-SPOC",-1964.831,2631.1823,-0.74674834,-0.61273129,PDC_DEEPER_THAN_SAP,0.5,1.017,1.2168517,0.4,0.4786044,7122.0572,1.2971929,1144,OK,True,0.4,0.75007067,-0.52497272,1.1035408,fixed_b,not_measurable,not_measurable,,False,,0,0,1,1,0.1,3112.0005,890.50389,3,0.1204684,0,False,,0.42029117,2373.7499,4039.6029,1981.7845,4431.5684,3206.6764,2449.7839,84,1553.1063,456.42718,3,0.13870998,0,False,,0.21769294,921.43715,1285.3385,835.81332,1370.9623,1103.3878,535.14899,84,0,3
K04382.01,Kepler-1597 b,6937529,158722002,tic_kic_crossid_over_name_planet,CONFIRMED,CANDIDATE,2.9464893,132.42208,3.155,57,5.1,-5.1,0.006963,0.01,7.208,6481,4.378,14.144,0,0,0,0,2,288.16397,42.481079,9,OK,lightkurve,,10,"SPOC,TESS-SPOC","74,75,80,81,82",0.96746169,,55.145316,4.9340546,3493.036,3493.036,1876,68.614432,0,,253.1683,16,2.8433106,-0.82271585,-263.40601,924.87083,False,OK,PDCSAP_FLUX,SPOC,-263.40601,407.40795,bootstrap,407.40795,,TOO_FEW_MEMBERS,2,0,SPOC/PDCSAP_FLUX=OK;TESS-SPOC/PDCSAP_FLUX=OK,38,5,5,"74,75,80,81,82",SPOC,120,False,False,13299.557,1653.4846,2.0750879,1.9186291,5,,-5.7765799,7.3886086,-0.78182242,-0.78182242,linear,-4.7765799,-0.64654116,0.1353565,7.3886086,36.943043,6.1047579e+17,OK,-0.78182242,OK,SAP_FLUX,SPOC,-146.10855,258.92036,bootstrap,258.92036,,TOO_FEW_MEMBERS,2,0,SPOC/SAP_FLUX=OK;TESS-SPOC/SAP_FLUX=OK,42,5,5,"74,75,80,81,82",SPOC,120,False,False,8116.4635,797.13647,1.538981,1.5933843,5,,-3.6495187,4.6963562,-0.77709581,-0.77709581,linear,-2.6495187,-0.56429918,0.21298177,4.6963562,23.481781,8.6999437e+11,OK,-0.77709581,BACKGROUND_TEST_UNAVAILABLE,0,,,,,,,0.02,6.177632,1.7005924,1.958045,0.53901501,-439.52668,0.9897987,18295,OK,False,1.958045,,,,inconclusive,not_measurable,not_measurable,,False,,0,0,1,1,0.4,320.16645,407.40795,43,1.9886801,2,True,OK:2,,,,,,,,84,190.48927,258.92036,45,2.2789181,2,True,OK:2,,,,,,,,84,0,3
K04382.02,,6937529,158722002,tic_kic_crossid_over_name_planet,CANDIDATE,CANDIDATE,3.9816709,134.9767,3.609,44.7,5.4,-5.4,0.006188,0.2076,8.32,6484,4.377,14.144,0,0,0,0,2,288.16397,42.481079,9,OK,lightkurve,,10,"SPOC,TESS-SPOC","74,75,80,81,82",0.96919269,,43.322913,5.2336405,3490.5542,3490.5542,1387,106.24132,0,,372.85895,20,1.1944383,0.32997086,114.43806,409.12305,False,OK,PDCSAP_FLUX,SPOC,114.43806,304.33104,bootstrap,304.33104,,TOO_FEW_MEMBERS,2,1,SPOC/PDCSAP_FLUX=114ppm;TESS-SPOC/PDCSAP_FLUX=OK,27,5,5,"74,75,80,81,82",SPOC,120,False,False,13142.946,170.01695,0.27278326,1.8723853,5,,1.6415135,7.0259298,0.23363648,0.23363648,linear,2.6415135,0.37603151,0.14235457,7.0259298,35.129649,7.8222265e+16,OK,0.23363648,OK,SAP_FLUX,SPOC,-195.42228,232.27759,bootstrap,232.27759,,TOO_FEW_MEMBERS,2,0,SPOC/SAP_FLUX=OK;TESS-SPOC/SAP_FLUX=OK,30,5,5,"74,75,80,81,82",SPOC,120,False,False,8097.5327,402.44391,0.88217702,2.9352087,5,,-5.5108296,5.3631353,-1.0275388,-1.0275388,linear,-4.5108296,-0.84133074,0.18651353,5.3631353,26.815676,1.9169817e+13,OK,-1.0275388,BACKGROUND_TEST_UNAVAILABLE,0,,,,,,,0.02,9.0225,0.75539434,2.5,0.20930849,-367.64083,1.0593903,15584,OK,True,2.5,1.0040351,7.2902919,,duration_inconsistent,not_measurable,not_measurable,,False,,0,0,1,1,0.4,346.81262,304.33104,32,0.80234654,1,True,OK:1,,,,,,,,84,207.41864,232.27759,35,1.2865711,2,True,OK:2,,,,,,,,84,0,3
K05337.01,,6939913,158926323,tic_kic_crossid,CANDIDATE,CANDIDATE,470.65357,173.647,3.458,985,185,-185,0.028801,0.1585,1057,6039,4.493,15.07,0,0,0,0,1,289.04572,42.446758,9,OK,lightkurve,NO_USABLE_TRANSIT,4,"SPOC,TESS-SPOC","80,82",0.96475341,,950.28211,178.47938,3654.4898,3654.4898,12,180.67155,0,,593.88466,24,,,,,False,NO_USABLE_TRANSIT,PDCSAP_FLUX,SPOC,,,none,,,TOO_FEW_MEMBERS,2,0,SPOC/PDCSAP_FLUX=NO_USABLE_TRANSIT;TESS-SPOC/PDCSAP_FLUX=NO_USABLE_TRANSIT,0,2,0,"80,82",SPOC,120,False,False,,,,,2,,,,,,,,,,,,,NO_USABLE_TRANSIT,,NO_USABLE_TRANSIT,SAP_FLUX,SPOC,,,none,,,TOO_FEW_MEMBERS,2,0,SPOC/SAP_FLUX=NO_USABLE_TRANSIT;TESS-SPOC/SAP_FLUX=NO_USABLE_TRANSIT,0,2,0,"80,82",SPOC,120,False,False,,,,,2,,,,,,,,,,,,,NO_USABLE_TRANSIT,,BACKGROUND_TEST_UNAVAILABLE,0,,,,,,,0.028696048,,,,,,,0,too_few_points,False,,,,,inconclusive,not_measured,not_measured,,False,,0,0,1,1,0.1,,,0,,2,True,NO_USABLE_TRANSIT:2,,,,,,,,84,,,0,,2,True,NO_USABLE_TRANSIT:2,,,,,,,,84,0,3
K06150.01,,6946681,159652665,tic_kic_crossid,CANDIDATE,CANDIDATE,48.952811,139.67683,1.66,,,,,,,,,12.182,0,0,0,0,1,291.19293,42.49445,9,OK,lightkurve,,19,"QLP,SPOC,TESS-SPOC","14,40,41,54,55,74,75,81,82",0.96296296,teff_missing_default_used;logg_missing_4.5_used,,,3357.486,3357.486,110,0,0,,24.9,10,2.5299569,2.1469263,694.3651,812.86627,False,OK,PDCSAP_FLUX,QLP,694.3651,323.42289,analytic,434.63906,290.35969,OK,4,4,SPOC/PDCSAP_FLUX=715ppm;TESS-SPOC/PDCSAP_FLUX=490ppm;QLP/KSPSAP_FLUX=1216ppm;QLP/DET_FLUX=1139ppm,6,9,6,"74,75,81,82,14,54,40,41,55","QLP,SPOC,TESS-SPOC","120,1800,600",True,False,2549.0252,769.14056,1.124892,2.0052413,10,smeared,,,,,,,,,,,,NO_REFERENCE_DEPTH,,OK,SAP_FLUX,QLP,553.91749,297.68977,analytic,448.63741,335.64316,OK,3,3,SPOC/SAP_FLUX=546ppm;TESS-SPOC/SAP_FLUX=248ppm;QLP/SAP_FLUX=1235ppm,6,9,6,"74,75,81,82,14,54,40,41,55","QLP,SPOC,TESS-SPOC","120,1800,600",True,False,2132.7595,908.21647,1.3799539,2.6256041,10,smeared,,,,,,,,,,,,NO_REFERENCE_DEPTH,,BACKGROUND_TEST_AGREES,2,"SPOC,TESS-SPOC",-209.2776,410.26091,-0.51010857,-0.34732191,PDC_DEEPER_THAN_SAP,0.15,4.15,0.18167966,2.5,0.10944558,490.73973,1.0950349,662,OK,True,2.5,,,,inconclusive,not_measured,not_measured,,False,,0,0,1,1,0.2,323.42289,350.73024,6,2.0052413,0,False,,0.41816573,598.05468,1178.7741,490.25066,1215.7127,926.79979,521.34759,84,297.68977,387.45883,6,2.6256041,0,False,,0.60594433,343.54588,1014.8322,248.03988,1235.2256,546.49611,681.30816,84,0,3
K01628.01,Kepler-312 c,6975129,274030824,tic_kic_crossid_over_name_planet,CONFIRMED,CANDIDATE,19.74734,147.10553,3.4444,480.7,11.1,-11.1,0.020906,0.595,36.4,6243,4.406,12.949,0,0,0,0,3,298.39575,42.459751,9,OK,lightkurve,,17,"QLP,SPOC,TESS-SPOC","14,15,41,54,55,74,75,81,82",0.98332251,,472.68313,10.91488,3371.1294,3371.1054,273,17.14481,-34.450889,2.0094063,103.10043,10,5.3556112,2.4224585,565.70944,1034.9205,True,OK,PDCSAP_FLUX,QLP,1034.9205,720.34592,bootstrap,844.48769,440.75075,OK,4,2,SPOC/PDCSAP_FLUX=OK;TESS-SPOC/PDCSAP_FLUX=OK;QLP/KSPSAP_FLUX=1640ppm;QLP/DET_FLUX=343ppm,13,9,9,"74,75,81,82,14,15,41,54,55","QLP,SPOC","120,1800,600",False,False,3897.4807,1428.1516,2.9530529,5.8467694,8,sector_scatter,1.1894593,1.7874318,0.66545717,0.66545717,linear,2.1894593,1.4366993,0.65618908,1.7874318,8.937159,3596431.9,OK,0.66545717,OK,SAP_FLUX,QLP,849.4792,661.67099,bootstrap,661.67099,,TOO_FEW_MEMBERS,3,1,SPOC/SAP_FLUX=OK;TESS-SPOC/SAP_FLUX=OK;QLP/SAP_FLUX=1335ppm,13,9,9,"74,75,81,82,14,15,41,54,55","QLP,SPOC","120,1800,600",False,False,3911.5252,1298.7282,3.0649967,6.6538457,8,odd_even_significant;sector_scatter,0.79714305,1.4009024,0.56902113,0.56902113,linear,1.797143,1.2838393,0.7143779,1.4009024,7.0045118,520231.32,OK,0.56902113,BACKGROUND_TEST_UNAVAILABLE,0,,,,,,,0.031360197,1.6548612,0.21794937,0.48044977,0.063276441,486.89959,1.0558753,3202,OK,True,0.48044977,1.0148414,-5.2616068,0.9398856,tracks_b,not_measurable,not_measurable,,False,,0,0,1,1,0.2,193.24041,720.34592,13,3.9598552,2,True,OK:2,0.42587885,550.59365,1432.0951,343.18154,1639.5073,991.3444,691.73894,84,178.64803,661.67099,13,4.5089813,2,True,OK:2,,,,,,,,84,-0.023924228,3
K01628.02,Kepler-312 b,6975129,274030824,tic_kic_crossid_over_name_planet,CONFIRMED,CANDIDATE,1.7724511,132.08668,2.4592,79.2,4.1,-4.1,0.008154,0.006,5.582,6243,4.406,12.949,0,0,0,0,3,298.39575,42.459751,9,OK,lightkurve,,17,"QLP,SPOC,TESS-SPOC","14,15,41,54,55,74,75,81,82",0.96542547,,76.461697,3.9582444,3362.2003,3362.2259,3045,29.277786,36.888,1.2599313,124.72136,14,6.9646287,3.2062285,278.41355,596.07357,True,OK,PDCSAP_FLUX,QLP,596.07357,198.19991,bootstrap,212.21596,75.844638,OK,4,4,SPOC/PDCSAP_FLUX=538ppm;TESS-SPOC/PDCSAP_FLUX=421ppm;QLP/KSPSAP_FLUX=673ppm;QLP/DET_FLUX=495ppm,129,9,9,"74,75,81,82,14,15,41,54,55","QLP,SPOC","120,1800,600",True,False,4175.9585,-224.43002,0.53948122,3.2957928,8,smeared;sector_scatter,2.0535742,0.36322492,5.6537261,2.4476823,ln,7.7957146,3.0074361,0.38578069,2.7763875,13.881937,81713218,OK,5.6537261,OK,SAP_FLUX,QLP,495.41972,168.13011,bootstrap,201.56921,111.18638,OK,3,3,SPOC/SAP_FLUX=411ppm;TESS-SPOC/SAP_FLUX=272ppm;QLP/SAP_FLUX=599ppm,130,9,9,"74,75,81,82,14,15,41,54,55","QLP,SPOC","120,1800,600",True,False,3646.172,-86.244353,0.25070288,3.1571707,8,smeared;sector_scatter,1.8686154,0.41318212,4.5224982,2.077708,ln,6.4793189,2.9466448,0.45477693,2.6371938,13.185969,40741478,OK,4.5224982,BACKGROUND_TEST_AGREES,2,"SPOC,TESS-SPOC",-137.99933,123.04587,-1.1215276,-0.28755677,PDC_DEEPER_THAN_SAP,0.02,5.9630602,0.092469913,2.4247968,0.037601624,437.18117,2.848244,24736,OK,True,2.4247968,1.01466,13.261575,,duration_inconsistent,not_measurable,not_measurable,,False,,0,0,1,1,0.7,85.585836,198.19991,134,2.2085902,0,False,,0.1272404,456.88402,608.5733,421.31141,673.26148,516.95772,174.76216,84,75.099668,168.13011,134,2.2073155,0,False,,0.22442866,316.15826,538.53102,271.74238,598.76116,410.54199,223.67734,84,0.025616667,3
K01628.03,,6975129,274030824,tic_kic_crossid_over_name_planet,CANDIDATE,CANDIDATE,37.840423,146.77624,6.408,232.6,10.5,-10.5,0.014016,0.211,44.75,6243,4.406,12.949,0,0,0,0,3,298.39575,42.459751,9,OK,lightkurve,,17,"QLP,SPOC,TESS-SPOC","14,15,41,54,55,74,75,81,82",0.96729407,,224.9926,10.156588,3353.1163,3353.1163,142,54.97138,0,,261.03414,12,2.2547492,1.2605737,319.63911,524.43022,False,OK,PDCSAP_FLUX,QLP,319.63911,212.94277,bootstrap,284.47734,188.63387,OK,4,4,SPOC/PDCSAP_FLUX=447ppm;TESS-SPOC/PDCSAP_FLUX=652ppm;QLP/KSPSAP_FLUX=120ppm;QLP/DET_FLUX=238ppm,8,9,8,"74,75,81,82,14,15,41,54,55","QLP,SPOC","120,1800,600",False,False,3734.3128,236.34516,0.4628468,0.76860882,8,,0.42066498,1.2661785,0.33223196,0.33223196,linear,1.420665,1.5010564,1.0565872,1.2661785,6.3308926,126143.83,OK,0.33223196,OK,SAP_FLUX,QLP,452.82879,198.48881,bootstrap,221.21729,97.669232,OK,3,3,SPOC/SAP_FLUX=544ppm;TESS-SPOC/SAP_FLUX=571ppm;QLP/SAP_FLUX=283ppm,8,9,8,"74,75,81,82,14,15,41,54,55","QLP,SPOC","120,1800,600",False,False,3636.8747,246.0808,0.54332749,0.88985624,8,,0.6994466,0.49314554,1.4183371,1.0275116,ln,2.0126386,2.2813819,1.1335279,0.9855252,4.927626,30835.548,OK,1.4183371,BACKGROUND_TEST_AGREES,2,"SPOC,TESS-SPOC",14.862584,308.02196,0.048251704,0.027052643,SAP_DEEPER_THAN_PDC,0.02,4.3080609,2.5179312,0.67229415,0.39293559,466.77208,0.95471113,3427,OK,False,0.67229415,1.0027731,-0.68094243,0.76394563,fixed_b,not_measurable,not_measurable,,False,,0,0,1,1,0.2,253.56637,212.94277,8,0.76860882,0,False,,0.5901464,176.2378,553.50554,119.67485,652.16043,342.07187,332.52132,84,221.68231,198.48881,8,0.88985624,0,False,,0.21568689,366.91657,562.25503,283.49725,570.75969,544.18263,169.33155,84,0,3
K03433.01,,7093401,123451603,tic_kic_crossid,CANDIDATE,CANDIDATE,34.084294,152.06766,1.3521,3746,157,-157,0.358073,1.28,87.5,5252,4.428,15.417,0,0,0,0,1,282.34613,42.60891,9,OK,lightkurve,,6,"SPOC,TESS-SPOC","74,80,81",1.3160678,,4929.9901,206.62265,3506.7233,3506.7233,162,13.756824,0,,61.551972,14,2.0501313,1.8123011,9617.4613,10080.812,False,OK,PDCSAP_FLUX,SPOC,9617.4613,5306.7679,analytic,5346.3938,649.72372,OK,2,2,SPOC/PDCSAP_FLUX=9617ppm;TESS-SPOC/PDCSAP_FLUX=11528ppm,2,3,2,"74,80,81",SPOC,120,False,False,32559.453,-6907.6108,0.64722706,0.41890286,3,,0.95080741,1.0864241,0.87517148,0.87517148,linear,1.9508074,1.8123011,0.92900052,1.0864241,5.4321207,1122231.3,OK,0.87517148,OK,SAP_FLUX,SPOC,8381.9202,4652.0102,analytic,4709.7719,735.35866,OK,2,2,SPOC/SAP_FLUX=8382ppm;TESS-SPOC/SAP_FLUX=10545ppm,2,3,2,"74,80,81",SPOC,120,False,False,28452.796,-4303.0554,0.46192168,0.21337164,3,,0.70019006,0.95755609,0.73122615,0.73122615,linear,1.7001901,1.8017846,1.0597548,0.95755609,4.7877805,586839.66,OK,0.73122615,BACKGROUND_TEST_AGREES,2,"SPOC,TESS-SPOC",-1087.0295,4520.7377,-0.24045402,-0.10281244,PDC_DEEPER_THAN_SAP,0.5,1.5278034,0.67834013,1.1299485,0.50169376,14785.773,0.92961129,406,OK,False,1.1299485,1.7237612,-0.93751766,1.2575345,fixed_b,not_measurable,not_measurable,,False,,0,0,1,1,0.1,5306.7679,2396.4559,2,0.41890286,0,False,,0.067556677,9923.2136,11222.661,9617.4613,11528.413,10572.937,1910.9521,84,4652.0102,1489.6635,2,0.21337164,0,False,,0.087731528,8727.9713,10198.689,8381.9202,10544.74,9463.33,2162.8196,84,0,3
K00672.01,Kepler-209 b,7115785,159652365,tic_kic_crossid_over_name_planet,CONFIRMED,CANDIDATE,16.087862,172.81384,3.095,612.5,10.4,-10.4,0.025603,0.824,24.2,5506,4.473,13.998,0,0,0,0,3,291.16953,42.640808,9,OK,lightkurve,,17,"QLP,SPOC,TESS-SPOC","14,40,41,54,55,74,75,81,82",1.0166513,,622.69891,10.573173,3363.0719,3363.0719,333,12.003457,0,,82.435372,10,1.6584961,1.6584961,891.65295,891.65295,False,OK,PDCSAP_FLUX,QLP,891.65295,452.75184,bootstrap,489.0613,184.92358,OK,4,3,SPOC/PDCSAP_FLUX=912ppm;TESS-SPOC/PDCSAP_FLUX=1339ppm;QLP/KSPSAP_FLUX=795ppm;QLP/DET_FLUX=OK,17,9,9,"74,75,81,82,14,40,41,54,55","QLP,SPOC","120,1800,600",False,False,11084.715,-923.76063,0.99345917,1.5001145,8,,0.43191667,0.78716279,0.54870056,0.54870056,linear,1.4319167,1.9694077,1.3753647,0.78716279,3.935814,31261.859,OK,0.54870056,OK,SAP_FLUX,QLP,490.81246,214.07949,bootstrap,232.20445,89.938197,OK,3,3,SPOC/SAP_FLUX=442ppm;TESS-SPOC/SAP_FLUX=568ppm;QLP/SAP_FLUX=707ppm,17,9,9,"74,75,81,82,14,40,41,54,55","QLP,SPOC","120,1800,600",False,False,6581.3249,-357.55903,0.59070471,2.5258812,8,,-0.238001,0.4760399,-0.4999602,-0.56236527,ln,0.7882019,2.2926646,2.9087276,0.37662016,1.8831008,3470.8351,OK,-0.4999602,BACKGROUND_TEST_AGREES,2,"SPOC,TESS-SPOC",-616.44702,345.65868,-1.783398,-0.54789335,PDC_DEEPER_THAN_SAP,0.074161798,2.1452833,1.437733,0.69314484,0.46453408,902.45925,1.0504675,4424,OK,False,0.69314484,1.0137884,-0.56563553,0.93418882,fixed_b,not_measurable,not_measurable,,False,,0,0,1,1,0.2,537.62741,452.75184,17,1.0437575,1,True,OK:1,0.20739412,832.16053,1202.0077,794.79995,1338.6928,911.55176,447.03988,84,259.69752,214.07949,17,1.6095425,0,False,,0.18324351,482.2268,662.10319,442.03727,706.56138,567.62954,215.74892,84,0,3
K00672.02,Kepler-209 c,7115785,159652365,tic_kic_crossid_over_name_planet,CONFIRMED,CANDIDATE,41.749386,153.84636,5.6098,1055.4,11.6,-11.6,0.029414,0.226,57.11,5506,4.473,13.998,0,0,0,0,3,291.16953,42.640808,9,OK,lightkurve,,17,"QLP,SPOC,TESS-SPOC","14,40,41,54,55,74,75,81,82",0.95956519,,1012.7251,11.130956,3372.5172,3372.5172,129,12.434119,0,,121.44936,8,1.8726194,1.10313,957.44074,1655.6098,False,OK,PDCSAP_FLUX,QLP,957.44074,867.93104,analytic,1017.9124,531.82839,OK,4,3,SPOC/PDCSAP_FLUX=1619ppm;TESS-SPOC/PDCSAP_FLUX=2665ppm;QLP/KSPSAP_FLUX=OK;QLP/DET_FLUX=1101ppm,5,9,5,"74,75,81,82,14,40,41,54,55","QLP,SPOC","120,1800,600",False,False,13294.004,2423.3851,1.3069497,2.1001845,8,,-0.0545897,1.006425,-0.054241199,-0.054241199,linear,0.9454103,1.10313,1.1668267,1.006425,5.0321251,154195.87,OK,-0.054241199,OK,SAP_FLUX,QLP,950.34636,390.32297,analytic,976.14645,894.71217,OK,3,3,SPOC/SAP_FLUX=827ppm;TESS-SPOC/SAP_FLUX=694ppm;QLP/SAP_FLUX=3325ppm,5,9,5,"74,75,81,82,14,40,41,54,55","QLP,SPOC","120,1800,600",False,False,10154.23,1607.8344,2.0418147,1.7668611,8,,-0.063573588,1.0284231,-0.061816571,-0.063813113,ln,0.93840506,2.4347693,2.5945824,0.96523951,4.8261976,125310.31,OK,-0.061816571,BACKGROUND_TEST_AGREES,2,"SPOC,TESS-SPOC",-1358.8457,755.431,-1.7987688,-0.63433796,PDC_DEEPER_THAN_SAP,0.030066707,8.8698726,0.57631353,1.5811388,0.10273335,-18707.647,159.60659,1915,OK,False,1.5811388,0.99916899,5.5553051,,duration_inconsistent,not_measurable,not_measurable,,False,,0,0,1,1,0.2,867.93104,1530.4881,5,2.1001845,1,True,OK:1,0.55546873,1266.8651,2330.5219,1101.2078,2665.409,1618.8869,1707.9683,84,390.32297,931.1001,5,1.7668611,0,False,,0.94145904,736.14907,2525.5734,693.51245,3325.0189,826.75189,2374.6725,84,0,3
K00566.01,Kepler-604 b,7119481,63212809,name_planet,CONFIRMED,CANDIDATE,25.855,192.57484,3.8737,610.5,20.8,-20.8,0.022792,0.265,50.38,6122,4.487,14.718,0,0,0,0,3,292.31601,42.626251,9,OK,lightkurve,,12,"SPOC,TESS-SPOC","40,41,54,55,81,82",0.96745134,,590.62904,20.122988,2808.7498,2808.7633,185,23.113196,19.360753,0.8376493,127.44509,12,6.4719867,4.8041615,6685.3064,8774.5088,True,OK,PDCSAP_FLUX,SPOC,8774.5088,1355.7674,analytic,3233.0767,2935.0774,OK,2,2,SPOC/PDCSAP_FLUX=8775ppm;TESS-SPOC/PDCSAP_FLUX=142ppm,6,6,5,"40,41,54,55,81,82",SPOC,120,False,False,24299.905,-15569.668,5.7251465,54.183435,6,odd_even_significant;sector_scatter,2.6984179,0.37339703,7.2266721,2.5311431,ln,14.85621,6.4719867,0.43564186,5.4742892,27.371446,4.5559897e+14,OK,7.2266721,OK,SAP_FLUX,SPOC,633.63377,339.88522,analytic,363.18898,128.00106,OK,2,2,SPOC/SAP_FLUX=634ppm;TESS-SPOC/SAP_FLUX=257ppm,6,6,5,"40,41,54,55,81,82",SPOC,120,False,False,5406.0803,-604.7985,0.88964608,33.216982,6,sector_scatter,0.072811748,0.61788841,0.11783964,0.11783964,linear,1.0728117,1.8642581,1.7377309,0.61788841,3.0894421,12382.431,OK,0.11783964,BACKGROUND_TEST_DISAGREES,2,"SPOC,TESS-SPOC",-4732.7844,1071.0635,-4.4187709,-1.0615865,PDC_DEEPER_THAN_SAP,0.023927912,9.68425,0.14565741,2.5,0.037601624,-4272.2911,1.1308045,3407,OK,True,2.5,1.0680479,14.997436,,duration_inconsistent,not_measurable,not_measurable,,False,,0,0,1,1,0.2,1355.7674,8740.0506,7,43.635676,0,False,,0.33450048,1523.141,7393.2959,141.9281,8774.5088,4458.2184,8632.5807,84,339.88522,1313.4017,7,27.433443,0,False,,0.2020111,317.39587,573.39798,257.16008,633.63377,445.39693,376.47369,84,0.013444967,3
K00566.02,,7119481,63212809,name_planet,CANDIDATE,CANDIDATE,14.157372,135.5991,3.786,130,16,-16,0.010471,0.138,28.6,6122,4.487,14.718,0,0,0,0,3,292.31601,42.626251,9,OK,lightkurve,,12,"SPOC,TESS-SPOC","40,41,54,55,81,82",0.96519157,,125.4749,15.443065,2810.4203,2810.486,342,113.54305,94.61214,0.83327105,397.41916,20,16.249314,6.2816769,6886.3581,16484.293,True,OK,PDCSAP_FLUX,SPOC,16484.293,4724.1246,bootstrap,4963.5105,1522.8535,OK,2,2,SPOC/PDCSAP_FLUX=16484ppm;TESS-SPOC/PDCSAP_FLUX=12005ppm,8,6,5,"40,41,54,55,81,82",SPOC,120,False,False,20551.591,3550.0519,1.7042039,39.721346,6,sector_scatter,4.8780575,0.32910852,14.822034,3.2957977,ln,131.37522,3.4893858,0.026560456,39.558018,197.79009,9.9471927e+87,OK,14.822034,OK,SAP_FLUX,SPOC,3759.7379,1710.0139,bootstrap,1761.6859,423.54422,OK,2,2,SPOC/SAP_FLUX=3760ppm;TESS-SPOC/SAP_FLUX=2514ppm,8,6,5,"40,41,54,55,81,82",SPOC,120,False,False,6262.6536,1556.5864,2.4718371,57.864276,6,sector_scatter,3.3999988,0.48703404,6.9810291,2.0628538,ln,29.964063,2.1986593,0.073376542,14.040774,70.203868,3.8699865e+32,OK,6.9810291,BACKGROUND_TEST_DISAGREES,2,"SPOC,TESS-SPOC",-10801.264,3197.9229,-3.3775874,-0.75825999,PDC_DEEPER_THAN_SAP,0.02,9.465,0.14235975,2.5,0.037601624,-7445.6398,1.0411605,3408,OK,True,2.5,1.1104222,7.987279,,duration_inconsistent,not_measurable,not_measurable,,False,,0,0,1,1,0.2,1014.4609,4724.1246,9,23.154606,0,False,,0.092382091,12721.95,15767.657,12005.313,16484.293,14244.803,4478.9809,84,299.96807,1710.0139,9,33.538664,0,False,,0.11265259,2713.3346,3560.423,2514.0196,3759.7379,3136.8788,1245.7183,84,0.065702875,3
K00566.03,,7119481,63212809,name_planet,CANDIDATE,CANDIDATE,42.068554,165.0211,5.723,186.3,18.9,-18.9,0.01251,0.022,56.9,6122,4.487,14.718,0,0,0,0,3,292.31601,42.626251,9,OK,lightkurve,,12,"SPOC,TESS-SPOC","40,41,54,55,81,82",0.96440044,,179.6678,18.227168,2793.8363,2793.8363,114,178.15233,0,,620.30199,22,1.9340646,0.10535824,152.08547,2678.5963,False,OK,PDCSAP_FLUX,SPOC,152.08547,1443.508,analytic,1553.7695,574.87758,OK,2,2,SPOC/PDCSAP_FLUX=152ppm;TESS-SPOC/PDCSAP_FLUX=1843ppm,4,6,4,"40,41,54,55,81,82",SPOC,120,False,False,27000.198,8546.812,2.9598749,5.5439261,6,sector_scatter,-0.15351849,8.6487526,-0.017750362,-0.017750362,linear,0.84648151,0.10535824,0.12446609,8.6487526,43.243763,1.0839218e+21,OK,-0.017750362,OK,SAP_FLUX,SPOC,336.56604,350.47215,analytic,350.77481,14.568335,OK,2,2,SPOC/SAP_FLUX=337ppm;TESS-SPOC/SAP_FLUX=294ppm,4,6,4,"40,41,54,55,81,82",SPOC,120,False,False,6591.645,1497.3628,2.1301665,5.0384044,6,sector_scatter,0.87326853,1.9556254,0.44654183,0.44654183,linear,1.8732685,0.96032178,0.51264502,1.9556254,9.7781269,3169802.3,OK,0.44654183,BACKGROUND_TEST_AGREES,2,"SPOC,TESS-SPOC",-574.10275,1114.0235,-0.51534168,-0.57554525,PDC_DEEPER_THAN_SAP,0.02,6.4666955,0.6615952,1.1299485,0.11560287,1345.7593,0.96834786,3432,OK,False,1.1299485,0.99901154,0.8606506,,fixed_b,not_measurable,not_measurable,,False,,0,0,1,1,0.2,1443.508,3174.1485,4,5.5439261,0,False,,3.7799638,422.6161,1572.3713,152.08547,1842.9019,997.49368,1690.8164,84,350.47215,724.83023,4,5.0384044,0,False,,0.043285219,300.57368,329.71035,293.71799,336.56604,315.14202,42.848043,84,0,3
K05371.01,,7204233,240184537,tic_kic_crossid,CANDIDATE,CANDIDATE,33.303788,149.4642,3.003,272.4,38.5,-38.5,0.014605,0.072,85.8,4899,4.624,14.733,0,0,0,0,1,293.00269,42.708851,9,OK,lightkurve,,8,"SPOC,TESS-SPOC","74,75,81,82",0.9507704,,258.98986,36.604661,3377.6779,3377.6779,162,136.42364,0,,454.31591,28,2.8990754,1.7566201,7280.0686,10293.132,False,OK,PDCSAP_FLUX,SPOC,7280.0686,4144.3614,analytic,4228.313,838.39098,OK,2,2,SPOC/PDCSAP_FLUX=7280ppm;TESS-SPOC/PDCSAP_FLUX=9746ppm,3,4,3,"74,75,81,82",SPOC,120,False,False,48766.262,-17488.224,1.9461101,2.3992327,4,,27.109474,16.32686,1.6604217,1.6604217,linear,28.109474,1.7566201,0.062492103,16.32686,81.634302,7.3554576e+37,OK,1.6604217,OK,SAP_FLUX,SPOC,-511.3242,673.26099,analytic,673.26099,,TOO_FEW_MEMBERS,2,0,SPOC/SAP_FLUX=OK;TESS-SPOC/SAP_FLUX=OK,3,4,3,"74,75,81,82",SPOC,120,False,False,7768.0112,-3322.3975,2.3698845,5.0920625,4,sector_scatter,-2.974302,2.6038845,-1.1422557,-1.1422557,linear,-1.974302,-0.75947397,0.38467973,2.6038845,13.019423,1.1682752e+08,OK,-1.1422557,BACKGROUND_TEST_UNAVAILABLE,0,,,,,,,0.02,1.9581682,0.20033643,0.65207066,0.066712098,5047.8252,0.95186566,1353,OK,False,0.65207066,1.0622313,-3.128939,0.7706625,tracks_b,not_measurable,not_measurable,,False,,0,0,1,1,0.2,4144.3614,5413.4348,3,2.3992327,0,False,,0.11516251,7674.6055,9351.3875,7280.0686,9745.9244,8512.9965,2465.8558,84,673.26099,1218.8287,3,5.0920625,2,True,OK:2,,,,,,,,84,0,3
K01974.01,Kepler-1780 b,7289577,270862497,tic_kic_crossid_over_name_planet,CONFIRMED,CANDIDATE,109.44506,197.9832,3.792,1269.6,48.5,-48.5,0.032089,0.149,225.2,5403,4.5,14.937,0,0,0,0,1,294.08392,42.809589,9,OK,lightkurve,NO_USABLE_TRANSIT,4,"SPOC,TESS-SPOC","81,82",0.95698109,,1214.9832,46.413583,3503.2362,3503.2362,50,31.51635,0,,151.42905,6,,,,,False,NO_USABLE_TRANSIT,PDCSAP_FLUX,SPOC,,,none,,,TOO_FEW_MEMBERS,2,0,SPOC/PDCSAP_FLUX=NO_USABLE_TRANSIT;TESS-SPOC/PDCSAP_FLUX=NO_USABLE_TRANSIT,0,2,0,"81,82",SPOC,120,False,False,,,,,2,,,,,,,,,,,,,NO_USABLE_TRANSIT,,NO_USABLE_TRANSIT,SAP_FLUX,SPOC,,,none,,,TOO_FEW_MEMBERS,2,0,SPOC/SAP_FLUX=NO_USABLE_TRANSIT;TESS-SPOC/SAP_FLUX=NO_USABLE_TRANSIT,0,2,0,"81,82",SPOC,120,False,False,,,,,2,,,,,,,,,,,,,NO_USABLE_TRANSIT,,BACKGROUND_TEST_UNAVAILABLE,0,,,,,,,0.031775547,,,,,,,0,too_few_points,False,,,,,inconclusive,not_measured,not_measured,,False,,0,0,1,1,0,,,0,,2,True,NO_USABLE_TRANSIT:2,,,,,,,,84,,,0,,2,True,NO_USABLE_TRANSIT:2,,,,,,,,84,0,3
K00883.01,,7380537,272707711,tic_kic_crossid,CANDIDATE,CANDIDATE,2.6888992,170.10209,2.11275,37491.6,44,-44,0.172543,0.001,11.4204,4820,4.667,15.766,0,0,0,0,1,296.68307,42.967869,9,OK,lightkurve,,10,"SPOC,TESS-SPOC","41,74,75,81,82",0.94934568,,35592.489,41.77121,3356.7004,3356.7004,1991,0.55069511,-0.0126765,0.023019089,33.343335,10,30.206029,30.199663,38396.182,38405.734,True,OK,PDCSAP_FLUX,SPOC,38405.734,1247.0499,bootstrap,1850.2197,1366.8136,OK,2,2,SPOC/PDCSAP_FLUX=38406ppm;TESS-SPOC/PDCSAP_FLUX=42426ppm,49,5,5,"41,74,75,81,82",SPOC,120,False,False,48160.205,3004.8134,1.1971269,0.88408588,5,,0.07607215,0.069442543,1.095469,1.0957085,ln,1.0790404,30.797271,28.541351,0.07213636,0.3606818,15458.067,OK,1.095469,OK,SAP_FLUX,SPOC,7868.4091,271.60592,bootstrap,272.68487,24.233501,OK,2,2,SPOC/SAP_FLUX=7868ppm;TESS-SPOC/SAP_FLUX=7797ppm,49,5,5,"41,74,75,81,82",SPOC,120,False,False,10137.653,766.05015,1.4093981,2.3347681,5,,-1.5092787,0.060847282,-24.804374,-15.394749,ln,0.22106937,28.969947,131.0446,0.050597163,0.25298582,10245.832,OK,-24.804374,BACKGROUND_TEST_DISAGREES,2,"SPOC,TESS-SPOC",-32535.983,912.77802,-35.645012,-0.8050322,PDC_DEEPER_THAN_SAP,0.14715294,1.9875533,0.060715327,0.94074229,0.028737582,37483.789,1.0415034,15182,OK,False,0.94074229,1.0057253,-1.1397387,0.39763662,fixed_b,shallower_tess,shallower_tess,,False,pdc_deeper_than_sap,0,0,1,1,0.3,1271.4592,1247.0499,51,1.0495723,0,False,,0.03558879,39048.94,41782.568,38405.734,42425.774,40415.754,4020.04,84,258.15818,271.60592,51,1.0569482,0,False,,0.0030798476,7808.5381,7857.0051,7797.1341,7868.4091,7832.7716,71.275004,84,-8.803125e-06,3
K02392.01,Kepler-1220 b,7382313,272944301,tic_kic_crossid_over_name_planet,CONFIRMED,CANDIDATE,7.4269738,133.099,3.206,205.2,15.7,-15.7,0.013086,0.337,16.92,5573,4.434,14.985,0,0,0,0,1,297.07037,42.977741,9,OK,lightkurve,,4,"SPOC,TESS-SPOC","81,82",0.96429119,,197.87255,15.139372,3536.3293,3536.3293,750,58.134148,0,,222.49244,16,1.8073757,0.15924794,262.77986,3105.5187,False,OK,PDCSAP_FLUX,SPOC,262.77986,1650.1304,analytic,1997.1981,1125.1089,OK,2,2,SPOC/PDCSAP_FLUX=263ppm;TESS-SPOC/PDCSAP_FLUX=3572ppm,7,2,2,"81,82",SPOC,120,False,False,30319.479,-13115.32,3.9548981,0.87628288,2,odd_even_significant,0.32802584,10.09377,0.032497852,0.032497852,linear,1.3280258,0.15924794,0.11991328,10.09377,50.46885,1.6395644e+24,OK,0.032497852,OK,SAP_FLUX,SPOC,-1382.6369,331.69766,analytic,331.69766,,TOO_FEW_MEMBERS,2,0,SPOC/SAP_FLUX=OK;TESS-SPOC/SAP_FLUX=OK,7,2,2,"81,82",SPOC,120,False,False,5906.4034,-5265.0535,7.9300163,5.1393937,2,odd_even_significant;sector_scatter,-7.9875125,1.6788096,-4.757843,-4.757843,linear,-6.9875125,-4.168365,0.59654491,1.6788096,8.3940481,874532.7,OK,-4.757843,BACKGROUND_TEST_UNAVAILABLE,0,,,,,,,0.02,5.5555559,1.6948521,1.7328621,0.52865005,1155.2158,1.0842511,3366,OK,True,1.7328621,1.0022156,1.7331056,,fixed_b,not_measurable,not_measurable,,False,,0,0,1,1,0.1,1650.1304,2698.0868,8,2.9403864,0,False,,4.2815645,792.24289,3042.4607,262.77986,3571.9238,1917.3518,3309.1439,84,331.69766,1691.27,8,28.561982,2,True,OK:2,,,,,,,,84,0,3
K01518.01,Kepler-875 b,7549209,273141643,tic_kic_crossid_over_name_planet,CONFIRMED,CANDIDATE,27.507111,151.84775,5.907,580.7,21.4,-21.4,0.026833,0.918,16.41,5783,4.539,15.219,0,0,0,0,1,297.3013,43.141891,9,OK,lightkurve,,4,"SPOC,TESS-SPOC","81,82",1.0474833,,608.27354,22.416142,3541.2842,3541.2226,202,50.63968,-88.640442,1.7504147,240.52404,12,5.8867958,1.5000367,6701.1205,18790.077,True,OK,PDCSAP_FLUX,SPOC,18790.077,3191.9024,analytic,3357.9391,1042.8396,OK,2,2,SPOC/PDCSAP_FLUX=18790ppm;TESS-SPOC/PDCSAP_FLUX=15723ppm,2,2,2,"81,82",SPOC,120,False,False,39641.917,15267.809,2.389242,5.7084771,2,sector_scatter,3.4304595,0.18919477,18.131894,5.4142295,ln,30.890834,5.8867958,0.19056772,5.5207919,27.60396,5.9203355e+14,OK,18.131894,OK,SAP_FLUX,SPOC,7301.9991,1323.7164,analytic,1358.4613,305.27341,OK,2,2,SPOC/SAP_FLUX=7302ppm;TESS-SPOC/SAP_FLUX=6404ppm,2,2,2,"81,82",SPOC,120,False,False,16502.293,4313.3534,1.6252556,2.6414559,2,,2.4852788,0.1961347,12.671285,4.9255274,ln,12.004466,5.5162866,0.45951953,2.2341701,11.170851,43204756,OK,12.671285,BACKGROUND_TEST_DISAGREES,2,"SPOC,TESS-SPOC",-10468.036,2515.1318,-4.1620229,-0.60661448,PDC_DEEPER_THAN_SAP,0.14896278,8.0170324,0.50523148,1.3572088,0.085530977,18451.428,0.97292443,1614,OK,False,1.3572088,1.5026895,-1.2018787,0.81516946,fixed_b,not_measurable,not_measurable,,False,,0,0,1,1,0.1,3191.9024,5284.8702,2,5.7084771,0,False,,0.055499486,16213.65,18299.329,15722.902,18790.077,17256.49,3067.1754,84,1323.7164,1494.0773,2,2.6414559,0,False,,0.041806826,6547.7943,7158.3411,6404.1362,7301.9991,6853.0677,897.86296,84,-0.061555862,3
K00890.01,Kepler-714 b,7585481,123499118,tic_kic_crossid_over_name_planet,CONFIRMED,CANDIDATE,8.0988891,176.62373,4.20241,6911.1,18,-18,0.076211,0.018,15.8546,6214,4.442,15.261,0,0,0,0,1,282.69952,43.272739,9,OK,lightkurve,,12,"SPOC,TESS-SPOC","40,41,53,74,80,81",0.9651878,,6670.5094,17.37338,3322.495,3322.4804,656,2.0836066,-21.02886,10.092529,69.28697,10,5.9333082,5.6599132,5308.485,5573.6635,True,OK,PDCSAP_FLUX,SPOC,5573.6635,1028.4381,bootstrap,1058.2998,249.62685,OK,2,2,SPOC/PDCSAP_FLUX=5574ppm;TESS-SPOC/PDCSAP_FLUX=6308ppm,19,6,6,"40,41,53,74,80,81",SPOC,120,False,False,33039.257,161.68555,0.079109949,0.44512069,6,,-0.17964367,0.19636529,-0.91484433,-0.98837431,ln,0.8355679,5.4195423,6.4860586,0.16636623,0.83183113,8655.1324,OK,-0.91484433,OK,SAP_FLUX,SPOC,1450.4784,251.03599,bootstrap,253.03032,31.706088,OK,2,2,SPOC/SAP_FLUX=1450ppm;TESS-SPOC/SAP_FLUX=1544ppm,20,6,6,"40,41,53,74,80,81",SPOC,120,False,False,8252.1691,147.65108,0.29716071,0.68491355,6,,-1.5258028,0.18148892,-8.40714,-12.458151,ln,0.21744642,5.77797,26.571925,0.062814583,0.31407292,2461.3483,OK,-8.40714,BACKGROUND_TEST_DISAGREES,2,"SPOC,TESS-SPOC",-4419.4982,776.26915,-5.693255,-0.74392786,PDC_DEEPER_THAN_SAP,0.070835631,3.2914032,0.63736395,0.78321801,0.15166629,5553.6721,1.0279518,11961,OK,False,0.78321801,0.99390564,-1.1910984,0.66927965,fixed_b,shallower_tess,shallower_tess,,False,pdc_deeper_than_sap,0,0,1,1,0.2,939.38547,1028.4381,20,1.2644189,0,False,,0.044786853,5691.135,6190.3887,5573.6635,6307.8601,5940.7618,734.19662,84,227.6104,251.03599,21,1.1510389,0,False,,0.021859056,1465.3989,1528.8111,1450.4784,1543.7316,1497.105,93.253201,84,-0.014603375,3
K01472.01,Kepler-857 b,7761545,271158887,tic_kic_crossid_over_name_planet,CONFIRMED,CANDIDATE,85.351488,161.00761,6.7504,4674.7,36.6,-36.6,0.06161,0.052,102.4237,5584,4.478,15.061,0,0,0,0,1,294.63239,43.400471,9,OK,lightkurve,,4,"SPOC,TESS-SPOC","81,82",0.9585964,,4481.1506,35.084628,3541.8543,3541.8543,65,9.7258919,0,,130.43368,7,2.8869174,1.3492015,2929.2407,6453.683,False,OK,PDCSAP_FLUX,SPOC,2929.2407,2171.092,analytic,2211.8884,422.85929,OK,2,2,SPOC/PDCSAP_FLUX=2929ppm;TESS-SPOC/PDCSAP_FLUX=4173ppm,1,2,1,"81,82",SPOC,120,False,False,21256.294,,,,2,,-0.34631952,0.49618606,-0.69796302,-0.69796302,linear,0.65368048,1.3492015,2.0640077,0.49618606,2.4809303,49079.258,OK,-0.69796302,OK,SAP_FLUX,SPOC,1151.6971,893.08944,analytic,894.89091,56.753759,OK,2,2,SPOC/SAP_FLUX=1152ppm;TESS-SPOC/SAP_FLUX=1319ppm,1,2,1,"81,82",SPOC,120,False,False,8743.8818,,,,2,,-0.74299077,0.20601419,-3.6065028,-3.6065028,linear,0.25700923,1.2895652,5.0175832,0.20601419,1.030071,8071.7379,OK,-3.6065028,BACKGROUND_TEST_AGREES,2,"SPOC,TESS-SPOC",-2194.0327,1838.3548,-1.1934762,-0.61784722,PDC_DEEPER_THAN_SAP,0.058183258,9.7388014,2.8867455,1.4426999,0.42764066,4406.4934,0.94697448,1012,OK,False,1.4426999,0.98885942,1.2562843,,fixed_b,not_measurable,not_measurable,,False,,0,0,1,1,0.1,2171.092,,1,0,0,False,,0.14435799,3128.2333,3973.9519,2929.2407,4172.9445,3551.0926,1243.7038,84,893.08944,,1,0,0,False,,0.049278375,1178.4047,1291.9122,1151.6971,1318.6199,1235.1585,166.92282,84,0,3
K05423.01,,7762153,271261135,tic_kic_crossid,CANDIDATE,CANDIDATE,366.55705,238.1402,11.62,582.5,70,-70,0.021866,0.1247,244.4,5857,4.403,15.2,0,0,0,0,1,294.81995,43.471111,9,OK,lightkurve,NO_USABLE_TRANSIT,4,"SPOC,TESS-SPOC","81,82",0.96374478,,561.38133,67.462135,3569.4959,3569.4959,15,397.76369,0,,864,10,,,,,False,NO_USABLE_TRANSIT,PDCSAP_FLUX,SPOC,,,none,,,TOO_FEW_MEMBERS,2,0,SPOC/PDCSAP_FLUX=NO_USABLE_TRANSIT;TESS-SPOC/PDCSAP_FLUX=NO_USABLE_TRANSIT,0,2,0,"81,82",SPOC,120,False,False,,,,,2,,,,,,,,,,,,,NO_USABLE_TRANSIT,,NO_USABLE_TRANSIT,SAP_FLUX,SPOC,,,none,,,TOO_FEW_MEMBERS,2,0,SPOC/SAP_FLUX=NO_USABLE_TRANSIT;TESS-SPOC/SAP_FLUX=NO_USABLE_TRANSIT,0,2,0,"81,82",SPOC,120,False,False,,,,,2,,,,,,,,,,,,,NO_USABLE_TRANSIT,,BACKGROUND_TEST_UNAVAILABLE,0,,,,,,,0.021728926,,,,,,,0,too_few_points,False,,,,,inconclusive,not_measured,not_measured,,False,,0,0,1,1,0,,,0,,2,True,NO_USABLE_TRANSIT:2,,,,,,,,84,,,0,,2,True,NO_USABLE_TRANSIT:2,,,,,,,,84,0,3
K05434.01,,7830953,271159335,tic_kic_crossid,CANDIDATE,CANDIDATE,581.87357,389.8661,14.64,905.6,97.7,-97.7,0.027362,0.1603,308.2,5897,4.489,15.738,0,0,0,0,1,294.6467,43.577499,9,QUERY_RETURNED_ZERO_ROWS,lightkurve,QUERY_RETURNED_ZERO_ROWS,0,,,0.96426545,,873.23879,94.208734,,,0,,0,,36,0,,,,,False,FLUX_COLUMN_NOT_PRESENT,,,,,,,,ENSEMBLE_NOT_ATTEMPTED,0,0,,0,0,0,,,,False,False,,,,,0,,,,,,,,,,,,,NO_USABLE_TRANSIT,,FLUX_COLUMN_NOT_PRESENT,,,,,,,,ENSEMBLE_NOT_ATTEMPTED,0,0,,0,0,0,,,,False,False,,,,,0,,,,,,,,,,,,,NO_USABLE_TRANSIT,,BACKGROUND_TEST_UNAVAILABLE,0,,,,,,,,,,,,,,0,too_few_points,False,,,,,inconclusive,not_measured,not_measured,,False,,0,0,1,1,0,,,0,,0,False,,,,,,,,,84,,,0,,0,False,,,,,,,,,84,0,3
K04528.01,,7833305,271669592,tic_kic_crossid,CANDIDATE,CANDIDATE,8.3122447,139.67706,2.663,70.8,7.6,-7.6,0.119294,1.111,3.46,5421,4.483,13.019,0,0,0,0,1,295.37476,43.500431,9,OK,lightkurve,,11,"QLP,SPOC,TESS-SPOC","14,15,40,54,55,74,75,81,82",1.3021954,,92.195434,9.896685,3325.7626,3325.7904,644,52.771261,39.945,0.7569461,198.25878,16,4.8396793,-1.4550654,-260.86949,565.83898,True,OK,PDCSAP_FLUX,QLP,565.83898,602.04723,bootstrap,612.89714,114.81305,OK,4,3,SPOC/PDCSAP_FLUX=473ppm;TESS-SPOC/PDCSAP_FLUX=343ppm;QLP/KSPSAP_FLUX=681ppm;QLP/DET_FLUX=OK,26,9,9,"40,14,15,54,55,74,75,81,82","QLP,SPOC","120,1800,200,600",False,False,4414.3729,1625.1875,2.2352538,9.1315963,2,sector_scatter,5.1373862,6.6488582,0.77267194,0.77267194,linear,6.1373862,0.93985813,0.15313655,6.6488582,33.244291,2.5265129e+16,OK,0.77267194,OK,SAP_FLUX,QLP,552.77584,597.66412,bootstrap,604.76137,92.379238,OK,3,3,SPOC/SAP_FLUX=337ppm;TESS-SPOC/SAP_FLUX=243ppm;QLP/SAP_FLUX=515ppm,26,9,9,"40,14,15,54,55,74,75,81,82","QLP,SPOC","120,1800,200,600",False,False,4345.3027,1542.7757,2.0566247,9.0403016,2,sector_scatter,4.9956964,6.5606276,0.76146624,0.76146624,linear,5.9956964,0.9248938,0.15425961,6.5606276,32.803138,1.6252916e+16,OK,0.76146624,BACKGROUND_TEST_AGREES,2,"SPOC,TESS-SPOC",-113.66227,344.8157,-0.32963196,-0.27846647,PDC_DEEPER_THAN_SAP,0.5,2.5828935,1.7747059,0.9699187,0.66643105,-276.82097,1.0540676,4698,OK,True,0.9699187,4.932749,-2.3064119,1.1114932,fixed_b,not_measurable,not_measurable,,False,,0,0,1,1,0.3,116.91663,602.04723,27,3.5949769,1,True,OK:1,0.20290764,384.86765,614.49375,343.43732,681.12277,472.90709,222.40166,84,117.95266,597.66412,27,3.4676472,0,False,,0.16711881,272.9204,457.67887,242.82768,514.53133,336.86741,309.94815,84,0.027739583,3
K02527.01,Kepler-1850 b,7879433,158389981,tic_kic_crossid_over_name_planet,CONFIRMED,CANDIDATE,1.3857877,135.49119,1.6449,85.4,5.5,-5.5,0.008438,0.35,6.12,4239,4.667,14.131,0,0,0,0,1,287.1427,43.616051,9,OK,lightkurve,,29,"QLP,SPOC,TESS-SPOC","14,40,41,53,54,55,74,75,80,81,82",0.95255992,,81.348617,5.2390796,3343.9617,3343.9617,3879,24.877782,0,,99.306845,16,1.8639555,1.0969652,173.2648,296.51026,False,OK,PDCSAP_FLUX,QLP,173.2648,816.96825,bootstrap,2779.7472,2656.9828,OK,4,2,SPOC/PDCSAP_FLUX=OK;TESS-SPOC/PDCSAP_FLUX=OK;QLP/KSPSAP_FLUX=70163ppm;QLP/DET_FLUX=62348ppm,189,11,11,"40,41,53,55,74,75,80,81,82,14,54","QLP,SPOC","120,1800,600",True,False,10149.413,-1153.287,0.70885141,3.8153407,18,smeared;sector_scatter,1.1299047,34.170896,0.033066289,0.033066289,linear,2.1299047,0.21208266,0.099573781,34.170896,170.85448,1.2927278e+76,OK,0.033066289,OK,SAP_FLUX,QLP,81.940408,637.38779,bootstrap,637.38779,,TOO_FEW_MEMBERS,3,1,SPOC/SAP_FLUX=OK;TESS-SPOC/SAP_FLUX=OK;QLP/SAP_FLUX=66960ppm,200,11,11,"40,41,53,55,74,75,80,81,82,14,54","QLP,SPOC","120,1800,600",True,False,7238.0316,-619.58812,0.4909214,3.5860686,18,smeared;sector_scatter,0.0072747534,7.835687,0.00092841297,0.00092841297,linear,1.0072748,0.1285566,0.12762814,7.835687,39.178435,8.4203134e+18,OK,0.00092841297,BACKGROUND_TEST_UNAVAILABLE,0,,,,,,,0.02,0.89298911,1.6053037,0.54288352,0.97592786,191.67912,1.4153381,38407,OK,True,0.54288352,1.0044052,-0.34196474,0.86794785,fixed_b,not_measurable,not_measurable,,False,,0,0,1,1,1.3,157.94922,816.96825,197,33.275985,2,True,OK:2,15.33481,63598.373,68912.338,62348.028,70162.683,66255.356,69989.418,84,107.49519,637.38779,209,35.603335,2,True,OK:2,,,,,,,,84,0,3
K04759.01,,7949593,158556767,tic_kic_crossid,CANDIDATE,CANDIDATE,17.766294,146.6886,3.079,181.1,21.5,-21.5,0.014903,0.909,19.95,5724,4.495,14.971,0,0,0,0,1,287.77301,43.73391,9,OK,lightkurve,,6,"SPOC,TESS-SPOC","80,81,82",1.0442617,,189.1158,22.451628,3522.7723,3522.7723,312,119.39673,0,,404.37519,24,1.887411,-0.17410805,-315.48777,3135.317,False,OK,PDCSAP_FLUX,SPOC,-315.48777,1812.0228,analytic,1812.0228,,TOO_FEW_MEMBERS,2,0,SPOC/PDCSAP_FLUX=OK;TESS-SPOC/PDCSAP_FLUX=OK,4,3,3,"80,81,82",SPOC,120,False,False,21943.1,-1677.3838,0.41079681,1.5640287,3,,-2.6682253,9.5824175,-0.27845012,-0.27845012,linear,-1.6682253,-0.17410805,0.10436723,9.5824175,47.912088,1.2152989e+23,OK,-0.27845012,OK,SAP_FLUX,SPOC,193.84508,694.83415,analytic,694.83415,,TOO_FEW_MEMBERS,2,1,SPOC/SAP_FLUX=194ppm;TESS-SPOC/SAP_FLUX=OK,5,3,3,"80,81,82",SPOC,120,False,False,9568.2899,180.91424,0.12542632,1.0875593,3,,0.025007288,3.6763775,0.0068021544,0.0068021544,linear,1.0250073,0.27898035,0.27217402,3.6763775,18.381888,1.8191991e+10,OK,0.0068021544,BACKGROUND_TEST_UNAVAILABLE,0,,,,,,,0.079458206,5.1749842,1.8831415,1.6807354,0.61160814,-1627.4275,1.2095863,1623,OK,True,1.6807354,,,0.67414298,inconclusive,not_measurable,not_measurable,,False,,0,0,1,1,0.1,1812.0228,1412.639,5,1.0436909,2,True,OK:2,,,,,,,,84,694.83415,440.83388,5,0.54868718,1,True,OK:1,,,,,,,,84,0,3
K02674.01,Kepler-1311 d,8022489,159106207,tic_kic_crossid_over_name_planet,CONFIRMED,CANDIDATE,197.51115,272.3864,11.106,2575.6,16,-16,0.05206,0.814,90.6,5616,4.004,13.349,0,0,0,0,3,289.65125,43.824421,9,OK,lightkurve,NO_USABLE_TRANSIT,20,"QLP,SPOC,TESS-SPOC","14,40,41,54,55,74,75,80,81,82",1.0129526,,2608.9606,16.207241,3438.1874,3438.1874,27,14.265926,0,,209.38778,4,,,,,False,NO_USABLE_TRANSIT,PDCSAP_FLUX,QLP,,,none,,,TOO_FEW_MEMBERS,4,0,SPOC/PDCSAP_FLUX=NO_USABLE_TRANSIT;TESS-SPOC/PDCSAP_FLUX=NO_USABLE_TRANSIT;QLP/KSPSAP_FLUX=NO_USABLE_TRANSIT;QLP/DET_FLUX=NO_USABLE_TRANSIT,0,10,0,"74,75,80,81,82,14,40,41,54,55","QLP,SPOC","120,1800,600",False,False,,,,,10,,,,,,,,,,,,,NO_USABLE_TRANSIT,,NO_USABLE_TRANSIT,SAP_FLUX,QLP,,,none,,,TOO_FEW_MEMBERS,3,0,SPOC/SAP_FLUX=NO_USABLE_TRANSIT;TESS-SPOC/SAP_FLUX=NO_USABLE_TRANSIT;QLP/SAP_FLUX=NO_USABLE_TRANSIT,0,10,0,"74,75,80,81,82,14,40,41,54,55","QLP,SPOC","120,1800,600",False,False,,,,,10,,,,,,,,,,,,,NO_USABLE_TRANSIT,,BACKGROUND_TEST_UNAVAILABLE,0,,,,,,,0.13556952,,,,,,,0,too_few_points,False,,,,,inconclusive,not_measured,not_measured,,False,,0,0,1,1,0.1,,,0,,4,True,NO_USABLE_TRANSIT:4,,,,,,,,84,,,0,,3,True,NO_USABLE_TRANSIT:3,,,,,,,,84,0,3
K02674.02,Kepler-1311 b,8022489,159106207,tic_kic_crossid_over_name_planet,CONFIRMED,CANDIDATE,11.172672,140.00764,6.106,76.8,4.7,-4.7,0.008182,0.504,12.22,5616,4.004,13.349,0,0,0,0,3,289.65125,43.824421,9,OK,lightkurve,,20,"QLP,SPOC,TESS-SPOC","14,40,41,54,55,74,75,80,81,82",0.97347784,,74.763098,4.5753458,3481.1349,3481.1349,493,79.778761,0,,330.92628,14,2.7610945,2.4640053,344.06937,385.54491,False,OK,PDCSAP_FLUX,QLP,344.06937,173.71527,bootstrap,205.44986,109.69343,OK,4,4,SPOC/PDCSAP_FLUX=307ppm;TESS-SPOC/PDCSAP_FLUX=212ppm;QLP/KSPSAP_FLUX=412ppm;QLP/DET_FLUX=537ppm,21,10,10,"74,75,80,81,82,14,40,41,54,55","QLP,SPOC","120,1800,600",False,False,4812.5884,-97.201854,0.26042866,1.2405174,10,,3.6021283,2.7491476,1.310271,1.310271,linear,4.6021283,1.9806513,0.43037724,2.7491476,13.745738,69724441,OK,1.310271,OK,SAP_FLUX,QLP,364.36517,168.89627,bootstrap,223.80512,146.84272,OK,3,3,SPOC/SAP_FLUX=251ppm;TESS-SPOC/SAP_FLUX=143ppm;QLP/SAP_FLUX=575ppm,22,10,10,"74,75,80,81,82,14,40,41,54,55","QLP,SPOC","120,1800,600",False,False,4767.4359,-159.49567,0.44978812,2.6989446,10,,1.5838321,0.6192959,2.5574724,1.2935415,ln,4.8735964,2.1573311,0.4426569,2.9945668,14.972834,2.378518e+08,OK,2.5574724,BACKGROUND_TEST_AGREES,2,"SPOC,TESS-SPOC",-60.820859,231.11182,-0.26316637,-0.23450735,PDC_DEEPER_THAN_SAP,0.02,5.7441724,1.4863777,0.94074229,0.24342904,378.96052,2.6429167,10580,OK,False,0.94074229,1.0123937,-0.27542267,0.58454831,fixed_b,not_measurable,not_measurable,,False,,0,0,1,1,0.3,139.63824,173.71527,24,1.7113086,0,False,,0.31881196,257.46177,476.84863,212.00343,536.57399,359.42724,192.50462,84,134.21295,168.89627,25,1.9221536,0,False,,0.40300976,177.32426,471.00969,142.70269,574.59303,250.8951,221.66248,84,0,3
K02674.03,Kepler-1311 c,8022489,159106207,tic_kic_crossid_over_name_planet,CONFIRMED,CANDIDATE,2.5357328,133.01581,3.989,68,3,-3,0.007455,0.054,4.9207,5616,4.004,13.349,0,0,0,0,3,289.65125,43.824421,9,OK,lightkurve,,20,"QLP,SPOC,TESS-SPOC","14,40,41,54,55,74,75,80,81,82",0.95927513,,65.230709,2.8778254,3486.3061,3486.3061,2177,35.178288,0,,165.36987,12,1.9008933,0.013720301,1.2086813,168.12035,False,OK,PDCSAP_FLUX,QLP,1.2086813,110.89191,bootstrap,119.25038,43.859294,OK,4,3,SPOC/PDCSAP_FLUX=88ppm;TESS-SPOC/PDCSAP_FLUX=23ppm;QLP/KSPSAP_FLUX=OK;QLP/DET_FLUX=152ppm,92,10,10,"74,75,80,81,82,14,40,41,54,55","QLP,SPOC","120,1800,600",False,False,4612.9952,-29.846035,0.13224061,1.716726,10,,-0.98147067,1.8293482,-0.53651386,-0.53651386,linear,0.01852933,0.010899635,0.58823687,1.8293482,9.146741,612047.26,OK,-0.53651386,OK,SAP_FLUX,QLP,80.793861,104.11813,bootstrap,104.34379,6.8586427,OK,3,2,SPOC/SAP_FLUX=193ppm;TESS-SPOC/SAP_FLUX=213ppm;QLP/SAP_FLUX=OK,100,10,10,"74,75,80,81,82,14,40,41,54,55","QLP,SPOC","120,1800,600",False,False,4759.3547,-191.09523,0.89325122,1.7549655,10,,0.23858629,1.6010007,0.14902323,0.14902323,linear,1.2385863,0.77598261,0.6265067,1.6010007,8.0050036,195360.15,OK,0.14902323,BACKGROUND_TEST_AGREES,2,"SPOC,TESS-SPOC",145.43368,135.02721,1.0770695,2.6253614,SAP_DEEPER_THAN_PDC,0.02,4.5073648,0.6836153,1.1299485,0.17137511,-175.42198,1.2204078,30337,OK,False,1.1299485,0.99349771,0.79412861,,fixed_b,not_measurable,not_measurable,,False,,0,0,1,1,0.6,88.094376,110.89191,105,1.8780384,1,True,OK:1,36.286896,43.679308,131.3979,22.850201,151.84813,87.94116,150.63944,84,82.444346,104.11813,108,2.1345925,1,True,OK:1,0.084890641,195.86456,209.58185,192.63697,212.80944,202.72321,132.01558,84,0,3
K00520.01,Kepler-176 c,8037145,271159950,tic_kic_crossid_confirms_name_planet,CONFIRMED,CANDIDATE,12.759345,170.32152,3.5889,882.1,13.3,-13.3,0.028553,0.657,21.51,4963,4.501,14.55,0,0,0,0,4,294.66797,43.85326,9,OK,lightkurve,,8,"SPOC,TESS-SPOC","74,75,81,82",0.98606917,,869.81161,13.11472,3362.2464,3362.2464,420,11.480702,0,,88.275605,10,2.7929911,1.8234681,1369.6027,2156.226,False,OK,PDCSAP_FLUX,SPOC,1369.6027,1169.0015,bootstrap,1169.2915,26.041055,OK,2,2,SPOC/PDCSAP_FLUX=1370ppm;TESS-SPOC/PDCSAP_FLUX=1446ppm,8,4,4,"74,75,81,82",SPOC,120,False,False,15804.936,3414.8026,2.2462642,3.5000818,4,sector_scatter,0.57459693,1.3453183,0.42710854,0.42710854,linear,1.5745969,1.1716005,0.74406375,1.3453183,6.7265915,724812.92,OK,0.42710854,OK,SAP_FLUX,SPOC,530.88289,319.85513,bootstrap,320.21366,15.148681,OK,2,2,SPOC/SAP_FLUX=531ppm;TESS-SPOC/SAP_FLUX=486ppm,8,4,4,"74,75,81,82",SPOC,120,False,False,5716.3994,865.59626,1.5162903,2.3664906,4,,-0.38965762,0.37182714,-1.0479537,-1.0479537,linear,0.61034238,1.6597604,2.7193924,0.37182714,1.8591357,4712.8021,OK,-1.0479537,BACKGROUND_TEST_AGREES,2,"SPOC,TESS-SPOC",-893.99104,893.71154,-1.0003128,-0.63498266,PDC_DEEPER_THAN_SAP,0.047884961,3.2746686,3.768345,0.91244354,1.05,519.52022,1.0800771,4305,OK,True,0.91244354,1.0119266,-0.089838287,0.73247272,fixed_b,not_measurable,not_measurable,,False,,0,0,1,1,0.2,751.0977,1169.0015,8,3.1300222,0,False,,0.019013583,1381.8573,1433.9394,1369.6027,1446.194,1407.8984,76.591338,84,281.67036,319.85513,8,1.925827,0,False,,0.028534884,493.45674,523.7541,486.32794,530.88289,508.60542,44.554945,84,0,3
K00520.02,Kepler-176 b,8037145,271159950,tic_kic_crossid_confirms_name_planet,CONFIRMED,CANDIDATE,5.4331329,138.36644,2.4012,328.2,10.7,-10.7,0.017857,0.72,12.47,4963,4.501,14.55,0,0,0,0,4,294.66797,43.85326,9,OK,lightkurve,,8,"SPOC,TESS-SPOC","74,75,81,82",0.99606845,,326.90967,10.657932,3366.4674,3366.4674,993,13.787133,0,,77.379399,12,1.1412897,-0.35132981,-222.86485,747.69857,False,OK,PDCSAP_FLUX,SPOC,-222.86485,755.4667,bootstrap,755.4667,,TOO_FEW_MEMBERS,2,1,SPOC/PDCSAP_FLUX=OK;TESS-SPOC/PDCSAP_FLUX=0ppm,20,4,4,"74,75,81,82",SPOC,120,False,False,17689.337,922.17426,0.63115191,2.1028174,4,,-1.6817322,2.3117049,-0.7274857,-0.7274857,linear,-0.68173223,-0.29500288,0.43272545,2.3117049,11.558524,34215821,OK,-0.7274857,OK,SAP_FLUX,SPOC,-171.06997,270.81572,bootstrap,270.81572,,TOO_FEW_MEMBERS,2,0,SPOC/SAP_FLUX=OK;TESS-SPOC/SAP_FLUX=OK,20,4,4,"74,75,81,82",SPOC,120,False,False,6428.5723,339.00869,0.6358546,2.1194679,4,,-1.5232943,0.83055913,-1.8340589,-1.8340589,linear,-0.52329433,-0.63168406,1.2071296,0.83055913,4.1527957,20468.333,OK,-1.8340589,BACKGROUND_TEST_UNAVAILABLE,0,,,,,,,0.035777449,0.96048,2.52126,0.4,1.05,-802.87408,1.0283998,6670,OK,True,0.4,,,0.97632557,inconclusive,not_measurable,not_measurable,,False,,0,0,1,1,0.2,634.34656,755.4667,20,1.540246,1,True,OK:1,,,,,,,,84,234.07205,270.81572,20,1.5200895,2,True,OK:2,,,,,,,,84,0,3
K00520.03,Kepler-176 d,8037145,271159950,tic_kic_crossid_confirms_name_planet,CONFIRMED,CANDIDATE,25.75275,136.43851,2.7678,738.9,21.2,-21.2,0.02519,0.516,63,4963,4.501,14.55,0,0,0,0,4,294.66797,43.85326,9,OK,lightkurve,,8,"SPOC,TESS-SPOC","74,75,81,82",0.9705366,,717.12949,20.575376,3377.516,3377.516,210,19.505107,0,,100.03232,12,1.0953413,1.0953413,1540.6889,1540.6889,False,OK,PDCSAP_FLUX,SPOC,1540.6889,1406.5834,analytic,1406.6442,13.080507,OK,2,2,SPOC/PDCSAP_FLUX=1541ppm;TESS-SPOC/PDCSAP_FLUX=1502ppm,3,4,3,"74,75,81,82",SPOC,120,False,False,14571.801,1138.565,0.34328124,0.98245173,4,,1.148411,1.9623396,0.58522541,0.58522541,linear,2.148411,1.0953413,0.50983787,1.9623396,9.8116979,13083985,OK,0.58522541,OK,SAP_FLUX,SPOC,402.06551,538.30487,analytic,538.30759,1.7105773,OK,2,2,SPOC/SAP_FLUX=402ppm;TESS-SPOC/SAP_FLUX=407ppm,3,4,3,"74,75,81,82",SPOC,120,False,False,5240.5887,523.28232,0.35913914,0.64801932,4,,-0.43934044,0.75285241,-0.58356782,-0.58356782,linear,0.56065956,0.7469104,1.3321995,0.75285241,3.7642621,30214.003,OK,-0.58356782,BACKGROUND_TEST_AGREES,2,"SPOC,TESS-SPOC",-1118.8166,1111.5421,-1.0065445,-0.73536067,PDC_DEEPER_THAN_SAP,0.033201377,1.8607757,2.1058286,0.67229415,0.76083119,2135.9399,1.0612552,1505,OK,False,0.67229415,1.0152983,-0.36384561,0.83445781,fixed_b,not_measurable,not_measurable,,False,,0,0,1,1,0.1,1406.5834,1160.3564,4,0.98245173,0,False,,0.0084900382,1508.3723,1534.5334,1502.2168,1540.6889,1521.4528,38.472081,84,538.30487,374.47352,4,0.64801932,0,False,,0.0042544741,402.87048,406.29164,402.06551,407.09662,404.58106,5.0311096,84,0,3
K00520.04,Kepler-176 e,8037145,271159950,tic_kic_crossid_confirms_name_planet,CONFIRMED,CANDIDATE,51.165802,172.30921,4.637,259.2,22,-22,0.016698,0.817,51.1,4963,4.501,14.55,0,0,0,0,4,294.66797,43.85326,9,OK,lightkurve,,8,"SPOC,TESS-SPOC","74,75,81,82",1.0183986,,263.96893,22.40477,3377.7184,3377.7184,105,65.853951,0,,267.11685,13,0.87583559,-1.701558,-2157.6497,1205.8744,False,OK,PDCSAP_FLUX,SPOC,-2157.6497,1268.0436,analytic,1268.0436,,TOO_FEW_MEMBERS,2,0,SPOC/PDCSAP_FLUX=OK;TESS-SPOC/PDCSAP_FLUX=OK,2,4,2,"74,75,81,82",SPOC,120,False,False,14635.024,,,0.11445081,4,,-9.1738778,4.804771,-1.9093268,-1.9093268,linear,-8.1738778,-1.701558,0.20817022,4.804771,24.023855,7.1611109e+12,OK,-1.9093268,OK,SAP_FLUX,SPOC,-657.11337,513.6712,analytic,513.6712,,TOO_FEW_MEMBERS,2,0,SPOC/SAP_FLUX=OK;TESS-SPOC/SAP_FLUX=OK,2,4,2,"74,75,81,82",SPOC,120,False,False,5904.4411,,,0.98595296,4,,-3.4893588,1.9484451,-1.7908428,-1.7908428,linear,-2.4893588,-1.279249,0.51388695,1.9484451,9.7422253,4492850.7,OK,-1.7908428,BACKGROUND_TEST_UNAVAILABLE,0,,,,,,,0.047893596,2.5173509,0.54232232,0.54288352,0.11695543,-2847.9487,0.90538718,1392,OK,False,0.54288352,,,0.96215987,inconclusive,not_measurable,not_measurable,,False,,0,0,1,1,0.1,1268.0436,300.11485,2,0.11445081,2,True,OK:2,,,,,,,,84,513.6712,353.87696,2,0.98595296,2,True,OK:2,,,,,,,,84,0,3
K05468.01,,8040457,271956318,tic_kic_crossid,CANDIDATE,CANDIDATE,81.704814,151.4216,1.468,297,84.9,-84.9,0.015898,0.0021,432,6099,4.421,14.794,0,0,0,0,1,295.70108,43.825218,9,QUERY_RETURNED_ZERO_ROWS,lightkurve,QUERY_RETURNED_ZERO_ROWS,0,,,0.96418097,,286.36175,81.858964,,,0,,0,,36,0,,,,,False,FLUX_COLUMN_NOT_PRESENT,,,,,,,,ENSEMBLE_NOT_ATTEMPTED,0,0,,0,0,0,,,,False,False,,,,,0,,,,,,,,,,,,,NO_USABLE_TRANSIT,,FLUX_COLUMN_NOT_PRESENT,,,,,,,,ENSEMBLE_NOT_ATTEMPTED,0,0,,0,0,0,,,,False,False,,,,,0,,,,,,,,,,,,,NO_USABLE_TRANSIT,,BACKGROUND_TEST_UNAVAILABLE,0,,,,,,,,,,,,,,0,too_few_points,False,,,,,inconclusive,not_measured,not_measured,,False,,0,0,1,1,0,,,0,,0,False,,,,,,,,,84,,,0,,0,False,,,,,,,,,84,0,3
K00089.01,Kepler-462 b,8056665,269263577,tic_kic_crossid_over_name_planet,CONFIRMED,CANDIDATE,84.687752,150.57084,10.0248,347.7,4.1,-4.1,0.017238,0.017,65.64,6688,4.062,11.642,0,0,0,0,2,299.82117,43.81427,9,OK,lightkurve,,27,"QLP,SPOC,TESS-SPOC","14,15,41,54,55,74,75,81,82",0.96919453,,336.98894,3.9736976,3318.8992,3318.7947,63,16.319067,-150.43215,9.2181831,199.3292,7,4.5694937,2.7264623,460.90089,734.77201,True,OK,PDCSAP_FLUX,SPOC,734.77201,160.79944,analytic,435.10657,404.30343,OK,4,4,SPOC/PDCSAP_FLUX=735ppm;TESS-SPOC/PDCSAP_FLUX=601ppm;QLP/KSPSAP_FLUX=1919ppm;QLP/DET_FLUX=488ppm,2,9,2,"14,15,41,54,55,74,75,81,82",SPOC,120,False,False,2630.8487,406.90232,1.2318605,1.5174803,18,,0.77951016,0.59438953,1.3114466,0.91349712,ln,2.180404,4.5694937,2.0957097,1.2921814,6.4609068,215214.89,OK,1.3114466,OK,SAP_FLUX,SPOC,1095.3579,147.13923,analytic,263.83849,218.99954,OK,3,3,SPOC/SAP_FLUX=1095ppm;TESS-SPOC/SAP_FLUX=995ppm;QLP/SAP_FLUX=1639ppm,2,9,2,"14,15,41,54,55,74,75,81,82",SPOC,120,False,False,2392.5081,-92.386748,0.30822943,0.095005385,18,,1.1787863,0.24628692,4.7862318,2.8682004,ln,3.2504267,7.4443632,2.2902726,0.7846128,3.923064,16699.523,OK,4.7862318,BACKGROUND_TEST_AGREES,2,"SPOC,TESS-SPOC",376.00382,161.13432,2.3334807,0.56314065,SAP_DEEPER_THAN_PDC,0.02,6.7396144,0.97279896,0.67229415,0.097039239,421.51731,0.96388301,2193,OK,False,0.67229415,1.0080796,-2.6504695,0.75313186,fixed_b,not_measurable,not_measurable,,False,,0,0,1,1,0.2,160.79944,142.65139,3,1.5174803,0,False,,0.55024338,542.13905,1350.7459,488.1663,1919.3372,667.69077,1184.5652,84,147.13923,32.257571,3,0.095005385,0,False,,0.19993424,1027.248,1465.2471,995.1963,1639.3126,1095.3579,543.95474,84,-0.10446677,3
K00089.02,Kepler-462 c,8056665,269263577,tic_kic_crossid_over_name_planet,CONFIRMED,CANDIDATE,207.58293,289.88311,7.0686,505.1,7.6,-7.6,0.023144,0.84,131.1,6688,4.062,11.642,0,0,0,0,2,299.82117,43.81427,9,OK,lightkurve,,27,"QLP,SPOC,TESS-SPOC","14,15,41,54,55,74,75,81,82",1.0138295,,512.08529,7.7051044,3312.4564,3312.4564,25,20.861068,0,,168.6122,10,1.0029849,-2.0151513,-514.0403,252.48818,False,OK,PDCSAP_FLUX,SPOC,-514.0403,255.0877,analytic,255.0877,,TOO_FEW_MEMBERS,4,0,SPOC/PDCSAP_FLUX=OK;TESS-SPOC/PDCSAP_FLUX=OK;QLP/KSPSAP_FLUX=NO_USABLE_TRANSIT;QLP/DET_FLUX=OK,1,9,1,"14,15,41,54,55,74,75,81,82",SPOC,120,False,False,2296.006,,,,18,,-2.0038177,0.50086431,-4.0007197,-4.0007197,linear,-1.0038177,-2.0151513,2.0074872,0.50086431,2.5043216,5753.409,OK,-4.0007197,OK,SAP_FLUX,SPOC,-1293.4562,215.19831,analytic,215.19831,,TOO_FEW_MEMBERS,3,0,SPOC/SAP_FLUX=OK;TESS-SPOC/SAP_FLUX=OK;QLP/SAP_FLUX=OK,1,9,1,"14,15,41,54,55,74,75,81,82",SPOC,120,False,False,1936.9676,,,,18,,-3.5258609,0.42347063,-8.326105,-8.326105,linear,-2.5258609,-6.0105316,2.3795972,0.42347063,2.1173531,3742.8905,OK,-8.326105,BACKGROUND_TEST_UNAVAILABLE,0,,,,,,,0.073182104,,,,,,,0,too_few_points,False,,,,,inconclusive,not_measurable,not_measurable,,False,,0,0,1,1,0.2,255.0877,,2,0,4,True,NO_USABLE_TRANSIT:1;OK:3,,,,,,,,84,215.19831,,2,0,3,True,OK:3,,,,,,,,84,0,3
K03245.01,Kepler-1445 b,8073705,351766604,tic_kic_crossid_over_name_planet,CONFIRMED,CANDIDATE,10.600521,132.98523,4.509,60.9,4.1,-4.1,0.00769,0.729,12.52,6035,4.212,12.405,0,0,0,0,1,280.24945,43.915058,9,OK,lightkurve,,17,"QLP,SPOC,TESS-SPOC","14,26,40,41,53,54,74,80",0.9964028,,60.68093,4.0852515,3329.8489,3329.8489,506,65.185566,0,,263.1917,14,1.584815,0.098673208,10.803529,197.76339,False,OK,PDCSAP_FLUX,QLP,10.803529,136.70363,bootstrap,160.80562,84.679198,OK,4,4,SPOC/PDCSAP_FLUX=50ppm;TESS-SPOC/PDCSAP_FLUX=190ppm;QLP/KSPSAP_FLUX=108ppm;QLP/DET_FLUX=300ppm,17,8,8,"74,80,14,26,41,53,54,40","QLP,SPOC,TESS-SPOC","120,1800,600",False,False,1674.6756,85.502749,0.38350771,0.79081507,9,,-0.82196172,2.6513456,-0.31001681,-0.31001681,linear,0.17803828,0.079028836,0.44388676,2.6513456,13.256728,34703663,OK,-0.31001681,OK,SAP_FLUX,QLP,-9.2429084,123.47885,bootstrap,124.28074,14.095255,OK,3,2,SPOC/SAP_FLUX=OK;TESS-SPOC/SAP_FLUX=107ppm;QLP/SAP_FLUX=148ppm,18,8,8,"74,80,14,26,41,53,54,40","QLP,SPOC,TESS-SPOC","120,1800,600",False,False,1586.3287,83.149454,0.3678667,0.84527876,9,,-1.1523198,2.0498182,-0.56215707,-0.56215707,linear,-0.15231982,-0.074854182,0.49142772,2.0498182,10.249091,1714591.3,OK,-0.56215707,BACKGROUND_TEST_AGREES,1,TESS-SPOC,-83.879712,207.6962,-0.40385771,-0.44051511,PDC_DEEPER_THAN_SAP,0.02,11.2725,0.49349012,2.5,0.10944558,-156.76294,1.0281989,3304,OK,True,2.5,0.99071287,11.816057,,duration_inconsistent,not_measurable,not_measurable,,False,,0,0,1,1,0.2,109.48796,136.70363,18,1.2348338,0,False,,7.8381055,77.793346,247.15174,49.86853,299.52616,149.22901,288.72263,84,104.93657,123.47885,19,1.2864662,1,True,OK:1,0.11075829,113.16614,141.35665,106.53308,147.98971,127.2614,20.728316,84,0,3
K00235.01,Kepler-499 b,8107225,271430916,tic_kic_crossid_over_name_planet,CONFIRMED,CANDIDATE,5.6325251,133.81818,2.1448,634.4,10.3,-10.3,0.023204,0.455,18.4,5216,4.58,14.353,0,0,0,0,1,295.10995,43.915211,9,OK,lightkurve,,8,"SPOC,TESS-SPOC","74,75,81,82",0.9672461,,613.62092,9.9626348,3368.4098,3368.4098,959,8.386119,0,0,57.330357,10,3.2808079,3.2808079,1943.1072,1943.1072,True,OK,PDCSAP_FLUX,SPOC,1943.1072,567.05947,bootstrap,571.86497,73.980432,OK,2,2,SPOC/PDCSAP_FLUX=1943ppm;TESS-SPOC/PDCSAP_FLUX=1726ppm,17,4,4,"74,75,81,82",SPOC,120,False,False,13753.595,854.10957,0.68336025,3.3361382,4,sector_scatter,1.1526663,0.29896266,3.8555526,2.3211356,ln,3.1666248,3.4266374,1.0821104,0.93343307,4.6671654,64673.019,OK,3.8555526,OK,SAP_FLUX,SPOC,781.12892,253.05177,bootstrap,254.90046,30.64386,OK,2,2,SPOC/SAP_FLUX=781ppm;TESS-SPOC/SAP_FLUX=691ppm,17,4,4,"74,75,81,82",SPOC,120,False,False,6868.8517,456.09717,0.77952774,3.2668777,4,sector_scatter,0.24136286,0.3305305,0.73022871,0.65195077,ln,1.2729829,3.0868344,2.4248829,0.41871699,2.0935849,4365.2692,OK,0.73022871,BACKGROUND_TEST_AGREES,2,"SPOC,TESS-SPOC",-1094.5201,426.04948,-2.5689976,-0.5966923,PDC_DEEPER_THAN_SAP,0.02843494,5.362,0.23473888,2.5,0.10944558,-503.3225,1.0693972,5566,OK,True,2.5,1.0220064,13.165986,,duration_inconsistent,not_measurable,not_measurable,,False,,0,0,1,1,0.2,592.26485,567.05947,18,0.90552039,0,False,,0.038073263,1760.332,1908.2929,1725.5177,1943.1072,1834.3125,217.58951,84,279.07445,253.05177,18,0.89572286,0,False,,0.039230221,705.42056,766.70828,690.99992,781.12892,736.06442,90.129001,84,0,3
K01858.01,Kepler-985 b,8160953,159305424,tic_kic_crossid_over_name_planet,CONFIRMED,CANDIDATE,116.33117,173.68887,7.025,1586.3,54.1,-54.1,0.035703,0.032,130.95,5354,4.533,14.767,0,0,0,0,2,290.14432,44.04995,9,OK,lightkurve,NO_USABLE_TRANSIT,6,"SPOC,TESS-SPOC","80,81,82",0.95534298,,1515.4606,51.684055,3474.2539,3474.2539,47,41.739877,0,,230.59463,6,,,,,False,NO_USABLE_TRANSIT,PDCSAP_FLUX,SPOC,,,none,,,TOO_FEW_MEMBERS,2,0,SPOC/PDCSAP_FLUX=NO_USABLE_TRANSIT;TESS-SPOC/PDCSAP_FLUX=NO_USABLE_TRANSIT,0,3,0,"80,81,82",SPOC,120,False,False,,,,,3,,,,,,,,,,,,,NO_USABLE_TRANSIT,,NO_USABLE_TRANSIT,SAP_FLUX,SPOC,,,none,,,TOO_FEW_MEMBERS,2,0,SPOC/SAP_FLUX=NO_USABLE_TRANSIT;TESS-SPOC/SAP_FLUX=NO_USABLE_TRANSIT,0,3,0,"80,81,82",SPOC,120,False,False,,,,,3,,,,,,,,,,,,,NO_USABLE_TRANSIT,,BACKGROUND_TEST_UNAVAILABLE,0,,,,,,,0.034506398,,,,,,,0,too_few_points,False,,,,,inconclusive,not_measured,not_measured,,False,,0,0,1,1,0,,,0,,2,True,NO_USABLE_TRANSIT:2,,,,,,,,84,,,0,,2,True,NO_USABLE_TRANSIT:2,,,,,,,,84,0,3
K01858.02,,8160953,159305424,tic_kic_crossid_over_name_planet,CANDIDATE,CANDIDATE,86.049055,201.0385,29.28,429.9,35,-35,0.018911,0.2597,22.13,5733,4.432,14.767,0,0,0,0,2,290.14432,44.04995,9,OK,lightkurve,,6,"SPOC,TESS-SPOC","80,81,82",0.96474442,,414.74363,33.766055,3541.178,3541.178,64,653.72665,0,,864,9,2.1582731,0.51445367,476.99258,1980.7215,False,OK,PDCSAP_FLUX,SPOC,476.99258,927.18278,analytic,927.18278,,TOO_FEW_MEMBERS,2,1,SPOC/PDCSAP_FLUX=477ppm;TESS-SPOC/PDCSAP_FLUX=OK,1,3,1,"80,81,82",SPOC,120,False,False,18748.542,,,,3,,0.1500902,2.2375971,0.067076508,0.067076508,linear,1.1500902,0.51445367,0.44731593,2.2375971,11.187985,29967745,OK,0.067076508,OK,SAP_FLUX,SPOC,-429.28816,301.94095,analytic,301.94095,,TOO_FEW_MEMBERS,2,0,SPOC/SAP_FLUX=OK;TESS-SPOC/SAP_FLUX=OK,1,3,1,"80,81,82",SPOC,120,False,False,6105.541,,,,3,,-2.0350687,0.7342608,-2.7715884,-2.7715884,linear,-1.0350687,-1.421762,1.3735919,0.7342608,3.671304,15885.976,OK,-2.7715884,BACKGROUND_TEST_UNAVAILABLE,0,,,,,,,0.02,70.998049,29.566215,2.4247968,1.0097751,-444.82317,0.98000413,4230,OK,True,2.4247968,1.0014384,1.9637077,,fixed_b,not_measurable,not_measurable,,False,,0,0,1,1,0.1,927.18278,,1,3.4184548e-33,1,True,OK:1,,,,,,,,84,301.94095,,1,3.2234173e-32,2,True,OK:2,,,,,,,,84,0,3
K00688.01,Kepler-645 b,8161561,159381747,tic_kic_crossid_over_name_planet,CONFIRMED,CANDIDATE,3.275822,170.25357,3.0427,274.9,4.9,-4.9,0.016437,0.746,5.74,6185,4.013,13.992,0,0,0,0,1,290.32278,44.035809,9,OK,lightkurve,,10,"SPOC,TESS-SPOC","74,75,80,81,82",0.99882029,,274.5757,4.8942194,3490.2554,3490.2554,1675,11.55124,0,,80.294219,9,1.4853117,-0.65440963,-233.99364,526.54465,False,OK,PDCSAP_FLUX,SPOC,-233.99364,385.82888,bootstrap,385.82888,,TOO_FEW_MEMBERS,2,0,SPOC/PDCSAP_FLUX=OK;TESS-SPOC/PDCSAP_FLUX=OK,31,5,5,"74,75,80,81,82",SPOC,120,False,False,12784.896,869.54572,1.1541129,1.9549292,5,,-1.8522008,1.4061845,-1.317182,-1.317182,linear,-0.85220083,-0.60646999,0.71165148,1.4061845,7.0309223,310290.67,OK,-1.317182,OK,SAP_FLUX,SPOC,-180.78377,159.07372,bootstrap,159.07372,,TOO_FEW_MEMBERS,2,0,SPOC/SAP_FLUX=OK;TESS-SPOC/SAP_FLUX=OK,35,5,5,"74,75,80,81,82",SPOC,120,False,False,4971.49,73.413117,0.22798899,1.667108,5,,-1.6584114,0.58177052,-2.8506281,-2.8506281,linear,-0.6584114,-1.1364779,1.7260909,0.58177052,2.9088526,4759.975,OK,-2.8506281,BACKGROUND_TEST_UNAVAILABLE,0,,,,,,,0.035765147,1.21708,3.194835,0.4,1.05,-379.95817,1.0322129,14404,OK,True,0.4,,,0.97820431,inconclusive,not_measurable,not_measurable,,False,,0,0,1,1,0.3,357.56448,385.82888,40,1.2307836,2,True,OK:2,,,,,,,,84,133.11954,159.07372,42,1.8508313,2,True,OK:2,,,,,,,,84,0,3
K02480.01,,8189801,268484308,tic_kic_crossid,CANDIDATE,CANDIDATE,0.66682654,133.0412,0.7847,511.6,21.9,-21.9,0.024547,0.856,3.77,3993,4.696,15.745,0,0,0,0,1,298.92639,44.00219,9,OK,lightkurve,,2,"SPOC,TESS-SPOC",81,1.0412458,,532.70137,22.803284,3520.0395,3520.0395,8329,8.2689077,0,,36.577223,11,2.801197,-0.74599874,-1459.9694,5155.9078,False,OK,PDCSAP_FLUX,SPOC,-1459.9694,1778.6532,bootstrap,1778.6532,,TOO_FEW_MEMBERS,2,0,SPOC/PDCSAP_FLUX=OK;TESS-SPOC/PDCSAP_FLUX=OK,37,1,1,81,SPOC,120,False,False,42232.463,7050.1631,2.1615028,,1,,-3.7406902,3.3395798,-1.1201081,-1.1201081,linear,-2.7406902,-0.82082863,0.29949705,3.3395798,16.697899,9.5123798e+09,OK,-1.1201081,OK,SAP_FLUX,SPOC,-453.36462,422.95445,bootstrap,422.95445,,TOO_FEW_MEMBERS,2,0,SPOC/SAP_FLUX=OK;TESS-SPOC/SAP_FLUX=OK,38,1,1,81,SPOC,120,False,False,10214.139,1736.3413,2.3587411,,1,,-1.8510671,0.79670404,-2.3234062,-2.3234062,linear,-0.85106712,-1.0718994,1.2594769,0.79670404,3.9835202,28076.428,OK,-2.3234062,BACKGROUND_TEST_UNAVAILABLE,0,,,,,,,0.084602561,1.902738,0.13891719,2.4247968,0.17703223,1965.1484,0.99639515,4345,OK,True,2.4247968,,,,inconclusive,not_measurable,not_measurable,,False,,0,0,1,1,0.2,1957.0669,1778.6532,38,0.75802571,2,True,OK:2,,,,,,,,84,464.04324,422.95445,39,0.70212713,2,True,OK:2,,,,,,,,84,0,3
K02474.01,,8240617,271046185,tic_kic_crossid,CANDIDATE,CANDIDATE,176.8457,197.27794,3.812,431.6,87.1,-87.1,0.483193,1.4653,81.3,5592,4.541,14.182,0,0,0,0,1,294.39749,44.124199,9,OK,lightkurve,,8,"SPOC,TESS-SPOC","74,75,81,82",1.2797735,,552.35023,111.46827,3335.6489,3335.6489,30,119.57711,0,,415.91133,22,2.0737239,-0.11313054,-122.37896,1945.2752,False,OK,PDCSAP_FLUX,SPOC,-122.37896,1081.75,analytic,1081.75,,TOO_FEW_MEMBERS,2,1,SPOC/PDCSAP_FLUX=OK;TESS-SPOC/PDCSAP_FLUX=547ppm,2,4,2,"74,75,81,82",SPOC,120,False,False,11245.625,406.50359,0.1878916,0.035303254,4,,-1.2215604,1.9694543,-0.62025325,-0.62025325,linear,-0.22156045,-0.11313054,0.51060803,1.9694543,9.8472716,10442567,OK,-0.62025325,OK,SAP_FLUX,SPOC,-131.64013,891.472,analytic,891.472,,TOO_FEW_MEMBERS,2,1,SPOC/SAP_FLUX=OK;TESS-SPOC/SAP_FLUX=354ppm,2,4,2,"74,75,81,82",SPOC,120,False,False,9354.8567,401.61067,0.22245529,0.049486355,4,,-1.2383273,1.6272977,-0.76097156,-0.76097156,linear,-0.23832729,-0.14766603,0.61959347,1.6272977,8.1364886,1886772.4,OK,-0.76097156,BACKGROUND_TEST_AGREES,1,TESS-SPOC,-193.0002,1409.3985,-0.13693799,-0.35308632,PDC_DEEPER_THAN_SAP,0.5,9.53,1.1452306,2.5,0.30042776,-1297.7588,0.9736035,1142,OK,True,2.5,,,1.3675262,inconclusive,not_measurable,not_measurable,,False,,0,0,1,1,0.2,1081.75,140.63198,2,0.035303254,1,True,OK:1,,,,,,,,84,891.472,139.84198,2,0.049486355,1,True,OK:1,,,,,,,,84,0,3
K02822.01,Kepler-1878 b,8263545,184998205,tic_kic_crossid_over_name_planet,CONFIRMED,CANDIDATE,4.4458951,131.74309,2.3816,441.4,24.3,-24.3,0.020568,0.704,10.57,5918,4.544,15.391,0,0,0,0,1,300.73239,44.107059,9,OK,lightkurve,,2,"SPOC,TESS-SPOC",81,0.99308717,,438.34868,24.132018,3522.112,3522.112,1250,31.959506,0,,131.60252,13,0.75139968,-3.0800256,-9555.349,2299.5069,False,OK,PDCSAP_FLUX,SPOC,-9555.349,3102.3603,analytic,3102.3603,,TOO_FEW_MEMBERS,2,0,SPOC/PDCSAP_FLUX=OK;TESS-SPOC/PDCSAP_FLUX=OK,5,1,1,81,SPOC,120,False,False,39370.242,5248.1034,0.82194501,,1,,-22.798512,7.077771,-3.221143,-3.221143,linear,-21.798512,-3.0800256,0.14129522,7.077771,35.388855,1.0256616e+18,OK,-3.221143,OK,SAP_FLUX,SPOC,-1065.1621,404.92847,analytic,404.92847,,TOO_FEW_MEMBERS,2,0,SPOC/SAP_FLUX=OK;TESS-SPOC/SAP_FLUX=OK,6,1,1,81,SPOC,120,False,False,5672.44,601.2906,0.74244745,,1,,-3.4299426,0.92674761,-3.7010537,-3.7010537,linear,-2.4299426,-2.6304946,1.0825336,0.92674761,4.6337381,44666.847,OK,-3.7010537,BACKGROUND_TEST_UNAVAILABLE,0,,,,,,,0.039211827,1.9231633,0.24566627,0.80750893,0.10315178,-8896.9738,1.2082582,1710,OK,False,0.80750893,,,0.82798889,inconclusive,not_measurable,not_measurable,,False,,0,0,1,1,0.1,3102.3603,5120.4568,5,3.4539601,2,True,OK:2,,,,,,,,84,404.92847,449.59133,6,1.4726953,2,True,OK:2,,,,,,,,84,0,3
K04799.01,,8278073,123318083,tic_kic_crossid,CANDIDATE,CANDIDATE,12.072976,142.429,3.783,99.5,13.3,-13.3,0.009058,0.312,23.4,5436,3.993,14.216,0,0,0,0,1,281.55267,44.228531,9,OK,lightkurve,,4,"SPOC,TESS-SPOC","74,80",0.96157365,,95.676578,12.78893,3335.8303,3335.8303,444,124.20516,0,,429.36049,20,1.9506857,-1.9328827,-1343.111,1383.2266,False,OK,PDCSAP_FLUX,SPOC,-1343.111,694.87453,analytic,694.87453,,TOO_FEW_MEMBERS,2,0,SPOC/PDCSAP_FLUX=OK;TESS-SPOC/PDCSAP_FLUX=OK,4,2,2,"74,80",SPOC,120,False,False,9861.9487,-172.85876,0.12402239,0.41665109,2,,-15.038033,7.2641465,-2.070172,-2.070172,linear,-14.038033,-1.9328827,0.137689,7.2641465,36.320732,5.6845914e+17,OK,-2.070172,OK,SAP_FLUX,SPOC,-376.84312,403.12533,analytic,403.12533,,TOO_FEW_MEMBERS,2,0,SPOC/SAP_FLUX=OK;TESS-SPOC/SAP_FLUX=OK,5,2,2,"74,80",SPOC,120,False,False,6647.4367,-943.15928,1.1336276,0.00036464592,2,,-4.9387187,4.2158334,-1.1714691,-1.1714691,linear,-3.9387187,-0.93480387,0.23733705,4.2158334,21.079167,1.3657511e+11,OK,-1.1714691,BACKGROUND_TEST_UNAVAILABLE,0,,,,,,,0.02,5.9814482,0.18271992,1.5811388,0.048300271,-1007.6369,1.0099374,2254,OK,False,1.5811388,,,,inconclusive,not_measurable,not_measurable,,False,,0,0,1,1,0.1,694.87453,242.88355,4,0.15731041,2,True,OK:2,,,,,,,,84,403.12533,600.46212,5,3.5452534,2,True,OK:2,,,,,,,,84,0,3
K07879.01,,8297017,159522005,tic_kic_crossid,CANDIDATE,CANDIDATE,128.20864,230.1943,2.745,212.2,30.7,-30.7,0.014778,0.811,217.7,7128,3.52,11.036,0,0,0,0,1,290.80057,44.270512,9,OK,lightkurve,,9,QLP,"14,15,40,41,54,74,75,81,82",1.0074731,teff_clamped_to_grid,213.78579,30.929423,3319.7485,3319.7485,41,117.92916,0,,394.96249,26,2.919605,-0.67928548,-204.24486,469.36229,False,OK,KSPSAP_FLUX,QLP,-204.24486,300.67603,analytic,300.67603,,TOO_FEW_MEMBERS,2,0,QLP/KSPSAP_FLUX=OK;QLP/DET_FLUX=OK,2,9,2,"14,15,40,41,54,74,75,81,82",QLP,"1800,200,600",False,False,1585.127,51.705724,0.080223471,0.0064358053,0,,-1.9553716,1.4147414,-1.3821407,-1.3821407,linear,-0.95537158,-0.67928548,0.71101705,1.4147414,7.0737069,252163.74,OK,-1.3821407,OK,SAP_FLUX,QLP,-353.35984,295.32706,analytic,295.32706,,TOO_FEW_MEMBERS,1,0,QLP/SAP_FLUX=OK,2,9,2,"14,15,40,41,54,74,75,81,82",QLP,"1800,200,600",False,False,1543.9028,-145.5593,0.23613688,0.055760626,0,,-2.6528687,1.3898706,-1.9087163,-1.9087163,linear,-1.6528687,-1.1965034,0.72389501,1.3898706,6.9493532,222652.59,OK,-1.9087163,BACKGROUND_TEST_UNAVAILABLE,0,,,,,,,0.041437143,2.5046575,0.35036699,0.91244354,0.12763825,-473.81129,0.8782623,326,OK,False,0.91244354,,,0.84854001,inconclusive,not_measurable,not_measurable,,False,,0,0,1,1,0.1,300.67603,18.485265,2,0.0064358053,2,True,OK:2,,,,,,,,84,295.32706,51.428131,2,0.055760626,1,True,OK:1,,,,,,,,84,0,3
K04567.01,,8332521,185335694,tic_kic_crossid,CANDIDATE,CANDIDATE,14.74426,135.04,8.168,113.6,11.1,-11.1,0.07515,1.063,2.47,6146,4.454,13.775,0,0,0,0,2,301.56284,44.240391,9,OK,lightkurve,,10,"QLP,SPOC,TESS-SPOC","14,15,41,54,55,75,81,82",1.2185256,,138.42451,13.525634,2818.9015,2819.1284,329,143.32895,326.68733,2.2792836,552.50685,16,3.0512446,-2.4871764,-1090.3935,1314.6309,True,OK,PDCSAP_FLUX,QLP,1314.6309,689.21373,bootstrap,1001.7943,727.03244,OK,4,4,SPOC/PDCSAP_FLUX=389ppm;TESS-SPOC/PDCSAP_FLUX=21ppm;QLP/KSPSAP_FLUX=2804ppm;QLP/DET_FLUX=375ppm,16,8,8,"41,14,15,54,55,75,81,82","QLP,SPOC","120,1800,200,600",False,False,11170.061,1564.4813,1.2147976,2.3552751,2,,8.4970966,7.2379486,1.1739648,1.1739648,linear,9.4970966,1.9074357,0.20084409,7.2379486,36.189743,7.2147072e+17,OK,1.1739648,OK,SAP_FLUX,QLP,697.39798,559.16059,bootstrap,746.43798,494.47861,OK,3,2,SPOC/SAP_FLUX=88ppm;TESS-SPOC/SAP_FLUX=OK;QLP/SAP_FLUX=1542ppm,16,8,8,"41,14,15,54,55,75,81,82","QLP,SPOC","120,1800,200,600",False,False,9463.9608,1104.6685,0.88127824,2.4591994,2,,4.0381107,5.3935001,0.74869947,0.74869947,linear,5.0381107,1.2472231,0.2475577,5.3935001,26.967501,7.1293466e+13,OK,0.74869947,BACKGROUND_TEST_AGREES,1,SPOC,-300.97397,1049.3584,-0.28681712,-0.77379924,PDC_DEEPER_THAN_SAP,0.5,20.42,8.5764,2.5,1.05,-266.52273,1.0698993,8053,OK,True,2.5,3.9073887,-1.0322865,0.99678571,fixed_b,not_measurable,not_measurable,,False,,0,0,1,1,0.2,430.85071,689.21373,16,2.6182984,0,False,,0.55303161,190.76088,1644.8257,20.553099,2804.09,382.05439,1489.4591,84,346.91504,559.16059,16,2.8383281,1,True,OK:1,0.70903361,320.67799,1309.6352,87.982177,1542.331,815.1566,844.93304,84,0.2268662,3
K04567.02,,8332521,185335694,tic_kic_crossid,CANDIDATE,CANDIDATE,4.6725038,135.23678,4.441,79.6,6.4,-6.4,0.010287,0.95,2.92,6146,4.454,13.775,0,0,0,0,2,301.56284,44.240391,9,OK,lightkurve,,10,"QLP,SPOC,TESS-SPOC","14,15,41,54,55,75,81,82",1.0642011,,84.710405,6.8108868,2818.2957,2818.2957,1038,58.35244,0,,241.67232,14,1.065679,0.77560067,266.36677,361.10449,False,OK,PDCSAP_FLUX,QLP,266.36677,634.33973,bootstrap,649.51969,139.60279,OK,4,3,SPOC/PDCSAP_FLUX=135ppm;TESS-SPOC/PDCSAP_FLUX=411ppm;QLP/KSPSAP_FLUX=OK;QLP/DET_FLUX=546ppm,40,8,8,"41,14,15,54,55,75,81,82","QLP,SPOC","120,1800,200,600",False,False,11063.258,1419.0737,1.1281579,2.1524964,2,,2.1444398,7.668116,0.27965667,0.27965667,linear,3.1444398,0.41991185,0.13354107,7.668116,38.34058,3.793491e+18,OK,0.27965667,OK,SAP_FLUX,QLP,119.40112,428.97337,bootstrap,432.38243,54.188731,OK,3,2,SPOC/SAP_FLUX=137ppm;TESS-SPOC/SAP_FLUX=297ppm;QLP/SAP_FLUX=OK,40,8,8,"41,14,15,54,55,75,81,82","QLP,SPOC","120,1800,200,600",False,False,8913.1082,1056.6174,1.1675296,2.5845068,2,,0.40952129,5.1051204,0.080217754,0.080217754,linear,1.4095213,0.27834157,0.19747241,5.1051204,25.525602,1.0317271e+13,OK,0.080217754,BACKGROUND_TEST_AGREES,2,"SPOC,TESS-SPOC",-60.125077,541.7464,-0.1109838,-0.2201424,PDC_DEEPER_THAN_SAP,0.096323541,8.9653678,4.66305,2.0187723,1.05,-159.08758,1.0539209,11652,OK,True,2.0187723,1.0664656,1.2177452,0.73419674,fixed_b,not_measurable,not_measurable,,False,,0,0,1,1,0.3,343.43288,634.33973,45,2.7330063,1,True,OK:1,0.52409988,223.3798,502.58538,134.9545,545.55094,411.28355,279.18418,84,272.66453,428.97337,45,2.87454,1,True,OK:1,0.45383771,162.65447,271.03194,137.15389,296.53251,216.8432,177.1314,84,0,3
K05506.01,,8352009,279913846,tic_kic_crossid,CANDIDATE,CANDIDATE,641.60204,170.8404,16.762,237.3,23.2,-23.2,0.014294,0.3218,281.3,6277,4.449,14.152,0,0,0,0,1,285.79572,44.35051,9,OK,lightkurve,NO_USABLE_TRANSIT,8,"SPOC,TESS-SPOC","74,75,81,82",0.97016536,,230.22024,22.507836,3136.6567,3136.6567,8,238.09385,0,,864,8,,,,,False,NO_USABLE_TRANSIT,PDCSAP_FLUX,SPOC,,,none,,,TOO_FEW_MEMBERS,2,0,SPOC/PDCSAP_FLUX=NO_USABLE_TRANSIT;TESS-SPOC/PDCSAP_FLUX=NO_USABLE_TRANSIT,0,4,0,"74,75,81,82",SPOC,120,False,False,,,,,4,,,,,,,,,,,,,NO_USABLE_TRANSIT,,NO_USABLE_TRANSIT,SAP_FLUX,SPOC,,,none,,,TOO_FEW_MEMBERS,2,0,SPOC/SAP_FLUX=NO_USABLE_TRANSIT;TESS-SPOC/SAP_FLUX=NO_USABLE_TRANSIT,0,4,0,"74,75,81,82",SPOC,120,False,False,,,,,4,,,,,,,,,,,,,NO_USABLE_TRANSIT,,BACKGROUND_TEST_UNAVAILABLE,0,,,,,,,0.02,,,,,,,0,too_few_points,False,,,,,inconclusive,not_measured,not_measured,,False,,0,0,1,1,0.1,,,0,,2,True,NO_USABLE_TRANSIT:2,,,,,,,,84,,,0,,2,True,NO_USABLE_TRANSIT:2,,,,,,,,84,0,3
K00420.01,Kepler-547 b,8352537,158171456,tic_kic_crossid_over_name_planet,CONFIRMED,CANDIDATE,6.0103833,174.08488,2.1939,2652.1,11.1,-11.1,0.047131,0.436,19.93,4882,4.558,14.247,0,0,0,0,1,286.11868,44.34528,9,OK,lightkurve,,16,"SPOC,TESS-SPOC","40,41,53,55,74,75,81,82",0.96393373,,2556.4486,10.699664,3326.2741,3326.2665,885,2.1443479,-10.991439,5.1257723,39.341544,7,6.1118981,5.0159592,2525.922,3021.9341,True,OK,PDCSAP_FLUX,SPOC,3021.9341,565.47614,bootstrap,690.53001,396.31859,OK,2,2,SPOC/PDCSAP_FLUX=3022ppm;TESS-SPOC/PDCSAP_FLUX=1856ppm,33,8,8,"40,41,53,55,74,75,81,82",SPOC,120,False,False,16073.127,75.268931,0.068562108,1.2290298,8,,0.16727802,0.23394978,0.71501681,0.66276156,ln,1.1820829,5.3440524,4.520878,0.2747336,1.373668,7541.043,OK,0.71501681,OK,SAP_FLUX,SPOC,523.02631,122.92963,bootstrap,130.91344,45.018177,OK,2,2,SPOC/SAP_FLUX=523ppm;TESS-SPOC/SAP_FLUX=391ppm,35,8,8,"40,41,53,55,74,75,81,82",SPOC,120,False,False,3819.1997,236.73934,0.96038709,1.5003252,8,,-1.5867426,0.25527939,-6.2157096,-11.09465,ln,0.20459097,4.2546806,20.796033,0.071693023,0.35846512,1102.1645,OK,-6.2157096,BACKGROUND_TEST_DISAGREES,2,"SPOC,TESS-SPOC",-1814.2048,336.09627,-5.3978724,-0.74379702,PDC_DEEPER_THAN_SAP,0.055026676,2.3320946,0.071240297,1.0629904,0.032471989,2517.8587,1.0423264,10784,OK,False,1.0629904,1.0047517,0.95043232,0.26890943,fixed_b,shallower_tess,shallower_tess,,False,pdc_deeper_than_sap,0,0,1,1,0.3,494.43464,565.47614,34,1.1983375,0,False,,0.13114733,2042.7941,2835.4313,1856.2912,3021.9341,2439.1127,1165.6429,84,117.43033,122.92963,36,1.1150322,0,False,,0.086072491,411.80493,501.84128,390.6199,523.02631,456.8231,132.4064,84,-0.0076329437,3
K04854.01,,8360041,159178437,tic_kic_crossid,CANDIDATE,CANDIDATE,2.6352768,133.97919,1.997,70.4,7.9,-7.9,0.008055,0.646,7.84,5215,4.496,14.342,0,0,0,0,1,289.80804,44.362518,9,OK,lightkurve,,6,"SPOC,TESS-SPOC","40,41,55",0.98471513,,69.323945,7.7792496,2431.1381,2431.1381,1694,51.544329,0,,184.58799,20,2.5691655,-1.8547295,-705.80544,948.99198,False,OK,PDCSAP_FLUX,SPOC,-705.80544,368.24121,bootstrap,368.24121,,TOO_FEW_MEMBERS,2,0,SPOC/PDCSAP_FLUX=OK;TESS-SPOC/PDCSAP_FLUX=OK,29,3,3,"40,41,55",SPOC,120,False,False,11294.075,-46.287413,0.059813533,0.77448098,3,,-11.181265,5.313311,-2.1043874,-2.1043874,linear,-10.181265,-1.9166932,0.18825689,5.313311,26.566555,2.3910655e+13,OK,-2.1043874,OK,SAP_FLUX,SPOC,-466.70536,268.58526,bootstrap,268.58526,,TOO_FEW_MEMBERS,2,0,SPOC/SAP_FLUX=OK;TESS-SPOC/SAP_FLUX=OK,29,3,3,"40,41,55",SPOC,120,False,False,8182.9319,-114.13775,0.20364071,0.70874436,3,,-7.7322388,3.8762978,-1.9947484,-1.9947484,linear,-6.7322388,-1.7376432,0.25810778,3.8762978,19.381489,1.8119947e+10,OK,-1.9947484,BACKGROUND_TEST_UNAVAILABLE,0,,,,,,,0.02,4.9925,0.54114205,2.5,0.27097749,332.53248,1.0012519,8682,OK,True,2.5,,,,inconclusive,not_measurable,not_measurable,,False,,0,0,1,1,0.3,380.5436,368.24121,30,0.92422823,2,True,OK:2,,,,,,,,84,271.17212,268.58526,30,0.9937018,2,True,OK:2,,,,,,,,84,0,3
K00575.01,Kepler-606 b,8367113,63286249,name_planet,CONFIRMED,CANDIDATE,24.31574,183.40875,4.1344,643.3,17.4,-17.4,0.024496,0.653,35.5,6242,4.442,14.686,0,0,0,0,1,292.4274,44.381271,9,OK,lightkurve,,4,"SPOC,TESS-SPOC","81,82",0.98819913,,635.7085,17.194665,3536.0817,3536.0817,227,24.222392,0,,134.68318,9,0.85080596,-0.70887777,-2082.9501,2375.0742,False,OK,PDCSAP_FLUX,SPOC,-2082.9501,2938.3769,analytic,2938.3769,,TOO_FEW_MEMBERS,2,1,SPOC/PDCSAP_FLUX=OK;TESS-SPOC/PDCSAP_FLUX=728ppm,2,2,2,"81,82",SPOC,120,False,False,32605.801,-2503.5057,0.41197853,0.16972631,2,,-4.2765805,4.6225575,-0.92515462,-0.92515462,linear,-3.2765805,-0.70887777,0.21634682,4.6225575,23.112788,6.9344847e+12,OK,-0.92515462,OK,SAP_FLUX,SPOC,-84.635468,335.89044,analytic,335.89044,,TOO_FEW_MEMBERS,2,0,SPOC/SAP_FLUX=OK;TESS-SPOC/SAP_FLUX=OK,2,2,2,"81,82",SPOC,120,False,False,3730.834,217.49552,0.31269812,0.097780116,2,,-1.1331357,0.53142106,-2.1322746,-2.1322746,linear,-0.13313566,-0.25197344,1.8926067,0.53142106,2.6571053,8426.2944,OK,-2.1322746,BACKGROUND_TEST_UNAVAILABLE,0,,,,,,,0.040987879,10.336,0.30624386,2.5,0.074072142,2502.8584,1.2233936,1237,OK,True,2.5,,,,inconclusive,not_measurable,not_measurable,,False,,0,0,1,1,0.1,2938.3769,880.71995,2,0.16972631,1,True,OK:1,,,,,,,,84,335.89044,76.560487,2,0.097780116,2,True,OK:2,,,,,,,,84,0,3
K02507.01,Kepler-1847 b,8379705,272490211,tic_kic_crossid_over_name_planet,CONFIRMED,CANDIDATE,11.129697,138.57573,2.942,371,30,-30,0.018314,0.572,24.37,6122,4.487,15.859,0,0,0,0,1,296.60141,44.32526,9,QUERY_RETURNED_ZERO_ROWS,lightkurve,QUERY_RETURNED_ZERO_ROWS,0,,,0.98108636,,363.98304,29.432591,,,0,,0,,36,0,,,,,False,FLUX_COLUMN_NOT_PRESENT,,,,,,,,ENSEMBLE_NOT_ATTEMPTED,0,0,,0,0,0,,,,False,False,,,,,0,,,,,,,,,,,,,NO_USABLE_TRANSIT,,FLUX_COLUMN_NOT_PRESENT,,,,,,,,ENSEMBLE_NOT_ATTEMPTED,0,0,,0,0,0,,,,False,False,,,,,0,,,,,,,,,,,,,NO_USABLE_TRANSIT,,BACKGROUND_TEST_UNAVAILABLE,0,,,,,,,,,,,,,,0,too_few_points,False,,,,,inconclusive,not_measured,not_measured,,False,,0,0,1,1,0,,,0,,0,False,,,,,,,,,84,,,0,,0,False,,,,,,,,,84,0,3
K05514.01,,8415353,164786289,tic_kic_crossid,CANDIDATE,CANDIDATE,102.10075,148.9663,2.009,194.2,41.3,-41.3,0.013136,0.492,344,6359,4.046,13.845,0,0,0,0,1,284.7644,44.485004,9,OK,lightkurve,,18,"QLP,SPOC,TESS-SPOC","14,40,41,53,54,55,74,75,81,82",0.97745868,,189.82248,40.369044,3393.3061,3393.2921,53,195.86533,-20.106072,0.10265253,617.73099,48,3.2065113,2.4794521,38182.771,28256.32,True,OK,PDCSAP_FLUX,QLP,28256.32,8812.1692,analytic,8812.1692,,TOO_FEW_MEMBERS,4,1,SPOC/PDCSAP_FLUX=NO_USABLE_TRANSIT;TESS-SPOC/PDCSAP_FLUX=NO_USABLE_TRANSIT;QLP/KSPSAP_FLUX=28256ppm;QLP/DET_FLUX=NO_USABLE_TRANSIT,1,10,1,"74,75,81,82,14,40,41,53,54,55","QLP,SPOC","120,1800,600",True,False,19783.271,,,,8,smeared,5.0029831,0.38077217,13.139046,3.1849351,ln,148.85656,3.2065113,0.021540948,46.423727,232.11863,1.219522e+103,OK,13.139046,OK,SAP_FLUX,QLP,30111.595,8393.6375,analytic,8393.6375,,TOO_FEW_MEMBERS,3,1,SPOC/SAP_FLUX=NO_USABLE_TRANSIT;TESS-SPOC/SAP_FLUX=NO_USABLE_TRANSIT;QLP/SAP_FLUX=30112ppm,1,10,1,"74,75,81,82,14,40,41,53,54,55","QLP,SPOC","120,1800,600",True,False,18843.67,,,,8,smeared,5.0665763,0.35416032,14.305884,3.5647723,ln,158.63029,3.5874309,0.022615043,44.218894,221.09447,1.9881818e+98,OK,14.305884,BACKGROUND_TEST_UNAVAILABLE,0,,,,,,,0.02,0.8036,0.80472949,0.4,0.40056222,38779.079,5.8857631,60,OK,True,0.4,1.1864581,-1.0336244,0.94918052,fixed_b,not_measurable,not_measurable,,False,,0,0,1,1,0.3,8812.1692,,1,0,3,True,NO_USABLE_TRANSIT:3,,,,,,,,84,8393.6375,,1,0,2,True,NO_USABLE_TRANSIT:2,,,,,,,,84,-0.01396255,3
K05515.01,,8429817,159763790,tic_kic_crossid,CANDIDATE,CANDIDATE,6.2634919,134.89791,0.8513,2829,110,-110,0.049515,0.048,58.93,6247,4.255,13.952,0,0,0,0,1,291.45227,44.431751,9,OK,lightkurve,,16,"QLP,SPOC,TESS-SPOC","15,40,41,54,74,75,81,82",0.9655531,,2731.5497,106.21084,3360.7644,3360.7585,861,9.1827073,-8.5147026,0.92725406,40.317622,14,6.9038418,6.1493424,3526.7547,3728.2233,True,OK,PDCSAP_FLUX,QLP,3728.2233,697.61766,bootstrap,1126.6079,884.63273,OK,4,4,SPOC/PDCSAP_FLUX=3926ppm;TESS-SPOC/PDCSAP_FLUX=4214ppm;QLP/KSPSAP_FLUX=2324ppm;QLP/DET_FLUX=2290ppm,28,8,7,"74,75,81,82,15,40,41,54","QLP,SPOC","120,1800,600",True,False,8611.8249,-745.01578,0.55475635,2.3952388,8,smeared,0.31106267,0.30875042,1.0074891,0.87441648,ln,1.3648748,5.3442215,3.9155398,0.417278,2.08639,19273.217,OK,1.0074891,OK,SAP_FLUX,QLP,2351.7098,391.09303,bootstrap,394.43273,51.21928,OK,3,3,SPOC/SAP_FLUX=2354ppm;TESS-SPOC/SAP_FLUX=2204ppm;QLP/SAP_FLUX=2309ppm,29,8,7,"74,75,81,82,15,40,41,54","QLP,SPOC","120,1800,600",True,False,6233.1951,-631.81282,0.8127658,1.9536113,8,smeared,-0.14972648,0.17928316,-0.83513969,-0.88189202,ln,0.86094343,6.0131722,6.9843988,0.15767982,0.78839909,3277.5095,OK,-0.83513969,BACKGROUND_TEST_DISAGREES,2,"SPOC,TESS-SPOC",-1809.3206,509.37437,-3.5520449,-0.44456764,PDC_DEEPER_THAN_SAP,0.047282991,2.0642295,0.063057614,2.4247968,0.074072142,5622.4775,1.7932253,2399,OK,False,2.4247968,1.0079566,11.324797,,duration_inconsistent,consistent,consistent,duration_not_fixed_b,False,pdc_deeper_than_sap,0,0,1,1,0.3,540.02154,697.61766,33,1.3249709,0,False,,0.23727998,2306.3311,4075.5966,2290.0037,4213.6761,3125.0148,1438.2195,84,358.23346,391.09303,34,1.2468058,0,False,,0.021779592,2237.2764,2339.715,2203.6222,2354.2671,2308.7918,148.0876,84,-0.0059129879,3
K05517.01,,8432249,63209326,tic_kic_crossid,CANDIDATE,CANDIDATE,335.43143,395.1813,10.3,228.1,39.5,-39.5,0.01382,0.4062,231,5172,3.315,13.938,0,0,0,0,1,292.39389,44.476212,9,OK,lightkurve,NO_USABLE_TRANSIT,18,"QLP,SPOC,TESS-SPOC","14,15,40,41,54,55,74,75,81,82",0.96400986,,219.89065,38.07839,3259.6528,3259.6528,15,536.85877,0,,864,12,,,,,False,NO_USABLE_TRANSIT,PDCSAP_FLUX,QLP,,,none,,,TOO_FEW_MEMBERS,4,0,SPOC/PDCSAP_FLUX=NO_USABLE_TRANSIT;TESS-SPOC/PDCSAP_FLUX=NO_USABLE_TRANSIT;QLP/KSPSAP_FLUX=NO_USABLE_TRANSIT;QLP/DET_FLUX=NO_USABLE_TRANSIT,0,10,0,"74,75,81,82,14,15,40,41,54,55","QLP,SPOC","120,1800,600",False,False,,,,,8,,,,,,,,,,,,,NO_USABLE_TRANSIT,,NO_USABLE_TRANSIT,SAP_FLUX,QLP,,,none,,,TOO_FEW_MEMBERS,3,0,SPOC/SAP_FLUX=NO_USABLE_TRANSIT;TESS-SPOC/SAP_FLUX=NO_USABLE_TRANSIT;QLP/SAP_FLUX=NO_USABLE_TRANSIT,0,10,0,"74,75,81,82,14,15,40,41,54,55","QLP,SPOC","120,1800,600",False,False,,,,,8,,,,,,,,,,,,,NO_USABLE_TRANSIT,,BACKGROUND_TEST_UNAVAILABLE,0,,,,,,,0.02,,,,,,,0,too_few_points,False,,,,,inconclusive,not_measured,not_measured,,False,,0,0,1,1,0.1,,,0,,4,True,NO_USABLE_TRANSIT:4,,,,,,,,84,,,0,,3,True,NO_USABLE_TRANSIT:3,,,,,,,,84,0,3
K02402.01,Kepler-1223 b,8481129,164889945,tic_kic_crossid_over_name_planet,CONFIRMED,CANDIDATE,16.301273,133.79446,3.974,259.5,15.4,-15.4,0.017701,0.88,16.04,4873,4.558,14.61,0,0,0,0,1,285.29575,44.55275,9,OK,lightkurve,,8,"SPOC,TESS-SPOC","74,75,81,82",1.0430976,,270.68383,16.063703,3362.5158,3362.5158,331,50.460724,0,,210.99217,12,0.77340127,-0.725079,-538.04109,596.726,False,OK,PDCSAP_FLUX,SPOC,-538.04109,742.04479,analytic,742.04479,,TOO_FEW_MEMBERS,2,1,SPOC/PDCSAP_FLUX=OK;TESS-SPOC/PDCSAP_FLUX=183ppm,7,4,4,"74,75,81,82",SPOC,120,False,False,14853.284,1912.4912,1.2530717,1.500376,4,,-2.9877105,2.742469,-1.0894236,-1.0894236,linear,-1.9877105,-0.725079,0.36478099,2.742469,13.712345,2.4415054e+08,OK,-1.0894236,OK,SAP_FLUX,SPOC,-262.14101,565.01318,bootstrap,565.01318,,TOO_FEW_MEMBERS,2,0,SPOC/SAP_FLUX=OK;TESS-SPOC/SAP_FLUX=OK,8,4,4,"74,75,81,82",SPOC,120,False,False,7271.65,1021.1511,1.5377443,5.0634752,4,sector_scatter,-1.9684399,2.0887967,-0.94237981,-0.94237981,linear,-0.96843985,-0.46395556,0.47907525,2.0887967,10.443984,9294244.5,OK,-0.94237981,BACKGROUND_TEST_UNAVAILABLE,0,,,,,,,0.073078562,8.0226012,2.2707261,2.0187723,0.5713956,531.12702,1.0135757,3423,OK,True,2.0187723,,,,inconclusive,not_measurable,not_measurable,,False,,0,0,1,1,0.2,742.04479,805.61317,8,1.3866565,1,True,OK:1,,,,,,,,84,331.24287,565.01318,8,5.0501258,2,True,OK:2,,,,,,,,84,0,3
K02389.01,Kepler-1218 b,8494617,159763595,tic_kic_crossid_over_name_planet,CONFIRMED,CANDIDATE,22.922118,133.66805,8.2,140.3,6.6,-6.6,0.011289,0.603,17.36,5897,4.357,13.578,0,0,0,0,1,291.57898,44.531712,9,OK,lightkurve,,16,"QLP,SPOC,TESS-SPOC","15,40,41,54,74,75,81,82",0.98281038,,137.8883,6.4865485,3353.3658,3353.3658,235,88.280847,0,,387.84254,11,1.2286043,-0.45893979,-253.62784,671.08163,False,OK,PDCSAP_FLUX,QLP,-253.62784,478.91724,bootstrap,478.91724,,TOO_FEW_MEMBERS,4,0,SPOC/PDCSAP_FLUX=OK;TESS-SPOC/PDCSAP_FLUX=OK;QLP/KSPSAP_FLUX=OK;QLP/DET_FLUX=OK,8,8,8,"74,75,81,82,15,40,41,54","QLP,SPOC","120,1800,600",False,False,13203.804,-1366.6817,1.2353266,1.0642189,8,,-2.8393718,3.4739046,-0.81734305,-0.81734305,linear,-1.8393718,-0.52958594,0.28791675,3.4739046,17.369523,4.8196484e+09,OK,-0.81734305,OK,SAP_FLUX,QLP,1222.3696,3296.7724,bootstrap,3319.1587,384.84602,OK,3,2,SPOC/SAP_FLUX=1236ppm;TESS-SPOC/SAP_FLUX=104ppm;QLP/SAP_FLUX=OK,8,8,8,"74,75,81,82,15,40,41,54","QLP,SPOC","120,1800,600",False,False,6907.8024,-6846.1219,17.291764,160.79493,8,odd_even_significant;sector_scatter,7.8649264,24.071457,0.32673246,0.32673246,linear,8.8649264,0.37077768,0.04182524,24.071457,120.35729,2.5705862e+54,OK,0.32673246,BACKGROUND_TEST_UNAVAILABLE,0,,,,,,,0.02,14.650165,3.4589975,1.7866055,0.42182896,504.88922,0.97833083,5419,OK,False,1.7866055,,,,inconclusive,not_measurable,not_measurable,,False,,0,0,1,1,0.2,552.63858,478.91724,10,1.0642189,4,True,OK:4,,,,,,,,84,193.74444,3296.7724,10,160.79493,1,True,OK:1,0.31483606,285.48591,1055.178,104.3819,1236.282,670.33193,1117.9877,84,0,3
K04337.01,Kepler-1591 b,8573193,272491028,tic_kic_crossid_over_name_planet,CONFIRMED,CANDIDATE,8.1850486,134.554,4.673,97.6,9.5,-9.5,0.00943,0.601,10.88,5984,4.521,14.686,0,0,0,0,1,296.51666,44.608608,9,OK,lightkurve,,6,"SPOC,TESS-SPOC","75,81,82",0.98275051,,95.916449,9.3361298,3517.017,3517.017,678,82.848468,0,,318.6404,16,1.4229608,-0.24259511,-204.69227,1180.6401,False,OK,PDCSAP_FLUX,SPOC,-204.69227,377.84201,bootstrap,377.84201,,TOO_FEW_MEMBERS,2,0,SPOC/PDCSAP_FLUX=OK;TESS-SPOC/PDCSAP_FLUX=OK,8,3,3,"75,81,82",SPOC,120,False,False,19342.688,-1662.0718,0.86143355,0.30024366,3,,-3.1340685,3.9408023,-0.7952869,-0.7952869,linear,-2.1340685,-0.54174036,0.25385332,3.9408023,19.704012,3.4612786e+10,OK,-0.7952869,OK,SAP_FLUX,SPOC,-343.57557,288.3834,bootstrap,288.3834,,TOO_FEW_MEMBERS,2,0,SPOC/SAP_FLUX=OK;TESS-SPOC/SAP_FLUX=OK,9,3,3,"75,81,82",SPOC,120,False,False,9653.6688,-534.3625,0.60541001,0.19941107,3,,-4.5820297,3.0086011,-1.5229768,-1.5229768,linear,-3.5820297,-1.1913847,0.33260046,3.0086011,15.043005,3.2733105e+08,OK,-1.5229768,BACKGROUND_TEST_UNAVAILABLE,0,,,,,,,0.02,9.1499444,4.90665,1.958045,1.05,503.08664,1.0227146,5865,OK,True,1.958045,,,,inconclusive,not_measurable,not_measurable,,False,,0,0,1,1,0.2,843.7609,377.84201,11,0.22834247,2,True,OK:2,,,,,,,,84,410.12618,288.3834,11,0.63737079,2,True,OK:2,,,,,,,,84,0,3
K02931.01,Kepler-1389 b,8611257,279913347,tic_kic_crossid_over_name_planet,CONFIRMED,CANDIDATE,99.253234,148.53067,7.208,538,30.6,-30.6,0.027854,0.947,42.1,5010,4.623,14.699,0,0,0,0,1,285.71741,44.758419,9,OK,lightkurve,,8,"SPOC,TESS-SPOC","74,75,81,82",1.08882,,585.78518,33.317893,3341.2053,3341.2053,54,72.243118,0,,324.84935,14,1.4813255,0.055808622,64.085301,1615.0649,False,OK,PDCSAP_FLUX,SPOC,64.085301,1148.3047,analytic,1200.5334,350.25251,OK,2,2,SPOC/PDCSAP_FLUX=64ppm;TESS-SPOC/PDCSAP_FLUX=1094ppm,2,4,2,"74,75,81,82",SPOC,120,False,False,15649.093,,,0.52316727,4,,-0.89059931,2.0508418,-0.43426037,-0.43426037,linear,0.10940069,0.055808622,0.51013045,2.0508418,10.254209,16636786,OK,-0.43426037,OK,SAP_FLUX,SPOC,-1399.1398,742.68446,analytic,742.68446,,TOO_FEW_MEMBERS,2,0,SPOC/SAP_FLUX=OK;TESS-SPOC/SAP_FLUX=OK,2,4,2,"74,75,81,82",SPOC,120,False,False,10176.954,,,9.0703987,4,sector_scatter,-3.3884862,1.2701041,-2.6678807,-2.6678807,linear,-2.3884862,-1.8838954,0.78874032,1.2701041,6.3505206,334946.59,OK,-2.6678807,BACKGROUND_TEST_UNAVAILABLE,0,,,,,,,0.22512185,4.1595924,5.1970248,0.57707996,0.72100787,1972.4231,0.96505354,2006,OK,True,0.57707996,0.8730288,-0.33097825,1.001653,fixed_b,not_measurable,not_measurable,,False,,0,0,1,1,0.1,1148.3047,581.80057,2,0.52316727,0,False,,5.4654111,228.91001,929.41504,64.085301,1094.2397,579.16252,1030.1544,84,742.68446,1580.2395,2,9.0703987,2,True,OK:2,,,,,,,,84,0,3
K05550.01,,8613769,158391593,tic_kic_crossid,CANDIDATE,CANDIDATE,540.39267,196.0854,9.233,1780,162,-162,0.038802,0.3683,434,5693,4.551,15.959,0,0,0,0,1,287.08969,44.792,9,OK,lightkurve,NO_USABLE_TRANSIT,4,"SPOC,TESS-SPOC","81,82",0.96753917,,1722.2197,156.74134,3433.0121,3433.0121,10,324.31207,0,,864,14,,,,,False,NO_USABLE_TRANSIT,PDCSAP_FLUX,SPOC,,,none,,,TOO_FEW_MEMBERS,2,0,SPOC/PDCSAP_FLUX=NO_USABLE_TRANSIT;TESS-SPOC/PDCSAP_FLUX=NO_USABLE_TRANSIT,0,2,0,"81,82",SPOC,120,False,False,,,,,2,,,,,,,,,,,,,NO_USABLE_TRANSIT,,NO_USABLE_TRANSIT,SAP_FLUX,SPOC,,,none,,,TOO_FEW_MEMBERS,2,0,SPOC/SAP_FLUX=NO_USABLE_TRANSIT;TESS-SPOC/SAP_FLUX=NO_USABLE_TRANSIT,0,2,0,"81,82",SPOC,120,False,False,,,,,2,,,,,,,,,,,,,NO_USABLE_TRANSIT,,BACKGROUND_TEST_UNAVAILABLE,0,,,,,,,0.04297389,,,,,,,0,too_few_points,False,,,,,inconclusive,not_measured,not_measured,,False,,0,0,1,1,0,,,0,,2,True,NO_USABLE_TRANSIT:2,,,,,,,,84,,,0,,2,True,NO_USABLE_TRANSIT:2,,,,,,,,84,0,3
K01251.01,,8616873,158835095,tic_kic_crossid,CANDIDATE,CANDIDATE,0.57607868,134.10727,1.63253,10084.8,30.2,-30.2,0.260658,1.113,1.976,5693,4.57,15.237,0,0,0,0,1,288.70087,44.70768,9,OK,lightkurve,,14,"SPOC,TESS-SPOC","40,41,53,55,74,75,82",1.262899,,12736.084,38.139549,3313.6935,3313.6935,9281,0.97428532,0,,27.410806,7,-12.104505,-14.655437,-5617.7502,-4669.3311,False,OK,PDCSAP_FLUX,SPOC,-5617.7502,469.09217,bootstrap,469.09217,,TOO_FEW_MEMBERS,2,0,SPOC/PDCSAP_FLUX=OK;TESS-SPOC/PDCSAP_FLUX=OK,297,7,7,"40,41,53,55,74,75,82",SPOC,120,False,False,32263.113,377.32873,0.41119243,2.838094,7,,-1.4410893,0.062173507,-23.178511,-23.178511,linear,-0.4410893,-11.975792,27.150493,0.062173507,0.31086754,4643.6837,OK,-23.178511,OK,SAP_FLUX,SPOC,-1255.2027,105.59562,bootstrap,105.59562,,TOO_FEW_MEMBERS,2,0,SPOC/SAP_FLUX=OK;TESS-SPOC/SAP_FLUX=OK,312,7,7,"40,41,53,55,74,75,82",SPOC,120,False,False,8012.1871,115.58339,0.53518277,4.166345,7,sector_scatter,-1.0985548,0.050771147,-21.637385,-21.637385,linear,-0.09855484,-11.886882,120.61186,0.050771147,0.25385573,3680.5477,OK,-21.637385,BACKGROUND_TEST_UNAVAILABLE,0,,,,,,,0.5,2.9166871,0.13164753,1.7866055,0.080640192,-4634.2045,1.0613023,71994,OK,False,1.7866055,,,0.68593737,inconclusive,transit_not_recovered,transit_not_recovered,,False,,0,0,1,1,1.5,383.32191,469.09217,310,1.3295705,2,True,OK:2,,,,,,,,84,90.712422,105.59562,320,1.2873919,2,True,OK:2,,,,,,,,84,0,3
K03434.01,,8628665,275573139,tic_kic_crossid,CANDIDATE,CANDIDATE,10.285637,141.20764,3.043,134.9,16.3,-16.3,0.010713,0.378,24.21,5841,4.409,14.951,0,0,0,0,1,293.34521,44.700642,9,OK,lightkurve,,4,"SPOC,TESS-SPOC","81,82",0.96972561,,130.81598,15.806527,3528.4516,3528.4516,540,88.91137,0,,312.37911,20,1.9217777,-3.3100791,-5523.762,3456.1229,False,OK,PDCSAP_FLUX,SPOC,-5523.762,1668.7704,analytic,1668.7704,,TOO_FEW_MEMBERS,2,0,SPOC/PDCSAP_FLUX=OK;TESS-SPOC/PDCSAP_FLUX=OK,5,2,2,"81,82",SPOC,120,False,False,24799.784,-594.16488,0.17046365,0.17594988,2,,-43.225436,12.757295,-3.3882917,-3.3882917,linear,-42.225436,-3.3100791,0.078390644,12.757295,63.786473,6.5883111e+29,OK,-3.3882917,OK,SAP_FLUX,SPOC,-2151.3737,637.91244,analytic,637.91244,,TOO_FEW_MEMBERS,2,0,SPOC/SAP_FLUX=OK;TESS-SPOC/SAP_FLUX=OK,5,2,2,"81,82",SPOC,120,False,False,9164.9862,-345.18525,0.25754823,0.28946706,2,,-17.445801,4.8781635,-3.5763051,-3.5763051,linear,-16.445801,-3.3725219,0.20506887,4.8781635,24.390817,5.1222202e+12,OK,-3.5763051,BACKGROUND_TEST_UNAVAILABLE,0,,,,,,,0.02,1.5073518,0.34560511,0.49535056,0.11357381,-5173.8126,1.040751,2277,OK,False,0.49535056,,,0.89774319,inconclusive,not_measurable,not_measurable,,False,,0,0,1,1,0.1,1668.7704,1050.9903,6,0.54616729,2,True,OK:2,,,,,,,,84,637.91244,380.29973,6,0.4669024,2,True,OK:2,,,,,,,,84,0,3
K04580.01,,8628761,275573199,tic_kic_crossid,CANDIDATE,CANDIDATE,6.3043235,137.29688,2.508,40,4.3,-4.3,0.00614,0.665,14.52,6728,3.987,13.01,0,0,0,0,1,293.37381,44.727982,9,OK,lightkurve,,18,"QLP,SPOC,TESS-SPOC","14,15,40,41,54,55,74,75,81,82",0.99060338,,39.624135,4.2595945,3360.4935,3360.5544,855,69.573993,87.759936,1.26139,246.34198,20,9.5927099,2.6062965,355.73503,1463.2674,True,OK,PDCSAP_FLUX,QLP,1463.2674,1704.1396,bootstrap,1704.1396,,TOO_FEW_MEMBERS,4,1,SPOC/PDCSAP_FLUX=OK;TESS-SPOC/PDCSAP_FLUX=OK;QLP/KSPSAP_FLUX=2672ppm;QLP/DET_FLUX=OK,42,10,10,"74,75,81,82,14,15,40,41,54,55","QLP,SPOC","120,1800,600",False,False,3471.0161,-2972.8253,0.96682748,129.24412,8,sector_scatter,35.928689,43.00778,0.83539976,0.83539976,linear,36.928689,0.85865463,0.023251696,43.00778,215.0389,9.7312043e+94,OK,0.83539976,OK,SAP_FLUX,QLP,878.16144,1139.7543,bootstrap,1139.7543,,TOO_FEW_MEMBERS,3,1,SPOC/SAP_FLUX=OK;TESS-SPOC/SAP_FLUX=OK;QLP/SAP_FLUX=1669ppm,43,10,10,"74,75,81,82,14,15,40,41,54,55","QLP,SPOC","120,1800,600",False,False,3405.0474,-1871.7065,0.85682458,134.71913,8,sector_scatter,21.162287,28.764388,0.73571135,0.73571135,linear,22.162287,0.77048311,0.034765506,28.764388,143.82194,1.1456045e+64,OK,0.73571135,BACKGROUND_TEST_UNAVAILABLE,0,,,,,,,0.02,3.6182914,0.50655537,1.4426999,0.20197582,305.23068,2.6419362,7368,OK,False,1.4426999,1.0544413,1.883038,,fixed_b,not_measurable,not_measurable,,False,,0,0,1,1,0.4,152.53952,1704.1396,43,83.469332,3,True,OK:3,,,,,,,,84,123.47863,1139.7543,43,82.693053,2,True,OK:2,,,,,,,,84,0.0609444,3
K02865.01,Kepler-1372 b,8681833,158843824,tic_kic_crossid_over_name_planet,CONFIRMED,CANDIDATE,1.3115589,131.53283,1.919,141.3,9.7,-9.7,0.010897,0.218,5.189,5926,4.501,15.371,0,0,0,0,1,288.88663,44.83955,9,OK,lightkurve,,6,"SPOC,TESS-SPOC","80,81,82",0.96529916,,136.39677,9.3634019,3520.2963,3520.2963,4236,35.623525,0,,135.65557,16,1.6893515,0.10533623,84.920191,1415.0197,False,OK,PDCSAP_FLUX,SPOC,84.920191,949.82522,bootstrap,970.71194,200.2841,OK,2,2,SPOC/PDCSAP_FLUX=85ppm;TESS-SPOC/PDCSAP_FLUX=674ppm,49,3,3,"80,81,82",SPOC,120,False,False,30949.601,-2243.5969,1.2197467,1.5780987,3,,-0.37740322,7.1173316,-0.053025943,-0.053025943,linear,0.62259678,0.089406123,0.14360197,7.1173316,35.586658,3.8894957e+17,OK,-0.053025943,OK,SAP_FLUX,SPOC,-4.7437392,433.69843,bootstrap,433.69843,,TOO_FEW_MEMBERS,2,1,SPOC/SAP_FLUX=OK;TESS-SPOC/SAP_FLUX=358ppm,59,3,3,"80,81,82",SPOC,120,False,False,15255.216,-614.22338,0.70276949,0.47209905,3,,-1.034779,3.1808165,-0.32531866,-0.32531866,linear,-0.03477897,-0.010937875,0.3144968,3.1808165,15.904083,1.1011826e+09,OK,-0.32531866,BACKGROUND_TEST_AGREES,1,TESS-SPOC,-316.37141,974.61346,-0.3246122,-0.46940001,PDC_DEEPER_THAN_SAP,0.02,2.8544053,1.2288656,1.4874442,0.64036768,616.76778,1.0504137,14035,OK,True,1.4874442,0.99758549,0.91226168,,fixed_b,not_measurable,not_measurable,,False,,0,0,1,1,0.4,806.18219,949.82522,52,1.1910444,0,False,,2.358498,179.17153,579.73973,84.920191,673.99107,379.45563,589.07088,84,367.65588,433.69843,60,1.3510752,1,True,OK:1,,,,,,,,84,0,3
K01629.01,Kepler-914 b,8685497,159386728,tic_kic_crossid_over_name_planet,CONFIRMED,CANDIDATE,4.4096675,132.45003,2.1418,132.7,5.8,-5.8,0.011829,0.814,9.49,5836,4.347,13.574,0,0,0,0,1,290.41199,44.89933,9,OK,lightkurve,,17,"QLP,SPOC,TESS-SPOC","14,15,40,41,55,74,75,80,81",1.0112379,,134.19126,5.8651795,3362.8831,3362.8831,1224,21.167764,0,,95.630293,11,2.1180139,0.70117714,129.65671,401.61939,False,OK,PDCSAP_FLUX,QLP,129.65671,294.58726,bootstrap,342.31093,174.34197,OK,4,2,SPOC/PDCSAP_FLUX=OK;TESS-SPOC/PDCSAP_FLUX=OK;QLP/KSPSAP_FLUX=625ppm;QLP/DET_FLUX=112ppm,51,9,9,"74,75,80,81,14,15,40,41,55","QLP,SPOC","120,1800,600",True,False,5028.2928,403.35023,0.66116054,2.9583461,8,smeared,-0.033791689,2.5517825,-0.013242386,-0.013242386,linear,0.96620831,0.44013008,0.45552297,2.5517825,12.758913,46649641,OK,-0.013242386,OK,SAP_FLUX,QLP,11.025288,278.16079,bootstrap,278.16079,,TOO_FEW_MEMBERS,3,1,SPOC/SAP_FLUX=OK;TESS-SPOC/SAP_FLUX=OK;QLP/SAP_FLUX=400ppm,55,9,9,"74,75,80,81,14,15,40,41,55","QLP,SPOC","120,1800,600",True,False,5310.7531,496.73074,0.83227943,4.078443,8,smeared;sector_scatter,-0.917839,2.0739317,-0.44255991,-0.44255991,linear,0.082160999,0.039636386,0.48242336,2.0739317,10.369658,4277558.7,OK,-0.44255991,BACKGROUND_TEST_UNAVAILABLE,0,,,,,,,0.033898074,4.3238065,2.1467791,2.0187723,1.0023247,-181.4443,1.0223144,7483,OK,True,2.0187723,0.99943446,1.4064802,,fixed_b,not_measurable,not_measurable,,False,,0,0,1,1,0.3,184.91292,294.58726,52,1.7851271,2,True,OK:2,1.3446428,193.90612,542.59005,111.86284,624.63333,368.24808,494.97662,84,175.54272,278.16079,55,1.907412,2,True,OK:2,,,,,,,,84,0,3
K07905.01,,8702537,272491864,tic_kic_crossid,CANDIDATE,CANDIDATE,7.4751841,137.1908,5.166,28.1,3.6,-3.6,0.004866,0.309,10.59,5616,3.98,13.075,0,0,0,0,1,296.5477,44.898041,9,OK,lightkurve,,19,"QLP,SPOC,TESS-SPOC","14,15,41,54,55,74,75,81,82",0.9640475,,27.089735,3.470571,3352.3234,3352.3234,720,239.53969,0,,796.10907,28,2.68873,0.25708673,32.917092,360.45851,False,OK,PDCSAP_FLUX,QLP,32.917092,182.43277,bootstrap,200.52312,83.233432,OK,4,2,SPOC/PDCSAP_FLUX=OK;TESS-SPOC/PDCSAP_FLUX=OK;QLP/KSPSAP_FLUX=399ppm;QLP/DET_FLUX=154ppm,31,9,9,"41,74,75,81,82,14,15,54,55","QLP,SPOC","120,1800,600",False,False,4787.7441,60.362935,0.1681838,3.9154629,10,sector_scatter,0.21511313,7.4034583,0.029055763,0.029055763,linear,1.2151131,0.1804341,0.1484916,7.4034583,37.017292,3.2300575e+17,OK,0.029055763,OK,SAP_FLUX,QLP,17.358939,171.54643,bootstrap,171.54643,,TOO_FEW_MEMBERS,3,1,SPOC/SAP_FLUX=OK;TESS-SPOC/SAP_FLUX=OK;QLP/SAP_FLUX=52ppm,31,9,9,"41,74,75,81,82,14,15,54,55","QLP,SPOC","120,1800,600",False,False,4167.4951,-164.74651,0.47708181,7.0567974,10,sector_scatter,-0.359206,6.3340183,-0.056710604,-0.056710604,linear,0.640794,0.10119091,0.15791489,6.3340183,31.670092,1.5379802e+15,OK,-0.056710604,BACKGROUND_TEST_UNAVAILABLE,0,,,,,,,0.02,2.0664,5.4243,0.4,1.05,112.88097,1.1169546,13522,OK,True,0.4,1.0005487,-0.34894045,0.9292318,fixed_b,not_measurable,not_measurable,,False,,0,0,1,1,0.5,128.03886,182.43277,33,2.3895068,2,True,OK:2,2.5285779,192.94031,359.40717,153.77163,398.57585,276.17374,365.65875,84,114.93282,171.54643,33,3.3409075,2,True,OK:2,,,,,,,,84,0,3
K02758.01,,8703129,272606393,tic_kic_crossid,CANDIDATE,CANDIDATE,253.37458,235.74025,22.889,1104,12.8,-12.8,0.02963,0.028,87.04,5177,3.216,11.893,0,0,0,0,1,296.7236,44.853142,9,OK,lightkurve,NO_USABLE_TRANSIT,17,"QLP,SPOC,TESS-SPOC","14,15,41,54,55,74,75,81,82",0.953605,,1052.7799,12.206144,3389.6064,3389.6064,21,34.854798,0,,447.89939,4,,,,,False,NO_USABLE_TRANSIT,PDCSAP_FLUX,QLP,,,none,,,TOO_FEW_MEMBERS,4,0,SPOC/PDCSAP_FLUX=NO_USABLE_TRANSIT;TESS-SPOC/PDCSAP_FLUX=NO_USABLE_TRANSIT;QLP/KSPSAP_FLUX=NO_USABLE_TRANSIT;QLP/DET_FLUX=NO_USABLE_TRANSIT,0,9,0,"74,75,81,82,14,15,41,54,55","QLP,SPOC","120,1800,600",False,False,,,,,8,,,,,,,,,,,,,NO_USABLE_TRANSIT,,NO_USABLE_TRANSIT,SAP_FLUX,QLP,,,none,,,TOO_FEW_MEMBERS,3,0,SPOC/SAP_FLUX=NO_USABLE_TRANSIT;TESS-SPOC/SAP_FLUX=NO_USABLE_TRANSIT;QLP/SAP_FLUX=NO_USABLE_TRANSIT,0,9,0,"74,75,81,82,14,15,41,54,55","QLP,SPOC","120,1800,600",False,False,,,,,8,,,,,,,,,,,,,NO_USABLE_TRANSIT,,BACKGROUND_TEST_UNAVAILABLE,0,,,,,,,0.028799276,,,,,,,0,too_few_points,False,,,,,inconclusive,not_measured,not_measured,,False,,0,0,1,1,0.1,,,0,,4,True,NO_USABLE_TRANSIT:4,,,,,,,,84,,,0,,3,True,NO_USABLE_TRANSIT:3,,,,,,,,84,0,3
K00321.01,Kepler-406 b,8753657,63066101,name_planet,CONFIRMED,CANDIDATE,2.4263041,170.45552,2.6624,185.4,2.2,-2.2,0.013272,0.694,5.21,5678,4.484,12.52,0,0,0,0,2,291.84805,44.96822,9,OK,lightkurve,,18,"QLP,SPOC,TESS-SPOC","14,15,40,41,55,74,75,81,82",0.99154419,,183.83229,2.1813972,3360.735,3360.7719,2208,7.7156026,53.226701,6.8985799,63.082808,8,6.5529437,3.0007945,172.77425,364.1027,True,OK,PDCSAP_FLUX,QLP,364.1027,232.70849,bootstrap,253.73934,101.14549,OK,4,4,SPOC/PDCSAP_FLUX=233ppm;TESS-SPOC/PDCSAP_FLUX=186ppm;QLP/KSPSAP_FLUX=527ppm;QLP/DET_FLUX=286ppm,86,9,9,"74,75,81,82,41,14,15,40,55","QLP,SPOC,TESS-SPOC","120,1800,600",False,False,1985.642,320.58873,0.74309191,2.4273779,9,,0.98062429,1.3812325,0.70996323,0.70996323,linear,1.9806243,1.5646301,0.78996813,1.3812325,6.9061625,183355.89,OK,0.70996323,OK,SAP_FLUX,QLP,308.5151,216.46077,bootstrap,242.25647,108.77928,OK,3,3,SPOC/SAP_FLUX=162ppm;TESS-SPOC/SAP_FLUX=126ppm;QLP/SAP_FLUX=446ppm,89,9,9,"74,75,81,82,41,14,15,40,55","QLP,SPOC,TESS-SPOC","120,1800,600",False,False,2019.7095,284.44795,0.72966318,2.6915943,9,,0.67824212,1.318814,0.51428187,0.51428187,linear,1.6782421,1.4252702,0.84926377,1.318814,6.5940699,134151.41,OK,0.51428187,BACKGROUND_TEST_AGREES,2,"SPOC,TESS-SPOC",-66.026072,69.04289,-0.95630517,-0.31464113,PDC_DEEPER_THAN_SAP,0.024972142,2.1499118,0.033338948,0.80750893,0.012522141,882.81401,9.677412,17443,OK,False,0.80750893,1.0100969,-4.1922565,0.81932092,tracks_b,not_measurable,not_measurable,,False,,0,0,1,1,0.5,55.563228,232.70849,95,37.950261,0,False,,0.27779383,208.90232,411.19329,186.26241,526.74907,259.71838,177.84029,84,52.056186,216.46077,96,38.539721,0,False,,0.35258983,137.7307,355.28927,126.17974,446.11882,162.2765,182.33535,84,0.036962987,3
K00321.02,Kepler-406 c,8753657,63066101,name_planet,CONFIRMED,CANDIDATE,4.6233449,132.37083,3.0189,62,2.7,-2.7,0.007238,0.388,10.89,5678,4.484,12.52,0,0,0,0,2,291.84805,44.96822,9,OK,lightkurve,,18,"QLP,SPOC,TESS-SPOC","14,15,40,41,55,74,75,81,82",0.96811141,,60.022907,2.6139008,3360.8143,3360.8562,1167,28.728432,60.353849,2.1008403,131.4688,12,4.8097882,3.3134516,265.49645,372.99361,True,OK,PDCSAP_FLUX,QLP,372.99361,91.679885,bootstrap,145.43627,112.90042,OK,4,4,SPOC/PDCSAP_FLUX=307ppm;TESS-SPOC/PDCSAP_FLUX=332ppm;QLP/KSPSAP_FLUX=414ppm;QLP/DET_FLUX=3ppm,40,9,9,"74,75,81,82,41,14,15,40,55","QLP,SPOC,TESS-SPOC","120,1800,600",False,False,1933.3401,295.84832,1.7051081,0.57391029,9,,1.826835,0.39551377,4.6188911,2.1511387,ln,6.2141876,4.0684345,0.65470094,2.4239197,12.119599,11010055,OK,4.6188911,OK,SAP_FLUX,QLP,273.09987,89.417774,bootstrap,107.30171,59.313738,OK,3,3,SPOC/SAP_FLUX=124ppm;TESS-SPOC/SAP_FLUX=194ppm;QLP/SAP_FLUX=298ppm,46,9,9,"74,75,81,82,41,14,15,40,55","QLP,SPOC,TESS-SPOC","120,1800,600",False,False,2372.0388,306.27736,1.7994364,1.0695878,9,,1.5151113,0.39845841,3.8024327,1.9844096,ln,4.5499274,3.0542012,0.67126372,1.7889086,8.944543,460072.27,OK,3.8024327,BACKGROUND_TEST_AGREES,2,"SPOC,TESS-SPOC",-158.54798,96.30249,-1.6463538,-0.4957656,PDC_DEEPER_THAN_SAP,0.02,2.1574334,0.25628583,0.71464221,0.08489378,202.78027,1.0504968,8645,OK,False,0.71464221,1.0126164,-2.6460456,0.7571525,fixed_b,not_measurable,not_measurable,,False,,0,0,1,1,0.3,77.548863,91.679885,46,1.2074659,0,False,,0.30268729,148.90173,374.70258,2.5588646,413.96453,319.80431,370.43474,84,68.940451,89.417774,49,1.5042228,0,False,,0.21718699,146.20274,264.83021,123.90444,298.35661,193.58662,149.19543,84,0.041912395,3
K04588.01,,8806985,158221180,tic_kic_crossid,CANDIDATE,CANDIDATE,7.537375,135.80956,3.966,41.1,4.3,-4.3,0.005934,0.225,14.25,6483,4.206,12.912,0,0,0,0,1,286.51355,45.038044,9,OK,lightkurve,,22,"QLP,SPOC,TESS-SPOC","14,26,40,41,53,54,55,74,75,80,81,82",0.96949068,,39.846067,4.1688099,3486.1681,3486.0303,732,101.75269,-198.31586,1.9489987,364.74807,20,5.9922883,-1.6036875,-183.2359,682.71543,True,OK,PDCSAP_FLUX,QLP,682.71543,434.36636,bootstrap,507.49621,262.4467,OK,4,4,SPOC/PDCSAP_FLUX=233ppm;TESS-SPOC/PDCSAP_FLUX=161ppm;QLP/KSPSAP_FLUX=1074ppm;QLP/DET_FLUX=131ppm,40,12,12,"74,75,80,81,82,14,26,40,41,53,54,55","QLP,SPOC","120,1800,600",False,False,3971.6268,1522.2574,2.4009211,8.086924,10,sector_scatter,16.133822,12.736947,1.2666946,1.2666946,linear,17.133822,1.5717503,0.091733778,12.736947,63.684735,1.8126517e+29,OK,1.2666946,OK,SAP_FLUX,QLP,375.20068,265.93373,bootstrap,271.30755,53.731162,OK,3,3,SPOC/SAP_FLUX=226ppm;TESS-SPOC/SAP_FLUX=189ppm;QLP/SAP_FLUX=347ppm,42,12,12,"74,75,80,81,82,14,26,40,41,53,54,55","QLP,SPOC","120,1800,600",False,False,4041.8869,864.32498,1.9898043,2.7477135,10,,8.4162539,6.809879,1.2358889,1.2358889,linear,9.4162539,1.4108804,0.14983457,6.809879,34.049395,2.4425857e+16,OK,1.2358889,BACKGROUND_TEST_AGREES,2,"SPOC,TESS-SPOC",8.0917235,219.99222,0.036781862,0.041018196,SAP_DEEPER_THAN_PDC,0.02,4.7636595,0.48736086,1.2011244,0.12288473,142.06566,1.1491634,11036,OK,False,1.2011244,1.0195165,1.2758862,,fixed_b,not_measurable,not_measurable,,False,,0,0,1,1,0.5,113.93234,434.36636,43,4.8603776,0,False,,0.38441594,145.59664,670.49004,131.26922,1073.9346,197.27156,551.44622,84,116.8164,265.93373,44,2.557563,0,False,,0.14320646,200.44335,307.90567,188.59433,346.62716,225.62252,186.60636,84,-0.13771935,3
K02074.01,Kepler-1083 b,8866137,164458639,tic_kic_crossid_over_name_planet,CONFIRMED,CANDIDATE,33.417817,155.58781,4.645,1166.8,45.8,-45.8,0.038586,0.913,27.2,5136,4.607,15.824,0,0,0,0,1,283.16196,45.198311,9,OK,lightkurve,,6,"SPOC,TESS-SPOC","74,80,82",1.0578054,,1234.2474,48.447489,3502.5276,3502.6082,165,41.734275,116.07855,2.7813722,194.87782,12,3.0224957,1.0447244,3680.4001,11291.079,True,OK,PDCSAP_FLUX,SPOC,11291.079,3735.6807,analytic,3822.3453,809.32911,OK,2,2,SPOC/PDCSAP_FLUX=11291ppm;TESS-SPOC/PDCSAP_FLUX=8911ppm,2,3,2,"74,80,82",SPOC,120,False,False,43450.079,,,0.018507259,3,,2.2135515,0.34444436,6.4264415,2.6305089,ln,9.1481488,3.0224957,0.33039424,3.097556,15.48778,6.5714258e+09,OK,6.4264415,OK,SAP_FLUX,SPOC,2863.9181,1109.0669,analytic,1128.3463,207.6919,OK,2,2,SPOC/SAP_FLUX=2864ppm;TESS-SPOC/SAP_FLUX=2253ppm,3,3,3,"74,80,82",SPOC,120,False,False,13676.036,6719.1897,1.9106237,1.9616852,3,,0.84172925,0.39908203,2.1091635,1.4408213,ln,2.320376,2.5822771,1.1128701,0.91640516,4.5820258,119366.7,OK,2.1091635,BACKGROUND_TEST_AGREES,2,"SPOC,TESS-SPOC",-7534.8073,2743.6309,-2.7462904,-0.74595487,PDC_DEEPER_THAN_SAP,0.19575476,4.7890612,1.2952672,1.0310142,0.27885193,10780.854,1.0307733,1393,OK,False,1.0310142,1.2988874,-0.83521722,0.9045057,fixed_b,not_measurable,not_measurable,,False,,0,0,1,1,0.1,3735.6807,360.24371,2,0.018507259,0,False,,0.071678634,9291.5598,10910.218,8910.6991,11291.079,10100.889,2380.3797,84,1109.0669,1314.0919,3,1.9616852,0,False,,0.072520195,2350.7969,2766.1807,2253.0595,2863.9181,2558.4888,610.85852,84,0.080610104,3
K00923.01,Kepler-728 b,8883593,159580427,tic_kic_crossid_over_name_planet,CONFIRMED,CANDIDATE,5.7434698,174.89892,3.4412,1240.2,17.8,-17.8,0.032147,0.001,13.174,5897,4.531,15.543,0,0,0,0,1,291.09235,45.115528,9,QUERY_RETURNED_ZERO_ROWS,lightkurve,QUERY_RETURNED_ZERO_ROWS,0,,,0.96313726,,1194.4828,17.143843,,,0,,0,,36,0,,,,,False,FLUX_COLUMN_NOT_PRESENT,,,,,,,,ENSEMBLE_NOT_ATTEMPTED,0,0,,0,0,0,,,,False,False,,,,,0,,,,,,,,,,,,,NO_USABLE_TRANSIT,,FLUX_COLUMN_NOT_PRESENT,,,,,,,,ENSEMBLE_NOT_ATTEMPTED,0,0,,0,0,0,,,,False,False,,,,,0,,,,,,,,,,,,,NO_USABLE_TRANSIT,,BACKGROUND_TEST_UNAVAILABLE,0,,,,,,,,,,,,,,0,too_few_points,False,,,,,inconclusive,not_measured,not_measured,,False,,0,0,1,1,0,,,0,,0,False,,,,,,,,,84,,,0,,0,False,,,,,,,,,84,0,3
K05579.01,,8888745,240180525,tic_kic_crossid,CANDIDATE,CANDIDATE,34.026987,164.79638,1.586,361.7,79.1,-79.1,0.017904,0.5682,138.4,4999,4.514,15.592,0,0,0,0,1,293.01563,45.16674,9,OK,lightkurve,,2,"SPOC,TESS-SPOC",81,0.97549554,,352.83674,77.161697,3510.1683,3510.1132,162,103.09866,-79.306344,0.76922769,333.08598,36,3.1982586,-0.92603103,-6191.348,20380.368,True,OK,PDCSAP_FLUX,SPOC,20380.368,6372.3326,analytic,6426.2197,830.46791,OK,2,2,SPOC/PDCSAP_FLUX=20380ppm;TESS-SPOC/PDCSAP_FLUX=17938ppm,1,1,1,81,SPOC,120,False,False,30312.866,,,,1,,4.0563219,0.38697308,10.482181,3.1162974,ln,57.761468,3.1982586,0.055370106,18.214394,91.071968,1.2578445e+42,OK,10.482181,OK,SAP_FLUX,SPOC,12974.992,4129.3235,analytic,4191.1719,717.36248,OK,2,2,SPOC/SAP_FLUX=12975ppm;TESS-SPOC/SAP_FLUX=10865ppm,1,1,1,81,SPOC,120,False,False,19642.985,,,,1,,3.6047737,0.39327665,9.1659997,3.0110684,ln,36.77336,3.1421593,0.08544662,11.88062,59.403101,2.2182608e+28,OK,9.1659997,BACKGROUND_TEST_AGREES,2,"SPOC,TESS-SPOC",-7200.8073,4711.8636,-1.5282291,-0.37584284,PDC_DEEPER_THAN_SAP,0.025764865,1.2048173,0.07142802,0.75965779,0.045036582,15515.469,0.92404257,238,OK,False,0.75965779,1.1648406,-1.6425535,0.79025977,fixed_b,not_measurable,not_measurable,,False,,0,0,1,1,0.1,6372.3326,,1,0,0,False,,0.040748426,18328.624,19989.56,17937.815,20380.368,19159.092,2442.5527,84,4129.3235,,1,0,0,False,,0.055288086,11202.685,12637.41,10865.103,12974.992,11920.047,2109.8896,84,-0.05507385,3
K02286.01,Kepler-1176 b,8973129,273582656,tic_kic_crossid_over_name_planet,CONFIRMED,CANDIDATE,24.173824,135.62471,3.056,532.6,28.7,-28.7,0.020897,0.251,59.8,5468,4.427,15.056,0,0,0,0,1,297.91974,45.274158,9,OK,lightkurve,,4,"SPOC,TESS-SPOC","81,82",0.95984298,,511.21237,27.547493,3528.6042,3528.6042,230,41.663892,0,,170.83167,14,0.56078852,0.56078852,1781.7719,1781.7719,False,OK,PDCSAP_FLUX,SPOC,1781.7719,3177.2617,analytic,3187.4227,254.30581,OK,2,2,SPOC/PDCSAP_FLUX=1782ppm;TESS-SPOC/PDCSAP_FLUX=2530ppm,2,2,2,"81,82",SPOC,120,False,False,30588.837,3346.8082,0.50385741,0.25387229,2,,2.4853849,6.2354598,0.39858888,0.39858888,linear,3.4853849,0.56078852,0.16089716,6.2354598,31.177299,1.7730879e+16,OK,0.39858888,OK,SAP_FLUX,SPOC,245.53138,1032.6807,analytic,1035.8138,80.503687,OK,2,2,SPOC/SAP_FLUX=246ppm;TESS-SPOC/SAP_FLUX=482ppm,2,2,2,"81,82",SPOC,120,False,False,9631.8679,2027.4787,0.98011866,0.96063259,2,,-0.51970767,2.0275239,-0.25632629,-0.25632629,linear,0.48029233,0.23776118,0.49503431,2.0275239,10.137619,12921005,OK,-0.25632629,BACKGROUND_TEST_AGREES,2,"SPOC,TESS-SPOC",-1742.4215,2580.6128,-0.67519677,-0.80826655,PDC_DEEPER_THAN_SAP,0.02181619,7.64,0.11491056,2.5,0.037601624,-3546.1912,0.84878237,916,OK,True,2.5,1.018878,13.863322,,duration_inconsistent,not_measurable,not_measurable,,False,,0,0,1,1,0.1,3177.2617,1183.347,2,0.25387229,0,False,,0.14272636,1901.4452,2410.0568,1781.7719,2529.7302,2155.751,747.95828,84,1032.6807,701.96773,2,0.96063259,0,False,,0.32787535,283.41547,444.42284,245.53138,482.30693,363.91916,236.77555,84,0,3
K02319.01,Kepler-1823 b,9003401,164559875,tic_kic_crossid_over_name_planet,CONFIRMED,CANDIDATE,21.103301,144.66035,2.059,192.5,10.9,-10.9,0.012695,0.125,78.7,6000,4.363,13.355,0,0,0,0,1,283.75482,45.335178,9,OK,lightkurve,,26,"QLP,SPOC,TESS-SPOC","14,26,40,41,53,54,55,75,80,82",0.96400305,,185.57059,10.507633,2810.3163,2810.3163,229,24.379222,0,,104.02267,14,2.6881186,1.6464509,652.41911,1051.7398,False,OK,PDCSAP_FLUX,QLP,652.41911,753.54893,bootstrap,1005.6378,665.93653,OK,4,2,SPOC/PDCSAP_FLUX=OK;TESS-SPOC/PDCSAP_FLUX=233ppm;QLP/KSPSAP_FLUX=2192ppm;QLP/DET_FLUX=OK,9,10,9,"40,41,53,54,55,75,80,82,14,26","QLP,SPOC","120,1800",True,False,6008.1955,886.43499,1.0984175,3.930243,16,smeared;sector_scatter,2.5157463,5.4196925,0.46418617,0.46418617,linear,3.5157463,0.86579528,0.24626216,5.4196925,27.098463,1.0894868e+14,OK,0.46418617,OK,SAP_FLUX,QLP,547.06975,506.30152,bootstrap,667.59059,435.12753,OK,3,3,SPOC/SAP_FLUX=46ppm;TESS-SPOC/SAP_FLUX=204ppm;QLP/SAP_FLUX=1326ppm,10,10,9,"40,41,53,54,55,75,80,82,14,26","QLP,SPOC","120,1800",True,False,5087.746,780.20825,1.2104637,4.0700614,16,smeared;sector_scatter,1.9480413,3.5982952,0.54137895,0.54137895,linear,2.9480413,1.0805216,0.36652189,3.5982952,17.991476,1.2081137e+10,OK,0.54137895,BACKGROUND_TEST_AGREES,1,TESS-SPOC,-28.719701,539.41748,-0.053242066,-0.12318359,PDC_DEEPER_THAN_SAP,0.02,2.4731152,0.037197259,1.2011244,0.018065692,1920.1363,1.0917697,2203,OK,False,1.2011244,1.0111387,2.5066292,,fixed_b,not_measurable,not_measurable,,False,,0,0,1,1,0.3,396.25785,753.54893,9,3.930243,2,True,OK:2,1.0207189,546.52741,1878.4005,233.14551,2191.7824,1212.4639,1539.3633,84,309.85784,506.30152,10,3.6213888,0,False,,0.79537853,96.805963,967.06103,46.161327,1325.9482,204.42581,778.87844,84,0,3
K04848.01,,9005321,164785336,tic_kic_crossid,CANDIDATE,CANDIDATE,384.6961,365.0874,6.167,787,111,-111,0.026101,0.5221,421,4228,4.64,15.677,0,0,0,0,1,284.76764,45.341228,9,OK,lightkurve,NO_USABLE_TRANSIT,4,"SPOC,TESS-SPOC","80,82",0.96716956,,761.16244,107.35582,3583.8328,3583.8328,14,248.006,0,,836.52301,20,,,,,False,NO_USABLE_TRANSIT,PDCSAP_FLUX,SPOC,,,none,,,TOO_FEW_MEMBERS,2,0,SPOC/PDCSAP_FLUX=NO_USABLE_TRANSIT;TESS-SPOC/PDCSAP_FLUX=NO_USABLE_TRANSIT,0,2,0,"80,82",SPOC,120,False,False,,,,,2,,,,,,,,,,,,,NO_USABLE_TRANSIT,,NO_USABLE_TRANSIT,SAP_FLUX,SPOC,,,none,,,TOO_FEW_MEMBERS,2,0,SPOC/SAP_FLUX=NO_USABLE_TRANSIT;TESS-SPOC/SAP_FLUX=NO_USABLE_TRANSIT,0,2,0,"80,82",SPOC,120,False,False,,,,,2,,,,,,,,,,,,,NO_USABLE_TRANSIT,,BACKGROUND_TEST_UNAVAILABLE,0,,,,,,,0.034650858,,,,,,,0,too_few_points,False,,,,,inconclusive,not_measured,not_measured,,False,,0,0,1,1,0,,,0,,2,True,NO_USABLE_TRANSIT:2,,,,,,,,84,,,0,,2,True,NO_USABLE_TRANSIT:2,,,,,,,,84,0,3
K01892.01,Kepler-1674 b,9030537,271256817,tic_kic_crossid_over_name_planet,CONFIRMED,CANDIDATE,62.561388,178.40847,5.907,1372.6,43.2,-43.2,0.038618,0.842,49.2,5662,4.56,15.5,0,0,0,0,1,294.8161,45.306122,9,OK,lightkurve,,2,"SPOC,TESS-SPOC",81,1.0198809,,1399.8885,44.058855,3516.8106,3516.8106,88,40.800478,0,,211.00643,10,0.89830097,0.18337659,1072.5151,4313.7251,False,OK,PDCSAP_FLUX,SPOC,1072.5151,5848.7025,analytic,5932.8761,995.84042,OK,2,2,SPOC/PDCSAP_FLUX=1073ppm;TESS-SPOC/PDCSAP_FLUX=4001ppm,1,1,1,81,SPOC,120,False,False,53638.683,,,,1,,-0.23385676,4.2385179,-0.055174183,-0.055174183,linear,0.76614324,0.18337659,0.23935027,4.2385179,21.192589,2.2382988e+12,OK,-0.055174183,OK,SAP_FLUX,SPOC,329.96577,3695.8479,analytic,3738.3867,562.35536,OK,2,2,SPOC/SAP_FLUX=330ppm;TESS-SPOC/SAP_FLUX=1984ppm,1,1,1,81,SPOC,120,False,False,33894.767,,,,1,,-0.7642914,2.6711423,-0.28612905,-0.28612905,linear,0.2357086,0.089280127,0.37877331,2.6711423,13.355711,8.8390285e+08,OK,-0.28612905,BACKGROUND_TEST_AGREES,2,"SPOC,TESS-SPOC",-1499.8037,4408.6799,-0.34019337,-0.5911753,PDC_DEEPER_THAN_SAP,0.11847644,13.892412,6.20235,2.3518557,1.05,2866.4059,1.0892089,887,OK,True,2.3518557,0.98641136,1.9324355,,fixed_b,not_measurable,not_measurable,,False,,0,0,1,1,0.1,5848.7025,,1,0,0,False,,0.92850943,1541.1459,3532.8268,1072.5151,4001.4575,2536.9863,2928.9424,84,3695.8479,,1,0,0,False,,1.7042839,594.60358,1719.3143,329.96577,1983.9521,1156.9589,1653.9863,84,0,3
K03316.01,Kepler-1467 b,9031209,271427581,tic_kic_crossid_over_name_planet,CONFIRMED,CANDIDATE,47.056848,161.05864,5.2232,1531.2,45.7,-45.7,0.03515,0.027,71.22,5288,4.613,15.549,0,0,0,0,1,295.04855,45.342682,9,OK,lightkurve,NO_USABLE_TRANSIT,2,"SPOC,TESS-SPOC",81,0.95468631,,1461.8157,43.629164,3499.7099,3499.7099,117,32.217485,0,,175.00045,6,,,,,False,NO_USABLE_TRANSIT,PDCSAP_FLUX,SPOC,,,none,,,TOO_FEW_MEMBERS,2,0,SPOC/PDCSAP_FLUX=NO_USABLE_TRANSIT;TESS-SPOC/PDCSAP_FLUX=NO_USABLE_TRANSIT,0,1,0,81,SPOC,120,False,False,,,,,1,,,,,,,,,,,,,NO_USABLE_TRANSIT,,NO_USABLE_TRANSIT,SAP_FLUX,SPOC,,,none,,,TOO_FEW_MEMBERS,2,0,SPOC/SAP_FLUX=NO_USABLE_TRANSIT;TESS-SPOC/SAP_FLUX=NO_USABLE_TRANSIT,0,1,0,81,SPOC,120,False,False,,,,,1,,,,,,,,,,,,,NO_USABLE_TRANSIT,,BACKGROUND_TEST_UNAVAILABLE,0,,,,,,,0.033980392,,,,,,,0,too_few_points,False,,,,,inconclusive,not_measured,not_measured,,False,,0,0,1,1,0,,,0,,2,True,NO_USABLE_TRANSIT:2,,,,,,,,84,,,0,,2,True,NO_USABLE_TRANSIT:2,,,,,,,,84,0,3
K02257.01,Kepler-1162 b,9071593,164522726,tic_kic_crossid_over_name_planet,CONFIRMED,CANDIDATE,32.563525,163.46038,5.418,578.3,26.5,-26.5,0.021865,0.371,43.7,5225,4.505,15.48,0,0,0,0,2,283.29214,45.434109,9,OK,lightkurve,,6,"SPOC,TESS-SPOC","80,81,82",0.96252374,,556.62748,25.506879,3532.2596,3532.2596,170,58.55905,0,,256.94715,14,0.90606111,-0.62199384,-3752.4001,6408.2722,False,OK,PDCSAP_FLUX,SPOC,-3752.4001,6032.8574,analytic,6032.8574,,TOO_FEW_MEMBERS,2,0,SPOC/PDCSAP_FLUX=OK;TESS-SPOC/PDCSAP_FLUX=OK,1,3,1,"80,81,82",SPOC,120,False,False,52044.703,,,,3,,-7.7413132,10.838444,-0.71424583,-0.71424583,linear,-6.7413132,-0.62199384,0.092265976,10.838444,54.192218,1.9096155e+26,OK,-0.71424583,OK,SAP_FLUX,SPOC,-218.59581,469.88403,analytic,469.88403,,TOO_FEW_MEMBERS,2,0,SPOC/SAP_FLUX=OK;TESS-SPOC/SAP_FLUX=OK,2,3,2,"80,81,82",SPOC,120,False,False,5905.315,-292.09851,0.30151688,0.090912427,3,,-1.3927147,0.84688259,-1.6445193,-1.6445193,linear,-0.39271473,-0.46521226,1.1846061,0.84688259,4.234413,37862.441,OK,-1.6445193,BACKGROUND_TEST_UNAVAILABLE,0,,,,,,,0.024730033,13.545,0.2037256,2.5,0.037601624,-55552.471,1.0881285,661,OK,True,2.5,,,,inconclusive,not_measurable,not_measurable,,False,,0,0,1,1,0.1,6032.8574,,2,5.1676656e-33,2,True,OK:2,,,,,,,,84,469.88403,102.608,2,0.090912427,2,True,OK:2,,,,,,,,84,0,3
K02257.02,Kepler-1162 c,9071593,164522726,tic_kic_crossid_over_name_planet,CONFIRMED,CANDIDATE,59.284064,148.75407,5.42,424.4,35.7,-35.7,0.0193,0.556,71.4,5225,4.505,15.48,0,0,0,0,2,283.29214,45.434109,9,OK,lightkurve,,6,"SPOC,TESS-SPOC","80,81,82",0.97510742,,413.83559,34.811335,3495.172,3495.172,93,94.374848,0,,364.42454,14,1.0850073,-2.331795,-9912.9835,5230.9746,False,OK,PDCSAP_FLUX,SPOC,-9912.9835,4251.2243,analytic,4251.2243,,TOO_FEW_MEMBERS,2,0,SPOC/PDCSAP_FLUX=OK;TESS-SPOC/PDCSAP_FLUX=OK,2,3,2,"80,81,82",SPOC,120,False,False,53457.307,19081.094,2.2095169,4.8819649,3,sector_scatter,-24.953917,10.273203,-2.4290298,-2.4290298,linear,-23.953917,-2.331795,0.097345037,10.273203,51.366017,8.4101879e+24,OK,-2.4290298,OK,SAP_FLUX,SPOC,-801.36925,367.78339,analytic,367.78339,,TOO_FEW_MEMBERS,2,0,SPOC/SAP_FLUX=OK;TESS-SPOC/SAP_FLUX=OK,2,3,2,"80,81,82",SPOC,120,False,False,4827.677,1501.8373,1.8991057,3.6066023,3,sector_scatter,-2.9364435,0.89408989,-3.2842822,-3.2842822,linear,-1.9364435,-2.1789164,1.1252156,0.89408989,4.4704495,35753.737,OK,-3.2842822,BACKGROUND_TEST_UNAVAILABLE,0,,,,,,,0.027183206,8.3119826,2.1508313,1.5335761,0.39683234,-11015.384,0.9871971,1626,OK,False,1.5335761,,,,inconclusive,not_measurable,not_measurable,,False,,0,0,1,1,0.1,4251.2243,6653.1375,2,4.8819649,2,True,OK:2,,,,,,,,84,367.78339,537.62582,2,3.6066023,2,True,OK:2,,,,,,,,84,0,3
K07923.01,,9084569,159303125,tic_kic_crossid,CANDIDATE,CANDIDATE,395.13138,162.7395,21.291,126.4,9.8,-9.8,0.010265,0.45,128.2,5060,4.493,12.642,0,0,0,0,1,290.19992,45.419998,9,OK,lightkurve,,30,"QLP,SPOC,TESS-SPOC","14,15,40,41,54,55,74,75,80,81,82",0.9660007,,122.10249,9.4668069,3527.5788,3527.5788,14,409.41121,0,,864,11,1.5994998,-1.0550891,-190.78821,262.09786,False,OK,PDCSAP_FLUX,QLP,-190.78821,180.82664,analytic,180.82664,,TOO_FEW_MEMBERS,4,1,SPOC/PDCSAP_FLUX=OK;TESS-SPOC/PDCSAP_FLUX=OK;QLP/KSPSAP_FLUX=NO_USABLE_TRANSIT;QLP/DET_FLUX=19ppm,1,11,1,"40,41,54,55,74,75,80,81,82,14,15","QLP,SPOC","120,1800",False,False,3124.408,,,,19,,-2.5625252,1.4838122,-1.7269875,-1.7269875,linear,-1.5625252,-1.0550891,0.67524614,1.4838122,7.4190612,203479.81,OK,-1.7269875,OK,SAP_FLUX,QLP,-92.227965,149.10792,analytic,149.10792,,TOO_FEW_MEMBERS,3,1,SPOC/SAP_FLUX=OK;TESS-SPOC/SAP_FLUX=OK;QLP/SAP_FLUX=6ppm,1,11,1,"40,41,54,55,74,75,80,81,82,14,15","QLP,SPOC","120,1800",False,False,2576.357,,,,19,,-1.7553324,1.2246501,-1.4333338,-1.4333338,linear,-0.7553324,-0.61853163,0.81888667,1.2246501,6.1232504,55598.828,OK,-1.4333338,BACKGROUND_TEST_UNAVAILABLE,0,,,,,,,0.02,13.883237,3.3495236,0.65207066,0.1573211,-198.7114,0.95902718,3037,OK,True,0.65207066,,,0.82022397,inconclusive,not_measurable,not_measurable,,False,,0,0,1,1,0.2,180.82664,,1,0,3,True,NO_USABLE_TRANSIT:1;OK:2,,,,,,,,84,149.10792,,1,8.2611242e-33,2,True,OK:2,,,,,,,,84,0,3
K04500.01,Kepler-1610 b,9100953,272073436,tic_kic_crossid_over_name_planet,CONFIRMED,CANDIDATE,8.7017961,138.24633,3.048,304.1,28.3,-28.3,0.015641,0.045,22.14,5295,4.548,15.85,0,0,0,0,3,295.90503,45.40543,9,QUERY_RETURNED_ZERO_ROWS,lightkurve,QUERY_RETURNED_ZERO_ROWS,0,,,0.9548276,,290.36307,27.021621,,,0,,0,,36,0,,,,,False,FLUX_COLUMN_NOT_PRESENT,,,,,,,,ENSEMBLE_NOT_ATTEMPTED,0,0,,0,0,0,,,,False,False,,,,,0,,,,,,,,,,,,,NO_USABLE_TRANSIT,,FLUX_COLUMN_NOT_PRESENT,,,,,,,,ENSEMBLE_NOT_ATTEMPTED,0,0,,0,0,0,,,,False,False,,,,,0,,,,,,,,,,,,,NO_USABLE_TRANSIT,,BACKGROUND_TEST_UNAVAILABLE,0,,,,,,,,,,,,,,0,too_few_points,False,,,,,inconclusive,not_measured,not_measured,,False,,0,0,1,1,0,,,0,,0,False,,,,,,,,,84,,,0,,0,False,,,,,,,,,84,0,3
K04500.02,Kepler-1610 c,9100953,272073436,tic_kic_crossid_over_name_planet,CONFIRMED,CANDIDATE,44.985188,150.5703,4.164,617.8,51.1,-51.1,0.023975,0.664,64.4,5295,4.548,15.85,0,0,0,0,3,295.90503,45.40543,9,QUERY_RETURNED_ZERO_ROWS,lightkurve,QUERY_RETURNED_ZERO_ROWS,0,,,0.98708619,,609.82185,50.440104,,,0,,0,,36,0,,,,,False,FLUX_COLUMN_NOT_PRESENT,,,,,,,,ENSEMBLE_NOT_ATTEMPTED,0,0,,0,0,0,,,,False,False,,,,,0,,,,,,,,,,,,,NO_USABLE_TRANSIT,,FLUX_COLUMN_NOT_PRESENT,,,,,,,,ENSEMBLE_NOT_ATTEMPTED,0,0,,0,0,0,,,,False,False,,,,,0,,,,,,,,,,,,,NO_USABLE_TRANSIT,,BACKGROUND_TEST_UNAVAILABLE,0,,,,,,,,,,,,,,0,too_few_points,False,,,,,inconclusive,not_measured,not_measured,,False,,0,0,1,1,0,,,0,,0,False,,,,,,,,,84,,,0,,0,False,,,,,,,,,84,0,3
K04500.03,,9100953,272073436,tic_kic_crossid_over_name_planet,CANDIDATE,CANDIDATE,14.751007,141.1622,2.25,381.1,46.2,-46.2,0.019469,0.75,34.6,5295,4.548,15.85,0,0,0,0,3,295.90503,45.40543,9,QUERY_RETURNED_ZERO_ROWS,lightkurve,QUERY_RETURNED_ZERO_ROWS,0,,,1.0007212,,381.37484,46.233319,,,0,,0,,36,0,,,,,False,FLUX_COLUMN_NOT_PRESENT,,,,,,,,ENSEMBLE_NOT_ATTEMPTED,0,0,,0,0,0,,,,False,False,,,,,0,,,,,,,,,,,,,NO_USABLE_TRANSIT,,FLUX_COLUMN_NOT_PRESENT,,,,,,,,ENSEMBLE_NOT_ATTEMPTED,0,0,,0,0,0,,,,False,False,,,,,0,,,,,,,,,,,,,NO_USABLE_TRANSIT,,BACKGROUND_TEST_UNAVAILABLE,0,,,,,,,,,,,,,,0,too_few_points,False,,,,,inconclusive,not_measured,not_measured,,False,,0,0,1,1,0,,,0,,0,False,,,,,,,,,84,,,0,,0,False,,,,,,,,,84,0,3
K02042.01,,9111849,268155253,tic_kic_crossid,CANDIDATE,CANDIDATE,63.073224,191.2532,5.397,671.3,25.5,-25.5,0.025655,0.746,62.8,6234,3.209,13.089,0,0,0,0,1,298.75018,45.4664,9,OK,lightkurve,,17,"QLP,SPOC,TESS-SPOC","14,15,41,54,55,74,75,81,82",0.9988223,,670.50941,25.469969,3385.4772,3385.4772,85,35.448282,0,,187.29985,12,2.4626168,2.4626168,788.11419,788.11419,False,OK,PDCSAP_FLUX,QLP,788.11419,320.03119,analytic,603.87443,512.098,OK,4,4,SPOC/PDCSAP_FLUX=220ppm;TESS-SPOC/PDCSAP_FLUX=823ppm;QLP/KSPSAP_FLUX=2170ppm;QLP/DET_FLUX=802ppm,4,9,4,"74,75,81,82,14,15,41,54,55","QLP,SPOC","120,1800,600",False,False,4700.8276,1618.3904,2.4304894,6.4459306,8,sector_scatter,0.16160525,0.76879572,0.21020571,0.19427875,ln,1.1753962,2.4626168,2.0951377,0.90280672,4.5140336,60539.826,OK,0.21020571,OK,SAP_FLUX,QLP,1192.4693,292.90266,analytic,369.46664,225.19686,OK,3,3,SPOC/SAP_FLUX=876ppm;TESS-SPOC/SAP_FLUX=1136ppm;QLP/SAP_FLUX=1538ppm,4,9,4,"74,75,81,82,14,15,41,54,55","QLP,SPOC","120,1800,600",False,False,4165.4464,285.78937,0.47566607,4.6146049,8,sector_scatter,0.57574371,0.31613223,1.8212117,1.4036542,ln,1.7784527,4.0712134,2.2891885,0.55459008,2.7729504,10061.522,OK,1.8212117,BACKGROUND_TEST_AGREES,2,"SPOC,TESS-SPOC",505.40194,380.45914,1.3284,0.96872543,SAP_DEEPER_THAN_PDC,0.054782055,13.4925,0.20293596,2.5,0.037601624,606.04813,6.4089647,1938,OK,True,2.5,1.0044645,16.026221,,duration_inconsistent,not_measurable,not_measurable,,False,,0,0,1,1,0.2,320.03119,769.75907,4,6.4459306,0,False,,0.6497764,499.57987,1523.7759,220.128,2170.3608,812.81415,1382.2466,84,292.90266,581.6574,4,4.6146049,0,False,,0.1888492,959.29446,1409.6882,876.00535,1538.3491,1136.2838,345.8798,84,0,3
K00422.01,,9214713,159389556,tic_kic_crossid,CANDIDATE,CANDIDATE,809.01419,250.63424,8.3017,16311.3,92.8,-92.8,0.125784,0.717,646.2,6230,4.397,14.74,0,0,0,0,1,290.38983,45.665329,9,OK,lightkurve,NO_USABLE_TRANSIT,6,"SPOC,TESS-SPOC","80,81,82",0.99502642,,16230.174,92.338451,3746.7336,3746.7336,7,9.3330403,0,,152.52462,4,,,,,False,NO_USABLE_TRANSIT,PDCSAP_FLUX,SPOC,,,none,,,TOO_FEW_MEMBERS,2,0,SPOC/PDCSAP_FLUX=NO_USABLE_TRANSIT;TESS-SPOC/PDCSAP_FLUX=NO_USABLE_TRANSIT,0,3,0,"80,81,82",SPOC,120,False,False,,,,,3,,,,,,,,,,,,,NO_USABLE_TRANSIT,,NO_USABLE_TRANSIT,SAP_FLUX,SPOC,,,none,,,TOO_FEW_MEMBERS,2,0,SPOC/SAP_FLUX=NO_USABLE_TRANSIT;TESS-SPOC/SAP_FLUX=NO_USABLE_TRANSIT,0,3,0,"80,81,82",SPOC,120,False,False,,,,,3,,,,,,,,,,,,,NO_USABLE_TRANSIT,,BACKGROUND_TEST_UNAVAILABLE,0,,,,,,,0.21186316,,,,,,,0,too_few_points,False,,,,,inconclusive,not_measured,not_measured,,False,,0,0,1,1,0,,,0,,2,True,NO_USABLE_TRANSIT:2,,,,,,,,84,,,0,,2,True,NO_USABLE_TRANSIT:2,,,,,,,,84,0,3
K02491.01,Kepler-1257 b,9229657,272084528,tic_kic_crossid_over_name_planet,CONFIRMED,CANDIDATE,2.6683127,131.68823,2.4141,266.2,13.4,-13.4,0.015027,0.333,8.12,5806,4.528,15.553,0,0,0,0,1,296.07568,45.62706,9,QUERY_RETURNED_ZERO_ROWS,lightkurve,QUERY_RETURNED_ZERO_ROWS,0,,,0.968072,,257.70077,12.972165,,,0,,0,,36,0,,,,,False,FLUX_COLUMN_NOT_PRESENT,,,,,,,,ENSEMBLE_NOT_ATTEMPTED,0,0,,0,0,0,,,,False,False,,,,,0,,,,,,,,,,,,,NO_USABLE_TRANSIT,,FLUX_COLUMN_NOT_PRESENT,,,,,,,,ENSEMBLE_NOT_ATTEMPTED,0,0,,0,0,0,,,,False,False,,,,,0,,,,,,,,,,,,,NO_USABLE_TRANSIT,,BACKGROUND_TEST_UNAVAILABLE,0,,,,,,,,,,,,,,0,too_few_points,False,,,,,inconclusive,not_measured,not_measured,,False,,0,0,1,1,0,,,0,,0,False,,,,,,,,,84,,,0,,0,False,,,,,,,,,84,0,3
K04215.01,Kepler-1570 b,9366617,269270853,tic_kic_crossid_over_name_planet,CONFIRMED,CANDIDATE,26.548729,137.24401,7.968,142,10.6,-10.6,0.010812,0.21,25.17,5456,3.802,13.961,0,0,0,0,1,299.86182,45.827351,9,OK,lightkurve,,17,"QLP,SPOC,TESS-SPOC","14,15,41,54,55,74,75,81,82",0.9586778,,136.13225,10.161985,3359.636,3359.636,203,104.80076,0,,433.92228,12,0.45146979,-1.9606135,-955.26648,218.37181,False,OK,PDCSAP_FLUX,QLP,-955.26648,658.95357,bootstrap,658.95357,,TOO_FEW_MEMBERS,4,1,SPOC/PDCSAP_FLUX=OK;TESS-SPOC/PDCSAP_FLUX=OK;QLP/KSPSAP_FLUX=OK;QLP/DET_FLUX=1917ppm,9,9,9,"74,75,81,82,14,15,41,54,55","QLP,SPOC","120,1800,600",False,False,9768.1677,-2417.7079,2.4797836,2.0062389,8,,-8.0171947,4.8413736,-1.6559752,-1.6559752,linear,-7.0171947,-1.4496719,0.20658853,4.8413736,24.206868,4.4347612e+12,OK,-1.6559752,OK,SAP_FLUX,QLP,284.59748,784.91761,bootstrap,882.08392,402.4629,OK,3,2,SPOC/SAP_FLUX=268ppm;TESS-SPOC/SAP_FLUX=OK;QLP/SAP_FLUX=1451ppm,9,9,9,"74,75,81,82,14,15,41,54,55","QLP,SPOC","120,1800,600",False,False,8600.7493,-2540.3289,3.0817214,3.4507344,8,odd_even_significant;sector_scatter,1.0905956,6.4802332,0.16829573,0.16829573,linear,2.0905956,0.36258261,0.17343508,6.4802332,32.401166,1.6054938e+16,OK,0.16829573,BACKGROUND_TEST_UNAVAILABLE,0,,,,,,,0.02,6.4342311,1.4027801,0.80750893,0.17605172,-1242.1088,1.0408317,4023,OK,False,0.80750893,,,0.61987898,inconclusive,not_measurable,not_measurable,,False,,0,0,1,1,0.2,487.22834,658.95357,9,2.0062389,3,True,OK:3,,,,,,,,84,411.176,784.91761,9,3.4507344,1,True,OK:1,1.4141478,456.90668,1261.8325,267.51237,1451.2268,859.36958,1166.6293,84,0,3
K05663.01,,9391817,352013982,tic_kic_crossid,CANDIDATE,CANDIDATE,140.88453,243.1411,10.245,158,11,-11,0.011447,0.013,106.2,5960,4.306,13.06,0,0,0,0,1,285.60675,45.990318,9,OK,lightkurve,,21,"QLP,SPOC,TESS-SPOC","14,26,40,41,53,55,74,75,80,81,82",0.96325684,,152.19458,10.595825,3429.7532,3429.7532,38,145.71211,0,,590.81133,14,1.8560575,0.23268885,89.891368,625.2352,False,OK,PDCSAP_FLUX,QLP,89.891368,386.31575,analytic,386.31575,,TOO_FEW_MEMBERS,4,1,SPOC/PDCSAP_FLUX=NO_USABLE_TRANSIT;TESS-SPOC/PDCSAP_FLUX=NO_USABLE_TRANSIT;QLP/KSPSAP_FLUX=90ppm;QLP/DET_FLUX=NO_USABLE_TRANSIT,2,11,2,"74,75,80,81,82,14,26,40,41,53,55","QLP,SPOC","120,1800,600",False,False,2258.9056,-2193.2603,2.7794464,7.7253222,10,sector_scatter,-0.40936552,2.5397484,-0.16118349,-0.16118349,linear,0.59063448,0.23268885,0.39396421,2.5397484,12.698742,49818599,OK,-0.16118349,OK,SAP_FLUX,QLP,1071.4504,366.27185,analytic,366.27185,,TOO_FEW_MEMBERS,3,1,SPOC/SAP_FLUX=NO_USABLE_TRANSIT;TESS-SPOC/SAP_FLUX=NO_USABLE_TRANSIT;QLP/SAP_FLUX=1071ppm,2,11,2,"74,75,80,81,82,14,26,40,41,53,55","QLP,SPOC","120,1800,600",False,False,2149.9869,-4207.202,5.7206833,32.726217,10,odd_even_significant;sector_scatter,1.9516087,0.35242898,5.5375942,2.5081734,ln,7.0400037,2.9252873,0.41552355,2.4081284,12.040642,25797701,OK,5.5375942,BACKGROUND_TEST_UNAVAILABLE,0,,,,,,,0.02,4.098,0.90709211,0.4,0.088539981,-627.32266,0.93174324,410,OK,True,0.4,0.99737981,-3.9447694,0.92702107,tracks_b,not_measurable,not_measurable,,False,,0,0,1,1,0.2,386.31575,766.98061,2,7.7253222,3,True,NO_USABLE_TRANSIT:3,,,,,,,,84,366.27185,1458.5494,2,32.726217,2,True,NO_USABLE_TRANSIT:2,,,,,,,,84,0,3
K05665.01,,9394953,158486882,tic_kic_crossid,CANDIDATE,CANDIDATE,100.49413,153.8021,2.679,57.6,10.4,-10.4,0.006966,0.0813,287.7,6018,4.036,11.484,0,0,0,0,1,287.3548,45.948662,9,OK,lightkurve,,33,"QLP,SPOC,TESS-SPOC","14,15,26,40,41,53,54,55,74,75,80,82",0.96376358,,55.512782,10.023141,3312.991,3313.0747,53,120.81105,120.555,0.99788059,402.61815,28,4.8139339,0.32597243,56.364101,835.07604,True,OK,PDCSAP_FLUX,QLP,835.07604,173.47061,analytic,251.46276,182.04798,OK,4,3,SPOC/PDCSAP_FLUX=900ppm;TESS-SPOC/PDCSAP_FLUX=484ppm;QLP/KSPSAP_FLUX=364ppm;QLP/DET_FLUX=OK,3,12,3,"40,41,53,54,55,74,75,80,82,14,15,26","QLP,SPOC","120,1800",False,False,1542.9776,-998.54227,2.8733971,6.7191152,21,sector_scatter,2.7109095,0.35465043,7.6438917,3.097466,ln,15.04295,4.8139339,0.32001261,4.53369,22.66845,3.8830742e+11,OK,7.6438917,OK,SAP_FLUX,QLP,-10.191706,209.34529,analytic,214.30825,45.853822,OK,3,3,SPOC/SAP_FLUX=14ppm;TESS-SPOC/SAP_FLUX=75ppm;QLP/SAP_FLUX=149ppm,3,12,3,"40,41,53,54,55,74,75,80,82,14,15,26","QLP,SPOC","120,1800",False,False,1755.1532,744.91688,1.7740297,1.5849812,21,,-1.1835921,3.8650641,-0.30622831,-0.30622831,linear,-0.18359206,-0.048683712,0.2651733,3.8650641,19.325321,1.3717442e+10,OK,-0.30622831,BACKGROUND_TEST_DISAGREES,2,"SPOC,TESS-SPOC",-562.26816,159.75594,-3.5195447,-0.81256534,PDC_DEEPER_THAN_SAP,0.02,3.6359624,0.36564044,1.3572088,0.13648393,564.7794,0.91531927,782,OK,False,1.3572088,1.0200425,1.5734148,,fixed_b,not_measurable,not_measurable,,False,,0,0,1,1,0.4,173.47061,451.64241,3,6.7191152,1,True,OK:1,0.21800168,402.71572,766.81169,364.43419,899.86943,484.06399,470.64185,84,209.34529,255.45023,3,1.5849812,0,False,,0.60864076,33.900073,125.60772,14.399837,149.26402,75.338074,73.925946,84,0.08371875,3
K04207.01,,9456281,158559883,tic_kic_crossid,CANDIDATE,CANDIDATE,0.70194436,132.00161,0.641,210.8,18,-18,0.013524,0.07,8.48,4236,4.698,15.397,0,0,0,0,1,287.80502,46.00116,9,OK,lightkurve,,4,"SPOC,TESS-SPOC","80,82",0.94232089,,198.64124,16.961776,3506.1504,3506.1504,7894,17.11336,0,,60.955079,20,2.0659757,0.86587921,882.67655,2061.9937,False,OK,PDCSAP_FLUX,SPOC,882.67655,1207.0954,bootstrap,1207.0954,,TOO_FEW_MEMBERS,2,1,SPOC/PDCSAP_FLUX=883ppm;TESS-SPOC/PDCSAP_FLUX=OK,58,2,2,"80,82",SPOC,120,False,False,24048.593,-986.09663,0.40958675,0.31631146,2,,3.4435714,6.0775667,0.56660364,0.56660364,linear,4.4435714,0.7312401,0.16456135,6.0775667,30.387834,3.1285122e+15,OK,0.56660364,OK,SAP_FLUX,SPOC,237.76494,313.91787,bootstrap,313.91787,,TOO_FEW_MEMBERS,2,1,SPOC/SAP_FLUX=238ppm;TESS-SPOC/SAP_FLUX=OK,72,2,2,"80,82",SPOC,120,False,False,7592.7478,-135.9277,0.22407538,1.5250119,2,,0.19695657,1.5834206,0.12438677,0.12438677,linear,1.1969566,0.75741129,0.63278093,1.5834206,7.9171029,544835.3,OK,0.12438677,BACKGROUND_TEST_AGREES,1,SPOC,-644.91161,1247.2464,-0.51706831,-0.73063186,PDC_DEEPER_THAN_SAP,0.02,0.74676055,0.49039106,1.1649931,0.76504065,801.47172,1.1592367,5569,OK,True,1.1649931,1.0149274,0.20374488,,fixed_b,not_measurable,not_measurable,,False,,0,0,1,1,0.4,1019.3992,1207.0954,61,1.2379165,1,True,OK:1,,,,,,,,84,284.28009,313.91787,74,1.1317706,1,True,OK:1,,,,,,,,84,0,3
K00940.01,Kepler-734 b,9479273,272845785,tic_kic_crossid_over_name_planet,CONFIRMED,CANDIDATE,6.1048494,169.57348,4.6912,2090.3,8.1,-8.1,0.04092,0.041,10.3581,5085,4.584,15.017,0,0,0,0,1,297.04562,46.027359,9,OK,lightkurve,,8,"SPOC,TESS-SPOC","74,75,81,82",0.95275304,,1991.5397,7.7172996,3368.7361,3368.7035,879,3.4634372,-46.94953,13.555762,80.758312,7,4.8915967,4.5317492,1918.3026,2102.1486,True,OK,PDCSAP_FLUX,SPOC,2102.1486,420.10259,bootstrap,430.64025,94.682848,OK,2,2,SPOC/PDCSAP_FLUX=2102ppm;TESS-SPOC/PDCSAP_FLUX=1824ppm,16,4,4,"74,75,81,82",SPOC,120,False,False,13671.152,-1269.9462,1.6253942,0.93263031,4,,0.054051931,0.21090634,0.25628405,0.25020669,ln,1.0555394,5.0038935,4.7406032,0.22197414,1.1098707,4050.7242,OK,0.25628405,OK,SAP_FLUX,SPOC,1364.1715,275.67899,bootstrap,276.24373,17.65486,OK,2,2,SPOC/SAP_FLUX=1364ppm;TESS-SPOC/SAP_FLUX=1312ppm,16,4,4,"74,75,81,82",SPOC,120,False,False,8963.6899,-546.06528,1.0028193,0.53834719,4,,-0.37836075,0.2086168,-1.8136638,-2.1357626,ln,0.68498335,4.9484058,7.2241256,0.1474961,0.7374805,2172.0955,OK,-1.8136638,BACKGROUND_TEST_AGREES,2,"SPOC,TESS-SPOC",-652.31312,396.25201,-1.6462077,-0.33231957,PDC_DEEPER_THAN_SAP,0.039375073,6.7679938,0.10179502,1.4426999,0.021699144,1509.148,1.0279999,11172,OK,False,1.4426999,1.0010822,6.986993,,duration_inconsistent,consistent,consistent,duration_not_fixed_b,False,,0,0,1,1,0.2,429.74692,420.10259,18,1.2117832,0,False,,0.045040987,1868.2263,2057.592,1823.6697,2102.1486,1962.9091,278.47897,84,273.0383,275.67899,18,1.2112264,0,False,,0.012941819,1320.5536,1355.8633,1312.2455,1364.1715,1338.2085,51.92606,84,-0.03260384,3
K00943.01,Kepler-736 b,9513865,351909600,tic_kic_crossid_confirms_name_planet,CONFIRMED,CANDIDATE,3.6014653,171.99184,2.2753,777.7,18.1,-18.1,0.024764,0.021,12.403,5052,4.48,15.733,0,0,0,0,1,285.39133,46.180939,9,OK,lightkurve,,6,"SPOC,TESS-SPOC","80,81,82",0.95235133,,740.64363,17.237559,3518.8352,3518.8352,1531,13.222841,0,,73.798023,12,1.735909,0.68507437,1171.1979,2892.9607,False,OK,PDCSAP_FLUX,SPOC,1171.1979,2026.0737,bootstrap,2026.5257,42.799857,OK,2,2,SPOC/PDCSAP_FLUX=1171ppm;TESS-SPOC/PDCSAP_FLUX=1045ppm,14,3,3,"80,81,82",SPOC,120,False,False,37822.221,-4968.6192,1.2274781,0.11405584,3,,0.58132448,2.7367242,0.21241618,0.21241618,linear,1.5813245,0.57806284,0.36555612,2.7367242,13.683621,6.4912716e+08,OK,0.21241618,OK,SAP_FLUX,SPOC,356.29886,514.21012,bootstrap,523.38266,97.556971,OK,2,2,SPOC/SAP_FLUX=356ppm;TESS-SPOC/SAP_FLUX=69ppm,18,3,3,"80,81,82",SPOC,120,False,False,14415.73,-754.18628,0.71846164,0.36147394,3,,-0.51893347,0.70880811,-0.73212124,-0.73212124,linear,0.48106653,0.69290518,1.4403521,0.70880811,3.5440406,24890.416,OK,-0.73212124,BACKGROUND_TEST_AGREES,2,"SPOC,TESS-SPOC",-895.11202,1480.9332,-0.60442429,-0.80767554,PDC_DEEPER_THAN_SAP,0.024175974,3.8241772,1.3000964,1.6807354,0.5713956,-1267.4755,1.0109933,4777,OK,True,1.6807354,1.0062398,1.4904069,,fixed_b,not_measurable,not_measurable,,False,,0,0,1,1,0.2,1709.5923,2026.0737,19,1.2657437,0,False,,0.036543659,1065.4571,1151.0568,1045.316,1171.1979,1108.2569,125.88193,84,554.8565,514.21012,22,1.0029193,0,False,,0.27380658,115.27575,310.3897,69.366591,356.29886,212.83272,286.93227,84,0,3
K00115.01,Kepler-105 b,9579641,158625964,tic_kic_crossid_over_name_planet,CONFIRMED,CANDIDATE,5.4122039,133.14309,2.9472,601.6,4,-4,0.024775,0.787,9.25,5779,4.339,12.791,0,0,0,0,3,287.88733,46.276241,9,OK,lightkurve,,30,"QLP,SPOC,TESS-SPOC","14,15,26,40,41,53,54,55,74,75,80,82",1.0058867,,605.14143,4.0235467,3324.225,3324.2454,990,4.4028139,29.442528,6.687207,57.416442,10,5.6868815,5.043204,500.91906,554.58993,True,OK,PDCSAP_FLUX,QLP,554.58993,141.3868,bootstrap,180.23702,111.78174,OK,4,4,SPOC/PDCSAP_FLUX=595ppm;TESS-SPOC/PDCSAP_FLUX=715ppm;QLP/KSPSAP_FLUX=402ppm;QLP/DET_FLUX=469ppm,50,12,12,"40,41,53,54,55,74,75,80,82,14,15,26","QLP,SPOC","120,1800",False,False,3952.511,-421.69149,1.4846833,2.8586676,18,,-0.087233218,0.32888248,-0.2652413,-0.27653486,ln,0.91646333,3.9225016,4.280042,0.30208367,1.5104183,2135.3171,OK,-0.2652413,OK,SAP_FLUX,QLP,415.34425,111.08655,bootstrap,133.76853,74.523802,OK,3,3,SPOC/SAP_FLUX=491ppm;TESS-SPOC/SAP_FLUX=531ppm;QLP/SAP_FLUX=312ppm,54,12,12,"40,41,53,54,55,74,75,80,82,14,15,26","QLP,SPOC","120,1800",False,False,3514.4322,-330.83819,1.5603722,3.4556134,18,sector_scatter,-0.3763545,0.32599253,-1.1544881,-1.3832931,ln,0.68635897,3.7389247,5.4474769,0.22673505,1.1336753,1275.0661,OK,-1.1544881,BACKGROUND_TEST_AGREES,2,"SPOC,TESS-SPOC",-138.78506,133.49155,-1.0396543,-0.21191095,PDC_DEEPER_THAN_SAP,0.061263153,2.0428365,0.062404106,0.69314484,0.021174032,409.57036,1.0676362,16495,OK,False,0.69314484,0.99747859,-6.1530396,0.91825298,tracks_b,consistent,consistent,duration_not_fixed_b,False,,0,0,1,1,0.5,97.520922,141.3868,57,2.4264446,0,False,,0.20155746,433.76896,657.33243,401.69516,715.19268,531.58304,160.60275,84,81.477318,111.08655,59,2.5476467,0,False,,0.17942659,368.90823,517.95584,311.50657,530.69422,490.88677,115.34997,84,0.0204462,3
K00115.02,Kepler-105 c,9579641,158625964,tic_kic_crossid_over_name_planet,CONFIRMED,CANDIDATE,7.1259439,139.00492,3.0014,192.4,4.4,-4.4,0.01512,0.898,8.62,5779,4.339,12.791,0,0,0,0,3,287.88733,46.276241,9,OK,lightkurve,,30,"QLP,SPOC,TESS-SPOC","14,15,26,40,41,53,54,55,74,75,80,82",1.0376769,,199.64904,4.5657786,3323.5888,3323.5263,751,15.376466,-90.042,5.8558319,91.150398,9,8.3617798,7.8203738,588.9734,709.2256,True,OK,PDCSAP_FLUX,QLP,709.2256,404.5903,bootstrap,636.90756,491.89219,OK,4,3,SPOC/PDCSAP_FLUX=56ppm;TESS-SPOC/PDCSAP_FLUX=42ppm;QLP/KSPSAP_FLUX=1489ppm;QLP/DET_FLUX=OK,40,12,12,"40,41,53,54,55,74,75,80,82,14,15,26","QLP,SPOC","120,1800",False,False,3891.9934,-888.86257,1.6772066,9.1701023,18,sector_scatter,2.5523616,3.1906095,0.7999605,0.7999605,linear,3.5523616,1.7529476,0.49345979,3.1906095,15.953048,1.6927302e+09,OK,0.7999605,OK,SAP_FLUX,QLP,577.55115,366.54177,bootstrap,541.19297,398.16699,OK,3,3,SPOC/SAP_FLUX=42ppm;TESS-SPOC/SAP_FLUX=56ppm;QLP/SAP_FLUX=1213ppm,43,12,12,"40,41,53,54,55,74,75,80,82,14,15,26","QLP,SPOC","120,1800",False,False,3526.8701,-984.11221,2.0926322,9.9820924,18,sector_scatter,1.892832,2.7112791,0.69813248,0.69813248,linear,2.892832,1.5756762,0.54468292,2.7112791,13.556395,1.5407579e+08,OK,0.69813248,BACKGROUND_TEST_AGREES,2,"SPOC,TESS-SPOC",-0.047239097,113.13476,-0.00041754714,-0.00096151574,PDC_DEEPER_THAN_SAP,0.072777031,5.8768763,0.87387781,1.958045,0.29115673,263.67819,1.0821389,12443,OK,False,1.958045,1.0593174,3.9029401,0.41402688,tracks_b,not_measurable,not_measurable,,False,,0,0,1,1,0.4,84.817541,404.5903,42,5.2882558,1,True,OK:1,0.69356237,46.679434,1030.4638,42.323191,1489.0649,55.936452,779.83932,84,76.793631,366.54177,45,4.2655589,0,False,,0.6894056,46.096306,842.43029,41.632304,1212.7117,55.58231,635.16055,84,-0.062529167,3
K00115.03,,9579641,158625964,tic_kic_crossid_over_name_planet,CANDIDATE,CANDIDATE,3.4359163,132.6624,3.133,23.2,3.4,-3.4,0.004612,0.624,6.65,5779,4.339,12.791,0,0,0,0,3,287.88733,46.276241,9,OK,lightkurve,,30,"QLP,SPOC,TESS-SPOC","14,15,26,40,41,53,54,55,74,75,80,82",0.98438236,,22.837671,3.3469,3322.2559,3322.2559,1559,107.33934,-0.018798,0.00017512684,369.01302,22,3.1861957,3.1773598,250.53006,251.30102,True,OK,PDCSAP_FLUX,QLP,251.30102,107.73452,bootstrap,144.15388,95.778985,OK,4,4,SPOC/PDCSAP_FLUX=97ppm;TESS-SPOC/PDCSAP_FLUX=44ppm;QLP/KSPSAP_FLUX=358ppm;QLP/DET_FLUX=39ppm,72,12,12,"40,41,53,54,55,74,75,80,82,14,15,26","QLP,SPOC","120,1800",False,False,3977.196,156.75804,0.70075853,4.0135257,18,sector_scatter,2.3982401,0.59416255,4.0363367,1.5843807,ln,11.003794,2.3325951,0.21198099,6.3140086,31.570043,1.1731331e+15,OK,4.0363367,OK,SAP_FLUX,QLP,117.65645,92.470697,bootstrap,119.53802,75.75294,OK,3,3,SPOC/SAP_FLUX=21ppm;TESS-SPOC/SAP_FLUX=20ppm;QLP/SAP_FLUX=242ppm,82,12,12,"40,41,53,54,55,74,75,80,82,14,15,26","QLP,SPOC","120,1800",False,False,3410.8216,195.2942,1.0657674,2.8367702,18,,4.1518588,5.2365373,0.7928634,0.7928634,linear,5.1518588,1.2723647,0.24697198,5.2365373,26.182686,5.3659679e+12,OK,0.7928634,BACKGROUND_TEST_AGREES,2,"SPOC,TESS-SPOC",-54.719015,93.854097,-0.58302212,-0.77585271,PDC_DEEPER_THAN_SAP,0.02,2.238974,0.50817354,0.71464221,0.1622003,118.4524,1.0395364,25559,OK,False,0.71464221,1.0173476,-1.3264591,0.83226779,fixed_b,not_measurable,not_measurable,,False,,0,0,1,1,0.8,78.871809,107.73452,84,2.3378189,0,False,,0.3811325,41.303225,232.8612,38.604852,358.42965,70.527581,212.69617,84,63.820265,92.470697,89,1.8698928,0,False,,0.64384857,20.221279,171.72716,19.672564,242.47533,21.387299,124.81888,84,-1.3054167e-05,3
K00467.01,Kepler-562 b,9583881,159301821,tic_kic_crossid_over_name_planet,CONFIRMED,CANDIDATE,18.009322,182.44101,4.9611,3004.4,14.8,-14.8,0.05176,0.55,24.87,5815,4.54,14.794,0,0,0,0,1,290.11963,46.273811,9,OK,lightkurve,,6,"SPOC,TESS-SPOC","80,81,82",0.97867746,,2940.3386,14.484426,3526.2935,3526.2935,306,4.5146278,0,,87.960384,10,1.568633,1.4703431,1961.9866,2088.7495,False,OK,PDCSAP_FLUX,SPOC,1961.9866,1334.3733,analytic,1348.9186,197.55859,OK,2,2,SPOC/PDCSAP_FLUX=1962ppm;TESS-SPOC/PDCSAP_FLUX=2543ppm,3,3,2,"80,81,82",SPOC,120,False,False,16519.249,2484.6918,0.76110273,3.0654603,3,sector_scatter,-0.33273446,0.461506,-0.72097537,-0.72097537,linear,0.66726554,1.4703431,2.2035352,0.461506,2.30753,26608.804,OK,-0.72097537,OK,SAP_FLUX,SPOC,1675.6938,805.10422,analytic,811.66304,102.97615,OK,2,2,SPOC/SAP_FLUX=1676ppm;TESS-SPOC/SAP_FLUX=1979ppm,4,3,3,"80,81,82",SPOC,120,False,False,11950.371,-56.42977,0.032642412,1.6393277,3,,-0.56229747,0.48697306,-1.1546788,-1.5329077,ln,0.56989823,2.0813377,3.6521217,0.28057904,1.4028952,9017.8937,OK,-1.1546788,BACKGROUND_TEST_AGREES,2,"SPOC,TESS-SPOC",-427.8198,1092.2967,-0.39166996,-0.18992992,PDC_DEEPER_THAN_SAP,0.069189383,3.1376751,1.2906321,0.63245553,0.26015038,2740.605,0.96377075,2077,OK,False,0.63245553,0.98756851,-1.0751554,0.88584392,fixed_b,not_measurable,not_measurable,,False,,0,0,1,1,0.1,1334.3733,1363.9625,3,1.5420363,0,False,,0.10069314,2054.9554,2450.0725,1961.9866,2543.0413,2252.5139,581.05467,84,805.10422,762.62533,4,1.0956029,0,False,,0.061452848,1724.1531,1930.1054,1675.6938,1978.5648,1827.1293,302.87104,84,0,3
K07951.01,,9640649,158560319,tic_kic_crossid,CANDIDATE,CANDIDATE,0.86232931,132.16214,1.044,140.9,20.6,-20.6,0.011096,0.421,5.84,5806,4.528,15.769,0,0,0,0,1,287.81287,46.340569,9,OK,lightkurve,,4,"SPOC,TESS-SPOC","80,82",0.97144507,,136.87661,20.011768,3505.628,3505.628,6425,38.423465,0,,130.93039,24,2.2119547,-0.45425613,-640.67102,3225.0391,False,OK,PDCSAP_FLUX,SPOC,-640.67102,1490.2407,bootstrap,1490.2407,,TOO_FEW_MEMBERS,2,0,SPOC/PDCSAP_FLUX=OK;TESS-SPOC/PDCSAP_FLUX=OK,45,2,2,"80,82",SPOC,120,False,False,39487.827,-3110.746,1.073669,2.041289,2,,-5.6806464,10.888572,-0.52170721,-0.52170721,linear,-4.6806464,-0.42991109,0.091848657,10.888572,54.442859,6.0334076e+25,OK,-0.52170721,OK,SAP_FLUX,SPOC,-429.03462,812.94126,bootstrap,812.94126,,TOO_FEW_MEMBERS,2,0,SPOC/SAP_FLUX=OK;TESS-SPOC/SAP_FLUX=OK,56,2,2,"80,82",SPOC,120,False,False,25992.11,-1975.3436,1.2395699,1.4406007,2,,-4.1344627,5.9412367,-0.69589261,-0.69589261,linear,-3.1344627,-0.52775599,0.16837208,5.9412367,29.706183,1.090337e+15,OK,-0.69589261,BACKGROUND_TEST_UNAVAILABLE,0,,,,,,,0.02,1.3329622,0.40288088,1.2767837,0.38590122,1301.4985,1.1544488,7039,OK,False,1.2767837,,,,inconclusive,not_measurable,not_measurable,,False,,0,0,1,1,0.4,1410.374,1490.2407,48,0.87811638,2,True,OK:2,,,,,,,,84,778.66813,812.94126,60,0.87980606,2,True,OK:2,,,,,,,,84,0,3
K02152.01,Kepler-1122 b,9641481,158664692,tic_kic_crossid_over_name_planet,CONFIRMED,CANDIDATE,42.191833,155.31211,7.083,488.7,21.7,-21.7,0.019889,0.067,46.32,5520,4.339,15.06,0,0,0,0,1,288.28052,46.3409,9,OK,lightkurve,,4,"SPOC,TESS-SPOC","80,82",0.9573487,,467.85631,20.774467,3515.4422,3515.4422,131,67.911894,0,,309.98068,11,1.7987088,-0.99735126,-1997.2663,3747.7623,False,OK,PDCSAP_FLUX,SPOC,-1997.2663,2002.5705,analytic,2002.5705,,TOO_FEW_MEMBERS,2,0,SPOC/PDCSAP_FLUX=OK;TESS-SPOC/PDCSAP_FLUX=OK,1,2,1,"80,82",SPOC,120,False,False,20145.161,,,,2,,-5.2689737,4.2808334,-1.2308289,-1.2308289,linear,-4.2689737,-0.99735126,0.23362788,4.2808334,21.404167,9.2432373e+11,OK,-1.2308289,OK,SAP_FLUX,SPOC,8.1185639,1712.8553,analytic,1718.9145,144.20034,OK,2,2,SPOC/SAP_FLUX=8ppm;TESS-SPOC/SAP_FLUX=432ppm,1,2,1,"80,82",SPOC,120,False,False,17230.727,,,,2,,-0.98264731,3.6746308,-0.26741389,-0.26741389,linear,0.017352687,0.0047397838,0.27314409,3.6746308,18.373154,4.4614079e+10,OK,-0.26741389,BACKGROUND_TEST_UNAVAILABLE,0,,,,,,,0.02,16.658194,1.0182162,2.3518557,0.14375494,2428.8622,1.207396,1062,OK,True,2.3518557,,,,inconclusive,not_measurable,not_measurable,,False,,0,0,1,1,0.1,2002.5705,,1,0,2,True,OK:2,,,,,,,,84,1712.8553,,1,0,0,False,,17.761804,75.977547,364.37823,8.1185639,432.23721,220.17789,424.11865,84,0,3
K07220.01,,9658089,271662432,tic_kic_crossid,CANDIDATE,CANDIDATE,1.0570808,131.69304,1.82,60.6,6.5,-6.5,0.009363,0.966,1.627,6000,4.487,15.102,0,0,0,0,1,295.35825,46.343929,9,QUERY_RETURNED_ZERO_ROWS,lightkurve,QUERY_RETURNED_ZERO_ROWS,0,,,1.0838618,,65.682022,7.0451014,,,0,,0,,36,0,,,,,False,FLUX_COLUMN_NOT_PRESENT,,,,,,,,ENSEMBLE_NOT_ATTEMPTED,0,0,,0,0,0,,,,False,False,,,,,0,,,,,,,,,,,,,NO_USABLE_TRANSIT,,FLUX_COLUMN_NOT_PRESENT,,,,,,,,ENSEMBLE_NOT_ATTEMPTED,0,0,,0,0,0,,,,False,False,,,,,0,,,,,,,,,,,,,NO_USABLE_TRANSIT,,BACKGROUND_TEST_UNAVAILABLE,0,,,,,,,,,,,,,,0,too_few_points,False,,,,,inconclusive,not_measured,not_measured,,False,,0,0,1,1,0,,,0,,0,False,,,,,,,,,84,,,0,,0,False,,,,,,,,,84,0,3
K00179.01,Kepler-458 c,9663113,272844987,tic_kic_crossid_over_name_planet,CONFIRMED,CANDIDATE,20.740286,142.80003,10.3939,1023.3,7.5,-7.5,0.029861,0.431,14.28,6226,4.264,13.955,0,0,0,0,2,297.04541,46.328701,9,OK,lightkurve,,17,"QLP,SPOC,TESS-SPOC","14,15,41,54,55,74,75,81,82",0.97373285,,996.42082,7.3029964,3368.2744,3368.2744,260,11.217506,0,0,189.56102,10,3.5740828,3.5740828,1106.7887,1106.7887,True,OK,PDCSAP_FLUX,QLP,1106.7887,386.18717,bootstrap,545.08701,384.68081,OK,4,3,SPOC/PDCSAP_FLUX=1632ppm;TESS-SPOC/PDCSAP_FLUX=1374ppm;QLP/KSPSAP_FLUX=OK;QLP/DET_FLUX=501ppm,11,9,9,"74,75,81,82,14,15,41,54,55","QLP,SPOC","120,1800,600",False,False,9223.5808,-156.44202,0.23711533,2.5240285,8,,0.10504836,0.49508004,0.2121846,0.20161911,ln,1.1107643,2.8659386,2.58015,0.54937413,2.7468706,14541.523,OK,0.2121846,OK,SAP_FLUX,QLP,1146.7435,434.92291,bootstrap,537.97852,316.64326,OK,3,3,SPOC/SAP_FLUX=1662ppm;TESS-SPOC/SAP_FLUX=1538ppm;QLP/SAP_FLUX=731ppm,11,9,9,"74,75,81,82,14,15,41,54,55","QLP,SPOC","120,1800,600",False,False,8600.5345,-80.587115,0.13158088,3.3796114,8,sector_scatter,0.14051176,0.47184977,0.29778918,0.27820532,ln,1.1508626,2.6366591,2.2910286,0.54227075,2.7113537,13999.349,OK,0.29778918,BACKGROUND_TEST_AGREES,2,"SPOC,TESS-SPOC",91.308246,371.54796,0.2457509,0.060756623,SAP_DEEPER_THAN_PDC,0.035384679,7.2044782,0.54230572,0.69314484,0.052175384,760.74351,1.0251244,8515,OK,False,0.69314484,1.0018981,-4.0678506,0.8001818,tracks_b,not_measurable,not_measurable,,False,,0,0,1,1,0.2,309.6707,386.18717,11,2.2312432,1,True,OK:1,0.34756481,780.03051,1549.3921,500.715,1632.1291,1373.576,606.07371,84,289.0702,434.92291,11,3.8094997,0,False,,0.27612388,989.27531,1622.5618,731.13581,1662.4395,1537.8218,515.69604,84,0,3
K00179.02,Kepler-458 b,9663113,272844987,tic_kic_crossid_over_name_planet,CONFIRMED,CANDIDATE,572.37663,306.51006,24.42,1743.4,22.3,-22.3,0.040914,0.712,136.1,6226,4.264,13.955,0,0,0,0,2,297.04541,46.328701,9,OK,lightkurve,NO_USABLE_TRANSIT,17,"QLP,SPOC,TESS-SPOC","14,15,41,54,55,74,75,81,82",0.99441601,,1733.6649,22.175477,3290.8997,3290.8997,9,80.778567,0,,608.6357,4,,,,,False,NO_USABLE_TRANSIT,PDCSAP_FLUX,QLP,,,none,,,TOO_FEW_MEMBERS,4,0,SPOC/PDCSAP_FLUX=NO_USABLE_TRANSIT;TESS-SPOC/PDCSAP_FLUX=NO_USABLE_TRANSIT;QLP/KSPSAP_FLUX=NO_USABLE_TRANSIT;QLP/DET_FLUX=NO_USABLE_TRANSIT,0,9,0,"74,75,81,82,14,15,41,54,55","QLP,SPOC","120,1800,600",False,False,,,,,8,,,,,,,,,,,,,NO_USABLE_TRANSIT,,NO_USABLE_TRANSIT,SAP_FLUX,QLP,,,none,,,TOO_FEW_MEMBERS,3,0,SPOC/SAP_FLUX=NO_USABLE_TRANSIT;TESS-SPOC/SAP_FLUX=NO_USABLE_TRANSIT;QLP/SAP_FLUX=NO_USABLE_TRANSIT,0,9,0,"74,75,81,82,14,15,41,54,55","QLP,SPOC","120,1800,600",False,False,,,,,8,,,,,,,,,,,,,NO_USABLE_TRANSIT,,BACKGROUND_TEST_UNAVAILABLE,0,,,,,,,0.076871781,,,,,,,0,too_few_points,False,,,,,inconclusive,not_measured,not_measured,,False,,0,0,1,1,0.1,,,0,,4,True,NO_USABLE_TRANSIT:4,,,,,,,,84,,,0,,3,True,NO_USABLE_TRANSIT:3,,,,,,,,84,0,3
K01871.01,Kepler-1996 c,9758089,164892125,tic_kic_crossid_over_name_planet,CONFIRMED,CANDIDATE,92.729725,177.43808,6.83,1257.5,31.9,-31.9,0.038187,0.857,60.8,4580,4.641,14.897,0,0,0,0,2,285.25366,46.582191,9,OK,lightkurve,,10,"SPOC,TESS-SPOC","74,75,80,81,82",1.0369656,,1303.9843,33.079203,3481.4919,3481.4919,59,34.181282,0,,204.99385,9,1.2007109,0.58926552,1081.8234,2196.8834,False,OK,PDCSAP_FLUX,SPOC,1081.8234,1835.8844,analytic,1862.9126,316.18318,OK,2,2,SPOC/PDCSAP_FLUX=1082ppm;TESS-SPOC/PDCSAP_FLUX=152ppm,1,5,1,"74,75,80,81,82",SPOC,120,False,False,18133.277,,,,5,,-0.17037083,1.429731,-0.11916286,-0.11916286,linear,0.82962917,0.58926552,0.7102758,1.429731,7.1486548,1657876.8,OK,-0.11916286,OK,SAP_FLUX,SPOC,473.62541,550.50249,analytic,554.09649,63.007377,OK,2,2,SPOC/SAP_FLUX=474ppm;TESS-SPOC/SAP_FLUX=288ppm,1,5,1,"74,75,80,81,82",SPOC,120,False,False,5437.3869,,,,5,,-0.63678595,0.4286087,-1.4857047,-1.4857047,linear,0.36321405,0.86035108,2.3687164,0.4286087,2.1430435,9812.9315,OK,-1.4857047,BACKGROUND_TEST_AGREES,2,"SPOC,TESS-SPOC",-238.08034,1359.2697,-0.17515312,-0.38596265,PDC_DEEPER_THAN_SAP,0.12745216,5.6863384,7.0404211,0.83255321,1.0308084,1633.6774,0.86675292,1024,OK,True,0.83255321,0.98966923,-0.13948839,0.9164158,fixed_b,not_measurable,not_measurable,,False,,0,0,1,1,0.1,1835.8844,,1,0,0,False,,0.29226875,300.66496,933.03131,151.87288,1081.8234,616.84814,929.95052,84,550.50249,,1,0,0,False,,0.13303209,317.96013,443.97488,288.3096,473.62541,380.96751,185.31582,84,0,3
K01871.02,Kepler-1996 b,9758089,164892125,tic_kic_crossid_over_name_planet,CONFIRMED,CANDIDATE,32.376183,150.41557,4.4639,745.4,24.1,-24.1,0.030674,0.896,28.2,4580,4.641,14.897,0,0,0,0,2,285.25366,46.582191,9,OK,lightkurve,,10,"SPOC,TESS-SPOC","74,75,80,81,82",1.0556154,,786.85574,25.440332,3487.3667,3487.3667,170,32.404239,0,,164.17122,12,1.5745018,0.78131614,1023.6893,2043.6234,False,OK,PDCSAP_FLUX,SPOC,1023.6893,1310.2114,analytic,1310.2114,,TOO_FEW_MEMBERS,2,1,SPOC/PDCSAP_FLUX=1024ppm;TESS-SPOC/PDCSAP_FLUX=OK,3,5,3,"74,75,80,81,82",SPOC,120,False,False,16687.501,2270.699,0.8524243,0.39627291,5,,0.30098729,1.666187,0.18064436,0.18064436,linear,1.3009873,0.78131614,0.60055632,1.666187,8.3309351,3264897.8,OK,0.18064436,OK,SAP_FLUX,SPOC,424.51575,400.03606,analytic,405.65043,67.256419,OK,2,2,SPOC/SAP_FLUX=425ppm;TESS-SPOC/SAP_FLUX=227ppm,4,5,4,"74,75,80,81,82",SPOC,120,False,False,6217.0468,1035.8547,1.1766691,0.96189137,5,,-0.460491,0.51896054,-0.88733336,-0.88733336,linear,0.539509,1.0611937,1.966962,0.51896054,2.5948027,9752.2464,OK,-0.88733336,BACKGROUND_TEST_AGREES,1,SPOC,-599.17357,1369.9207,-0.43737828,-0.58530802,PDC_DEEPER_THAN_SAP,0.13698015,9.5792417,2.0508522,2.1459355,0.45943058,1135.8779,1.1247841,1778,OK,True,2.1459355,1.017025,3.385305,,duration_inconsistent,not_measurable,not_measurable,,False,,0,0,1,1,0.1,1310.2114,681.59091,4,0.39627291,1,True,OK:1,,,,,,,,84,400.03606,341.08607,5,0.96189137,0,False,,0.15843091,258.35283,392.86567,226.70275,424.51575,325.60925,197.813,84,0,3
K04462.01,,9775385,270697641,tic_kic_crossid,CANDIDATE,CANDIDATE,45.163025,159.8536,7.03,130.3,27.2,-27.2,0.010664,0.2057,48.6,7675,4.051,11.069,0,0,0,0,1,293.85294,46.590809,9,OK,lightkurve,,12,"QLP,TESS-SPOC","14,15,40,54,55,74,75,81",0.97321889,teff_clamped_to_grid,126.81042,26.471554,3322.0905,3322.5055,118,775.90429,597.4797,0.77004304,864,24,3.3906821,-3.1247008,-1081.7578,1446.2959,True,OK,KSPSAP_FLUX,QLP,1446.2959,426.55012,analytic,426.55012,,TOO_FEW_MEMBERS,3,1,TESS-SPOC/PDCSAP_FLUX=NO_USABLE_TRANSIT;QLP/KSPSAP_FLUX=OK;QLP/DET_FLUX=1578ppm,2,8,2,"14,15,40,55,54,74,75,81","QLP,TESS-SPOC","1800,200,600",False,False,5061.0487,,,1.1220317,4,,2.4340678,0.36477041,6.6728761,3.0871094,ln,11.405181,3.3906821,0.29729313,3.3705256,16.852628,2.6433723e+09,OK,6.6728761,OK,SAP_FLUX,QLP,1471.2199,430.10343,analytic,430.10343,,TOO_FEW_MEMBERS,2,1,TESS-SPOC/SAP_FLUX=NO_USABLE_TRANSIT;QLP/SAP_FLUX=1471ppm,2,8,2,"14,15,40,55,54,74,75,81","QLP,TESS-SPOC","1800,200,600",False,False,5187.3819,,,0.041353713,4,,2.451154,0.36268667,6.758324,3.1195407,ln,11.601727,3.4206189,0.29483704,3.3984898,16.992449,3.0400578e+09,OK,6.758324,BACKGROUND_TEST_UNAVAILABLE,0,,,,,,,0.02,3.9348362,0.061017992,0.55972065,0.0086796574,1930.1429,1.1376212,867,OK,False,0.55972065,1.0261564,-1.9986592,0.84539521,fixed_b,not_measurable,not_measurable,,False,,0,0,1,1,0.1,426.55012,679.49364,5,1.1220317,2,True,NO_USABLE_TRANSIT:1;OK:1,,,,,,,,84,430.10343,135.0152,5,0.041353713,1,True,NO_USABLE_TRANSIT:1,,,,,,,,84,0.41491646,3
K00955.01,Kepler-741 b,9825625,159050690,tic_kic_crossid_confirms_name_planet,CONFIRMED,CANDIDATE,7.0390202,175.73059,3.8633,529.8,11.2,-11.2,0.021176,0.015,14.225,6321,4.434,15.067,0,0,0,0,1,289.4317,46.617531,9,OK,lightkurve,,4,"SPOC,TESS-SPOC","80,82",0.96610248,,511.84109,10.820348,3506.2054,3506.2054,781,16.660566,0,,107.9312,9,0.24031576,-0.99499401,-1089.1105,272.35991,False,OK,PDCSAP_FLUX,SPOC,-1089.1105,1560.6035,bootstrap,1560.6035,,TOO_FEW_MEMBERS,2,0,SPOC/PDCSAP_FLUX=OK;TESS-SPOC/PDCSAP_FLUX=OK,8,2,2,"80,82",SPOC,120,False,False,22382.682,358.75067,0.16386831,0.0021720146,2,,-3.1278294,3.0494833,-1.0256916,-1.0256916,linear,-2.1278294,-0.69787777,0.32797638,3.0494833,15.247416,2.1429097e+09,OK,-1.0256916,OK,SAP_FLUX,SPOC,-919.22194,933.76146,bootstrap,933.76146,,TOO_FEW_MEMBERS,2,0,SPOC/SAP_FLUX=OK;TESS-SPOC/SAP_FLUX=OK,8,2,2,"80,82",SPOC,120,False,False,13008.517,829.74646,0.64670734,0.48707773,2,,-2.7959128,1.8251265,-1.5319008,-1.5319008,linear,-1.7959128,-0.98442909,0.54814973,1.8251265,9.1256327,4702186.1,OK,-1.5319008,BACKGROUND_TEST_UNAVAILABLE,0,,,,,,,0.020741448,1.5932469,0.24445587,0.4124057,0.063276441,-2472.1826,1.0090498,3914,OK,True,0.4124057,,,0.93031221,inconclusive,not_measurable,not_measurable,,False,,0,0,1,1,0.1,1094.59,1560.6035,8,1.8199408,2,True,OK:2,,,,,,,,84,641.44584,933.76146,8,2.2452602,2,True,OK:2,,,,,,,,84,0,3
K03246.01,Kepler-1446 b,9885417,159050852,tic_kic_crossid_over_name_planet,CONFIRMED,CANDIDATE,0.68996787,131.63498,1.1688,122.9,5.3,-5.3,0.009888,0.119,4.561,4872,4.615,12.411,0,0,0,0,1,289.42395,46.72617,9,OK,lightkurve,,29,"QLP,SPOC,TESS-SPOC","14,15,40,41,53,54,55,74,75,80,82",0.95100859,,116.87896,5.0403455,3323.6154,3323.6154,7767,14.526691,0,,61.112074,14,2.6153235,2.2622731,84.245428,95.316022,False,OK,PDCSAP_FLUX,QLP,84.245428,48.3969,bootstrap,53.683286,23.23005,OK,4,3,SPOC/PDCSAP_FLUX=98ppm;TESS-SPOC/PDCSAP_FLUX=152ppm;QLP/KSPSAP_FLUX=OK;QLP/DET_FLUX=166ppm,345,11,11,"40,41,53,54,55,74,75,80,82,14,15","QLP,SPOC","120,1800",True,False,2760.935,-53.483298,0.56997717,1.6122314,18,smeared,-0.2792079,0.4640284,-0.60170434,-0.60170434,linear,0.7207921,1.7407195,2.4150091,0.4640284,2.320142,1072.6121,OK,-0.60170434,OK,SAP_FLUX,QLP,37.894523,34.893502,bootstrap,41.841558,23.090247,OK,3,3,SPOC/SAP_FLUX=44ppm;TESS-SPOC/SAP_FLUX=91ppm;QLP/SAP_FLUX=23ppm,379,11,11,"40,41,53,54,55,74,75,80,82,14,15","QLP,SPOC","120,1800",True,False,2243.863,-86.877414,1.2157252,1.445399,18,smeared,-0.67577977,0.36402875,-1.8563912,-1.8563912,linear,0.32422023,1.0860051,3.3495909,0.36402875,1.8201438,604.58513,OK,-1.8563912,BACKGROUND_TEST_AGREES,2,"SPOC,TESS-SPOC",-55.948084,49.535195,-1.1294613,-0.44856465,PDC_DEEPER_THAN_SAP,0.02,0.61543501,0.046325899,0.52655288,0.039635437,79.51612,1.0916202,53037,OK,False,0.52655288,0.99847563,-6.3071273,0.86083211,tracks_b,not_measurable,not_measurable,,False,,0,0,1,1,1.9,37.239282,48.3969,385,1.4243985,1,True,OK:1,0.27574257,115.06062,161.52072,97.876091,166.19977,151.57774,81.954341,84,29.161108,34.893502,417,1.2534211,0,False,,0.6093294,29.743762,75.924255,22.940801,90.853291,44.200054,52.958768,84,0,3
K02732.01,Kepler-403 b,9886361,159174926,tic_kic_crossid_over_name_planet,CONFIRMED,CANDIDATE,7.0314629,134.4525,5.922,85.4,2.7,-2.7,0.008449,0.014,9.165,6170,4.192,12.805,0,0,0,0,4,289.92145,46.74456,9,OK,lightkurve,,25,"QLP,SPOC,TESS-SPOC","15,40,41,54,55,74,75,80,82",0.96480315,,82.394189,2.6049685,3332.4587,3332.5204,763,40.966255,88.83,2.1683701,211.72876,12,3.6052809,0.6362503,90.125866,523.27237,True,OK,PDCSAP_FLUX,QLP,523.27237,292.46249,bootstrap,400.74939,273.98133,OK,4,3,SPOC/PDCSAP_FLUX=565ppm;TESS-SPOC/PDCSAP_FLUX=671ppm;QLP/KSPSAP_FLUX=OK;QLP/DET_FLUX=1371ppm,30,9,9,"40,41,54,55,74,75,80,82,15","QLP,SPOC","120,1800",False,False,6568.7988,758.49091,1.363333,1.8557862,16,,5.3508407,4.8641663,1.100053,1.100053,linear,6.3508407,1.7891948,0.28172567,4.8641663,24.320831,3.0081496e+12,OK,1.100053,OK,SAP_FLUX,QLP,491.21519,249.5351,bootstrap,418.51614,335.98809,OK,3,3,SPOC/SAP_FLUX=504ppm;TESS-SPOC/SAP_FLUX=349ppm;QLP/SAP_FLUX=1337ppm,30,9,9,"40,41,54,55,74,75,80,82,15","QLP,SPOC","120,1800",False,False,4023.5665,59.512228,0.1115491,13.175357,16,sector_scatter,4.9617699,5.0797821,0.97676826,0.97676826,linear,5.9617699,1.9685214,0.33019078,5.0797821,25.39891,8.8410362e+12,OK,0.97676826,BACKGROUND_TEST_AGREES,2,"SPOC,TESS-SPOC",-199.08994,264.30664,-0.75325364,-0.32200364,PDC_DEEPER_THAN_SAP,0.02,8.8086443,0.62376556,1.4874442,0.10533022,531.11487,1.073481,20513,OK,False,1.4874442,1.0127909,4.3319125,,duration_inconsistent,not_measurable,not_measurable,,False,,0,0,1,1,0.4,145.14053,292.46249,38,4.1009549,1,True,OK:1,0.5235922,599.2596,1147.2223,565.4371,1371.2645,671.13242,847.99217,84,86.765124,249.5351,38,11.42152,0,False,,0.68399368,398.64402,1070.6202,349.02331,1337.2236,504.08801,846.00837,84,0.0616875,3
K02732.02,Kepler-403 d,9886361,159174926,tic_kic_crossid_over_name_planet,CONFIRMED,CANDIDATE,13.61165,144.16808,7.617,95.5,3.3,-3.3,0.008943,0.112,13.701,6170,4.192,12.805,0,0,0,0,4,289.92145,46.74456,9,OK,lightkurve,,25,"QLP,SPOC,TESS-SPOC","15,40,41,54,55,74,75,80,82",0.96532219,,92.188269,3.1855632,3326.5465,3326.4672,393,48.486876,-114.3007,2.3573534,259.71563,12,5.5390905,4.7969076,844.46826,1013.9457,True,OK,PDCSAP_FLUX,QLP,1013.9457,419.97081,bootstrap,515.86776,299.57312,OK,4,3,SPOC/PDCSAP_FLUX=1058ppm;TESS-SPOC/PDCSAP_FLUX=751ppm;QLP/KSPSAP_FLUX=OK;QLP/DET_FLUX=177ppm,15,9,8,"40,41,54,55,74,75,80,82,15","QLP,SPOC","120,1800",False,False,6344.3814,-601.13527,0.69831043,1.4165424,16,,2.3977717,0.51239007,4.6795827,1.7867041,ln,10.998641,2.4143241,0.21951113,5.596137,27.980685,1.307774e+14,OK,4.6795827,OK,SAP_FLUX,QLP,354.85864,346.20973,bootstrap,347.10738,24.947066,OK,3,2,SPOC/SAP_FLUX=354ppm;TESS-SPOC/SAP_FLUX=281ppm;QLP/SAP_FLUX=OK,17,9,9,"40,41,54,55,74,75,80,82,15","QLP,SPOC","120,1800",False,False,4050.6752,-410.53503,0.52409531,18.886454,16,sector_scatter,2.849282,3.7656917,0.75664239,0.75664239,linear,3.849282,1.0249817,0.26627868,3.7656917,18.828458,1.3860257e+10,OK,0.75664239,BACKGROUND_TEST_AGREES,2,"SPOC,TESS-SPOC",-579.01302,371.31069,-1.5593761,-0.64023407,PDC_DEEPER_THAN_SAP,0.02,14.030634,2.7169629,1.8420157,0.35669724,804.78208,1.0913973,12166,OK,True,1.8420157,1.0208241,2.9389251,,fixed_b,not_measurable,not_measurable,,False,,0,0,1,1,0.3,183.05273,419.97081,17,6.75402,1,True,OK:1,0.29545283,360.58172,959.72797,177.03211,1058.1295,750.62464,836.91357,84,97.060527,346.20973,19,15.248778,1,True,OK:1,0.07030142,292.32792,342.22205,280.58812,353.96184,317.27498,74.270523,84,-0.079375488,3
K02732.03,Kepler-403 c,9886361,159174926,tic_kic_crossid_over_name_planet,CONFIRMED,CANDIDATE,54.281195,140.71639,5.517,147.8,7.6,-7.6,0.012667,0.85,41.4,6170,4.192,12.805,0,0,0,0,4,289.92145,46.74456,9,OK,lightkurve,,25,"QLP,SPOC,TESS-SPOC","15,40,41,54,55,74,75,80,82",1.0188213,,150.58178,7.7430416,3347.5547,3347.4589,99,55.044618,-137.93603,2.505895,247.88885,12,3.1502138,0.81795863,287.4615,1068.1531,True,OK,PDCSAP_FLUX,QLP,1068.1531,339.07321,analytic,2269.4705,2243.9977,OK,4,4,SPOC/PDCSAP_FLUX=1070ppm;TESS-SPOC/PDCSAP_FLUX=1195ppm;QLP/KSPSAP_FLUX=9280ppm;QLP/DET_FLUX=1649ppm,4,9,4,"40,41,54,55,74,75,80,82,15","QLP,SPOC","120,1800",False,False,5264.766,-1867.8918,2.1926042,2.524943,16,,1.95918,2.1258781,0.92158626,0.40430617,ln,7.0935081,3.1502138,0.44409814,15.071519,75.357595,8.0382243e+34,OK,0.92158626,OK,SAP_FLUX,QLP,584.53363,250.57894,analytic,1696.2655,1677.6552,OK,3,3,SPOC/SAP_FLUX=562ppm;TESS-SPOC/SAP_FLUX=680ppm;QLP/SAP_FLUX=5496ppm,4,9,4,"40,41,54,55,74,75,80,82,15","QLP,SPOC","120,1800",False,False,4469.8376,-710.87127,1.1754204,0.87181001,16,,1.356308,2.9027988,0.46724147,0.2558226,ln,3.881835,2.3327325,0.60093551,11.264974,56.32487,4.3586586e+26,OK,0.46724147,BACKGROUND_TEST_AGREES,2,"SPOC,TESS-SPOC",-511.34584,294.93241,-1.7337729,-0.45169602,PDC_DEEPER_THAN_SAP,0.043717243,13.7925,0.20744816,2.5,0.037601624,-593.68272,1.1190723,2538,OK,True,2.5,1.0687908,13.909269,,duration_inconsistent,not_measurable,not_measurable,,False,,0,0,1,1,0.2,339.07321,567.0425,4,2.524943,0,False,,2.1008203,1129.5578,5617.5532,1069.5651,9280.4058,1422.0063,8212.2527,84,250.57894,248.48605,4,0.87181001,0,False,,2.8700747,599.50816,3954.8185,561.61429,5495.8942,680.03262,4911.3605,84,-0.095788913,3
K02732.04,,9886361,159174926,tic_kic_crossid_over_name_planet,CANDIDATE,CANDIDATE,24.560711,146.7938,8.679,55.2,3.9,-3.9,0.006883,0.374,20.22,6170,4.192,12.805,0,0,0,0,4,289.92145,46.74456,9,OK,lightkurve,,25,"QLP,SPOC,TESS-SPOC","15,40,41,54,55,74,75,80,82",0.97107787,,53.603498,3.7872037,3334.0288,3334.2699,218,120.07364,347.12528,2.8909367,490.40591,13,3.5292397,-2.3108128,-469.73492,703.56768,True,OK,PDCSAP_FLUX,QLP,703.56768,714.68761,bootstrap,743.54985,205.15362,OK,4,3,SPOC/PDCSAP_FLUX=742ppm;TESS-SPOC/PDCSAP_FLUX=234ppm;QLP/KSPSAP_FLUX=OK;QLP/DET_FLUX=138ppm,9,9,9,"40,41,54,55,74,75,80,82,15","QLP,SPOC","120,1800",False,False,6522.7917,-2759.6258,6.5938024,17.76304,16,odd_even_significant;sector_scatter,12.125406,13.871563,0.87411963,0.87411963,linear,13.125406,0.98444085,0.075002697,13.871563,69.357817,7.0943156e+31,OK,0.87411963,OK,SAP_FLUX,QLP,-242.49333,154.84302,bootstrap,154.84302,,TOO_FEW_MEMBERS,3,1,SPOC/SAP_FLUX=OK;TESS-SPOC/SAP_FLUX=OK;QLP/SAP_FLUX=394ppm,9,9,9,"40,41,54,55,74,75,80,82,15","QLP,SPOC","120,1800",False,False,3946.8969,-84.009892,0.35961147,1.3688748,16,,-5.5238341,2.8899701,-1.911381,-1.911381,linear,-4.5238341,-1.5660592,0.34617963,2.8899701,14.449851,1.0108421e+08,OK,-1.911381,BACKGROUND_TEST_UNAVAILABLE,0,,,,,,,0.02,21.044811,0.32634449,2.4247968,0.037601624,915.58213,1.053756,10495,OK,True,2.4247968,1.0207858,13.092557,,duration_inconsistent,not_measurable,not_measurable,,False,,0,0,1,1,0.3,199.35389,714.68761,12,17.76304,1,True,OK:1,0.29159046,169.0651,579.37235,138.38921,741.78222,234.25137,565.17846,84,116.67954,154.84302,12,1.3688748,2,True,OK:2,,,,,,,,84,0.24105922,3
K03127.01,Kepler-1436 b,9907129,273378908,tic_kic_crossid_over_name_planet,CONFIRMED,CANDIDATE,9.705693,140.3709,7.702,140.8,11.3,-11.3,0.013675,0.941,3.76,5808,4.178,14.93,0,0,0,0,1,297.71158,46.768021,9,OK,lightkurve,,4,"SPOC,TESS-SPOC","81,82",1.0619105,,149.51699,11.999588,3534.733,3534.733,573,143.50875,0,,546.05625,16,1.9910998,0.39589232,368.10916,1881.5004,False,OK,PDCSAP_FLUX,SPOC,368.10916,929.82144,analytic,947.16336,180.41765,OK,2,2,SPOC/PDCSAP_FLUX=368ppm;TESS-SPOC/PDCSAP_FLUX=899ppm,4,2,2,"81,82",SPOC,120,False,False,18553.834,585.6434,0.31151911,2.5553989,2,,1.4619888,6.3355265,0.23076043,0.23076043,linear,2.4619888,0.39589232,0.16080183,6.3355265,31.677633,8.5528653e+15,OK,0.23076043,OK,SAP_FLUX,SPOC,-783.32424,629.40704,analytic,629.40704,,TOO_FEW_MEMBERS,2,0,SPOC/SAP_FLUX=OK;TESS-SPOC/SAP_FLUX=OK,5,2,2,"81,82",SPOC,120,False,False,14455.64,-588.20621,0.46283549,2.7396774,2,,-6.2390316,4.2106639,-1.4817216,-1.4817216,linear,-5.2390316,-1.2445432,0.23755215,4.2106639,21.053319,2.0798451e+11,OK,-1.4817216,BACKGROUND_TEST_UNAVAILABLE,0,,,,,,,0.10790926,15.080863,4.8585125,1.958045,0.6308118,-835.58666,0.96972006,4616,OK,True,1.958045,1.0544831,1.8739934,0.69491205,fixed_b,not_measurable,not_measurable,,False,,0,0,1,1,0.1,929.82144,956.12702,5,1.5088631,0,False,,0.49011996,453.01159,813.84689,368.10916,898.74931,633.42924,530.64014,84,629.40704,526.35628,5,0.97655248,2,True,OK:2,,,,,,,,84,0,3
K07259.01,,9944201,158786520,tic_kic_crossid,CANDIDATE,CANDIDATE,0.72152291,131.70914,1.4521,22528,18.4,-18.4,0.161792,0.831,3.227,4893,4.634,15.069,0,1,0,0,1,288.49091,46.804989,9,OK,lightkurve,,20,"SPOC,TESS-SPOC","40,41,53,54,55,74,75,80,81,82",1.0235372,,23058.245,18.833084,3329.9535,3329.9535,7436,0.46607714,-0.0087126,0.018693472,23.179731,10,117.48712,117.44037,27758.687,27762.446,True,OK,PDCSAP_FLUX,SPOC,27762.446,252.20657,bootstrap,875.06866,837.93615,OK,2,2,SPOC/PDCSAP_FLUX=27762ppm;TESS-SPOC/PDCSAP_FLUX=30227ppm,314,10,10,"40,41,53,54,55,74,75,80,81,82",SPOC,120,False,False,19496.978,-422.20014,0.83748299,1.6769525,10,,0.1856608,0.059111499,3.1408576,3.2498401,ln,1.2040138,110.0782,91.426031,0.062776562,0.31388281,8502.2513,OK,3.1408576,OK,SAP_FLUX,SPOC,18851.714,191.48115,bootstrap,301.55885,232.96504,OK,2,2,SPOC/SAP_FLUX=18852ppm;TESS-SPOC/SAP_FLUX=19537ppm,356,10,10,"40,41,53,54,55,74,75,80,81,82",SPOC,120,False,False,13833.435,-295.99075,0.78535183,11.824345,10,sector_scatter,-0.20141961,0.052502864,-3.8363547,-3.5294229,ln,0.8175693,98.452061,120.42045,0.051688536,0.25844268,6800.1515,OK,-3.8363547,BACKGROUND_TEST_DISAGREES,2,"SPOC,TESS-SPOC",-9441.4666,265.26187,-35.593003,-0.32562727,PDC_DEEPER_THAN_SAP,0.43245019,1.4971358,0.045734165,1.0310142,0.03149519,36358.857,1.0439403,68010,OK,False,1.0310142,1.0282302,0.045964854,0.8056288,fixed_b,consistent,consistent,koi_fpflag,False,pdc_deeper_than_sap,0,0,1,1,1.7,236.30203,252.20657,328,1.1284105,0,False,,0.030182361,28156.768,29832.641,27762.446,30226.964,28994.705,2464.5181,84,156.14629,191.48115,366,1.4313809,0,False,,0.012357765,18961.344,19427.274,18851.714,19536.905,19194.309,685.1913,84,-6.0504167e-06,3
K02655.01,Kepler-1306 b,10018233,271040328,tic_kic_crossid_over_name_planet,CONFIRMED,CANDIDATE,16.295992,133.90784,2.116,369.6,28,-28,0.0174,0.213,58.5,5495,4.442,15.243,0,0,0,0,1,294.47833,46.945862,9,QUERY_RETURNED_ZERO_ROWS,lightkurve,QUERY_RETURNED_ZERO_ROWS,0,,,0.95908972,,354.47956,26.854512,,,0,,0,,36,0,,,,,False,FLUX_COLUMN_NOT_PRESENT,,,,,,,,ENSEMBLE_NOT_ATTEMPTED,0,0,,0,0,0,,,,False,False,,,,,0,,,,,,,,,,,,,NO_USABLE_TRANSIT,,FLUX_COLUMN_NOT_PRESENT,,,,,,,,ENSEMBLE_NOT_ATTEMPTED,0,0,,0,0,0,,,,False,False,,,,,0,,,,,,,,,,,,,NO_USABLE_TRANSIT,,BACKGROUND_TEST_UNAVAILABLE,0,,,,,,,,,,,,,,0,too_few_points,False,,,,,inconclusive,not_measured,not_measured,,False,,0,0,1,1,0,,,0,,0,False,,,,,,,,,84,,,0,,0,False,,,,,,,,,84,0,3
K01721.01,Kepler-938 b,10019065,271253308,tic_kic_crossid_over_name_planet,CONFIRMED,CANDIDATE,52.629854,155.61064,6.118,675.8,29.1,-29.1,0.023543,0.311,64.1,5339,4.096,15.004,0,0,0,0,1,294.78915,46.98399,9,OK,lightkurve,,4,"SPOC,TESS-SPOC","81,82",0.96077709,,649.29316,27.958613,3514.7453,3514.7453,105,50.280813,0,,242.61244,12,1.4980998,0.26350185,775.80761,4226.5237,False,OK,PDCSAP_FLUX,SPOC,775.80761,2944.2207,analytic,2981.4892,469.93842,OK,2,2,SPOC/PDCSAP_FLUX=776ppm;TESS-SPOC/PDCSAP_FLUX=2158ppm,1,2,1,"81,82",SPOC,120,False,False,27458.338,,,,2,,0.1948495,4.592374,0.042428927,0.042428927,linear,1.1948495,0.26350185,0.22053141,4.592374,22.96187,6.0905182e+12,OK,0.042428927,OK,SAP_FLUX,SPOC,309.84002,1381.5814,analytic,1477.3523,523.26149,OK,2,2,SPOC/SAP_FLUX=310ppm;TESS-SPOC/SAP_FLUX=1849ppm,1,2,1,"81,82",SPOC,120,False,False,12884.879,,,,2,,-0.52280411,2.2762806,-0.22967473,-0.22967473,linear,0.47719589,0.22426476,0.46996374,2.2762806,11.381403,56926740,OK,-0.22967473,BACKGROUND_TEST_AGREES,2,"SPOC,TESS-SPOC",-385.62969,2271.3438,-0.16978042,-0.26288867,PDC_DEEPER_THAN_SAP,0.025403485,3.0305547,6.1778041,0.49535056,1.0097751,6017.2707,1.0674679,917,OK,True,0.49535056,1.002359,-0.34563128,0.9023919,fixed_b,not_measurable,not_measurable,,False,,0,0,1,1,0.1,2944.2207,,1,0,0,False,,0.60574092,996.9551,1936.8319,775.80761,2157.9794,1466.8935,1382.1718,84,1381.5814,,1,0,0,False,,1.6888118,556.08072,1602.6037,309.84002,1848.8444,1079.3422,1539.0044,84,0,3
K07986.01,,10128825,158270989,tic_kic_crossid,CANDIDATE,CANDIDATE,1.7398494,133.00127,3.114,48.5,5.4,-5.4,0.006379,0.043,4.331,6119,4.444,14.757,0,0,0,0,1,286.50937,47.163219,9,OK,lightkurve,,4,"SPOC,TESS-SPOC","80,82",0.96443221,,46.774962,5.207934,3505.6818,3505.6818,3184,82.360125,0,,293.79037,20,0.010224934,-0.60751327,-329.10855,5.6053943,False,OK,PDCSAP_FLUX,SPOC,-329.10855,604.27859,bootstrap,604.27859,,TOO_FEW_MEMBERS,2,0,SPOC/PDCSAP_FLUX=OK;TESS-SPOC/PDCSAP_FLUX=OK,22,2,2,"80,82",SPOC,120,False,False,16925.639,-791.77145,0.65710037,2.5402425,2,,-8.0359982,12.919424,-0.62200903,-0.62200903,linear,-7.0359982,-0.5446305,0.077406288,12.919424,64.597119,5.2988982e+29,OK,-0.62200903,OK,SAP_FLUX,SPOC,-349.87161,389.75073,bootstrap,389.75073,,TOO_FEW_MEMBERS,2,0,SPOC/SAP_FLUX=OK;TESS-SPOC/SAP_FLUX=OK,27,2,2,"80,82",SPOC,120,False,False,9081.3087,237.18014,0.31746896,3.6726867,2,sector_scatter,-8.4798908,8.3333588,-1.0175838,-1.0175838,linear,-7.4798908,-0.89768044,0.12001251,8.3333588,41.666794,5.8300478e+19,OK,-1.0175838,BACKGROUND_TEST_UNAVAILABLE,0,,,,,,,0.02,3.7403015,2.2872108,1.2011244,0.73449288,-758.11986,1.0172314,10284,OK,True,1.2011244,,,,inconclusive,not_measurable,not_measurable,,False,,0,0,1,1,0.2,541.73064,604.27859,26,1.4737972,2,True,OK:2,,,,,,,,84,278.37775,389.75073,30,2.2473922,2,True,OK:2,,,,,,,,84,0,3
K02097.01,Kepler-1092 b,10158729,273378026,tic_kic_crossid_over_name_planet,CONFIRMED,CANDIDATE,58.601926,137.66825,5.522,396.4,24,-24,0.018557,0.392,76.2,6250,4.44,14.649,0,0,0,0,1,297.72314,47.112659,9,OK,lightkurve,,8,"SPOC,TESS-SPOC","74,75,81,82",0.97231245,,385.42465,23.335499,3362.0454,3362.0454,92,76.971232,0,,313.74369,13,2.6145549,-0.19909114,-346.39576,4267.4491,False,OK,PDCSAP_FLUX,SPOC,-346.39576,1739.8854,analytic,1739.8854,,TOO_FEW_MEMBERS,2,0,SPOC/PDCSAP_FLUX=OK;TESS-SPOC/PDCSAP_FLUX=OK,2,4,2,"74,75,81,82",SPOC,120,False,False,21817.039,1708.5931,0.49100681,0.24108768,4,,-1.898738,4.5148865,-0.42055054,-0.42055054,linear,-0.89873795,-0.19909114,0.22152301,4.5148865,22.574433,2.4540929e+12,OK,-0.42055054,OK,SAP_FLUX,SPOC,-527.14443,771.99357,analytic,771.99357,,TOO_FEW_MEMBERS,2,0,SPOC/SAP_FLUX=OK;TESS-SPOC/SAP_FLUX=OK,2,4,2,"74,75,81,82",SPOC,120,False,False,9695.7077,-474.03093,0.30636251,0.09385799,4,,-2.3676977,2.0045074,-1.1811868,-1.1811868,linear,-1.3676977,-0.68283525,0.49925889,2.0045074,10.022537,8682658.1,OK,-1.1811868,BACKGROUND_TEST_UNAVAILABLE,0,,,,,,,0.021457385,4.4590643,5.7981,0.80750893,1.05,1076.1044,1.2759983,1657,OK,True,0.80750893,,,0.67908908,inconclusive,not_measurable,not_measurable,,False,,0,0,1,1,0.1,1739.8854,591.09599,2,0.24108768,2,True,OK:2,,,,,,,,84,771.99357,164.18127,2,0.09385799,2,True,OK:2,,,,,,,,84,0,3
K05772.01,,10186761,123310495,tic_kic_crossid,CANDIDATE,CANDIDATE,75.636309,131.9468,2.588,174.6,32.7,-32.7,0.01218,0.2749,217.5,6072,4.467,13.825,0,0,0,0,1,281.32047,47.214809,9,OK,lightkurve,,18,"QLP,SPOC,TESS-SPOC","14,40,41,53,54,55,74,80,81,82",0.96729789,,168.89021,31.630641,3486.3974,3486.3974,73,130.99768,0,,431.81304,30,1.9759081,-0.98796369,-849.2049,1269.3128,False,OK,PDCSAP_FLUX,QLP,-849.2049,859.55072,analytic,859.55072,,TOO_FEW_MEMBERS,4,1,SPOC/PDCSAP_FLUX=OK;TESS-SPOC/PDCSAP_FLUX=OK;QLP/KSPSAP_FLUX=OK;QLP/DET_FLUX=974ppm,3,10,3,"74,80,81,82,14,40,41,53,54,55","QLP,SPOC","120,1800,600",False,False,4994.6432,-4999.4933,2.3651574,4.278187,8,sector_scatter,-6.0281476,5.0930955,-1.1835921,-1.1835921,linear,-5.0281476,-0.98796369,0.19648661,5.0930955,25.465477,1.9369604e+13,OK,-1.1835921,OK,SAP_FLUX,QLP,-875.18285,818.50048,analytic,818.50048,,TOO_FEW_MEMBERS,3,0,SPOC/SAP_FLUX=OK;TESS-SPOC/SAP_FLUX=OK;QLP/SAP_FLUX=OK,3,10,3,"74,80,81,82,14,40,41,53,54,55","QLP,SPOC","120,1800,600",False,False,4797.9186,-5185.444,2.5595596,4.7007349,8,sector_scatter,-6.1819631,4.8502216,-1.2745733,-1.2745733,linear,-5.1819631,-1.0692515,0.206341,4.8502216,24.251108,5.7507827e+12,OK,-1.2745733,BACKGROUND_TEST_UNAVAILABLE,0,,,,,,,0.02,1.4049826,0.43634022,0.54288352,0.16860132,-1796.942,1.0404229,545,OK,False,0.54288352,,,0.86303815,inconclusive,not_measurable,not_measurable,,False,,0,0,1,1,0.2,859.55072,1455.2255,4,4.278187,3,True,OK:3,,,,,,,,84,818.50048,1430.9324,4,4.7007349,3,True,OK:3,,,,,,,,84,0,3
K00082.01,Kepler-102 e,10187017,123357864,tic_kic_crossid_over_name_planet,CONFIRMED,CANDIDATE,16.145672,134.75488,3.7236,941.1,4.2,-4.2,0.030636,0.75,23.44,4900,4.602,11.492,0,0,0,0,6,281.48273,47.208031,9,OK,lightkurve,,36,"QLP,SPOC,TESS-SPOC","14,26,40,41,53,54,55,74,75,80,81,82",1.0023098,,943.27376,4.2097012,3328.118,3328.1309,332,3.6018805,18.588211,5.1606963,66.659641,10,13.728386,13.197879,843.24234,851.98119,True,OK,PDCSAP_FLUX,SPOC,851.98119,52.744301,bootstrap,785.33557,783.56238,OK,4,4,SPOC/PDCSAP_FLUX=852ppm;TESS-SPOC/PDCSAP_FLUX=863ppm;QLP/KSPSAP_FLUX=3761ppm;QLP/DET_FLUX=758ppm,13,12,9,"14,26,40,41,53,54,55,74,75,80,81,82",SPOC,120,False,False,1638.0385,109.05117,0.87808328,0.84060284,24,,-0.10179209,0.92314158,-0.11026704,-0.11603584,ln,0.90321732,16.153047,17.883899,0.83407576,4.1703788,60124.242,OK,-0.11026704,OK,SAP_FLUX,SPOC,720.72602,48.731168,bootstrap,682.29863,680.55617,OK,3,3,SPOC/SAP_FLUX=721ppm;TESS-SPOC/SAP_FLUX=723ppm;QLP/SAP_FLUX=2722ppm,17,12,11,"14,26,40,41,53,54,55,74,75,80,81,82",SPOC,120,False,False,1662.1343,37.723022,0.36606278,0.83296742,24,,-0.26909748,0.94801239,-0.2838544,-0.32539086,ln,0.76406877,14.789837,19.356683,0.72507025,3.6253512,34465.247,OK,-0.2838544,BACKGROUND_TEST_AGREES,2,"SPOC,TESS-SPOC",-136.19612,48.501129,-2.8081021,-0.15880959,PDC_DEEPER_THAN_SAP,0.065612488,2.9163906,0.04522483,0.78321801,0.012145459,772.73775,1.1019414,7627,OK,False,0.78321801,0.99686101,-4.570066,0.86929448,tracks_b,consistent,consistent,duration_not_fixed_b,False,,0,0,1,1,0.4,62.059823,52.744301,16,0.83672981,0,False,,0.91969445,803.13301,2370.2578,758.04239,3761.3588,857.60639,2909.3776,84,53.10564,48.731168,19,0.84701859,0,False,,0.94426475,721.41876,2082.5311,720.72602,2722.3618,722.89086,2001.6358,84,0.01290848,3
K00082.02,Kepler-102 d,10187017,123357864,tic_kic_crossid_over_name_planet,CONFIRMED,CANDIDATE,10.311748,134.07991,3.1818,275.9,3.6,-3.6,0.016563,0.747,17.1,4900,4.602,11.492,0,0,0,0,6,281.48273,47.208031,9,OK,lightkurve,,36,"QLP,SPOC,TESS-SPOC","14,26,40,41,53,54,55,74,75,80,81,82",1.0016846,,276.36477,3.6060644,3329.1889,3329.1447,520,9.2925394,-63.648727,6.8494439,75.604618,8,5.0832337,4.3630321,214.09725,248.29362,True,OK,PDCSAP_FLUX,SPOC,248.29362,60.062559,bootstrap,83.078473,57.397924,OK,4,4,SPOC/PDCSAP_FLUX=248ppm;TESS-SPOC/PDCSAP_FLUX=202ppm;QLP/KSPSAP_FLUX=97ppm;QLP/DET_FLUX=127ppm,26,12,12,"14,26,40,41,53,54,55,74,75,80,81,82",SPOC,120,False,False,1646.2425,72.253891,0.60284305,1.5633593,24,,-0.10710963,0.33856443,-0.31636409,-0.33300305,ln,0.89842717,4.1339167,4.6012819,0.3050207,1.5251035,993.70248,OK,-0.31636409,OK,SAP_FLUX,SPOC,220.41959,56.872723,bootstrap,62.640814,26.25576,OK,3,3,SPOC/SAP_FLUX=220ppm;TESS-SPOC/SAP_FLUX=205ppm;QLP/SAP_FLUX=143ppm,28,12,12,"14,26,40,41,53,54,55,74,75,80,81,82",SPOC,120,False,False,1610.4251,-35.572808,0.32145308,1.7447894,24,,-0.22618865,0.28884878,-0.78306943,-0.87076772,ln,0.79756763,3.8756645,4.8593553,0.23247574,1.1623787,607.31994,OK,-0.78306943,BACKGROUND_TEST_AGREES,2,"SPOC,TESS-SPOC",-10.818688,55.789997,-0.19391807,-0.048095669,PDC_DEEPER_THAN_SAP,0.036147405,5.6846215,0.32687696,1.7866055,0.10273335,231.18367,1.088599,11950,OK,False,1.7866055,0.99815118,7.5766992,,duration_inconsistent,consistent,consistent,duration_not_fixed_b,False,,0,0,1,1,0.4,48.845603,60.062559,28,1.7424589,0,False,,0.23116955,111.07927,225.87512,96.691974,248.29362,164.12695,151.60164,84,45.622612,56.872723,31,1.7265204,0,False,,0.11911718,162.97495,215.48647,143.19677,220.41959,205.00359,77.222824,84,-0.044200505,3
K00082.03,Kepler-102 f,10187017,123357864,tic_kic_crossid_over_name_planet,CONFIRMED,CANDIDATE,27.453615,145.02866,3.747,136.4,5.3,-5.3,0.011753,0.765,37.1,4900,4.602,11.492,0,0,0,0,6,281.48273,47.208031,9,OK,lightkurve,,36,"QLP,SPOC,TESS-SPOC","14,26,40,41,53,54,55,74,75,80,81,82",1.0055732,,137.16018,5.3295379,3331.4836,3331.4836,195,30.6475,0,,148.1475,10,1.5888808,0.28451256,21.069513,117.82409,False,OK,PDCSAP_FLUX,SPOC,21.069513,89.26324,bootstrap,115.78791,73.748995,OK,4,3,SPOC/PDCSAP_FLUX=21ppm;TESS-SPOC/PDCSAP_FLUX=OK;QLP/KSPSAP_FLUX=238ppm;QLP/DET_FLUX=174ppm,10,12,10,"14,26,40,41,53,54,55,74,75,80,81,82",SPOC,120,False,False,1683.0272,20.816864,0.13593263,1.7848789,24,,-0.84638754,0.84655185,-0.99980591,-0.99980591,linear,0.15361246,0.23603796,1.5365808,0.84655185,4.2327592,9314.1504,OK,-0.99980591,OK,SAP_FLUX,SPOC,50.391593,62.329745,bootstrap,78.150608,47.143614,OK,3,3,SPOC/SAP_FLUX=50ppm;TESS-SPOC/SAP_FLUX=34ppm;QLP/SAP_FLUX=172ppm,10,12,10,"14,26,40,41,53,54,55,74,75,80,81,82",SPOC,120,False,False,1594.6722,-51.310948,0.35421608,0.88645608,24,,-0.63260772,0.57328416,-1.1034802,-1.1034802,linear,0.36739228,0.80846782,2.2005574,0.57328416,2.8664208,2273.2935,OK,-1.1034802,BACKGROUND_TEST_AGREES,1,SPOC,29.32208,108.87113,0.26932833,1.3916829,SAP_DEEPER_THAN_PDC,0.027567656,9.3675,1.7214864,2.5,0.45943058,68.754735,1.0029895,5595,OK,True,2.5,0.98342681,4.8505292,,duration_inconsistent,not_measurable,not_measurable,,False,,0,0,1,1,0.3,74.054771,89.26324,12,1.7848789,1,True,OK:1,3.5002705,69.986532,217.48452,21.069513,237.97832,173.9352,216.90881,84,70.894774,62.329745,12,0.88645608,0,False,,0.93554523,39.0646,133.35183,33.734251,172.39194,50.391593,122.00035,84,0,3
K00082.04,Kepler-102 c,10187017,123357864,tic_kic_crossid_over_name_planet,CONFIRMED,CANDIDATE,7.0713612,139.98763,2.757,65.7,3.2,-3.2,0.007798,0.658,14.99,4900,4.602,11.492,0,0,0,0,6,281.48273,47.208031,9,OK,lightkurve,,36,"QLP,SPOC,TESS-SPOC","14,26,40,41,53,54,55,74,75,80,81,82",0.98636826,,64.804395,3.1563784,3326.0081,3325.9219,757,34.073569,-124.065,3.6410921,143.57571,12,3.4073308,1.4604808,62.073609,149.97634,True,OK,PDCSAP_FLUX,SPOC,149.97634,51.508015,bootstrap,60.833651,32.367537,OK,4,4,SPOC/PDCSAP_FLUX=150ppm;TESS-SPOC/PDCSAP_FLUX=83ppm;QLP/KSPSAP_FLUX=99ppm;QLP/DET_FLUX=41ppm,39,12,12,"14,26,40,41,53,54,55,74,75,80,81,82",SPOC,120,False,False,1760.745,-179.495,1.8442249,1.9615537,24,,0.8391041,0.41158381,2.0387199,1.3962248,ln,2.3142927,2.9117087,1.258142,0.94131883,4.7065941,7107.3944,OK,2.0387199,OK,SAP_FLUX,SPOC,125.94937,49.015155,bootstrap,54.271661,23.300811,OK,3,2,SPOC/SAP_FLUX=126ppm;TESS-SPOC/SAP_FLUX=57ppm;QLP/SAP_FLUX=OK,43,12,12,"14,26,40,41,53,54,55,74,75,80,81,82",SPOC,120,False,False,1671.2207,-172.7685,1.8442445,1.3377846,24,,0.66450659,0.43651763,1.5222904,1.1227534,ln,1.9435313,2.5696006,1.3221298,0.84037275,4.2018638,4264.8248,OK,1.5222904,BACKGROUND_TEST_AGREES,2,"SPOC,TESS-SPOC",-24.547392,55.880152,-0.43928643,-0.21090454,PDC_DEEPER_THAN_SAP,0.02,4.2280694,0.24312234,1.5335761,0.088183656,120.47648,0.99273432,16790,OK,False,1.5335761,1.0070262,4.8803444,,duration_inconsistent,not_measurable,not_measurable,,False,,0,0,1,1,0.5,44.015784,51.508015,43,1.3181243,0,False,,0.21581763,60.99609,125.73116,40.864157,149.97634,91.135622,109.11218,84,39.654698,49.015155,47,1.486769,1,True,OK:1,0.18500141,68.38266,114.98428,57.417573,125.94937,91.683472,68.531798,84,-0.08615625,3
K00082.05,Kepler-102 b,10187017,123357864,tic_kic_crossid_over_name_planet,CONFIRMED,CANDIDATE,5.28692,135.85427,2.579,41.5,2.9,-2.9,0.006312,0.705,11.27,4900,4.602,11.492,0,0,0,0,6,281.48273,47.208031,9,OK,lightkurve,,36,"QLP,SPOC,TESS-SPOC","14,26,40,41,53,54,55,74,75,80,81,82",0.99375615,,41.24088,2.8818928,3324.5042,3324.5042,1013,43.478429,0,,169.12029,16,2.3486567,1.159135,44.641549,88.84976,False,OK,PDCSAP_FLUX,SPOC,44.641549,48.511782,bootstrap,48.641214,3.5460911,OK,4,2,SPOC/PDCSAP_FLUX=45ppm;TESS-SPOC/PDCSAP_FLUX=55ppm;QLP/KSPSAP_FLUX=OK;QLP/DET_FLUX=OK,52,12,12,"14,26,40,41,53,54,55,74,75,80,81,82",SPOC,120,False,False,1663.5017,-91.399456,0.94207159,1.3082836,24,,0.082458687,1.1825675,0.069728525,0.069728525,linear,1.0824587,0.92022077,0.85012092,1.1825675,5.9128375,15207.733,OK,0.069728525,OK,SAP_FLUX,SPOC,57.652569,39.31757,bootstrap,40.102747,7.8967721,OK,3,2,SPOC/SAP_FLUX=58ppm;TESS-SPOC/SAP_FLUX=81ppm;QLP/SAP_FLUX=OK,58,12,12,"14,26,40,41,53,54,55,74,75,80,81,82",SPOC,120,False,False,1589.7803,-76.559573,1.0163822,0.61487673,24,,0.39794711,0.97619175,0.40765261,0.40765261,linear,1.3979471,1.4663309,1.0489173,0.97619175,4.8809587,5392.5306,OK,0.40765261,BACKGROUND_TEST_AGREES,2,"SPOC,TESS-SPOC",19.746166,42.975744,0.45947236,0.3960609,SAP_DEEPER_THAN_PDC,0.02,2.4261744,0.18829047,0.94074229,0.073009099,70.981682,1.017274,19515,OK,False,0.94074229,1.0004984,-0.57923876,0.74587231,fixed_b,not_measurable,not_measurable,,False,,0,0,1,1,0.7,38.512814,48.511782,54,1.450628,2,True,OK:2,0.079434768,46.310298,53.40248,44.641549,55.071229,49.856389,10.42968,84,35.02523,39.31757,59,1.1757942,1,True,OK:1,0.13697173,61.368697,77.162242,57.652569,80.87837,69.265469,23.2258,84,0,3
K01937.01,Kepler-1019 b,10190777,164556761,tic_kic_crossid_over_name_planet,CONFIRMED,CANDIDATE,1.41123,132.64192,1.4325,388.2,5.1,-5.1,0.021233,0.851,4.35,4575,4.564,13.59,0,0,0,0,1,283.71753,47.204449,9,OK,lightkurve,,30,"QLP,SPOC,TESS-SPOC","14,26,40,41,53,54,55,74,75,80,81,82",1.034631,,401.64375,5.276618,3346.6619,3346.6619,3813,4.6124825,0,0,35.324947,10,3.5621801,3.5621801,310.26717,310.26717,True,OK,PDCSAP_FLUX,QLP,310.26717,107.03812,bootstrap,171.80965,134.3927,OK,4,4,SPOC/PDCSAP_FLUX=306ppm;TESS-SPOC/PDCSAP_FLUX=439ppm;QLP/KSPSAP_FLUX=38ppm;QLP/DET_FLUX=432ppm,202,12,12,"40,41,53,54,55,75,80,81,82,14,26,74","QLP,SPOC","120,1800,200",True,False,5090.9784,-364.05848,1.7607775,0.44943863,18,smeared,-0.25813174,0.5561554,-0.464136,-0.52800583,ln,0.77249345,2.8986605,3.7523431,0.43087885,2.1543943,3061.5959,OK,-0.464136,OK,SAP_FLUX,QLP,273.46057,96.587514,bootstrap,124.87314,79.146405,OK,3,3,SPOC/SAP_FLUX=309ppm;TESS-SPOC/SAP_FLUX=278ppm;QLP/SAP_FLUX=76ppm,214,12,12,"40,41,53,54,55,75,80,81,82,14,26,74","QLP,SPOC","120,1800,200",True,False,4915.0851,-285.2694,1.4863963,0.71507614,18,smeared,-0.38440804,0.45955743,-0.83647443,-1.012604,ln,0.68085355,2.8312208,4.1583403,0.31517401,1.57587,1540.2822,OK,-0.83647443,BACKGROUND_TEST_AGREES,2,"SPOC,TESS-SPOC",-51.004652,114.81814,-0.44422121,-0.13679083,PDC_DEEPER_THAN_SAP,0.071771641,1.055475,0.28851509,0.7368063,0.20140669,290.31153,1.0930449,34408,OK,False,0.7368063,0.99169004,-1.0681624,0.93267961,fixed_b,consistent,consistent,,False,,0,0,1,1,1.1,87.100359,107.03812,210,1.485472,0,False,,0.43315153,166.87001,435.65541,38.003389,439.2565,369.11488,272.26378,84,82.101743,96.587514,221,1.4407843,0,False,,0.28942529,140.69902,298.99183,75.85777,308.64131,278.48666,197.6028,84,0,3
K05775.01,,10191449,164668538,tic_kic_crossid,CANDIDATE,CANDIDATE,492.23808,247.5842,12.53,676.8,66.3,-66.3,0.023522,0.0198,307.1,5609,4.546,15.502,0,0,0,0,1,284.0925,47.251381,9,QUERY_RETURNED_ZERO_ROWS,lightkurve,QUERY_RETURNED_ZERO_ROWS,0,,,0.95900457,,649.05429,63.582003,,,0,,0,,36,0,,,,,False,FLUX_COLUMN_NOT_PRESENT,,,,,,,,ENSEMBLE_NOT_ATTEMPTED,0,0,,0,0,0,,,,False,False,,,,,0,,,,,,,,,,,,,NO_USABLE_TRANSIT,,FLUX_COLUMN_NOT_PRESENT,,,,,,,,ENSEMBLE_NOT_ATTEMPTED,0,0,,0,0,0,,,,False,False,,,,,0,,,,,,,,,,,,,NO_USABLE_TRANSIT,,BACKGROUND_TEST_UNAVAILABLE,0,,,,,,,,,,,,,,0,too_few_points,False,,,,,inconclusive,not_measured,not_measured,,False,,0,0,1,1,0,,,0,,0,False,,,,,,,,,84,,,0,,0,False,,,,,,,,,84,0,3
K02342.01,Kepler-1199 b,10212441,270696519,tic_kic_crossid_over_name_planet,CONFIRMED,CANDIDATE,15.04471,133.20895,5.823,97.9,4.9,-4.9,0.009046,0.022,19.92,5798,4.025,13.037,0,0,0,0,2,293.72586,47.24704,9,OK,lightkurve,,12,"QLP,SPOC,TESS-SPOC","14,15,40,54,55,74,75,82",0.96294258,,94.272078,4.7184186,3337.1704,3337.1704,357,61.292506,0,,271.22252,14,2.4779692,-0.37028237,-67.697871,460.84717,False,OK,PDCSAP_FLUX,QLP,-67.697871,219.95655,bootstrap,231.65029,72.670302,OK,4,4,SPOC/PDCSAP_FLUX=8ppm;TESS-SPOC/PDCSAP_FLUX=246ppm;QLP/KSPSAP_FLUX=34ppm;QLP/DET_FLUX=79ppm,9,8,5,"74,75,14,15,40,54,55,82","QLP,SPOC","120,1800,200,600",False,False,4069.6637,-164.91144,0.45048133,1.5511367,4,,-1.7181116,2.4582706,-0.69891069,-0.69891069,linear,-0.71811158,-0.30777839,0.4285941,2.4582706,12.291353,20532783,OK,-0.69891069,OK,SAP_FLUX,QLP,-269.15775,382.09945,bootstrap,382.3043,12.513591,OK,3,2,SPOC/SAP_FLUX=OK;TESS-SPOC/SAP_FLUX=203ppm;QLP/SAP_FLUX=166ppm,9,8,5,"74,75,14,15,40,54,55,82","QLP,SPOC","120,1800,200,600",False,False,4099.2882,-269.9496,0.75426872,7.1353096,4,sector_scatter,-3.8551164,4.0559462,-0.95048509,-0.95048509,linear,-2.8551164,-0.70441806,0.24672131,4.0559462,20.279731,6.0500404e+10,OK,-0.95048509,BACKGROUND_TEST_AGREES,1,TESS-SPOC,-43.680419,357.83383,-0.122069,-0.17725378,PDC_DEEPER_THAN_SAP,0.02,10.726058,6.11415,1.8420157,1.05,173.19013,0.99314501,3602,OK,True,1.8420157,,,,inconclusive,not_measurable,not_measurable,,False,,0,0,1,1,0.2,182.82769,219.95655,12,1.7933714,0,False,,1.2787362,20.860627,166.20123,8.3891122,246.42871,56.829784,189.59892,84,178.53686,382.09945,12,6.0143751,1,True,OK:1,0.067881019,171.83236,196.85954,165.94361,202.74829,184.34595,18.402339,84,0,3
K08201.01,,10253977,123414085,tic_kic_crossid,CANDIDATE,CANDIDATE,392.60189,496.9922,3.21,779,124,-124,0.027389,0.713,691,5307,4.605,14.382,0,0,0,0,1,281.87015,47.394989,9,OK,lightkurve,NO_USABLE_TRANSIT,10,"SPOC,TESS-SPOC","74,75,80,81,82",0.99421055,,774.49002,123.28211,3433.8168,3433.8168,13,168.08008,0,,552.39025,24,,,,,False,NO_USABLE_TRANSIT,PDCSAP_FLUX,SPOC,,,none,,,TOO_FEW_MEMBERS,2,0,SPOC/PDCSAP_FLUX=NO_USABLE_TRANSIT;TESS-SPOC/PDCSAP_FLUX=NO_USABLE_TRANSIT,0,5,0,"74,75,80,81,82",SPOC,120,False,False,,,,,5,,,,,,,,,,,,,NO_USABLE_TRANSIT,,NO_USABLE_TRANSIT,SAP_FLUX,SPOC,,,none,,,TOO_FEW_MEMBERS,2,0,SPOC/SAP_FLUX=NO_USABLE_TRANSIT;TESS-SPOC/SAP_FLUX=NO_USABLE_TRANSIT,0,5,0,"74,75,80,81,82",SPOC,120,False,False,,,,,5,,,,,,,,,,,,,NO_USABLE_TRANSIT,,BACKGROUND_TEST_UNAVAILABLE,0,,,,,,,0.052849839,,,,,,,0,too_few_points,False,,,,,inconclusive,not_measured,not_measured,,False,,0,0,1,1,0.1,,,0,,2,True,NO_USABLE_TRANSIT:2,,,,,,,,84,,,0,,2,True,NO_USABLE_TRANSIT:2,,,,,,,,84,0,3
K01169.01,,10319385,123358090,tic_kic_crossid,CANDIDATE,CANDIDATE,0.68921017,133.28584,1.6169,195,2.4,-2.4,0.012649,0.154,3.315,5630,4.505,13.248,0,0,0,0,1,281.55118,47.469959,9,OK,lightkurve,,30,"QLP,SPOC,TESS-SPOC","14,26,40,41,53,54,55,74,75,80,81,82",0.96059139,,187.31532,2.3054193,3326.9625,3326.9625,7778,5.095464,0,,39.539892,8,1.0750786,0.58113201,32.565904,58.6792,False,OK,PDCSAP_FLUX,QLP,32.565904,72.915132,bootstrap,92.904527,57.572863,OK,4,4,SPOC/PDCSAP_FLUX=54ppm;TESS-SPOC/PDCSAP_FLUX=157ppm;QLP/KSPSAP_FLUX=65ppm;QLP/DET_FLUX=190ppm,408,12,12,"40,41,53,54,55,74,80,81,82,14,26,75","QLP,SPOC","120,1800,200",True,False,5129.1938,111.6933,0.7798994,1.4480533,18,smeared,-0.82614394,0.49864514,-1.6567773,-1.6567773,linear,0.17385606,0.44662751,2.5689499,0.49864514,2.4932257,2079.2459,OK,-1.6567773,OK,SAP_FLUX,QLP,27.762808,56.69024,bootstrap,66.936676,35.591225,OK,3,3,SPOC/SAP_FLUX=56ppm;TESS-SPOC/SAP_FLUX=161ppm;QLP/SAP_FLUX=67ppm,439,12,12,"40,41,53,54,55,74,80,81,82,14,26,75","QLP,SPOC","120,1800,200",True,False,4180.2546,75.296871,0.67278768,1.413945,18,smeared,-0.85178571,0.36103846,-2.3592658,-2.3592658,linear,0.14821429,0.48972818,3.30419,0.36103846,1.8051923,951.77551,OK,-2.3592658,BACKGROUND_TEST_AGREES,2,"SPOC,TESS-SPOC",2.5465705,77.828605,0.032720238,0.02418144,SAP_DEEPER_THAN_PDC,0.02,1.0226173,0.21010681,0.63245553,0.12994422,101.26107,1.0767228,78592,OK,False,0.63245553,0.99230357,-2.1271687,0.79041837,fixed_b,not_measurable,not_measurable,,False,,0,0,1,1,2,56.038737,72.915132,428,1.5217007,0,False,,1.7678878,59.079145,174.22487,53.977023,190.45256,110.62566,157.88666,84,45.088478,56.69024,455,1.5731406,0,False,,1.281975,59.670326,130.85278,56.067854,160.74793,67.325579,132.98512,84,0,3
K01905.01,Kepler-332 b,10328393,158272257,tic_kic_crossid_over_name_planet,CONFIRMED,CANDIDATE,7.6263549,136.01585,2.4168,296.1,10.4,-10.4,0.0154,0.237,23.81,4955,4.61,14.017,0,0,0,0,3,286.66296,47.4137,9,OK,lightkurve,,19,"QLP,SPOC,TESS-SPOC","14,15,40,41,53,54,55,74,75,80,82",0.95485278,,282.73191,9.9304689,3360.8488,3360.8488,707,22.676406,0,,104.28122,12,1.8217159,1.5771909,515.53296,569.67357,False,OK,PDCSAP_FLUX,QLP,515.53296,384.26317,bootstrap,418.31624,165.31877,OK,4,4,SPOC/PDCSAP_FLUX=590ppm;TESS-SPOC/PDCSAP_FLUX=728ppm;QLP/KSPSAP_FLUX=447ppm;QLP/DET_FLUX=956ppm,37,11,11,"74,75,80,82,14,15,40,41,53,54,55","QLP,SPOC","120,1800,600",True,False,6834.1467,-382.63803,0.49672518,0.66453775,8,smeared,0.82339859,1.4808121,0.5560453,0.5560453,linear,1.8233986,1.3416143,0.73577676,1.4808121,7.4040604,464144.21,OK,0.5560453,OK,SAP_FLUX,QLP,229.32029,201.79439,bootstrap,247.39944,143.12759,OK,3,3,SPOC/SAP_FLUX=197ppm;TESS-SPOC/SAP_FLUX=160ppm;QLP/SAP_FLUX=581ppm,39,11,11,"74,75,80,82,14,15,40,41,53,54,55","QLP,SPOC","120,1800,600",True,False,4715.3201,32.227364,0.077419231,0.56339072,8,smeared,-0.18891261,0.87716274,-0.2153678,-0.2153678,linear,0.81108739,1.1364057,1.4010891,0.87716274,4.3858137,22421.641,OK,-0.2153678,BACKGROUND_TEST_AGREES,2,"SPOC,TESS-SPOC",-509.9906,329.40799,-1.5482035,-0.77403289,PDC_DEEPER_THAN_SAP,0.02,5.8602488,0.34742693,2.4247968,0.14375494,592.46986,1.0789092,5741,OK,True,2.4247968,1.0056218,10.548042,,duration_inconsistent,not_measurable,not_measurable,,False,,0,0,1,1,0.3,326.86782,384.26317,37,1.438637,0,False,,0.32067547,515.67136,846.3089,446.88361,955.92536,658.87458,440.39239,84,162.60622,201.79439,39,1.6298938,0,False,,0.62413838,171.97224,458.22742,160.05238,581.01589,197.30193,351.6956,84,0,3
K01905.02,Kepler-332 c,10328393,158272257,tic_kic_crossid_over_name_planet,CONFIRMED,CANDIDATE,15.995604,144.2399,3.471,221.7,12.2,-12.2,0.013216,0.088,35.54,4955,4.61,14.017,0,0,0,0,3,286.66296,47.4137,9,OK,lightkurve,,19,"QLP,SPOC,TESS-SPOC","14,15,40,41,53,54,55,74,75,80,82",0.95168819,,210.98927,11.610596,3351.7628,3351.8352,336,47.1343,104.13,2.2092192,193.4679,14,7.1287736,-0.15032286,-62.146739,2914.2373,True,OK,PDCSAP_FLUX,QLP,2914.2373,2348.0206,bootstrap,2591.1431,1095.8201,OK,4,4,SPOC/PDCSAP_FLUX=1105ppm;TESS-SPOC/PDCSAP_FLUX=922ppm;QLP/KSPSAP_FLUX=4660ppm;QLP/DET_FLUX=615ppm,18,11,11,"74,75,80,82,14,15,40,41,53,54,55","QLP,SPOC","120,1800,600",False,False,7443.0575,3107.6614,0.60526319,45.341362,8,sector_scatter,12.812253,12.281148,1.0432455,1.0432455,linear,13.812253,1.2411464,0.089858357,12.281148,61.405742,9.827327e+28,OK,1.0432455,OK,SAP_FLUX,QLP,1779.5074,1023.8756,bootstrap,1209.8709,644.56677,OK,3,3,SPOC/SAP_FLUX=1293ppm;TESS-SPOC/SAP_FLUX=1799ppm;QLP/SAP_FLUX=3189ppm,18,11,11,"74,75,80,82,14,15,40,41,53,54,55","QLP,SPOC","120,1800,600",False,False,4710.9078,-235.41993,0.064156682,49.828081,8,sector_scatter,7.4341133,5.734759,1.2963253,1.2963253,linear,8.4341133,1.7380113,0.20606924,5.734759,28.673795,5.985926e+14,OK,1.2963253,BACKGROUND_TEST_AGREES,2,"SPOC,TESS-SPOC",501.65182,461.68093,1.0865769,0.49498243,SAP_DEEPER_THAN_PDC,0.02,2.4059058,0.037308679,0.69314484,0.010748683,3244.9027,5.6649582,3661,OK,False,0.69314484,1.0357076,-6.1579694,0.7328672,tracks_b,not_measurable,not_measurable,,False,,0,0,1,1,0.3,408.79925,2348.0206,20,45.04793,0,False,,0.37602296,762.10622,2953.7465,614.68637,4660.1553,1013.474,2299.5509,84,210.56871,1023.8756,20,47.39739,0,False,,0.3622164,1454.745,2743.8785,1292.9463,3188.7309,1798.5672,1409.2235,84,0.0723125,3
K01905.03,Kepler-332 d,10328393,158272257,tic_kic_crossid_over_name_planet,CONFIRMED,CANDIDATE,34.211502,154.57508,4.947,273.8,14.3,-14.3,0.014665,0.034,53.58,4955,4.61,14.017,0,0,0,0,3,286.66296,47.4137,9,OK,lightkurve,,19,"QLP,SPOC,TESS-SPOC","14,15,40,41,53,54,55,74,75,80,82",0.95126799,,260.45717,13.603132,3358.7809,3358.7809,157,68.848751,0,,280.75125,14,1.7342488,-0.12266494,-53.45241,856.95559,False,OK,PDCSAP_FLUX,QLP,-53.45241,657.25106,bootstrap,661.43897,74.313959,OK,4,2,SPOC/PDCSAP_FLUX=OK;TESS-SPOC/PDCSAP_FLUX=202ppm;QLP/KSPSAP_FLUX=OK;QLP/DET_FLUX=421ppm,8,11,8,"74,75,80,82,14,15,40,41,53,54,55","QLP,SPOC","120,1800,600",False,False,6926.9729,-1042.4272,1.055829,2.0240465,8,,-1.2052253,2.5405597,-0.47439363,-0.47439363,linear,-0.20522533,-0.081327233,0.39628263,2.5405597,12.702799,85603261,OK,-0.47439363,OK,SAP_FLUX,QLP,-93.499406,317.4803,bootstrap,317.60852,9.0237647,OK,3,2,SPOC/SAP_FLUX=24ppm;TESS-SPOC/SAP_FLUX=50ppm;QLP/SAP_FLUX=OK,8,11,8,"74,75,80,82,14,15,40,41,53,54,55","QLP,SPOC","120,1800,600",False,False,5108.3213,-521.09495,1.033828,1.3752093,8,,-1.3589819,1.2215687,-1.1124891,-1.1124891,linear,-0.35898188,-0.29450459,0.82038845,1.2215687,6.1078434,116780.81,OK,-1.1124891,BACKGROUND_TEST_AGREES,1,TESS-SPOC,-152.1357,799.87234,-0.19019998,-0.75179551,PDC_DEEPER_THAN_SAP,0.02,9.9868666,1.3405256,2.0187723,0.27097749,-519.73445,0.96775973,2867,OK,True,2.0187723,,,,inconclusive,not_measurable,not_measurable,,False,,0,0,1,1,0.2,435.75949,657.25106,8,2.0240465,2,True,OK:2,0.23845451,237.33442,385.96234,202.36314,420.93361,311.64838,109.28523,84,243.98567,317.4803,8,1.3752093,1,True,OK:1,0.24416798,27.933435,45.980964,23.686957,50.227441,36.957199,13.270242,84,0,3
K00532.01,Kepler-588 b,10454313,164723136,tic_kic_crossid_over_name_planet,CONFIRMED,CANDIDATE,4.2216262,173.69989,3.0619,658,9,-9,0.02667,0.847,6.18,6123,4.472,14.708,0,0,0,0,1,284.2572,47.68895,9,OK,lightkurve,,6,"SPOC,TESS-SPOC","80,81,82",1.0183005,,670.04171,9.1647042,3520.1437,3520.1437,1306,9.5386995,0,,74.544599,8,2.2473372,1.2318988,724.67296,1256.1697,False,OK,PDCSAP_FLUX,SPOC,724.67296,629.36187,bootstrap,642.73142,130.41209,OK,2,2,SPOC/PDCSAP_FLUX=725ppm;TESS-SPOC/PDCSAP_FLUX=1108ppm,15,3,3,"80,81,82",SPOC,120,False,False,15193.421,-1701.389,1.6912672,3.013496,3,sector_scatter,0.08153411,0.96064052,0.084874736,0.084874736,linear,1.0815341,1.1514408,1.0646366,0.96064052,4.8032026,81008.17,OK,0.084874736,OK,SAP_FLUX,SPOC,676.40771,481.47402,bootstrap,498.12681,127.7227,OK,2,2,SPOC/SAP_FLUX=676ppm;TESS-SPOC/SAP_FLUX=1052ppm,17,3,3,"80,81,82",SPOC,120,False,False,11533.377,-1191.2295,1.4902903,2.9305458,3,,0.0095008994,0.7452316,0.012748922,0.012748922,linear,1.0095009,1.4048686,1.3916467,0.7452316,3.726158,27149.61,OK,0.012748922,BACKGROUND_TEST_AGREES,2,"SPOC,TESS-SPOC",-52.491871,540.73495,-0.097075048,-0.057277057,PDC_DEEPER_THAN_SAP,0.086748936,1.8217621,1.1235645,0.59497766,0.3669501,1205.6681,1.0017097,7189,OK,False,0.59497766,1.0032571,-0.84418736,0.96689216,fixed_b,not_measurable,not_measurable,,False,,0,0,1,1,0.2,588.25689,629.36187,17,1.2017057,0,False,,0.17995992,786.04336,1046.8675,724.67296,1108.2379,916.45545,383.56497,84,443.13564,481.47402,19,1.5113324,0,False,,0.18882502,736.51251,991.9579,676.40771,1052.0627,864.23521,375.65499,84,0,3
K04252.01,Kepler-1948 b,10525049,158489110,tic_kic_crossid_confirms_name_planet,CONFIRMED,CANDIDATE,15.571412,136.58529,2.294,173.5,17.2,-17.2,0.011886,0.312,49.9,3872,4.714,13.977,0,0,0,0,1,287.36404,47.78521,9,OK,lightkurve,,32,"QLP,SPOC,TESS-SPOC","14,15,40,41,53,54,55,74,75,80,81,82",0.94414278,,163.80877,16.239256,3341.7224,3341.7224,345,54.12474,0,,196.78422,18,1.2136024,0.98259837,266.22443,326.68248,False,OK,PDCSAP_FLUX,QLP,266.22443,249.15935,bootstrap,1013.3343,982.22506,OK,4,4,SPOC/PDCSAP_FLUX=255ppm;TESS-SPOC/PDCSAP_FLUX=106ppm;QLP/KSPSAP_FLUX=3655ppm;QLP/DET_FLUX=503ppm,18,12,12,"40,41,53,54,55,74,75,80,81,82,14,15","QLP,SPOC","120,1800",True,False,6141.4485,-144.22695,0.31251791,1.0247592,20,smeared,0.62521472,6.1870773,0.10105171,0.10105171,linear,1.6252147,1.0684906,0.65744581,6.1870773,30.935386,4.4607175e+15,OK,0.10105171,OK,SAP_FLUX,QLP,174.15069,213.39239,bootstrap,761.27047,730.75058,OK,3,2,SPOC/SAP_FLUX=163ppm;TESS-SPOC/SAP_FLUX=OK;QLP/SAP_FLUX=2312ppm,19,12,12,"40,41,53,54,55,74,75,80,81,82,14,15","QLP,SPOC","120,1800",True,False,5577.4659,-417.81917,0.99910483,1.0850284,20,smeared,0.063134096,4.6486381,0.013581203,0.013581203,linear,1.0631341,0.81610543,0.7676411,4.6486381,23.243191,2.0357599e+12,OK,0.013581203,BACKGROUND_TEST_AGREES,1,SPOC,-92.263777,334.10912,-0.27614864,-0.36198288,PDC_DEEPER_THAN_SAP,0.02,1.2079123,0.14349032,0.52655288,0.062550272,596.9663,1.0563546,4872,OK,False,0.52655288,1.0035674,-4.0016872,0.87579369,tracks_b,not_measurable,not_measurable,,False,,0,0,1,1,0.4,270.93921,249.15935,18,0.74251226,0,False,,3.6894626,177.5584,2142.0085,106.18058,3654.8547,378.98809,3388.6303,84,234.87576,213.39239,19,0.85028607,1,True,OK:1,4.196082,506.50321,1968.0044,162.62059,2311.887,1237.2538,2137.7363,84,0,3
K02797.01,,10604521,270695171,tic_kic_crossid,CANDIDATE,CANDIDATE,0.86812225,131.83212,1.5471,231.3,11.4,-11.4,0.013923,0.006,4.386,6116,4.44,15.8,0,0,0,0,1,293.68356,47.833141,9,OK,lightkurve,,2,"SPOC,TESS-SPOC",82,0.96432957,,223.04943,10.993357,3546.8582,3546.8582,6430,25.52863,0,,99.792391,16,0.8773181,0.16930072,360.93757,1790.0339,False,OK,PDCSAP_FLUX,SPOC,360.93757,2003.3972,bootstrap,2004.8366,75.957161,OK,2,2,SPOC/PDCSAP_FLUX=361ppm;TESS-SPOC/PDCSAP_FLUX=138ppm,30,1,1,82,SPOC,120,False,False,54433.393,678.75805,0.16944695,,1,,0.61819542,8.9885804,0.068775645,0.068775645,linear,1.6181954,0.18016276,0.1113356,8.9885804,44.942902,7.359623e+21,OK,0.068775645,OK,SAP_FLUX,SPOC,3.0041741,251.89669,bootstrap,252.61439,19.028561,OK,2,2,SPOC/SAP_FLUX=3ppm;TESS-SPOC/SAP_FLUX=59ppm,30,1,1,82,SPOC,120,False,False,7124.5276,198.61142,0.39495747,,1,,-0.98653135,1.134723,-0.86940282,-0.86940282,linear,0.013468647,0.011926215,0.88547978,1.134723,5.6736149,64703.265,OK,-0.86940282,BACKGROUND_TEST_AGREES,2,"SPOC,TESS-SPOC",-251.69359,1589.533,-0.15834436,-1.0098611,PDC_DEEPER_THAN_SAP,0.02,0.61884,0.029691394,0.4,0.019191645,-3587.2765,1.1100419,6911,OK,True,0.4,1.003806,-11.306767,0.92927888,tracks_b,not_measurable,not_measurable,,False,,0,0,1,1,0.2,2131.9317,2003.3972,30,0.90268184,0,False,,0.21044404,173.2787,325.19302,137.53415,360.93757,249.23586,223.40341,84,270.70231,251.89669,30,0.87193254,0,False,,6.3340407,11.958791,50.015913,3.0041741,58.97053,30.987352,55.966356,84,0,3
K02149.01,Kepler-1121 b,10617017,28230581,name_planet,CONFIRMED,CANDIDATE,13.151402,144.16237,5.439,97.8,4.4,-4.4,0.010455,0.872,9.49,6154,4.12,12.071,0,0,0,0,1,297.78659,47.88612,9,OK,lightkurve,,28,"QLP,SPOC,TESS-SPOC","14,15,41,54,55,56,74,75,76,81,82,83",1.0252599,,100.27042,4.5111436,3342.9344,3342.9344,408,47.363423,0,,223.67527,11,2.4007265,0.34875652,24.053112,170.0459,False,OK,PDCSAP_FLUX,QLP,24.053112,89.284912,bootstrap,89.8116,9.7122563,OK,4,2,SPOC/PDCSAP_FLUX=88ppm;TESS-SPOC/PDCSAP_FLUX=117ppm;QLP/KSPSAP_FLUX=OK;QLP/DET_FLUX=OK,22,12,11,"41,54,55,74,75,76,82,14,15,56,81,83","QLP,SPOC","120,1800,200",False,False,2367.3398,-470.60114,3.1907253,0.95923609,16,odd_even_significant,-0.76011757,0.89821577,-0.84625275,-0.84625275,linear,0.23988243,0.26939728,1.1230388,0.89821577,4.4910789,8845.6206,OK,-0.84625275,OK,SAP_FLUX,QLP,11.516103,86.77393,bootstrap,87.042512,6.8325619,OK,3,2,SPOC/SAP_FLUX=91ppm;TESS-SPOC/SAP_FLUX=111ppm;QLP/SAP_FLUX=OK,24,12,12,"41,54,55,74,75,76,82,14,15,56,81,83","QLP,SPOC","120,1800,200",False,False,2492.6006,-289.88888,1.7403736,1.539723,16,,-0.88514955,0.87067957,-1.0166192,-1.0166192,linear,0.11485045,0.13271385,1.1555362,0.87067957,4.3533978,7694.9696,OK,-1.0166192,BACKGROUND_TEST_AGREES,2,"SPOC,TESS-SPOC",-1.4626019,89.175133,-0.016401455,-0.01426092,PDC_DEEPER_THAN_SAP,0.041866309,12.033734,1.3086987,2.2124901,0.24061384,54.7274,1.071514,12829,OK,True,2.2124901,0.97913689,6.6727902,,duration_inconsistent,not_measurable,not_measurable,,False,,0,0,1,1,0.4,68.968207,89.284912,23,1.7868505,2,True,OK:2,0.40378377,92.847882,112.27239,88.277409,116.84287,102.56014,92.789756,84,65.269244,86.77393,24,1.8907128,1,True,OK:1,0.59330505,94.134031,107.79915,90.918707,111.01448,100.96659,99.498375,84,0,3
K00430.01,Kepler-551 b,10717241,350812580,tic_kic_crossid_confirms_name_planet,CONFIRMED,CANDIDATE,12.376469,179.40494,2.7075,1709,23.8,-23.8,0.0382,0.468,32.4,4200,4.664,14.897,0,0,0,0,2,285.48505,48.054321,9,OK,lightkurve,,20,"SPOC,TESS-SPOC","40,41,53,54,55,74,75,80,81,82",0.96140976,,1643.0493,22.881552,3334.2866,3334.3054,430,8.6544815,27.06417,3.1271856,66.575945,8,3.2803047,2.6107498,1168.6399,1450.7694,True,OK,PDCSAP_FLUX,SPOC,1450.7694,389.89142,bootstrap,391.01761,29.655627,OK,2,2,SPOC/PDCSAP_FLUX=1451ppm;TESS-SPOC/PDCSAP_FLUX=1538ppm,21,10,10,"40,41,53,54,55,74,75,80,81,82",SPOC,120,False,False,12226.246,-1251.696,1.7145262,0.70762139,10,,-0.1244598,0.2744764,-0.45344447,-0.48044851,ln,0.88297375,3.7209575,4.2141201,0.24357708,1.2178854,3910.5112,OK,-0.45344447,OK,SAP_FLUX,SPOC,1119.6597,320.55583,bootstrap,322.05162,31.003322,OK,2,2,SPOC/SAP_FLUX=1120ppm;TESS-SPOC/SAP_FLUX=1028ppm,22,10,10,"40,41,53,54,55,74,75,80,81,82",SPOC,120,False,False,10925.855,-608.18097,0.95411479,0.63744294,10,,-0.38352907,0.29227892,-1.3122023,-1.5710264,ln,0.68145227,3.4928695,5.125626,0.20276408,1.0138204,2885.3758,OK,-1.3122023,BACKGROUND_TEST_AGREES,2,"SPOC,TESS-SPOC",-407.17945,382.28547,-1.0651188,-0.27247373,PDC_DEEPER_THAN_SAP,0.04665559,2.1205628,0.064778471,0.78321801,0.023925566,1319.5076,1.0225892,8437,OK,False,0.78321801,0.99721239,-4.0114048,0.74230961,tracks_b,consistent,consistent,duration_not_fixed_b,False,,0,0,1,1,0.3,442.26665,389.89142,22,0.78822513,0,False,,0.02044131,1464.725,1524.0362,1450.7694,1537.9918,1494.3806,87.222432,84,372.79949,320.55583,22,0.79055556,0,False,,0.027689952,1043.0632,1105.0699,1028.4734,1119.6597,1074.0665,91.186242,84,0.018794563,3
K00430.02,,10717241,350812580,tic_kic_crossid_confirms_name_planet,CANDIDATE,CANDIDATE,9.340538,135.12248,2.57,200.8,22.6,-22.6,0.012708,0.074,28,4200,4.664,14.897,0,0,0,0,2,285.48505,48.054321,9,OK,lightkurve,,20,"SPOC,TESS-SPOC","40,41,53,54,55,74,75,80,81,82",0.9419656,,189.14669,21.288423,3329.5913,3329.5913,574,87.82952,0,,302.03856,22,1.147878,-0.7427209,-340.99712,518.28281,False,OK,PDCSAP_FLUX,SPOC,-340.99712,395.73977,bootstrap,395.73977,,TOO_FEW_MEMBERS,2,0,SPOC/PDCSAP_FLUX=OK;TESS-SPOC/PDCSAP_FLUX=OK,21,10,10,"40,41,53,54,55,74,75,80,81,82",SPOC,120,False,False,12798.366,903.73056,1.1423126,0.95853392,10,,-2.8028183,2.0958589,-1.3373125,-1.3373125,linear,-1.8028183,-0.86167008,0.47795725,2.0958589,10.479294,6728004.2,OK,-1.3373125,OK,SAP_FLUX,SPOC,-848.4025,618.70938,bootstrap,618.70938,,TOO_FEW_MEMBERS,2,0,SPOC/SAP_FLUX=OK;TESS-SPOC/SAP_FLUX=OK,24,10,10,"40,41,53,54,55,74,75,80,81,82",SPOC,120,False,False,11659.815,-219.04924,0.17330959,2.3857661,10,,-5.4854207,3.2733734,-1.67577,-1.67577,linear,-4.4854207,-1.3712456,0.30571169,3.2733734,16.366867,2.4257089e+09,OK,-1.67577,BACKGROUND_TEST_UNAVAILABLE,0,,,,,,,0.02,1.2347559,2.6985,0.48044977,1.05,552.06304,1.0978053,8092,OK,True,0.48044977,,,0.88887875,inconclusive,not_measurable,not_measurable,,False,,0,0,1,1,0.4,459.11878,395.73977,22,0.83889379,2,True,OK:2,,,,,,,,84,392.66767,618.70938,25,4.5679782,2,True,OK:2,,,,,,,,84,0,3
K07368.01,Kepler-1974 b,10736489,27010191,position_tic,CONFIRMED,CANDIDATE,6.842939,137.0596,2.8,,,,,,,,,12.92,0,0,0,0,1,293.94763,48.065254,9,OK,lightkurve,,26,"QLP,SPOC,TESS-SPOC","14,15,40,41,54,55,74,75,81,82",0.96296296,teff_missing_default_used;logg_missing_4.5_used,,,3328.0808,3328.0808,783,0,0,,42,10,2.0550435,1.4164774,158.07963,231.26956,False,OK,PDCSAP_FLUX,QLP,158.07963,301.66702,bootstrap,301.66702,,TOO_FEW_MEMBERS,4,1,SPOC/PDCSAP_FLUX=OK;TESS-SPOC/PDCSAP_FLUX=OK;QLP/KSPSAP_FLUX=572ppm;QLP/DET_FLUX=OK,36,10,10,"40,41,54,55,74,75,81,82,14,15","QLP,SPOC","120,1800",False,False,4030.8917,-193.86099,0.32538039,9.2757143,16,sector_scatter,,,,,,,,,,,,NO_REFERENCE_DEPTH,,OK,SAP_FLUX,QLP,-105.32871,260.45685,bootstrap,260.45685,,TOO_FEW_MEMBERS,3,1,SPOC/SAP_FLUX=OK;TESS-SPOC/SAP_FLUX=OK;QLP/SAP_FLUX=4ppm,37,10,10,"40,41,54,55,74,75,81,82,14,15","QLP,SPOC","120,1800",False,False,3474.2718,-170.95701,0.32092126,4.0933788,16,sector_scatter,,,,,,,,,,,,NO_REFERENCE_DEPTH,,BACKGROUND_TEST_UNAVAILABLE,0,,,,,,,0.15,1.12,2.94,0.4,1.05,-125.30448,1.2746683,11470,OK,True,0.4,,,,inconclusive,not_measured,not_measured,,False,,0,0,1,1,0.4,111.60053,301.66702,39,6.6936894,3,True,OK:3,,,,,,,,84,92.049459,260.45685,40,6.9968374,2,True,OK:2,,,,,,,,84,0,3
K05834.01,,10855545,299157012,tic_kic_crossid,CANDIDATE,CANDIDATE,37.537859,159.7364,6.513,269,39,-39,0.014979,0.058,44.62,6095,4.429,15.769,0,0,0,0,1,289.21732,48.204311,9,OK,lightkurve,,6,"SPOC,TESS-SPOC","80,81,82",0.96428922,,259.3938,37.607279,3510.8017,3510.8017,147,274.26867,0,,864,24,2.2218063,-0.99223787,-3456.6894,7551.7449,False,OK,PDCSAP_FLUX,SPOC,-3456.6894,3483.7305,analytic,3483.7305,,TOO_FEW_MEMBERS,2,0,SPOC/PDCSAP_FLUX=OK;TESS-SPOC/PDCSAP_FLUX=OK,2,3,2,"80,81,82",SPOC,120,False,False,47550.748,1487.3705,0.21306585,0.045397057,3,,-14.326029,13.431152,-1.066627,-1.066627,linear,-13.326029,-0.99223787,0.074458629,13.431152,67.155762,3.7960891e+31,OK,-1.066627,OK,SAP_FLUX,SPOC,-974.25608,462.20627,analytic,462.20627,,TOO_FEW_MEMBERS,2,0,SPOC/SAP_FLUX=OK;TESS-SPOC/SAP_FLUX=OK,2,3,2,"80,81,82",SPOC,120,False,False,6420.7099,806.93688,0.85111211,0.72439182,3,,-4.7558958,1.7884584,-2.6592152,-2.6592152,linear,-3.7558958,-2.1078383,0.56120788,1.7884584,8.9422922,1983768.3,OK,-2.6592152,BACKGROUND_TEST_UNAVAILABLE,0,,,,,,,0.02,14.856862,1.1530109,2.2811088,0.17703223,-4086.5525,0.99797879,1953,OK,True,2.2811088,,,,inconclusive,not_measurable,not_measurable,,False,,0,0,1,1,0.1,3483.7305,515.05788,2,0.045397057,2,True,OK:2,,,,,,,,84,462.20627,282.76573,2,0.72439182,2,True,OK:2,,,,,,,,84,0,3
K07383.01,,10866969,27183456,tic_kic_crossid,CANDIDATE,CANDIDATE,50.0122,153.9789,3.426,210.4,42.6,-42.6,0.01348,0.484,99.3,5357,4.503,15.174,0,0,0,0,1,294.20096,48.250061,9,OK,lightkurve,,4,"SPOC,TESS-SPOC","81,82",0.96995851,,204.07927,41.320233,3538.3331,3538.3331,111,201.84253,0,,656.9176,31,2.2766936,-0.086001795,-278.19229,7156.5322,False,OK,PDCSAP_FLUX,SPOC,-278.19229,3234.7265,analytic,3234.7265,,TOO_FEW_MEMBERS,2,1,SPOC/PDCSAP_FLUX=OK;TESS-SPOC/PDCSAP_FLUX=918ppm,1,2,1,"81,82",SPOC,120,False,False,22455.164,,,,2,,-2.363158,15.851715,-0.14907901,-0.14907901,linear,-1.363158,-0.086001795,0.063090115,15.851715,79.258577,5.3871826e+36,OK,-0.14907901,OK,SAP_FLUX,SPOC,-31.952025,868.51954,analytic,868.51954,,TOO_FEW_MEMBERS,2,1,SPOC/SAP_FLUX=OK;TESS-SPOC/SAP_FLUX=209ppm,1,2,1,"81,82",SPOC,120,False,False,6029.1801,,,,2,,-1.1565667,4.260902,-0.27143707,-0.27143707,linear,-0.15656673,-0.036789069,0.23497373,4.260902,21.30451,3.6494714e+11,OK,-0.27143707,BACKGROUND_TEST_AGREES,1,TESS-SPOC,-708.75845,3518.0255,-0.20146484,-0.77226186,PDC_DEEPER_THAN_SAP,0.02,8.3073537,1.4034003,2.4247968,0.40963232,-3428.0557,1.24694,509,OK,True,2.4247968,,,,inconclusive,not_measurable,not_measurable,,False,,0,0,1,1,0.1,3234.7265,,1,0,1,True,OK:1,,,,,,,,84,868.51954,,1,0,1,True,OK:1,,,,,,,,84,0,3
K00194.01,Kepler-488 b,10904857,48217457,tic_kic_crossid,CONFIRMED,CANDIDATE,3.1208281,139.46659,2.1878,16456,213,-213,0.130153,0.784,8.92,6122,4.471,14.804,0,0,0,0,1,282.96616,48.34507,9,OK,lightkurve,,18,"SPOC,TESS-SPOC","40,41,53,54,55,75,80,81,82",1.0048603,,16535.981,214.03525,3343.4118,3343.4117,1721,4.9769138,-0.0131268,0.0026375381,47.747741,10,38.461715,38.448339,16069.464,16073.678,True,OK,PDCSAP_FLUX,SPOC,16073.678,453.13663,bootstrap,468.06143,117.25484,OK,2,2,SPOC/PDCSAP_FLUX=16074ppm;TESS-SPOC/PDCSAP_FLUX=15729ppm,69,9,9,"40,41,53,54,55,75,80,81,82",SPOC,120,False,False,19659.449,-402.69327,0.43487448,3.4660646,9,sector_scatter,-0.028355655,0.059291623,-0.47824048,-0.4746906,ln,0.97204259,35.472034,36.492263,0.05889606,0.2944803,5662.3915,OK,-0.47824048,OK,SAP_FLUX,SPOC,5585.8244,172.84705,bootstrap,186.34808,69.638372,OK,2,2,SPOC/SAP_FLUX=5586ppm;TESS-SPOC/SAP_FLUX=5381ppm,76,9,9,"40,41,53,54,55,75,80,81,82",SPOC,120,False,False,7521.6717,-138.19661,0.39662424,12.931206,9,sector_scatter,-1.0853067,0.061485657,-17.651379,-12.526673,ln,0.33779818,32.316572,95.668285,0.052863342,0.26431671,5002.8066,OK,-17.651379,BACKGROUND_TEST_DISAGREES,2,"SPOC,TESS-SPOC",-10443.396,400.67805,-26.064308,-0.65676595,PDC_DEEPER_THAN_SAP,0.26854964,2.1219881,0.064822013,0.9699187,0.029628857,17309.836,1.0458506,22267,OK,False,0.9699187,0.99686366,-0.41775936,0.80865293,fixed_b,shallower_tess,shallower_tess,,False,pdc_deeper_than_sap,0,0,1,1,0.5,417.91371,453.13663,70,1.1263612,0,False,,0.0072948359,15783.99,16018.499,15728.811,16073.678,15901.244,344.86719,84,147.71334,172.84705,76,1.491226,0,False,,0.012466982,5413.7766,5553.0534,5381.0056,5585.8244,5483.415,204.81874,84,-9.1158333e-06,3
K03248.01,,10917433,407002201,tic_kic_crossid,CANDIDATE,CANDIDATE,6.9126154,132.15638,2.359,34.4,3.4,-3.4,0.005657,0.656,17.08,5761,4.383,12.419,0,0,0,0,1,290.46509,48.332249,9,OK,lightkurve,,31,"QLP,SPOC,TESS-SPOC","14,15,40,41,54,55,74,75,80,81,82",0.98741743,,33.96716,3.3572193,3343.1712,3343.3104,778,58.853723,200.49141,3.4066054,211.94617,17,5.1492265,-1.7445431,-139.33993,337.85126,True,OK,PDCSAP_FLUX,QLP,337.85126,173.31112,bootstrap,211.65429,121.494,OK,4,3,SPOC/PDCSAP_FLUX=100ppm;TESS-SPOC/PDCSAP_FLUX=105ppm;QLP/KSPSAP_FLUX=457ppm;QLP/DET_FLUX=OK,38,11,11,"40,41,54,55,74,75,80,81,82,14,15","QLP,SPOC","120,1800",True,False,2896.8444,-300.27393,1.0398124,2.0666101,20,smeared,8.9464089,6.2321292,1.4355301,1.4355301,linear,9.9464089,1.9493917,0.1959895,6.2321292,31.160646,1.1586595e+15,OK,1.4355301,OK,SAP_FLUX,QLP,406.26098,205.548,bootstrap,243.47906,130.50699,OK,3,3,SPOC/SAP_FLUX=104ppm;TESS-SPOC/SAP_FLUX=29ppm;QLP/SAP_FLUX=412ppm,42,11,11,"40,41,54,55,74,75,80,81,82,14,15","QLP,SPOC","120,1800",True,False,2821.2599,-382.11003,1.2333795,3.4322187,20,smeared;sector_scatter,10.960405,7.1689283,1.5288763,1.5288763,linear,11.960405,1.9764774,0.16525171,7.1689283,35.844642,1.2536875e+17,OK,1.5288763,BACKGROUND_TEST_AGREES,2,"SPOC,TESS-SPOC",-20.125667,97.184628,-0.20708694,-0.19639639,PDC_DEEPER_THAN_SAP,0.02,3.7299065,0.88171484,1.5811388,0.37376636,106.61799,1.0761614,10037,OK,False,1.5811388,1.0210108,1.6916308,,fixed_b,not_measurable,not_measurable,,False,,0,0,1,1,0.5,65.612041,173.31112,40,1.6307142,1,True,OK:1,0.35960797,101.51257,344.50058,99.802075,457.13738,105.14739,238.04918,84,58.215355,205.548,43,2.2271228,0,False,,0.32123929,52.617677,313.63165,28.513457,412.35753,103.83915,377.74752,84,0.13923015,3
K08037.01,,10920281,26539759,tic_kic_crossid,CANDIDATE,CANDIDATE,3.6503452,133.63577,1.527,253.2,82.9,-82.9,0.014576,0.289,17.77,3704,4.797,15.519,0,0,0,0,1,291.94415,48.351791,9,OK,lightkurve,,20,"QLP,SPOC,TESS-SPOC","40,41,54,55,74,75,81,82",0.93791724,,237.48065,77.753339,2825.2452,2825.1816,1331,75.067106,-91.62,1.2205079,248.10632,28,23.02906,0.0015541453,1.7887053,25420.091,True,OK,PDCSAP_FLUX,QLP,25420.091,16898.227,bootstrap,101309.8,99890.571,OK,4,4,SPOC/PDCSAP_FLUX=19836ppm;TESS-SPOC/PDCSAP_FLUX=26245ppm;QLP/KSPSAP_FLUX=264498ppm;QLP/DET_FLUX=177405ppm,56,8,8,"40,41,54,55,81,82,74,75","QLP,SPOC","120,200",False,False,42667.109,29710.868,0.91281869,160.08454,12,sector_scatter,106.04069,426.60249,0.24857025,0.24857025,linear,107.04069,1.5043052,0.014053584,426.60249,2133.0124,inf,OK,0.24857025,OK,SAP_FLUX,QLP,5590.7545,4107.42,bootstrap,78207.105,78099.17,OK,3,3,SPOC/SAP_FLUX=4997ppm;TESS-SPOC/SAP_FLUX=9328ppm;QLP/SAP_FLUX=234700ppm,58,8,8,"40,41,54,55,81,82,74,75","QLP,SPOC","120,200",False,False,9663.0111,9211.6513,1.1553931,130.87157,12,sector_scatter,22.541937,329.32008,0.068449934,0.068449934,linear,23.541937,1.3611353,0.057817473,329.32008,1646.6004,inf,OK,0.068449934,BACKGROUND_TEST_AGREES,2,"SPOC,TESS-SPOC",-15602.587,13139.868,-1.1874234,-0.67717853,PDC_DEEPER_THAN_SAP,0.02,2.6460804,0.080831866,1.7328621,0.052935079,78214.055,7.8364942,11164,OK,False,1.7328621,1.1455502,1.5130873,,fixed_b,not_measurable,not_measurable,,False,,0,0,1,1,0.7,1103.8267,16898.227,58,225.82417,0,False,,3.9295914,22912.408,222693.55,19836.245,264498.18,101825.06,239078.09,84,277.87823,4107.42,60,228.84548,0,False,,13.969343,6383.0232,162581.36,4996.927,234700.37,9328.4777,229109.61,84,-0.063625,3
K00291.01,Kepler-133 c,10933561,28089143,name_planet,CONFIRMED,CANDIDATE,31.517795,185.1533,7.634,357.6,6.1,-6.1,0.017813,0.561,26.79,5611,4.144,12.848,0,0,0,0,2,297.27798,48.320332,9,OK,lightkurve,,24,"QLP,SPOC,TESS-SPOC","14,15,41,54,55,56,74,75,76,83",0.97758996,,349.58617,5.9632987,3344.6607,3344.6607,169,23.039879,0,,183.62964,8,1.8733909,0.51278074,80.551536,289.74064,False,OK,PDCSAP_FLUX,QLP,80.551536,246.85028,bootstrap,406.64548,323.14933,OK,4,4,SPOC/PDCSAP_FLUX=72ppm;TESS-SPOC/PDCSAP_FLUX=388ppm;QLP/KSPSAP_FLUX=1085ppm;QLP/DET_FLUX=139ppm,9,10,9,"41,54,55,74,75,76,83,14,15,56","QLP,SPOC","120,1800,200",False,False,4492.0616,632.83819,1.8731311,3.0961361,14,sector_scatter,-0.76958031,1.1644187,-0.66091375,-0.66091375,linear,0.23041969,0.32631738,1.4161871,1.1644187,5.8220933,117698.04,OK,-0.66091375,OK,SAP_FLUX,QLP,-424.64403,376.51871,bootstrap,376.51871,,TOO_FEW_MEMBERS,3,1,SPOC/SAP_FLUX=OK;TESS-SPOC/SAP_FLUX=OK;QLP/SAP_FLUX=147ppm,9,10,9,"41,54,55,74,75,76,83,14,15,56","QLP,SPOC","120,1800,200",False,False,4065.5888,-38.005331,0.12380504,8.0299666,14,sector_scatter,-2.2147049,1.0783361,-2.0538169,-2.0538169,linear,-1.2147049,-1.1278165,0.92846958,1.0783361,5.3916805,76409.77,OK,-2.0538169,BACKGROUND_TEST_UNAVAILABLE,0,,,,,,,0.025340489,12.830734,8.0157,1.6807354,1.05,55.684828,0.97308005,7393,OK,True,1.6807354,0.98689799,0.84941433,,fixed_b,not_measurable,not_measurable,,False,,0,0,1,1,0.2,157.08768,246.85028,10,3.0961361,0,False,,4.0117091,104.08899,750.38765,72.25029,1084.528,263.49157,1003.9765,84,141.91119,376.51871,10,8.0299666,2,True,OK:2,,,,,,,,84,0,3
K00291.02,Kepler-133 b,10933561,28089143,name_planet,CONFIRMED,CANDIDATE,8.1299986,134.10067,2.1492,148,6.6,-6.6,0.013332,0.896,13.68,5611,4.144,12.848,0,0,0,0,2,297.27798,48.320332,9,OK,lightkurve,,24,"QLP,SPOC,TESS-SPOC","14,15,41,54,55,56,74,75,76,83",1.0406481,,154.01592,6.8682777,3332.8997,3332.8923,660,22.853221,-10.754597,0.47059436,100.79766,14,3.7055353,3.1983214,483.86636,554.77854,True,OK,PDCSAP_FLUX,QLP,554.77854,144.64103,bootstrap,188.35699,120.65376,OK,4,4,SPOC/PDCSAP_FLUX=620ppm;TESS-SPOC/PDCSAP_FLUX=622ppm;QLP/KSPSAP_FLUX=593ppm;QLP/DET_FLUX=183ppm,29,10,10,"41,54,55,74,75,76,83,14,15,56","QLP,SPOC","120,1800,200",True,False,4132.4358,318.59493,1.0424459,1.7701588,14,smeared,1.281513,0.3460647,3.7031024,2.1244902,ln,3.6020856,3.8355543,1.0648149,1.2248047,6.1240234,70184.824,OK,3.7031024,OK,SAP_FLUX,QLP,466.24267,134.11495,bootstrap,136.93633,27.653915,OK,3,3,SPOC/SAP_FLUX=491ppm;TESS-SPOC/SAP_FLUX=409ppm;QLP/SAP_FLUX=431ppm,30,10,10,"41,54,55,74,75,76,83,14,15,56","QLP,SPOC","120,1800,200",True,False,3759.519,333.31074,1.197278,1.5264468,14,smeared,1.1076502,0.3012465,3.67689,2.2736409,ln,3.0272367,3.4764406,1.1483874,0.89162572,4.4581286,13141.533,OK,3.67689,BACKGROUND_TEST_AGREES,2,"SPOC,TESS-SPOC",-166.51631,150.57493,-1.10587,-0.2682415,PDC_DEEPER_THAN_SAP,0.063549565,1.535909,0.046918601,0.71464221,0.021830728,684.96105,1.0610139,6801,OK,False,0.71464221,1.0530835,-5.7891385,0.95521138,tracks_b,not_measurable,not_measurable,,False,,0,0,1,1,0.4,149.71617,144.64103,31,1.0249645,0,False,,0.21748093,379.50662,620.81413,182.73437,621.87031,606.17324,372.04418,84,136.15908,134.11495,32,1.1593088,0,False,,0.059312279,416.26448,471.57231,409.35822,490.69326,430.94028,56.884448,84,-0.00746847,3
K03367.01,,10935993,28449818,tic_kic_crossid,CANDIDATE,CANDIDATE,25.373654,151.8667,2.619,372.9,40.7,-40.7,0.017854,0.265,72.7,6195,4.47,15.056,0,0,0,0,1,298.19162,48.396259,9,OK,lightkurve,,6,"SPOC,TESS-SPOC","76,82,83",0.96803203,,360.97914,39.398903,3541.6969,3541.6969,219,83.18709,0,,288.84627,22,2.5026329,2.5026329,4996.6315,4996.6315,False,OK,PDCSAP_FLUX,SPOC,4996.6315,1996.5499,analytic,2044.2957,439.2419,OK,2,2,SPOC/PDCSAP_FLUX=4997ppm;TESS-SPOC/PDCSAP_FLUX=6289ppm,3,3,3,"76,82,83",SPOC,120,False,False,21397.746,-9673.4283,2.2648046,2.6197867,3,,2.6276991,0.42638456,6.1627444,2.2670943,ln,13.841884,2.5026329,0.18080146,5.6644685,28.322343,7.2064136e+14,OK,6.1627444,OK,SAP_FLUX,SPOC,2973.1739,1194.3536,analytic,1200.9149,125.36431,OK,2,2,SPOC/SAP_FLUX=2973ppm;TESS-SPOC/SAP_FLUX=3342ppm,3,3,3,"76,82,83",SPOC,120,False,False,12485.863,-5348.0143,2.1196027,2.2621308,3,,2.1085651,0.42138026,5.0039486,2.1737557,ln,8.2364147,2.4893583,0.30223809,3.3289917,16.644959,6.1135829e+09,OK,5.0039486,BACKGROUND_TEST_AGREES,2,"SPOC,TESS-SPOC",-2345.1622,1877.894,-1.2488257,-0.41561911,PDC_DEEPER_THAN_SAP,0.02,1.5582465,0.070332984,0.59497766,0.0268549,4850.246,1.0939005,1177,OK,False,0.59497766,1.0511079,-4.6939377,0.83314733,tracks_b,not_measurable,not_measurable,,False,,0,0,1,1,0.1,1996.5499,2690.6888,3,2.6197867,0,False,,0.087907603,5203.3336,6081.8174,4996.6315,6288.5194,5642.5755,1291.8879,84,1194.3536,1472.0807,3,2.2621308,0,False,,0.042165144,3032.1689,3282.8975,2973.1739,3341.8925,3157.5332,368.71854,84,0,3
K01612.01,Kepler-408 b,10963065,48450369,name_planet,CONFIRMED,CANDIDATE,2.4650243,132.68122,1.262,30.7,1.6,-1.6,0.005276,0.548,12.6,6139,4.291,8.769,0,0,0,0,1,284.78619,48.423229,9,OK,lightkurve,,33,"QLP,SPOC,TESS-SPOC","14,15,40,41,53,55,74,75,80,81,82",0.97951918,,30.071239,1.5672307,3332.0391,3332.0304,2177,17.162556,-12.622524,0.73546878,70.417668,14,5.098249,4.0930294,42.567179,53.013886,True,OK,PDCSAP_FLUX,SPOC,53.013886,18.897338,bootstrap,19.521173,4.8955927,OK,4,4,SPOC/PDCSAP_FLUX=53ppm;TESS-SPOC/PDCSAP_FLUX=71ppm;QLP/KSPSAP_FLUX=65ppm;QLP/DET_FLUX=64ppm,107,11,11,"14,15,40,41,53,55,74,75,80,81,82",SPOC,120,False,False,463.90357,-62.136181,1.6665318,1.3397419,22,,0.56698468,0.37524357,1.5109777,1.168063,ln,1.7629432,2.8053626,1.591295,0.65316953,3.2658477,757.86475,OK,1.5109777,OK,SAP_FLUX,SPOC,52.177859,18.406584,bootstrap,19.208044,5.4905939,OK,3,3,SPOC/SAP_FLUX=52ppm;TESS-SPOC/SAP_FLUX=45ppm;QLP/SAP_FLUX=62ppm,115,11,11,"14,15,40,41,53,55,74,75,80,81,82",SPOC,120,False,False,509.42806,-63.344215,1.7664156,1.3016884,22,,0.55108906,0.37514425,1.4690057,1.1436171,ln,1.7351417,2.8347388,1.6337218,0.64282151,3.2141076,718.13358,OK,1.4690057,BACKGROUND_TEST_AGREES,2,"SPOC,TESS-SPOC",-13.873864,18.072141,-0.76769345,-0.22401955,PDC_DEEPER_THAN_SAP,0.02,0.68511901,0.051571252,0.54288352,0.0408647,45.531219,1.1163954,20010,OK,False,0.54288352,1.0024503,-6.0408922,0.8951232,tracks_b,not_measurable,not_measurable,,False,,0,0,1,1,0.8,10.39845,18.897338,111,2.0966392,0,False,,0.09234548,58.129878,67.921064,53.013886,70.849089,64.21062,17.835203,84,10.927099,18.406584,118,2.1974258,0,False,,0.10522842,47.599578,58.580765,45.445092,61.593898,52.177859,9.4160383,84,-0.0087656417,3
K01646.01,Kepler-1759 b,11046025,267989857,tic_kic_crossid_over_name_planet,CONFIRMED,CANDIDATE,3.7202071,133.41684,1.892,156.9,12.2,-12.2,0.011348,0.341,14.32,5017,4.516,14.293,0,0,0,0,1,298.46579,48.55941,9,OK,lightkurve,,8,"SPOC,TESS-SPOC","74,76,82,83",0.95953357,,150.55082,11.70631,3394.199,3394.199,1459,37.38163,0,,140.52489,16,2.569005,1.0890594,404.90707,935.6424,False,OK,PDCSAP_FLUX,SPOC,404.90707,477.025,bootstrap,478.86757,41.967797,OK,2,2,SPOC/PDCSAP_FLUX=405ppm;TESS-SPOC/PDCSAP_FLUX=281ppm,28,4,4,"74,76,82,83",SPOC,120,False,False,10582.854,-875.58293,0.95975468,2.1959991,4,,1.6895043,3.1821134,0.53093779,0.53093779,linear,2.6895043,0.84881728,0.31560362,3.1821134,15.910567,1.2233609e+09,OK,0.53093779,OK,SAP_FLUX,SPOC,245.31789,308.51532,bootstrap,309.99329,30.234694,OK,2,2,SPOC/SAP_FLUX=245ppm;TESS-SPOC/SAP_FLUX=156ppm,28,4,4,"74,76,82,83",SPOC,120,False,False,7075.2897,-538.41211,0.89558607,2.101428,4,,0.629469,2.061135,0.30539921,0.30539921,linear,1.629469,0.79515626,0.4879849,2.061135,10.305675,4501595,OK,0.30539921,BACKGROUND_TEST_AGREES,2,"SPOC,TESS-SPOC",-142.85519,407.72019,-0.35037556,-0.41625719,PDC_DEEPER_THAN_SAP,0.02,0.7568,1.9866,0.4,1.05,674.33353,1.0178905,8060,OK,True,0.4,1.0081104,-0.35197719,0.93689795,fixed_b,not_measurable,not_measurable,,False,,0,0,1,1,0.3,371.79521,477.025,29,1.4129713,0,False,,0.10364797,301.22192,385.15752,281.47237,404.90707,343.18972,123.4347,84,257.0867,308.51532,29,1.3313757,0,False,,0.123247,170.62041,231.0898,156.39232,245.31789,200.8551,88.925571,84,0,3
K00292.01,Kepler-97 b,11075737,399951991,tic_kic_crossid_over_name_planet,CONFIRMED,CANDIDATE,2.5866395,171.84257,2.253,217.7,3.3,-3.3,0.013613,0.349,8.37,5780,4.421,12.872,0,0,0,0,1,287.32663,48.673431,9,OK,lightkurve,,31,"QLP,SPOC,TESS-SPOC","14,15,26,40,41,53,54,55,74,75,80,81,82",0.96826275,,210.7908,3.1952671,3343.6665,3343.6665,2064,8.1335766,0,,58.19573,9,2.0824862,1.2888134,85.957113,138.0264,False,OK,PDCSAP_FLUX,QLP,85.957113,90.948253,bootstrap,94.811918,26.790203,OK,4,3,SPOC/PDCSAP_FLUX=151ppm;TESS-SPOC/PDCSAP_FLUX=138ppm;QLP/KSPSAP_FLUX=OK;QLP/DET_FLUX=217ppm,114,13,13,"40,41,54,55,74,75,80,81,82,14,15,26,53","QLP,SPOC","120,1800,600",True,False,3509.5915,-150.12167,0.84066262,1.6364465,18,smeared,-0.59221601,0.45281586,-1.3078517,-1.3078517,linear,0.40778399,0.9451211,2.3177004,0.45281586,2.2640793,1817.4934,OK,-1.3078517,OK,SAP_FLUX,QLP,78.521021,83.544092,bootstrap,97.056461,49.399811,OK,3,3,SPOC/SAP_FLUX=160ppm;TESS-SPOC/SAP_FLUX=112ppm;QLP/SAP_FLUX=14ppm,123,13,13,"40,41,54,55,74,75,80,81,82,14,15,26,53","QLP,SPOC","120,1800,600",True,False,3435.0706,57.116973,0.33129227,1.5543948,18,smeared,-0.62749313,0.46339457,-1.3541228,-1.3541228,linear,0.37250687,0.93987521,2.5231084,0.46339457,2.3169729,1927.6645,OK,-1.3541228,BACKGROUND_TEST_AGREES,2,"SPOC,TESS-SPOC",-6.5344076,82.31632,-0.079381678,-0.045224542,PDC_DEEPER_THAN_SAP,0.02,4.9847403,0.74121926,2.2124901,0.32899213,-59.244669,1.2044451,27161,OK,True,2.2124901,0.99446761,5.0830806,,duration_inconsistent,not_measurable,not_measurable,,False,,0,0,1,1,0.7,66.694768,90.948253,122,3.2978183,1,True,OK:1,0.31166941,142.12143,195.70184,137.91404,216.70875,151.06214,130.75164,84,61.025133,83.544092,130,2.9759926,0,False,,0.62912849,45.566271,144.36589,14.489097,159.78266,111.60527,81.261639,84,0,3
K05870.01,,11129145,399951909,tic_kic_crossid,CANDIDATE,CANDIDATE,132.114,238.008,2.514,216.8,39.2,-39.2,0.013051,0.2502,394,4342,4.715,13.586,0,0,0,0,1,287.46823,48.758659,9,OK,lightkurve,,20,"QLP,SPOC,TESS-SPOC","14,15,26,40,41,54,55,74,75,80,81,82",0.94834331,,205.60083,37.175058,2827.112,2827.112,36,129.61604,0,,426.55813,30,1.6635367,0.40809204,265.26594,1157.9083,False,OK,PDCSAP_FLUX,QLP,265.26594,650.01498,analytic,650.01498,,TOO_FEW_MEMBERS,4,1,SPOC/PDCSAP_FLUX=OK;TESS-SPOC/PDCSAP_FLUX=OK;QLP/KSPSAP_FLUX=OK;QLP/DET_FLUX=1279ppm,4,12,4,"40,41,54,55,14,15,26,74,75,80,81,82","QLP,SPOC","120,1800,200",False,False,5583.5973,1192.4122,0.86740405,1.9809572,8,,0.29019878,3.1670996,0.091629192,0.091629192,linear,1.2901988,0.40809204,0.31630168,3.1670996,15.835498,1.5498661e+09,OK,0.091629192,OK,SAP_FLUX,QLP,-171.53193,551.82291,analytic,551.82291,,TOO_FEW_MEMBERS,3,0,SPOC/SAP_FLUX=OK;TESS-SPOC/SAP_FLUX=OK;QLP/SAP_FLUX=OK,4,12,4,"40,41,54,55,14,15,26,74,75,80,81,82","QLP,SPOC","120,1800,200",False,False,5110.0273,2098.3658,1.6345789,3.619993,8,sector_scatter,-1.8342959,2.6905009,-0.68176744,-0.68176744,linear,-0.83429592,-0.31084598,0.3725848,2.6905009,13.452505,1.4301209e+08,OK,-0.68176744,BACKGROUND_TEST_UNAVAILABLE,0,,,,,,,0.02,1.0689431,0.87481949,0.42519615,0.34797911,854.74831,1.0448912,854,OK,True,0.42519615,1.001864,-1.0179547,0.92306463,fixed_b,not_measurable,not_measurable,,False,,0,0,1,1,0.3,650.01498,791.38831,4,1.9809572,3,True,OK:3,,,,,,,,84,551.82291,965.28407,4,3.619993,3,True,OK:3,,,,,,,,84,0,3
K05873.01,,11147785,27773672,tic_kic_crossid,CANDIDATE,CANDIDATE,217.17008,229.9068,4.291,937,112,-112,85.19371,86.1724,747,5083,2.638,12.446,0,0,0,0,1,296.32471,48.783112,9,OK,lightkurve,,24,"QLP,SPOC,TESS-SPOC","14,15,41,54,55,56,74,75,76,81,82,83",1.3314255,,1247.5457,149.11966,3492.1588,3492.1588,25,127.40266,0,,446.57297,20,2.997629,-0.33320632,-142.4404,1067.9902,False,OK,PDCSAP_FLUX,QLP,-142.4404,427.4841,analytic,427.4841,,TOO_FEW_MEMBERS,4,0,SPOC/PDCSAP_FLUX=NO_USABLE_TRANSIT;TESS-SPOC/PDCSAP_FLUX=NO_USABLE_TRANSIT;QLP/KSPSAP_FLUX=NO_USABLE_TRANSIT;QLP/DET_FLUX=OK,1,12,1,"74,75,76,81,82,83,14,15,41,54,55,56","QLP,SPOC","120,1800,200,600",False,False,2574.8514,,,,12,,-1.1141765,0.36633788,-3.0413904,-3.0413904,linear,-0.1141765,-0.33320632,2.9183441,0.36633788,1.8316894,6542.6625,OK,-3.0413904,OK,SAP_FLUX,QLP,-136.84552,479.59514,analytic,479.59514,,TOO_FEW_MEMBERS,3,0,SPOC/SAP_FLUX=NO_USABLE_TRANSIT;TESS-SPOC/SAP_FLUX=NO_USABLE_TRANSIT;QLP/SAP_FLUX=OK,1,12,1,"74,75,76,81,82,83,14,15,41,54,55,56","QLP,SPOC","120,1800,200,600",False,False,2888.7303,,,,12,,-1.1096918,0.40567802,-2.7354003,-2.7354003,linear,-0.10969178,-0.28533549,2.6012476,0.40567802,2.0283901,8236.0949,OK,-2.7354003,BACKGROUND_TEST_UNAVAILABLE,0,,,,,,,0.5,2.6322301,1.0994476,0.61343045,0.25622177,-956.79356,0.94589133,387,OK,True,0.61343045,,,86.185692,inconclusive,not_measurable,not_measurable,,False,,0,0,1,1,0.2,427.4841,,1,0,4,True,NO_USABLE_TRANSIT:3;OK:1,,,,,,,,84,479.59514,,1,0,3,True,NO_USABLE_TRANSIT:2;OK:1,,,,,,,,84,0,3
K00971.01,,11180361,405687343,tic_kic_crossid,CANDIDATE,CANDIDATE,0.53305931,171.22744,1.8621,1495.8,,,0.301918,1.263,1.452852,8523,3.559,7.748,0,0,0,0,1,286.0192,48.866741,9,OK,lightkurve,,30,"QLP,SPOC,TESS-SPOC","14,26,40,41,54,55,74,75,80,82",1.1568469,teff_clamped_to_grid,1730.4116,,3319.3618,3319.3747,9971,0,18.613552,,27.9315,7,439.71695,386.03047,1566.3801,1790.4187,True,OK,PDCSAP_FLUX,SPOC,1790.4187,15.576078,bootstrap,68.562071,66.76933,OK,4,4,SPOC/PDCSAP_FLUX=1790ppm;TESS-SPOC/PDCSAP_FLUX=1833ppm;QLP/KSPSAP_FLUX=1947ppm;QLP/DET_FLUX=1942ppm,468,10,10,"14,26,40,41,54,55,74,75,80,82",SPOC,120,False,False,461.73321,22.501225,0.73498987,15.24949,20,sector_scatter,0.034090179,0.062979528,0.54128985,0.54357767,ln,1.0346779,114.9467,111.09418,0.063795683,0.31897842,650.15308,OK,0.54128985,OK,SAP_FLUX,SPOC,1776.1636,16.018462,bootstrap,61.156554,59.021462,OK,3,3,SPOC/SAP_FLUX=1776ppm;TESS-SPOC/SAP_FLUX=1827ppm;QLP/SAP_FLUX=1950ppm,483,10,10,"14,26,40,41,54,55,74,75,80,82",SPOC,120,False,False,496.51722,32.183938,1.0402964,15.761487,20,sector_scatter,0.026096459,0.060708735,0.42986333,0.43181611,ln,1.02644,110.88228,108.02608,0.061229659,0.30614829,619.80524,OK,0.42986333,BACKGROUND_TEST_AGREES,2,"SPOC,TESS-SPOC",-10.755149,16.768787,-0.64137907,-0.0059357986,PDC_DEEPER_THAN_SAP,0.5,2.2366138,0.068323572,1.2011244,0.036691677,2590.7001,1.4798683,128226,OK,False,1.2011244,1.0712073,1.9536699,1.2453827,fixed_b,consistent,consistent,,False,,0,0,1,1,2.7,4.0717527,15.576078,481,12.717548,0,False,,0.037292579,1811.0529,1944.5916,1790.4187,1947.1205,1887.6294,156.70178,84,4.2515139,16.018462,495,11.288039,0,False,,0.033229744,1792.4843,1910.5272,1776.1636,1949.7562,1827.1657,173.59253,84,0.012926078,3
K02994.01,Kepler-1402 b,11244137,26540675,name_planet,CONFIRMED,CANDIDATE,2.0338748,131.91927,3.097,73.6,5.5,-5.5,0.007727,0.238,4.951,5282,3.913,14.621,0,0,0,0,1,291.84781,48.968128,9,OK,lightkurve,,8,"SPOC,TESS-SPOC","74,75,81,82",0.95788274,,70.50017,5.2683551,3366.8907,3366.8907,2656,54.357212,0,,209.52664,16,2.3112551,-0.042299627,-15.152594,798.13722,False,OK,PDCSAP_FLUX,SPOC,-15.152594,485.32056,bootstrap,485.32056,,TOO_FEW_MEMBERS,2,1,SPOC/PDCSAP_FLUX=OK;TESS-SPOC/PDCSAP_FLUX=343ppm,45,4,4,"74,75,81,82",SPOC,120,False,False,16047.318,-287.18028,0.30273061,0.98544191,4,,-1.2149299,6.8845502,-0.17647194,-0.17647194,linear,-0.21492989,-0.031221826,0.14526516,6.8845502,34.422751,6.2777052e+16,OK,-0.17647194,OK,SAP_FLUX,SPOC,61.954931,212.50303,bootstrap,213.81676,23.665721,OK,2,2,SPOC/SAP_FLUX=62ppm;TESS-SPOC/SAP_FLUX=132ppm,51,4,4,"74,75,81,82",SPOC,120,False,False,7417.8448,199.59641,0.45743334,0.71539722,4,,-0.12120878,3.034187,-0.039947696,-0.039947696,linear,0.87879122,0.29154845,0.33176077,3.034187,15.170935,2.7342823e+08,OK,-0.039947696,BACKGROUND_TEST_AGREES,1,TESS-SPOC,-211.75566,493.60034,-0.42900227,-0.61679583,PDC_DEEPER_THAN_SAP,0.02,7.5095955,0.44520904,2.4247968,0.14375494,522.61775,1.0430966,20467,OK,True,2.4247968,,,,inconclusive,not_measurable,not_measurable,,False,,0,0,1,1,0.4,358.22051,485.32056,46,1.6603689,1,True,OK:1,,,,,,,,84,150.40863,212.50303,52,2.0774753,0,False,,0.38198285,73.09174,120.42318,61.954931,131.55999,96.757461,69.605062,84,0,3
K01433.01,Kepler-846 b,11288505,399911496,tic_kic_crossid_over_name_planet,CONFIRMED,CANDIDATE,19.807878,139.37983,3.453,616.3,35.6,-35.6,0.022635,0.054,44.76,5775,4.558,15.65,0,0,0,0,1,287.05701,49.046021,9,OK,lightkurve,,6,"SPOC,TESS-SPOC","80,81,82",0.96257395,,593.23433,34.267633,3518.5857,3518.5857,280,38.392511,0,,166.97253,14,1.2241224,-0.18114069,-406.64356,2784.7733,False,OK,PDCSAP_FLUX,SPOC,-406.64356,2244.9046,analytic,2244.9046,,TOO_FEW_MEMBERS,2,1,SPOC/PDCSAP_FLUX=OK;TESS-SPOC/PDCSAP_FLUX=2257ppm,3,3,2,"80,81,82",SPOC,120,False,False,24059.048,-386.71503,0.085152296,6.1668774,3,sector_scatter,-1.6854687,3.7849496,-0.4453081,-0.4453081,linear,-0.6854687,-0.18114069,0.26425815,3.7849496,18.924748,9.8206408e+10,OK,-0.4453081,OK,SAP_FLUX,SPOC,198.37703,975.94,analytic,985.01475,133.39852,OK,2,2,SPOC/SAP_FLUX=198ppm;TESS-SPOC/SAP_FLUX=591ppm,4,3,3,"80,81,82",SPOC,120,False,False,14771.301,435.81311,0.22169862,3.3619377,3,sector_scatter,-0.66560089,1.662171,-0.4004407,-0.4004407,linear,0.33439911,0.20326765,0.60785942,1.662171,8.3108548,2412558.5,OK,-0.4004407,BACKGROUND_TEST_AGREES,1,TESS-SPOC,-1666.2849,2637.4706,-0.63177383,-0.73827077,PDC_DEEPER_THAN_SAP,0.022197324,8.3728232,0.37791559,2.4247968,0.10944558,-2762.6934,1.0145731,1549,OK,True,2.4247968,,,,inconclusive,not_measurable,not_measurable,,False,,0,0,1,1,0.1,2244.9046,3772.2076,3,3.4669719,1,True,OK:1,,,,,,,,84,975.94,1370.7505,4,2.5738281,0,False,,0.67244945,261.1528,527.94985,198.37703,590.72563,394.55133,392.3486,84,0,3
K05883.01,,11305417,27643046,tic_kic_crossid,CANDIDATE,CANDIDATE,198.78116,284.3868,6.77,138.3,16.4,-16.4,0.010874,0.1924,222.6,6493,4.22,12.752,0,0,0,0,1,295.74002,49.01152,9,OK,lightkurve,,33,"QLP,SPOC,TESS-SPOC","14,15,40,41,54,55,56,74,75,76,81,82,83",0.96902039,,134.01552,15.891934,3285.697,3285.2033,26,217.78369,-710.85,3.2640185,754.90108,20,3.5372038,0.33156273,553.12874,3111.8527,True,OK,PDCSAP_FLUX,QLP,3111.8527,879.74932,analytic,879.74932,,TOO_FEW_MEMBERS,4,1,SPOC/PDCSAP_FLUX=NO_USABLE_TRANSIT;TESS-SPOC/PDCSAP_FLUX=NO_USABLE_TRANSIT;QLP/KSPSAP_FLUX=3112ppm;QLP/DET_FLUX=NO_USABLE_TRANSIT,1,13,1,"40,41,54,55,74,75,76,81,82,83,14,15,56","QLP,SPOC","120,1800,200",False,False,2103.0031,,,,20,,3.1450179,0.31062254,10.124887,3.3842198,ln,23.220092,3.5372038,0.15233376,6.5657945,32.828973,2.4243578e+16,OK,10.124887,OK,SAP_FLUX,QLP,3468.1813,921.62438,analytic,921.62438,,TOO_FEW_MEMBERS,3,1,SPOC/SAP_FLUX=NO_USABLE_TRANSIT;TESS-SPOC/SAP_FLUX=NO_USABLE_TRANSIT;QLP/SAP_FLUX=3468ppm,1,13,1,"40,41,54,55,74,75,76,81,82,83,14,15,56","QLP,SPOC","120,1800,200",False,False,2203.1036,,,,20,,3.25343,0.29525933,11.01889,3.6170725,ln,25.878953,3.763118,0.1454123,6.8782014,34.391007,1.1560581e+17,OK,11.01889,BACKGROUND_TEST_UNAVAILABLE,0,,,,,,,0.02,3.7893088,0.34769691,0.55972065,0.051358481,2766.0544,2.1111961,68,OK,False,0.55972065,1.0425909,-4.3311122,0.84458618,tracks_b,not_measurable,not_measurable,,False,,0,0,1,1,0.3,879.74932,,1,0,3,True,NO_USABLE_TRANSIT:3,,,,,,,,84,921.62438,,1,0,2,True,NO_USABLE_TRANSIT:2,,,,,,,,84,-0.49364583,3
K01651.01,Kepler-921 b,11337833,48448706,name_planet,CONFIRMED,CANDIDATE,51.301184,153.52571,5.359,498.9,30.1,-30.1,0.020447,0.003,74.62,6032,4.508,14.739,0,0,0,0,1,284.61621,49.190811,9,OK,lightkurve,,6,"SPOC,TESS-SPOC","80,81,82",0.96359944,,480.73976,29.004343,3527.0536,3527.0536,108,94.685308,0,,364.44092,14,0.85808878,-0.30621105,-475.99214,1595.2255,False,OK,PDCSAP_FLUX,SPOC,-475.99214,1554.4578,analytic,1554.4578,,TOO_FEW_MEMBERS,2,1,SPOC/PDCSAP_FLUX=OK;TESS-SPOC/PDCSAP_FLUX=1800ppm,1,3,1,"80,81,82",SPOC,120,False,False,13592.806,,,,3,,-1.9901244,3.2344197,-0.61529565,-0.61529565,linear,-0.99012435,-0.30621105,0.30926524,3.2344197,16.172098,5.0741479e+09,OK,-0.61529565,OK,SAP_FLUX,SPOC,-26.654653,1321.9525,analytic,1321.9525,,TOO_FEW_MEMBERS,2,1,SPOC/SAP_FLUX=OK;TESS-SPOC/SAP_FLUX=717ppm,1,3,1,"80,81,82",SPOC,120,False,False,11559.686,,,,3,,-1.0554451,2.7509461,-0.38366622,-0.38366622,linear,-0.055445078,-0.020163094,0.36365886,2.7509461,13.75473,4.523901e+08,OK,-0.38366622,BACKGROUND_TEST_AGREES,1,TESS-SPOC,-1083.0619,2246.8488,-0.48203594,-0.60168752,PDC_DEEPER_THAN_SAP,0.020037474,8.2184344,5.62695,1.5335761,1.05,701.97551,1.0347705,803,OK,True,1.5335761,,,,inconclusive,not_measurable,not_measurable,,False,,0,0,1,1,0.1,1554.4578,,1,0,1,True,OK:1,,,,,,,,84,1321.9525,,1,0,1,True,OK:1,,,,,,,,84,0,3
K00351.01,Kepler-90 h,11442793,267667295,tic_kic_crossid_over_position_tic,CONFIRMED,CANDIDATE,331.59727,140.49893,14.404,8322.1,25.3,-25.3,0.083115,0.02,190.456,5970,4.317,13.804,0,0,0,0,7,284.4335,49.305161,9,OK,lightkurve,NO_USABLE_TRANSIT,20,"QLP,SPOC,TESS-SPOC","14,15,40,41,55,74,75,80,81,82",0.96328462,,8016.5509,24.371101,3610.6525,3610.6525,17,6.0784896,0,,234.29547,4,,,,,False,NO_USABLE_TRANSIT,PDCSAP_FLUX,QLP,,,none,,,TOO_FEW_MEMBERS,4,0,SPOC/PDCSAP_FLUX=NO_USABLE_TRANSIT;TESS-SPOC/PDCSAP_FLUX=NO_USABLE_TRANSIT;QLP/KSPSAP_FLUX=NO_USABLE_TRANSIT;QLP/DET_FLUX=NO_USABLE_TRANSIT,0,10,0,"74,75,80,81,82,14,15,40,41,55","QLP,SPOC","120,1800,600",False,False,,,,,10,,,,,,,,,,,,,NO_USABLE_TRANSIT,,NO_USABLE_TRANSIT,SAP_FLUX,QLP,,,none,,,TOO_FEW_MEMBERS,3,0,SPOC/SAP_FLUX=NO_USABLE_TRANSIT;TESS-SPOC/SAP_FLUX=NO_USABLE_TRANSIT;QLP/SAP_FLUX=NO_USABLE_TRANSIT,0,10,0,"74,75,80,81,82,14,15,40,41,55","QLP,SPOC","120,1800,600",False,False,,,,,10,,,,,,,,,,,,,NO_USABLE_TRANSIT,,BACKGROUND_TEST_UNAVAILABLE,0,,,,,,,0.076765551,,,,,,,0,too_few_points,False,,,,,inconclusive,not_measured,not_measured,,False,,0,0,1,1,0.1,,,0,,4,True,NO_USABLE_TRANSIT:4,,,,,,,,84,,,0,,3,True,NO_USABLE_TRANSIT:3,,,,,,,,84,0,3
K00351.02,Kepler-90 g,11442793,267667295,tic_kic_crossid_over_position_tic,CONFIRMED,CANDIDATE,210.60138,147.05687,11.9922,4159.3,18.5,-18.5,0.058748,0.002,142.042,5970,4.317,13.804,0,0,0,0,7,284.4335,49.305161,9,OK,lightkurve,,20,"QLP,SPOC,TESS-SPOC","14,15,40,41,55,74,75,80,81,82",0.96326745,,4006.5183,17.820448,3455.6927,3455.6927,26,8.8793068,0,,206.52092,10,1.8188122,0.48108164,434.83024,1178.209,False,OK,PDCSAP_FLUX,QLP,434.83024,903.85956,analytic,903.85956,,TOO_FEW_MEMBERS,4,1,SPOC/PDCSAP_FLUX=NO_USABLE_TRANSIT;TESS-SPOC/PDCSAP_FLUX=NO_USABLE_TRANSIT;QLP/KSPSAP_FLUX=435ppm;QLP/DET_FLUX=NO_USABLE_TRANSIT,1,10,1,"74,75,80,81,82,14,15,40,41,55","QLP,SPOC","120,1800,600",False,False,5247.6039,,,,10,,-0.8914693,0.23111449,-3.8572627,-3.8572627,linear,0.1085307,0.48108164,4.4326779,0.23111449,1.1555725,8717.5465,OK,-3.8572627,OK,SAP_FLUX,QLP,2097.8064,873.9438,analytic,873.9438,,TOO_FEW_MEMBERS,3,1,SPOC/SAP_FLUX=NO_USABLE_TRANSIT;TESS-SPOC/SAP_FLUX=NO_USABLE_TRANSIT;QLP/SAP_FLUX=2098ppm,1,10,1,"74,75,80,81,82,14,15,40,41,55","QLP,SPOC","120,1800,600",False,False,5073.9198,,,,10,,-0.64703041,0.41961222,-1.5419723,-2.1283909,ln,0.52359834,2.4003905,4.5844119,0.22383184,1.1191592,8262.5561,OK,-1.5419723,BACKGROUND_TEST_UNAVAILABLE,0,,,,,,,0.055488391,29.9805,12.59181,2.5,1.05,-291.48621,0.95700853,358,OK,True,2.5,0.96279106,2.2559447,,fixed_b,transit_not_recovered,transit_not_recovered,,False,,0,0,1,1,0.1,903.85956,,2,3.5971508e-33,3,True,NO_USABLE_TRANSIT:3,,,,,,,,84,873.9438,,2,0,2,True,NO_USABLE_TRANSIT:2,,,,,,,,84,0,3
K00351.03,Kepler-90 d,11442793,267667295,tic_kic_crossid_over_position_tic,CONFIRMED,CANDIDATE,59.737144,158.95974,8.0006,566.4,13.3,-13.3,0.021678,0.005,58.2791,5970,4.317,13.804,0,0,0,0,7,284.4335,49.305161,9,OK,lightkurve,,20,"QLP,SPOC,TESS-SPOC","14,15,40,41,55,74,75,80,81,82",0.96326836,,545.5952,12.811469,3487.777,3487.777,92,32.068929,0,,216.21579,10,-0.032756535,-0.032756535,-19.033897,-19.033897,False,OK,PDCSAP_FLUX,QLP,-19.033897,581.07176,analytic,585.24269,69.746746,OK,4,2,SPOC/PDCSAP_FLUX=438ppm;TESS-SPOC/PDCSAP_FLUX=233ppm;QLP/KSPSAP_FLUX=OK;QLP/DET_FLUX=OK,3,10,3,"74,75,80,81,82,14,15,40,41,55","QLP,SPOC","120,1800,600",False,False,7116.3645,1910.7373,1.4031906,3.6384696,10,sector_scatter,-1.0348865,1.0740897,-0.96350097,-0.96350097,linear,-0.034886482,-0.032756535,0.93894633,1.0740897,5.3704486,116735.15,OK,-0.96350097,OK,SAP_FLUX,QLP,379.09526,467.05308,analytic,471.37319,63.671822,OK,3,2,SPOC/SAP_FLUX=780ppm;TESS-SPOC/SAP_FLUX=593ppm;QLP/SAP_FLUX=OK,4,10,4,"74,75,80,81,82,14,15,40,41,55","QLP,SPOC","120,1800,600",False,False,7728.8281,182.23771,0.19027997,3.4564944,10,sector_scatter,-0.30517119,0.86572551,-0.35250341,-0.35250341,linear,0.69482881,0.8116749,1.1681653,0.86572551,4.3286276,40832.416,OK,-0.35250341,BACKGROUND_TEST_AGREES,2,"SPOC,TESS-SPOC",351.04829,581.72692,0.6034589,1.0452722,SAP_DEEPER_THAN_PDC,0.021218555,20.0015,0.30083555,2.5,0.037601624,1754.0492,24.820679,1514,OK,True,2.5,,,,inconclusive,not_measurable,not_measurable,,False,,0,0,1,1,0.2,581.07176,2008.9056,3,3.6384696,2,True,OK:2,0.20767609,266.09714,405.59064,233.27515,438.41264,335.84389,102.56874,84,467.05308,1211.7612,4,3.4564944,1,True,OK:1,0.16795731,623.14041,750.48405,593.1772,780.44726,686.81223,401.352,84,0,3
K00351.04,Kepler-90 e,11442793,267667295,tic_kic_crossid_over_position_tic,CONFIRMED,CANDIDATE,91.940125,134.3,9.195,482.9,14.2,-14.2,0.020017,0.025,77.89,5970,4.317,13.804,0,0,0,0,7,284.4335,49.305161,9,OK,lightkurve,,20,"QLP,SPOC,TESS-SPOC","14,15,40,41,55,74,75,80,81,82",0.96329438,,465.17486,13.67878,3483.7075,3483.8033,60,47.714884,137.925,2.8906074,281.06965,12,3.6341299,2.134927,1468.9313,2238.1141,True,OK,PDCSAP_FLUX,QLP,2238.1141,615.85969,analytic,2355.2452,2273.3009,OK,4,4,SPOC/PDCSAP_FLUX=607ppm;TESS-SPOC/PDCSAP_FLUX=1214ppm;QLP/KSPSAP_FLUX=8809ppm;QLP/DET_FLUX=627ppm,2,10,2,"74,75,80,81,82,14,15,40,41,55","QLP,SPOC","120,1800,600",False,False,5848.4309,8201.965,5.3153211,28.252639,10,odd_even_significant;sector_scatter,1.5709755,1.0539322,1.490585,0.75271267,ln,4.8113394,3.6341299,0.75532603,5.0634718,25.317359,4.6005055e+13,OK,1.490585,OK,SAP_FLUX,QLP,1794.9653,544.28386,analytic,1138.4153,999.87228,OK,3,3,SPOC/SAP_FLUX=707ppm;TESS-SPOC/SAP_FLUX=843ppm;QLP/SAP_FLUX=3648ppm,2,10,2,"74,75,80,81,82,14,15,40,41,55","QLP,SPOC","120,1800,600",False,False,6233.7515,17485.871,7.7594984,60.209816,10,odd_even_significant;sector_scatter,1.3503276,0.63687401,2.1202429,1.1677786,ln,3.8586894,3.2978477,0.85465488,2.4479721,12.239861,96231675,OK,2.1202429,BACKGROUND_TEST_AGREES,2,"SPOC,TESS-SPOC",-127.71216,638.5123,-0.20001519,-0.14023438,PDC_DEEPER_THAN_SAP,0.02,3.7920704,1.2518723,0.4124057,0.13614707,1383.2124,0.89608846,1379,OK,True,0.4124057,1.0234363,-2.7194171,0.92929298,fixed_b,not_measurable,not_measurable,,False,,0,0,1,1,0.2,615.85969,3093.4922,2,28.252639,0,False,,1.0157216,616.99362,5163.5953,607.41648,8809.3815,920.68127,6571.2674,84,544.28386,7154.7276,2,60.209816,0,False,,0.55704269,750.73885,2750.4834,707.22865,3648.0295,843.19802,1853.0642,84,0.09578125,3
K00351.05,Kepler-90 c,11442793,267667295,tic_kic_crossid_over_position_tic,CONFIRMED,CANDIDATE,8.7198013,139.52134,3.7454,160.4,7.4,-7.4,0.011679,0.343,16.94,5970,4.317,13.804,0,0,0,0,7,284.4335,49.305161,9,OK,lightkurve,,20,"QLP,SPOC,TESS-SPOC","14,15,40,41,55,74,75,80,81,82",0.96869056,,155.37797,7.1683101,3483.4358,3483.4358,632,27.467697,0,,138.58409,12,2.0518319,0.93056977,232.93184,479.30021,False,OK,PDCSAP_FLUX,QLP,232.93184,286.82979,bootstrap,311.84838,122.38499,OK,4,4,SPOC/PDCSAP_FLUX=174ppm;TESS-SPOC/PDCSAP_FLUX=51ppm;QLP/KSPSAP_FLUX=349ppm;QLP/DET_FLUX=361ppm,28,10,10,"74,75,80,81,82,14,15,40,41,55","QLP,SPOC","120,1800,600",False,False,6971.384,896.30888,1.6202507,1.2233792,10,,0.49913043,2.0081836,0.2485482,0.2485482,linear,1.4991304,0.81209081,0.54170791,2.0081836,10.040918,3565216.3,OK,0.2485482,OK,SAP_FLUX,QLP,157.1394,263.40188,bootstrap,274.45362,77.098906,OK,3,3,SPOC/SAP_FLUX=123ppm;TESS-SPOC/SAP_FLUX=248ppm;QLP/SAP_FLUX=349ppm,30,10,10,"74,75,80,81,82,14,15,40,41,55","QLP,SPOC","120,1800,600",False,False,6529.7394,276.87979,0.52947252,1.7690843,10,,0.011336456,1.7676709,0.006413216,0.006413216,linear,1.0113365,0.59657662,0.58988936,1.7676709,8.8383547,1070964.6,OK,0.006413216,BACKGROUND_TEST_AGREES,2,"SPOC,TESS-SPOC",31.939436,294.49203,0.10845603,0.28308621,SAP_DEEPER_THAN_PDC,0.02,9.3635,3.93267,2.5,1.05,-119.24674,1.3605694,8537,OK,True,2.5,1.0029294,2.1570796,,fixed_b,not_measurable,not_measurable,,False,,0,0,1,1,0.3,250.31098,286.82979,29,1.5868396,0,False,,0.52541119,110.37078,355.14076,51.449577,361.05157,261.46974,181.48226,84,224.11503,263.40188,30,1.7041089,0,False,,0.49064019,162.74823,316.94604,122.53608,349.29757,248.19906,192.15817,84,0,3
K00351.06,Kepler-90 b,11442793,267667295,tic_kic_crossid_over_position_tic,CONFIRMED,CANDIDATE,7.0082179,137.67164,3.812,116.4,6.7,-6.7,0.009852,0.156,14.03,5970,4.317,13.804,0,0,0,0,7,284.4335,49.305161,9,OK,lightkurve,,20,"QLP,SPOC,TESS-SPOC","14,15,40,41,55,74,75,80,81,82",0.96433505,,112.2486,6.4610448,3486.1391,3486.1391,787,53.811241,0,,218.61372,14,1.4825254,1.2779955,234.12322,295.56175,False,OK,PDCSAP_FLUX,QLP,234.12322,263.29333,bootstrap,272.98132,72.079271,OK,4,3,SPOC/PDCSAP_FLUX=494ppm;TESS-SPOC/PDCSAP_FLUX=505ppm;QLP/KSPSAP_FLUX=OK;QLP/DET_FLUX=293ppm,38,10,10,"74,75,80,81,82,14,15,40,41,55","QLP,SPOC","120,1800,600",False,False,5728.7009,-454.89169,0.89041293,1.9174215,10,,1.0857563,2.43313,0.44623849,0.44623849,linear,2.0857563,0.88921061,0.42632527,2.43313,12.16565,21560232,OK,0.44623849,OK,SAP_FLUX,QLP,139.45912,246.23087,bootstrap,246.34013,7.3359858,OK,3,2,SPOC/SAP_FLUX=363ppm;TESS-SPOC/SAP_FLUX=384ppm;QLP/SAP_FLUX=OK,38,10,10,"74,75,80,81,82,14,15,40,41,55","QLP,SPOC","120,1800,600",False,False,5530.0139,-350.6333,0.73022361,2.1465361,10,,0.24241296,2.1959182,0.11039253,0.11039253,linear,1.242413,0.56637543,0.45586729,2.1959182,10.979591,6584902.9,OK,0.11039253,BACKGROUND_TEST_AGREES,2,"SPOC,TESS-SPOC",-126.74027,299.74527,-0.42282657,-0.25365608,PDC_DEEPER_THAN_SAP,0.02,9.53,0.91721997,2.5,0.24061384,-179.53791,1.0808697,11450,OK,True,2.5,1.004447,7.7017,,duration_inconsistent,not_measurable,not_measurable,,False,,0,0,1,1,0.4,183.19566,263.29333,39,1.9886077,1,True,OK:1,0.30786895,357.4429,501.60144,293.06575,505.06361,494.24433,270.94038,84,175.84534,246.23087,39,2.0454979,1,True,OK:1,0.052603129,366.2853,380.95727,362.83307,384.4095,373.62128,244.95038,84,0,3
K00351.07,Kepler-90 f,11442793,267667295,tic_kic_crossid_over_position_tic,CONFIRMED,CANDIDATE,124.92252,129.7295,11.942,498.7,21.6,-21.6,0.025738,0.943,32.3,5970,4.317,13.804,0,0,0,0,7,284.4335,49.305161,9,OK,lightkurve,,20,"QLP,SPOC,TESS-SPOC","14,15,40,41,55,74,75,80,81,82",1.0617935,,529.51643,22.93474,3459.3204,3459.3204,44,181.11263,0,,722.46788,13,1.5264485,-1.9886837,-1176.1529,843.3496,False,OK,PDCSAP_FLUX,QLP,-1176.1529,591.42282,analytic,591.42282,,TOO_FEW_MEMBERS,4,0,SPOC/PDCSAP_FLUX=OK;TESS-SPOC/PDCSAP_FLUX=OK;QLP/KSPSAP_FLUX=NO_USABLE_TRANSIT;QLP/DET_FLUX=OK,1,10,1,"74,75,80,81,82,14,15,40,41,55","QLP,SPOC","120,1800,600",False,False,7722.1672,,,,10,,-3.2211831,1.1188684,-2.878965,-2.878965,linear,-2.2211831,-1.9886837,0.89532635,1.1188684,5.5943421,141857.82,OK,-2.878965,OK,SAP_FLUX,QLP,-296.38936,575.17863,analytic,575.17863,,TOO_FEW_MEMBERS,3,0,SPOC/SAP_FLUX=OK;TESS-SPOC/SAP_FLUX=OK;QLP/SAP_FLUX=OK,1,10,1,"74,75,80,81,82,14,15,40,41,55","QLP,SPOC","120,1800,600",False,False,7510.0679,,,,10,,-1.5597359,1.0882462,-1.4332565,-1.4332565,linear,-0.5597359,-0.51529967,0.92061215,1.0882462,5.441231,121643.7,OK,-1.4332565,BACKGROUND_TEST_UNAVAILABLE,0,,,,,,,0.19669984,12.312372,12.5391,1.0310142,1.05,-298.08738,1.1178202,1792,OK,True,1.0310142,,,0.93754388,inconclusive,not_measurable,not_measurable,,False,,0,0,1,1,0.2,591.42282,,2,0,4,True,NO_USABLE_TRANSIT:1;OK:3,,,,,,,,84,575.17863,,2,0,3,True,OK:3,,,,,,,,84,0,3
K02399.01,Kepler-1222 b,11461433,27240404,name_planet,CONFIRMED,CANDIDATE,1.9169409,132.46734,1.4243,105.1,7.1,-7.1,0.009377,0.405,9.53,5083,4.468,14.1,0,0,0,0,1,294.88965,49.379768,9,OK,lightkurve,,12,"SPOC,TESS-SPOC","74,75,76,81,82,83",0.96334596,,101.24766,6.8397563,3392.327,3392.327,2831,24.844081,0,,95.896744,16,2.1176346,0.42705371,105.87645,533.05245,False,OK,PDCSAP_FLUX,SPOC,105.87645,265.28567,bootstrap,266.07939,20.536632,OK,2,2,SPOC/PDCSAP_FLUX=106ppm;TESS-SPOC/PDCSAP_FLUX=166ppm,70,6,6,"74,75,76,81,82,83",SPOC,120,False,False,9342.1832,-290.82929,0.53660601,0.68345068,6,,0.045717521,2.6293489,0.017387392,0.017387392,linear,1.0457175,0.39910354,0.38165521,2.6293489,13.146744,51873163,OK,0.017387392,OK,SAP_FLUX,SPOC,19.364595,219.71633,bootstrap,223.79709,42.542633,OK,2,2,SPOC/SAP_FLUX=19ppm;TESS-SPOC/SAP_FLUX=144ppm,78,6,6,"74,75,76,81,82,83",SPOC,120,False,False,7946.6926,-437.77301,1.0207198,0.82238,6,,-0.80874032,2.21199,-0.36561663,-0.36561663,linear,0.19125968,0.088134529,0.46081082,2.21199,11.05995,6436553.9,OK,-0.36561663,BACKGROUND_TEST_AGREES,2,"SPOC,TESS-SPOC",-57.611358,256.26373,-0.22481276,-0.42337204,PDC_DEEPER_THAN_SAP,0.02,0.64375429,0.07884461,0.45197942,0.055356744,434.31097,1.0328056,14833,OK,True,0.45197942,1.0002511,-5.487706,0.9188119,tracks_b,not_measurable,not_measurable,,False,,0,0,1,1,0.5,247.92304,265.28567,77,1.0548177,0,False,,0.19396789,115.54075,156.61401,105.87645,166.27831,136.07738,60.40186,84,199.09588,219.71633,84,1.0551915,0,False,,2.1969287,39.384657,124.46992,19.364595,144.48999,81.927291,125.12539,84,0,3
K06239.01,,11462969,27531332,tic_kic_crossid,CANDIDATE,CANDIDATE,406.49622,325.9025,3.495,380.2,58.6,-58.6,0.018296,0.5052,786,5847,4.525,13.893,0,0,0,0,2,295.56683,49.378029,9,OK,lightkurve,NO_USABLE_TRANSIT,25,"QLP,SPOC,TESS-SPOC","14,15,40,41,54,55,56,74,75,76,81,82,83",0.97585506,,371.02009,57.185106,3443.3534,3443.3534,13,145.16213,0,,487.91139,20,,,,,False,NO_USABLE_TRANSIT,PDCSAP_FLUX,QLP,,,none,,,TOO_FEW_MEMBERS,4,0,SPOC/PDCSAP_FLUX=NO_USABLE_TRANSIT;TESS-SPOC/PDCSAP_FLUX=NO_USABLE_TRANSIT;QLP/KSPSAP_FLUX=NO_USABLE_TRANSIT;QLP/DET_FLUX=NO_USABLE_TRANSIT,0,13,0,"74,75,76,81,82,83,14,15,40,41,54,55,56","QLP,SPOC","120,1800,200,600",False,False,,,,,12,,,,,,,,,,,,,NO_USABLE_TRANSIT,,NO_USABLE_TRANSIT,SAP_FLUX,QLP,,,none,,,TOO_FEW_MEMBERS,3,0,SPOC/SAP_FLUX=NO_USABLE_TRANSIT;TESS-SPOC/SAP_FLUX=NO_USABLE_TRANSIT;QLP/SAP_FLUX=NO_USABLE_TRANSIT,0,13,0,"74,75,76,81,82,83,14,15,40,41,54,55,56","QLP,SPOC","120,1800,200,600",False,False,,,,,12,,,,,,,,,,,,,NO_USABLE_TRANSIT,,BACKGROUND_TEST_UNAVAILABLE,0,,,,,,,0.02398047,,,,,,,0,too_few_points,False,,,,,inconclusive,not_measured,not_measured,,False,,0,0,1,1,0.2,,,0,,4,True,NO_USABLE_TRANSIT:4,,,,,,,,84,,,0,,3,True,NO_USABLE_TRANSIT:3,,,,,,,,84,0,3
K06239.02,,11462969,27531332,tic_kic_crossid,CANDIDATE,CANDIDATE,491.61517,295.3513,6.31,,,,,,,,,13.893,0,0,0,0,2,295.56683,49.378029,9,OK,lightkurve,,25,"QLP,SPOC,TESS-SPOC","14,15,40,41,54,55,56,74,75,76,81,82,83",0.96296296,teff_missing_default_used;logg_missing_4.5_used,,,3536.1182,3536.1182,11,0,0,,94.65,10,1.1807113,0.68010633,2837.7672,4989.3892,False,OK,PDCSAP_FLUX,QLP,2837.7672,4172.5347,analytic,4325.4347,1139.8859,OK,4,3,SPOC/PDCSAP_FLUX=2838ppm;TESS-SPOC/PDCSAP_FLUX=6190ppm;QLP/KSPSAP_FLUX=NO_USABLE_TRANSIT;QLP/DET_FLUX=5010ppm,1,13,1,"74,75,76,81,82,83,14,15,40,41,54,55,56","QLP,SPOC","120,1800,200,600",False,False,39609.506,,,,12,,,,,,,,,,,,,NO_REFERENCE_DEPTH,,OK,SAP_FLUX,QLP,-123.7325,327.70853,analytic,327.70853,,TOO_FEW_MEMBERS,3,1,SPOC/SAP_FLUX=OK;TESS-SPOC/SAP_FLUX=OK;QLP/SAP_FLUX=2734ppm,1,13,1,"74,75,76,81,82,83,14,15,40,41,54,55,56","QLP,SPOC","120,1800,200,600",False,False,3110.9084,,,,12,,,,,,,,,,,,,NO_REFERENCE_DEPTH,,BACKGROUND_TEST_UNAVAILABLE,0,,,,,,,0.15,15.775,3.3357818,2.5,0.52865005,-4191.425,1.0142177,946,OK,True,2.5,,,,inconclusive,not_measured,not_measured,,False,,0,0,1,1,0.2,4172.5347,,1,0,1,True,NO_USABLE_TRANSIT:1,0.40168408,3532.8388,5812.6106,2837.7672,6190.3729,5009.8659,3352.6056,84,327.70853,,1,0,2,True,OK:2,,,,,,,,84,0,3
K00483.01,Kepler-571 b,11497977,243271972,tic_kic_crossid_over_name_planet,CONFIRMED,CANDIDATE,4.7986002,173.25747,3.0384,817.4,10.6,-10.6,0.027166,0.594,10.14,5631,4.557,14.675,0,0,0,0,1,286.55103,49.418739,9,OK,lightkurve,,10,"SPOC,TESS-SPOC","74,75,80,81,82",0.9805741,,801.52127,10.394085,3491.0575,3491.0575,1143,8.8539246,0,,72.137774,8,2.2281502,1.2632263,684.38299,1221.461,False,OK,PDCSAP_FLUX,SPOC,684.38299,671.45621,bootstrap,672.25371,32.735608,OK,2,2,SPOC/PDCSAP_FLUX=684ppm;TESS-SPOC/PDCSAP_FLUX=781ppm,23,5,5,"74,75,80,81,82",SPOC,120,False,False,18036.289,144.54057,0.1112295,1.135482,5,,-0.14614494,0.84031135,-0.17391761,-0.17391761,linear,0.85385506,1.0192519,1.193706,0.84031135,4.2015567,52732.264,OK,-0.17391761,OK,SAP_FLUX,SPOC,192.83952,264.56377,bootstrap,265.13874,17.451791,OK,2,2,SPOC/SAP_FLUX=193ppm;TESS-SPOC/SAP_FLUX=244ppm,28,5,5,"74,75,80,81,82",SPOC,120,False,False,6790.1998,-84.894274,0.15984023,1.2720123,5,,-0.7594081,0.33480307,-2.2682232,-2.2682232,linear,0.2405919,0.72889619,3.0295958,0.33480307,1.6740154,3473.4253,OK,-2.2682232,BACKGROUND_TEST_AGREES,2,"SPOC,TESS-SPOC",-516.11514,485.94677,-1.0620817,-0.70457136,PDC_DEEPER_THAN_SAP,0.040310008,7.596,0.11424877,2.5,0.037601624,1546.8651,1.0640474,9808,OK,True,2.5,0.99697333,17.154047,,duration_inconsistent,not_measurable,not_measurable,,False,,0,0,1,1,0.2,541.77386,671.45621,24,1.4818987,0,False,,0.047832293,699.78799,765.2592,684.38299,780.66419,732.52359,96.2812,84,187.89152,264.56377,29,1.9393005,0,False,,0.090499036,201.05213,235.95571,192.83952,244.16832,218.50392,51.328797,84,0,3
K03104.01,,11518201,351191565,tic_kic_crossid,CANDIDATE,CANDIDATE,1.2368667,132.1776,1.242,187.2,20,-20,0.018187,0.982,2.27,5621,4.514,15.388,0,0,0,0,1,296.68945,49.44677,9,OK,lightkurve,,8,"SPOC,TESS-SPOC","76,81,82,83",1.126922,,210.9598,22.53844,3532.3146,3532.3146,4501,26.891725,0,,99.305175,18,1.0929092,-0.46846786,-406.78386,987.71105,False,OK,PDCSAP_FLUX,SPOC,-406.78386,930.77441,bootstrap,930.77441,,TOO_FEW_MEMBERS,2,0,SPOC/PDCSAP_FLUX=OK;TESS-SPOC/PDCSAP_FLUX=OK,76,4,4,"76,81,82,83",SPOC,120,False,False,33484.134,-957.7256,0.51213456,1.9651843,4,,-2.928253,4.4136704,-0.66345077,-0.66345077,linear,-1.928253,-0.43703808,0.22664976,4.4136704,22.068352,8.0977273e+11,OK,-0.66345077,OK,SAP_FLUX,SPOC,-272.40791,368.01527,bootstrap,368.01527,,TOO_FEW_MEMBERS,2,0,SPOC/SAP_FLUX=OK;TESS-SPOC/SAP_FLUX=OK,82,4,4,"76,81,82,83",SPOC,120,False,False,14868.897,53.6518,0.07222089,1.2483774,4,,-2.2912788,1.7484641,-1.3104523,-1.3104523,linear,-1.2912788,-0.74020818,0.57323653,1.7484641,8.7423207,1320906.2,OK,-1.3104523,BACKGROUND_TEST_UNAVAILABLE,0,,,,,,,0.5,3.105,1.3041,2.5,1.05,622.4124,1.0405641,13588,OK,True,2.5,,,0.76441152,inconclusive,not_measurable,not_measurable,,False,,0,0,1,1,0.5,868.3282,930.77441,80,1.1678554,2,True,OK:2,,,,,,,,84,360.8795,368.01527,85,1.0958387,2,True,OK:2,,,,,,,,84,0,3
K00295.01,Kepler-134 b,11547513,48448369,name_planet,CONFIRMED,CANDIDATE,5.3174402,171.87562,2.9331,292.5,4.1,-4.1,0.016817,0.72,9.97,5923,4.377,12.324,0,0,0,0,2,284.73904,49.5984,9,OK,lightkurve,,36,"QLP,SPOC,TESS-SPOC","14,15,26,40,41,53,54,55,74,75,80,81,82",0.99514221,,291.0791,4.0800831,3332.9507,3332.971,1002,9.2900382,29.301669,3.1540956,71.866615,10,4.5102935,4.2602208,246.61803,260.30093,True,OK,PDCSAP_FLUX,QLP,260.30093,75.71929,bootstrap,106.63282,75.080933,OK,4,4,SPOC/PDCSAP_FLUX=298ppm;TESS-SPOC/PDCSAP_FLUX=179ppm;QLP/KSPSAP_FLUX=296ppm;QLP/DET_FLUX=117ppm,53,13,13,"40,41,53,54,55,74,75,80,81,82,14,15,26","QLP,SPOC","120,1800",False,False,2477.6162,282.1027,1.9611802,1.4252506,23,,-0.11175664,0.41293013,-0.27064297,-0.2857801,ln,0.89426186,3.4377096,3.8441868,0.36999825,1.8499913,1560.1152,OK,-0.27064297,OK,SAP_FLUX,QLP,265.77799,67.506039,bootstrap,77.659558,38.391949,OK,3,3,SPOC/SAP_FLUX=279ppm;TESS-SPOC/SAP_FLUX=166ppm;QLP/SAP_FLUX=233ppm,62,13,13,"40,41,53,54,55,74,75,80,81,82,14,15,26","QLP,SPOC","120,1800",False,False,2473.2192,134.38764,1.0427185,1.4465954,23,,-0.090933683,0.29677537,-0.30640576,-0.3197942,ln,0.91307826,3.9370995,4.3118971,0.27180524,1.3590262,841.91747,OK,-0.30640576,BACKGROUND_TEST_AGREES,2,"SPOC,TESS-SPOC",-16.277463,73.417574,-0.22171072,-0.068178669,PDC_DEEPER_THAN_SAP,0.033761469,4.3628225,0.13327451,1.4874442,0.045438107,178.93397,1.0140815,17964,OK,False,1.4874442,0.99819338,6.6484842,,duration_inconsistent,consistent,consistent,duration_not_fixed_b,False,,0,0,1,1,0.5,57.712637,75.71929,57,1.6254179,0,False,,0.28843897,146.99428,297.15615,117.32678,298.36022,237.49291,142.97415,84,52.685642,67.506039,63,1.5465448,0,False,,0.14445119,187.41238,264.19627,165.79653,278.71403,233.34604,99.981461,84,0.020348381,3
K00295.02,Kepler-134 c,11547513,48448369,name_planet,CONFIRMED,CANDIDATE,10.105758,135.50958,2.0138,116.8,6.5,-6.5,0.011144,0.828,22.25,5923,4.377,12.324,0,0,0,0,2,284.73904,49.5984,9,OK,lightkurve,,36,"QLP,SPOC,TESS-SPOC","14,15,26,40,41,53,54,55,74,75,80,81,82",1.0143174,,118.47228,6.5930633,3334.6671,3334.6671,531,27.238342,0,,111.92203,14,2.8806922,2.0889005,173.33334,250.34645,False,OK,PDCSAP_FLUX,QLP,173.33334,87.245524,bootstrap,97.190676,42.828099,OK,4,3,SPOC/PDCSAP_FLUX=134ppm;TESS-SPOC/PDCSAP_FLUX=55ppm;QLP/KSPSAP_FLUX=181ppm;QLP/DET_FLUX=OK,32,13,13,"40,41,53,54,55,74,75,80,81,82,14,15,26","QLP,SPOC","120,1800",True,False,2621.5254,-91.705072,0.46824019,1.4479173,23,smeared,0.46307086,0.82377062,0.56213568,0.56213568,linear,1.4630709,1.9867304,1.3579181,0.82377062,4.1188531,7166.2318,OK,0.56213568,OK,SAP_FLUX,QLP,219.27721,85.476434,bootstrap,99.028043,50.003325,OK,3,3,SPOC/SAP_FLUX=179ppm;TESS-SPOC/SAP_FLUX=32ppm;QLP/SAP_FLUX=166ppm,34,13,13,"40,41,53,54,55,74,75,80,81,82,14,15,26","QLP,SPOC","120,1800",True,False,2448.3743,-56.777973,0.29224723,1.7182427,23,smeared,0.61565774,0.45776596,1.3449181,1.0138904,ln,1.8508736,2.5653528,1.3860227,0.83921655,4.1960828,7751.1216,OK,1.3449181,BACKGROUND_TEST_AGREES,2,"SPOC,TESS-SPOC",24.2287,115.15997,0.21039169,0.25706036,SAP_DEEPER_THAN_PDC,0.034258781,1.0932588,0.25843612,0.54288352,0.12833256,183.37955,1.032901,7332,OK,False,0.54288352,1.0069963,-2.5148464,0.96080244,fixed_b,not_measurable,not_measurable,,False,,0,0,1,1,0.4,82.978264,87.245524,33,1.3348057,1,True,OK:1,0.24708518,80.087671,165.74387,54.904933,180.86993,133.60099,118.4284,84,76.637657,85.476434,35,1.5541345,0,False,,0.22803704,75.224268,175.23092,32.40137,179.46997,166.22292,186.87584,84,0,3
K01442.01,Kepler-407 b,11600889,405688133,tic_kic_crossid_over_name_planet,CONFIRMED,CANDIDATE,0.66931009,134.13139,1.6274,131.8,2.1,-2.1,0.010342,0.157,3.1933,5475,4.426,12.521,0,0,0,0,1,286.03635,49.61451,9,OK,lightkurve,,37,"QLP,SPOC,TESS-SPOC","14,15,26,40,41,53,54,55,74,75,80,81,82",0.95777717,,126.23503,2.0113321,3329.6438,3329.6438,8012,6.8528194,-0.0097644,0.0014248734,44.969458,10,6.7024972,6.6895925,203.88084,204.2146,True,OK,PDCSAP_FLUX,QLP,204.2146,39.820869,bootstrap,89.693669,80.369476,OK,4,4,SPOC/PDCSAP_FLUX=167ppm;TESS-SPOC/PDCSAP_FLUX=147ppm;QLP/KSPSAP_FLUX=423ppm;QLP/DET_FLUX=203ppm,449,13,13,"26,40,41,53,54,55,74,75,80,81,82,14,15","QLP,SPOC","120,1800",True,False,2944.4177,-42.588087,0.5425555,1.6119619,24,smeared,0.48102589,0.44233672,1.0874654,0.86703721,ln,1.6177332,5.128331,3.1700722,0.71246441,3.5623221,4322.9115,OK,1.0874654,OK,SAP_FLUX,QLP,185.93976,37.131581,bootstrap,90.159545,82.158318,OK,3,3,SPOC/SAP_FLUX=152ppm;TESS-SPOC/SAP_FLUX=111ppm;QLP/SAP_FLUX=352ppm,491,13,13,"26,40,41,53,54,55,74,75,80,81,82,14,15","QLP,SPOC","120,1800",True,False,2865.8208,-51.250953,0.70012298,1.4356212,24,smeared,0.38727725,0.48771722,0.79406104,0.66043164,ln,1.4729648,5.0075906,3.3996675,0.71614499,3.5807249,4405.5466,OK,0.79406104,BACKGROUND_TEST_AGREES,2,"SPOC,TESS-SPOC",-23.120984,37.726248,-0.612862,-0.14737177,PDC_DEEPER_THAN_SAP,0.02,1.6778726,0.026018978,1.0310142,0.015988066,154.55957,1.0636522,90756,OK,False,1.0310142,1.0029528,0.50514816,,fixed_b,consistent,consistent,,False,,0,0,1,1,2.5,30.468434,39.820869,473,1.4257709,0,False,,0.39355403,156.48185,317.2208,146.71452,422.82767,184.93825,218.61307,84,28.251391,37.131581,511,1.4054315,0,False,,0.4418545,123.78233,288.09897,110.73811,352.38022,151.5013,166.44046,84,-6.7808333e-06,3
K01990.01,Kepler-1041 b,11614617,27007509,name_planet,CONFIRMED,CANDIDATE,24.757765,142.06826,6.998,458.7,13.8,-13.8,0.023093,0.896,13.4,6106,4.487,14.49,0,0,0,0,1,293.88177,49.683151,9,OK,lightkurve,,10,"SPOC,TESS-SPOC","74,75,81,82,83",1.0342035,,474.38915,14.272009,3520.8076,3520.8076,224,39.53241,0,,223.56723,12,0.95103824,0.26167844,170.57731,581.01034,False,OK,PDCSAP_FLUX,SPOC,170.57731,651.85848,analytic,651.85899,0.81670773,OK,2,2,SPOC/PDCSAP_FLUX=171ppm;TESS-SPOC/PDCSAP_FLUX=168ppm,4,5,4,"74,75,81,82,83",SPOC,120,False,False,13470.718,-93.095997,0.059396795,0.46828215,5,,-0.64042746,1.3753403,-0.46565019,-0.46565019,linear,0.35957254,0.26167844,0.72774869,1.3753403,6.8767014,459409.51,OK,-0.46565019,OK,SAP_FLUX,SPOC,90.932533,576.26727,analytic,576.26727,,TOO_FEW_MEMBERS,2,1,SPOC/SAP_FLUX=91ppm;TESS-SPOC/SAP_FLUX=OK,4,5,4,"74,75,81,82,83",SPOC,120,False,False,11959.37,-239.20751,0.1720818,0.70772553,5,,-0.80831658,1.2161572,-0.66464812,-0.66464812,linear,0.19168342,0.15779576,0.8232103,1.2161572,6.0807859,207010.51,OK,-0.66464812,BACKGROUND_TEST_AGREES,1,SPOC,-79.644779,870.05945,-0.091539468,-0.46691308,PDC_DEEPER_THAN_SAP,0.10589465,5.3160852,1.4594083,0.75965779,0.20854649,877.34054,0.9409574,5085,OK,False,0.75965779,0.96060139,-0.8392008,0.9518233,fixed_b,not_measurable,not_measurable,,False,,0,0,1,1,0.2,651.85848,380.26176,5,0.46828215,0,False,,0.0047879036,168.55956,170.19298,168.17523,170.57731,169.37627,2.4020816,84,576.26727,406.06503,5,0.70772553,1,True,OK:1,,,,,,,,84,0,3
K04792.01,,11618569,27531737,tic_kic_crossid,CANDIDATE,CANDIDATE,5.7590218,132.16301,2.687,70.8,8.3,-8.3,0.007804,0.329,15.61,6247,4.433,14.199,0,0,0,0,1,295.57159,49.607479,9,OK,lightkurve,,12,"SPOC,TESS-SPOC","74,75,76,81,82,83",0.97015314,,68.686842,8.0522711,3390.1615,3390.1615,942,68.191123,0,,244.87837,20,1.1031638,-0.31026022,-124.43693,441.79461,False,OK,PDCSAP_FLUX,SPOC,-124.43693,384.49055,bootstrap,384.49055,,TOO_FEW_MEMBERS,2,0,SPOC/PDCSAP_FLUX=OK;TESS-SPOC/PDCSAP_FLUX=OK,24,6,6,"74,75,76,81,82,83",SPOC,120,False,False,12533.207,390.95179,0.48833049,0.34250801,6,,-2.8116561,5.599183,-0.50215471,-0.50215471,linear,-1.8116561,-0.32364107,0.17864377,5.599183,27.995915,9.8933837e+13,OK,-0.50215471,OK,SAP_FLUX,SPOC,127.30305,184.09979,bootstrap,184.09979,,TOO_FEW_MEMBERS,2,1,SPOC/SAP_FLUX=127ppm;TESS-SPOC/SAP_FLUX=OK,26,6,6,"74,75,76,81,82,83",SPOC,120,False,False,6232.7499,16.732858,0.04556223,0.75158719,6,,0.85338334,2.6833058,0.31803432,0.31803432,linear,1.8533833,0.69148938,0.37309572,2.6833058,13.416529,46089014,OK,0.31803432,BACKGROUND_TEST_UNAVAILABLE,0,,,,,,,0.02,2.7703353,2.82135,1.0310142,1.05,-230.57452,1.0629851,9843,OK,True,1.0310142,,,0.22601277,inconclusive,not_measurable,not_measurable,,False,,0,0,1,1,0.3,401.07281,384.49055,26,0.99648609,2,True,OK:2,,,,,,,,84,194.19549,184.09979,27,1.0224504,1,True,OK:1,,,,,,,,84,0,3
K03022.01,Kepler-1894 b,11618601,27531854,name_planet,CONFIRMED,CANDIDATE,2.7626374,132.99574,1.821,185,15.5,-15.5,0.012679,0.46,10.48,5772,4.528,15.4,0,0,0,0,2,295.58649,49.666851,9,OK,lightkurve,,8,"SPOC,TESS-SPOC","76,81,82,83",0.9729135,,179.989,15.080159,3532.7101,3532.7101,2015,47.49941,0,,169.81323,20,1.930911,0.45794878,567.80818,2357.6985,False,OK,PDCSAP_FLUX,SPOC,567.80818,1528.4761,bootstrap,1528.4761,,TOO_FEW_MEMBERS,2,1,SPOC/PDCSAP_FLUX=568ppm;TESS-SPOC/PDCSAP_FLUX=OK,34,4,4,"76,81,82,83",SPOC,120,False,False,38292.79,-3427.191,1.214832,1.568452,4,,2.1546827,8.4926133,0.25371256,0.25371256,linear,3.1546827,0.37148646,0.11775716,8.4926133,42.463067,4.9741794e+20,OK,0.25371256,OK,SAP_FLUX,SPOC,140.1207,266.13658,bootstrap,267.38704,25.829265,OK,2,2,SPOC/SAP_FLUX=140ppm;TESS-SPOC/SAP_FLUX=64ppm,37,4,4,"76,81,82,83",SPOC,120,False,False,5752.8558,-335.7889,0.66131042,1.0320876,4,,-0.22150406,1.488775,-0.14878277,-0.14878277,linear,0.77849594,0.52649923,0.67630311,1.488775,7.4438749,307486.18,OK,-0.14878277,BACKGROUND_TEST_AGREES,1,SPOC,-427.68747,1551.4728,-0.27566547,-0.75322528,PDC_DEEPER_THAN_SAP,0.02,4.5525,0.59909466,2.5,0.32899213,2051.7217,1.0426071,9229,OK,True,2.5,1.0122595,5.6550005,,duration_inconsistent,not_measurable,not_measurable,,False,,0,0,1,1,0.3,1239.8945,1528.4761,35,1.4311101,1,True,OK:1,,,,,,,,84,182.73178,266.13658,38,2.3208642,0,False,,0.18433582,76.307227,127.96576,64.152279,140.1207,102.13649,75.968426,84,0,3
K03022.02,Kepler-1894 c,11618601,27531854,name_planet,CONFIRMED,CANDIDATE,5.0536898,135.11296,2.514,171.5,17.6,-17.6,0.012312,0.53,13.27,5772,4.528,15.4,0,0,0,0,2,295.58649,49.666851,9,OK,lightkurve,,8,"SPOC,TESS-SPOC","76,81,82,83",0.97701017,,167.55724,17.195379,3532.2254,3532.2254,1101,81.432981,0,,282.00894,22,1.3243098,-0.76469878,-1146.2483,1953.7058,False,OK,PDCSAP_FLUX,SPOC,-1146.2483,1501.3759,bootstrap,1501.3759,,TOO_FEW_MEMBERS,2,0,SPOC/PDCSAP_FLUX=OK;TESS-SPOC/PDCSAP_FLUX=OK,17,4,4,"76,81,82,83",SPOC,120,False,False,36461.573,-1774.5707,0.56577695,1.4303957,4,,-7.8409358,8.9611032,-0.8749967,-0.8749967,linear,-6.8409358,-0.76346525,0.11160246,8.9611032,44.805516,4.8189413e+21,OK,-0.8749967,OK,SAP_FLUX,SPOC,-76.118684,221.4607,bootstrap,221.4607,,TOO_FEW_MEMBERS,2,0,SPOC/SAP_FLUX=OK;TESS-SPOC/SAP_FLUX=OK,20,4,4,"76,81,82,83",SPOC,120,False,False,5463.697,-117.67939,0.26029534,0.67237762,4,,-1.4542847,1.3266225,-1.096231,-1.096231,linear,-0.45428465,-0.34371192,0.75660034,1.3266225,6.6331124,127149.72,OK,-1.096231,BACKGROUND_TEST_UNAVAILABLE,0,,,,,,,0.02,6.285,0.094530482,2.5,0.037601624,-1921.2891,1.0127785,6031,OK,True,2.5,,,,inconclusive,not_measurable,not_measurable,,False,,0,0,1,1,0.3,1498.9541,1501.3759,20,1.156914,2,True,OK:2,,,,,,,,84,208.56578,221.4607,21,1.2994184,2,True,OK:2,,,,,,,,84,0,3
K02550.01,,11622985,28084859,tic_kic_crossid,CANDIDATE,CANDIDATE,18.024348,144.27756,3.575,441.2,29.5,-29.5,0.019931,0.57,32.6,5955,4.52,15.419,0,0,0,0,1,297.24017,49.616859,9,OK,lightkurve,,8,"SPOC,TESS-SPOC","76,81,82,83",0.98030062,,432.50863,28.918868,3528.7767,3528.814,308,51.543801,53.60355,1.0399611,208.2564,14,3.2297248,1.1587215,2438.3805,6866.3525,True,OK,PDCSAP_FLUX,SPOC,6866.3525,2125.9868,analytic,2126.0115,10.239108,OK,2,2,SPOC/PDCSAP_FLUX=6866ppm;TESS-SPOC/PDCSAP_FLUX=6836ppm,5,4,4,"76,81,82,83",SPOC,120,False,False,34965.04,20677.47,4.2836721,5.8411197,4,odd_even_significant;sector_scatter,2.764786,0.32068654,8.6214595,3.0258143,ln,15.875643,3.2297248,0.203439,4.9162444,24.581222,2.0487262e+13,OK,8.6214595,OK,SAP_FLUX,SPOC,3051.5729,1130.7204,analytic,1152.3663,222.30516,OK,2,2,SPOC/SAP_FLUX=3052ppm;TESS-SPOC/SAP_FLUX=2398ppm,6,4,4,"76,81,82,83",SPOC,120,False,False,19637.293,12064.833,5.003133,6.1706387,4,odd_even_significant;sector_scatter,1.9538101,0.38674966,5.0518729,2.2716555,ln,7.055519,2.6987865,0.38250716,2.6656854,13.328427,2.6573969e+08,OK,5.0518729,BACKGROUND_TEST_AGREES,2,"SPOC,TESS-SPOC",-4079.2384,1827.5255,-2.2321103,-0.5953967,PDC_DEEPER_THAN_SAP,0.028684316,4.5645018,1.4401328,1.2767837,0.40283436,2656.1536,1.116208,2540,OK,False,1.2767837,1.0837933,0.50852182,,fixed_b,not_measurable,not_measurable,,False,,0,0,1,1,0.1,2125.9868,4571.6474,6,5.1514619,0,False,,0.0014912004,6841.0559,6861.5341,6836.2375,6866.3525,6851.295,30.115023,84,1130.7204,2688.9071,6,5.5511425,0,False,,0.072849371,2502.3484,2946.9587,2397.7342,3051.5729,2724.6535,653.83871,84,0.037224687,3
K00356.01,Kepler-536 b,11624249,28234096,name_planet,CONFIRMED,CANDIDATE,1.8270819,170.52583,1.96401,1164.7,5,-5,0.030822,0.033,7.3464,5311,3.864,13.807,0,0,0,0,1,297.73639,49.63715,9,OK,lightkurve,,21,"QLP,SPOC,TESS-SPOC","14,15,41,54,55,56,74,76,81,82,83",0.95493006,,1112.207,4.7746503,3510.3507,3510.3507,3014,2.0613312,-0.01178406,0.0057167234,35.644143,10,12.918393,12.913145,1476.6375,1476.9968,True,OK,PDCSAP_FLUX,QLP,1476.9968,441.60456,bootstrap,620.88955,436.45074,OK,4,4,SPOC/PDCSAP_FLUX=865ppm;TESS-SPOC/PDCSAP_FLUX=1337ppm;QLP/KSPSAP_FLUX=2239ppm;QLP/DET_FLUX=1007ppm,147,11,11,"74,76,81,82,83,14,15,41,54,55,56","QLP,SPOC","120,1800,200,600",True,False,6074.4896,12.689942,0.01554665,3.4837887,10,smeared;sector_scatter,0.28366446,0.42335786,0.67003471,0.58516794,ln,1.3279873,3.344614,2.5185588,0.56050108,2.8025054,17223.526,OK,0.67003471,OK,SAP_FLUX,QLP,1384.1617,380.61587,bootstrap,509.0912,338.09083,OK,3,3,SPOC/SAP_FLUX=827ppm;TESS-SPOC/SAP_FLUX=1014ppm;QLP/SAP_FLUX=1821ppm,152,11,11,"74,76,81,82,83,14,15,41,54,55,56","QLP,SPOC","120,1800,200,600",True,False,5730.9348,-31.2823,0.041516438,3.7589517,10,smeared;sector_scatter,0.21874835,0.37120536,0.589292,0.53101451,ln,1.2445181,3.6366369,2.9221247,0.46047339,2.3023669,10007.437,OK,0.589292,BACKGROUND_TEST_AGREES,2,"SPOC,TESS-SPOC",-173.39737,209.09576,-0.82927256,-0.15751781,PDC_DEEPER_THAN_SAP,0.029932061,1.4470949,0.021765248,0.7368063,0.011082045,1023.2201,1.0928936,24122,OK,False,0.7368063,1.0045915,-5.919468,0.69736678,tracks_b,not_measurable,not_measurable,,False,,0,0,1,1,0.7,114.33285,441.60456,155,3.3615503,0,False,,0.29549877,933.114,1806.0155,864.56902,2238.9036,1172.2122,761.90677,84,105.5261,380.61587,159,3.2820215,0,False,,0.24425674,886.75659,1562.9383,826.87639,1821.2612,1014.002,557.28535,84,-8.183375e-06,3
K05930.01,,11722217,27775937,tic_kic_crossid,CANDIDATE,CANDIDATE,302.77571,323.5739,3.183,1106,237,-237,0.03016,0.1265,743,3358,4.944,15.755,0,0,0,0,1,296.2525,49.886559,9,OK,lightkurve,,8,"SPOC,TESS-SPOC","40,41,54,55",0.92418398,teff_clamped_to_grid,1022.1475,219.0316,2395.4338,2395.4338,14,177.03248,0,,578.84243,32,2.2345242,0.30325773,1309.7006,10953.041,False,OK,PDCSAP_FLUX,SPOC,1309.7006,4318.7707,analytic,4350.7509,526.54817,OK,2,2,SPOC/PDCSAP_FLUX=1310ppm;TESS-SPOC/PDCSAP_FLUX=2858ppm,1,4,1,"40,41,54,55",SPOC,120,False,False,29021.977,,,,4,,0.28132255,4.2621644,0.066004622,0.066004622,linear,1.2813225,0.30325773,0.23667556,4.2621644,21.310822,1.8394413e+12,OK,0.066004622,OK,SAP_FLUX,SPOC,1263.7875,2034.5394,analytic,2035.3593,57.766202,OK,2,2,SPOC/SAP_FLUX=1264ppm;TESS-SPOC/SAP_FLUX=1434ppm,1,4,1,"40,41,54,55",SPOC,120,False,False,13672.028,,,,4,,0.23640424,2.0033788,0.11800277,0.11800277,linear,1.2364042,0.62116638,0.50239748,2.0033788,10.016894,22896864,OK,0.11800277,BACKGROUND_TEST_AGREES,2,"SPOC,TESS-SPOC",-349.58174,4215.623,-0.082925287,-0.16774265,PDC_DEEPER_THAN_SAP,0.029739397,7.9575,2.4815587,2.5,0.77962886,-2524.3026,0.9894688,478,OK,True,2.5,1.0039223,2.0871303,,fixed_b,not_measurable,not_measurable,,False,,0,0,1,1,0.2,4318.7707,,1,0,0,False,,0.40203705,1557.488,2610.5843,1309.7006,2858.3717,2084.0362,1548.6711,84,2034.5394,,1,0,0,False,,0.045708794,1290.9716,1406.504,1263.7875,1433.6881,1348.7378,169.90059,84,0,3
K00775.01,Kepler-52 c,11754553,399825554,tic_kic_crossid_over_name_planet,CONFIRMED,CANDIDATE,16.3849,172.72782,3.0249,1127.1,42,-42,0.029758,0.001,42.62,4126,4.661,15.095,0,0,0,0,3,286.73804,49.97575,9,OK,lightkurve,,20,"SPOC,TESS-SPOC","40,41,53,54,55,74,75,80,81,82",0.94068066,,1060.2412,39.508588,3330.8203,3330.7993,325,24.684614,-30.25505,1.2256643,119.42734,12,4.2118304,3.8962484,2393.6392,2460.6191,True,OK,PDCSAP_FLUX,SPOC,2460.6191,580.04805,bootstrap,580.10599,8.1983893,OK,2,2,SPOC/PDCSAP_FLUX=2461ppm;TESS-SPOC/PDCSAP_FLUX=2437ppm,15,10,10,"40,41,53,54,55,74,75,80,81,82",SPOC,120,False,False,15460.47,613.96061,0.57168554,1.1777819,10,,0.84191657,0.24386376,3.4524054,2.3984765,ln,2.3208107,4.2420952,1.8278506,0.55068737,2.7534369,15581.82,OK,3.4524054,OK,SAP_FLUX,SPOC,2472.9447,451.71871,bootstrap,451.8853,12.268933,OK,2,2,SPOC/SAP_FLUX=2473ppm;TESS-SPOC/SAP_FLUX=2437ppm,17,10,10,"40,41,53,54,55,74,75,80,81,82",SPOC,120,False,False,14161.758,936.61857,1.0254673,0.87165116,10,,0.84691322,0.19307887,4.3863589,3.0933105,ln,2.332436,5.4745235,2.347127,0.43074758,2.1537379,8075.8653,OK,4.3863589,BACKGROUND_TEST_AGREES,2,"SPOC,TESS-SPOC",7.6846151,575.30783,0.013357397,0.0031384189,SAP_DEEPER_THAN_PDC,0.02889808,2.3691562,1.3930838,0.78321801,0.46053879,1931.4074,1.0014099,6798,OK,False,0.78321801,1.0151289,-0.43905718,0.64024961,fixed_b,not_measurable,not_measurable,,False,,0,0,1,1,0.3,584.21609,580.04805,15,1.1513819,0,False,,0.0033318401,2440.3642,2456.761,2436.5062,2460.6191,2448.5626,24.11291,84,516.82415,451.71871,17,0.90726083,0,False,,0.0049612647,2442.6332,2467.1711,2436.8596,2472.9447,2454.9022,36.085098,84,-0.021010451,3
K00775.02,Kepler-52 b,11754553,399825554,tic_kic_crossid_over_name_planet,CONFIRMED,CANDIDATE,7.8774163,176.3759,2.0805,1306.1,37.7,-37.7,0.03209,0.041,29.84,4126,4.661,15.095,0,0,0,0,3,286.73804,49.97575,9,OK,lightkurve,,20,"SPOC,TESS-SPOC","40,41,53,54,55,74,75,80,81,82",0.94082099,,1228.8063,35.468951,3326.6319,3326.6319,675,14.665532,0,,75.204096,12,0.66942441,0.66942441,389.03919,389.03919,False,OK,PDCSAP_FLUX,SPOC,389.03919,550.97887,bootstrap,557.78901,86.8957,OK,2,2,SPOC/PDCSAP_FLUX=389ppm;TESS-SPOC/PDCSAP_FLUX=133ppm,25,10,10,"40,41,53,54,55,74,75,80,81,82",SPOC,120,False,False,15786.36,-332.56916,0.27892793,0.89057593,10,,-0.68340072,0.45758427,-1.493497,-1.493497,linear,0.31659928,0.70608731,2.230224,0.45758427,2.2879214,10880.382,OK,-1.493497,OK,SAP_FLUX,SPOC,205.52319,496.58497,bootstrap,498.3229,41.582281,OK,2,2,SPOC/SAP_FLUX=206ppm;TESS-SPOC/SAP_FLUX=83ppm,30,10,10,"40,41,53,54,55,74,75,80,81,82",SPOC,120,False,False,14637.918,139.02894,0.13840081,0.78125719,10,,-0.83274566,0.40962312,-2.0329557,-2.0329557,linear,0.16725434,0.41387316,2.4745137,0.40962312,2.0481156,8298.4694,OK,-2.0329557,BACKGROUND_TEST_AGREES,2,"SPOC,TESS-SPOC",-110.34002,498.09141,-0.22152565,-0.4223519,PDC_DEEPER_THAN_SAP,0.031143026,2.7387332,2.184525,1.3163822,1.05,-350.12635,0.99917844,7954,OK,True,1.3163822,0.98637552,0.36094056,,fixed_b,not_measurable,not_measurable,,False,,0,0,1,1,0.3,581.15477,550.97887,28,0.99028888,0,False,,0.22335976,174.35569,348.14709,133.4636,389.03919,261.25139,255.57559,84,492.14024,496.58497,32,1.0619195,0,False,,0.20232404,102.79049,185.95506,83.22236,205.52319,144.37277,122.30083,84,0,3
K00775.03,Kepler-52 d,11754553,399825554,tic_kic_crossid_over_name_planet,CONFIRMED,CANDIDATE,36.4454,151.60125,4.007,1122.3,53.4,-53.4,0.029681,0.028,71.53,4126,4.661,15.095,0,0,0,0,3,286.73804,49.97575,9,OK,lightkurve,,20,"SPOC,TESS-SPOC","40,41,53,54,55,74,75,80,81,82",0.94074604,,1055.7993,50.235839,3342.075,3342.075,147,38.706729,0,,176.22519,12,2.7681441,0.77809571,687.47265,2622.0481,False,OK,PDCSAP_FLUX,SPOC,687.47265,883.53226,analytic,978.45796,420.41733,OK,2,2,SPOC/PDCSAP_FLUX=687ppm;TESS-SPOC/PDCSAP_FLUX=1924ppm,4,10,4,"40,41,53,54,55,74,75,80,81,82",SPOC,120,False,False,14546.663,-5933.9018,2.3110501,2.4390549,10,,-0.34886047,0.92931288,-0.37539614,-0.37539614,linear,0.65113953,0.77809571,1.1949754,0.92931288,4.6465644,108986.24,OK,-0.37539614,OK,SAP_FLUX,SPOC,968.11027,744.19559,analytic,822.47026,350.18603,OK,2,2,SPOC/SAP_FLUX=968ppm;TESS-SPOC/SAP_FLUX=1998ppm,7,10,7,"40,41,53,54,55,74,75,80,81,82",SPOC,120,False,False,16293.039,-2492.1296,1.5431997,0.96120079,10,,-0.083054629,0.78205422,-0.1062006,-0.1062006,linear,0.91694537,1.3008815,1.4187121,0.78205422,3.9102711,51641.762,OK,-0.1062006,BACKGROUND_TEST_AGREES,2,"SPOC,TESS-SPOC",180.71068,829.99911,0.21772394,0.13839783,SAP_DEEPER_THAN_PDC,0.028847416,2.1753343,2.8997287,0.54288352,0.72366577,2111.9853,1.0595083,2403,OK,False,0.54288352,0.99443023,-0.4536235,0.86486794,fixed_b,not_measurable,not_measurable,,False,,0,0,1,1,0.2,883.53226,1100.2835,4,2.4390549,0,False,,0.61154044,885.3161,1726.1508,687.47265,1923.9942,1305.7334,1236.5216,84,744.19559,707.50718,7,0.96120079,0,False,,0.36172122,1132.9037,1833.2757,968.11027,1998.0692,1483.0897,1029.9589,84,0,3
K04551.01,,11769689,27396862,tic_kic_crossid,CANDIDATE,CANDIDATE,14.717934,135.6498,5.844,132.3,11.8,-11.8,0.011244,0.704,13.99,6102,4.449,14.654,0,0,0,0,1,295.09201,49.940079,9,OK,lightkurve,,12,"SPOC,TESS-SPOC","74,75,76,81,82,83",0.99328395,,131.41147,11.720751,3399.5674,3399.5674,369,131.81734,0,,483.11202,18,1.5642016,1.2696231,894.01862,1071.6554,False,OK,PDCSAP_FLUX,SPOC,894.01862,704.16066,analytic,712.92198,111.42494,OK,2,2,SPOC/PDCSAP_FLUX=894ppm;TESS-SPOC/PDCSAP_FLUX=566ppm,7,6,4,"74,75,76,81,82,83",SPOC,120,False,False,16629.771,-657.1731,0.46127699,0.50828541,6,,5.803201,5.4260759,1.0695023,1.0695023,linear,6.803201,1.2696231,0.18662143,5.4260759,27.13038,7.9653979e+13,OK,1.0695023,OK,SAP_FLUX,SPOC,344.22821,338.35044,bootstrap,341.74408,48.041618,OK,2,2,SPOC/SAP_FLUX=344ppm;TESS-SPOC/SAP_FLUX=203ppm,9,6,5,"74,75,76,81,82,83",SPOC,120,False,False,12414.215,-842.99643,0.98463368,0.51091415,6,,1.6194686,2.6025746,0.62225638,0.62225638,linear,2.6194686,1.0173718,0.38838864,2.6025746,13.012873,58891299,OK,0.62225638,BACKGROUND_TEST_AGREES,2,"SPOC,TESS-SPOC",-464.9906,576.79995,-0.80615576,-0.63683523,PDC_DEEPER_THAN_SAP,0.021811676,10.126846,4.9263086,1.7328621,0.84296862,726.52518,1.0721807,6433,OK,False,1.7328621,1.0344509,1.047836,,fixed_b,not_measurable,not_measurable,,False,,0,0,1,1,0.2,704.16066,691.00992,9,1.1731161,0,False,,0.1246338,618.73348,841.58335,566.29821,894.01862,730.15841,327.72041,84,427.56175,338.35044,10,0.72899084,0,False,,0.13956328,225.53716,321.62039,202.92934,344.22821,273.57877,141.29888,84,0,3
K07479.01,,11773625,27912739,tic_kic_crossid,CANDIDATE,CANDIDATE,7.1969168,133.4145,4.525,47.1,5.6,-5.6,0.006392,0.502,10.63,5530,4.045,13.44,0,0,0,0,1,296.73917,49.978352,9,OK,lightkurve,,24,"QLP,SPOC,TESS-SPOC","14,15,41,54,55,56,74,75,76,81,82,83",0.97227979,,45.794378,5.4447668,3385.6929,3385.3157,753,161.84124,-543.02715,3.3553076,553.39873,21,5.7483775,-0.55096232,-86.153878,747.55086,True,OK,PDCSAP_FLUX,QLP,747.55086,617.42092,bootstrap,716.61059,363.76111,OK,4,3,SPOC/PDCSAP_FLUX=314ppm;TESS-SPOC/PDCSAP_FLUX=603ppm;QLP/KSPSAP_FLUX=1384ppm;QLP/DET_FLUX=OK,43,12,12,"74,75,76,81,82,83,14,15,41,54,55,56","QLP,SPOC","120,1800,200,600",False,False,5552.4943,345.12082,0.32993965,16.895645,12,sector_scatter,15.324075,15.648972,0.97923845,0.97923845,linear,16.324075,1.2107637,0.074170435,15.648972,78.244859,4.3865467e+35,OK,0.97923845,OK,SAP_FLUX,QLP,546.73539,470.26586,bootstrap,470.462,13.583592,OK,3,3,SPOC/SAP_FLUX=419ppm;TESS-SPOC/SAP_FLUX=423ppm;QLP/SAP_FLUX=383ppm,47,12,12,"74,75,76,81,82,83,14,15,41,54,55,56","QLP,SPOC","120,1800,200,600",False,False,5142.8443,38.26235,0.038276444,11.345735,12,sector_scatter,10.93892,10.274167,1.0647014,1.0647014,linear,11.93892,1.1626092,0.097379764,10.274167,51.370834,9.3515088e+23,OK,1.0647014,BACKGROUND_TEST_AGREES,2,"SPOC,TESS-SPOC",-11.553026,475.287,-0.024307473,-0.025197223,PDC_DEEPER_THAN_SAP,0.02,4.0046071,1.812544,0.88499605,0.40056222,-152.59376,1.0420204,14928,OK,True,0.88499605,1.0256863,-0.31718704,0.64570602,fixed_b,not_measurable,not_measurable,,False,,0,0,1,1,0.5,130.04554,617.42092,45,8.1390198,1,True,OK:1,0.48660383,406.3865,1133.9087,313.73326,1383.6189,603.27463,636.06802,84,118.78897,470.26586,47,10.607116,0,False,,0.024844911,394.42727,421.59446,383.05334,423.00508,418.59688,163.68205,84,-0.37710219,3
K02260.01,Kepler-1163 b,11811193,406950324,tic_kic_crossid_over_name_planet,CONFIRMED,CANDIDATE,6.1178497,133.61873,3.458,60.5,2.8,-2.8,0.007241,0.391,12.57,6226,4.247,12.168,0,0,0,0,1,290.23584,50.03009,9,OK,lightkurve,,33,"QLP,SPOC,TESS-SPOC","14,15,40,41,53,54,55,56,74,75,80,81,82",0.97210629,,58.81243,2.7218976,3331.9729,3331.8888,877,35.572551,-121.06458,3.4033145,158.58765,11,5.563457,-1.7755163,-125.17698,365.71995,True,OK,PDCSAP_FLUX,QLP,365.71995,212.93974,bootstrap,613.15321,574.99003,OK,4,4,SPOC/PDCSAP_FLUX=7ppm;TESS-SPOC/PDCSAP_FLUX=20ppm;QLP/KSPSAP_FLUX=2072ppm;QLP/DET_FLUX=178ppm,47,13,13,"40,41,53,54,55,74,75,80,81,82,14,15,56","QLP,SPOC","120,1800,200",False,False,3242.8766,-522.62669,1.4956383,7.884644,20,sector_scatter,5.2184124,10.425794,0.500529,0.500529,linear,6.2184124,1.717481,0.27619284,10.425794,52.128972,2.5632681e+24,OK,0.500529,OK,SAP_FLUX,QLP,168.79581,156.81819,bootstrap,156.81819,,TOO_FEW_MEMBERS,3,1,SPOC/SAP_FLUX=OK;TESS-SPOC/SAP_FLUX=OK;QLP/SAP_FLUX=1323ppm,52,13,13,"40,41,53,54,55,74,75,80,81,82,14,15,56","QLP,SPOC","120,1800,200",False,False,2526.7397,-264.61955,0.88376039,11.000776,20,sector_scatter,1.8700703,2.6672826,0.70111442,0.70111442,linear,2.8700703,1.076379,0.37503577,2.6672826,13.336413,36424953,OK,0.70111442,BACKGROUND_TEST_UNAVAILABLE,0,,,,,,,0.02,7.1974225,0.33493809,2.081383,0.096858905,165.84781,0.99634177,19705,OK,False,2.081383,1.0126548,9.5304828,,duration_inconsistent,not_measurable,not_measurable,,False,,0,0,1,1,0.5,65.736096,212.93974,53,3.2620507,0,False,,1.572214,13.109775,1163.0898,7.1080123,2072.2015,98.915254,1706.4816,84,50.654899,156.81819,57,3.7690793,2,True,OK:2,,,,,,,,84,-0.084072625,3
K05942.01,,11911929,406999863,tic_kic_crossid,CANDIDATE,CANDIDATE,125.27782,170.8865,4.442,432.3,46,-46,0.018635,0.131,217.7,5119,2.961,13.325,0,0,0,0,1,290.3689,50.27055,9,OK,lightkurve,,23,"QLP,SPOC,TESS-SPOC","14,15,40,41,53,54,55,56,74,75,80,81,82",0.95401974,,412.42274,43.884908,3516.1106,3516.1106,44,192.8501,0,,645.1803,26,1.6091548,-0.89434818,-437.62449,724.38601,False,OK,PDCSAP_FLUX,QLP,-437.62449,489.32227,analytic,723.04075,532.30784,OK,4,2,SPOC/PDCSAP_FLUX=OK;TESS-SPOC/PDCSAP_FLUX=113ppm;QLP/KSPSAP_FLUX=OK;QLP/DET_FLUX=1679ppm,2,13,2,"74,75,80,81,82,14,15,40,41,53,54,55,56","QLP,SPOC","120,1800,200,600",False,False,3809.7243,,,0.38585941,10,,-2.0611066,1.7570922,-1.1730213,-1.1730213,linear,-1.0611066,-0.89434818,0.8428448,1.7570922,8.7854611,2696208.2,OK,-1.1730213,OK,SAP_FLUX,QLP,-334.4018,474.74854,analytic,480.81216,76.119412,OK,3,2,SPOC/SAP_FLUX=OK;TESS-SPOC/SAP_FLUX=72ppm;QLP/SAP_FLUX=296ppm,2,13,2,"74,75,80,81,82,14,15,40,41,53,54,55,56","QLP,SPOC","120,1800,200,600",False,False,3692.8506,,,0.63727083,10,,-1.8108229,1.1717369,-1.5454177,-1.5454177,linear,-0.8108229,-0.70437668,0.86871829,1.1717369,5.8586843,144044,OK,-1.5454177,BACKGROUND_TEST_AGREES,1,TESS-SPOC,-41.777922,749.12017,-0.05576932,-0.36838468,PDC_DEEPER_THAN_SAP,0.02,10.132685,1.203682,2.2811088,0.27097749,562.83065,0.96717804,798,OK,True,2.2811088,,,,inconclusive,not_measurable,not_measurable,,False,,0,0,1,1,0.3,489.32227,218.93538,2,0.38585941,2,True,OK:2,0.59395167,363.90622,1428.5219,113.40841,1679.0197,896.21406,782.80564,84,474.74854,277.74206,2,0.63727083,1,True,OK:1,0.41465969,107.45139,259.69022,71.630491,295.51112,183.5708,111.94031,84,0,3
K00783.01,Kepler-678 b,12020329,27533282,name_planet,CONFIRMED,CANDIDATE,7.2750408,169.99422,7.5377,3001,11.5,-11.5,0.051358,0.547,6.66,5485,4.556,15.08,0,0,0,0,1,295.45529,50.49456,9,OK,lightkurve,,4,"SPOC,TESS-SPOC","76,83",0.97526166,,2926.7602,11.215509,3393.7995,3393.7995,741,5.043666,0,,128.1965,7,0.043477893,-1.0723185,-1207.2931,47.802958,False,OK,PDCSAP_FLUX,SPOC,-1207.2931,1726.2517,bootstrap,1726.2517,,TOO_FEW_MEMBERS,2,1,SPOC/PDCSAP_FLUX=OK;TESS-SPOC/PDCSAP_FLUX=2052ppm,8,2,2,"76,83",SPOC,120,False,False,42969.813,-4188.9315,1.8219593,14.239445,2,sector_scatter,-1.4125016,0.5919445,-2.3862061,-2.3862061,linear,-0.41250155,-0.69937259,1.6954423,0.5919445,2.9597225,53538.106,OK,-2.3862061,OK,SAP_FLUX,SPOC,192.62481,168.57026,bootstrap,168.57335,1.0205462,OK,2,2,SPOC/SAP_FLUX=193ppm;TESS-SPOC/SAP_FLUX=196ppm,8,2,2,"76,83",SPOC,120,False,False,3690.1087,-131.14425,0.58995601,14.147087,2,sector_scatter,-0.93418497,0.076368371,-12.232616,-12.232616,linear,0.065815029,1.1426975,17.362257,0.076368371,0.38184186,1360.8861,OK,-12.232616,BACKGROUND_TEST_AGREES,1,TESS-SPOC,-1856.7358,1422.9408,-1.3048581,-0.90468231,PDC_DEEPER_THAN_SAP,0.068384627,15.688841,0.70813121,2.081383,0.093945264,2223.5923,0.97555379,8983,OK,False,2.081383,,,,inconclusive,not_measurable,not_measurable,,False,,0,0,1,1,0.1,1125.8718,1726.2517,8,2.8784795,1,True,OK:1,,,,,,,,84,111.01898,168.57026,8,2.7325939,0,False,,0.0052981034,193.10507,195.14616,192.62481,195.62642,194.12561,3.0016064,84,0,3
K02996.01,Kepler-1404 b,12021625,27766705,name_planet,CONFIRMED,CANDIDATE,15.931441,141.81212,2.435,556.7,47.3,-47.3,0.022469,0.604,41.2,5380,4.616,15.688,0,0,0,0,1,296.00943,50.498379,9,OK,lightkurve,,8,"SPOC,TESS-SPOC","76,81,82,83",0.98020253,,545.67875,46.36358,3534.885,3534.885,349,67.599487,0,,239.32346,20,1.9042881,-2.5298541,-7002.459,5058.9229,False,OK,PDCSAP_FLUX,SPOC,-7002.459,2767.93,analytic,2767.93,,TOO_FEW_MEMBERS,2,0,SPOC/PDCSAP_FLUX=OK;TESS-SPOC/PDCSAP_FLUX=OK,6,4,3,"76,81,82,83",SPOC,120,False,False,43177.006,3729.99,0.66986982,5.4376987,4,sector_scatter,-13.832567,5.0734112,-2.7264825,-2.7264825,linear,-12.832567,-2.5298541,0.19714327,5.0734112,25.367056,5.6716508e+13,OK,-2.7264825,OK,SAP_FLUX,SPOC,-2984.7361,1144.4021,analytic,1144.4021,,TOO_FEW_MEMBERS,2,0,SPOC/SAP_FLUX=OK;TESS-SPOC/SAP_FLUX=OK,7,4,4,"76,81,82,83",SPOC,120,False,False,19943.358,918.71426,0.40075671,3.9027868,4,sector_scatter,-6.4697678,2.0995243,-3.0815398,-3.0815398,linear,-5.4697678,-2.6081183,0.47682432,2.0995243,10.497622,19768975,OK,-3.0815398,BACKGROUND_TEST_UNAVAILABLE,0,,,,,,,0.034180523,1.6878077,0.076180855,0.69314484,0.031285772,-6321.117,1.045979,2191,OK,False,0.69314484,,,0.84760594,inconclusive,not_measurable,not_measurable,,False,,0,0,1,1,0.2,2767.93,4838.7762,6,3.620077,2,True,OK:2,,,,,,,,84,1144.4021,1704.7047,7,3.162067,2,True,OK:2,,,,,,,,84,0,3
K03282.01,Kepler-1455 b,12066569,27014562,name_planet,CONFIRMED,CANDIDATE,49.276845,157.02073,3.787,1132.9,73,-73,0.030272,0.022,102.4,3899,4.713,15.855,0,0,0,0,1,294.08307,50.502769,9,OK,lightkurve,,18,"QLP,SPOC,TESS-SPOC","41,54,55,56,74,75,76,81,82,83",0.93577801,,1060.1429,68.311795,3509.0274,3509.0274,112,54.647235,0,,220.74671,14,1.0267653,-0.97853445,-2389.9848,2301.5285,False,OK,PDCSAP_FLUX,QLP,-2389.9848,2442.4125,analytic,2470.0594,368.52986,OK,4,2,SPOC/PDCSAP_FLUX=1260ppm;TESS-SPOC/PDCSAP_FLUX=176ppm;QLP/KSPSAP_FLUX=OK;QLP/DET_FLUX=OK,5,10,5,"76,81,82,83,41,54,55,56,74,75","QLP,SPOC","120,200,600",False,False,31285.309,6746.8238,1.3509831,2.3187568,8,,-3.2543987,2.3313577,-1.3959243,-1.3959243,linear,-2.2543987,-0.97853445,0.43405563,2.3313577,11.656788,1.2241636e+08,OK,-1.3959243,OK,SAP_FLUX,QLP,-1434.5871,2017.904,analytic,2025.5682,176.03926,OK,3,2,SPOC/SAP_FLUX=763ppm;TESS-SPOC/SAP_FLUX=245ppm;QLP/SAP_FLUX=OK,5,10,5,"76,81,82,83,41,54,55,56,74,75","QLP,SPOC","120,200,600",False,False,25027.566,4118.5529,0.99909568,2.1882306,8,,-2.3532016,1.9123958,-1.2304992,-1.2304992,linear,-1.3532016,-0.71092927,0.52536835,1.9123958,9.5619789,15067754,OK,-1.2304992,BACKGROUND_TEST_AGREES,2,"SPOC,TESS-SPOC",-256.72351,2983.4914,-0.086048013,-0.35754089,PDC_DEEPER_THAN_SAP,0.029396354,9.4675,3.97635,2.5,1.05,-798.85407,1.0297421,1700,OK,True,2.5,,,,inconclusive,not_measurable,not_measurable,,False,,0,0,1,1,0.2,2442.4125,3343.6828,6,2.3187568,2,True,OK:2,0.51325449,349.49574,1086.5555,176.06992,1259.9813,718.0256,541.95568,84,2017.904,2665.9165,6,2.1882306,1,True,OK:1,0.34927276,327.97732,680.05584,245.13531,762.89785,504.01658,258.88127,84,0,3
K00547.01,Kepler-595 b,12116489,27231753,name_planet,CONFIRMED,CANDIDATE,25.302918,188.06015,4.4903,2105.7,19.5,-19.5,0.040771,0.04,44.775,5121,4.457,14.773,0,0,0,0,3,294.5704,50.673019,9,OK,lightkurve,,10,"SPOC,TESS-SPOC","75,76,81,82,83",0.95310296,,2006.9489,18.585508,3511.7934,3511.7934,217,9.1110258,0,,94.687577,8,2.2808884,-0.020064124,-19.839337,2605.7,False,OK,PDCSAP_FLUX,SPOC,-19.839337,988.79659,analytic,988.79659,,TOO_FEW_MEMBERS,2,1,SPOC/PDCSAP_FLUX=OK;TESS-SPOC/PDCSAP_FLUX=1471ppm,4,5,4,"75,76,81,82,83",SPOC,120,False,False,15692.917,2064.4115,0.90778291,5.727788,5,sector_scatter,-1.0098853,0.49530367,-2.0389216,-2.0389216,linear,-0.0098853225,-0.020064124,2.0296884,0.49530367,2.4765183,21875.264,OK,-2.0389216,OK,SAP_FLUX,SPOC,843.60952,605.78995,analytic,623.21736,146.35032,OK,2,2,SPOC/SAP_FLUX=844ppm;TESS-SPOC/SAP_FLUX=1274ppm,5,5,5,"75,76,81,82,83",SPOC,120,False,False,9859.9238,1593.7936,1.1260449,2.1735563,5,,-0.57965571,0.31466568,-1.842132,-1.842132,linear,0.42034429,1.3925776,3.3129452,0.31466568,1.5733284,7671.9099,OK,-1.842132,BACKGROUND_TEST_AGREES,1,TESS-SPOC,-197.42075,1362.6365,-0.14488145,-0.13416545,PDC_DEEPER_THAN_SAP,0.03923426,3.4110914,0.10420125,0.75965779,0.023205854,2818.1587,1.0780055,2516,OK,False,0.75965779,,,0.67751909,inconclusive,not_measurable,not_measurable,,False,,0,0,1,1,0.1,988.79659,2040.0941,4,5.727788,1,True,OK:1,,,,,,,,84,605.78995,771.83948,5,2.1735563,0,False,,0.17348112,912.48026,1205.1809,843.60952,1274.0516,1058.8306,430.44213,84,0,3
K00547.02,,12116489,27231753,name_planet,CANDIDATE,CANDIDATE,7.3467249,134.5155,2.136,143,18.5,-18.5,0.010778,0.2525,25.7,5271,4.578,14.773,0,0,0,0,3,294.5704,50.673019,9,OK,lightkurve,,10,"SPOC,TESS-SPOC","75,76,81,82,83",0.95821535,,137.0248,17.726984,3514.2928,3514.2928,755,91.182267,0,,305.5868,26,1.798742,-0.12516476,-90.77388,1230.4154,False,OK,PDCSAP_FLUX,SPOC,-90.77388,658.29368,bootstrap,658.29368,,TOO_FEW_MEMBERS,2,0,SPOC/PDCSAP_FLUX=OK;TESS-SPOC/PDCSAP_FLUX=OK,18,5,5,"75,76,81,82,83",SPOC,120,False,False,17376.579,-2728.2751,2.399527,0.51020407,5,,-1.6624632,4.8061955,-0.34590003,-0.34590003,linear,-0.66246317,-0.13789268,0.20815147,4.8061955,24.030977,3.7438639e+12,OK,-0.34590003,OK,SAP_FLUX,SPOC,-59.860929,510.81005,bootstrap,510.81005,,TOO_FEW_MEMBERS,2,0,SPOC/SAP_FLUX=OK;TESS-SPOC/SAP_FLUX=OK,18,5,5,"75,76,81,82,83",SPOC,120,False,False,11921.465,-1875.9454,1.9695621,1.2153437,5,,-1.436862,3.730445,-0.38517175,-0.38517175,linear,-0.43686202,-0.11718824,0.26825,3.730445,18.652225,1.7272596e+10,OK,-0.38517175,BACKGROUND_TEST_UNAVAILABLE,0,,,,,,,0.02,5.34,0.080317068,2.5,0.037601624,-587.22732,1.0877621,5375,OK,True,2.5,,,,inconclusive,not_measurable,not_measurable,,False,,0,0,1,1,0.3,725.23511,658.29368,18,0.83580065,2,True,OK:2,,,,,,,,84,449.71332,510.81005,18,1.2230233,2,True,OK:2,,,,,,,,84,0,3
K00547.03,Kepler-595 c,12116489,27231753,name_planet,CONFIRMED,CANDIDATE,12.386047,132.8175,2.604,151.3,19.3,-19.3,0.011472,0.538,31.1,5121,4.457,14.773,0,0,0,0,3,294.5704,50.673019,9,OK,lightkurve,,10,"SPOC,TESS-SPOC","75,76,81,82,83",0.97309968,,147.22998,18.780824,3514.7666,3514.7666,448,103.49102,0,,349.53305,24,2.0305199,-0.38775731,-349.48466,1681.3901,False,OK,PDCSAP_FLUX,SPOC,-349.48466,484.78482,bootstrap,484.78482,,TOO_FEW_MEMBERS,2,0,SPOC/PDCSAP_FLUX=OK;TESS-SPOC/PDCSAP_FLUX=OK,9,5,5,"75,76,81,82,83",SPOC,120,False,False,15741.319,2120.0937,1.1744682,0.10254296,5,,-3.3737329,3.2955537,-1.0237226,-1.0237226,linear,-2.3737329,-0.72090677,0.30370172,3.2955537,16.477769,2.1096006e+09,OK,-1.0237226,OK,SAP_FLUX,SPOC,-275.80219,345.33775,bootstrap,345.33775,,TOO_FEW_MEMBERS,2,0,SPOC/SAP_FLUX=OK;TESS-SPOC/SAP_FLUX=OK,9,5,5,"75,76,81,82,83",SPOC,120,False,False,11356.649,1432.1514,1.2221478,0.23207929,5,,-2.8732746,2.3495649,-1.2228965,-1.2228965,linear,-1.8732746,-0.79864476,0.42633619,2.3495649,11.747825,18621223,OK,-1.2228965,BACKGROUND_TEST_UNAVAILABLE,0,,,,,,,0.02,5.9400074,0.54503931,2.2811088,0.20930849,554.84548,1.1027,3724,OK,True,2.2811088,,,,inconclusive,not_measurable,not_measurable,,False,,0,0,1,1,0.2,901.2974,484.78482,11,0.37073805,2,True,OK:2,,,,,,,,84,584.28101,345.33775,11,0.41806521,2,True,OK:2,,,,,,,,84,0,3
K04590.01,,12204137,299089212,tic_kic_crossid,CANDIDATE,CANDIDATE,9.5406085,131.91276,1.869,462,48,-48,0.019272,0.031,39.73,5271,4.522,15.836,0,0,0,0,1,288.87082,50.815559,9,OK,lightkurve,,6,"SPOC,TESS-SPOC","80,81,82",0.95453404,,440.99472,45.817634,3517.5469,3517.5469,582,60.285449,0,,208.89135,20,1.4035047,-0.20492451,-969.06137,6920.3565,False,OK,PDCSAP_FLUX,SPOC,-969.06137,4728.8699,analytic,4728.8699,,TOO_FEW_MEMBERS,2,0,SPOC/PDCSAP_FLUX=OK;TESS-SPOC/PDCSAP_FLUX=OK,6,3,3,"80,81,82",SPOC,120,False,False,62551.818,14154.543,1.4828283,1.6808053,3,,-3.1974444,10.723809,-0.29816312,-0.29816312,linear,-2.1974444,-0.20492451,0.093255837,10.723809,53.619046,8.528825e+25,OK,-0.29816312,OK,SAP_FLUX,SPOC,-549.66725,1215.7064,bootstrap,1215.7064,,TOO_FEW_MEMBERS,2,0,SPOC/SAP_FLUX=OK;TESS-SPOC/SAP_FLUX=OK,8,3,3,"80,81,82",SPOC,120,False,False,17776.509,5899.4946,2.3865336,0.26081773,3,,-2.2464259,2.7591471,-0.81417403,-0.81417403,linear,-1.2464259,-0.45213814,0.36274771,2.7591471,13.795736,4.3235925e+08,OK,-0.81417403,BACKGROUND_TEST_UNAVAILABLE,0,,,,,,,0.02,2.177372,1.7969688,1.1649931,0.96146002,-3595.144,1.1059289,1680,OK,True,1.1649931,,,,inconclusive,not_measurable,not_measurable,,False,,0,0,1,1,0.1,4728.8699,3556.4852,6,0.73054316,2,True,OK:2,,,,,,,,84,1224.2184,1215.7064,8,1.3469536,2,True,OK:2,,,,,,,,84,0,3
K02714.01,Kepler-401 b,12206313,267746315,tic_kic_crossid_over_name_planet,CONFIRMED,CANDIDATE,14.383227,140.57648,8.378,178.5,5,-5,0.013044,0.7,9.64,6115,4.249,13.312,0,0,0,0,3,290.08276,50.86348,9,OK,lightkurve,,26,"QLP,SPOC,TESS-SPOC","14,15,41,53,54,55,56,74,75,76,80,81,82,83",0.99283076,,177.22029,4.9641538,3496.7356,3496.7356,384,48.294132,0,,270.5524,9,2.8923944,0.031523761,4.6603825,393.30063,False,OK,PDCSAP_FLUX,QLP,4.6603825,163.93529,bootstrap,170.72574,47.670739,OK,4,3,SPOC/PDCSAP_FLUX=OK;TESS-SPOC/PDCSAP_FLUX=4ppm;QLP/KSPSAP_FLUX=144ppm;QLP/DET_FLUX=22ppm,24,14,13,"74,75,80,81,82,83,14,15,41,53,54,55,56,76","QLP,SPOC","120,1800,200,600",False,False,5590.1712,149.2993,0.44326776,1.3723919,12,,-0.97370288,0.96505651,-1.0089594,-1.0089594,linear,0.026297116,0.028428184,1.0810381,0.96505651,4.8252825,21908.269,OK,-1.0089594,OK,SAP_FLUX,QLP,14.346364,151.41809,bootstrap,151.75463,10.101107,OK,3,2,SPOC/SAP_FLUX=31ppm;TESS-SPOC/SAP_FLUX=61ppm;QLP/SAP_FLUX=OK,24,14,13,"74,75,80,81,82,83,14,15,41,53,54,55,56,76","QLP,SPOC","120,1800,200,600",False,False,4330.5617,333.84652,1.0930688,4.211896,12,sector_scatter,-0.91904785,0.85822083,-1.0708757,-1.0708757,linear,0.080952152,0.0947467,1.1704037,0.85822083,4.2911042,12768.205,OK,-1.0708757,BACKGROUND_TEST_AGREES,1,TESS-SPOC,57.232656,294.8028,0.19413878,15.749849,SAP_DEEPER_THAN_PDC,0.02494643,19.11113,1.4385601,2.2811088,0.17170687,197.6414,1.5695933,17349,OK,False,2.2811088,0.9792116,9.2252666,,duration_inconsistent,not_measurable,not_measurable,,False,,0,0,1,1,0.3,147.83714,163.93529,28,1.1458737,1,True,OK:1,10.228933,9.6460878,104.98757,3.6338543,143.84191,22.422084,139.18153,84,104.58094,151.41809,28,2.8436391,1,True,OK:1,0.70408827,35.910836,56.113049,31.157374,60.86651,46.011942,46.520147,84,0,3
K02714.02,Kepler-401 c,12206313,267746315,tic_kic_crossid_over_name_planet,CONFIRMED,CANDIDATE,47.318663,170.06035,10.465,263.4,7.7,-7.7,0.014906,0.189,34.45,6115,4.249,13.312,0,0,0,0,3,290.08276,50.86348,9,OK,lightkurve,,26,"QLP,SPOC,TESS-SPOC","14,15,41,53,54,55,56,74,75,76,80,81,82,83",0.96585675,,254.40667,7.4370969,3492.0253,3492.0253,116,68.279075,0,,361.81223,12,1.3489206,-0.31862693,-93.695344,353.97541,False,OK,PDCSAP_FLUX,QLP,-93.695344,294.05971,analytic,434.41622,319.75981,OK,4,3,SPOC/PDCSAP_FLUX=481ppm;TESS-SPOC/PDCSAP_FLUX=1015ppm;QLP/KSPSAP_FLUX=OK;QLP/DET_FLUX=75ppm,4,14,4,"74,75,80,81,82,83,14,15,41,53,54,55,56,76","QLP,SPOC","120,1800,200,600",False,False,5713.9003,1200.3755,2.0391419,3.6329092,12,sector_scatter,-1.3682897,1.7085482,-0.80084933,-0.80084933,linear,-0.36828966,-0.31862693,0.86515308,1.7085482,8.5427409,1304695.1,OK,-0.80084933,OK,SAP_FLUX,QLP,292.31297,202.46865,analytic,258.447,160.62782,OK,3,3,SPOC/SAP_FLUX=614ppm;TESS-SPOC/SAP_FLUX=712ppm;QLP/SAP_FLUX=240ppm,5,14,5,"74,75,80,81,82,83,14,15,41,53,54,55,56,76","QLP,SPOC","120,1800,200,600",False,False,4056.1474,978.35794,2.4144027,6.5984243,12,sector_scatter,0.14899887,1.0175311,0.14643175,0.14643175,linear,1.1489989,1.4437444,1.2565238,1.0175311,5.0876555,40961.913,OK,0.14643175,BACKGROUND_TEST_AGREES,2,"SPOC,TESS-SPOC",-63.016098,346.79586,-0.18170949,-0.084240169,PDC_DEEPER_THAN_SAP,0.02,11.469203,4.1918836,1.0959582,0.40056222,329.42514,0.92851916,4023,OK,True,1.0959582,,,,inconclusive,not_measurable,not_measurable,,False,,0,0,1,1,0.2,294.05971,478.36869,6,3.6329092,1,True,OK:1,0.66531863,204.81208,844.33171,75.024095,1015.4941,480.61155,534.88259,84,202.46865,419.00556,6,6.5984243,0,False,,0.54950629,359.71615,680.97178,239.87862,712.31338,614.37089,420.00041,84,0,3
K02714.03,Kepler-401 d,12206313,267746315,tic_kic_crossid_over_name_planet,CONFIRMED,CANDIDATE,184.26274,255.2287,11.94,292.2,14.2,-14.2,0.018261,0.885,59.4,6115,4.249,13.312,0,0,0,0,3,290.08276,50.86348,9,OK,lightkurve,NO_USABLE_TRANSIT,26,"QLP,SPOC,TESS-SPOC","14,15,41,53,54,55,56,74,75,76,80,81,82,83",1.0299529,,300.95225,14.625332,3431.8482,3431.8482,29,113.6516,0,,520.0548,6,,,,,False,NO_USABLE_TRANSIT,PDCSAP_FLUX,QLP,,,none,,,TOO_FEW_MEMBERS,4,0,SPOC/PDCSAP_FLUX=NO_USABLE_TRANSIT;TESS-SPOC/PDCSAP_FLUX=NO_USABLE_TRANSIT;QLP/KSPSAP_FLUX=NO_USABLE_TRANSIT;QLP/DET_FLUX=NO_USABLE_TRANSIT,0,14,0,"74,75,80,81,82,83,14,15,41,53,54,55,56,76","QLP,SPOC","120,1800,200,600",False,False,,,,,12,,,,,,,,,,,,,NO_USABLE_TRANSIT,,NO_USABLE_TRANSIT,SAP_FLUX,QLP,,,none,,,TOO_FEW_MEMBERS,3,0,SPOC/SAP_FLUX=NO_USABLE_TRANSIT;TESS-SPOC/SAP_FLUX=NO_USABLE_TRANSIT;QLP/SAP_FLUX=NO_USABLE_TRANSIT,0,14,0,"74,75,80,81,82,83,14,15,41,53,54,55,56,76","QLP,SPOC","120,1800,200,600",False,False,,,,,12,,,,,,,,,,,,,NO_USABLE_TRANSIT,,BACKGROUND_TEST_UNAVAILABLE,0,,,,,,,0.0780977,,,,,,,0,too_few_points,False,,,,,inconclusive,not_measured,not_measured,,False,,0,0,1,1,0.1,,,0,,4,True,NO_USABLE_TRANSIT:4,,,,,,,,84,,,0,,3,True,NO_USABLE_TRANSIT:3,,,,,,,,84,0,3
K03310.01,,12253769,299089415,tic_kic_crossid,CANDIDATE,CANDIDATE,20.551272,141.087,4.639,191.2,11.2,-11.2,0.016358,0.946,12.65,5401,4.464,13.55,0,0,0,0,1,288.80457,50.99062,9,OK,lightkurve,,22,"QLP,SPOC,TESS-SPOC","14,15,41,53,54,55,56,74,75,80,81,82",1.0798511,,206.46753,12.094332,3481.8279,3481.8279,268,62.181305,0,,256.12892,13,1.8236555,-0.95249626,-299.15944,630.02675,False,OK,PDCSAP_FLUX,QLP,-299.15944,530.16323,bootstrap,530.16323,,TOO_FEW_MEMBERS,4,0,SPOC/PDCSAP_FLUX=OK;TESS-SPOC/PDCSAP_FLUX=OK;QLP/KSPSAP_FLUX=OK;QLP/DET_FLUX=OK,12,12,10,"74,75,80,81,82,14,15,41,53,54,55,56","QLP,SPOC","120,1800,200,600",False,False,7289.5354,958.97376,1.5178292,2.1652469,10,,-2.4489418,2.5689349,-0.95329073,-0.95329073,linear,-1.4489418,-0.56427798,0.38944143,2.5689349,12.844675,78202724,OK,-0.95329073,OK,SAP_FLUX,QLP,-295.52812,166.57944,bootstrap,166.57944,,TOO_FEW_MEMBERS,3,0,SPOC/SAP_FLUX=OK;TESS-SPOC/SAP_FLUX=OK;QLP/SAP_FLUX=OK,13,12,10,"74,75,80,81,82,14,15,41,53,54,55,56","QLP,SPOC","120,1800,200,600",False,False,2563.6269,-66.395182,0.17160853,2.2338311,10,,-2.431354,0.8104744,-2.9999146,-2.9999146,linear,-1.431354,-1.7740973,1.2394539,0.8104744,4.052372,11672.387,OK,-2.9999146,BACKGROUND_TEST_UNAVAILABLE,0,,,,,,,0.13734067,1.8556,4.87095,0.4,1.05,-349.71282,0.97513564,5007,OK,True,0.4,,,1.0054316,inconclusive,not_measurable,not_measurable,,False,,0,0,1,1,0.3,314.07938,530.16323,14,2.568826,4,True,OK:4,,,,,,,,84,106.5314,166.57944,15,2.0109001,3,True,OK:3,,,,,,,,84,0,3
K00375.01,Kepler-1704 b,12356617,350738167,tic_kic_crossid_over_name_planet,CONFIRMED,CANDIDATE,988.88112,239.22419,5.9504,5060,38.9,-38.9,0.063925,0.1667,1334,5755,4.101,13.293,0,0,0,0,1,291.2012,51.144279,9,OK,lightkurve,NO_USABLE_TRANSIT,31,"QLP,SPOC,TESS-SPOC","14,15,40,54,55,56,74,75,76,80,81,82,83",0.96329099,,4874.2524,37.472019,3016.6298,3016.6298,5,6.6189033,0,,109.11271,4,,,,,False,NO_USABLE_TRANSIT,PDCSAP_FLUX,QLP,,,none,,,TOO_FEW_MEMBERS,4,0,SPOC/PDCSAP_FLUX=NO_USABLE_TRANSIT;TESS-SPOC/PDCSAP_FLUX=NO_USABLE_TRANSIT;QLP/KSPSAP_FLUX=NO_USABLE_TRANSIT;QLP/DET_FLUX=NO_USABLE_TRANSIT,0,13,0,"40,56,74,75,76,80,81,82,83,14,15,54,55","QLP,SPOC","120,1800,600",False,False,,,,,18,,,,,,,,,,,,,NO_USABLE_TRANSIT,,NO_USABLE_TRANSIT,SAP_FLUX,QLP,,,none,,,TOO_FEW_MEMBERS,3,0,SPOC/SAP_FLUX=NO_USABLE_TRANSIT;TESS-SPOC/SAP_FLUX=NO_USABLE_TRANSIT;QLP/SAP_FLUX=NO_USABLE_TRANSIT,0,13,0,"40,56,74,75,76,80,81,82,83,14,15,54,55","QLP,SPOC","120,1800,600",False,False,,,,,18,,,,,,,,,,,,,NO_USABLE_TRANSIT,,BACKGROUND_TEST_UNAVAILABLE,0,,,,,,,0.061702548,,,,,,,0,too_few_points,False,,,,,inconclusive,not_measured,not_measured,,False,,0,0,1,1,0.1,,,0,,4,True,NO_USABLE_TRANSIT:4,,,,,,,,84,,,0,,3,True,NO_USABLE_TRANSIT:3,,,,,,,,84,0,3
K02745.01,Kepler-1334 b,12456601,299217895,tic_kic_crossid_over_name_planet,CONFIRMED,CANDIDATE,15.645887,146.04926,3.959,572.1,23.9,-23.9,0.021809,0.033,30.84,5896,4.518,15.241,0,0,0,0,1,289.31149,51.320862,9,OK,lightkurve,,14,"SPOC,TESS-SPOC","73,74,76,80,81,82,83",0.96318265,,551.0368,23.020065,3486.4015,3486.4015,352,37.922774,0,,173.15332,12,2.3648742,0.12206826,153.13338,2941.7732,False,OK,PDCSAP_FLUX,SPOC,153.13338,1254.4897,analytic,1254.4897,,TOO_FEW_MEMBERS,2,1,SPOC/PDCSAP_FLUX=153ppm;TESS-SPOC/PDCSAP_FLUX=OK,6,7,4,"73,74,76,80,81,82,83",SPOC,120,False,False,22652.535,2712.275,0.94292348,0.20690593,7,,-0.72209955,2.277531,-0.31705367,-0.31705367,linear,0.27790045,0.12206826,0.43925175,2.277531,11.387655,48615117,OK,-0.31705367,OK,SAP_FLUX,SPOC,-747.53307,699.9652,bootstrap,699.9652,,TOO_FEW_MEMBERS,2,0,SPOC/SAP_FLUX=OK;TESS-SPOC/SAP_FLUX=OK,10,7,7,"73,74,76,80,81,82,83",SPOC,120,False,False,17601.512,749.35478,0.48113418,0.9301324,7,,-2.3565937,1.2719393,-1.8527564,-1.8527564,linear,-1.3565937,-1.0679575,0.78723456,1.2719393,6.3596967,317987.34,OK,-1.8527564,BACKGROUND_TEST_UNAVAILABLE,0,,,,,,,0.021366301,4.6122075,1.2280868,1.1649931,0.31020125,1673.2511,0.93442289,3769,OK,False,1.1649931,0.98989376,0.59775232,,fixed_b,not_measurable,not_measurable,,False,,0,0,1,1,0.2,1254.4897,797.1387,10,0.52497596,1,True,OK:1,,,,,,,,84,731.02686,699.9652,13,0.86056325,2,True,OK:2,,,,,,,,84,0,3
K00602.01,Kepler-620 b,12459913,350737935,tic_kic_crossid_over_name_planet,CONFIRMED,CANDIDATE,12.913859,177.27535,5.3685,487.9,13.4,-13.4,0.022845,0.845,10.64,6253,4.41,14.647,0,0,0,0,1,291.15939,51.334862,9,OK,lightkurve,,10,"SPOC,TESS-SPOC","76,80,81,82,83",1.0170872,,496.23683,13.628968,3524.4931,3524.4931,427,26.835611,0,,161.03433,9,1.1773227,-0.18945278,-130.56106,776.47283,False,OK,PDCSAP_FLUX,SPOC,-130.56106,627.17126,bootstrap,627.17126,,TOO_FEW_MEMBERS,2,1,SPOC/PDCSAP_FLUX=OK;TESS-SPOC/PDCSAP_FLUX=742ppm,10,5,5,"76,80,81,82,83",SPOC,120,False,False,19082.784,-163.31038,0.11848249,1.88068,5,,-1.2631023,1.2651415,-0.99838816,-0.99838816,linear,-0.26310232,-0.2081745,0.79123018,1.2651415,6.3257076,276777.61,OK,-0.99838816,OK,SAP_FLUX,SPOC,-114.76133,281.23895,bootstrap,281.23895,,TOO_FEW_MEMBERS,2,0,SPOC/SAP_FLUX=OK;TESS-SPOC/SAP_FLUX=OK,10,5,5,"76,80,81,82,83",SPOC,120,False,False,9014.5077,-333.82864,0.51502297,1.4124218,5,,-1.2312632,0.56960722,-2.1616005,-2.1616005,linear,-0.23126323,-0.40805632,1.764467,0.56960722,2.8480361,8065.7659,OK,-2.1616005,BACKGROUND_TEST_UNAVAILABLE,0,,,,,,,0.074290624,11.173905,2.0591899,2.081383,0.38356895,-969.93381,1.025083,7850,OK,True,2.081383,,,,inconclusive,not_measurable,not_measurable,,False,,0,0,1,1,0.2,689.14832,627.17126,10,1.0911983,1,True,OK:1,,,,,,,,84,323.40075,281.23895,10,0.8963547,2,True,OK:2,,,,,,,,84,0,3
K04530.01,,12647577,417655232,tic_kic_crossid,CANDIDATE,CANDIDATE,12.636205,134.4588,3.961,124,12.8,-12.8,0.010119,0.174,24.3,5772,4.457,14.241,0,0,0,0,1,290.73434,51.770962,9,OK,lightkurve,,14,"SPOC,TESS-SPOC","74,75,76,80,81,82,83",0.96374209,,119.50402,12.335899,3489.4804,3489.4804,437,126.64518,0,,439.35055,22,2.7309364,2.4245553,1158.5187,1256.9339,False,OK,PDCSAP_FLUX,SPOC,1158.5187,591.28118,bootstrap,591.37381,10.4668,OK,2,2,SPOC/PDCSAP_FLUX=1159ppm;TESS-SPOC/PDCSAP_FLUX=1189ppm,11,7,6,"74,75,76,80,81,82,83",SPOC,120,False,False,11750.825,-543.19829,0.56737405,2.2846678,7,,8.694391,4.9498975,1.756479,1.756479,linear,9.694391,1.9593363,0.2021103,4.9498975,24.749487,6.6980486e+12,OK,1.756479,OK,SAP_FLUX,SPOC,770.84972,305.74334,bootstrap,311.59734,60.115846,OK,2,2,SPOC/SAP_FLUX=771ppm;TESS-SPOC/SAP_FLUX=594ppm,13,7,7,"74,75,76,80,81,82,83",SPOC,120,False,False,7961.4387,-116.78238,0.21996278,1.8345814,7,,1.8641434,0.42018336,4.4364999,2.0883247,ln,6.4504084,2.5212315,0.39086386,2.6099429,13.049715,55564912,OK,4.4364999,BACKGROUND_TEST_AGREES,2,"SPOC,TESS-SPOC",-515.22154,413.33342,-1.2465035,-0.43889317,PDC_DEEPER_THAN_SAP,0.02,3.7262802,0.057783889,0.94074229,0.014588207,1208.1111,0.9856412,6621,OK,False,0.94074229,1.0218262,-0.72972932,0.37965421,fixed_b,not_measurable,not_measurable,,False,,0,0,1,1,0.3,477.82729,591.28118,13,2.0811555,0,False,,0.0090346404,1163.4442,1184.3778,1158.5187,1189.3034,1173.911,30.784705,84,264.70011,305.74334,14,1.4218659,0,False,,0.077986466,622.32822,742.55991,594.03841,770.84972,682.44407,176.81131,84,0,3
