kepoi_name,kepler_name,kepid,tic_id,tic_route,koi_disposition,koi_pdisposition,koi_period,koi_time0bk,koi_duration,koi_depth,koi_depth_err1,koi_depth_err2,koi_ror,koi_impact,koi_dor,koi_steff,koi_slogg,koi_kepmag,koi_fpflag_nt,koi_fpflag_ss,koi_fpflag_co,koi_fpflag_ec,koi_count,ra,dec,shard,lc_status,lc_route,not_measured_reason,n_products,product_authors,product_sectors,ld_band_ratio,ld_note,koi_depth_in_tess_band_ppm,koi_depth_in_tess_band_err_ppm,t0_btjd_nominal,t0_btjd_used,n_epochs_propagated,ephemeris_sigma_minutes,epoch_offset_minutes,epoch_offset_sigma,epoch_search_halfwidth_minutes,epoch_search_n_trials,epoch_search_snr_best,epoch_search_snr_nominal,depth_at_nominal_ephemeris_ppm,depth_at_best_offset_ppm,ephemeris_recovered,pdc_status,pdc_flux_column,pdc_primary_author,pdc_depth_ppm,pdc_depth_err_ppm,pdc_depth_err_method,pdc_total_err_ppm,pdc_depth_reduction_spread_ppm,pdc_depth_reduction_spread_status,pdc_n_members,pdc_n_members_measured,pdc_ensemble_members,pdc_n_transits,pdc_n_sectors,pdc_n_sectors_measured,pdc_sector_list,pdc_authors,pdc_exptimes_s,pdc_smeared,pdc_depth_is_lower_bound,pdc_oot_scatter_ppm,pdc_odd_even_diff_ppm,pdc_odd_even_sigma,pdc_sector_scatter_chi2_per_dof,pdc_n_sectors_dropped_duplicate,pdc_flags,pdc_ln_ratio,pdc_sigma_ln,pdc_z,pdc_z_lin,pdc_z_method,pdc_ratio,pdc_measured_snr,pdc_expected_snr,pdc_sigma_ln_expected,pdc_detectable_ln_ratio,pdc_detectable_depth_change_ppm,pdc_comparison_status,pdc_z_pop,sap_status,sap_flux_column,sap_primary_author,sap_depth_ppm,sap_depth_err_ppm,sap_depth_err_method,sap_total_err_ppm,sap_depth_reduction_spread_ppm,sap_depth_reduction_spread_status,sap_n_members,sap_n_members_measured,sap_ensemble_members,sap_n_transits,sap_n_sectors,sap_n_sectors_measured,sap_sector_list,sap_authors,sap_exptimes_s,sap_smeared,sap_depth_is_lower_bound,sap_oot_scatter_ppm,sap_odd_even_diff_ppm,sap_odd_even_sigma,sap_sector_scatter_chi2_per_dof,sap_n_sectors_dropped_duplicate,sap_flags,sap_ln_ratio,sap_sigma_ln,sap_z,sap_z_lin,sap_z_method,sap_ratio,sap_measured_snr,sap_expected_snr,sap_sigma_ln_expected,sap_detectable_ln_ratio,sap_detectable_depth_change_ppm,sap_comparison_status,sap_z_pop,sap_vs_pdcsap_verdict,sap_vs_pdcsap_n_pairs,sap_vs_pdcsap_authors,sap_minus_pdcsap_ppm,sap_minus_pdcsap_err_ppm,sap_minus_pdcsap_z,sap_minus_pdcsap_fraction,background_direction,ingress_fraction_used,t14_tess_hours,t14_tess_err_hours,t14_factor,t14_factor_err,duration_fit_depth_ppm,duration_fit_chi2_per_dof,duration_fit_n_points,duration_fit_status,duration_at_grid_edge,t14_ratio_observed,t14_ratio_expected_fixed_b,z_duration,b_implied_by_duration,duration_verdict,class,class_provisional,vetoes,would_be_candidate_without_vetoes,flags_classify,population_offset_pdc,population_offset_sap,population_scale_pdc,population_scale_sap,elapsed_s,pdc_depth_err_analytic_ppm,pdc_depth_err_bootstrap_ppm,pdc_n_transits_seen,pdc_chi2_per_dof,pdc_n_members_unavailable,pdc_ensemble_incomplete,pdc_ensemble_unavailable_reasons,pdc_depth_reduction_spread_fraction,pdc_depth_reduction_p16_ppm,pdc_depth_reduction_p84_ppm,pdc_depth_reduction_min_ppm,pdc_depth_reduction_max_ppm,pdc_depth_reduction_median_ppm,pdc_depth_reduction_max_offset_from_primary_ppm,pdc_spread_percentile,sap_depth_err_analytic_ppm,sap_depth_err_bootstrap_ppm,sap_n_transits_seen,sap_chi2_per_dof,sap_n_members_unavailable,sap_ensemble_incomplete,sap_ensemble_unavailable_reasons,sap_depth_reduction_spread_fraction,sap_depth_reduction_p16_ppm,sap_depth_reduction_p84_ppm,sap_depth_reduction_min_ppm,sap_depth_reduction_max_ppm,sap_depth_reduction_median_ppm,sap_depth_reduction_max_offset_from_primary_ppm,sap_spread_percentile,epoch_offset_days,background_n_agree
K04212.01,Kepler-1569 b,1724719,137488218,tic_kic_crossid_over_name_planet,CONFIRMED,CANDIDATE,5.7917993,133.35814,3.474,118.5,7.2,-7.2,0.011738,0.896,6.07,6174,4.244,13.96,0,0,0,0,2,292.20471,37.221218,15,OK,lightkurve,,12,"QLP,SPOC,TESS-SPOC","14,40,41,54,55,74,75,81",1.0335012,,122.46989,7.4412083,3341.1479,3341.1479,928,45.405386,0,,188.32616,12,0.92952151,-2.2607129,-843.12402,322.06584,False,OK,PDCSAP_FLUX,QLP,-843.12402,430.03517,bootstrap,430.03517,,TOO_FEW_MEMBERS,4,1,SPOC/PDCSAP_FLUX=OK;TESS-SPOC/PDCSAP_FLUX=OK;QLP/KSPSAP_FLUX=124ppm;QLP/DET_FLUX=OK,35,8,8,"74,75,14,40,41,54,55,81","QLP,SPOC","120,1800,200,600",False,False,9115.7139,5.6860015,0.0065941495,1.4228422,4,,-7.8843374,3.5122359,-2.24482,-2.24482,linear,-6.8843374,-1.9605932,0.2847904,3.5122359,17.56118,5.1850472e+09,OK,-2.24482,OK,SAP_FLUX,QLP,-842.88649,212.54314,bootstrap,212.54314,,TOO_FEW_MEMBERS,3,0,SPOC/SAP_FLUX=OK;TESS-SPOC/SAP_FLUX=OK;QLP/SAP_FLUX=OK,36,8,8,"74,75,14,40,41,54,55,81","QLP,SPOC","120,1800,200,600",False,False,7460.2263,-359.50544,0.82928565,1.1494588,4,,-7.8823979,1.7372556,-4.53727,-4.53727,linear,-6.8823979,-3.9657195,0.57621189,1.7372556,8.6862782,725034.47,OK,-4.53727,BACKGROUND_TEST_UNAVAILABLE,0,,,,,,,0.056335449,2.0669524,0.18965806,0.59497766,0.054593571,-733.46311,1.1096902,7409,OK,False,0.59497766,,,0.97234341,inconclusive,not_measurable,not_measurable,,False,,0,0,1,1,0.3,372.94608,430.03517,36,1.4092721,3,True,OK:3,,,,,,,,84,240.46845,212.54314,37,1.1719563,3,True,OK:3,,,,,,,,84,0,3
K04212.02,,1724719,137488218,tic_kic_crossid_over_name_planet,CANDIDATE,CANDIDATE,10.098963,132.3351,6.428,57,7.2,-7.2,0.007123,0.529,10.31,6174,4.244,13.96,0,0,0,0,2,292.20471,37.221218,15,OK,lightkurve,,12,"QLP,SPOC,TESS-SPOC","14,40,41,54,55,74,75,81",0.97849736,,55.774349,7.045181,3337.9834,3338.1843,532,90.521717,289.22143,3.1950502,367.98515,13,3.6796097,-2.0577562,-819.37752,1514.6101,True,OK,PDCSAP_FLUX,QLP,1514.6101,443.53013,bootstrap,780.92095,642.74299,OK,4,4,SPOC/PDCSAP_FLUX=1178ppm;TESS-SPOC/PDCSAP_FLUX=394ppm;QLP/KSPSAP_FLUX=1944ppm;QLP/DET_FLUX=195ppm,17,8,8,"74,75,14,40,41,54,55,81","QLP,SPOC","120,1800,200,600",False,False,10134.184,-176.78375,0.19754248,1.6355641,4,,3.3015993,0.53318932,6.1921707,1.8680087,ln,27.156034,3.4148979,0.12575098,14.002094,70.010472,1.4177392e+32,OK,6.1921707,OK,SAP_FLUX,QLP,614.91925,312.91343,bootstrap,398.5207,246.78721,OK,3,3,SPOC/SAP_FLUX=276ppm;TESS-SPOC/SAP_FLUX=182ppm;QLP/SAP_FLUX=908ppm,18,8,8,"74,75,14,40,41,54,55,81","QLP,SPOC","120,1800,200,600",False,False,8666.7342,-325.14061,0.49739491,2.7107622,4,,10.025126,7.1465239,1.4027976,1.4027976,linear,11.025126,1.9651417,0.17824211,7.1465239,35.73262,1.8404077e+17,OK,1.4027976,BACKGROUND_TEST_AGREES,2,"SPOC,TESS-SPOC",-572.24249,532.66881,-1.0742932,-0.72834892,PDC_DEEPER_THAN_SAP,0.02,3.5978843,0.65542691,0.55972065,0.10196436,1198.7422,1.0231344,6866,OK,False,0.55972065,1.0410087,-3.0615682,0.88555133,tracks_b,not_measurable,not_measurable,,False,,0,0,1,1,0.2,411.62249,443.53013,19,2.1365349,0,False,,0.42436201,290.56927,1576.0553,195.39196,1943.8014,785.67081,1319.2182,84,275.46672,312.91343,20,1.8722989,0,False,,0.40133272,212.25496,705.82939,182.27949,908.12424,275.95284,432.63976,84,0.20084822,3
K02634.01,Kepler-1299 b,1995519,120762000,tic_kic_crossid_confirms_name_planet,CONFIRMED,CANDIDATE,19.940121,142.34849,4.283,758.9,47.1,-47.1,0.029059,0.862,20,5623,4.596,15.922,0,0,0,0,1,286.15015,37.411369,15,OK,lightkurve,,4,"SPOC,TESS-SPOC","80,81",1.0267479,,779.19897,48.359825,3498.762,3498.762,277,54.150004,0,,226.69501,14,2.3161078,-2.0782986,-18362.138,20232.514,False,OK,PDCSAP_FLUX,SPOC,-18362.138,8835.1781,analytic,8835.1781,,TOO_FEW_MEMBERS,2,0,SPOC/PDCSAP_FLUX=OK;TESS-SPOC/PDCSAP_FLUX=OK,1,2,1,"80,81",SPOC,120,False,False,68954.786,,,,2,,-24.565404,11.339076,-2.1664379,-2.1664379,linear,-23.565404,-2.0782986,0.088192785,11.339076,56.695381,3.2669258e+27,OK,-2.1664379,OK,SAP_FLUX,SPOC,-3209.6586,1288.5139,analytic,1288.5139,,TOO_FEW_MEMBERS,2,0,SPOC/SAP_FLUX=OK;TESS-SPOC/SAP_FLUX=OK,2,2,2,"80,81",SPOC,120,False,False,14371.105,-257.97821,0.09820882,0.0096449722,2,,-5.1191772,1.6555586,-3.0921148,-3.0921148,linear,-4.1191772,-2.4909771,0.60472687,1.6555586,8.2777928,3065757.2,OK,-3.0921148,BACKGROUND_TEST_UNAVAILABLE,0,,,,,,,0.10248598,2.255226,0.47180399,0.52655288,0.11015736,-26189.163,1.1273693,642,OK,False,0.52655288,,,0.98558183,inconclusive,not_measurable,not_measurable,,False,,0,0,1,1,0.1,8835.1781,,1,0,2,True,OK:2,,,,,,,,84,1288.5139,90.109357,2,0.0096449722,2,True,OK:2,,,,,,,,84,0,3
K04931.01,,2019199,137637766,tic_kic_crossid,CANDIDATE,CANDIDATE,579.81521,343.5587,5.43,607,117,-117,0.025631,0.8425,477,5822,4.449,14.473,0,0,0,0,1,292.48621,37.404339,15,OK,lightkurve,NO_USABLE_TRANSIT,4,"SPOC,TESS-SPOC","74,75",1.0182015,,618.04834,119.12958,3394.8956,3394.8956,9,228.16224,0,,765.93671,20,,,,,False,NO_USABLE_TRANSIT,PDCSAP_FLUX,SPOC,,,none,,,TOO_FEW_MEMBERS,2,0,SPOC/PDCSAP_FLUX=NO_USABLE_TRANSIT;TESS-SPOC/PDCSAP_FLUX=NO_USABLE_TRANSIT,0,2,0,"74,75",SPOC,120,False,False,,,,,2,,,,,,,,,,,,,NO_USABLE_TRANSIT,,NO_USABLE_TRANSIT,SAP_FLUX,SPOC,,,none,,,TOO_FEW_MEMBERS,2,0,SPOC/SAP_FLUX=NO_USABLE_TRANSIT;TESS-SPOC/SAP_FLUX=NO_USABLE_TRANSIT,0,2,0,"74,75",SPOC,120,False,False,,,,,2,,,,,,,,,,,,,NO_USABLE_TRANSIT,,BACKGROUND_TEST_UNAVAILABLE,0,,,,,,,0.081574088,,,,,,,0,too_few_points,False,,,,,inconclusive,not_measured,not_measured,,False,,0,0,1,1,0.1,,,0,,2,True,NO_USABLE_TRANSIT:2,,,,,,,,84,,,0,,2,True,NO_USABLE_TRANSIT:2,,,,,,,,84,0,3
K04709.01,,2303903,137315720,tic_kic_crossid,CANDIDATE,CANDIDATE,3.7085859,134.47308,1.94,305.4,32.8,-32.8,0.015797,0.115,14.75,5420,4.596,15.947,0,0,0,0,1,291.64294,37.632408,15,OK,lightkurve,,4,"SPOC,TESS-SPOC","74,75",0.95664418,,292.15913,31.377929,3341.214,3341.214,1449,47.760695,0,,172.38209,18,2.3264226,-1.4203143,-8221.2194,11417.967,False,OK,PDCSAP_FLUX,SPOC,-8221.2194,6417.89,bootstrap,6417.89,,TOO_FEW_MEMBERS,2,0,SPOC/PDCSAP_FLUX=OK;TESS-SPOC/PDCSAP_FLUX=OK,14,2,2,"74,75",SPOC,120,False,False,146523.52,-23344.344,2.150157,0.04630031,2,,-29.139526,21.967423,-1.3264881,-1.3264881,linear,-28.139526,-1.2809848,0.045522614,21.967423,109.83712,1.469851e+50,OK,-1.3264881,OK,SAP_FLUX,SPOC,-4982.186,4182.5532,bootstrap,4182.5532,,TOO_FEW_MEMBERS,2,0,SPOC/SAP_FLUX=OK;TESS-SPOC/SAP_FLUX=OK,15,2,2,"74,75",SPOC,120,False,False,90798.054,-15351.152,2.336482,0.0095927669,2,,-18.052987,14.316501,-1.2609916,-1.2609916,linear,-17.052987,-1.1911829,0.069851863,14.316501,71.582503,3.5768894e+33,OK,-1.2609916,BACKGROUND_TEST_UNAVAILABLE,0,,,,,,,0.02,4.85,0.58282985,2.5,0.30042776,-9414.1904,1.0678143,4070,OK,True,2.5,,,,inconclusive,not_measurable,not_measurable,,False,,0,0,1,1,0.2,5788.3099,6417.89,14,0.89270756,2,True,OK:2,,,,,,,,84,3599.5832,4182.5532,15,0.91384517,2,True,OK:2,,,,,,,,84,0,3
K00151.01,,2307199,137547180,tic_kic_crossid,CANDIDATE,CANDIDATE,13.447179,132.83056,3.0454,1428.2,21.1,-21.1,0.046114,0.963,13.815,6276,4.405,14,0,0,0,0,1,292.37476,37.630959,15,OK,lightkurve,,8,"SPOC,TESS-SPOC","40,41,74,75",1.0734451,,1533.0943,22.649692,3317.8078,3317.7761,398,7.232308,-45.681,6.3162409,67.377924,8,3.953552,3.7212713,2480.2409,2597.8057,True,OK,PDCSAP_FLUX,SPOC,2597.8057,786.02933,bootstrap,803.5743,167.00164,OK,2,2,SPOC/PDCSAP_FLUX=2598ppm;TESS-SPOC/PDCSAP_FLUX=3089ppm,8,4,4,"40,41,74,75",SPOC,120,False,False,12312.045,2625.025,1.9961375,1.0889663,4,,0.52737903,0.31369115,1.6812047,1.318463,ln,1.6944853,3.304973,1.9504289,0.52673853,2.6336927,19815.391,OK,1.6812047,OK,SAP_FLUX,SPOC,1635.5165,406.40911,bootstrap,406.4387,4.9042955,OK,2,2,SPOC/SAP_FLUX=1636ppm;TESS-SPOC/SAP_FLUX=1621ppm,8,4,4,"40,41,74,75",SPOC,120,False,False,7936.9182,1273.1419,1.630419,1.1446462,4,,0.064670571,0.25391813,0.25469064,0.24726304,ln,1.0668075,4.0243107,3.7722931,0.27018809,1.3509405,4386.267,OK,0.25469064,BACKGROUND_TEST_AGREES,2,"SPOC,TESS-SPOC",-1195.3635,649.65992,-1.8399835,-0.42039988,PDC_DEEPER_THAN_SAP,0.5,6.1479692,1.209968,2.0187723,0.39731005,2759.8789,1.0995729,3654,OK,False,2.0187723,1.0842279,3.0494096,0.64328441,tracks_b,not_measurable,not_measurable,,False,,0,0,1,1,0.1,657.08147,786.02933,8,1.5457824,0,False,,0.064285655,2676.3947,3010.398,2597.8057,3088.987,2843.3964,491.1813,84,389.81181,406.40911,8,1.1214412,0,False,,0.0029986218,1623.4,1633.2086,1621.0921,1635.5165,1628.3043,14.424399,84,-0.031722917,3
K01024.01,Kepler-753 b,2715135,351056774,tic_kic_crossid_over_name_planet,CONFIRMED,CANDIDATE,5.7477119,133.29939,1.8923,820.1,18.5,-18.5,0.026906,0.575,19.76,4252,4.64,14.496,0,0,0,0,1,291.90326,37.90229,15,OK,lightkurve,,2,"SPOC,TESS-SPOC",74,0.97370078,,798.53201,18.013464,3328.9146,3328.9146,933,10.186465,0,,58.943895,12,0.19754724,-0.081306918,-116.81239,231.31348,False,OK,PDCSAP_FLUX,SPOC,-116.81239,1436.6844,analytic,1436.6844,,TOO_FEW_MEMBERS,2,1,SPOC/PDCSAP_FLUX=OK;TESS-SPOC/PDCSAP_FLUX=348ppm,3,1,1,74,SPOC,120,False,False,13430.804,-1478.2268,0.43180428,,1,,-1.1462839,1.799993,-0.63682688,-0.63682688,linear,-0.14628391,-0.081306918,0.55581587,1.799993,8.9999649,6469546.4,OK,-0.63682688,OK,SAP_FLUX,SPOC,38.286782,697.85894,analytic,697.86329,2.4638901,OK,2,2,SPOC/SAP_FLUX=38ppm;TESS-SPOC/SAP_FLUX=31ppm,4,1,1,74,SPOC,120,False,False,7414.5312,-315.28748,0.22234592,,1,,-0.95205354,0.87565253,-1.0872504,-1.0872504,linear,0.047946459,0.054863211,1.1442599,0.87565253,4.3782627,62844.029,OK,-1.0872504,BACKGROUND_TEST_AGREES,1,TESS-SPOC,-317.38834,1617.3446,-0.1962404,-0.91091413,PDC_DEEPER_THAN_SAP,0.038662332,1.674678,1.986915,0.88499605,1.05,-700.33824,0.96488664,851,OK,True,0.88499605,,,0.698252,inconclusive,not_measurable,not_measurable,,False,,0,0,1,1,0.1,1436.6844,876.15567,3,0.50624895,1,True,OK:1,,,,,,,,84,697.85894,318.00439,4,0.25159021,0,False,,0.064353544,32.199524,37.127305,31.040047,38.286782,34.663415,7.2467357,84,0,3
K03077.01,Kepler-1899 b,2715695,137348756,tic_kic_crossid_over_name_planet,CONFIRMED,CANDIDATE,4.095782,131.61992,1.704,405.5,37.4,-37.4,0.020221,0.752,12.68,4791,4.577,15.958,0,0,0,0,2,292.03348,37.974548,15,OK,lightkurve,,2,"SPOC,TESS-SPOC",74,1.0035361,,406.9339,37.532251,3325.9986,3325.9986,1309,38.239199,0,,140.2776,18,1.9120734,0.54245814,2730.759,9620.1624,False,OK,PDCSAP_FLUX,SPOC,2730.759,5034.0455,analytic,5034.0455,,TOO_FEW_MEMBERS,2,1,SPOC/PDCSAP_FLUX=2731ppm;TESS-SPOC/PDCSAP_FLUX=OK,5,1,1,74,SPOC,120,False,False,56976.299,-19368.617,1.836702,,1,,5.7105714,12.371116,0.46160519,0.46160519,linear,6.7105714,0.54245814,0.080836357,12.371116,61.855581,2.9720858e+29,OK,0.46160519,OK,SAP_FLUX,SPOC,629.604,1665.3309,analytic,1665.3309,,TOO_FEW_MEMBERS,2,1,SPOC/SAP_FLUX=630ppm;TESS-SPOC/SAP_FLUX=OK,6,1,1,74,SPOC,120,False,False,20950.763,-6075.4742,1.68586,,1,,0.54718987,4.0937314,0.13366531,0.13366531,linear,1.5471899,0.3780654,0.24435618,4.0937314,20.468657,3.154631e+11,OK,0.13366531,BACKGROUND_TEST_AGREES,1,SPOC,-2101.155,5302.3524,-0.39626845,-0.76943992,PDC_DEEPER_THAN_SAP,0.044521636,0.6816,1.7892,0.4,1.05,6735.4662,1.199642,1381,OK,True,0.4,1.0678889,-0.37388319,0.98223998,fixed_b,not_measurable,not_measurable,,False,,0,0,1,1,0.1,5034.0455,5092.7672,7,1.2595674,1,True,OK:1,,,,,,,,84,1665.3309,1491.761,7,0.85656266,1,True,OK:1,,,,,,,,84,0,3
K03077.02,,2715695,137348756,tic_kic_crossid_over_name_planet,CANDIDATE,CANDIDATE,7.5584292,137.9981,2.91,361.1,39.1,-39.1,0.018044,0.619,16.06,4791,4.577,15.958,0,0,0,0,2,292.03348,37.974548,15,OK,lightkurve,,2,"SPOC,TESS-SPOC",74,0.9812245,,354.32017,38.365878,3329.9244,3329.9244,709,89.029192,0,,310.73758,22,1.4573588,0.97564653,3862.6632,5739.7383,False,OK,PDCSAP_FLUX,SPOC,3862.6632,3959.0806,analytic,4084.3102,1003.6291,OK,2,2,SPOC/PDCSAP_FLUX=3863ppm;TESS-SPOC/PDCSAP_FLUX=6815ppm,3,1,1,74,SPOC,120,False,False,42453.64,-29.540315,0.0024904262,,1,,9.9016182,11.527791,0.85893457,0.85893457,linear,10.901618,0.97564653,0.089495569,11.527791,57.638955,3.8165957e+27,OK,0.85893457,OK,SAP_FLUX,SPOC,1225.5783,1374.9931,analytic,1430.5573,394.8268,OK,2,2,SPOC/SAP_FLUX=1226ppm;TESS-SPOC/SAP_FLUX=2387ppm,4,1,1,74,SPOC,120,False,False,19455.796,583.57052,0.1861193,,1,,2.4589572,4.0392318,0.60876852,0.60876852,linear,3.4589572,0.89133417,0.2576887,4.0392318,20.196159,2.0915889e+11,OK,0.60876852,BACKGROUND_TEST_AGREES,2,"SPOC,TESS-SPOC",-3426.422,3133.9889,-1.0933102,-0.64182172,PDC_DEEPER_THAN_SAP,0.028430049,6.6380267,3.0555,2.2811088,1.05,-1512.9235,1.0519546,1308,OK,True,2.2811088,1.0640579,1.6113343,,fixed_b,not_measurable,not_measurable,,False,,0,0,1,1,0.1,3959.0806,2303.6915,3,0.41223306,0,False,,0.25982827,4334.9592,6342.2174,3862.6632,6814.5135,5338.5883,2951.8503,84,1374.9931,1178.1959,4,0.77321062,0,False,,0.32215551,1411.3791,2201.0327,1225.5783,2386.8336,1806.2059,1161.2553,84,0,3
K04400.01,Kepler-1601 b,2831055,120571308,tic_kic_crossid_over_name_planet,CONFIRMED,CANDIDATE,2.2092312,131.90288,2.392,59.8,4.9,-4.9,0.007076,0.11,7.088,5991,4.375,13.764,0,0,0,0,1,285.51294,38.079739,15,OK,lightkurve,,11,"QLP,SPOC,TESS-SPOC","14,40,41,53,54,80,81",0.96383219,,57.637165,4.7227777,3501.2363,3501.1366,2506,53.634359,-143.53435,2.6761642,196.78308,18,6.754592,-1.6625893,-514.5211,2061.666,True,OK,PDCSAP_FLUX,QLP,2061.666,2073.1867,bootstrap,3669.2556,3027.4302,OK,4,3,SPOC/PDCSAP_FLUX=637ppm;TESS-SPOC/PDCSAP_FLUX=OK;QLP/KSPSAP_FLUX=9541ppm;QLP/DET_FLUX=6198ppm,77,7,7,"80,81,14,40,41,53,54","QLP,SPOC","120,1800,600",True,False,13144.18,-1072.9419,0.24458945,1.5288484,4,smeared,34.769732,63.661351,0.54616705,0.54616705,linear,35.769732,0.99444296,0.027801241,63.661351,318.30676,9.9901071e+139,OK,0.54616705,OK,SAP_FLUX,QLP,1309.2654,1189.6365,bootstrap,2558.6291,2265.2478,OK,3,3,SPOC/SAP_FLUX=760ppm;TESS-SPOC/SAP_FLUX=451ppm;QLP/SAP_FLUX=7113ppm,80,7,7,"80,81,14,40,41,53,54","QLP,SPOC","120,1800,600",True,False,12568.252,-999.2975,0.41014058,1.3601249,4,smeared,21.715646,44.392105,0.48917811,0.48917811,linear,22.715646,1.1005592,0.048449391,44.392105,221.96052,1.4352677e+98,OK,0.48917811,BACKGROUND_TEST_AGREES,1,SPOC,122.44393,2518.6694,0.048614529,0.1921617,SAP_DEEPER_THAN_PDC,0.02,4.6836437,2.5116,1.958045,1.05,216.96714,3.7384366,10956,OK,True,1.958045,1.0356637,1.1726433,,fixed_b,not_measurable,not_measurable,,False,,0,0,1,1,0.5,305.22435,2073.1867,81,41.428241,1,True,OK:1,1.4684388,2416.5552,8471.4155,637.19215,9541.3986,6197.7016,7479.7326,84,169.8995,1189.6365,82,45.302829,0,False,,1.730167,549.76104,5080.2567,450.99631,7113.4899,759.63608,5804.2245,84,-0.099676633,3
K06293.01,,2834463,120963278,tic_kic_crossid,CANDIDATE,CANDIDATE,5.8883694,136.02799,1.05,119.9,21.1,-21.1,0.01018,0.249,42,6243,4.39,14.199,0,0,0,0,1,286.58701,38.00108,15,OK,lightkurve,,4,"SPOC,TESS-SPOC","80,81",0.96805141,,116.06936,20.425885,3504.0952,3504.0952,940,44.370617,0,,148.86185,26,2.0502954,1.5861359,2582.2483,2915.2447,False,OK,PDCSAP_FLUX,SPOC,2582.2483,979.60829,bootstrap,1038.5288,344.83269,OK,2,2,SPOC/PDCSAP_FLUX=2582ppm;TESS-SPOC/PDCSAP_FLUX=1568ppm,8,2,2,"80,81",SPOC,120,False,False,18310.021,-133.12425,0.040431091,0.27373441,2,,3.1022278,0.44183452,7.0212435,2.3741891,ln,22.247458,2.6360009,0.11848549,8.9493539,44.74677,3.1476958e+21,OK,7.0212435,OK,SAP_FLUX,SPOC,479.06729,245.56698,bootstrap,253.84926,64.314121,OK,2,2,SPOC/SAP_FLUX=479ppm;TESS-SPOC/SAP_FLUX=290ppm,8,2,2,"80,81",SPOC,120,False,False,3903.9117,299.40359,0.43311677,0.078302979,2,,3.1274224,2.1946862,1.4249975,1.4249975,linear,4.1274224,1.950862,0.47265869,2.1946862,10.973431,6767225.6,OK,1.4249975,BACKGROUND_TEST_AGREES,2,"SPOC,TESS-SPOC",-1802.7665,805.33345,-2.2385342,-0.86874391,PDC_DEEPER_THAN_SAP,0.02,1.05,0.36513376,1,0.34774644,1958.7557,1.0763498,1259,OK,False,1,1.039839,-0.095045879,0.249,fixed_b,not_measurable,not_measurable,,False,,0,0,1,1,0.2,1628.0121,979.60829,9,0.52368254,0,False,,0.13353971,1730.3087,2419.9741,1568.0345,2582.2483,2075.1414,1014.2138,84,332.87749,245.56698,9,0.57324397,0,False,,0.13424862,320.17358,448.80182,289.90811,479.06729,384.4877,189.15918,84,0,3
K00377.01,Kepler-9 b,3323887,120571842,tic_kic_crossid_over_name_planet,CONFIRMED,CANDIDATE,19.270826,182.5436,4.1281,6660.5,13,-13,0.074186,0.169,37.84,5779,4.491,13.803,0,0,0,0,3,285.57397,38.400902,15,OK,lightkurve,,13,"QLP,SPOC,TESS-SPOC","14,40,41,53,54,80,81",0.96380279,,6419.4085,12.529436,3488.4582,3488.4582,284,1.7279063,0,,67.105219,7,2.4067153,0.56097703,929.97546,3930.3043,False,OK,PDCSAP_FLUX,QLP,929.97546,1657.7781,analytic,1657.7781,,TOO_FEW_MEMBERS,4,1,SPOC/PDCSAP_FLUX=OK;TESS-SPOC/PDCSAP_FLUX=OK;QLP/KSPSAP_FLUX=4116ppm;QLP/DET_FLUX=OK,6,7,4,"14,80,81,40,41,53,54","QLP,SPOC","120,600",False,False,20552.714,6707.7029,2.0144642,1.125617,6,,-0.85513066,0.26304777,-3.2508569,-3.2508569,linear,0.14486934,0.56097703,3.8722965,0.26304777,1.3152388,17497.001,OK,-3.2508569,OK,SAP_FLUX,QLP,-101.37365,257.96401,analytic,257.96401,,TOO_FEW_MEMBERS,3,0,SPOC/SAP_FLUX=OK;TESS-SPOC/SAP_FLUX=OK;QLP/SAP_FLUX=OK,7,7,5,"14,80,81,40,41,53,54","QLP,SPOC","120,600",False,False,16381.574,832.81521,1.5364281,6.4248569,6,sector_scatter,-1.0157917,0.064176669,-15.828053,-15.828053,linear,-0.015791743,-0.39297593,24.884899,0.064176669,0.32088334,2428.7497,OK,-15.828053,BACKGROUND_TEST_UNAVAILABLE,0,,,,,,,0.070959999,9.7086956,2.4430463,2.3518557,0.5918089,2486.5752,1.1098924,1730,OK,True,2.3518557,0.95610251,3.508114,,duration_inconsistent,transit_not_recovered,transit_not_recovered,,False,,0,0,1,1,0.1,1657.7781,2491.0443,9,2.6339178,3,True,OK:3,,,,,,,,84,257.96401,1983.8585,9,8.584569,3,True,OK:3,,,,,,,,84,0,3
K00377.02,Kepler-9 c,3323887,120571842,tic_kic_crossid_over_name_planet,CONFIRMED,CANDIDATE,38.907875,175.42585,4.5271,6159.1,18.3,-18.3,0.076413,0.6883,54.34,5779,4.491,13.803,0,0,0,0,3,285.57397,38.400902,15,OK,lightkurve,,13,"QLP,SPOC,TESS-SPOC","14,40,41,53,54,80,81",0.99107826,,6104.1501,18.136732,3494.4362,3494.4362,141,2.7859856,0,,76.264457,7,-0.1151184,-3.0910745,-4976.1979,-169.19353,False,OK,PDCSAP_FLUX,QLP,-4976.1979,1609.8603,analytic,1609.8603,,TOO_FEW_MEMBERS,4,0,SPOC/PDCSAP_FLUX=OK;TESS-SPOC/PDCSAP_FLUX=OK;QLP/KSPSAP_FLUX=OK;QLP/DET_FLUX=OK,5,7,5,"14,80,81,40,41,53,54","QLP,SPOC","120,600",False,False,21451.094,-7391.3785,2.2726235,1.3721519,6,,-1.8152155,0.26844635,-6.7619304,-6.7619304,linear,-0.81521552,-3.0910745,3.7917267,0.26844635,1.3422317,17259.949,OK,-6.7619304,OK,SAP_FLUX,QLP,-299.8014,351.64061,analytic,351.64061,,TOO_FEW_MEMBERS,3,0,SPOC/SAP_FLUX=OK;TESS-SPOC/SAP_FLUX=OK;QLP/SAP_FLUX=OK,5,7,5,"14,80,81,40,41,53,54","QLP,SPOC","120,600",False,False,12417.936,-4475.8966,1.4950756,1.4404839,6,,-1.0491144,0.076337228,-13.743155,-13.743155,linear,-0.049114355,-0.85257901,17.359059,0.076337228,0.38168614,2836.9177,OK,-13.743155,BACKGROUND_TEST_UNAVAILABLE,0,,,,,,,0.12793388,4.1307231,1.9199027,0.91244354,0.42409108,-3365.532,0.9497071,1763,OK,False,0.91244354,,,0.76710009,inconclusive,transit_not_recovered,transit_not_recovered,,False,,0,0,1,1,0.1,1609.8603,1796.0434,6,1.3721519,4,True,OK:4,,,,,,,,84,351.64061,1361.582,6,1.4404839,3,True,OK:3,,,,,,,,84,0,3
K00377.03,Kepler-9 d,3323887,120571842,tic_kic_crossid_over_name_planet,CONFIRMED,CANDIDATE,1.5929597,182.08924,1.9313,248.3,5.6,-5.6,0.014209,0.0779,6.399,5779,4.491,13.803,0,0,0,0,3,285.57397,38.400902,15,OK,lightkurve,,13,"QLP,SPOC,TESS-SPOC","14,40,41,53,54,80,81",0.96279579,,239.0622,5.3916564,3494.8706,3494.8706,3440,11.471447,0,,63.383842,12,2.9308578,2.6849454,1388.6478,1535.3554,False,OK,PDCSAP_FLUX,QLP,1388.6478,634.43609,bootstrap,660.75082,184.61445,OK,4,3,SPOC/PDCSAP_FLUX=1386ppm;TESS-SPOC/PDCSAP_FLUX=1017ppm;QLP/KSPSAP_FLUX=1560ppm;QLP/DET_FLUX=OK,113,7,7,"14,80,81,40,41,53,54","QLP,SPOC","120,600",False,False,20820.072,176.72004,0.13859711,0.074883368,6,,1.759362,0.47897426,3.673187,1.7394747,ln,5.8087304,2.1887907,0.37681052,2.7644727,13.822364,2.4070591e+08,OK,3.673187,OK,SAP_FLUX,QLP,222.42897,83.133002,bootstrap,339.85794,329.53349,OK,3,3,SPOC/SAP_FLUX=191ppm;TESS-SPOC/SAP_FLUX=75ppm;QLP/SAP_FLUX=1044ppm,115,7,7,"14,80,81,40,41,53,54","QLP,SPOC","120,600",False,False,11147.469,-297.53052,1.9419989,0.99856337,6,,-0.072115927,1.5289234,-0.047167783,-0.048905306,ln,0.93042303,2.6755797,2.8756594,1.4226876,7.1134379,293416.16,OK,-0.047167783,BACKGROUND_TEST_AGREES,2,"SPOC,TESS-SPOC",-1061.2066,552.93465,-1.9192261,-0.88323603,PDC_DEEPER_THAN_SAP,0.02,3.4504712,0.93322722,1.7866055,0.48321194,-430.47132,1.1137897,16632,OK,True,1.7866055,1.0200456,2.0339249,,fixed_b,not_measurable,not_measurable,,False,,0,0,1,1,0.6,517.19779,634.43609,116,1.3136748,1,True,OK:1,0.13294547,1135.2328,1504.4617,1017.4274,1560.411,1385.5693,371.22046,84,111.34744,83.133002,117,1.0620619,0,False,,1.4815224,112.0058,771.07279,74.660492,1043.8767,191.36458,821.44768,84,0,3
K06329.01,,3346543,137687381,tic_kic_crossid,CANDIDATE,CANDIDATE,12.470111,143.7236,3.616,89.7,13.4,-13.4,0.008943,0.569,21.96,5623,3.877,14.024,0,0,0,0,1,292.52939,38.489079,15,OK,lightkurve,,2,"SPOC,TESS-SPOC",74,0.97835751,,87.758668,13.109991,3326.4012,3326.4012,429,113.53116,0,,394.83349,22,1.4865058,-0.32814254,-377.04379,1825.4925,False,OK,PDCSAP_FLUX,SPOC,-377.04379,1149.0244,analytic,1149.0244,,TOO_FEW_MEMBERS,2,1,SPOC/PDCSAP_FLUX=OK;TESS-SPOC/PDCSAP_FLUX=103ppm,2,1,1,74,SPOC,120,False,False,11649.01,-361.73819,0.15725429,,1,,-5.296371,13.09395,-0.40448994,-0.40448994,linear,-4.296371,-0.32814254,0.076376679,13.09395,65.469748,2.3792513e+30,OK,-0.40448994,OK,SAP_FLUX,SPOC,-78.479726,681.92421,analytic,681.92421,,TOO_FEW_MEMBERS,2,1,SPOC/SAP_FLUX=OK;TESS-SPOC/SAP_FLUX=31ppm,3,1,1,74,SPOC,120,False,False,7908.6361,-22.314442,0.016307156,,1,,-1.8942675,7.7720452,-0.24372832,-0.24372832,linear,-0.89426751,-0.1150857,0.1286927,7.7720452,38.860226,6.6080247e+18,OK,-0.24372832,BACKGROUND_TEST_AGREES,1,TESS-SPOC,-72.320711,1684.8761,-0.042923459,-0.70271264,PDC_DEEPER_THAN_SAP,0.02,9.04,0.13596747,2.5,0.037601624,1747.1379,0.76311092,1060,OK,True,2.5,,,,inconclusive,not_measurable,not_measurable,,False,,0,0,1,1,0.1,1149.0244,125.20698,3,0.024728913,1,True,OK:1,,,,,,,,84,681.92421,54.876496,3,0.0093765703,1,True,OK:1,,,,,,,,84,0,3
K02662.01,Kepler-1308 b,3426367,120693011,tic_kic_crossid_over_name_planet,CONFIRMED,CANDIDATE,2.1043353,133.31612,1.1168,242.1,15,-15,0.016787,0.872,7.58,3605,4.837,14.488,0,0,0,0,1,285.92889,38.520981,15,OK,lightkurve,,19,"QLP,SPOC,TESS-SPOC","14,40,41,53,54,80,81",1.0580113,,256.14453,15.870169,2785.244,2785.244,2290,14.93955,0,,61.570649,14,1.2314083,1.2314083,343.4214,343.4214,False,OK,PDCSAP_FLUX,QLP,343.4214,318.89613,bootstrap,1573.7409,1541.0924,OK,4,4,SPOC/PDCSAP_FLUX=440ppm;TESS-SPOC/PDCSAP_FLUX=627ppm;QLP/KSPSAP_FLUX=6049ppm;QLP/DET_FLUX=294ppm,86,7,7,"40,41,53,54,80,81,14","QLP,SPOC","120,1800",True,False,10061.338,1072.9017,1.6457047,0.69970477,12,smeared,0.34073292,6.1444726,0.055453566,0.055453566,linear,1.3407329,1.0769068,0.80322245,6.1444726,30.722363,5.6368671e+15,OK,0.055453566,OK,SAP_FLUX,QLP,248.02313,188.31322,bootstrap,1442.8738,1430.5324,OK,3,3,SPOC/SAP_FLUX=268ppm;TESS-SPOC/SAP_FLUX=464ppm;QLP/SAP_FLUX=4476ppm,86,7,7,"40,41,53,54,80,81,14","QLP,SPOC","120,1800",True,False,5518.7647,637.79545,1.6754814,0.48798255,12,smeared,-0.031706313,5.633608,-0.0056280652,-0.0056280652,linear,0.96829369,1.3170777,1.3602048,5.633608,28.16804,4.3823735e+14,OK,-0.0056280652,BACKGROUND_TEST_AGREES,2,"SPOC,TESS-SPOC",-169.81409,369.4836,-0.45959844,-0.31834139,PDC_DEEPER_THAN_SAP,0.065701435,1.050621,0.14696736,0.94074229,0.13159685,510.42948,1.0603264,12219,OK,False,0.94074229,1.0098361,-0.44430832,0.88985074,fixed_b,not_measurable,not_measurable,,False,,0,0,1,1,0.6,278.88509,318.89613,87,1.1674111,0,False,,4.4874675,364.08564,3446.2704,294.24251,6048.5642,533.4339,5705.1428,84,159.62406,188.31322,87,1.209532,0,False,,5.7677377,330.69596,3191.7607,268.06525,4475.5134,463.78621,4227.4902,84,0,3
K04978.01,,3428127,120962288,tic_kic_crossid_over_position_tic,CANDIDATE,CANDIDATE,339.18998,300.2366,5.117,822,124,-124,0.026027,0.2222,507,5544,4.402,15.278,0,0,0,0,1,286.59076,38.5583,15,OK,lightkurve,NO_USABLE_TRANSIT,4,"SPOC,TESS-SPOC","80,81",0.96021332,,789.29535,119.06645,3560.2763,3560.2763,16,333.02226,0,,864,24,,,,,False,NO_USABLE_TRANSIT,PDCSAP_FLUX,SPOC,,,none,,,TOO_FEW_MEMBERS,2,0,SPOC/PDCSAP_FLUX=NO_USABLE_TRANSIT;TESS-SPOC/PDCSAP_FLUX=NO_USABLE_TRANSIT,0,2,0,"80,81",SPOC,120,False,False,,,,,2,,,,,,,,,,,,,NO_USABLE_TRANSIT,,NO_USABLE_TRANSIT,SAP_FLUX,SPOC,,,none,,,TOO_FEW_MEMBERS,2,0,SPOC/SAP_FLUX=NO_USABLE_TRANSIT;TESS-SPOC/SAP_FLUX=NO_USABLE_TRANSIT,0,2,0,"80,81",SPOC,120,False,False,,,,,2,,,,,,,,,,,,,NO_USABLE_TRANSIT,,BACKGROUND_TEST_UNAVAILABLE,0,,,,,,,0.026650107,,,,,,,0,too_few_points,False,,,,,inconclusive,not_measured,not_measured,,False,,0,0,1,1,0.1,,,0,,2,True,NO_USABLE_TRANSIT:2,,,,,,,,84,,,0,,2,True,NO_USABLE_TRANSIT:2,,,,,,,,84,0,3
K04626.01,,3539231,122142062,tic_kic_crossid,CANDIDATE,CANDIDATE,91.95723,183.0248,10.471,308.4,27,-27,0.015948,0.015,68.15,5854,4.114,14.876,0,0,0,0,1,289.90417,38.651371,15,OK,lightkurve,NO_USABLE_TRANSIT,6,"SPOC,TESS-SPOC","74,80,81",0.96306993,,297.01076,26.002888,3533.4586,3533.4586,60,499.78815,0,,864,12,,,,,False,NO_USABLE_TRANSIT,PDCSAP_FLUX,SPOC,,,none,,,TOO_FEW_MEMBERS,2,0,SPOC/PDCSAP_FLUX=NO_USABLE_TRANSIT;TESS-SPOC/PDCSAP_FLUX=NO_USABLE_TRANSIT,0,3,0,"74,80,81",SPOC,120,False,False,,,,,3,,,,,,,,,,,,,NO_USABLE_TRANSIT,,NO_USABLE_TRANSIT,SAP_FLUX,SPOC,,,none,,,TOO_FEW_MEMBERS,2,0,SPOC/SAP_FLUX=NO_USABLE_TRANSIT;TESS-SPOC/SAP_FLUX=NO_USABLE_TRANSIT,0,3,0,"74,80,81",SPOC,120,False,False,,,,,3,,,,,,,,,,,,,NO_USABLE_TRANSIT,,BACKGROUND_TEST_UNAVAILABLE,0,,,,,,,0.02,,,,,,,0,too_few_points,False,,,,,inconclusive,not_measured,not_measured,,False,,0,0,1,1,0.1,,,1,,2,True,NO_USABLE_TRANSIT:2,,,,,,,,84,,,1,,2,True,NO_USABLE_TRANSIT:2,,,,,,,,84,0,3
K02755.01,Kepler-1689 b,3545135,137218786,tic_kic_crossid_over_name_planet,CONFIRMED,CANDIDATE,8.4829928,132.96583,2.505,69.1,3.9,-3.9,0.007876,0.564,21.6,5827,4.471,12.147,0,0,0,0,1,291.57422,38.655949,15,OK,lightkurve,,25,"QLP,SPOC,TESS-SPOC","14,40,41,54,55,74,75,81,82",0.97968685,,67.696361,3.8207787,3335.7003,3335.7003,633,36.022723,0,,145.64317,14,2.1318828,0.87301449,94.554014,235.20455,False,OK,PDCSAP_FLUX,QLP,94.554014,111.12835,bootstrap,226.20996,197.03156,OK,4,4,SPOC/PDCSAP_FLUX=69ppm;TESS-SPOC/PDCSAP_FLUX=47ppm;QLP/KSPSAP_FLUX=634ppm;QLP/DET_FLUX=254ppm,26,9,9,"40,41,54,55,74,75,81,82,14","QLP,SPOC","120,1800",False,False,3136.8866,-427.51554,2.0683895,1.1572277,16,,0.39673702,3.3423886,0.11869865,0.11869865,linear,1.396737,0.85085408,0.60917271,3.3423886,16.711943,1.225942e+09,OK,0.11869865,OK,SAP_FLUX,QLP,115.2469,64.728314,bootstrap,144.54504,129.24208,OK,3,3,SPOC/SAP_FLUX=94ppm;TESS-SPOC/SAP_FLUX=105ppm;QLP/SAP_FLUX=474ppm,26,9,9,"40,41,54,55,74,75,81,82,14","QLP,SPOC","120,1800",False,False,2666.6201,-201.37044,1.5259577,1.4711855,16,,0.70240911,2.1365275,0.32876202,0.32876202,linear,1.7024091,1.7804713,1.0458539,2.1365275,10.682638,2950978.1,OK,0.32876202,BACKGROUND_TEST_AGREES,2,"SPOC,TESS-SPOC",38.642679,95.599719,0.40421331,0.6680336,SAP_DEEPER_THAN_PDC,0.02,2.4296463,0.18855992,0.9699187,0.075273421,123.57196,1.0067124,8763,OK,False,0.9699187,1.0020691,-0.31898226,0.59953413,fixed_b,not_measurable,not_measurable,,False,,0,0,1,1,0.4,108.3075,111.12835,27,2.4340906,0,False,,2.083799,57.395293,451.45841,46.592431,634.16705,161.31123,539.61304,84,90.410614,64.728314,27,2.774786,0,False,,1.1214364,97.681258,356.16541,94.326461,474.45021,104.8102,359.20331,84,0,3
K01194.01,Kepler-415 c,3554031,138365520,tic_kic_crossid_confirms_name_planet,CONFIRMED,CANDIDATE,8.7079831,363.05638,2.4904,1419.6,53.6,-53.6,0.033251,0.063,27.56,4362,4.722,15.842,0,0,0,0,3,293.80441,38.63913,15,OK,lightkurve,,16,"SPOC,TESS-SPOC","40,41,54,55,74,75,81,82",0.94365971,,1339.6193,50.580161,3325.0584,3325.0584,589,25.043696,0,,112.48709,14,1.8444037,1.793894,3716.5707,3838.0865,False,OK,PDCSAP_FLUX,SPOC,3716.5707,1985.1854,bootstrap,2025.706,403.14267,OK,2,2,SPOC/PDCSAP_FLUX=3717ppm;TESS-SPOC/PDCSAP_FLUX=2531ppm,24,8,8,"40,41,54,55,74,75,81,82",SPOC,120,False,False,62659.684,-6222.5761,1.6609378,0.32331364,8,,1.7743483,1.513448,1.1723881,1.1723881,linear,2.7743483,1.872153,0.67480819,1.513448,7.5672398,2589209.8,OK,1.1723881,OK,SAP_FLUX,SPOC,355.16902,286.10875,bootstrap,286.11557,1.9744033,OK,2,2,SPOC/SAP_FLUX=355ppm;TESS-SPOC/SAP_FLUX=349ppm,24,8,8,"40,41,54,55,74,75,81,82",SPOC,120,False,False,8326.133,-690.4383,1.232974,0.41938839,8,,-0.73487318,0.22258012,-3.3016119,-3.3016119,linear,0.26512682,1.2413777,4.6822032,0.22258012,1.1129006,2737.0736,OK,-3.3016119,BACKGROUND_TEST_AGREES,2,"SPOC,TESS-SPOC",-2794.2018,1445.3326,-1.9332587,-0.89451276,PDC_DEEPER_THAN_SAP,0.032305182,4.587356,0.94251751,1.8420157,0.37846029,2283.1158,1.0277744,8942,OK,False,1.8420157,1.0215103,2.7561642,,fixed_b,not_measurable,not_measurable,,False,,0,0,1,1,0.3,2071.7895,1985.1854,24,0.92133286,0,False,,0.10847168,2720.5711,3526.8565,2530.8569,3716.5707,3123.7138,1185.7137,84,287.17927,286.10875,24,1.0717159,0,False,,0.0055590528,350.29108,354.23989,349.36195,355.16902,352.26548,5.8070686,84,0,3
K01194.02,,3554031,138365520,tic_kic_crossid_confirms_name_planet,CANDIDATE,CANDIDATE,14.862308,354.57297,3.161,840,62.5,-62.5,0.025982,0.324,34.98,4362,4.722,15.842,0,0,0,0,3,293.80441,38.63913,15,OK,lightkurve,,16,"SPOC,TESS-SPOC","40,41,54,55,74,75,81,82",0.95224114,,799.88256,59.515071,3329.9315,3329.9315,346,65.71502,0,,244.56006,18,1.3744744,0.97865016,2296.2399,3287.2801,False,OK,PDCSAP_FLUX,SPOC,2296.2399,1622.9799,bootstrap,1623.142,22.938396,OK,2,2,SPOC/PDCSAP_FLUX=2296ppm;TESS-SPOC/PDCSAP_FLUX=2364ppm,15,8,8,"40,41,54,55,74,75,81,82",SPOC,120,False,False,61010.127,662.40996,0.15446181,0.70987787,8,,1.8707213,2.0312045,0.92099111,0.92099111,linear,2.8707213,1.4148295,0.4928481,2.0312045,10.156022,20592727,OK,0.92099111,OK,SAP_FLUX,SPOC,434.50306,180.91674,bootstrap,183.69814,31.845523,OK,2,2,SPOC/SAP_FLUX=435ppm;TESS-SPOC/SAP_FLUX=341ppm,15,8,8,"40,41,54,55,74,75,81,82",SPOC,120,False,False,8167.2206,97.597001,0.18006303,0.41192862,8,,-0.61026192,0.43217695,-1.4120649,-1.8528672,ln,0.54320857,2.4016741,4.4212744,0.24653219,1.232661,1943.9909,OK,-1.4120649,BACKGROUND_TEST_AGREES,2,"SPOC,TESS-SPOC",-1918.2888,1315.6069,-1.4581018,-0.82330953,PDC_DEEPER_THAN_SAP,0.028212884,2.884234,0.088106927,0.91244354,0.027873118,5795.61,1.0138703,7026,OK,False,0.91244354,1.0195173,-1.2425931,0.5134775,fixed_b,not_measurable,not_measurable,,False,,0,0,1,1,0.3,2346.3337,1622.9799,15,0.49751413,0,False,,0.0099895469,2307.0344,2352.9112,2296.2399,2363.7057,2329.9728,67.465871,84,323.75111,180.91674,15,0.37954437,0,False,,0.073291827,355.82589,419.51693,340.83976,434.50306,387.67141,93.663304,84,0,3
K01194.03,Kepler-415 b,3554031,138365520,tic_kic_crossid_confirms_name_planet,CONFIRMED,CANDIDATE,4.1763428,352.99674,2.335,531.5,39.3,-39.3,0.020401,0.142,13.82,4362,4.722,15.842,0,0,0,0,3,293.80441,38.63913,15,OK,lightkurve,,16,"SPOC,TESS-SPOC","40,41,54,55,74,75,81,82",0.94499109,,502.26276,37.13815,3327.0747,3327.0747,1231,43.373137,0,,165.14441,15,2.0103936,-0.23867995,-369.25724,3139.6073,False,OK,PDCSAP_FLUX,SPOC,-369.25724,1559.7936,bootstrap,1559.7936,,TOO_FEW_MEMBERS,2,0,SPOC/PDCSAP_FLUX=OK;TESS-SPOC/PDCSAP_FLUX=OK,49,8,8,"40,41,54,55,74,75,81,82",SPOC,120,False,False,62059.793,1357.3885,0.44207406,0.3393322,8,,-1.7351874,3.1068156,-0.55850993,-0.55850993,linear,-0.73518737,-0.23673467,0.3220059,3.1068156,15.534078,2.8008853e+09,OK,-0.55850993,OK,SAP_FLUX,SPOC,-78.128824,237.77585,bootstrap,237.77585,,TOO_FEW_MEMBERS,2,1,SPOC/SAP_FLUX=OK;TESS-SPOC/SAP_FLUX=86ppm,49,8,8,"40,41,54,55,74,75,81,82",SPOC,120,False,False,8282.0833,97.417181,0.21322723,0.48695735,8,,-1.1555537,0.48175067,-2.3986551,-2.3986551,linear,-0.15555369,-0.32858183,2.1123372,0.48175067,2.4087534,5082.9442,OK,-2.3986551,BACKGROUND_TEST_UNAVAILABLE,0,,,,,,,0.020396341,1.0881035,2.45175,0.46599722,1.05,-1618.9003,1.0681735,16667,OK,True,0.46599722,,,0.90525842,inconclusive,not_measurable,not_measurable,,False,,0,0,1,1,0.5,1547.0811,1559.7936,51,1.0022212,2,True,OK:2,,,,,,,,84,206.1044,237.77585,51,1.165338,1,True,OK:1,,,,,,,,84,0,3
K00492.01,Kepler-576 b,3559935,139036554,tic_kic_crossid_over_name_planet,CONFIRMED,CANDIDATE,29.911189,194.71129,6.6436,942,21.1,-21.1,0.027392,0.041,35.31,5275,4.397,14.424,0,0,0,0,2,295.18292,38.654228,15,OK,lightkurve,,16,"SPOC,TESS-SPOC","40,41,54,55,74,75,81,82",0.95461391,,899.24631,20.142354,3321.9917,3321.9917,177,24.340718,0,,172.67615,9,0.50987721,-1.6696512,-1407.851,446.24297,False,OK,PDCSAP_FLUX,SPOC,-1407.851,843.20068,analytic,843.20068,,TOO_FEW_MEMBERS,2,0,SPOC/PDCSAP_FLUX=OK;TESS-SPOC/PDCSAP_FLUX=OK,5,8,5,"40,41,54,55,74,75,81,82",SPOC,120,False,False,17376.246,-1555.4939,0.89250297,1.5757578,8,,-2.56559,0.93927414,-2.7314603,-2.7314603,linear,-1.56559,-1.6696512,1.0664677,0.93927414,4.6963707,97612.168,OK,-2.7314603,OK,SAP_FLUX,SPOC,-384.58399,190.20596,analytic,190.20596,,TOO_FEW_MEMBERS,2,0,SPOC/SAP_FLUX=OK;TESS-SPOC/SAP_FLUX=OK,6,8,6,"40,41,54,55,74,75,81,82",SPOC,120,False,False,4736.5777,-140.34268,0.356933,0.84636679,8,,-1.4276737,0.2184976,-6.5340475,-6.5340475,linear,-0.42767369,-2.0219345,4.7277504,0.2184976,1.092488,1782.0214,OK,-6.5340475,BACKGROUND_TEST_UNAVAILABLE,0,,,,,,,0.026705411,16.609,2.1856921,2.5,0.32899213,-1371.5685,0.96826896,4981,OK,True,2.5,,,,inconclusive,not_measurable,not_measurable,,False,,0,0,1,1,0.2,843.20068,993.55525,7,1.5757578,2,True,OK:2,,,,,,,,84,190.20596,174.44474,7,0.84636679,2,True,OK:2,,,,,,,,84,0,3
K00492.02,,3559935,139036554,tic_kic_crossid_over_name_planet,CANDIDATE,CANDIDATE,265.29617,297.8704,4.1,608,134,-134,0.02249,0.3323,478,5589,4.27,14.424,0,0,0,0,2,295.18292,38.654228,15,OK,lightkurve,NO_USABLE_TRANSIT,16,"SPOC,TESS-SPOC","40,41,54,55,74,75,81,82",0.96439245,,586.35061,129.22859,3436.7938,3436.7938,20,447.11738,0,,864,30,,,,,False,NO_USABLE_TRANSIT,PDCSAP_FLUX,SPOC,,,none,,,TOO_FEW_MEMBERS,2,0,SPOC/PDCSAP_FLUX=NO_USABLE_TRANSIT;TESS-SPOC/PDCSAP_FLUX=NO_USABLE_TRANSIT,0,8,0,"40,41,54,55,74,75,81,82",SPOC,120,False,False,,,,,8,,,,,,,,,,,,,NO_USABLE_TRANSIT,,NO_USABLE_TRANSIT,SAP_FLUX,SPOC,,,none,,,TOO_FEW_MEMBERS,2,0,SPOC/SAP_FLUX=NO_USABLE_TRANSIT;TESS-SPOC/SAP_FLUX=NO_USABLE_TRANSIT,0,8,0,"40,41,54,55,74,75,81,82",SPOC,120,False,False,,,,,8,,,,,,,,,,,,,NO_USABLE_TRANSIT,,BACKGROUND_TEST_UNAVAILABLE,0,,,,,,,0.024659983,,,,,,,0,too_few_points,False,,,,,inconclusive,not_measured,not_measured,,False,,0,0,1,1,0.3,,,0,,2,True,NO_USABLE_TRANSIT:2,,,,,,,,84,,,0,,2,True,NO_USABLE_TRANSIT:2,,,,,,,,84,0,3
K08242.01,,3629119,120692691,tic_kic_crossid,CANDIDATE,CANDIDATE,331.55459,237.2754,5.35,288.7,48.2,-48.2,0.015518,0.001,481,5762,4.576,14.066,0,0,0,0,1,286.04395,38.708801,15,OK,lightkurve,NO_USABLE_TRANSIT,4,"SPOC,TESS-SPOC","80,81",0.96217557,,277.78009,46.376862,3375.1488,3375.1488,16,323.08313,0,,864,22,,,,,False,NO_USABLE_TRANSIT,PDCSAP_FLUX,SPOC,,,none,,,TOO_FEW_MEMBERS,2,0,SPOC/PDCSAP_FLUX=NO_USABLE_TRANSIT;TESS-SPOC/PDCSAP_FLUX=NO_USABLE_TRANSIT,0,2,0,"80,81",SPOC,120,False,False,,,,,2,,,,,,,,,,,,,NO_USABLE_TRANSIT,,NO_USABLE_TRANSIT,SAP_FLUX,SPOC,,,none,,,TOO_FEW_MEMBERS,2,0,SPOC/SAP_FLUX=NO_USABLE_TRANSIT;TESS-SPOC/SAP_FLUX=NO_USABLE_TRANSIT,0,2,0,"80,81",SPOC,120,False,False,,,,,2,,,,,,,,,,,,,NO_USABLE_TRANSIT,,BACKGROUND_TEST_UNAVAILABLE,0,,,,,,,0.02,,,,,,,0,too_few_points,False,,,,,inconclusive,not_measured,not_measured,,False,,0,0,1,1,0.1,,,0,,2,True,NO_USABLE_TRANSIT:2,,,,,,,,84,,,0,,2,True,NO_USABLE_TRANSIT:2,,,,,,,,84,0,3
K01901.01,Kepler-1775 b,3629967,120892579,tic_kic_crossid_over_name_planet,CONFIRMED,CANDIDATE,85.654248,155.12346,6.866,476,14.9,-14.9,0.019774,0.012,97.18,5818,4.065,13.34,0,0,0,0,1,286.40231,38.738541,15,OK,lightkurve,,11,"QLP,SPOC,TESS-SPOC","14,40,41,53,54,80,81",0.96300166,,458.38879,14.348725,3469.9953,3469.9953,64,40.274269,0,,223.81281,9,1.2145198,-0.57917522,-374.50309,837.27404,False,OK,PDCSAP_FLUX,QLP,-374.50309,646.61448,analytic,646.61448,,TOO_FEW_MEMBERS,4,0,SPOC/PDCSAP_FLUX=NO_USABLE_TRANSIT;TESS-SPOC/PDCSAP_FLUX=NO_USABLE_TRANSIT;QLP/KSPSAP_FLUX=OK;QLP/DET_FLUX=NO_USABLE_TRANSIT,2,7,2,"80,81,14,40,41,53,54","QLP,SPOC","120,1800,600",False,False,4085.3033,,,1.0617505,4,,-1.8169988,1.4118575,-1.2869563,-1.2869563,linear,-0.81699878,-0.57917522,0.70890585,1.4118575,7.0592873,532929.93,OK,-1.2869563,OK,SAP_FLUX,QLP,-189.08564,650.85223,analytic,650.85223,,TOO_FEW_MEMBERS,3,0,SPOC/SAP_FLUX=NO_USABLE_TRANSIT;TESS-SPOC/SAP_FLUX=NO_USABLE_TRANSIT;QLP/SAP_FLUX=OK,2,7,2,"80,81,14,40,41,53,54","QLP,SPOC","120,1800,600",False,False,4115.4754,,,1.3548591,4,,-1.4125006,1.4210943,-0.99395273,-0.99395273,linear,-0.41250056,-0.29052007,0.70429011,1.4210943,7.1054715,558141.79,OK,-0.99395273,BACKGROUND_TEST_UNAVAILABLE,0,,,,,,,0.02,6.6594618,1.4257467,0.9699187,0.20765317,-740.27812,1.5806126,411,OK,False,0.9699187,,,0.24851534,inconclusive,not_measurable,not_measurable,,False,,0,0,1,1,0.1,646.61448,476.96841,2,1.0617505,4,True,NO_USABLE_TRANSIT:3;OK:1,,,,,,,,84,650.85223,543.21215,2,1.3548591,3,True,NO_USABLE_TRANSIT:2;OK:1,,,,,,,,84,0,3
K03010.01,Kepler-1410 b,3642335,122450207,tic_kic_crossid_over_name_planet,CONFIRMED,CANDIDATE,60.866097,179.28674,4.397,714.3,53.7,-53.7,0.024307,0.004,108.315,3808,4.734,15.757,0,0,0,0,1,290.51019,38.743542,15,OK,lightkurve,NO_USABLE_TRANSIT,2,"SPOC,TESS-SPOC",74,0.93259978,,666.15602,50.080608,3307.6372,3307.6372,87,82.17958,0,,312.49374,10,,,,,False,NO_USABLE_TRANSIT,PDCSAP_FLUX,SPOC,,,none,,,TOO_FEW_MEMBERS,2,0,SPOC/PDCSAP_FLUX=NO_USABLE_TRANSIT;TESS-SPOC/PDCSAP_FLUX=NO_USABLE_TRANSIT,0,1,0,74,SPOC,120,False,False,,,,,1,,,,,,,,,,,,,NO_USABLE_TRANSIT,,NO_USABLE_TRANSIT,SAP_FLUX,SPOC,,,none,,,TOO_FEW_MEMBERS,2,0,SPOC/SAP_FLUX=NO_USABLE_TRANSIT;TESS-SPOC/SAP_FLUX=NO_USABLE_TRANSIT,0,1,0,74,SPOC,120,False,False,,,,,1,,,,,,,,,,,,,NO_USABLE_TRANSIT,,BACKGROUND_TEST_UNAVAILABLE,0,,,,,,,0.023730561,,,,,,,0,too_few_points,False,,,,,inconclusive,not_measured,not_measured,,False,,0,0,1,1,0,,,0,,2,True,NO_USABLE_TRANSIT:2,,,,,,,,84,,,0,,2,True,NO_USABLE_TRANSIT:2,,,,,,,,84,0,3
K05003.01,,3748239,351061327,tic_kic_crossid,CANDIDATE,CANDIDATE,112.95129,172.0238,4.284,555.6,87.6,-87.6,0.02164,0.3936,189.9,5215,3.073,13.446,0,0,0,0,1,291.78705,38.863152,15,OK,lightkurve,,17,"QLP,SPOC,TESS-SPOC","14,40,41,54,55,74,75,81,82",0.96360966,,535.38153,84.412206,3313.7344,3313.4072,47,254.20707,-471.28284,1.8539328,826.88122,32,4.8031841,0.66702072,700.53239,3378.36,True,OK,PDCSAP_FLUX,QLP,3378.36,703.35842,analytic,1672.2598,1517.1486,OK,4,4,SPOC/PDCSAP_FLUX=3286ppm;TESS-SPOC/PDCSAP_FLUX=2421ppm;QLP/KSPSAP_FLUX=5844ppm;QLP/DET_FLUX=807ppm,3,9,3,"74,75,81,82,14,40,41,54,55","QLP,SPOC","120,1800,600",False,False,6217.886,,,0.51529296,8,,1.842166,0.52189624,3.5297554,1.6977031,ln,6.3101915,4.8031841,0.76117882,3.1278682,15.639341,3.3169804e+09,OK,3.5297554,OK,SAP_FLUX,QLP,2127.8939,637.76579,analytic,651.97107,135.35534,OK,3,3,SPOC/SAP_FLUX=1902ppm;TESS-SPOC/SAP_FLUX=1725ppm;QLP/SAP_FLUX=1504ppm,3,9,3,"74,75,81,82,14,40,41,54,55","QLP,SPOC","120,1800,600",False,False,5608.1459,,,2.3223622,8,,1.3799084,0.34818884,3.9631034,2.4203873,ln,3.9745374,3.3364817,0.83946416,1.228951,6.1447549,249094.48,OK,3.9631034,BACKGROUND_TEST_AGREES,2,"SPOC,TESS-SPOC",-1058.7437,701.59297,-1.5090569,-0.37101584,PDC_DEEPER_THAN_SAP,0.024970197,6.9836768,0.21333578,1.6301767,0.049798267,2537.8643,1.0294307,1152,OK,False,1.6301767,1.0375082,2.4594084,,fixed_b,not_measurable,not_measurable,,False,,0,0,1,1,0.3,703.35842,811.24148,3,0.51529296,0,False,,0.44907842,1581.909,4616.2062,807.43608,5843.7672,2853.6349,2570.9239,84,637.76579,1492.3871,3,2.3223622,0,False,,0.063610004,1574.6216,1845.3323,1504.0564,1902.1604,1724.5726,623.83748,84,-0.32727975,3
K02141.01,,3764879,184167886,tic_kic_crossid,CANDIDATE,CANDIDATE,1.3069848,131.52913,1.194,302.1,9.5,-9.5,0.163565,1.144,2.11,6102,4.457,14.024,0,0,0,0,1,295.77194,38.820042,15,OK,lightkurve,,8,"SPOC,TESS-SPOC","74,75,81,82",1.2221924,,369.22433,11.610828,3366.2973,3366.2973,4133,8.5048666,0,,43.4246,12,1.9090317,1.0466892,521.18217,951.97815,False,OK,PDCSAP_FLUX,SPOC,521.18217,591.71858,bootstrap,593.46939,45.552646,OK,2,2,SPOC/PDCSAP_FLUX=521ppm;TESS-SPOC/PDCSAP_FLUX=655ppm,77,4,4,"74,75,81,82",SPOC,120,False,False,18728.047,-102.53022,0.085333028,0.87792227,4,,0.41155969,1.6084259,0.25587731,0.25587731,linear,1.4115597,0.880794,0.62398637,1.6084259,8.0421296,1147633.2,OK,0.25587731,OK,SAP_FLUX,SPOC,16.12027,95.106632,bootstrap,96.675265,17.344605,OK,2,2,SPOC/SAP_FLUX=16ppm;TESS-SPOC/SAP_FLUX=67ppm,79,4,4,"74,75,81,82",SPOC,120,False,False,3536.8112,-53.881716,0.27882811,0.59045826,4,,-0.95634017,0.26841315,-3.5629408,-3.5629408,linear,0.043659827,0.1694968,3.8822143,0.26841315,1.3420658,1043.7753,OK,-3.5629408,BACKGROUND_TEST_AGREES,2,"SPOC,TESS-SPOC",-545.75868,427.7725,-1.2758153,-0.9278906,PDC_DEEPER_THAN_SAP,0.5,2.985,0.68224634,2.5,0.5713956,965.1648,1.034818,13735,OK,True,2.5,1.6208866,1.816445,1.035235,fixed_b,not_measurable,not_measurable,,False,,0,0,1,1,0.4,497.93404,591.71858,79,1.2203618,0,False,,0.087402541,542.61871,633.72401,521.18217,655.16055,588.17136,133.97837,84,89.855071,95.106632,81,1.0420491,0,False,,1.07595,24.282437,58.971648,16.12027,67.133815,41.627042,51.013545,84,0,3
K00443.01,Kepler-555 b,3833007,120572779,tic_kic_crossid_over_name_planet,CONFIRMED,CANDIDATE,16.217749,180.0425,4.9274,758.3,10.9,-10.9,0.025461,0.336,24.37,5837,4.577,14.2,0,0,0,0,1,285.51685,38.9324,15,OK,lightkurve,,4,"SPOC,TESS-SPOC","80,81",0.96822489,,734.20493,10.553651,3510.8594,3510.8594,339,13.387795,0,,114.07439,10,0.95364342,-0.0073459321,-5.8267621,713.50332,False,OK,PDCSAP_FLUX,SPOC,-5.8267621,793.19575,analytic,793.19575,,TOO_FEW_MEMBERS,2,0,SPOC/PDCSAP_FLUX=OK;TESS-SPOC/PDCSAP_FLUX=OK,3,2,2,"80,81",SPOC,120,False,False,11739.572,-86.632525,0.05097907,0.0045943272,2,,-1.0079362,1.0815985,-0.93189496,-0.93189496,linear,-0.0079361522,-0.0073459321,0.92562893,1.0815985,5.4079923,163127.9,OK,-0.93189496,OK,SAP_FLUX,SPOC,1.7990681,392.0011,analytic,392.0011,,TOO_FEW_MEMBERS,2,1,SPOC/SAP_FLUX=2ppm;TESS-SPOC/SAP_FLUX=OK,3,2,2,"80,81",SPOC,120,False,False,5661.0633,2.2361761,0.0026961832,0.050828205,2,,-0.99754964,0.53644108,-1.8595698,-1.8595698,linear,0.0024503623,0.0045894466,1.8729665,0.53644108,2.6822054,9997.8852,OK,-1.8595698,BACKGROUND_TEST_UNAVAILABLE,0,,,,,,,0.027903003,12.3185,5.17377,2.5,1.05,547.191,1.0336461,2215,OK,True,2.5,,,,inconclusive,not_measurable,not_measurable,,False,,0,0,1,1,0.1,793.19575,31.885363,3,0.002556415,2,True,OK:2,,,,,,,,84,392.0011,57.565083,3,0.032884684,1,True,OK:1,,,,,,,,84,0,3
K03002.01,Kepler-1406 b,3852655,137483383,tic_kic_crossid_over_name_planet,CONFIRMED,CANDIDATE,11.629042,132.82099,2.97,88,7.4,-7.4,0.010571,0.925,12.24,5721,4.307,13.256,0,0,0,0,1,292.08185,38.915031,15,OK,lightkurve,,16,"QLP,SPOC,TESS-SPOC","14,41,54,55,74,75,81,82",1.0534542,,92.703969,7.795561,3361.6965,3361.6965,464,50.291916,0,,195.42575,16,1.472997,0.16578237,50.270539,462.18837,False,OK,PDCSAP_FLUX,QLP,50.270539,313.77506,bootstrap,328.01216,95.588671,OK,4,3,SPOC/PDCSAP_FLUX=76ppm;TESS-SPOC/PDCSAP_FLUX=342ppm;QLP/KSPSAP_FLUX=OK;QLP/DET_FLUX=61ppm,17,8,8,"74,75,81,82,14,41,54,55","QLP,SPOC","120,1800,600",False,False,6283.7257,-183.74124,0.27347322,0.94340591,8,,-0.45773045,3.5396276,-0.12931599,-0.12931599,linear,0.54226955,0.16021203,0.29544722,3.5396276,17.698138,4.5009271e+09,OK,-0.12931599,OK,SAP_FLUX,QLP,109.38967,172.87348,bootstrap,173.43338,13.924694,OK,3,2,SPOC/SAP_FLUX=115ppm;TESS-SPOC/SAP_FLUX=74ppm;QLP/SAP_FLUX=OK,17,8,8,"74,75,81,82,14,41,54,55","QLP,SPOC","120,1800,600",False,False,5095.8225,-102.5996,0.25860694,0.57606147,8,,0.17998903,1.8733864,0.096076832,0.096076832,linear,1.179989,0.63277298,0.53625327,1.8733864,9.3669322,1084097,OK,0.096076832,BACKGROUND_TEST_AGREES,2,"SPOC,TESS-SPOC",-125.74887,276.5566,-0.45469487,-0.60154376,PDC_DEEPER_THAN_SAP,0.068518207,7.2016464,1.6345371,2.4247968,0.55034919,399.93186,1.0268697,4593,OK,True,2.4247968,0.98286822,3.798027,0.21775322,tracks_b,not_measurable,not_measurable,,False,,0,0,1,1,0.3,303.23213,313.77506,19,0.98334452,1,True,OK:1,1.9014849,65.891178,257.06852,61.303019,342.44617,75.641014,292.17563,84,209.10174,172.87348,19,0.68287325,1,True,OK:1,0.12729442,80.241007,108.0904,73.68821,114.64319,94.165701,35.701457,84,0,3
K02289.01,Kepler-379 c,3867615,184167421,tic_kic_crossid_over_name_planet,CONFIRMED,CANDIDATE,62.784398,157.30698,4.81,325,16.4,-16.4,0.016583,0.272,97.7,6053,4.279,13.358,0,0,0,0,2,295.70111,38.945831,15,OK,lightkurve,,22,"QLP,SPOC,TESS-SPOC","14,41,54,55,74,75,81,82",0.96707355,,314.29891,15.860006,3326.9808,3326.9808,85,52.196658,0,,228.73997,11,2.7973785,-0.93691038,-592.37638,1862.9228,False,OK,PDCSAP_FLUX,QLP,-592.37638,632.26579,analytic,632.26579,,TOO_FEW_MEMBERS,4,1,SPOC/PDCSAP_FLUX=OK;TESS-SPOC/PDCSAP_FLUX=OK;QLP/KSPSAP_FLUX=1615ppm;QLP/DET_FLUX=OK,3,8,3,"41,54,55,74,75,81,82,14","QLP,SPOC","120,1800",False,False,7054.5309,-1793.9599,1.3416122,1.3395338,14,,-2.8847548,2.0129242,-1.4331165,-1.4331165,linear,-1.8847548,-0.93691038,0.49709934,2.0129242,10.064621,7384716.2,OK,-1.4331165,OK,SAP_FLUX,QLP,-312.61584,493.55723,analytic,493.55723,,TOO_FEW_MEMBERS,3,1,SPOC/SAP_FLUX=OK;TESS-SPOC/SAP_FLUX=OK;QLP/SAP_FLUX=66ppm,3,8,3,"41,54,55,74,75,81,82,14","QLP,SPOC","120,1800",False,False,5472.3534,-2253.5131,2.1357882,10.51966,14,sector_scatter,-1.994645,1.5719494,-1.268899,-1.268899,linear,-0.99464502,-0.63339329,0.63680337,1.5719494,7.859747,813991.71,OK,-1.268899,BACKGROUND_TEST_UNAVAILABLE,0,,,,,,,0.02,2.6922563,0.20265534,0.55972065,0.042132088,-1573.1917,0.90516202,1491,OK,False,0.55972065,,,0.85606974,inconclusive,not_measurable,not_measurable,,False,,0,0,1,1,0.2,632.26579,635.17376,3,1.3395338,3,True,OK:3,,,,,,,,84,493.55723,2169.8785,3,10.51966,2,True,OK:2,,,,,,,,84,0,3
K02289.02,Kepler-379 b,3867615,184167421,tic_kic_crossid_over_name_planet,CONFIRMED,CANDIDATE,20.098368,207.57757,5.207,157.8,8.8,-8.8,0.011476,0.02,29.82,6053,4.279,13.358,0,0,0,0,2,295.70111,38.945831,15,OK,lightkurve,,22,"QLP,SPOC,TESS-SPOC","14,41,54,55,74,75,81,82",0.96379876,,152.08744,8.4814291,3346.5467,3346.5467,264,47.568664,0,,220.81099,12,0.24290145,-0.15021613,-39.326074,66.519893,False,OK,PDCSAP_FLUX,QLP,-39.326074,254.88994,bootstrap,254.88994,,TOO_FEW_MEMBERS,4,1,SPOC/PDCSAP_FLUX=47ppm;TESS-SPOC/PDCSAP_FLUX=OK;QLP/KSPSAP_FLUX=OK;QLP/DET_FLUX=OK,11,8,8,"41,54,55,74,75,81,82,14","QLP,SPOC","120,1800",False,False,7379.8116,377.34987,0.71776983,0.92385578,14,,-1.2585754,1.6776162,-0.75021655,-0.75021655,linear,-0.25857541,-0.15428649,0.59667888,1.6776162,8.3880808,668177.34,OK,-0.75021655,OK,SAP_FLUX,QLP,-0.61033799,274.77896,bootstrap,275.10575,13.405027,OK,3,2,SPOC/SAP_FLUX=59ppm;TESS-SPOC/SAP_FLUX=20ppm;QLP/SAP_FLUX=OK,11,8,8,"41,54,55,74,75,81,82,14","QLP,SPOC","120,1800",False,False,5446.1527,-232.36063,0.57932676,2.6662304,14,,-1.0040131,1.8104156,-0.55457601,-0.55457601,linear,-0.0040130729,-0.0022211962,0.55349013,1.8104156,9.0520782,1298105.8,OK,-0.55457601,BACKGROUND_TEST_AGREES,1,SPOC,11.484625,370.20823,0.031022068,0.24187854,SAP_DEEPER_THAN_PDC,0.02,13.0175,0.19579165,2.5,0.037601624,-290.94866,1.0553906,7399,OK,True,2.5,,,,inconclusive,not_measurable,not_measurable,,False,,0,0,1,1,0.3,261.7966,254.88994,12,1.034744,3,True,OK:3,,,,,,,,84,199.88135,274.77896,12,2.061536,1,True,OK:1,0.34150927,25.847282,52.657336,19.539033,58.965584,39.252309,19.713276,84,0,3
K00221.01,Kepler-495 b,3937519,120692092,tic_kic_crossid_over_name_planet,CONFIRMED,CANDIDATE,3.4130364,132.44305,2.61366,3868.7,8.9,-8.9,0.055812,0.046,10.5406,5392,4.314,14.622,0,0,0,0,2,285.93069,39.098141,15,OK,lightkurve,,12,"SPOC,TESS-SPOC","40,41,53,54,80,81",0.95576966,,3697.5861,8.50635,2777.8244,2777.8334,1410,1.2894954,13.047391,10.118214,43.073386,10,9.7104439,7.9470151,3161.9191,3812.0563,True,OK,PDCSAP_FLUX,SPOC,3812.0563,417.33425,bootstrap,458.13768,189.00332,OK,2,2,SPOC/PDCSAP_FLUX=3812ppm;TESS-SPOC/PDCSAP_FLUX=4368ppm,44,6,6,"40,41,53,54,80,81",SPOC,120,False,False,16018.471,212.51386,0.25311432,4.0839687,6,sector_scatter,0.030488556,0.13018765,0.23418931,0.23167036,ln,1.0309581,9.1343001,8.8600111,0.13362992,0.6681496,3515.0161,OK,0.23418931,OK,SAP_FLUX,SPOC,2975.3395,349.50805,bootstrap,373.56057,131.87728,OK,2,2,SPOC/SAP_FLUX=2975ppm;TESS-SPOC/SAP_FLUX=3363ppm,45,6,6,"40,41,53,54,80,81",SPOC,120,False,False,13135.177,499.67287,0.70579945,5.2794437,6,sector_scatter,-0.21732206,0.13516161,-1.6078683,-1.7324486,ln,0.80467078,8.5129354,10.579402,0.11274748,0.56373742,2799.9147,OK,-1.6078683,BACKGROUND_TEST_AGREES,2,"SPOC,TESS-SPOC",-890.84105,448.18278,-1.9876735,-0.21780942,PDC_DEEPER_THAN_SAP,0.052968172,2.3848172,0.072850855,0.91244354,0.027873118,3669.816,1.0453571,16755,OK,False,0.91244354,1.0008163,-1.5766201,0.43407505,fixed_b,consistent,consistent,,False,,0,0,1,1,0.3,392.57282,417.33425,44,1.0436088,0,False,,0.049580411,3900.999,4279.0057,3812.0563,4367.9484,4090.0024,555.89211,84,314.82214,349.50805,45,1.1545963,0,False,,0.044323441,3037.3994,3301.1539,2975.3395,3363.2138,3169.2767,387.87436,84,0.009060688,3
K00221.02,Kepler-495 c,3937519,120692092,tic_kic_crossid_over_name_planet,CONFIRMED,CANDIDATE,5.8966197,134.03046,3.154,144,10.4,-10.4,0.01076,0.039,14.439,5392,4.314,14.622,0,0,0,0,2,285.93069,39.098141,15,OK,lightkurve,,12,"SPOC,TESS-SPOC","40,41,53,54,80,81",0.95573711,,137.62614,9.9396659,2778.6721,2778.6721,816,54.882394,0,,211.95718,14,2.4924161,-2.4064814,-1199.4126,1203.4399,False,OK,PDCSAP_FLUX,SPOC,-1199.4126,690.08375,bootstrap,690.08375,,TOO_FEW_MEMBERS,2,0,SPOC/PDCSAP_FLUX=OK;TESS-SPOC/PDCSAP_FLUX=OK,25,6,6,"40,41,53,54,80,81",SPOC,120,False,False,16741.747,-805.5847,0.5934361,0.82353548,6,,-9.7150059,5.0149602,-1.937205,-1.937205,linear,-8.7150059,-1.7380683,0.19943397,5.0149602,25.074801,1.0679444e+13,OK,-1.937205,OK,SAP_FLUX,SPOC,-1138.3248,528.64196,bootstrap,528.64196,,TOO_FEW_MEMBERS,2,0,SPOC/SAP_FLUX=OK;TESS-SPOC/SAP_FLUX=OK,25,6,6,"40,41,53,54,80,81",SPOC,120,False,False,13106.083,-601.95197,0.58012209,1.3306277,6,,-9.271138,3.8421492,-2.4130084,-2.4130084,linear,-8.271138,-2.1533002,0.26033905,3.8421492,19.210746,3.0326466e+10,OK,-2.4130084,BACKGROUND_TEST_UNAVAILABLE,0,,,,,,,0.02,2.4702696,0.19765843,0.78321801,0.062669128,-1337.2334,1.0182378,11719,OK,False,0.78321801,,,0.62917908,inconclusive,not_measurable,not_measurable,,False,,0,0,1,1,0.3,498.40927,690.08375,26,1.8547639,2,True,OK:2,,,,,,,,84,401.57066,528.64196,26,1.7755623,2,True,OK:2,,,,,,,,84,0,3
K02519.01,,4047631,121784061,tic_kic_crossid,CANDIDATE,CANDIDATE,4.7909125,132.01539,0.5134,360.7,23.9,-23.9,0.030503,0.969,25,4359,4.601,14.452,0,0,0,0,1,288.9039,39.154209,15,OK,lightkurve,,8,"SPOC,TESS-SPOC","40,41,80,81",1.1324797,,408.48541,27.066264,3484.1466,3484.1466,1152,13.36207,0,,47.787209,17,2.2739113,-1.7934234,-1801.7678,2342.0093,False,OK,PDCSAP_FLUX,SPOC,-1801.7678,776.90751,bootstrap,776.90751,,TOO_FEW_MEMBERS,2,0,SPOC/PDCSAP_FLUX=OK;TESS-SPOC/PDCSAP_FLUX=OK,22,4,4,"40,41,80,81",SPOC,120,False,False,13647.838,724.06992,0.45344152,0.15837826,4,,-5.4108498,1.9037329,-2.8422316,-2.8422316,linear,-4.4108498,-2.3191535,0.52578384,1.9037329,9.5186643,5559657.4,OK,-2.8422316,OK,SAP_FLUX,SPOC,-991.89318,474.27455,bootstrap,474.27455,,TOO_FEW_MEMBERS,2,0,SPOC/SAP_FLUX=OK;TESS-SPOC/SAP_FLUX=OK,23,4,4,"40,41,80,81",SPOC,120,False,False,8953.5234,461.55589,0.48594636,0.16199027,4,,-3.4282218,1.1640198,-2.9451576,-2.9451576,linear,-2.4282218,-2.0913903,0.86128469,1.1640198,5.820099,137253.31,OK,-2.9451576,BACKGROUND_TEST_UNAVAILABLE,0,,,,,,,0.45574406,0.67583062,0.53907,1.3163822,1.05,-1748.7402,1.0333457,1677,OK,True,1.3163822,,,0.92132349,inconclusive,not_measurable,not_measurable,,False,,0,0,1,1,0.2,1004.6528,776.90751,22,0.67545658,2,True,OK:2,,,,,,,,84,653.05312,474.27455,23,0.59202492,2,True,OK:2,,,,,,,,84,0,3
K07680.01,,4072271,139105893,tic_kic_crossid,CANDIDATE,CANDIDATE,219.20579,327.891,14.5,207.8,16.7,-16.7,0.01367,0.517,100.7,6990,4.115,12.449,0,0,0,0,1,295.31512,39.141048,15,OK,lightkurve,NO_USABLE_TRANSIT,16,"QLP,SPOC,TESS-SPOC","14,41,54,55,74,75,81,82",0.98215839,,204.09251,16.402045,3421.83,3421.83,24,509.59601,0,,864,8,,,,,False,NO_USABLE_TRANSIT,PDCSAP_FLUX,QLP,,,none,,,TOO_FEW_MEMBERS,4,0,SPOC/PDCSAP_FLUX=NO_USABLE_TRANSIT;TESS-SPOC/PDCSAP_FLUX=NO_USABLE_TRANSIT;QLP/KSPSAP_FLUX=NO_USABLE_TRANSIT;QLP/DET_FLUX=NO_USABLE_TRANSIT,0,8,0,"74,75,81,82,14,41,54,55","QLP,SPOC","120,1800,600",False,False,,,,,8,,,,,,,,,,,,,NO_USABLE_TRANSIT,,NO_USABLE_TRANSIT,SAP_FLUX,QLP,,,none,,,TOO_FEW_MEMBERS,3,0,SPOC/SAP_FLUX=NO_USABLE_TRANSIT;TESS-SPOC/SAP_FLUX=NO_USABLE_TRANSIT;QLP/SAP_FLUX=NO_USABLE_TRANSIT,0,8,0,"74,75,81,82,14,41,54,55","QLP,SPOC","120,1800,600",False,False,,,,,8,,,,,,,,,,,,,NO_USABLE_TRANSIT,,BACKGROUND_TEST_UNAVAILABLE,0,,,,,,,0.02,,,,,,,0,too_few_points,False,,,,,inconclusive,not_measured,not_measured,,False,,0,0,1,1,0.1,,,0,,4,True,NO_USABLE_TRANSIT:4,,,,,,,,84,,,0,,3,True,NO_USABLE_TRANSIT:3,,,,,,,,84,0,3
K02210.01,Kepler-1143 b,4142847,121215172,tic_kic_crossid_over_name_planet,CONFIRMED,CANDIDATE,2.8889044,132.15271,1.6043,402.2,19.8,-19.8,0.020322,0.77,9.25,4895,4.589,15.195,0,0,0,0,2,287.30283,39.289688,15,OK,lightkurve,,4,"SPOC,TESS-SPOC","80,81",1.0067565,,404.91746,19.933779,3506.0713,3506.0713,1918,19.802649,0,,83.472446,14,1.1759821,-0.69763795,-1316.0259,2302.227,False,OK,PDCSAP_FLUX,SPOC,-1316.0259,1833.5865,bootstrap,1833.5865,,TOO_FEW_MEMBERS,2,0,SPOC/PDCSAP_FLUX=OK;TESS-SPOC/PDCSAP_FLUX=OK,16,2,2,"80,81",SPOC,120,False,False,35621.434,-5408.4951,1.5045846,0.96216393,2,,-4.2501091,4.5288406,-0.93845412,-0.93845412,linear,-3.2501091,-0.7177332,0.22083357,4.5288406,22.644203,2.7645144e+12,OK,-0.93845412,OK,SAP_FLUX,SPOC,-500.66837,353.34266,bootstrap,353.34266,,TOO_FEW_MEMBERS,2,0,SPOC/SAP_FLUX=OK;TESS-SPOC/SAP_FLUX=OK,18,2,2,"80,81",SPOC,120,False,False,8607.4348,-829.58312,1.1409842,1.8227679,2,,-2.2364702,0.8754454,-2.5546655,-2.5546655,linear,-1.2364702,-1.4169485,1.1459626,0.8754454,4.377227,31833.376,OK,-2.5546655,BACKGROUND_TEST_UNAVAILABLE,0,,,,,,,0.047612685,3.7730821,1.6428197,2.3518557,1.0240103,-1762.302,1.0243325,3591,OK,True,2.3518557,,,,inconclusive,not_measurable,not_measurable,,False,,0,0,1,1,0.2,1886.4024,1833.5865,18,1.0666683,2,True,OK:2,,,,,,,,84,353.03065,353.34266,19,0.78482447,2,True,OK:2,,,,,,,,84,0,3
K02210.02,Kepler-1143 c,4142847,121215172,tic_kic_crossid_over_name_planet,CONFIRMED,CANDIDATE,210.63149,300.72292,8.419,1657.8,65.2,-65.2,0.038919,0.642,156.1,4895,4.589,15.195,0,0,0,0,2,287.30283,39.289688,15,OK,lightkurve,NO_USABLE_TRANSIT,4,"SPOC,TESS-SPOC","80,81",0.98414843,,1631.5213,64.166478,3610.1417,3610.1417,26,57.304505,0,,298.19852,6,,,,,False,NO_USABLE_TRANSIT,PDCSAP_FLUX,SPOC,,,none,,,TOO_FEW_MEMBERS,2,0,SPOC/PDCSAP_FLUX=NO_USABLE_TRANSIT;TESS-SPOC/PDCSAP_FLUX=NO_USABLE_TRANSIT,0,2,0,"80,81",SPOC,120,False,False,,,,,2,,,,,,,,,,,,,NO_USABLE_TRANSIT,,NO_USABLE_TRANSIT,SAP_FLUX,SPOC,,,none,,,TOO_FEW_MEMBERS,2,0,SPOC/SAP_FLUX=NO_USABLE_TRANSIT;TESS-SPOC/SAP_FLUX=NO_USABLE_TRANSIT,0,2,0,"80,81",SPOC,120,False,False,,,,,2,,,,,,,,,,,,,NO_USABLE_TRANSIT,,BACKGROUND_TEST_UNAVAILABLE,0,,,,,,,0.0622019,,,,,,,0,too_few_points,False,,,,,inconclusive,not_measured,not_measured,,False,,0,0,1,1,0,,,0,,2,True,NO_USABLE_TRANSIT:2,,,,,,,,84,,,0,,2,True,NO_USABLE_TRANSIT:2,,,,,,,,84,0,3
K05046.01,,4164511,138040834,tic_kic_crossid,CANDIDATE,CANDIDATE,40.988212,152.2483,3.599,145.8,20.8,-20.8,0.011238,0.2697,84.8,6705,4.328,13.006,0,0,0,0,1,293.24701,39.236691,15,OK,lightkurve,,7,QLP,"14,40,41,54,55,81,82",0.97209514,,141.73147,20.219579,3518.6569,3518.7569,135,133.2669,143.9456,1.0801302,453.78571,24,27.530287,0.80397889,589.41145,15513.072,True,OK,KSPSAP_FLUX,QLP,15513.072,563.49109,analytic,563.49109,,TOO_FEW_MEMBERS,2,1,QLP/KSPSAP_FLUX=19233ppm;QLP/DET_FLUX=OK,4,7,4,"14,40,41,54,55,81,82",QLP,"1800,200,600",False,False,3609.1972,32785.648,29.083331,739.24265,0,odd_even_significant;sector_scatter,4.6955041,0.15547224,30.201559,27.259066,ln,109.45397,27.530287,0.25152389,3.9786384,19.893192,6.1797348e+10,OK,30.201559,OK,SAP_FLUX,QLP,16002.22,573.24579,analytic,573.24579,,TOO_FEW_MEMBERS,1,1,QLP/SAP_FLUX=16002ppm,4,7,4,"14,40,41,54,55,81,82",QLP,"1800,200,600",False,False,3624.6699,32858.753,28.66022,729.14014,0,odd_even_significant;sector_scatter,4.7265485,0.15535602,30.423981,27.648562,ln,112.9052,27.915111,0.24724381,4.0474148,20.237074,8.7159712e+10,OK,30.423981,BACKGROUND_TEST_UNAVAILABLE,0,,,,,,,0.02,1.9538378,0.030298405,0.54288352,0.0084185621,31599.479,112.56294,645,OK,False,0.54288352,1.1128012,-6.0646541,0.86177487,tracks_b,not_measurable,not_measurable,,False,,0,0,1,1,0.1,563.49109,13494.083,4,739.24265,1,True,OK:1,,,,,,,,84,573.24579,13781.796,4,729.14014,0,False,,,,,,,,,84,0.099962225,3
K07687.01,,4252671,121784745,tic_kic_crossid,CANDIDATE,CANDIDATE,23.266633,132.4386,8.315,49.9,4.9,-4.9,0.006462,0.092,21.43,5758,3.456,13.047,0,0,0,0,1,288.86908,39.30986,15,OK,lightkurve,,17,"QLP,SPOC,TESS-SPOC","14,40,41,54,55,74,75,80,81",0.96247197,,48.027352,4.7161127,3363.2975,3363.1819,232,142.7531,-166.38315,1.1655309,552.98431,16,3.0893488,0.74526904,147.77572,579.67841,True,OK,PDCSAP_FLUX,QLP,579.67841,339.67736,bootstrap,382.72496,176.34536,OK,4,2,SPOC/PDCSAP_FLUX=829ppm;TESS-SPOC/PDCSAP_FLUX=310ppm;QLP/KSPSAP_FLUX=OK;QLP/DET_FLUX=OK,8,9,8,"74,75,80,81,14,40,41,54,55","QLP,SPOC","120,1800,600",False,False,3989.9297,-352.52715,0.86529966,3.2295276,8,sector_scatter,11.069756,7.9696576,1.3889876,1.3889876,linear,12.069756,1.7065559,0.14139109,7.9696576,39.848288,9.713602e+18,OK,1.3889876,OK,SAP_FLUX,QLP,749.3973,313.96948,bootstrap,436.96589,303.91176,OK,3,3,SPOC/SAP_FLUX=976ppm;TESS-SPOC/SAP_FLUX=755ppm;QLP/SAP_FLUX=82ppm,8,9,8,"74,75,80,81,14,40,41,54,55","QLP,SPOC","120,1800,600",False,False,3670.3236,-371.25588,0.9690591,3.3673799,8,sector_scatter,2.7474986,0.59341065,4.6300123,1.6049731,ln,15.603553,2.3868476,0.15296822,9.098939,45.494695,2.7515896e+21,OK,4.6300123,BACKGROUND_TEST_AGREES,2,"SPOC,TESS-SPOC",293.32172,212.16047,1.3825465,0.51534082,SAP_DEEPER_THAN_PDC,0.02,5.1006742,4.2271224,0.61343045,0.50837311,641.96679,1.0467514,5652,OK,False,0.61343045,1.0160301,-0.60678961,0.79685309,fixed_b,not_measurable,not_measurable,,False,,0,0,1,1,0.2,187.63773,339.67736,12,3.2295276,2,True,OK:2,0.3042124,392.8347,745.52542,309.84865,828.51147,569.18006,269.82975,84,169.26441,313.96948,12,3.3673799,0,False,,0.40554157,297.59852,905.42204,82.466016,976.32414,754.7551,666.93129,84,-0.11554385,3
K04810.01,,4270799,138302462,tic_kic_crossid,CANDIDATE,CANDIDATE,115.23854,155.5989,7.653,516.7,56.8,-56.8,0.02801,0.965,40.8,5589,4.384,15.259,0,0,0,0,1,293.65369,39.31641,15,QUERY_RETURNED_ZERO_ROWS,lightkurve,QUERY_RETURNED_ZERO_ROWS,0,,,1.0964155,,566.51787,62.276399,,,0,,0,,36,0,,,,,False,FLUX_COLUMN_NOT_PRESENT,,,,,,,,ENSEMBLE_NOT_ATTEMPTED,0,0,,0,0,0,,,,False,False,,,,,0,,,,,,,,,,,,,NO_USABLE_TRANSIT,,FLUX_COLUMN_NOT_PRESENT,,,,,,,,ENSEMBLE_NOT_ATTEMPTED,0,0,,0,0,0,,,,False,False,,,,,0,,,,,,,,,,,,,NO_USABLE_TRANSIT,,BACKGROUND_TEST_UNAVAILABLE,0,,,,,,,,,,,,,,0,too_few_points,False,,,,,inconclusive,not_measured,not_measured,,False,,0,0,1,1,0,,,0,,0,False,,,,,,,,,84,,,0,,0,False,,,,,,,,,84,0,3
K03439.01,Kepler-1502 b,4282191,184298883,tic_kic_crossid_over_name_planet,CONFIRMED,CANDIDATE,41.708406,153.53793,8.567,330,15.3,-15.3,0.017621,0.671,28.5,6434,4.394,14.155,0,0,0,0,1,296.10791,39.319908,15,OK,lightkurve,,8,"SPOC,TESS-SPOC","74,75,81,82",0.99041919,,326.83833,15.153414,3366.9223,3366.9223,129,59.27092,0,,306.31776,12,2.0759413,1.3007297,928.71484,1454.1931,False,OK,PDCSAP_FLUX,SPOC,928.71484,713.99527,analytic,732.74616,164.70485,OK,2,2,SPOC/PDCSAP_FLUX=929ppm;TESS-SPOC/PDCSAP_FLUX=1413ppm,3,4,3,"74,75,81,82",SPOC,120,False,False,13130.909,-1666.1264,1.0661647,0.68554123,4,,1.8415114,2.2429591,0.82101872,0.82101872,linear,2.8415114,1.3007297,0.4577598,2.2429591,11.214795,24257769,OK,0.82101872,OK,SAP_FLUX,SPOC,638.90309,445.83363,analytic,449.758,59.284323,OK,2,2,SPOC/SAP_FLUX=639ppm;TESS-SPOC/SAP_FLUX=813ppm,3,4,3,"74,75,81,82",SPOC,120,False,False,8522.2309,-1011.9128,1.021257,1.482967,4,,0.95479854,1.3777754,0.69300011,0.69300011,linear,1.9547985,1.4330527,0.73309483,1.3777754,6.8888772,320399.3,OK,0.69300011,BACKGROUND_TEST_AGREES,2,"SPOC,TESS-SPOC",-423.54978,634.77218,-0.66724692,-0.36172151,PDC_DEEPER_THAN_SAP,0.031070727,14.39886,0.82796288,1.6807354,0.096645603,1630.0328,1.1357512,2174,OK,False,1.6807354,1.0209175,6.2842842,,duration_inconsistent,not_measurable,not_measurable,,False,,0,0,1,1,0.1,713.99527,479.06379,3,0.68554123,0,False,,0.17734706,1006.223,1335.6327,928.71484,1413.1409,1170.9279,484.42602,84,445.83363,431.37793,3,1.482967,0,False,,0.09279079,666.8016,785.37025,638.90309,813.26875,726.08592,174.36566,84,0,3
K02166.01,Kepler-1128 b,4370527,137972889,tic_kic_crossid_over_name_planet,CONFIRMED,CANDIDATE,61.617453,179.08282,3.816,1350.7,80.5,-80.5,0.033006,0.091,126.93,5480,4.485,15.722,0,0,0,0,1,293.06335,39.40345,15,QUERY_RETURNED_ZERO_ROWS,lightkurve,QUERY_RETURNED_ZERO_ROWS,0,,,0.95694172,,1292.5412,77.033809,,,0,,0,,36,0,,,,,False,FLUX_COLUMN_NOT_PRESENT,,,,,,,,ENSEMBLE_NOT_ATTEMPTED,0,0,,0,0,0,,,,False,False,,,,,0,,,,,,,,,,,,,NO_USABLE_TRANSIT,,FLUX_COLUMN_NOT_PRESENT,,,,,,,,ENSEMBLE_NOT_ATTEMPTED,0,0,,0,0,0,,,,False,False,,,,,0,,,,,,,,,,,,,NO_USABLE_TRANSIT,,BACKGROUND_TEST_UNAVAILABLE,0,,,,,,,,,,,,,,0,too_few_points,False,,,,,inconclusive,not_measured,not_measured,,False,,0,0,1,1,0,,,0,,0,False,,,,,,,,,84,,,0,,0,False,,,,,,,,,84,0,3
K01332.01,Kepler-288 c,4455231,121785939,tic_kic_crossid_over_name_planet,CONFIRMED,CANDIDATE,19.305817,373.18998,4.2902,709.1,20.7,-20.7,0.024067,0.001,35.21,5661,4.09,15.151,0,0,0,0,3,288.91644,39.594711,15,OK,lightkurve,,4,"SPOC,TESS-SPOC","80,81",0.96007315,,680.78787,19.873514,3515.2897,3515.2897,275,31.479674,0,,158.79202,12,0.66837689,0.22108568,799.91228,2381.4845,False,OK,PDCSAP_FLUX,SPOC,799.91228,3618.1099,analytic,3618.1099,,TOO_FEW_MEMBERS,2,1,SPOC/PDCSAP_FLUX=800ppm;TESS-SPOC/PDCSAP_FLUX=OK,2,2,2,"80,81",SPOC,120,False,False,41500.492,-3260.8239,0.42916716,0.18418445,2,,0.17498021,5.3149076,0.032922531,0.032922531,linear,1.1749802,0.22108568,0.18816119,5.3149076,26.574538,2.3669384e+14,OK,0.032922531,OK,SAP_FLUX,SPOC,177.06981,674.32712,analytic,674.32712,,TOO_FEW_MEMBERS,2,1,SPOC/SAP_FLUX=177ppm;TESS-SPOC/SAP_FLUX=OK,2,2,2,"80,81",SPOC,120,False,False,7562.3247,-50.828064,0.036963236,0.0013662808,2,,-0.73990457,0.9922006,-0.74572075,-0.74572075,linear,0.26009543,0.26258741,1.009581,0.9922006,4.961003,96492.753,OK,-0.74572075,BACKGROUND_TEST_AGREES,1,SPOC,-622.84246,3680.4125,-0.1692317,-0.77863846,PDC_DEEPER_THAN_SAP,0.023501415,10.089931,3.7822268,2.3518557,0.88159685,2920.9291,0.8929584,1288,OK,True,2.3518557,1.0019739,2.2534129,,fixed_b,not_measurable,not_measurable,,False,,0,0,1,1,0.1,3618.1099,1155.3045,2,0.18418445,1,True,OK:1,,,,,,,,84,674.32712,17.756156,2,0.0013662808,1,True,OK:1,,,,,,,,84,0,3
K01332.02,Kepler-288 b,4455231,121785939,tic_kic_crossid_over_name_planet,CONFIRMED,CANDIDATE,6.0974723,354.05919,3.431,217.6,14.2,-14.2,0.013336,0.012,13.768,5661,4.09,15.151,0,0,0,0,3,288.91644,39.594711,15,OK,lightkurve,,4,"SPOC,TESS-SPOC","80,81",0.96007997,,208.9134,13.633136,3504.055,3504.055,872,67.642449,0,,254.39235,16,2.3079053,-0.51999186,-1055.7291,4471.6101,False,OK,PDCSAP_FLUX,SPOC,-1055.7291,2427.1408,bootstrap,2427.1408,,TOO_FEW_MEMBERS,2,0,SPOC/PDCSAP_FLUX=OK;TESS-SPOC/PDCSAP_FLUX=OK,8,2,2,"80,81",SPOC,120,False,False,39784.923,-899.10867,0.21571996,0.10132002,2,,-6.0534295,11.618218,-0.52102907,-0.52102907,linear,-5.0534295,-0.43496824,0.086073871,11.618218,58.091092,3.5367727e+27,OK,-0.52102907,OK,SAP_FLUX,SPOC,-947.37407,508.86597,bootstrap,508.86597,,TOO_FEW_MEMBERS,2,0,SPOC/SAP_FLUX=OK;TESS-SPOC/SAP_FLUX=OK,8,2,2,"80,81",SPOC,120,False,False,7675.3178,-1545.218,2.0361261,1.3825534,2,,-5.5347693,2.4371616,-2.2709898,-2.2709898,linear,-4.5347693,-1.8617359,0.41054701,2.4371616,12.185808,40944287,OK,-2.2709898,BACKGROUND_TEST_UNAVAILABLE,0,,,,,,,0.02,8.3194777,3.1701228,2.4247968,0.92396467,-1292.47,1.0680034,4112,OK,True,2.4247968,,,,inconclusive,not_measurable,not_measurable,,False,,0,0,1,1,0.1,2030.2801,2427.1408,8,1.774343,2,True,OK:2,,,,,,,,84,377.18045,508.86597,8,2.2518344,2,True,OK:2,,,,,,,,84,0,3
K01332.03,Kepler-288 d,4455231,121785939,tic_kic_crossid_over_name_planet,CONFIRMED,CANDIDATE,56.637918,135.51975,6.172,589.7,30.8,-30.8,0.022163,0.298,68.6,5661,4.09,15.151,0,0,0,0,3,288.91644,39.594711,15,OK,lightkurve,NO_USABLE_TRANSIT,4,"SPOC,TESS-SPOC","80,81",0.96450119,,568.76635,29.706637,3519.0357,3519.0357,98,100.35009,0,,393.63026,10,,,,,False,NO_USABLE_TRANSIT,PDCSAP_FLUX,SPOC,,,none,,,TOO_FEW_MEMBERS,2,0,SPOC/PDCSAP_FLUX=NO_USABLE_TRANSIT;TESS-SPOC/PDCSAP_FLUX=NO_USABLE_TRANSIT,0,2,0,"80,81",SPOC,120,False,False,,,,,2,,,,,,,,,,,,,NO_USABLE_TRANSIT,,NO_USABLE_TRANSIT,SAP_FLUX,SPOC,,,none,,,TOO_FEW_MEMBERS,2,0,SPOC/SAP_FLUX=NO_USABLE_TRANSIT;TESS-SPOC/SAP_FLUX=NO_USABLE_TRANSIT,0,2,0,"80,81",SPOC,120,False,False,,,,,2,,,,,,,,,,,,,NO_USABLE_TRANSIT,,BACKGROUND_TEST_UNAVAILABLE,0,,,,,,,0.023746637,,,,,,,0,too_few_points,False,,,,,inconclusive,not_measured,not_measured,,False,,0,0,1,1,0.1,,,1,,2,True,NO_USABLE_TRANSIT:2,,,,,,,,84,,,1,,2,True,NO_USABLE_TRANSIT:2,,,,,,,,84,0,3
K04680.01,,4587135,169562440,tic_kic_crossid,CANDIDATE,CANDIDATE,54.081224,145.2689,6.279,411.1,40.7,-40.7,0.018566,0.182,65.9,5757,4.597,15.487,0,0,0,0,1,297.59964,39.626339,15,OK,lightkurve,NO_USABLE_TRANSIT,2,"SPOC,TESS-SPOC",75,0.96357659,,396.12634,39.217567,3332.3101,3332.3101,99,134.97758,0,,499.11775,12,,,,,False,NO_USABLE_TRANSIT,PDCSAP_FLUX,SPOC,,,none,,,TOO_FEW_MEMBERS,2,0,SPOC/PDCSAP_FLUX=NO_USABLE_TRANSIT;TESS-SPOC/PDCSAP_FLUX=NO_USABLE_TRANSIT,0,1,0,75,SPOC,120,False,False,,,,,1,,,,,,,,,,,,,NO_USABLE_TRANSIT,,NO_USABLE_TRANSIT,SAP_FLUX,SPOC,,,none,,,TOO_FEW_MEMBERS,2,0,SPOC/SAP_FLUX=NO_USABLE_TRANSIT;TESS-SPOC/SAP_FLUX=NO_USABLE_TRANSIT,0,1,0,75,SPOC,120,False,False,,,,,1,,,,,,,,,,,,,NO_USABLE_TRANSIT,,BACKGROUND_TEST_UNAVAILABLE,0,,,,,,,0.02,,,,,,,0,too_few_points,False,,,,,inconclusive,not_measured,not_measured,,False,,0,0,1,1,0,,,0,,2,True,NO_USABLE_TRANSIT:2,,,,,,,,84,,,0,,2,True,NO_USABLE_TRANSIT:2,,,,,,,,84,0,3
K00816.01,Kepler-690 b,4664847,377918545,tic_kic_crossid_over_name_planet,CONFIRMED,CANDIDATE,7.7480942,174.99721,3.5957,2472.1,25.7,-25.7,0.046615,0.517,15,5973,4.439,15.67,0,0,0,0,1,294.4899,39.771439,15,QUERY_RETURNED_ZERO_ROWS,lightkurve,QUERY_RETURNED_ZERO_ROWS,0,,,0.97675933,,2414.6467,25.102715,,,0,,0,,36,0,,,,,False,FLUX_COLUMN_NOT_PRESENT,,,,,,,,ENSEMBLE_NOT_ATTEMPTED,0,0,,0,0,0,,,,False,False,,,,,0,,,,,,,,,,,,,NO_USABLE_TRANSIT,,FLUX_COLUMN_NOT_PRESENT,,,,,,,,ENSEMBLE_NOT_ATTEMPTED,0,0,,0,0,0,,,,False,False,,,,,0,,,,,,,,,,,,,NO_USABLE_TRANSIT,,BACKGROUND_TEST_UNAVAILABLE,0,,,,,,,,,,,,,,0,too_few_points,False,,,,,inconclusive,not_measured,not_measured,,False,,0,0,1,1,0,,,0,,0,False,,,,,,,,,84,,,0,,0,False,,,,,,,,,84,0,3
K06449.01,,4760959,184089424,tic_kic_crossid,CANDIDATE,CANDIDATE,29.931517,135.0082,2.53,353,142,-142,0.017879,0.5986,74.6,5551,4.57,15.671,0,0,0,0,1,295.52618,39.806839,15,QUERY_RETURNED_ZERO_ROWS,lightkurve,QUERY_RETURNED_ZERO_ROWS,0,,,0.98034524,,346.06187,139.20902,,,0,,0,,36,0,,,,,False,FLUX_COLUMN_NOT_PRESENT,,,,,,,,ENSEMBLE_NOT_ATTEMPTED,0,0,,0,0,0,,,,False,False,,,,,0,,,,,,,,,,,,,NO_USABLE_TRANSIT,,FLUX_COLUMN_NOT_PRESENT,,,,,,,,ENSEMBLE_NOT_ATTEMPTED,0,0,,0,0,0,,,,False,False,,,,,0,,,,,,,,,,,,,NO_USABLE_TRANSIT,,BACKGROUND_TEST_UNAVAILABLE,0,,,,,,,,,,,,,,0,too_few_points,False,,,,,inconclusive,not_measured,not_measured,,False,,0,0,1,1,0,,,0,,0,False,,,,,,,,,84,,,0,,0,False,,,,,,,,,84,0,3
K04498.01,,4844367,138643168,tic_kic_crossid,CANDIDATE,CANDIDATE,17.162259,148.6441,4.668,312.2,34.2,-34.2,0.218648,1.201,5.96,5729,4.509,14.841,0,0,0,0,1,294.22134,39.989521,15,OK,lightkurve,,4,"SPOC,TESS-SPOC","81,82",1.2571481,,392.48163,42.994465,3525.0538,3525.0538,323,115.28517,0,,415.8755,18,2.9005402,-1.3061038,-2428.8666,5330.0185,False,OK,PDCSAP_FLUX,SPOC,-2428.8666,1859.6275,analytic,1859.6275,,TOO_FEW_MEMBERS,2,0,SPOC/PDCSAP_FLUX=OK;TESS-SPOC/PDCSAP_FLUX=OK,3,2,2,"81,82",SPOC,120,False,False,26034.601,-806.34879,0.20518802,0.46689311,2,,-7.1884847,4.7396561,-1.516668,-1.516668,linear,-6.1884847,-1.3061038,0.2110539,4.7396561,23.69828,7.6886799e+12,OK,-1.516668,OK,SAP_FLUX,SPOC,-1192.7599,859.33864,analytic,859.33864,,TOO_FEW_MEMBERS,2,0,SPOC/SAP_FLUX=OK;TESS-SPOC/SAP_FLUX=OK,3,2,2,"81,82",SPOC,120,False,False,12113.631,-389.19311,0.21272554,0.73906043,2,,-4.0390209,2.1928091,-1.8419392,-1.8419392,linear,-3.0390209,-1.3879975,0.45672522,2.1928091,10.964045,22669201,OK,-1.8419392,BACKGROUND_TEST_UNAVAILABLE,0,,,,,,,0.5,11.67,4.9014,2.5,1.05,1089.8625,0.99562274,2101,OK,True,2.5,,,1.1037281,inconclusive,not_measurable,not_measurable,,False,,0,0,1,1,0.1,1859.6275,748.11583,4,0.24815736,2,True,OK:2,,,,,,,,84,859.33864,439.0377,4,0.39961343,2,True,OK:2,,,,,,,,84,0,3
K05104.01,,4918303,122294188,tic_kic_crossid,CANDIDATE,CANDIDATE,21.157957,150.5824,4.706,215.9,24.5,-24.5,0.014732,0.775,22.5,6063,4.476,15.531,0,0,0,0,1,290.12497,40.098381,15,OK,lightkurve,,2,"SPOC,TESS-SPOC",80,1.0033915,,216.63223,24.583092,3484.6512,3484.6512,260,132.5694,0,,468.29819,20,1.1752727,-0.64920542,-2935.4696,5632.3181,False,OK,PDCSAP_FLUX,SPOC,-2935.4696,4521.6344,analytic,4521.6344,,TOO_FEW_MEMBERS,2,1,SPOC/PDCSAP_FLUX=OK;TESS-SPOC/PDCSAP_FLUX=4593ppm,2,1,1,80,SPOC,120,False,False,52617.568,-28328.368,3.1112687,,1,odd_even_significant,-14.550475,20.872768,-0.69710328,-0.69710328,linear,-13.550475,-0.64920542,0.047910159,20.872768,104.36384,4.5747062e+47,OK,-0.69710328,OK,SAP_FLUX,SPOC,-573.87358,909.7598,analytic,909.7598,,TOO_FEW_MEMBERS,2,1,SPOC/SAP_FLUX=OK;TESS-SPOC/SAP_FLUX=601ppm,2,1,1,80,SPOC,120,False,False,10664.924,-6144.0068,3.3211136,,1,odd_even_significant,-3.6490684,4.2013894,-0.86853849,-0.86853849,linear,-2.6490684,-0.63079681,0.23812024,4.2013894,21.006947,2.8768961e+11,OK,-0.86853849,BACKGROUND_TEST_AGREES,1,TESS-SPOC,-3992.3713,5449.414,-0.73262397,-0.86919917,PDC_DEEPER_THAN_SAP,0.035603447,2.7999649,4.9413,0.59497766,1.05,-2558.4206,1.0416974,1411,OK,True,0.59497766,,,0.93690761,inconclusive,not_measurable,not_measurable,,False,,0,0,1,1,0.1,4521.6344,9835.4769,2,9.6799931,1,True,OK:1,,,,,,,,84,909.7598,2143.7836,2,11.029796,1,True,OK:1,,,,,,,,84,0,3
K01609.01,Kepler-906 b,5009743,137154728,tic_kic_crossid_over_name_planet,CONFIRMED,CANDIDATE,41.698019,169.57548,5.7047,440.8,11.6,-11.6,0.019191,0.002,56.91,5997,4.466,13.956,0,0,0,0,1,291.40555,40.125488,15,OK,lightkurve,,8,"SPOC,TESS-SPOC","74,75,81,82",0.96331533,,424.6294,11.174458,3381.6199,3381.6001,129,26.941403,-28.546319,1.0595706,166.39471,10,4.0467857,3.0198712,3698.8189,4976.69,True,OK,PDCSAP_FLUX,SPOC,4976.69,1229.7884,analytic,1246.7661,205.05146,OK,2,2,SPOC/PDCSAP_FLUX=4977ppm;TESS-SPOC/PDCSAP_FLUX=4374ppm,1,4,1,"74,75,81,82",SPOC,120,False,False,11091.148,,,,4,,2.4613035,0.25681386,9.5839978,3.6504186,ln,11.720079,4.0467857,0.34528655,2.9366711,14.683356,1.0113703e+09,OK,9.5839978,OK,SAP_FLUX,SPOC,3497.1933,781.77412,analytic,816.76213,236.49443,OK,2,2,SPOC/SAP_FLUX=3497ppm;TESS-SPOC/SAP_FLUX=2802ppm,1,4,1,"74,75,81,82",SPOC,120,False,False,7050.6216,,,,4,,2.1084992,0.24028554,8.7749735,3.7602614,ln,8.2358719,4.4734063,0.54316124,1.9243003,9.6215013,6405398.7,OK,8.7749735,BACKGROUND_TEST_AGREES,2,"SPOC,TESS-SPOC",-1523.862,1051.1025,-1.4497749,-0.32594976,PDC_DEEPER_THAN_SAP,0.02,4.2032589,0.48429355,0.7368063,0.08489378,2141.2742,1.1337242,856,OK,False,0.7368063,1.0456383,-2.7681741,0.68908058,fixed_b,not_measurable,not_measurable,,False,,0,0,1,1,0.1,1229.7884,,4,0,0,False,,0.041202378,4470.0923,4880.1952,4373.5975,4976.69,4675.1438,603.09254,84,781.77412,,4,3.0773575e-31,0,False,,0.067624066,2912.9129,3385.9018,2801.6214,3497.1933,3149.4074,695.57185,84,-0.019823832,3
K00635.01,Kepler-1725 b,5020319,377908774,tic_kic_crossid_over_name_planet,CONFIRMED,CANDIDATE,16.719873,171.40143,3.317,523.1,32.5,-32.5,0.021311,0.437,35.6,6020,4.389,13.034,0,0,0,0,1,294.37354,40.19463,15,OK,lightkurve,,17,"QLP,SPOC,TESS-SPOC","14,40,41,54,55,74,75,81,82",0.97263426,,508.78498,31.610614,3354.7608,3354.7147,320,43.410854,-66.353268,1.5284949,179.98756,14,3.2873507,1.2484351,326.11992,844.28286,True,OK,PDCSAP_FLUX,QLP,844.28286,299.28893,bootstrap,314.29016,95.939804,OK,4,4,SPOC/PDCSAP_FLUX=699ppm;TESS-SPOC/PDCSAP_FLUX=728ppm;QLP/KSPSAP_FLUX=992ppm;QLP/DET_FLUX=810ppm,13,9,9,"74,75,81,82,14,40,41,54,55","QLP,SPOC","120,1800,600",False,False,5106.9581,359.15381,0.69907604,1.4703919,8,,0.50646208,0.38070373,1.3303313,1.0586917,ln,1.6594099,2.8209626,1.6999793,0.62285359,3.114268,10947.497,OK,1.3303313,OK,SAP_FLUX,QLP,564.05323,178.90643,bootstrap,228.39898,141.98093,OK,3,3,SPOC/SAP_FLUX=458ppm;TESS-SPOC/SAP_FLUX=413ppm;QLP/SAP_FLUX=831ppm,13,9,9,"74,75,81,82,14,40,41,54,55","QLP,SPOC","120,1800,600",False,False,3534.3125,258.45402,0.6977358,1.3104298,8,,0.10312314,0.41270322,0.24987238,0.23825072,ln,1.1086279,3.1527834,2.8438608,0.45593951,2.2796975,4463.9389,OK,0.24987238,BACKGROUND_TEST_AGREES,2,"SPOC,TESS-SPOC",-277.68241,296.31765,-0.9371106,-0.38926562,PDC_DEEPER_THAN_SAP,0.025668645,8.2925,0.58721589,2.5,0.17703223,-167.05007,0.98289083,3571,OK,True,2.5,1.0073577,9.3625672,,duration_inconsistent,not_measurable,not_measurable,,False,,0,0,1,1,0.2,256.82774,299.28893,13,1.3596557,0,False,,0.11363467,712.76116,904.64077,698.64281,992.44257,768.7891,148.15971,84,182.70283,178.90643,13,1.3191476,0,False,,0.25171547,427.58788,711.54973,413.39123,830.9822,457.75574,266.92896,84,-0.046078658,3
K04546.01,,5033823,169182342,tic_kic_crossid,CANDIDATE,CANDIDATE,0.74176829,131.57747,0.4164,60.3,4.3,-4.3,0.210554,1.201,2.42,5897,3.637,13.469,0,0,0,0,1,297.27325,40.136761,15,OK,lightkurve,,14,"QLP,SPOC,TESS-SPOC","14,15,54,55,74,75,81,82",1.2385554,,74.684888,5.325788,3513.746,3513.7547,7481,12.919325,12.492,0.96692359,45.003975,22,3.6351587,1.2305355,263.65996,678.77751,True,OK,PDCSAP_FLUX,QLP,678.77751,688.49506,bootstrap,809.60246,425.94682,OK,4,2,SPOC/PDCSAP_FLUX=OK;TESS-SPOC/PDCSAP_FLUX=OK;QLP/KSPSAP_FLUX=1722ppm;QLP/DET_FLUX=469ppm,195,8,8,"75,81,82,14,15,54,55,74","QLP,SPOC","120,1800,200,600",True,True,5390.6859,-2726.7901,2.3845816,1.9404934,6,smeared;depth_is_lower_bound,8.0885524,10.840595,0.74613549,0.74613549,linear,9.0885524,0.98588581,0.10847556,10.840595,54.202973,2.5899106e+25,OK,0.74613549,OK,SAP_FLUX,QLP,95.442414,336.45217,bootstrap,336.45217,,TOO_FEW_MEMBERS,3,1,SPOC/SAP_FLUX=OK;TESS-SPOC/SAP_FLUX=OK;QLP/SAP_FLUX=594ppm,198,8,8,"75,81,82,14,15,54,55,74","QLP,SPOC","120,1800,200,600",True,True,4255.3901,-1258.4629,2.0156164,0.57457727,6,smeared;depth_is_lower_bound,0.27793476,4.5057982,0.061683802,0.061683802,linear,1.2779348,0.28367306,0.22197773,4.5057982,22.528991,4.5441145e+11,OK,0.061683802,BACKGROUND_TEST_UNAVAILABLE,0,,,,,,,0.5,0.17172573,0.070123072,0.4124057,0.16840315,-876.96374,1.3139898,8341,OK,True,0.4124057,7.6906255,-6.2912503,1.2089344,tracks_b,not_measurable,not_measurable,,False,,0,0,1,1,1.2,186.72569,688.49506,247,3.3540129,2,True,OK:2,0.62752052,669.40779,1521.3014,468.96223,1721.747,1095.3546,1042.9695,84,148.08735,336.45217,249,2.7306763,2,True,OK:2,,,,,,,,84,0.008675,3
K01801.01,Kepler-955 b,5088591,121603761,tic_kic_crossid_over_name_planet,CONFIRMED,CANDIDATE,14.532448,140.72407,3.13,1355.9,95.2,-95.2,0.033083,0.001,36.65,5345,4.473,14.625,0,0,0,0,1,288.47144,40.269791,15,OK,lightkurve,,8,"SPOC,TESS-SPOC","74,75,80,81",0.9551991,,1295.1545,90.934955,3365.2623,3365.2623,371,52.041911,0,,203.07573,16,2.6162463,2.0474336,1544.3145,2017.333,False,OK,PDCSAP_FLUX,SPOC,1544.3145,661.08592,bootstrap,661.83226,31.422219,OK,2,2,SPOC/PDCSAP_FLUX=1544ppm;TESS-SPOC/PDCSAP_FLUX=1637ppm,8,4,4,"74,75,80,81",SPOC,120,False,False,14789.408,838.88956,0.55607175,1.2751227,4,,0.17595017,0.43714279,0.40250045,0.37122601,ln,1.1923786,2.3360269,1.9591318,0.5182251,2.5911255,15988.4,OK,0.40250045,OK,SAP_FLUX,SPOC,1158.0698,471.40734,bootstrap,472.1614,26.673979,OK,2,2,SPOC/SAP_FLUX=1158ppm;TESS-SPOC/SAP_FLUX=1080ppm,8,4,4,"74,75,80,81",SPOC,120,False,False,10482.033,787.83512,0.73295614,1.3307525,4,,-0.11187528,0.41672588,-0.26846252,-0.28254416,ln,0.89415577,2.4566224,2.7474211,0.37461127,1.8730564,7133.9146,OK,-0.26846252,BACKGROUND_TEST_AGREES,2,"SPOC,TESS-SPOC",-454.38955,629.55635,-0.72176152,-0.2856855,PDC_DEEPER_THAN_SAP,0.032023595,2.7700376,0.34978583,0.88499605,0.11175266,1174.7553,1.0949458,3754,OK,False,0.88499605,1.0029457,-0.85465855,0.48100274,fixed_b,not_measurable,not_measurable,,False,,0,0,1,1,0.2,754.26844,661.08592,8,0.98403173,0,False,,0.020347033,1559.1014,1621.9459,1544.3145,1636.7328,1590.5237,92.418291,84,537.41323,471.40734,8,0.984896,0,False,,0.023033135,1092.1694,1145.5174,1079.617,1158.0698,1118.8434,78.452879,84,0,3
K06516.01,,5092799,122138967,tic_kic_crossid,CANDIDATE,CANDIDATE,11.290156,135.3964,10.475,163.8,22.9,-22.9,0.012221,0.6285,6.58,5025,4.609,15.929,0,0,0,0,2,289.84402,40.262741,15,OK,lightkurve,,2,"SPOC,TESS-SPOC",80,0.982286,,160.89845,22.494349,3489.2827,3489.2827,489,438.66145,0,,864,18,2.2746357,2.2746357,13615.257,13615.257,False,OK,PDCSAP_FLUX,SPOC,13615.257,5985.6868,analytic,6277.3676,1891.2686,OK,2,2,SPOC/PDCSAP_FLUX=13615ppm;TESS-SPOC/PDCSAP_FLUX=8053ppm,1,1,1,80,SPOC,120,False,False,68165.161,,,,1,,4.4381729,0.48437181,9.1627398,2.1432967,ln,84.620189,2.2746357,0.026880532,39.014752,195.07376,8.4335497e+86,OK,9.1627398,OK,SAP_FLUX,SPOC,5250.1143,1189.7944,analytic,1198.0386,140.30599,OK,2,2,SPOC/SAP_FLUX=5250ppm;TESS-SPOC/SAP_FLUX=5663ppm,2,1,1,80,SPOC,120,False,False,19877.469,-11567.794,4.8607482,,1,odd_even_significant,3.4852317,0.27224497,12.801823,4.2471121,ln,32.629988,4.412623,0.13523214,7.4474106,37.237053,2.3900034e+18,OK,12.801823,BACKGROUND_TEST_AGREES,2,"SPOC,TESS-SPOC",-5453.5686,4369.8931,-1.2479867,-0.50337631,PDC_DEEPER_THAN_SAP,0.02,10.799874,5.0133811,1.0310142,0.4786044,8866.034,0.92177204,1898,OK,True,1.0310142,1.1577501,-0.24399669,0.59611645,fixed_b,not_measurable,not_measurable,,False,,0,0,1,1,0.1,5985.6868,,1,0,0,False,,0.13890804,8942.711,12725.248,8052.7022,13615.257,10833.98,5562.5548,84,1189.7944,4002.1851,2,23.626873,0,False,,0.026724369,5316.1407,5596.7527,5250.1143,5662.779,5456.4467,412.66468,84,0,3
K06516.02,,5092799,122138967,tic_kic_crossid,CANDIDATE,CANDIDATE,28.247533,136.08691,13.2,,,,,,,,,15.929,0,0,0,0,2,289.84402,40.262741,15,OK,lightkurve,,2,"SPOC,TESS-SPOC",80,0.96296296,teff_missing_default_used;logg_missing_4.5_used,,,3505.6034,3505.6034,196,0,0,,198,7,-9.2062558,-11.328097,-56288.258,-47720.668,False,OK,PDCSAP_FLUX,SPOC,-56288.258,4968.9068,analytic,4968.9068,,TOO_FEW_MEMBERS,2,0,SPOC/PDCSAP_FLUX=OK;TESS-SPOC/PDCSAP_FLUX=OK,1,1,1,80,SPOC,120,False,False,64423.939,,,,1,,,,,,,,,,,,,NO_REFERENCE_DEPTH,,OK,SAP_FLUX,SPOC,-16444.06,1417.9826,analytic,1417.9826,,TOO_FEW_MEMBERS,2,0,SPOC/SAP_FLUX=OK;TESS-SPOC/SAP_FLUX=OK,1,1,1,80,SPOC,120,False,False,19102.748,,,,1,,,,,,,,,,,,,NO_REFERENCE_DEPTH,,BACKGROUND_TEST_UNAVAILABLE,0,,,,,,,0.15,31.044495,1.4012237,2.3518557,0.10615331,-60605.488,1.1599369,1317,OK,False,2.3518557,,,,inconclusive,not_measured,not_measured,,False,,0,0,1,1,0.1,4968.9068,,1,1.9501085e-30,2,True,OK:2,,,,,,,,84,1417.9826,,1,0,2,True,OK:2,,,,,,,,84,0,3
K00123.01,Kepler-109 b,5094751,122441003,tic_kic_crossid_over_name_planet,CONFIRMED,CANDIDATE,6.4816331,122.97766,3.784,298.5,2.7,-2.7,0.017836,0.833,7.71,5945,4.213,12.365,0,0,0,0,2,290.39273,40.28487,15,OK,lightkurve,,25,"QLP,SPOC,TESS-SPOC","14,40,41,54,55,74,75,80,82",1.0154917,,303.12427,2.7418275,3329.2515,3329.2384,829,7.2493238,-18.935136,2.6119865,78.507971,10,4.5166512,3.6977001,267.67551,319.80163,True,OK,PDCSAP_FLUX,QLP,319.80163,99.016451,bootstrap,143.17232,103.41206,OK,4,4,SPOC/PDCSAP_FLUX=238ppm;TESS-SPOC/PDCSAP_FLUX=322ppm;QLP/KSPSAP_FLUX=277ppm;QLP/DET_FLUX=594ppm,36,9,9,"40,41,54,55,74,75,80,82,14","QLP,SPOC","120,1800",False,False,3204.5133,-152.15071,0.75565062,1.7662528,16,,0.053558071,0.45056526,0.11886862,0.11581634,ln,1.0550183,3.2297828,3.0613526,0.47504744,2.3752372,2956.5417,OK,0.11886862,OK,SAP_FLUX,QLP,304.86715,84.198118,bootstrap,91.054443,34.663936,OK,3,3,SPOC/SAP_FLUX=246ppm;TESS-SPOC/SAP_FLUX=291ppm;QLP/SAP_FLUX=348ppm,36,9,9,"40,41,54,55,74,75,80,82,14","QLP,SPOC","120,1800",False,False,2707.8565,-185.99905,1.0880668,2.4340037,16,,0.0057332657,0.30296062,0.018924129,0.01887301,ln,1.0057497,3.6208309,3.6001311,0.3046537,1.5232685,1087.3655,OK,0.018924129,BACKGROUND_TEST_AGREES,2,"SPOC,TESS-SPOC",-7.8708722,92.731329,-0.084878243,-0.028122503,PDC_DEEPER_THAN_SAP,0.055181645,3.0556138,0.14219555,0.80750893,0.037578105,317.51119,0.99347274,18031,OK,False,0.80750893,1.0014424,-3.1244339,0.90161855,tracks_b,consistent,consistent,duration_not_fixed_b,False,,0,0,1,1,0.4,70.805032,99.016451,37,1.7949529,0,False,,0.32336315,256.53172,463.35584,237.81052,593.88832,299.37934,274.08669,84,61.497954,84.198118,37,1.939731,0,False,,0.11370178,260.5698,329.89767,246.03208,347.98484,291.46246,58.835067,84,-0.0131494,3
K00123.02,Kepler-109 c,5094751,122441003,tic_kic_crossid_over_name_planet,CONFIRMED,CANDIDATE,21.222612,137.57403,6.5093,366,3.5,-3.5,0.01746,0.02,25.344,5945,4.213,12.365,0,0,0,0,2,290.39273,40.28487,15,OK,lightkurve,,25,"QLP,SPOC,TESS-SPOC","14,40,41,54,55,74,75,80,82",0.96324018,,352.54591,3.3713406,3339.8949,3339.9174,253,10.718658,32.494426,3.0315759,129.79547,10,6.0324005,5.5427622,585.8857,632.52944,True,OK,PDCSAP_FLUX,QLP,632.52944,145.92395,bootstrap,178.72654,103.19582,OK,4,4,SPOC/PDCSAP_FLUX=572ppm;TESS-SPOC/PDCSAP_FLUX=728ppm;QLP/KSPSAP_FLUX=738ppm;QLP/DET_FLUX=485ppm,9,9,8,"40,41,54,55,74,75,80,82,14","QLP,SPOC","120,1800",False,False,2983.555,-484.74113,2.282911,2.6965703,16,,0.58454591,0.28710753,2.0359825,1.5587084,ln,1.7941761,4.3346512,2.4159564,0.50950909,2.5475455,4151.4773,OK,2.0359825,OK,SAP_FLUX,QLP,711.83337,171.20425,bootstrap,187.46617,76.371924,OK,3,3,SPOC/SAP_FLUX=577ppm;TESS-SPOC/SAP_FLUX=699ppm;QLP/SAP_FLUX=802ppm,10,9,9,"40,41,54,55,74,75,80,82,14","QLP,SPOC","120,1800",False,False,2574.6834,-182.61804,1.0024098,3.9989315,16,sector_scatter,0.70266301,0.26823173,2.6196118,1.907823,ln,2.0191225,4.157802,2.0592124,0.53418084,2.6709042,4742.8112,OK,2.6196118,BACKGROUND_TEST_AGREES,2,"SPOC,TESS-SPOC",-6.202137,176.83171,-0.035073669,-0.0095371724,PDC_DEEPER_THAN_SAP,0.02,4.7960932,0.14650997,0.7368063,0.022507792,538.00551,1.0480934,6669,OK,False,0.7368063,1.0058308,-5.2800294,0.68806649,tracks_b,not_measurable,not_measurable,,False,,0,0,1,1,0.3,104.85534,145.92395,12,2.3603901,0,False,,0.16314786,526.71035,733.10199,484.62949,737.51069,650.31193,147.89994,84,88.038084,171.20425,12,4.0151397,0,False,,0.10728905,616.08255,768.8264,577.25326,801.87657,698.59479,134.58011,84,0.022565573,3
K00824.01,Kepler-693 b,5164255,237159318,tic_kic_crossid_over_name_planet,CONFIRMED,CANDIDATE,15.375624,173.61402,3.3169,15337,114,-114,0.12103,0.692,31.24,4986,4.496,16.422,0,0,0,0,1,283.25354,40.358189,15,OK,lightkurve,,6,"SPOC,TESS-SPOC","74,80,81",0.99121273,,15202.23,112.99825,3495.7118,3495.7118,357,5.3009946,0,,65.656484,7,1.4829064,0.12494747,516.20365,5872.2259,False,OK,PDCSAP_FLUX,SPOC,516.20365,4131.3654,analytic,4189.4525,695.22094,OK,2,2,SPOC/PDCSAP_FLUX=516ppm;TESS-SPOC/PDCSAP_FLUX=2561ppm,5,3,3,"74,80,81",SPOC,120,False,False,59665.064,13832.232,1.5626756,0.90067222,3,,-0.96604421,0.2801792,-3.4479512,-3.4479512,linear,0.033955786,0.12494747,3.6797108,0.2801792,1.400896,46501.113,OK,-3.4479512,OK,SAP_FLUX,SPOC,1072.6018,1414.2179,analytic,1414.3667,20.515471,OK,2,2,SPOC/SAP_FLUX=1073ppm;TESS-SPOC/SAP_FLUX=1012ppm,5,3,3,"74,80,81",SPOC,120,False,False,20196.664,-421.31125,0.14520409,0.83181055,3,,-0.92944444,0.10588246,-8.7780779,-8.7780779,linear,0.070555557,0.75844167,10.749567,0.10588246,0.52941228,10610.154,OK,-8.7780779,BACKGROUND_TEST_AGREES,2,"SPOC,TESS-SPOC",-454.51746,3148.2146,-0.14437309,-0.29541218,PDC_DEEPER_THAN_SAP,0.1927488,5.2444794,2.2140423,1.5811388,0.66750347,6527.9323,1.0508576,1989,OK,True,1.5811388,0.85317374,1.4497026,,fixed_b,transit_not_recovered,transit_not_recovered,,False,,0,0,1,1,0.1,4131.3654,4772.0171,5,1.7758209,0,False,,1.3467958,843.36645,2233.8083,516.20365,2560.9711,1538.5874,2044.7675,84,1414.2179,1263.1664,5,1.0540001,0,False,,0.019126829,1021.9165,1062.9474,1012.2622,1072.6018,1042.432,60.339621,84,0,3
K02719.01,Kepler-1324 b,5184911,137090755,tic_kic_crossid_over_name_planet,CONFIRMED,CANDIDATE,4.1158551,134.11726,1.4858,425.8,24.9,-24.9,0.02144,0.807,13.28,4827,4.508,15.141,0,0,0,0,2,291.18497,40.311211,15,OK,lightkurve,,4,"SPOC,TESS-SPOC","81,82",1.0169124,,433.0013,25.321119,3531.7534,3531.7534,1352,22.848896,0,,90.833689,16,1.4511878,1.4415375,2330.8005,2343.3396,False,OK,PDCSAP_FLUX,SPOC,2330.8005,1307.6024,bootstrap,1341.838,301.1729,OK,2,2,SPOC/PDCSAP_FLUX=2331ppm;TESS-SPOC/PDCSAP_FLUX=3217ppm,11,2,2,"81,82",SPOC,120,False,False,24581.301,-1050.7096,0.32155914,0.1445158,2,,4.3828948,3.0998786,1.4138924,1.4138924,linear,5.3828948,1.7824994,0.33114141,3.0998786,15.499393,2.3323299e+09,OK,1.4138924,OK,SAP_FLUX,SPOC,1736.2369,977.96599,bootstrap,978.74697,39.091418,OK,2,2,SPOC/SAP_FLUX=1736ppm;TESS-SPOC/SAP_FLUX=1851ppm,11,2,2,"81,82",SPOC,120,False,False,16593.501,-633.04766,0.27779512,0.38337397,2,,3.0097729,2.2616879,1.3307641,1.3307641,linear,4.0097729,1.7753551,0.44275701,2.2616879,11.308439,35292034,OK,1.3307641,BACKGROUND_TEST_AGREES,2,"SPOC,TESS-SPOC",-956.95629,1188.5914,-0.80511796,-0.34501052,PDC_DEEPER_THAN_SAP,0.058051167,2.3492561,0.93675195,1.5811388,0.63046975,1554.4796,1.0171667,2450,OK,False,1.5811388,1.072211,0.9574495,0.25122299,fixed_b,not_measurable,not_measurable,,False,,0,0,1,1,0.1,1616.885,1307.6024,12,0.74782421,0,False,,0.12921436,2472.5289,3074.8747,2330.8005,3216.6031,2773.7018,885.80264,84,1124.7699,977.96599,12,0.81846253,0,False,,0.022515026,1754.6329,1832.8157,1736.2369,1851.2117,1793.7243,114.97476,84,0,3
K02719.02,,5184911,137090755,tic_kic_crossid_over_name_planet,CANDIDATE,CANDIDATE,106.25976,132.2417,6.101,354,55.3,-55.3,0.016656,0.209,132.4,4827,4.508,15.141,0,0,0,0,2,291.18497,40.311211,15,OK,lightkurve,NO_USABLE_TRANSIT,4,"SPOC,TESS-SPOC","81,82",0.95247851,,337.17739,52.672061,3490.7492,3490.7492,52,197.6746,0,,684.53879,16,,,,,False,NO_USABLE_TRANSIT,PDCSAP_FLUX,SPOC,,,none,,,TOO_FEW_MEMBERS,2,0,SPOC/PDCSAP_FLUX=NO_USABLE_TRANSIT;TESS-SPOC/PDCSAP_FLUX=NO_USABLE_TRANSIT,0,2,0,"81,82",SPOC,120,False,False,,,,,2,,,,,,,,,,,,,NO_USABLE_TRANSIT,,NO_USABLE_TRANSIT,SAP_FLUX,SPOC,,,none,,,TOO_FEW_MEMBERS,2,0,SPOC/SAP_FLUX=NO_USABLE_TRANSIT;TESS-SPOC/SAP_FLUX=NO_USABLE_TRANSIT,0,2,0,"81,82",SPOC,120,False,False,,,,,2,,,,,,,,,,,,,NO_USABLE_TRANSIT,,BACKGROUND_TEST_UNAVAILABLE,0,,,,,,,0.02,,,,,,,0,too_few_points,False,,,,,inconclusive,not_measured,not_measured,,False,,0,0,1,1,0.1,,,0,,2,True,NO_USABLE_TRANSIT:2,,,,,,,,84,,,0,,2,True,NO_USABLE_TRANSIT:2,,,,,,,,84,0,3
K06538.01,,5193439,138299638,tic_kic_crossid,CANDIDATE,CANDIDATE,129.84732,240.6812,13.057,198.4,20.8,-20.8,0.012907,0.004,77,6133,4.427,14.52,0,0,0,0,1,293.67682,40.334068,15,OK,lightkurve,,12,"SPOC,TESS-SPOC","40,41,74,75,81,82",0.96447586,,191.35201,20.061098,3397.4213,3397.4213,41,317.67897,0,,864,16,2.832237,1.9222448,4166.3478,5810.0936,False,OK,PDCSAP_FLUX,SPOC,4166.3478,2167.4386,analytic,2167.5791,24.677136,OK,2,2,SPOC/PDCSAP_FLUX=4166ppm;TESS-SPOC/PDCSAP_FLUX=4239ppm,1,6,1,"40,41,74,75,81,82",SPOC,120,False,False,29631.738,,,,6,,20.773211,11.3283,1.8337447,1.8337447,linear,21.773211,1.9222448,0.088284857,11.3283,56.641502,7.6019461e+26,OK,1.8337447,OK,SAP_FLUX,SPOC,1240.7364,629.70433,analytic,742.88056,394.13701,OK,2,2,SPOC/SAP_FLUX=1241ppm;TESS-SPOC/SAP_FLUX=82ppm,1,6,1,"40,41,74,75,81,82",SPOC,120,False,False,8608.8867,,,,6,,5.4840518,3.8840092,1.4119565,1.4119565,linear,6.4840518,1.9703475,0.30387597,3.8840092,19.420046,5.1981857e+10,OK,1.4119565,BACKGROUND_TEST_AGREES,2,"SPOC,TESS-SPOC",-3651.4624,1446.5315,-2.5242881,-0.86885015,PDC_DEEPER_THAN_SAP,0.02,32.6425,0.4909644,2.5,0.037601624,-2040.81,1.0113408,1802,OK,True,2.5,1.04672,10.644758,,duration_inconsistent,not_measurable,not_measurable,,False,,0,0,1,1,0.2,2167.4386,,1,0,0,False,,0.0059229659,4177.9605,4227.3148,4166.3478,4238.9276,4202.6377,72.579811,84,629.70433,,1,0,0,False,,0.31766379,266.98609,1055.2601,81.509847,1240.7364,661.1231,1159.2265,84,0,3
K02158.01,Kepler-1800 b,5211199,169814632,tic_kic_crossid_over_name_planet,CONFIRMED,CANDIDATE,4.5620407,132.64295,2.8521,81.6,4,-4,0.010314,0.925,5.06,5343,3.764,13.052,0,0,0,0,2,297.65143,40.352551,15,OK,lightkurve,,16,"QLP,SPOC,TESS-SPOC","14,15,54,55,74,75,81,82",1.0628865,,86.731541,4.2515461,3362.5371,3362.5371,1183,28.018429,0,,126.83679,12,2.9261466,1.1914383,183.66188,442.45557,False,OK,PDCSAP_FLUX,QLP,183.66188,177.64393,bootstrap,235.41009,154.46859,OK,4,3,SPOC/PDCSAP_FLUX=38ppm;TESS-SPOC/PDCSAP_FLUX=76ppm;QLP/KSPSAP_FLUX=492ppm;QLP/DET_FLUX=OK,39,8,8,"74,75,81,82,14,15,54,55","QLP,SPOC","120,1800,600",False,False,5301.6841,-481.70201,1.3559971,2.3907456,8,,1.1175904,2.7151416,0.41161405,0.41161405,linear,2.1175904,1.0338765,0.4882325,2.7151416,13.575708,68238830,OK,0.41161405,OK,SAP_FLUX,QLP,112.38234,123.08842,bootstrap,123.95321,14.61637,OK,3,3,SPOC/SAP_FLUX=26ppm;TESS-SPOC/SAP_FLUX=41ppm;QLP/SAP_FLUX=69ppm,39,8,8,"74,75,81,82,14,15,54,55","QLP,SPOC","120,1800,600",False,False,3652.8227,-231.6586,0.90327572,2.7638121,8,,0.29574934,1.4308738,0.20669142,0.20669142,linear,1.2957493,0.91302119,0.70462794,1.4308738,7.1543691,110902.3,OK,0.20669142,BACKGROUND_TEST_AGREES,2,"SPOC,TESS-SPOC",-20.838994,150.37137,-0.13858353,-0.36820699,PDC_DEEPER_THAN_SAP,0.066949981,1.2127019,0.85563,0.42519615,0.3,212.7864,1.0391539,10179,OK,True,0.42519615,1.0284581,-1.2477821,0.99543155,fixed_b,not_measurable,not_measurable,,False,,0,0,1,1,0.3,154.1514,177.64393,44,1.3483709,1,True,OK:1,0.84104873,49.75765,358.69483,37.600819,491.92021,75.590917,308.25832,84,114.07782,123.08842,44,1.508592,0,False,,0.13005932,31.246823,60.479564,26.453072,69.442397,41.433543,85.929265,84,0,3
K02158.02,,5211199,169814632,tic_kic_crossid_over_name_planet,CANDIDATE,CANDIDATE,6.6823125,132.18853,3.251,48.7,4.4,-4.4,0.007642,0.892,7.42,5343,3.764,13.052,0,0,0,0,2,297.65143,40.352551,15,OK,lightkurve,,16,"QLP,SPOC,TESS-SPOC","14,15,54,55,74,75,81,82",1.043151,,50.801454,4.5898645,3364.497,3364.5083,808,69.328913,16.228992,0.23408692,256.75174,18,6.5181584,6.2048032,1032.4602,1072.4744,True,OK,PDCSAP_FLUX,QLP,1072.4744,891.14616,bootstrap,1263.0063,895.01024,OK,4,4,SPOC/PDCSAP_FLUX=77ppm;TESS-SPOC/PDCSAP_FLUX=66ppm;QLP/KSPSAP_FLUX=3485ppm;QLP/DET_FLUX=53ppm,29,8,8,"74,75,81,82,14,15,54,55","QLP,SPOC","120,1800,600",False,False,4726.2223,-1617.7904,1.0346816,94.190009,8,sector_scatter,20.111096,24.861831,0.80891451,0.80891451,linear,21.111096,1.2034775,0.057006871,24.861831,124.30915,4.927827e+55,OK,0.80891451,OK,SAP_FLUX,QLP,617.25899,530.45085,bootstrap,752.68398,533.99913,OK,3,3,SPOC/SAP_FLUX=60ppm;TESS-SPOC/SAP_FLUX=100ppm;QLP/SAP_FLUX=1631ppm,29,8,8,"74,75,81,82,14,15,54,55","QLP,SPOC","120,1800,600",False,False,3631.7441,-1021.6994,1.0631835,96.514563,8,sector_scatter,11.15042,14.816549,0.75256521,0.75256521,linear,12.15042,1.1636497,0.095770333,14.816549,74.082747,7.5788676e+33,OK,0.75256521,BACKGROUND_TEST_AGREES,2,"SPOC,TESS-SPOC",13.899061,153.77855,0.09038361,0.19379884,SAP_DEEPER_THAN_PDC,0.036089681,1.3004,0.040956345,0.4,0.012598076,1510.7729,3.1580981,8533,OK,True,0.4,1.1206599,-12.921542,0.9900474,tracks_b,not_measurable,not_measurable,,False,,0,0,1,1,0.3,164.53641,891.14616,31,43.87545,0,False,,0.83452834,59.386282,1849.4068,53.004697,3485.3468,71.71901,2412.8725,84,123.33428,530.45085,31,44.375131,0,False,,0.86511358,73.118258,1141.1165,60.419006,1631.0047,100.10417,1013.7457,84,0.011270133,3
K06546.01,,5263167,121465281,tic_kic_crossid,CANDIDATE,CANDIDATE,3.3940196,134.37164,2.984,98.4,11.8,-11.8,0.009127,0.166,8.67,6181,4.431,15.42,0,0,0,0,1,288.03058,40.418301,15,OK,lightkurve,,4,"SPOC,TESS-SPOC","80,81",0.96605383,,95.059696,11.399435,3506.4116,3506.4116,1632,70.047652,0,,254.90296,18,2.0272298,1.7394062,2558.6844,3017.5427,False,OK,PDCSAP_FLUX,SPOC,2558.6844,1758.164,bootstrap,1867.096,628.41599,OK,2,2,SPOC/PDCSAP_FLUX=2559ppm;TESS-SPOC/PDCSAP_FLUX=710ppm,12,2,2,"80,81",SPOC,120,False,False,33135.035,-1230.0392,0.41794688,5.3866511,2,sector_scatter,25.916606,19.641729,1.3194666,1.3194666,linear,26.916606,1.4553161,0.054067593,19.641729,98.208647,4.2605897e+44,OK,1.3194666,OK,SAP_FLUX,SPOC,1336.026,936.70466,bootstrap,937.81566,45.635376,OK,2,2,SPOC/SAP_FLUX=1336ppm;TESS-SPOC/SAP_FLUX=1470ppm,14,2,2,"80,81",SPOC,120,False,False,18065.415,974.22777,0.57394967,3.7249178,2,sector_scatter,13.054599,9.8663999,1.3231371,1.3231371,linear,14.054599,1.4263044,0.1014831,9.8663999,49.331999,2.5270368e+23,OK,1.3231371,BACKGROUND_TEST_AGREES,2,"SPOC,TESS-SPOC",-334.85349,1480.3234,-0.22620293,-0.20486059,PDC_DEEPER_THAN_SAP,0.02,5.3312309,0.5977663,1.7866055,0.20032383,1866.9844,1.040073,5176,OK,False,1.7866055,1.039096,3.7387587,,duration_inconsistent,not_measurable,not_measurable,,False,,0,0,1,1,0.2,1471.0103,1758.164,15,1.477211,0,False,,0.24560121,1006.1273,2262.9592,710.40208,2558.6844,1634.5433,1848.2823,84,763.43754,936.70466,16,1.8005259,0,False,,0.034157552,1357.5014,1448.7722,1336.026,1470.2476,1403.1368,134.22169,84,0,3
K02440.01,Kepler-1240 b,5339567,258203566,tic_kic_crossid_over_name_planet,CONFIRMED,CANDIDATE,4.866385,134.01501,2.296,143.8,9.9,-9.9,0.010894,0.176,16.13,5688,4.333,13.987,0,0,0,0,1,282.99973,40.557449,15,OK,lightkurve,,22,"QLP,SPOC,TESS-SPOC","14,40,41,53,54,74,80,81",0.96210923,,138.35131,9.5248813,3320.0385,3320.0385,1100,38.780947,0,,150.78284,16,0.92765788,-0.24712476,-66.374633,241.28615,False,OK,PDCSAP_FLUX,QLP,-66.374633,315.49234,bootstrap,346.07171,142.23294,OK,4,3,SPOC/PDCSAP_FLUX=258ppm;TESS-SPOC/PDCSAP_FLUX=130ppm;QLP/KSPSAP_FLUX=OK;QLP/DET_FLUX=548ppm,39,8,8,"40,41,53,54,74,80,81,14","QLP,SPOC","120,1800",True,False,9030.8382,-59.243315,0.094147228,3.5551179,14,smeared;sector_scatter,-1.4797543,2.5028449,-0.59122893,-0.59122893,linear,-0.47975429,-0.21038429,0.43852509,2.5028449,12.514224,37656529,OK,-0.59122893,OK,SAP_FLUX,QLP,-91.918754,264.96844,bootstrap,271.33138,58.416109,OK,3,3,SPOC/SAP_FLUX=145ppm;TESS-SPOC/SAP_FLUX=68ppm;QLP/SAP_FLUX=240ppm,40,8,8,"40,41,53,54,74,80,81,14","QLP,SPOC","120,1800",True,False,8067.1681,146.85445,0.27762829,3.2431637,14,smeared;sector_scatter,-1.6643866,1.9630217,-0.84786968,-0.84786968,linear,-0.6643866,-0.34690454,0.52214259,1.9630217,9.8151086,2532835.8,OK,-0.84786968,BACKGROUND_TEST_AGREES,2,"SPOC,TESS-SPOC",-90.011443,289.63317,-0.3107774,-0.46390891,PDC_DEEPER_THAN_SAP,0.02,1.9115422,2.4108,0.83255321,1.05,-172.05002,1.05578,11689,OK,True,0.83255321,,,0.57883347,inconclusive,not_measurable,not_measurable,,False,,0,0,1,1,0.5,268.58754,315.49234,42,1.4722018,1,True,OK:1,0.55025787,170.82415,455.29002,129.57239,547.90455,258.48415,289.4204,84,237.77504,264.96844,43,1.4067053,0,False,,0.40235004,92.88668,209.7189,68.274631,240.08672,145.18728,94.899432,84,0,3
K02011.01,Kepler-348 b,5384079,169180792,tic_kic_crossid_over_name_planet,CONFIRMED,CANDIDATE,7.0567515,132.53512,2.0261,130,6,-6,0.010978,0.631,21.04,6388,4.244,12.556,0,0,0,0,2,297.25504,40.54837,15,OK,lightkurve,,17,"QLP,SPOC,TESS-SPOC","14,15,54,55,74,81,82",0.98672776,,128.27461,5.9203666,3335.723,3335.723,761,22.731339,0,,98.585517,14,2.9748527,1.4888404,278.25584,558.03145,False,OK,PDCSAP_FLUX,QLP,278.25584,212.78938,bootstrap,347.63813,274.90534,OK,4,4,SPOC/PDCSAP_FLUX=135ppm;TESS-SPOC/PDCSAP_FLUX=368ppm;QLP/KSPSAP_FLUX=894ppm;QLP/DET_FLUX=51ppm,23,7,7,"54,55,74,81,82,14,15","QLP,SPOC","120,1800",True,False,4246.6292,-49.65632,0.11340525,1.1558546,10,smeared,1.16922,2.7109628,0.43129326,0.43129326,linear,2.16922,1.3076585,0.60282431,2.7109628,13.554814,98837320,OK,0.43129326,OK,SAP_FLUX,QLP,205.15967,137.90505,bootstrap,214.85727,164.75996,OK,3,3,SPOC/SAP_FLUX=127ppm;TESS-SPOC/SAP_FLUX=279ppm;QLP/SAP_FLUX=612ppm,24,7,7,"54,55,74,81,82,14,15","QLP,SPOC","120,1800",True,False,2888.8699,-97.089632,0.37160305,0.87848237,10,smeared,0.59937865,1.6763606,0.35754757,0.35754757,linear,1.5993786,1.4876879,0.93016615,1.6763606,8.3818028,560030.83,OK,0.35754757,BACKGROUND_TEST_AGREES,2,"SPOC,TESS-SPOC",-53.718761,181.34641,-0.2962218,-0.2134433,PDC_DEEPER_THAN_SAP,0.02,2.5090744,0.92834099,1.2383764,0.4581911,193.56412,1.0824966,4989,OK,True,1.2383764,1.0084012,0.54759604,0.25544976,fixed_b,not_measurable,not_measurable,,False,,0,0,1,1,0.3,186.89433,212.78938,27,1.5176089,0,False,,0.98795893,91.557924,641.36861,51.103688,893.73603,251.67696,615.48019,84,134.61875,137.90505,27,1.347251,0,False,,0.80308162,175.7897,505.30963,127.3558,611.94392,278.71175,406.78425,84,0,3
K02011.02,Kepler-348 c,5384079,169180792,tic_kic_crossid_over_name_planet,CONFIRMED,CANDIDATE,17.265366,135.3549,5.02,67.9,5.5,-5.5,0.007577,0.007,26.48,6388,4.244,12.556,0,0,0,0,2,297.25504,40.54837,15,OK,lightkurve,,17,"QLP,SPOC,TESS-SPOC","14,15,54,55,74,81,82",0.9666681,,65.636764,5.3166746,3337.8837,3337.8837,311,88.833883,0,,341.80165,16,1.7863484,0.62503787,101.15391,291.9834,False,OK,PDCSAP_FLUX,QLP,101.15391,207.25257,bootstrap,261.2539,159.05965,OK,4,3,SPOC/PDCSAP_FLUX=176ppm;TESS-SPOC/PDCSAP_FLUX=85ppm;QLP/KSPSAP_FLUX=OK;QLP/DET_FLUX=553ppm,11,7,7,"54,55,74,81,82,14,15","QLP,SPOC","120,1800",False,False,4113.458,-559.24013,1.7270633,2.0711767,10,,0.54111669,3.9814364,0.13590992,0.13590992,linear,1.5411167,0.48807073,0.3166994,3.9814364,19.907182,2.9021937e+10,OK,0.13590992,OK,SAP_FLUX,QLP,186.85258,201.53282,bootstrap,225.20849,100.51562,OK,3,3,SPOC/SAP_FLUX=147ppm;TESS-SPOC/SAP_FLUX=170ppm;QLP/SAP_FLUX=443ppm,11,7,7,"54,55,74,81,82,14,15","QLP,SPOC","120,1800",False,False,2915.3401,-488.5204,1.9878588,3.1165774,10,sector_scatter,1.846767,3.4324536,0.53803117,0.53803117,linear,2.846767,0.92715708,0.32568773,3.4324536,17.162268,1.8647706e+09,OK,0.53803117,BACKGROUND_TEST_AGREES,2,"SPOC,TESS-SPOC",32.603448,173.59231,0.18781621,0.24985813,SAP_DEEPER_THAN_PDC,0.02,3.0794208,0.19406437,0.61343045,0.038658241,300.4369,0.97645025,6067,OK,False,0.61343045,1.0018164,-5.2756573,0.79574426,tracks_b,not_measurable,not_measurable,,False,,0,0,1,1,0.2,161.83645,207.25257,11,1.6803507,1,True,OK:1,1.5724518,114.03435,432.15364,84.783682,552.60618,176.19201,451.45227,84,122.42881,201.53282,11,2.4488195,0,False,,0.53794079,154.41365,355.44489,147.28253,442.91671,169.56728,256.06413,84,0,3
K00257.01,Kepler-506 b,5514383,120317234,tic_kic_crossid_over_name_planet,CONFIRMED,CANDIDATE,6.8834128,172.66227,2.0674,487.4,15.9,-15.9,0.020209,0.083,25.87,6139,4.359,10.868,0,0,0,0,1,284.63519,40.71983,15,OK,lightkurve,,25,"QLP,SPOC,TESS-SPOC","14,26,40,41,53,54,74,80,81",0.96481783,,470.25221,15.340603,3319.657,3319.657,772,15.006227,0,0,76.02968,12,19.500196,19.500196,639.31036,639.31036,True,OK,PDCSAP_FLUX,QLP,639.31036,40.45543,bootstrap,43.820837,16.84114,OK,4,4,SPOC/PDCSAP_FLUX=584ppm;TESS-SPOC/PDCSAP_FLUX=584ppm;QLP/KSPSAP_FLUX=630ppm;QLP/DET_FLUX=566ppm,30,9,9,"40,41,53,54,74,80,81,14,26","QLP,SPOC","120,1800",True,False,1158.4409,64.45112,0.7934618,0.96924998,16,smeared,0.30712087,0.090898122,3.3787372,3.2484508,ln,1.3595053,15.802832,11.623958,0.11066976,0.55334882,347.54794,OK,3.3787372,OK,SAP_FLUX,QLP,647.38332,39.180142,bootstrap,44.549479,21.203125,OK,3,3,SPOC/SAP_FLUX=576ppm;TESS-SPOC/SAP_FLUX=594ppm;QLP/SAP_FLUX=638ppm,30,9,9,"40,41,53,54,74,80,81,14,26","QLP,SPOC","120,1800",True,False,1207.6836,13.617284,0.16448098,0.82231586,16,smeared,0.31966941,0.091102473,3.5088993,3.3638218,ln,1.3766726,16.523251,12.00231,0.11197756,0.55988782,352.91305,OK,3.5088993,BACKGROUND_TEST_AGREES,2,"SPOC,TESS-SPOC",-1.2698402,48.627817,-0.026113454,-0.0021737625,PDC_DEEPER_THAN_SAP,0.02,1.8863858,0.057624885,0.91244354,0.027873118,544.71631,1.09553,7043,OK,False,0.91244354,1.0033114,-1.488411,0.42428587,fixed_b,consistent,consistent,,False,,0,0,1,1,0.3,32.784818,40.45543,34,1.0717227,0,False,,0.026342666,574.6823,608.36458,566.13919,630.48886,584.16697,73.171169,84,37.240477,39.180142,34,1.002077,0,False,,0.032752041,581.70784,624.11409,575.76649,638.12862,594.33321,71.616834,84,0,3
K01838.01,Kepler-970 b,5526527,122069243,tic_kic_crossid_over_name_planet,CONFIRMED,CANDIDATE,16.736476,143.13606,2.151,1147,143,-143,0.038278,0.9,30.8,4334,4.618,14.786,0,0,0,0,1,289.62524,40.708729,15,OK,lightkurve,,8,"SPOC,TESS-SPOC","74,75,80,82",1.0614701,,1217.5061,151.79022,3365.2813,3365.2813,322,65.470496,0,,228.67649,22,1.5596679,-0.029540416,-68.394157,3783.401,False,OK,PDCSAP_FLUX,SPOC,-68.394157,2315.274,analytic,2315.274,,TOO_FEW_MEMBERS,2,0,SPOC/PDCSAP_FLUX=OK;TESS-SPOC/PDCSAP_FLUX=OK,7,4,4,"74,75,80,82",SPOC,120,False,False,33199.735,-2263.5158,0.47975755,0.39296268,4,,-1.0561756,1.906391,-0.55401835,-0.55401835,linear,-0.056175615,-0.029540416,0.52585835,1.906391,9.5319551,16792494,OK,-0.55401835,OK,SAP_FLUX,SPOC,-217.70569,424.61161,analytic,424.61161,,TOO_FEW_MEMBERS,2,0,SPOC/SAP_FLUX=OK;TESS-SPOC/SAP_FLUX=OK,7,4,4,"74,75,80,82",SPOC,120,False,False,7009.4936,-275.22779,0.29874459,0.36596755,4,,-1.1788128,0.37372927,-3.1541891,-3.1541891,linear,-0.17881281,-0.51271724,2.8673407,0.37372927,1.8686464,6671.3487,OK,-3.1541891,BACKGROUND_TEST_UNAVAILABLE,0,,,,,,,0.17261194,2.5836187,1.0023514,1.2011244,0.46599321,2590.1962,1.1300281,2261,OK,False,1.2011244,,,0.83147281,inconclusive,not_measurable,not_measurable,,False,,0,0,1,1,0.2,2315.274,1423.9537,7,0.53718655,2,True,OK:2,,,,,,,,84,424.61161,277.04478,7,0.31182437,2,True,OK:2,,,,,,,,84,0,3
K00412.01,Kepler-546 b,5683743,237158650,tic_kic_crossid_confirms_name_planet,CONFIRMED,CANDIDATE,4.1470212,170.32584,2.8997,3680.7,10.6,-10.6,0.055579,0.255,11.21,5818,4.266,14.288,0,0,0,0,1,283.2576,40.990501,15,OK,lightkurve,,14,"SPOC,TESS-SPOC","40,41,53,54,74,80,81",0.96591027,,3555.2259,10.238649,3311.513,3311.513,1280,1.6642946,0,0,48.488384,10,10.88078,10.88078,2407.0236,2407.0236,True,OK,PDCSAP_FLUX,SPOC,2407.0236,243.9923,bootstrap,244.86017,20.597638,OK,2,2,SPOC/PDCSAP_FLUX=2407ppm;TESS-SPOC/PDCSAP_FLUX=2346ppm,40,7,7,"40,41,53,54,74,80,81",SPOC,120,False,False,9360.1649,757.51987,1.6572522,1.1583804,7,,-0.39002765,0.11338761,-3.4397729,-3.7925168,ln,0.67703816,9.8651622,14.571058,0.085157656,0.42578828,1887.102,OK,-3.4397729,OK,SAP_FLUX,SPOC,1305.4055,143.27143,bootstrap,146.39882,30.098397,OK,2,2,SPOC/SAP_FLUX=1305ppm;TESS-SPOC/SAP_FLUX=1394ppm,43,7,7,"40,41,53,54,74,80,81",SPOC,120,False,False,5713.1919,116.58717,0.41084012,0.75452153,7,,-1.0019049,0.12282306,-8.157303,-9.7600329,ln,0.36717934,9.1114154,24.814619,0.064837964,0.32418982,1361.3308,OK,-8.157303,BACKGROUND_TEST_DISAGREES,2,"SPOC,TESS-SPOC",-1035.6796,211.31689,-4.9010734,-0.43575767,PDC_DEEPER_THAN_SAP,0.056121221,2.7278704,0.042301424,0.94074229,0.014588207,2317.3289,1.0649666,17203,OK,False,0.94074229,0.99006279,-0.97238969,0.43091725,fixed_b,shallower_tess,shallower_tess,,False,pdc_deeper_than_sap,0,0,1,1,0.3,221.21794,243.9923,44,1.1959506,0,False,,0.0085573064,2356.1353,2397.3306,2346.4423,2407.0236,2376.733,60.58129,84,125.55609,143.27143,46,1.2963788,0,False,,0.023056741,1319.5695,1379.7663,1305.4055,1393.9302,1349.6679,88.524697,84,0,3
K04756.01,,5695615,121660680,tic_kic_crossid,CANDIDATE,CANDIDATE,5.4169303,133.7916,7.512,109.5,11.8,-11.8,0.067492,1.055,1.382,6355,4.41,15.411,0,0,0,0,1,288.61057,40.92474,15,OK,lightkurve,,4,"SPOC,TESS-SPOC","80,81",1.2018343,,131.60086,14.181645,3508.3113,3508.3113,1023,163.42723,0,,602.9617,18,2.8817412,2.0423508,2313.0991,3277.6319,False,OK,PDCSAP_FLUX,SPOC,2313.0991,1289.9521,bootstrap,1368.6138,457.30434,OK,2,2,SPOC/PDCSAP_FLUX=2313ppm;TESS-SPOC/PDCSAP_FLUX=968ppm,9,2,2,"80,81",SPOC,120,False,False,31778.012,2853.9747,1.2592286,1.3763215,2,,16.576626,10.400411,1.5938433,1.5938433,linear,17.576626,1.7931666,0.10201996,10.400411,52.002057,5.0520221e+24,OK,1.5938433,OK,SAP_FLUX,SPOC,-567.98156,601.53764,bootstrap,601.53764,,TOO_FEW_MEMBERS,2,0,SPOC/SAP_FLUX=OK;TESS-SPOC/SAP_FLUX=OK,9,2,2,"80,81",SPOC,120,False,False,9805.4932,-210.08807,0.3500114,1.8859722,2,,-5.315941,4.5724683,-1.1625977,-1.1625977,linear,-4.315941,-0.94421615,0.21877411,4.5724683,22.862341,1.1174999e+12,OK,-1.1625977,BACKGROUND_TEST_UNAVAILABLE,0,,,,,,,0.5,17.13569,4.2923237,2.2811088,0.5713956,2753.9432,0.99465069,9331,OK,True,2.2811088,5.2202599,-2.9662337,1.0007866,fixed_b,not_measurable,not_measurable,,False,,0,0,1,1,0.2,1132.567,1289.9521,9,1.6494103,0,False,,0.19770201,1183.2884,2097.8971,968.08637,2313.0991,1640.5927,1345.0128,84,297.06245,601.53764,10,5.4053537,2,True,OK:2,,,,,,,,84,0,3
K04259.01,,5785279,122296138,tic_kic_crossid,CANDIDATE,CANDIDATE,0.90912774,132.40471,1.431,98.7,8.7,-8.7,0.008986,0.098,4.91,5486,4.389,15.195,0,0,0,0,1,290.01245,41.089989,15,OK,lightkurve,,4,"SPOC,TESS-SPOC","80,82",0.95706891,,94.462701,8.3264995,3505.6292,3505.6292,6094,35.915194,0,,129.21058,20,1.3321267,-0.60540166,-612.74591,1255.5923,False,OK,PDCSAP_FLUX,SPOC,-612.74591,1059.4036,bootstrap,1059.4036,,TOO_FEW_MEMBERS,2,0,SPOC/PDCSAP_FLUX=OK;TESS-SPOC/PDCSAP_FLUX=OK,48,2,2,"80,82",SPOC,120,False,False,32085.386,-382.90875,0.17456386,2.0091756e-05,2,,-7.486644,11.215505,-0.66752625,-0.66752625,linear,-6.486644,-0.57838758,0.08916592,11.215505,56.077525,2.1351086e+26,OK,-0.66752625,OK,SAP_FLUX,SPOC,-503.96941,682.37489,bootstrap,682.37489,,TOO_FEW_MEMBERS,2,0,SPOC/SAP_FLUX=OK;TESS-SPOC/SAP_FLUX=OK,53,2,2,"80,82",SPOC,120,False,False,20552.5,389.27765,0.27603622,1.2205242e-05,2,,-6.3351154,7.2244603,-0.87689809,-0.87689809,linear,-5.3351154,-0.73855211,0.13843226,7.2244603,36.122301,4.6023172e+17,OK,-0.87689809,BACKGROUND_TEST_UNAVAILABLE,0,,,,,,,0.02,0.85141304,0.99211625,0.59497766,0.69330276,-1262.9449,1.0667863,10355,OK,True,0.59497766,,,0.81305811,inconclusive,not_measurable,not_measurable,,False,,0,0,1,1,0.4,1012.1312,1059.4036,54,1.124846,2,True,OK:2,,,,,,,,84,625.30618,682.37489,58,1.3668436,2,True,OK:2,,,,,,,,84,0,3
K01787.01,Kepler-950 b,5864975,121461701,tic_kic_crossid_over_name_planet,CONFIRMED,CANDIDATE,98.717933,131.58694,6.593,7320,70.5,-70.5,0.081484,0.588,103.8,5808,4.583,15.7,0,0,0,0,1,287.95657,41.130329,15,OK,lightkurve,,4,"SPOC,TESS-SPOC","80,81",0.98148137,,7184.4437,69.194437,3492.7912,3492.7912,56,11.92705,0,,134.67615,10,1.7874562,1.3137558,6875.0882,9093.8357,False,OK,PDCSAP_FLUX,SPOC,6875.0882,5233.1553,analytic,5755.9913,2396.9816,OK,2,2,SPOC/PDCSAP_FLUX=6875ppm;TESS-SPOC/PDCSAP_FLUX=13925ppm,1,2,1,"80,81",SPOC,120,False,False,50115.547,,,,2,,-0.043059064,0.80279072,-0.053636724,-0.053636724,linear,0.95694094,1.3137558,1.3728703,0.80279072,4.0139536,390584.66,OK,-0.053636724,OK,SAP_FLUX,SPOC,1374.4805,1644.217,analytic,1645.4054,62.525518,OK,2,2,SPOC/SAP_FLUX=1374ppm;TESS-SPOC/SAP_FLUX=1191ppm,1,2,1,"80,81",SPOC,120,False,False,15745.918,,,,2,,-0.80868657,0.23461555,-3.4468583,-3.4468583,linear,0.19131343,0.83594839,4.3695228,0.23461555,1.1730778,16035.135,OK,-3.4468583,BACKGROUND_TEST_AGREES,2,"SPOC,TESS-SPOC",-8919.1338,3983.7063,-2.2389035,-0.85760398,PDC_DEEPER_THAN_SAP,0.11129023,14.586947,3.4853898,2.2124901,0.52865005,6595.6726,0.87029854,877,OK,True,2.2124901,0.99767092,3.2551554,,duration_inconsistent,not_measurable,not_measurable,,False,,0,0,1,1,0.1,5233.1553,,1,0,0,False,,0.3486474,8003.0796,12797.043,6875.0882,13925.034,10400.061,7049.9459,84,1644.217,,1,0,0,False,,0.04549029,1220.0057,1345.0568,1190.582,1374.4805,1282.5313,183.89858,84,0,3
K02321.01,Kepler-1824 b,5978559,360023295,tic_kic_crossid_over_name_planet,CONFIRMED,CANDIDATE,95.611462,138.35664,7.489,487.4,24,-24,0.020097,0.046,99.39,6002,4.424,14.71,0,0,0,0,2,296.70724,41.203651,15,OK,lightkurve,,4,"SPOC,TESS-SPOC","81,82",0.96342967,,469.57562,23.122312,3516.8214,3516.8214,58,72.671887,0,,330.35066,12,1.0883383,0.25492574,589.64364,2723.958,False,OK,PDCSAP_FLUX,SPOC,589.64364,2313.0016,analytic,2313.83,61.910565,OK,2,2,SPOC/PDCSAP_FLUX=590ppm;TESS-SPOC/PDCSAP_FLUX=408ppm,1,2,1,"81,82",SPOC,120,False,False,23885.246,,,,2,,0.25569474,4.9279914,0.051886199,0.051886199,linear,1.2556947,0.25492574,0.20301569,4.9279914,24.639957,2.3588642e+13,OK,0.051886199,OK,SAP_FLUX,SPOC,-62.698774,1147.927,analytic,1147.927,,TOO_FEW_MEMBERS,2,1,SPOC/SAP_FLUX=OK;TESS-SPOC/SAP_FLUX=9ppm,1,2,1,"81,82",SPOC,120,False,False,11854.086,,,,2,,-1.1335222,2.4456122,-0.46349221,-0.46349221,linear,-0.13352221,-0.05461913,0.40906401,2.4456122,12.228061,96002576,OK,-0.46349221,BACKGROUND_TEST_AGREES,1,TESS-SPOC,-398.69918,2886.0578,-0.13814664,-0.97827389,PDC_DEEPER_THAN_SAP,0.02,3.5980884,0.9438786,0.48044977,0.12603533,3290.1914,0.9791839,1124,OK,True,0.48044977,1.0023804,-2.733557,0.8949207,fixed_b,not_measurable,not_measurable,,False,,0,0,1,1,0.1,2313.0016,,1,0,0,False,,0.10499658,436.68813,560.50926,407.55374,589.64364,498.59869,182.0899,84,1147.927,,1,0,1,True,OK:1,,,,,,,,84,0,3
K02321.02,,5978559,360023295,tic_kic_crossid_over_name_planet,CANDIDATE,CANDIDATE,36.253099,142.0377,4.73,152.1,35.7,-35.7,0.012116,0.721,41.6,6002,4.424,14.71,0,0,0,0,2,296.70724,41.203651,15,OK,lightkurve,,4,"SPOC,TESS-SPOC","81,82",0.99530009,,151.38514,35.532213,3521.7618,3521.7618,153,214.75944,0,,715.22833,28,2.0452897,0.078327659,140.8222,3174.4628,False,OK,PDCSAP_FLUX,SPOC,140.8222,1797.8605,analytic,1799.8272,84.116506,OK,2,2,SPOC/PDCSAP_FLUX=141ppm;TESS-SPOC/PDCSAP_FLUX=388ppm,2,2,2,"81,82",SPOC,120,False,False,20873.541,2445.1672,0.67939935,0.46158348,2,,-0.06977527,11.891483,-0.0058676678,-0.0058676678,linear,0.93022473,0.078327659,0.084202942,11.891483,59.457414,1.00487e+28,OK,-0.0058676678,OK,SAP_FLUX,SPOC,133.20738,897.6441,analytic,898.00067,25.303459,OK,2,2,SPOC/SAP_FLUX=133ppm;TESS-SPOC/SAP_FLUX=59ppm,2,2,2,"81,82",SPOC,120,False,False,10425.271,1409.4484,0.78402607,0.61469688,2,,-0.12007629,5.9367466,-0.020225942,-0.020225942,linear,0.87992371,0.14839665,0.16864718,5.9367466,29.683733,1.1791384e+15,OK,-0.020225942,BACKGROUND_TEST_AGREES,2,"SPOC,TESS-SPOC",-149.2291,1503.7179,-0.099240091,-0.56414426,PDC_DEEPER_THAN_SAP,0.024620213,4.73,1.1862133,1,0.25078505,2078.3673,0.99655272,1419,OK,False,1,0.99913645,0.0022086652,0.721,fixed_b,not_measurable,not_measurable,,False,,0,0,1,1,0.1,1797.8605,846.30108,2,0.46158348,0,False,,0.59732417,180.40644,348.63945,140.8222,388.22369,264.52295,247.40149,84,897.6441,487.93344,2,0.61469688,0,False,,0.18995539,70.692947,121.29987,58.785437,133.20738,95.996407,74.421939,84,0,3
K02967.01,Kepler-1889 b,5980783,169178161,tic_kic_crossid_over_name_planet,CONFIRMED,CANDIDATE,37.30332,133.3072,7.793,551.7,32.3,-32.3,0.025857,0.908,17.51,5646,4.55,15.527,0,0,0,0,1,297.19928,41.226429,15,QUERY_RETURNED_ZERO_ROWS,lightkurve,QUERY_RETURNED_ZERO_ROWS,0,,,1.0457761,,576.95468,33.778568,,,0,,0,,36,0,,,,,False,FLUX_COLUMN_NOT_PRESENT,,,,,,,,ENSEMBLE_NOT_ATTEMPTED,0,0,,0,0,0,,,,False,False,,,,,0,,,,,,,,,,,,,NO_USABLE_TRANSIT,,FLUX_COLUMN_NOT_PRESENT,,,,,,,,ENSEMBLE_NOT_ATTEMPTED,0,0,,0,0,0,,,,False,False,,,,,0,,,,,,,,,,,,,NO_USABLE_TRANSIT,,BACKGROUND_TEST_UNAVAILABLE,0,,,,,,,,,,,,,,0,too_few_points,False,,,,,inconclusive,not_measured,not_measured,,False,,0,0,1,1,0,,,0,,0,False,,,,,,,,,84,,,0,,0,False,,,,,,,,,84,0,3
K00846.01,Kepler-699 b,6061119,168811723,tic_kic_crossid,CONFIRMED,CANDIDATE,27.807566,186.71355,4.21587,25391.1,47.3,-47.3,0.161479,0.782,43.26,5862,4.584,15.482,0,0,0,0,1,296.88821,41.396091,15,OK,lightkurve,,2,"SPOC,TESS-SPOC",81,1.0047922,,25512.78,47.526672,3525.6116,3525.6116,198,1.3671504,0,0,67.339501,10,5.4175385,5.4175385,33648.723,33648.723,True,OK,PDCSAP_FLUX,SPOC,33648.723,6211.0723,analytic,6290.2025,994.59935,OK,2,2,SPOC/PDCSAP_FLUX=33649ppm;TESS-SPOC/PDCSAP_FLUX=36574ppm,1,1,1,81,SPOC,120,False,False,48168.412,,,,1,,0.27679562,0.19351753,1.4303387,1.2675922,ln,1.3188968,5.4175385,4.1076288,0.2515768,1.257884,64240.405,OK,1.4303387,OK,SAP_FLUX,SPOC,8147.3201,1611.1135,analytic,1611.9032,50.450682,OK,2,2,SPOC/SAP_FLUX=8147ppm;TESS-SPOC/SAP_FLUX=8296ppm,1,1,1,81,SPOC,120,False,False,12494.586,,,,1,,-1.1414904,0.2040734,-5.5935289,-8.4456264,ln,0.3193427,5.0569499,15.835495,0.080592873,0.40296437,12660.808,OK,-5.5935289,BACKGROUND_TEST_DISAGREES,2,"SPOC,TESS-SPOC",-26687.728,4856.2859,-5.4955019,-0.76008793,PDC_DEEPER_THAN_SAP,0.32379491,3.5099361,0.50662575,0.83255321,0.1201711,37562.406,1.0961635,632,OK,False,0.83255321,1.0374415,-1.4401633,0.91533195,fixed_b,shallower_tess,shallower_tess,,False,pdc_deeper_than_sap,0,0,1,1,0.1,6211.0723,,1,0,0,False,,0.029558309,34116.77,36105.969,33648.723,36574.015,35111.369,2925.2922,84,1611.1135,,1,0,0,False,,0.0061923039,8171.0616,8271.9629,8147.3201,8295.7044,8221.5123,148.38436,84,0,3
K00306.01,Kepler-519 b,6071903,171971913,tic_kic_crossid_over_name_planet,CONFIRMED,CANDIDATE,24.307843,178.36629,2.6054,677.1,22.3,-22.3,0.023893,0.425,66.4,5313,4.571,12.63,0,0,0,0,1,299.31955,41.38464,15,OK,lightkurve,,22,"QLP,SPOC,TESS-SPOC","14,15,41,54,55,74,81,82",0.96598702,,654.06981,21.541511,3310.4761,3310.5032,218,18.580862,39.081,2.1032932,94.823585,12,4.0604923,2.7652696,646.51523,934.23829,True,OK,PDCSAP_FLUX,QLP,934.23829,232.19611,bootstrap,340.26848,248.732,OK,4,4,SPOC/PDCSAP_FLUX=946ppm;TESS-SPOC/PDCSAP_FLUX=1286ppm;QLP/KSPSAP_FLUX=463ppm;QLP/DET_FLUX=801ppm,8,8,8,"15,41,54,55,74,81,82,14","QLP,SPOC","120,1800",False,False,4016.3407,156.87096,0.34021269,1.2938067,14,,0.35651744,0.36910847,0.96588798,0.81797546,ln,1.4283464,4.0234881,2.8168853,0.52366661,2.618333,8315.0886,OK,0.96588798,OK,SAP_FLUX,QLP,884.25478,201.32725,bootstrap,224.47307,99.274878,OK,3,3,SPOC/SAP_FLUX=886ppm;TESS-SPOC/SAP_FLUX=886ppm;QLP/SAP_FLUX=594ppm,8,8,8,"15,41,54,55,74,81,82,14","QLP,SPOC","120,1800",False,False,3266.4044,165.04513,0.42493693,1.1601316,14,,0.30153114,0.26082059,1.1560864,1.0101885,ln,1.3519272,4.3921268,3.2487894,0.34837775,1.7418888,3079.4356,OK,1.1560864,BACKGROUND_TEST_AGREES,2,"SPOC,TESS-SPOC",-246.93313,202.11175,-1.2217653,-0.22125908,PDC_DEEPER_THAN_SAP,0.028338048,3.1294096,0.68346885,1.2011244,0.2623278,796.14251,1.1328396,2760,OK,False,1.2011244,1.0054992,0.78847115,,fixed_b,not_measurable,not_measurable,,False,,0,0,1,1,0.2,230.08005,232.19611,9,1.2938067,0,False,,0.26624043,625.37456,1122.8386,463.25687,1286.0975,873.48841,470.98142,84,193.70359,201.32725,9,1.1601316,0,False,,0.11226954,687.32932,885.87908,594.0133,885.99824,885.62587,290.24148,84,0.027139583,3
K03179.01,Kepler-1911 b,6153407,171971636,tic_kic_crossid_over_name_planet,CONFIRMED,CANDIDATE,5.9907822,134.53899,1.699,69.9,9.8,-9.8,0.009741,0.944,9.71,5721,4.442,10.884,0,0,0,0,1,299.3028,41.441017,15,OK,lightkurve,,18,"QLP,SPOC,TESS-SPOC","14,15,41,54,55,74,81,82",1.0673452,,74.607429,10.459983,3335.2798,3335.2798,896,64.668022,0,,219.48906,24,2.4126476,-0.32689602,-36.68568,296.50698,False,OK,PDCSAP_FLUX,QLP,-36.68568,159.84746,bootstrap,159.84746,,TOO_FEW_MEMBERS,4,0,SPOC/PDCSAP_FLUX=OK;TESS-SPOC/PDCSAP_FLUX=OK;QLP/KSPSAP_FLUX=OK;QLP/DET_FLUX=OK,32,8,8,"15,41,74,81,82,14,54,55","QLP,SPOC","120,1800,600",True,False,2810.9089,-80.885053,0.2545843,2.3150222,10,smeared,-1.4917162,2.1476784,-0.6945715,-0.6945715,linear,-0.49171618,-0.22950431,0.46674141,2.1476784,10.738392,3438720.9,OK,-0.6945715,OK,SAP_FLUX,QLP,-38.788565,112.14303,bootstrap,112.14303,,TOO_FEW_MEMBERS,3,0,SPOC/SAP_FLUX=OK;TESS-SPOC/SAP_FLUX=OK;QLP/SAP_FLUX=OK,34,8,8,"15,41,74,81,82,14,54,55","QLP,SPOC","120,1800,600",True,False,1933.3789,-116.96565,0.53069775,2.1628794,10,smeared,-1.5199022,1.5104602,-1.0062511,-1.0062511,linear,-0.51990219,-0.34588476,0.66528815,1.5104602,7.5523011,142061.61,OK,-1.0062511,BACKGROUND_TEST_UNAVAILABLE,0,,,,,,,0.082675589,1.5036083,0.1379671,0.88499605,0.081204888,222.06738,1.0591354,5558,OK,False,0.88499605,,,0.95863427,inconclusive,not_measurable,not_measurable,,False,,0,0,1,1,0.4,112.22431,159.84746,33,1.7445507,4,True,OK:4,,,,,,,,84,81.843844,112.14303,35,1.754464,3,True,OK:3,,,,,,,,84,0,3
K02829.01,Kepler-1879 b,6197215,121944984,tic_kic_crossid_over_name_planet,CONFIRMED,CANDIDATE,10.613453,135.6898,0.9829,150.2,10.1,-10.1,0.011648,0.535,70.8,5865,4.163,12.824,0,0,0,0,1,289.36441,41.53323,15,OK,lightkurve,,21,"QLP,SPOC,TESS-SPOC","14,40,41,54,55,74,75,80,82",0.97774004,,146.85655,9.8751744,3349.7105,3349.7036,507,18.837782,-9.8368632,0.52218798,71.256845,16,6.0472168,2.5468213,533.23365,1317.8832,True,OK,PDCSAP_FLUX,QLP,1317.8832,615.15583,bootstrap,797.15845,506.99595,OK,4,4,SPOC/PDCSAP_FLUX=471ppm;TESS-SPOC/PDCSAP_FLUX=302ppm;QLP/KSPSAP_FLUX=2040ppm;QLP/DET_FLUX=245ppm,17,9,8,"40,41,74,75,80,82,14,54,55","QLP,SPOC","120,1800,600",True,False,3531.351,1356.2109,2.932247,5.5659673,12,smeared;sector_scatter,2.1943258,0.61065458,3.5933994,1.4688261,ln,8.9739487,2.1423566,0.23873065,5.4287903,27.143951,9.0232213e+13,OK,3.5933994,OK,SAP_FLUX,QLP,1051.8592,488.92808,bootstrap,607.87209,361.18943,OK,3,3,SPOC/SAP_FLUX=438ppm;TESS-SPOC/SAP_FLUX=227ppm;QLP/SAP_FLUX=1289ppm,17,9,8,"40,41,74,75,80,82,14,54,55","QLP,SPOC","120,1800,600",True,False,3252.0666,1002.0079,2.112215,4.4310751,12,smeared;sector_scatter,1.9688582,0.58394611,3.3716437,1.4884994,ln,7.1624939,2.1513576,0.30036432,4.1400715,20.700358,1.4353059e+11,OK,3.3716437,BACKGROUND_TEST_AGREES,2,"SPOC,TESS-SPOC",-52.399553,307.88483,-0.17019206,-0.13557616,PDC_DEEPER_THAN_SAP,0.02,0.55014942,1.032045,0.55972065,1.05,264.46572,1.1540487,1940,OK,True,0.55972065,1.0317627,-0.32559169,0.89021023,fixed_b,not_measurable,not_measurable,,False,,0,0,1,1,0.3,217.93219,615.15583,21,3.7690504,0,False,,0.38470477,272.67701,1286.6689,245.24019,2039.9722,386.49532,1072.643,84,216.5543,488.92808,21,3.4299043,0,False,,0.34338193,294.16386,1016.5427,226.61312,1288.935,437.70919,825.24605,84,-0.006831155,3
K00660.01,Kepler-638 b,6267535,120420633,tic_kic_crossid_over_name_planet,CONFIRMED,CANDIDATE,6.0797202,170.58389,7.1228,290.8,4.4,-4.4,0.015794,0.471,5.91,5460,4.139,13.532,0,0,0,0,1,284.91943,41.617191,15,OK,lightkurve,,20,"QLP,SPOC,TESS-SPOC","14,26,40,41,53,54,80,81",0.96962738,,281.96764,4.2663605,2782.244,2782.244,786,16.02709,0,,154.92327,8,0.99282778,0.43603956,58.146295,131.33514,False,OK,PDCSAP_FLUX,QLP,58.146295,125.6829,bootstrap,632.63979,620.02976,OK,4,2,SPOC/PDCSAP_FLUX=3ppm;TESS-SPOC/PDCSAP_FLUX=OK;QLP/KSPSAP_FLUX=1826ppm;QLP/DET_FLUX=OK,28,8,8,"40,41,53,54,80,81,14,26","QLP,SPOC","120,1800",False,False,6557.1563,-196.26547,0.7879276,0.93267229,12,,-0.7937838,2.244269,-0.3536937,-0.3536937,linear,0.2062162,0.46264287,2.2434846,2.244269,11.221345,21065011,OK,-0.3536937,OK,SAP_FLUX,QLP,-262.78696,167.41403,bootstrap,167.41403,,TOO_FEW_MEMBERS,3,1,SPOC/SAP_FLUX=OK;TESS-SPOC/SAP_FLUX=OK;QLP/SAP_FLUX=1563ppm,31,8,8,"40,41,53,54,80,81,14,26","QLP,SPOC","120,1800",False,False,4588.7184,-134.31799,0.39283977,2.3614575,12,,-1.9319756,0.59602859,-3.2414143,-3.2414143,linear,-0.93197558,-1.569683,1.6842533,0.59602859,2.9801429,5270.1532,OK,-3.2414143,BACKGROUND_TEST_UNAVAILABLE,0,,,,,,,0.02,17.807,0.52760105,2.5,0.074072142,-165.24333,1.0622698,23248,OK,True,2.5,0.98909068,15.779524,,duration_inconsistent,not_measurable,not_measurable,,False,,0,0,1,1,0.3,133.35096,125.6829,36,0.88986045,2,True,OK:2,10.663272,294.34696,1534.4065,2.5682469,1826.1852,914.37672,1768.0389,84,93.499393,167.41403,36,4.2557192,2,True,OK:2,,,,,,,,84,0,3
K05267.01,,6350031,120900016,tic_kic_crossid,CANDIDATE,CANDIDATE,5.1779065,135.756,5.366,129.5,16.3,-16.3,0.010359,0.073,7.45,5921,3.766,14.326,0,0,0,0,1,286.65286,41.756142,15,OK,lightkurve,,8,"SPOC,TESS-SPOC","74,75,80,81",0.96341167,,124.76181,15.70361,3364.1346,3364.1346,1042,978.32498,0,,864,28,1.17313,-0.079151059,-28.634004,411.00546,False,OK,PDCSAP_FLUX,SPOC,-28.634004,247.6452,bootstrap,247.6452,,TOO_FEW_MEMBERS,2,1,SPOC/PDCSAP_FLUX=OK;TESS-SPOC/PDCSAP_FLUX=177ppm,16,4,4,"74,75,80,81",SPOC,120,False,False,12180.221,-225.26362,0.44848832,0.58767577,4,,-1.2295094,1.9895591,-0.61798082,-0.61798082,linear,-0.22950937,-0.11562511,0.50379257,1.9895591,9.9477954,2608156,OK,-0.61798082,OK,SAP_FLUX,SPOC,-95.533341,271.36985,bootstrap,271.36985,,TOO_FEW_MEMBERS,2,0,SPOC/SAP_FLUX=OK;TESS-SPOC/SAP_FLUX=OK,19,4,4,"74,75,80,81",SPOC,120,False,False,11146.673,-355.7466,0.64354516,0.43314851,4,,-1.7657258,2.179316,-0.8102202,-0.8102202,linear,-0.76572583,-0.3520411,0.45974824,2.179316,10.89658,6735938.8,OK,-0.8102202,BACKGROUND_TEST_UNAVAILABLE,0,,,,,,,0.02,10.50687,1.4540652,1.958045,0.27097749,-591.59264,0.98087054,12434,OK,True,1.958045,,,,inconclusive,not_measurable,not_measurable,,False,,0,0,1,1,0.3,361.76401,247.6452,18,0.65275229,1,True,OK:1,,,,,,,,84,308.83999,271.36985,20,1.052808,2,True,OK:2,,,,,,,,84,0,3
K02021.01,Kepler-1059 b,6356207,121943952,tic_kic_crossid_over_name_planet,CONFIRMED,CANDIDATE,3.7641701,132.35462,2.0111,558.4,24,-24,0.021335,0.287,14.03,5063,4.617,15.484,0,0,0,0,1,289.22021,41.706478,15,OK,lightkurve,,4,"SPOC,TESS-SPOC","80,82",0.95762754,,534.73922,22.983061,3506.213,3506.213,1472,24.654492,0,,104.12998,14,1.7294667,-0.74100948,-1523.5096,3432.4427,False,OK,PDCSAP_FLUX,SPOC,-1523.5096,2339.2467,bootstrap,2339.2467,,TOO_FEW_MEMBERS,2,1,SPOC/PDCSAP_FLUX=OK;TESS-SPOC/PDCSAP_FLUX=708ppm,12,2,2,"80,82",SPOC,120,False,False,39473.089,-3768.4796,0.87113003,0.17048588,2,,-3.8490702,4.375053,-0.87977681,-0.87977681,linear,-2.8490702,-0.65128211,0.22859462,4.375053,21.875265,1.6921893e+12,OK,-0.87977681,OK,SAP_FLUX,SPOC,-471.39645,479.27574,bootstrap,479.27574,,TOO_FEW_MEMBERS,2,0,SPOC/SAP_FLUX=OK;TESS-SPOC/SAP_FLUX=OK,14,2,2,"80,82",SPOC,120,False,False,8245.1189,-864.17989,1.014131,1.0643156,2,,-1.8815446,0.8987013,-2.0936262,-2.0936262,linear,-0.88154456,-0.98356,1.1157235,0.8987013,4.4935065,47289.395,OK,-2.0936262,BACKGROUND_TEST_UNAVAILABLE,0,,,,,,,0.022722792,2.6473763,0.19927707,1.3163822,0.099088592,-1843.8516,1.0060015,3561,OK,False,1.3163822,,,,inconclusive,not_measurable,not_measurable,,False,,0,0,1,1,0.1,2055.992,2339.2467,15,1.3643138,1,True,OK:1,,,,,,,,84,402.67684,479.27574,15,1.4247178,2,True,OK:2,,,,,,,,84,0,3
K05274.01,,6366559,137757298,tic_kic_crossid,CANDIDATE,CANDIDATE,55.75838,160.0006,2.497,132.7,17.7,-17.7,0.010351,0.01,172.4,5413,4.107,12.746,0,0,0,0,1,292.633,41.749222,15,OK,lightkurve,,16,"QLP,SPOC,TESS-SPOC","40,41,54,55,74,75,81,82",0.9558621,,126.8429,16.918759,3345.8051,3345.8051,96,94.354989,0,,320.51997,24,1.5572115,-1.7639556,-560.67337,571.08062,False,OK,PDCSAP_FLUX,QLP,-560.67337,317.85004,analytic,317.85004,,TOO_FEW_MEMBERS,4,0,SPOC/PDCSAP_FLUX=OK;TESS-SPOC/PDCSAP_FLUX=OK;QLP/KSPSAP_FLUX=OK;QLP/DET_FLUX=OK,4,8,4,"74,75,81,82,40,41,54,55","QLP,SPOC","120,600",False,False,2491.3203,-492.40729,0.75853412,0.60908165,8,,-5.4202188,2.5099015,-2.1595345,-2.1595345,linear,-4.4202188,-1.7639556,0.39906523,2.5099015,12.549507,35764028,OK,-2.1595345,OK,SAP_FLUX,QLP,-398.11587,337.96312,analytic,337.96312,,TOO_FEW_MEMBERS,3,1,SPOC/SAP_FLUX=64ppm;TESS-SPOC/SAP_FLUX=OK;QLP/SAP_FLUX=OK,4,8,4,"74,75,81,82,40,41,54,55","QLP,SPOC","120,600",False,False,2830.9718,-387.39078,0.56876422,0.76389931,8,,-4.1386532,2.6682279,-1.5510868,-1.5510868,linear,-3.1386532,-1.1779861,0.37531581,2.6682279,13.341139,78931200,OK,-1.5510868,BACKGROUND_TEST_UNAVAILABLE,0,,,,,,,0.02,5.5245878,0.67663079,2.2124901,0.27097749,289.82848,1.009436,886,OK,True,2.2124901,,,,inconclusive,not_measurable,not_measurable,,False,,0,0,1,1,0.2,317.85004,207.57506,4,0.60908165,4,True,OK:4,,,,,,,,84,337.96312,249.4916,4,0.76389931,2,True,OK:2,,,,,,,,84,0,3
K05275.01,,6367663,137902578,tic_kic_crossid,CANDIDATE,CANDIDATE,3.781123,135.204,8.15,90.4,12.3,-12.3,0.008771,0.004,3.624,6318,4.247,14.531,0,0,0,0,1,292.99493,41.712749,15,OK,lightkurve,,8,"SPOC,TESS-SPOC","74,75,81,82",0.96606834,,87.332578,11.882641,3367.6476,3367.9023,1428,2190.2147,366.7011,0.16742701,864,22,216.19349,-16.513347,-7491.7619,79576.396,True,OK,PDCSAP_FLUX,SPOC,79576.396,10617.467,bootstrap,10622.794,336.36065,OK,2,2,SPOC/PDCSAP_FLUX=79576ppm;TESS-SPOC/PDCSAP_FLUX=78587ppm,25,4,4,"74,75,81,82",SPOC,120,False,False,19461.95,12558.044,0.5550541,7158.2728,4,sector_scatter,6.8147492,0.19706066,34.581987,7.4828721,ln,911.18799,7.4948569,0.0082253684,121.63618,608.1809,1.1770259e+266,OK,34.581987,OK,SAP_FLUX,SPOC,39043.247,3566.1774,bootstrap,3599.9594,492.02237,OK,2,2,SPOC/SAP_FLUX=39043ppm;TESS-SPOC/SAP_FLUX=37596ppm,27,4,4,"74,75,81,82",SPOC,120,False,False,8882.7637,3632.0424,0.5058191,3749.6438,4,sector_scatter,6.1027017,0.17179786,35.52257,10.821143,ln,447.06395,10.948207,0.024489129,41.22152,206.1076,2.8351093e+91,OK,35.52257,BACKGROUND_TEST_DISAGREES,2,"SPOC,TESS-SPOC",-40761.01,7938.0496,-5.1348898,-0.51542879,PDC_DEEPER_THAN_SAP,0.02,11.758004,0.35918085,1.4426999,0.04407127,76365.71,3.5248874,30389,OK,False,1.4426999,1.2638062,0.52473236,,fixed_b,not_measurable,not_measurable,,False,,0,0,1,1,0.6,368.07952,10617.467,28,918.25239,0,False,,0.0042268897,78745.387,79418.109,78587.1,79576.396,79081.748,989.29604,84,167.84972,3566.1774,29,440.88912,0,False,,0.012601984,37827.663,38811.708,37596.123,39043.247,38319.685,1447.1246,84,0.25465354,3
K03503.01,Kepler-1703 b,6368175,138097784,tic_kic_crossid_over_position_tic,CONFIRMED,CANDIDATE,21.187618,148.8101,3.69,71.7,9.7,-9.7,0.008483,0.777,28.2,6355,4.547,13.827,0,0,0,0,2,293.15085,41.729252,15,OK,lightkurve,,17,"QLP,SPOC,TESS-SPOC","15,40,41,54,55,74,75,81,82",1.0033558,,71.940614,9.7325517,3363.4651,3363.4651,254,262.64264,0,,843.27792,38,2.1151231,1.0869664,514.46054,1012.6313,False,OK,PDCSAP_FLUX,QLP,514.46054,576.97072,bootstrap,600.08802,164.95583,OK,4,2,SPOC/PDCSAP_FLUX=1129ppm;TESS-SPOC/PDCSAP_FLUX=1614ppm;QLP/KSPSAP_FLUX=OK;QLP/DET_FLUX=OK,11,9,9,"74,75,81,82,15,40,41,54,55","QLP,SPOC","120,1800,600",False,False,7535.2676,-498.56882,0.52549251,1.8719702,8,,6.1511835,8.3426827,0.73731481,0.73731481,linear,7.1511835,0.89165797,0.12468677,8.3426827,41.713414,9.3946256e+19,OK,0.73731481,OK,SAP_FLUX,QLP,415.14128,315.34759,bootstrap,315.84386,17.698754,OK,3,2,SPOC/SAP_FLUX=593ppm;TESS-SPOC/SAP_FLUX=645ppm;QLP/SAP_FLUX=OK,12,9,9,"74,75,81,82,15,40,41,54,55","QLP,SPOC","120,1800,600",False,False,5772.3301,-108.8483,0.16835299,1.3409657,8,,4.7706107,4.3927099,1.0860291,1.0860291,linear,5.7706107,1.3164562,0.22813117,4.3927099,21.96355,2.4866952e+11,OK,1.0860291,BACKGROUND_TEST_AGREES,2,"SPOC,TESS-SPOC",-725.73904,559.74425,-1.2965547,-0.52903827,PDC_DEEPER_THAN_SAP,0.02096409,2.4061408,0.10860352,0.65207066,0.029431849,1547.5615,1.0376895,3222,OK,False,0.65207066,1.0343149,-1.6520826,0.91722439,fixed_b,not_measurable,not_measurable,,False,,0,0,1,1,0.4,473.29938,576.97072,12,1.7825444,2,True,OK:2,0.32063844,1206.8524,1536.7641,1129.2261,1614.3903,1371.8082,1099.9298,84,322.58635,315.34759,12,1.1990864,1,True,OK:1,0.042633087,601.34804,636.74555,593.01922,645.07437,619.04679,229.9331,84,0,3
K03503.02,Kepler-1703 c,6368175,138097784,tic_kic_crossid_over_position_tic,CONFIRMED,CANDIDATE,31.82453,144.5289,4.17,79,23,-23,0.008651,0.681,43.4,6338,4.545,13.827,0,0,0,0,2,293.15085,41.729252,15,OK,lightkurve,,17,"QLP,SPOC,TESS-SPOC","15,40,41,54,55,74,75,81,82",0.99118272,,78.303435,22.797203,3355.8745,3355.8745,169,194.61209,0,,646.38626,28,2.1684132,0.096951417,63.035357,1402.9556,False,OK,PDCSAP_FLUX,QLP,63.035357,650.17468,analytic,728.41949,328.4324,OK,4,3,SPOC/PDCSAP_FLUX=191ppm;TESS-SPOC/PDCSAP_FLUX=729ppm;QLP/KSPSAP_FLUX=OK;QLP/DET_FLUX=1157ppm,6,9,6,"74,75,81,82,15,40,41,54,55","QLP,SPOC","120,1800,600",False,False,8274.3832,-246.30902,0.18494173,2.8212095,8,,-0.19498606,9.3072119,-0.020949997,-0.020949997,linear,0.80501394,0.096951417,0.12043446,9.3072119,46.536059,1.2709679e+22,OK,-0.020949997,OK,SAP_FLUX,QLP,179.07233,384.93554,analytic,389.97133,62.468116,OK,3,3,SPOC/SAP_FLUX=285ppm;TESS-SPOC/SAP_FLUX=468ppm;QLP/SAP_FLUX=355ppm,7,9,7,"74,75,81,82,15,40,41,54,55","QLP,SPOC","120,1800,600",False,False,5979.6576,96.089649,0.12478883,4.3673775,8,sector_scatter,1.2869026,4.9890114,0.25794741,0.25794741,linear,2.2869026,0.46520081,0.2034196,4.9890114,24.945057,5.3368055e+12,OK,0.25794741,BACKGROUND_TEST_AGREES,2,"SPOC,TESS-SPOC",-88.506656,627.28339,-0.14109517,-0.19233289,PDC_DEEPER_THAN_SAP,0.02,4.2993294,3.9221119,1.0310142,0.94055442,513.14762,1.0141877,2575,OK,True,1.0310142,0.99837936,0.0340522,0.65489581,fixed_b,not_measurable,not_measurable,,False,,0,0,1,1,0.3,650.17468,845.18318,7,2.8212095,1,True,OK:1,5.2102886,363.42259,1020.2874,191.41951,1157.3972,728.92913,1094.3618,84,384.93554,474.53151,7,4.3673775,0,False,,0.34884293,307.17952,432.11575,284.57487,468.30462,355.21439,289.2323,84,0,3
K05283.01,,6442735,137342352,tic_kic_crossid,CANDIDATE,CANDIDATE,18.78216,147.8508,5.573,77.2,9.4,-9.4,0.008047,0.1986,25.4505,5919,4.488,14.043,0,0,0,0,1,291.76413,41.86013,15,OK,lightkurve,,8,"SPOC,TESS-SPOC","74,75,81,82",0.96492052,,74.491864,9.0702529,3371.3307,3371.3307,287,169.18073,0,,591.13719,22,1.2382459,0.95370697,551.09354,743.35307,False,OK,PDCSAP_FLUX,SPOC,551.09354,577.84368,analytic,578.86468,34.365608,OK,2,2,SPOC/PDCSAP_FLUX=551ppm;TESS-SPOC/PDCSAP_FLUX=652ppm,5,4,4,"74,75,81,82",SPOC,120,False,False,11096.3,-2448.4219,2.1185365,2.1799342,4,,6.3980367,7.771959,0.82322059,0.82322059,linear,7.3980367,0.95370697,0.12891352,7.771959,38.859795,5.6066496e+18,OK,0.82322059,OK,SAP_FLUX,SPOC,273.77124,329.68344,analytic,329.77082,7.5913343,OK,2,2,SPOC/SAP_FLUX=274ppm;TESS-SPOC/SAP_FLUX=296ppm,5,4,4,"74,75,81,82",SPOC,120,False,False,7302.3213,-1460.2863,2.189227,2.4751152,4,,2.6751832,4.4288939,0.60402963,0.60402963,linear,3.6751832,0.83040643,0.22594967,4.4288939,22.144469,3.0855297e+11,OK,0.60402963,BACKGROUND_TEST_AGREES,2,"SPOC,TESS-SPOC",-315.00554,480.41606,-0.6556932,-0.52358578,PDC_DEEPER_THAN_SAP,0.02,13.9325,0.60994021,2.5,0.10944558,-938.59901,0.99705868,4179,OK,True,2.5,1.0142877,7.7068332,,duration_inconsistent,not_measurable,not_measurable,,False,,0,0,1,1,0.2,577.84368,731.84383,6,1.94413,0,False,,0.062358938,567.2656,635.99681,551.09354,652.16886,601.6312,101.07532,84,329.68344,489.4103,6,1.980388,0,False,,0.02772875,277.34364,292.52631,273.77124,296.0987,284.93497,22.327454,84,0,3
K00094.01,Kepler-89 d,6462863,273231214,tic_kic_crossid_over_position_tic,CONFIRMED,CANDIDATE,22.342965,132.74164,6.66405,5612.8,5.3,-5.3,0.068705,0.031,27.368,6181,4.234,12.205,0,0,0,0,4,297.33307,41.891121,15,OK,lightkurve,,27,"QLP,SPOC,TESS-SPOC","14,15,41,54,55,74,75,81,82",0.96492997,,5415.9589,5.1141288,3328.0532,3328.0301,240,1.1907743,-33.346906,28.004388,103.53307,10,42.4333,42.01031,5513.7758,5439.6377,True,OK,PDCSAP_FLUX,SPOC,5439.6377,94.38066,bootstrap,1452.5605,1449.491,OK,4,4,SPOC/PDCSAP_FLUX=5440ppm;TESS-SPOC/PDCSAP_FLUX=5615ppm;QLP/KSPSAP_FLUX=2101ppm;QLP/DET_FLUX=3207ppm,9,9,8,"14,15,41,54,55,74,75,81,82",SPOC,120,False,False,3654.1485,159.39166,0.5859758,0.7144076,18,,0.0043624991,0.27167497,0.016057788,0.016025172,ln,1.004372,57.635088,57.384203,0.27282258,1.3641129,15772.632,OK,0.016057788,OK,SAP_FLUX,SPOC,2970.1858,155.4822,bootstrap,688.62819,670.84578,OK,3,3,SPOC/SAP_FLUX=2970ppm;TESS-SPOC/SAP_FLUX=3037ppm;QLP/SAP_FLUX=4943ppm,9,9,8,"14,15,41,54,55,74,75,81,82",SPOC,120,False,False,2377.1241,329.1313,1.9475385,3.2123897,18,sector_scatter,-0.60072543,0.23717893,-2.5327942,-3.3052,ln,0.54841366,19.10306,34.833304,0.13662905,0.68314527,5308.159,OK,-2.5327942,BACKGROUND_TEST_DISAGREES,2,"SPOC,TESS-SPOC",-2499.2224,155.00578,-16.123414,-0.45216746,PDC_DEEPER_THAN_SAP,0.064346223,6.0805693,0.18574785,0.91244354,0.027873118,5128.3762,1.070216,8124,OK,False,0.91244354,1.0001406,-1.5661376,0.43823071,fixed_b,consistent,consistent,,False,pdc_deeper_than_sap,0,0,1,1,0.3,128.19266,94.38066,10,0.62669478,0,False,,0.26646831,2631.7261,5530.7082,2101.0488,5614.7733,4323.1321,3338.5888,84,82.227753,155.4822,10,3.9238798,0,False,,0.22585987,2991.4263,4333.1178,2970.1858,4943.2617,3036.5622,1973.0758,84,-0.023157574,3
K00094.02,Kepler-89 c,6462863,273231214,tic_kic_crossid_over_position_tic,CONFIRMED,CANDIDATE,10.423677,138.00904,5.2257,777.3,4.1,-4.1,0.025563,0.005,15.639,6181,4.234,12.205,0,0,0,0,4,297.33307,41.891121,15,OK,lightkurve,,27,"QLP,SPOC,TESS-SPOC","14,15,41,54,55,74,75,81,82",0.96489094,,750.00973,3.9560529,3328.779,3328.7971,514,5.3753581,26.086694,4.8530151,94.511574,10,8.1675124,7.9103045,800.52672,833.50679,True,OK,PDCSAP_FLUX,SPOC,833.50679,145.13111,bootstrap,186.24876,116.72857,OK,4,4,SPOC/PDCSAP_FLUX=834ppm;TESS-SPOC/PDCSAP_FLUX=713ppm;QLP/KSPSAP_FLUX=833ppm;QLP/DET_FLUX=495ppm,21,9,9,"14,15,41,54,55,74,75,81,82",SPOC,120,False,False,3817.7039,132.26054,0.45035335,2.3315943,18,,0.10555567,0.22903846,0.4608644,0.43939412,ln,1.111328,5.7431297,5.1678081,0.25336701,1.2668351,1912.2252,OK,0.4608644,OK,SAP_FLUX,SPOC,350.92283,213.47372,bootstrap,253.99145,137.62495,OK,3,3,SPOC/SAP_FLUX=351ppm;TESS-SPOC/SAP_FLUX=419ppm;QLP/SAP_FLUX=756ppm,22,9,9,"14,15,41,54,55,74,75,81,82",SPOC,120,False,False,2719.3101,-378.74246,1.0250228,12.455951,18,sector_scatter,-0.53210896,0.34236272,-1.5542258,-1.5542258,linear,0.46789104,1.643869,3.5133586,0.34236272,1.7118136,3404.2926,OK,-1.5542258,BACKGROUND_TEST_AGREES,2,"SPOC,TESS-SPOC",-368.39587,161.83794,-2.2763257,-0.47634511,PDC_DEEPER_THAN_SAP,0.024926429,4.0928623,0.12502783,0.78321801,0.023925566,739.10352,1.0662138,15102,OK,False,0.78321801,1.0013528,-4.1834236,0.63765293,tracks_b,consistent,consistent,duration_not_fixed_b,False,,0,0,1,1,0.3,102.05149,145.13111,22,2.0368734,0,False,,0.14004514,599.65692,833.11406,494.79848,833.50679,772.97108,338.70831,84,66.663675,213.47372,23,11.77962,0,False,,0.3921801,372.64625,647.89615,350.92283,755.7021,418.80851,404.77927,84,0.01811576,3
K00094.03,Kepler-89 e,6462863,273231214,tic_kic_crossid_over_position_tic,CONFIRMED,CANDIDATE,54.319962,161.23987,8.5858,1975,7.2,-7.2,0.041779,0.497,44.3,6181,4.234,12.205,0,0,0,0,4,297.33307,41.891121,15,OK,lightkurve,,27,"QLP,SPOC,TESS-SPOC","14,15,41,54,55,74,75,81,82",0.97668237,,1928.9477,7.032113,3317.5961,3317.5663,98,4.8398857,-42.963343,8.8769334,143.30666,10,12.419471,12.268398,2467.3174,2507.9297,True,OK,PDCSAP_FLUX,SPOC,2507.9297,201.93531,analytic,738.05053,709.88782,OK,4,4,SPOC/PDCSAP_FLUX=2508ppm;TESS-SPOC/PDCSAP_FLUX=2379ppm;QLP/KSPSAP_FLUX=902ppm;QLP/DET_FLUX=1161ppm,4,9,4,"14,15,41,54,55,74,75,81,82",SPOC,120,False,False,4034.8729,,,0.2980654,18,,0.26248298,0.29852637,0.87926228,0.77782644,ln,1.3001543,12.419471,9.552305,0.38588858,1.9294429,11353.155,OK,0.87926228,OK,SAP_FLUX,SPOC,1546.0003,141.25466,analytic,344.86337,314.60748,OK,3,3,SPOC/SAP_FLUX=1546ppm;TESS-SPOC/SAP_FLUX=1461ppm;QLP/SAP_FLUX=2387ppm,4,9,4,"14,15,41,54,55,74,75,81,82",SPOC,120,False,False,3102.9157,,,3.669385,18,sector_scatter,-0.22130345,0.22863218,-0.96794532,-1.069192,ln,0.80147344,10.944774,13.655816,0.18567905,0.92839527,2952.1488,OK,-0.96794532,BACKGROUND_TEST_DISAGREES,2,"SPOC,TESS-SPOC",-937.52277,164.98148,-5.6825941,-0.38369197,PDC_DEEPER_THAN_SAP,0.052605426,9.1266228,0.2704114,1.0629904,0.03149519,2534.7034,1.1153553,5113,OK,False,1.0629904,1.0072765,0.92520087,0.3715829,fixed_b,consistent,consistent,,False,pdc_deeper_than_sap,0,0,1,1,0.2,201.93531,107.60975,4,0.2980654,0,False,,0.28305731,1026.2301,2446.0057,901.65131,2507.9297,1770.056,1606.2784,84,141.25466,233.50942,4,3.669385,0,False,,0.20349768,1488.3512,2117.5661,1461.2222,2386.5383,1546.0003,840.53796,84,-0.029835655,3
K00094.04,Kepler-89 b,6462863,273231214,tic_kic_crossid_over_position_tic,CONFIRMED,CANDIDATE,3.7431667,131.61967,3.6888,126.3,2.2,-2.2,0.010306,0.008,7.854,6181,4.234,12.205,0,0,0,0,4,297.33307,41.891121,15,OK,lightkurve,,27,"QLP,SPOC,TESS-SPOC","14,15,41,54,55,74,75,81,82",0.96489257,,121.86593,2.1227637,3328.5776,3328.5776,1433,11.763681,0,,90.623043,8,2.462333,2.2031699,150.30438,169.22305,False,OK,PDCSAP_FLUX,SPOC,150.30438,83.169632,bootstrap,120.27401,86.882966,OK,4,4,SPOC/PDCSAP_FLUX=150ppm;TESS-SPOC/PDCSAP_FLUX=166ppm;QLP/KSPSAP_FLUX=341ppm;QLP/DET_FLUX=21ppm,59,9,9,"14,15,41,54,55,74,75,81,82",SPOC,120,False,False,3738.2245,-11.065435,0.065322751,0.96530362,18,,0.23335851,0.98835635,0.23610767,0.23610767,linear,1.2333585,1.8072027,1.4652696,0.98835635,4.9417817,16941.742,OK,0.23610767,OK,SAP_FLUX,SPOC,66.567907,69.183131,bootstrap,87.014887,52.775799,OK,3,3,SPOC/SAP_FLUX=67ppm;TESS-SPOC/SAP_FLUX=100ppm;QLP/SAP_FLUX=222ppm,61,9,9,"14,15,41,54,55,74,75,81,82",SPOC,120,False,False,2645.3158,91.887685,0.68200207,0.99208076,18,,-0.45376114,0.71598186,-0.63376068,-0.63376068,linear,0.54623886,0.96219853,1.7614978,0.71598186,3.5799093,4249.4999,OK,-0.63376068,BACKGROUND_TEST_AGREES,2,"SPOC,TESS-SPOC",-75.250094,77.107807,-0.97590759,-0.47563176,PDC_DEEPER_THAN_SAP,0.02,9.222,0.65303648,2.5,0.17703223,-90.891677,1.0529593,32154,OK,True,2.5,1.0011343,10.466823,,duration_inconsistent,not_measurable,not_measurable,,False,,0,0,1,1,0.7,68.221876,83.169632,63,1.3985933,0,False,,0.57804679,83.225374,256.99131,21.306288,340.87503,158.21083,190.57065,84,45.586624,69.183131,64,3.8234677,0,False,,0.79281145,77.147859,182.69946,66.567907,221.79084,99.630257,155.22294,84,0,3
K04777.01,Kepler-1971 b,6592335,158427808,tic_kic_crossid_over_position_tic,CONFIRMED,CANDIDATE,0.82400012,131.80421,0.855,183.1,23,-23,0.013728,0.7697,4.93,3396,4.991,15.896,0,0,0,0,2,287.26215,42.03231,15,OK,lightkurve,,17,"QLP,SPOC,TESS-SPOC","40,41,53,74,75,80,81",1.0130058,teff_clamped_to_grid,185.48136,23.299133,3344.701,3344.701,6529,26.827061,0,,93.306183,19,2.4589024,0.96031567,542.30954,1374.9903,False,OK,PDCSAP_FLUX,QLP,542.30954,700.11934,bootstrap,716.96532,154.50624,OK,4,4,SPOC/PDCSAP_FLUX=376ppm;TESS-SPOC/PDCSAP_FLUX=300ppm;QLP/KSPSAP_FLUX=77ppm;QLP/DET_FLUX=601ppm,207,7,7,"40,41,53,80,81,74,75","QLP,SPOC","120,200",False,False,28916.105,-254.47927,0.17765462,1.4741905,10,,1.9237954,3.8677943,0.49738824,0.49738824,linear,2.9237954,0.77459587,0.2649282,3.8677943,19.338971,4.6463169e+10,OK,0.49738824,OK,SAP_FLUX,QLP,218.35681,446.40754,bootstrap,451.33245,66.492746,OK,3,3,SPOC/SAP_FLUX=143ppm;TESS-SPOC/SAP_FLUX=50ppm;QLP/SAP_FLUX=245ppm,218,7,7,"40,41,53,80,81,74,75","QLP,SPOC","120,200",False,False,18800.712,-308.97932,0.34265319,1.1918038,10,,0.17724398,2.4370566,0.072728707,0.072728707,linear,1.177244,0.4891423,0.41549782,2.4370566,12.185283,36332837,OK,0.072728707,BACKGROUND_TEST_AGREES,2,"SPOC,TESS-SPOC",-238.61435,746.97428,-0.31944118,-0.705791,PDC_DEEPER_THAN_SAP,0.032606864,1.8916791,0.89775,2.2124901,1.05,-313.41316,1.0958939,22717,OK,True,2.2124901,1.0227,1.4562109,,fixed_b,not_measurable,not_measurable,,False,,0,0,1,1,1.3,564.72008,700.11934,213,1.1751088,0,False,,0.28490416,183.93581,492.9483,76.782891,600.76826,338.08074,465.52665,84,348.88879,446.40754,224,1.2470572,0,False,,0.30451418,79.527305,212.5128,49.864054,245.43095,142.56171,168.49276,84,0,3
K00858.01,,6599919,159216790,tic_kic_crossid,CANDIDATE,CANDIDATE,13.610148,173.98732,2.594,5732.9,38.1,-38.1,0.192842,1.081,20.24,5697,4.46,15.06,0,0,0,0,1,289.89777,42.009151,15,OK,lightkurve,,4,"SPOC,TESS-SPOC","80,82",1.2622534,,7236.3723,48.091853,3505.4871,3505.4781,404,3.5080872,-12.980376,3.7001292,49.434262,10,4.7183052,3.5034657,8636.5273,10920.469,True,OK,PDCSAP_FLUX,SPOC,10920.469,2314.4898,analytic,2545.3994,1059.337,OK,2,2,SPOC/PDCSAP_FLUX=10920ppm;TESS-SPOC/PDCSAP_FLUX=14036ppm,3,2,2,"80,82",SPOC,120,False,False,25210.343,8054.6787,1.3180976,6.441835,2,sector_scatter,0.41151895,0.23848032,1.7255887,1.4327003,ln,1.5091083,4.7183052,3.1265517,0.35534879,1.7767439,35534.784,OK,1.7255887,OK,SAP_FLUX,SPOC,6941.1982,1518.0767,analytic,1525.0365,145.53181,OK,2,2,SPOC/SAP_FLUX=6941ppm;TESS-SPOC/SAP_FLUX=7369ppm,3,2,2,"80,82",SPOC,120,False,False,16970.373,3209.2488,0.79225685,6.9081189,2,sector_scatter,-0.041645607,0.2254235,-0.18474385,-0.18823586,ln,0.95920966,4.5723633,4.7668028,0.21669805,1.0834902,14146.928,OK,-0.18474385,BACKGROUND_TEST_AGREES,2,"SPOC,TESS-SPOC",-5062.6965,2138.4622,-2.3674473,-0.40571946,PDC_DEEPER_THAN_SAP,0.5,4.3598275,1.1982983,1.6807354,0.46195002,11990.113,1.1752795,1168,OK,False,1.6807354,1.1920766,1.2292758,0.83933073,fixed_b,consistent,consistent,,False,,0,0,1,1,0.1,2314.4898,5310.1312,3,7.2971043,0,False,,0.097004716,11418.981,13537.655,10920.469,14036.167,12478.318,3115.6972,84,1518.0767,3289.923,3,6.2373803,0,False,,0.020966382,7009.6837,7300.7474,6941.1982,7369.2329,7155.2155,428.03474,84,-0.00901415,3
K00561.01,Kepler-601 b,6665695,351801933,tic_kic_crossid_over_name_planet,CONFIRMED,CANDIDATE,5.378868,169.61512,2.7222,483.4,9.1,-9.1,0.022038,0.758,10.37,5077,4.567,14.005,0,0,0,0,1,282.00461,42.176529,15,OK,lightkurve,,14,"QLP,SPOC,TESS-SPOC","14,40,41,53,54,74,80,81",1.0030014,,484.85088,9.1273128,3489.0605,3489.0888,1020,11.422168,40.833,3.5748904,75.099505,9,13.420628,12.237373,3168.1897,3524.9396,True,OK,PDCSAP_FLUX,QLP,3524.9396,2037.7685,bootstrap,2605.8463,1624.1719,OK,4,4,SPOC/PDCSAP_FLUX=234ppm;TESS-SPOC/PDCSAP_FLUX=448ppm;QLP/KSPSAP_FLUX=6204ppm;QLP/DET_FLUX=155ppm,37,8,8,"74,80,81,14,40,41,53,54","QLP,SPOC","120,1800,600",False,False,5713.9755,-2377.1649,0.55038595,53.021733,6,sector_scatter,6.2701521,5.3747969,1.166584,1.166584,linear,7.2701521,1.7298038,0.23793227,5.3747969,26.873985,2.2742146e+14,OK,1.166584,OK,SAP_FLUX,QLP,2786.8185,1746.6911,bootstrap,2234.0187,1392.8064,OK,3,2,SPOC/SAP_FLUX=OK;TESS-SPOC/SAP_FLUX=216ppm;QLP/SAP_FLUX=4312ppm,41,8,8,"74,80,81,14,40,41,53,54","QLP,SPOC","120,1800,600",False,False,5909.8253,-2090.2165,0.58269616,66.545809,6,sector_scatter,4.7477847,4.6079505,1.0303463,1.0303463,linear,5.7477847,1.5954845,0.2775825,4.6079505,23.039752,4.9163809e+12,OK,1.0303463,BACKGROUND_TEST_AGREES,1,TESS-SPOC,-232.72583,369.97609,-0.62902938,-0.51899105,PDC_DEEPER_THAN_SAP,0.049322281,1.08888,0.016885397,0.4,0.0062028496,5192.2155,5.3325425,6097,OK,True,0.4,1.0797419,-18.276381,0.98456185,tracks_b,not_measurable,not_measurable,,False,,0,0,1,1,0.3,262.65087,2037.7685,39,60.4359,0,False,,0.46076587,193.13198,3441.4757,155.49414,6204.2967,341.16302,3369.4455,84,238.78613,1746.6911,41,56.186594,1,True,OK:1,0.49978369,871.13222,3656.7451,215.69391,4312.1834,2263.9386,2571.1246,84,0.02835625,3
K00111.01,Kepler-104 b,6678383,158553540,tic_kic_crossid_confirms_name_planet,CONFIRMED,CANDIDATE,11.427551,137.61371,4.6074,500.9,3.3,-3.3,0.021404,0.608,15.57,5979,4.394,12.596,0,0,0,0,4,287.60461,42.166779,15,OK,lightkurve,,20,"QLP,SPOC,TESS-SPOC","14,40,41,53,54,74,75,80,81,82",0.98332714,,492.54856,3.2449796,3490.1208,3490.1208,483,5.7249531,0,,86.285859,7,2.8871652,1.8072032,231.91851,367.83522,False,OK,PDCSAP_FLUX,QLP,231.91851,139.41653,bootstrap,173.18362,102.74044,OK,4,4,SPOC/PDCSAP_FLUX=174ppm;TESS-SPOC/PDCSAP_FLUX=262ppm;QLP/KSPSAP_FLUX=315ppm;QLP/DET_FLUX=1ppm,22,10,9,"74,75,80,81,82,14,40,41,53,54","QLP,SPOC","120,1800,600",False,False,3235.6548,-52.214423,0.17563556,2.0386914,10,,-0.5291459,0.35520561,-1.489689,-1.489689,linear,0.4708541,1.6634936,3.5329279,0.35520561,1.7760281,2416.6157,OK,-1.489689,OK,SAP_FLUX,QLP,222.75601,87.174397,bootstrap,89.805247,21.577924,OK,3,3,SPOC/SAP_FLUX=168ppm;TESS-SPOC/SAP_FLUX=162ppm;QLP/SAP_FLUX=225ppm,24,10,10,"74,75,80,81,82,14,40,41,53,54","QLP,SPOC","120,1800,600",False,False,2803.6126,36.768971,0.2198192,1.4337656,10,,-0.79351603,0.40629735,-1.9530426,-2.8954729,ln,0.45225187,2.5552916,5.6501516,0.18917398,0.94586989,775.78981,OK,-1.9530426,BACKGROUND_TEST_AGREES,2,"SPOC,TESS-SPOC",-40.672903,116.25031,-0.3498735,-0.18664597,PDC_DEEPER_THAN_SAP,0.032854877,2.3530613,0.58069519,0.51071349,0.12603533,298.31714,1.1523805,8193,OK,True,0.51071349,0.98978715,-2.6275359,0.93143527,fixed_b,transit_not_recovered,transit_not_recovered,,False,,0,0,1,1,0.2,128.33007,139.41653,24,1.3690492,0,False,,0.44300232,83.912092,289.39297,0.8864322,314.70384,217.91471,231.03208,84,91.201898,87.174397,25,1.1842579,0,False,,0.09686798,163.67771,206.83356,161.79611,225.26059,167.67613,60.959902,84,0,3
K00111.02,Kepler-104 c,6678383,158553540,tic_kic_crossid_confirms_name_planet,CONFIRMED,CANDIDATE,23.668346,132.71421,5.8297,449.4,4.2,-4.2,0.021099,0.758,21.2,5979,4.394,12.596,0,0,0,0,4,287.60461,42.166779,15,OK,lightkurve,,20,"QLP,SPOC,TESS-SPOC","14,40,41,53,54,74,75,80,81,82",1.0006621,,449.69754,4.2027808,3480.4388,3480.4186,233,10.186356,-29.171819,2.8638131,118.00457,10,3.2202178,2.3588547,343.54337,480.70824,True,OK,PDCSAP_FLUX,QLP,480.70824,155.11504,bootstrap,158.73786,33.719934,OK,4,4,SPOC/PDCSAP_FLUX=497ppm;TESS-SPOC/PDCSAP_FLUX=502ppm;QLP/KSPSAP_FLUX=465ppm;QLP/DET_FLUX=589ppm,13,10,10,"74,75,80,81,82,14,40,41,53,54","QLP,SPOC","120,1800,600",False,False,3423.4724,-475.24869,1.5874166,0.97020689,10,,0.066685297,0.33411132,0.19959006,0.19336068,ln,1.068959,3.0990435,2.8991228,0.35663414,1.7831707,2225.4129,OK,0.19959006,OK,SAP_FLUX,QLP,457.53112,110.75163,bootstrap,134.58058,76.459209,OK,3,3,SPOC/SAP_FLUX=405ppm;TESS-SPOC/SAP_FLUX=396ppm;QLP/SAP_FLUX=621ppm,14,10,10,"74,75,80,81,82,14,40,41,53,54","QLP,SPOC","120,1800,600",False,False,2889.4479,-66.176754,0.30354166,1.3518566,10,,0.017269684,0.29851087,0.057852781,0.057384385,ln,1.0174197,4.1311459,4.0604148,0.3035611,1.5178055,1601.9137,OK,0.057852781,BACKGROUND_TEST_AGREES,2,"SPOC,TESS-SPOC",-99.874514,161.90255,-0.61688044,-0.19991844,PDC_DEEPER_THAN_SAP,0.047314357,4.565926,0.13947887,0.78321801,0.023925566,674.65115,1.0724856,6103,OK,False,0.78321801,1.0015604,-4.1713249,0.8692003,tracks_b,not_measurable,not_measurable,,False,,0,0,1,1,0.2,149.27818,155.11504,14,1.0309188,0,False,,0.07014636,480.11258,547.55245,464.55811,589.4261,499.57629,108.71786,84,107.49428,110.75163,14,1.3602312,0,False,,0.16711259,398.99248,551.9109,396.05892,620.93894,405.22631,163.40782,84,-0.020258207,3
K00111.03,Kepler-104 d,6678383,158553540,tic_kic_crossid_confirms_name_planet,CONFIRMED,CANDIDATE,51.755305,271.08808,7.4355,609.2,5.6,-5.6,0.023742,0.638,42.6,5979,4.394,12.596,0,0,0,0,4,287.60461,42.166779,15,OK,lightkurve,,20,"QLP,SPOC,TESS-SPOC","14,40,41,53,54,74,75,80,81,82",0.98600214,,600.6725,5.521612,3486.6398,3486.6398,104,12.908134,0,,150.2569,10,2.4449656,2.4449656,612.82015,612.82015,False,OK,PDCSAP_FLUX,QLP,612.82015,250.64572,analytic,422.09831,339.62289,OK,4,4,SPOC/PDCSAP_FLUX=845ppm;TESS-SPOC/PDCSAP_FLUX=1298ppm;QLP/KSPSAP_FLUX=223ppm;QLP/DET_FLUX=1095ppm,5,10,5,"74,75,80,81,82,14,40,41,53,54","QLP,SPOC","120,1800,600",False,False,3846.1858,-329.65416,0.63025721,0.96063685,10,,0.020021645,0.69065366,0.028989415,0.028704187,ln,1.0202234,2.4449656,2.3965002,0.70454611,3.5227306,19748.193,OK,0.028989415,OK,SAP_FLUX,QLP,1081.6494,176.48625,analytic,193.2941,78.83663,OK,3,3,SPOC/SAP_FLUX=1257ppm;TESS-SPOC/SAP_FLUX=1278ppm;QLP/SAP_FLUX=1046ppm,5,10,5,"74,75,80,81,82,14,40,41,53,54","QLP,SPOC","120,1800,600",False,False,3047.3904,-718.86662,1.7735642,2.6166225,10,,0.58819248,0.1857937,3.1658365,2.4578337,ln,1.8007306,6.1288026,3.4035088,0.32578715,1.6289357,2461.8236,OK,3.1658365,BACKGROUND_TEST_AGREES,2,"SPOC,TESS-SPOC",173.53088,249.45435,0.69564182,0.16195776,SAP_DEEPER_THAN_PDC,0.038522794,8.4017324,0.37922043,1.1299485,0.051001336,571.5377,1.1191279,3624,OK,False,1.1299485,1.0003815,1.7961165,0.47919163,fixed_b,not_measurable,not_measurable,,False,,0,0,1,1,0.2,250.64572,244.90745,5,0.96063685,0,False,,0.55419667,521.47229,1200.7181,222.83946,1297.9241,970.20135,685.10394,84,176.48625,239.47305,5,2.6166225,0,False,,0.072885569,1113.1859,1270.8592,1045.6786,1277.551,1256.6389,195.90167,84,0,3
K02862.01,,6679295,158632174,tic_kic_crossid,CANDIDATE,CANDIDATE,24.575252,144.18324,2.258,1003.4,81.2,-81.2,0.029364,0.489,75.3,3678,4.755,15.907,0,0,0,0,1,287.94861,42.156139,15,OK,lightkurve,,15,"QLP,SPOC,TESS-SPOC","40,41,53,54,74,75,80,81,82",0.95555267,,958.80155,77.590877,3482.0397,3482.0397,224,58.234978,0,,208.57494,20,1.6471478,0.9209631,2772.5651,4753.6032,False,OK,PDCSAP_FLUX,QLP,2772.5651,4416.4675,bootstrap,4497.5474,850.14535,OK,4,2,SPOC/PDCSAP_FLUX=2573ppm;TESS-SPOC/PDCSAP_FLUX=OK;QLP/KSPSAP_FLUX=OK;QLP/DET_FLUX=5073ppm,9,9,9,"53,80,81,40,41,54,74,75,82","QLP,SPOC","120,200,600",False,False,39217.101,336.03294,0.051720162,2.0441339,6,,1.8916986,4.6917655,0.40319546,0.40319546,linear,2.8916986,0.62777889,0.21709693,4.6917655,23.458828,1.478319e+13,OK,0.40319546,OK,SAP_FLUX,QLP,95.775666,1256.5783,bootstrap,1534.2194,880.25005,OK,3,2,SPOC/SAP_FLUX=48ppm;TESS-SPOC/SAP_FLUX=OK;QLP/SAP_FLUX=2637ppm,9,9,9,"53,80,81,40,41,54,74,75,82","QLP,SPOC","120,200,600",False,False,26852.397,4086.8079,0.74843536,2.110815,6,,-0.90010898,1.6029678,-0.56152655,-0.56152655,linear,0.099891022,0.076219419,0.76302572,1.6029678,8.014839,2899916.6,OK,-0.56152655,BACKGROUND_TEST_AGREES,1,SPOC,-2524.665,4317.5837,-0.58474025,-0.98140403,PDC_DEEPER_THAN_SAP,0.037170956,5.4751911,0.54330606,2.4247968,0.24061384,2266.6299,1.0699548,1828,OK,True,2.4247968,1.0257346,6.7037422,,duration_inconsistent,not_measurable,not_measurable,,False,,0,0,1,1,0.2,3010.5061,4416.4675,10,2.0441339,2,True,OK:2,0.30662774,2972.5716,4672.8623,2572.5032,5072.9307,3822.7169,2300.3656,84,458.189,1256.5783,10,2.110815,1,True,OK:1,9.1907484,462.07351,2222.5736,47.838196,2636.8089,1342.3236,2541.0333,84,0,3
K02592.01,,6765135,158554432,tic_kic_crossid,CANDIDATE,CANDIDATE,175.60337,202.3721,9.543,506.8,38.2,-38.2,0.026036,0.952,53.9,6225,4.461,15.054,0,0,0,0,1,287.75229,42.244781,15,OK,lightkurve,NO_USABLE_TRANSIT,6,"SPOC,TESS-SPOC","80,81,82",1.0642574,,539.36567,40.654635,3479.0766,3479.0766,31,145.77955,0,,580.48365,10,,,,,False,NO_USABLE_TRANSIT,PDCSAP_FLUX,SPOC,,,none,,,TOO_FEW_MEMBERS,2,0,SPOC/PDCSAP_FLUX=NO_USABLE_TRANSIT;TESS-SPOC/PDCSAP_FLUX=NO_USABLE_TRANSIT,0,3,0,"80,81,82",SPOC,120,False,False,,,,,3,,,,,,,,,,,,,NO_USABLE_TRANSIT,,NO_USABLE_TRANSIT,SAP_FLUX,SPOC,,,none,,,TOO_FEW_MEMBERS,2,0,SPOC/SAP_FLUX=NO_USABLE_TRANSIT;TESS-SPOC/SAP_FLUX=NO_USABLE_TRANSIT,0,3,0,"80,81,82",SPOC,120,False,False,,,,,3,,,,,,,,,,,,,NO_USABLE_TRANSIT,,BACKGROUND_TEST_UNAVAILABLE,0,,,,,,,0.23127304,,,,,,,0,too_few_points,False,,,,,inconclusive,not_measured,not_measured,,False,,0,0,1,1,0,,,0,,2,True,NO_USABLE_TRANSIT:2,,,,,,,,84,,,0,,2,True,NO_USABLE_TRANSIT:2,,,,,,,,84,0,3
K01695.01,Kepler-930 b,6803855,274031725,tic_kic_crossid_over_name_planet,CONFIRMED,CANDIDATE,71.452317,148.80814,6.276,216.9,15.3,-15.3,0.013504,0.017,88.14,6148,4.132,13.781,0,0,0,0,1,298.31445,42.24744,15,OK,lightkurve,,17,"QLP,SPOC,TESS-SPOC","14,15,41,54,55,74,75,81,82",0.96461703,,209.22543,14.758641,3340.7319,3340.7319,75,69.593319,0,,302.91996,14,1.4401367,0.38701629,296.98583,1134.8097,False,OK,PDCSAP_FLUX,QLP,296.98583,767.37293,analytic,783.34266,157.3674,OK,4,2,SPOC/PDCSAP_FLUX=297ppm;TESS-SPOC/PDCSAP_FLUX=OK;QLP/KSPSAP_FLUX=NO_USABLE_TRANSIT;QLP/DET_FLUX=760ppm,2,9,2,"74,75,81,82,14,15,41,54,55","QLP,SPOC","120,1800,600",False,False,10346.746,-1831.7943,1.1816957,1.3964048,8,,0.41945375,3.7450108,0.11200335,0.11200335,linear,1.4194538,0.38701629,0.27265157,3.7450108,18.725054,2.8366262e+10,OK,0.11200335,OK,SAP_FLUX,QLP,201.9419,270.68915,analytic,1730.3045,1709,OK,3,3,SPOC/SAP_FLUX=202ppm;TESS-SPOC/SAP_FLUX=463ppm;QLP/SAP_FLUX=5228ppm,2,9,2,"74,75,81,82,14,15,41,54,55","QLP,SPOC","120,1800,600",False,False,3624.4645,-840.34467,1.5511396,2.4060341,8,,-0.034811912,8.2705003,-0.0042091663,-0.0042091663,linear,0.96518809,0.74602877,0.77293616,8.2705003,41.352502,1.9044858e+20,OK,-0.0042091663,BACKGROUND_TEST_AGREES,1,SPOC,-95.043932,813.71607,-0.11680233,-0.32002851,PDC_DEEPER_THAN_SAP,0.02,3.407137,4.272594,0.54288352,0.68078299,1314.0261,0.91481401,1883,OK,False,0.54288352,1.0025512,-0.48857916,0.8511988,fixed_b,not_measurable,not_measurable,,False,,0,0,1,1,0.2,767.37293,637.02388,3,1.3964048,2,True,NO_USABLE_TRANSIT:1;OK:1,0.52988185,371.04108,685.77588,296.98583,759.83113,528.40848,462.8453,84,270.68915,290.83391,3,2.4060341,0,False,,8.4628301,285.47168,3703.4716,201.9419,5228.4124,462.97246,5026.4705,84,0,3
K02477.01,Kepler-1842 b,6846911,158216580,tic_kic_crossid_confirms_name_planet,CONFIRMED,CANDIDATE,14.026347,135.17539,1.2808,403.6,26.3,-26.3,0.021529,0.877,43.9,5970,4.355,14.729,0,0,0,0,1,286.25165,42.378479,15,OK,lightkurve,,4,"SPOC,TESS-SPOC","80,81",1.0282599,,415.00569,27.043235,3508.5825,3508.5825,395,22.976994,0,,88.142982,16,1.9509427,-1.7880418,-3317.4049,3911.8201,False,OK,PDCSAP_FLUX,SPOC,-3317.4049,1855.3285,analytic,1855.3285,,TOO_FEW_MEMBERS,2,1,SPOC/PDCSAP_FLUX=OK;TESS-SPOC/PDCSAP_FLUX=202ppm,4,2,2,"80,81",SPOC,120,False,False,16340.369,-13193.737,3.5004553,2.8950603,2,odd_even_significant,-8.9936371,4.4713643,-2.0113855,-2.0113855,linear,-7.9936371,-1.7880418,0.22368313,4.4713643,22.356821,2.1256817e+12,OK,-2.0113855,OK,SAP_FLUX,SPOC,-2808.4719,1356.1272,analytic,1356.1272,,TOO_FEW_MEMBERS,2,0,SPOC/SAP_FLUX=OK;TESS-SPOC/SAP_FLUX=OK,4,2,2,"80,81",SPOC,120,False,False,11643.761,-8958.6365,3.2485495,1.7911104,2,odd_even_significant,-7.7673094,3.2687636,-2.3762224,-2.3762224,linear,-6.7673094,-2.0709503,0.30602269,3.2687636,16.343818,5.200966e+09,OK,-2.3762224,BACKGROUND_TEST_UNAVAILABLE,0,,,,,,,0.085826848,1.0031456,0.22972435,0.78321801,0.17936005,-2613.586,1.1284778,768,OK,False,0.78321801,,,0.93552166,inconclusive,not_measurable,not_measurable,,False,,0,0,1,1,0.1,1855.3285,3801.9867,4,5.2830964,1,True,OK:1,,,,,,,,84,1356.1272,2454.9535,4,4.5275847,2,True,OK:2,,,,,,,,84,0,3
K02220.01,Kepler-374 c,6871071,270863576,tic_kic_crossid_over_name_planet,CONFIRMED,CANDIDATE,3.2828024,131.89965,3.2532,142.5,6.3,-6.3,0.010816,0.159,7.719,5640,4.087,14.686,0,0,0,0,5,294.13791,42.370499,15,OK,lightkurve,,6,"SPOC,TESS-SPOC","75,81,82",0.96087064,,136.92407,6.053485,3519.4013,3519.4013,1692,31.545441,0,,143.43432,11,0.79712112,-1.8156545,-1149.9825,528.84143,False,OK,PDCSAP_FLUX,SPOC,-1149.9825,763.16779,bootstrap,763.16779,,TOO_FEW_MEMBERS,2,0,SPOC/PDCSAP_FLUX=OK;TESS-SPOC/PDCSAP_FLUX=OK,21,3,3,"75,81,82",SPOC,120,False,False,19527.687,206.29376,0.1264601,2.5415343,3,,-9.3986876,5.5740566,-1.6861486,-1.6861486,linear,-8.3986876,-1.506854,0.17941542,5.5740566,27.870283,1.7393621e+14,OK,-1.6861486,OK,SAP_FLUX,SPOC,-867.78057,557.51603,bootstrap,557.51603,,TOO_FEW_MEMBERS,2,0,SPOC/SAP_FLUX=OK;TESS-SPOC/SAP_FLUX=OK,22,3,3,"75,81,82",SPOC,120,False,False,11866.951,440.2531,0.34377266,3.9832019,3,sector_scatter,-7.3376775,4.0722638,-1.8018669,-1.8018669,linear,-6.3376775,-1.5565123,0.24559664,4.0722638,20.361319,9.5342899e+10,OK,-1.8018669,BACKGROUND_TEST_UNAVAILABLE,0,,,,,,,0.02,5.3032907,0.47197784,1.6301767,0.1450811,-1198.2274,0.94719652,9440,OK,False,1.6301767,,,,inconclusive,not_measurable,not_measurable,,False,,0,0,1,1,0.2,633.37077,763.16779,24,1.4843027,2,True,OK:2,,,,,,,,84,373.07763,557.51603,24,2.2078979,2,True,OK:2,,,,,,,,84,0,3
K02220.02,Kepler-374 d,6871071,270863576,tic_kic_crossid_over_name_planet,CONFIRMED,CANDIDATE,5.0281825,134.10891,3.526,181.3,7.3,-7.3,0.012294,0.3,10.55,5640,4.087,14.686,0,0,0,0,5,294.13791,42.370499,15,OK,lightkurve,,6,"SPOC,TESS-SPOC","75,81,82",0.96418519,,174.80678,7.0385519,3518.2224,3518.2224,1104,32.986372,0,,151.84912,12,1.8043489,0.36757356,257.85593,1263.8888,False,OK,PDCSAP_FLUX,SPOC,257.85593,768.12648,bootstrap,888.90764,447.36841,OK,2,2,SPOC/PDCSAP_FLUX=258ppm;TESS-SPOC/PDCSAP_FLUX=1574ppm,14,3,3,"75,81,82",SPOC,120,False,False,18200.5,-2040.6224,1.4766185,3.4833156,3,sector_scatter,0.47509118,5.0854921,0.093420887,0.093420887,linear,1.4750912,0.33569463,0.22757551,5.0854921,25.42746,1.9300298e+13,OK,0.093420887,OK,SAP_FLUX,SPOC,582.42477,453.18174,bootstrap,467.77886,115.94555,OK,2,2,SPOC/SAP_FLUX=582ppm;TESS-SPOC/SAP_FLUX=923ppm,15,3,3,"75,81,82",SPOC,120,False,False,11376.171,-1153.2262,1.3803521,4.0377304,3,sector_scatter,2.3318203,2.6767466,0.87113973,0.87113973,linear,3.3318203,1.2851903,0.38573217,2.6767466,13.383733,1.1351128e+08,OK,0.87113973,BACKGROUND_TEST_AGREES,2,"SPOC,TESS-SPOC",-20.687162,716.70858,-0.02886412,-0.022590388,PDC_DEEPER_THAN_SAP,0.02,6.6963834,2.5538036,1.8991445,0.72427782,629.03636,1.0594309,7267,OK,False,1.8991445,1.002864,1.6554565,,fixed_b,not_measurable,not_measurable,,False,,0,0,1,1,0.2,701.50838,768.12648,18,1.2619679,0,False,,1.7349549,468.38224,1363.1191,257.85593,1573.6454,915.75065,1315.7894,84,408.52916,453.18174,18,1.337253,0,False,,0.19907387,636.98738,868.87849,582.42477,923.4411,752.93294,341.01634,84,0,3
K02220.03,Kepler-374 b,6871071,270863576,tic_kic_crossid_over_name_planet,CONFIRMED,CANDIDATE,1.8978288,132.6785,2.7114,132.4,5.4,-5.4,0.010464,0.227,5.301,5640,4.087,14.686,0,0,0,0,5,294.13791,42.370499,15,OK,lightkurve,,6,"SPOC,TESS-SPOC","75,81,82",0.96218801,,127.39369,5.1958152,3518.7256,3518.7256,2926,26.882057,0,,121.31717,12,2.5085774,0.87299152,420.01016,1223.1144,False,OK,PDCSAP_FLUX,SPOC,420.01016,614.43936,bootstrap,683.55263,299.51372,OK,2,2,SPOC/PDCSAP_FLUX=420ppm;TESS-SPOC/PDCSAP_FLUX=1301ppm,40,3,3,"75,81,82",SPOC,120,False,False,19127.266,-1766.1852,1.4952333,0.29738958,3,,2.2969463,5.3660589,0.42805089,0.42805089,linear,3.2969463,0.6835665,0.20733322,5.3660589,26.830295,5.7200099e+13,OK,0.42805089,OK,SAP_FLUX,SPOC,476.96011,337.28915,bootstrap,343.67277,65.931769,OK,2,2,SPOC/SAP_FLUX=477ppm;TESS-SPOC/SAP_FLUX=671ppm,41,3,3,"75,81,82",SPOC,120,False,False,10872.659,-1390.1562,2.1835011,0.022159275,3,,2.7439853,2.6984936,1.0168582,1.0168582,linear,3.7439853,1.4140986,0.37769875,2.6984936,13.492468,92225635,OK,1.0168582,BACKGROUND_TEST_AGREES,2,"SPOC,TESS-SPOC",-261.39477,513.46008,-0.50908489,-0.30378085,PDC_DEEPER_THAN_SAP,0.02,3.1587622,0.047509834,1.1649931,0.017522252,1264.0705,1.0517885,16163,OK,False,1.1649931,1.0090012,2.4378652,,fixed_b,not_measurable,not_measurable,,False,,0,0,1,1,0.3,481.11597,614.43936,43,1.5208768,0,False,,0.71311065,560.9578,1159.9852,420.01016,1300.9329,860.47152,880.92271,84,283.56918,337.28915,43,1.3908696,0,False,,0.1382333,507.98682,639.85036,476.96011,670.87707,573.91859,193.91697,84,0,3
K02220.04,,6871071,270863576,tic_kic_crossid_over_name_planet,CANDIDATE,CANDIDATE,7.6646291,137.38342,3.614,114.1,9.3,-9.3,0.009699,0.216,15.99,5640,4.087,14.686,0,0,0,0,5,294.13791,42.370499,15,OK,lightkurve,,6,"SPOC,TESS-SPOC","75,81,82",0.96194075,,109.75744,8.946049,3519.5749,3519.5749,724,76.743468,0,,284.44041,15,1.430002,-0.20725933,-166.78411,1167.2647,False,OK,PDCSAP_FLUX,SPOC,-166.78411,591.2377,bootstrap,591.2377,,TOO_FEW_MEMBERS,2,1,SPOC/PDCSAP_FLUX=OK;TESS-SPOC/PDCSAP_FLUX=81ppm,10,3,3,"75,81,82",SPOC,120,False,False,18734.48,-457.41483,0.28411573,1.7386202,3,,-2.51957,5.3876151,-0.46765961,-0.46765961,linear,-1.51957,-0.28209316,0.18564012,5.3876151,26.938076,5.4889784e+13,OK,-0.46765961,OK,SAP_FLUX,SPOC,-243.00776,335.3881,bootstrap,335.3881,,TOO_FEW_MEMBERS,2,1,SPOC/SAP_FLUX=OK;TESS-SPOC/SAP_FLUX=10ppm,10,3,3,"75,81,82",SPOC,120,False,False,10634.883,-566.8047,0.6096001,1.628731,3,,-3.2140436,3.0572166,-1.0512973,-1.0512973,linear,-2.2140436,-0.72455689,0.32725502,3.0572166,15.286083,4.7763426e+08,OK,-1.0512973,BACKGROUND_TEST_AGREES,1,TESS-SPOC,-71.241139,748.85114,-0.095133913,-0.87550488,PDC_DEEPER_THAN_SAP,0.02,5.3756232,3.7947,1.4874442,1.05,-536.46155,0.96070803,5543,OK,True,1.4874442,,,,inconclusive,not_measurable,not_measurable,,False,,0,0,1,1,0.2,804.7122,591.2377,11,0.69955152,1,True,OK:1,,,,,,,,84,464.88531,335.3881,11,0.70650129,1,True,OK:1,,,,,,,,84,0,3
K02220.05,,6871071,270863576,tic_kic_crossid_over_name_planet,CANDIDATE,CANDIDATE,11.929457,133.74078,3.193,132.3,13,-13,0.010682,0.3789,26.8,5975,4.48,14.686,0,0,0,0,5,294.13791,42.370499,15,OK,lightkurve,,6,"SPOC,TESS-SPOC","75,81,82",0.96999104,,128.32982,12.609884,3513.9383,3513.9383,465,83.88212,0,,299.54136,20,1.5595982,0.087379877,98.45157,1813.6756,False,OK,PDCSAP_FLUX,SPOC,98.45157,1126.7076,analytic,1177.3115,341.45622,OK,2,2,SPOC/PDCSAP_FLUX=98ppm;TESS-SPOC/PDCSAP_FLUX=1103ppm,6,3,3,"75,81,82",SPOC,120,False,False,18138.11,-2423.5961,1.075063,0.76185222,3,,-0.23282388,9.1747696,-0.025376537,-0.025376537,linear,0.76717612,0.087379877,0.11389807,9.1747696,45.873848,1.0742037e+22,OK,-0.025376537,OK,SAP_FLUX,SPOC,-188.65378,672.34624,analytic,672.34624,,TOO_FEW_MEMBERS,2,1,SPOC/SAP_FLUX=OK;TESS-SPOC/SAP_FLUX=401ppm,6,3,3,"75,81,82",SPOC,120,False,False,11453.935,-755.29842,0.56129985,1.262935,3,,-2.4700698,5.2403652,-0.47135452,-0.47135452,linear,-1.4700698,-0.28059023,0.19086864,5.2403652,26.201826,3.0735192e+13,OK,-0.47135452,BACKGROUND_TEST_AGREES,1,TESS-SPOC,-701.93766,1300.8639,-0.53959346,-0.63654271,PDC_DEEPER_THAN_SAP,0.02,6.8519722,2.0141821,2.1459355,0.6308118,683.34117,1.0788148,2809,OK,True,2.1459355,0.99847293,2.4772598,,fixed_b,not_measurable,not_measurable,,False,,0,0,1,1,0.2,1126.7076,1191.9487,6,1.3869496,0,False,,3.4682659,259.13685,942.0493,98.45157,1102.7346,600.59307,1004.283,84,672.34624,724.45137,6,1.4037412,1,True,OK:1,,,,,,,,84,0,3
K07572.01,,6876575,271757301,tic_kic_crossid,CANDIDATE,CANDIDATE,91.069934,196.391,17.33,12.7,1.9,-1.9,0.003433,0.5939,32.5,9051,3.623,9.748,0,0,0,0,1,295.51334,42.31879,15,OK,lightkurve,,28,"QLP,SPOC,TESS-SPOC","14,15,40,41,54,55,74,75,81,82",0.98633807,teff_clamped_to_grid,12.526493,1.8740423,3311.4472,3311.4472,58,611.47932,0,,864,14,2.5456453,2.1520716,123.38956,150.37972,False,OK,PDCSAP_FLUX,QLP,123.38956,57.335246,analytic,64.411525,29.351561,OK,4,3,SPOC/PDCSAP_FLUX=123ppm;TESS-SPOC/PDCSAP_FLUX=37ppm;QLP/KSPSAP_FLUX=48ppm;QLP/DET_FLUX=NO_USABLE_TRANSIT,1,10,1,"40,41,54,55,74,75,81,82,14,15","QLP,SPOC","120,1800",False,False,902.2163,,,,18,,2.2875006,0.54532969,4.1947113,1.7203588,ln,9.850287,2.1520716,0.21847806,5.1444425,25.722213,1.8571396e+12,OK,4.1947113,OK,SAP_FLUX,QLP,155.44959,59.637795,analytic,68.446627,33.589792,OK,3,3,SPOC/SAP_FLUX=155ppm;TESS-SPOC/SAP_FLUX=133ppm;QLP/SAP_FLUX=232ppm,1,10,1,"40,41,54,55,74,75,81,82,14,15","QLP,SPOC","120,1800",False,False,938.44877,,,,18,,2.5184756,0.46771621,5.3846233,2.0872259,ln,12.409665,2.6065616,0.21004287,5.4664254,27.332127,9.2901215e+12,OK,5.3846233,BACKGROUND_TEST_AGREES,2,"SPOC,TESS-SPOC",65.831164,56.804354,1.1589105,0.8205766,SAP_DEEPER_THAN_PDC,0.02,25.001989,7.2648134,1.4426999,0.41920447,185.25903,0.97846387,2599,OK,False,1.4426999,1.0112417,1.0392923,,fixed_b,not_measurable,not_measurable,,False,,0,0,1,1,0.2,57.335246,,1,0,1,True,NO_USABLE_TRANSIT:1,0.23787719,40.6934,99.396522,37.061435,123.38956,48.411325,86.328121,84,59.637795,,1,0,0,False,,0.21608158,140.19592,207.3755,133.01772,231.81123,155.44959,76.361644,84,0,3
K05333.01,,6879183,272180195,tic_kic_crossid,CANDIDATE,CANDIDATE,20.547777,149.1769,4.634,253.8,24.7,-24.7,0.014482,0.028,34.36,5922,4.429,15.529,0,0,0,0,1,296.10648,42.354279,15,QUERY_RETURNED_ZERO_ROWS,lightkurve,QUERY_RETURNED_ZERO_ROWS,0,,,0.96321586,,244.46418,23.791432,,,0,,0,,36,0,,,,,False,FLUX_COLUMN_NOT_PRESENT,,,,,,,,ENSEMBLE_NOT_ATTEMPTED,0,0,,0,0,0,,,,False,False,,,,,0,,,,,,,,,,,,,NO_USABLE_TRANSIT,,FLUX_COLUMN_NOT_PRESENT,,,,,,,,ENSEMBLE_NOT_ATTEMPTED,0,0,,0,0,0,,,,False,False,,,,,0,,,,,,,,,,,,,NO_USABLE_TRANSIT,,BACKGROUND_TEST_UNAVAILABLE,0,,,,,,,,,,,,,,0,too_few_points,False,,,,,inconclusive,not_measured,not_measured,,False,,0,0,1,1,0,,,0,,0,False,,,,,,,,,84,,,0,,0,False,,,,,,,,,84,0,3
K02643.01,Kepler-1301 b,6933567,158278132,tic_kic_crossid_over_name_planet,CONFIRMED,CANDIDATE,9.0823341,139.65489,2.008,296.9,21.8,-21.8,0.015633,0.262,33.91,5354,4.587,15.4,0,0,0,0,1,286.60416,42.440319,15,OK,lightkurve,,4,"SPOC,TESS-SPOC","80,81",0.95921108,,284.78977,20.910801,3503.7964,3503.7964,609,38.407902,0,,145.34371,16,2.0486435,-0.20979272,-508.7864,4841.0757,False,OK,PDCSAP_FLUX,SPOC,-508.7864,2425.1862,analytic,2425.1862,,TOO_FEW_MEMBERS,2,0,SPOC/PDCSAP_FLUX=OK;TESS-SPOC/PDCSAP_FLUX=OK,5,2,2,"80,81",SPOC,120,False,False,26755.666,-8528.5076,1.6922807,0.0022606989,2,,-2.7865333,8.5161701,-0.32720498,-0.32720498,linear,-1.7865333,-0.20979272,0.11743006,8.5161701,42.580851,8.8542716e+20,OK,-0.32720498,OK,SAP_FLUX,SPOC,-498.06271,1941.5893,analytic,1941.5893,,TOO_FEW_MEMBERS,2,0,SPOC/SAP_FLUX=OK;TESS-SPOC/SAP_FLUX=OK,6,2,2,"80,81",SPOC,120,False,False,24604.718,-6899.5895,1.7451054,0.010513724,2,,-2.7488785,6.8182018,-0.40316767,-0.40316767,linear,-1.7488785,-0.2565232,0.14667869,6.8182018,34.091009,1.8199585e+17,OK,-0.40316767,BACKGROUND_TEST_UNAVAILABLE,0,,,,,,,0.02,4.8689919,1.6481923,2.4247968,0.82081289,1266.2843,1.1364632,1503,OK,True,2.4247968,,,,inconclusive,not_measurable,not_measurable,,False,,0,0,1,1,0.1,2425.1862,2485.4376,5,1.6053856,2,True,OK:2,,,,,,,,84,1941.5893,1972.9945,6,1.2713884,2,True,OK:2,,,,,,,,84,0,3
K04762.01,,7098255,164730883,tic_kic_crossid,CANDIDATE,CANDIDATE,11.567226,132.25385,2.507,373.7,38.2,-38.2,0.01714,0.242,34.8,4597,4.59,15.674,0,0,0,0,1,284.61008,42.687431,15,OK,lightkurve,,12,"SPOC,TESS-SPOC","40,41,53,54,80,81",0.95085163,,355.33325,36.322532,2777.2199,2777.2199,416,59.209175,0,,215.23253,17,1.0298277,-0.069288144,-125.95762,1897.8781,False,OK,PDCSAP_FLUX,SPOC,-125.95762,1268.2013,bootstrap,1268.2013,,TOO_FEW_MEMBERS,2,1,SPOC/PDCSAP_FLUX=OK;TESS-SPOC/PDCSAP_FLUX=1236ppm,13,6,6,"40,41,53,54,80,81",SPOC,120,False,False,39331.618,-13.113189,0.0036652424,0.83601927,6,,-1.3544774,3.5708612,-0.37931395,-0.37931395,linear,-0.35447743,-0.099319897,0.2801868,3.5708612,17.854306,2.0167977e+10,OK,-0.37931395,OK,SAP_FLUX,SPOC,-300.32915,259.14744,bootstrap,259.14744,,TOO_FEW_MEMBERS,2,0,SPOC/SAP_FLUX=OK;TESS-SPOC/SAP_FLUX=OK,14,6,6,"40,41,53,54,80,81",SPOC,120,False,False,7610.3349,-30.628798,0.04398108,1.3088553,6,,-1.8452042,0.73813246,-2.499828,-2.499828,linear,-0.84520419,-1.1589123,1.3711625,0.73813246,3.6906623,13883.36,OK,-2.499828,BACKGROUND_TEST_UNAVAILABLE,0,,,,,,,0.02,2.3584409,2.63235,0.94074229,1.05,-1383.957,1.0335901,4858,OK,True,0.94074229,,,0.41329043,inconclusive,not_measurable,not_measurable,,False,,0,0,1,1,0.2,1817.8813,1268.2013,14,0.51081844,1,True,OK:1,,,,,,,,84,356.49499,259.14744,14,0.57090015,2,True,OK:2,,,,,,,,84,0,3
K04310.01,Kepler-1950 b,7103919,158388625,tic_kic_crossid_over_name_planet,CONFIRMED,CANDIDATE,10.776994,140.2902,2.616,185.6,19.5,-19.5,0.012328,0.069,31.79,5455,4.457,14.587,0,0,0,0,1,287.08749,42.668671,15,OK,lightkurve,,8,"SPOC,TESS-SPOC","74,75,80,81",0.95651616,,177.5294,18.652065,3361.7872,3361.7872,500,88.182179,0,,303.78654,22,1.5920624,-0.13860787,-129.1904,1480.6779,False,OK,PDCSAP_FLUX,SPOC,-129.1904,667.53472,bootstrap,667.53472,,TOO_FEW_MEMBERS,2,0,SPOC/PDCSAP_FLUX=OK;TESS-SPOC/PDCSAP_FLUX=OK,8,4,4,"74,75,80,81",SPOC,120,False,False,16213.904,-1024.248,0.54692932,0.44154843,4,,-1.7277127,3.761936,-0.45926158,-0.45926158,linear,-0.7277127,-0.1935336,0.26594781,3.761936,18.80968,2.6194529e+10,OK,-0.45926158,OK,SAP_FLUX,SPOC,-166.65706,383.21798,bootstrap,383.21798,,TOO_FEW_MEMBERS,2,1,SPOC/SAP_FLUX=OK;TESS-SPOC/SAP_FLUX=28ppm,10,4,4,"74,75,80,81",SPOC,120,False,False,11099.344,-299.91213,0.25347334,0.50904789,4,,-1.9387576,2.1617507,-0.89684606,-0.89684606,linear,-0.93875755,-0.43488843,0.46325958,2.1617507,10.808753,8778966.9,OK,-0.89684606,BACKGROUND_TEST_UNAVAILABLE,0,,,,,,,0.02,3.3400662,2.7468,1.2767837,1.05,406.60758,0.98508351,3135,OK,True,1.2767837,,,,inconclusive,not_measurable,not_measurable,,False,,0,0,1,1,0.2,932.05676,667.53472,9,0.62128567,2,True,OK:2,,,,,,,,84,589.00428,383.21798,10,0.52811618,1,True,OK:1,,,,,,,,84,0,3
K05375.01,,7213311,271760442,tic_kic_crossid,CANDIDATE,CANDIDATE,285.37456,311.29883,4.865,482.3,41.3,-41.3,0.019732,0.018,456.9,5142,3.47,13.863,0,0,0,0,1,295.51764,42.758942,15,OK,lightkurve,,18,"QLP,SPOC,TESS-SPOC","14,15,40,41,54,55,74,75,81,82",0.9532338,,459.74466,39.368556,3281.0409,3281.0409,18,91.38803,0,,347.13909,16,1.251174,-0.34669764,-774.76101,1708.148,False,OK,PDCSAP_FLUX,QLP,-774.76101,2234.6879,analytic,2234.6879,,TOO_FEW_MEMBERS,4,0,SPOC/PDCSAP_FLUX=NO_USABLE_TRANSIT;TESS-SPOC/PDCSAP_FLUX=NO_USABLE_TRANSIT;QLP/KSPSAP_FLUX=OK;QLP/DET_FLUX=NO_USABLE_TRANSIT,1,10,1,"74,75,81,82,14,15,40,41,54,55","QLP,SPOC","120,1800,600",False,False,8112.0769,,,,8,,-2.6851985,4.8617266,-0.55231376,-0.55231376,linear,-1.6851985,-0.34669764,0.20573104,4.8617266,24.308633,1.6581426e+13,OK,-0.55231376,OK,SAP_FLUX,QLP,-1221.4554,2210.1489,analytic,2210.1489,,TOO_FEW_MEMBERS,3,0,SPOC/SAP_FLUX=NO_USABLE_TRANSIT;TESS-SPOC/SAP_FLUX=NO_USABLE_TRANSIT;QLP/SAP_FLUX=OK,1,10,1,"74,75,81,82,14,15,40,41,54,55","QLP,SPOC","120,1800,600",False,False,8022.9985,,,,8,,-3.6568126,4.8083625,-0.760511,-0.760511,linear,-2.6568126,-0.55265752,0.20801525,4.8083625,24.041813,1.2698231e+13,OK,-0.760511,BACKGROUND_TEST_UNAVAILABLE,0,,,,,,,0.02,4.3055058,5.10825,0.88499605,1.05,-2905.5026,0.78440985,146,OK,True,0.88499605,,,0.47505289,inconclusive,not_measurable,not_measurable,,False,,0,0,1,1,0.1,2234.6879,,1,2.3538934e-33,4,True,NO_USABLE_TRANSIT:3;OK:1,,,,,,,,84,2210.1489,,1,0,3,True,NO_USABLE_TRANSIT:2;OK:1,,,,,,,,84,0,3
K02180.01,Kepler-1133 b,7286911,275569784,tic_kic_crossid_over_name_planet,CONFIRMED,CANDIDATE,11.55562,138.19752,1.6758,441.5,22.7,-22.7,0.022688,0.874,28,5420,4.555,14.816,0,0,0,0,1,293.32242,42.86747,15,OK,lightkurve,,4,"SPOC,TESS-SPOC","81,82",1.0341989,,456.5988,23.476314,3529.4507,3529.4507,481,21.691477,0,,90.21143,14,2.6722544,1.7940633,3865.4777,5537.0957,False,OK,PDCSAP_FLUX,SPOC,3865.4777,2154.5939,analytic,2187.6791,379.03168,OK,2,2,SPOC/PDCSAP_FLUX=3865ppm;TESS-SPOC/PDCSAP_FLUX=4980ppm,4,2,2,"81,82",SPOC,120,False,False,20926.013,779.57644,0.18090226,0.019409073,2,,7.465808,4.7917869,1.5580426,1.5580426,linear,8.465808,1.7940633,0.21191873,4.7917869,23.958935,1.160828e+13,OK,1.5580426,OK,SAP_FLUX,SPOC,1976.933,978.97919,analytic,983.86232,97.902071,OK,2,2,SPOC/SAP_FLUX=1977ppm;TESS-SPOC/SAP_FLUX=2265ppm,4,2,2,"81,82",SPOC,120,False,False,9720.3567,263.13782,0.13433012,0.020570805,2,,1.4654969,0.50281212,2.9146013,1.5444161,ln,4.329694,2.0193821,0.46640296,2.1559565,10.779782,21934400,OK,2.9146013,BACKGROUND_TEST_AGREES,2,"SPOC,TESS-SPOC",-2350.4802,1572.1825,-1.4950429,-0.53143691,PDC_DEEPER_THAN_SAP,0.088235133,1.5290729,0.11509855,0.91244354,0.068682747,4364.2002,1.0646962,1004,OK,False,0.91244354,1.1493182,-2.3475246,0.90061005,fixed_b,not_measurable,not_measurable,,False,,0,0,1,1,0.1,2154.5939,494.84552,4,0.072842946,0,False,,0.098055584,4043.8456,4801.9089,3865.4777,4980.2768,4422.8773,1114.7991,84,978.97919,194.85149,4,0.056257531,0,False,,0.049522199,2023.0046,2218.8087,1976.933,2264.8803,2120.9067,287.94727,84,0,3
K05384.01,,7377343,271965698,tic_kic_crossid,CANDIDATE,CANDIDATE,7.9544578,135.48462,4.6012,6269.4,31.3,-31.3,0.072733,0.021,14.1782,6217,4.306,14.406,0,0,0,0,1,295.90891,42.988209,15,OK,lightkurve,,8,"SPOC,TESS-SPOC","74,75,81,82",0.96521847,,6051.3407,30.211338,3369.5615,3369.5614,679,35.065403,-0.0276072,0.00078730594,174.21421,12,10.983213,10.983213,6538.5878,6538.5878,True,OK,PDCSAP_FLUX,SPOC,6538.5878,453.0812,bootstrap,690.58551,521.17729,OK,2,2,SPOC/PDCSAP_FLUX=6539ppm;TESS-SPOC/PDCSAP_FLUX=8071ppm,11,4,4,"74,75,81,82",SPOC,120,False,False,16252.842,-403.45303,0.33846278,1.0235606,4,,0.077441356,0.11696093,0.66211303,0.64573268,ln,1.0805189,14.431382,13.355974,0.1246938,0.62346902,5236.757,OK,0.66211303,OK,SAP_FLUX,SPOC,3426.5735,226.71994,bootstrap,227.93149,23.469805,OK,2,2,SPOC/SAP_FLUX=3427ppm;TESS-SPOC/SAP_FLUX=3496ppm,11,4,4,"74,75,81,82",SPOC,120,False,False,8045.8156,111.71185,0.19389252,0.35030494,4,,-0.56871907,0.0833647,-6.822061,-6.906988,ln,0.5662503,15.113684,26.690818,0.062798676,0.31399338,2232.2226,OK,-6.822061,BACKGROUND_TEST_DISAGREES,2,"SPOC,TESS-SPOC",-3492.0138,435.94932,-8.0101371,-0.478029,PDC_DEEPER_THAN_SAP,0.06782962,4.1983352,0.12824979,0.91244354,0.027873118,5808.2478,1.0200218,8644,OK,False,0.91244354,1.002683,-1.6060095,0.43938317,fixed_b,shallower_tess,shallower_tess,,False,pdc_deeper_than_sap,0,0,1,1,0.2,595.32558,453.0812,13,0.66158124,0,False,,0.079707929,6783.8477,7826.2022,6538.5878,8071.4621,7305.0249,1532.8744,84,288.04474,226.71994,13,0.72193787,0,False,,0.0068493513,3437.6181,3484.5577,3426.5735,3495.6023,3461.0879,69.028839,84,-1.9171667e-05,3
K03728.01,Kepler-1517 b,7515679,158555987,tic_kic_crossid_over_name_planet,CONFIRMED,CANDIDATE,5.5460831,133.50348,2.717,2211,45.5,-45.5,0.050506,0.902,8.46,7358,3.538,12.252,0,0,0,0,1,287.80722,43.188782,15,OK,lightkurve,,30,"QLP,SPOC,TESS-SPOC","14,40,41,53,54,55,74,75,80,81",1.0275558,teff_clamped_to_grid,2271.926,46.753791,3318.4737,3318.4737,965,11.611203,0,0,75.58861,10,25.498316,25.498316,2030.2953,2030.2953,True,OK,PDCSAP_FLUX,SPOC,2030.2953,100.95369,bootstrap,164.60828,130.0163,OK,4,4,SPOC/PDCSAP_FLUX=2030ppm;TESS-SPOC/PDCSAP_FLUX=2307ppm;QLP/KSPSAP_FLUX=2077ppm;QLP/DET_FLUX=1850ppm,40,10,10,"14,40,41,53,54,55,74,75,80,81",SPOC,120,False,False,3233.1389,381.67677,1.9820314,1.201126,20,,-0.11244668,0.097451602,-1.153872,-1.1764361,ln,0.893645,20.111155,22.504636,0.090404406,0.45202203,1298.3752,OK,-1.153872,OK,SAP_FLUX,SPOC,1814.0051,104.64028,bootstrap,146.90941,103.11541,OK,3,3,SPOC/SAP_FLUX=1814ppm;TESS-SPOC/SAP_FLUX=2012ppm;QLP/SAP_FLUX=2117ppm,43,10,10,"14,40,41,53,54,55,74,75,80,81",SPOC,120,False,False,3011.0494,262.69853,1.2577034,2.5243794,20,,-0.22509075,0.097376895,-2.3115416,-2.3912263,ln,0.79844376,17.33563,21.711773,0.084289904,0.42144952,1190.8738,OK,-2.3115416,BACKGROUND_TEST_AGREES,2,"SPOC,TESS-SPOC",-251.21358,108.63304,-2.3124971,-0.1158258,PDC_DEEPER_THAN_SAP,0.22465174,2.717,0.0829983,1,0.030547773,2173.7138,0.99102963,16031,OK,False,1,0.98994526,0.14189336,0.902,fixed_b,consistent,consistent,,False,,0,0,1,1,0.5,79.624682,100.95369,45,1.7767599,0,False,,0.064038125,1936.6206,2196.6532,1850.1517,2307.4878,2053.4389,277.19249,84,70.620929,104.64028,47,2.2419141,0,False,,0.056844057,1877.4111,2083.6419,1814.0051,2117.2857,2012.1487,303.28062,84,0,3
K01705.01,Kepler-1670 b,7522911,159375845,tic_kic_crossid_over_name_planet,CONFIRMED,CANDIDATE,20.499876,131.82068,6.501,437.8,22.8,-22.8,0.023842,0.943,9.67,6249,4.428,15.442,0,0,0,0,1,290.32651,43.12183,15,OK,lightkurve,,2,"SPOC,TESS-SPOC",80,1.0568765,,462.70055,24.096785,3499.7872,3499.7872,270,67.399751,0,,299.71425,14,1.671992,0.13908963,724.17239,8545.9643,False,OK,PDCSAP_FLUX,SPOC,724.17239,5206.5162,analytic,5206.5162,,TOO_FEW_MEMBERS,2,1,SPOC/PDCSAP_FLUX=724ppm;TESS-SPOC/PDCSAP_FLUX=OK,1,1,1,80,SPOC,120,False,False,44024.553,,,,1,,0.56509946,11.252685,0.05021908,0.05021908,linear,1.5650995,0.13908963,0.088869512,11.252685,56.263423,1.259488e+27,OK,0.05021908,OK,SAP_FLUX,SPOC,136.71188,1596.5734,analytic,1596.5734,,TOO_FEW_MEMBERS,2,1,SPOC/SAP_FLUX=137ppm;TESS-SPOC/SAP_FLUX=OK,1,1,1,80,SPOC,120,False,False,13500.089,,,,1,,-0.70453486,3.4513096,-0.20413551,-0.20413551,linear,0.29546514,0.085628309,0.2898085,3.4513096,17.256548,1.4445203e+10,OK,-0.20413551,BACKGROUND_TEST_AGREES,1,SPOC,-587.4605,5445.811,-0.10787383,-0.81121638,PDC_DEEPER_THAN_SAP,0.18368756,5.9317954,4.4252612,0.91244354,0.68070469,7250.2546,1.0603295,823,OK,False,0.91244354,1.0379561,-0.17229909,0.95701286,fixed_b,not_measurable,not_measurable,,False,,0,0,1,1,0.1,5206.5162,,1,0,1,True,OK:1,,,,,,,,84,1596.5734,,1,0,1,True,OK:1,,,,,,,,84,0,3
K06892.01,,7602351,159306933,tic_kic_crossid,CANDIDATE,CANDIDATE,17.580603,148.6715,4.17,138.8,22.3,-22.3,0.012611,0.879,16.22,5839,4.199,14.989,0,0,0,0,1,290.12088,43.24361,15,OK,lightkurve,,6,"SPOC,TESS-SPOC","80,81,82",1.0294812,,142.89199,22.957431,3519.5614,3519.5614,315,247.65493,0,,805.51478,32,2.1845186,1.7425708,3195.679,3980.518,False,OK,PDCSAP_FLUX,SPOC,3195.679,1833.8876,analytic,2114.2327,1052.0629,OK,2,2,SPOC/PDCSAP_FLUX=3196ppm;TESS-SPOC/PDCSAP_FLUX=101ppm,4,3,2,"80,81,82",SPOC,120,False,False,30295.039,2674.31,0.7266166,0.39104761,3,,21.364297,14.796977,1.4438285,1.4438285,linear,22.364297,1.7425708,0.077917529,14.796977,73.984883,1.9330113e+34,OK,1.4438285,OK,SAP_FLUX,SPOC,1756.914,987.26308,analytic,1132.1199,554.08221,OK,2,2,SPOC/SAP_FLUX=1757ppm;TESS-SPOC/SAP_FLUX=127ppm,4,3,2,"80,81,82",SPOC,120,False,False,15694.623,1617.0199,0.81821591,0.10234183,3,,11.295399,7.9246932,1.4253421,1.4253421,linear,12.295399,1.7795804,0.14473548,7.9246932,39.623466,2.3081315e+19,OK,1.4253421,BACKGROUND_TEST_AGREES,2,"SPOC,TESS-SPOC",-700.41003,1466.6478,-0.47755842,-0.42487004,PDC_DEEPER_THAN_SAP,0.052671396,3.4717469,2.2567163,0.83255321,0.54117898,3558.8036,0.94622846,2502,OK,False,0.83255321,1.1771818,-0.51845673,0.92206051,fixed_b,not_measurable,not_measurable,,False,,0,0,1,1,0.2,1833.8876,961.2099,5,0.36547045,0,False,,0.32921419,596.4648,2700.5905,101.37639,3195.679,1648.5277,3094.3026,84,987.26308,461.94462,5,0.30117924,0,False,,0.31537241,388.00503,1496.1694,127.26046,1756.914,942.08724,1629.6536,84,0,3
K00269.01,Kepler-1713 b,7670943,158432813,tic_kic_crossid_over_name_planet,CONFIRMED,CANDIDATE,18.01165,185.09162,6.7367,107.8,2.1,-2.1,0.011469,0.924,8.47,6477,4.224,10.927,0,0,0,0,1,287.34573,43.378391,15,OK,lightkurve,,31,"QLP,SPOC,TESS-SPOC","14,40,41,53,54,55,74,75,80,81,82",1.0421268,,112.34127,2.1884662,3349.54,3349.54,296,22.099377,0,,167.34863,8,2.9392907,2.3375585,87.343233,106.46669,False,OK,PDCSAP_FLUX,QLP,87.343233,46.35711,bootstrap,50.379323,19.725479,OK,4,3,SPOC/PDCSAP_FLUX=135ppm;TESS-SPOC/PDCSAP_FLUX=106ppm;QLP/KSPSAP_FLUX=OK;QLP/DET_FLUX=164ppm,14,11,11,"40,41,53,55,74,75,80,81,82,14,54","QLP,SPOC,TESS-SPOC","120,1800,600",False,False,1255.8355,148.18216,1.9824817,1.8184607,20,,-0.2225187,0.45164804,-0.49268166,-0.49268166,linear,0.7774813,1.8841389,2.423388,0.45164804,2.2582402,962.3422,OK,-0.49268166,OK,SAP_FLUX,QLP,80.166863,69.597266,bootstrap,74.656195,27.014219,OK,3,3,SPOC/SAP_FLUX=143ppm;TESS-SPOC/SAP_FLUX=64ppm;QLP/SAP_FLUX=79ppm,15,11,11,"40,41,53,55,74,75,80,81,82,14,54","QLP,SPOC,TESS-SPOC","120,1800,600",False,False,1283.3911,213.63465,2.2503178,4.8800381,20,sector_scatter,-0.28639879,0.66671127,-0.42956944,-0.42956944,linear,0.71360121,1.151868,1.614162,0.66671127,3.3335563,3037.4693,OK,-0.42956944,BACKGROUND_TEST_AGREES,2,"SPOC,TESS-SPOC",-14.319698,60.698031,-0.23591702,-0.11891909,PDC_DEEPER_THAN_SAP,0.073088108,7.6121244,0.46528384,1.1299485,0.069067027,73.643407,0.9793357,11416,OK,False,1.1299485,0.99186304,1.6402831,0.89828632,fixed_b,not_measurable,not_measurable,,False,,0,0,1,1,0.3,37.365154,46.35711,17,1.4938039,1,True,OK:1,0.22583866,115.12731,154.57827,105.72613,163.74225,135.10481,76.399015,84,35.857302,69.597266,17,3.918714,0,False,,0.33697488,68.578645,122.60708,63.652966,143.10655,79.045715,62.939688,84,0,3
K03430.01,,7697103,272372834,tic_kic_crossid,CANDIDATE,CANDIDATE,13.9248,142.04732,5.016,195.2,20.2,-20.2,0.012658,0.021,21.48,5271,4.669,15.712,0,0,0,0,1,296.38269,43.386589,15,QUERY_RETURNED_ZERO_ROWS,lightkurve,QUERY_RETURNED_ZERO_ROWS,0,,,0.95450444,,186.31927,19.28099,,,0,,0,,36,0,,,,,False,FLUX_COLUMN_NOT_PRESENT,,,,,,,,ENSEMBLE_NOT_ATTEMPTED,0,0,,0,0,0,,,,False,False,,,,,0,,,,,,,,,,,,,NO_USABLE_TRANSIT,,FLUX_COLUMN_NOT_PRESENT,,,,,,,,ENSEMBLE_NOT_ATTEMPTED,0,0,,0,0,0,,,,False,False,,,,,0,,,,,,,,,,,,,NO_USABLE_TRANSIT,,BACKGROUND_TEST_UNAVAILABLE,0,,,,,,,,,,,,,,0,too_few_points,False,,,,,inconclusive,not_measured,not_measured,,False,,0,0,1,1,0,,,0,,0,False,,,,,,,,,84,,,0,,0,False,,,,,,,,,84,0,3
K07847.01,,7747103,159105623,tic_kic_crossid,CANDIDATE,CANDIDATE,399.37587,300.0792,21.25,552.2,71.9,-71.9,0.022256,0.556,123.2,6098,4.069,13.281,0,0,0,0,1,289.7308,43.497368,15,QUERY_RETURNED_ZERO_ROWS,lightkurve,QUERY_RETURNED_ZERO_ROWS,0,,,0.97984842,,541.0723,70.451102,,,0,,0,,36,0,,,,,False,FLUX_COLUMN_NOT_PRESENT,,,,,,,,ENSEMBLE_NOT_ATTEMPTED,0,0,,0,0,0,,,,False,False,,,,,0,,,,,,,,,,,,,NO_USABLE_TRANSIT,,FLUX_COLUMN_NOT_PRESENT,,,,,,,,ENSEMBLE_NOT_ATTEMPTED,0,0,,0,0,0,,,,False,False,,,,,0,,,,,,,,,,,,,NO_USABLE_TRANSIT,,BACKGROUND_TEST_UNAVAILABLE,0,,,,,,,,,,,,,,0,too_few_points,False,,,,,inconclusive,not_measured,not_measured,,False,,0,0,1,1,0,,,0,,0,False,,,,,,,,,84,,,0,,0,False,,,,,,,,,84,0,3
K00685.01,Kepler-644 b,7764367,271669616,tic_kic_crossid_over_name_planet,CONFIRMED,CANDIDATE,3.173914,170.92525,3.6069,303,4.6,-4.6,0.017772,0.819,4.16,6432,4.164,13.949,0,0,0,0,1,295.47574,43.493141,15,OK,lightkurve,,8,"SPOC,TESS-SPOC","74,75,81,82",1.0105744,,306.20404,4.6486422,3367.8399,3367.8399,1690,10.826773,0,,86.583819,8,1.9225947,0.88923648,481.96139,1042.6997,False,OK,PDCSAP_FLUX,SPOC,481.96139,822.27442,bootstrap,829.63633,110.27789,OK,2,2,SPOC/PDCSAP_FLUX=482ppm;TESS-SPOC/PDCSAP_FLUX=806ppm,32,4,4,"74,75,81,82",SPOC,120,False,False,22524.892,1842.4025,1.1301723,1.1926434,4,,0.57398769,2.709927,0.21180928,0.21180928,linear,1.5739877,0.58613205,0.37238668,2.709927,13.549635,2.3471567e+08,OK,0.21180928,OK,SAP_FLUX,SPOC,317.02951,184.94195,bootstrap,185.26153,10.87702,OK,2,2,SPOC/SAP_FLUX=317ppm;TESS-SPOC/SAP_FLUX=285ppm,32,4,4,"74,75,81,82",SPOC,120,False,False,3390.6796,-16.724099,0.043849589,0.77350206,4,,0.035353757,0.6072787,0.058216691,0.058216691,linear,1.0353538,1.7142109,1.6556765,0.6072787,3.0363935,6072.0215,OK,0.058216691,BACKGROUND_TEST_AGREES,2,"SPOC,TESS-SPOC",-365.92745,556.47636,-0.65757951,-0.56809145,PDC_DEEPER_THAN_SAP,0.051309939,9.01725,0.1356253,2.5,0.037601624,1035.6841,1.0263926,17520,OK,True,2.5,1.0126571,17.015124,,duration_inconsistent,not_measurable,not_measurable,,False,,0,0,1,1,0.3,541.99463,822.27442,34,2.4944586,0,False,,0.22881063,533.85687,754.41265,481.96139,806.30812,644.13476,324.34673,84,77.868587,184.94195,34,14.042282,0,False,,0.034309174,290.15687,311.91091,285.03827,317.02951,301.03389,31.991237,84,0,3
K02523.01,Kepler-1267 b,7778767,268604100,tic_kic_crossid_confirms_name_planet,CONFIRMED,CANDIDATE,13.031358,144.11544,4.521,573.3,31.8,-31.8,0.024587,0.813,13.76,5514,4.345,15.829,0,0,0,0,2,299.16953,43.44109,15,QUERY_RETURNED_ZERO_ROWS,lightkurve,QUERY_RETURNED_ZERO_ROWS,0,,,1.0136448,,581.12259,32.233906,,,0,,0,,36,0,,,,,False,FLUX_COLUMN_NOT_PRESENT,,,,,,,,ENSEMBLE_NOT_ATTEMPTED,0,0,,0,0,0,,,,False,False,,,,,0,,,,,,,,,,,,,NO_USABLE_TRANSIT,,FLUX_COLUMN_NOT_PRESENT,,,,,,,,ENSEMBLE_NOT_ATTEMPTED,0,0,,0,0,0,,,,False,False,,,,,0,,,,,,,,,,,,,NO_USABLE_TRANSIT,,BACKGROUND_TEST_UNAVAILABLE,0,,,,,,,,,,,,,,0,too_few_points,False,,,,,inconclusive,not_measured,not_measured,,False,,0,0,1,1,0,,,0,,0,False,,,,,,,,,84,,,0,,0,False,,,,,,,,,84,0,3
K02523.02,,7778767,268604100,tic_kic_crossid_confirms_name_planet,CANDIDATE,CANDIDATE,2.6109022,133.25501,1.976,222.5,24.8,-24.8,0.015351,0.813,6.21,5514,4.345,15.829,0,0,0,0,2,299.16953,43.44109,15,QUERY_RETURNED_ZERO_ROWS,lightkurve,QUERY_RETURNED_ZERO_ROWS,0,,,1.0136448,,225.53598,25.138392,,,0,,0,,36,0,,,,,False,FLUX_COLUMN_NOT_PRESENT,,,,,,,,ENSEMBLE_NOT_ATTEMPTED,0,0,,0,0,0,,,,False,False,,,,,0,,,,,,,,,,,,,NO_USABLE_TRANSIT,,FLUX_COLUMN_NOT_PRESENT,,,,,,,,ENSEMBLE_NOT_ATTEMPTED,0,0,,0,0,0,,,,False,False,,,,,0,,,,,,,,,,,,,NO_USABLE_TRANSIT,,BACKGROUND_TEST_UNAVAILABLE,0,,,,,,,,,,,,,,0,too_few_points,False,,,,,inconclusive,not_measured,not_measured,,False,,0,0,1,1,0,,,0,,0,False,,,,,,,,,84,,,0,,0,False,,,,,,,,,84,0,3
K02247.01,Kepler-1157 b,7802719,164460347,tic_kic_crossid_over_name_planet,CONFIRMED,CANDIDATE,4.4574327,132.16006,2.3226,175.7,9.7,-9.7,0.011751,0.175,14.62,4487,4.644,14.374,0,0,0,0,1,283.12103,43.525639,15,OK,lightkurve,,6,"SPOC,TESS-SPOC","74,80,81",0.94724091,,166.43023,9.1882369,3492.3766,3492.3766,1240,30.93528,0,,127.64484,14,0.96743914,-0.6119384,-258.85641,407.63855,False,OK,PDCSAP_FLUX,SPOC,-258.85641,409.57101,bootstrap,409.57101,,TOO_FEW_MEMBERS,2,1,SPOC/PDCSAP_FLUX=OK;TESS-SPOC/PDCSAP_FLUX=113ppm,14,3,3,"74,80,81",SPOC,120,False,False,9371.1401,597.67604,0.70381677,0.15259769,3,,-2.5553449,2.4620441,-1.0378957,-1.0378957,linear,-1.5553449,-0.63201838,0.40635256,2.4620441,12.310221,36939507,OK,-1.0378957,OK,SAP_FLUX,SPOC,-301.94995,358.73886,bootstrap,358.73886,,TOO_FEW_MEMBERS,2,0,SPOC/SAP_FLUX=OK;TESS-SPOC/SAP_FLUX=OK,18,3,3,"74,80,81",SPOC,120,False,False,9424.583,589.17124,0.79686868,0.32344053,3,,-2.8142735,2.1567776,-1.3048511,-1.3048511,linear,-1.8142735,-0.84169847,0.46393141,2.1567776,10.783888,8027978.1,OK,-1.3048511,BACKGROUND_TEST_UNAVAILABLE,0,,,,,,,0.02,4.8342202,0.074964852,2.081383,0.032276264,-464.0506,1.0680252,4875,OK,False,2.081383,,,,inconclusive,not_measurable,not_measurable,,False,,0,0,1,1,0.2,423.01056,409.57101,15,1.0201513,1,True,OK:1,,,,,,,,84,374.1498,358.73886,18,0.97897245,2,True,OK:2,,,,,,,,84,0,3
K03787.01,,7813039,158725720,tic_kic_crossid,CANDIDATE,CANDIDATE,141.73403,167.34598,1.5851,7736.4,76.6,-76.6,0.102722,0.912,424,5606,4.478,13.891,0,0,0,0,1,288.43912,43.505249,15,OK,lightkurve,,11,"QLP,SPOC,TESS-SPOC","14,40,41,53,54,55,74,75,80",1.0490449,,8115.831,80.35684,3386.2391,3386.2336,38,2.7736364,-7.9318404,2.8597261,32.097409,10,6.6016141,6.4119789,9997.3445,10533.178,True,OK,PDCSAP_FLUX,QLP,10533.178,1595.5458,analytic,1595.5458,,TOO_FEW_MEMBERS,4,1,SPOC/PDCSAP_FLUX=NO_USABLE_TRANSIT;TESS-SPOC/PDCSAP_FLUX=NO_USABLE_TRANSIT;QLP/KSPSAP_FLUX=10533ppm;QLP/DET_FLUX=NO_USABLE_TRANSIT,3,9,3,"80,14,40,41,53,54,55,74,75","QLP,SPOC","120,1800,200,600",True,False,5256.8542,2376.8672,0.70537598,0.26477642,2,smeared,0.26071345,0.15982381,1.6312553,1.4665702,ln,1.2978557,6.6016141,5.0865547,0.20309679,1.015484,14289.537,OK,1.6312553,OK,SAP_FLUX,QLP,10548.44,1601.5859,analytic,1601.5859,,TOO_FEW_MEMBERS,3,1,SPOC/SAP_FLUX=NO_USABLE_TRANSIT;TESS-SPOC/SAP_FLUX=NO_USABLE_TRANSIT;QLP/SAP_FLUX=10548ppm,3,9,3,"80,14,40,41,53,54,55,74,75","QLP,SPOC","120,1800,200,600",True,False,5256.9887,2362.9081,0.69985699,0.26209976,2,smeared,0.26216138,0.16015883,1.6368837,1.4706125,ln,1.2997363,6.5862467,5.0673716,0.2038173,1.0190865,14370.398,OK,1.6368837,BACKGROUND_TEST_UNAVAILABLE,0,,,,,,,0.5,1.7910814,0.28310584,1.1299485,0.1786044,15456.669,2.5827357,112,OK,False,1.1299485,1.0404915,0.49383781,0.85169793,fixed_b,consistent,consistent,,False,,0,0,1,1,0.1,1595.5458,675.80424,3,0.26477642,3,True,NO_USABLE_TRANSIT:3,,,,,,,,84,1601.5859,674.09495,3,0.26209976,2,True,NO_USABLE_TRANSIT:2,,,,,,,,84,-0.0055082225,3
K01964.01,,7887791,159449703,tic_kic_crossid,CANDIDATE,CANDIDATE,2.2293264,133.09423,1.9946,49.1,2.3,-2.3,0.006393,0.249,8.35,5587,4.525,10.687,0,0,0,0,1,290.7037,43.607208,15,OK,lightkurve,,29,"QLP,SPOC,TESS-SPOC","14,15,40,41,54,74,75,80,81,82",0.96171705,,47.220307,2.2119492,3347.6882,3347.6882,2414,22.072439,0,,96.136316,14,2.031088,2.031088,39.796227,39.796227,False,OK,PDCSAP_FLUX,SPOC,39.796227,20.680575,bootstrap,32.939363,25.638164,OK,4,4,SPOC/PDCSAP_FLUX=58ppm;TESS-SPOC/PDCSAP_FLUX=32ppm;QLP/KSPSAP_FLUX=14ppm;QLP/DET_FLUX=89ppm,108,10,10,"14,15,40,41,74,75,80,81,82,54","SPOC,TESS-SPOC","120,600",False,False,1073.4035,57.178001,1.4158204,1.6053777,19,,-0.15722219,0.70092442,-0.22430691,-0.22430691,linear,0.84277781,1.9243289,2.283317,0.70092442,3.5046221,1523.7459,OK,-0.22430691,OK,SAP_FLUX,SPOC,45.81629,23.780139,bootstrap,24.556298,6.1250916,OK,3,3,SPOC/SAP_FLUX=77ppm;TESS-SPOC/SAP_FLUX=59ppm;QLP/SAP_FLUX=67ppm,114,10,10,"14,15,40,41,74,75,80,81,82,54","SPOC,TESS-SPOC","120,600",False,False,1107.0509,31.458047,0.67508162,2.3032641,19,,-0.029733324,0.5245308,-0.056685564,-0.056685564,linear,0.97026668,1.926662,1.9857036,0.5245308,2.622654,603.10848,OK,-0.056685564,BACKGROUND_TEST_AGREES,2,"SPOC,TESS-SPOC",22.482644,22.318038,1.0073755,0.50052772,SAP_DEEPER_THAN_PDC,0.02,4.280283,1.1397057,2.1459355,0.5713956,-16.23926,1.0517176,29026,OK,True,2.1459355,0.99944278,2.7965838,,fixed_b,not_measurable,not_measurable,,False,,0,0,1,1,0.8,19.593552,20.680575,112,1.0472917,0,False,,0.64423606,22.704652,73.980981,14.309171,88.699422,44.91788,48.903195,84,19.430834,23.780139,117,1.1247419,0,False,,0.13368807,61.635144,73.885328,58.918223,76.933198,67.408603,31.116908,84,0,3
K05440.01,,7888863,159577686,tic_kic_crossid,CANDIDATE,CANDIDATE,74.624063,194.3704,8.881,346.9,38.6,-38.6,0.017122,0.019,65.3,6187,4.499,15.335,0,0,0,0,1,291.07666,43.61208,15,OK,lightkurve,NO_USABLE_TRANSIT,2,"SPOC,TESS-SPOC",81,0.96495669,,334.74348,37.247328,3549.5511,3549.5511,74,205.72225,0,,750.38174,12,,,,,False,NO_USABLE_TRANSIT,PDCSAP_FLUX,SPOC,,,none,,,TOO_FEW_MEMBERS,2,0,SPOC/PDCSAP_FLUX=NO_USABLE_TRANSIT;TESS-SPOC/PDCSAP_FLUX=NO_USABLE_TRANSIT,0,1,0,81,SPOC,120,False,False,,,,,1,,,,,,,,,,,,,NO_USABLE_TRANSIT,,NO_USABLE_TRANSIT,SAP_FLUX,SPOC,,,none,,,TOO_FEW_MEMBERS,2,0,SPOC/SAP_FLUX=NO_USABLE_TRANSIT;TESS-SPOC/SAP_FLUX=NO_USABLE_TRANSIT,0,1,0,81,SPOC,120,False,False,,,,,1,,,,,,,,,,,,,NO_USABLE_TRANSIT,,BACKGROUND_TEST_UNAVAILABLE,0,,,,,,,0.02,,,,,,,0,too_few_points,False,,,,,inconclusive,not_measured,not_measured,,False,,0,0,1,1,0,,,0,,2,True,NO_USABLE_TRANSIT:2,,,,,,,,84,,,0,,2,True,NO_USABLE_TRANSIT:2,,,,,,,,84,0,3
K00899.01,Kepler-249 c,7907423,272942100,tic_kic_crossid_confirms_name_planet,CONFIRMED,CANDIDATE,7.1137326,174.32351,2.1764,807.6,20.5,-20.5,0.025862,0.334,24.23,3561,4.855,15.234,0,0,0,0,3,296.98505,43.65852,15,OK,lightkurve,,19,"QLP,SPOC,TESS-SPOC","41,54,55,74,75,81,82",0.93723967,,756.91475,19.213413,3349.7367,3349.7367,751,13.941276,0,,74.469828,12,1.144213,0.12773207,121.75235,1066.8865,False,OK,PDCSAP_FLUX,QLP,121.75235,982.26275,bootstrap,982.26275,,TOO_FEW_MEMBERS,4,1,SPOC/PDCSAP_FLUX=OK;TESS-SPOC/PDCSAP_FLUX=OK;QLP/KSPSAP_FLUX=4003ppm;QLP/DET_FLUX=OK,26,7,7,"41,54,74,75,81,82,55","QLP,SPOC","120,600",False,False,25521.025,657.33408,0.34552493,1.6836242,12,,-0.83914655,1.29893,-0.64602905,-0.64602905,linear,0.16085345,0.1239509,0.77058277,1.29893,6.4946502,500012.42,OK,-0.64602905,OK,SAP_FLUX,QLP,4.5157641,646.67758,bootstrap,921.01813,655.80675,OK,3,2,SPOC/SAP_FLUX=OK;TESS-SPOC/SAP_FLUX=215ppm;QLP/SAP_FLUX=2143ppm,26,7,7,"41,54,74,75,81,82,55","QLP,SPOC","120,600",False,False,17177.888,575.05412,0.46045238,1.4287711,12,,-0.99403399,1.218097,-0.81605488,-0.81605488,linear,0.0059660142,0.0069830226,1.170467,1.218097,6.0904849,333523.52,OK,-0.81605488,BACKGROUND_TEST_UNAVAILABLE,0,,,,,,,0.028288536,1.8681657,1.8938404,0.85837422,0.8701711,1028.3192,1.067206,7423,OK,True,0.85837422,0.98308633,-0.13362154,0.59931488,fixed_b,not_measurable,not_measurable,,False,,0,0,1,1,0.3,953.18543,982.26275,27,1.1029433,3,True,OK:3,,,,,,,,84,656.02548,646.67758,27,1.0028236,1,True,OK:1,145.22609,523.22818,1834.8417,214.61324,2143.4566,1179.0349,2138.9409,84,0,3
K00899.02,Kepler-249 b,7907423,272942100,tic_kic_crossid_confirms_name_planet,CONFIRMED,CANDIDATE,3.3065516,134.37211,1.8177,509.2,15.6,-15.6,0.020275,0.001,14.19,3561,4.855,15.234,0,0,0,0,3,296.98505,43.65852,15,OK,lightkurve,,19,"QLP,SPOC,TESS-SPOC","41,54,55,74,75,81,82",0.92432266,,470.6651,14.419434,3347.1316,3347.1505,1627,15.168232,27.2655,1.7975398,72.770196,12,3.2489877,1.8144306,1256.3057,2243.4364,True,OK,PDCSAP_FLUX,QLP,2243.4364,903.39013,bootstrap,1003.8061,437.62188,OK,4,4,SPOC/PDCSAP_FLUX=1399ppm;TESS-SPOC/PDCSAP_FLUX=2574ppm;QLP/KSPSAP_FLUX=2731ppm;QLP/DET_FLUX=2194ppm,53,7,7,"41,54,74,75,81,82,55","QLP,SPOC","120,600",False,False,27089.751,-1459.2457,0.79667782,2.36803,12,,1.5616173,0.45126743,3.460514,1.7653824,ln,4.7665237,2.4833528,0.52099872,2.1335455,10.667728,20213296,OK,3.460514,OK,SAP_FLUX,QLP,1317.121,608.01966,bootstrap,818.09062,547.34299,OK,3,3,SPOC/SAP_FLUX=834ppm;TESS-SPOC/SAP_FLUX=1201ppm;QLP/SAP_FLUX=2444ppm,53,7,7,"41,54,74,75,81,82,55","QLP,SPOC","120,600",False,False,17233.096,-1210.8095,0.9900401,2.6240045,12,,1.0290568,0.62388223,1.6494407,1.0340842,ln,2.798425,2.1662474,0.77409519,1.7391475,8.6957376,2812873.5,OK,1.6494407,BACKGROUND_TEST_AGREES,2,"SPOC,TESS-SPOC",-900.67476,833.39352,-1.0807317,-0.45337918,PDC_DEEPER_THAN_SAP,0.02,1.2599294,0.50193685,0.69314484,0.27613845,1083.8417,1.0453078,12749,OK,False,0.69314484,1.0235555,-0.96869445,0.73541284,fixed_b,not_measurable,not_measurable,,False,,0,0,1,1,0.4,690.5032,903.39013,57,1.442368,0,False,,0.19506766,1780.6215,2655.8653,1399.2218,2731.4872,2383.873,844.21457,84,483.14735,608.01966,57,1.5335672,0,False,,0.41556014,951.36066,2046.0466,834.10569,2443.938,1200.5275,1126.817,84,0.018934375,3
K00899.03,Kepler-249 d,7907423,272942100,tic_kic_crossid_confirms_name_planet,CONFIRMED,CANDIDATE,15.368457,147.38965,2.4714,756.1,26.4,-26.4,0.02471,0.115,48.38,3561,4.855,15.234,0,0,0,0,3,296.98505,43.65852,15,OK,lightkurve,,19,"QLP,SPOC,TESS-SPOC","41,54,55,74,75,81,82",0.92580447,,700.00076,24.441238,3343.9811,3343.9811,349,20.70342,0,,99.18126,12,2.5840984,2.0711965,2708.6574,3277.8003,False,OK,PDCSAP_FLUX,QLP,2708.6574,832.62043,bootstrap,1117.8387,745.85955,OK,4,3,SPOC/PDCSAP_FLUX=1972ppm;TESS-SPOC/PDCSAP_FLUX=2687ppm;QLP/KSPSAP_FLUX=4165ppm;QLP/DET_FLUX=OK,13,7,7,"41,54,74,75,81,82,55","QLP,SPOC","120,600",False,False,27035.791,249.19676,0.095272733,0.68814825,12,,1.353127,0.41717265,3.2435658,1.7956022,ln,3.8695064,3.2531719,0.84072013,1.5980747,7.9903734,2065981.7,OK,3.2435658,OK,SAP_FLUX,QLP,969.55122,571.03395,bootstrap,590.5517,150.57073,OK,3,3,SPOC/SAP_FLUX=611ppm;TESS-SPOC/SAP_FLUX=885ppm;QLP/SAP_FLUX=1054ppm,14,7,7,"41,54,74,75,81,82,55","QLP,SPOC","120,600",False,False,18175.659,401.67729,0.2403189,1.1463428,12,,0.38507168,0.84584571,0.45525049,0.45525049,linear,1.3850717,1.6978872,1.2258479,0.84584571,4.2292285,47365.019,OK,0.45525049,BACKGROUND_TEST_AGREES,2,"SPOC,TESS-SPOC",-1573.012,636.72051,-2.4704905,-0.67535431,PDC_DEEPER_THAN_SAP,0.024429626,1.3832936,1.0980284,0.55972065,0.44429407,3099.7957,1.0187389,4034,OK,False,0.55972065,1.0236186,-0.75851988,0.85159419,fixed_b,not_measurable,not_measurable,,False,,0,0,1,1,0.2,1307.7743,832.62043,14,0.48187124,1,True,OK:1,0.27536134,2200.501,3692.2201,1971.7641,4165.4687,2686.567,1456.8113,84,835.33622,571.03395,14,0.6291327,0,False,,0.15529941,698.6343,999.77577,611.01544,1053.8705,884.8244,358.53579,84,0,3
K06166.01,Kepler-1642 b,7908367,273036122,tic_kic_crossid_over_name_planet,CONFIRMED,CANDIDATE,12.20643,134.053,2.407,1337.2,92.3,-92.3,0.032713,0.104,39.81,5254,4.05,14.13,0,0,0,0,2,297.21216,43.643719,15,OK,lightkurve,,23,"QLP,SPOC,TESS-SPOC","14,15,41,54,55,74,75,81,82",0.95493497,,1276.939,88.140498,3337.8822,3337.4476,440,649.87545,-625.82963,0.96299934,864,54,5.588824,-0.76078867,-355.10218,2104.1123,True,OK,PDCSAP_FLUX,QLP,2104.1123,828.44294,bootstrap,990.20906,542.39863,OK,4,4,SPOC/PDCSAP_FLUX=1262ppm;TESS-SPOC/PDCSAP_FLUX=1214ppm;QLP/KSPSAP_FLUX=2581ppm;QLP/DET_FLUX=540ppm,21,9,9,"41,54,55,74,75,81,82,14,15","QLP,SPOC","120,1800",True,False,10491.569,-2285.1843,1.821954,4.3131472,14,smeared;sector_scatter,0.49942784,0.47826243,1.0442548,0.83035167,ln,1.6477782,2.5398398,1.5413724,0.78012514,3.9006257,61846.461,OK,1.0442548,OK,SAP_FLUX,QLP,1285.0148,810.45142,bootstrap,1005.5179,595.1763,OK,3,3,SPOC/SAP_FLUX=405ppm;TESS-SPOC/SAP_FLUX=595ppm;QLP/SAP_FLUX=2155ppm,21,9,9,"41,54,55,74,75,81,82,14,15","QLP,SPOC","120,1800",True,False,8793.5311,-1384.4639,1.0935707,5.2353794,14,smeared;sector_scatter,0.0063243208,0.79204319,0.007984818,0.007984818,linear,1.0063243,1.5855544,1.5755899,0.79204319,3.960216,65722.337,OK,0.007984818,BACKGROUND_TEST_AGREES,2,"SPOC,TESS-SPOC",-730.55113,528.86107,-1.3813668,-0.59020019,PDC_DEEPER_THAN_SAP,0.032012399,2.8911065,0.13454007,1.2011244,0.055895333,987.65003,1.093627,6128,OK,False,1.2011244,1.0090791,2.0244702,,fixed_b,not_measurable,not_measurable,,False,,0,0,1,1,0.7,376.4857,828.44294,21,2.4422554,0,False,,0.25778026,863.12809,1947.9254,539.59176,2581.1069,1237.8023,1564.5206,84,330.01972,810.45142,21,2.7442106,0,False,,0.46316687,465.77284,1656.1254,404.96893,2155.4875,594.98113,880.04589,84,-0.43460391,3
K06166.02,Kepler-1642 c,7908367,273036122,tic_kic_crossid_over_name_planet,CONFIRMED,CANDIDATE,6.6513189,135.289,2.135,1058.4,80,-80,0.029092,0.064,24.45,5254,4.05,14.13,0,0,0,0,2,297.21216,43.643719,15,OK,lightkurve,,23,"QLP,SPOC,TESS-SPOC","14,15,41,54,55,74,75,81,82",0.95454809,,1010.2937,76.363847,3342.5547,3342.3471,808,726.03565,-298.90854,0.41169954,864,60,4.9260705,0.10087236,35.875088,1801.2438,True,OK,PDCSAP_FLUX,QLP,1801.2438,1862.0513,bootstrap,1862.0513,,TOO_FEW_MEMBERS,4,1,SPOC/PDCSAP_FLUX=OK;TESS-SPOC/PDCSAP_FLUX=OK;QLP/KSPSAP_FLUX=5509ppm;QLP/DET_FLUX=OK,35,9,9,"41,54,55,74,75,81,82,14,15","QLP,SPOC","120,1800",True,False,10708.457,-4420.7852,1.2167412,53.885982,14,smeared;sector_scatter,0.78289123,1.845306,0.42426093,0.42426093,linear,1.7828912,0.9673438,0.54257028,1.845306,9.2265299,10266819,OK,0.42426093,OK,SAP_FLUX,QLP,236.3694,437.59311,bootstrap,437.59311,,TOO_FEW_MEMBERS,3,1,SPOC/SAP_FLUX=OK;TESS-SPOC/SAP_FLUX=OK;QLP/SAP_FLUX=540ppm,35,9,9,"41,54,55,74,75,81,82,14,15","QLP,SPOC","120,1800",True,False,8810.3805,-1139.2162,1.3005295,4.4285472,14,smeared;sector_scatter,-0.76603892,0.44251413,-1.7311061,-1.7311061,linear,0.23396108,0.54015796,2.3087514,0.44251413,2.2125707,8222.9621,OK,-1.7311061,BACKGROUND_TEST_UNAVAILABLE,0,,,,,,,0.028382646,0.99490407,2.24175,0.46599722,1.05,712.5752,1.0754419,8464,OK,True,0.46599722,1.0095197,-0.34283182,0.91101468,fixed_b,not_measurable,not_measurable,,False,,0,0,1,1,0.9,365.65529,1862.0513,35,22.620257,3,True,OK:3,,,,,,,,84,310.70414,437.59311,35,3.1203042,2,True,OK:2,,,,,,,,84,-0.20757537,3
K01552.01,,7984047,268485240,tic_kic_crossid,CANDIDATE,CANDIDATE,77.634246,417.15321,4.1002,16612,102,-102,0.113974,0.113,160.31,4812,4.548,15.915,0,0,0,0,1,298.92593,43.75037,15,QUERY_RETURNED_ZERO_ROWS,lightkurve,QUERY_RETURNED_ZERO_ROWS,0,,,0.95011905,,15783.378,96.912143,,,0,,0,,36,0,,,,,False,FLUX_COLUMN_NOT_PRESENT,,,,,,,,ENSEMBLE_NOT_ATTEMPTED,0,0,,0,0,0,,,,False,False,,,,,0,,,,,,,,,,,,,NO_USABLE_TRANSIT,,FLUX_COLUMN_NOT_PRESENT,,,,,,,,ENSEMBLE_NOT_ATTEMPTED,0,0,,0,0,0,,,,False,False,,,,,0,,,,,,,,,,,,,NO_USABLE_TRANSIT,,BACKGROUND_TEST_UNAVAILABLE,0,,,,,,,,,,,,,,0,too_few_points,False,,,,,inconclusive,not_measured,not_measured,,False,,0,0,1,1,0,,,0,,0,False,,,,,,,,,84,,,0,,0,False,,,,,,,,,84,0,3
K02352.01,Kepler-381 c,8013439,164884235,tic_kic_crossid_over_name_planet,CONFIRMED,CANDIDATE,13.391552,133.05499,3.391,48.9,2.2,-2.2,0.006628,0.539,25.7,6197,3.837,10.421,0,0,0,0,3,285.1828,43.831078,15,OK,lightkurve,,33,"QLP,SPOC,TESS-SPOC","14,26,40,41,53,55,74,75,80,81,82",0.9792403,,47.884851,2.1543287,3336.0673,3336.0673,401,34.662532,0,,154.8526,11,1.8429207,0.72025718,25.595735,65.665047,False,OK,PDCSAP_FLUX,SPOC,25.595735,53.90547,bootstrap,65.091599,36.484469,OK,4,4,SPOC/PDCSAP_FLUX=26ppm;TESS-SPOC/PDCSAP_FLUX=61ppm;QLP/KSPSAP_FLUX=157ppm;QLP/DET_FLUX=51ppm,20,11,11,"14,26,40,41,53,55,74,75,80,81,82",SPOC,120,False,False,1104.1851,127.37707,1.2669914,2.0896346,22,,-0.46547323,1.360999,-0.3420085,-0.3420085,linear,0.53452677,0.4748263,0.88831153,1.360999,6.804995,43160.687,OK,-0.3420085,OK,SAP_FLUX,SPOC,72.890445,38.420788,bootstrap,39.178851,7.6697746,OK,3,3,SPOC/SAP_FLUX=73ppm;TESS-SPOC/SAP_FLUX=82ppm;QLP/SAP_FLUX=95ppm,21,11,11,"14,26,40,41,53,55,74,75,80,81,82",SPOC,120,False,False,1109.9398,106.7663,1.4318551,1.2300334,22,,0.52220262,0.82094889,0.63609638,0.63609638,linear,1.5222026,1.8971616,1.2463266,0.82094889,4.1047445,2855.242,OK,0.63609638,BACKGROUND_TEST_AGREES,2,"SPOC,TESS-SPOC",33.486649,45.885937,0.72978022,0.77397259,SAP_DEEPER_THAN_PDC,0.02,7.7352401,0.66770604,2.2811088,0.19690535,32.340759,1.0492875,10146,OK,False,2.2811088,0.99751613,7.9056906,,duration_inconsistent,not_measurable,not_measurable,,False,,0,0,1,1,0.4,35.536938,53.90547,22,2.0763633,0,False,,1.4254121,37.892257,110.8612,25.595735,156.94586,56.074814,131.35013,84,34.977985,38.420788,22,1.2391514,0,False,,0.10522332,75.693969,91.033518,72.890445,95.448606,81.651455,22.55816,84,0,3
K02352.02,Kepler-381 b,8013439,164884235,tic_kic_crossid_over_name_planet,CONFIRMED,CANDIDATE,5.629044,134.74679,3.7295,39.5,1.4,-1.4,0.005805,0.237,11.29,6197,3.837,10.421,0,0,0,0,3,285.1828,43.831078,15,OK,lightkurve,,33,"QLP,SPOC,TESS-SPOC","14,26,40,41,53,55,74,75,80,81,82",0.96742608,,38.21333,1.3543965,3332.2257,3332.2257,953,30.033598,0,,146.04329,10,2.1318739,-2.003962,-46.284064,50.725889,False,OK,PDCSAP_FLUX,SPOC,-46.284064,24.744164,bootstrap,24.744164,,TOO_FEW_MEMBERS,4,1,SPOC/PDCSAP_FLUX=OK;TESS-SPOC/PDCSAP_FLUX=OK;QLP/KSPSAP_FLUX=OK;QLP/DET_FLUX=15ppm,45,11,11,"14,26,40,41,53,55,74,75,80,81,82",SPOC,120,False,False,1125.5169,-36.025218,0.74298727,0.98196204,22,,-2.211202,0.65042099,-3.3996474,-3.3996474,linear,-1.211202,-1.8705042,1.5443371,0.65042099,3.252105,949.39814,OK,-3.3996474,OK,SAP_FLUX,SPOC,-35.008702,24.471178,bootstrap,24.471178,,TOO_FEW_MEMBERS,3,0,SPOC/SAP_FLUX=OK;TESS-SPOC/SAP_FLUX=OK;QLP/SAP_FLUX=OK,50,11,11,"14,26,40,41,53,55,74,75,80,81,82",SPOC,120,False,False,1159.5576,-41.874154,0.8811664,0.97167967,22,,-1.9161385,0.64330939,-2.9785645,-2.9785645,linear,-0.91613847,-1.4306096,1.5615648,0.64330939,3.2165469,914.89765,OK,-2.9785645,BACKGROUND_TEST_UNAVAILABLE,0,,,,,,,0.02,1.4918,3.6397229,0.4,0.97592786,-44.911646,1.0449037,24832,OK,True,0.4,,,0.92669722,inconclusive,not_measurable,not_measurable,,False,,0,0,1,1,0.5,23.096278,24.744164,50,1.1153276,3,True,OK:3,,,,,,,,84,22.24853,24.471178,51,1.2229296,3,True,OK:3,,,,,,,,84,0,3
K02352.03,Kepler-381 d,8013439,164884235,tic_kic_crossid_over_name_planet,CONFIRMED,CANDIDATE,8.2562857,137.9267,2.0378,37.3,2.3,-2.3,0.006235,0.816,18.24,6197,3.837,10.421,0,0,0,0,3,285.1828,43.831078,15,OK,lightkurve,,33,"QLP,SPOC,TESS-SPOC","14,26,40,41,53,55,74,75,80,81,82",1.0107689,,37.701679,2.3247684,3329.2561,3329.2561,649,34.887818,0,,135.23045,16,1.9422045,1.9401981,74.264085,74.449469,False,OK,PDCSAP_FLUX,SPOC,74.264085,26.875071,bootstrap,39.876004,29.458891,OK,4,4,SPOC/PDCSAP_FLUX=74ppm;TESS-SPOC/PDCSAP_FLUX=87ppm;QLP/KSPSAP_FLUX=20ppm;QLP/DET_FLUX=24ppm,28,11,11,"14,26,40,41,53,55,74,75,80,81,82",SPOC,120,False,False,1108.742,128.07621,2.6405517,0.32490496,22,,0.67792282,0.54278553,1.2489699,0.91433054,ln,1.9697819,2.7633075,1.4028495,1.0606469,5.3032347,7539.8038,OK,1.2489699,OK,SAP_FLUX,SPOC,88.26834,31.420729,bootstrap,38.088994,21.529266,OK,3,3,SPOC/SAP_FLUX=88ppm;TESS-SPOC/SAP_FLUX=97ppm;QLP/SAP_FLUX=33ppm,31,11,11,"14,26,40,41,53,55,74,75,80,81,82",SPOC,120,False,False,1140.8633,89.271658,1.4748767,0.59004876,22,,0.85067686,0.43875535,1.938841,1.3235126,ln,2.341231,2.8092391,1.1998983,1.0133874,5.0669371,5945.0849,OK,1.938841,BACKGROUND_TEST_AGREES,2,"SPOC,TESS-SPOC",12.090922,32.250129,0.37491082,0.14957876,SAP_DEEPER_THAN_PDC,0.02,0.81512,0.067244568,0.4,0.03299861,78.802282,1.0202369,8665,OK,True,0.4,1.0072877,-8.5751174,0.97828647,tracks_b,not_measurable,not_measurable,,False,,0,0,1,1,0.5,38.276547,26.875071,32,0.50737792,0,False,,0.3966775,22.178128,81.095911,20.279796,87.402212,49.24937,53.984289,84,36.583107,31.420729,34,0.77524702,0,False,,0.243907,50.821338,93.87987,33.199219,96.52059,88.26834,55.069122,84,0,3
K03984.01,Kepler-1537 b,8036287,271046907,tic_kic_crossid_over_name_planet,CONFIRMED,CANDIDATE,1.4444523,132.80685,0.9753,200.7,12.2,-12.2,0.012845,0.162,11.33,5305,4.088,14.536,0,0,0,0,1,294.38538,43.82547,15,OK,lightkurve,,8,"SPOC,TESS-SPOC","74,75,81,82",0.95630454,,191.93032,11.666915,3366.614,3366.614,3739,16.964224,0,,65.522173,16,1.9875171,1.1209968,538.45725,908.4778,False,OK,PDCSAP_FLUX,SPOC,538.45725,634.62414,bootstrap,641.45905,93.391234,OK,2,2,SPOC/PDCSAP_FLUX=538ppm;TESS-SPOC/PDCSAP_FLUX=813ppm,72,4,4,"74,75,81,82",SPOC,120,False,False,15382.934,-1063.4999,0.90616843,0.57585153,4,,1.805483,3.3430722,0.54006701,0.54006701,linear,2.805483,0.84846639,0.30243149,3.3430722,16.715361,3.487647e+09,OK,0.54006701,OK,SAP_FLUX,SPOC,378.08227,433.86939,bootstrap,435.58261,38.594897,OK,2,2,SPOC/SAP_FLUX=378ppm;TESS-SPOC/SAP_FLUX=492ppm,72,4,4,"74,75,81,82",SPOC,120,False,False,10357.452,-811.07537,1.0018032,0.79449264,4,,0.96989336,2.2708475,0.42710633,0.42710633,linear,1.9698934,0.87141954,0.44236889,2.2708475,11.354238,16376506,OK,0.42710633,BACKGROUND_TEST_AGREES,2,"SPOC,TESS-SPOC",-236.64551,557.9502,-0.42413374,-0.35017231,PDC_DEEPER_THAN_SAP,0.02,1.5899113,0.28396516,1.6301767,0.29115673,1148.8276,1.1084803,10382,OK,False,1.6301767,1.0088069,2.4431919,,fixed_b,not_measurable,not_measurable,,False,,0,0,1,1,0.5,480.33792,634.62414,73,1.4411139,0,False,,0.17344224,582.40607,769.18854,538.45725,813.13735,675.7973,274.6801,84,328.69514,433.86939,73,1.4100755,0,False,,0.10208068,396.24457,473.43436,378.08227,491.59667,434.83947,113.5144,84,0,3
K04776.01,,8054719,268824746,tic_kic_crossid,CANDIDATE,CANDIDATE,7.5861587,132.7988,4.32,116.8,12.7,-12.7,0.011302,0.858,7.25,5934,4.444,14.84,0,0,0,0,1,299.34955,43.8503,15,OK,lightkurve,,4,"SPOC,TESS-SPOC","81,82",1.0222861,,119.40301,12.983033,3534.0393,3534.0393,734,128.56534,0,,450.49601,20,1.8490843,0.91585239,1316.9899,2477.9303,False,OK,PDCSAP_FLUX,SPOC,1316.9899,1437.9937,analytic,1439.7621,71.338705,OK,2,2,SPOC/PDCSAP_FLUX=1317ppm;TESS-SPOC/PDCSAP_FLUX=1527ppm,6,2,2,"81,82",SPOC,120,False,False,27872.377,58.557188,0.020189369,0.7628077,2,,10.029788,12.058599,0.83175402,0.83175402,linear,11.029788,0.91585239,0.08303445,12.058599,60.292995,1.8278061e+28,OK,0.83175402,OK,SAP_FLUX,SPOC,622.17699,460.57847,analytic,462.13865,37.942147,OK,2,2,SPOC/SAP_FLUX=622ppm;TESS-SPOC/SAP_FLUX=511ppm,6,2,2,"81,82",SPOC,120,False,False,8263.509,71.319096,0.077290156,0.5444423,2,,4.2107311,3.8722602,1.0874091,1.0874091,linear,5.2107311,1.3508599,0.25924575,3.8722602,19.361301,3.0585915e+10,OK,1.0874091,BACKGROUND_TEST_AGREES,2,"SPOC,TESS-SPOC",-851.34025,1081.4937,-0.78718925,-0.59873436,PDC_DEEPER_THAN_SAP,0.041130947,9.2704416,3.8572379,2.1459355,0.89287914,-851.72012,1.0243454,4282,OK,False,2.1459355,1.0899398,1.5841564,,fixed_b,not_measurable,not_measurable,,False,,0,0,1,1,0.1,1437.9937,1143.5206,7,0.75427635,0,False,,0.054167996,1350.5611,1493.2385,1316.9899,1526.8096,1421.8998,209.81972,84,460.57847,266.9277,7,0.4313052,0,False,,0.060982884,528.43757,604.32186,510.58244,622.17699,566.37972,111.59455,84,0,3
K02504.01,Kepler-1685 b,8110767,272270869,tic_kic_crossid_over_name_planet,CONFIRMED,CANDIDATE,20.49041,144.41979,4.369,661.8,33.3,-33.3,0.023227,0.011,36.66,5681,4.524,15.93,0,0,0,0,1,296.18829,43.936852,15,QUERY_RETURNED_ZERO_ROWS,lightkurve,QUERY_RETURNED_ZERO_ROWS,0,,,0.96049622,,635.6564,31.984524,,,0,,0,,36,0,,,,,False,FLUX_COLUMN_NOT_PRESENT,,,,,,,,ENSEMBLE_NOT_ATTEMPTED,0,0,,0,0,0,,,,False,False,,,,,0,,,,,,,,,,,,,NO_USABLE_TRANSIT,,FLUX_COLUMN_NOT_PRESENT,,,,,,,,ENSEMBLE_NOT_ATTEMPTED,0,0,,0,0,0,,,,False,False,,,,,0,,,,,,,,,,,,,NO_USABLE_TRANSIT,,BACKGROUND_TEST_UNAVAILABLE,0,,,,,,,,,,,,,,0,too_few_points,False,,,,,inconclusive,not_measured,not_measured,,False,,0,0,1,1,0,,,0,,0,False,,,,,,,,,84,,,0,,0,False,,,,,,,,,84,0,3
K06970.01,,8115647,273238577,tic_kic_crossid,CANDIDATE,CANDIDATE,40.769854,158.86363,2.997,239.8,39.1,-39.1,0.014137,0.202,103.3,5884,4.306,14.908,0,0,0,0,1,297.46857,43.98201,15,OK,lightkurve,,4,"SPOC,TESS-SPOC","81,82",0.96491954,,231.38771,37.728354,3536.5638,3536.5638,136,122.05445,0,,411.11834,26,2.0507066,-0.12943683,-472.62317,6953.0738,False,OK,PDCSAP_FLUX,SPOC,-472.62317,3651.381,analytic,3651.381,,TOO_FEW_MEMBERS,2,0,SPOC/PDCSAP_FLUX=OK;TESS-SPOC/PDCSAP_FLUX=OK,1,2,1,"81,82",SPOC,120,False,False,23772.637,,,,2,,-3.0425595,15.78128,-0.19279548,-0.19279548,linear,-2.0425595,-0.12943683,0.063369916,15.78128,78.906401,4.2949176e+36,OK,-0.19279548,OK,SAP_FLUX,SPOC,77.510016,1021.5111,analytic,1021.5111,,TOO_FEW_MEMBERS,2,1,SPOC/SAP_FLUX=78ppm;TESS-SPOC/SAP_FLUX=OK,1,2,1,"81,82",SPOC,120,False,False,6650.6377,,,,2,,-0.66502103,4.4180093,-0.15052504,-0.15052504,linear,0.33497897,0.075877803,0.22651512,4.4180093,22.090047,9.0766509e+11,OK,-0.15052504,BACKGROUND_TEST_UNAVAILABLE,0,,,,,,,0.02,2.7345933,3.14685,0.91244354,1.05,1198.6437,1.2303464,449,OK,True,0.91244354,,,0.45407725,inconclusive,not_measurable,not_measurable,,False,,0,0,1,1,0.1,3651.381,,1,0,2,True,OK:2,,,,,,,,84,1021.5111,,1,0,1,True,OK:1,,,,,,,,84,0,3
K03298.01,Kepler-1460 b,8151055,352011765,tic_kic_crossid_over_name_planet,CONFIRMED,CANDIDATE,29.963282,149.94353,2.6,893.2,58.3,-58.3,0.032143,0.855,51,4463,4.623,15.947,0,0,0,0,1,285.5578,44.010792,15,OK,lightkurve,,6,"SPOC,TESS-SPOC","80,81,82",1.0374894,,926.68551,60.485631,3526.1507,3526.1507,185,53.787571,0,,200.36271,15,1.3213082,-0.31686885,-1524.8087,5537.2761,False,OK,PDCSAP_FLUX,SPOC,-1524.8087,4812.1132,analytic,4812.1132,,TOO_FEW_MEMBERS,2,0,SPOC/PDCSAP_FLUX=OK;TESS-SPOC/PDCSAP_FLUX=OK,2,3,2,"80,81,82",SPOC,120,False,False,41459.61,,,0.24777164,3,,-2.6454436,5.1934732,-0.5093785,-0.5093785,linear,-1.6454436,-0.31686885,0.19257351,5.1934732,25.967366,1.7555617e+14,OK,-0.5093785,OK,SAP_FLUX,SPOC,-1071.2338,1522.8694,analytic,1522.8694,,TOO_FEW_MEMBERS,2,0,SPOC/SAP_FLUX=OK;TESS-SPOC/SAP_FLUX=OK,2,3,2,"80,81,82",SPOC,120,False,False,13066.719,,,0.69900547,3,,-2.1559842,1.6454064,-1.310305,-1.310305,linear,-1.1559842,-0.70343117,0.60851278,1.6454064,8.2270322,3465540.1,OK,-1.310305,BACKGROUND_TEST_UNAVAILABLE,0,,,,,,,0.10776517,2.3009897,0.62124125,0.88499605,0.23893894,4069.9471,0.98555819,1015,OK,False,0.88499605,,,0.89637824,inconclusive,not_measurable,not_measurable,,False,,0,0,1,1,0.1,4812.1132,1675.1973,3,0.24777164,2,True,OK:2,,,,,,,,84,1522.8694,883.23265,3,0.69900547,2,True,OK:2,,,,,,,,84,0,3
K01015.01,Kepler-750 b,8158127,158931258,tic_kic_crossid_over_name_planet,CONFIRMED,CANDIDATE,9.4288988,140.1046,4.4481,565.4,12,-12,0.021623,0.011,16.554,5897,3.98,14.5,0,0,0,0,3,289.09689,44.004379,15,OK,lightkurve,,8,"SPOC,TESS-SPOC","74,75,80,81",0.96314246,,544.56075,11.55771,3366.4347,3366.3729,572,19.606402,-88.979792,4.5383029,125.54071,9,3.1146339,2.4975181,1742.9045,2160.6625,True,OK,PDCSAP_FLUX,SPOC,2160.6625,351.18262,bootstrap,352.69127,32.586863,OK,2,2,SPOC/PDCSAP_FLUX=2161ppm;TESS-SPOC/PDCSAP_FLUX=2065ppm,8,4,4,"74,75,80,81",SPOC,120,False,False,15602.678,-305.02963,0.21974993,0.02983434,4,,1.3781907,0.17203327,8.0111869,4.5661687,ln,3.9677162,6.1525325,1.5506484,0.64993573,3.2496786,13495.333,OK,8.0111869,OK,SAP_FLUX,SPOC,1597.3059,236.1827,bootstrap,238.67627,34.410653,OK,2,2,SPOC/SAP_FLUX=1597ppm;TESS-SPOC/SAP_FLUX=1496ppm,11,4,4,"74,75,80,81",SPOC,120,False,False,11754.089,-232.52495,0.24463394,0.035057155,4,,1.0760942,0.15899078,6.7682805,4.3772787,ln,2.9332006,6.7630097,2.3056758,0.44164439,2.208222,4410.6822,OK,6.7682805,BACKGROUND_TEST_AGREES,2,"SPOC,TESS-SPOC",-566.62065,264.80362,-2.1397768,-0.26819225,PDC_DEEPER_THAN_SAP,0.02116785,3.8181344,0.32958141,0.85837422,0.074094875,1504.9203,0.95158593,4961,OK,False,0.85837422,1.0210242,-1.7246951,0.52420224,fixed_b,not_measurable,not_measurable,,False,,0,0,1,1,0.1,693.71314,351.18262,9,0.25831336,0,False,,0.015081885,2080.1538,2145.3275,2064.8188,2160.6625,2112.7406,95.843716,84,474.86094,236.1827,11,0.24484645,0,False,,0.021542932,1512.2914,1581.1127,1496.0981,1597.3059,1546.702,101.2078,84,-0.061791523,3
K01015.02,Kepler-750 c,8158127,158931258,tic_kic_crossid_over_name_planet,CONFIRMED,CANDIDATE,4.088973,135.76402,3.585,157.9,9.3,-9.3,0.011602,0.374,8.21,5897,3.98,14.5,0,0,0,0,3,289.09689,44.004379,15,OK,lightkurve,,8,"SPOC,TESS-SPOC","74,75,80,81",0.96967046,,153.11097,9.0179352,3366.2084,3366.2084,1320,41.532923,0,,178.37377,11,1.3372577,-0.67591974,-293.27248,574.74009,False,OK,PDCSAP_FLUX,SPOC,-293.27248,567.17757,bootstrap,567.17757,,TOO_FEW_MEMBERS,2,0,SPOC/PDCSAP_FLUX=OK;TESS-SPOC/PDCSAP_FLUX=OK,24,4,4,"74,75,80,81",SPOC,120,False,False,15075.352,-362.09841,0.33021302,0.90779014,4,,-2.9154244,3.7051619,-0.7868548,-0.7868548,linear,-1.9154244,-0.51707348,0.26995243,3.7051619,18.525809,1.7008386e+10,OK,-0.7868548,OK,SAP_FLUX,SPOC,-396.77261,377.58661,bootstrap,377.58661,,TOO_FEW_MEMBERS,2,0,SPOC/SAP_FLUX=OK;TESS-SPOC/SAP_FLUX=OK,27,4,4,"74,75,80,81",SPOC,120,False,False,10871.955,-865.45784,1.1538392,0.98016623,4,,-3.5914056,2.4673077,-1.455597,-1.455597,linear,-2.5914056,-1.0508122,0.40549892,2.4673077,12.336539,34889521,OK,-1.455597,BACKGROUND_TEST_UNAVAILABLE,0,,,,,,,0.02,8.9625,3.6710769,2.5,1.0240103,248.57279,1.0252622,11448,OK,True,2.5,,,,inconclusive,not_measurable,not_measurable,,False,,0,0,1,1,0.2,433.88655,567.17757,26,1.987549,2,True,OK:2,,,,,,,,84,297.00702,377.58661,27,1.7653723,2,True,OK:2,,,,,,,,84,0,3
K01015.03,,8158127,158931258,tic_kic_crossid_over_name_planet,CANDIDATE,CANDIDATE,16.997289,143.87301,2.585,225,22.9,-22.9,0.015447,0.825,29.8,5897,3.98,14.5,0,0,0,0,3,289.09689,44.004379,15,OK,lightkurve,,8,"SPOC,TESS-SPOC","74,75,80,81",1.013651,,228.07148,23.212609,3365.0136,3365.0136,317,59.256571,0,,216.54471,18,2.3512507,1.0982186,1408.0919,2795.5125,False,OK,PDCSAP_FLUX,SPOC,1408.0919,1282.1599,analytic,1284.3553,75.063763,OK,2,2,SPOC/PDCSAP_FLUX=1408ppm;TESS-SPOC/PDCSAP_FLUX=1629ppm,5,4,3,"74,75,80,81",SPOC,120,False,False,17589.338,-558.83463,0.21669722,1.1220574,4,,5.173906,5.6325134,0.91857855,0.91857855,linear,6.173906,1.0982186,0.17788069,5.6325134,28.162567,3.8807747e+14,OK,0.91857855,OK,SAP_FLUX,SPOC,1172.7774,742.43357,analytic,743.53001,40.364111,OK,2,2,SPOC/SAP_FLUX=1173ppm;TESS-SPOC/SAP_FLUX=1291ppm,7,4,4,"74,75,80,81",SPOC,120,False,False,11531.393,133.26389,0.087941432,0.63189816,4,,4.1421485,3.2620459,1.2698008,1.2698008,linear,5.1421485,1.5796396,0.30719447,3.2620459,16.31023,2.7638453e+09,OK,1.2698008,BACKGROUND_TEST_AGREES,2,"SPOC,TESS-SPOC",-289.0984,1018.9764,-0.28371452,-0.19038673,PDC_DEEPER_THAN_SAP,0.0462053,1.5857177,2.4622414,0.61343045,0.95251117,3918.4863,1.0579031,1939,OK,True,0.61343045,1.0650858,-0.35466664,0.94828143,fixed_b,not_measurable,not_measurable,,False,,0,0,1,1,0.2,1282.1599,961.91995,5,0.77628607,0,False,,0.053308852,1443.416,1593.5435,1408.0919,1628.8677,1518.4798,220.77577,84,742.43357,611.55464,7,0.82186541,0,False,,0.034417537,1191.7723,1272.5005,1172.7774,1291.4954,1232.1364,118.71797,84,0,3
K01746.01,Kepler-946 b,8197343,185057567,tic_kic_crossid_over_name_planet,CONFIRMED,CANDIDATE,11.791612,134.54064,3.036,415.4,22.6,-22.6,0.018403,0.034,30.2,5619,4.264,14.941,0,0,0,0,1,300.9296,44.02879,15,OK,lightkurve,,4,"SPOC,TESS-SPOC","81,82",0.95925136,,398.47302,21.679081,3533.1815,3533.1815,472,36.818847,0,,155.99654,14,0.68572024,0.076924546,239.20912,2114.2919,False,OK,PDCSAP_FLUX,SPOC,239.20912,3109.6592,analytic,3109.6592,,TOO_FEW_MEMBERS,2,1,SPOC/PDCSAP_FLUX=239ppm;TESS-SPOC/PDCSAP_FLUX=OK,4,2,2,"81,82",SPOC,120,False,False,42017.772,859.34382,0.13763402,1.8250324,2,,-0.39968552,7.804289,-0.051213573,-0.051213573,linear,0.60031448,0.076924546,0.12814041,7.804289,39.021445,3.5253089e+19,OK,-0.051213573,OK,SAP_FLUX,SPOC,-76.440835,930.016,analytic,930.016,,TOO_FEW_MEMBERS,2,0,SPOC/SAP_FLUX=OK;TESS-SPOC/SAP_FLUX=OK,4,2,2,"81,82",SPOC,120,False,False,12677.374,211.96284,0.11376448,2.1213408,2,,-1.1918344,2.3351191,-0.51039555,-0.51039555,linear,-0.19183441,-0.082193032,0.42845824,2.3351191,11.675596,46885873,OK,-0.51039555,BACKGROUND_TEST_UNAVAILABLE,0,,,,,,,0.02,5.5923598,2.8918239,1.8420157,0.95251117,-1882.6159,0.96099639,1815,OK,True,1.8420157,0.99592444,1.1808227,,fixed_b,not_measurable,not_measurable,,False,,0,0,1,1,0.1,3109.6592,2182.5499,5,0.65978185,1,True,OK:1,,,,,,,,84,930.016,779.89859,5,0.94029669,2,True,OK:2,,,,,,,,84,0,3
K00908.01,Kepler-720 b,8255887,268159158,tic_kic_crossid_over_name_planet,CONFIRMED,CANDIDATE,4.7083265,171.44651,3.16114,7912.7,14.4,-14.4,0.080242,0.061,12.288,5560,4.246,15.113,0,0,0,0,1,298.63565,44.17094,15,OK,lightkurve,,14,"SPOC,TESS-SPOC","41,54,55,74,75,81,82",0.95814604,,7581.5222,13.797303,3338.9804,3338.9804,1133,1.2036874,0,0,51.028162,10,12.948842,12.948842,9344.9309,9344.9309,True,OK,PDCSAP_FLUX,SPOC,9344.9309,759.80084,bootstrap,885.96598,455.67356,OK,2,2,SPOC/PDCSAP_FLUX=9345ppm;TESS-SPOC/PDCSAP_FLUX=10685ppm,39,7,7,"41,54,55,74,75,81,82",SPOC,120,False,False,30664.253,1732.8929,1.1629665,0.9456086,7,,0.20912006,0.10719936,1.9507586,1.8297262,ln,1.232593,12.299185,9.9783018,0.12711901,0.63559503,6733.4934,OK,1.9507586,OK,SAP_FLUX,SPOC,3972.5378,381.3575,bootstrap,381.99709,22.096028,OK,2,2,SPOC/SAP_FLUX=3973ppm;TESS-SPOC/SAP_FLUX=4038ppm,39,7,7,"41,54,55,74,75,81,82",SPOC,120,False,False,14361.871,394.17329,0.52059125,3.2041598,7,sector_scatter,-0.64630885,0.1083972,-5.9624126,-6.7039024,ln,0.52397628,10.416834,19.880354,0.071006958,0.35503479,3231.4742,OK,-5.9624126,BACKGROUND_TEST_DISAGREES,2,"SPOC,TESS-SPOC",-6001.5641,605.10369,-9.9182408,-0.59925519,PDC_DEEPER_THAN_SAP,0.074539934,3.0660488,0.046115365,0.9699187,0.014588207,8452.7615,1.0098149,17749,OK,False,0.9699187,1.008235,-0.74166379,0.26953604,fixed_b,shallower_tess,shallower_tess,,False,pdc_deeper_than_sap,0,0,1,1,0.3,721.68083,759.80084,40,1.3056234,0,False,,0.048761576,9559.3656,10470.713,9344.9309,10685.147,10015.039,1340.2164,84,331.54157,381.3575,40,1.359436,0,False,,0.0055621945,3982.9359,4027.128,3972.5378,4037.5261,4005.032,64.988318,84,0,3
K01151.01,Kepler-271 b,8280511,164414655,tic_kic_crossid_over_name_planet,CONFIRMED,CANDIDATE,10.43547,134.82462,3.4167,210.2,6,-6,0.013143,0.174,23.3,5528,4.499,13.404,0,0,0,0,5,283.00296,44.284229,15,OK,lightkurve,,25,"QLP,SPOC,TESS-SPOC","14,26,40,41,53,54,55,74,75,80,81",0.95887348,,201.5552,5.7532409,3321.2207,3321.2207,513,20.109251,0,,111.57825,9,0.94995922,-0.34666988,-62.34361,173.57862,False,OK,PDCSAP_FLUX,QLP,-62.34361,488.38519,bootstrap,620.36866,382.54042,OK,4,3,SPOC/PDCSAP_FLUX=197ppm;TESS-SPOC/PDCSAP_FLUX=136ppm;QLP/KSPSAP_FLUX=1261ppm;QLP/DET_FLUX=OK,24,11,11,"40,41,53,54,74,75,81,14,26,55,80","QLP,SPOC","120,1800,200,600",False,False,5569.067,860.67139,0.80063727,55.968031,14,sector_scatter,-1.3093128,3.0784478,-0.42531591,-0.42531591,linear,-0.30931282,-0.12765254,0.41269721,3.0784478,15.392239,9.7534533e+08,OK,-0.42531591,OK,SAP_FLUX,QLP,94.97044,341.92459,bootstrap,378.27407,161.79877,OK,3,3,SPOC/SAP_FLUX=151ppm;TESS-SPOC/SAP_FLUX=145ppm;QLP/SAP_FLUX=620ppm,26,11,11,"40,41,53,54,74,75,81,14,26,55,80","QLP,SPOC","120,1800,200,600",False,False,5114.0231,398.85283,0.5765789,37.336185,14,sector_scatter,-0.52881177,1.8776594,-0.28163349,-0.28163349,linear,0.47118823,0.27775258,0.58947267,1.8776594,9.3882969,2407926.4,OK,-0.28163349,BACKGROUND_TEST_AGREES,2,"SPOC,TESS-SPOC",-24.427158,153.8677,-0.15875429,-0.1468464,PDC_DEEPER_THAN_SAP,0.02,8.54175,0.60486601,2.5,0.17703223,-313.98704,1.4452591,9094,OK,True,2.5,,,,inconclusive,not_measurable,not_measurable,,False,,0,0,1,1,0.3,179.83567,488.38519,25,25.822573,1,True,OK:1,1.940841,155.27302,920.35385,135.58958,1260.7084,197.10034,1063.6081,84,162.86951,341.92459,27,15.569292,0,False,,1.7036751,146.73406,470.3316,144.51708,620.39582,151.44514,525.42538,84,0,3
K01151.02,Kepler-271 c,8280511,164414655,tic_kic_crossid_over_name_planet,CONFIRMED,CANDIDATE,7.4108431,135.75425,3.245,124.1,5.2,-5.2,0.010073,0.064,17.6,5528,4.499,13.404,0,0,0,0,5,283.00296,44.284229,15,OK,lightkurve,,25,"QLP,SPOC,TESS-SPOC","14,26,40,41,53,54,55,74,75,80,81",0.95749575,,118.82522,4.9789779,3319.383,3319.383,722,32.585792,0,,146.43238,14,2.5523628,0.81724072,132.74506,411.40096,False,OK,PDCSAP_FLUX,QLP,132.74506,260.99947,bootstrap,261.86247,21.242161,OK,4,2,SPOC/PDCSAP_FLUX=443ppm;TESS-SPOC/PDCSAP_FLUX=506ppm;QLP/KSPSAP_FLUX=OK;QLP/DET_FLUX=OK,33,11,11,"40,41,53,54,74,75,81,14,26,55,80","QLP,SPOC","120,1800,200,600",False,False,5871.0128,-284.47184,0.48189513,6.2201965,14,sector_scatter,0.11714548,2.2047271,0.053133781,0.053133781,linear,1.1171455,0.50860279,0.45526997,2.2047271,11.023635,7284596.7,OK,0.053133781,OK,SAP_FLUX,QLP,34.190126,305.9576,bootstrap,307.73774,33.052456,OK,3,2,SPOC/SAP_FLUX=394ppm;TESS-SPOC/SAP_FLUX=491ppm;QLP/SAP_FLUX=OK,34,11,11,"40,41,53,54,74,75,81,14,26,55,80","QLP,SPOC","120,1800,200,600",False,False,5382.4625,-521.40192,0.80213191,17.405713,14,sector_scatter,-0.71226542,2.5906567,-0.27493624,-0.27493624,linear,0.28773458,0.11174792,0.38837153,2.5906567,12.953283,50170347,OK,-0.27493624,BACKGROUND_TEST_AGREES,2,"SPOC,TESS-SPOC",-35.719825,192.90021,-0.18517256,-0.075278848,PDC_DEEPER_THAN_SAP,0.02,1.3797615,0.086952243,0.42519615,0.026795761,676.34625,1.2460075,11734,OK,False,0.42519615,1.0005709,-9.9780017,0.91462323,tracks_b,not_measurable,not_measurable,,False,,0,0,1,1,0.4,162.4308,260.99947,37,6.9480371,2,True,OK:2,0.16002223,453.25799,495.74231,443.26168,505.73862,474.50015,372.99356,84,153.85484,305.9576,37,15.726629,1,True,OK:1,0.9667252,409.25407,475.35899,393.69998,490.91308,442.30653,456.72296,84,0,3
K01151.03,Kepler-271 d,8280511,164414655,tic_kic_crossid_over_name_planet,CONFIRMED,CANDIDATE,5.2497043,135.46911,2.746,61.9,5,-5,0.007159,0.248,14.27,5528,4.499,13.404,0,0,0,0,5,283.00296,44.284229,15,OK,lightkurve,,25,"QLP,SPOC,TESS-SPOC","14,26,40,41,53,54,55,74,75,80,81",0.96056441,,59.458937,4.8028221,3323.1675,3323.1675,1020,51.064034,0,,194.3821,16,2.9134795,-1.2154754,-175.45083,381.22837,False,OK,PDCSAP_FLUX,QLP,-175.45083,251.96049,bootstrap,304.66141,171.27314,OK,4,2,SPOC/PDCSAP_FLUX=OK;TESS-SPOC/PDCSAP_FLUX=202ppm;QLP/KSPSAP_FLUX=OK;QLP/DET_FLUX=706ppm,50,11,11,"40,41,53,54,74,75,81,14,26,55,80","QLP,SPOC","120,1800,200,600",False,False,5619.7447,323.42466,0.59710399,1.5906793,14,,-3.95079,5.1247766,-0.77091946,-0.77091946,linear,-2.95079,-0.69634266,0.23598517,5.1247766,25.623883,7.9896555e+12,OK,-0.77091946,OK,SAP_FLUX,QLP,84.809879,263.86976,bootstrap,282.64369,101.29265,OK,3,3,SPOC/SAP_FLUX=62ppm;TESS-SPOC/SAP_FLUX=226ppm;QLP/SAP_FLUX=360ppm,53,11,11,"40,41,53,54,74,75,81,14,26,55,80","QLP,SPOC","120,1800,200,600",False,False,5310.2044,518.52878,0.90304965,3.6538927,14,sector_scatter,0.4263605,4.7545438,0.089674323,0.089674323,linear,1.4263605,0.3214081,0.22533441,4.7545438,23.772719,1.2548097e+12,OK,0.089674323,BACKGROUND_TEST_AGREES,1,TESS-SPOC,23.813329,282.65642,0.084248323,0.11778596,SAP_DEEPER_THAN_PDC,0.02,6.0754979,0.90341238,2.2124901,0.32899213,-253.87564,3.1292388,13651,OK,True,2.2124901,,,,inconclusive,not_measurable,not_measurable,,False,,0,0,1,1,0.5,144.3475,251.96049,54,19.1106,2,True,OK:2,0.37721467,282.77372,625.32,202.1746,705.91912,454.04686,251.87226,84,138.20206,263.86976,56,30.288466,0,False,,1.1943497,114.45856,317.04387,61.974154,359.89373,225.98793,275.08385,84,0,3
K01151.04,,8280511,164414655,tic_kic_crossid_over_name_planet,CANDIDATE,CANDIDATE,17.453294,146.66244,4.027,79.3,7,-7,0.008165,0.357,31.2,5528,4.499,13.404,0,0,0,0,5,283.00296,44.284229,15,OK,lightkurve,,25,"QLP,SPOC,TESS-SPOC","14,26,40,41,53,54,55,74,75,80,81",0.9643223,,76.470759,6.7502561,3320.3704,3320.3704,306,67.405432,0,,262.6213,16,1.0848113,0.34633114,77.351376,231.49058,False,OK,PDCSAP_FLUX,QLP,77.351376,226.99199,bootstrap,394.48096,322.62961,OK,4,3,SPOC/PDCSAP_FLUX=34ppm;TESS-SPOC/PDCSAP_FLUX=OK;QLP/KSPSAP_FLUX=982ppm;QLP/DET_FLUX=170ppm,14,11,10,"40,41,53,54,74,75,81,14,26,55,80","QLP,SPOC","120,1800,200,600",False,False,5675.4301,311.96419,0.69825702,1.3859534,14,,0.011515736,5.1595831,0.002231912,0.002231912,linear,1.0115157,0.34076699,0.33688748,5.1595831,25.797916,1.2228912e+13,OK,0.002231912,OK,SAP_FLUX,QLP,334.60581,293.45798,bootstrap,381.7742,244.20064,OK,3,3,SPOC/SAP_FLUX=208ppm;TESS-SPOC/SAP_FLUX=53ppm;QLP/SAP_FLUX=771ppm,15,11,10,"40,41,53,54,74,75,81,14,26,55,80","QLP,SPOC","120,1800,200,600",False,False,5254.8116,804.02949,1.6128931,8.0413916,14,sector_scatter,3.3756046,4.9934514,0.67600631,0.67600631,linear,4.3756046,1.1402171,0.26058504,4.9934514,24.967257,5.3288971e+12,OK,0.67600631,BACKGROUND_TEST_AGREES,1,SPOC,174.24491,362.76789,0.48032067,5.1912362,SAP_DEEPER_THAN_PDC,0.02,9.1860253,4.0769283,2.2811088,1.0123984,192.17361,1.3600028,6602,OK,True,2.2811088,1.0000532,1.8341979,,fixed_b,not_measurable,not_measurable,,False,,0,0,1,1,0.3,223.34513,226.99199,16,1.0618631,1,True,OK:1,4.1709615,77.21595,722.47517,33.565206,982.47582,169.97378,905.12445,84,199.54996,293.45798,16,5.5459006,0,False,,0.72981591,102.36823,590.76951,52.748512,770.98569,207.81012,436.37989,84,0,3
K01151.05,,8280511,164414655,tic_kic_crossid_over_name_planet,CANDIDATE,CANDIDATE,21.720336,134.7659,4.252,87.8,8.1,-8.1,0.00856,0.311,37.4,5528,4.499,13.404,0,0,0,0,5,283.00296,44.284229,15,OK,lightkurve,,25,"QLP,SPOC,TESS-SPOC","14,26,40,41,53,54,55,74,75,80,81",0.96253798,,84.510835,7.7965577,3310.9686,3310.88,246,110.92042,-127.58551,1.1502436,396.54127,20,10.959141,0.13363907,31.169412,2460.5651,True,OK,PDCSAP_FLUX,QLP,2460.5651,1819.6045,bootstrap,2400.4005,1565.5549,OK,4,4,SPOC/PDCSAP_FLUX=688ppm;TESS-SPOC/PDCSAP_FLUX=506ppm;QLP/KSPSAP_FLUX=5494ppm;QLP/DET_FLUX=1808ppm,12,11,11,"40,41,53,54,74,75,81,14,26,55,80","QLP,SPOC","120,1800,200,600",False,False,5595.0168,3867.0273,8.4810581,95.324282,14,odd_even_significant;sector_scatter,28.11538,28.403658,0.98985065,0.98985065,linear,29.11538,1.3522527,0.046444618,28.403658,142.01829,4.0241392e+63,OK,0.98985065,OK,SAP_FLUX,QLP,512.35521,253.64046,bootstrap,255.7484,32.768321,OK,3,3,SPOC/SAP_FLUX=613ppm;TESS-SPOC/SAP_FLUX=517ppm;QLP/SAP_FLUX=584ppm,13,11,11,"40,41,53,54,74,75,81,14,26,55,80","QLP,SPOC","120,1800,200,600",False,False,5229.3257,-342.18195,0.67538705,1.602872,14,,1.8021384,0.51007254,3.5331022,1.6719065,ln,6.0625979,2.0200059,0.33319146,3.028039,15.140195,3.1784497e+08,OK,3.5331022,BACKGROUND_TEST_AGREES,2,"SPOC,TESS-SPOC",-26.838491,259.53351,-0.1034105,-0.044963331,PDC_DEEPER_THAN_SAP,0.02,2.2389029,0.22514903,0.52655288,0.052951325,1344.5943,1.6450588,5552,OK,False,0.52655288,1.0411616,-4.798507,0.87291754,tracks_b,not_measurable,not_measurable,,False,,0,0,1,1,0.3,224.52171,1819.6045,14,86.712576,0,False,,0.63625828,593.27204,3724.3818,506.2658,5493.6855,1247.5825,3033.1204,84,205.49781,253.64046,15,1.4895833,0,False,,0.063956256,538.25099,603.78763,516.95677,613.33418,583.5012,100.97897,84,-0.08860105,3
K05500.01,,8295087,159305028,tic_kic_crossid,CANDIDATE,CANDIDATE,84.934357,157.8966,3.169,129.7,45.1,-45.1,0.010518,0.1612,204,6290,4.156,13.67,0,0,0,0,1,290.15518,44.254017,15,OK,lightkurve,,18,"QLP,SPOC,TESS-SPOC","14,15,40,41,54,55,74,75,81,82",0.96689764,,125.40662,43.607083,3341.7611,3341.464,63,301.27257,-427.83401,1.4200895,864,44,5.0954465,-0.45294893,-354.39869,3149.0669,True,OK,PDCSAP_FLUX,QLP,3149.0669,618.01589,analytic,1812.1624,1703.5225,OK,4,3,SPOC/PDCSAP_FLUX=1597ppm;TESS-SPOC/PDCSAP_FLUX=1833ppm;QLP/KSPSAP_FLUX=6608ppm;QLP/DET_FLUX=OK,4,10,4,"74,75,81,82,14,15,40,41,54,55","QLP,SPOC","120,1800,600",False,False,4993.6784,5010.3602,3.7484973,6.0041416,8,odd_even_significant;sector_scatter,3.2233,0.67421611,4.7808113,1.6680443,ln,25.11085,5.0954465,0.20291812,14.454562,72.272809,3.0619827e+33,OK,4.7808113,OK,SAP_FLUX,QLP,1195.7806,416.42481,analytic,899.96057,797.82166,OK,3,3,SPOC/SAP_FLUX=470ppm;TESS-SPOC/SAP_FLUX=513ppm;QLP/SAP_FLUX=2817ppm,4,10,4,"74,75,81,82,14,15,40,41,54,55","QLP,SPOC","120,1800,600",False,False,4018.9894,5657.3808,4.5432291,7.404223,8,odd_even_significant;sector_scatter,2.254993,0.83056611,2.7150072,1.187934,ln,9.5352267,2.8715402,0.3011507,7.1849335,35.924667,5.0142424e+17,OK,2.7150072,BACKGROUND_TEST_AGREES,2,"SPOC,TESS-SPOC",-1205.389,668.18922,-1.8039635,-0.70287148,PDC_DEEPER_THAN_SAP,0.02,5.6617529,0.45302472,1.7866055,0.1429551,1657.2609,1.0575167,600,OK,False,1.7866055,1.0428175,2.1377141,,fixed_b,not_measurable,not_measurable,,False,,0,0,1,1,0.3,618.01589,1502.1867,4,6.0041416,1,True,OK:1,0.54096103,1672.6242,5079.6691,1597.3795,6607.7397,1832.5191,3458.6728,84,416.42481,1329.8504,4,7.404223,0,False,,0.66719737,483.8253,2079.4686,469.98185,2816.5162,513.24262,1620.7356,84,-0.29710695,3
K04390.01,,8330207,185058382,tic_kic_crossid,CANDIDATE,CANDIDATE,1.6366826,131.64586,1.907,921.7,88.6,-88.6,0.254701,1.22,2.29,5234,3.436,16.494,0,0,0,0,1,300.92484,44.24968,15,QUERY_RETURNED_ZERO_ROWS,lightkurve,QUERY_RETURNED_ZERO_ROWS,0,,,1.3176292,,1214.4588,116.74195,,,0,,0,,36,0,,,,,False,FLUX_COLUMN_NOT_PRESENT,,,,,,,,ENSEMBLE_NOT_ATTEMPTED,0,0,,0,0,0,,,,False,False,,,,,0,,,,,,,,,,,,,NO_USABLE_TRANSIT,,FLUX_COLUMN_NOT_PRESENT,,,,,,,,ENSEMBLE_NOT_ATTEMPTED,0,0,,0,0,0,,,,False,False,,,,,0,,,,,,,,,,,,,NO_USABLE_TRANSIT,,BACKGROUND_TEST_UNAVAILABLE,0,,,,,,,,,,,,,,0,too_few_points,False,,,,,inconclusive,not_measured,not_measured,,False,,0,0,1,1,0,,,0,,0,False,,,,,,,,,84,,,0,,0,False,,,,,,,,,84,0,3
K07884.01,,8391983,269265780,tic_kic_crossid,CANDIDATE,CANDIDATE,0.70965042,131.97695,1.318,223.4,31,-31,0.013629,0.145,4.17,5618,4.373,15.444,0,0,0,0,1,299.77228,44.363022,15,OK,lightkurve,,4,"SPOC,TESS-SPOC","41,81",0.9602143,,214.51187,29.766643,3509.4757,3509.4986,7813,398.92159,32.944728,0.08258447,306.56898,38,4.0562103,0.53667515,673.56588,5005.4739,True,OK,PDCSAP_FLUX,SPOC,5005.4739,1327.4251,bootstrap,1331.3571,102.24759,OK,2,2,SPOC/PDCSAP_FLUX=5005ppm;TESS-SPOC/PDCSAP_FLUX=5306ppm,67,2,2,"41,81",SPOC,120,False,False,43343.084,-3996.5069,1.5311528,0.049699846,2,,3.1499223,0.30413991,10.35682,3.5975393,ln,23.334251,3.7708147,0.16159999,6.2082021,31.04101,6.4921841e+15,OK,10.35682,OK,SAP_FLUX,SPOC,1588.6982,433.99801,bootstrap,435.86787,40.330227,OK,2,2,SPOC/SAP_FLUX=1589ppm;TESS-SPOC/SAP_FLUX=1707ppm,73,2,2,"41,81",SPOC,120,False,False,15055.286,-1149.3967,1.2974113,0.12044445,2,,2.0023051,0.31149071,6.4281377,3.1444851,ln,7.4061086,3.6606118,0.49426926,2.037252,10.18626,5692086.4,OK,6.4281377,BACKGROUND_TEST_DISAGREES,2,"SPOC,TESS-SPOC",-3499.9694,1029.2717,-3.400433,-0.67883618,PDC_DEEPER_THAN_SAP,0.02,0.80850133,0.15656228,0.61343045,0.11878777,4234.5545,1.0348678,13204,OK,False,0.61343045,1.0537027,-2.1353063,0.80543869,fixed_b,not_measurable,not_measurable,,False,,0,0,1,1,0.7,1234.0272,1327.4251,69,1.1418724,0,False,,0.020427154,5053.5904,5258.0856,5005.4739,5306.2021,5155.838,300.7282,84,404.40582,433.99801,74,1.1624901,0,False,,0.025385707,1607.6772,1688.3376,1588.6982,1707.3165,1648.0074,118.61831,84,0.022878283,3
K03404.01,Kepler-1489 b,8409295,123312978,tic_kic_crossid_over_name_planet,CONFIRMED,CANDIDATE,82.292865,212.0314,7.048,371.1,32.3,-32.3,0.017445,0.195,89.1,5626,4.467,14.828,0,0,0,0,1,281.29581,44.465401,15,OK,lightkurve,NO_USABLE_TRANSIT,2,"SPOC,TESS-SPOC",74,0.9612296,,356.71231,31.047716,3311.7748,3311.7748,64,114.29936,0,,448.61808,10,,,,,False,NO_USABLE_TRANSIT,PDCSAP_FLUX,SPOC,,,none,,,TOO_FEW_MEMBERS,2,0,SPOC/PDCSAP_FLUX=NO_USABLE_TRANSIT;TESS-SPOC/PDCSAP_FLUX=NO_USABLE_TRANSIT,0,1,0,74,SPOC,120,False,False,,,,,1,,,,,,,,,,,,,NO_USABLE_TRANSIT,,NO_USABLE_TRANSIT,SAP_FLUX,SPOC,,,none,,,TOO_FEW_MEMBERS,2,0,SPOC/SAP_FLUX=NO_USABLE_TRANSIT;TESS-SPOC/SAP_FLUX=NO_USABLE_TRANSIT,0,1,0,74,SPOC,120,False,False,,,,,1,,,,,,,,,,,,,NO_USABLE_TRANSIT,,BACKGROUND_TEST_UNAVAILABLE,0,,,,,,,0.02,,,,,,,0,too_few_points,False,,,,,inconclusive,not_measured,not_measured,,False,,0,0,1,1,0,,,0,,2,True,NO_USABLE_TRANSIT:2,,,,,,,,84,,,0,,2,True,NO_USABLE_TRANSIT:2,,,,,,,,84,0,3
K02291.01,Kepler-1817 b,8410415,351804260,tic_kic_crossid_confirms_name_planet,CONFIRMED,CANDIDATE,44.299348,141.28194,4.298,797.9,38.7,-38.7,0.026848,0.614,64.8,5316,4.459,15.115,0,0,0,0,1,282.03329,44.478008,15,OK,lightkurve,,2,"SPOC,TESS-SPOC",74,0.98112753,,782.84166,37.969635,3334.503,3334.503,121,46.966024,0,,205.36807,11,1.9856815,0.88040812,2666.3462,6404.9248,False,OK,PDCSAP_FLUX,SPOC,2666.3462,3028.5343,analytic,3035.2528,201.84067,OK,2,2,SPOC/PDCSAP_FLUX=2666ppm;TESS-SPOC/PDCSAP_FLUX=2073ppm,1,1,1,74,SPOC,120,False,False,23707.175,,,,1,,2.405984,3.8778502,0.62044276,0.62044276,linear,3.405984,0.88040812,0.25848862,3.8778502,19.389251,2.0621419e+11,OK,0.62044276,OK,SAP_FLUX,SPOC,2295.7583,2548.6844,analytic,2557.1321,207.68343,OK,2,2,SPOC/SAP_FLUX=2296ppm;TESS-SPOC/SAP_FLUX=1685ppm,1,1,1,74,SPOC,120,False,False,19950.941,,,,1,,1.932596,3.267217,0.59151138,0.59151138,linear,2.932596,0.90076209,0.30715519,3.267217,16.336085,9.7352116e+09,OK,0.59151138,BACKGROUND_TEST_AGREES,2,"SPOC,TESS-SPOC",-379.08584,2814.2327,-0.13470309,-0.15998412,PDC_DEEPER_THAN_SAP,0.041341823,10.108276,0.61785872,2.3518557,0.14375494,4429.4957,0.91527477,644,OK,True,2.3518557,1.0342076,9.556967,,duration_inconsistent,not_measurable,not_measurable,,False,,0,0,1,1,0.1,3028.5343,,1,0,0,False,,0.075699347,2167.681,2571.3623,2072.6972,2666.3462,2369.5217,593.64902,84,2548.6844,,1,0,0,False,,0.090463979,1782.6581,2198.0249,1684.9247,2295.7583,1990.3415,610.83362,84,0,3
K04356.01,Kepler-1593 b,8459663,239306899,tic_kic_crossid_over_name_planet,CONFIRMED,CANDIDATE,174.51028,201.47056,6.689,1530,115,-115,0.035188,0.024,206.3,4367,4.822,15.873,0,0,0,0,1,300.48816,44.46067,15,QUERY_RETURNED_ZERO_ROWS,lightkurve,QUERY_RETURNED_ZERO_ROWS,0,,,0.94343923,,1443.462,108.49551,,,0,,0,,36,0,,,,,False,FLUX_COLUMN_NOT_PRESENT,,,,,,,,ENSEMBLE_NOT_ATTEMPTED,0,0,,0,0,0,,,,False,False,,,,,0,,,,,,,,,,,,,NO_USABLE_TRANSIT,,FLUX_COLUMN_NOT_PRESENT,,,,,,,,ENSEMBLE_NOT_ATTEMPTED,0,0,,0,0,0,,,,False,False,,,,,0,,,,,,,,,,,,,NO_USABLE_TRANSIT,,BACKGROUND_TEST_UNAVAILABLE,0,,,,,,,,,,,,,,0,too_few_points,False,,,,,inconclusive,not_measured,not_measured,,False,,0,0,1,1,0,,,0,,0,False,,,,,,,,,84,,,0,,0,False,,,,,,,,,84,0,3
K06180.01,,8494783,63001346,tic_kic_crossid,CANDIDATE,CANDIDATE,28.201998,146.99036,3.86,,,,,,,,,12.044,0,0,0,0,2,291.63733,44.56422,15,OK,lightkurve,,20,"QLP,SPOC,TESS-SPOC","15,40,41,54,74,75,81,82",0.96296296,teff_missing_default_used;logg_missing_4.5_used,,,3366.572,3366.572,191,0,0,,57.9,7,2.1377134,-0.27381401,-33.021341,214.89634,False,OK,PDCSAP_FLUX,QLP,-33.021341,147.73953,bootstrap,150.53889,28.896209,OK,4,2,SPOC/PDCSAP_FLUX=OK;TESS-SPOC/PDCSAP_FLUX=46ppm;QLP/KSPSAP_FLUX=131ppm;QLP/DET_FLUX=OK,8,8,8,"74,75,81,82,15,40,41,54","QLP,SPOC,TESS-SPOC","120,1800,600",False,False,1738.3216,65.505983,0.26850085,1.8852049,12,,,,,,,,,,,,,NO_REFERENCE_DEPTH,,OK,SAP_FLUX,QLP,45.514449,145.8665,bootstrap,145.8665,,TOO_FEW_MEMBERS,3,1,SPOC/SAP_FLUX=OK;TESS-SPOC/SAP_FLUX=95ppm;QLP/SAP_FLUX=OK,8,8,8,"74,75,81,82,15,40,41,54","QLP,SPOC,TESS-SPOC","120,1800,600",False,False,1656.1516,139.53724,0.60027826,1.851076,12,,,,,,,,,,,,,NO_REFERENCE_DEPTH,,BACKGROUND_TEST_AGREES,1,TESS-SPOC,49.53163,213.71389,0.23176607,1.0780809,SAP_DEEPER_THAN_PDC,0.15,9.65,4.053,2.5,1.05,-58.768533,0.98130141,2702,OK,True,2.5,,,,inconclusive,not_measured,not_measured,,False,,0,0,1,1,0.2,120.5977,147.73953,8,1.8852049,2,True,OK:2,0.32673721,59.542477,117.3349,45.944261,130.93311,88.438686,42.494426,84,113.86469,145.8665,8,1.851076,2,True,OK:2,,,,,,,,84,0,3
K06180.02,,8494783,63001346,tic_kic_crossid,CANDIDATE,CANDIDATE,58.92565,176.6709,14.56,44.7,7.4,-7.4,0.006219,0.0655,31.07,7282,3.961,12.044,0,0,0,0,2,291.63733,44.56422,15,OK,lightkurve,,20,"QLP,SPOC,TESS-SPOC","15,40,41,54,74,75,81,82",0.97189761,teff_clamped_to_grid,43.443823,7.1920423,3371.905,3371.905,91,2268.5194,0,,864,14,0.35897396,-0.56099756,-68.421489,44.203486,False,OK,PDCSAP_FLUX,QLP,-68.421489,121.96397,analytic,123.58081,19.925064,OK,4,2,SPOC/PDCSAP_FLUX=47ppm;TESS-SPOC/PDCSAP_FLUX=OK;QLP/KSPSAP_FLUX=OK;QLP/DET_FLUX=105ppm,3,8,3,"74,75,81,82,15,40,41,54","QLP,SPOC,TESS-SPOC","120,1800,600",False,False,1277.6891,228.77116,0.93783981,1.4518985,12,,-2.5749417,2.8498636,-0.90353155,-0.90353155,linear,-1.5749417,-0.56099756,0.35620211,2.8498636,14.249318,67039072,OK,-0.90353155,OK,SAP_FLUX,QLP,-116.11295,113.50794,analytic,115.61293,21.961246,OK,3,2,SPOC/SAP_FLUX=15ppm;TESS-SPOC/SAP_FLUX=OK;QLP/SAP_FLUX=80ppm,3,8,3,"74,75,81,82,15,40,41,54","QLP,SPOC,TESS-SPOC","120,1800,600",False,False,1322.5827,309.29616,1.3468235,1.2003517,12,,-3.6727148,2.6668182,-1.3771898,-1.3771898,linear,-2.6727148,-1.02295,0.38273818,2.6668182,13.334091,26844140,OK,-1.3771898,BACKGROUND_TEST_AGREES,1,SPOC,-31.595675,228.80616,-0.13808927,-0.67539526,PDC_DEEPER_THAN_SAP,0.02,17.488372,4.0018151,1.2011244,0.27484994,-173.12872,1.0439315,3029,OK,False,1.2011244,,,,inconclusive,not_measurable,not_measurable,,False,,0,0,1,1,0.2,121.96397,123.89002,5,1.4518985,2,True,OK:2,0.26188733,56.157515,96.007642,46.781015,105.38414,76.082579,29.301564,84,113.50794,120.55123,5,1.2003517,1,True,OK:1,0.46252422,25.520043,69.442536,15.185339,79.77724,47.48129,32.29595,84,0,3
K00099.01,,8505215,271666873,tic_kic_crossid,CANDIDATE,CANDIDATE,2190.701,140.04806,19.891,1874.2,21.7,-21.7,0.038811,0.2597,846,4965,4.555,12.96,0,0,0,0,2,295.43433,44.53112,15,OK,lightkurve,NO_USABLE_TRANSIT,23,"QLP,SPOC,TESS-SPOC","14,15,40,54,55,74,75,81,82",0.95572098,,1791.2123,20.739145,2354.4501,2354.4501,2,2.6784,0,,306.4002,4,,,,,False,NO_USABLE_TRANSIT,PDCSAP_FLUX,QLP,,,none,,,TOO_FEW_MEMBERS,4,0,SPOC/PDCSAP_FLUX=NO_USABLE_TRANSIT;TESS-SPOC/PDCSAP_FLUX=NO_USABLE_TRANSIT;QLP/KSPSAP_FLUX=NO_USABLE_TRANSIT;QLP/DET_FLUX=NO_USABLE_TRANSIT,0,9,0,"40,54,55,74,75,81,82,14,15","QLP,SPOC","120,1800",False,False,,,,,14,,,,,,,,,,,,,NO_USABLE_TRANSIT,,NO_USABLE_TRANSIT,SAP_FLUX,QLP,,,none,,,TOO_FEW_MEMBERS,3,0,SPOC/SAP_FLUX=NO_USABLE_TRANSIT;TESS-SPOC/SAP_FLUX=NO_USABLE_TRANSIT;QLP/SAP_FLUX=NO_USABLE_TRANSIT,0,9,0,"40,54,55,74,75,81,82,14,15","QLP,SPOC","120,1800",False,False,,,,,14,,,,,,,,,,,,,NO_USABLE_TRANSIT,,BACKGROUND_TEST_UNAVAILABLE,0,,,,,,,0.039959525,,,,,,,0,too_few_points,False,,,,,inconclusive,not_measured,not_measured,,False,,0,0,1,1,0.1,,,0,,4,True,NO_USABLE_TRANSIT:4,,,,,,,,84,,,0,,3,True,NO_USABLE_TRANSIT:3,,,,,,,,84,0,3
K01792.01,Kepler-953 b,8552719,158933249,tic_kic_crossid_over_name_planet,CONFIRMED,CANDIDATE,88.406787,176.27462,12.3079,1724.4,5.5,-5.5,0.03884,0.535,48.9,5611,4.388,12.16,0,0,0,0,3,288.97165,44.624531,15,OK,lightkurve,,26,"QLP,SPOC,TESS-SPOC","14,15,40,41,53,55,74,75,81,82",0.97558568,,1682.3,5.3657213,3313.6818,3313.7245,60,7.0169121,61.441037,8.756136,205.66924,10,12.388155,12.320163,2324.2067,2332.4922,True,OK,PDCSAP_FLUX,QLP,2332.4922,188.28407,analytic,928.88911,909.60656,OK,4,4,SPOC/PDCSAP_FLUX=2284ppm;TESS-SPOC/PDCSAP_FLUX=2310ppm;QLP/KSPSAP_FLUX=885ppm;QLP/DET_FLUX=102ppm,2,10,2,"40,41,53,55,74,75,81,82,14,15","QLP,SPOC","120,1800",False,False,2079.7203,,,0.22251905,16,,0.32677543,0.40137811,0.81413367,0.69710366,ln,1.3864901,12.388155,8.9349035,0.55442269,2.7721134,25221.709,OK,0.81413367,OK,SAP_FLUX,QLP,769.94057,104.30541,analytic,454.83296,442.71142,OK,3,3,SPOC/SAP_FLUX=599ppm;TESS-SPOC/SAP_FLUX=778ppm;QLP/SAP_FLUX=1902ppm,3,10,3,"40,41,53,55,74,75,81,82,14,15","QLP,SPOC","120,1800",False,False,1979.5483,,,57.823215,16,sector_scatter,-0.78160383,0.59285855,-1.3183648,-1.9723421,ln,0.4576714,7.3815974,16.128597,0.2749668,1.374834,4970.221,OK,-1.3183648,BACKGROUND_TEST_DISAGREES,2,"SPOC,TESS-SPOC",-1602.3367,163.62563,-9.7926997,-0.69764305,PDC_DEEPER_THAN_SAP,0.051648368,10.246982,0.15890121,0.83255321,0.012910506,2185.465,1.0506387,1969,OK,False,0.83255321,1.0090217,-3.6454777,0.72770183,tracks_b,consistent,consistent,duration_not_fixed_b,False,pdc_deeper_than_sap,0,0,1,1,0.2,188.28407,78.433431,3,0.22251905,0,False,,0.38997196,478.08322,2297.2963,102.0412,2309.5484,1584.7427,2230.451,84,104.30541,766.80505,3,57.823215,0,False,,0.57499427,656.72449,1542.1473,599.49682,1901.5892,778.33329,1131.6487,84,0.042667387,3
K01792.03,Kepler-953 c,8552719,158933249,tic_kic_crossid_over_name_planet,CONFIRMED,CANDIDATE,9.1096933,133.06566,5.3181,126.4,2.7,-2.7,0.011234,0.761,8.76,5611,4.388,12.16,0,0,0,0,3,288.97165,44.624531,15,OK,lightkurve,,26,"QLP,SPOC,TESS-SPOC","14,15,40,41,53,55,74,75,81,82",1.0018181,,126.6298,2.7049088,3331.675,3331.6196,589,23.179327,-79.7715,3.4414934,149.30948,9,3.2688622,2.3348425,161.44374,219.88032,True,OK,PDCSAP_FLUX,QLP,219.88032,70.195942,bootstrap,94.646142,63.485603,OK,4,4,SPOC/PDCSAP_FLUX=225ppm;TESS-SPOC/PDCSAP_FLUX=300ppm;QLP/KSPSAP_FLUX=121ppm;QLP/DET_FLUX=295ppm,26,10,10,"40,41,53,55,74,75,81,82,14,15","QLP,SPOC","120,1800",False,False,2748.9297,108.54991,0.78362527,0.77699923,16,,0.55181551,0.43386429,1.271862,0.98265767,ln,1.7364026,3.1323794,1.8039476,0.74939893,3.7469946,5241.6487,OK,1.271862,OK,SAP_FLUX,QLP,110.23708,68.667267,bootstrap,76.584945,33.912537,OK,3,3,SPOC/SAP_FLUX=116ppm;TESS-SPOC/SAP_FLUX=129ppm;QLP/SAP_FLUX=215ppm,27,10,10,"40,41,53,55,74,75,81,82,14,15","QLP,SPOC","120,1800",False,False,1867.791,156.91559,1.2633665,1.6177341,16,,-0.12945389,0.60723311,-0.21318648,-0.21318648,linear,0.87054611,1.6053804,1.8441072,0.60723311,3.0361656,2510.4659,OK,-0.21318648,BACKGROUND_TEST_AGREES,2,"SPOC,TESS-SPOC",-140.55284,68.08074,-2.0645022,-0.53614503,PDC_DEEPER_THAN_SAP,0.026008289,5.3181,0.16245611,1,0.030547773,268.85237,1.0322844,17611,OK,False,1,1.0081364,-0.13514821,0.761,fixed_b,not_measurable,not_measurable,,False,,0,0,1,1,0.4,67.265094,70.195942,30,1.0329873,0,False,,0.28872799,170.46865,297.43985,120.54482,299.75624,259.74161,99.335499,84,45.392844,68.667267,30,2.0954921,0,False,,0.30763275,119.84295,187.66802,115.75399,215.49675,128.53197,105.25967,84,-0.055396875,3
K07894.01,,8555967,159385594,tic_kic_crossid,CANDIDATE,CANDIDATE,347.97611,169.433,16.77,341.3,34.9,-34.9,0.016926,0.057,160.9,5995,4.536,14.648,0,0,0,0,1,290.3031,44.678089,15,QUERY_RETURNED_ZERO_ROWS,lightkurve,QUERY_RETURNED_ZERO_ROWS,0,,,0.96345268,,328.8264,33.624498,,,0,,0,,36,0,,,,,False,FLUX_COLUMN_NOT_PRESENT,,,,,,,,ENSEMBLE_NOT_ATTEMPTED,0,0,,0,0,0,,,,False,False,,,,,0,,,,,,,,,,,,,NO_USABLE_TRANSIT,,FLUX_COLUMN_NOT_PRESENT,,,,,,,,ENSEMBLE_NOT_ATTEMPTED,0,0,,0,0,0,,,,False,False,,,,,0,,,,,,,,,,,,,NO_USABLE_TRANSIT,,BACKGROUND_TEST_UNAVAILABLE,0,,,,,,,,,,,,,,0,too_few_points,False,,,,,inconclusive,not_measured,not_measured,,False,,0,0,1,1,0,,,0,,0,False,,,,,,,,,84,,,0,,0,False,,,,,,,,,84,0,3
K02346.01,Kepler-1202 b,8561231,63209010,name_planet,CONFIRMED,CANDIDATE,28.685321,159.87094,6.307,689.1,31.8,-31.8,0.029427,0.922,15.91,5726,4.559,15.658,0,0,0,0,1,292.29062,44.653252,15,QUERY_RETURNED_ZERO_ROWS,lightkurve,QUERY_RETURNED_ZERO_ROWS,0,,,1.0514496,,724.55391,33.436097,,,0,,0,,36,0,,,,,False,FLUX_COLUMN_NOT_PRESENT,,,,,,,,ENSEMBLE_NOT_ATTEMPTED,0,0,,0,0,0,,,,False,False,,,,,0,,,,,,,,,,,,,NO_USABLE_TRANSIT,,FLUX_COLUMN_NOT_PRESENT,,,,,,,,ENSEMBLE_NOT_ATTEMPTED,0,0,,0,0,0,,,,False,False,,,,,0,,,,,,,,,,,,,NO_USABLE_TRANSIT,,BACKGROUND_TEST_UNAVAILABLE,0,,,,,,,,,,,,,,0,too_few_points,False,,,,,inconclusive,not_measured,not_measured,,False,,0,0,1,1,0,,,0,,0,False,,,,,,,,,84,,,0,,0,False,,,,,,,,,84,0,3
K01264.01,Kepler-800 b,8612847,158275161,tic_kic_crossid_over_name_planet,CONFIRMED,CANDIDATE,14.131753,142.26044,4.0136,1033,29.7,-29.7,0.033654,0.848,15.94,5616,4.564,15.762,0,0,0,0,1,286.57483,44.7952,15,OK,lightkurve,,4,"SPOC,TESS-SPOC","81,82",1.0222941,,1056.0298,30.362133,3529.0394,3529.0394,393,25.527402,0,,136.7862,12,0.93460641,0.93460641,2183.5399,2183.5399,False,OK,PDCSAP_FLUX,SPOC,2183.5399,2336.3203,analytic,2371.8543,409.02335,OK,2,2,SPOC/PDCSAP_FLUX=2184ppm;TESS-SPOC/PDCSAP_FLUX=3387ppm,4,2,2,"81,82",SPOC,120,False,False,35166.781,2368.7334,0.49959585,3.3307975,2,sector_scatter,1.0676879,2.2467513,0.4752141,0.4752141,linear,2.0676879,0.93460641,0.45200555,2.2467513,11.233756,79878306,OK,0.4752141,OK,SAP_FLUX,SPOC,879.68103,1300.1474,analytic,1328.9768,275.31095,OK,2,2,SPOC/SAP_FLUX=880ppm;TESS-SPOC/SAP_FLUX=1689ppm,4,2,2,"81,82",SPOC,120,False,False,20402.716,258.3116,0.098090585,3.7947845,2,sector_scatter,-0.16699219,1.2597863,-0.13255597,-0.13255597,linear,0.83300781,0.676601,0.81223849,1.2597863,6.2989316,573414.02,OK,-0.13255597,BACKGROUND_TEST_AGREES,2,"SPOC,TESS-SPOC",-1473.0727,2018.1323,-0.72991879,-0.52892244,PDC_DEEPER_THAN_SAP,0.10800113,2.6983198,4.21428,0.67229415,1.05,2082.1058,0.95114059,2408,OK,True,0.67229415,1.0430178,-0.28102856,0.9542262,fixed_b,not_measurable,not_measurable,,False,,0,0,1,1,0.1,2336.3203,2272.2234,4,1.2229758,0,False,,0.18732121,2376.0215,3194.0682,2183.5399,3386.5498,2785.0449,1203.0099,84,1300.1474,1346.9956,4,1.3757423,0,False,,0.3129668,1009.2391,1559.861,879.68103,1689.4191,1284.5501,809.7381,84,0,3
K02263.01,Kepler-1165 c,8613535,158326744,tic_kic_crossid_over_name_planet,CONFIRMED,CANDIDATE,29.968592,147.8598,6.678,309.5,12.2,-12.2,0.016258,0.282,33.48,6249,4.428,14.456,0,0,0,0,3,286.97128,44.708302,15,OK,lightkurve,,8,"SPOC,TESS-SPOC","74,75,81,82",0.96887141,,299.8657,11.820231,3375.2064,3375.2064,180,45.51692,0,,236.72076,12,1.9366008,1.5642938,1361.0868,1665.5786,False,OK,PDCSAP_FLUX,SPOC,1361.0868,870.09665,analytic,942.45665,362.15516,OK,2,2,SPOC/PDCSAP_FLUX=1361ppm;TESS-SPOC/PDCSAP_FLUX=2426ppm,3,4,3,"74,75,81,82",SPOC,120,False,False,14818.741,2908.232,1.5639768,1.3110869,4,,3.538988,3.143574,1.1257849,1.1257849,linear,4.538988,1.5642938,0.34463493,3.143574,15.71787,2.0096059e+09,OK,1.1257849,OK,SAP_FLUX,SPOC,584.09466,310.45388,analytic,314.60989,50.968316,OK,2,2,SPOC/SAP_FLUX=584ppm;TESS-SPOC/SAP_FLUX=734ppm,4,4,4,"74,75,81,82",SPOC,120,False,False,6450.8045,523.19191,0.80943191,0.94442431,4,,0.94785418,1.0510994,0.90177403,0.90177403,linear,1.9478542,1.8814217,0.96589452,1.0510994,5.2554972,57159.42,OK,0.90177403,BACKGROUND_TEST_AGREES,2,"SPOC,TESS-SPOC",-1245.9675,645.09192,-1.9314573,-0.65796513,PDC_DEEPER_THAN_SAP,0.02,3.85374,0.31792016,0.57707996,0.047607092,1967.1938,0.98313286,3000,OK,False,0.57707996,1.0195854,-5.7765756,0.84576928,tracks_b,not_measurable,not_measurable,,False,,0,0,1,1,0.1,870.09665,793.85811,4,1.3110869,0,False,,0.26607792,1531.5128,2255.8231,1361.0868,2426.2491,1893.668,1065.1622,84,310.45388,273.24995,4,0.94442431,0,False,,0.08726037,608.07975,710.01638,584.09466,734.00147,659.04807,149.90681,84,0,3
K02263.02,Kepler-1165 b,8613535,158326744,tic_kic_crossid_over_name_planet,CONFIRMED,CANDIDATE,9.4785082,140.16526,6.154,184.6,7.4,-7.4,0.012482,0.112,11.85,6249,4.428,14.456,0,0,0,0,3,286.97128,44.708302,15,OK,lightkurve,,8,"SPOC,TESS-SPOC","74,75,81,82",0.96599354,,178.32241,7.1483522,3366.4364,3366.4364,569,43.589533,0,,223.0786,10,2.1113174,-0.84419796,-417.01691,1049.8365,False,OK,PDCSAP_FLUX,SPOC,-417.01691,658.53032,bootstrap,658.53032,,TOO_FEW_MEMBERS,2,0,SPOC/PDCSAP_FLUX=OK;TESS-SPOC/PDCSAP_FLUX=OK,10,4,4,"74,75,81,82",SPOC,120,False,False,13754.768,-2553.5579,2.578422,0.96011476,4,,-3.3385559,3.6934756,-0.90390629,-0.90390629,linear,-2.3385559,-0.63325393,0.27078846,3.6934756,18.467378,1.868471e+10,OK,-0.90390629,OK,SAP_FLUX,SPOC,-47.720167,202.5868,bootstrap,202.5868,,TOO_FEW_MEMBERS,2,0,SPOC/SAP_FLUX=OK;TESS-SPOC/SAP_FLUX=OK,12,4,4,"74,75,81,82",SPOC,120,False,False,5869.071,-959.91622,2.6609332,1.335708,4,,-1.2676061,1.1378765,-1.1140103,-1.1140103,linear,-0.26760612,-0.23555417,0.88022716,1.1378765,5.6893823,52553.558,OK,-1.1140103,BACKGROUND_TEST_UNAVAILABLE,0,,,,,,,0.02,15.385,2.5208773,2.5,0.40963232,482.24022,1.0306595,9073,OK,True,2.5,,,,inconclusive,not_measurable,not_measurable,,False,,0,0,1,1,0.2,493.98001,658.53032,10,2.0984832,2,True,OK:2,,,,,,,,84,179.57409,202.5868,12,1.4489929,2,True,OK:2,,,,,,,,84,0,3
K02263.03,,8613535,158326744,tic_kic_crossid_over_name_planet,CANDIDATE,CANDIDATE,15.594376,140.3138,7.367,95.4,9,-9,0.009192,0.5,14.2,6249,4.428,14.456,0,0,0,0,3,286.97128,44.708302,15,OK,lightkurve,,8,"SPOC,TESS-SPOC","74,75,81,82",0.97724252,,93.228936,8.7951827,3368.9679,3368.9679,346,143.30725,0,,540.42675,16,2.3343422,2.3343422,1203.7509,1203.7509,False,OK,PDCSAP_FLUX,SPOC,1203.7509,515.67026,analytic,516.16637,22.625235,OK,2,2,SPOC/PDCSAP_FLUX=1204ppm;TESS-SPOC/PDCSAP_FLUX=1270ppm,7,4,4,"74,75,81,82",SPOC,120,False,False,13862.962,-1855.4877,1.7883104,0.81314145,4,,2.5581395,0.44189137,5.7890688,2.1510806,ln,12.911773,2.3343422,0.18079176,5.5375762,27.687881,9.868355e+13,OK,5.7890688,OK,SAP_FLUX,SPOC,1142.6673,199.81707,analytic,202.25622,31.316412,OK,2,2,SPOC/SAP_FLUX=1143ppm;TESS-SPOC/SAP_FLUX=1051ppm,7,4,4,"74,75,81,82",SPOC,120,False,False,5184.7166,830.13811,2.0691323,54.683787,4,sector_scatter,2.5060624,0.20671294,12.123394,5.1823855,ln,12.256573,5.718567,0.46657144,2.1720833,10.860417,4854689.1,OK,12.123394,BACKGROUND_TEST_AGREES,2,"SPOC,TESS-SPOC",-138.58183,395.53092,-0.35036915,-0.11202848,PDC_DEEPER_THAN_SAP,0.02,7.8310501,2.5893228,1.0629904,0.35147588,466.26323,1.0343943,7580,OK,False,1.0629904,1.0312297,0.088515091,0.38747727,fixed_b,not_measurable,not_measurable,,False,,0,0,1,1,0.2,515.67026,424.93695,7,0.82094745,0,False,,0.018795613,1214.398,1259.6485,1203.7509,1270.2957,1237.0233,66.544809,84,199.81707,912.93031,7,27.810484,0,False,,0.027406413,1065.2973,1127.9302,1050.5602,1142.6673,1096.6137,92.107093,84,0,3
K08276.01,,8637903,272368764,tic_kic_crossid,CANDIDATE,CANDIDATE,385.85868,343.64827,12.071,548.4,29.5,-29.5,0.024721,0.877,129.4,6551,4.367,13.993,0,0,0,0,1,296.40787,44.77364,15,OK,lightkurve,NO_USABLE_TRANSIT,8,"SPOC,TESS-SPOC","74,75,81,82",1.0237392,,561.41859,30.200307,3192.8111,3192.8111,13,99.34818,0,,479.10954,6,,,,,False,NO_USABLE_TRANSIT,PDCSAP_FLUX,SPOC,,,none,,,TOO_FEW_MEMBERS,2,0,SPOC/PDCSAP_FLUX=NO_USABLE_TRANSIT;TESS-SPOC/PDCSAP_FLUX=NO_USABLE_TRANSIT,0,4,0,"74,75,81,82",SPOC,120,False,False,,,,,4,,,,,,,,,,,,,NO_USABLE_TRANSIT,,NO_USABLE_TRANSIT,SAP_FLUX,SPOC,,,none,,,TOO_FEW_MEMBERS,2,0,SPOC/SAP_FLUX=NO_USABLE_TRANSIT;TESS-SPOC/SAP_FLUX=NO_USABLE_TRANSIT,0,4,0,"74,75,81,82",SPOC,120,False,False,,,,,4,,,,,,,,,,,,,NO_USABLE_TRANSIT,,BACKGROUND_TEST_UNAVAILABLE,0,,,,,,,0.097506335,,,,,,,0,too_few_points,False,,,,,inconclusive,not_measured,not_measured,,False,,0,0,1,1,0.1,,,0,,2,True,NO_USABLE_TRANSIT:2,,,,,,,,84,,,0,,2,True,NO_USABLE_TRANSIT:2,,,,,,,,84,0,3
K05553.01,,8644911,273865846,tic_kic_crossid,CANDIDATE,CANDIDATE,120.93867,246.252,8.818,782.1,60.3,-60.3,0.025231,0.011,107.4,5456,4.477,15.54,0,0,0,0,1,298.23279,44.756432,15,QUERY_RETURNED_ZERO_ROWS,lightkurve,QUERY_RETURNED_ZERO_ROWS,0,,,0.95627717,,747.90438,57.663513,,,0,,0,,36,0,,,,,False,FLUX_COLUMN_NOT_PRESENT,,,,,,,,ENSEMBLE_NOT_ATTEMPTED,0,0,,0,0,0,,,,False,False,,,,,0,,,,,,,,,,,,,NO_USABLE_TRANSIT,,FLUX_COLUMN_NOT_PRESENT,,,,,,,,ENSEMBLE_NOT_ATTEMPTED,0,0,,0,0,0,,,,False,False,,,,,0,,,,,,,,,,,,,NO_USABLE_TRANSIT,,BACKGROUND_TEST_UNAVAILABLE,0,,,,,,,,,,,,,,0,too_few_points,False,,,,,inconclusive,not_measured,not_measured,,False,,0,0,1,1,0,,,0,,0,False,,,,,,,,,84,,,0,,0,False,,,,,,,,,84,0,3
K03042.01,,8695311,270857795,tic_kic_crossid,CANDIDATE,CANDIDATE,31.025949,158.5632,5.692,385.4,36.6,-36.6,0.018009,0.153,41.91,6075,4.486,15.959,0,0,0,0,1,294.16644,44.886311,15,QUERY_RETURNED_ZERO_ROWS,lightkurve,QUERY_RETURNED_ZERO_ROWS,0,,,0.96498275,,371.90435,35.318369,,,0,,0,,36,0,,,,,False,FLUX_COLUMN_NOT_PRESENT,,,,,,,,ENSEMBLE_NOT_ATTEMPTED,0,0,,0,0,0,,,,False,False,,,,,0,,,,,,,,,,,,,NO_USABLE_TRANSIT,,FLUX_COLUMN_NOT_PRESENT,,,,,,,,ENSEMBLE_NOT_ATTEMPTED,0,0,,0,0,0,,,,False,False,,,,,0,,,,,,,,,,,,,NO_USABLE_TRANSIT,,BACKGROUND_TEST_UNAVAILABLE,0,,,,,,,,,,,,,,0,too_few_points,False,,,,,inconclusive,not_measured,not_measured,,False,,0,0,1,1,0,,,0,,0,False,,,,,,,,,84,,,0,,0,False,,,,,,,,,84,0,3
K04523.01,,8700895,272173063,tic_kic_crossid,CANDIDATE,CANDIDATE,5.6825161,131.6745,3.479,81.2,10.4,-10.4,0.008164,0,12.59,5753,4.319,14.878,0,0,0,0,1,296.04425,44.80529,15,OK,lightkurve,,4,"SPOC,TESS-SPOC","81,82",0.96198874,,78.113486,10.004683,3533.5403,3533.5403,980,100.49246,0,,353.66239,20,2.6603375,-0.66637342,-714.0911,3083.5879,False,OK,PDCSAP_FLUX,SPOC,-714.0911,1567.5206,bootstrap,1567.5206,,TOO_FEW_MEMBERS,2,0,SPOC/PDCSAP_FLUX=OK;TESS-SPOC/PDCSAP_FLUX=OK,8,2,2,"81,82",SPOC,120,False,False,21799.372,666.0325,0.29812624,1.88764,2,,-10.141713,20.067692,-0.50537518,-0.50537518,linear,-9.1417134,-0.45555453,0.04983251,20.067692,100.33846,2.945546e+45,OK,-0.50537518,OK,SAP_FLUX,SPOC,-668.5616,962.92345,bootstrap,962.92345,,TOO_FEW_MEMBERS,2,0,SPOC/SAP_FLUX=OK;TESS-SPOC/SAP_FLUX=OK,8,2,2,"81,82",SPOC,120,False,False,13459.863,400.11158,0.2908402,2.8433555,2,,-9.5588498,12.328004,-0.77537695,-0.77537695,linear,-8.5588498,-0.69430399,0.08112118,12.328004,61.640018,4.5988142e+28,OK,-0.77537695,BACKGROUND_TEST_UNAVAILABLE,0,,,,,,,0.02,6.6071237,3.65295,1.8991445,1.05,502.46574,0.97241127,3986,OK,True,1.8991445,,,,inconclusive,not_measurable,not_measurable,,False,,0,0,1,1,0.1,1071.608,1567.5206,9,2.5398782,2,True,OK:2,,,,,,,,84,659.84953,962.92345,9,2.5522752,2,True,OK:2,,,,,,,,84,0,3
K00693.01,Kepler-214 c,8738735,164785720,tic_kic_crossid_confirms_name_planet,CONFIRMED,CANDIDATE,28.779645,193.30374,8.349,253.2,7.4,-7.4,0.01708,0.886,13.2,6000,4.45,13.949,0,0,0,0,2,284.75485,44.956032,15,OK,lightkurve,,20,"SPOC,TESS-SPOC","40,41,53,54,55,74,75,80,81,82",1.0313803,,261.1455,7.6322144,3321.7584,3321.7584,184,45.274739,0,,261.05922,12,2.5981124,2.4967533,668.72576,698.08076,False,OK,PDCSAP_FLUX,SPOC,668.72576,414.55755,bootstrap,418.83005,59.67113,OK,2,2,SPOC/PDCSAP_FLUX=669ppm;TESS-SPOC/PDCSAP_FLUX=844ppm,9,10,9,"40,41,53,54,55,74,75,80,81,82",SPOC,120,False,False,8578.5678,165.34979,0.30739606,2.6358852,10,,1.5607401,1.6048641,0.97250611,0.97250611,linear,2.5607401,1.6131072,0.62993786,1.6048641,8.0243204,797367.3,OK,0.97250611,OK,SAP_FLUX,SPOC,596.37548,412.37563,bootstrap,415.08534,47.351657,OK,2,2,SPOC/SAP_FLUX=596ppm;TESS-SPOC/SAP_FLUX=457ppm,10,10,10,"40,41,53,54,55,74,75,80,81,82",SPOC,120,False,False,8299.6252,448.50022,0.93947901,3.347998,10,sector_scatter,1.2836905,1.590534,0.80708146,0.80708146,linear,2.2836905,1.4461948,0.63327093,1.590534,7.9526698,742216.11,OK,0.80708146,BACKGROUND_TEST_AGREES,2,"SPOC,TESS-SPOC",-229.47874,413.80676,-0.55455531,-0.30335174,PDC_DEEPER_THAN_SAP,0.073935526,4.1356818,0.77676359,0.49535056,0.093036722,803.52307,0.98736002,11108,OK,False,0.49535056,1.0411837,-3.8105235,0.9865304,tracks_b,not_measurable,not_measurable,,False,,0,0,1,1,0.3,267.83813,414.55755,9,2.6358852,0,False,,0.089231093,696.80629,816.14855,668.72576,844.22908,756.47742,175.50332,84,236.14311,412.37563,10,3.347998,0,False,,0.079399067,479.38904,574.09235,457.1059,596.37548,526.74069,139.26958,84,0,3
K00693.02,Kepler-214 b,8738735,164785720,tic_kic_crossid_confirms_name_planet,CONFIRMED,CANDIDATE,15.660577,146.3487,7.012,384.1,6.3,-6.3,0.017953,0.244,16.87,6000,4.45,13.949,0,0,0,0,2,284.75485,44.956032,15,OK,lightkurve,,20,"SPOC,TESS-SPOC","40,41,53,54,55,74,75,80,81,82",0.96598012,,371.03296,6.0856747,3335.266,3335.266,342,19.061115,0,,162.36334,8,2.1419467,1.7972537,414.65728,481.09025,False,OK,PDCSAP_FLUX,SPOC,414.65728,209.31611,bootstrap,210.28174,20.128991,OK,2,2,SPOC/PDCSAP_FLUX=415ppm;TESS-SPOC/PDCSAP_FLUX=355ppm,16,10,8,"40,41,53,54,55,74,75,80,81,82",SPOC,120,False,False,9156.4058,-111.16858,0.27004151,0.75882492,10,,0.11757532,0.56918445,0.20656805,0.20656805,linear,1.1175753,1.9810099,1.7725963,0.56918445,2.8459223,6017.2012,OK,0.20656805,OK,SAP_FLUX,SPOC,-21.6679,294.96304,bootstrap,294.96304,,TOO_FEW_MEMBERS,2,0,SPOC/SAP_FLUX=OK;TESS-SPOC/SAP_FLUX=OK,17,10,9,"40,41,53,54,55,74,75,80,81,82",SPOC,120,False,False,8199.9367,-111.77343,0.19331897,2.7659607,10,,-1.0583989,0.79671766,-1.3284491,-1.3284491,linear,-0.058398855,-0.073459713,1.2578965,0.79671766,3.9835883,19556.93,OK,-1.3284491,BACKGROUND_TEST_UNAVAILABLE,0,,,,,,,0.02,16.491212,0.7674324,2.3518557,0.10944558,-159.71146,0.96439077,16490,OK,True,2.3518557,1.0010706,12.374726,,duration_inconsistent,not_measurable,not_measurable,,False,,0,0,1,1,0.3,230.71716,209.31611,18,0.86449389,0,False,,0.048543682,364.92683,405.18482,355.45437,414.65728,385.05583,59.202916,84,204.44728,294.96304,18,2.2197962,2,True,OK:2,,,,,,,,84,0,3
K03741.02,,8780959,239289191,tic_kic_crossid_over_name_host,CANDIDATE,CANDIDATE,18.577903,142.171,20.11,99.8,17.1,-17.1,0.009226,0.105,7.11,6432,4.207,13.306,0,0,0,0,4,300.33237,44.986141,15,OK,lightkurve,,17,"QLP,SPOC,TESS-SPOC","14,15,41,54,55,74,75,81,82",0.96747717,,96.554222,16.54386,3362.7629,3362.5533,290,1364.2307,-301.77066,0.22120207,864,12,25.058838,17.540588,2635.8369,3612.9122,True,OK,PDCSAP_FLUX,QLP,3612.9122,883.10683,bootstrap,2100.7571,1906.1224,OK,4,3,SPOC/PDCSAP_FLUX=4657ppm;TESS-SPOC/PDCSAP_FLUX=5660ppm;QLP/KSPSAP_FLUX=OK;QLP/DET_FLUX=54ppm,12,9,9,"74,75,81,82,14,15,41,54,55","QLP,SPOC","120,1800,600",False,False,6009.307,1065.1533,1.017058,49.797345,8,sector_scatter,3.6221647,0.60823668,5.9551895,1.6737964,ln,37.41848,4.0911383,0.1093347,21.758011,108.79005,1.7048707e+49,OK,5.9551895,OK,SAP_FLUX,QLP,4308.028,686.94682,bootstrap,706.95037,166.98171,OK,3,3,SPOC/SAP_FLUX=4704ppm;TESS-SPOC/SAP_FLUX=4864ppm;QLP/SAP_FLUX=5195ppm,12,9,9,"74,75,81,82,14,15,41,54,55","QLP,SPOC","120,1800,600",False,False,5054.5232,1944.096,2.0108667,33.423338,8,sector_scatter,3.7981308,0.24246103,15.664912,5.9554718,ln,44.617707,6.2712686,0.1405556,7.3239718,36.619859,7.7370244e+17,OK,15.664912,BACKGROUND_TEST_AGREES,2,"SPOC,TESS-SPOC",-327.2032,151.39471,-2.1612592,-0.063429895,PDC_DEEPER_THAN_SAP,0.02,18.34924,0.56052841,0.91244354,0.027873118,2978.5461,1.6277957,19039,OK,False,0.91244354,1.0476209,-0.65125167,0.42394537,fixed_b,not_measurable,not_measurable,,False,,0,0,1,1,0.3,144.17716,883.10683,13,43.017301,1,True,OK:1,0.52758616,1526.7359,5338.9808,53.590756,5659.8332,4657.1695,3559.3214,84,116.72605,686.94682,13,33.976674,0,False,,0.038760592,4755.332,5089.2954,4704.0763,5195.199,4864.2504,887.17099,84,-0.20956296,3
K03741.03,Kepler-1518 b,8780959,239289191,tic_kic_crossid_over_name_host,CONFIRMED,CANDIDATE,5.1117547,133.76122,3.281,267.8,24.1,-24.1,0.01914,0.962,4.13,6432,4.207,13.306,0,0,0,0,4,300.33237,44.986141,15,OK,lightkurve,,17,"QLP,SPOC,TESS-SPOC","14,15,41,54,55,74,75,81,82",1.0687927,,286.22269,25.757904,3359.6624,3359.7194,1055,73.865873,82.011876,1.110281,270.81262,18,4.2807624,-0.54115268,-91.965333,717.78752,True,OK,PDCSAP_FLUX,QLP,717.78752,580.60856,bootstrap,622.86075,225.49771,OK,4,4,SPOC/PDCSAP_FLUX=614ppm;TESS-SPOC/PDCSAP_FLUX=688ppm;QLP/KSPSAP_FLUX=1039ppm;QLP/DET_FLUX=240ppm,47,9,9,"74,75,81,82,14,15,41,54,55","QLP,SPOC","120,1800,600",False,False,5710.5197,-505.90871,0.47225386,7.7384031,8,sector_scatter,1.5077939,2.1785742,0.69210123,0.69210123,linear,2.5077939,1.2362675,0.49297015,2.1785742,10.892871,15396067,OK,0.69210123,OK,SAP_FLUX,QLP,566.64537,471.67187,bootstrap,481.19861,95.277215,OK,3,3,SPOC/SAP_FLUX=467ppm;TESS-SPOC/SAP_FLUX=611ppm;QLP/SAP_FLUX=747ppm,47,9,9,"74,75,81,82,14,15,41,54,55","QLP,SPOC","120,1800,600",False,False,5036.8949,-263.54271,0.298179,3.7696586,8,sector_scatter,0.97973603,1.6843527,0.58166916,0.58166916,linear,1.979736,1.201355,0.60682586,1.6843527,8.4217636,1300570.7,OK,0.58166916,BACKGROUND_TEST_AGREES,2,"SPOC,TESS-SPOC",-114.24294,630.13201,-0.1813,-0.17557732,PDC_DEEPER_THAN_SAP,0.21553168,6.8290177,0.62661253,2.081383,0.19098218,805.50792,1.6131015,11421,OK,False,2.081383,1.0967222,5.4995661,0.74042976,tracks_b,not_measurable,not_measurable,,False,,0,0,1,1,0.4,167.6775,580.60856,48,10.254376,0,False,,0.31415663,419.32187,870.31729,239.86428,1038.9736,650.67025,477.92324,84,143.03635,471.67187,48,10.342379,0,False,,0.16814258,513.09388,703.64831,467.23011,747.45721,610.5544,180.81184,84,0.056952692,3
K03741.04,Kepler-1518 c,8780959,239289191,tic_kic_crossid_over_name_host,CONFIRMED,CANDIDATE,9.6310258,132.7273,5.255,297.2,25.1,-25.1,0.019733,0.951,5.25,6432,4.207,13.306,0,0,0,0,4,300.33237,44.986141,15,OK,lightkurve,,17,"QLP,SPOC,TESS-SPOC","14,15,41,54,55,74,75,81,82",1.0593217,,314.83041,26.588974,3359.1017,3358.8828,560,102.40257,-315.33153,3.0793323,386.0327,15,9.3284558,-1.6494579,-274.78807,1921.5604,True,OK,PDCSAP_FLUX,QLP,1921.5604,1715.2279,bootstrap,2082.5793,1181.1562,OK,4,3,SPOC/PDCSAP_FLUX=3383ppm;TESS-SPOC/PDCSAP_FLUX=3970ppm;QLP/KSPSAP_FLUX=OK;QLP/DET_FLUX=496ppm,22,9,9,"74,75,81,82,14,15,41,54,55","QLP,SPOC","120,1800,600",False,False,5675.1499,-2618.247,0.8626607,49.948764,8,sector_scatter,5.1034777,6.6156524,0.77142471,0.77142471,linear,6.1034777,1.1202945,0.1835502,6.6156524,33.078262,7.3077434e+16,OK,0.77142471,OK,SAP_FLUX,QLP,1799.7878,1365.5308,bootstrap,1452.5509,495.20673,OK,3,3,SPOC/SAP_FLUX=2531ppm;TESS-SPOC/SAP_FLUX=2577ppm;QLP/SAP_FLUX=1121ppm,22,9,9,"74,75,81,82,14,15,41,54,55","QLP,SPOC","120,1800,600",False,False,5055.9071,-2185.5736,0.9339696,41.470886,8,sector_scatter,4.7166898,4.6148004,1.0220788,1.0220788,linear,5.7166898,1.3180133,0.23055533,4.6148004,23.074002,3.3036078e+12,OK,1.0220788,BACKGROUND_TEST_AGREES,2,"SPOC,TESS-SPOC",-1086.9907,2109.8841,-0.51518979,-0.29564205,PDC_DEEPER_THAN_SAP,0.17701398,11.276891,0.5247796,2.1459355,0.099862911,1917.3583,1.6614624,8497,OK,False,2.1459355,1.2017532,7.04721,0.64504464,tracks_b,not_measurable,not_measurable,,False,,0,0,1,1,0.3,205.98912,1715.2279,26,40.121002,1,True,OK:1,0.61468598,1420.0048,3782.3173,496.0708,3970.0597,3383.3647,2048.4993,84,176.23069,1365.5308,26,33.943565,0,False,,0.27514729,1571.803,2562.2165,1120.607,2577.0974,2530.5945,777.30959,84,-0.21898023,3
K07094.01,,8815279,159440581,tic_kic_crossid,CANDIDATE,CANDIDATE,13.560926,142.64258,2.53,,,,,,,,,15.561,0,0,0,0,1,290.45645,45.003231,15,QUERY_RETURNED_ZERO_ROWS,lightkurve,QUERY_RETURNED_ZERO_ROWS,0,,,0.96296296,teff_missing_default_used;logg_missing_4.5_used,,,,,0,,0,,36,0,,,,,False,FLUX_COLUMN_NOT_PRESENT,,,,,,,,ENSEMBLE_NOT_ATTEMPTED,0,0,,0,0,0,,,,False,False,,,,,0,,,,,,,,,,,,,NO_REFERENCE_DEPTH,,FLUX_COLUMN_NOT_PRESENT,,,,,,,,ENSEMBLE_NOT_ATTEMPTED,0,0,,0,0,0,,,,False,False,,,,,0,,,,,,,,,,,,,NO_REFERENCE_DEPTH,,BACKGROUND_TEST_UNAVAILABLE,0,,,,,,,,,,,,,,0,too_few_points,False,,,,,inconclusive,not_measured,not_measured,,False,,0,0,1,1,0,,,0,,0,False,,,,,,,,,84,,,0,,0,False,,,,,,,,,84,0,3
K00464.01,Kepler-561 b,8890783,270700432,tic_kic_crossid_over_name_planet,CONFIRMED,CANDIDATE,58.362058,196.55541,6.3363,5374.7,20.6,-20.6,0.06741,0.402,69.6,5592,4.467,14.361,0,0,0,0,2,293.7471,45.10722,15,OK,lightkurve,,8,"SPOC,TESS-SPOC","74,75,81,82",0.96738591,,5199.409,19.92815,3340.5027,3340.4806,91,5.4020259,-31.744863,5.8764737,111.25058,7,5.707486,4.9799012,4918.6436,5536.5237,True,OK,PDCSAP_FLUX,SPOC,5536.5237,970.04595,analytic,1000.3181,244.22773,OK,2,2,SPOC/PDCSAP_FLUX=5537ppm;TESS-SPOC/PDCSAP_FLUX=6255ppm,2,4,2,"74,75,81,82",SPOC,120,False,False,13033.484,-683.15023,0.35174043,0.12372133,4,,0.062821841,0.18750622,0.3350387,0.3261117,ln,1.0648371,5.707486,5.3599616,0.19881872,0.99409361,8850.8183,OK,0.3350387,OK,SAP_FLUX,SPOC,4818.0927,779.19711,analytic,779.26923,10.601763,OK,2,2,SPOC/SAP_FLUX=4818ppm;TESS-SPOC/SAP_FLUX=4849ppm,2,4,2,"74,75,81,82",SPOC,120,False,False,10465.378,-1255.3656,0.80507334,0.64814308,4,,-0.076166825,0.16933372,-0.44980306,-0.46404016,ln,0.9266616,6.1834068,6.6727776,0.15804321,0.79021604,6259.4256,OK,-0.44980306,BACKGROUND_TEST_AGREES,2,"SPOC,TESS-SPOC",-1049.377,895.82673,-1.1714062,-0.17799076,PDC_DEEPER_THAN_SAP,0.074492411,4.9627043,1.0334001,0.78321801,0.16309204,5085.8998,0.933418,1900,OK,False,0.78321801,1.002348,-1.1511297,0.73455857,fixed_b,consistent,consistent,,False,,0,0,1,1,0.1,970.04595,236.46682,2,0.12372133,0,False,,0.044112107,5651.4544,6139.9098,5536.5237,6254.8405,5895.6821,718.31685,84,779.19711,434.42589,2,0.64814308,0,False,,0.0022004065,4823.0818,4844.2853,4818.0927,4849.2744,4833.6835,31.181655,84,-0.022045044,3
K00464.02,Kepler-561 c,8890783,270700432,tic_kic_crossid_over_name_planet,CONFIRMED,CANDIDATE,5.3501561,195.76135,2.2647,764.8,9.9,-9.9,0.024953,0.008,18.507,5592,4.467,14.361,0,0,0,0,2,293.7471,45.10722,15,OK,lightkurve,,8,"SPOC,TESS-SPOC","74,75,81,82",0.958632,,733.16175,9.4904568,3368.2171,3368.2171,998,6.5893499,0,,53.73855,8,2.1437719,0.87010784,503.01503,1241.9168,False,OK,PDCSAP_FLUX,SPOC,503.01503,633.29132,bootstrap,633.84177,26.41004,OK,2,2,SPOC/PDCSAP_FLUX=503ppm;TESS-SPOC/PDCSAP_FLUX=581ppm,17,4,4,"74,75,81,82",SPOC,120,False,False,13260.42,503.12484,0.42690844,2.2502611,4,,-0.31390988,0.86607337,-0.36245183,-0.36245183,linear,0.68609012,0.79428695,1.1577006,0.86607337,4.3303669,54966.715,OK,-0.36245183,OK,SAP_FLUX,SPOC,545.20807,447.59913,bootstrap,451.67764,60.561678,OK,2,2,SPOC/SAP_FLUX=545ppm;TESS-SPOC/SAP_FLUX=367ppm,19,4,4,"74,75,81,82",SPOC,120,False,False,10688.488,-307.05859,0.34539593,1.0944095,4,,-0.25636045,0.6182294,-0.41466881,-0.41466881,linear,0.74363955,1.2180722,1.6379875,0.6182294,3.091147,15398.083,OK,-0.41466881,BACKGROUND_TEST_AGREES,2,"SPOC,TESS-SPOC",-59.552847,601.82284,-0.098954115,-0.10990584,PDC_DEEPER_THAN_SAP,0.024347028,5.66175,1.4285995,2.5,0.6308118,770.23352,1.0735519,5957,OK,True,2.5,0.9958155,3.5759995,,duration_inconsistent,not_measurable,not_measurable,,False,,0,0,1,1,0.2,578.10654,633.29132,18,1.235673,0,False,,0.052503481,515.44329,568.26337,503.01503,580.69162,541.85333,77.676589,84,433.57798,447.59913,20,1.1337016,0,False,,0.11107994,395.5851,516.70846,367.08549,545.20807,456.14678,178.12258,84,0,3
K02688.01,Kepler-1314 b,8892303,270955259,tic_kic_crossid_over_name_planet,CONFIRMED,CANDIDATE,5.4247493,133.72895,1.139,7680,122,-122,0.079794,0.016,39.29,4137,4.658,16.406,0,0,0,0,1,294.23764,45.197105,15,OK,lightkurve,,2,"SPOC,TESS-SPOC",40,0.94082524,,7225.5378,114.78068,2404.1739,2404.1739,818,4.7049252,0,,31.199776,10,0.88739411,0.442518,4172.0523,8036.4732,False,OK,PDCSAP_FLUX,SPOC,4172.0523,9427.9833,analytic,9452.4984,680.33695,OK,2,2,SPOC/PDCSAP_FLUX=4172ppm;TESS-SPOC/PDCSAP_FLUX=6173ppm,5,1,1,40,SPOC,120,False,False,88731.578,1730.8548,0.091017943,,1,,-0.42259629,1.3092584,-0.32277531,-0.32277531,linear,0.57740371,0.442518,0.76639273,1.3092584,6.5462922,5026490.9,OK,-0.32277531,OK,SAP_FLUX,SPOC,755.48878,1545.3757,analytic,1565.8198,252.20137,OK,2,2,SPOC/SAP_FLUX=755ppm;TESS-SPOC/SAP_FLUX=14ppm,5,1,1,40,SPOC,120,False,False,14182.597,237.83314,0.074882049,,1,,-0.89544186,0.22296632,-4.0160409,-4.0160409,linear,0.10455814,0.48887062,4.6755865,0.22296632,1.1148316,14805.522,OK,-4.0160409,BACKGROUND_TEST_AGREES,2,"SPOC,TESS-SPOC",-5121.3647,5877.2232,-0.8713919,-0.99010485,PDC_DEEPER_THAN_SAP,0.073915065,2.8475,0.16373687,2.5,0.14375494,-9697.6327,1.2687209,853,OK,True,2.5,0.98224679,11.844008,,duration_inconsistent,not_measurable,not_measurable,,False,,0,0,1,1,0.1,9427.9833,6953.5457,5,0.68124912,0,False,,0.16307009,4492.2109,5852.8848,4172.0523,6173.0433,5172.5478,2000.991,84,1545.3757,973.35455,5,0.51638335,0,False,,0.33382543,132.40305,636.80578,13.720049,755.48878,384.60441,741.76873,84,0,3
K00524.01,Kepler-1721 b,8934495,164527535,tic_kic_crossid_over_name_planet,CONFIRMED,CANDIDATE,4.5923938,172.00472,2.2748,1027.7,11.2,-11.2,0.028819,0.02,15.8754,5351,4.582,14.868,0,0,0,0,1,283.54416,45.225552,15,OK,lightkurve,,4,"SPOC,TESS-SPOC","80,82",0.95527938,,981.74061,10.699129,3506.6925,3506.6925,1198,5.2691374,0,,49.929412,8,2.107377,1.1358417,1179.7635,2223.669,False,OK,PDCSAP_FLUX,SPOC,1179.7635,982.24103,bootstrap,989.15524,116.75039,OK,2,2,SPOC/PDCSAP_FLUX=1180ppm;TESS-SPOC/PDCSAP_FLUX=836ppm,9,2,2,"80,82",SPOC,120,False,False,18042.835,-2066.4584,0.98386706,0.42274046,2,,0.2017059,1.0088513,0.19993621,0.19993621,linear,1.2017059,1.2010937,0.99949054,1.0088513,5.0442563,151314.59,OK,0.19993621,OK,SAP_FLUX,SPOC,891.56763,512.02141,bootstrap,516.17866,65.379483,OK,2,2,SPOC/SAP_FLUX=892ppm;TESS-SPOC/SAP_FLUX=699ppm,11,2,2,"80,82",SPOC,120,False,False,9582.853,-507.11483,0.48524053,0.080812575,2,,-0.091850107,0.52826356,-0.17387175,-0.17387175,linear,0.90814989,1.7412702,1.9173819,0.52826356,2.6413178,12793.732,OK,-0.17387175,BACKGROUND_TEST_AGREES,2,"SPOC,TESS-SPOC",-213.85028,789.44634,-0.27088641,-0.21213796,PDC_DEEPER_THAN_SAP,0.028022634,2.3453512,0.071645257,1.0310142,0.03149519,2218.8048,0.96357215,3060,OK,False,1.0310142,1.0027002,0.47039514,,fixed_b,not_measurable,not_measurable,,False,,0,0,1,1,0.1,1038.6689,982.24103,9,1.0238285,0,False,,0.09896084,891.32136,1124.8221,836.38,1179.7635,1008.0717,343.38349,84,515.36258,512.02141,11,1.050497,0,False,,0.073330929,730.04185,860.80082,699.27504,891.56763,795.42134,192.2926,84,0,3
K00924.01,,8951215,159647349,tic_kic_crossid,CANDIDATE,CANDIDATE,39.475909,173.31207,2.968,1012.6,42.8,-42.8,0.036074,0.938,44.7,6225,4.45,15.229,0,0,0,0,1,291.20804,45.244389,15,QUERY_RETURNED_ZERO_ROWS,lightkurve,QUERY_RETURNED_ZERO_ROWS,0,,,1.0539016,,1067.1808,45.10699,,,0,,0,,36,0,,,,,False,FLUX_COLUMN_NOT_PRESENT,,,,,,,,ENSEMBLE_NOT_ATTEMPTED,0,0,,0,0,0,,,,False,False,,,,,0,,,,,,,,,,,,,NO_USABLE_TRANSIT,,FLUX_COLUMN_NOT_PRESENT,,,,,,,,ENSEMBLE_NOT_ATTEMPTED,0,0,,0,0,0,,,,False,False,,,,,0,,,,,,,,,,,,,NO_USABLE_TRANSIT,,BACKGROUND_TEST_UNAVAILABLE,0,,,,,,,,,,,,,,0,too_few_points,False,,,,,inconclusive,not_measured,not_measured,,False,,0,0,1,1,0,,,0,,0,False,,,,,,,,,84,,,0,,0,False,,,,,,,,,84,0,3
K02253.01,Kepler-1159 b,8959839,270955277,tic_kic_crossid_over_name_planet,CONFIRMED,CANDIDATE,22.708237,133.72114,3.503,298.8,15.8,-15.8,0.015865,0.032,50.29,6170,4.472,14.574,0,0,0,0,1,294.26633,45.204311,15,OK,lightkurve,,8,"SPOC,TESS-SPOC","74,75,81,82",0.96483776,,288.29352,15.244437,3371.2815,3371.2815,238,35.351496,0,,158.59949,11,1.0687042,-1.5362448,-1870.7804,1386.9501,False,OK,PDCSAP_FLUX,SPOC,-1870.7804,1217.7619,analytic,1217.7619,,TOO_FEW_MEMBERS,2,0,SPOC/PDCSAP_FLUX=OK;TESS-SPOC/PDCSAP_FLUX=OK,5,4,4,"74,75,81,82",SPOC,120,False,False,17759.435,442.82631,0.17626899,2.5366185,4,,-7.4891517,4.2246617,-1.7727222,-1.7727222,linear,-6.4891517,-1.5362448,0.23674047,4.2246617,21.123308,4.3010173e+11,OK,-1.7727222,OK,SAP_FLUX,SPOC,-599.33984,314.66985,analytic,314.66985,,TOO_FEW_MEMBERS,2,0,SPOC/SAP_FLUX=OK;TESS-SPOC/SAP_FLUX=OK,5,4,4,"74,75,81,82",SPOC,120,False,False,5053.0606,602.89408,0.95369762,24.591616,4,sector_scatter,-3.0789223,1.0939146,-2.8145911,-2.8145911,linear,-2.0789223,-1.9046624,0.91617777,1.0939146,5.4695731,68140.726,OK,-2.8145911,BACKGROUND_TEST_UNAVAILABLE,0,,,,,,,0.02,3.6116429,0.47528083,1.0310142,0.13567823,-2422.4754,1.0406845,2472,OK,False,1.0310142,,,,inconclusive,not_measurable,not_measurable,,False,,0,0,1,1,0.1,1217.7619,1425.292,5,2.0894302,2,True,OK:2,,,,,,,,84,314.66985,723.95092,5,18.698316,2,True,OK:2,,,,,,,,84,0,3
K04583.01,,9007151,352013316,tic_kic_crossid,CANDIDATE,CANDIDATE,330.90604,253.8224,3.846,740,146,-146,0.024381,0.005,673,5461,4.589,15.77,0,0,0,0,1,285.66843,45.374771,15,OK,lightkurve,NO_USABLE_TRANSIT,4,"SPOC,TESS-SPOC","80,82",0.95632009,,707.67687,139.62273,3381.319,3381.319,16,158.29091,0,,532.56272,20,,,,,False,NO_USABLE_TRANSIT,PDCSAP_FLUX,SPOC,,,none,,,TOO_FEW_MEMBERS,2,0,SPOC/PDCSAP_FLUX=NO_USABLE_TRANSIT;TESS-SPOC/PDCSAP_FLUX=NO_USABLE_TRANSIT,0,2,0,"80,82",SPOC,120,False,False,,,,,2,,,,,,,,,,,,,NO_USABLE_TRANSIT,,NO_USABLE_TRANSIT,SAP_FLUX,SPOC,,,none,,,TOO_FEW_MEMBERS,2,0,SPOC/SAP_FLUX=NO_USABLE_TRANSIT;TESS-SPOC/SAP_FLUX=NO_USABLE_TRANSIT,0,2,0,"80,82",SPOC,120,False,False,,,,,2,,,,,,,,,,,,,NO_USABLE_TRANSIT,,BACKGROUND_TEST_UNAVAILABLE,0,,,,,,,0.023801296,,,,,,,0,too_few_points,False,,,,,inconclusive,not_measured,not_measured,,False,,0,0,1,1,0,,,0,,2,True,NO_USABLE_TRANSIT:2,,,,,,,,84,,,0,,2,True,NO_USABLE_TRANSIT:2,,,,,,,,84,0,3
K04198.01,,9072639,164559713,tic_kic_crossid,CANDIDATE,CANDIDATE,1.1828625,131.97137,2.928,22.3,1.6,-1.6,0.004368,0.284,3.039,6017,3.699,12.638,0,0,0,0,1,283.85291,45.48526,15,OK,lightkurve,,22,"QLP,SPOC,TESS-SPOC","14,26,40,41,53,54,55,75,80,81,82",0.96709847,,21.566296,1.5473576,3497.2193,3497.2193,4677,49.429552,0,,192.20866,16,1.220148,-0.67559476,-35.096151,64.970549,False,OK,PDCSAP_FLUX,QLP,-35.096151,112.68696,bootstrap,114.34388,19.395128,OK,4,3,SPOC/PDCSAP_FLUX=130ppm;TESS-SPOC/PDCSAP_FLUX=125ppm;QLP/KSPSAP_FLUX=OK;QLP/DET_FLUX=73ppm,226,11,11,"75,80,81,82,14,26,54,40,41,53,55","QLP,SPOC,TESS-SPOC","120,1800,600",False,False,3393.6304,319.66854,1.4589594,0.8258759,11,,-2.6273611,5.3026924,-0.49547681,-0.49547681,linear,-1.6273611,-0.31144819,0.19138235,5.3026924,26.513462,7.0538418e+12,OK,-0.49547681,OK,SAP_FLUX,QLP,-57.986068,102.86619,bootstrap,102.86908,0.77022365,OK,3,2,SPOC/SAP_FLUX=80ppm;TESS-SPOC/SAP_FLUX=78ppm;QLP/SAP_FLUX=OK,236,11,11,"75,80,81,82,14,26,54,40,41,53,55","QLP,SPOC,TESS-SPOC","120,1800,600",False,False,3340.108,167.05329,0.80279343,1.2020393,11,,-3.6887356,4.7707017,-0.7732061,-0.7732061,linear,-2.6887356,-0.56370384,0.20965388,4.7707017,23.853508,4.9342663e+11,OK,-0.7732061,BACKGROUND_TEST_AGREES,2,"SPOC,TESS-SPOC",-48.129034,128.19067,-0.3754488,-0.37815795,PDC_DEEPER_THAN_SAP,0.02,1.8518298,0.086176454,0.63245553,0.029431849,188.42515,1.0435878,42836,OK,False,0.63245553,,,0.79844564,inconclusive,not_measurable,not_measurable,,False,,0,0,1,1,1.4,51.948524,112.68696,240,3.6325388,1,True,OK:1,0.15516675,89.301741,128.092,72.504731,129.54922,124.99539,52.490656,84,49.217834,102.86619,248,3.4300379,1,True,OK:1,0.0097530899,78.202046,79.742493,77.839588,80.104952,78.97227,1.1326818,84,0,3
K07129.01,,9085039,159388851,tic_kic_crossid,CANDIDATE,CANDIDATE,64.198372,147.98378,0.934,248.2,55.3,-55.3,0.014753,0.347,501,6088,4.329,13.839,0,0,0,0,1,290.38025,45.445419,15,OK,lightkurve,,21,"QLP,SPOC,TESS-SPOC","14,15,40,41,54,55,74,75,80,81,82",0.96953603,,240.63884,53.615343,3502.0438,3502.1346,86,56.622749,130.75813,2.3092862,183.87825,34,5.3921665,2.0604334,5054.8057,11433.953,True,OK,PDCSAP_FLUX,QLP,11433.953,2120.4748,analytic,2120.4748,,TOO_FEW_MEMBERS,4,1,SPOC/PDCSAP_FLUX=NO_USABLE_TRANSIT;TESS-SPOC/PDCSAP_FLUX=NO_USABLE_TRANSIT;QLP/KSPSAP_FLUX=11434ppm;QLP/DET_FLUX=OK,2,11,2,"74,75,80,81,82,14,15,40,41,54,55","QLP,SPOC","120,1800,600",True,False,4821.7477,,,8.3907151,10,smeared;sector_scatter,3.8610453,0.29416827,13.125295,5.2769116,ln,47.514993,5.3921665,0.11348347,8.8148138,44.074069,3.3303565e+21,OK,13.125295,OK,SAP_FLUX,QLP,1897.5182,973.20652,analytic,973.20652,,TOO_FEW_MEMBERS,3,1,SPOC/SAP_FLUX=OK;TESS-SPOC/SAP_FLUX=OK;QLP/SAP_FLUX=8255ppm,3,11,3,"74,75,80,81,82,14,15,40,41,54,55","QLP,SPOC","120,1800,600",True,False,3898.9972,12035.332,5.0804293,17.07021,10,smeared;odd_even_significant;sector_scatter,6.8853363,4.0507032,1.6997879,1.6997879,linear,7.8853363,1.949759,0.2472639,4.0507032,20.253516,1.5043745e+11,OK,1.6997879,BACKGROUND_TEST_UNAVAILABLE,0,,,,,,,0.02,2.335,0.10222217,2.5,0.10944558,-4273.114,2.8185538,70,OK,True,2.5,1.0965205,2.5369549,,fixed_b,not_measurable,not_measurable,,False,,0,0,1,1,0.3,2120.4748,4745.248,3,8.3907151,3,True,NO_USABLE_TRANSIT:2;OK:1,,,,,,,,84,973.20652,4853.4483,4,17.07021,2,True,OK:2,,,,,,,,84,0.090804258,3
K06195.01,,9153823,159761678,tic_kic_crossid,CANDIDATE,CANDIDATE,1.4444861,132.31096,1.437,980.7,98.4,-98.4,0.028315,0.305,7.57,4569,4.686,15.356,0,0,0,0,1,291.48495,45.54567,15,OK,lightkurve,,12,"SPOC,TESS-SPOC","40,41,55,74,75,81",0.95336156,,934.96168,93.810777,3322.9099,3322.885,3709,37.349841,-35.927874,0.96192844,133.60452,20,3.1540101,2.2606094,1396.7822,1970.759,True,OK,PDCSAP_FLUX,SPOC,1970.759,613.8145,bootstrap,730.97161,396.92727,OK,2,2,SPOC/PDCSAP_FLUX=1971ppm;TESS-SPOC/PDCSAP_FLUX=3138ppm,101,6,6,"40,41,55,74,75,81",SPOC,120,False,False,29115.68,-945.20599,0.73870186,1.4055786,6,,0.74566847,0.38747989,1.9244056,1.402668,ln,2.10785,3.2106752,1.5231991,0.78981625,3.9490813,47578.025,OK,1.9244056,OK,SAP_FLUX,SPOC,693.06647,232.28601,bootstrap,244.37894,75.92283,OK,2,2,SPOC/SAP_FLUX=693ppm;TESS-SPOC/SAP_FLUX=916ppm,107,6,6,"40,41,55,74,75,81",SPOC,120,False,False,11272.559,-545.2617,1.1979121,2.8563962,6,,-0.29937963,0.36999721,-0.80914024,-0.90969611,ln,0.74127794,2.9836772,4.0250452,0.28440493,1.4220246,2940.9268,OK,-0.80914024,BACKGROUND_TEST_AGREES,2,"SPOC,TESS-SPOC",-1579.7846,541.20845,-2.9189947,-0.61843794,PDC_DEEPER_THAN_SAP,0.030276697,1.0916282,0.29279516,0.75965779,0.20375446,2174.4573,1.0894914,21567,OK,True,0.75965779,1.0137129,-1.0052106,0.70773719,fixed_b,not_measurable,not_measurable,,False,,0,0,1,1,0.7,624.84231,613.8145,108,0.99971981,0,False,,0.20140833,2157.5483,2951.4028,1970.759,3138.1921,2554.4755,1167.4331,84,237.84622,232.28601,111,0.89075773,0,False,,0.10954625,728.79486,880.64052,693.06647,916.36891,804.71769,223.30244,84,-0.024949913,3
K05642.01,,9217583,159761539,tic_kic_crossid,CANDIDATE,CANDIDATE,222.28056,131.8546,3.035,271.9,49.7,-49.7,0.015286,0.2151,555,6543,4.17,12.401,0,0,0,0,1,291.57455,45.618389,15,OK,lightkurve,,17,"QLP,SPOC,TESS-SPOC","14,15,40,41,54,55,74,75,81",0.96978989,,263.68587,48.198558,2855.0269,2855.0269,22,155.06034,0,,510.70603,30,2.3187215,1.4383704,515.70761,844.08046,False,OK,PDCSAP_FLUX,QLP,515.70761,358.53604,analytic,632.45597,521.011,OK,4,4,SPOC/PDCSAP_FLUX=642ppm;TESS-SPOC/PDCSAP_FLUX=1414ppm;QLP/KSPSAP_FLUX=1509ppm;QLP/DET_FLUX=217ppm,2,9,2,"40,41,54,55,14,15,74,75,81","QLP,SPOC","120,1800,200",False,False,3077.8067,-425.32691,0.54245084,0.29425291,8,,0.95576503,2.405995,0.39724315,0.39724315,linear,1.955765,1.4383704,0.73545152,2.405995,12.029975,44221761,OK,0.39724315,OK,SAP_FLUX,QLP,502.29595,385.21437,analytic,404.80746,124.41451,OK,3,3,SPOC/SAP_FLUX=623ppm;TESS-SPOC/SAP_FLUX=989ppm;QLP/SAP_FLUX=892ppm,2,9,2,"40,41,54,55,14,15,74,75,81","QLP,SPOC","120,1800,200",False,False,3234.9966,-353.05559,0.43509362,0.18930646,8,,0.90490276,1.5468401,0.58500082,0.58500082,linear,1.9049028,1.3039388,0.68451723,1.5468401,7.7342007,602306.39,OK,0.58500082,BACKGROUND_TEST_AGREES,2,"SPOC,TESS-SPOC",-214.77729,459.99333,-0.46691393,-0.20888148,PDC_DEEPER_THAN_SAP,0.02,6.126974,3.0187423,2.0187723,0.99464326,-275.7557,0.94382473,729,OK,True,2.0187723,1.0062806,1.2629531,,fixed_b,not_measurable,not_measurable,,False,,0,0,1,1,0.2,358.53604,153.26224,2,0.29425291,0,False,,1.0102837,421.17727,1463.1993,217.02035,1508.518,1028.2256,992.81035,84,385.21437,125.22009,2,0.18930646,0,False,,0.24769165,709.29968,958.1287,623.40844,989.33347,891.81856,487.03752,84,0,3
K07931.01,,9227215,271545489,tic_kic_crossid,CANDIDATE,CANDIDATE,242.0367,181.746,11.01,333.3,45.5,-45.5,0.017318,0.568,141.8,6086,4.36,15.055,0,0,0,0,1,295.22937,45.624889,15,OK,lightkurve,NO_USABLE_TRANSIT,4,"SPOC,TESS-SPOC","81,82",0.98062852,,326.84349,44.618598,3581.5901,3581.5901,23,542.92951,0,,864,12,,,,,False,NO_USABLE_TRANSIT,PDCSAP_FLUX,SPOC,,,none,,,TOO_FEW_MEMBERS,2,0,SPOC/PDCSAP_FLUX=NO_USABLE_TRANSIT;TESS-SPOC/PDCSAP_FLUX=NO_USABLE_TRANSIT,0,2,0,"81,82",SPOC,120,False,False,,,,,2,,,,,,,,,,,,,NO_USABLE_TRANSIT,,NO_USABLE_TRANSIT,SAP_FLUX,SPOC,,,none,,,TOO_FEW_MEMBERS,2,0,SPOC/SAP_FLUX=NO_USABLE_TRANSIT;TESS-SPOC/SAP_FLUX=NO_USABLE_TRANSIT,0,2,0,"81,82",SPOC,120,False,False,,,,,2,,,,,,,,,,,,,NO_USABLE_TRANSIT,,BACKGROUND_TEST_UNAVAILABLE,0,,,,,,,0.024934092,,,,,,,0,too_few_points,False,,,,,inconclusive,not_measured,not_measured,,False,,0,0,1,1,0,,,0,,2,True,NO_USABLE_TRANSIT:2,,,,,,,,84,,,0,,2,True,NO_USABLE_TRANSIT:2,,,,,,,,84,0,3
K05645.01,,9229807,272084378,tic_kic_crossid,CANDIDATE,CANDIDATE,580.85327,386.28779,16.63,,,,,,,,,15.927,0,0,0,0,1,296.12985,45.681862,15,QUERY_RETURNED_ZERO_ROWS,lightkurve,QUERY_RETURNED_ZERO_ROWS,0,,,0.96296296,teff_missing_default_used;logg_missing_4.5_used,,,,,0,,0,,36,0,,,,,False,FLUX_COLUMN_NOT_PRESENT,,,,,,,,ENSEMBLE_NOT_ATTEMPTED,0,0,,0,0,0,,,,False,False,,,,,0,,,,,,,,,,,,,NO_REFERENCE_DEPTH,,FLUX_COLUMN_NOT_PRESENT,,,,,,,,ENSEMBLE_NOT_ATTEMPTED,0,0,,0,0,0,,,,False,False,,,,,0,,,,,,,,,,,,,NO_REFERENCE_DEPTH,,BACKGROUND_TEST_UNAVAILABLE,0,,,,,,,,,,,,,,0,too_few_points,False,,,,,inconclusive,not_measured,not_measured,,False,,0,0,1,1,0,,,0,,0,False,,,,,,,,,84,,,0,,0,False,,,,,,,,,84,0,3
K00704.01,Kepler-1726 b,9266431,164721250,tic_kic_crossid_confirms_name_planet,CONFIRMED,CANDIDATE,18.396297,185.13946,2.7838,680.2,13.6,-13.6,0.02808,0.872,27.5,5316,4.57,13.704,0,0,0,0,1,284.38617,45.719711,15,OK,lightkurve,,31,"QLP,SPOC,TESS-SPOC","14,40,41,53,54,55,74,75,80,81,82",1.0344235,,703.61483,14.068159,3334.6693,3334.6693,289,12.515418,0,,79.303255,10,0.96340047,0.82360823,261.40988,305.02169,False,OK,PDCSAP_FLUX,QLP,261.40988,336.19178,bootstrap,568.77065,458.7757,OK,4,4,SPOC/PDCSAP_FLUX=261ppm;TESS-SPOC/PDCSAP_FLUX=378ppm;QLP/KSPSAP_FLUX=670ppm;QLP/DET_FLUX=1757ppm,11,11,7,"40,41,53,54,55,74,75,80,81,82,14","QLP,SPOC","120,1800",False,False,6784.1135,429.32605,0.67486356,2.2236247,20,,-0.62847588,0.81014675,-0.7757556,-0.7757556,linear,0.37152412,0.77756179,2.0928972,0.81014675,4.0507338,39711.732,OK,-0.7757556,OK,SAP_FLUX,QLP,37.159793,327.13382,bootstrap,481.34496,353.0955,OK,3,3,SPOC/SAP_FLUX=37ppm;TESS-SPOC/SAP_FLUX=66ppm;QLP/SAP_FLUX=1076ppm,13,11,8,"40,41,53,54,55,74,75,80,81,82,14","QLP,SPOC","120,1800",False,False,6277.7175,952.85794,1.7660623,2.9812087,20,,-0.94718731,0.68621904,-1.3802988,-1.3802988,linear,0.052812692,0.11359202,2.1508471,0.68621904,3.4310952,21045.455,OK,-1.3802988,BACKGROUND_TEST_AGREES,2,"SPOC,TESS-SPOC",-261.86167,355.23555,-0.73714941,-0.81870014,PDC_DEEPER_THAN_SAP,0.10589887,2.5400603,0.19712892,0.91244354,0.070812891,685.34607,1.0015971,4784,OK,False,0.91244354,0.96144512,-0.55972217,0.90002376,fixed_b,not_measurable,not_measurable,,False,,0,0,1,1,0.3,317.39591,336.19178,13,1.4675128,0,False,,1.7550052,317.51291,1235.0643,261.40988,1756.717,524.11586,1495.3071,84,269.64294,327.13382,15,1.9592683,0,False,,9.5020847,46.342541,752.53354,37.159793,1075.676,65.855879,1038.5162,84,0,3
K08180.01,,9268159,164891275,tic_kic_crossid,CANDIDATE,CANDIDATE,185.97534,299.6938,8.744,54.5,41.7,-41.7,0.006941,0.4,150.2,7365,3.628,10.554,0,0,0,0,1,285.32791,45.753738,15,OK,lightkurve,,24,"QLP,SPOC,TESS-SPOC","14,26,40,41,53,55,74,75,80,82",0.97763892,teff_clamped_to_grid,53.281321,40.767543,3340.0033,3340.0033,28,915.31318,0,,864,20,1.6982097,0.15127231,19.057,134.96481,False,OK,PDCSAP_FLUX,QLP,19.057,125.97811,analytic,125.97811,,TOO_FEW_MEMBERS,4,1,SPOC/PDCSAP_FLUX=NO_USABLE_TRANSIT;TESS-SPOC/PDCSAP_FLUX=19ppm;QLP/KSPSAP_FLUX=OK;QLP/DET_FLUX=NO_USABLE_TRANSIT,1,10,1,"74,75,80,82,14,26,40,41,53,55","QLP,SPOC,TESS-SPOC","120,1800,600",False,False,627.71474,,,,14,,-0.64233245,2.4856188,-0.25841953,-0.25841953,linear,0.35766755,0.15127231,0.42294112,2.4856188,12.428094,13305337,OK,-0.25841953,OK,SAP_FLUX,QLP,-54.792974,120.26396,analytic,120.26396,,TOO_FEW_MEMBERS,3,0,SPOC/SAP_FLUX=NO_USABLE_TRANSIT;TESS-SPOC/SAP_FLUX=OK;QLP/SAP_FLUX=OK,1,10,1,"74,75,80,82,14,26,40,41,53,55","QLP,SPOC,TESS-SPOC","120,1800,600",False,False,599.24269,,,,14,,-2.0283711,2.3838339,-0.85088613,-0.85088613,linear,-1.0283711,-0.45560593,0.44303648,2.3838339,11.919169,7998370.7,OK,-0.85088613,BACKGROUND_TEST_UNAVAILABLE,0,,,,,,,0.02,3.4976,0.11015758,0.4,0.012598076,-305.6357,0.83928481,262,OK,True,0.4,0.99670928,-7.5284579,0.93664366,tracks_b,not_measurable,not_measurable,,False,,0,0,1,1,0.2,125.97811,,3,0,3,True,NO_USABLE_TRANSIT:2;OK:1,,,,,,,,84,120.26396,,3,0,3,True,NO_USABLE_TRANSIT:1;OK:2,,,,,,,,84,0,3
K07932.01,,9278575,159519546,tic_kic_crossid,CANDIDATE,CANDIDATE,502.25648,162.5842,14.84,153.2,24.3,-24.3,0.011277,0.05,261,5637,4.46,13.339,0,0,0,0,1,290.89395,45.71664,15,OK,lightkurve,,20,"QLP,SPOC,TESS-SPOC","15,40,41,54,55,74,75,80,81,82",0.95969261,,147.02491,23.320531,3520.4055,3520.4055,11,673.75258,0,,864,14,1.1788904,-0.95196761,-379.66442,476.46844,False,OK,PDCSAP_FLUX,QLP,-379.66442,398.82074,analytic,398.82074,,TOO_FEW_MEMBERS,4,1,SPOC/PDCSAP_FLUX=OK;TESS-SPOC/PDCSAP_FLUX=494ppm;QLP/KSPSAP_FLUX=NO_USABLE_TRANSIT;QLP/DET_FLUX=OK,1,10,1,"74,75,80,81,82,15,40,41,54,55","QLP,SPOC","120,1800,600",False,False,5385.9579,,,,10,,-3.5823136,2.7177001,-1.3181416,-1.3181416,linear,-2.5823136,-0.95196761,0.3686491,2.7177001,13.5885,1.1716587e+08,OK,-1.3181416,OK,SAP_FLUX,QLP,55.202834,296.17434,analytic,296.17434,,TOO_FEW_MEMBERS,3,1,SPOC/SAP_FLUX=55ppm;TESS-SPOC/SAP_FLUX=OK;QLP/SAP_FLUX=OK,1,10,1,"74,75,80,81,82,15,40,41,54,55","QLP,SPOC","120,1800,600",False,False,3999.7482,,,,10,,-0.62453414,2.0213036,-0.30897592,-0.30897592,linear,0.37546586,0.18638628,0.49641338,2.0213036,10.106518,3602286.5,OK,-0.30897592,BACKGROUND_TEST_UNAVAILABLE,0,,,,,,,0.02,,,,,,,0,too_few_points,False,,,,,inconclusive,not_measurable,not_measurable,,False,,0,0,1,1,0.2,398.82074,,1,0,3,True,NO_USABLE_TRANSIT:1;OK:2,,,,,,,,84,296.17434,,1,0,2,True,OK:2,,,,,,,,84,0,3
K03975.01,Kepler-1536 b,9280239,62999585,name_planet,CONFIRMED,CANDIDATE,364.75156,135.47514,13.057,1481.5,68.3,-68.3,0.041985,0.875,120.9,4386,4.629,15.188,0,0,0,0,1,291.58517,45.71579,15,QUERY_RETURNED_ZERO_ROWS,lightkurve,QUERY_RETURNED_ZERO_ROWS,0,,,1.0470868,,1551.2591,71.516029,,,0,,0,,36,0,,,,,False,FLUX_COLUMN_NOT_PRESENT,,,,,,,,ENSEMBLE_NOT_ATTEMPTED,0,0,,0,0,0,,,,False,False,,,,,0,,,,,,,,,,,,,NO_USABLE_TRANSIT,,FLUX_COLUMN_NOT_PRESENT,,,,,,,,ENSEMBLE_NOT_ATTEMPTED,0,0,,0,0,0,,,,False,False,,,,,0,,,,,,,,,,,,,NO_USABLE_TRANSIT,,BACKGROUND_TEST_UNAVAILABLE,0,,,,,,,,,,,,,,0,too_few_points,False,,,,,inconclusive,not_measured,not_measured,,False,,0,0,1,1,0,,,0,,0,False,,,,,,,,,84,,,0,,0,False,,,,,,,,,84,0,3
K00936.01,Kepler-732 b,9388479,164555597,tic_kic_crossid_over_name_planet,CONFIRMED,CANDIDATE,9.4678215,178.41584,2.4327,2237,19.8,-19.8,0.042684,0.081,30.913,3582,4.807,15.073,0,0,0,0,2,283.73203,45.958771,15,OK,lightkurve,,27,"QLP,SPOC,TESS-SPOC","40,41,53,54,55,75,80,81,82",0.92573838,,2070.8768,18.32962,3351.2672,3351.2672,564,5.0330938,-0.0145962,0.0029000453,51.589781,10,5.7075729,5.7046857,2821.7779,2818.6876,True,OK,PDCSAP_FLUX,SPOC,2818.6876,439.99412,bootstrap,533.08506,300.97318,OK,4,3,SPOC/PDCSAP_FLUX=2819ppm;TESS-SPOC/PDCSAP_FLUX=3001ppm;QLP/KSPSAP_FLUX=OK;QLP/DET_FLUX=2116ppm,20,9,9,"40,41,53,54,55,75,80,81,82",SPOC,120,False,False,13440.144,299.10618,0.33570711,0.35761405,18,,0.30829933,0.19582316,1.5743762,1.3762788,ln,1.3611083,6.4061939,4.706601,0.26238024,1.3119012,5618.7579,OK,1.5743762,OK,SAP_FLUX,SPOC,1863.5966,282.32314,bootstrap,325.53098,162.06193,OK,3,3,SPOC/SAP_FLUX=1864ppm;TESS-SPOC/SAP_FLUX=1835ppm;QLP/SAP_FLUX=1387ppm,22,9,9,"40,41,53,54,55,75,80,81,82",SPOC,120,False,False,8940.9861,667.89628,1.1857806,0.59905846,18,,-0.10546382,0.18190948,-0.57975987,-0.60591741,ln,0.89990703,6.6009346,7.3351295,0.16519242,0.82596212,2659.1657,OK,-0.57975987,BACKGROUND_TEST_AGREES,2,"SPOC,TESS-SPOC",-1014.6373,443.03166,-2.2902139,-0.34866139,PDC_DEEPER_THAN_SAP,0.04119636,1.7924287,0.054754705,0.7368063,0.022507792,3085.382,1.0376756,7190,OK,False,0.7368063,1.0068666,-5.2665882,0.70748448,tracks_b,consistent,consistent,duration_not_fixed_b,False,,0,0,1,1,0.3,493.85048,439.99412,22,0.86839927,1,True,OK:1,0.10677777,2341.0534,2942.9997,2116.2843,3001.4995,2818.6876,702.40331,84,324.64455,282.32314,24,0.86002505,0,False,,0.086961916,1530.3613,1854.4852,1386.9438,1863.5966,1835.1235,476.65273,84,-1.013625e-05,3
K00936.02,Kepler-732 c,9388479,164555597,tic_kic_crossid_over_name_planet,CONFIRMED,CANDIDATE,0.89304097,134.54034,1.0981,741.7,10.2,-10.2,0.024717,0.009,6.394,3582,4.807,15.073,0,0,0,0,2,283.73203,45.958771,15,OK,lightkurve,,27,"QLP,SPOC,TESS-SPOC","40,41,53,54,55,75,80,81,82",0.92502203,,686.08884,9.4352247,3350.7913,3350.7913,6028,4.0466443,-0.0065886,0.0016281638,28.611433,10,4.3378534,4.3367498,920.35372,920.69991,True,OK,PDCSAP_FLUX,SPOC,920.69991,234.02448,bootstrap,529.36321,474.82413,OK,4,4,SPOC/PDCSAP_FLUX=921ppm;TESS-SPOC/PDCSAP_FLUX=416ppm;QLP/KSPSAP_FLUX=2207ppm;QLP/DET_FLUX=958ppm,236,9,9,"40,41,53,54,55,75,80,81,82",SPOC,120,False,False,13062.344,1116.5009,2.4070799,1.0137408,18,,0.29412703,0.57729118,0.5094951,0.44219729,ln,1.3419544,3.9342034,2.9316969,0.77330724,3.8665362,32092.91,OK,0.5094951,OK,SAP_FLUX,SPOC,593.80238,153.91634,bootstrap,456.73162,430.01573,OK,3,3,SPOC/SAP_FLUX=594ppm;TESS-SPOC/SAP_FLUX=386ppm;QLP/SAP_FLUX=1651ppm,258,9,9,"40,41,53,54,55,75,80,81,82",SPOC,120,False,False,9001.9826,395.10205,1.3208805,1.133537,18,,-0.14446055,0.77091044,-0.18738954,-0.20144812,ln,0.86548906,3.8579555,4.457544,0.66772002,3.3386001,18647.655,OK,-0.18738954,BACKGROUND_TEST_AGREES,2,"SPOC,TESS-SPOC",-224.02943,226.4868,-0.98915006,-0.33520783,PDC_DEEPER_THAN_SAP,0.024122714,1.3189547,0.019837936,1.2011244,0.018065692,650.78636,1.0949425,38529,OK,False,1.2011244,1.0038552,3.3111464,,duration_inconsistent,not_measurable,not_measurable,,False,,0,0,1,1,1.3,212.24782,234.02448,243,1.1062389,0,False,,0.51572083,658.23515,1607.8834,415.95999,2207.4071,939.54965,1286.7072,84,137.73143,153.91634,263,1.0865365,0,False,,0.72417314,452.63564,1312.6671,386.20423,1650.9564,593.80238,1057.154,84,-4.5754167e-06,3
K04640.01,Kepler-1618 b,9412623,271546110,tic_kic_crossid_confirms_name_planet,CONFIRMED,CANDIDATE,6.1082945,131.8756,3.493,61.1,6.8,-6.8,0.007529,0.63,10.53,6720,4.316,13.606,0,0,0,0,1,295.17538,45.930908,15,OK,lightkurve,,16,"QLP,SPOC,TESS-SPOC","14,15,40,41,74,75,81,82",0.98776706,,60.352567,6.716816,3364.6079,3364.6079,884,129.87648,0,,442.02444,24,1.2619292,1.2619292,321.02419,321.02419,False,OK,PDCSAP_FLUX,QLP,321.02419,243.58046,bootstrap,246.13382,35.361289,OK,4,3,SPOC/PDCSAP_FLUX=268ppm;TESS-SPOC/PDCSAP_FLUX=355ppm;QLP/KSPSAP_FLUX=372ppm;QLP/DET_FLUX=OK,33,8,8,"74,75,81,82,14,15,40,41","QLP,SPOC","120,1800,600",False,False,7706.6247,387.28596,0.78554473,0.4874998,8,,4.3191473,4.0800907,1.058591,1.058591,linear,5.3191473,1.317939,0.24777262,4.0800907,20.400453,4.3701872e+10,OK,1.058591,OK,SAP_FLUX,QLP,197.9382,133.59329,bootstrap,135.12682,20.300012,OK,3,3,SPOC/SAP_FLUX=131ppm;TESS-SPOC/SAP_FLUX=147ppm;QLP/SAP_FLUX=191ppm,33,8,8,"74,75,81,82,14,15,40,41","QLP,SPOC","120,1800,600",False,False,4731.2279,380.47092,1.5089316,0.66875911,8,,2.279698,2.2422792,1.0166878,1.0166878,linear,3.279698,1.4816477,0.45176345,2.2422792,11.211396,4464135.1,OK,1.0166878,BACKGROUND_TEST_AGREES,2,"SPOC,TESS-SPOC",-173.14271,256.27195,-0.67562097,-0.55613888,PDC_DEEPER_THAN_SAP,0.02,3.493,3.5363075,1,1.0123984,-254.87722,1.0651738,9436,OK,True,1,1.0160103,-0.015599329,0.63,fixed_b,not_measurable,not_measurable,,False,,0,0,1,1,0.4,254.39161,243.58046,34,1.0728031,1,True,OK:1,0.11015148,295.55688,366.27946,267.51581,371.51961,355.14414,53.508378,84,141.97011,133.59329,34,1.190549,0,False,,0.10255733,136.27998,176.88,131.26588,190.97179,146.93495,66.672319,84,0,3
K04346.01,,9509343,164407978,tic_kic_crossid,CANDIDATE,CANDIDATE,6.3926978,135.6101,2.138,174.3,18.3,-18.3,0.011795,0.011,23.11,5248,4.416,14.93,0,0,0,0,1,282.76062,46.177841,15,OK,lightkurve,,8,"SPOC,TESS-SPOC","74,80,81,82",0.95426174,,166.32782,17.46299,3504.6864,3504.6864,866,75.125872,0,,257.44762,24,2.2433839,-0.44785683,-371.08852,1911.7046,False,OK,PDCSAP_FLUX,SPOC,-371.08852,730.8853,bootstrap,730.8853,,TOO_FEW_MEMBERS,2,0,SPOC/PDCSAP_FLUX=OK;TESS-SPOC/PDCSAP_FLUX=OK,12,4,4,"74,80,81,82",SPOC,120,False,False,16880.203,-2304.6283,1.3673295,1.4851352,4,,-3.231067,4.3957841,-0.73503771,-0.73503771,linear,-2.231067,-0.5077247,0.22757035,4.3957841,21.97892,5.8383307e+11,OK,-0.73503771,OK,SAP_FLUX,SPOC,-265.74958,462.94686,bootstrap,462.94686,,TOO_FEW_MEMBERS,2,0,SPOC/SAP_FLUX=OK;TESS-SPOC/SAP_FLUX=OK,15,4,4,"74,80,81,82",SPOC,120,False,False,11460.791,-1547.7372,1.6712383,1.1470889,4,,-2.5977458,2.7857681,-0.93250611,-0.93250611,linear,-1.5977458,-0.57403906,0.35928059,2.7857681,13.928841,1.8628727e+08,OK,-0.93250611,BACKGROUND_TEST_UNAVAILABLE,0,,,,,,,0.02,3.2787857,2.2449,1.5335761,1.05,387.42045,1.0210896,3964,OK,True,1.5335761,,,,inconclusive,not_measurable,not_measurable,,False,,0,0,1,1,0.2,828.58739,730.8853,16,0.72761295,2,True,OK:2,,,,,,,,84,557.80822,462.94686,17,0.5434846,2,True,OK:2,,,,,,,,84,0,3
K00942.01,Kepler-735 b,9512687,164780824,tic_kic_crossid_over_name_planet,CONFIRMED,CANDIDATE,11.515172,174.85855,2.006,1357.4,30.3,-30.3,0.033306,0.311,43.2,5177,4.59,15.386,0,0,0,0,1,284.68887,46.172249,15,OK,lightkurve,,6,"SPOC,TESS-SPOC","80,81,82",0.959492,,1302.4144,29.072607,3523.6259,3523.6259,479,10.908958,0,,62.816873,12,1.4330561,0.69071336,1158.9323,2425.4376,False,OK,PDCSAP_FLUX,SPOC,1158.9323,1677.8774,analytic,1678.4716,44.65908,OK,2,2,SPOC/PDCSAP_FLUX=1159ppm;TESS-SPOC/PDCSAP_FLUX=1028ppm,6,3,3,"80,81,82",SPOC,120,False,False,23228.133,-958.16616,0.28460982,9.7372534,3,sector_scatter,-0.11016624,1.2899012,-0.085406728,-0.085406728,linear,0.88983376,0.69071336,0.77622742,1.2899012,6.4495061,822331.29,OK,-0.085406728,OK,SAP_FLUX,SPOC,-979.99989,805.80524,analytic,805.80524,,TOO_FEW_MEMBERS,2,0,SPOC/SAP_FLUX=OK;TESS-SPOC/SAP_FLUX=OK,7,3,3,"80,81,82",SPOC,120,False,False,12810.364,-1206.6741,0.74322879,14.629226,3,sector_scatter,-1.7524486,0.62111941,-2.8214359,-2.8214359,linear,-0.75244858,-1.2161746,1.6162894,0.62111941,3.1055971,27770.788,OK,-2.8214359,BACKGROUND_TEST_UNAVAILABLE,0,,,,,,,0.035565624,2.806999,1.0218286,1.3993016,0.50938616,1923.5704,1.0448893,1806,OK,False,1.3993016,0.9979902,0.91858823,,fixed_b,not_measurable,not_measurable,,False,,0,0,1,1,0.1,1677.8774,4305.2752,6,7.5033153,0,False,,0.038534675,1048.5981,1137.9163,1027.5821,1158.9323,1093.2572,131.35024,84,805.80524,2182.3361,7,8.754109,2,True,OK:2,,,,,,,,84,0,3
K03132.01,,9541295,273132397,tic_kic_crossid,CANDIDATE,CANDIDATE,0.53665032,131.71106,2.383,41.9,1.8,-1.8,0.006191,0.61,1.581,6020,3.922,12.649,0,0,0,0,1,297.32971,46.136089,15,OK,lightkurve,,16,"QLP,SPOC,TESS-SPOC","14,15,41,55,74,75,81,82",0.98360107,,41.212885,1.7704819,3362.8766,3362.9676,10059,32.866579,131.04117,3.9870645,134.34474,13,7.2903298,-13.74582,-524.16086,277.15179,True,OK,PDCSAP_FLUX,QLP,277.15179,54.256263,bootstrap,158.61174,149.04343,OK,4,4,SPOC/PDCSAP_FLUX=415ppm;TESS-SPOC/PDCSAP_FLUX=422ppm;QLP/KSPSAP_FLUX=19ppm;QLP/DET_FLUX=586ppm,367,8,8,"74,75,81,82,14,15,41,55","QLP,SPOC","120,1800,600",True,False,3160.6172,-18.996213,0.17618551,20.623512,8,smeared;sector_scatter,1.9058144,0.57607605,3.3082687,1.4873066,ln,6.724882,5.108199,0.75959682,3.8491605,19.245803,9.4054362e+09,OK,3.3082687,OK,SAP_FLUX,QLP,296.33844,49.807981,bootstrap,67.287649,45.241493,OK,3,3,SPOC/SAP_FLUX=412ppm;TESS-SPOC/SAP_FLUX=405ppm;QLP/SAP_FLUX=279ppm,380,8,8,"74,75,81,82,14,15,41,55","QLP,SPOC","120,1800,600",True,False,2978.3733,-42.003424,0.42239475,11.509012,8,smeared;sector_scatter,1.9727512,0.2364389,8.3435985,3.7884792,ln,7.1904319,5.9496176,0.82743536,1.634015,8.170075,145589,OK,8.3435985,BACKGROUND_TEST_AGREES,2,"SPOC,TESS-SPOC",-9.4829686,61.667687,-0.15377532,-0.022652886,PDC_DEEPER_THAN_SAP,0.02,2.3113163,0.10432353,0.9699187,0.043778232,177.9321,1.1448964,72068,OK,False,0.9699187,1.0175239,-0.55447196,0.64034672,fixed_b,not_measurable,not_measurable,,False,,0,0,1,1,1.9,38.016358,54.256263,386,1.772176,0,False,,0.53776823,209.17432,507.26118,18.871561,586.05069,418.62076,308.8989,84,34.798211,49.807981,396,1.8954259,0,False,,0.15266832,319.50693,409.98991,279.15486,412.21807,405.25507,115.87963,84,0.091000813,3
K03232.01,Kepler-1912 b,9569711,123444694,tic_kic_crossid_over_name_planet,CONFIRMED,CANDIDATE,6.0591988,133.67437,1.365,154.2,17.2,-17.2,0.011561,0.438,30.9,5734,4.462,12.253,0,0,0,0,1,282.11783,46.22393,15,OK,lightkurve,,34,"QLP,SPOC,TESS-SPOC","14,26,40,41,53,54,55,74,75,80,81,82",0.97126802,,149.76953,16.70581,3335.1245,3335.1672,886,41.430201,61.41681,1.4824164,144.7656,22,7.2548841,1.2123865,113.32279,589.1578,True,OK,PDCSAP_FLUX,QLP,589.1578,324.61923,bootstrap,1347.1939,1307.4991,OK,4,4,SPOC/PDCSAP_FLUX=131ppm;TESS-SPOC/PDCSAP_FLUX=102ppm;QLP/KSPSAP_FLUX=5127ppm;QLP/DET_FLUX=136ppm,46,12,12,"40,41,53,54,55,74,75,80,81,82,14,26","QLP,SPOC","120,1800",True,False,2598.0547,520.37505,0.98420977,12.211006,22,smeared;sector_scatter,2.9337628,8.9959441,0.32612061,0.32612061,linear,3.9337628,1.8149196,0.46136986,8.9959441,44.97972,5.1270535e+21,OK,0.32612061,OK,SAP_FLUX,QLP,318.69517,232.6963,bootstrap,1319.1164,1298.43,OK,3,3,SPOC/SAP_FLUX=23ppm;TESS-SPOC/SAP_FLUX=49ppm;QLP/SAP_FLUX=3842ppm,49,12,12,"40,41,53,54,55,74,75,80,81,82,14,26","QLP,SPOC","120,1800",True,False,2359.6738,232.16155,0.55855119,10.747444,22,smeared;sector_scatter,1.1279039,8.8084904,0.12804736,0.12804736,linear,2.1279039,1.3695756,0.64362661,8.8084904,44.042452,2.0082484e+21,OK,0.12804736,BACKGROUND_TEST_AGREES,2,"SPOC,TESS-SPOC",-81.040071,129.36117,-0.62646363,-0.69318995,PDC_DEEPER_THAN_SAP,0.02,1.6395349,0.41148851,1.2011244,0.30145678,132.3946,1.0518736,8281,OK,False,1.2011244,1.0138185,0.61431662,,fixed_b,not_measurable,not_measurable,,False,,0,0,1,1,0.6,81.208437,324.61923,49,4.3353327,0,False,,2.219268,116.32856,2731.3267,102.40044,5126.8261,133.80983,4537.6683,84,74.951276,232.6963,52,3.731668,0,False,,4.0742069,31.513873,2628.374,23.12928,3842.0412,49.331134,3523.346,84,0.042650562,3
K06209.01,,9655711,271041461,tic_kic_crossid,CANDIDATE,CANDIDATE,12.714363,134.79818,3.101,524.8,60.9,-60.9,0.020912,0.071,31.91,5947,4.481,16.154,0,0,0,0,2,294.444,46.335972,15,QUERY_RETURNED_ZERO_ROWS,lightkurve,QUERY_RETURNED_ZERO_ROWS,0,,,0.96344545,,505.61617,58.673828,,,0,,0,,36,0,,,,,False,FLUX_COLUMN_NOT_PRESENT,,,,,,,,ENSEMBLE_NOT_ATTEMPTED,0,0,,0,0,0,,,,False,False,,,,,0,,,,,,,,,,,,,NO_USABLE_TRANSIT,,FLUX_COLUMN_NOT_PRESENT,,,,,,,,ENSEMBLE_NOT_ATTEMPTED,0,0,,0,0,0,,,,False,False,,,,,0,,,,,,,,,,,,,NO_USABLE_TRANSIT,,BACKGROUND_TEST_UNAVAILABLE,0,,,,,,,,,,,,,,0,too_few_points,False,,,,,inconclusive,not_measured,not_measured,,False,,0,0,1,1,0,,,0,,0,False,,,,,,,,,84,,,0,,0,False,,,,,,,,,84,0,3
K06209.02,,9655711,271041461,tic_kic_crossid,CANDIDATE,CANDIDATE,7.7296694,138.92566,2.091,426.7,72.3,-72.3,0.02003,0.668,21.8,5947,4.481,16.154,0,0,0,0,2,294.444,46.335972,15,QUERY_RETURNED_ZERO_ROWS,lightkurve,QUERY_RETURNED_ZERO_ROWS,0,,,0.98897606,,421.99608,71.502969,,,0,,0,,36,0,,,,,False,FLUX_COLUMN_NOT_PRESENT,,,,,,,,ENSEMBLE_NOT_ATTEMPTED,0,0,,0,0,0,,,,False,False,,,,,0,,,,,,,,,,,,,NO_USABLE_TRANSIT,,FLUX_COLUMN_NOT_PRESENT,,,,,,,,ENSEMBLE_NOT_ATTEMPTED,0,0,,0,0,0,,,,False,False,,,,,0,,,,,,,,,,,,,NO_USABLE_TRANSIT,,BACKGROUND_TEST_UNAVAILABLE,0,,,,,,,,,,,,,,0,too_few_points,False,,,,,inconclusive,not_measured,not_measured,,False,,0,0,1,1,0,,,0,,0,False,,,,,,,,,84,,,0,,0,False,,,,,,,,,84,0,3
K05706.01,Kepler-1636 b,9715631,270854684,tic_kic_crossid_over_name_planet,CONFIRMED,CANDIDATE,425.48354,149.0438,17.856,996.6,60.3,-60.3,0.028707,0.03,187.2,5977,4.473,15.807,0,0,0,0,1,294.05762,46.441029,15,QUERY_RETURNED_ZERO_ROWS,lightkurve,QUERY_RETURNED_ZERO_ROWS,0,,,0.96331873,,960.04345,58.08812,,,0,,0,,36,0,,,,,False,FLUX_COLUMN_NOT_PRESENT,,,,,,,,ENSEMBLE_NOT_ATTEMPTED,0,0,,0,0,0,,,,False,False,,,,,0,,,,,,,,,,,,,NO_USABLE_TRANSIT,,FLUX_COLUMN_NOT_PRESENT,,,,,,,,ENSEMBLE_NOT_ATTEMPTED,0,0,,0,0,0,,,,False,False,,,,,0,,,,,,,,,,,,,NO_USABLE_TRANSIT,,BACKGROUND_TEST_UNAVAILABLE,0,,,,,,,,,,,,,,0,too_few_points,False,,,,,inconclusive,not_measured,not_measured,,False,,0,0,1,1,0,,,0,,0,False,,,,,,,,,84,,,0,,0,False,,,,,,,,,84,0,3
K03911.01,Kepler-1528 b,9761615,158487658,tic_kic_crossid_over_name_planet,CONFIRMED,CANDIDATE,1.79111,131.95636,2.0917,167.5,8,-8,0.011842,0.028,6.642,6040,4.469,14.496,0,0,0,0,1,287.40295,46.573978,15,OK,lightkurve,,8,"SPOC,TESS-SPOC","74,75,80,82",0.96370233,,161.42014,7.7096186,3366.9441,3366.9441,3016,24.047127,0,,103.51688,11,2.009916,-0.22594169,-106.06585,948.33004,False,OK,PDCSAP_FLUX,SPOC,-106.06585,547.96014,bootstrap,547.96014,,TOO_FEW_MEMBERS,2,1,SPOC/PDCSAP_FLUX=OK;TESS-SPOC/PDCSAP_FLUX=580ppm,50,4,4,"74,75,80,82",SPOC,120,False,False,18487.666,-17.374611,0.015904257,0.94407084,4,,-1.6570794,3.3953248,-0.48804739,-0.48804739,linear,-0.65707942,-0.1935649,0.29458373,3.3953248,16.976624,3.8090076e+09,OK,-0.48804739,OK,SAP_FLUX,SPOC,-188.11544,203.66264,bootstrap,203.66264,,TOO_FEW_MEMBERS,2,0,SPOC/SAP_FLUX=OK;TESS-SPOC/SAP_FLUX=OK,59,4,4,"74,75,80,82",SPOC,120,False,False,8078.7731,-633.82362,1.4831507,0.23966261,4,,-2.1653777,1.2635862,-1.7136763,-1.7136763,linear,-1.1653777,-0.92366198,0.7925859,1.2635862,6.317931,89333.892,OK,-1.7136763,BACKGROUND_TEST_UNAVAILABLE,0,,,,,,,0.02,4.3536289,0.50329198,2.081383,0.24061384,636.83996,1.0234307,15484,OK,True,2.081383,,,,inconclusive,not_measurable,not_measurable,,False,,0,0,1,1,0.3,469.43905,547.96014,53,1.4277838,1,True,OK:1,,,,,,,,84,189.05067,203.66264,61,1.2969813,2,True,OK:2,,,,,,,,84,0,3
K01489.01,Kepler-1753 b,9823487,158664331,tic_kic_crossid_over_name_planet,CONFIRMED,CANDIDATE,16.004604,140.47981,3.9475,831.9,28.2,-28.2,0.026678,0.49,27.96,5180,4.597,15.554,0,0,0,0,1,288.23666,46.605919,15,OK,lightkurve,,4,"SPOC,TESS-SPOC","80,82",0.96948732,,806.5165,27.339543,3511.0728,3511.0728,346,30.182335,0,,149.7595,10,0.47549543,-1.1764734,-3016.8333,1518.9687,False,OK,PDCSAP_FLUX,SPOC,-3016.8333,2564.3022,analytic,2564.3022,,TOO_FEW_MEMBERS,2,1,SPOC/PDCSAP_FLUX=OK;TESS-SPOC/PDCSAP_FLUX=99ppm,3,2,2,"80,82",SPOC,120,False,False,30761.474,-4456.3387,0.85780779,0.14487363,2,,-4.7405724,3.1800527,-1.4907213,-1.4907213,linear,-3.7405724,-1.1764734,0.31451694,3.1800527,15.900264,6.4864933e+09,OK,-1.4907213,OK,SAP_FLUX,SPOC,-403.40464,898.31014,analytic,898.31014,,TOO_FEW_MEMBERS,2,0,SPOC/SAP_FLUX=OK;TESS-SPOC/SAP_FLUX=OK,3,2,2,"80,82",SPOC,120,False,False,11195.515,34.821026,0.017990543,0.13877917,2,,-1.5001815,1.1154518,-1.3449092,-1.3449092,linear,-0.5001815,-0.44907056,0.89781521,1.1154518,5.5772592,212392.98,OK,-1.3449092,BACKGROUND_TEST_UNAVAILABLE,0,,,,,,,0.033926246,1.579,3.4460403,0.4,0.87296777,4039.6042,1.0155161,1183,OK,True,0.4,,,0.96116226,inconclusive,not_measurable,not_measurable,,False,,0,0,1,1,0.1,2564.3022,1862.6161,3,0.78454332,1,True,OK:1,,,,,,,,84,898.31014,221.73947,3,0.091277458,2,True,OK:2,,,,,,,,84,0,3
K02793.01,Kepler-1350 b,9823519,158664221,tic_kic_crossid_over_name_planet,CONFIRMED,CANDIDATE,4.4968607,134.20642,1.7306,1932.5,58.2,-58.2,0.039901,0.018,20.65,3698,4.81,16.283,0,0,0,0,2,288.25058,46.679611,15,OK,lightkurve,,16,"SPOC,TESS-SPOC","40,41,53,54,55,80,81,82",0.92890431,,1795.1076,54.062231,2810.3254,2810.3254,1077,20.528069,0,,87.543208,14,2.3842973,1.092902,1623.7463,3384.9341,False,OK,PDCSAP_FLUX,SPOC,1623.7463,1541.9063,bootstrap,1719.2865,760.57281,OK,2,2,SPOC/PDCSAP_FLUX=1624ppm;TESS-SPOC/PDCSAP_FLUX=3861ppm,37,8,8,"40,41,53,54,55,80,81,82",SPOC,120,False,False,50479.722,2534.7465,0.83761534,1.3755785,8,,-0.095460192,0.95953935,-0.099485438,-0.099485438,linear,0.90453981,1.0530771,1.1642131,0.95953935,4.7976968,215827.35,OK,-0.099485438,OK,SAP_FLUX,SPOC,1391.5811,1057.9187,bootstrap,1118.8144,364.07932,OK,2,2,SPOC/SAP_FLUX=1392ppm;TESS-SPOC/SAP_FLUX=2462ppm,41,8,8,"40,41,53,54,55,80,81,82",SPOC,120,False,False,32282.012,2469.3496,1.1908704,1.577798,8,,-0.22479238,0.62598485,-0.35910194,-0.35910194,linear,0.77520762,1.3153951,1.6968294,0.62598485,3.1299243,39263.036,OK,-0.35910194,BACKGROUND_TEST_AGREES,2,"SPOC,TESS-SPOC",-805.78202,1332.9307,-0.60451905,-0.29384127,PDC_DEEPER_THAN_SAP,0.038381976,1.7306,0.13026818,1,0.075273421,1746.0628,1.0242467,9657,OK,False,1,0.99812052,0.019847503,0.018,fixed_b,not_measurable,not_measurable,,False,,0,0,1,1,0.4,1485.7199,1541.9063,40,1.0332896,0,False,,0.46840619,1981.6629,3502.8085,1623.7463,3860.7251,2742.2357,2236.9788,84,992.3912,1057.9187,44,1.1415111,0,False,,0.26162997,1562.9125,2291.0711,1391.5811,2462.4026,1926.9918,1070.8215,84,0,3
K02793.02,Kepler-1350 c,9823519,158664221,tic_kic_crossid_over_name_planet,CONFIRMED,CANDIDATE,1.7667895,133.08336,1.3345,1009.8,44,-44,0.028909,0.066,10.402,3698,4.81,16.283,0,0,0,0,2,288.25058,46.679611,15,OK,lightkurve,,16,"SPOC,TESS-SPOC","40,41,53,54,55,80,81,82",0.92932119,,938.42854,40.890133,2810.6202,2810.6202,2742,27.497742,0,,102.51073,18,1.9753544,-0.18403926,-188.24338,2002.8735,False,OK,PDCSAP_FLUX,SPOC,-188.24338,1005.0571,bootstrap,1005.0571,,TOO_FEW_MEMBERS,2,0,SPOC/PDCSAP_FLUX=OK;TESS-SPOC/PDCSAP_FLUX=OK,101,8,8,"40,41,53,54,55,80,81,82",SPOC,120,False,False,46421.999,-575.02006,0.28978892,1.2229396,8,,-1.2005943,1.0730517,-1.1188597,-1.1188597,linear,-0.20059426,-0.1872962,0.93370671,1.0730517,5.3652583,199741.2,OK,-1.1188597,OK,SAP_FLUX,SPOC,-221.80551,635.69964,bootstrap,635.69964,,TOO_FEW_MEMBERS,2,0,SPOC/SAP_FLUX=OK;TESS-SPOC/SAP_FLUX=OK,115,8,8,"40,41,53,54,55,80,81,82",SPOC,120,False,False,32458.895,-324.55475,0.25509031,1.2783188,8,,-1.2363584,0.68064758,-1.8164443,-1.8164443,linear,-0.23635844,-0.34891558,1.4762137,0.68064758,3.4032379,27271.933,OK,-1.8164443,BACKGROUND_TEST_UNAVAILABLE,0,,,,,,,0.028216308,2.3125045,0.070641863,1.7328621,0.052935079,-1273.0132,1.0371699,20075,OK,False,1.7328621,,,,inconclusive,not_measurable,not_measurable,,False,,0,0,1,1,0.7,1022.8436,1005.0571,107,0.89561453,2,True,OK:2,,,,,,,,84,661.12211,635.69964,120,0.88972725,2,True,OK:2,,,,,,,,84,0,3
K04192.01,Kepler-1564 b,9828127,159395366,tic_kic_crossid_over_name_planet,CONFIRMED,CANDIDATE,18.054147,147.7943,4.587,283.1,16.2,-16.2,0.015187,0.175,30.07,5505,4.501,15.004,0,0,0,0,2,290.58612,46.642689,15,OK,lightkurve,,4,"SPOC,TESS-SPOC","80,82",0.95842908,,271.33127,15.526551,3505.3633,3505.3633,306,66.232808,0,,267.50342,13,2.1071224,-0.75961655,-2059.9279,5472.1509,False,OK,PDCSAP_FLUX,SPOC,-2059.9279,2711.7996,analytic,2711.7996,,TOO_FEW_MEMBERS,2,0,SPOC/PDCSAP_FLUX=OK;TESS-SPOC/PDCSAP_FLUX=OK,2,2,2,"80,82",SPOC,120,False,False,33204.714,-6346.4063,1.0554072,1.1138844,2,,-8.5919294,9.9947123,-0.8596475,-0.8596475,linear,-7.5919294,-0.75961655,0.1000558,9.9947123,49.973562,1.3700671e+24,OK,-0.8596475,OK,SAP_FLUX,SPOC,-336.40323,438.95015,analytic,438.95015,,TOO_FEW_MEMBERS,2,0,SPOC/SAP_FLUX=OK;TESS-SPOC/SAP_FLUX=OK,3,2,2,"80,82",SPOC,120,False,False,6515.4692,-781.10215,0.81363872,1.6999227,2,,-2.2398248,1.6195484,-1.3829934,-1.3829934,linear,-1.2398248,-0.76638141,0.61813687,1.6195484,8.0977421,891604.86,OK,-1.3829934,BACKGROUND_TEST_UNAVAILABLE,0,,,,,,,0.02,11.4675,4.81635,2.5,1.05,1149.7485,1.1102978,1212,OK,True,2.5,,,,inconclusive,not_measurable,not_measurable,,False,,0,0,1,1,0.1,2711.7996,2299.3682,4,1.1138844,2,True,OK:2,,,,,,,,84,438.95015,342.792,4,0.85175755,2,True,OK:2,,,,,,,,84,0,3
K04192.02,,9828127,159395366,tic_kic_crossid_over_name_planet,CANDIDATE,CANDIDATE,32.027317,150.635,5.144,161.7,20.3,-20.3,0.011529,0.259,46.5,5505,4.501,15.004,0,0,0,0,2,290.58612,46.642689,15,OK,lightkurve,,4,"SPOC,TESS-SPOC","80,82",0.96043583,,155.30247,19.496847,3492.3335,3492.1192,172,229.01412,-308.67086,1.3478246,764.20235,26,4.0062855,0.057009117,156.20521,10866.705,True,OK,PDCSAP_FLUX,SPOC,10866.705,2712.4142,analytic,4482.0043,3568.0768,OK,2,2,SPOC/PDCSAP_FLUX=10867ppm;TESS-SPOC/PDCSAP_FLUX=372ppm,2,2,2,"80,82",SPOC,120,False,False,33974.28,,,3.9624976,2,sector_scatter,4.2480842,0.43402532,9.7876413,2.3898428,ln,69.971232,4.0062855,0.05725618,28.860155,144.30077,7.2478385e+64,OK,9.7876413,OK,SAP_FLUX,SPOC,242.72354,490.06378,analytic,490.06378,,TOO_FEW_MEMBERS,2,1,SPOC/SAP_FLUX=243ppm;TESS-SPOC/SAP_FLUX=OK,2,2,2,"80,82",SPOC,120,False,False,6018.6944,,,0.1764425,2,,0.5629084,3.158436,0.17822378,0.17822378,linear,1.5629084,0.4952897,0.31690257,3.158436,15.79218,1.1210759e+09,OK,0.17822378,BACKGROUND_TEST_DISAGREES,1,SPOC,-10623.982,2756.3296,-3.8543946,-0.97766356,PDC_DEEPER_THAN_SAP,0.02,6.5677754,5.1559584,1.2767837,1.0023247,3085.9429,1.263402,771,OK,True,1.2767837,1.0896036,0.19976652,,fixed_b,not_measurable,not_measurable,,False,,0,0,1,1,0.1,2712.4142,4265.5348,2,3.9624976,0,False,,0.32834946,2051.4568,9187.6105,372.36184,10866.705,5619.5337,10494.344,84,490.06378,146.5406,2,0.1764425,1,True,OK:1,,,,,,,,84,-0.21435477,3
K01715.01,Kepler-1766 b,9836959,270958237,tic_kic_crossid_over_name_planet,CONFIRMED,CANDIDATE,105.01458,228.94455,7.426,296,9.8,-9.8,0.020157,0.954,39.2,5868,4.363,12.9,0,0,0,0,1,294.27728,46.675282,15,OK,lightkurve,,23,"QLP,SPOC,TESS-SPOC","14,15,40,54,55,74,75,81,82",1.0724847,,317.45546,10.51035,3312.6735,3312.6735,50,35.338363,0,,217.40509,9,2.2507182,0.36382031,116.18229,695.15794,False,OK,PDCSAP_FLUX,QLP,116.18229,319.33975,analytic,320.16096,22.916487,OK,4,2,SPOC/PDCSAP_FLUX=116ppm;TESS-SPOC/PDCSAP_FLUX=OK;QLP/KSPSAP_FLUX=OK;QLP/DET_FLUX=49ppm,2,9,2,"40,54,55,74,75,81,82,14,15","QLP,SPOC","120,1800",False,False,4965.057,-11.166844,0.01601635,0.00025652345,14,,-0.63402019,1.0103038,-0.62755402,-0.62755402,linear,0.36597981,0.36382031,0.99409941,1.0103038,5.0515189,49288.015,OK,-0.62755402,OK,SAP_FLUX,QLP,-259.73414,296.27975,analytic,296.27975,,TOO_FEW_MEMBERS,3,0,SPOC/SAP_FLUX=OK;TESS-SPOC/SAP_FLUX=OK;QLP/SAP_FLUX=OK,2,9,2,"40,54,55,74,75,81,82,14,15","QLP,SPOC","120,1800",False,False,4450.7089,-1063.6425,1.7206467,2.9606252,14,,-1.8181751,0.93522009,-1.9441146,-1.9441146,linear,-0.81817506,-0.87665168,1.071472,0.93522009,4.6761005,33761.59,OK,-1.9441146,BACKGROUND_TEST_UNAVAILABLE,0,,,,,,,0.19070469,18.565,4.3947729,2.5,0.5918089,249.00171,1.0564447,2228,OK,True,2.5,0.93599531,3.9987881,0.47375458,tracks_b,not_measurable,not_measurable,,False,,0,0,1,1,0.2,319.33975,4.0228166,4,0.00025652345,2,True,OK:2,0.19724596,59.565084,105.39806,48.780855,116.18229,82.481571,67.401432,84,296.27975,375.73156,4,2.9606252,3,True,OK:3,,,,,,,,84,0,3
K04230.01,Kepler-1572 b,9872831,123413463,tic_kic_crossid_over_name_planet,CONFIRMED,CANDIDATE,5.4954853,133.63966,2.461,85.8,7.1,-7.1,0.008542,0.202,16.87,6157,4.159,13.95,0,0,0,0,1,281.89731,46.722664,15,OK,lightkurve,,21,"QLP,SPOC,TESS-SPOC","14,40,41,53,54,55,74,75,80,81,82",0.96642695,,82.919432,6.8616313,3484.1069,3484.1069,1004,39.22036,0,,154.57608,16,1.4102934,-0.53303798,-108.31103,299.28924,False,OK,PDCSAP_FLUX,QLP,-108.31103,239.57161,bootstrap,239.57161,,TOO_FEW_MEMBERS,4,1,SPOC/PDCSAP_FLUX=OK;TESS-SPOC/PDCSAP_FLUX=OK;QLP/KSPSAP_FLUX=OK;QLP/DET_FLUX=369ppm,48,11,11,"74,75,80,81,82,14,40,41,53,54,55","QLP,SPOC","120,1800,600",True,False,6086.7632,-430.51348,0.88015215,1.5641718,10,smeared,-2.3062201,2.8908267,-0.79777182,-0.79777182,linear,-1.3062201,-0.45210293,0.34611544,2.8908267,14.454133,1.5703863e+08,OK,-0.79777182,OK,SAP_FLUX,QLP,-61.067389,220.62228,bootstrap,220.62228,,TOO_FEW_MEMBERS,3,1,SPOC/SAP_FLUX=OK;TESS-SPOC/SAP_FLUX=OK;QLP/SAP_FLUX=146ppm,50,11,11,"74,75,80,81,82,14,40,41,53,54,55","QLP,SPOC","120,1800,600",True,False,5974.6349,-354.98302,0.79658404,1.6040732,10,smeared,-1.7364666,2.6624385,-0.65220908,-0.65220908,linear,-0.73646656,-0.27679612,0.37584343,2.6624385,13.312192,50126492,OK,-0.65220908,BACKGROUND_TEST_UNAVAILABLE,0,,,,,,,0.02,0.9844,0.063960675,0.4,0.025989709,-441.59988,1.2346009,9596,OK,True,0.4,,,0.92786879,inconclusive,not_measurable,not_measurable,,False,,0,0,1,1,0.4,203.1957,239.57161,51,1.3347885,3,True,OK:3,,,,,,,,84,190.33762,220.62228,53,1.2990537,2,True,OK:2,,,,,,,,84,0,3
K00956.01,Kepler-742 b,9875711,164558468,tic_kic_crossid_over_name_planet,CONFIRMED,CANDIDATE,8.3608707,175.64459,2.7144,2039.7,19.2,-19.2,0.041502,0.494,21.6,4743,4.516,15.223,0,0,0,0,1,283.86603,46.789589,15,OK,lightkurve,,6,"SPOC,TESS-SPOC","80,81,82",0.96769738,,1973.8123,18.57979,3518.4584,3518.4584,659,5.8101219,0,,58.146366,8,0.67044888,-0.067060291,-79.387519,799.85412,False,OK,PDCSAP_FLUX,SPOC,-79.387519,1183.8231,analytic,1183.8231,,TOO_FEW_MEMBERS,2,1,SPOC/PDCSAP_FLUX=OK;TESS-SPOC/PDCSAP_FLUX=483ppm,6,3,3,"80,81,82",SPOC,120,False,False,18948.927,-123.55238,0.052114376,0.043033278,3,,-1.0402204,0.60191889,-1.7281737,-1.7281737,linear,-0.040220399,-0.067060291,1.6673204,0.60191889,3.0095945,38053.473,OK,-1.7281737,OK,SAP_FLUX,SPOC,635.29455,382.18077,bootstrap,435.77395,209.37238,OK,2,2,SPOC/SAP_FLUX=635ppm;TESS-SPOC/SAP_FLUX=1251ppm,8,3,3,"80,81,82",SPOC,120,False,False,16853.291,-861.5442,0.46968413,0.23164993,3,,-0.67813832,0.22656444,-2.9931366,-2.9931366,linear,0.32186168,1.6622881,5.164604,0.22656444,1.1328222,4153.7013,OK,-2.9931366,BACKGROUND_TEST_AGREES,1,TESS-SPOC,768.46835,1389.5978,0.55301496,1.5922604,SAP_DEEPER_THAN_PDC,0.052078765,1.7167373,2.85012,0.63245553,1.05,1074.4577,1.0129907,2673,OK,True,0.63245553,,,0.86513019,inconclusive,not_measurable,not_measurable,,False,,0,0,1,1,0.1,1183.8231,234.4264,7,0.041709141,1,True,OK:1,,,,,,,,84,912.66066,382.18077,9,0.30100182,0,False,,0.32956741,733.82272,1152.5675,635.29455,1251.0957,943.1951,615.80111,84,0,3
K01872.01,,9883311,158664101,tic_kic_crossid,CANDIDATE,CANDIDATE,30.523146,146.85072,2.7286,2212.3,67.8,-67.8,0.130484,1.06,33.7,5518,4.585,15.841,0,0,0,0,1,288.31332,46.771431,15,OK,lightkurve,,6,"SPOC,TESS-SPOC","80,81,82",1.2928768,,2860.2313,87.657045,3535.0633,3535.0633,182,17.500116,0,,93.429349,9,1.7961117,0.11174701,737.82714,12266.19,False,OK,PDCSAP_FLUX,SPOC,737.82714,6602.6564,analytic,6602.6564,,TOO_FEW_MEMBERS,2,1,SPOC/PDCSAP_FLUX=738ppm;TESS-SPOC/PDCSAP_FLUX=OK,1,3,1,"80,81,82",SPOC,120,False,False,40905.587,,,,3,,-0.74203934,2.3091793,-0.32134332,-0.32134332,linear,0.25796066,0.11174701,0.43319402,2.3091793,11.545896,2.9560789e+08,OK,-0.32134332,OK,SAP_FLUX,SPOC,98.049622,2160.556,analytic,2160.556,,TOO_FEW_MEMBERS,2,1,SPOC/SAP_FLUX=98ppm;TESS-SPOC/SAP_FLUX=OK,2,3,2,"80,81,82",SPOC,120,False,False,19354.416,-86.310362,0.019429919,0.00037752175,3,,-0.96571969,0.75765116,-1.2746231,-1.2746231,linear,0.034280312,0.045381661,1.3238404,0.75765116,3.7882558,123502.71,OK,-1.2746231,BACKGROUND_TEST_AGREES,1,SPOC,-639.77752,6947.1631,-0.092091911,-0.86711031,PDC_DEEPER_THAN_SAP,0.5,1.1252902,1.196196,0.4124057,0.43839186,-14766.154,0.93735494,409,OK,True,0.4124057,0.29390631,0.3181663,1.1188096,fixed_b,not_measurable,not_measurable,,False,,0,0,1,1,0.1,6602.6564,,1,0,1,True,OK:1,,,,,,,,84,2160.556,30.278788,2,0.00037752175,1,True,OK:1,,,,,,,,84,0,3
K01846.01,Kepler-976 b,9886255,159174942,tic_kic_crossid_over_name_planet,CONFIRMED,CANDIDATE,105.95668,182.05127,6.9988,2286.4,49.6,-49.6,0.043403,0.322,114.8,5327,4.581,15.795,0,0,0,0,1,289.86963,46.72971,15,OK,lightkurve,NO_USABLE_TRANSIT,4,"SPOC,TESS-SPOC","80,82",0.96111153,,2197.4854,47.671132,3524.7986,3524.7986,52,29.619512,0,,193.84054,4,,,,,False,NO_USABLE_TRANSIT,PDCSAP_FLUX,SPOC,,,none,,,TOO_FEW_MEMBERS,2,0,SPOC/PDCSAP_FLUX=NO_USABLE_TRANSIT;TESS-SPOC/PDCSAP_FLUX=NO_USABLE_TRANSIT,0,2,0,"80,82",SPOC,120,False,False,,,,,2,,,,,,,,,,,,,NO_USABLE_TRANSIT,,NO_USABLE_TRANSIT,SAP_FLUX,SPOC,,,none,,,TOO_FEW_MEMBERS,2,0,SPOC/SAP_FLUX=NO_USABLE_TRANSIT;TESS-SPOC/SAP_FLUX=NO_USABLE_TRANSIT,0,2,0,"80,82",SPOC,120,False,False,,,,,2,,,,,,,,,,,,,NO_USABLE_TRANSIT,,BACKGROUND_TEST_UNAVAILABLE,0,,,,,,,0.04619795,,,,,,,0,too_few_points,False,,,,,inconclusive,not_measured,not_measured,,False,,0,0,1,1,0,,,0,,2,True,NO_USABLE_TRANSIT:2,,,,,,,,84,,,0,,2,True,NO_USABLE_TRANSIT:2,,,,,,,,84,0,3
K02803.01,Kepler-1877 b,9898447,271355270,tic_kic_crossid_confirms_name_planet,CONFIRMED,CANDIDATE,2.3775244,133.39854,2.307,32.1,2.3,-2.3,0.005152,0.256,7.677,5615,4.505,12.258,0,0,0,0,1,294.86688,46.790562,15,OK,lightkurve,,28,"QLP,SPOC,TESS-SPOC","14,15,40,41,54,55,74,75,81,82",0.96243432,,30.894142,2.2135989,3330.0936,3330.0535,2256,44.42337,-57.693456,1.2987186,167.87511,16,6.2297411,1.6345826,78.790005,296.2005,True,OK,PDCSAP_FLUX,QLP,296.2005,149.88319,bootstrap,264.82985,218.33433,OK,4,4,SPOC/PDCSAP_FLUX=107ppm;TESS-SPOC/PDCSAP_FLUX=104ppm;QLP/KSPSAP_FLUX=793ppm;QLP/DET_FLUX=270ppm,103,10,10,"40,41,54,55,74,75,81,82,14,15","QLP,SPOC","120,1800",True,False,2690.8136,-253.27543,0.95191019,7.308939,18,smeared;sector_scatter,8.5875945,8.5726159,1.0017473,1.0017473,linear,9.5875945,1.9762089,0.20612145,8.5726159,42.863079,1.273723e+20,OK,1.0017473,OK,SAP_FLUX,QLP,267.19215,132.14074,bootstrap,221.59547,177.88585,OK,3,3,SPOC/SAP_FLUX=103ppm;TESS-SPOC/SAP_FLUX=80ppm;QLP/SAP_FLUX=604ppm,106,10,10,"40,41,54,55,74,75,81,82,14,15","QLP,SPOC","120,1800",True,False,2482.5924,-211.24862,0.84931856,4.8674132,18,smeared;sector_scatter,2.1574015,0.83393836,2.5870035,1.0662695,ln,8.6486348,2.022027,0.23379725,7.1732664,35.866332,1.1652691e+17,OK,2.5870035,BACKGROUND_TEST_AGREES,2,"SPOC,TESS-SPOC",-13.213485,54.310983,-0.24329306,-0.12520896,PDC_DEEPER_THAN_SAP,0.02,1.5509826,0.36293979,0.67229415,0.1573211,102.88597,1.0600827,28857,OK,True,0.67229415,1.0115496,-1.66386,0.76374266,fixed_b,not_measurable,not_measurable,,False,,0,0,1,1,0.8,47.546198,149.88319,108,2.6460928,0,False,,0.73711667,105.4872,542.15586,104.42483,793.32981,188.34442,497.1293,84,43.875962,132.14074,111,2.7419422,0,False,,0.66576002,87.535782,443.30748,80.48857,603.68225,102.51111,336.4901,84,-0.0400649,3
K05736.01,,9935983,164556407,tic_kic_crossid,CANDIDATE,CANDIDATE,161.6515,289.32322,2.509,253.6,39.9,-39.9,0.015758,0.736,344,5725,4.212,13.756,0,0,0,0,1,283.67346,46.82272,15,OK,lightkurve,NO_USABLE_TRANSIT,28,"QLP,SPOC,TESS-SPOC","14,40,41,53,54,55,75,80,81,82",0.99741823,,252.94526,39.796987,3295.1712,3295.1712,32,103.70572,0,,348.75217,20,,,,,False,NO_USABLE_TRANSIT,PDCSAP_FLUX,QLP,,,none,,,TOO_FEW_MEMBERS,4,0,SPOC/PDCSAP_FLUX=NO_USABLE_TRANSIT;TESS-SPOC/PDCSAP_FLUX=NO_USABLE_TRANSIT;QLP/KSPSAP_FLUX=NO_USABLE_TRANSIT;QLP/DET_FLUX=NO_USABLE_TRANSIT,0,10,0,"40,41,53,54,55,75,80,81,82,14","QLP,SPOC","120,1800",False,False,,,,,18,,,,,,,,,,,,,NO_USABLE_TRANSIT,,NO_USABLE_TRANSIT,SAP_FLUX,QLP,,,none,,,TOO_FEW_MEMBERS,3,0,SPOC/SAP_FLUX=NO_USABLE_TRANSIT;TESS-SPOC/SAP_FLUX=NO_USABLE_TRANSIT;QLP/SAP_FLUX=NO_USABLE_TRANSIT,0,10,0,"40,41,53,54,55,75,80,81,82,14","QLP,SPOC","120,1800",False,False,,,,,18,,,,,,,,,,,,,NO_USABLE_TRANSIT,,BACKGROUND_TEST_UNAVAILABLE,0,,,,,,,0.033260995,,,,,,,0,too_few_points,False,,,,,inconclusive,not_measured,not_measured,,False,,0,0,1,1,0.2,,,0,,4,True,NO_USABLE_TRANSIT:4,,,,,,,,84,,,0,,3,True,NO_USABLE_TRANSIT:3,,,,,,,,84,0,3
K00722.01,Kepler-655 b,9965439,273044848,tic_kic_crossid_over_name_planet,CONFIRMED,CANDIDATE,46.40626,192.99633,7.0281,469.1,10.8,-10.8,0.019827,0.018,51.44,6086,4.276,13.489,0,0,0,0,1,297.25909,46.843189,15,OK,lightkurve,,16,"QLP,SPOC,TESS-SPOC","14,15,41,54,74,75,81,82",0.96408186,,452.2508,10.412084,3362.7162,3362.7162,115,28.394035,0,,190.60361,9,2.3838991,0.42000441,165.39468,985.97758,False,OK,PDCSAP_FLUX,QLP,165.39468,393.79273,analytic,395.03691,31.328074,OK,4,3,SPOC/PDCSAP_FLUX=268ppm;TESS-SPOC/PDCSAP_FLUX=244ppm;QLP/KSPSAP_FLUX=OK;QLP/DET_FLUX=176ppm,5,8,5,"74,75,81,82,14,15,41,54","QLP,SPOC","120,1800,600",False,False,6873.66,-1029.1775,1.1234298,1.2040161,8,,-0.63428549,0.87522352,-0.72471258,-0.72471258,linear,0.36571451,0.42000441,1.1484488,0.87522352,4.3761176,35514.654,OK,-0.72471258,OK,SAP_FLUX,QLP,273.29409,364.04488,analytic,369.66763,64.229918,OK,3,3,SPOC/SAP_FLUX=242ppm;TESS-SPOC/SAP_FLUX=178ppm;QLP/SAP_FLUX=367ppm,5,8,5,"74,75,81,82,14,15,41,54","QLP,SPOC","120,1800,600",False,False,6376.5327,-1131.6262,1.3475682,1.7457816,8,,-0.39570237,0.81924657,-0.48300766,-0.48300766,linear,0.60429763,0.75071537,1.2422941,0.81924657,4.0962329,26734.085,OK,-0.48300766,BACKGROUND_TEST_AGREES,2,"SPOC,TESS-SPOC",-47.153422,395.68037,-0.11917049,-0.18421814,PDC_DEEPER_THAN_SAP,0.02,6.4127444,3.2367126,0.91244354,0.46053879,313.59848,1.0276603,3444,OK,False,0.91244354,0.99231221,-0.16539298,0.41763896,fixed_b,not_measurable,not_measurable,,False,,0,0,1,1,0.2,393.79273,405.45926,5,1.2040161,1,True,OK:1,0.18941404,197.57081,260.22696,175.66212,267.80351,244.12678,102.40883,84,364.04488,415.93701,5,1.7457816,0,False,,0.23502125,198.57841,327.03824,178.08608,366.9976,242.1246,95.208008,84,0,3
K02418.01,Kepler-1229 b,10027247,273373582,tic_kic_crossid_over_name_planet,CONFIRMED,CANDIDATE,86.829519,189.26162,7.464,751,57.2,-57.2,0.0332,0.953,35.6,3576,4.791,15.474,0,0,0,0,1,297.48669,46.996712,15,OK,lightkurve,,14,"QLP,SPOC,TESS-SPOC","41,54,74,75,81,82",1.1378974,,854.56096,65.087732,3492.5213,3492.5213,63,117.85772,0,,465.53317,16,1.4812341,-0.32310033,-1835.1031,8670.6236,False,OK,PDCSAP_FLUX,QLP,-1835.1031,5679.6697,analytic,5679.6697,,TOO_FEW_MEMBERS,4,0,SPOC/PDCSAP_FLUX=NO_USABLE_TRANSIT;TESS-SPOC/PDCSAP_FLUX=NO_USABLE_TRANSIT;QLP/KSPSAP_FLUX=NO_USABLE_TRANSIT;QLP/DET_FLUX=OK,1,6,1,"41,54,81,82,74,75","QLP,SPOC","120,200",False,False,43726.829,,,,8,,-3.1474222,6.6469258,-0.47351546,-0.47351546,linear,-2.1474222,-0.32310033,0.15045962,6.6469258,33.234629,2.3193114e+17,OK,-0.47351546,OK,SAP_FLUX,QLP,-6098.5697,5580.3602,analytic,5580.3602,,TOO_FEW_MEMBERS,3,0,SPOC/SAP_FLUX=NO_USABLE_TRANSIT;TESS-SPOC/SAP_FLUX=NO_USABLE_TRANSIT;QLP/SAP_FLUX=OK,1,6,1,"41,54,81,82,74,75","QLP,SPOC","120,200",False,False,42962.262,,,,8,,-8.1364946,6.5307258,-1.2458791,-1.2458791,linear,-7.1364946,-1.0928631,0.15313724,6.5307258,32.653629,1.2972808e+17,OK,-1.2458791,BACKGROUND_TEST_UNAVAILABLE,0,,,,,,,0.29608984,17.026196,2.6623882,2.2811088,0.35669724,-4747.7342,1.2217935,575,OK,True,2.2811088,,,0.48849425,inconclusive,not_measurable,not_measurable,,False,,0,0,1,1,0.1,5679.6697,,1,0,4,True,NO_USABLE_TRANSIT:3;OK:1,,,,,,,,84,5580.3602,,1,0,3,True,NO_USABLE_TRANSIT:2;OK:1,,,,,,,,84,0,3
K08193.01,,10028127,273378429,tic_kic_crossid,CANDIDATE,CANDIDATE,367.94785,416.20998,4.249,1301,142,-142,0.039795,0.902,342,5570,4.561,15.719,0,0,0,0,1,297.73398,46.961529,15,QUERY_RETURNED_ZERO_ROWS,lightkurve,QUERY_RETURNED_ZERO_ROWS,0,,,1.0446008,,1359.0256,148.33331,,,0,,0,,36,0,,,,,False,FLUX_COLUMN_NOT_PRESENT,,,,,,,,ENSEMBLE_NOT_ATTEMPTED,0,0,,0,0,0,,,,False,False,,,,,0,,,,,,,,,,,,,NO_USABLE_TRANSIT,,FLUX_COLUMN_NOT_PRESENT,,,,,,,,ENSEMBLE_NOT_ATTEMPTED,0,0,,0,0,0,,,,False,False,,,,,0,,,,,,,,,,,,,NO_USABLE_TRANSIT,,BACKGROUND_TEST_UNAVAILABLE,0,,,,,,,,,,,,,,0,too_few_points,False,,,,,inconclusive,not_measured,not_measured,,False,,0,0,1,1,0,,,0,,0,False,,,,,,,,,84,,,0,,0,False,,,,,,,,,84,0,3
K05759.01,,10064591,158394448,tic_kic_crossid,CANDIDATE,CANDIDATE,284.94213,359.52387,3.2,,,,,,,,,13.248,0,0,0,0,1,287.09412,47.075359,15,OK,lightkurve,,12,QLP,"14,15,26,40,41,53,54,55,74,75,80,82",0.96296296,teff_missing_default_used;logg_missing_4.5_used,,,3321.4822,3321.4822,18,0,0,,48,6,-0.12662766,-1.4287592,-860.81334,-83.749971,False,OK,KSPSAP_FLUX,QLP,-860.81334,602.49014,analytic,602.49014,,TOO_FEW_MEMBERS,2,0,QLP/KSPSAP_FLUX=OK;QLP/DET_FLUX=OK,2,12,2,"14,15,26,40,41,53,54,55,74,75,80,82",QLP,"1800,200,600",False,False,3814.7415,,,0.363072,0,,,,,,,,,,,,,NO_REFERENCE_DEPTH,,OK,SAP_FLUX,QLP,-615.69,609.42543,analytic,609.42543,,TOO_FEW_MEMBERS,1,0,QLP/SAP_FLUX=OK,2,12,2,"14,15,26,40,41,53,54,55,74,75,80,82",QLP,"1800,200,600",False,False,3712.4611,,,0.1057065,0,,,,,,,,,,,,,NO_REFERENCE_DEPTH,,BACKGROUND_TEST_UNAVAILABLE,0,,,,,,,0.15,1.7911061,0.41582151,0.55972065,0.12994422,-1526.4571,1.0658267,383,OK,False,0.55972065,,,,inconclusive,not_measured,not_measured,,False,,0,0,1,1,0.1,602.49014,277.3904,2,0.363072,2,True,OK:2,,,,,,,,84,609.42543,144.39962,2,0.1057065,1,True,OK:1,,,,,,,,84,0,3
K07282.01,,10070479,159225919,tic_kic_crossid,CANDIDATE,CANDIDATE,1.7585999,131.7968,0.2729,237.8,25,-25,0.020185,0.035,50.19,4744,4.606,15.59,0,0,0,0,1,289.96161,47.08036,15,OK,lightkurve,,6,"SPOC,TESS-SPOC","80,81,82",0.94838509,,225.52597,23.709627,3520.2139,3520.2442,3159,15.499829,43.662908,2.8169929,50.592988,32,8.8743389,3.7895793,6679.7396,14854.937,True,OK,PDCSAP_FLUX,SPOC,14854.937,5561.4456,bootstrap,5793.6566,1623.8161,OK,2,2,SPOC/PDCSAP_FLUX=14855ppm;TESS-SPOC/PDCSAP_FLUX=10079ppm,39,3,3,"80,81,82",SPOC,120,False,False,26023.996,-4712.0856,0.47372757,7.9794922,3,sector_scatter,4.1876522,0.40701907,10.28859,2.525048,ln,65.867966,2.6710568,0.040551682,25.689795,128.44897,1.3736547e+58,OK,10.28859,OK,SAP_FLUX,SPOC,10879.745,3869.4688,bootstrap,4018.7339,1085.0962,OK,2,2,SPOC/SAP_FLUX=10880ppm;TESS-SPOC/SAP_FLUX=7688ppm,45,3,3,"80,81,82",SPOC,120,False,False,21130.294,-648.48498,0.091650501,5.7549854,3,sector_scatter,3.8762227,0.38728826,10.008624,2.6510816,ln,48.241648,2.8116895,0.058283446,17.819764,89.098821,1.1176938e+41,OK,10.008624,BACKGROUND_TEST_AGREES,2,"SPOC,TESS-SPOC",-2767.9627,3305.8649,-0.83728852,-0.22202365,PDC_DEEPER_THAN_SAP,0.02,0.19502586,0.030826605,0.71464221,0.11295934,6633.9979,1.2828743,1596,OK,False,0.71464221,1.1409721,-1.5195895,0.71404761,fixed_b,not_measurable,not_measurable,,False,,0,0,1,1,0.4,1673.9204,5561.4456,39,2.944962,0,False,,0.10931154,10843.156,14090.788,10079.008,14854.937,12466.972,4775.9296,84,1303.5175,3869.4688,45,2.3844602,0,False,,0.099735446,8198.9188,10369.111,7688.2853,10879.745,9284.015,3191.4594,84,0.030321464,3
K01086.01,Kepler-765 b,10122255,164456891,tic_kic_crossid_over_name_planet,CONFIRMED,CANDIDATE,27.665285,144.8714,6.633,469.2,15.1,-15.1,0.019867,0.004,32.5,6036,4.396,14.609,0,0,0,0,1,283.1846,47.15567,15,OK,lightkurve,,8,"SPOC,TESS-SPOC","75,80,81,82",0.96363453,,452.13732,14.550881,3510.9284,3510.9284,200,37.770066,0,,212.8052,12,0.3890787,0.3890787,294.9222,294.9222,False,OK,PDCSAP_FLUX,SPOC,294.9222,758.00139,analytic,762.43698,82.122173,OK,2,2,SPOC/PDCSAP_FLUX=295ppm;TESS-SPOC/PDCSAP_FLUX=53ppm,4,4,4,"75,80,81,82",SPOC,120,False,False,15073.927,-463.92417,0.3056395,0.11916459,4,,-0.34771543,1.6873432,-0.20607274,-0.20607274,linear,0.65228457,0.3890787,0.59648614,1.6873432,8.4367161,2085429.2,OK,-0.20607274,OK,SAP_FLUX,SPOC,170.7217,613.93864,analytic,613.93864,,TOO_FEW_MEMBERS,2,1,SPOC/SAP_FLUX=171ppm;TESS-SPOC/SAP_FLUX=OK,4,4,4,"75,80,81,82",SPOC,120,False,False,11890.424,-337.20186,0.27462089,0.43296356,4,,-0.62241183,1.3591601,-0.45793856,-0.45793856,linear,0.37758817,0.27807617,0.73645359,1.3591601,6.7958006,403796.98,OK,-0.45793856,BACKGROUND_TEST_AGREES,1,SPOC,-124.20049,975.44183,-0.12732742,-0.42112968,PDC_DEEPER_THAN_SAP,0.02,13.805814,1.3060732,2.081383,0.19690535,636.17544,0.95679157,3954,OK,False,2.081383,0.99625157,6.8072855,,duration_inconsistent,not_measurable,not_measurable,,False,,0,0,1,1,0.1,758.00139,220.78527,4,0.11916459,0,False,,0.27845369,92.032121,256.27647,53.386392,294.9222,174.15429,241.5358,84,613.93864,333.25639,4,0.43296356,1,True,OK:1,,,,,,,,84,0,3
K01081.01,,10149023,271252996,tic_kic_crossid,CANDIDATE,CANDIDATE,9.9563978,134.29186,5.615,510.5,18.7,-18.7,0.244849,1.222,3.44,6161,4.454,15.22,0,0,0,0,1,294.76855,47.13279,15,QUERY_RETURNED_ZERO_ROWS,lightkurve,QUERY_RETURNED_ZERO_ROWS,0,,,1.2172881,,621.42556,22.763287,,,0,,0,,36,0,,,,,False,FLUX_COLUMN_NOT_PRESENT,,,,,,,,ENSEMBLE_NOT_ATTEMPTED,0,0,,0,0,0,,,,False,False,,,,,0,,,,,,,,,,,,,NO_USABLE_TRANSIT,,FLUX_COLUMN_NOT_PRESENT,,,,,,,,ENSEMBLE_NOT_ATTEMPTED,0,0,,0,0,0,,,,False,False,,,,,0,,,,,,,,,,,,,NO_USABLE_TRANSIT,,BACKGROUND_TEST_UNAVAILABLE,0,,,,,,,,,,,,,,0,too_few_points,False,,,,,inconclusive,not_measured,not_measured,,False,,0,0,1,1,0,,,0,,0,False,,,,,,,,,84,,,0,,0,False,,,,,,,,,84,0,3
K01981.01,Kepler-1037 b,10153855,272282253,tic_kic_crossid_over_name_planet,CONFIRMED,CANDIDATE,1.0637886,131.52465,1.072,251.5,15.5,-15.5,0.014732,0.466,6.87,5265,4.4,14.229,0,0,0,0,1,296.34103,47.17086,15,OK,lightkurve,,14,"SPOC,TESS-SPOC","41,54,55,74,75,81,82",0.96824886,,243.51459,15.007857,3336.6571,3336.6571,5050,16.635504,0,,65.986511,16,2.4407671,0.34845668,87.013569,596.88795,False,OK,PDCSAP_FLUX,SPOC,87.013569,281.91767,bootstrap,289.68906,66.649639,OK,2,2,SPOC/PDCSAP_FLUX=87ppm;TESS-SPOC/PDCSAP_FLUX=283ppm,160,7,7,"41,54,55,74,75,81,82",SPOC,120,False,False,12490.003,-797.91675,1.4201549,0.64397389,7,,-0.64267616,1.1922611,-0.53903978,-0.53903978,linear,0.35732384,0.30864886,0.86377908,1.1922611,5.9613054,94268.506,OK,-0.53903978,OK,SAP_FLUX,SPOC,-2.6238699,101.46455,bootstrap,101.46455,,TOO_FEW_MEMBERS,2,1,SPOC/SAP_FLUX=OK;TESS-SPOC/SAP_FLUX=74ppm,168,7,7,"41,54,55,74,75,81,82",SPOC,120,False,False,4393.3463,-365.55095,1.8442217,0.99142352,7,,-1.010775,0.42415782,-2.3830163,-2.3830163,linear,-0.010775001,-0.025859968,2.3999968,0.42415782,2.1207891,1786.8405,OK,-2.3830163,BACKGROUND_TEST_AGREES,1,TESS-SPOC,-209.03126,406.22005,-0.51457642,-0.73851697,PDC_DEEPER_THAN_SAP,0.02,2.0358829,1.1256,1.8991445,1.05,171.39038,1.077451,25570,OK,True,1.8991445,0.99255102,1.1617429,,fixed_b,not_measurable,not_measurable,,False,,0,0,1,1,0.9,249.71129,281.91767,164,1.1467468,0,False,,0.76596834,118.3781,251.67738,87.013569,283.04192,185.02774,196.02835,84,84.044249,101.46455,172,1.2635264,1,True,OK:1,,,,,,,,84,0,3
K00331.01,Kepler-525 b,10285631,272279290,tic_kic_crossid_confirms_name_planet,CONFIRMED,CANDIDATE,18.684057,170.83245,6.9329,381.5,7.6,-7.6,0.020651,0.858,11.43,5548,4.038,13.497,0,0,0,0,2,296.18344,47.358761,15,OK,lightkurve,,23,"QLP,SPOC,TESS-SPOC","14,15,41,54,55,74,75,81,82",1.0265803,,391.64039,7.8020104,3347.4728,3347.4728,286,23.670761,0,,175.00578,10,2.1571694,1.3484428,315.50533,487.08762,False,OK,PDCSAP_FLUX,QLP,315.50533,301.84512,bootstrap,304.25221,38.195931,OK,4,3,SPOC/PDCSAP_FLUX=299ppm;TESS-SPOC/PDCSAP_FLUX=288ppm;QLP/KSPSAP_FLUX=400ppm;QLP/DET_FLUX=OK,12,9,9,"41,54,55,74,75,81,82,14,15","QLP,SPOC","120,1800",False,False,6596.7018,579.17191,0.96940087,2.0106951,14,,-0.19440042,0.77872848,-0.24963825,-0.24963825,linear,0.80559958,1.0452557,1.2974879,0.77872848,3.8936424,18833.738,OK,-0.24963825,OK,SAP_FLUX,QLP,272.20305,193.81128,bootstrap,194.25886,13.179237,OK,3,2,SPOC/SAP_FLUX=273ppm;TESS-SPOC/SAP_FLUX=312ppm;QLP/SAP_FLUX=OK,12,9,9,"41,54,55,74,75,81,82,14,15","QLP,SPOC","120,1800",False,False,4829.7154,493.26812,1.274704,1.5169014,14,,-0.30496686,0.49892495,-0.61124797,-0.61124797,linear,0.69503314,1.4044747,2.0207306,0.49892495,2.4946247,4353.9388,OK,-0.61124797,BACKGROUND_TEST_AGREES,2,"SPOC,TESS-SPOC",-4.2109538,257.36663,-0.016361693,-0.014359938,PDC_DEEPER_THAN_SAP,0.072897109,2.77316,0.87379036,0.4,0.12603533,824.10276,1.0034353,9053,OK,True,0.4,0.99290999,-2.8475619,0.99641264,fixed_b,not_measurable,not_measurable,,False,,0,0,1,1,0.3,233.97755,301.84512,13,2.3409565,1,True,OK:1,0.12106271,291.19141,367.58327,287.54382,399.88479,298.94255,84.379457,84,162.66314,193.81128,13,1.8435516,1,True,OK:1,0.048416935,279.54444,305.90291,273.34244,312.10491,292.72367,39.901857,84,0,3
K00331.02,,10285631,272279290,tic_kic_crossid_confirms_name_planet,CANDIDATE,CANDIDATE,10.522867,137.78844,1.911,130.2,17,-17,0.13197,1.12,7.08,5548,4.038,13.497,0,0,0,0,2,296.18344,47.358761,15,OK,lightkurve,,23,"QLP,SPOC,TESS-SPOC","14,15,41,54,55,74,75,81,82",1.2874857,,167.63064,21.887257,3337.4506,3337.4506,510,48.469468,0,,174.0734,20,2.331289,1.2829869,382.62813,686.20651,False,OK,PDCSAP_FLUX,QLP,382.62813,400.55293,bootstrap,414.15037,105.25151,OK,4,3,SPOC/PDCSAP_FLUX=539ppm;TESS-SPOC/PDCSAP_FLUX=352ppm;QLP/KSPSAP_FLUX=OK;QLP/DET_FLUX=662ppm,22,9,9,"41,54,55,74,75,81,82,14,15","QLP,SPOC","120,1800",True,False,6202.3899,-1397.2131,1.8683912,1.1928307,14,smeared,1.2825668,2.4745656,0.51829977,0.51829977,linear,2.2825668,0.95524986,0.4184981,2.4745656,12.372828,39609776,OK,0.51829977,OK,SAP_FLUX,QLP,204.96746,229.79665,bootstrap,245.24339,85.661083,OK,3,3,SPOC/SAP_FLUX=275ppm;TESS-SPOC/SAP_FLUX=184ppm;QLP/SAP_FLUX=23ppm,23,9,9,"41,54,55,74,75,81,82,14,15","QLP,SPOC","120,1800",True,False,4714.0225,-766.80089,1.7223417,1.0534028,14,smeared,0.2227327,1.4696643,0.15155346,0.15155346,linear,1.2227327,0.89195149,0.72947382,1.4696643,7.3483213,260261.04,OK,0.15155346,BACKGROUND_TEST_AGREES,2,"SPOC,TESS-SPOC",-213.82325,305.22214,-0.70054962,-0.47980755,PDC_DEEPER_THAN_SAP,0.5,4.7775,0.27471569,2.5,0.14375494,-318.43157,1.0609814,4911,OK,True,2.5,2.6148889,-0.26459485,1.0549316,fixed_b,not_measurable,not_measurable,,False,,0,0,1,1,0.4,298.23229,400.55293,22,1.8686861,1,True,OK:1,0.27507522,412.09185,622.59488,352.44397,662.00725,538.84359,279.37913,84,210.3356,229.79665,23,1.5285131,0,False,,0.41792527,74.353384,245.67555,22.582888,274.52725,184.36569,182.38458,84,0,3
K02390.01,Kepler-1219 b,10289119,273046164,tic_kic_crossid_over_name_planet,CONFIRMED,CANDIDATE,16.104745,135.01186,5.712,124.1,5.6,-5.6,0.010181,0.224,21.23,5822,3.683,12.249,0,0,0,0,1,297.21579,47.378521,15,OK,lightkurve,,21,"QLP,SPOC,TESS-SPOC","14,15,41,54,56,74,75,81,82",0.96523408,,119.78555,5.4053109,3346.9967,3346.9967,334,48.012439,0,,229.71732,12,2.9999154,1.8744292,197.33661,332.97699,False,OK,PDCSAP_FLUX,QLP,197.33661,127.47069,bootstrap,130.31994,27.101823,OK,4,4,SPOC/PDCSAP_FLUX=288ppm;TESS-SPOC/PDCSAP_FLUX=300ppm;QLP/KSPSAP_FLUX=225ppm;QLP/DET_FLUX=257ppm,16,9,8,"41,54,74,75,81,82,14,15,56","QLP,SPOC","120,1800,200",False,False,3336.8833,-421.00558,1.6902729,1.120741,12,,0.64741583,1.0900265,0.59394504,0.59394504,linear,1.6474158,1.548094,0.93971053,1.0900265,5.4501325,27764.974,OK,0.59394504,OK,SAP_FLUX,QLP,133.6115,75.667193,bootstrap,96.25258,59.489789,OK,3,3,SPOC/SAP_FLUX=213ppm;TESS-SPOC/SAP_FLUX=227ppm;QLP/SAP_FLUX=52ppm,16,9,8,"41,54,74,75,81,82,14,15,56","QLP,SPOC","120,1800,200",False,False,2195.1559,-149.58319,1.0073141,1.8213169,12,,0.11542252,0.80635856,0.14314045,0.14314045,linear,1.1154225,1.7657785,1.5830579,0.80635856,4.0317928,6631.5515,OK,0.14314045,BACKGROUND_TEST_AGREES,2,"SPOC,TESS-SPOC",-74.078711,113.84435,-0.65070167,-0.25181862,PDC_DEEPER_THAN_SAP,0.02,14.28,5.4918596,2.5,0.96146002,-75.258628,1.0065316,9730,OK,True,2.5,1.0030071,2.3504333,,fixed_b,not_measurable,not_measurable,,False,,0,0,1,1,0.3,105.27824,127.47069,17,1.5869545,0,False,,0.13733804,240.21532,294.41896,224.98355,300.27694,272.39461,102.94033,84,73.912637,75.667193,17,1.6775402,0,False,,0.44524453,103.56007,222.53965,52.191653,227.16162,212.71795,93.550122,84,0,3
K01154.01,,10295951,268704157,tic_kic_crossid,CANDIDATE,CANDIDATE,6.8108237,136.04667,7.98574,14446.8,12,-12,0.114797,0.57,6.291,7226,3.967,12.628,0,0,0,0,1,299.10281,47.377781,15,OK,lightkurve,,32,"QLP,SPOC,TESS-SPOC","14,15,41,54,55,56,74,75,76,81,82,83",0.98493848,teff_clamped_to_grid,14229.209,11.819262,3349.5974,3349.5974,790,1.1653525,-0.04791444,0.041115833,123.28216,10,206.40028,206.14849,12634.73,12640.98,True,OK,PDCSAP_FLUX,QLP,12640.98,211.27002,bootstrap,4430.4691,4425.4289,OK,4,4,SPOC/PDCSAP_FLUX=12859ppm;TESS-SPOC/PDCSAP_FLUX=13484ppm;QLP/KSPSAP_FLUX=5024ppm;QLP/DET_FLUX=3696ppm,43,12,12,"41,54,55,56,74,75,76,81,82,83,14,15","QLP,SPOC","120,1800",False,False,3816.1613,65.254443,0.14889647,60.168386,20,sector_scatter,-0.1183529,0.35403411,-0.33429801,-0.35394296,ln,0.88838249,59.83329,67.350821,0.31535452,1.5767726,54630.377,OK,-0.33429801,OK,SAP_FLUX,QLP,10936.253,127.39638,bootstrap,913.61209,904.68625,OK,3,3,SPOC/SAP_FLUX=10795ppm;TESS-SPOC/SAP_FLUX=10872ppm;QLP/SAP_FLUX=13456ppm,45,12,12,"41,54,55,56,74,75,76,81,82,83,14,15","QLP,SPOC","120,1800",False,False,3214.7146,254.06532,1.0268556,15.68771,20,sector_scatter,-0.26321361,0.097363154,-2.7034212,-2.8436172,ln,0.7685777,85.8443,111.69242,0.08138307,0.40691535,7145.5807,OK,-2.7034212,BACKGROUND_TEST_DISAGREES,2,"SPOC,TESS-SPOC",-2253.2736,172.83134,-13.037413,-0.17107237,PDC_DEEPER_THAN_SAP,0.14654362,7.7455186,0.23660835,0.9699187,0.029628857,12730.779,1.0612945,42739,OK,False,0.9699187,0.99191735,-0.38270184,0.61586607,fixed_b,consistent,consistent,,False,pdc_deeper_than_sap,0,0,1,1,0.8,61.244977,211.27002,50,19.841655,0,False,,0.3500859,4333.0934,13183.951,3695.6013,13483.642,8941.498,8945.379,84,50.393028,127.39638,50,7.6914208,0,False,,0.082723604,10819.521,12628.894,10794.781,13455.623,10872.094,2519.3703,84,-3.3273917e-05,3
K08000.01,,10331279,158663173,tic_kic_crossid,CANDIDATE,CANDIDATE,225.48805,224.2023,19.46,379.9,42.1,-42.1,0.019945,0.817,54,5663,4.579,15.306,0,0,0,0,1,288.27457,47.495781,15,OK,lightkurve,,16,"SPOC,TESS-SPOC","40,41,53,54,55,80,81,82",1.0132451,,384.93183,42.657621,2792.4513,2792.4513,21,575.12471,0,,864,12,2.674644,2.1592088,3749.0742,4608.0752,False,OK,PDCSAP_FLUX,SPOC,3749.0742,1736.3185,analytic,1762.8978,304.97028,OK,2,2,SPOC/PDCSAP_FLUX=3749ppm;TESS-SPOC/PDCSAP_FLUX=4646ppm,1,8,1,"40,41,53,54,55,80,81,82",SPOC,120,False,False,28266.916,,,,8,,2.2761979,0.48568474,4.6865749,1.9076304,ln,9.7395794,2.1592088,0.22169425,4.5813797,22.906899,3.4176177e+12,OK,4.6865749,OK,SAP_FLUX,SPOC,2097.0939,1308.975,analytic,1316.8622,143.91121,OK,2,2,SPOC/SAP_FLUX=2097ppm;TESS-SPOC/SAP_FLUX=2520ppm,1,8,1,"40,41,53,54,55,80,81,82",SPOC,120,False,False,21309.85,,,,8,,4.4479617,3.4231866,1.2993629,1.2993629,linear,5.4479617,1.6020885,0.29407118,3.4231866,17.115933,1.0440929e+10,OK,1.2993629,BACKGROUND_TEST_AGREES,2,"SPOC,TESS-SPOC",-1884.0986,1552.8531,-1.2133141,-0.44885569,PDC_DEEPER_THAN_SAP,0.056717594,12.307585,0.72965953,0.63245553,0.037495351,4407.1747,1.05549,2811,OK,False,0.63245553,1.1118768,-3.9910658,0.9440171,tracks_b,not_measurable,not_measurable,,False,,0,0,1,1,0.2,1736.3185,,1,0,0,False,,0.081345492,3892.5896,4502.5301,3749.0742,4646.0456,4197.5599,896.97141,84,1308.975,,1,0,0,False,,0.068624113,2164.8168,2452.6392,2097.0939,2520.3621,2308.728,423.26826,84,0,3
K01166.01,Kepler-1738 b,10351231,272080244,tic_kic_crossid_over_name_planet,CONFIRMED,CANDIDATE,7.6746614,133.22431,1.9374,503,28.3,-28.3,0.025638,0.939,12.5,6063,4.47,15.44,0,0,0,0,1,296.13141,47.43882,15,OK,lightkurve,,2,"SPOC,TESS-SPOC",81,1.0573968,,531.87058,29.924329,3522.6792,3522.6792,724,25.084037,0,,104.31311,14,2.2930614,0.8820723,2927.8637,7950.4427,False,OK,PDCSAP_FLUX,SPOC,2927.8637,3319.3013,analytic,3393.9867,708.08507,OK,2,2,SPOC/PDCSAP_FLUX=2928ppm;TESS-SPOC/PDCSAP_FLUX=845ppm,3,1,1,81,SPOC,120,False,False,33300.842,12182.05,1.3807112,,1,,4.5048424,6.3816704,0.70590333,0.70590333,linear,5.5048424,0.8820723,0.16023571,6.3816704,31.908352,3.832015e+16,OK,0.70590333,OK,SAP_FLUX,SPOC,1871.6999,1169.9456,analytic,1232.6747,388.2192,OK,2,2,SPOC/SAP_FLUX=1872ppm;TESS-SPOC/SAP_FLUX=730ppm,4,1,1,81,SPOC,120,False,False,13184.668,3963.6949,1.6587476,,1,,2.5190889,2.3188434,1.0863558,1.0863558,linear,3.5190889,1.5998179,0.45461138,2.3188434,11.594217,57690773,OK,1.0863558,BACKGROUND_TEST_AGREES,2,"SPOC,TESS-SPOC",-670.89591,2704.4435,-0.24807171,-0.35561824,PDC_DEEPER_THAN_SAP,0.18475986,3.357247,0.77941534,1.7328621,0.40229965,3849.9753,1.0235463,872,OK,False,1.7328621,1.1929658,1.5542574,0.73540323,fixed_b,not_measurable,not_measurable,,False,,0,0,1,1,0.1,3319.3013,2717.3536,3,0.95959513,0,False,,0.24184359,1178.4771,2594.6472,845.26059,2927.8637,1886.5622,2082.6031,84,1169.9456,1167.044,4,1.1296292,0,False,,0.20741531,912.57008,1689.0085,729.87869,1871.6999,1300.7893,1141.8212,84,0,3
K05799.01,,10519727,164723504,tic_kic_crossid,CANDIDATE,CANDIDATE,184.88315,283.41765,3.025,304.1,34.7,-34.7,0.015929,0.3074,452,5620,4.036,13.609,0,0,0,0,1,284.43692,47.750332,15,OK,lightkurve,NO_USABLE_TRANSIT,21,"QLP,SPOC,TESS-SPOC","14,15,40,41,53,55,74,75,80,81,82",0.96406586,,293.17243,33.453085,3478.029,3478.029,29,85.9817,0,,303.3201,14,,,,,False,NO_USABLE_TRANSIT,PDCSAP_FLUX,QLP,,,none,,,TOO_FEW_MEMBERS,4,0,SPOC/PDCSAP_FLUX=NO_USABLE_TRANSIT;TESS-SPOC/PDCSAP_FLUX=NO_USABLE_TRANSIT;QLP/KSPSAP_FLUX=NO_USABLE_TRANSIT;QLP/DET_FLUX=NO_USABLE_TRANSIT,0,11,0,"74,75,80,81,82,14,15,40,41,53,55","QLP,SPOC","120,1800,600",False,False,,,,,10,,,,,,,,,,,,,NO_USABLE_TRANSIT,,NO_USABLE_TRANSIT,SAP_FLUX,QLP,,,none,,,TOO_FEW_MEMBERS,3,0,SPOC/SAP_FLUX=NO_USABLE_TRANSIT;TESS-SPOC/SAP_FLUX=NO_USABLE_TRANSIT;QLP/SAP_FLUX=NO_USABLE_TRANSIT,0,11,0,"74,75,80,81,82,14,15,40,41,53,55","QLP,SPOC","120,1800,600",False,False,,,,,10,,,,,,,,,,,,,NO_USABLE_TRANSIT,,BACKGROUND_TEST_UNAVAILABLE,0,,,,,,,0.02,,,,,,,0,too_few_points,False,,,,,inconclusive,not_measured,not_measured,,False,,0,0,1,1,0.1,,,0,,4,True,NO_USABLE_TRANSIT:4,,,,,,,,84,,,0,,3,True,NO_USABLE_TRANSIT:3,,,,,,,,84,0,3
K07339.01,,10546063,272079612,tic_kic_crossid,CANDIDATE,CANDIDATE,10.698227,140.6793,3.198,246,31.9,-31.9,0.014411,0.032,25.9,6277,4.417,15.833,0,0,0,0,1,296.02774,47.753551,15,QUERY_RETURNED_ZERO_ROWS,lightkurve,QUERY_RETURNED_ZERO_ROWS,0,,,0.96575791,,237.57645,30.807677,,,0,,0,,36,0,,,,,False,FLUX_COLUMN_NOT_PRESENT,,,,,,,,ENSEMBLE_NOT_ATTEMPTED,0,0,,0,0,0,,,,False,False,,,,,0,,,,,,,,,,,,,NO_USABLE_TRANSIT,,FLUX_COLUMN_NOT_PRESENT,,,,,,,,ENSEMBLE_NOT_ATTEMPTED,0,0,,0,0,0,,,,False,False,,,,,0,,,,,,,,,,,,,NO_USABLE_TRANSIT,,BACKGROUND_TEST_UNAVAILABLE,0,,,,,,,,,,,,,,0,too_few_points,False,,,,,inconclusive,not_measured,not_measured,,False,,0,0,1,1,0,,,0,,0,False,,,,,,,,,84,,,0,,0,False,,,,,,,,,84,0,3
K02131.01,Kepler-1112 b,10549023,272841734,tic_kic_crossid_over_name_planet,CONFIRMED,CANDIDATE,14.362705,141.435,4.564,349.4,15.1,-15.1,0.017363,0.272,23.58,6643,4.357,14.612,0,0,0,0,1,296.96881,47.751492,15,OK,lightkurve,,4,"SPOC,TESS-SPOC","75,82",0.97167515,,339.5033,14.672295,3360.4494,3360.4494,375,37.797038,0,,181.85111,12,0.28021636,0.058105331,128.90344,478.16056,False,OK,PDCSAP_FLUX,SPOC,128.90344,2218.4443,analytic,2226.4356,188.46846,OK,2,2,SPOC/PDCSAP_FLUX=129ppm;TESS-SPOC/PDCSAP_FLUX=683ppm,1,2,1,"75,82",SPOC,120,False,False,17887.955,,,,2,,-0.62031755,6.5582535,-0.094585784,-0.094585784,linear,0.37968245,0.058105331,0.15303665,6.5582535,32.791268,5.9143986e+16,OK,-0.094585784,OK,SAP_FLUX,SPOC,10.935513,1163.8606,analytic,1173.4461,149.68042,OK,2,2,SPOC/SAP_FLUX=11ppm;TESS-SPOC/SAP_FLUX=451ppm,1,2,1,"75,82",SPOC,120,False,False,9384.543,,,,2,,-0.96778967,3.4569931,-0.27995128,-0.27995128,linear,0.032210329,0.009395896,0.29170444,3.4569931,17.284966,1.0904587e+10,OK,-0.27995128,BACKGROUND_TEST_AGREES,2,"SPOC,TESS-SPOC",-173.93659,1788.0268,-0.097278516,-0.42834884,PDC_DEEPER_THAN_SAP,0.02,7.2163176,1.3758487,1.5811388,0.30145678,-3119.8839,0.88208671,1743,OK,False,1.5811388,0.99293944,2.3399335,,fixed_b,not_measurable,not_measurable,,False,,0,0,1,1,0.1,2218.4443,,3,0,0,False,,1.4620902,217.59448,594.53141,128.90344,683.22245,406.06295,554.31901,84,1163.8606,,3,0,0,False,,13.687553,81.373356,380.73419,10.935513,451.17203,231.05377,440.23652,84,0,3
K02845.01,Kepler-1367 b,10591855,158731868,tic_kic_crossid_over_name_planet,CONFIRMED,CANDIDATE,1.5740903,131.86116,1.5796,224.9,15.2,-15.2,0.013129,0.071,7.72,4313,4.662,15.571,0,0,0,0,1,288.41653,47.878731,15,OK,lightkurve,,6,"SPOC,TESS-SPOC","80,81,82",0.94319647,,212.12489,14.336586,3519.8258,3519.8258,3529,28.475546,0,,109.12064,14,1.1593823,-0.33963535,-289.83126,919.77459,False,OK,PDCSAP_FLUX,SPOC,-289.83126,748.47968,bootstrap,748.47968,,TOO_FEW_MEMBERS,2,0,SPOC/PDCSAP_FLUX=OK;TESS-SPOC/PDCSAP_FLUX=OK,40,3,3,"80,81,82",SPOC,120,False,False,24353.47,1276.2965,0.88588343,3.213962,3,sector_scatter,-2.3663237,3.5294874,-0.67044403,-0.67044403,linear,-1.3663237,-0.38722663,0.28340767,3.5294874,17.647437,9.7898497e+09,OK,-0.67044403,OK,SAP_FLUX,SPOC,55.813672,309.16,bootstrap,309.23187,6.6664,OK,2,2,SPOC/SAP_FLUX=56ppm;TESS-SPOC/SAP_FLUX=75ppm,48,3,3,"80,81,82",SPOC,120,False,False,10055.078,468.08993,0.77191018,7.3735039,3,sector_scatter,-0.73688296,1.4602043,-0.50464375,-0.50464375,linear,0.26311704,0.18053329,0.68613302,1.4602043,7.3010214,314117.22,OK,-0.50464375,BACKGROUND_TEST_UNAVAILABLE,0,,,,,,,0.02,0.93982672,0.34773263,0.59497766,0.22013968,-1426.9178,0.99040778,9215,OK,False,0.59497766,,,0.81538957,inconclusive,not_measurable,not_measurable,,False,,0,0,1,1,0.3,853.36011,748.47968,44,0.79918189,2,True,OK:2,,,,,,,,84,301.05473,309.16,51,0.89603429,0,False,,0.11944027,58.950801,72.283601,55.813672,75.42073,65.617201,19.607059,84,0,3
K04204.01,Kepler-1568 b,10593535,158984590,tic_kic_crossid_confirms_name_planet,CONFIRMED,CANDIDATE,20.925408,134.8986,6.783,109,8.1,-8.1,0.00951,0.201,23.32,5821,4.283,13.966,0,0,0,0,1,289.18265,47.873379,15,OK,lightkurve,,10,"SPOC,TESS-SPOC","74,75,80,81,82",0.96478834,,105.16193,7.8147855,3492.2063,3491.9472,264,100.23282,-373.07857,3.7221196,402.44347,13,3.0340289,-1.1007889,-393.64145,1111.8326,True,OK,PDCSAP_FLUX,SPOC,1111.8326,366.45418,analytic,421.17276,207.60017,OK,2,2,SPOC/PDCSAP_FLUX=1112ppm;TESS-SPOC/PDCSAP_FLUX=501ppm,6,5,4,"74,75,80,81,82",SPOC,120,False,False,8736.6673,-1482.5807,2.0209163,0.56416204,5,,2.3582636,0.38925431,6.0584135,2.3895633,ln,10.572577,3.0340289,0.28697156,4.0059942,20.029971,5.2573192e+10,OK,6.0584135,OK,SAP_FLUX,SPOC,626.22833,270.66992,analytic,271.77479,24.481136,OK,2,2,SPOC/SAP_FLUX=626ppm;TESS-SPOC/SAP_FLUX=554ppm,7,5,5,"74,75,80,81,82",SPOC,120,False,False,6930.6127,-757.76331,1.3704086,0.3854353,5,,1.7842137,0.44313288,4.0263627,1.9161223,ln,5.9548958,2.3136236,0.38852462,2.5858974,12.929487,43357309,OK,4.0263627,BACKGROUND_TEST_AGREES,2,"SPOC,TESS-SPOC",-223.18535,326.22745,-0.68414031,-0.27672012,PDC_DEEPER_THAN_SAP,0.02,4.9977571,1.2197794,0.7368063,0.1798289,935.24818,1.0266385,5732,OK,True,0.7368063,1.0220903,-1.2991898,0.69841622,fixed_b,not_measurable,not_measurable,,False,,0,0,1,1,0.2,366.45418,371.4232,7,1.1174538,0,False,,0.18671891,598.93803,1014.1384,501.24383,1111.8326,806.5382,610.58873,84,270.66992,227.66103,7,0.73018389,0,False,,0.039092988,565.74552,614.70779,554.22498,626.22833,590.22665,72.003342,84,-0.25908234,3
K01298.01,Kepler-283 b,10604335,270695184,tic_kic_crossid_over_name_planet,CONFIRMED,CANDIDATE,11.008176,143.22611,2.013,1462.5,40,-40,0.033903,0.025,43.185,4141,4.684,15.847,0,0,0,0,2,293.61371,47.839001,15,OK,lightkurve,,6,"SPOC,TESS-SPOC","74,75,82",0.94090085,,1376.0675,37.636034,3348.216,3348.216,488,12.096746,0,,66.485239,9,2.490658,-0.77895733,-2244.0984,6713.8554,False,OK,PDCSAP_FLUX,SPOC,-2244.0984,2211.1629,bootstrap,2211.1629,,TOO_FEW_MEMBERS,2,0,SPOC/PDCSAP_FLUX=OK;TESS-SPOC/PDCSAP_FLUX=OK,8,3,3,"74,75,82",SPOC,120,False,False,48608.793,-3188.4109,0.53745139,1.604757,3,,-2.6308055,1.6078813,-1.6361938,-1.6361938,linear,-1.6308055,-1.0148951,0.6223275,1.6078813,8.0394067,4265496.7,OK,-1.6361938,OK,SAP_FLUX,SPOC,-1346.6329,752.12535,bootstrap,752.12535,,TOO_FEW_MEMBERS,2,0,SPOC/SAP_FLUX=OK;TESS-SPOC/SAP_FLUX=OK,8,3,3,"74,75,82",SPOC,120,False,False,15442.481,-963.80058,0.45073046,1.1403573,3,,-1.9786096,0.54953915,-3.6004889,-3.6004889,linear,-0.97860965,-1.7904368,1.829572,0.54953915,2.7476958,20099.707,OK,-3.6004889,BACKGROUND_TEST_UNAVAILABLE,0,,,,,,,0.032811135,5.0325,2.11365,2.5,1.05,1028.4475,0.96581436,2365,OK,True,2.5,,,,inconclusive,not_measurable,not_measurable,,False,,0,0,1,1,0.1,2880.9003,2211.1629,8,0.80416055,2,True,OK:2,,,,,,,,84,1040.4195,752.12535,8,0.62671557,2,True,OK:2,,,,,,,,84,0,3
K01298.02,Kepler-283 c,10604335,270695184,tic_kic_crossid_over_name_planet,CONFIRMED,CANDIDATE,92.749578,173.27975,5.506,1105.1,65.1,-65.1,0.029388,0.019,132.45,4141,4.684,15.847,0,0,0,0,2,293.61371,47.839001,15,OK,lightkurve,NO_USABLE_TRANSIT,6,"SPOC,TESS-SPOC","74,75,82",0.94087883,,1039.7652,61.251212,3385.7553,3385.7553,58,58.504462,0,,258.10339,8,,,,,False,NO_USABLE_TRANSIT,PDCSAP_FLUX,SPOC,,,none,,,TOO_FEW_MEMBERS,2,0,SPOC/PDCSAP_FLUX=NO_USABLE_TRANSIT;TESS-SPOC/PDCSAP_FLUX=NO_USABLE_TRANSIT,0,3,0,"74,75,82",SPOC,120,False,False,,,,,3,,,,,,,,,,,,,NO_USABLE_TRANSIT,,NO_USABLE_TRANSIT,SAP_FLUX,SPOC,,,none,,,TOO_FEW_MEMBERS,2,0,SPOC/SAP_FLUX=NO_USABLE_TRANSIT;TESS-SPOC/SAP_FLUX=NO_USABLE_TRANSIT,0,3,0,"74,75,82",SPOC,120,False,False,,,,,3,,,,,,,,,,,,,NO_USABLE_TRANSIT,,BACKGROUND_TEST_UNAVAILABLE,0,,,,,,,0.028559026,,,,,,,0,too_few_points,False,,,,,inconclusive,not_measured,not_measured,,False,,0,0,1,1,0,,,0,,2,True,NO_USABLE_TRANSIT:2,,,,,,,,84,,,0,,2,True,NO_USABLE_TRANSIT:2,,,,,,,,84,0,3
K02327.01,Kepler-1191 b,10730703,26538999,name_planet,CONFIRMED,CANDIDATE,5.6001333,135.96495,2.6508,329.2,16,-16,0.01622,0.046,16.3947,5288,4.391,15.378,0,0,0,0,2,291.65778,48.009312,15,OK,lightkurve,,4,"SPOC,TESS-SPOC","81,82",0.95476485,,314.30859,15.276238,3535.4975,3535.4975,994,29.412825,0,,128.00048,11,1.3850148,-0.9836204,-1608.6237,2149.7123,False,OK,PDCSAP_FLUX,SPOC,-1608.6237,1182.7512,bootstrap,1182.7512,,TOO_FEW_MEMBERS,2,0,SPOC/PDCSAP_FLUX=OK;TESS-SPOC/PDCSAP_FLUX=OK,8,2,2,"81,82",SPOC,120,False,False,28944.211,-1149.0706,0.34356971,1.0296684,2,,-6.1179757,3.7636715,-1.6255339,-1.6255339,linear,-5.1179757,-1.3600694,0.26574361,3.7636715,18.818357,4.6780522e+10,OK,-1.6255339,OK,SAP_FLUX,SPOC,-659.15171,475.22103,bootstrap,475.22103,,TOO_FEW_MEMBERS,2,0,SPOC/SAP_FLUX=OK;TESS-SPOC/SAP_FLUX=OK,9,2,2,"81,82",SPOC,120,False,False,11562.565,-512.44307,0.38959268,0.54788931,2,,-3.0971483,1.5135639,-2.0462619,-2.0462619,linear,-2.0971483,-1.3870424,0.66139452,1.5135639,7.5678197,607846.74,OK,-2.0462619,BACKGROUND_TEST_UNAVAILABLE,0,,,,,,,0.02,5.8648688,2.78334,2.2124901,1.05,646.80278,0.96787727,3417,OK,True,2.2124901,,,,inconclusive,not_measurable,not_measurable,,False,,0,0,1,1,0.1,1635.4111,1182.7512,9,0.60492454,2,True,OK:2,,,,,,,,84,649.65651,475.22103,10,0.5784362,2,True,OK:2,,,,,,,,84,0,3
K02327.02,,10730703,26538999,name_planet,CANDIDATE,CANDIDATE,46.331703,173.2164,4.514,299.9,34.2,-34.2,0.015637,0.1484,78.79,5477,4.571,15.378,0,0,0,0,2,291.65778,48.009312,15,OK,lightkurve,,4,"SPOC,TESS-SPOC","81,82",0.95765296,,287.20012,32.751731,3519.6891,3519.9712,119,143.82914,406.23292,2.8244131,499.19743,23,3.3814376,,,13481.137,True,OK,PDCSAP_FLUX,SPOC,13481.137,3986.8065,analytic,4228.9073,1410.33,OK,2,2,SPOC/PDCSAP_FLUX=13481ppm;TESS-SPOC/PDCSAP_FLUX=9333ppm,1,2,1,"81,82",SPOC,120,False,False,29446.708,,,,2,,3.8488675,0.3375004,11.404038,3.1198285,ln,46.939873,3.3814376,0.072037638,14.725128,73.625639,2.7126472e+34,OK,11.404038,OK,SAP_FLUX,SPOC,6841.8427,1710.7381,analytic,1723.1216,206.21217,OK,2,2,SPOC/SAP_FLUX=6842ppm;TESS-SPOC/SAP_FLUX=6235ppm,1,2,1,"81,82",SPOC,120,False,False,12635.578,,,,2,,3.1706331,0.2809508,11.285368,3.803116,ln,23.822562,3.9993515,0.16788083,6.0010165,30.005082,3.0847954e+15,OK,11.285368,BACKGROUND_TEST_AGREES,2,"SPOC,TESS-SPOC",-5151.8406,3303.9748,-1.5592857,-0.45163366,PDC_DEEPER_THAN_SAP,0.02,,,,,,,0,too_few_points,False,,,,,inconclusive,not_measurable,not_measurable,,False,,0,0,1,1,0.1,3986.8065,,1,0,0,False,,0.10461506,9996.7925,12817.453,9333.1078,13481.137,11407.123,4148.0296,84,1710.7381,,1,0,0,False,,0.030139859,6332.3773,6744.8017,6235.3363,6841.8427,6538.5895,606.50639,84,0.28210619,3
K01304.01,Kepler-810 b,10744335,351188824,tic_kic_crossid_over_name_planet,CONFIRMED,CANDIDATE,4.5972661,136.47837,2.909,313,21.5,-21.5,0.016167,0.033,12.27,5999,4.494,15.803,0,0,0,0,1,296.61487,48.082642,15,QUERY_RETURNED_ZERO_ROWS,lightkurve,QUERY_RETURNED_ZERO_ROWS,0,,,0.96336593,,301.53353,20.712367,,,0,,0,,36,0,,,,,False,FLUX_COLUMN_NOT_PRESENT,,,,,,,,ENSEMBLE_NOT_ATTEMPTED,0,0,,0,0,0,,,,False,False,,,,,0,,,,,,,,,,,,,NO_USABLE_TRANSIT,,FLUX_COLUMN_NOT_PRESENT,,,,,,,,ENSEMBLE_NOT_ATTEMPTED,0,0,,0,0,0,,,,False,False,,,,,0,,,,,,,,,,,,,NO_USABLE_TRANSIT,,BACKGROUND_TEST_UNAVAILABLE,0,,,,,,,,,,,,,,0,too_few_points,False,,,,,inconclusive,not_measured,not_measured,,False,,0,0,1,1,0,,,0,,0,False,,,,,,,,,84,,,0,,0,False,,,,,,,,,84,0,3
K03683.01,Kepler-1515 b,10795103,417660218,tic_kic_crossid_over_name_planet,CONFIRMED,CANDIDATE,214.31204,336.33016,16.2938,4523.4,9.6,-9.6,0.06189,0.016,106.6907,6471,4.287,12.04,0,0,0,0,1,290.97394,48.178162,15,OK,lightkurve,,31,"QLP,SPOC,TESS-SPOC","14,15,40,41,54,55,74,75,80,81,82",0.96738284,,4375.8595,9.2868753,3312.8191,3312.8191,24,4.9698954,0,0,259.31669,10,25.193177,25.193177,3973.1403,3973.1403,True,OK,PDCSAP_FLUX,QLP,3973.1403,157.707,analytic,163.99953,44.992755,OK,4,2,SPOC/PDCSAP_FLUX=3973ppm;TESS-SPOC/PDCSAP_FLUX=3841ppm;QLP/KSPSAP_FLUX=NO_USABLE_TRANSIT;QLP/DET_FLUX=OK,1,11,1,"40,41,54,55,74,75,80,81,82,14,15","QLP,SPOC","120,1800",False,False,2309.6634,,,,20,,-0.096546168,0.064871407,-1.48827,-1.4719712,ln,0.90796798,25.193177,27.746768,0.062522979,0.3126149,1605.9185,OK,-1.48827,OK,SAP_FLUX,QLP,3787.8816,152.40914,analytic,210.9632,145.86613,OK,3,3,SPOC/SAP_FLUX=3788ppm;TESS-SPOC/SAP_FLUX=3802ppm;QLP/SAP_FLUX=4217ppm,1,11,1,"40,41,54,55,74,75,80,81,82,14,15","QLP,SPOC","120,1800",False,False,2232.0747,,,,20,,-0.14429606,0.074875584,-1.9271444,-1.933656,ln,0.86563143,24.853375,28.711267,0.069489385,0.34744693,1817.9473,OK,-1.9271444,BACKGROUND_TEST_AGREES,2,"SPOC,TESS-SPOC",-115.29325,158.30801,-0.72828438,-0.029509599,PDC_DEEPER_THAN_SAP,0.058296981,16.2938,0.24506933,1,0.015040649,3442.6636,1.0026828,2289,OK,False,1,0.99725262,0.052667975,0.016,fixed_b,consistent,consistent,,False,,0,0,1,1,0.2,157.707,,2,0,2,True,NO_USABLE_TRANSIT:1;OK:1,0.01132423,3861.9818,3951.9673,3840.8087,3973.1403,3906.9745,132.33163,84,152.40914,,2,0,0,False,,0.038508629,3792.2792,4084.0114,3787.8816,4216.8996,3801.624,429.01802,84,0,3
K02075.01,Kepler-1084 b,10857519,267749737,tic_kic_crossid_over_name_planet,CONFIRMED,CANDIDATE,2.0533419,134.51606,2.596,65.5,3.2,-3.2,0.009704,0.966,2.03,6084,4.204,12.217,0,0,0,0,1,290.10196,48.251141,15,OK,lightkurve,,36,"QLP,SPOC,TESS-SPOC","14,15,40,41,53,54,55,74,75,80,81,82",1.0816448,,70.847737,3.4612635,3324.6851,3324.6851,2609,28.148768,0,,123.3863,14,2.5583261,1.6477737,63.634113,98.822684,False,OK,PDCSAP_FLUX,SPOC,63.634113,38.756321,bootstrap,44.466831,21.800152,OK,4,4,SPOC/PDCSAP_FLUX=64ppm;TESS-SPOC/PDCSAP_FLUX=72ppm;QLP/KSPSAP_FLUX=108ppm;QLP/DET_FLUX=115ppm,131,12,12,"14,15,40,41,53,54,55,74,75,80,81,82",SPOC,120,False,False,2679.3436,32.591861,0.41315779,1.5441959,24,,-0.1018187,0.6315204,-0.16122788,-0.16122788,linear,0.8981813,1.6419028,1.8280305,0.6315204,3.157602,1595.076,OK,-0.16122788,OK,SAP_FLUX,SPOC,58.454552,35.913145,bootstrap,43.757349,24.999033,OK,3,3,SPOC/SAP_FLUX=58ppm;TESS-SPOC/SAP_FLUX=34ppm;QLP/SAP_FLUX=107ppm,147,12,12,"14,15,40,41,53,54,55,74,75,80,81,82",SPOC,120,False,False,2603.5135,-61.920479,0.85162461,1.8633288,24,,-0.17492704,0.62156876,-0.28142831,-0.28142831,linear,0.82507296,1.6276645,1.9727522,0.62156876,3.1078438,1514.2111,OK,-0.28142831,BACKGROUND_TEST_AGREES,2,"SPOC,TESS-SPOC",-19.256545,40.204198,-0.47896851,-0.2831342,PDC_DEEPER_THAN_SAP,0.12903482,1.4530348,2.2669478,0.55972065,0.87324645,114.00556,1.0431745,49509,OK,False,0.55972065,0.99399749,-0.36786651,0.99621836,fixed_b,not_measurable,not_measurable,,False,,0,0,1,1,1.1,38.618235,38.756321,138,1.0175183,0,False,,0.34258594,67.836958,111.43726,63.634113,114.50629,90.251262,50.872175,84,35.299969,35.913145,153,0.99634441,0,False,,0.42766614,41.672927,91.670993,33.775692,107.30226,58.454552,48.847707,84,0,3
K04149.01,,10875007,27988439,tic_kic_crossid,CANDIDATE,CANDIDATE,9.5469922,140.15819,5.063,143,8.9,-8.9,0.012712,0.879,7.3,6274,4.357,14.718,0,0,0,0,2,296.9621,48.25639,15,OK,lightkurve,,4,"SPOC,TESS-SPOC","76,83",1.0265381,,146.79495,9.136189,3395.8498,3395.8498,568,69.640059,0,,284.86518,14,2.6456297,1.1223053,1976.8543,4479.3357,False,OK,PDCSAP_FLUX,SPOC,1976.8543,1761.423,analytic,1783.8616,282.04878,OK,2,2,SPOC/PDCSAP_FLUX=1977ppm;TESS-SPOC/PDCSAP_FLUX=2806ppm,4,2,2,"76,83",SPOC,120,False,False,28957.113,-3927.0749,1.1018507,0.44296563,2,,12.466773,12.152327,1.0258755,1.0258755,linear,13.466773,1.1223053,0.083338841,12.152327,60.761633,3.5904832e+28,OK,1.0258755,OK,SAP_FLUX,SPOC,376.31007,243.56647,analytic,244.92419,25.753327,OK,2,2,SPOC/SAP_FLUX=376ppm;TESS-SPOC/SAP_FLUX=452ppm,4,2,2,"76,83",SPOC,120,False,False,3929.6397,-632.9948,1.2895546,0.64428507,2,,1.5635083,1.6703872,0.9360155,0.9360155,linear,2.5635083,1.5449995,0.60268948,1.6703872,8.3519362,622025.82,OK,0.9360155,BACKGROUND_TEST_AGREES,2,"SPOC,TESS-SPOC",-1968.3692,1272.4211,-1.5469479,-0.82302345,PDC_DEEPER_THAN_SAP,0.053072786,9.9135819,5.0747701,1.958045,1.0023247,1053.3333,0.99529753,3039,OK,True,1.958045,1.1299873,1.0664276,0.23624377,fixed_b,not_measurable,not_measurable,,False,,0,0,1,1,0.1,1761.423,1474.0801,4,1.0036251,0,False,,0.14267555,2109.5831,2673.6807,1976.8543,2806.4095,2391.6319,829.55523,84,243.56647,239.23247,4,1.4108492,0,False,,0.068436453,388.42928,439.93594,376.31007,452.05515,414.18261,75.745078,84,0,3
K04149.02,,10875007,27988439,tic_kic_crossid,CANDIDATE,CANDIDATE,14.708641,133.85125,5.394,130.6,11.2,-11.2,0.013504,0.96,6.83,6274,4.357,14.718,0,0,0,0,2,296.9621,48.25639,15,OK,lightkurve,,4,"SPOC,TESS-SPOC","76,83",1.0704447,,139.80007,11.98898,3394.3398,3394.3398,369,111.84739,0,,416.45216,18,1.6819909,-0.3856273,-721.58469,3421.1217,False,OK,PDCSAP_FLUX,SPOC,-721.58469,1871.1971,analytic,1871.1971,,TOO_FEW_MEMBERS,2,0,SPOC/PDCSAP_FLUX=OK;TESS-SPOC/PDCSAP_FLUX=OK,3,2,2,"76,83",SPOC,120,False,False,28773.262,167.23391,0.041848301,0.20644156,2,,-6.1615472,13.385176,-0.46032621,-0.46032621,linear,-5.1615472,-0.3856273,0.07471157,13.385176,66.92588,1.6257269e+31,OK,-0.46032621,OK,SAP_FLUX,SPOC,-119.17367,262.16135,analytic,262.16135,,TOO_FEW_MEMBERS,2,0,SPOC/SAP_FLUX=OK;TESS-SPOC/SAP_FLUX=OK,3,2,2,"76,83",SPOC,120,False,False,3982.0453,145.07875,0.25628734,0.15198067,2,,-1.8524578,1.8778847,-0.98645985,-0.98645985,linear,-0.85245783,-0.45458138,0.53325967,1.8778847,9.3894233,1672036.8,OK,-0.98645985,BACKGROUND_TEST_UNAVAILABLE,0,,,,,,,0.15055825,13.485,0.95491183,2.5,0.17703223,1444.0964,1.0611587,2328,OK,True,2.5,,,0.60601206,inconclusive,not_measurable,not_measurable,,False,,0,0,1,1,0.1,1871.1971,566.9714,3,0.1422406,2,True,OK:2,,,,,,,,84,262.16135,94.37853,3,0.20175922,2,True,OK:2,,,,,,,,84,0,3
K01444.01,Kepler-852 b,11043167,28089606,name_planet,CONFIRMED,CANDIDATE,44.930671,140.2077,6.539,438.4,14.8,-14.8,0.019559,0.481,47.2,6121,4.397,13.949,0,0,0,0,1,297.3916,48.560692,15,OK,lightkurve,,21,"QLP,SPOC,TESS-SPOC","14,15,41,54,55,56,74,75,76,81,83",0.97546284,,427.64291,14.43685,3364.8882,3364.8882,120,45.515918,0,,234.63275,12,1.9254793,1.9254793,1153.3045,1153.3045,False,OK,PDCSAP_FLUX,QLP,1153.3045,598.97008,analytic,838.36246,586.58883,OK,4,4,SPOC/PDCSAP_FLUX=1262ppm;TESS-SPOC/PDCSAP_FLUX=1709ppm;QLP/KSPSAP_FLUX=562ppm;QLP/DET_FLUX=99ppm,6,11,6,"74,75,76,81,83,14,15,41,54,55,56","QLP,SPOC","120,1800,200,600",False,False,10533.908,-870.26488,0.7210729,0.89360608,10,,1.6968868,1.9613545,0.86516068,0.86516068,linear,2.6968868,1.9254793,0.71396373,1.9613545,9.8067724,7763981.6,OK,0.86516068,OK,SAP_FLUX,QLP,929.78888,431.02893,analytic,542.19,328.91345,OK,3,3,SPOC/SAP_FLUX=927ppm;TESS-SPOC/SAP_FLUX=1000ppm;QLP/SAP_FLUX=33ppm,6,11,6,"74,75,76,81,83,14,15,41,54,55,56","QLP,SPOC","120,1800,200,600",False,False,8224.6393,-494.86999,0.55980555,0.83644576,10,,0.77666903,0.58624487,1.3248202,0.92509719,ln,2.1742179,2.157138,0.99214433,1.2692914,6.3464571,243528.97,OK,1.3248202,BACKGROUND_TEST_AGREES,2,"SPOC,TESS-SPOC",-504.01185,650.70159,-0.77456681,-0.33929397,PDC_DEEPER_THAN_SAP,0.024818459,4.1356267,1.3961915,0.63245553,0.21351759,1262.0912,0.99788906,2771,OK,False,0.63245553,1.0158218,-1.3863116,0.84631243,fixed_b,not_measurable,not_measurable,,False,,0,0,1,1,0.2,598.97008,538.76945,6,0.89360608,0,False,,0.50861574,321.2397,1494.4174,99.175959,1709.0941,911.82982,1054.1285,84,431.02893,375.57558,6,0.83644576,0,False,,0.35375069,318.78309,976.61,32.502997,999.89551,927.12827,897.28589,84,0,3
K01431.01,,11075279,399911821,tic_kic_crossid,CANDIDATE,CANDIDATE,345.15894,318.30772,7.5646,5087.9,32.1,-32.1,0.076581,0.87,220.9,5597,4.515,13.46,0,0,0,0,1,287.02228,48.681938,15,OK,lightkurve,,23,"QLP,SPOC,TESS-SPOC","14,15,26,40,41,53,54,55,74,75,80,81,82",1.0300534,,5240.8086,33.064713,3328.6918,3328.6918,15,9.2707738,0,,141.28132,4,,,,,False,NO_USABLE_TRANSIT,PDCSAP_FLUX,QLP,,,none,,,TOO_FEW_MEMBERS,4,1,SPOC/PDCSAP_FLUX=NO_USABLE_TRANSIT;TESS-SPOC/PDCSAP_FLUX=NO_USABLE_TRANSIT;QLP/KSPSAP_FLUX=NO_USABLE_TRANSIT;QLP/DET_FLUX=5736ppm,0,13,0,"74,75,80,81,82,14,15,26,40,41,53,54,55","QLP,SPOC","120,1800,600",False,False,,,,,10,,,,,,,,,,,,,NO_USABLE_TRANSIT,,OK,SAP_FLUX,QLP,3362.6149,725.16419,analytic,1047.9134,756.47824,OK,3,3,SPOC/SAP_FLUX=3363ppm;TESS-SPOC/SAP_FLUX=3394ppm;QLP/SAP_FLUX=5588ppm,1,13,1,"74,75,80,81,82,14,15,26,40,41,53,54,55","QLP,SPOC","120,1800,600",False,False,7535.1483,,,,10,,-0.44375687,0.3156851,-1.4056947,-1.7379653,ln,0.6416214,4.6370394,7.2270648,0.20620585,1.0310292,9454.1581,OK,-1.4056947,BACKGROUND_TEST_UNAVAILABLE,0,,,,,,,0.25595083,,,,,,,0,too_few_points,False,,,,,inconclusive,transit_not_recovered,transit_not_recovered,,False,,0,0,1,1,0.1,,,0,,3,True,NO_USABLE_TRANSIT:3,,,,,,,,84,725.16419,,1,0,0,False,,0.22496725,3372.7379,4885.6944,3362.6149,5587.5509,3394.2493,2224.936,84,0,3
K07408.01,,11092783,27646878,tic_kic_crossid,CANDIDATE,CANDIDATE,5.1599818,132.69545,3.356,412.4,51.4,-51.4,0.326958,1.306,3.03,3900,4.727,15.949,0,0,0,0,1,295.83051,48.602261,15,OK,lightkurve,,8,"SPOC,TESS-SPOC","40,41,54,55",1.4229872,,586.83993,73.141543,2444.5597,2444.5597,868,64.628059,0,,244.22418,16,0.98749795,-0.34350413,-553.10427,1494.4001,False,OK,PDCSAP_FLUX,SPOC,-553.10427,1295.7436,bootstrap,1295.7436,,TOO_FEW_MEMBERS,2,0,SPOC/PDCSAP_FLUX=OK;TESS-SPOC/PDCSAP_FLUX=OK,19,4,4,"40,41,54,55",SPOC,120,False,False,49311.54,2967.9064,1.1324214,0.80300781,4,,-1.942513,2.2120818,-0.87813797,-0.87813797,linear,-0.94251301,-0.42686244,0.4528982,2.2120818,11.060409,37323931,OK,-0.87813797,OK,SAP_FLUX,SPOC,-333.1759,362.24111,bootstrap,362.24111,,TOO_FEW_MEMBERS,2,0,SPOC/SAP_FLUX=OK;TESS-SPOC/SAP_FLUX=OK,19,4,4,"40,41,54,55",SPOC,120,False,False,15691.957,631.15818,0.81800237,0.91879501,4,,-1.5677458,0.63171319,-2.4817367,-2.4817367,linear,-0.56774579,-0.91976282,1.6200258,0.63171319,3.1585659,13225.505,OK,-2.4817367,BACKGROUND_TEST_UNAVAILABLE,0,,,,,,,0.5,1.7139545,3.5238,0.51071349,1.05,660.52348,1.0271339,9565,OK,True,0.51071349,,,1.3215236,inconclusive,not_measurable,not_measurable,,False,,0,0,1,1,0.2,1610.1823,1295.7436,21,0.67424752,2,True,OK:2,,,,,,,,84,484.27693,362.24111,21,0.70107586,2,True,OK:2,,,,,,,,84,0,3
K00346.01,Kepler-532 b,11100383,264507945,tic_kic_crossid_over_name_planet,CONFIRMED,CANDIDATE,12.924898,170.78679,2.6811,959,22.2,-22.2,0.031196,0.768,25.3,5103,4.584,13.524,0,0,0,0,1,298.66092,48.606369,15,OK,lightkurve,,24,"QLP,SPOC,TESS-SPOC","14,15,41,54,55,56,74,76,82,83",1.0050454,,963.83856,22.312008,3341.7697,3341.7883,413,13.482023,26.784189,1.9866595,80.662569,12,4.8252924,4.2023454,1277.235,1458.309,True,OK,PDCSAP_FLUX,QLP,1458.309,277.10096,bootstrap,431.81321,331.17625,OK,4,4,SPOC/PDCSAP_FLUX=1434ppm;TESS-SPOC/PDCSAP_FLUX=1869ppm;QLP/KSPSAP_FLUX=2625ppm;QLP/DET_FLUX=1780ppm,19,10,10,"41,54,55,74,76,82,83,14,15,56","QLP,SPOC","120,1800,200",False,False,7095.4758,-718.04055,1.3875958,0.92215963,14,,0.41410903,0.30118815,1.3749181,1.1365397,ln,1.5130221,5.2627354,3.4782938,0.45138949,2.2569474,8244.5601,OK,1.3749181,OK,SAP_FLUX,QLP,816.46365,174.88702,bootstrap,543.00035,514.06606,OK,3,3,SPOC/SAP_FLUX=790ppm;TESS-SPOC/SAP_FLUX=618ppm;QLP/SAP_FLUX=2130ppm,20,10,10,"41,54,55,74,76,82,83,14,15,56","QLP,SPOC","120,1800,200",False,False,4414.6445,-391.87151,1.1518232,1.2605303,14,,-0.16594142,0.66734222,-0.24866016,-0.2701197,ln,0.84709586,4.6685206,5.511207,0.56606069,2.8303035,15373.807,OK,-0.24866016,BACKGROUND_TEST_AGREES,2,"SPOC,TESS-SPOC",-822.02645,281.34518,-2.9217719,-0.49782276,PDC_DEEPER_THAN_SAP,0.070905736,1.7482667,0.07890973,0.65207066,0.029431849,1560.7058,1.0129994,6004,OK,False,0.65207066,1.0155653,-6.2273267,0.92844887,tracks_b,consistent,consistent,duration_not_fixed_b,False,,0,0,1,1,0.3,302.2219,277.10096,21,0.71513511,0,False,,0.22709607,1599.7919,2262.1444,1433.8858,2625.4156,1824.0621,1167.1066,84,179.82891,174.88702,21,0.84821175,0,False,,0.62962517,673.04209,1701.1742,617.94105,2129.9,790.1318,1313.4364,84,0.018600131,3
K00480.01,Kepler-570 b,11134879,407001624,tic_kic_crossid_over_name_planet,CONFIRMED,CANDIDATE,4.3016584,172.311,2.1055,739.4,9.8,-9.8,0.025589,0.547,13.56,5480,4.509,14.332,0,0,0,0,1,290.43759,48.791882,15,OK,lightkurve,,10,"SPOC,TESS-SPOC","74,75,80,81,82",0.97524355,,721.09508,9.5573868,3489.9255,3489.9255,1275,6.8084846,0,,52.007954,10,1.8655583,1.1236624,447.92431,736.93659,False,OK,PDCSAP_FLUX,SPOC,447.92431,454.6449,bootstrap,455.10719,20.507667,OK,2,2,SPOC/PDCSAP_FLUX=448ppm;TESS-SPOC/PDCSAP_FLUX=508ppm,29,5,5,"74,75,80,81,82",SPOC,120,False,False,11913.033,-55.374434,0.062080018,0.91833115,5,,-0.37882767,0.63324958,-0.59822807,-0.59822807,linear,0.62117233,0.98521793,1.5860622,0.63324958,3.1662479,16382.071,OK,-0.59822807,OK,SAP_FLUX,SPOC,478.76692,362.42849,bootstrap,363.21094,23.828114,OK,2,2,SPOC/SAP_FLUX=479ppm;TESS-SPOC/SAP_FLUX=549ppm,32,5,5,"74,75,80,81,82",SPOC,120,False,False,11152.059,-404.04392,0.5636424,1.1309518,5,,-0.33605577,0.50634263,-0.66369242,-0.66369242,linear,0.66394423,1.3209969,1.9896203,0.50634263,2.5317131,8346.6976,OK,-0.66369242,BACKGROUND_TEST_AGREES,2,"SPOC,TESS-SPOC",35.174064,433.72874,0.081096917,0.073573187,SAP_DEEPER_THAN_PDC,0.0352417,0.98115715,0.10349352,0.46599722,0.049153894,938.77957,1.0954147,9075,OK,False,0.46599722,0.99259482,-6.4314594,0.94254866,tracks_b,not_measurable,not_measurable,,False,,0,0,1,1,0.2,398.62891,454.6449,29,1.1786509,0,False,,0.045783778,457.57498,498.59031,447.92431,508.24098,478.08264,60.316668,84,354.74751,362.42849,32,1.0218956,0,False,,0.049769758,489.98015,537.63638,478.76692,548.84961,513.80826,70.082687,84,0,3
K05871.01,,11145391,27530141,tic_kic_crossid,CANDIDATE,CANDIDATE,623.2344,274.3089,14.448,602.8,46.7,-46.7,0.022285,0.0831,335.8,5600,4.496,14.645,0,0,0,0,1,295.4769,48.765079,15,OK,lightkurve,NO_USABLE_TRANSIT,8,"SPOC,TESS-SPOC","40,41,54,55",0.95913983,,578.16949,44.79183,2469.9497,2469.9497,7,144.91683,0,,651.47048,8,,,,,False,NO_USABLE_TRANSIT,PDCSAP_FLUX,SPOC,,,none,,,TOO_FEW_MEMBERS,2,0,SPOC/PDCSAP_FLUX=NO_USABLE_TRANSIT;TESS-SPOC/PDCSAP_FLUX=NO_USABLE_TRANSIT,0,4,0,"40,41,54,55",SPOC,120,False,False,,,,,4,,,,,,,,,,,,,NO_USABLE_TRANSIT,,NO_USABLE_TRANSIT,SAP_FLUX,SPOC,,,none,,,TOO_FEW_MEMBERS,2,0,SPOC/SAP_FLUX=NO_USABLE_TRANSIT;TESS-SPOC/SAP_FLUX=NO_USABLE_TRANSIT,0,4,0,"40,41,54,55",SPOC,120,False,False,,,,,4,,,,,,,,,,,,,NO_USABLE_TRANSIT,,BACKGROUND_TEST_UNAVAILABLE,0,,,,,,,0.021947536,,,,,,,0,too_few_points,False,,,,,inconclusive,not_measured,not_measured,,False,,0,0,1,1,0.1,,,0,,2,True,NO_USABLE_TRANSIT:2,,,,,,,,84,,,0,,2,True,NO_USABLE_TRANSIT:2,,,,,,,,84,0,3
K05874.01,,11152511,28362513,tic_kic_crossid,CANDIDATE,CANDIDATE,287.33114,360.8412,12.722,406.7,24.4,-24.4,0.018829,0.529,150.2,5426,4.378,13.618,0,0,0,0,1,298.06229,48.724918,15,OK,lightkurve,,27,"QLP,SPOC,TESS-SPOC","14,15,41,54,55,56,74,75,76,81,83",0.97358957,,395.95888,23.755586,3365.8017,3365.8017,18,296.96097,0,,864,14,2.2477796,0.29286322,118.03804,913.40345,False,OK,PDCSAP_FLUX,QLP,118.03804,403.04837,analytic,404.76129,37.198249,OK,4,3,SPOC/PDCSAP_FLUX=118ppm;TESS-SPOC/PDCSAP_FLUX=188ppm;QLP/KSPSAP_FLUX=227ppm;QLP/DET_FLUX=OK,2,11,2,"41,54,55,74,75,76,81,83,14,15,56","QLP,SPOC","120,1800,200",False,False,8302.0943,,,2.7233622,16,,-0.70189318,1.0252097,-0.6846338,-0.6846338,linear,0.29810682,0.29286322,0.98241032,1.0252097,5.1260483,66263.927,OK,-0.6846338,OK,SAP_FLUX,QLP,88.87438,368.41349,analytic,370.17537,36.073617,OK,3,2,SPOC/SAP_FLUX=89ppm;TESS-SPOC/SAP_FLUX=195ppm;QLP/SAP_FLUX=OK,2,11,2,"41,54,55,74,75,76,81,83,14,15,56","QLP,SPOC","120,1800,200",False,False,7614.3758,,,3.6478735,16,sector_scatter,-0.77554644,0.93813983,-0.82668534,-0.82668534,linear,0.22445356,0.24123541,1.0747676,0.93813983,4.6906991,42735.568,OK,-0.82668534,BACKGROUND_TEST_AGREES,2,"SPOC,TESS-SPOC",-12.260405,400.04441,-0.03064761,-0.080214794,PDC_DEEPER_THAN_SAP,0.025484194,31.805,2.6628226,2.5,0.20930849,478.01863,1.0313444,3808,OK,True,2.5,0.98849439,8.6538895,,duration_inconsistent,not_measurable,not_measurable,,False,,0,0,1,1,0.2,403.04837,534.09223,2,2.7233622,1,True,OK:1,0.3151378,140.31429,214.71079,118.03804,227.44466,187.65133,109.40661,84,368.41349,568.49707,2,3.6478735,1,True,OK:1,0.40589444,105.8502,177.99743,88.87438,194.97325,141.92382,106.09887,84,0,3
K01430.01,Kepler-298 b,11176127,48217868,name_planet,CONFIRMED,CANDIDATE,10.475481,152.64165,2.3024,1070.7,29.4,-29.4,0.031572,0.664,27.5,4463,4.677,15.415,0,0,0,0,3,283.03979,48.825359,15,OK,lightkurve,,8,"SPOC,TESS-SPOC","75,80,81,82",0.98818337,,1058.0479,29.052591,3506.2201,3506.2201,527,13.817421,0,,75.988264,12,1.8286292,1.8057042,2254.6345,2289.5646,False,OK,PDCSAP_FLUX,SPOC,2254.6345,1647.9485,bootstrap,1704.8321,436.71289,OK,2,2,SPOC/PDCSAP_FLUX=2255ppm;TESS-SPOC/PDCSAP_FLUX=970ppm,10,4,4,"75,80,81,82",SPOC,120,False,False,23438.32,798.59062,0.3173404,3.6550207,4,sector_scatter,1.1309379,1.6123089,0.70143999,0.70143999,linear,2.1309379,1.3681462,0.64203945,1.6123089,8.0615444,3353146.8,OK,0.70143999,OK,SAP_FLUX,SPOC,555.09663,587.39466,bootstrap,590.28123,58.304745,OK,2,2,SPOC/SAP_FLUX=555ppm;TESS-SPOC/SAP_FLUX=384ppm,10,4,4,"75,80,81,82",SPOC,120,False,False,8415.821,511.05491,0.55076209,2.8480656,4,,-0.47535777,0.5608052,-0.84763438,-0.84763438,linear,0.52464223,0.94501477,1.8012556,0.5608052,2.804026,16411.367,OK,-0.84763438,BACKGROUND_TEST_AGREES,2,"SPOC,TESS-SPOC",-985.92179,1047.9744,-0.94078803,-0.61145863,PDC_DEEPER_THAN_SAP,0.053522076,5.756,0.1705437,2.5,0.074072142,-1010.6191,1.002977,3109,OK,True,2.5,1.0239163,14.351962,,duration_inconsistent,not_measurable,not_measurable,,False,,0,0,1,1,0.2,1248.6178,1647.9485,10,1.538484,0,False,,0.19369565,1175.6967,2049.1225,970.18479,2254.6345,1612.4096,1284.4497,84,459.275,587.39466,10,1.457489,0,False,,0.10503531,411.04962,527.6591,383.61209,555.09663,469.35436,171.48454,84,0,3
K01430.02,Kepler-298 c,11176127,48217868,name_planet,CONFIRMED,CANDIDATE,22.928863,143.86271,2.0831,908.9,47.9,-47.9,0.03117,0.805,54.2,4463,4.677,15.415,0,0,0,0,3,283.03979,48.825359,15,OK,lightkurve,,8,"SPOC,TESS-SPOC","75,80,81,82",1.0198575,,926.94845,48.851173,3502.7187,3502.7187,241,29.968311,0,,121.15143,13,1.8323969,0.48257888,1293.7276,4702.5604,False,OK,PDCSAP_FLUX,SPOC,1293.7276,2680.8624,analytic,2680.8624,,TOO_FEW_MEMBERS,2,1,SPOC/PDCSAP_FLUX=1294ppm;TESS-SPOC/PDCSAP_FLUX=OK,3,4,3,"75,80,81,82",SPOC,120,False,False,26151.21,1003.6148,0.18552643,0.018653353,4,,0.39568449,2.8930497,0.13677072,0.13677072,linear,1.3956845,0.48257888,0.34576503,2.8930497,14.465249,1.7751418e+09,OK,0.13677072,OK,SAP_FLUX,SPOC,120.54567,864.15631,analytic,864.15631,,TOO_FEW_MEMBERS,2,1,SPOC/SAP_FLUX=121ppm;TESS-SPOC/SAP_FLUX=OK,5,4,4,"75,80,81,82",SPOC,120,False,False,9231.4052,584.63891,0.32184864,0.12949134,4,,-0.86995429,0.93508544,-0.93034738,-0.93034738,linear,0.13004571,0.13949522,1.072663,0.93508544,4.6754272,98514.586,OK,-0.93034738,BACKGROUND_TEST_AGREES,1,SPOC,-1173.1819,2816.6983,-0.41650961,-0.90682299,PDC_DEEPER_THAN_SAP,0.081737648,2.7421558,1.3904765,1.3163822,0.66750347,3405.3598,0.98601152,938,OK,True,1.3163822,1.0139804,0.5102477,0.58623989,fixed_b,not_measurable,not_measurable,,False,,0,0,1,1,0.1,2680.8624,304.98694,4,0.018653353,1,True,OK:1,,,,,,,,84,864.15631,263.19389,6,0.097336914,1,True,OK:1,,,,,,,,84,0,3
K01430.03,Kepler-298 d,11176127,48217868,name_planet,CONFIRMED,CANDIDATE,77.474099,184.24533,4.168,1543.6,60.9,-60.9,0.039418,0.758,101,4463,4.677,15.415,0,0,0,0,3,283.03979,48.825359,15,OK,lightkurve,,8,"SPOC,TESS-SPOC","75,80,81,82",1.0071207,,1554.5916,61.333653,3517.9064,3517.9064,71,37.304492,0,,174.43348,11,2.215032,0.88410492,3597.1926,9021.2447,False,OK,PDCSAP_FLUX,SPOC,3597.1926,4068.7396,analytic,4087.2757,388.82054,OK,2,2,SPOC/PDCSAP_FLUX=3597ppm;TESS-SPOC/PDCSAP_FLUX=2454ppm,1,4,1,"75,80,81,82",SPOC,120,False,False,31228.318,,,,4,,1.3139149,2.6299351,0.49959976,0.49959976,linear,2.3139149,0.88410492,0.38208186,2.6299351,13.149675,7.9881622e+08,OK,0.49959976,OK,SAP_FLUX,SPOC,1384.8631,1017.1045,analytic,1019.4843,69.617919,OK,2,2,SPOC/SAP_FLUX=1385ppm;TESS-SPOC/SAP_FLUX=1590ppm,2,4,2,"75,80,81,82",SPOC,120,False,False,11044.993,,,0.48248868,4,,-0.1091788,0.65887478,-0.16570494,-0.16570494,linear,0.8908212,1.3615741,1.5284482,0.65887478,3.2943739,40358.02,OK,-0.16570494,BACKGROUND_TEST_AGREES,2,"SPOC,TESS-SPOC",-1551.7737,2995.367,-0.51805797,-0.51291562,PDC_DEEPER_THAN_SAP,0.085184399,6.7945763,2.3643706,1.6301767,0.56726743,3356.9635,0.90613628,625,OK,False,1.6301767,1.0417595,1.2691027,,fixed_b,not_measurable,not_measurable,,False,,0,0,1,1,0.1,4068.7396,,1,0,0,False,,0.10809,2636.5772,3414.2183,2453.6028,3597.1926,3025.3977,1143.5898,84,1017.1045,489.26954,2,0.48248868,0,False,,0.050270614,1417.6245,1556.8603,1384.8631,1589.6217,1487.2424,204.75859,84,0,3
K03220.01,Kepler-1442 b,11189311,350811132,tic_kic_crossid_over_name_planet,CONFIRMED,CANDIDATE,81.416014,160.86387,14.175,762.3,16.1,-16.1,0.030244,0.911,21.2,6352,4.267,12.146,0,0,0,0,1,291.25562,48.846924,15,OK,lightkurve,,30,"QLP,SPOC,TESS-SPOC","14,15,40,41,54,55,74,75,80,81,82",1.0377176,,791.05212,16.707253,3367.3208,3367.1731,66,46.98745,-212.625,4.5251445,353.58735,8,7.0607208,3.8901312,817.06099,1349.405,True,OK,PDCSAP_FLUX,QLP,1349.405,191.11435,analytic,420.04007,374.04407,OK,4,3,SPOC/PDCSAP_FLUX=1349ppm;TESS-SPOC/PDCSAP_FLUX=1235ppm;QLP/KSPSAP_FLUX=NO_USABLE_TRANSIT;QLP/DET_FLUX=249ppm,1,11,1,"40,41,54,55,74,75,80,81,82,14,15","QLP,SPOC","120,1800",False,False,2618.3251,,,,19,,0.53405521,0.31597476,1.6901832,1.3223941,ln,1.7058358,7.0607208,4.1391561,0.53375605,2.6687802,10617.792,OK,1.6901832,OK,SAP_FLUX,QLP,881.04808,154.36701,analytic,1351.8184,1342.9758,OK,3,3,SPOC/SAP_FLUX=881ppm;TESS-SPOC/SAP_FLUX=806ppm;QLP/SAP_FLUX=4756ppm,1,11,1,"40,41,54,55,74,75,80,81,82,14,15","QLP,SPOC","120,1800",False,False,2195.0138,,,,19,,0.10774834,1.5352897,0.070181113,0.066540442,ln,1.1137674,5.7074894,5.1244895,1.7097485,8.5487423,4081243.8,OK,0.070181113,BACKGROUND_TEST_AGREES,2,"SPOC,TESS-SPOC",-449.10765,176.64949,-2.5423659,-0.34759091,PDC_DEEPER_THAN_SAP,0.15453503,,,,,,,0,too_few_points,False,,,,,inconclusive,consistent,consistent,duration_inconclusive,False,,0,0,1,1,0.2,191.11435,,4,0,1,True,NO_USABLE_TRANSIT:1,0.27719184,564.61484,1312.703,249.27542,1349.405,1234.7111,1100.1296,84,154.36701,,4,0,0,False,,1.5242934,830.15864,3516.1102,806.21066,4756.1394,881.04808,3875.0913,84,-0.14765625,3
K01438.01,Kepler-848 b,11193263,26817863,name_planet,CONFIRMED,CANDIDATE,6.9113422,136.64878,5.6743,201.7,5.2,-5.2,0.01292,0.259,9.13,5685,4.194,14.056,0,0,0,0,1,293.28827,48.811619,15,OK,lightkurve,,8,"SPOC,TESS-SPOC","74,75,81,82",0.96382962,,194.40443,5.011914,3367.407,3367.407,781,28.13134,0,,169.50852,9,2.2236037,-0.22757022,-80.55945,721.16614,False,OK,PDCSAP_FLUX,SPOC,-80.55945,571.80173,bootstrap,571.80173,,TOO_FEW_MEMBERS,2,1,SPOC/PDCSAP_FLUX=OK;TESS-SPOC/PDCSAP_FLUX=85ppm,9,4,4,"74,75,81,82",SPOC,120,False,False,9057.7491,1713.0399,1.9734773,1.8608726,4,,-1.414391,2.9418378,-0.48078484,-0.48078484,linear,-0.41439101,-0.14088703,0.33998574,2.9418378,14.709189,4.7514431e+08,OK,-0.48078484,OK,SAP_FLUX,SPOC,119.95552,390.1073,bootstrap,393.44148,51.112576,OK,2,2,SPOC/SAP_FLUX=120ppm;TESS-SPOC/SAP_FLUX=270ppm,9,4,4,"74,75,81,82",SPOC,120,False,False,7208.7463,978.03789,1.4094378,1.04553,4,,-0.38295893,2.0246115,-0.18915182,-0.18915182,linear,0.61704107,0.30749366,0.4983358,2.0246115,10.123057,4842578.6,OK,-0.18915182,BACKGROUND_TEST_AGREES,1,TESS-SPOC,185.38521,782.94515,0.23677931,2.183535,SAP_DEEPER_THAN_PDC,0.02,11.810392,1.1173,2.081383,0.19690535,-394.15156,0.98829059,8299,OK,False,2.081383,,,,inconclusive,not_measurable,not_measurable,,False,,0,0,1,1,0.2,353.99821,571.80173,17,2.3719798,1,True,OK:1,,,,,,,,84,285.81436,390.1073,17,1.6422313,0,False,,0.42609608,144.0085,246.23365,119.95552,270.28663,195.12107,150.33111,84,0,3
K01972.01,,11253711,27769737,name_host,CANDIDATE,CANDIDATE,17.791087,149.25344,2.662,414.2,11.3,-11.3,0.019651,0.654,39.9,5855,4.148,13.8,0,0,0,0,2,296.08975,48.955372,15,OK,lightkurve,,14,"QLP,SPOC,TESS-SPOC","14,15,74,75,76,81,82,83",0.98744483,,408.99965,11.158127,3390.7439,3390.7624,304,19.525523,26.609352,1.3627985,98.506568,12,3.2475891,1.5450146,959.28073,1949.8246,True,OK,PDCSAP_FLUX,QLP,1949.8246,893.99511,bootstrap,1443.659,1133.5449,OK,3,3,SPOC/PDCSAP_FLUX=1654ppm;TESS-SPOC/PDCSAP_FLUX=1065ppm;QLP/KSPSAP_FLUX=4399ppm,12,8,8,"74,75,76,81,82,83,14,15","QLP,SPOC","120,1800",False,False,10910.447,-1687.9544,1.4022105,2.4706026,6,,1.5617804,0.74259219,2.1031468,1.0671664,ln,4.7673015,2.1810238,0.45749651,3.5301912,17.650956,1.8942426e+10,OK,2.1031468,OK,SAP_FLUX,QLP,1290.7924,596.00462,bootstrap,1401.043,1267.9511,OK,3,3,SPOC/SAP_FLUX=1162ppm;TESS-SPOC/SAP_FLUX=651ppm;QLP/SAP_FLUX=4380ppm,12,8,8,"74,75,76,81,82,83,14,15","QLP,SPOC","120,1800",False,False,6529.078,-1203.7569,1.6593757,3.0839272,6,sector_scatter,1.1492973,1.0869066,1.0574021,0.62929607,ln,3.1559744,2.1657423,0.6862357,3.4260096,17.130048,1.1251441e+10,OK,1.0574021,BACKGROUND_TEST_AGREES,2,"SPOC,TESS-SPOC",-439.06006,610.47618,-0.71920916,-0.32296045,PDC_DEEPER_THAN_SAP,0.033214115,6.655,0.10009552,2.5,0.037601624,-1009.384,1.1721508,2781,OK,True,2.5,1.0384552,15.476607,,duration_inconsistent,not_measurable,not_measurable,,False,,0,0,1,1,0.2,600.39142,893.99511,12,2.032712,0,False,,0.58135736,1253.5262,3520.616,1065.154,4399.1096,1653.817,2449.285,84,362.2079,596.00462,12,2.285361,0,False,,0.98230446,814.35888,3350.2612,650.60269,4379.8708,1162.3408,3089.0783,84,0.018478717,3
K01972.02,Kepler-1031 b,11253711,27769737,name_host,CONFIRMED,CANDIDATE,1.226224,132.6827,2.1689,56.1,3.6,-3.6,0.006849,0.005,4.388,5855,4.148,13.8,0,0,0,0,2,296.08975,48.955372,15,OK,lightkurve,,14,"QLP,SPOC,TESS-SPOC","14,15,74,75,76,81,82,83",0.96306305,,54.027837,3.467027,3391.7239,3391.7239,4425,28.588369,0,,118.29861,12,-0.27156325,-1.1100854,-181.73416,-44.200034,False,OK,PDCSAP_FLUX,QLP,-181.73416,249.22671,bootstrap,249.22671,,TOO_FEW_MEMBERS,3,1,SPOC/PDCSAP_FLUX=OK;TESS-SPOC/PDCSAP_FLUX=167ppm;QLP/KSPSAP_FLUX=OK,155,8,8,"74,75,76,81,82,83,14,15","QLP,SPOC","120,1800",True,False,10636.999,376.30631,0.79399278,1.1967479,6,smeared,-4.3637134,4.6136487,-0.94582699,-0.94582699,linear,-3.3637134,-0.72919216,0.21678189,4.6136487,23.068243,5.6367453e+11,OK,-0.94582699,OK,SAP_FLUX,QLP,-43.140877,132.08423,bootstrap,138.51889,41.728175,OK,3,2,SPOC/SAP_FLUX=2ppm;TESS-SPOC/SAP_FLUX=125ppm;QLP/SAP_FLUX=OK,166,8,8,"74,75,76,81,82,83,14,15","QLP,SPOC","120,1800",True,False,6381.6419,265.31937,1.0112075,1.0620665,6,smeared,-1.7984935,2.5651333,-0.70113062,-0.70113062,linear,-0.7984935,-0.32661642,0.4090408,2.5651333,12.825666,20078562,OK,-0.70113062,BACKGROUND_TEST_AGREES,1,TESS-SPOC,-42.294171,264.95221,-0.15962943,-0.25269789,PDC_DEEPER_THAN_SAP,0.02,4.947497,0.52186736,2.2811088,0.24061384,-192.0294,1.0317339,37499,OK,True,2.2811088,,,,inconclusive,not_measurable,not_measurable,,False,,0,0,1,1,0.8,163.71188,249.22671,163,1.3942977,2,True,OK:2,,,,,,,,84,101.47659,132.08423,173,1.4176659,1,True,OK:1,0.65495658,21.983186,105.43954,2.3463979,125.07633,63.711361,61.364964,84,0,3
K02816.01,Kepler-1355 b,11283615,48354835,name_planet,CONFIRMED,CANDIDATE,1.2895902,131.89057,1.3541,286,18.4,-18.4,0.015625,0.401,6.82,5467,4.578,15.471,0,0,0,0,1,283.74142,49.067982,15,OK,lightkurve,,8,"SPOC,TESS-SPOC","75,80,81,82",0.9656729,,276.18245,17.768381,3504.9701,3504.9701,4296,24.041208,0,,92.435124,16,2.2501203,1.1338678,845.66105,1698.1654,False,OK,PDCSAP_FLUX,SPOC,845.66105,816.66557,bootstrap,818.26138,51.078786,OK,2,2,SPOC/PDCSAP_FLUX=846ppm;TESS-SPOC/PDCSAP_FLUX=695ppm,69,4,4,"75,80,81,82",SPOC,120,False,False,27576.904,-1087.5839,0.68026695,0.35424983,4,,2.0619652,2.9638769,0.69569868,0.69569868,linear,3.0619652,1.0355047,0.33818304,2.9638769,14.819384,7.5365526e+08,OK,0.69569868,OK,SAP_FLUX,SPOC,823.88098,711.74719,bootstrap,716.43312,81.806752,OK,2,2,SPOC/SAP_FLUX=824ppm;TESS-SPOC/SAP_FLUX=583ppm,81,4,4,"75,80,81,82",SPOC,120,False,False,26267.526,-235.74676,0.16282552,0.10721682,4,,1.983104,2.5953367,0.76410279,0.76410279,linear,2.983104,1.1575472,0.38803447,2.5953367,12.976684,1.1937055e+08,OK,0.76410279,BACKGROUND_TEST_AGREES,2,"SPOC,TESS-SPOC",-61.682135,809.56966,-0.076191262,-0.08004999,PDC_DEEPER_THAN_SAP,0.02,2.7336196,0.92759334,2.0187723,0.68502573,-440.91686,1.0002625,13464,OK,True,2.0187723,1.0137407,1.9756733,,fixed_b,not_measurable,not_measurable,,False,,0,0,1,1,0.5,745.81981,816.66557,73,1.0379868,0,False,,0.060401015,719.4664,821.62397,695.42933,845.66105,770.54519,150.23172,84,657.4867,711.74719,84,1.0486678,0,False,,0.099294381,621.77018,785.38368,583.27288,823.88098,703.57693,240.60809,84,0,3
K00767.01,Kepler-670 b,11414511,27990610,name_planet,CONFIRMED,CANDIDATE,2.8165049,170.96768,2.50587,16813.7,11,-11,0.117059,0.105,9.571,5532,4.452,15.052,0,0,0,0,1,297.01547,49.225288,15,OK,lightkurve,,20,"SPOC,TESS-SPOC","41,54,55,56,74,75,76,81,82,83",0.95793988,,16106.514,10.537339,3349.694,3349.7027,1898,0.45593004,12.509303,27.436892,38.95584,10,39.843207,39.613651,18914.92,18986.674,True,OK,PDCSAP_FLUX,SPOC,18986.674,567.67915,bootstrap,784.33866,541.22778,OK,2,2,SPOC/PDCSAP_FLUX=18987ppm;TESS-SPOC/PDCSAP_FLUX=20579ppm,89,10,10,"41,54,55,56,74,75,76,81,82,83",SPOC,120,False,False,26940.214,1362.8638,1.2525898,2.0791306,10,,0.1645136,0.064860931,2.5364051,2.561942,ln,1.1788196,33.446136,28.372565,0.069798455,0.34899228,6726.6961,OK,2.5364051,OK,SAP_FLUX,SPOC,8068.6994,255.6282,bootstrap,289.0926,135.0139,OK,2,2,SPOC/SAP_FLUX=8069ppm;TESS-SPOC/SAP_FLUX=8466ppm,94,10,10,"41,54,55,56,74,75,76,81,82,83",SPOC,120,False,False,11871.603,623.18122,1.2527136,4.4859549,10,sector_scatter,-0.69123146,0.061515346,-11.236732,-9.3931816,ln,0.50095878,31.564199,63.007577,0.053128029,0.26564014,4900.6585,OK,-11.236732,BACKGROUND_TEST_DISAGREES,2,"SPOC,TESS-SPOC",-11380.961,487.23834,-23.358098,-0.57530165,PDC_DEEPER_THAN_SAP,0.10585154,2.2864649,0.035456494,0.91244354,0.014149375,18683.909,1.0433776,33110,OK,False,0.91244354,1.0091058,-1.9210144,0.46703586,fixed_b,shallower_tess,shallower_tess,,False,pdc_deeper_than_sap,0,0,1,1,0.6,476.53479,567.67915,93,1.3516821,0,False,,0.028505666,19241.369,20323.825,18986.674,20578.52,19782.597,1591.8464,84,200.24567,255.6282,97,1.6516315,0,False,,0.016733043,8132.2354,8402.2632,8068.6994,8465.7991,8267.2493,397.0997,84,0.008687016,3
K07467.01,,11650543,48504247,tic_kic_crossid,CANDIDATE,CANDIDATE,7.2055808,138.3055,2.997,58,7.6,-7.6,0.007176,0.5196,15.86,6002,4.025,13.553,0,0,0,0,1,284.95026,49.747147,15,OK,lightkurve,,20,"QLP,SPOC,TESS-SPOC","14,15,26,40,41,53,54,55,74,75,80,82",0.9769712,,56.66433,7.4249812,3361.0799,3361.0799,748,98.466159,0,,340.35348,22,2.0412796,-0.49042902,-76.034057,345.56029,False,OK,PDCSAP_FLUX,QLP,-76.034057,243.32125,bootstrap,292.39578,162.1421,OK,4,2,SPOC/PDCSAP_FLUX=80ppm;TESS-SPOC/PDCSAP_FLUX=OK;QLP/KSPSAP_FLUX=OK;QLP/DET_FLUX=557ppm,40,12,12,"74,75,80,82,14,15,26,40,41,53,54,55","QLP,SPOC","120,1800,600",False,False,3512.3012,-164.50628,0.33180416,2.9452005,8,,-2.3418328,5.1620439,-0.45366387,-0.45366387,linear,-1.3418328,-0.31248425,0.23287868,5.1620439,25.810219,9.173723e+12,OK,-0.45366387,OK,SAP_FLUX,QLP,-173.2672,238.37588,bootstrap,238.84584,14.975847,OK,3,2,SPOC/SAP_FLUX=47ppm;TESS-SPOC/SAP_FLUX=3ppm;QLP/SAP_FLUX=OK,42,12,12,"74,75,80,82,14,15,26,40,41,53,54,55","QLP,SPOC","120,1800,600",False,False,3734.0644,-639.74221,1.3407526,4.458082,8,sector_scatter,-4.0577825,4.217433,-0.9621451,-0.9621451,linear,-3.0577825,-0.72686548,0.23771,4.217433,21.087165,8.1535971e+10,OK,-0.9621451,BACKGROUND_TEST_AGREES,1,SPOC,-32.575088,341.65283,-0.095345584,-0.4069371,PDC_DEEPER_THAN_SAP,0.02,3.3864558,0.70706454,1.1299485,0.2359241,-265.92385,2.5064759,6845,OK,False,1.1299485,,,0.25286559,inconclusive,not_measurable,not_measurable,,False,,0,0,1,1,0.4,155.0358,243.32125,41,2.5846486,2,True,OK:2,0.50909043,156.35161,480.63581,80.049444,556.93798,318.49371,238.44427,84,144.07032,238.37588,43,2.9450679,1,True,OK:1,0.58841765,10.475203,40.426898,3.4277455,47.474355,25.45105,22.023305,84,0,3
K02376.01,Kepler-1214 b,11701407,48528473,name_planet,CONFIRMED,CANDIDATE,18.826288,134.70322,2.344,795.8,47,-47,0.025362,0.198,61.74,5215,4.481,15.279,0,0,0,0,1,285.14264,49.800671,15,OK,lightkurve,,16,"SPOC,TESS-SPOC","40,41,53,54,55,75,80,82",0.95624328,,760.9784,44.943434,2806.0592,2806.0592,257,41.821523,0,,160.62457,16,2.309819,1.8262376,2948.8056,3992.4142,False,OK,PDCSAP_FLUX,SPOC,2948.8056,1555.0432,bootstrap,1756.0378,815.78756,OK,2,2,SPOC/PDCSAP_FLUX=2949ppm;TESS-SPOC/PDCSAP_FLUX=5348ppm,11,8,8,"40,41,53,54,55,75,80,82",SPOC,120,False,False,30656.882,2487.9914,0.74558818,1.0468672,8,,2.8750188,2.3089024,1.2451886,1.2451886,linear,3.8750188,1.8962853,0.48936158,2.3089024,11.544512,78539113,OK,1.2451886,OK,SAP_FLUX,SPOC,547.68303,184.62179,bootstrap,185.07125,12.890288,OK,2,2,SPOC/SAP_FLUX=548ppm;TESS-SPOC/SAP_FLUX=586ppm,12,8,8,"40,41,53,54,55,75,80,82",SPOC,120,False,False,7202.8671,-265.01751,0.52254914,0.36481658,8,,-0.32890828,0.3466638,-0.94878171,-1.0982504,ln,0.71970903,2.9665134,4.1218233,0.25521591,1.2760796,1965.2776,OK,-0.94878171,BACKGROUND_TEST_DISAGREES,2,"SPOC,TESS-SPOC",-3918.5389,936.21264,-4.1855223,-0.94456918,PDC_DEEPER_THAN_SAP,0.025718673,2.6485994,0.65362892,1.1299485,0.27885193,3141.4327,1.0153704,3789,OK,False,1.1299485,1.0248746,0.38046613,,fixed_b,not_measurable,not_measurable,,False,,0,0,1,1,0.3,1614.6889,1555.0432,11,0.99944704,0,False,,0.27665016,3332.7057,4964.2808,2948.8056,5348.1808,4148.4932,2399.3752,84,252.90989,184.62179,12,0.3931038,0,False,,0.023536037,553.74904,579.52962,547.68303,585.59564,566.63933,37.912612,84,0,3
K02173.01,Kepler-367 b,11774991,28159518,name_planet,CONFIRMED,CANDIDATE,37.815416,141.10346,4.662,286.4,14.2,-14.2,0.015706,0.533,53.6,4856,4.624,12.879,0,0,0,0,2,297.29242,49.981628,15,OK,lightkurve,,29,"QLP,SPOC,TESS-SPOC","14,15,41,54,55,56,74,76,81,82,83",0.97171651,,278.29961,13.798374,3343.8925,3343.8925,142,55.144768,0,,235.3643,12,1.8209881,-1.7798861,-329.74884,311.27604,False,OK,PDCSAP_FLUX,QLP,-329.74884,185.26401,analytic,185.26401,,TOO_FEW_MEMBERS,4,1,SPOC/PDCSAP_FLUX=OK;TESS-SPOC/PDCSAP_FLUX=OK;QLP/KSPSAP_FLUX=995ppm;QLP/DET_FLUX=OK,7,11,7,"41,54,55,56,74,76,81,82,83,14,15","QLP,SPOC","120,1800",False,False,3640.2602,-225.27488,0.60268216,1.4559068,18,,-2.1848699,0.6694136,-3.2638565,-3.2638565,linear,-1.1848699,-1.7798861,1.5021785,0.6694136,3.347068,7630.7766,OK,-3.2638565,OK,SAP_FLUX,QLP,-241.29346,168.47739,analytic,168.47739,,TOO_FEW_MEMBERS,3,1,SPOC/SAP_FLUX=OK;TESS-SPOC/SAP_FLUX=OK;QLP/SAP_FLUX=214ppm,7,11,7,"41,54,55,56,74,76,81,82,83,14,15","QLP,SPOC","120,1800",False,False,3367.4128,-245.04524,0.72569999,1.5575371,18,,-1.8670277,0.60946277,-3.063399,-3.063399,linear,-0.86702765,-1.4322008,1.6518513,0.60946277,3.0473138,5582.3287,OK,-3.063399,BACKGROUND_TEST_UNAVAILABLE,0,,,,,,,0.021470391,8.0786031,4.8951,1.7328621,1.05,-55.180445,1.0195725,4077,OK,True,1.7328621,,,,inconclusive,not_measurable,not_measurable,,False,,0,0,1,1,0.3,185.26401,188.73252,8,1.4559068,3,True,OK:3,,,,,,,,84,168.47739,184.32863,8,1.5575371,2,True,OK:2,,,,,,,,84,0,3
K02173.02,Kepler-367 c,11774991,28159518,name_planet,CONFIRMED,CANDIDATE,53.578305,171.1857,5.194,224.9,15.8,-15.8,0.015126,0.769,52.2,4856,4.624,12.879,0,0,0,0,2,297.29242,49.981628,15,OK,lightkurve,,29,"QLP,SPOC,TESS-SPOC","14,15,41,54,55,56,74,76,81,82,83",1.0068476,,226.44002,15.908192,3362.0162,3362.1063,100,68.295166,129.79806,1.9005453,282.7955,14,3.6242177,1.9590616,396.65627,674.78609,True,OK,PDCSAP_FLUX,QLP,674.78609,186.18807,analytic,247.16514,162.55648,OK,4,4,SPOC/PDCSAP_FLUX=595ppm;TESS-SPOC/PDCSAP_FLUX=623ppm;QLP/KSPSAP_FLUX=950ppm;QLP/DET_FLUX=351ppm,5,11,5,"41,54,55,56,74,76,81,82,83,14,15","QLP,SPOC","120,1800",False,False,3382.7218,81.91079,0.2186148,0.95432036,18,,1.0919156,0.3762997,2.901718,1.8083195,ln,2.9799771,3.6242177,1.2161898,1.0949266,5.4746329,53793.743,OK,2.901718,OK,SAP_FLUX,QLP,423.84247,182.90837,analytic,188.50455,45.590488,OK,3,3,SPOC/SAP_FLUX=495ppm;TESS-SPOC/SAP_FLUX=427ppm;QLP/SAP_FLUX=361ppm,5,11,5,"41,54,55,56,74,76,81,82,83,14,15","QLP,SPOC","120,1800",False,False,3314.8346,-324.253,0.88016024,0.82652919,18,,0.62688174,0.45303354,1.3837425,1.0416294,ln,1.8717648,2.3172393,1.2379971,0.83692413,4.1846207,14643.556,OK,1.3837425,BACKGROUND_TEST_AGREES,2,"SPOC,TESS-SPOC",-148.21426,203.66394,-0.72773934,-0.24336937,PDC_DEEPER_THAN_SAP,0.035722261,3.1861577,0.64171349,0.61343045,0.123549,585.76971,1.0716337,3167,OK,False,0.61343045,1.0252162,-2.4333647,0.93018351,fixed_b,not_measurable,not_measurable,,False,,0,0,1,1,0.3,186.18807,160.95913,5,0.95432036,0,False,,0.24090076,468.2592,793.37217,351.4068,950.48213,609.00951,323.37929,84,182.90837,150.23563,5,0.82652919,0,False,,0.1075647,382.30902,473.48999,361.06805,495.15772,427.44608,71.315247,84,0.090137542,3
K02467.01,Kepler-1839 b,11818607,27082730,name_planet,CONFIRMED,CANDIDATE,5.056613,134.39648,3.926,137.9,9.1,-9.1,0.01123,0.616,7.93,5926,4.506,14.63,0,0,0,0,1,294.22446,50.075588,15,OK,lightkurve,,18,"SPOC,TESS-SPOC","40,41,54,55,74,75,81,82,83",0.98395112,,135.68686,8.9539551,3337.5195,3337.5195,1062,47.370986,0,,201.00296,14,0.94613603,0.8929018,295.11832,312.47605,False,OK,PDCSAP_FLUX,SPOC,295.11832,320.19744,bootstrap,330.73341,82.814185,OK,2,2,SPOC/PDCSAP_FLUX=295ppm;TESS-SPOC/PDCSAP_FLUX=539ppm,41,9,9,"40,41,54,55,74,75,81,82,83",SPOC,120,False,False,15932.068,1188.3493,1.9454612,1.1419891,9,,1.1749956,2.4388813,0.48177646,0.48177646,linear,2.1749956,0.92167608,0.42375997,2.4388813,12.194407,26822493,OK,0.48177646,OK,SAP_FLUX,SPOC,258.46587,259.50873,bootstrap,269.18067,71.508396,OK,2,2,SPOC/SAP_FLUX=258ppm;TESS-SPOC/SAP_FLUX=469ppm,45,9,9,"40,41,54,55,74,75,81,82,83",SPOC,120,False,False,14429.041,891.53367,1.791681,0.99291598,9,,0.90487034,1.9855643,0.45572452,0.45572452,linear,1.9048703,0.99598142,0.52286048,1.9855643,9.9278214,2780447.2,OK,0.45572452,BACKGROUND_TEST_AGREES,2,"SPOC,TESS-SPOC",-51.891548,303.35043,-0.1710614,-0.12446885,PDC_DEEPER_THAN_SAP,0.02,2.2656159,1.2082431,0.57707996,0.30775423,513.14587,1.0760584,23560,OK,False,0.57707996,1.0083999,-1.0395809,0.89911629,fixed_b,not_measurable,not_measurable,,False,,0,0,1,1,0.5,330.51599,320.19744,43,0.9742425,0,False,,0.2806135,334.08971,499.71808,295.11832,538.68946,416.90389,243.57113,84,285.9403,259.50873,46,0.87356491,0,False,,0.27666475,292.11688,435.13367,258.46587,468.78468,363.62528,210.31881,84,0,3
K02433.01,Kepler-385 c,11968463,27082352,name_planet,CONFIRMED,CANDIDATE,15.162229,144.474,7.332,479.8,18.7,-18.7,0.025685,0.959,5.84,6325,4.409,15.212,0,0,0,0,7,294.33847,50.33654,15,OK,lightkurve,,8,"SPOC,TESS-SPOC","76,81,82,83",1.0683343,,512.58682,19.977852,3526.8498,3526.8498,366,66.408572,0,,309.20571,11,2.5912213,0.017947714,22.732584,3208.4199,False,OK,PDCSAP_FLUX,SPOC,22.732584,1266.6005,analytic,1266.6005,,TOO_FEW_MEMBERS,2,1,SPOC/PDCSAP_FLUX=23ppm;TESS-SPOC/PDCSAP_FLUX=OK,7,4,4,"76,81,82,83",SPOC,120,False,False,30341.369,1598.8409,0.62456138,1.5140719,4,,-0.95565125,2.4718102,-0.38662,-0.38662,linear,0.044348749,0.017947714,0.40469494,2.4718102,12.359051,1.1946292e+08,OK,-0.38662,OK,SAP_FLUX,SPOC,211.3612,325.9682,analytic,328.82475,43.248628,OK,2,2,SPOC/SAP_FLUX=211ppm;TESS-SPOC/SAP_FLUX=84ppm,7,4,4,"76,81,82,83",SPOC,120,False,False,8352.1229,606.14059,0.91460056,0.50959246,4,,-0.58765775,0.64462549,-0.9116266,-0.9116266,linear,0.41234225,0.64841049,1.5725056,0.64462549,3.2231275,12356.683,OK,-0.9116266,BACKGROUND_TEST_AGREES,1,SPOC,188.62862,1307.8731,0.14422547,8.29772,SAP_DEEPER_THAN_PDC,0.2635061,13.099392,7.2346571,1.7866055,0.98672356,822.04875,1.0061536,7387,OK,True,1.7866055,0.82978836,1.3746122,0.79345951,fixed_b,not_measurable,not_measurable,,False,,0,0,1,1,0.2,1266.6005,1040.9848,7,1.181062,1,True,OK:1,,,,,,,,84,325.9682,303.06181,7,0.88800634,0,False,,0.20461952,104.51165,191.00891,84.159354,211.3612,147.76028,127.20185,84,0,3
K02433.02,Kepler-385 b,11968463,27082352,name_planet,CONFIRMED,CANDIDATE,10.043784,353.61859,5.548,437.9,16.6,-16.6,0.024216,0.953,5.3,6325,4.409,15.212,0,0,0,0,7,294.33847,50.33654,15,OK,lightkurve,,8,"SPOC,TESS-SPOC","76,81,82,83",1.063044,,465.50697,17.64653,3529.9117,3530.0272,532,50.543865,166.40671,3.2923227,234.85159,11,3.424134,0.66555571,896.1725,4133.248,True,OK,PDCSAP_FLUX,SPOC,4133.248,1438.7951,bootstrap,1518.982,487.00621,OK,2,2,SPOC/PDCSAP_FLUX=4133ppm;TESS-SPOC/PDCSAP_FLUX=2701ppm,9,4,4,"76,81,82,83",SPOC,120,False,False,28841.079,388.61712,0.15991979,0.89337633,4,,2.1836918,0.37282121,5.857209,2.4141584,ln,8.8790251,2.8727149,0.32353945,3.2636736,16.318368,5.6872641e+09,OK,5.857209,OK,SAP_FLUX,SPOC,559.95827,330.47132,bootstrap,335.70781,59.063012,OK,2,2,SPOC/SAP_FLUX=560ppm;TESS-SPOC/SAP_FLUX=386ppm,11,4,4,"76,81,82,83",SPOC,120,False,False,7934.5728,773.24291,1.3876037,2.3375799,4,,0.20289986,0.72389052,0.28029082,0.28029082,linear,1.2028999,1.6944232,1.4086153,0.72389052,3.6194526,16905.879,OK,0.28029082,BACKGROUND_TEST_AGREES,2,"SPOC,TESS-SPOC",-2833.7146,948.04038,-2.9890231,-0.82928382,PDC_DEEPER_THAN_SAP,0.22067427,13.87,4.8910993,2.5,0.88159685,3196.8471,1.0109025,6552,OK,True,2.5,1.3099189,1.8032293,0.41104692,fixed_b,not_measurable,not_measurable,,False,,0,0,1,1,0.2,1207.093,1438.7951,10,1.8471362,0,False,,0.11782652,2930.0562,3904.0686,2700.8768,4133.248,3417.0624,1432.3712,84,278.56413,330.47132,11,2.4695344,0,False,,0.10547752,414.03788,532.16391,386.24353,559.95827,473.1009,173.71474,84,0.11556022,3
K02433.03,Kepler-385 d,11968463,27082352,name_planet,CONFIRMED,CANDIDATE,56.414831,163.128,8.075,480.1,30.6,-30.6,0.023849,0.908,25.2,6325,4.409,15.212,0,0,0,0,7,294.33847,50.33654,15,OK,lightkurve,,8,"SPOC,TESS-SPOC","76,81,82,83",1.0367447,,497.74113,31.724388,3524.7814,3524.7814,98,128.82503,0,,507.60008,13,1.2788785,-0.35177287,-687.64277,2477.3331,False,OK,PDCSAP_FLUX,SPOC,-687.64277,1954.7919,analytic,1954.7919,,TOO_FEW_MEMBERS,2,0,SPOC/PDCSAP_FLUX=OK;TESS-SPOC/PDCSAP_FLUX=OK,2,4,2,"76,81,82,83",SPOC,120,False,False,30749.291,-4678.1929,1.1388089,1.2968858,4,,-2.3815269,3.9281619,-0.60627005,-0.60627005,linear,-1.3815269,-0.35177287,0.25462614,3.9281619,19.640809,1.6861596e+11,OK,-0.60627005,OK,SAP_FLUX,SPOC,-197.71943,474.37661,analytic,474.37661,,TOO_FEW_MEMBERS,2,0,SPOC/SAP_FLUX=OK;TESS-SPOC/SAP_FLUX=OK,2,4,2,"76,81,82,83",SPOC,120,False,False,7327.1678,-813.68757,0.83621079,0.69924848,4,,-1.3972334,0.95649548,-1.4607842,-1.4607842,linear,-0.39723345,-0.41679843,1.0492531,0.95649548,4.7824774,58932.442,OK,-1.4607842,BACKGROUND_TEST_UNAVAILABLE,0,,,,,,,0.12126866,15.811214,4.6411052,1.958045,0.57474987,-1882.0225,0.9531196,2423,OK,False,1.958045,,,0.43614252,inconclusive,not_measurable,not_measurable,,False,,0,0,1,1,0.1,1954.7919,1657.4782,2,1.2968858,2,True,OK:2,,,,,,,,84,474.37661,285.06454,2,0.69924848,2,True,OK:2,,,,,,,,84,0,3
K02433.04,,11968463,27082352,name_planet,CANDIDATE,CANDIDATE,27.904051,154.9434,5.346,300.2,24.3,-24.3,0.018051,0.854,22.1,6325,4.409,15.212,0,0,0,0,7,294.33847,50.33654,15,OK,lightkurve,,8,"SPOC,TESS-SPOC","76,81,82,83",1.0189608,,305.89203,24.760748,3540.8495,3540.8495,199,116.18537,0,,428.74611,16,1.7222691,0.21033369,418.6887,4076.3563,False,OK,PDCSAP_FLUX,SPOC,418.6887,1990.5927,analytic,1990.5927,,TOO_FEW_MEMBERS,2,1,SPOC/PDCSAP_FLUX=419ppm;TESS-SPOC/PDCSAP_FLUX=OK,4,4,4,"76,81,82,83",SPOC,120,False,False,32218.159,-1044.9083,0.25215246,0.66806334,4,,0.36874665,6.5081964,0.056658808,0.056658808,linear,1.3687467,0.21033369,0.15366882,6.5081964,32.540982,4.1489398e+16,OK,0.056658808,OK,SAP_FLUX,SPOC,-240.74406,501.47867,analytic,501.47867,,TOO_FEW_MEMBERS,2,0,SPOC/SAP_FLUX=OK;TESS-SPOC/SAP_FLUX=OK,4,4,4,"76,81,82,83",SPOC,120,False,False,8630.6413,674.86222,0.64064689,2.3496048,4,,-1.787023,1.6421562,-1.0882174,-1.0882174,linear,-0.78702297,-0.48006839,0.60998015,1.6421562,8.2107808,1125503.7,OK,-1.0882174,BACKGROUND_TEST_UNAVAILABLE,0,,,,,,,0.06270906,11.827972,3.8084817,2.2124901,0.71239838,1246.095,0.98190821,3112,OK,False,2.2124901,1.0101346,2.3793729,,fixed_b,not_measurable,not_measurable,,False,,0,0,1,1,0.1,1990.5927,1517.6355,4,0.66806334,1,True,OK:1,,,,,,,,84,501.47867,669.96239,4,2.3496048,2,True,OK:2,,,,,,,,84,0,3
K02433.06,,11968463,27082352,name_planet,CANDIDATE,CANDIDATE,6.063303,136.17607,3.275,200.7,16.8,-16.8,0.013024,0.0214,14.338,6308,4.353,15.212,0,0,0,0,7,294.33847,50.33654,15,OK,lightkurve,,8,"SPOC,TESS-SPOC","76,81,82,83",0.96600057,,193.87631,16.22881,3529.2249,3529.2249,917,74.301326,0,,272.02898,16,1.0647473,1.00845,1324.4723,1354.4782,False,OK,PDCSAP_FLUX,SPOC,1324.4723,991.44596,bootstrap,1003.0977,152.44648,OK,2,2,SPOC/PDCSAP_FLUX=1324ppm;TESS-SPOC/PDCSAP_FLUX=876ppm,11,4,4,"76,81,82,83",SPOC,120,False,False,27537.79,-880.81578,0.32718037,0.25602269,4,,5.8315323,5.1748241,1.1269044,1.1269044,linear,6.8315323,1.3358996,0.19554905,5.1748241,25.87412,3.3458964e+13,OK,1.1269044,OK,SAP_FLUX,SPOC,294.97076,386.12038,bootstrap,389.92312,54.324,OK,2,2,SPOC/SAP_FLUX=295ppm;TESS-SPOC/SAP_FLUX=135ppm,14,4,4,"76,81,82,83",SPOC,120,False,False,8290.4551,453.30761,0.71132185,0.085006192,4,,0.52143783,2.0135574,0.25896349,0.25896349,linear,1.5214378,0.76393471,0.50211366,2.0135574,10.067787,4569730.3,OK,0.25896349,BACKGROUND_TEST_AGREES,2,"SPOC,TESS-SPOC",-875.00538,725.27409,-1.2064479,-0.79525246,PDC_DEEPER_THAN_SAP,0.02,7.7023275,1.0774492,2.3518557,0.32899213,-1977.5044,1.0197513,6078,OK,True,2.3518557,1.0207918,5.2113419,,duration_inconsistent,not_measurable,not_measurable,,False,,0,0,1,1,0.2,1313.3743,991.44596,15,0.71306225,0,False,,0.11509979,947.8398,1252.7328,876.10028,1324.4723,1100.2863,448.37201,84,317.40101,386.12038,17,3.9252788,0,False,,0.18416741,160.75852,269.40652,135.19429,294.97076,215.08252,159.77647,84,0,3
K02433.07,,11968463,27082352,name_planet,CANDIDATE,CANDIDATE,86.431871,423.0356,7.374,415.1,40,-40,0.023463,0.95,34.1,6325,4.409,15.212,0,0,0,0,7,294.33847,50.33654,15,OK,lightkurve,,8,"SPOC,TESS-SPOC","76,81,82,83",1.0606346,,440.26943,42.425384,3528.3797,3528.0725,61,152.53407,-442.44,2.9005979,568.2122,18,3.0137827,-1.670197,-4639.0361,8695.9361,True,OK,PDCSAP_FLUX,SPOC,8695.9361,2885.3892,analytic,2889.3141,150.54896,OK,2,2,SPOC/PDCSAP_FLUX=8696ppm;TESS-SPOC/PDCSAP_FLUX=8253ppm,1,4,1,"76,81,82,83",SPOC,120,False,False,29580.663,,,,4,,2.9832242,0.34954626,8.534562,2.8569193,ln,19.751397,3.0137827,0.1525858,6.5635024,32.817512,7.8737722e+16,OK,8.534562,OK,SAP_FLUX,SPOC,2254.1054,707.89864,analytic,708.97569,39.06451,OK,2,2,SPOC/SAP_FLUX=2254ppm;TESS-SPOC/SAP_FLUX=2139ppm,1,4,1,"76,81,82,83",SPOC,120,False,False,7257.2915,,,,4,,1.6331216,0.33273497,4.9081753,2.5525954,ln,5.1198318,3.1842205,0.62193851,1.6139776,8.069888,1406988.3,OK,4.9081753,BACKGROUND_TEST_DISAGREES,2,"SPOC,TESS-SPOC",-6253.7266,1939.8534,-3.2238141,-0.73794284,PDC_DEEPER_THAN_SAP,0.20308252,4.3873653,0.94632432,0.59497766,0.12833256,9094.4198,0.87484242,1106,OK,False,0.59497766,1.4785628,-3.9852163,0.99807568,tracks_b,not_measurable,not_measurable,,False,,0,0,1,1,0.1,2885.3892,,1,0,0,False,,0.017312565,8323.9916,8625.0895,8253.1451,8695.9361,8474.5406,442.79104,84,707.89864,,1,0,0,False,,0.017330383,2157.5931,2235.7221,2139.2098,2254.1054,2196.6576,114.89562,84,-0.30725,3
K00784.01,Kepler-231 c,12066335,27006192,name_planet,CONFIRMED,CANDIDATE,19.271539,186.77093,2.7594,1219.8,35.3,-35.3,0.031585,0.031,55.02,4077,4.702,15.385,0,0,0,0,2,293.97336,50.53191,15,OK,lightkurve,,12,"SPOC,TESS-SPOC","74,75,76,81,82,83",0.94021247,,1146.8712,33.1895,3396.5303,3396.5878,279,16.857918,82.765444,4.9095887,91.964754,9,3.1035987,1.2853717,2067.0636,5085.4624,True,OK,PDCSAP_FLUX,SPOC,5085.4624,1638.5696,analytic,1653.584,222.32788,OK,2,2,SPOC/PDCSAP_FLUX=5085ppm;TESS-SPOC/PDCSAP_FLUX=4432ppm,5,6,5,"74,75,76,81,82,83",SPOC,120,False,False,20452.876,-2460.9642,0.75041478,0.54778423,6,,1.4893485,0.33025122,4.509744,2.3799417,ln,4.4342055,3.1035987,0.69992216,1.4429788,7.2148942,1558058.7,OK,4.509744,OK,SAP_FLUX,SPOC,2588.2622,1043.2841,analytic,1045.3767,66.110987,OK,2,2,SPOC/SAP_FLUX=2588ppm;TESS-SPOC/SAP_FLUX=2394ppm,7,6,6,"74,75,76,81,82,83",SPOC,120,False,False,17901.445,-2370.5204,1.1325834,0.66069104,6,,0.81394917,0.40800208,1.9949633,1.3760635,ln,2.2568029,2.4808794,1.0992894,0.9133321,4.5666605,109207.64,OK,1.9949633,BACKGROUND_TEST_AGREES,2,"SPOC,TESS-SPOC",-2293.2733,1448.6515,-1.58304,-0.481931,PDC_DEEPER_THAN_SAP,0.030646511,1.9719837,0.44757551,0.71464221,0.1622003,4563.37,1.0000283,2327,OK,False,0.71464221,1.0338902,-1.5831823,0.72192358,fixed_b,not_measurable,not_measurable,,False,,0,0,1,1,0.1,1638.5696,1176.5446,7,0.54778423,0,False,,0.043718321,4536.1818,4980.8376,4431.5569,5085.4624,4758.5097,653.90552,84,1043.2841,974.84569,8,1.047107,0,False,,0.025542616,2424.9292,2557.1512,2393.8181,2588.2622,2491.0402,194.44408,84,0.057476002,3
K00784.02,Kepler-231 b,12066335,27006192,name_planet,CONFIRMED,CANDIDATE,10.065243,136.28906,1.369,1053.3,39.2,-39.2,0.031153,0.628,45.9,4077,4.702,15.385,0,0,0,0,2,293.97336,50.53191,15,OK,lightkurve,,12,"SPOC,TESS-SPOC","74,75,76,81,82,83",0.98015571,,1032.398,38.422104,3394.455,3394.455,539,11.69105,0,,55.60815,11,1.6836751,-2.0288669,-2991.1558,2282.6066,False,OK,PDCSAP_FLUX,SPOC,-2991.1558,2019.1701,bootstrap,2019.1701,,TOO_FEW_MEMBERS,2,0,SPOC/PDCSAP_FLUX=OK;TESS-SPOC/PDCSAP_FLUX=OK,12,6,6,"74,75,76,81,82,83",SPOC,120,False,False,21824.501,-6116.4576,2.0271683,1.2059033,6,,-3.8972894,1.9567988,-1.9916659,-1.9916659,linear,-2.8972894,-1.4813788,0.51129819,1.9567988,9.7839941,18321345,OK,-1.9916659,OK,SAP_FLUX,SPOC,-1802.6575,1432.304,bootstrap,1432.304,,TOO_FEW_MEMBERS,2,0,SPOC/SAP_FLUX=OK;TESS-SPOC/SAP_FLUX=OK,14,6,6,"74,75,76,81,82,83",SPOC,120,False,False,17471.248,-4236.7153,2.1689329,1.1728105,6,,-2.7460877,1.3887559,-1.9773724,-1.9773724,linear,-1.7460877,-1.2585718,0.72079529,1.3887559,6.9437796,1069235.1,OK,-1.9773724,BACKGROUND_TEST_UNAVAILABLE,0,,,,,,,0.048972285,3.4225,1.43745,2.5,1.05,939.23052,1.0465165,2459,OK,True,2.5,,,,inconclusive,not_measurable,not_measurable,,False,,0,0,1,1,0.2,1474.2987,2019.1701,14,2.1466257,2,True,OK:2,,,,,,,,84,1004.5069,1432.304,16,2.4381225,2,True,OK:2,,,,,,,,84,0,3
K05951.01,,12066767,27014703,tic_kic_crossid,CANDIDATE,CANDIDATE,194.25835,288.44613,3.15,,,,,,,,,15.779,0,0,0,0,1,294.17059,50.593632,15,QUERY_RETURNED_ZERO_ROWS,lightkurve,QUERY_RETURNED_ZERO_ROWS,0,,,0.96296296,teff_missing_default_used;logg_missing_4.5_used,,,,,0,,0,,36,0,,,,,False,FLUX_COLUMN_NOT_PRESENT,,,,,,,,ENSEMBLE_NOT_ATTEMPTED,0,0,,0,0,0,,,,False,False,,,,,0,,,,,,,,,,,,,NO_REFERENCE_DEPTH,,FLUX_COLUMN_NOT_PRESENT,,,,,,,,ENSEMBLE_NOT_ATTEMPTED,0,0,,0,0,0,,,,False,False,,,,,0,,,,,,,,,,,,,NO_REFERENCE_DEPTH,,BACKGROUND_TEST_UNAVAILABLE,0,,,,,,,,,,,,,,0,too_few_points,False,,,,,inconclusive,not_measured,not_measured,,False,,0,0,1,1,0,,,0,,0,False,,,,,,,,,84,,,0,,0,False,,,,,,,,,84,0,3
K00623.01,Kepler-197 c,12068975,27397848,name_planet,CONFIRMED,CANDIDATE,10.349733,174.06193,4.4859,119,2.8,-2.8,0.011865,0.905,8.01,6003,4.303,11.811,0,0,0,0,4,295.22644,50.558979,15,OK,lightkurve,,30,"QLP,SPOC,TESS-SPOC","14,15,41,54,55,56,74,75,76,81,82,83",1.039183,,123.66278,2.9097124,3357.8739,3357.8739,517,22.224331,0,,133.96149,10,2.2612727,0.97549178,61.102757,133.64882,False,OK,PDCSAP_FLUX,QLP,61.102757,105.74607,bootstrap,121.90313,60.647673,OK,4,2,SPOC/PDCSAP_FLUX=OK;TESS-SPOC/PDCSAP_FLUX=OK;QLP/KSPSAP_FLUX=311ppm;QLP/DET_FLUX=133ppm,29,12,12,"41,54,55,74,75,76,81,82,83,14,15,56","QLP,SPOC","120,1800,200",False,False,2398.1119,-70.756011,0.31491051,2.9442265,18,,-0.50589208,0.98731821,-0.5123901,-0.5123901,linear,0.49410792,0.57782531,1.1694314,0.98731821,4.9365911,17101.893,OK,-0.5123901,OK,SAP_FLUX,QLP,-1.4560603,79.348045,bootstrap,79.348045,,TOO_FEW_MEMBERS,3,1,SPOC/SAP_FLUX=OK;TESS-SPOC/SAP_FLUX=OK;QLP/SAP_FLUX=228ppm,30,12,12,"41,54,55,74,75,76,81,82,83,14,15,56","QLP,SPOC","120,1800,200",False,False,1663.9114,22.16486,0.1378173,5.124786,18,sector_scatter,-1.0117744,0.64402371,-1.5710205,-1.5710205,linear,-0.011774443,-0.018350298,1.5584855,0.64402371,3.2201185,2971.7509,OK,-1.5710205,BACKGROUND_TEST_UNAVAILABLE,0,,,,,,,0.061732528,1.79436,0.056513708,0.4,0.012598076,-116.93265,1.0198216,15142,OK,True,0.4,0.9824471,-14.671841,0.99553777,tracks_b,not_measurable,not_measurable,,False,,0,0,1,1,0.4,62.6379,105.74607,30,2.5642666,2,True,OK:2,0.99255215,161.16521,282.46056,132.62513,311.00064,221.81288,249.89788,84,43.693117,79.348045,30,3.7304129,2,True,OK:2,,,,,,,,84,0,3
K00623.02,Kepler-197 d,12068975,27397848,name_planet,CONFIRMED,CANDIDATE,15.677502,179.47311,5.5082,115.5,3.1,-3.1,0.011755,0.911,9.6,6003,4.303,11.811,0,0,0,0,4,295.22644,50.558979,15,OK,lightkurve,,30,"QLP,SPOC,TESS-SPOC","14,15,41,54,55,56,74,75,76,81,82,83",1.0420062,,120.35172,3.2302193,3358.5013,3358.5013,341,28.697488,0,,168.71546,9,2.3456977,0.5433611,50.916867,200.5413,False,OK,PDCSAP_FLUX,QLP,50.916867,122.96812,bootstrap,154.68685,93.844897,OK,4,4,SPOC/PDCSAP_FLUX=40ppm;TESS-SPOC/PDCSAP_FLUX=18ppm;QLP/KSPSAP_FLUX=148ppm;QLP/DET_FLUX=279ppm,12,12,8,"41,54,55,74,75,76,81,82,83,14,15,56","QLP,SPOC","120,1800,200",False,False,2444.8538,63.460487,0.29596051,1.8600906,18,,-0.57693278,1.2865421,-0.44843677,-0.44843677,linear,0.42306722,0.41406559,0.97872295,1.2865421,6.4327105,74721.235,OK,-0.44843677,OK,SAP_FLUX,QLP,79.161567,80.201961,bootstrap,120.44152,89.854361,OK,3,3,SPOC/SAP_FLUX=77ppm;TESS-SPOC/SAP_FLUX=84ppm;QLP/SAP_FLUX=341ppm,15,12,9,"41,54,55,74,75,76,81,82,83,14,15,56","QLP,SPOC","120,1800,200",False,False,1716.9501,22.999773,0.1901815,2.1925682,18,,-0.34224814,1.0023539,-0.34144442,-0.34144442,linear,0.65775186,0.98702782,1.5006082,1.0023539,5.0117694,17952.892,OK,-0.34144442,BACKGROUND_TEST_AGREES,2,"SPOC,TESS-SPOC",54.205141,115.57197,0.46901633,1.8546939,SAP_DEEPER_THAN_PDC,0.064888652,7.0327801,1.6124735,1.2767837,0.29274054,215.24123,1.0365812,7379,OK,False,1.2767837,0.97833415,1.1320352,0.84133148,fixed_b,not_measurable,not_measurable,,False,,0,0,1,1,0.3,93.707236,122.96812,17,1.7486839,0,False,,1.8431004,28.792275,216.48207,18.384726,279.40955,94.188873,228.49269,84,58.867668,80.201961,19,1.6572549,0,False,,1.1350756,78.953738,258.66246,76.712295,340.98983,83.716803,261.82826,84,0,3
K00623.03,Kepler-197 b,12068975,27397848,name_planet,CONFIRMED,CANDIDATE,5.5993154,171.47391,3.8944,84.8,2.2,-2.2,0.010106,0.914,4.82,6003,4.303,11.811,0,0,0,0,4,295.22644,50.558979,15,OK,lightkurve,,30,"QLP,SPOC,TESS-SPOC","14,15,41,54,55,56,74,75,76,81,82,83",1.0434936,,88.488256,2.2956859,3363.0187,3363.0187,957,19.844651,0,,117.94995,9,0.29846821,-0.4309942,-21.457596,15.013326,False,OK,PDCSAP_FLUX,QLP,-21.457596,68.369285,bootstrap,91.0926,60.195536,OK,4,2,SPOC/PDCSAP_FLUX=OK;TESS-SPOC/PDCSAP_FLUX=OK;QLP/KSPSAP_FLUX=1ppm;QLP/DET_FLUX=178ppm,50,12,12,"41,54,55,74,75,76,81,82,83,14,15,56","QLP,SPOC","120,1800,200",False,False,2438.731,45.037328,0.32232042,1.3449668,18,,-1.2424909,1.0309715,-1.2051651,-1.2051651,linear,-0.24249089,-0.31384847,1.2942691,1.0309715,5.1548577,15243.973,OK,-1.2051651,OK,SAP_FLUX,QLP,-5.5242622,48.363404,bootstrap,48.363404,,TOO_FEW_MEMBERS,3,1,SPOC/SAP_FLUX=OK;TESS-SPOC/SAP_FLUX=OK;QLP/SAP_FLUX=79ppm,52,12,12,"41,54,55,74,75,76,81,82,83,14,15,56","QLP,SPOC","120,1800,200",False,False,1693.4223,-0.19432756,0.0019778964,1.6910045,18,,-1.0624293,0.5494468,-1.9336346,-1.9336346,linear,-0.062429326,-0.11422402,1.8296532,0.5494468,2.747234,1291.8776,OK,-1.9336346,BACKGROUND_TEST_UNAVAILABLE,0,,,,,,,0.058017209,9.736,0.42622486,2.5,0.10944558,48.211985,1.0289524,23628,OK,True,2.5,,,,inconclusive,not_measurable,not_measurable,,False,,0,0,1,1,0.5,49.786276,68.369285,56,2.0305015,2,True,OK:2,0.6723532,29.334099,149.72517,1.0067875,178.05248,89.529634,88.522847,84,35.10391,48.363404,58,2.0466755,2,True,OK:2,,,,,,,,84,0,3
K00623.04,Kepler-197 e,12068975,27397848,name_planet,CONFIRMED,CANDIDATE,25.210015,154.41122,6.553,62.1,3.4,-3.4,0.007878,0.771,19.11,6003,4.303,11.811,0,0,0,0,4,295.22644,50.558979,15,OK,lightkurve,,30,"QLP,SPOC,TESS-SPOC","14,15,41,54,55,56,74,75,76,81,82,83",1.002782,,62.272764,3.4094589,3357.1444,3357.1444,213,63.243766,0,,288.0263,11,1.2530391,0.35502287,27.922136,101.20341,False,OK,PDCSAP_FLUX,QLP,27.922136,76.480114,bootstrap,81.173803,27.202545,OK,4,3,SPOC/PDCSAP_FLUX=29ppm;TESS-SPOC/PDCSAP_FLUX=OK;QLP/KSPSAP_FLUX=109ppm;QLP/DET_FLUX=103ppm,12,12,11,"41,54,55,74,75,76,81,82,83,14,15,56","QLP,SPOC","120,1800,200",False,False,2462.9453,-166.24546,1.038414,1.1823241,18,,-0.5516156,1.3056272,-0.42249089,-0.42249089,linear,0.4483844,0.36509015,0.81423472,1.3056272,6.528136,42539.885,OK,-0.42249089,OK,SAP_FLUX,QLP,-23.757239,53.345998,bootstrap,53.345998,,TOO_FEW_MEMBERS,3,1,SPOC/SAP_FLUX=OK;TESS-SPOC/SAP_FLUX=OK;QLP/SAP_FLUX=55ppm,13,12,12,"41,54,55,74,75,76,81,82,83,14,15,56","QLP,SPOC","120,1800,200",False,False,1619.2522,-96.888993,0.88668079,0.97954577,18,,-1.3815029,0.85985334,-1.6066727,-1.6066727,linear,-0.38150288,-0.44534248,1.1673371,0.85985334,4.2992667,4523.853,OK,-1.6066727,BACKGROUND_TEST_UNAVAILABLE,0,,,,,,,0.02,11.013859,5.2915604,1.6807354,0.80750198,-117.05291,1.0437534,8151,OK,True,1.6807354,0.99376072,1.0858431,,fixed_b,not_measurable,not_measurable,,False,,0,0,1,1,0.3,78.648838,76.480114,13,1.0761348,1,True,OK:1,0.97422865,52.653288,107.05838,29.195585,109.20307,102.50091,81.280934,84,53.895644,53.345998,14,0.91949406,2,True,OK:2,,,,,,,,84,0,3
K05952.01,,12071775,27845077,tic_kic_crossid,CANDIDATE,CANDIDATE,164.50744,212.7605,11.428,433.8,45.1,-45.1,0.019279,0.3819,103.9,5866,4.382,15.025,0,0,0,0,1,296.40887,50.585171,15,OK,lightkurve,NO_USABLE_TRANSIT,8,"SPOC,TESS-SPOC","76,81,82,83",0.96991938,,420.75103,43.743364,3474.506,3474.506,33,216.88865,0,,822.08594,10,,,,,False,NO_USABLE_TRANSIT,PDCSAP_FLUX,SPOC,,,none,,,TOO_FEW_MEMBERS,2,0,SPOC/PDCSAP_FLUX=NO_USABLE_TRANSIT;TESS-SPOC/PDCSAP_FLUX=NO_USABLE_TRANSIT,0,4,0,"76,81,82,83",SPOC,120,False,False,,,,,4,,,,,,,,,,,,,NO_USABLE_TRANSIT,,NO_USABLE_TRANSIT,SAP_FLUX,SPOC,,,none,,,TOO_FEW_MEMBERS,2,0,SPOC/SAP_FLUX=NO_USABLE_TRANSIT;TESS-SPOC/SAP_FLUX=NO_USABLE_TRANSIT,0,4,0,"76,81,82,83",SPOC,120,False,False,,,,,4,,,,,,,,,,,,,NO_USABLE_TRANSIT,,BACKGROUND_TEST_UNAVAILABLE,0,,,,,,,0.022074317,,,,,,,0,too_few_points,False,,,,,inconclusive,not_measured,not_measured,,False,,0,0,1,1,0.1,,,0,,2,True,NO_USABLE_TRANSIT:2,,,,,,,,84,,,0,,2,True,NO_USABLE_TRANSIT:2,,,,,,,,84,0,3
K01458.01,,12120943,351193764,tic_kic_crossid,CANDIDATE,CANDIDATE,8.9812847,354.83042,5.0397,4924,76.7,-76.7,0.064401,0.294,13.94,5977,4.473,15.703,0,0,0,0,1,296.57153,50.677849,15,OK,lightkurve,,8,"SPOC,TESS-SPOC","76,81,82,83",0.96719668,,4762.4764,74.183985,3531.6948,3531.6948,595,17.860458,0,,129.17687,9,1.9932372,1.0257095,9457.6411,16249.76,False,OK,PDCSAP_FLUX,SPOC,9457.6411,18492.044,bootstrap,18492.844,172.04808,OK,2,2,SPOC/PDCSAP_FLUX=9458ppm;TESS-SPOC/PDCSAP_FLUX=8952ppm,9,4,4,"76,81,82,83",SPOC,120,False,False,246436.44,-44760.777,2.2382813,5.2284947,4,sector_scatter,0.98586621,3.8833842,0.2538678,0.2538678,linear,1.9858662,0.5114438,0.25754192,3.8833842,19.416921,1.2897173e+12,OK,0.2538678,OK,SAP_FLUX,SPOC,484.25372,304.45696,bootstrap,304.88992,16.242594,OK,2,2,SPOC/SAP_FLUX=484ppm;TESS-SPOC/SAP_FLUX=532ppm,10,4,4,"76,81,82,83",SPOC,120,False,False,7918.6346,-553.29041,1.1955719,2.7757014,4,,-0.89831893,0.082710902,-10.86095,-10.86095,linear,0.10168107,1.590549,15.642528,0.082710902,0.41355451,2439.261,OK,-10.86095,BACKGROUND_TEST_AGREES,2,"SPOC,TESS-SPOC",-8631.9197,11451.778,-0.75376241,-0.93778028,PDC_DEEPER_THAN_SAP,0.065878616,2.142861,0.096720135,0.42519615,0.019191645,77678.354,0.8063043,7293,OK,True,0.42519615,1.0268274,-12.792016,0.97146717,tracks_b,not_measurable,not_measurable,,False,,0,0,1,1,0.2,9220.5841,18492.044,10,3.6959966,0,False,,0.018191437,9032.5811,9376.6773,8951.6173,9457.6411,9204.6292,506.02376,84,230.70629,304.45696,11,2.0336184,0,False,,0.033541496,491.89729,524.38248,484.25372,532.02605,508.13988,47.772336,84,0,3
K05959.01,,12168895,27777611,tic_kic_crossid,CANDIDATE,CANDIDATE,251.48808,192.461,6.8,305,136,-136,0.017704,0.8011,177.3,5979,4.52,14.495,0,0,0,0,1,296.24155,50.78051,15,OK,lightkurve,NO_USABLE_TRANSIT,4,"SPOC,TESS-SPOC","74,81",1.0083455,,307.54539,137.13499,3306.7107,3306.7107,21,1161.358,0,,864,18,,,,,False,NO_USABLE_TRANSIT,PDCSAP_FLUX,SPOC,,,none,,,TOO_FEW_MEMBERS,2,0,SPOC/PDCSAP_FLUX=NO_USABLE_TRANSIT;TESS-SPOC/PDCSAP_FLUX=NO_USABLE_TRANSIT,0,2,0,"74,81",SPOC,120,False,False,,,,,2,,,,,,,,,,,,,NO_USABLE_TRANSIT,,NO_USABLE_TRANSIT,SAP_FLUX,SPOC,,,none,,,TOO_FEW_MEMBERS,2,0,SPOC/SAP_FLUX=NO_USABLE_TRANSIT;TESS-SPOC/SAP_FLUX=NO_USABLE_TRANSIT,0,2,0,"74,81",SPOC,120,False,False,,,,,2,,,,,,,,,,,,,NO_USABLE_TRANSIT,,BACKGROUND_TEST_UNAVAILABLE,0,,,,,,,0.047162885,,,,,,,0,too_few_points,False,,,,,inconclusive,not_measured,not_measured,,False,,0,0,1,1,0,,,0,,2,True,NO_USABLE_TRANSIT:2,,,,,,,,84,,,0,,2,True,NO_USABLE_TRANSIT:2,,,,,,,,84,0,3
K05960.01,,12170767,27993654,tic_kic_crossid,CANDIDATE,CANDIDATE,32.418526,161.4252,5.154,110.7,15.9,-15.9,0.010304,0.7105,34.5,5622,4.044,13.325,0,0,0,0,1,297.0217,50.769112,15,OK,lightkurve,,21,"QLP,SPOC,TESS-SPOC","14,15,41,54,55,56,74,76,81,82,83",0.99368699,,110.00115,15.799623,3505.5746,3505.4851,170,199.0226,-128.89123,0.64762109,674.37779,24,4.0787553,2.4257515,807.39186,1313.5633,True,OK,PDCSAP_FLUX,QLP,1313.5633,322.05004,analytic,322.05004,,TOO_FEW_MEMBERS,4,1,SPOC/PDCSAP_FLUX=OK;TESS-SPOC/PDCSAP_FLUX=OK;QLP/KSPSAP_FLUX=3656ppm;QLP/DET_FLUX=OK,7,11,7,"74,76,81,82,83,14,15,41,54,55,56","QLP,SPOC","120,1800,200,600",False,False,5895.0456,813.78375,1.1847516,7.4748738,10,sector_scatter,2.480008,0.28851293,8.5958296,3.7321576,ln,11.94136,4.0787553,0.3415654,2.9316445,14.658223,2.5549492e+08,OK,8.5958296,OK,SAP_FLUX,QLP,315.22485,191.28564,analytic,191.28564,,TOO_FEW_MEMBERS,3,1,SPOC/SAP_FLUX=OK;TESS-SPOC/SAP_FLUX=OK;QLP/SAP_FLUX=2175ppm,7,11,7,"74,76,81,82,83,14,15,41,54,55,56","QLP,SPOC","120,1800,200,600",False,False,3519.0172,-18.7136,0.046930802,10.247749,10,sector_scatter,1.8656505,1.7455801,1.0687854,1.0687854,linear,2.8656505,1.6479274,0.57506224,1.7455801,8.7279007,678900.25,OK,1.0687854,BACKGROUND_TEST_UNAVAILABLE,0,,,,,,,0.020388398,4.161901,0.97653761,0.80750893,0.18947179,684.29767,0.9413272,2727,OK,False,0.80750893,1.0489799,-1.00143,0.82722933,fixed_b,not_measurable,not_measurable,,False,,0,0,1,1,0.3,322.05004,914.19219,7,7.4748738,3,True,OK:3,,,,,,,,84,191.28564,673.50166,7,10.247749,2,True,OK:2,,,,,,,,84,-0.0895078,3
K02577.01,,12257999,26413092,tic_kic_crossid,CANDIDATE,CANDIDATE,18.555816,132.07105,5.372,565.9,19.5,-19.5,0.021575,0.073,26.895,5988,2.982,13.506,0,0,0,0,1,291.28772,50.909149,15,OK,lightkurve,,26,"QLP,SPOC,TESS-SPOC","14,15,54,55,56,74,75,76,80,81,82,83",0.96353082,,545.26209,18.788851,3476.1484,3476.1484,297,35.821908,0,,188.04572,12,2.4899349,0.72493716,207.78961,595.39985,False,OK,PDCSAP_FLUX,QLP,207.78961,338.01477,bootstrap,338.01477,,TOO_FEW_MEMBERS,4,1,SPOC/PDCSAP_FLUX=OK;TESS-SPOC/PDCSAP_FLUX=OK;QLP/KSPSAP_FLUX=1398ppm;QLP/DET_FLUX=OK,13,12,10,"74,75,76,80,81,82,83,14,15,54,55,56","QLP,SPOC","120,1800,200,600",False,False,6241.5524,-545.58004,0.93437261,1.6320182,14,,-0.61891792,0.62287949,-0.9936399,-0.9936399,linear,0.38108208,0.6147353,1.6131309,0.62287949,3.1143975,11733.962,OK,-0.9936399,OK,SAP_FLUX,QLP,-39.238665,236.11014,bootstrap,236.11014,,TOO_FEW_MEMBERS,3,1,SPOC/SAP_FLUX=OK;TESS-SPOC/SAP_FLUX=OK;QLP/SAP_FLUX=627ppm,15,12,12,"74,75,76,80,81,82,83,14,15,54,55,56","QLP,SPOC","120,1800,200,600",False,False,5468.6907,-77.07244,0.15419761,1.6355004,14,,-1.0719629,0.43725838,-2.4515549,-2.4515549,linear,-0.071962944,-0.16618797,2.3093548,0.43725838,2.1862919,4308.7384,OK,-2.4515549,BACKGROUND_TEST_UNAVAILABLE,0,,,,,,,0.021230148,7.7501839,0.34981215,1.4426999,0.065117675,562.41663,1.779442,6927,OK,False,1.4426999,0.99187252,5.3011033,,duration_inconsistent,not_measurable,not_measurable,,False,,0,0,1,1,0.3,286.63121,338.01477,16,1.8670489,3,True,OK:3,,,,,,,,84,221.7872,236.11014,17,1.785071,2,True,OK:2,,,,,,,,84,0,3
K01478.01,Kepler-858 b,12403119,299089652,tic_kic_crossid_over_name_planet,CONFIRMED,CANDIDATE,76.136222,199.47624,7.9393,2949.5,10,-10,0.049061,0.044,76.789,5591,4.494,12.45,0,0,0,0,1,288.84863,51.209049,15,OK,lightkurve,,43,"QLP,SPOC,TESS-SPOC","14,15,26,40,41,53,54,55,56,73,74,75,76,80,81,82,83",0.95870436,,2827.6985,9.5870436,3362.0118,3361.9842,70,5.3059472,-39.728257,7.4874957,135.00734,10,16.183052,15.763739,2809.8385,2907.2362,True,OK,PDCSAP_FLUX,QLP,2907.2362,179.64696,analytic,414.77339,373.85016,OK,4,4,SPOC/PDCSAP_FLUX=3089ppm;TESS-SPOC/PDCSAP_FLUX=1933ppm;QLP/KSPSAP_FLUX=2625ppm;QLP/DET_FLUX=2931ppm,5,17,5,"40,41,53,54,55,73,74,75,76,80,81,82,83,14,15,26,56","QLP,SPOC","120,1800,200",False,False,3506.314,-313.38634,0.72552347,1.2089822,26,,0.027739716,0.15121517,0.18344532,0.18146295,ln,1.028128,16.183052,15.740308,0.15500709,0.77503547,3310.2994,OK,0.18344532,OK,SAP_FLUX,QLP,1634.6807,107.32201,analytic,477.40273,465.18314,OK,3,3,SPOC/SAP_FLUX=1550ppm;TESS-SPOC/SAP_FLUX=1583ppm;QLP/SAP_FLUX=2918ppm,5,17,5,"40,41,53,54,55,73,74,75,76,80,81,82,83,14,15,26,56","QLP,SPOC","120,1800,200",False,False,2091.7717,1187.4982,2.8794264,2.2053081,26,,-0.54801563,0.2963151,-1.8494354,-2.3956616,ln,0.57809583,15.231552,26.347797,0.17611175,0.88055876,3993.4093,OK,-1.8494354,BACKGROUND_TEST_DISAGREES,2,"SPOC,TESS-SPOC",-939.11105,168.29314,-5.5802099,-0.3740432,PDC_DEEPER_THAN_SAP,0.046853259,6.8148904,0.10250038,0.85837422,0.012910506,2416.2402,1.0951533,4241,OK,False,0.85837422,1.0006544,-2.9281565,0.53951715,fixed_b,consistent,consistent,,False,pdc_deeper_than_sap,0,0,1,1,0.3,179.64696,139.29552,6,1.2089822,0,False,,0.12859298,2265.1574,3012.8578,1932.7572,3088.647,2778.0052,974.47893,84,107.32201,150.35224,6,2.2053081,0,False,,0.28457125,1560.5287,2490.895,1550.0113,2918.197,1582.8782,1283.5163,84,-0.027589068,3
K04329.01,,12456063,299097354,tic_kic_crossid,CANDIDATE,CANDIDATE,17.800781,134.3839,6.547,44.5,3.6,-3.6,0.007451,0.928,8.21,6240,4.326,12.018,0,0,0,0,1,289.01178,51.376019,15,OK,lightkurve,,41,"QLP,SPOC,TESS-SPOC","14,15,26,40,41,53,54,55,56,73,74,75,76,80,81,82,83",1.047608,,46.618555,3.7713888,3378.8213,3378.8213,304,111.50094,0,,432.70781,16,2.517244,2.5001802,155.85939,157.78185,False,OK,PDCSAP_FLUX,QLP,155.85939,71.205259,bootstrap,91.393313,57.293531,OK,4,4,SPOC/PDCSAP_FLUX=55ppm;TESS-SPOC/PDCSAP_FLUX=40ppm;QLP/KSPSAP_FLUX=251ppm;QLP/DET_FLUX=66ppm,20,17,15,"73,74,75,76,80,81,82,83,14,15,26,40,41,53,54,55,56","QLP,SPOC,TESS-SPOC","120,1800,200,600",False,False,2192.3526,62.223375,0.46461466,1.225584,24,,1.2069556,0.59404525,2.031757,1.1938786,ln,3.3432909,2.1888747,0.65470664,1.9627547,9.8137734,852320.03,OK,2.031757,OK,SAP_FLUX,QLP,-75.926684,134.05666,bootstrap,134.05666,,TOO_FEW_MEMBERS,3,1,SPOC/SAP_FLUX=OK;TESS-SPOC/SAP_FLUX=OK;QLP/SAP_FLUX=12ppm,24,17,16,"73,74,75,76,80,81,82,83,14,15,26,40,41,53,54,55,56","QLP,SPOC,TESS-SPOC","120,1800,200,600",False,False,2172.5848,-87.913197,0.3389933,6.9567132,24,sector_scatter,-2.6286795,2.8771796,-0.91363065,-0.91363065,linear,-1.6286795,-0.56637755,0.34775262,2.8771796,14.385898,82465953,OK,-0.91363065,BACKGROUND_TEST_UNAVAILABLE,0,,,,,,,0.051061671,6.7500503,0.54010475,1.0310142,0.082496525,172.17233,1.0510869,10931,OK,False,1.0310142,1.0398074,-0.083386905,0.92276636,fixed_b,not_measurable,not_measurable,,False,,0,0,1,1,0.4,62.339264,71.205259,22,1.1417585,0,False,,0.36759755,47.529282,162.11634,40.210486,251.12627,60.573449,115.64891,84,54.915735,134.05666,25,8.0168669,2,True,OK:2,,,,,,,,84,0,3
K04190.01,Kepler-1563 b,12505503,299028607,tic_kic_crossid_over_name_planet,CONFIRMED,CANDIDATE,3.4327371,132.92055,4.001,63.2,4.7,-4.7,0.007773,0.703,4.8,5757,4.536,13.583,0,0,0,0,1,288.57358,51.472752,15,OK,lightkurve,,32,"QLP,SPOC,TESS-SPOC","14,15,40,41,53,54,55,56,73,74,75,76,80,81,82,83",0.992841,,62.747551,4.6663527,3382.7797,3382.7797,1578,63.796997,0,,251.40599,16,2.619148,2.1037798,212.97069,268.57847,False,OK,PDCSAP_FLUX,QLP,212.97069,286.73396,bootstrap,305.47885,105.36111,OK,4,4,SPOC/PDCSAP_FLUX=157ppm;TESS-SPOC/PDCSAP_FLUX=173ppm;QLP/KSPSAP_FLUX=541ppm;QLP/DET_FLUX=150ppm,110,16,16,"73,74,75,76,80,81,82,83,14,15,40,41,53,54,55,56","QLP,SPOC","120,1800,200,600",False,False,6088.1621,472.15018,0.80972144,9.5549592,16,sector_scatter,2.3940877,4.8692035,0.49167954,0.49167954,linear,3.3940877,0.74274667,0.21883544,4.8692035,24.346017,2.3492965e+12,OK,0.49167954,OK,SAP_FLUX,QLP,182.25724,220.47922,bootstrap,248.00598,113.56002,OK,3,3,SPOC/SAP_FLUX=70ppm;TESS-SPOC/SAP_FLUX=174ppm;QLP/SAP_FLUX=404ppm,119,16,16,"73,74,75,76,80,81,82,83,14,15,40,41,53,54,55,56","QLP,SPOC","120,1800,200,600",False,False,5515.6729,688.32877,1.5824719,10.632637,16,sector_scatter,1.9046112,3.9534565,0.48175849,0.48175849,linear,2.9046112,0.82664135,0.28459621,3.9534565,19.767283,2.4122293e+10,OK,0.48175849,BACKGROUND_TEST_AGREES,2,"SPOC,TESS-SPOC",-44.934755,123.36054,-0.3642555,-0.27255991,PDC_DEEPER_THAN_SAP,0.02,1.6004,1.8332226,0.4,0.4581911,210.80924,1.3700495,37329,OK,True,0.4,1.0127171,-0.80941179,0.96549616,fixed_b,not_measurable,not_measurable,,False,,0,0,1,1,0.9,101.23241,286.73396,120,12.727559,0,False,,0.49472119,153.27928,364.00151,149.65502,540.75524,164.86194,327.78455,84,86.479647,220.47922,127,11.669404,0,False,,0.62307551,103.69767,330.81772,70.496659,404.49673,174.24983,222.23949,84,0,3
K00548.01,Kepler-596 b,12600735,416267321,tic_kic_crossid_over_name_planet,CONFIRMED,CANDIDATE,21.300205,189.70595,4.0852,659.8,12.2,-12.2,0.023429,0.075,40.659,6008,4.35,14.02,0,0,0,0,2,289.50067,51.68573,15,OK,lightkurve,,26,"SPOC,TESS-SPOC","40,41,53,54,55,73,74,75,76,80,81,82,83",0.96363425,,635.80588,11.756338,3347.7572,3347.7004,250,14.511258,-81.720341,5.631513,104.81178,9,3.2337795,2.4952241,964.73321,1263.4555,True,OK,PDCSAP_FLUX,SPOC,1263.4555,302.5327,bootstrap,309.95758,67.436386,OK,2,2,SPOC/PDCSAP_FLUX=1263ppm;TESS-SPOC/PDCSAP_FLUX=1065ppm,12,13,10,"40,41,53,54,55,73,74,75,76,80,81,82,83",SPOC,120,False,False,10400.718,-854.18925,1.0241307,0.80903578,13,,0.68671242,0.25105057,2.7353549,2.0129538,ln,1.9871718,4.176261,2.1016105,0.49040956,2.4520478,6747.2366,OK,2.7353549,OK,SAP_FLUX,SPOC,1035.2801,268.48596,bootstrap,272.89361,48.848868,OK,2,2,SPOC/SAP_FLUX=1035ppm;TESS-SPOC/SAP_FLUX=892ppm,14,13,11,"40,41,53,54,55,73,74,75,76,80,81,82,83",SPOC,120,False,False,9210.0511,114.52301,0.16782319,0.93032393,13,,0.48753401,0.26893063,1.8128616,1.4526839,ln,1.6282959,3.8559935,2.368116,0.43250695,2.1625348,4891.3467,OK,1.8128616,BACKGROUND_TEST_AGREES,2,"SPOC,TESS-SPOC",-215.59237,354.89851,-0.60747611,-0.18517157,PDC_DEEPER_THAN_SAP,0.023019237,2.746456,0.20673514,0.67229415,0.050605881,1077.819,0.9515611,8030,OK,False,0.67229415,1.0094309,-4.4611323,0.75930424,tracks_b,not_measurable,not_measurable,,False,,0,0,1,1,0.3,390.70553,302.5327,14,0.71811338,0,False,,0.053374563,1096.848,1231.7207,1065.1132,1263.4555,1164.2844,198.34231,84,334.28039,268.48596,15,0.73452695,0,False,,0.047184204,914.59467,1012.2924,891.60697,1035.2801,963.44354,143.67314,84,-0.056750237,3
K00548.02,,12600735,416267321,tic_kic_crossid_over_name_planet,CANDIDATE,CANDIDATE,6.0799457,136.444,2.706,55.1,7.8,-7.8,0.00678,0.097,17.21,6008,4.35,14.02,0,0,0,0,2,289.50067,51.68573,15,OK,lightkurve,,26,"SPOC,TESS-SPOC","40,41,53,54,55,73,74,75,76,80,81,82,83",0.96379922,,53.105337,7.517634,3344.116,3344.116,884,144.8278,0,,475.0734,30,1.7015773,-1.0435648,-249.71303,429.41426,False,OK,PDCSAP_FLUX,SPOC,-249.71303,211.4871,bootstrap,211.4871,,TOO_FEW_MEMBERS,2,1,SPOC/PDCSAP_FLUX=OK;TESS-SPOC/PDCSAP_FLUX=49ppm,43,13,13,"40,41,53,54,55,73,74,75,76,80,81,82,83",SPOC,120,False,False,10038.642,181.89577,0.42642907,0.39501171,13,,-5.7022209,3.9852365,-1.4308363,-1.4308363,linear,-4.7022209,-1.1807483,0.25110438,3.9852365,19.926182,2.3931461e+10,OK,-1.4308363,OK,SAP_FLUX,SPOC,-200.5157,186.25879,bootstrap,186.25879,,TOO_FEW_MEMBERS,2,1,SPOC/SAP_FLUX=OK;TESS-SPOC/SAP_FLUX=20ppm,54,13,13,"40,41,53,54,55,73,74,75,76,80,81,82,83",SPOC,120,False,False,9119.9529,82.063795,0.21868239,0.43045493,13,,-4.7758106,3.5105577,-1.3604137,-1.3604137,linear,-3.7758106,-1.0765435,0.28511587,3.5105577,17.552789,2.2295508e+09,OK,-1.3604137,BACKGROUND_TEST_AGREES,1,TESS-SPOC,-28.821947,310.81423,-0.09273046,-0.59128656,PDC_DEEPER_THAN_SAP,0.02,1.0824,0.45569892,0.4,0.16840315,-512.68279,1.0129162,17449,OK,True,0.4,,,0.92354451,inconclusive,not_measurable,not_measurable,,False,,0,0,1,1,0.8,239.28848,211.4871,48,0.80648912,1,True,OK:1,,,,,,,,84,201.00796,186.25879,56,0.95872323,1,True,OK:1,,,,,,,,84,0,3
