kepoi_name,kepler_name,kepid,tic_id,tic_route,koi_disposition,koi_pdisposition,koi_period,koi_time0bk,koi_duration,koi_depth,koi_depth_err1,koi_depth_err2,koi_ror,koi_impact,koi_dor,koi_steff,koi_slogg,koi_kepmag,koi_fpflag_nt,koi_fpflag_ss,koi_fpflag_co,koi_fpflag_ec,koi_count,ra,dec,shard,lc_status,lc_route,not_measured_reason,n_products,product_authors,product_sectors,ld_band_ratio,ld_note,koi_depth_in_tess_band_ppm,koi_depth_in_tess_band_err_ppm,t0_btjd_nominal,t0_btjd_used,n_epochs_propagated,ephemeris_sigma_minutes,epoch_offset_minutes,epoch_offset_sigma,epoch_search_halfwidth_minutes,epoch_search_n_trials,epoch_search_snr_best,epoch_search_snr_nominal,depth_at_nominal_ephemeris_ppm,depth_at_best_offset_ppm,ephemeris_recovered,pdc_status,pdc_flux_column,pdc_primary_author,pdc_depth_ppm,pdc_depth_err_ppm,pdc_depth_err_method,pdc_total_err_ppm,pdc_depth_reduction_spread_ppm,pdc_depth_reduction_spread_status,pdc_n_members,pdc_n_members_measured,pdc_ensemble_members,pdc_n_transits,pdc_n_sectors,pdc_n_sectors_measured,pdc_sector_list,pdc_authors,pdc_exptimes_s,pdc_smeared,pdc_depth_is_lower_bound,pdc_oot_scatter_ppm,pdc_odd_even_diff_ppm,pdc_odd_even_sigma,pdc_sector_scatter_chi2_per_dof,pdc_n_sectors_dropped_duplicate,pdc_flags,pdc_ln_ratio,pdc_sigma_ln,pdc_z,pdc_z_lin,pdc_z_method,pdc_ratio,pdc_measured_snr,pdc_expected_snr,pdc_sigma_ln_expected,pdc_detectable_ln_ratio,pdc_detectable_depth_change_ppm,pdc_comparison_status,pdc_z_pop,sap_status,sap_flux_column,sap_primary_author,sap_depth_ppm,sap_depth_err_ppm,sap_depth_err_method,sap_total_err_ppm,sap_depth_reduction_spread_ppm,sap_depth_reduction_spread_status,sap_n_members,sap_n_members_measured,sap_ensemble_members,sap_n_transits,sap_n_sectors,sap_n_sectors_measured,sap_sector_list,sap_authors,sap_exptimes_s,sap_smeared,sap_depth_is_lower_bound,sap_oot_scatter_ppm,sap_odd_even_diff_ppm,sap_odd_even_sigma,sap_sector_scatter_chi2_per_dof,sap_n_sectors_dropped_duplicate,sap_flags,sap_ln_ratio,sap_sigma_ln,sap_z,sap_z_lin,sap_z_method,sap_ratio,sap_measured_snr,sap_expected_snr,sap_sigma_ln_expected,sap_detectable_ln_ratio,sap_detectable_depth_change_ppm,sap_comparison_status,sap_z_pop,sap_vs_pdcsap_verdict,sap_vs_pdcsap_n_pairs,sap_vs_pdcsap_authors,sap_minus_pdcsap_ppm,sap_minus_pdcsap_err_ppm,sap_minus_pdcsap_z,sap_minus_pdcsap_fraction,background_direction,ingress_fraction_used,t14_tess_hours,t14_tess_err_hours,t14_factor,t14_factor_err,duration_fit_depth_ppm,duration_fit_chi2_per_dof,duration_fit_n_points,duration_fit_status,duration_at_grid_edge,t14_ratio_observed,t14_ratio_expected_fixed_b,z_duration,b_implied_by_duration,duration_verdict,class,class_provisional,vetoes,would_be_candidate_without_vetoes,flags_classify,population_offset_pdc,population_offset_sap,population_scale_pdc,population_scale_sap,elapsed_s,pdc_depth_err_analytic_ppm,pdc_depth_err_bootstrap_ppm,pdc_n_transits_seen,pdc_chi2_per_dof,pdc_n_members_unavailable,pdc_ensemble_incomplete,pdc_ensemble_unavailable_reasons,pdc_depth_reduction_spread_fraction,pdc_depth_reduction_p16_ppm,pdc_depth_reduction_p84_ppm,pdc_depth_reduction_min_ppm,pdc_depth_reduction_max_ppm,pdc_depth_reduction_median_ppm,pdc_depth_reduction_max_offset_from_primary_ppm,pdc_spread_percentile,sap_depth_err_analytic_ppm,sap_depth_err_bootstrap_ppm,sap_n_transits_seen,sap_chi2_per_dof,sap_n_members_unavailable,sap_ensemble_incomplete,sap_ensemble_unavailable_reasons,sap_depth_reduction_spread_fraction,sap_depth_reduction_p16_ppm,sap_depth_reduction_p84_ppm,sap_depth_reduction_min_ppm,sap_depth_reduction_max_ppm,sap_depth_reduction_median_ppm,sap_depth_reduction_max_offset_from_primary_ppm,sap_spread_percentile,epoch_offset_days,background_n_agree
K07624.01,,1723078,3.5105372e+08,tic_kic_crossid,CANDIDATE,CANDIDATE,330.025,364.8075,6.659,259.2,28.3,-28.3,0.015636,0.68,286,6126,3.578,12.668,0,0,0,0,1,291.86801,37.269878,6,OK,lightkurve,,15,"QLP,SPOC,TESS-SPOC","14,40,41,54,55,74,75",0.99060634,,256.76516,28.03416,3478.2075,3478.2075,16,170.2402,0,,610.60561,20,2.7081008,1.3234155,608.34202,925.649,False,OK,PDCSAP_FLUX,QLP,608.34202,459.67575,analytic,459.67575,,TOO_FEW_MEMBERS,4,1,SPOC/PDCSAP_FLUX=NO_USABLE_TRANSIT;TESS-SPOC/PDCSAP_FLUX=NO_USABLE_TRANSIT;QLP/KSPSAP_FLUX=608ppm;QLP/DET_FLUX=NO_USABLE_TRANSIT,1,7,1,"74,75,14,40,41,54,55","QLP,SPOC,TESS-SPOC","120,1800,600",False,False,1983.5789,,,,8,,1.3692545,1.7942805,0.76312177,0.76312177,linear,2.3692545,1.3234155,0.55857888,1.7942805,8.9714024,2021675.8,OK,0.76312177,OK,SAP_FLUX,QLP,620.72121,458.58502,analytic,458.58502,,TOO_FEW_MEMBERS,3,1,SPOC/SAP_FLUX=NO_USABLE_TRANSIT;TESS-SPOC/SAP_FLUX=NO_USABLE_TRANSIT;QLP/SAP_FLUX=621ppm,1,7,1,"74,75,14,40,41,54,55","QLP,SPOC,TESS-SPOC","120,1800,600",False,False,1978.8722,,,,8,,1.4174666,1.7900421,0.79186217,0.79186217,linear,2.4174666,1.3535575,0.55990744,1.7900421,8.9502103,1979277.7,OK,0.79186217,BACKGROUND_TEST_UNAVAILABLE,0,,,,,,,0.028273559,16.6475,3.2177083,2.5,0.48321194,-2695.3869,15.58125,200,OK,True,2.5,1.0149968,4.1106407,,duration_inconsistent,not_measurable,not_measurable,,False,,0,0,1,1,0.1,459.67575,,1,0,3,True,NO_USABLE_TRANSIT:3,,,,,,,,84,458.58502,,1,0,2,True,NO_USABLE_TRANSIT:2,,,,,,,,84,0,3
K02538.01,Kepler-1854 b,1849702,1.2082557e+08,name_planet,CONFIRMED,CANDIDATE,39.831254,155.6409,2.442,388.8,29.7,-29.7,0.017664,0.24,123.3,5026,4.58,14.125,0,0,0,0,1,286.28595,37.387058,6,QUERY_RETURNED_ZERO_ROWS,lightkurve,QUERY_RETURNED_ZERO_ROWS,0,,,0.95569556,,371.57443,28.384158,,,0,,0,,36,0,,,,,False,FLUX_COLUMN_NOT_PRESENT,,,,,,,,ENSEMBLE_NOT_ATTEMPTED,0,0,,0,0,0,,,,False,False,,,,,0,,,,,,,,,,,,,NO_USABLE_TRANSIT,,FLUX_COLUMN_NOT_PRESENT,,,,,,,,ENSEMBLE_NOT_ATTEMPTED,0,0,,0,0,0,,,,False,False,,,,,0,,,,,,,,,,,,,NO_USABLE_TRANSIT,,BACKGROUND_TEST_UNAVAILABLE,0,,,,,,,,,,,,,,0,too_few_points,False,,,,,inconclusive,not_measured,not_measured,,False,,0,0,1,1,0,,,0,,0,False,,,,,,,,,84,,,0,,0,False,,,,,,,,,84,0,3
K06276.01,,2557350,1.2097083e+08,tic_kic_crossid,CANDIDATE,CANDIDATE,3.0987283,134.39281,1.89,248,30,-30,0.014297,0.133,12.61,3628,4.842,15.87,0,0,0,0,1,286.81915,37.859009,6,OK,lightkurve,,15,"QLP,SPOC,TESS-SPOC","40,41,53,54,74,80,81",0.92844679,,230.2548,27.853404,2761.1255,2761.1255,1547,57.250869,0,,200.10261,19,2.5409428,-0.1136942,-124.3971,2739.5973,False,OK,PDCSAP_FLUX,QLP,-124.3971,1313.7799,bootstrap,2384.3916,1989.8005,OK,4,3,SPOC/PDCSAP_FLUX=1366ppm;TESS-SPOC/PDCSAP_FLUX=1770ppm;QLP/KSPSAP_FLUX=7219ppm;QLP/DET_FLUX=OK,56,7,7,"40,41,53,54,74,80,81","QLP,SPOC","120,200",False,False,39367.61,1985.2933,0.73923391,1.5331688,8,,-1.5402585,10.356275,-0.14872707,-0.14872707,linear,-0.54025845,-0.094686409,0.17526132,10.356275,51.781376,7.0888299e+24,OK,-0.14872707,OK,SAP_FLUX,QLP,167.31227,835.06786,bootstrap,993.30742,537.88595,OK,3,3,SPOC/SAP_FLUX=747ppm;TESS-SPOC/SAP_FLUX=1173ppm;QLP/SAP_FLUX=2329ppm,58,7,7,"40,41,53,54,74,80,81","QLP,SPOC","120,200",False,False,29782.628,1620.2732,0.97689489,1.4732299,8,,-0.27336036,4.315934,-0.063337475,-0.063337475,linear,0.72663964,0.20035769,0.27573185,4.315934,21.57967,5.4217612e+11,OK,-0.063337475,BACKGROUND_TEST_AGREES,2,"SPOC,TESS-SPOC",-612.46217,1496.2063,-0.40934341,-0.39053662,PDC_DEEPER_THAN_SAP,0.02,2.071361,0.96238104,1.0959582,0.50919632,-1731.0229,1.1002678,12875,OK,False,1.0959582,,,,inconclusive,not_measurable,not_measurable,,False,,0,0,1,1,0.5,1094.1377,1313.7799,57,1.2638105,1,True,OK:1,1.1241493,1495.6129,5475.2138,1366.466,7218.8202,1770.05,5448.7703,84,740.64875,835.06786,59,1.1008367,0,False,,3.2148626,883.0496,1958.8215,746.56986,2328.5874,1173.069,2161.2751,84,0,3
K00084.01,Kepler-19 b,2571238,1.2237505e+08,name_planet,CONFIRMED,CANDIDATE,9.2869645,135.9945,3.3649,691.7,3.2,-3.2,0.023784,0.004,21.594,5546,4.575,11.898,0,0,0,0,1,290.42081,37.851799,6,QUERY_RETURNED_ZERO_ROWS,lightkurve,QUERY_RETURNED_ZERO_ROWS,0,,,0.95766314,,662.41559,3.064522,,,0,,0,,36,0,,,,,False,FLUX_COLUMN_NOT_PRESENT,,,,,,,,ENSEMBLE_NOT_ATTEMPTED,0,0,,0,0,0,,,,False,False,,,,,0,,,,,,,,,,,,,NO_USABLE_TRANSIT,,FLUX_COLUMN_NOT_PRESENT,,,,,,,,ENSEMBLE_NOT_ATTEMPTED,0,0,,0,0,0,,,,False,False,,,,,0,,,,,,,,,,,,,NO_USABLE_TRANSIT,,BACKGROUND_TEST_UNAVAILABLE,0,,,,,,,,,,,,,,0,too_few_points,False,,,,,inconclusive,not_measured,not_measured,,False,,0,0,1,1,0,,,0,,0,False,,,,,,,,,84,,,0,,0,False,,,,,,,,,84,0,3
K03459.01,Kepler-1922 b,2717158,1.3754836e+08,name_planet,CONFIRMED,CANDIDATE,13.222615,144.295,4.337,261.7,23.1,-23.1,0.018529,0.943,9.01,5931,4.545,15.208,0,0,0,0,1,292.33035,37.997059,6,QUERY_RETURNED_ZERO_ROWS,lightkurve,QUERY_RETURNED_ZERO_ROWS,0,,,1.0621935,,277.97605,24.53667,,,0,,0,,36,0,,,,,False,FLUX_COLUMN_NOT_PRESENT,,,,,,,,ENSEMBLE_NOT_ATTEMPTED,0,0,,0,0,0,,,,False,False,,,,,0,,,,,,,,,,,,,NO_USABLE_TRANSIT,,FLUX_COLUMN_NOT_PRESENT,,,,,,,,ENSEMBLE_NOT_ATTEMPTED,0,0,,0,0,0,,,,False,False,,,,,0,,,,,,,,,,,,,NO_USABLE_TRANSIT,,BACKGROUND_TEST_UNAVAILABLE,0,,,,,,,,,,,,,,0,too_few_points,False,,,,,inconclusive,not_measured,not_measured,,False,,0,0,1,1,0,,,0,,0,False,,,,,,,,,84,,,0,,0,False,,,,,,,,,84,0,3
K01094.01,Kepler-766 b,2721030,1.3803695e+08,name_planet,CONFIRMED,CANDIDATE,6.1002762,135.58656,4.7476,766.6,19.6,-19.6,0.025279,0.015,10.081,5957,4.506,15.678,0,0,0,0,1,293.18454,37.969841,6,QUERY_RETURNED_ZERO_ROWS,lightkurve,QUERY_RETURNED_ZERO_ROWS,0,,,0.96325394,,738.43047,18.879777,,,0,,0,,36,0,,,,,False,FLUX_COLUMN_NOT_PRESENT,,,,,,,,ENSEMBLE_NOT_ATTEMPTED,0,0,,0,0,0,,,,False,False,,,,,0,,,,,,,,,,,,,NO_USABLE_TRANSIT,,FLUX_COLUMN_NOT_PRESENT,,,,,,,,ENSEMBLE_NOT_ATTEMPTED,0,0,,0,0,0,,,,False,False,,,,,0,,,,,,,,,,,,,NO_USABLE_TRANSIT,,BACKGROUND_TEST_UNAVAILABLE,0,,,,,,,,,,,,,,0,too_few_points,False,,,,,inconclusive,not_measured,not_measured,,False,,0,0,1,1,0,,,0,,0,False,,,,,,,,,84,,,0,,0,False,,,,,,,,,84,0,3
K01118.01,,2853446,1.3731677e+08,tic_kic_crossid,CANDIDATE,CANDIDATE,7.3729034,137.60991,2.172,205.2,12.2,-12.2,0.022864,0.993,6.41,5973,4.371,13.835,0,0,0,0,1,291.65097,38.028179,6,OK,lightkurve,,12,"QLP,SPOC,TESS-SPOC","14,40,41,54,55,74",1.1452914,,235.01379,13.972555,2445.9623,2445.9623,607,24.325869,0,,105.55761,14,1.8098759,1.7447765,743.84232,744.90768,False,OK,PDCSAP_FLUX,QLP,743.84232,572.53867,bootstrap,827.87694,597.97968,OK,4,3,SPOC/PDCSAP_FLUX=102ppm;TESS-SPOC/PDCSAP_FLUX=OK;QLP/KSPSAP_FLUX=1216ppm;QLP/DET_FLUX=1860ppm,24,6,6,"40,41,74,14,54,55","QLP,SPOC","120,1800,600",True,False,8634.877,-63.86035,0.056461209,1.4601025,6,smeared,2.1651007,3.5235303,0.61446916,0.61446916,linear,3.1651007,1.2992001,0.41047671,3.5235303,17.617652,1.0527913e+10,OK,0.61446916,OK,SAP_FLUX,QLP,577.32788,418.60518,bootstrap,573.87962,392.56531,OK,3,2,SPOC/SAP_FLUX=164ppm;TESS-SPOC/SAP_FLUX=OK;QLP/SAP_FLUX=1318ppm,24,6,6,"40,41,74,14,54,55","QLP,SPOC","120,1800,600",True,False,7166.4779,93.333116,0.10927395,1.7274793,6,smeared,1.4565702,2.443133,0.5961895,0.5961895,linear,2.4565702,1.3791704,0.56142112,2.443133,12.215665,47455562,OK,0.5961895,BACKGROUND_TEST_AGREES,1,SPOC,62.160531,742.6028,0.083706299,0.61204773,SAP_DEEPER_THAN_PDC,0.5,0.9816993,0.29571144,0.45197942,0.13614707,1963.5064,1.2010723,4509,OK,True,0.45197942,1.2692758,-3.2266601,1.0168345,tracks_b,not_measurable,not_measurable,,False,,0,0,1,1,0.2,426.32527,572.53867,24,2.196017,1,True,OK:1,0.80390651,458.18854,1654.1479,101.56158,1860.3253,1216.0208,1116.483,84,338.34357,418.60518,24,2.1182717,1,True,OK:1,0.67996942,348.45872,1133.5893,163.72211,1318.3259,741.02403,740.99807,84,0,3
K04957.02,,2861126,1.3815365e+08,tic_kic_crossid,CANDIDATE,CANDIDATE,4.987924,133.6552,1.618,346.2,39.5,-39.5,0.016879,0.069,23.9,3606,4.859,15.555,0,0,0,0,2,293.2811,38.082241,6,OK,lightkurve,,24,"QLP,SPOC,TESS-SPOC","40,41,54,55,74,75,81,82",0.92632426,,320.69346,36.589808,3333.6614,3333.6783,1076,51.22403,24.27,0.47380107,177.94209,22,3.4401394,1.3479108,1328.7547,3409.7835,True,OK,PDCSAP_FLUX,SPOC,3409.7835,1102.7629,bootstrap,1126.8116,231.55627,OK,4,2,SPOC/PDCSAP_FLUX=3410ppm;TESS-SPOC/PDCSAP_FLUX=4091ppm;QLP/KSPSAP_FLUX=OK;QLP/DET_FLUX=OK,41,8,8,"40,41,54,55,74,75,81,82",SPOC,120,False,False,30325.244,174.58802,0.079500273,1.5407567,16,,2.3639184,0.35316356,6.6935513,2.7397221,ln,10.632532,3.0920369,0.29080908,3.5158793,17.579397,1.3826906e+10,OK,6.6935513,OK,SAP_FLUX,SPOC,724.62378,268.86038,bootstrap,276.54719,64.74907,OK,3,2,SPOC/SAP_FLUX=725ppm;TESS-SPOC/SAP_FLUX=915ppm;QLP/SAP_FLUX=OK,42,8,8,"40,41,54,55,74,75,81,82",SPOC,120,False,False,6640.8567,-171.84977,0.33140353,1.5124403,16,,0.81516689,0.40145838,2.0305141,1.4456145,ln,2.2595527,2.6951675,1.1927881,0.8712923,4.3564615,24687.21,OK,2.0305141,BACKGROUND_TEST_DISAGREES,2,"SPOC,TESS-SPOC",-2884.4081,874.7187,-3.2975265,-0.76911244,PDC_DEEPER_THAN_SAP,0.02,0.87838554,0.129214,0.54288352,0.079860324,3229.872,1.046167,9984,OK,True,0.54288352,1.0377203,-3.5431965,0.85480427,tracks_b,not_measurable,not_measurable,,False,,0,0,1,1,0.6,991.17597,1102.7629,45,1.2035495,2,True,OK:2,0.067909377,3518.7512,3981.8637,3409.7835,4090.8314,3750.3074,681.04786,84,213.02876,268.86038,45,1.3927245,1,True,OK:1,0.089355431,755.09393,884.59207,724.62378,915.06222,819.843,190.43844,84,0.016854167,3
K02186.01,,3097926,1.2063774e+08,tic_kic_crossid,CANDIDATE,CANDIDATE,14.979743,143.46174,4.126,1211.8,39.3,-39.3,0.040734,0.93,12.98,5062,4.481,15.549,0,0,0,0,1,285.90848,38.212719,6,OK,lightkurve,,4,"SPOC,TESS-SPOC","80,81",1.0714825,,1298.4225,42.109262,3503.9869,3503.9869,369,33.96952,0,,163.79856,12,2.2569934,1.9756223,25154.636,29436.917,False,OK,PDCSAP_FLUX,SPOC,25154.636,12732.512,analytic,15056.263,8035.8054,OK,2,2,SPOC/PDCSAP_FLUX=25155ppm;TESS-SPOC/PDCSAP_FLUX=1520ppm,1,2,1,"80,81",SPOC,120,False,False,97641.706,,,,2,,18.373229,11.595965,1.5844502,1.5844502,linear,19.373229,1.9756223,0.10197693,11.595965,57.979825,1.9666808e+28,OK,1.5844502,OK,SAP_FLUX,SPOC,434.72331,367.80718,analytic,368.36356,20.238322,OK,2,2,SPOC/SAP_FLUX=435ppm;TESS-SPOC/SAP_FLUX=375ppm,3,2,2,"80,81",SPOC,120,False,False,5399.5085,-1395.5794,1.8445347,0.91182374,2,,-0.66519117,0.289893,-2.2946093,-2.2946093,linear,0.33480883,1.1819326,3.5301716,0.289893,1.449465,4233.9405,OK,-2.2946093,BACKGROUND_TEST_AGREES,2,"SPOC,TESS-SPOC",-8547.5681,7137.8454,-1.1974998,-0.64087816,PDC_DEEPER_THAN_SAP,0.24832287,5.5998435,2.364065,1.3572088,0.57296777,20437.13,0.89014338,619,OK,False,1.3572088,1.5527442,-0.31510987,0.82531764,fixed_b,not_measurable,not_measurable,,False,,0,0,1,1,0.1,12732.512,,2,0,0,False,,0.31945624,5301.4693,21373.08,1519.9138,25154.636,13337.275,23634.722,84,367.80718,490.58298,3,1.7116019,0,False,,0.046554491,384.72275,425.19939,375.19883,434.72331,404.96107,59.524478,84,0,3
K07645.01,,3129238,1.387138e+08,tic_kic_crossid,CANDIDATE,CANDIDATE,2.008707,131.51,4.87,53.5,5.1,-5.1,0.006628,0.194,3.17,5341,4.526,12.334,0,0,0,0,1,294.3035,38.203011,6,OK,lightkurve,,20,"QLP,SPOC,TESS-SPOC","40,41,54,55,74,75,81,82",0.957289,,51.214962,4.8821739,3345.8361,3345.8699,2679,118.20831,48.68052,0.41181977,427.67494,18,17.73819,14.787458,631.77591,760.97824,True,OK,PDCSAP_FLUX,QLP,760.97824,394.03154,bootstrap,557.93368,395.00524,OK,4,4,SPOC/PDCSAP_FLUX=191ppm;TESS-SPOC/PDCSAP_FLUX=195ppm;QLP/KSPSAP_FLUX=1681ppm;QLP/DET_FLUX=227ppm,102,8,8,"40,41,74,75,81,82,54,55","QLP,SPOC","120,600",False,False,3300.0317,137.63194,0.17682947,11.681339,12,sector_scatter,13.858514,10.894491,1.2720663,1.2720663,linear,14.858514,1.9312623,0.12997681,10.894491,54.472453,2.3253199e+25,OK,1.2720663,OK,SAP_FLUX,QLP,426.12008,251.77445,bootstrap,404.24483,316.26493,OK,3,3,SPOC/SAP_FLUX=1ppm;TESS-SPOC/SAP_FLUX=13ppm;QLP/SAP_FLUX=931ppm,104,8,8,"40,41,74,75,81,82,54,55","QLP,SPOC","120,600",False,False,2723.0689,145.75628,0.29261762,11.192323,12,sector_scatter,7.3202265,7.8938343,0.92733471,0.92733471,linear,8.3202265,1.6924675,0.20341604,7.8938343,39.469171,7.0899007e+18,OK,0.92733471,BACKGROUND_TEST_AGREES,2,"SPOC,TESS-SPOC",-186.41119,88.310837,-2.1108529,-0.96473942,PDC_DEEPER_THAN_SAP,0.02,1.948,0.030207877,0.4,0.0062028496,963.3133,3.7556825,58131,OK,True,0.4,1.020219,-10.20412,0.92584756,tracks_b,not_measurable,not_measurable,,False,,0,0,1,1,1.1,42.900558,394.03154,110,64.463434,0,False,,0.51907561,193.14386,983.15435,191.21118,1681.4582,210.94805,920.47998,84,35.824331,251.77445,110,58.598745,0,False,,0.74219672,4.6033095,637.13317,0.65487155,930.84584,12.99374,504.72575,84,0.033805917,3
K02413.01,Kepler-383 b,3234598,1.371506e+08,name_planet,CONFIRMED,CANDIDATE,12.904675,144.32009,3.28,412.4,21.6,-21.6,0.018884,0.553,25.7,4513,4.574,15.07,0,0,0,0,2,291.34259,38.363129,6,QUERY_RETURNED_ZERO_ROWS,lightkurve,QUERY_RETURNED_ZERO_ROWS,0,,,0.97287748,,401.21467,21.014154,,,0,,0,,36,0,,,,,False,FLUX_COLUMN_NOT_PRESENT,,,,,,,,ENSEMBLE_NOT_ATTEMPTED,0,0,,0,0,0,,,,False,False,,,,,0,,,,,,,,,,,,,NO_USABLE_TRANSIT,,FLUX_COLUMN_NOT_PRESENT,,,,,,,,ENSEMBLE_NOT_ATTEMPTED,0,0,,0,0,0,,,,False,False,,,,,0,,,,,,,,,,,,,NO_USABLE_TRANSIT,,BACKGROUND_TEST_UNAVAILABLE,0,,,,,,,,,,,,,,0,too_few_points,False,,,,,inconclusive,not_measured,not_measured,,False,,0,0,1,1,0,,,0,,0,False,,,,,,,,,84,,,0,,0,False,,,,,,,,,84,0,3
K02413.02,Kepler-383 c,3234598,1.371506e+08,name_planet,CONFIRMED,CANDIDATE,31.20122,140.07042,4.077,360.1,28.6,-28.6,0.018653,0.714,42.5,4513,4.574,15.07,0,0,0,0,2,291.34259,38.363129,6,QUERY_RETURNED_ZERO_ROWS,lightkurve,QUERY_RETURNED_ZERO_ROWS,0,,,0.99744206,,359.17889,28.526843,,,0,,0,,36,0,,,,,False,FLUX_COLUMN_NOT_PRESENT,,,,,,,,ENSEMBLE_NOT_ATTEMPTED,0,0,,0,0,0,,,,False,False,,,,,0,,,,,,,,,,,,,NO_USABLE_TRANSIT,,FLUX_COLUMN_NOT_PRESENT,,,,,,,,ENSEMBLE_NOT_ATTEMPTED,0,0,,0,0,0,,,,False,False,,,,,0,,,,,,,,,,,,,NO_USABLE_TRANSIT,,BACKGROUND_TEST_UNAVAILABLE,0,,,,,,,,,,,,,,0,too_few_points,False,,,,,inconclusive,not_measured,not_measured,,False,,0,0,1,1,0,,,0,,0,False,,,,,,,,,84,,,0,,0,False,,,,,,,,,84,0,3
K06318.01,,3249334,1.3880848e+08,tic_kic_crossid,CANDIDATE,CANDIDATE,5.9026059,136.35507,1.832,337.7,44.6,-44.6,0.01638,0.1049,24.89,4960,4.627,15.734,0,0,0,0,1,294.87888,38.397812,6,OK,lightkurve,,4,"SPOC,TESS-SPOC","74,75",0.95196313,,321.47795,42.457556,3340.7264,3340.7264,910,66.341015,0,,226.50304,24,1.8020139,-0.95394578,-4110.5692,7684.879,False,OK,PDCSAP_FLUX,SPOC,-4110.5692,2329.1201,bootstrap,2329.1201,,TOO_FEW_MEMBERS,2,0,SPOC/PDCSAP_FLUX=OK;TESS-SPOC/PDCSAP_FLUX=OK,9,2,2,"74,75",SPOC,120,False,False,70361.98,-5141.94,0.59504598,0.065643314,2,,-13.786473,7.2464145,-1.9025234,-1.9025234,linear,-12.786473,-1.7648593,0.1380255,7.2464145,36.232072,1.7479952e+18,OK,-1.9025234,OK,SAP_FLUX,SPOC,-809.38201,480.09998,bootstrap,480.09998,,TOO_FEW_MEMBERS,2,0,SPOC/SAP_FLUX=OK;TESS-SPOC/SAP_FLUX=OK,9,2,2,"74,75",SPOC,120,False,False,15094.412,-1705.3121,0.88539283,0.13472015,2,,-3.5176906,1.5000769,-2.3450068,-2.3450068,linear,-2.5176906,-1.6858614,0.66960625,1.5000769,7.5003846,581147.86,OK,-2.3450068,BACKGROUND_TEST_UNAVAILABLE,0,,,,,,,0.02,3.2730613,1.9236,1.7866055,1.05,-1090.5853,0.96676683,2198,OK,True,1.7866055,,,,inconclusive,not_measurable,not_measurable,,False,,0,0,1,1,0.2,4309.0177,2329.1201,9,0.30502965,2,True,OK:2,,,,,,,,84,960.89954,480.09998,9,0.27331031,2,True,OK:2,,,,,,,,84,0,3
K03876.01,Kepler-1928 b,3440118,1.224507e+08,name_planet,CONFIRMED,CANDIDATE,19.577833,131.71421,1.9857,432.6,13.5,-13.5,0.020303,0.694,56.4,5620,4.533,12.624,0,0,0,0,1,290.44067,38.52356,6,OK,lightkurve,,8,QLP,"14,40,41,54,55,74,75,81",0.99141792,,428.88739,13.384142,3329.0405,3329.0405,274,14.748429,0,,74.030787,10,0.22168663,-6.000872,-3824.3269,158.18514,False,OK,KSPSAP_FLUX,QLP,-3824.3269,1647.9074,bootstrap,1647.9074,,TOO_FEW_MEMBERS,2,0,QLP/KSPSAP_FLUX=OK;QLP/DET_FLUX=OK,10,8,8,"14,40,41,54,55,74,75,81",QLP,"1800,200,600",True,False,5603.5092,-543.19429,0.42496925,33.001195,0,smeared;sector_scatter,-9.9168556,3.8427366,-2.5806754,-2.5806754,linear,-8.9168556,-2.3207172,0.26026183,3.8427366,19.213683,9.4785023e+10,OK,-2.5806754,OK,SAP_FLUX,QLP,-3982.2,1446.0504,bootstrap,1446.0504,,TOO_FEW_MEMBERS,1,0,QLP/SAP_FLUX=OK,10,8,8,"14,40,41,54,55,74,75,81",QLP,"1800,200,600",True,False,5203.5201,-1061.5634,0.80440515,30.29989,0,smeared;sector_scatter,-10.284955,3.372147,-3.0499722,-3.0499722,linear,-9.2849548,-2.7538459,0.29659228,3.372147,16.860735,9.0129612e+09,OK,-3.0499722,BACKGROUND_TEST_UNAVAILABLE,0,,,,,,,0.037718049,4.96425,0.5965594,2.5,0.30042776,817.43145,3.9133035,872,OK,True,2.5,,,,inconclusive,not_measurable,not_measurable,,False,,0,0,1,1,0.1,637.29521,1647.9074,10,27.163099,2,True,OK:2,,,,,,,,84,659.84248,1446.0504,10,24.628491,1,True,OK:1,,,,,,,,84,0,3
K00118.01,Kepler-467 b,3531558,1.2121408e+08,name_planet,CONFIRMED,CANDIDATE,24.993243,138.68167,5.9409,269.6,4.9,-4.9,0.015956,0.686,24.1,5718,4.181,12.377,0,0,0,0,1,287.36279,38.649601,6,QUERY_RETURNED_ZERO_ROWS,lightkurve,QUERY_RETURNED_ZERO_ROWS,0,,,0.9906429,,267.07733,4.8541502,,,0,,0,,36,0,,,,,False,FLUX_COLUMN_NOT_PRESENT,,,,,,,,ENSEMBLE_NOT_ATTEMPTED,0,0,,0,0,0,,,,False,False,,,,,0,,,,,,,,,,,,,NO_USABLE_TRANSIT,,FLUX_COLUMN_NOT_PRESENT,,,,,,,,ENSEMBLE_NOT_ATTEMPTED,0,0,,0,0,0,,,,False,False,,,,,0,,,,,,,,,,,,,NO_USABLE_TRANSIT,,BACKGROUND_TEST_UNAVAILABLE,0,,,,,,,,,,,,,,0,too_few_points,False,,,,,inconclusive,not_measured,not_measured,,False,,0,0,1,1,0,,,0,,0,False,,,,,,,,,84,,,0,,0,False,,,,,,,,,84,0,3
K00366.01,,3545478,1.373184e+08,tic_kic_crossid,CANDIDATE,CANDIDATE,75.112213,207.71399,4.9458,3751.5,11.7,-11.7,0.063426,0.838,75.91,6201,3.616,11.714,0,0,0,0,1,291.66418,38.619255,6,OK,lightkurve,,22,"QLP,SPOC,TESS-SPOC","14,40,41,54,55,74,75,81,82",1.0156471,,3810.2001,11.883071,3373.6811,3373.6639,71,2.849076,-24.748783,8.6865999,82.734228,10,24.141948,21.403038,3517.742,3544.8041,True,OK,PDCSAP_FLUX,QLP,3544.8041,146.83174,analytic,357.40617,325.85213,OK,4,4,SPOC/PDCSAP_FLUX=3540ppm;TESS-SPOC/PDCSAP_FLUX=3616ppm;QLP/KSPSAP_FLUX=2396ppm;QLP/DET_FLUX=3576ppm,3,9,3,"74,75,81,82,14,40,41,54,55","QLP,SPOC,TESS-SPOC","120,1800,600",False,False,990.11251,-183.84993,0.59929464,0.26084246,13,,-0.07219881,0.11258544,-0.64128018,-0.65500046,ln,0.93034592,24.141948,25.949432,0.10634204,0.5317102,2674.152,OK,-0.64128018,OK,SAP_FLUX,QLP,3104.9131,153.01555,analytic,230.2523,172.05337,OK,3,3,SPOC/SAP_FLUX=3091ppm;TESS-SPOC/SAP_FLUX=3133ppm;QLP/SAP_FLUX=3597ppm,3,9,3,"74,75,81,82,14,40,41,54,55","QLP,SPOC,TESS-SPOC","120,1800,600",False,False,1551.7223,-176.20857,0.39307568,0.11371125,13,,-0.20469598,0.089493281,-2.2872777,-2.3581549,ln,0.81489502,20.291488,24.900739,0.078495681,0.39247841,1831.357,OK,-2.2872777,BACKGROUND_TEST_AGREES,2,"SPOC,TESS-SPOC",-472.15246,184.23626,-2.5627554,-0.13195768,PDC_DEEPER_THAN_SAP,0.1805841,4.6527232,0.14213033,0.94074229,0.028737582,3566.61,1.0724902,1033,OK,False,0.94074229,0.99441089,-0.94280535,0.86691305,fixed_b,consistent,consistent,,False,,0,0,1,1,0.2,146.83174,59.791626,3,0.26084246,0,False,,0.091923875,2945.192,3596.8963,2395.79,3615.7421,3558.4287,1149.0141,84,153.01555,42.270911,3,0.11371125,0,False,,0.055413266,3104.6058,3448.7126,3091.0712,3597.1105,3133.3669,492.19741,84,-0.017186655,3
K00302.01,Kepler-516 b,3662838,1.8408593e+08,name_planet,CONFIRMED,CANDIDATE,24.854665,173.99971,9.182,776.2,9.7,-9.7,0.027585,0.746,14.63,6967,3.864,12.059,0,0,0,0,2,295.6088,38.735741,6,QUERY_RETURNED_ZERO_ROWS,lightkurve,QUERY_RETURNED_ZERO_ROWS,0,,,0.99888111,,775.33152,9.6891468,,,0,,0,,36,0,,,,,False,FLUX_COLUMN_NOT_PRESENT,,,,,,,,ENSEMBLE_NOT_ATTEMPTED,0,0,,0,0,0,,,,False,False,,,,,0,,,,,,,,,,,,,NO_USABLE_TRANSIT,,FLUX_COLUMN_NOT_PRESENT,,,,,,,,ENSEMBLE_NOT_ATTEMPTED,0,0,,0,0,0,,,,False,False,,,,,0,,,,,,,,,,,,,NO_USABLE_TRANSIT,,BACKGROUND_TEST_UNAVAILABLE,0,,,,,,,,,,,,,,0,too_few_points,False,,,,,inconclusive,not_measured,not_measured,,False,,0,0,1,1,0,,,0,,0,False,,,,,,,,,84,,,0,,0,False,,,,,,,,,84,0,3
K06352.01,,3663494,1.8416798e+08,tic_kic_crossid,CANDIDATE,CANDIDATE,5.1168368,133.9134,3.119,161.4,20.8,-20.8,0.011703,0.286,12.18,5955,4.52,15.221,0,0,0,0,1,295.73334,38.792011,6,OK,lightkurve,,8,"SPOC,TESS-SPOC","74,75,81,82",0.9669385,,156.06387,20.112321,3365.1762,3365.1762,1055,122.2407,0,,413.50711,24,1.9476982,-1.5497244,-2560.8988,3131.1184,False,OK,PDCSAP_FLUX,SPOC,-2560.8988,1101.2152,bootstrap,1101.2152,,TOO_FEW_MEMBERS,2,0,SPOC/PDCSAP_FLUX=OK;TESS-SPOC/PDCSAP_FLUX=OK,18,4,4,"74,75,81,82",SPOC,120,False,False,47556.993,-1931.1228,0.73232196,0.44183024,4,,-17.409299,7.0575364,-2.4667672,-2.4667672,linear,-16.409299,-2.3255208,0.14171969,7.0575364,35.287682,3.300259e+17,OK,-2.4667672,OK,SAP_FLUX,SPOC,-891.87484,213.22612,bootstrap,213.22612,,TOO_FEW_MEMBERS,2,0,SPOC/SAP_FLUX=OK;TESS-SPOC/SAP_FLUX=OK,19,4,4,"74,75,81,82",SPOC,120,False,False,9730.3256,-130.0396,0.24618384,0.066025463,4,,-6.7148065,1.3732497,-4.8897201,-4.8897201,linear,-5.7148065,-4.1827654,0.73191723,1.3732497,6.8662484,149562.68,OK,-4.8897201,BACKGROUND_TEST_UNAVAILABLE,0,,,,,,,0.02,1.6932537,0.25959174,0.54288352,0.083229156,-3505.5666,0.99371085,7637,OK,False,0.54288352,,,0.8637065,inconclusive,not_measurable,not_measurable,,False,,0,0,1,1,0.3,1652.4865,1101.2152,22,0.57132878,2,True,OK:2,,,,,,,,84,347.77262,213.22612,22,0.5219324,2,True,OK:2,,,,,,,,84,0,3
K06353.01,,3733638,1.2112352e+08,tic_kic_crossid,CANDIDATE,CANDIDATE,10.071437,140.0456,6.891,49.5,5.4,-5.4,0.00645,0.006,11.25,5768,3.633,13.472,0,0,0,0,1,287.22351,38.817612,6,OK,lightkurve,,11,"QLP,SPOC,TESS-SPOC","14,40,41,53,54,80,81",0.96230158,,47.633928,5.1964285,3502.2645,3502.2645,549,134.6915,0,,507.43951,15,1.7320377,0.044697313,9.9453427,380.00222,False,OK,PDCSAP_FLUX,QLP,9.9453427,327.86711,bootstrap,328.05439,11.083303,OK,4,2,SPOC/PDCSAP_FLUX=OK;TESS-SPOC/PDCSAP_FLUX=OK;QLP/KSPSAP_FLUX=171ppm;QLP/DET_FLUX=139ppm,18,7,7,"80,81,14,40,41,53,54","QLP,SPOC","120,1800,600",False,False,5104.8035,-982.45223,1.6676379,1.836448,4,,-0.79121305,6.8880354,-0.11486774,-0.11486774,linear,0.20878695,0.030333457,0.14528425,6.8880354,34.440177,4.3161363e+16,OK,-0.11486774,OK,SAP_FLUX,QLP,5.4473524,310.71338,bootstrap,310.71338,,TOO_FEW_MEMBERS,3,1,SPOC/SAP_FLUX=OK;TESS-SPOC/SAP_FLUX=OK;QLP/SAP_FLUX=269ppm,18,7,7,"80,81,14,40,41,53,54","QLP,SPOC","120,1800,600",False,False,4901.4437,-1349.2353,2.616579,2.1946994,4,,-0.88564134,6.5240464,-0.13575031,-0.13575031,linear,0.11435866,0.01753176,0.15330504,6.5240464,32.620232,6.9936393e+15,OK,-0.13575031,BACKGROUND_TEST_UNAVAILABLE,0,,,,,,,0.02,5.9150567,0.5427499,0.85837422,0.078762139,293.56731,1.007656,8037,OK,False,0.85837422,0.99651025,-1.1821055,0.51635876,fixed_b,not_measurable,not_measurable,,False,,0,0,1,1,0.2,222.50426,327.86711,20,2.1076574,2,True,OK:2,1.1144214,144.04776,166.21437,138.83209,171.43004,155.13106,161.4847,84,184.46267,310.71338,20,2.9650249,2,True,OK:2,,,,,,,,84,0,3
K00149.01,Kepler-473 b,3835670,1.2096163e+08,name_planet,CONFIRMED,CANDIDATE,14.557309,145.09501,7.7643,956.9,5.5,-5.5,0.028038,0.036,14.7277,5774,4.159,13.397,0,0,0,0,1,286.6301,38.945599,6,OK,lightkurve,,8,QLP,"14,40,41,53,54,74,80,81",0.96248165,,920.99869,5.2936491,3335.1847,3335.1038,368,7.4729547,-116.4645,15.584799,138.88336,7,3.3344813,2.9557969,954.93559,1046.718,True,OK,KSPSAP_FLUX,QLP,1046.718,461.00467,bootstrap,473.97401,110.11835,OK,2,2,QLP/KSPSAP_FLUX=1178ppm;QLP/DET_FLUX=854ppm,13,8,7,"14,40,41,53,54,74,80,81",QLP,"1800,200,600",False,False,7037.5682,-1384.9265,2.1569612,1.2170611,0,,0.12795621,0.45560758,0.28084742,0.26398574,ln,1.1365032,2.2705149,1.9978077,0.51708566,2.5854283,11299.706,OK,0.28084742,OK,SAP_FLUX,QLP,923.05486,436.09545,bootstrap,436.09545,,TOO_FEW_MEMBERS,1,1,QLP/SAP_FLUX=923ppm,13,8,7,"14,40,41,53,54,74,80,81",QLP,"1800,200,600",False,False,7157.0586,-815.19152,1.2455322,0.95695824,0,,0.00223006,0.47512122,0.0046936653,0.0046885527,ln,1.0022325,2.1166349,2.11192,0.47617006,2.3808503,9038.7679,OK,0.0046936653,BACKGROUND_TEST_UNAVAILABLE,0,,,,,,,0.027307764,3.10572,0.31231809,0.4,0.040224887,1480.6335,1.033703,5443,OK,True,0.4,1.0018071,-8.1704265,0.94232242,tracks_b,not_measurable,not_measurable,,False,,0,0,1,1,0.1,313.90729,461.00467,15,1.4871338,0,False,,0.10520346,905.84647,1126.0832,854.02607,1177.9036,1015.9648,192.69192,84,317.62856,436.09545,15,1.3634961,0,False,,,,,,,,,84,-0.080878125,3
K03389.01,,3848966,1.227167e+08,tic_kic_crossid,CANDIDATE,CANDIDATE,29.768183,155.5003,9.425,159.9,14.4,-14.4,0.012509,0.739,16.72,5640,3.679,14.564,0,0,0,0,1,291.06937,38.914909,6,QUERY_RETURNED_ZERO_ROWS,lightkurve,QUERY_RETURNED_ZERO_ROWS,0,,,0.99799019,,159.57863,14.371059,,,0,,0,,36,0,,,,,False,FLUX_COLUMN_NOT_PRESENT,,,,,,,,ENSEMBLE_NOT_ATTEMPTED,0,0,,0,0,0,,,,False,False,,,,,0,,,,,,,,,,,,,NO_USABLE_TRANSIT,,FLUX_COLUMN_NOT_PRESENT,,,,,,,,ENSEMBLE_NOT_ATTEMPTED,0,0,,0,0,0,,,,False,False,,,,,0,,,,,,,,,,,,,NO_USABLE_TRANSIT,,BACKGROUND_TEST_UNAVAILABLE,0,,,,,,,,,,,,,,0,too_few_points,False,,,,,inconclusive,not_measured,not_measured,,False,,0,0,1,1,0,,,0,,0,False,,,,,,,,,84,,,0,,0,False,,,,,,,,,84,0,3
K01205.01,Kepler-789 b,3869014,1.8430026e+08,name_planet,CONFIRMED,CANDIDATE,8.6384739,139.94684,5.4566,395.9,11.8,-11.8,0.017995,0.049,12.312,5684,3.657,14.507,0,0,0,0,1,295.97516,38.94664,6,QUERY_RETURNED_ZERO_ROWS,lightkurve,QUERY_RETURNED_ZERO_ROWS,0,,,0.96066593,,380.32764,11.335858,,,0,,0,,36,0,,,,,False,FLUX_COLUMN_NOT_PRESENT,,,,,,,,ENSEMBLE_NOT_ATTEMPTED,0,0,,0,0,0,,,,False,False,,,,,0,,,,,,,,,,,,,NO_USABLE_TRANSIT,,FLUX_COLUMN_NOT_PRESENT,,,,,,,,ENSEMBLE_NOT_ATTEMPTED,0,0,,0,0,0,,,,False,False,,,,,0,,,,,,,,,,,,,NO_USABLE_TRANSIT,,BACKGROUND_TEST_UNAVAILABLE,0,,,,,,,,,,,,,,0,too_few_points,False,,,,,inconclusive,not_measured,not_measured,,False,,0,0,1,1,0,,,0,,0,False,,,,,,,,,84,,,0,,0,False,,,,,,,,,84,0,3
K04084.01,Kepler-1549 b,3937814,1.206921e+08,name_planet,CONFIRMED,CANDIDATE,214.88146,213.4044,9.581,759.2,48.7,-48.7,0.024625,0.023,175.5,5323,4.378,15.188,0,0,0,0,3,286.05243,39.09605,6,QUERY_RETURNED_ZERO_ROWS,lightkurve,QUERY_RETURNED_ZERO_ROWS,0,,,0.95501511,,725.04747,46.509236,,,0,,0,,36,0,,,,,False,FLUX_COLUMN_NOT_PRESENT,,,,,,,,ENSEMBLE_NOT_ATTEMPTED,0,0,,0,0,0,,,,False,False,,,,,0,,,,,,,,,,,,,NO_USABLE_TRANSIT,,FLUX_COLUMN_NOT_PRESENT,,,,,,,,ENSEMBLE_NOT_ATTEMPTED,0,0,,0,0,0,,,,False,False,,,,,0,,,,,,,,,,,,,NO_USABLE_TRANSIT,,BACKGROUND_TEST_UNAVAILABLE,0,,,,,,,,,,,,,,0,too_few_points,False,,,,,inconclusive,not_measured,not_measured,,False,,0,0,1,1,0,,,0,,0,False,,,,,,,,,84,,,0,,0,False,,,,,,,,,84,0,3
K04084.02,,3937814,1.206921e+08,name_planet,CANDIDATE,CANDIDATE,10.729008,134.68026,0.696,404.3,55.5,-55.5,0.018606,0.2652,115.8,5375,4.541,15.188,0,0,0,0,3,286.05243,39.09605,6,QUERY_RETURNED_ZERO_ROWS,lightkurve,QUERY_RETURNED_ZERO_ROWS,0,,,0.9594864,,387.92035,53.251495,,,0,,0,,36,0,,,,,False,FLUX_COLUMN_NOT_PRESENT,,,,,,,,ENSEMBLE_NOT_ATTEMPTED,0,0,,0,0,0,,,,False,False,,,,,0,,,,,,,,,,,,,NO_USABLE_TRANSIT,,FLUX_COLUMN_NOT_PRESENT,,,,,,,,ENSEMBLE_NOT_ATTEMPTED,0,0,,0,0,0,,,,False,False,,,,,0,,,,,,,,,,,,,NO_USABLE_TRANSIT,,BACKGROUND_TEST_UNAVAILABLE,0,,,,,,,,,,,,,,0,too_few_points,False,,,,,inconclusive,not_measured,not_measured,,False,,0,0,1,1,0,,,0,,0,False,,,,,,,,,84,,,0,,0,False,,,,,,,,,84,0,3
K04084.03,,3937814,1.206921e+08,name_planet,CANDIDATE,CANDIDATE,8.1961977,135.10435,2.109,197.4,25.4,-25.4,0.014232,0.781,19.22,5323,4.378,15.188,0,0,0,0,3,286.05243,39.09605,6,QUERY_RETURNED_ZERO_ROWS,lightkurve,QUERY_RETURNED_ZERO_ROWS,0,,,1.0070139,,198.78455,25.578153,,,0,,0,,36,0,,,,,False,FLUX_COLUMN_NOT_PRESENT,,,,,,,,ENSEMBLE_NOT_ATTEMPTED,0,0,,0,0,0,,,,False,False,,,,,0,,,,,,,,,,,,,NO_USABLE_TRANSIT,,FLUX_COLUMN_NOT_PRESENT,,,,,,,,ENSEMBLE_NOT_ATTEMPTED,0,0,,0,0,0,,,,False,False,,,,,0,,,,,,,,,,,,,NO_USABLE_TRANSIT,,BACKGROUND_TEST_UNAVAILABLE,0,,,,,,,,,,,,,,0,too_few_points,False,,,,,inconclusive,not_measured,not_measured,,False,,0,0,1,1,0,,,0,,0,False,,,,,,,,,84,,,0,,0,False,,,,,,,,,84,0,3
K01220.01,Kepler-796 b,4043190,1.2121491e+08,name_planet,CONFIRMED,CANDIDATE,6.4008714,136.8824,2.5561,133.6,6.3,-6.3,0.012298,0.861,10.23,5426,4.107,12.988,0,0,0,0,1,287.30786,39.14473,6,QUERY_RETURNED_ZERO_ROWS,lightkurve,QUERY_RETURNED_ZERO_ROWS,0,,,1.0290861,,137.4859,6.4832423,,,0,,0,,36,0,,,,,False,FLUX_COLUMN_NOT_PRESENT,,,,,,,,ENSEMBLE_NOT_ATTEMPTED,0,0,,0,0,0,,,,False,False,,,,,0,,,,,,,,,,,,,NO_USABLE_TRANSIT,,FLUX_COLUMN_NOT_PRESENT,,,,,,,,ENSEMBLE_NOT_ATTEMPTED,0,0,,0,0,0,,,,False,False,,,,,0,,,,,,,,,,,,,NO_USABLE_TRANSIT,,BACKGROUND_TEST_UNAVAILABLE,0,,,,,,,,,,,,,,0,too_few_points,False,,,,,inconclusive,not_measured,not_measured,,False,,0,0,1,1,0,,,0,,0,False,,,,,,,,,84,,,0,,0,False,,,,,,,,,84,0,3
K05037.01,,4071638,1.390347e+08,tic_kic_crossid,CANDIDATE,CANDIDATE,349.58811,183.0587,5.052,373.3,54.9,-54.9,0.016609,0.1899,528,3860,0.949,12.989,0,0,0,0,1,295.16342,39.180187,6,OK,lightkurve,NO_USABLE_TRANSIT,17,"QLP,SPOC,TESS-SPOC","14,40,41,54,55,74,75,81,82",0.93779161,,350.07761,51.48476,3259.8803,3259.8803,15,273.70192,0,,864,24,,,,,False,NO_USABLE_TRANSIT,PDCSAP_FLUX,QLP,,,none,,,TOO_FEW_MEMBERS,4,0,SPOC/PDCSAP_FLUX=NO_USABLE_TRANSIT;TESS-SPOC/PDCSAP_FLUX=NO_USABLE_TRANSIT;QLP/KSPSAP_FLUX=NO_USABLE_TRANSIT;QLP/DET_FLUX=NO_USABLE_TRANSIT,0,9,0,"74,75,81,82,14,40,41,54,55","QLP,SPOC","120,1800,600",False,False,,,,,8,,,,,,,,,,,,,NO_USABLE_TRANSIT,,NO_USABLE_TRANSIT,SAP_FLUX,QLP,,,none,,,TOO_FEW_MEMBERS,3,0,SPOC/SAP_FLUX=NO_USABLE_TRANSIT;TESS-SPOC/SAP_FLUX=NO_USABLE_TRANSIT;QLP/SAP_FLUX=NO_USABLE_TRANSIT,0,9,0,"74,75,81,82,14,40,41,54,55","QLP,SPOC","120,1800,600",False,False,,,,,8,,,,,,,,,,,,,NO_USABLE_TRANSIT,,BACKGROUND_TEST_UNAVAILABLE,0,,,,,,,0.02,,,,,,,0,too_few_points,False,,,,,inconclusive,not_measured,not_measured,,False,,0,0,1,1,0.1,,,0,,4,True,NO_USABLE_TRANSIT:4,,,,,,,,84,,,0,,3,True,NO_USABLE_TRANSIT:3,,,,,,,,84,0,3
K01336.01,Kepler-58 b,4077526,1.8447124e+08,name_planet,CONFIRMED,CANDIDATE,10.218645,136.8622,3.802,445.3,18,-18,0.019663,0.416,19.13,6100,4.376,14.82,0,0,0,0,4,296.35867,39.115189,6,QUERY_RETURNED_ZERO_ROWS,lightkurve,QUERY_RETURNED_ZERO_ROWS,0,,,0.97223836,,432.93774,17.500291,,,0,,0,,36,0,,,,,False,FLUX_COLUMN_NOT_PRESENT,,,,,,,,ENSEMBLE_NOT_ATTEMPTED,0,0,,0,0,0,,,,False,False,,,,,0,,,,,,,,,,,,,NO_USABLE_TRANSIT,,FLUX_COLUMN_NOT_PRESENT,,,,,,,,ENSEMBLE_NOT_ATTEMPTED,0,0,,0,0,0,,,,False,False,,,,,0,,,,,,,,,,,,,NO_USABLE_TRANSIT,,BACKGROUND_TEST_UNAVAILABLE,0,,,,,,,,,,,,,,0,too_few_points,False,,,,,inconclusive,not_measured,not_measured,,False,,0,0,1,1,0,,,0,,0,False,,,,,,,,,84,,,0,,0,False,,,,,,,,,84,0,3
K01336.02,Kepler-58 c,4077526,1.8447124e+08,name_planet,CONFIRMED,CANDIDATE,15.573637,132.44282,5.326,468.1,19.6,-19.6,0.02484,0.946,8.89,6100,4.376,14.82,0,0,0,0,4,296.35867,39.115189,6,QUERY_RETURNED_ZERO_ROWS,lightkurve,QUERY_RETURNED_ZERO_ROWS,0,,,1.061893,,497.07211,20.813103,,,0,,0,,36,0,,,,,False,FLUX_COLUMN_NOT_PRESENT,,,,,,,,ENSEMBLE_NOT_ATTEMPTED,0,0,,0,0,0,,,,False,False,,,,,0,,,,,,,,,,,,,NO_USABLE_TRANSIT,,FLUX_COLUMN_NOT_PRESENT,,,,,,,,ENSEMBLE_NOT_ATTEMPTED,0,0,,0,0,0,,,,False,False,,,,,0,,,,,,,,,,,,,NO_USABLE_TRANSIT,,BACKGROUND_TEST_UNAVAILABLE,0,,,,,,,,,,,,,,0,too_few_points,False,,,,,inconclusive,not_measured,not_measured,,False,,0,0,1,1,0,,,0,,0,False,,,,,,,,,84,,,0,,0,False,,,,,,,,,84,0,3
K01336.03,Kepler-58 d,4077526,1.8447124e+08,name_planet,CONFIRMED,CANDIDATE,40.101556,132.71244,5.246,550,30.7,-30.7,0.024714,0.868,31.9,6100,4.376,14.82,0,0,0,0,4,296.35867,39.115189,6,QUERY_RETURNED_ZERO_ROWS,lightkurve,QUERY_RETURNED_ZERO_ROWS,0,,,1.0244168,,563.42924,31.449596,,,0,,0,,36,0,,,,,False,FLUX_COLUMN_NOT_PRESENT,,,,,,,,ENSEMBLE_NOT_ATTEMPTED,0,0,,0,0,0,,,,False,False,,,,,0,,,,,,,,,,,,,NO_USABLE_TRANSIT,,FLUX_COLUMN_NOT_PRESENT,,,,,,,,ENSEMBLE_NOT_ATTEMPTED,0,0,,0,0,0,,,,False,False,,,,,0,,,,,,,,,,,,,NO_USABLE_TRANSIT,,BACKGROUND_TEST_UNAVAILABLE,0,,,,,,,,,,,,,,0,too_few_points,False,,,,,inconclusive,not_measured,not_measured,,False,,0,0,1,1,0,,,0,,0,False,,,,,,,,,84,,,0,,0,False,,,,,,,,,84,0,3
K01336.04,Kepler-58 e,4077526,1.8447124e+08,name_planet,CONFIRMED,CANDIDATE,4.458149,134.39743,2.867,188.1,14.5,-14.5,0.013643,0.754,8.09,6100,4.376,14.82,0,0,0,0,4,296.35867,39.115189,6,QUERY_RETURNED_ZERO_ROWS,lightkurve,QUERY_RETURNED_ZERO_ROWS,0,,,1.0000012,,188.10022,14.500017,,,0,,0,,36,0,,,,,False,FLUX_COLUMN_NOT_PRESENT,,,,,,,,ENSEMBLE_NOT_ATTEMPTED,0,0,,0,0,0,,,,False,False,,,,,0,,,,,,,,,,,,,NO_USABLE_TRANSIT,,FLUX_COLUMN_NOT_PRESENT,,,,,,,,ENSEMBLE_NOT_ATTEMPTED,0,0,,0,0,0,,,,False,False,,,,,0,,,,,,,,,,,,,NO_USABLE_TRANSIT,,BACKGROUND_TEST_UNAVAILABLE,0,,,,,,,,,,,,,,0,too_few_points,False,,,,,inconclusive,not_measured,not_measured,,False,,0,0,1,1,0,,,0,,0,False,,,,,,,,,84,,,0,,0,False,,,,,,,,,84,0,3
K06108.01,,4139254,1.2068392e+08,tic_kic_crossid,CANDIDATE,CANDIDATE,485.92297,299.5015,3.756,122.9,27.1,-27.1,0.010284,0.4516,893,5551,4.386,12.12,0,0,0,0,1,285.8627,39.20528,6,OK,lightkurve,NO_USABLE_TRANSIT,20,"QLP,SPOC,TESS-SPOC","14,40,41,53,54,80,81",0.96937569,,119.13627,26.270081,2991.7312,2991.7312,10,169.43049,0,,564.63146,22,,,,,False,NO_USABLE_TRANSIT,PDCSAP_FLUX,QLP,,,none,,,TOO_FEW_MEMBERS,4,0,SPOC/PDCSAP_FLUX=NO_USABLE_TRANSIT;TESS-SPOC/PDCSAP_FLUX=NO_USABLE_TRANSIT;QLP/KSPSAP_FLUX=NO_USABLE_TRANSIT;QLP/DET_FLUX=NO_USABLE_TRANSIT,0,7,0,"40,41,53,54,80,81,14","QLP,SPOC","120,1800",False,False,,,,,13,,,,,,,,,,,,,NO_USABLE_TRANSIT,,NO_USABLE_TRANSIT,SAP_FLUX,QLP,,,none,,,TOO_FEW_MEMBERS,3,0,SPOC/SAP_FLUX=NO_USABLE_TRANSIT;TESS-SPOC/SAP_FLUX=NO_USABLE_TRANSIT;QLP/SAP_FLUX=NO_USABLE_TRANSIT,0,7,0,"40,41,53,54,80,81,14","QLP,SPOC","120,1800",False,False,,,,,13,,,,,,,,,,,,,NO_USABLE_TRANSIT,,BACKGROUND_TEST_UNAVAILABLE,0,,,,,,,0.02,,,,,,,0,too_few_points,False,,,,,inconclusive,not_measured,not_measured,,False,,0,0,1,1,0.2,,,0,,4,True,NO_USABLE_TRANSIT:4,,,,,,,,84,,,0,,3,True,NO_USABLE_TRANSIT:3,,,,,,,,84,0,3
K05048.01,,4241238,1.2031535e+08,tic_kic_crossid,CANDIDATE,CANDIDATE,138.33375,209.39452,2.391,603.6,84.6,-84.6,0.02258,0.4579,404,4948,3.588,13.419,0,0,0,0,1,284.63876,39.355179,6,OK,lightkurve,,15,"QLP,SPOC,TESS-SPOC","14,26,40,41,53,54,74,80,81",0.96588724,,583.00954,81.714061,3437.4108,3437.5104,39,95.593167,143.46,1.5007349,322.6445,24,3.1836107,-0.37084988,-726.11508,2135,True,OK,PDCSAP_FLUX,QLP,2135,670.62219,analytic,670.62219,,TOO_FEW_MEMBERS,4,1,SPOC/PDCSAP_FLUX=NO_USABLE_TRANSIT;TESS-SPOC/PDCSAP_FLUX=NO_USABLE_TRANSIT;QLP/KSPSAP_FLUX=2135ppm;QLP/DET_FLUX=NO_USABLE_TRANSIT,1,9,1,"74,80,81,14,26,40,41,53,54","QLP,SPOC","120,1800,600",True,False,1683.2483,,,,6,smeared,1.2980184,0.34757571,3.734491,2.2951281,ln,3.6620326,3.1836107,0.86935617,1.1598623,5.7993117,191852.29,OK,3.734491,OK,SAP_FLUX,QLP,1966.0028,729.87961,analytic,729.87961,,TOO_FEW_MEMBERS,3,1,SPOC/SAP_FLUX=NO_USABLE_TRANSIT;TESS-SPOC/SAP_FLUX=NO_USABLE_TRANSIT;QLP/SAP_FLUX=1966ppm,1,9,1,"74,80,81,14,26,40,41,53,54","QLP,SPOC","120,1800,600",True,False,1831.9833,,,,6,smeared,1.2155542,0.3999644,3.039156,1.8815779,ln,3.3721624,2.6935988,0.79877493,1.2607303,6.3036517,318069.11,OK,3.039156,BACKGROUND_TEST_UNAVAILABLE,0,,,,,,,0.027781461,2.8718885,1.6785319,1.2011244,0.70202089,2563.4969,1.2741615,72,OK,True,1.2011244,1.0251722,0.26512096,,fixed_b,not_measurable,not_measurable,,False,,0,0,1,1,0.1,670.62219,,1,0,3,True,NO_USABLE_TRANSIT:3,,,,,,,,84,729.87961,,1,0,2,True,NO_USABLE_TRANSIT:2,,,,,,,,84,0.099625,3
K06401.01,,4282390,1.8441772e+08,tic_kic_crossid,CANDIDATE,CANDIDATE,1.9613431,132.30563,11.856,207.8,4.5,-4.5,0.173014,1.159,1.187,6221,3.935,13.749,0,0,0,0,1,296.14655,39.396938,6,OK,lightkurve,,15,"QLP,SPOC,TESS-SPOC","14,15,41,54,55,74,75,81,82",1.2124005,,251.93683,5.4558024,3510.0226,3509.8167,2827,46.373632,-296.42371,6.3920745,316.9609,9,3.1406823,0.31469924,40.104492,388.93522,True,OK,PDCSAP_FLUX,QLP,388.93522,176.74281,bootstrap,184.59967,53.282444,OK,4,3,SPOC/PDCSAP_FLUX=643ppm;TESS-SPOC/PDCSAP_FLUX=502ppm;QLP/KSPSAP_FLUX=OK;QLP/DET_FLUX=486ppm,114,9,9,"75,81,82,14,15,41,54,55,74","QLP,SPOC","120,1800,200,600",False,False,11548.326,-392.28932,1.1406709,3.7424497,6,sector_scatter,0.43423439,0.47774575,0.90892361,0.7400942,ln,1.5437807,2.2005717,1.4254432,0.73474522,3.6737261,9673.9804,OK,0.90892361,OK,SAP_FLUX,QLP,53.537132,106.5731,bootstrap,470.7291,458.50634,OK,3,3,SPOC/SAP_FLUX=28ppm;TESS-SPOC/SAP_FLUX=7ppm;QLP/SAP_FLUX=1355ppm,116,9,9,"75,81,82,14,15,41,54,55,74","QLP,SPOC","120,1800,200,600",False,False,8606.4031,-1.0722333,0.0046708672,1.3824453,6,,-0.7874978,1.8692353,-0.4212941,-0.4212941,linear,0.2125022,0.50235128,2.3639816,1.8692353,9.3461765,2885669.7,OK,-0.4212941,BACKGROUND_TEST_DISAGREES,2,"SPOC,TESS-SPOC",-577.30505,164.75488,-3.504024,-1.0084484,PDC_DEEPER_THAN_SAP,0.5,19.926798,5.152332,1.6807354,0.43457591,344.6966,1.332123,72933,OK,False,1.6807354,2.0163278,-0.68673985,1.1329796,fixed_b,not_measurable,not_measurable,,False,,0,0,1,1,1,123.83781,176.74281,129,2.3118467,1,True,OK:1,0.13699568,491.15852,597.72341,485.90774,642.62081,502.31642,253.6856,84,49.167061,106.5731,129,18.089853,0,False,,8.5642679,13.47997,930.49264,6.695248,1355.2433,27.897505,1301.7062,84,-0.2058498,3
K02245.01,Kepler-1155 b,4454934,1.2178568e+08,name_planet,CONFIRMED,CANDIDATE,33.469857,140.14977,4.749,370.7,17.9,-17.9,0.020478,0.876,28.2,5912,4.342,14.74,0,0,0,0,1,288.82059,39.52282,6,QUERY_RETURNED_ZERO_ROWS,lightkurve,QUERY_RETURNED_ZERO_ROWS,0,,,1.0281345,,381.12945,18.403607,,,0,,0,,36,0,,,,,False,FLUX_COLUMN_NOT_PRESENT,,,,,,,,ENSEMBLE_NOT_ATTEMPTED,0,0,,0,0,0,,,,False,False,,,,,0,,,,,,,,,,,,,NO_USABLE_TRANSIT,,FLUX_COLUMN_NOT_PRESENT,,,,,,,,ENSEMBLE_NOT_ATTEMPTED,0,0,,0,0,0,,,,False,False,,,,,0,,,,,,,,,,,,,NO_USABLE_TRANSIT,,BACKGROUND_TEST_UNAVAILABLE,0,,,,,,,,,,,,,,0,too_few_points,False,,,,,inconclusive,not_measured,not_measured,,False,,0,0,1,1,0,,,0,,0,False,,,,,,,,,84,,,0,,0,False,,,,,,,,,84,0,3
K03437.01,Kepler-1500 b,4645174,1.2178652e+08,name_planet,CONFIRMED,CANDIDATE,15.033062,131.89493,6.326,132.2,10.2,-10.2,0.012497,0.896,8.6,5849,4.076,14.606,0,0,0,0,2,288.88333,39.74456,6,QUERY_RETURNED_ZERO_ROWS,lightkurve,QUERY_RETURNED_ZERO_ROWS,0,,,1.0360795,,136.96971,10.568011,,,0,,0,,36,0,,,,,False,FLUX_COLUMN_NOT_PRESENT,,,,,,,,ENSEMBLE_NOT_ATTEMPTED,0,0,,0,0,0,,,,False,False,,,,,0,,,,,,,,,,,,,NO_USABLE_TRANSIT,,FLUX_COLUMN_NOT_PRESENT,,,,,,,,ENSEMBLE_NOT_ATTEMPTED,0,0,,0,0,0,,,,False,False,,,,,0,,,,,,,,,,,,,NO_USABLE_TRANSIT,,BACKGROUND_TEST_UNAVAILABLE,0,,,,,,,,,,,,,,0,too_few_points,False,,,,,inconclusive,not_measured,not_measured,,False,,0,0,1,1,0,,,0,,0,False,,,,,,,,,84,,,0,,0,False,,,,,,,,,84,0,3
K03437.02,,4645174,1.2178652e+08,name_planet,CANDIDATE,CANDIDATE,34.749604,158.68412,4.548,227.1,20.7,-20.7,0.020104,0.984,15.74,5849,4.076,14.606,0,0,0,0,2,288.88333,39.74456,6,QUERY_RETURNED_ZERO_ROWS,lightkurve,QUERY_RETURNED_ZERO_ROWS,0,,,1.1185094,,254.01348,23.153144,,,0,,0,,36,0,,,,,False,FLUX_COLUMN_NOT_PRESENT,,,,,,,,ENSEMBLE_NOT_ATTEMPTED,0,0,,0,0,0,,,,False,False,,,,,0,,,,,,,,,,,,,NO_USABLE_TRANSIT,,FLUX_COLUMN_NOT_PRESENT,,,,,,,,ENSEMBLE_NOT_ATTEMPTED,0,0,,0,0,0,,,,False,False,,,,,0,,,,,,,,,,,,,NO_USABLE_TRANSIT,,BACKGROUND_TEST_UNAVAILABLE,0,,,,,,,,,,,,,,0,too_few_points,False,,,,,inconclusive,not_measured,not_measured,,False,,0,0,1,1,0,,,0,,0,False,,,,,,,,,84,,,0,,0,False,,,,,,,,,84,0,3
K01534.01,Kepler-887 b,4741126,1.2229364e+08,name_planet,CONFIRMED,CANDIDATE,20.422245,146.9837,6.22,189.3,5.8,-5.8,0.012581,0.059,25.36,6119,4.274,13.47,0,0,0,0,2,290.09082,39.81699,6,QUERY_RETURNED_ZERO_ROWS,lightkurve,QUERY_RETURNED_ZERO_ROWS,0,,,0.96450134,,182.5801,5.5941078,,,0,,0,,36,0,,,,,False,FLUX_COLUMN_NOT_PRESENT,,,,,,,,ENSEMBLE_NOT_ATTEMPTED,0,0,,0,0,0,,,,False,False,,,,,0,,,,,,,,,,,,,NO_USABLE_TRANSIT,,FLUX_COLUMN_NOT_PRESENT,,,,,,,,ENSEMBLE_NOT_ATTEMPTED,0,0,,0,0,0,,,,False,False,,,,,0,,,,,,,,,,,,,NO_USABLE_TRANSIT,,BACKGROUND_TEST_UNAVAILABLE,0,,,,,,,,,,,,,,0,too_few_points,False,,,,,inconclusive,not_measured,not_measured,,False,,0,0,1,1,0,,,0,,0,False,,,,,,,,,84,,,0,,0,False,,,,,,,,,84,0,3
K01534.02,Kepler-887 c,4741126,1.2229364e+08,name_planet,CONFIRMED,CANDIDATE,7.6384608,138.24557,3.957,71.7,4.7,-4.7,0.007869,0.405,13.63,6119,4.274,13.47,0,0,0,0,2,290.09082,39.81699,6,QUERY_RETURNED_ZERO_ROWS,lightkurve,QUERY_RETURNED_ZERO_ROWS,0,,,0.97191047,,69.685981,4.5679792,,,0,,0,,36,0,,,,,False,FLUX_COLUMN_NOT_PRESENT,,,,,,,,ENSEMBLE_NOT_ATTEMPTED,0,0,,0,0,0,,,,False,False,,,,,0,,,,,,,,,,,,,NO_USABLE_TRANSIT,,FLUX_COLUMN_NOT_PRESENT,,,,,,,,ENSEMBLE_NOT_ATTEMPTED,0,0,,0,0,0,,,,False,False,,,,,0,,,,,,,,,,,,,NO_USABLE_TRANSIT,,BACKGROUND_TEST_UNAVAILABLE,0,,,,,,,,,,,,,,0,too_few_points,False,,,,,inconclusive,not_measured,not_measured,,False,,0,0,1,1,0,,,0,,0,False,,,,,,,,,84,,,0,,0,False,,,,,,,,,84,0,3
K05088.01,,4813750,2.3719208e+08,tic_kic_crossid,CANDIDATE,CANDIDATE,49.178224,165.7659,5.8,449,54,-54,0.019512,0.315,62.8,5674,4.473,15.527,0,0,0,0,1,283.67819,39.964279,6,OK,lightkurve,NO_USABLE_TRANSIT,6,"SPOC,TESS-SPOC","74,80,81",0.96527862,,433.4101,52.125046,3506.727,3506.727,112,135.46501,0,,493.39502,18,1.7445498,,,6053.4561,False,NO_USABLE_TRANSIT,PDCSAP_FLUX,SPOC,,,none,,,TOO_FEW_MEMBERS,2,0,SPOC/PDCSAP_FLUX=NO_USABLE_TRANSIT;TESS-SPOC/PDCSAP_FLUX=NO_USABLE_TRANSIT,0,3,0,"74,80,81",SPOC,120,False,False,,,,,3,,,,,,,,,,,,,NO_USABLE_TRANSIT,,NO_USABLE_TRANSIT,SAP_FLUX,SPOC,,,none,,,TOO_FEW_MEMBERS,2,0,SPOC/SAP_FLUX=NO_USABLE_TRANSIT;TESS-SPOC/SAP_FLUX=NO_USABLE_TRANSIT,0,3,0,"74,80,81",SPOC,120,False,False,,,,,3,,,,,,,,,,,,,NO_USABLE_TRANSIT,,BACKGROUND_TEST_UNAVAILABLE,0,,,,,,,0.021203048,,,,,,,0,too_few_points,False,,,,,inconclusive,not_measured,not_measured,,False,,0,0,1,1,0.1,,,1,,2,True,NO_USABLE_TRANSIT:2,,,,,,,,84,,,1,,2,True,NO_USABLE_TRANSIT:2,,,,,,,,84,0,3
K04004.01,Kepler-1933 b,4814502,1.2010349e+08,name_planet,CONFIRMED,CANDIDATE,4.943306,135.57568,2.9334,126.2,5.3,-5.3,0.012786,0.928,5.3,5661,4.415,12.697,0,0,0,0,1,283.99509,39.917,6,QUERY_RETURNED_ZERO_ROWS,lightkurve,QUERY_RETURNED_ZERO_ROWS,0,,,1.0573112,,133.43267,5.6037493,,,0,,0,,36,0,,,,,False,FLUX_COLUMN_NOT_PRESENT,,,,,,,,ENSEMBLE_NOT_ATTEMPTED,0,0,,0,0,0,,,,False,False,,,,,0,,,,,,,,,,,,,NO_USABLE_TRANSIT,,FLUX_COLUMN_NOT_PRESENT,,,,,,,,ENSEMBLE_NOT_ATTEMPTED,0,0,,0,0,0,,,,False,False,,,,,0,,,,,,,,,,,,,NO_USABLE_TRANSIT,,BACKGROUND_TEST_UNAVAILABLE,0,,,,,,,,,,,,,,0,too_few_points,False,,,,,inconclusive,not_measured,not_measured,,False,,0,0,1,1,0,,,0,,0,False,,,,,,,,,84,,,0,,0,False,,,,,,,,,84,0,3
K03823.01,,4820550,1.2101303e+08,tic_kic_crossid,CANDIDATE,CANDIDATE,202.11682,292.05064,4.683,2701.2,58.2,-58.2,0.057885,0.906,180.2,5536,4.498,13.922,0,0,0,0,1,286.77145,39.983822,6,OK,lightkurve,,17,"QLP,SPOC,TESS-SPOC","14,40,41,53,54,74,75,80,81",1.0476013,,2829.7806,60.970395,3380.088,3380.088,26,20.548268,0,,131.8898,9,2.1308077,1.1130471,2197.9323,4568.7032,False,OK,PDCSAP_FLUX,QLP,2197.9323,1974.6984,analytic,1974.6984,,TOO_FEW_MEMBERS,4,1,SPOC/PDCSAP_FLUX=NO_USABLE_TRANSIT;TESS-SPOC/PDCSAP_FLUX=NO_USABLE_TRANSIT;QLP/KSPSAP_FLUX=2198ppm;QLP/DET_FLUX=NO_USABLE_TRANSIT,1,9,1,"74,75,80,81,14,40,41,53,54","QLP,SPOC","120,1800,600",False,False,7115.3108,,,,8,,-0.22328528,0.69994805,-0.31900265,-0.31900265,linear,0.77671472,1.1130471,1.4330192,0.69994805,3.4997403,90855.346,OK,-0.31900265,OK,SAP_FLUX,QLP,3801.0466,2096.9884,analytic,2096.9884,,TOO_FEW_MEMBERS,3,1,SPOC/SAP_FLUX=NO_USABLE_TRANSIT;TESS-SPOC/SAP_FLUX=NO_USABLE_TRANSIT;QLP/SAP_FLUX=3801ppm,1,9,1,"74,75,80,81,14,40,41,53,54","QLP,SPOC","120,1800,600",False,False,7555.951,,,,8,,0.34323013,0.74304009,0.4619268,0.4619268,linear,1.3432301,1.8126217,1.3494498,0.74304009,3.7152005,113380.31,OK,0.4619268,BACKGROUND_TEST_UNAVAILABLE,0,,,,,,,0.26348274,11.7075,0.67320437,2.5,0.14375494,-1389.1712,1.0848191,136,OK,True,2.5,0.97541142,11.340509,,duration_inconsistent,not_measurable,not_measurable,,False,,0,0,1,1,0.1,1974.6984,,1,0,3,True,NO_USABLE_TRANSIT:3,,,,,,,,84,2096.9884,,1,0,2,True,NO_USABLE_TRANSIT:2,,,,,,,,84,0,3
K03469.01,,4844470,1.3864331e+08,tic_kic_crossid,CANDIDATE,CANDIDATE,60.532988,134.57461,7.086,467.5,22.3,-22.3,0.020634,0.618,53,5631,4.557,14.196,0,0,0,0,1,294.25037,39.943939,6,OK,lightkurve,,8,"SPOC,TESS-SPOC","74,75,81,82",0.98281794,,459.46739,21.91684,3355.0105,3355.0105,89,58.944851,0,,283.12455,10,1.6713961,-0.98242711,-1492.0173,2524.9188,False,OK,PDCSAP_FLUX,SPOC,-1492.0173,1518.7054,analytic,1518.7054,,TOO_FEW_MEMBERS,2,0,SPOC/PDCSAP_FLUX=OK;TESS-SPOC/PDCSAP_FLUX=OK,1,4,1,"74,75,81,82",SPOC,120,False,False,15227.173,,,,4,,-4.2472758,3.3060829,-1.2846852,-1.2846852,linear,-3.2472758,-0.98242711,0.30253885,3.3060829,16.530414,6.9394069e+09,OK,-1.2846852,OK,SAP_FLUX,SPOC,278.4799,585.60315,analytic,585.62925,5.5287796,OK,2,2,SPOC/SAP_FLUX=278ppm;TESS-SPOC/SAP_FLUX=262ppm,2,4,2,"74,75,81,82",SPOC,120,False,False,8484.9525,-2171.2812,1.8051113,3.258427,4,sector_scatter,-0.39390715,1.2764548,-0.30859468,-0.30859468,linear,0.60609285,0.47554371,0.78460539,1.2764548,6.3822738,271210.11,OK,-0.30859468,BACKGROUND_TEST_UNAVAILABLE,0,,,,,,,0.032319069,15.206099,6.4216525,2.1459355,0.90624506,1883.8056,0.96792315,1063,OK,True,2.1459355,,,,inconclusive,not_measurable,not_measurable,,False,,0,0,1,1,0.1,1518.7054,,2,0,2,True,OK:2,,,,,,,,84,585.60315,761.35979,2,3.258427,0,False,,0.019853424,264.82056,275.87812,262.21878,278.4799,270.34934,16.261116,84,0,3
K01602.01,Kepler-1758 b,4860678,1.6993244e+08,name_planet,CONFIRMED,CANDIDATE,9.9771688,137.2361,5.908,252.9,12.7,-12.7,0.014328,0.002,13.1,5557,4.037,14.943,0,0,0,0,2,297.79691,39.921371,6,OK,lightkurve,,2,"SPOC,TESS-SPOC",75,0.95789391,,242.25137,12.165253,3357.9073,3357.9073,540,62.824034,0,,277.0921,11,1.5872357,-1.5995477,-3922.5207,3958.9766,False,OK,PDCSAP_FLUX,SPOC,-3922.5207,2452.2687,analytic,2452.2687,,TOO_FEW_MEMBERS,2,0,SPOC/PDCSAP_FLUX=OK;TESS-SPOC/PDCSAP_FLUX=OK,2,1,1,75,SPOC,120,False,False,31985.817,2743.9072,0.55623224,,1,,-17.191945,10.123075,-1.6982927,-1.6982927,linear,-16.191945,-1.5995477,0.098786635,10.123075,50.615375,2.3240427e+24,OK,-1.6982927,OK,SAP_FLUX,SPOC,-1046.5848,774.36858,analytic,774.36858,,TOO_FEW_MEMBERS,2,0,SPOC/SAP_FLUX=OK;TESS-SPOC/SAP_FLUX=OK,2,1,1,75,SPOC,120,False,False,10057.37,1089.8305,0.70368669,,1,,-5.3202432,3.1973353,-1.6639616,-1.6639616,linear,-4.3202432,-1.3515332,0.31283729,3.1973353,15.986676,2.1241809e+09,OK,-1.6639616,BACKGROUND_TEST_UNAVAILABLE,0,,,,,,,0.02,7.7771861,2.9173424,1.3163822,0.49379526,-2071.7002,1.0363892,1773,OK,False,1.3163822,,,,inconclusive,not_measurable,not_measurable,,False,,0,0,1,1,0.1,2452.2687,952.05899,2,0.30939431,2,True,OK:2,,,,,,,,84,774.36858,377.03364,2,0.49517496,2,True,OK:2,,,,,,,,84,0,3
K01602.02,,4860678,1.6993244e+08,name_planet,CANDIDATE,CANDIDATE,3.033594,133.08355,4.026,95.6,8.8,-8.8,0.008811,0.023,5.835,5557,4.037,14.943,0,0,0,0,2,297.79691,39.921371,6,OK,lightkurve,,2,"SPOC,TESS-SPOC",75,0.95792062,,91.577211,8.4297014,3353.7465,3353.7465,1776,91.686082,0,,335.44825,16,2.9974703,-2.389314,-3549.1712,4490.7279,False,OK,PDCSAP_FLUX,SPOC,-3549.1712,1529.2948,bootstrap,1529.2948,,TOO_FEW_MEMBERS,2,0,SPOC/PDCSAP_FLUX=OK;TESS-SPOC/PDCSAP_FLUX=OK,8,1,1,75,SPOC,120,False,False,30844.158,-3192.7747,1.0732865,,1,,-39.756053,16.699842,-2.3806246,-2.3806246,linear,-38.756053,-2.3207894,0.059881986,16.699842,83.499208,1.6789297e+38,OK,-2.3806246,OK,SAP_FLUX,SPOC,-1540.4471,550.07898,bootstrap,550.07898,,TOO_FEW_MEMBERS,2,0,SPOC/SAP_FLUX=OK;TESS-SPOC/SAP_FLUX=OK,9,1,1,75,SPOC,120,False,False,9979.1773,302.50071,0.34234701,,1,,-17.821293,6.0076368,-2.9664398,-2.9664398,linear,-16.821293,-2.8004107,0.16648011,6.0076368,30.038184,1.0167282e+15,OK,-2.9664398,BACKGROUND_TEST_UNAVAILABLE,0,,,,,,,0.02,4.2795993,1.6515026,1.0629904,0.41020929,-2802.8609,1.0017727,4594,OK,False,1.0629904,,,,inconclusive,not_measurable,not_measurable,,False,,0,0,1,1,0.1,1485.4352,1529.2948,8,1.0384041,2,True,OK:2,,,,,,,,84,441.21422,550.07898,9,2.5551493,2,True,OK:2,,,,,,,,84,0,3
K02635.01,Kepler-1300 b,4914566,1.218656e+08,name_planet,CONFIRMED,CANDIDATE,22.242003,144.72364,7.532,63.5,4.5,-4.5,0.008612,0.897,10.46,5979,3.854,12.816,0,0,0,0,1,289.03302,40.086891,6,QUERY_RETURNED_ZERO_ROWS,lightkurve,QUERY_RETURNED_ZERO_ROWS,0,,,1.0358369,,65.775641,4.6612659,,,0,,0,,36,0,,,,,False,FLUX_COLUMN_NOT_PRESENT,,,,,,,,ENSEMBLE_NOT_ATTEMPTED,0,0,,0,0,0,,,,False,False,,,,,0,,,,,,,,,,,,,NO_USABLE_TRANSIT,,FLUX_COLUMN_NOT_PRESENT,,,,,,,,ENSEMBLE_NOT_ATTEMPTED,0,0,,0,0,0,,,,False,False,,,,,0,,,,,,,,,,,,,NO_USABLE_TRANSIT,,BACKGROUND_TEST_UNAVAILABLE,0,,,,,,,,,,,,,,0,too_few_points,False,,,,,inconclusive,not_measured,not_measured,,False,,0,0,1,1,0,,,0,,0,False,,,,,,,,,84,,,0,,0,False,,,,,,,,,84,0,3
K02617.01,Kepler-1291 b,4915638,1.2206394e+08,name_planet,CONFIRMED,CANDIDATE,8.6305009,139.57438,3.144,325.8,25.4,-25.4,0.017113,0.595,17.32,5352,4.599,15.868,0,0,0,0,1,289.37704,40.00116,6,QUERY_RETURNED_ZERO_ROWS,lightkurve,QUERY_RETURNED_ZERO_ROWS,0,,,0.97922098,,319.0302,24.872213,,,0,,0,,36,0,,,,,False,FLUX_COLUMN_NOT_PRESENT,,,,,,,,ENSEMBLE_NOT_ATTEMPTED,0,0,,0,0,0,,,,False,False,,,,,0,,,,,,,,,,,,,NO_USABLE_TRANSIT,,FLUX_COLUMN_NOT_PRESENT,,,,,,,,ENSEMBLE_NOT_ATTEMPTED,0,0,,0,0,0,,,,False,False,,,,,0,,,,,,,,,,,,,NO_USABLE_TRANSIT,,BACKGROUND_TEST_UNAVAILABLE,0,,,,,,,,,,,,,,0,too_few_points,False,,,,,inconclusive,not_measured,not_measured,,False,,0,0,1,1,0,,,0,,0,False,,,,,,,,,84,,,0,,0,False,,,,,,,,,84,0,3
K04524.01,Kepler-1962 b,5003670,1.2207027e+08,name_planet,CONFIRMED,CANDIDATE,7.991447,136.25855,3.639,145,12.4,-12.4,0.01394,0.94,6.45,5700,4.434,14.955,0,0,0,0,3,289.5484,40.1642,6,QUERY_RETURNED_ZERO_ROWS,lightkurve,QUERY_RETURNED_ZERO_ROWS,0,,,1.064823,,154.39934,13.203805,,,0,,0,,36,0,,,,,False,FLUX_COLUMN_NOT_PRESENT,,,,,,,,ENSEMBLE_NOT_ATTEMPTED,0,0,,0,0,0,,,,False,False,,,,,0,,,,,,,,,,,,,NO_USABLE_TRANSIT,,FLUX_COLUMN_NOT_PRESENT,,,,,,,,ENSEMBLE_NOT_ATTEMPTED,0,0,,0,0,0,,,,False,False,,,,,0,,,,,,,,,,,,,NO_USABLE_TRANSIT,,BACKGROUND_TEST_UNAVAILABLE,0,,,,,,,,,,,,,,0,too_few_points,False,,,,,inconclusive,not_measured,not_measured,,False,,0,0,1,1,0,,,0,,0,False,,,,,,,,,84,,,0,,0,False,,,,,,,,,84,0,3
K04524.02,,5003670,1.2207027e+08,name_planet,CANDIDATE,CANDIDATE,4.5262874,134.32065,3.736,99.6,10.2,-10.2,0.009313,0.5,8.15,5700,4.434,14.955,0,0,0,0,3,289.5484,40.1642,6,QUERY_RETURNED_ZERO_ROWS,lightkurve,QUERY_RETURNED_ZERO_ROWS,0,,,0.97425279,,97.035578,9.9373785,,,0,,0,,36,0,,,,,False,FLUX_COLUMN_NOT_PRESENT,,,,,,,,ENSEMBLE_NOT_ATTEMPTED,0,0,,0,0,0,,,,False,False,,,,,0,,,,,,,,,,,,,NO_USABLE_TRANSIT,,FLUX_COLUMN_NOT_PRESENT,,,,,,,,ENSEMBLE_NOT_ATTEMPTED,0,0,,0,0,0,,,,False,False,,,,,0,,,,,,,,,,,,,NO_USABLE_TRANSIT,,BACKGROUND_TEST_UNAVAILABLE,0,,,,,,,,,,,,,,0,too_few_points,False,,,,,inconclusive,not_measured,not_measured,,False,,0,0,1,1,0,,,0,,0,False,,,,,,,,,84,,,0,,0,False,,,,,,,,,84,0,3
K04524.03,,5003670,1.2207027e+08,name_planet,CANDIDATE,CANDIDATE,3.3393096,134.15098,2.597,91.3,9.5,-9.5,0.010966,0.934,3.92,5700,4.434,14.955,0,0,0,0,3,289.5484,40.1642,6,QUERY_RETURNED_ZERO_ROWS,lightkurve,QUERY_RETURNED_ZERO_ROWS,0,,,1.0602362,,96.799564,10.072244,,,0,,0,,36,0,,,,,False,FLUX_COLUMN_NOT_PRESENT,,,,,,,,ENSEMBLE_NOT_ATTEMPTED,0,0,,0,0,0,,,,False,False,,,,,0,,,,,,,,,,,,,NO_USABLE_TRANSIT,,FLUX_COLUMN_NOT_PRESENT,,,,,,,,ENSEMBLE_NOT_ATTEMPTED,0,0,,0,0,0,,,,False,False,,,,,0,,,,,,,,,,,,,NO_USABLE_TRANSIT,,BACKGROUND_TEST_UNAVAILABLE,0,,,,,,,,,,,,,,0,too_few_points,False,,,,,inconclusive,not_measured,not_measured,,False,,0,0,1,1,0,,,0,,0,False,,,,,,,,,84,,,0,,0,False,,,,,,,,,84,0,3
K04428.01,,5126182,1.7064566e+08,tic_kic_crossid,CANDIDATE,CANDIDATE,13.002917,132.02306,3.058,225.3,18.7,-18.7,0.01467,0.701,23.84,5796,4.575,14.634,0,0,0,0,1,298.2934,40.239632,6,OK,lightkurve,,8,"SPOC,TESS-SPOC","74,75,81,82",0.99265026,,223.6441,18.56256,3361.2336,3361.2336,415,45.338761,0,,181.88628,14,-0.38446625,-0.81126719,-938.11011,-474.40706,False,OK,PDCSAP_FLUX,SPOC,-938.11011,1425.1098,bootstrap,1425.1098,,TOO_FEW_MEMBERS,2,0,SPOC/PDCSAP_FLUX=OK;TESS-SPOC/PDCSAP_FLUX=OK,8,4,4,"74,75,81,82",SPOC,120,False,False,21771.023,-799.89141,0.34067729,2.9319122,4,,-5.1946561,6.3729585,-0.81510904,-0.81510904,linear,-4.1946561,-0.65827214,0.15693113,6.3729585,31.864793,1.5426275e+16,OK,-0.81510904,OK,SAP_FLUX,SPOC,-46.550259,349.77224,bootstrap,349.77224,,TOO_FEW_MEMBERS,2,0,SPOC/SAP_FLUX=OK;TESS-SPOC/SAP_FLUX=OK,8,4,4,"74,75,81,82",SPOC,120,False,False,6206.7322,-286.46498,0.44282876,2.4256516,4,,-1.2081444,1.5669669,-0.77100823,-0.77100823,linear,-0.20814436,-0.13308735,0.63939924,1.5669669,7.8348344,564951.16,OK,-0.77100823,BACKGROUND_TEST_UNAVAILABLE,0,,,,,,,0.028046448,6.3648693,0.19443258,2.081383,0.063581617,-2207.7821,1.0970416,3668,OK,False,2.081383,,,,inconclusive,not_measurable,not_measurable,,False,,0,0,1,1,0.2,1156.3516,1425.1098,8,1.66916,2,True,OK:2,,,,,,,,84,320.79757,349.77224,8,1.453907,2,True,OK:2,,,,,,,,84,0,3
K06557.01,,5295206,1.6881546e+08,tic_kic_crossid,CANDIDATE,CANDIDATE,6.6344802,137.0694,3.603,71.2,8,-8,0.007791,0.116,14.095,6463,4.313,13.805,0,0,0,0,1,296.92773,40.429661,6,OK,lightkurve,,8,QLP,"14,15,41,54,55,74,81,82",0.96783369,,68.909759,7.7426695,3337.3639,3337.1512,809,115.26881,-306.28382,2.6571267,399.85142,22,8.9236603,-1.4789094,-620.74601,3445.0621,True,OK,KSPSAP_FLUX,QLP,3445.0621,2338.495,bootstrap,2950.9129,1799.8133,OK,2,2,QLP/KSPSAP_FLUX=5914ppm;QLP/DET_FLUX=620ppm,31,8,8,"14,15,41,54,55,74,81,82",QLP,"1800,200,600",False,False,8259.6159,-4770.6721,1.0992402,39.714824,0,sector_scatter,48.993821,42.823036,1.1440997,1.1440997,linear,49.993821,1.4731963,0.029467567,42.823036,214.11518,6.7192586e+94,OK,1.1440997,OK,SAP_FLUX,QLP,1973.8899,1104.8735,bootstrap,1104.8735,,TOO_FEW_MEMBERS,1,1,QLP/SAP_FLUX=1974ppm,31,8,8,"14,15,41,54,55,74,81,82",QLP,"1800,200,600",False,False,8244.5089,-2119.2081,0.96241715,7.3633886,0,sector_scatter,27.644563,16.034101,1.7241106,1.7241106,linear,28.644563,1.7865302,0.062368912,16.034101,80.170504,4.527809e+36,OK,1.7241106,BACKGROUND_TEST_UNAVAILABLE,0,,,,,,,0.02,1.5319817,0.31900955,0.42519615,0.088539981,1877.4762,3.8401488,5434,OK,True,0.42519615,1.0476326,-3.9515631,0.91348541,tracks_b,not_measurable,not_measurable,,False,,0,0,1,1,0.3,386.05931,2338.495,32,46.322618,0,False,,0.52243276,1467.3118,5066.9385,620.34082,5913.9094,3267.1251,2824.7213,84,392.60656,1104.8735,32,27.695767,0,False,,,,,,,,,84,-0.2126971,3
K01589.01,Kepler-84 b,5301750,1.7064692e+08,name_planet,CONFIRMED,CANDIDATE,8.7258548,138.76838,4.473,446.7,12.8,-12.8,0.023183,0.911,7,6036,4.326,14.764,0,0,0,0,5,298.25204,40.496078,6,QUERY_RETURNED_ZERO_ROWS,lightkurve,QUERY_RETURNED_ZERO_ROWS,0,,,1.0415892,,465.27788,13.332341,,,0,,0,,36,0,,,,,False,FLUX_COLUMN_NOT_PRESENT,,,,,,,,ENSEMBLE_NOT_ATTEMPTED,0,0,,0,0,0,,,,False,False,,,,,0,,,,,,,,,,,,,NO_USABLE_TRANSIT,,FLUX_COLUMN_NOT_PRESENT,,,,,,,,ENSEMBLE_NOT_ATTEMPTED,0,0,,0,0,0,,,,False,False,,,,,0,,,,,,,,,,,,,NO_USABLE_TRANSIT,,BACKGROUND_TEST_UNAVAILABLE,0,,,,,,,,,,,,,,0,too_few_points,False,,,,,inconclusive,not_measured,not_measured,,False,,0,0,1,1,0,,,0,,0,False,,,,,,,,,84,,,0,,0,False,,,,,,,,,84,0,3
K01589.02,Kepler-84 c,5301750,1.7064692e+08,name_planet,CONFIRMED,CANDIDATE,12.882914,135.18736,5.676,460.5,18.9,-18.9,0.025515,0.962,6.24,6036,4.326,14.764,0,0,0,0,5,298.25204,40.496078,6,QUERY_RETURNED_ZERO_ROWS,lightkurve,QUERY_RETURNED_ZERO_ROWS,0,,,1.0782015,,496.51178,20.378008,,,0,,0,,36,0,,,,,False,FLUX_COLUMN_NOT_PRESENT,,,,,,,,ENSEMBLE_NOT_ATTEMPTED,0,0,,0,0,0,,,,False,False,,,,,0,,,,,,,,,,,,,NO_USABLE_TRANSIT,,FLUX_COLUMN_NOT_PRESENT,,,,,,,,ENSEMBLE_NOT_ATTEMPTED,0,0,,0,0,0,,,,False,False,,,,,0,,,,,,,,,,,,,NO_USABLE_TRANSIT,,BACKGROUND_TEST_UNAVAILABLE,0,,,,,,,,,,,,,,0,too_few_points,False,,,,,inconclusive,not_measured,not_measured,,False,,0,0,1,1,0,,,0,,0,False,,,,,,,,,84,,,0,,0,False,,,,,,,,,84,0,3
K01589.03,Kepler-84 e,5301750,1.7064692e+08,name_planet,CONFIRMED,CANDIDATE,27.434597,145.12322,5.038,472.6,19.4,-19.4,0.020758,0.603,34.3,6036,4.326,14.764,0,0,0,0,5,298.25204,40.496078,6,QUERY_RETURNED_ZERO_ROWS,lightkurve,QUERY_RETURNED_ZERO_ROWS,0,,,0.98308417,,464.60558,19.071833,,,0,,0,,36,0,,,,,False,FLUX_COLUMN_NOT_PRESENT,,,,,,,,ENSEMBLE_NOT_ATTEMPTED,0,0,,0,0,0,,,,False,False,,,,,0,,,,,,,,,,,,,NO_USABLE_TRANSIT,,FLUX_COLUMN_NOT_PRESENT,,,,,,,,ENSEMBLE_NOT_ATTEMPTED,0,0,,0,0,0,,,,False,False,,,,,0,,,,,,,,,,,,,NO_USABLE_TRANSIT,,BACKGROUND_TEST_UNAVAILABLE,0,,,,,,,,,,,,,,0,too_few_points,False,,,,,inconclusive,not_measured,not_measured,,False,,0,0,1,1,0,,,0,,0,False,,,,,,,,,84,,,0,,0,False,,,,,,,,,84,0,3
K01589.04,Kepler-84 d,5301750,1.7064692e+08,name_planet,CONFIRMED,CANDIDATE,4.2245363,135.42908,3.128,159.1,10.3,-10.3,0.012939,0.823,6.15,6036,4.326,14.764,0,0,0,0,5,298.25204,40.496078,6,QUERY_RETURNED_ZERO_ROWS,lightkurve,QUERY_RETURNED_ZERO_ROWS,0,,,1.0128728,,161.14807,10.43259,,,0,,0,,36,0,,,,,False,FLUX_COLUMN_NOT_PRESENT,,,,,,,,ENSEMBLE_NOT_ATTEMPTED,0,0,,0,0,0,,,,False,False,,,,,0,,,,,,,,,,,,,NO_USABLE_TRANSIT,,FLUX_COLUMN_NOT_PRESENT,,,,,,,,ENSEMBLE_NOT_ATTEMPTED,0,0,,0,0,0,,,,False,False,,,,,0,,,,,,,,,,,,,NO_USABLE_TRANSIT,,BACKGROUND_TEST_UNAVAILABLE,0,,,,,,,,,,,,,,0,too_few_points,False,,,,,inconclusive,not_measured,not_measured,,False,,0,0,1,1,0,,,0,,0,False,,,,,,,,,84,,,0,,0,False,,,,,,,,,84,0,3
K01589.05,Kepler-84 f,5301750,1.7064692e+08,name_planet,CONFIRMED,CANDIDATE,44.552027,160.29386,6,362.1,22.5,-22.5,0.018527,0.689,42.6,6036,4.326,14.764,0,0,0,0,5,298.25204,40.496078,6,QUERY_RETURNED_ZERO_ROWS,lightkurve,QUERY_RETURNED_ZERO_ROWS,0,,,0.99141211,,358.99033,22.306773,,,0,,0,,36,0,,,,,False,FLUX_COLUMN_NOT_PRESENT,,,,,,,,ENSEMBLE_NOT_ATTEMPTED,0,0,,0,0,0,,,,False,False,,,,,0,,,,,,,,,,,,,NO_USABLE_TRANSIT,,FLUX_COLUMN_NOT_PRESENT,,,,,,,,ENSEMBLE_NOT_ATTEMPTED,0,0,,0,0,0,,,,False,False,,,,,0,,,,,,,,,,,,,NO_USABLE_TRANSIT,,BACKGROUND_TEST_UNAVAILABLE,0,,,,,,,,,,,,,,0,too_few_points,False,,,,,inconclusive,not_measured,not_measured,,False,,0,0,1,1,0,,,0,,0,False,,,,,,,,,84,,,0,,0,False,,,,,,,,,84,0,3
K05155.01,,5374838,1.3896948e+08,tic_kic_crossid,CANDIDATE,CANDIDATE,230.18036,230.05245,13.436,3689.3,65.4,-65.4,0.055626,0.102,137.52,6313,4.364,15.469,0,0,0,0,1,295.21255,40.516911,6,QUERY_RETURNED_ZERO_ROWS,lightkurve,QUERY_RETURNED_ZERO_ROWS,0,,,0.96644778,,3565.5158,63.205685,,,0,,0,,36,0,,,,,False,FLUX_COLUMN_NOT_PRESENT,,,,,,,,ENSEMBLE_NOT_ATTEMPTED,0,0,,0,0,0,,,,False,False,,,,,0,,,,,,,,,,,,,NO_USABLE_TRANSIT,,FLUX_COLUMN_NOT_PRESENT,,,,,,,,ENSEMBLE_NOT_ATTEMPTED,0,0,,0,0,0,,,,False,False,,,,,0,,,,,,,,,,,,,NO_USABLE_TRANSIT,,BACKGROUND_TEST_UNAVAILABLE,0,,,,,,,,,,,,,,0,too_few_points,False,,,,,inconclusive,not_measured,not_measured,,False,,0,0,1,1,0,,,0,,0,False,,,,,,,,,84,,,0,,0,False,,,,,,,,,84,0,3
K00645.01,Kepler-633 b,5374854,1.3896924e+08,name_planet,CONFIRMED,CANDIDATE,8.5033925,170.86894,2.9569,188.9,7.4,-7.4,0.014143,0.825,12.99,5877,4.233,13.716,0,0,0,0,2,295.21744,40.592251,6,QUERY_RETURNED_ZERO_ROWS,lightkurve,QUERY_RETURNED_ZERO_ROWS,0,,,1.0136855,,191.48519,7.5012727,,,0,,0,,36,0,,,,,False,FLUX_COLUMN_NOT_PRESENT,,,,,,,,ENSEMBLE_NOT_ATTEMPTED,0,0,,0,0,0,,,,False,False,,,,,0,,,,,,,,,,,,,NO_USABLE_TRANSIT,,FLUX_COLUMN_NOT_PRESENT,,,,,,,,ENSEMBLE_NOT_ATTEMPTED,0,0,,0,0,0,,,,False,False,,,,,0,,,,,,,,,,,,,NO_USABLE_TRANSIT,,BACKGROUND_TEST_UNAVAILABLE,0,,,,,,,,,,,,,,0,too_few_points,False,,,,,inconclusive,not_measured,not_measured,,False,,0,0,1,1,0,,,0,,0,False,,,,,,,,,84,,,0,,0,False,,,,,,,,,84,0,3
K00645.02,Kepler-633 c,5374854,1.3896924e+08,name_planet,CONFIRMED,CANDIDATE,23.78321,179.75013,7.939,256.5,7.2,-7.2,0.014585,0.01,23.226,5877,4.233,13.716,0,0,0,0,2,295.21744,40.592251,6,QUERY_RETURNED_ZERO_ROWS,lightkurve,QUERY_RETURNED_ZERO_ROWS,0,,,0.96310576,,247.03663,6.9343614,,,0,,0,,36,0,,,,,False,FLUX_COLUMN_NOT_PRESENT,,,,,,,,ENSEMBLE_NOT_ATTEMPTED,0,0,,0,0,0,,,,False,False,,,,,0,,,,,,,,,,,,,NO_USABLE_TRANSIT,,FLUX_COLUMN_NOT_PRESENT,,,,,,,,ENSEMBLE_NOT_ATTEMPTED,0,0,,0,0,0,,,,False,False,,,,,0,,,,,,,,,,,,,NO_USABLE_TRANSIT,,BACKGROUND_TEST_UNAVAILABLE,0,,,,,,,,,,,,,,0,too_few_points,False,,,,,inconclusive,not_measured,not_measured,,False,,0,0,1,1,0,,,0,,0,False,,,,,,,,,84,,,0,,0,False,,,,,,,,,84,0,3
K00834.01,Kepler-238 e,5436502,1.2146092e+08,name_planet,CONFIRMED,CANDIDATE,23.653694,171.37611,8.2183,3341.8,13.2,-13.2,0.05219,0.008,23.142,5739,4.191,15.084,0,0,0,0,5,287.89713,40.637821,6,QUERY_RETURNED_ZERO_ROWS,lightkurve,QUERY_RETURNED_ZERO_ROWS,0,,,0.96170087,,3213.812,12.694451,,,0,,0,,36,0,,,,,False,FLUX_COLUMN_NOT_PRESENT,,,,,,,,ENSEMBLE_NOT_ATTEMPTED,0,0,,0,0,0,,,,False,False,,,,,0,,,,,,,,,,,,,NO_USABLE_TRANSIT,,FLUX_COLUMN_NOT_PRESENT,,,,,,,,ENSEMBLE_NOT_ATTEMPTED,0,0,,0,0,0,,,,False,False,,,,,0,,,,,,,,,,,,,NO_USABLE_TRANSIT,,BACKGROUND_TEST_UNAVAILABLE,0,,,,,,,,,,,,,,0,too_few_points,False,,,,,inconclusive,not_measured,not_measured,,False,,0,0,1,1,0,,,0,,0,False,,,,,,,,,84,,,0,,0,False,,,,,,,,,84,0,3
K00834.02,Kepler-238 d,5436502,1.2146092e+08,name_planet,CONFIRMED,CANDIDATE,13.233522,140.32196,6.7372,504.6,10.8,-10.8,0.020278,0.014,15.32,5739,4.191,15.084,0,0,0,0,5,287.89713,40.637821,6,QUERY_RETURNED_ZERO_ROWS,lightkurve,QUERY_RETURNED_ZERO_ROWS,0,,,0.96170684,,485.27727,10.386434,,,0,,0,,36,0,,,,,False,FLUX_COLUMN_NOT_PRESENT,,,,,,,,ENSEMBLE_NOT_ATTEMPTED,0,0,,0,0,0,,,,False,False,,,,,0,,,,,,,,,,,,,NO_USABLE_TRANSIT,,FLUX_COLUMN_NOT_PRESENT,,,,,,,,ENSEMBLE_NOT_ATTEMPTED,0,0,,0,0,0,,,,False,False,,,,,0,,,,,,,,,,,,,NO_USABLE_TRANSIT,,BACKGROUND_TEST_UNAVAILABLE,0,,,,,,,,,,,,,,0,too_few_points,False,,,,,inconclusive,not_measured,not_measured,,False,,0,0,1,1,0,,,0,,0,False,,,,,,,,,84,,,0,,0,False,,,,,,,,,84,0,3
K00834.03,Kepler-238 c,5436502,1.2146092e+08,name_planet,CONFIRMED,CANDIDATE,6.1556029,134.81656,4.9843,285,8.6,-8.6,0.015336,0.235,9.34,5739,4.191,15.084,0,0,0,0,5,287.89713,40.637821,6,QUERY_RETURNED_ZERO_ROWS,lightkurve,QUERY_RETURNED_ZERO_ROWS,0,,,0.96426741,,274.81621,8.2926998,,,0,,0,,36,0,,,,,False,FLUX_COLUMN_NOT_PRESENT,,,,,,,,ENSEMBLE_NOT_ATTEMPTED,0,0,,0,0,0,,,,False,False,,,,,0,,,,,,,,,,,,,NO_USABLE_TRANSIT,,FLUX_COLUMN_NOT_PRESENT,,,,,,,,ENSEMBLE_NOT_ATTEMPTED,0,0,,0,0,0,,,,False,False,,,,,0,,,,,,,,,,,,,NO_USABLE_TRANSIT,,BACKGROUND_TEST_UNAVAILABLE,0,,,,,,,,,,,,,,0,too_few_points,False,,,,,inconclusive,not_measured,not_measured,,False,,0,0,1,1,0,,,0,,0,False,,,,,,,,,84,,,0,,0,False,,,,,,,,,84,0,3
K00834.04,Kepler-238 b,5436502,1.2146092e+08,name_planet,CONFIRMED,CANDIDATE,2.0908113,134.17462,3.388,115.9,6.4,-6.4,0.010686,0.746,3.32,5739,4.191,15.084,0,0,0,0,5,287.89713,40.637821,6,QUERY_RETURNED_ZERO_ROWS,lightkurve,QUERY_RETURNED_ZERO_ROWS,0,,,0.99893901,,115.77703,6.3932096,,,0,,0,,36,0,,,,,False,FLUX_COLUMN_NOT_PRESENT,,,,,,,,ENSEMBLE_NOT_ATTEMPTED,0,0,,0,0,0,,,,False,False,,,,,0,,,,,,,,,,,,,NO_USABLE_TRANSIT,,FLUX_COLUMN_NOT_PRESENT,,,,,,,,ENSEMBLE_NOT_ATTEMPTED,0,0,,0,0,0,,,,False,False,,,,,0,,,,,,,,,,,,,NO_USABLE_TRANSIT,,BACKGROUND_TEST_UNAVAILABLE,0,,,,,,,,,,,,,,0,too_few_points,False,,,,,inconclusive,not_measured,not_measured,,False,,0,0,1,1,0,,,0,,0,False,,,,,,,,,84,,,0,,0,False,,,,,,,,,84,0,3
K00834.05,Kepler-238 f,5436502,1.2146092e+08,name_planet,CONFIRMED,CANDIDATE,50.446742,178.5014,7.159,370.3,20.1,-20.1,0.01767,0.379,50.9,5739,4.191,15.084,0,0,0,0,5,287.89713,40.637821,6,QUERY_RETURNED_ZERO_ROWS,lightkurve,QUERY_RETURNED_ZERO_ROWS,0,,,0.9687142,,358.71487,19.471155,,,0,,0,,36,0,,,,,False,FLUX_COLUMN_NOT_PRESENT,,,,,,,,ENSEMBLE_NOT_ATTEMPTED,0,0,,0,0,0,,,,False,False,,,,,0,,,,,,,,,,,,,NO_USABLE_TRANSIT,,FLUX_COLUMN_NOT_PRESENT,,,,,,,,ENSEMBLE_NOT_ATTEMPTED,0,0,,0,0,0,,,,False,False,,,,,0,,,,,,,,,,,,,NO_USABLE_TRANSIT,,BACKGROUND_TEST_UNAVAILABLE,0,,,,,,,,,,,,,,0,too_few_points,False,,,,,inconclusive,not_measured,not_measured,,False,,0,0,1,1,0,,,0,,0,False,,,,,,,,,84,,,0,,0,False,,,,,,,,,84,0,3
K03504.02,,5471158,1.6955807e+08,tic_kic_crossid,CANDIDATE,CANDIDATE,140.24409,217.2998,5.43,,,,,,,,,15.717,0,0,0,0,2,297.5798,40.603001,6,QUERY_RETURNED_ZERO_ROWS,lightkurve,QUERY_RETURNED_ZERO_ROWS,0,,,0.96296296,teff_missing_default_used;logg_missing_4.5_used,,,,,0,,0,,36,0,,,,,False,FLUX_COLUMN_NOT_PRESENT,,,,,,,,ENSEMBLE_NOT_ATTEMPTED,0,0,,0,0,0,,,,False,False,,,,,0,,,,,,,,,,,,,NO_REFERENCE_DEPTH,,FLUX_COLUMN_NOT_PRESENT,,,,,,,,ENSEMBLE_NOT_ATTEMPTED,0,0,,0,0,0,,,,False,False,,,,,0,,,,,,,,,,,,,NO_REFERENCE_DEPTH,,BACKGROUND_TEST_UNAVAILABLE,0,,,,,,,,,,,,,,0,too_few_points,False,,,,,inconclusive,not_measured,not_measured,,False,,0,0,1,1,0,,,0,,0,False,,,,,,,,,84,,,0,,0,False,,,,,,,,,84,0,3
K06605.01,,5617510,1.2271227e+08,tic_kic_crossid,CANDIDATE,CANDIDATE,74.371666,187.379,12.59,102.8,10.6,-10.6,0.009895,0.6894,33.3,6865,3.742,11.319,0,0,0,0,1,291.04001,40.84993,6,OK,lightkurve,,21,"QLP,SPOC,TESS-SPOC","14,40,41,54,55,74,75,81,82",0.99305662,,102.08622,10.5264,3375.139,3375.139,72,756.63832,0,,864,14,1.5195531,-1.3941111,-110.24223,123.63957,False,OK,PDCSAP_FLUX,QLP,-110.24223,79.077073,analytic,79.077073,,TOO_FEW_MEMBERS,4,1,SPOC/PDCSAP_FLUX=OK;TESS-SPOC/PDCSAP_FLUX=OK;QLP/KSPSAP_FLUX=105ppm;QLP/DET_FLUX=OK,3,9,3,"40,41,74,75,81,82,14,54,55","QLP,SPOC","120,1800,600",False,False,1606.8693,163.35515,1.0240849,2.1283615,12,,-2.0798933,0.78304145,-2.6561727,-2.6561727,linear,-1.0798933,-1.3941111,1.2909712,0.78304145,3.9152072,5018.504,OK,-2.6561727,OK,SAP_FLUX,QLP,-306.98458,75.241635,analytic,75.241635,,TOO_FEW_MEMBERS,3,0,SPOC/SAP_FLUX=OK;TESS-SPOC/SAP_FLUX=OK;QLP/SAP_FLUX=OK,3,9,3,"40,41,74,75,81,82,14,54,55","QLP,SPOC","120,1800,600",False,False,1512.4674,-166.07198,1.0770693,1.2509582,12,,-4.0071108,0.74589565,-5.3722137,-5.3722137,linear,-3.0071108,-4.0799828,1.3567783,0.74589565,3.7294782,4150.5569,OK,-5.3722137,BACKGROUND_TEST_UNAVAILABLE,0,,,,,,,0.02,31.475,2.2288357,2.5,0.17703223,-184.07908,0.99622123,4149,OK,True,2.5,,,,inconclusive,not_measurable,not_measurable,,False,,0,0,1,1,0.2,79.077073,96.230173,3,2.1283615,3,True,OK:3,,,,,,,,84,75.241635,70.246973,3,1.2509582,3,True,OK:3,,,,,,,,84,0,3
K04827.01,,5651846,1.7237455e+08,tic_kic_crossid,CANDIDATE,CANDIDATE,31.192023,153.83296,2.849,447.8,46.5,-46.5,0.019451,0.11,84.8,5675,4.554,15.401,0,0,0,0,1,299.46869,40.82999,6,OK,lightkurve,,6,"SPOC,TESS-SPOC","75,81,82",0.96094011,,430.30898,44.683715,3507.821,3507.821,177,67.905717,0,,246.45215,18,1.3955289,-0.36098058,-2268.0079,9030.2628,False,OK,PDCSAP_FLUX,SPOC,-2268.0079,6282.9082,analytic,6282.9082,,TOO_FEW_MEMBERS,2,0,SPOC/PDCSAP_FLUX=OK;TESS-SPOC/PDCSAP_FLUX=OK,3,3,3,"75,81,82",SPOC,120,False,False,75979.494,2216.7665,0.15411091,0.49741467,3,,-6.2706496,14.601378,-0.42945602,-0.42945602,linear,-5.2706496,-0.36098058,0.068488822,14.601378,73.006888,2.1891182e+34,OK,-0.42945602,OK,SAP_FLUX,SPOC,-493.80362,1133.2447,analytic,1133.2447,,TOO_FEW_MEMBERS,2,0,SPOC/SAP_FLUX=OK;TESS-SPOC/SAP_FLUX=OK,3,3,3,"75,81,82",SPOC,120,False,False,11166.849,63.336939,0.027944551,0.12445588,3,,-2.1475559,2.636081,-0.81467752,-0.81467752,linear,-1.1475559,-0.43574316,0.3797141,2.636081,13.180405,2.2801148e+08,OK,-0.81467752,BACKGROUND_TEST_UNAVAILABLE,0,,,,,,,0.02,4.7884151,1.6860635,1.6807354,0.5918089,5028.1142,1.0698508,1247,OK,True,1.6807354,,,,inconclusive,not_measurable,not_measurable,,False,,0,0,1,1,0.1,6282.9082,3697.7354,3,0.49741467,2,True,OK:2,,,,,,,,84,1133.2447,387.20248,3,0.12445588,2,True,OK:2,,,,,,,,84,0,3
K03144.01,Kepler-1439 b,5688790,1.2057871e+08,name_planet,CONFIRMED,CANDIDATE,8.073941,540.04161,2.455,1056,77.7,-77.7,0.03663,0.928,11.67,3675,4.869,16.109,0,0,0,0,1,285.73981,40.980049,6,QUERY_RETURNED_ZERO_ROWS,lightkurve,QUERY_RETURNED_ZERO_ROWS,0,,,1.100826,,1162.4723,85.53418,,,0,,0,,36,0,,,,,False,FLUX_COLUMN_NOT_PRESENT,,,,,,,,ENSEMBLE_NOT_ATTEMPTED,0,0,,0,0,0,,,,False,False,,,,,0,,,,,,,,,,,,,NO_USABLE_TRANSIT,,FLUX_COLUMN_NOT_PRESENT,,,,,,,,ENSEMBLE_NOT_ATTEMPTED,0,0,,0,0,0,,,,False,False,,,,,0,,,,,,,,,,,,,NO_USABLE_TRANSIT,,BACKGROUND_TEST_UNAVAILABLE,0,,,,,,,,,,,,,,0,too_few_points,False,,,,,inconclusive,not_measured,not_measured,,False,,0,0,1,1,0,,,0,,0,False,,,,,,,,,84,,,0,,0,False,,,,,,,,,84,0,3
K01908.01,Kepler-333 b,5706966,1.375562e+08,name_planet,CONFIRMED,CANDIDATE,12.551111,137.26226,3.1293,494.1,16.4,-16.4,0.020536,0.519,26.94,4213,4.669,14.731,0,0,0,0,2,292.28607,40.913589,6,OK,lightkurve,,4,SPOC,"74,75,81,82",0.96670514,,477.64901,15.853964,3367.24,3367.24,430,22.095017,0,,113.22455,12,0.93230647,-0.42550835,-370.29604,799.40771,False,OK,PDCSAP_FLUX,SPOC,-370.29604,621.08288,bootstrap,621.08288,,TOO_FEW_MEMBERS,1,0,SPOC/PDCSAP_FLUX=OK,8,4,4,"74,75,81,82",SPOC,120,False,False,16672.603,352.52517,0.2024234,1.2921468,0,,-1.7752472,1.3016756,-1.3638169,-1.3638169,linear,-0.77524716,-0.59621034,0.7690584,1.3016756,6.5083779,319899.47,OK,-1.3638169,OK,SAP_FLUX,SPOC,-242.01252,379.58283,bootstrap,379.58283,,TOO_FEW_MEMBERS,1,0,SPOC/SAP_FLUX=OK,9,4,4,"74,75,81,82",SPOC,120,False,False,11176.127,229.81517,0.20566163,1.4019831,0,,-1.5066744,0.79695275,-1.8905442,-1.8905442,linear,-0.50667439,-0.63757499,1.2583525,0.79695275,3.9847637,25206.772,OK,-1.8905442,BACKGROUND_TEST_UNAVAILABLE,0,,,,,,,0.027344167,6.5132719,2.2984486,2.081383,0.73449288,-666.339,0.97446522,3694,OK,True,2.081383,,,,inconclusive,not_measurable,not_measurable,,False,,0,0,1,1,0.1,870.24389,621.08288,9,0.62648398,1,True,OK:1,,,,,,,,84,557.12669,379.58283,9,0.56639949,1,True,OK:1,,,,,,,,84,0,3
K01908.02,Kepler-333 c,5706966,1.375562e+08,name_planet,CONFIRMED,CANDIDATE,24.088418,134.42178,3.952,387.2,20.1,-20.1,0.017719,0.376,44,4213,4.669,14.731,0,0,0,0,2,292.28607,40.913589,6,OK,lightkurve,,4,SPOC,"74,75,81,82",0.95403733,,369.40326,19.17615,3363.2274,3363.2274,224,57.328577,0,,231.26573,14,2.6119025,1.7848492,1548.8954,2251.4338,False,OK,PDCSAP_FLUX,SPOC,1548.8954,867.80185,analytic,867.80185,,TOO_FEW_MEMBERS,1,1,SPOC/PDCSAP_FLUX=1549ppm,6,4,4,"74,75,81,82",SPOC,120,False,False,16411.477,395.38644,0.22278344,1.3571257,0,,3.1929663,2.3503046,1.358533,1.358533,linear,4.1929663,1.7848492,0.42567696,2.3503046,11.751523,46894183,OK,1.358533,OK,SAP_FLUX,SPOC,1155.4602,589.95706,analytic,589.95706,,TOO_FEW_MEMBERS,1,1,SPOC/SAP_FLUX=1155ppm,6,4,4,"74,75,81,82",SPOC,120,False,False,11212.57,534.94966,0.43500527,1.908677,0,,2.1279102,1.5986798,1.3310421,1.3310421,linear,3.1279102,1.9585497,0.62615279,1.5986798,7.9933991,1093561.4,OK,1.3310421,BACKGROUND_TEST_AGREES,1,SPOC,-393.4352,1049.3471,-0.37493332,-0.25401018,PDC_DEEPER_THAN_SAP,0.020220445,1.5808,0.024513662,0.4,0.0062028496,2432.7855,1.0354173,3555,OK,True,0.4,1.0210974,-14.826449,0.94480252,tracks_b,not_measurable,not_measurable,,False,,0,0,1,1,0.1,867.80185,737.07878,6,0.88747518,0,False,,,,,,,,,84,589.95706,590.06384,6,1.2664921,0,False,,,,,,,,,84,0,3
K03071.01,Kepler-1423 b,5865654,1.2159974e+08,name_planet,CONFIRMED,CANDIDATE,23.955399,146.66221,3.204,228.7,18.9,-18.9,0.014603,0.669,43.6,5011,3.903,14.553,0,0,0,0,1,288.24377,41.110081,6,OK,lightkurve,,8,"SPOC,TESS-SPOC","74,75,80,81",0.98767621,,225.88155,18.66708,3369.627,3369.627,225,59.402199,0,,226.2666,15,1.5666683,-0.4227584,-605.67433,2445.8348,False,OK,PDCSAP_FLUX,SPOC,-605.67433,1432.6725,analytic,1432.6725,,TOO_FEW_MEMBERS,2,1,SPOC/PDCSAP_FLUX=OK;TESS-SPOC/PDCSAP_FLUX=103ppm,2,4,2,"74,75,80,81",SPOC,120,False,False,13629.609,-4928.3756,1.7188293,2.9543743,4,,-3.6813803,6.3433184,-0.58035558,-0.58035558,linear,-2.6813803,-0.4227584,0.15766447,6.3433184,31.716592,1.3434507e+16,OK,-0.58035558,OK,SAP_FLUX,SPOC,-573.90089,1015.2277,analytic,1015.2277,,TOO_FEW_MEMBERS,2,1,SPOC/SAP_FLUX=OK;TESS-SPOC/SAP_FLUX=55ppm,3,4,3,"74,75,80,81",SPOC,120,False,False,11156.934,-2795.9076,1.3330718,1.6494913,4,,-3.5407161,4.4955515,-0.78760438,-0.78760438,linear,-2.5407161,-0.56529276,0.22249348,4.4955515,22.477758,1.3057105e+12,OK,-0.78760438,BACKGROUND_TEST_AGREES,1,TESS-SPOC,-48.420383,1988.8923,-0.024345402,-0.46824665,PDC_DEEPER_THAN_SAP,0.025760797,4.348497,3.3642,1.3572088,1.05,-794.39642,0.99422241,1279,OK,True,1.3572088,,,,inconclusive,not_measurable,not_measurable,,False,,0,0,1,1,0.1,1432.6725,1705.5631,3,2.9543743,1,True,OK:1,,,,,,,,84,1015.2277,1094.4516,4,1.6494913,1,True,OK:1,,,,,,,,84,0,3
K07750.01,,5894182,3.600234e+08,tic_kic_crossid,CANDIDATE,CANDIDATE,494.48509,527.70941,3.905,385.3,32.2,-32.2,0.018057,0.017,984.7,6303,3.774,12.088,0,0,0,0,1,296.67538,41.164768,6,OK,lightkurve,,16,"QLP,SPOC,TESS-SPOC","14,15,54,55,74,75,81,82",0.96595088,,372.18087,31.103618,3305.5603,3305.5603,10,70.794742,0,,270.95923,14,1.459383,0.20310584,97.840709,605.26934,False,OK,PDCSAP_FLUX,QLP,97.840709,481.72278,analytic,481.72278,,TOO_FEW_MEMBERS,4,1,SPOC/PDCSAP_FLUX=NO_USABLE_TRANSIT;TESS-SPOC/PDCSAP_FLUX=NO_USABLE_TRANSIT;QLP/KSPSAP_FLUX=98ppm;QLP/DET_FLUX=NO_USABLE_TRANSIT,1,8,1,"74,75,81,82,14,15,54,55","QLP,SPOC","120,1800,600",False,False,1523.3412,,,,8,,-0.73711516,1.297983,-0.56789278,-0.56789278,linear,0.26288484,0.20310584,0.77260384,1.297983,6.4899148,244696.75,OK,-0.56789278,OK,SAP_FLUX,QLP,200.96607,481.86962,analytic,481.86962,,TOO_FEW_MEMBERS,3,1,SPOC/SAP_FLUX=NO_USABLE_TRANSIT;TESS-SPOC/SAP_FLUX=NO_USABLE_TRANSIT;QLP/SAP_FLUX=201ppm,1,8,1,"74,75,81,82,14,15,54,55","QLP,SPOC","120,1800,600",False,False,1523.8055,,,,8,,-0.46003118,1.2983764,-0.35431265,-0.35431265,linear,0.53996882,0.41705486,0.77236841,1.2983764,6.4918819,245179.3,OK,-0.35431265,BACKGROUND_TEST_UNAVAILABLE,0,,,,,,,0.02,,,,,,,0,too_few_points,False,,,,,inconclusive,not_measurable,not_measurable,,False,,0,0,1,1,0.1,481.72278,,1,0,3,True,NO_USABLE_TRANSIT:3,,,,,,,,84,481.86962,,1,0,2,True,NO_USABLE_TRANSIT:2,,,,,,,,84,0,3
K03935.01,Kepler-1532 b,5895158,1.6881247e+08,name_planet,CONFIRMED,CANDIDATE,1.0936659,132.47213,1.4399,218.4,7.8,-7.8,0.013555,0.174,5.825,5845,4.541,14.815,0,0,0,0,1,296.9028,41.198189,6,OK,lightkurve,,8,QLP,"14,15,54,55,74,75,81,82",0.96437648,,210.61982,7.5221365,3355.0577,3355.0627,4928,13.430882,7.1879808,0.53518307,61.891147,12,7.005518,1.8402848,314.98259,955.073,True,OK,KSPSAP_FLUX,QLP,955.073,787.94787,bootstrap,893.75621,421.82735,OK,2,2,QLP/KSPSAP_FLUX=1312ppm;QLP/DET_FLUX=72ppm,185,8,8,"14,15,54,55,74,75,81,82",QLP,"1800,200,600",True,False,7113.143,1387.7971,1.1665069,2.3383182,0,smeared,3.5345827,4.2439021,0.83286151,0.83286151,linear,4.5345827,1.2121018,0.26730172,4.2439021,21.21951,3.4595176e+11,OK,0.83286151,OK,SAP_FLUX,QLP,240.34361,417.49558,bootstrap,417.49558,,TOO_FEW_MEMBERS,1,1,QLP/SAP_FLUX=240ppm,185,8,8,"14,15,54,55,74,75,81,82",QLP,"1800,200,600",True,False,7094.7497,276.46766,0.35598777,0.83636038,0,smeared,0.14112529,1.9831757,0.071161266,0.071161266,linear,1.1411253,0.5756794,0.50448396,1.9831757,9.9158785,4264706.2,OK,0.071161266,BACKGROUND_TEST_UNAVAILABLE,0,,,,,,,0.02,3.59975,1.0108399,2.5,0.70202089,168.27009,1.1962112,14790,OK,True,2.5,1.0157198,3.1373559,,duration_inconsistent,not_measurable,not_measurable,,False,,0,0,1,1,0.6,136.33153,787.94787,194,2.6548928,0,False,,0.44167027,270.30246,1113.9572,71.795465,1312.4642,692.12981,883.27754,84,153.84106,417.49558,194,2.1498005,0,False,,,,,,,,,84,0.0049916533,3
K04069.01,Kepler-1938 b,5906694,1.719728e+08,name_planet,CONFIRMED,CANDIDATE,13.062435,144.18426,3.244,464.3,25.4,-25.4,0.019052,0.128,31.11,4522,4.615,14.885,0,0,0,0,1,299.3519,41.19574,6,OK,lightkurve,,9,QLP,"14,15,41,54,55,74,75,81,82",0.94651711,,439.46789,24.041535,3345.845,3345.845,411,42.580053,0,,176.40016,14,1.8382802,0.16556298,100.14014,1026.9875,False,OK,KSPSAP_FLUX,QLP,100.14014,565.39356,bootstrap,566.16298,29.506762,OK,2,2,QLP/KSPSAP_FLUX=137ppm;QLP/DET_FLUX=51ppm,18,9,9,"14,15,41,54,55,74,75,81,82",QLP,"1800,200,600",False,False,9542.9353,-1777.6815,1.7701237,0.46247929,0,,-0.77213321,1.2904221,-0.59835711,-0.59835711,linear,0.22786679,0.17711581,0.77727786,1.2904221,6.4521103,278200.26,OK,-0.59835711,OK,SAP_FLUX,QLP,-93.94059,571.62187,bootstrap,571.62187,,TOO_FEW_MEMBERS,1,0,QLP/SAP_FLUX=OK,18,9,9,"14,15,41,54,55,74,75,81,82",QLP,"1800,200,600",False,False,9241.0979,-1777.7561,1.7612085,0.54326867,0,,-1.2137598,1.3028233,-0.93163809,-0.93163809,linear,-0.21375985,-0.16434044,0.76880875,1.3028233,6.5141167,296024.61,OK,-0.93163809,BACKGROUND_TEST_UNAVAILABLE,0,,,,,,,0.02,1.6069172,3.4062,0.49535056,1.05,648.19142,1.1570843,2608,OK,True,0.49535056,0.99006784,-0.32654998,0.88751127,fixed_b,not_measurable,not_measurable,,False,,0,0,1,1,0.2,604.84618,565.39356,18,0.78484558,0,False,,0.2946547,64.439523,123.45305,50.553988,137.33858,93.946284,49.586149,84,597.44228,571.62187,18,0.80859976,1,True,OK:1,,,,,,,,84,0,3
K01052.01,Kepler-265 c,5956342,1.2244508e+08,name_planet,CONFIRMED,CANDIDATE,17.029028,143.33395,4.645,568.9,20.5,-20.5,0.021839,0.202,28.06,5839,4.327,15.381,0,0,0,0,4,290.51047,41.24482,6,QUERY_RETURNED_ZERO_ROWS,lightkurve,QUERY_RETURNED_ZERO_ROWS,0,,,0.9648389,,548.89685,19.779198,,,0,,0,,36,0,,,,,False,FLUX_COLUMN_NOT_PRESENT,,,,,,,,ENSEMBLE_NOT_ATTEMPTED,0,0,,0,0,0,,,,False,False,,,,,0,,,,,,,,,,,,,NO_USABLE_TRANSIT,,FLUX_COLUMN_NOT_PRESENT,,,,,,,,ENSEMBLE_NOT_ATTEMPTED,0,0,,0,0,0,,,,False,False,,,,,0,,,,,,,,,,,,,NO_USABLE_TRANSIT,,BACKGROUND_TEST_UNAVAILABLE,0,,,,,,,,,,,,,,0,too_few_points,False,,,,,inconclusive,not_measured,not_measured,,False,,0,0,1,1,0,,,0,,0,False,,,,,,,,,84,,,0,,0,False,,,,,,,,,84,0,3
K01052.02,Kepler-265 b,5956342,1.2244508e+08,name_planet,CONFIRMED,CANDIDATE,6.8461924,132.17265,3.529,246.8,15.2,-15.2,0.014341,0.077,15,5839,4.327,15.381,0,0,0,0,4,290.51047,41.24482,6,QUERY_RETURNED_ZERO_ROWS,lightkurve,QUERY_RETURNED_ZERO_ROWS,0,,,0.96329093,,237.7402,14.642022,,,0,,0,,36,0,,,,,False,FLUX_COLUMN_NOT_PRESENT,,,,,,,,ENSEMBLE_NOT_ATTEMPTED,0,0,,0,0,0,,,,False,False,,,,,0,,,,,,,,,,,,,NO_USABLE_TRANSIT,,FLUX_COLUMN_NOT_PRESENT,,,,,,,,ENSEMBLE_NOT_ATTEMPTED,0,0,,0,0,0,,,,False,False,,,,,0,,,,,,,,,,,,,NO_USABLE_TRANSIT,,BACKGROUND_TEST_UNAVAILABLE,0,,,,,,,,,,,,,,0,too_few_points,False,,,,,inconclusive,not_measured,not_measured,,False,,0,0,1,1,0,,,0,,0,False,,,,,,,,,84,,,0,,0,False,,,,,,,,,84,0,3
K01052.03,Kepler-265 e,5956342,1.2244508e+08,name_planet,CONFIRMED,CANDIDATE,67.832164,125.881,7.358,507.8,33.3,-33.3,0.02055,0.027,71.85,5839,4.327,15.381,0,0,0,0,4,290.51047,41.24482,6,QUERY_RETURNED_ZERO_ROWS,lightkurve,QUERY_RETURNED_ZERO_ROWS,0,,,0.96306483,,489.04432,32.070059,,,0,,0,,36,0,,,,,False,FLUX_COLUMN_NOT_PRESENT,,,,,,,,ENSEMBLE_NOT_ATTEMPTED,0,0,,0,0,0,,,,False,False,,,,,0,,,,,,,,,,,,,NO_USABLE_TRANSIT,,FLUX_COLUMN_NOT_PRESENT,,,,,,,,ENSEMBLE_NOT_ATTEMPTED,0,0,,0,0,0,,,,False,False,,,,,0,,,,,,,,,,,,,NO_USABLE_TRANSIT,,BACKGROUND_TEST_UNAVAILABLE,0,,,,,,,,,,,,,,0,too_few_points,False,,,,,inconclusive,not_measured,not_measured,,False,,0,0,1,1,0,,,0,,0,False,,,,,,,,,84,,,0,,0,False,,,,,,,,,84,0,3
K01052.04,Kepler-265 d,5956342,1.2244508e+08,name_planet,CONFIRMED,CANDIDATE,43.131215,166.26105,3.198,447.8,39.6,-39.6,0.020505,0.67,79.3,5839,4.327,15.381,0,0,0,0,4,290.51047,41.24482,6,QUERY_RETURNED_ZERO_ROWS,lightkurve,QUERY_RETURNED_ZERO_ROWS,0,,,0.98910349,,442.92054,39.168498,,,0,,0,,36,0,,,,,False,FLUX_COLUMN_NOT_PRESENT,,,,,,,,ENSEMBLE_NOT_ATTEMPTED,0,0,,0,0,0,,,,False,False,,,,,0,,,,,,,,,,,,,NO_USABLE_TRANSIT,,FLUX_COLUMN_NOT_PRESENT,,,,,,,,ENSEMBLE_NOT_ATTEMPTED,0,0,,0,0,0,,,,False,False,,,,,0,,,,,,,,,,,,,NO_USABLE_TRANSIT,,BACKGROUND_TEST_UNAVAILABLE,0,,,,,,,,,,,,,,0,too_few_points,False,,,,,inconclusive,not_measured,not_measured,,False,,0,0,1,1,0,,,0,,0,False,,,,,,,,,84,,,0,,0,False,,,,,,,,,84,0,3
K04661.01,Kepler-1966 b,5962262,1.3762719e+08,name_planet,CONFIRMED,CANDIDATE,8.6174274,133.50863,2.713,154.9,16,-16,0.011032,0.059,24.5,5009,4.491,14.79,0,0,0,0,1,292.46387,41.299068,6,QUERY_RETURNED_ZERO_ROWS,lightkurve,QUERY_RETURNED_ZERO_ROWS,0,,,0.95211202,,147.48215,15.233792,,,0,,0,,36,0,,,,,False,FLUX_COLUMN_NOT_PRESENT,,,,,,,,ENSEMBLE_NOT_ATTEMPTED,0,0,,0,0,0,,,,False,False,,,,,0,,,,,,,,,,,,,NO_USABLE_TRANSIT,,FLUX_COLUMN_NOT_PRESENT,,,,,,,,ENSEMBLE_NOT_ATTEMPTED,0,0,,0,0,0,,,,False,False,,,,,0,,,,,,,,,,,,,NO_USABLE_TRANSIT,,BACKGROUND_TEST_UNAVAILABLE,0,,,,,,,,,,,,,,0,too_few_points,False,,,,,inconclusive,not_measured,not_measured,,False,,0,0,1,1,0,,,0,,0,False,,,,,,,,,84,,,0,,0,False,,,,,,,,,84,0,3
K05224.01,,6025174,3.998219e+08,tic_kic_crossid,CANDIDATE,CANDIDATE,171.02869,301.7487,11.784,394.2,34.9,-34.9,0.018205,0.26,109.2,6123,4.332,14.892,0,0,0,0,1,285.17563,41.342499,6,OK,lightkurve,NO_USABLE_TRANSIT,4,"SPOC,TESS-SPOC","80,81",0.9673405,,381.32563,33.760184,3436.6381,3436.6381,31,200.28047,0,,777.6014,10,,,,,False,NO_USABLE_TRANSIT,PDCSAP_FLUX,SPOC,,,none,,,TOO_FEW_MEMBERS,2,0,SPOC/PDCSAP_FLUX=NO_USABLE_TRANSIT;TESS-SPOC/PDCSAP_FLUX=NO_USABLE_TRANSIT,0,2,0,"80,81",SPOC,120,False,False,,,,,2,,,,,,,,,,,,,NO_USABLE_TRANSIT,,NO_USABLE_TRANSIT,SAP_FLUX,SPOC,,,none,,,TOO_FEW_MEMBERS,2,0,SPOC/SAP_FLUX=NO_USABLE_TRANSIT;TESS-SPOC/SAP_FLUX=NO_USABLE_TRANSIT,0,2,0,"80,81",SPOC,120,False,False,,,,,2,,,,,,,,,,,,,NO_USABLE_TRANSIT,,BACKGROUND_TEST_UNAVAILABLE,0,,,,,,,0.02,,,,,,,0,too_few_points,False,,,,,inconclusive,not_measured,not_measured,,False,,0,0,1,1,0,,,0,,2,True,NO_USABLE_TRANSIT:2,,,,,,,,84,,,0,,2,True,NO_USABLE_TRANSIT:2,,,,,,,,84,0,3
K02045.01,Kepler-354 b,6026438,1.2057818e+08,name_planet,CONFIRMED,CANDIDATE,5.476658,135.70431,2.5482,648,22.8,-22.8,0.026032,0.788,10.82,4650,4.589,15.549,0,0,0,0,3,285.75146,41.33564,6,QUERY_RETURNED_ZERO_ROWS,lightkurve,QUERY_RETURNED_ZERO_ROWS,0,,,1.013428,,656.70134,23.106158,,,0,,0,,36,0,,,,,False,FLUX_COLUMN_NOT_PRESENT,,,,,,,,ENSEMBLE_NOT_ATTEMPTED,0,0,,0,0,0,,,,False,False,,,,,0,,,,,,,,,,,,,NO_USABLE_TRANSIT,,FLUX_COLUMN_NOT_PRESENT,,,,,,,,ENSEMBLE_NOT_ATTEMPTED,0,0,,0,0,0,,,,False,False,,,,,0,,,,,,,,,,,,,NO_USABLE_TRANSIT,,BACKGROUND_TEST_UNAVAILABLE,0,,,,,,,,,,,,,,0,too_few_points,False,,,,,inconclusive,not_measured,not_measured,,False,,0,0,1,1,0,,,0,,0,False,,,,,,,,,84,,,0,,0,False,,,,,,,,,84,0,3
K02045.02,Kepler-354 d,6026438,1.2057818e+08,name_planet,CONFIRMED,CANDIDATE,24.210197,141.4698,4.046,458,35.2,-35.2,0.019502,0.45,41.8,4650,4.589,15.549,0,0,0,0,3,285.75146,41.33564,6,QUERY_RETURNED_ZERO_ROWS,lightkurve,QUERY_RETURNED_ZERO_ROWS,0,,,0.96347804,,441.27294,33.914427,,,0,,0,,36,0,,,,,False,FLUX_COLUMN_NOT_PRESENT,,,,,,,,ENSEMBLE_NOT_ATTEMPTED,0,0,,0,0,0,,,,False,False,,,,,0,,,,,,,,,,,,,NO_USABLE_TRANSIT,,FLUX_COLUMN_NOT_PRESENT,,,,,,,,ENSEMBLE_NOT_ATTEMPTED,0,0,,0,0,0,,,,False,False,,,,,0,,,,,,,,,,,,,NO_USABLE_TRANSIT,,BACKGROUND_TEST_UNAVAILABLE,0,,,,,,,,,,,,,,0,too_few_points,False,,,,,inconclusive,not_measured,not_measured,,False,,0,0,1,1,0,,,0,,0,False,,,,,,,,,84,,,0,,0,False,,,,,,,,,84,0,3
K02045.03,Kepler-354 c,6026438,1.2057818e+08,name_planet,CONFIRMED,CANDIDATE,16.93481,137.2502,3.408,346.3,34.5,-34.5,0.01703,0.471,34.2,4650,4.589,15.549,0,0,0,0,3,285.75146,41.33564,6,QUERY_RETURNED_ZERO_ROWS,lightkurve,QUERY_RETURNED_ZERO_ROWS,0,,,0.96521857,,334.25519,33.300041,,,0,,0,,36,0,,,,,False,FLUX_COLUMN_NOT_PRESENT,,,,,,,,ENSEMBLE_NOT_ATTEMPTED,0,0,,0,0,0,,,,False,False,,,,,0,,,,,,,,,,,,,NO_USABLE_TRANSIT,,FLUX_COLUMN_NOT_PRESENT,,,,,,,,ENSEMBLE_NOT_ATTEMPTED,0,0,,0,0,0,,,,False,False,,,,,0,,,,,,,,,,,,,NO_USABLE_TRANSIT,,BACKGROUND_TEST_UNAVAILABLE,0,,,,,,,,,,,,,,0,too_few_points,False,,,,,inconclusive,not_measured,not_measured,,False,,0,0,1,1,0,,,0,,0,False,,,,,,,,,84,,,0,,0,False,,,,,,,,,84,0,3
K02167.01,Kepler-1129 b,6041734,1.3721283e+08,name_planet,CONFIRMED,CANDIDATE,24.33982,136.05813,3.891,777.3,30,-30,0.031817,0.928,21.5,5596,4.105,15.28,0,0,0,0,3,291.60449,41.309361,6,QUERY_RETURNED_ZERO_ROWS,lightkurve,QUERY_RETURNED_ZERO_ROWS,0,,,1.0594331,,823.49738,31.782994,,,0,,0,,36,0,,,,,False,FLUX_COLUMN_NOT_PRESENT,,,,,,,,ENSEMBLE_NOT_ATTEMPTED,0,0,,0,0,0,,,,False,False,,,,,0,,,,,,,,,,,,,NO_USABLE_TRANSIT,,FLUX_COLUMN_NOT_PRESENT,,,,,,,,ENSEMBLE_NOT_ATTEMPTED,0,0,,0,0,0,,,,False,False,,,,,0,,,,,,,,,,,,,NO_USABLE_TRANSIT,,BACKGROUND_TEST_UNAVAILABLE,0,,,,,,,,,,,,,,0,too_few_points,False,,,,,inconclusive,not_measured,not_measured,,False,,0,0,1,1,0,,,0,,0,False,,,,,,,,,84,,,0,,0,False,,,,,,,,,84,0,3
K02167.02,,6041734,1.3721283e+08,name_planet,CANDIDATE,CANDIDATE,6.95787,359.007,4.537,182.3,85.4,-85.4,0.012454,0.1686,11.88,6240,4.406,15.28,0,0,0,0,3,291.60449,41.309361,6,QUERY_RETURNED_ZERO_ROWS,lightkurve,QUERY_RETURNED_ZERO_ROWS,0,,,0.9665835,,176.20817,82.546231,,,0,,0,,36,0,,,,,False,FLUX_COLUMN_NOT_PRESENT,,,,,,,,ENSEMBLE_NOT_ATTEMPTED,0,0,,0,0,0,,,,False,False,,,,,0,,,,,,,,,,,,,NO_USABLE_TRANSIT,,FLUX_COLUMN_NOT_PRESENT,,,,,,,,ENSEMBLE_NOT_ATTEMPTED,0,0,,0,0,0,,,,False,False,,,,,0,,,,,,,,,,,,,NO_USABLE_TRANSIT,,BACKGROUND_TEST_UNAVAILABLE,0,,,,,,,,,,,,,,0,too_few_points,False,,,,,inconclusive,not_measured,not_measured,,False,,0,0,1,1,0,,,0,,0,False,,,,,,,,,84,,,0,,0,False,,,,,,,,,84,0,3
K02167.03,Kepler-1129 c,6041734,1.3721283e+08,name_planet,CONFIRMED,CANDIDATE,76.536953,164.15644,5.574,652.2,38.1,-38.1,0.023329,0.327,101.7,5596,4.105,15.28,0,0,0,0,3,291.60449,41.309361,6,QUERY_RETURNED_ZERO_ROWS,lightkurve,QUERY_RETURNED_ZERO_ROWS,0,,,0.96432029,,628.92969,36.740603,,,0,,0,,36,0,,,,,False,FLUX_COLUMN_NOT_PRESENT,,,,,,,,ENSEMBLE_NOT_ATTEMPTED,0,0,,0,0,0,,,,False,False,,,,,0,,,,,,,,,,,,,NO_USABLE_TRANSIT,,FLUX_COLUMN_NOT_PRESENT,,,,,,,,ENSEMBLE_NOT_ATTEMPTED,0,0,,0,0,0,,,,False,False,,,,,0,,,,,,,,,,,,,NO_USABLE_TRANSIT,,BACKGROUND_TEST_UNAVAILABLE,0,,,,,,,,,,,,,,0,too_few_points,False,,,,,inconclusive,not_measured,not_measured,,False,,0,0,1,1,0,,,0,,0,False,,,,,,,,,84,,,0,,0,False,,,,,,,,,84,0,3
K01685.01,Kepler-1764 b,6049190,1.3843152e+08,name_planet,CONFIRMED,CANDIDATE,70.468171,189.15822,6.653,922.4,23.9,-23.9,0.027996,0.031,83.15,6461,4.396,14.811,0,0,0,0,1,293.87988,41.393822,6,QUERY_RETURNED_ZERO_ROWS,lightkurve,QUERY_RETURNED_ZERO_ROWS,0,,,0.96732545,,892.26099,23.119078,,,0,,0,,36,0,,,,,False,FLUX_COLUMN_NOT_PRESENT,,,,,,,,ENSEMBLE_NOT_ATTEMPTED,0,0,,0,0,0,,,,False,False,,,,,0,,,,,,,,,,,,,NO_USABLE_TRANSIT,,FLUX_COLUMN_NOT_PRESENT,,,,,,,,ENSEMBLE_NOT_ATTEMPTED,0,0,,0,0,0,,,,False,False,,,,,0,,,,,,,,,,,,,NO_USABLE_TRANSIT,,BACKGROUND_TEST_UNAVAILABLE,0,,,,,,,,,,,,,,0,too_few_points,False,,,,,inconclusive,not_measured,not_measured,,False,,0,0,1,1,0,,,0,,0,False,,,,,,,,,84,,,0,,0,False,,,,,,,,,84,0,3
K06657.01,,6057750,1.8425345e+08,tic_kic_crossid,CANDIDATE,CANDIDATE,1.6037058,131.9529,9.067,32.8,2,-2,0.005632,0.729,1.26,6400,3.877,13.7,0,0,0,0,1,296.104,41.36927,6,OK,lightkurve,,17,"QLP,SPOC,TESS-SPOC","14,15,41,54,55,74,75,81,82",0.99665104,,32.690154,1.9933021,3361.4229,3361.4229,3365,128.3149,0,,520.9497,13,1.523803,-2.5117692,-226.57454,140.74121,False,OK,PDCSAP_FLUX,QLP,-226.57454,155.81363,bootstrap,155.81363,,TOO_FEW_MEMBERS,4,1,SPOC/PDCSAP_FLUX=OK;TESS-SPOC/PDCSAP_FLUX=OK;QLP/KSPSAP_FLUX=223ppm;QLP/DET_FLUX=OK,141,9,9,"74,75,81,82,14,15,41,54,55","QLP,SPOC","120,1800,600",False,False,8401.1504,-368.03103,1.1623185,1.509251,8,,-7.9309718,4.7670302,-1.6637134,-1.6637134,linear,-6.9309718,-1.4541381,0.20980292,4.7670302,23.835151,7.3433043e+11,OK,-1.6637134,OK,SAP_FLUX,QLP,-451.63935,255.47313,bootstrap,255.47313,,TOO_FEW_MEMBERS,3,1,SPOC/SAP_FLUX=OK;TESS-SPOC/SAP_FLUX=OK;QLP/SAP_FLUX=312ppm,142,9,9,"74,75,81,82,14,15,41,54,55","QLP,SPOC","120,1800,600",False,False,6733.4475,-489.16747,0.95355576,1.59498,8,,-14.815761,7.8153848,-1.8957174,-1.8957174,linear,-13.815761,-1.7678546,0.12795927,7.8153848,39.076924,3.0570993e+18,OK,-1.8957174,BACKGROUND_TEST_UNAVAILABLE,0,,,,,,,0.02,8.2731255,0.12443318,0.91244354,0.013723743,-302.85276,1.4615504,80529,OK,False,0.91244354,,,0.78217078,inconclusive,not_measurable,not_measurable,,False,,0,0,1,1,1.3,90.205157,155.81363,155,3.3541376,3,True,OK:3,,,,,,,,84,69.222364,255.47313,155,11.448094,2,True,OK:2,,,,,,,,84,0,3
K02098.01,Kepler-1093 b,6105462,1.2042034e+08,name_planet,CONFIRMED,CANDIDATE,25.08234,134.13568,6.423,244.6,8.8,-8.8,0.01637,0.865,15.94,6429,4.241,13.838,0,0,0,0,2,284.978,41.420158,6,QUERY_RETURNED_ZERO_ROWS,lightkurve,QUERY_RETURNED_ZERO_ROWS,0,,,1.0212265,,249.79201,8.9867935,,,0,,0,,36,0,,,,,False,FLUX_COLUMN_NOT_PRESENT,,,,,,,,ENSEMBLE_NOT_ATTEMPTED,0,0,,0,0,0,,,,False,False,,,,,0,,,,,,,,,,,,,NO_USABLE_TRANSIT,,FLUX_COLUMN_NOT_PRESENT,,,,,,,,ENSEMBLE_NOT_ATTEMPTED,0,0,,0,0,0,,,,False,False,,,,,0,,,,,,,,,,,,,NO_USABLE_TRANSIT,,BACKGROUND_TEST_UNAVAILABLE,0,,,,,,,,,,,,,,0,too_few_points,False,,,,,inconclusive,not_measured,not_measured,,False,,0,0,1,1,0,,,0,,0,False,,,,,,,,,84,,,0,,0,False,,,,,,,,,84,0,3
K02098.02,Kepler-1093 c,6105462,1.2042034e+08,name_planet,CONFIRMED,CANDIDATE,89.722413,163.15815,10.963,263.7,10.8,-10.8,0.016065,0.742,43.4,6429,4.241,13.838,0,0,0,0,2,284.978,41.420158,6,QUERY_RETURNED_ZERO_ROWS,lightkurve,QUERY_RETURNED_ZERO_ROWS,0,,,0.99830755,,263.2537,10.781722,,,0,,0,,36,0,,,,,False,FLUX_COLUMN_NOT_PRESENT,,,,,,,,ENSEMBLE_NOT_ATTEMPTED,0,0,,0,0,0,,,,False,False,,,,,0,,,,,,,,,,,,,NO_USABLE_TRANSIT,,FLUX_COLUMN_NOT_PRESENT,,,,,,,,ENSEMBLE_NOT_ATTEMPTED,0,0,,0,0,0,,,,False,False,,,,,0,,,,,,,,,,,,,NO_USABLE_TRANSIT,,BACKGROUND_TEST_UNAVAILABLE,0,,,,,,,,,,,,,,0,too_few_points,False,,,,,inconclusive,not_measured,not_measured,,False,,0,0,1,1,0,,,0,,0,False,,,,,,,,,84,,,0,,0,False,,,,,,,,,84,0,3
K02469.01,Kepler-1840 b,6149910,1.7109056e+08,name_planet,CONFIRMED,CANDIDATE,131.18792,172.3923,6.905,915.9,45.3,-45.3,0.026732,0.069,148.7,4898,4.518,15.048,0,0,0,0,1,298.59482,41.43594,6,QUERY_RETURNED_ZERO_ROWS,lightkurve,QUERY_RETURNED_ZERO_ROWS,0,,,0.95072902,,870.77271,43.068025,,,0,,0,,36,0,,,,,False,FLUX_COLUMN_NOT_PRESENT,,,,,,,,ENSEMBLE_NOT_ATTEMPTED,0,0,,0,0,0,,,,False,False,,,,,0,,,,,,,,,,,,,NO_USABLE_TRANSIT,,FLUX_COLUMN_NOT_PRESENT,,,,,,,,ENSEMBLE_NOT_ATTEMPTED,0,0,,0,0,0,,,,False,False,,,,,0,,,,,,,,,,,,,NO_USABLE_TRANSIT,,BACKGROUND_TEST_UNAVAILABLE,0,,,,,,,,,,,,,,0,too_few_points,False,,,,,inconclusive,not_measured,not_measured,,False,,0,0,1,1,0,,,0,,0,False,,,,,,,,,84,,,0,,0,False,,,,,,,,,84,0,3
K04496.01,,6186182,1.2031833e+08,tic_kic_crossid,CANDIDATE,CANDIDATE,96.384483,144.86825,5.253,591,65.6,-65.6,0.022095,0.095,142.7,5919,4.485,15.602,0,0,0,0,1,284.68292,41.592411,6,OK,lightkurve,NO_USABLE_TRANSIT,4,"SPOC,TESS-SPOC","80,81",0.96356945,,569.46954,63.210156,3471.7838,3471.7838,57,115.73024,0,,425.98573,12,,,,,False,NO_USABLE_TRANSIT,PDCSAP_FLUX,SPOC,,,none,,,TOO_FEW_MEMBERS,2,0,SPOC/PDCSAP_FLUX=NO_USABLE_TRANSIT;TESS-SPOC/PDCSAP_FLUX=NO_USABLE_TRANSIT,0,2,0,"80,81",SPOC,120,False,False,,,,,2,,,,,,,,,,,,,NO_USABLE_TRANSIT,,NO_USABLE_TRANSIT,SAP_FLUX,SPOC,,,none,,,TOO_FEW_MEMBERS,2,0,SPOC/SAP_FLUX=NO_USABLE_TRANSIT;TESS-SPOC/SAP_FLUX=NO_USABLE_TRANSIT,0,2,0,"80,81",SPOC,120,False,False,,,,,2,,,,,,,,,,,,,NO_USABLE_TRANSIT,,BACKGROUND_TEST_UNAVAILABLE,0,,,,,,,0.02181004,,,,,,,0,too_few_points,False,,,,,inconclusive,not_measured,not_measured,,False,,0,0,1,1,0,,,0,,2,True,NO_USABLE_TRANSIT:2,,,,,,,,84,,,0,,2,True,NO_USABLE_TRANSIT:2,,,,,,,,84,0,3
K02636.01,Kepler-1864 b,6198182,3.9417269e+08,name_planet,CONFIRMED,CANDIDATE,3.8814838,135.12314,2.679,36.3,3.6,-3.6,0.005515,0.252,10.79,5854,4.469,12.32,0,0,0,0,2,289.68671,41.588928,6,QUERY_RETURNED_ZERO_ROWS,lightkurve,QUERY_RETURNED_ZERO_ROWS,0,,,0.96590421,,35.062323,3.4772551,,,0,,0,,36,0,,,,,False,FLUX_COLUMN_NOT_PRESENT,,,,,,,,ENSEMBLE_NOT_ATTEMPTED,0,0,,0,0,0,,,,False,False,,,,,0,,,,,,,,,,,,,NO_USABLE_TRANSIT,,FLUX_COLUMN_NOT_PRESENT,,,,,,,,ENSEMBLE_NOT_ATTEMPTED,0,0,,0,0,0,,,,False,False,,,,,0,,,,,,,,,,,,,NO_USABLE_TRANSIT,,BACKGROUND_TEST_UNAVAILABLE,0,,,,,,,,,,,,,,0,too_few_points,False,,,,,inconclusive,not_measured,not_measured,,False,,0,0,1,1,0,,,0,,0,False,,,,,,,,,84,,,0,,0,False,,,,,,,,,84,0,3
K02636.02,,6198182,3.9417269e+08,name_planet,CANDIDATE,CANDIDATE,5.1777226,133.5044,8.275,41.7,6.1,-6.1,0.005867,0.025,4.84,5854,4.469,12.32,0,0,0,0,2,289.68671,41.588928,6,QUERY_RETURNED_ZERO_ROWS,lightkurve,QUERY_RETURNED_ZERO_ROWS,0,,,0.96308727,,40.160739,5.8748323,,,0,,0,,36,0,,,,,False,FLUX_COLUMN_NOT_PRESENT,,,,,,,,ENSEMBLE_NOT_ATTEMPTED,0,0,,0,0,0,,,,False,False,,,,,0,,,,,,,,,,,,,NO_USABLE_TRANSIT,,FLUX_COLUMN_NOT_PRESENT,,,,,,,,ENSEMBLE_NOT_ATTEMPTED,0,0,,0,0,0,,,,False,False,,,,,0,,,,,,,,,,,,,NO_USABLE_TRANSIT,,BACKGROUND_TEST_UNAVAILABLE,0,,,,,,,,,,,,,,0,too_few_points,False,,,,,inconclusive,not_measured,not_measured,,False,,0,0,1,1,0,,,0,,0,False,,,,,,,,,84,,,0,,0,False,,,,,,,,,84,0,3
K02252.01,Kepler-1158 b,6206214,1.3755778e+08,name_planet,CONFIRMED,CANDIDATE,13.539536,143.15629,4.389,134.2,7.2,-7.2,0.010628,0.219,23.26,6109,3.985,13.628,0,0,0,0,1,292.23395,41.575211,6,QUERY_RETURNED_ZERO_ROWS,lightkurve,QUERY_RETURNED_ZERO_ROWS,0,,,0.96634714,,129.68379,6.9576994,,,0,,0,,36,0,,,,,False,FLUX_COLUMN_NOT_PRESENT,,,,,,,,ENSEMBLE_NOT_ATTEMPTED,0,0,,0,0,0,,,,False,False,,,,,0,,,,,,,,,,,,,NO_USABLE_TRANSIT,,FLUX_COLUMN_NOT_PRESENT,,,,,,,,ENSEMBLE_NOT_ATTEMPTED,0,0,,0,0,0,,,,False,False,,,,,0,,,,,,,,,,,,,NO_USABLE_TRANSIT,,BACKGROUND_TEST_UNAVAILABLE,0,,,,,,,,,,,,,,0,too_few_points,False,,,,,inconclusive,not_measured,not_measured,,False,,0,0,1,1,0,,,0,,0,False,,,,,,,,,84,,,0,,0,False,,,,,,,,,84,0,3
K04391.01,,6359926,1.2244362e+08,tic_kic_crossid,CANDIDATE,CANDIDATE,49.474697,166.142,10.46,291,19.2,-19.2,0.015994,0.491,32.14,5952,4.475,14.955,0,0,0,0,1,290.39505,41.78157,6,OK,lightkurve,,6,"SPOC,TESS-SPOC","80,81,82",0.97519909,,283.78293,18.723822,3540.3081,3540.3081,112,160.20008,0,,637.50025,16,2.3152689,2.0561088,4661.1316,5083.6874,False,OK,PDCSAP_FLUX,SPOC,4661.1316,2266.9674,analytic,2581.1539,1234.1855,OK,2,2,SPOC/PDCSAP_FLUX=4661ppm;TESS-SPOC/PDCSAP_FLUX=8291ppm,1,3,1,"80,81,82",SPOC,120,False,False,27708.094,,,,3,,2.7988039,0.55991496,4.9986232,1.6958181,ln,16.424989,2.0561088,0.12518174,9.0958985,45.479492,1.6013228e+22,OK,4.9986232,OK,SAP_FLUX,SPOC,629.0157,785.6373,analytic,785.76284,14.045399,OK,2,2,SPOC/SAP_FLUX=629ppm;TESS-SPOC/SAP_FLUX=588ppm,2,3,2,"80,81,82",SPOC,120,False,False,14006.315,-4892.8027,2.9865731,8.9196188,3,sector_scatter,1.2165382,2.7701241,0.43916377,0.43916377,linear,2.2165382,0.80064389,0.36121367,2.7701241,13.850621,2.9392327e+08,OK,0.43916377,BACKGROUND_TEST_DISAGREES,2,"SPOC,TESS-SPOC",-5867.8568,1696.4715,-3.4588597,-0.90607735,PDC_DEEPER_THAN_SAP,0.020641902,4.184,2.2622533,0.4,0.2162766,4373.2897,1.0088356,1413,OK,True,0.4,1.0622867,-1.7911076,0.95166053,fixed_b,not_measurable,not_measurable,,False,,0,0,1,1,0.1,2266.9674,,2,0,0,False,,0.26478239,5241.9248,7710.2958,4661.1316,8291.089,6476.1103,3629.9575,84,785.6373,1727.9418,2,8.9196188,0,False,,0.022329171,594.31531,622.4061,587.70571,629.0157,608.36071,41.309997,84,0,3
K03456.01,Kepler-1505 b,6364582,1.3740878e+08,name_planet,CONFIRMED,CANDIDATE,30.860978,138.31416,4.216,128.9,8.1,-8.1,0.011914,0.852,30.5,5627,4.552,12.988,0,0,0,0,2,292.00204,41.786961,6,QUERY_RETURNED_ZERO_ROWS,lightkurve,QUERY_RETURNED_ZERO_ROWS,0,,,1.0233878,,131.91469,8.2894415,,,0,,0,,36,0,,,,,False,FLUX_COLUMN_NOT_PRESENT,,,,,,,,ENSEMBLE_NOT_ATTEMPTED,0,0,,0,0,0,,,,False,False,,,,,0,,,,,,,,,,,,,NO_USABLE_TRANSIT,,FLUX_COLUMN_NOT_PRESENT,,,,,,,,ENSEMBLE_NOT_ATTEMPTED,0,0,,0,0,0,,,,False,False,,,,,0,,,,,,,,,,,,,NO_USABLE_TRANSIT,,BACKGROUND_TEST_UNAVAILABLE,0,,,,,,,,,,,,,,0,too_few_points,False,,,,,inconclusive,not_measured,not_measured,,False,,0,0,1,1,0,,,0,,0,False,,,,,,,,,84,,,0,,0,False,,,,,,,,,84,0,3
K03456.02,,6364582,1.3740878e+08,name_planet,CANDIDATE,CANDIDATE,486.12702,426.1722,9.495,120.6,15.6,-15.6,0.01017,0.3621,369,6008,4.373,12.988,0,0,0,0,2,292.00204,41.786961,6,QUERY_RETURNED_ZERO_ROWS,lightkurve,QUERY_RETURNED_ZERO_ROWS,0,,,0.96946771,,116.91781,15.123696,,,0,,0,,36,0,,,,,False,FLUX_COLUMN_NOT_PRESENT,,,,,,,,ENSEMBLE_NOT_ATTEMPTED,0,0,,0,0,0,,,,False,False,,,,,0,,,,,,,,,,,,,NO_USABLE_TRANSIT,,FLUX_COLUMN_NOT_PRESENT,,,,,,,,ENSEMBLE_NOT_ATTEMPTED,0,0,,0,0,0,,,,False,False,,,,,0,,,,,,,,,,,,,NO_USABLE_TRANSIT,,BACKGROUND_TEST_UNAVAILABLE,0,,,,,,,,,,,,,,0,too_few_points,False,,,,,inconclusive,not_measured,not_measured,,False,,0,0,1,1,0,,,0,,0,False,,,,,,,,,84,,,0,,0,False,,,,,,,,,84,0,3
K03356.01,Kepler-1478 b,6368230,1.3809783e+08,name_planet,CONFIRMED,CANDIDATE,26.084121,149.4437,6.141,259.7,21.8,-21.8,0.014818,0.092,32.8,6083,4.563,15.44,0,0,0,0,1,293.1651,41.746231,6,QUERY_RETURNED_ZERO_ROWS,lightkurve,QUERY_RETURNED_ZERO_ROWS,0,,,0.96440396,,250.45571,21.024006,,,0,,0,,36,0,,,,,False,FLUX_COLUMN_NOT_PRESENT,,,,,,,,ENSEMBLE_NOT_ATTEMPTED,0,0,,0,0,0,,,,False,False,,,,,0,,,,,,,,,,,,,NO_USABLE_TRANSIT,,FLUX_COLUMN_NOT_PRESENT,,,,,,,,ENSEMBLE_NOT_ATTEMPTED,0,0,,0,0,0,,,,False,False,,,,,0,,,,,,,,,,,,,NO_USABLE_TRANSIT,,BACKGROUND_TEST_UNAVAILABLE,0,,,,,,,,,,,,,,0,too_few_points,False,,,,,inconclusive,not_measured,not_measured,,False,,0,0,1,1,0,,,0,,0,False,,,,,,,,,84,,,0,,0,False,,,,,,,,,84,0,3
K00509.01,Kepler-171 b,6381846,2.3922922e+08,name_planet,CONFIRMED,CANDIDATE,4.1669663,169.71552,2.7535,877.7,12.2,-12.2,0.026616,0.022,11.881,5456,4.45,14.883,0,0,0,0,3,296.77191,41.755539,6,OK,lightkurve,,8,QLP,"14,15,54,55,74,75,81,82",0.95629657,,839.3415,11.666818,3353.1002,3353.1002,1284,7.595657,0,,64.089471,10,-1.035613,-1.035613,-187.90957,-187.90957,False,OK,KSPSAP_FLUX,QLP,-187.90957,241.0277,bootstrap,241.0277,,TOO_FEW_MEMBERS,2,0,QLP/KSPSAP_FLUX=OK;QLP/DET_FLUX=OK,49,8,8,"14,15,54,55,74,75,81,82",QLP,"1800,200,600",False,False,5040.5264,785.53056,1.7087865,1.287693,0,,-1.2238774,0.29181452,-4.1940249,-4.1940249,linear,-0.22387738,-0.77961816,3.4823445,0.29181452,1.4590726,2771.4788,OK,-4.1940249,OK,SAP_FLUX,QLP,-190.01272,224.44055,bootstrap,224.44055,,TOO_FEW_MEMBERS,1,0,QLP/SAP_FLUX=OK,49,8,8,"14,15,54,55,74,75,81,82",QLP,"1800,200,600",False,False,4796.1967,765.42224,1.7907192,1.2062821,0,,-1.2263831,0.27239011,-4.502304,-4.502304,linear,-0.22638308,-0.84660599,3.7397052,0.27239011,1.3619506,2437.2803,OK,-4.502304,BACKGROUND_TEST_UNAVAILABLE,0,,,,,,,0.025938192,4.0956775,0.25810862,1.4874442,0.093738378,-657.55069,1.0918435,7482,OK,False,1.4874442,,,,inconclusive,transit_not_recovered,transit_not_recovered,,False,,0,0,1,1,0.2,181.44768,241.0277,52,1.5653277,2,True,OK:2,,,,,,,,84,182.75092,224.44055,52,1.4061474,1,True,OK:1,,,,,,,,84,0,3
K00509.02,Kepler-171 c,6381846,2.3922922e+08,name_planet,CONFIRMED,CANDIDATE,11.463472,137.38521,2.599,1048.6,20.1,-20.1,0.029133,0.103,34.51,5456,4.45,14.883,0,0,0,0,3,296.77191,41.755539,6,OK,lightkurve,,8,QLP,"14,15,54,55,74,75,81,82",0.95684046,,1003.3429,19.232493,3358.217,3358.217,470,11.683462,0,,74.035386,9,0.38308048,-2.4228081,-796.37386,127.19276,False,OK,KSPSAP_FLUX,QLP,-796.37386,688.25615,bootstrap,688.25615,,TOO_FEW_MEMBERS,2,0,QLP/KSPSAP_FLUX=OK;QLP/DET_FLUX=OK,18,8,8,"14,15,54,55,74,75,81,82",QLP,"1800,200,600",False,False,5149.9063,2039.8204,1.4946601,2.9030697,0,,-1.7937205,0.68804993,-2.6069627,-2.6069627,linear,-0.79372052,-1.1570893,1.4578045,0.68804993,3.4402497,30295.684,OK,-2.6069627,OK,SAP_FLUX,QLP,-911.26145,786.67222,bootstrap,786.67222,,TOO_FEW_MEMBERS,1,0,QLP/SAP_FLUX=OK,18,8,8,"14,15,54,55,74,75,81,82",QLP,"1800,200,600",False,False,5034.7621,2433.3536,1.651361,3.599364,0,sector_scatter,-1.9082253,0.78587767,-2.4281455,-2.4281455,linear,-0.90822534,-1.158375,1.2754269,0.78587767,3.9293884,50042.581,OK,-2.4281455,BACKGROUND_TEST_UNAVAILABLE,0,,,,,,,0.028603411,6.4975,0.09772662,2.5,0.037601624,260.49739,0.99470313,2543,OK,True,2.5,,,,inconclusive,not_measurable,not_measurable,,False,,0,0,1,1,0.1,328.69869,688.25615,18,3.3148186,2,True,OK:2,,,,,,,,84,330.32135,786.67222,18,3.6706981,1,True,OK:1,,,,,,,,84,0,3
K00509.03,Kepler-171 d,6381846,2.3922922e+08,name_planet,CONFIRMED,CANDIDATE,39.6034,168.07114,6.487,572.7,23.1,-23.1,0.021546,0.166,47.01,5456,4.45,14.883,0,0,0,0,3,296.77191,41.755539,6,OK,lightkurve,,8,QLP,"14,15,54,55,74,75,81,82",0.95776269,,548.51069,22.124318,3347.5301,3347.5301,135,52.851759,0,,255.86028,10,2.8243482,1.0213511,527.72016,1178.9113,False,OK,KSPSAP_FLUX,QLP,527.72016,516.68828,analytic,570.37079,241.56999,OK,2,2,QLP/KSPSAP_FLUX=776ppm;QLP/DET_FLUX=66ppm,4,8,4,"14,15,54,55,74,75,81,82",QLP,"1800,200,600",False,False,4918.419,-7204.2629,2.2432005,1.6910348,0,,-0.037903604,1.041836,-0.036381544,-0.036381544,linear,0.9620964,1.0213511,1.0615892,1.041836,5.2091802,99798.239,OK,-0.036381544,OK,SAP_FLUX,QLP,445.86648,515.96874,analytic,515.96874,,TOO_FEW_MEMBERS,1,1,QLP/SAP_FLUX=446ppm,4,8,4,"14,15,54,55,74,75,81,82",QLP,"1800,200,600",False,False,4880.3051,-6285.1785,1.8650122,1.2842755,0,,-0.18713257,0.94286322,-0.19847266,-0.19847266,linear,0.81286743,0.86413468,1.0630696,0.94286322,4.7143161,60628.261,OK,-0.19847266,BACKGROUND_TEST_UNAVAILABLE,0,,,,,,,0.021676561,16.2175,0.48050598,2.5,0.074072142,519.82204,1.0405874,1333,OK,True,2.5,0.9995854,14.655473,,duration_inconsistent,not_measurable,not_measurable,,False,,0,0,1,1,0.1,516.68828,495.46463,5,1.6910348,0,False,,0.45776153,179.25329,662.39326,65.573296,776.07326,420.82328,462.14686,84,515.96874,444.98552,5,1.2842755,0,False,,,,,,,,,84,0,3
K01626.01,Kepler-912 b,6387542,1.7025152e+08,name_planet,CONFIRMED,CANDIDATE,2.5347557,132.68024,4.5716,463,10.2,-10.2,0.022945,0.878,2.41,5662,4.532,15.341,0,0,0,0,1,298.11121,41.758331,6,QUERY_RETURNED_ZERO_ROWS,lightkurve,QUERY_RETURNED_ZERO_ROWS,0,,,1.0318804,,477.76061,10.52518,,,0,,0,,36,0,,,,,False,FLUX_COLUMN_NOT_PRESENT,,,,,,,,ENSEMBLE_NOT_ATTEMPTED,0,0,,0,0,0,,,,False,False,,,,,0,,,,,,,,,,,,,NO_USABLE_TRANSIT,,FLUX_COLUMN_NOT_PRESENT,,,,,,,,ENSEMBLE_NOT_ATTEMPTED,0,0,,0,0,0,,,,False,False,,,,,0,,,,,,,,,,,,,NO_USABLE_TRANSIT,,BACKGROUND_TEST_UNAVAILABLE,0,,,,,,,,,,,,,,0,too_few_points,False,,,,,inconclusive,not_measured,not_measured,,False,,0,0,1,1,0,,,0,,0,False,,,,,,,,,84,,,0,,0,False,,,,,,,,,84,0,3
K00852.01,Kepler-704 b,6422070,2.3715773e+08,name_planet,CONFIRMED,CANDIDATE,3.7618184,171.90364,3.5176,510.6,16.4,-16.4,0.025656,0.926,3.73,5653,4.472,15.257,0,0,0,0,1,283.31638,41.83712,6,QUERY_RETURNED_ZERO_ROWS,lightkurve,QUERY_RETURNED_ZERO_ROWS,0,,,1.0562243,,539.30812,17.322078,,,0,,0,,36,0,,,,,False,FLUX_COLUMN_NOT_PRESENT,,,,,,,,ENSEMBLE_NOT_ATTEMPTED,0,0,,0,0,0,,,,False,False,,,,,0,,,,,,,,,,,,,NO_USABLE_TRANSIT,,FLUX_COLUMN_NOT_PRESENT,,,,,,,,ENSEMBLE_NOT_ATTEMPTED,0,0,,0,0,0,,,,False,False,,,,,0,,,,,,,,,,,,,NO_USABLE_TRANSIT,,BACKGROUND_TEST_UNAVAILABLE,0,,,,,,,,,,,,,,0,too_few_points,False,,,,,inconclusive,not_measured,not_measured,,False,,0,0,1,1,0,,,0,,0,False,,,,,,,,,84,,,0,,0,False,,,,,,,,,84,0,3
K08122.01,,6507334,1.582173e+08,tic_kic_crossid,CANDIDATE,CANDIDATE,54.753884,156.21929,2.0865,442.3,,,0.019303,0.009,204.33549,6242,4.442,14.84,0,0,0,0,1,286.47037,41.994789,6,OK,lightkurve,NO_USABLE_TRANSIT,4,"SPOC,TESS-SPOC","80,81",0.96541872,,427.0047,,3519.3616,3519.3616,101,0,0,,31.2975,4,,,,,False,NO_USABLE_TRANSIT,PDCSAP_FLUX,SPOC,,,none,,,TOO_FEW_MEMBERS,2,0,SPOC/PDCSAP_FLUX=NO_USABLE_TRANSIT;TESS-SPOC/PDCSAP_FLUX=NO_USABLE_TRANSIT,0,2,0,"80,81",SPOC,120,False,False,,,,,2,,,,,,,,,,,,,NO_USABLE_TRANSIT,,NO_USABLE_TRANSIT,SAP_FLUX,SPOC,,,none,,,TOO_FEW_MEMBERS,2,0,SPOC/SAP_FLUX=NO_USABLE_TRANSIT;TESS-SPOC/SAP_FLUX=NO_USABLE_TRANSIT,0,2,0,"80,81",SPOC,120,False,False,,,,,2,,,,,,,,,,,,,NO_USABLE_TRANSIT,,BACKGROUND_TEST_UNAVAILABLE,0,,,,,,,0.02,,,,,,,0,too_few_points,False,,,,,inconclusive,not_measured,not_measured,,False,,0,0,1,1,0,,,0,,2,True,NO_USABLE_TRANSIT:2,,,,,,,,84,,,0,,2,True,NO_USABLE_TRANSIT:2,,,,,,,,84,0,3
K00856.01,,6526710,1.380983e+08,tic_kic_crossid,CANDIDATE,CANDIDATE,39.748931,172.85464,7.3051,15178.9,44.1,-44.1,0.134949,0.881,29.734,6122,4.487,15.344,0,0,0,0,1,293.17929,41.969238,6,OK,lightkurve,,4,"SPOC,TESS-SPOC","81,82",1.0284858,,15611.283,45.356225,3530.956,3530.956,139,3.1405407,0,,118.99812,7,2.951894,2.4374681,9163.6845,11639.743,False,OK,PDCSAP_FLUX,SPOC,9163.6845,3759.5095,analytic,3875.4253,940.74955,OK,2,2,SPOC/PDCSAP_FLUX=9164ppm;TESS-SPOC/PDCSAP_FLUX=11931ppm,1,2,1,"81,82",SPOC,120,False,False,38351.86,,,,2,,-0.53274561,0.42586661,-1.2509683,-1.6308534,ln,0.58699111,2.4374681,4.1524788,0.2532471,1.2662355,39769.321,OK,-1.2509683,OK,SAP_FLUX,SPOC,4239.7114,1412.4556,analytic,1420.6876,152.7168,OK,2,2,SPOC/SAP_FLUX=4240ppm;TESS-SPOC/SAP_FLUX=3791ppm,1,2,1,"81,82",SPOC,120,False,False,14408.874,,,,2,,-1.3034987,0.33881289,-3.8472525,-7.0124238,ln,0.27157994,3.00166,11.052583,0.10387565,0.51937823,10631.005,OK,-3.8472525,BACKGROUND_TEST_AGREES,2,"SPOC,TESS-SPOC",-6490.518,2876.207,-2.2566241,-0.61538182,PDC_DEEPER_THAN_SAP,0.5,5.7214859,1.3694909,0.78321801,0.18747052,22843.108,1.0405575,1096,OK,False,0.78321801,0.92844057,-0.69556335,0.98694711,fixed_b,transit_not_recovered,transit_not_recovered,,False,,0,0,1,1,0.1,3759.5095,,1,0,0,False,,0.10266062,9606.3902,11487.889,9163.6845,11930.595,10547.14,2766.9104,84,1412.4556,,1,0,0,False,,0.036020565,3862.4111,4167.8447,3790.5444,4239.7114,4015.1279,449.16706,84,0,3
K04657.01,,6527078,2.7556797e+08,tic_kic_crossid,CANDIDATE,CANDIDATE,7.5760089,135.6293,3.361,49,4.5,-4.5,0.00635,0.267,16.72,5361,4.588,13.241,0,0,0,0,2,293.29279,41.997589,6,OK,lightkurve,,22,"QLP,SPOC,TESS-SPOC","14,15,40,41,54,55,74,75,81,82",0.95942607,,47.011877,4.3174173,3347.5956,3347.5139,710,88.597313,-117.66861,1.3281284,316.20694,20,13.278824,0.046857315,7.8426688,1874.9505,True,OK,PDCSAP_FLUX,QLP,1874.9505,1133.9413,bootstrap,1530.1773,1027.4335,OK,4,3,SPOC/PDCSAP_FLUX=107ppm;TESS-SPOC/PDCSAP_FLUX=OK;QLP/KSPSAP_FLUX=3129ppm;QLP/DET_FLUX=136ppm,33,10,10,"40,41,74,75,81,82,14,15,54,55","QLP,SPOC","120,1800,600",False,False,5575.4231,-1863.0885,1.1747118,24.101496,12,sector_scatter,38.882485,32.548906,1.1945865,1.1945865,linear,39.882485,1.653481,0.041458827,32.548906,162.74453,2.2452228e+72,OK,1.1945865,OK,SAP_FLUX,QLP,1428.9107,935.187,bootstrap,1274.2,865.4542,OK,3,3,SPOC/SAP_FLUX=121ppm;TESS-SPOC/SAP_FLUX=135ppm;QLP/SAP_FLUX=2666ppm,33,10,10,"40,41,74,75,81,82,14,15,54,55","QLP,SPOC","120,1800,600",False,False,4590.2147,-1580.0668,1.1499069,28.497705,12,sector_scatter,29.394674,27.103991,1.0845146,1.0845146,linear,30.394674,1.5279411,0.050270029,27.103991,135.51996,3.3711364e+60,OK,1.0845146,BACKGROUND_TEST_AGREES,1,SPOC,13.906038,239.04654,0.058172931,0.12981993,SAP_DEEPER_THAN_PDC,0.02,5.8241495,0.1779148,1.7328621,0.052935079,-169.35596,1.0764043,10661,OK,False,1.7328621,1.0360771,6.0504101,,duration_inconsistent,not_measurable,not_measurable,,False,,0,0,1,1,0.4,141.19853,1133.9413,35,9.2135839,1,True,OK:1,0.547979,116.43817,2171.3052,107.11789,3128.9811,136.24377,1767.8326,84,122.86095,935.187,35,10.641064,0,False,,0.6056741,125.41582,1856.3242,121.02393,2666.4775,134.74859,1307.8868,84,-0.081714313,3
K04657.02,,6527078,2.7556797e+08,tic_kic_crossid,CANDIDATE,CANDIDATE,10.431485,135.54229,2.09,59.1,6.8,-6.8,0.009133,0.95,13.06,5361,4.588,13.241,0,0,0,0,2,293.29279,41.997589,6,OK,lightkurve,,22,"QLP,SPOC,TESS-SPOC","14,15,40,41,54,55,74,75,81,82",1.0848449,,64.114331,7.376945,3340.7571,3340.7571,515,55.522265,0,,197.91679,20,2.4990941,-1.0287013,-270.1632,637.59744,False,OK,PDCSAP_FLUX,QLP,-270.1632,343.33421,bootstrap,343.33421,,TOO_FEW_MEMBERS,4,1,SPOC/PDCSAP_FLUX=27ppm;TESS-SPOC/PDCSAP_FLUX=OK;QLP/KSPSAP_FLUX=OK;QLP/DET_FLUX=OK,24,10,10,"40,41,74,75,81,82,14,15,54,55","QLP,SPOC","120,1800,600",True,False,5663.828,482.57517,0.66775579,1.4486086,12,smeared,-5.2137724,5.3565,-0.97335432,-0.97335432,linear,-4.2137724,-0.7868811,0.18674029,5.3565,26.7825,2.7443976e+13,OK,-0.97335432,OK,SAP_FLUX,QLP,-101.16365,257.57856,bootstrap,257.57856,,TOO_FEW_MEMBERS,3,1,SPOC/SAP_FLUX=54ppm;TESS-SPOC/SAP_FLUX=OK;QLP/SAP_FLUX=OK,24,10,10,"40,41,74,75,81,82,14,15,54,55","QLP,SPOC","120,1800,600",True,False,4506.5593,507.74615,0.94198292,1.2874594,12,smeared,-2.5778632,4.0194464,-0.64134784,-0.64134784,linear,-1.5778632,-0.3927487,0.24891175,4.0194464,20.097232,3.4282463e+10,OK,-0.64134784,BACKGROUND_TEST_AGREES,1,SPOC,26.514634,448.41444,0.059129752,0.98105903,SAP_DEEPER_THAN_PDC,0.086279201,1.2435033,1.9657587,0.59497766,0.94055442,-276.84833,0.96899187,4781,OK,True,0.59497766,,,0.98860452,inconclusive,not_measurable,not_measurable,,False,,0,0,1,1,0.4,262.6255,343.33421,25,1.4565658,3,True,OK:3,,,,,,,,84,205.17991,257.57856,25,1.4247976,2,True,OK:2,,,,,,,,84,0,3
K06733.01,,6584278,1.6464643e+08,tic_kic_crossid,CANDIDATE,CANDIDATE,1.2894082,132.0764,3.652,32.1,3.6,-3.6,0.005428,0.628,2.26,5826,3.465,13.897,0,0,0,0,1,283.77316,42.070862,6,OK,lightkurve,,14,"QLP,SPOC,TESS-SPOC","14,40,41,53,54,74,80,81",0.98491154,,31.61566,3.5456815,3487.6117,3487.6497,4283,110.33567,54.758088,0.49628638,385.787,22,8.8758903,5.2193091,625.07684,869.44444,True,OK,PDCSAP_FLUX,QLP,869.44444,502.71594,bootstrap,630.74792,380.9457,OK,4,2,SPOC/PDCSAP_FLUX=OK;TESS-SPOC/PDCSAP_FLUX=OK;QLP/KSPSAP_FLUX=1482ppm;QLP/DET_FLUX=362ppm,145,8,8,"74,80,81,14,40,41,53,54","QLP,SPOC","120,1800,600",False,False,6628.5851,-975.63286,1.2932352,6.01268,6,sector_scatter,26.500436,19.950868,1.3282849,1.3282849,linear,27.500436,1.7294945,0.062889712,19.950868,99.75434,6.6475505e+44,OK,1.3282849,OK,SAP_FLUX,QLP,699.18819,443.97805,bootstrap,443.97805,,TOO_FEW_MEMBERS,3,1,SPOC/SAP_FLUX=OK;TESS-SPOC/SAP_FLUX=OK;QLP/SAP_FLUX=1282ppm,156,8,8,"74,80,81,14,40,41,53,54","QLP,SPOC","120,1800,600",False,False,6501.8788,-917.68453,1.3517577,6.0711586,6,sector_scatter,21.115249,14.043516,1.5035586,1.5035586,linear,22.115249,1.574826,0.071209963,14.043516,70.217578,9.8857342e+31,OK,1.5035586,BACKGROUND_TEST_UNAVAILABLE,0,,,,,,,0.02,6.7270415,1.76469,1.8420157,0.48321194,218.39254,2.9795319,34822,OK,True,1.8420157,1.0392179,1.9423961,,fixed_b,not_measurable,not_measurable,,False,,0,0,1,1,1,97.955744,502.71594,156,3.7880428,2,True,OK:2,0.43814841,541.33743,1303.2288,362.06886,1482.4974,922.28313,613.05296,84,87.583452,443.97805,163,3.8878074,2,True,OK:2,,,,,,,,84,0.03802645,3
K06734.01,,6590726,1.5827864e+08,tic_kic_crossid,CANDIDATE,CANDIDATE,498.27269,146.1528,8.92,534,104,-104,0.020824,0.0481,435,5618,4.514,15.477,0,0,0,0,1,286.60938,42.063229,6,OK,lightkurve,NO_USABLE_TRANSIT,4,"SPOC,TESS-SPOC","80,81",0.95928725,,512.25939,99.765874,3460.1524,3460.1524,11,516.45641,0,,864,14,,,,,False,NO_USABLE_TRANSIT,PDCSAP_FLUX,SPOC,,,none,,,TOO_FEW_MEMBERS,2,0,SPOC/PDCSAP_FLUX=NO_USABLE_TRANSIT;TESS-SPOC/PDCSAP_FLUX=NO_USABLE_TRANSIT,0,2,0,"80,81",SPOC,120,False,False,,,,,2,,,,,,,,,,,,,NO_USABLE_TRANSIT,,NO_USABLE_TRANSIT,SAP_FLUX,SPOC,,,none,,,TOO_FEW_MEMBERS,2,0,SPOC/SAP_FLUX=NO_USABLE_TRANSIT;TESS-SPOC/SAP_FLUX=NO_USABLE_TRANSIT,0,2,0,"80,81",SPOC,120,False,False,,,,,2,,,,,,,,,,,,,NO_USABLE_TRANSIT,,BACKGROUND_TEST_UNAVAILABLE,0,,,,,,,0.020445565,,,,,,,0,too_few_points,False,,,,,inconclusive,not_measured,not_measured,,False,,0,0,1,1,0,,,0,,2,True,NO_USABLE_TRANSIT:2,,,,,,,,84,,,0,,2,True,NO_USABLE_TRANSIT:2,,,,,,,,84,0,3
K02860.01,Kepler-1883 b,6606438,63121790,name_planet,CONFIRMED,CANDIDATE,103.42699,220.22869,5.03,950.1,62.6,-62.6,0.028295,0.013,161.5,6208,4.454,15.549,0,0,0,0,1,291.92255,42.00256,6,QUERY_RETURNED_ZERO_ROWS,lightkurve,QUERY_RETURNED_ZERO_ROWS,0,,,0.96512971,,916.96974,60.41712,,,0,,0,,36,0,,,,,False,FLUX_COLUMN_NOT_PRESENT,,,,,,,,ENSEMBLE_NOT_ATTEMPTED,0,0,,0,0,0,,,,False,False,,,,,0,,,,,,,,,,,,,NO_USABLE_TRANSIT,,FLUX_COLUMN_NOT_PRESENT,,,,,,,,ENSEMBLE_NOT_ATTEMPTED,0,0,,0,0,0,,,,False,False,,,,,0,,,,,,,,,,,,,NO_USABLE_TRANSIT,,BACKGROUND_TEST_UNAVAILABLE,0,,,,,,,,,,,,,,0,too_few_points,False,,,,,inconclusive,not_measured,not_measured,,False,,0,0,1,1,0,,,0,,0,False,,,,,,,,,84,,,0,,0,False,,,,,,,,,84,0,3
K01239.01,,6607286,63122090,tic_kic_crossid,CANDIDATE,CANDIDATE,0.78327617,355.94865,1.6735,264.7,6.7,-6.7,0.014734,0.041,3.673,5640,4.247,15.005,0,0,0,0,2,292.17859,42.005909,6,OK,lightkurve,,4,"SPOC,TESS-SPOC","81,82",0.95971549,,254.03669,6.4300938,3533.242,3533.242,6823,12.571956,0,,62.818368,12,1.6719224,1.6106408,1151.7599,1200.4838,False,OK,PDCSAP_FLUX,SPOC,1151.7599,662.22675,bootstrap,672.73445,118.43717,OK,2,2,SPOC/PDCSAP_FLUX=1152ppm;TESS-SPOC/PDCSAP_FLUX=803ppm,65,2,2,"81,82",SPOC,120,False,False,27445.278,1419.1806,1.0783999,1.3896379,2,,3.533833,2.6487712,1.3341405,1.3341405,linear,4.533833,1.7392229,0.38360983,2.6487712,13.243856,1.4342646e+08,OK,1.3341405,OK,SAP_FLUX,SPOC,194.77054,111.0335,bootstrap,113.81337,25.000916,OK,2,2,SPOC/SAP_FLUX=195ppm;TESS-SPOC/SAP_FLUX=121ppm,65,2,2,"81,82",SPOC,120,False,False,4477.024,258.67477,1.1715435,0.87267365,2,,-0.2332976,0.45151088,-0.51670428,-0.51670428,linear,0.7667024,1.7541602,2.2879284,0.45151088,2.2575544,2174.4731,OK,-0.51670428,BACKGROUND_TEST_AGREES,2,"SPOC,TESS-SPOC",-838.89465,507.0699,-1.6543964,-0.85812732,PDC_DEEPER_THAN_SAP,0.02,2.1366976,0.75940011,1.2767837,0.45377957,1625.2509,1.0286919,15520,OK,False,1.2767837,1.0168774,0.63304947,,fixed_b,not_measurable,not_measurable,,False,,0,0,1,1,0.4,715.09422,662.22675,68,0.84696984,0,False,,0.10283147,859.15046,1096.0248,803.41532,1151.7599,977.58763,348.34462,84,114.16521,111.0335,68,0.9060404,0,False,,0.12836087,133.00357,183.0054,121.23843,194.77054,158.00449,73.532106,84,0,3
K01239.02,,6607286,63122090,tic_kic_crossid,CANDIDATE,CANDIDATE,3.174059,357.05776,2.3156,282.2,10.8,-10.8,0.015521,0.422,9.7,5640,4.247,15.005,0,0,0,0,2,292.17859,42.005909,6,OK,lightkurve,,4,"SPOC,TESS-SPOC","81,82",0.96909401,,273.47833,10.466215,3531.9991,3531.9991,1683,26.813794,0,,115.17538,11,1.7368861,-2.0071562,-2586.8276,2370.5845,False,OK,PDCSAP_FLUX,SPOC,-2586.8276,1350.9455,bootstrap,1350.9455,,TOO_FEW_MEMBERS,2,0,SPOC/PDCSAP_FLUX=OK;TESS-SPOC/PDCSAP_FLUX=OK,15,2,2,"81,82",SPOC,120,False,False,29224.887,-317.5065,0.10572983,2.3061192,2,,-10.458986,4.9402645,-2.1170902,-2.1170902,linear,-9.4589857,-1.9148275,0.20243475,4.9402645,24.701322,1.4607334e+13,OK,-2.1170902,OK,SAP_FLUX,SPOC,-386.10081,220.50447,bootstrap,220.50447,,TOO_FEW_MEMBERS,2,0,SPOC/SAP_FLUX=OK;TESS-SPOC/SAP_FLUX=OK,15,2,2,"81,82",SPOC,120,False,False,4767.1988,-74.479096,0.15281661,2.4111013,2,,-2.411815,0.80875078,-2.9821486,-2.9821486,linear,-1.411815,-1.7509885,1.2402394,0.80875078,4.0437539,15325.743,OK,-2.9821486,BACKGROUND_TEST_UNAVAILABLE,0,,,,,,,0.02,1.2571011,0.091779818,0.54288352,0.039635437,-2842.7795,0.96335959,5200,OK,False,0.54288352,,,0.88307756,inconclusive,not_measurable,not_measurable,,False,,0,0,1,1,0.1,1288.8023,1350.9455,17,1.1348445,2,True,OK:2,,,,,,,,84,210.99266,220.50447,17,1.0891021,2,True,OK:2,,,,,,,,84,0,3
K03090.01,Kepler-1902 b,6609270,63370825,name_planet,CONFIRMED,CANDIDATE,3.822234,132.14965,1.924,362.7,26.2,-26.2,0.018736,0.725,10.9,3729,4.733,15.665,0,0,0,0,2,292.73764,42.014832,6,OK,lightkurve,,14,"QLP,SPOC,TESS-SPOC","40,41,54,55,74,75,81,82",0.99871549,,362.23411,26.166346,2781.1645,2781.1645,1260,41.370143,0,,152.97043,18,2.9900438,2.9900438,4418.1167,4418.1167,False,OK,PDCSAP_FLUX,QLP,4418.1167,2950.4328,bootstrap,3448.1767,1784.62,OK,4,3,SPOC/PDCSAP_FLUX=1312ppm;TESS-SPOC/PDCSAP_FLUX=OK;QLP/KSPSAP_FLUX=5571ppm;QLP/DET_FLUX=322ppm,54,8,8,"40,41,54,55,74,75,81,82","QLP,SPOC","120,200,600",False,False,50712.585,-13119.937,2.9213621,4.6707845,6,sector_scatter,11.196854,9.5195992,1.1761897,1.1761897,linear,12.196854,1.497447,0.12277321,9.5195992,47.597996,1.7003425e+23,OK,1.1761897,OK,SAP_FLUX,QLP,249.25222,135.24269,bootstrap,679.68705,666.09601,OK,3,3,SPOC/SAP_FLUX=222ppm;TESS-SPOC/SAP_FLUX=45ppm;QLP/SAP_FLUX=2004ppm,54,8,8,"40,41,54,55,74,75,81,82","QLP,SPOC","120,200,600",False,False,28108.903,-554.68498,1.7355337,3.4538614,6,sector_scatter,-0.31190295,1.8784306,-0.16604444,-0.16604444,linear,0.68809705,1.8429996,2.6784006,1.8784306,9.3921529,4344234.9,OK,-0.16604444,BACKGROUND_TEST_AGREES,1,SPOC,-1090.067,2976.5752,-0.36621518,-0.83056752,PDC_DEEPER_THAN_SAP,0.038025543,3.1364599,0.14156719,1.6301767,0.073579622,1838.1207,1.0695032,10825,OK,False,1.6301767,1.0910286,4.4081225,,duration_inconsistent,not_measurable,not_measurable,,False,,0,0,1,1,0.5,1477.6094,2950.4328,55,2.0636721,1,True,OK:1,0.4039323,638.88334,4208.1234,321.9172,5570.7997,1312.4364,4096.1995,84,160.2965,135.24269,55,1.649653,0,False,,2.6723774,101.96493,1434.157,45.304033,2004.41,222.36935,1755.1577,84,0,3
K06753.01,,6670742,1.6467446e+08,tic_kic_crossid,CANDIDATE,CANDIDATE,72.28198,156.753,2.478,1265,376,-376,0.033111,0.2405,224,7694,3.631,9.277,0,0,0,0,1,284.33261,42.12709,6,OK,lightkurve,,24,"QLP,SPOC,TESS-SPOC","14,26,40,41,53,54,74,80,81",0.97377228,teff_clamped_to_grid,1231.8219,366.13838,3338.6195,3338.8948,74,128.7509,396.45522,3.0792424,423.42269,30,14.792828,0.66733458,84.811511,1673.4422,True,OK,PDCSAP_FLUX,QLP,1673.4422,113.12524,analytic,136.06832,75.612617,OK,4,4,SPOC/PDCSAP_FLUX=1673ppm;TESS-SPOC/PDCSAP_FLUX=1706ppm;QLP/KSPSAP_FLUX=1834ppm;QLP/DET_FLUX=1846ppm,4,9,4,"40,41,53,74,80,81,14,26,54","QLP,SPOC,TESS-SPOC","120,1800,600",True,False,1343.0574,209.6529,0.88681318,4.5851894,15,smeared;sector_scatter,0.30638837,0.31218418,0.98143464,1.1168085,ln,1.3585098,14.792828,10.889011,0.3210128,1.605064,4900.407,OK,0.98143464,OK,SAP_FLUX,QLP,1548.7816,114.11081,analytic,115.34272,16.812675,OK,3,3,SPOC/SAP_FLUX=1549ppm;TESS-SPOC/SAP_FLUX=1528ppm;QLP/SAP_FLUX=1499ppm,4,9,4,"40,41,53,74,80,81,14,26,54","QLP,SPOC,TESS-SPOC","120,1800,600",True,False,1317.1583,166.94576,0.6707842,4.4717922,15,smeared;sector_scatter,0.22897422,0.31047356,0.73749989,0.81525432,ln,1.2573096,13.57261,10.794963,0.31561884,1.5780942,4737.2325,OK,0.73749989,BACKGROUND_TEST_AGREES,2,"SPOC,TESS-SPOC",-142.63007,130.35923,-1.0941309,-0.08441763,PDC_DEEPER_THAN_SAP,0.033952918,1.5200807,0.046435079,0.61343045,0.018738934,1245.6879,1.1256698,1486,OK,False,0.61343045,1.0056091,-1.6074701,0.82912897,fixed_b,consistent,consistent,,False,,0,0,1,1,0.3,113.12524,205.84963,4,4.5851894,0,False,,0.045183884,1688.9314,1840.1567,1673.4422,1845.9283,1769.8078,172.48609,84,114.11081,206.66983,4,4.4717922,0,False,,0.01085542,1508.6595,1542.2849,1499.3325,1548.7816,1528.4794,49.449045,84,0.27531613,3
K00861.01,Kepler-707 b,6685526,1.5921735e+08,name_planet,CONFIRMED,CANDIDATE,2.2374896,170.81914,1.8119,315.8,11.8,-11.8,0.015942,0.128,9.527,5265,4.58,15.001,0,0,0,0,1,290.00757,42.116459,6,QUERY_RETURNED_ZERO_ROWS,lightkurve,QUERY_RETURNED_ZERO_ROWS,0,,,0.9553614,,301.70313,11.273265,,,0,,0,,36,0,,,,,False,FLUX_COLUMN_NOT_PRESENT,,,,,,,,ENSEMBLE_NOT_ATTEMPTED,0,0,,0,0,0,,,,False,False,,,,,0,,,,,,,,,,,,,NO_USABLE_TRANSIT,,FLUX_COLUMN_NOT_PRESENT,,,,,,,,ENSEMBLE_NOT_ATTEMPTED,0,0,,0,0,0,,,,False,False,,,,,0,,,,,,,,,,,,,NO_USABLE_TRANSIT,,BACKGROUND_TEST_UNAVAILABLE,0,,,,,,,,,,,,,,0,too_few_points,False,,,,,inconclusive,not_measured,not_measured,,False,,0,0,1,1,0,,,0,,0,False,,,,,,,,,84,,,0,,0,False,,,,,,,,,84,0,3
K01758.01,,6705142,2.7175257e+08,tic_kic_crossid,CANDIDATE,CANDIDATE,5.5972825,131.86708,1.795,1407.3,54.2,-54.2,0.034955,0.473,21.94,5610,4.551,15.969,0,0,0,0,1,295.43436,42.166321,6,QUERY_RETURNED_ZERO_ROWS,lightkurve,QUERY_RETURNED_ZERO_ROWS,0,,,0.97144865,,1367.1197,52.652517,,,0,,0,,36,0,,,,,False,FLUX_COLUMN_NOT_PRESENT,,,,,,,,ENSEMBLE_NOT_ATTEMPTED,0,0,,0,0,0,,,,False,False,,,,,0,,,,,,,,,,,,,NO_USABLE_TRANSIT,,FLUX_COLUMN_NOT_PRESENT,,,,,,,,ENSEMBLE_NOT_ATTEMPTED,0,0,,0,0,0,,,,False,False,,,,,0,,,,,,,,,,,,,NO_USABLE_TRANSIT,,BACKGROUND_TEST_UNAVAILABLE,0,,,,,,,,,,,,,,0,too_few_points,False,,,,,inconclusive,not_measured,not_measured,,False,,0,0,1,1,0,,,0,,0,False,,,,,,,,,84,,,0,,0,False,,,,,,,,,84,0,3
K01868.01,Kepler-988 b,6773862,1.5944696e+08,name_planet,CONFIRMED,CANDIDATE,17.760765,137.50778,1.6679,1287.2,36,-36,0.034334,0.627,66.9,3826,4.744,15.22,0,0,0,0,1,290.7084,42.237251,6,QUERY_RETURNED_ZERO_ROWS,lightkurve,QUERY_RETURNED_ZERO_ROWS,0,,,0.978002,,1258.8842,35.208072,,,0,,0,,36,0,,,,,False,FLUX_COLUMN_NOT_PRESENT,,,,,,,,ENSEMBLE_NOT_ATTEMPTED,0,0,,0,0,0,,,,False,False,,,,,0,,,,,,,,,,,,,NO_USABLE_TRANSIT,,FLUX_COLUMN_NOT_PRESENT,,,,,,,,ENSEMBLE_NOT_ATTEMPTED,0,0,,0,0,0,,,,False,False,,,,,0,,,,,,,,,,,,,NO_USABLE_TRANSIT,,BACKGROUND_TEST_UNAVAILABLE,0,,,,,,,,,,,,,,0,too_few_points,False,,,,,inconclusive,not_measured,not_measured,,False,,0,0,1,1,0,,,0,,0,False,,,,,,,,,84,,,0,,0,False,,,,,,,,,84,0,3
K05329.01,,6805414,2.6816588e+08,tic_kic_crossid,CANDIDATE,CANDIDATE,200.23505,305.44985,23.612,10812.1,59,-59,0.100988,0.674,56.4,6108,4.471,15.392,0,0,0,0,1,298.64493,42.285831,6,OK,lightkurve,,4,"SPOC,TESS-SPOC","81,82",0.98992522,,10703.17,58.405588,3544.7962,3544.7962,27,23.112779,0,0,423.51834,10,6.0761504,6.0761504,14626.171,14626.171,True,OK,PDCSAP_FLUX,SPOC,14626.171,2407.1444,analytic,3832.6514,2982.4273,OK,2,2,SPOC/PDCSAP_FLUX=14626ppm;TESS-SPOC/PDCSAP_FLUX=23398ppm,1,2,1,"81,82",SPOC,120,False,False,43399.371,,,,2,,0.31227246,0.26682406,1.1703309,1.0136234,ln,1.366527,6.0761504,4.4464182,0.36160073,1.8080036,54567.556,OK,1.1703309,OK,SAP_FLUX,SPOC,473.25978,878.59565,analytic,878.59565,,TOO_FEW_MEMBERS,2,1,SPOC/SAP_FLUX=473ppm;TESS-SPOC/SAP_FLUX=OK,1,2,1,"81,82",SPOC,120,False,False,15840.554,,,,2,,-0.95578322,0.096271085,-9.9280403,-9.9280403,linear,0.044216784,0.53865481,12.182135,0.096271085,0.48135542,6617.4102,OK,-9.9280403,BACKGROUND_TEST_DISAGREES,1,SPOC,-14152.911,2562.4742,-5.5231428,-0.96764295,PDC_DEEPER_THAN_SAP,0.15830918,12.432967,0.78352261,0.52655288,0.033183238,15102.51,1.0432935,3382,OK,False,0.52655288,1.0246805,-8.2444061,1.0010201,tracks_b,shallower_tess,shallower_tess,duration_not_fixed_b,False,pdc_deeper_than_sap,0,0,1,1,0.1,2407.1444,,1,0,0,False,,0.20391033,16029.666,21994.521,14626.171,23398.016,19012.094,8771.8451,84,878.59565,,1,0,1,True,OK:1,,,,,,,,84,0,3
K00201.01,Kepler-491 b,6849046,1.5838816e+08,name_planet,CONFIRMED,CANDIDATE,4.2253845,137.56069,2.82038,7563,6,-6,0.078185,0.074,12.3266,5574,4.403,14.014,0,0,0,0,1,287.13058,42.350151,6,QUERY_RETURNED_ZERO_ROWS,lightkurve,QUERY_RETURNED_ZERO_ROWS,0,,,0.95852736,,7249.3424,5.7511641,,,0,,0,,36,0,,,,,False,FLUX_COLUMN_NOT_PRESENT,,,,,,,,ENSEMBLE_NOT_ATTEMPTED,0,0,,0,0,0,,,,False,False,,,,,0,,,,,,,,,,,,,NO_USABLE_TRANSIT,,FLUX_COLUMN_NOT_PRESENT,,,,,,,,ENSEMBLE_NOT_ATTEMPTED,0,0,,0,0,0,,,,False,False,,,,,0,,,,,,,,,,,,,NO_USABLE_TRANSIT,,BACKGROUND_TEST_UNAVAILABLE,0,,,,,,,,,,,,,,0,too_few_points,False,,,,,inconclusive,not_measured,not_measured,,False,,0,0,1,1,0,,,0,,0,False,,,,,,,,,84,,,0,,0,False,,,,,,,,,84,0,3
