kepoi_name,tic_id,family,author,flux_column,status,n_segments,segment_list,exptimes_s,n_transits,depth_ppm,depth_err_ppm,depth_err_method,oot_scatter_ppm,odd_even_sigma,smeared,is_primary_reduction
K04928.01,137683938,pdc,SPOC,PDCSAP_FLUX,OK,7,"40,41,54,55,74,75,81",120,53,15055.704,1215.1081,bootstrap,33566.459,0.24535595,False,True
K04928.01,137683938,pdc,TESS-SPOC,PDCSAP_FLUX,OK,7,"40,41,54,55,74,75,81","200,600",53,14928.207,1253.6094,bootstrap,21636.967,0.57842623,False,False
K04928.01,137683938,pdc,QLP,KSPSAP_FLUX,OK,4,"40,41,54,55",600,31,12589.205,3397.4262,bootstrap,18530.265,1.228364,False,False
K04928.01,137683938,pdc,QLP,DET_FLUX,OK,3,"74,75,81",200,24,15052.698,3122.1429,bootstrap,37455.43,1.7615943,False,False
K04928.01,137683938,sap,SPOC,SAP_FLUX,OK,7,"40,41,54,55,74,75,81",120,55,4164.8262,361.03951,bootstrap,10394.769,0.51803904,False,True
K04928.01,137683938,sap,TESS-SPOC,SAP_FLUX,OK,7,"40,41,54,55,74,75,81","200,600",55,3801.3783,370.02845,bootstrap,6449.4578,0.89292391,False,False
K04928.01,137683938,sap,QLP,SAP_FLUX,OK,7,"40,41,54,55,74,75,81","200,600",55,13524,2433.8083,bootstrap,23662.911,0.12149804,False,False
K01029.01,137547023,pdc,SPOC,PDCSAP_FLUX,OK,2,"74,75",120,2,-993.12455,2057.4897,analytic,28455.966,0.35788815,False,True
K01029.01,137547023,pdc,TESS-SPOC,PDCSAP_FLUX,OK,2,"74,75",200,2,-1666.8214,1813.5831,analytic,19177.94,0.22219292,False,False
K01029.01,137547023,sap,SPOC,SAP_FLUX,OK,2,"74,75",120,2,-220.86473,715.14086,analytic,9881.6647,0.33088621,False,True
K01029.01,137547023,sap,TESS-SPOC,SAP_FLUX,OK,2,"74,75",200,2,-412.07125,589.08911,analytic,6229.2491,0.40696268,False,False
K07635.01,351056285,pdc,SPOC,PDCSAP_FLUX,OK,2,"74,75",120,1,2788.5498,1847.7004,analytic,20247.85,,False,True
K07635.01,351056285,pdc,TESS-SPOC,PDCSAP_FLUX,OK,2,"74,75",200,1,4797.1861,2263.5301,analytic,19254.551,,False,False
K07635.01,351056285,sap,SPOC,SAP_FLUX,OK,2,"74,75",120,1,999.2667,498.4434,analytic,5462.1447,,False,True
K07635.01,351056285,sap,TESS-SPOC,SAP_FLUX,OK,2,"74,75",200,1,850.60742,524.04583,analytic,4457.757,,False,False
K00299.01,120629799,pdc,SPOC,PDCSAP_FLUX,OK,3,"74,80,81",120,42,401.19873,124.01468,bootstrap,4559.9074,1.1401671,False,False
K00299.01,120629799,pdc,TESS-SPOC,PDCSAP_FLUX,OK,3,"74,80,81",200,43,672.89917,140.35064,bootstrap,3769.0045,0.78338172,False,False
K00299.01,120629799,pdc,QLP,KSPSAP_FLUX,OK,5,"14,40,41,53,54","1800,600",82,291.01479,182.37691,bootstrap,2651.7177,0.67371412,True,False
K00299.01,120629799,pdc,QLP,DET_FLUX,OK,3,"74,80,81",200,47,608.76113,223.76383,bootstrap,5362.9676,0.86467197,False,False
K00299.01,120629799,sap,SPOC,SAP_FLUX,OK,3,"74,80,81",120,47,287.70093,68.343329,bootstrap,3091.4217,0.72415749,False,False
K00299.01,120629799,sap,TESS-SPOC,SAP_FLUX,OK,3,"74,80,81",200,47,348.7281,79.961404,bootstrap,2261.7168,0.19357356,False,False
K00299.01,120629799,sap,QLP,SAP_FLUX,OK,8,"14,40,41,53,54,74,80,81","1800,200,600",129,362.93692,135.65083,bootstrap,3322.5057,1.4049576,True,True
K00794.01,137149476,pdc,SPOC,PDCSAP_FLUX,OK,1,74,120,9,1049.0101,636.55181,bootstrap,23482.826,0.6195363,False,True
K00794.01,137149476,pdc,TESS-SPOC,PDCSAP_FLUX,OK,1,74,200,9,1626.1752,654.43427,bootstrap,18293.286,0.35943638,False,False
K00794.01,137149476,sap,SPOC,SAP_FLUX,OK,1,74,120,10,691.84223,450.91518,bootstrap,18776.297,0.37666046,False,True
K00794.01,137149476,sap,TESS-SPOC,SAP_FLUX,OK,1,74,200,10,1195.6461,458.77257,bootstrap,13701.304,0.19323403,False,False
K02335.01,137317096,pdc,SPOC,PDCSAP_FLUX,OK,1,74,120,2,4939.6582,1323.0664,analytic,11254.641,0.025423482,False,True
K02335.01,137317096,pdc,TESS-SPOC,PDCSAP_FLUX,OK,1,74,200,2,5001.4534,1606.693,analytic,10501.613,0.054214676,False,False
K02335.01,137317096,sap,SPOC,SAP_FLUX,OK,1,74,120,2,2958.0159,942.47449,analytic,8019.2766,0.049857357,False,True
K02335.01,137317096,sap,TESS-SPOC,SAP_FLUX,OK,1,74,200,2,3220.3063,1002.0652,analytic,6563.6967,0.026080721,False,False
K00797.01,137095438,pdc,SPOC,PDCSAP_FLUX,OK,1,74,120,3,12508.281,3716.0685,analytic,42780.352,0.40734362,False,True
K00797.01,137095438,pdc,TESS-SPOC,PDCSAP_FLUX,OK,1,74,200,3,14488.857,3193.5272,analytic,28892.647,1.171581,False,False
K00797.01,137095438,sap,SPOC,SAP_FLUX,OK,1,74,120,3,3375.9181,1051.7442,analytic,12206.185,0.60560922,False,True
K00797.01,137095438,sap,TESS-SPOC,SAP_FLUX,OK,1,74,200,3,3723.2332,933.42196,analytic,8652.6498,1.1222845,False,False
K04548.01,121535837,pdc,SPOC,PDCSAP_FLUX,OK,3,"74,80,81",120,1,589.01547,1483.7369,analytic,18066.1,,False,True
K04548.01,121535837,pdc,TESS-SPOC,PDCSAP_FLUX,OK,3,"74,80,81",200,1,-44.724631,1499.7712,analytic,14131.354,,False,False
K04548.01,121535837,sap,SPOC,SAP_FLUX,OK,3,"74,80,81",120,1,409.87967,1204.389,analytic,14664.737,,False,True
K04548.01,121535837,sap,TESS-SPOC,SAP_FLUX,OK,3,"74,80,81",200,1,-121.75305,1104.2884,analytic,10404.981,,False,False
K07648.01,122518332,pdc,SPOC,PDCSAP_FLUX,OK,1,74,120,19,10302.693,4083.5931,bootstrap,63729.347,1.2309171,False,True
K07648.01,122518332,pdc,TESS-SPOC,PDCSAP_FLUX,OK,1,74,200,19,10861.44,5598.3657,bootstrap,56790.335,1.4925867,False,False
K07648.01,122518332,sap,SPOC,SAP_FLUX,OK,1,74,120,21,1967.9353,852.43165,bootstrap,16861.603,1.6857438,False,True
K07648.01,122518332,sap,TESS-SPOC,SAP_FLUX,OK,1,74,200,21,2166.1968,1269.0367,bootstrap,14325.401,2.2159212,False,False
K00490.01,137686948,pdc,SPOC,PDCSAP_FLUX,OK,7,"40,41,54,55,74,81,82",120,39,64.422737,386.71133,bootstrap,10463.175,0.72493536,False,False
K00490.01,137686948,pdc,TESS-SPOC,PDCSAP_FLUX,OK,7,"40,41,54,55,74,81,82","200,600",39,268.54837,437.52207,bootstrap,6336.1259,0.85705582,False,False
K00490.01,137686948,pdc,QLP,KSPSAP_FLUX,OK,5,"14,40,41,54,55","1800,600",30,309.08499,1063.8813,bootstrap,6442.9016,0.82782934,True,False
K00490.01,137686948,pdc,QLP,DET_FLUX,OK,3,"74,81,82",200,14,357.69242,620.82441,bootstrap,11282.292,0.10448497,False,False
K00490.01,137686948,sap,SPOC,SAP_FLUX,OK,7,"40,41,54,55,74,81,82",120,39,21.180823,252.61414,bootstrap,7744.3032,0.77089105,False,False
K00490.01,137686948,sap,TESS-SPOC,SAP_FLUX,OK,7,"40,41,54,55,74,81,82","200,600",39,187.996,240.81787,bootstrap,3803.02,0.98300256,False,False
K00490.01,137686948,sap,QLP,SAP_FLUX,OK,8,"14,40,41,54,55,74,81,82","1800,200,600",44,539.10898,676.46125,bootstrap,8636.3814,0.96444572,True,True
K00490.02,137686948,pdc,SPOC,PDCSAP_FLUX,NO_USABLE_TRANSIT,7,"40,41,54,55,74,81,82",120,0,,,none,,,False,False
K00490.02,137686948,pdc,TESS-SPOC,PDCSAP_FLUX,NO_USABLE_TRANSIT,7,"40,41,54,55,74,81,82","200,600",0,,,none,,,False,False
K00490.02,137686948,pdc,QLP,KSPSAP_FLUX,NO_USABLE_TRANSIT,5,"14,40,41,54,55","1800,600",0,,,none,,,False,False
K00490.02,137686948,pdc,QLP,DET_FLUX,NO_USABLE_TRANSIT,3,"74,81,82",200,0,,,none,,,False,False
K00490.02,137686948,sap,SPOC,SAP_FLUX,NO_USABLE_TRANSIT,7,"40,41,54,55,74,81,82",120,0,,,none,,,False,False
K00490.02,137686948,sap,TESS-SPOC,SAP_FLUX,NO_USABLE_TRANSIT,7,"40,41,54,55,74,81,82","200,600",0,,,none,,,False,False
K00490.02,137686948,sap,QLP,SAP_FLUX,NO_USABLE_TRANSIT,8,"14,40,41,54,55,74,81,82","1800,200,600",0,,,none,,,False,True
K00490.03,137686948,pdc,SPOC,PDCSAP_FLUX,OK,7,"40,41,54,55,74,81,82",120,22,306.6687,293.89733,bootstrap,9794.1471,0.084034186,False,False
K00490.03,137686948,pdc,TESS-SPOC,PDCSAP_FLUX,OK,7,"40,41,54,55,74,81,82","200,600",22,-111.88792,413.97894,bootstrap,6111.0002,0.015995428,False,False
K00490.03,137686948,pdc,QLP,KSPSAP_FLUX,OK,5,"14,40,41,54,55","1800,600",16,-403.35763,733.83056,bootstrap,8386.213,0.61163781,False,False
K00490.03,137686948,pdc,QLP,DET_FLUX,OK,3,"74,81,82",200,11,-210.08515,281.12491,bootstrap,11559.097,0.2317613,False,False
K00490.03,137686948,sap,SPOC,SAP_FLUX,OK,7,"40,41,54,55,74,81,82",120,24,107.68747,222.60222,bootstrap,7412.9799,0.65985702,False,False
K00490.03,137686948,sap,TESS-SPOC,SAP_FLUX,OK,7,"40,41,54,55,74,81,82","200,600",24,75.705586,304.3367,bootstrap,4183.7754,0.59858175,False,False
K00490.03,137686948,sap,QLP,SAP_FLUX,OK,8,"14,40,41,54,55,74,81,82","1800,200,600",27,-267.73055,403.12217,bootstrap,9993.9922,0.42406325,False,True
K00490.04,137686948,pdc,SPOC,PDCSAP_FLUX,OK,7,"40,41,54,55,74,81,82",120,8,-488.29605,216.10415,bootstrap,10272.361,1.1156805,False,False
K00490.04,137686948,pdc,TESS-SPOC,PDCSAP_FLUX,OK,7,"40,41,54,55,74,81,82","200,600",8,-204.02821,389.7413,bootstrap,7875.1581,1.7680916,False,False
K00490.04,137686948,pdc,QLP,KSPSAP_FLUX,OK,5,"14,40,41,54,55","1800,600",5,248.06526,926.39852,analytic,5656.2766,0.22629144,False,False
K00490.04,137686948,pdc,QLP,DET_FLUX,OK,3,"74,81,82",200,5,-1014.1567,1043.9557,analytic,11859.326,0.83039932,False,False
K00490.04,137686948,sap,SPOC,SAP_FLUX,OK,7,"40,41,54,55,74,81,82",120,9,-492.33511,188.83593,bootstrap,7818.5206,1.4246866,False,False
K00490.04,137686948,sap,TESS-SPOC,SAP_FLUX,OK,7,"40,41,54,55,74,81,82","200,600",9,-235.94991,222.72269,bootstrap,4860.5114,1.7843528,False,False
K00490.04,137686948,sap,QLP,SAP_FLUX,OK,8,"14,40,41,54,55,74,81,82","1800,200,600",10,-299.0989,597.60887,bootstrap,11155.549,0.39739979,False,True
K01830.01,120962548,pdc,SPOC,PDCSAP_FLUX,OK,2,"80,81",120,3,4440.8954,1403.4222,analytic,17483.321,0.52773262,False,True
K01830.01,120962548,pdc,TESS-SPOC,PDCSAP_FLUX,OK,2,"80,81",200,4,3350.1204,1294.6649,analytic,13883.668,2.2138019,False,False
K01830.01,120962548,sap,SPOC,SAP_FLUX,OK,2,"80,81",120,4,1102.9489,574.19917,analytic,7979.626,1.7153639,False,True
K01830.01,120962548,sap,TESS-SPOC,SAP_FLUX,OK,2,"80,81",200,4,1785.7683,594.12406,analytic,6315.4378,1.9536595,False,False
K01830.02,120962548,pdc,SPOC,PDCSAP_FLUX,NO_USABLE_TRANSIT,2,"80,81",120,0,,,none,,,False,True
K01830.02,120962548,pdc,TESS-SPOC,PDCSAP_FLUX,NO_USABLE_TRANSIT,2,"80,81",200,0,,,none,,,False,False
K01830.02,120962548,sap,SPOC,SAP_FLUX,NO_USABLE_TRANSIT,2,"80,81",120,0,,,none,,,False,True
K01830.02,120962548,sap,TESS-SPOC,SAP_FLUX,NO_USABLE_TRANSIT,2,"80,81",200,0,,,none,,,False,False
K05987.01,121457384,pdc,SPOC,PDCSAP_FLUX,OK,2,"80,81",120,9,1672.5883,118.30174,bootstrap,1463.2471,2.5056347,False,False
K05987.01,121457384,pdc,TESS-SPOC,PDCSAP_FLUX,OK,2,"80,81",200,10,1769.5687,104.74581,bootstrap,1248.945,1.6364827,False,False
K05987.01,121457384,pdc,QLP,KSPSAP_FLUX,OK,3,"14,40,41","1800,600",14,1699.8243,79.478843,bootstrap,648.44454,0.46479897,False,False
K05987.01,121457384,pdc,QLP,DET_FLUX,OK,3,"75,80,81",200,15,1500.5542,137.16574,bootstrap,1496.6665,0.21131148,False,False
K05987.01,121457384,sap,SPOC,SAP_FLUX,OK,2,"80,81",120,10,1519.2677,114.89235,bootstrap,1420.1456,1.3774748,False,False
K05987.01,121457384,sap,TESS-SPOC,SAP_FLUX,OK,2,"80,81",200,10,1590.9855,86.641929,bootstrap,1158.1131,1.230812,False,False
K05987.01,121457384,sap,QLP,SAP_FLUX,OK,6,"14,40,41,75,80,81","1800,200,600",29,1838.4236,78.107216,bootstrap,1312.3787,0.80918093,False,True
K04986.01,122376876,pdc,SPOC,PDCSAP_FLUX,NO_USABLE_TRANSIT,2,"74,81",120,0,,,none,,,False,True
K04986.01,122376876,pdc,TESS-SPOC,PDCSAP_FLUX,NO_USABLE_TRANSIT,2,"74,81",200,0,,,none,,,False,False
K04986.01,122376876,sap,SPOC,SAP_FLUX,NO_USABLE_TRANSIT,2,"74,81",120,0,,,none,,,False,True
K04986.01,122376876,sap,TESS-SPOC,SAP_FLUX,NO_USABLE_TRANSIT,2,"74,81",200,0,,,none,,,False,False
K03308.01,121123737,pdc,SPOC,PDCSAP_FLUX,OK,2,"80,81",120,2,-865.65855,714.63789,analytic,10852.79,0.012910749,False,True
K03308.01,121123737,pdc,TESS-SPOC,PDCSAP_FLUX,OK,2,"80,81",200,2,-1553.4772,729.7731,analytic,8593.182,0.51046582,False,False
K03308.01,121123737,sap,SPOC,SAP_FLUX,OK,2,"80,81",120,2,-673.5524,663.63464,analytic,10087.346,0.76247569,False,True
K03308.01,121123737,sap,TESS-SPOC,SAP_FLUX,OK,2,"80,81",200,2,-830.48029,647.45522,analytic,7625.026,1.2408082,False,False
K03308.02,121123737,pdc,SPOC,PDCSAP_FLUX,OK,2,"80,81",120,9,769.96882,502.06598,bootstrap,11019.87,0.59119234,False,True
K03308.02,121123737,pdc,TESS-SPOC,PDCSAP_FLUX,OK,2,"80,81",200,9,1359.3814,503.65168,bootstrap,8583.0277,0.7626775,False,False
K03308.02,121123737,sap,SPOC,SAP_FLUX,OK,2,"80,81",120,10,561.12192,496.743,bootstrap,10442.853,1.4877404,False,True
K03308.02,121123737,sap,TESS-SPOC,SAP_FLUX,OK,2,"80,81",200,10,729.72899,458.88496,bootstrap,7819.6148,1.5806895,False,False
K01221.01,122225232,pdc,SPOC,PDCSAP_FLUX,OK,8,"40,41,54,55,74,75,80,81",120,3,63.69517,123.0831,analytic,1907.5434,0.40720832,False,False
K01221.01,122225232,pdc,TESS-SPOC,PDCSAP_FLUX,OK,8,"40,41,54,55,74,75,80,81","200,600",3,142.3278,96.850921,analytic,1228.6594,2.0328326,False,False
K01221.01,122225232,pdc,QLP,KSPSAP_FLUX,OK,5,"14,40,41,54,55","1800,600",1,322.38771,247.73768,analytic,1163.5301,,False,False
K01221.01,122225232,pdc,QLP,DET_FLUX,OK,4,"74,75,80,81",200,2,105.00514,222.39953,analytic,3115.8347,1.5936419,False,False
K01221.01,122225232,sap,SPOC,SAP_FLUX,OK,8,"40,41,54,55,74,75,80,81",120,3,-54.765584,74.55983,analytic,1438.2922,1.7909761,False,False
K01221.01,122225232,sap,TESS-SPOC,SAP_FLUX,OK,8,"40,41,54,55,74,75,80,81","200,600",3,-17.219886,68.311373,analytic,941.95018,2.063078,False,False
K01221.01,122225232,sap,QLP,SAP_FLUX,OK,9,"14,40,41,54,55,74,75,80,81","1800,200,600",3,898.58168,160.07181,analytic,2063.4097,8.5792063,False,True
K01221.02,122225232,pdc,SPOC,PDCSAP_FLUX,OK,8,"40,41,54,55,74,75,80,81",120,4,473.32278,79.27675,analytic,2063.7911,2.6403369,False,False
K01221.02,122225232,pdc,TESS-SPOC,PDCSAP_FLUX,OK,8,"40,41,54,55,74,75,80,81","200,600",4,290.16866,75.656332,analytic,1103.5892,1.3198389,False,False
K01221.02,122225232,pdc,QLP,KSPSAP_FLUX,OK,5,"14,40,41,54,55","1800,600",2,371.07415,140.35538,analytic,1114.6902,1.9935499,False,False
K01221.02,122225232,pdc,QLP,DET_FLUX,OK,4,"74,75,80,81",200,2,6.7495567,173.21393,analytic,2482.0127,0.67189508,False,False
K01221.02,122225232,sap,SPOC,SAP_FLUX,OK,8,"40,41,54,55,74,75,80,81",120,4,176.99197,56.450267,analytic,1416.0443,1.0731946,False,False
K01221.02,122225232,sap,TESS-SPOC,SAP_FLUX,OK,8,"40,41,54,55,74,75,80,81","200,600",4,167.34878,52.292671,analytic,781.28429,1.0839882,False,False
K01221.02,122225232,sap,QLP,SAP_FLUX,OK,9,"14,40,41,54,55,74,75,80,81","1800,200,600",4,284.72468,108.90626,analytic,1703.9708,1.3411112,False,True
K05001.01,351060980,pdc,SPOC,PDCSAP_FLUX,OK,4,"74,75,81,82",120,1,-3288.9476,5370.0096,analytic,27765.531,,False,True
K05001.01,351060980,pdc,TESS-SPOC,PDCSAP_FLUX,OK,4,"74,75,81,82",200,1,-2342.0597,4465.2312,analytic,17831.132,,False,False
K05001.01,351060980,sap,SPOC,SAP_FLUX,OK,4,"74,75,81,82",120,1,-1771.182,2359.1345,analytic,12197.859,,False,True
K05001.01,351060980,sap,TESS-SPOC,SAP_FLUX,OK,4,"74,75,81,82",200,1,-828.7921,1833.0994,analytic,7320.1669,,False,False
K00386.01,138569990,pdc,SPOC,PDCSAP_FLUX,OK,8,"40,41,54,55,74,75,81,82",120,8,1705.7074,393.77308,bootstrap,10334.718,0.13681872,False,True
K00386.01,138569990,pdc,TESS-SPOC,PDCSAP_FLUX,OK,8,"40,41,54,55,74,75,81,82","200,600",8,1704.4852,410.19045,bootstrap,7200.3504,0.33774784,False,False
K00386.01,138569990,pdc,QLP,KSPSAP_FLUX,OK,4,"40,41,54,55",600,4,2345.192,1146.9533,analytic,7818.7006,2.8649897,False,False
K00386.01,138569990,pdc,QLP,DET_FLUX,OK,4,"74,75,81,82",200,4,2937.6872,918.27973,analytic,12629.974,0.54694444,False,False
K00386.01,138569990,sap,SPOC,SAP_FLUX,OK,8,"40,41,54,55,74,75,81,82",120,8,1013.4111,218.36593,bootstrap,6001.0915,0.12934457,False,True
K00386.01,138569990,sap,TESS-SPOC,SAP_FLUX,OK,8,"40,41,54,55,74,75,81,82","200,600",8,859.24078,196.62434,bootstrap,3727.3851,0.59826776,False,False
K00386.01,138569990,sap,QLP,SAP_FLUX,OK,8,"40,41,54,55,74,75,81,82","200,600",8,2013.2115,555.3942,bootstrap,10256.866,1.192089,False,False
K00386.02,138569990,pdc,SPOC,PDCSAP_FLUX,OK,8,"40,41,54,55,74,75,81,82",120,4,614.50284,649.93069,analytic,12971.904,0.72877844,False,True
K00386.02,138569990,pdc,TESS-SPOC,PDCSAP_FLUX,OK,8,"40,41,54,55,74,75,81,82","200,600",4,35.279356,686.71914,analytic,8090.5897,0.42118081,False,False
K00386.02,138569990,pdc,QLP,KSPSAP_FLUX,OK,4,"40,41,54,55",600,2,-506.01792,1813.5962,analytic,11671.589,0.11445593,False,False
K00386.02,138569990,pdc,QLP,DET_FLUX,OK,4,"74,75,81,82",200,2,1735.2921,1415.6418,analytic,15997.569,0.89272051,False,False
K00386.02,138569990,sap,SPOC,SAP_FLUX,OK,8,"40,41,54,55,74,75,81,82",120,4,278.2992,413.50449,analytic,8367.9963,0.85221215,False,True
K00386.02,138569990,sap,TESS-SPOC,SAP_FLUX,OK,8,"40,41,54,55,74,75,81,82","200,600",4,-6.3113692,371.36629,analytic,4785.7764,0.40356911,False,False
K00386.02,138569990,sap,QLP,SAP_FLUX,OK,8,"40,41,54,55,74,75,81,82","200,600",4,2251.2668,1080.0017,analytic,13879.336,1.3535698,False,False
K04103.01,137319097,pdc,SPOC,PDCSAP_FLUX,NO_USABLE_TRANSIT,3,"74,81,82",120,0,,,none,,,False,True
K04103.01,137319097,pdc,TESS-SPOC,PDCSAP_FLUX,NO_USABLE_TRANSIT,3,"74,81,82",200,0,,,none,,,False,False
K04103.01,137319097,sap,SPOC,SAP_FLUX,NO_USABLE_TRANSIT,3,"74,81,82",120,0,,,none,,,False,True
K04103.01,137319097,sap,TESS-SPOC,SAP_FLUX,NO_USABLE_TRANSIT,3,"74,81,82",200,0,,,none,,,False,False
K04103.02,137319097,pdc,SPOC,PDCSAP_FLUX,OK,3,"74,81,82",120,4,-520.22061,1630.1647,analytic,27710.068,0.55813025,False,True
K04103.02,137319097,pdc,TESS-SPOC,PDCSAP_FLUX,OK,3,"74,81,82",200,4,-1275.6955,1627.1646,analytic,21878.659,1.285504,False,False
K04103.02,137319097,sap,SPOC,SAP_FLUX,OK,3,"74,81,82",120,4,-238.51594,403.91976,analytic,6718.2542,0.96795118,False,True
K04103.02,137319097,sap,TESS-SPOC,SAP_FLUX,OK,3,"74,81,82",200,4,-303.86974,401.05837,analytic,5203.6728,0.99719375,False,False
K05030.01,139035260,pdc,SPOC,PDCSAP_FLUX,NO_USABLE_TRANSIT,4,"74,75,81,82",120,0,,,none,,,False,True
K05030.01,139035260,pdc,TESS-SPOC,PDCSAP_FLUX,NO_USABLE_TRANSIT,4,"74,75,81,82",200,0,,,none,,,False,False
K05030.01,139035260,sap,SPOC,SAP_FLUX,NO_USABLE_TRANSIT,4,"74,75,81,82",120,0,,,none,,,False,True
K05030.01,139035260,sap,TESS-SPOC,SAP_FLUX,NO_USABLE_TRANSIT,4,"74,75,81,82",200,0,,,none,,,False,False
K07681.01,184014202,pdc,SPOC,PDCSAP_FLUX,OK,4,"74,75,81,82",120,15,134.8375,1074.3756,bootstrap,26855.628,0.78691116,False,True
K07681.01,184014202,pdc,TESS-SPOC,PDCSAP_FLUX,OK,4,"74,75,81,82",200,15,-754.37873,1276.1842,bootstrap,23395.163,0.37631251,False,False
K07681.01,184014202,sap,SPOC,SAP_FLUX,OK,4,"74,75,81,82",120,16,-255.71164,457.50305,bootstrap,12999.97,1.1132098,False,True
K07681.01,184014202,sap,TESS-SPOC,SAP_FLUX,OK,4,"74,75,81,82",200,16,-532.58868,501.74604,bootstrap,9927.0721,0.79720697,False,False
K07685.01,121011905,pdc,SPOC,PDCSAP_FLUX,OK,2,"80,81",120,1,-1277.2326,507.21808,analytic,7095.5971,,False,False
K07685.01,121011905,pdc,TESS-SPOC,PDCSAP_FLUX,OK,2,"80,81",200,1,229.66254,526.27799,analytic,5674.9047,,False,False
K07685.01,121011905,pdc,QLP,KSPSAP_FLUX,OK,5,"14,40,41,53,54","1800,600",1,-52.190054,742.80998,analytic,4787.4355,,False,False
K07685.01,121011905,pdc,QLP,DET_FLUX,OK,3,"74,80,81",200,1,-586.94454,659.04313,analytic,7110.731,,False,False
K07685.01,121011905,sap,SPOC,SAP_FLUX,OK,2,"80,81",120,1,2196.1714,343.69607,analytic,4808.0479,,False,False
K07685.01,121011905,sap,TESS-SPOC,SAP_FLUX,OK,2,"80,81",200,1,2363.3755,360.83361,analytic,3890.9025,,False,False
K07685.01,121011905,sap,QLP,SAP_FLUX,OK,8,"14,40,41,53,54,74,80,81","1800,200,600",2,826.39952,512.47276,analytic,6178.9923,3.2677382,False,True
K07685.02,121011905,pdc,SPOC,PDCSAP_FLUX,OK,2,"80,81",120,2,-493.14796,530.89966,analytic,6455.5608,0.97135833,False,False
K07685.02,121011905,pdc,TESS-SPOC,PDCSAP_FLUX,OK,2,"80,81",200,2,-219.9564,550.54921,analytic,5050.3016,0.17119209,False,False
K07685.02,121011905,pdc,QLP,KSPSAP_FLUX,OK,5,"14,40,41,53,54","1800,600",2,1.9567303,566.24053,analytic,4646.2705,,False,False
K07685.02,121011905,pdc,QLP,DET_FLUX,OK,3,"74,80,81",200,3,401.8899,587.77701,analytic,7803.1688,1.2659857,False,False
K07685.02,121011905,sap,SPOC,SAP_FLUX,OK,2,"80,81",120,2,4451.1427,379.2839,analytic,4731.8551,6.3672204,False,False
K07685.02,121011905,sap,TESS-SPOC,SAP_FLUX,OK,2,"80,81",200,2,4069.2884,349.41392,analytic,3573.6923,5.0243058,False,False
K07685.02,121011905,sap,QLP,SAP_FLUX,OK,8,"14,40,41,53,54,74,80,81","1800,200,600",5,741.94366,389.93585,analytic,6534.4124,0.29568235,False,True
K03358.01,351063477,pdc,QLP,KSPSAP_FLUX,OK,5,"14,40,41,54,55","1800,600",11,-987.73102,2142.4452,bootstrap,4681.8992,1.8894589,True,True
K03358.01,351063477,pdc,QLP,DET_FLUX,OK,3,"75,81,82",200,7,1845.2806,1468.2866,analytic,10772.618,0.4766617,False,False
K03358.01,351063477,sap,QLP,SAP_FLUX,OK,8,"14,40,41,54,55,75,81,82","1800,200,600",18,-241.429,1720.7485,bootstrap,8415.1438,0.7572216,True,True
K02691.01,121940463,pdc,SPOC,PDCSAP_FLUX,OK,2,"80,81",120,1,-1943.3012,2184.4149,analytic,21438.849,,False,True
K02691.01,121940463,pdc,TESS-SPOC,PDCSAP_FLUX,OK,2,"80,81",200,1,-503.39141,2300.6857,analytic,17512.447,,False,False
K02691.01,121940463,sap,SPOC,SAP_FLUX,OK,2,"80,81",120,1,-1061.831,1253.1092,analytic,12298.589,,False,True
K02691.01,121940463,sap,TESS-SPOC,SAP_FLUX,OK,2,"80,81",200,1,-549.88099,1332.3365,analytic,10141.529,,False,False
K02560.01,184164861,pdc,SPOC,PDCSAP_FLUX,OK,1,41,120,2,-17978.991,4293.5386,analytic,44780.779,2.0967684,False,True
K02560.01,184164861,pdc,TESS-SPOC,PDCSAP_FLUX,OK,1,41,600,2,-14899.651,4406.9754,analytic,20149.805,4.0430063,False,False
K02560.01,184164861,sap,SPOC,SAP_FLUX,OK,1,41,120,2,-3098.5062,853.4132,analytic,8890.7261,4.5106269,False,True
K02560.01,184164861,sap,TESS-SPOC,SAP_FLUX,OK,1,41,600,2,-4131.1912,814.30259,analytic,3779.685,4.3722304,False,False
K01996.01,121734006,pdc,SPOC,PDCSAP_FLUX,OK,2,"80,81",120,4,8053.7186,3693.2698,analytic,47884.377,1.1659447,False,True
K01996.01,121734006,pdc,TESS-SPOC,PDCSAP_FLUX,OK,2,"80,81",200,5,2947.2393,3681.7414,analytic,44340.692,0.93183517,False,False
K01996.01,121734006,sap,SPOC,SAP_FLUX,OK,2,"80,81",120,5,684.4041,385.15439,analytic,6016.3979,0.40861715,False,True
K01996.01,121734006,sap,TESS-SPOC,SAP_FLUX,OK,2,"80,81",200,5,480.50495,367.52129,analytic,4214.7219,0.46197365,False,False
K01996.02,121734006,pdc,SPOC,PDCSAP_FLUX,OK,2,"80,81",120,8,-507.00883,2745.122,bootstrap,48908.035,0.11932222,False,True
K01996.02,121734006,pdc,TESS-SPOC,PDCSAP_FLUX,OK,2,"80,81",200,8,-222.46116,2039.6521,bootstrap,41169.612,0.2362012,False,False
K01996.02,121734006,sap,SPOC,SAP_FLUX,OK,2,"80,81",120,8,56.072143,275.79015,bootstrap,5503.2307,0.27670091,False,True
K01996.02,121734006,sap,TESS-SPOC,SAP_FLUX,OK,2,"80,81",200,8,62.22087,202.76562,bootstrap,4289.8969,0.54166554,False,False
K06450.01,184468710,pdc,SPOC,PDCSAP_FLUX,OK,2,"41,75",120,78,190.30936,88.130371,bootstrap,3952.6445,0.49004389,False,False
K06450.01,184468710,pdc,TESS-SPOC,PDCSAP_FLUX,OK,2,"41,75","200,600",78,273.83243,104.06002,bootstrap,2133.0408,1.1741939,False,False
K06450.01,184468710,pdc,QLP,KSPSAP_FLUX,OK,5,"14,15,41,54,55","1800,600",207,791.42394,575.63533,bootstrap,2006.339,1.2040769,True,False
K06450.01,184468710,pdc,QLP,DET_FLUX,OK,3,"75,81,82",200,124,109.42139,83.090349,bootstrap,3607.3799,0.034173469,False,False
K06450.01,184468710,sap,SPOC,SAP_FLUX,OK,2,"41,75",120,83,152.31336,54.788075,bootstrap,2632.8947,0.96708159,False,False
K06450.01,184468710,sap,TESS-SPOC,SAP_FLUX,OK,2,"41,75","200,600",83,180.9815,64.251417,bootstrap,1412.2058,1.2979895,False,False
K06450.01,184468710,sap,QLP,SAP_FLUX,OK,8,"14,15,41,54,55,75,81,82","1800,200,600",331,498.99481,352.53263,bootstrap,2575.0036,1.2588991,True,True
K02243.01,169561256,pdc,SPOC,PDCSAP_FLUX,OK,1,75,120,5,5124.6959,1543.3723,analytic,26045.516,0.65321325,False,True
K02243.01,169561256,pdc,TESS-SPOC,PDCSAP_FLUX,OK,1,75,200,5,5050.4135,1709.7008,analytic,23620.662,0.78911306,False,False
K02243.01,169561256,sap,SPOC,SAP_FLUX,OK,1,75,120,5,1479.5099,420.70666,analytic,7148.976,0.79369928,False,True
K02243.01,169561256,sap,TESS-SPOC,SAP_FLUX,OK,1,75,200,5,1453.1854,431.51615,analytic,5946.5509,1.3334602,False,False
K02243.02,169561256,pdc,SPOC,PDCSAP_FLUX,OK,1,75,120,3,4370.6781,2527.7637,analytic,27912.229,0.38468356,False,True
K02243.02,169561256,pdc,TESS-SPOC,PDCSAP_FLUX,OK,1,75,200,3,5025.804,2635.3987,analytic,20836.273,0.66657145,False,False
K02243.02,169561256,sap,SPOC,SAP_FLUX,OK,1,75,120,4,1017.0275,616.68598,analytic,8232.3874,0.22679461,False,True
K02243.02,169561256,sap,TESS-SPOC,SAP_FLUX,OK,1,75,200,4,1190.2418,564.37847,analytic,5655.2291,0.94165079,False,False
K02243.03,169561256,pdc,SPOC,PDCSAP_FLUX,OK,1,75,120,1,4142.7537,6925.641,analytic,34508.591,,False,True
K02243.03,169561256,pdc,TESS-SPOC,PDCSAP_FLUX,OK,1,75,200,1,5439.9477,6431.0242,analytic,24580.226,,False,False
K02243.03,169561256,sap,SPOC,SAP_FLUX,OK,1,75,120,1,934.6186,1844.2623,analytic,9189.4588,,False,True
K02243.03,169561256,sap,TESS-SPOC,SAP_FLUX,OK,1,75,200,1,1291.1894,1653.7181,analytic,6320.7293,,False,False
K07712.01,121013297,pdc,SPOC,PDCSAP_FLUX,OK,4,"74,75,80,81",120,19,-127.63257,58.275926,bootstrap,2157.186,1.7027366,False,False
K07712.01,121013297,pdc,TESS-SPOC,PDCSAP_FLUX,OK,4,"74,75,80,81",200,19,-130.48806,52.426541,bootstrap,1699.9063,0.48092931,False,False
K07712.01,121013297,pdc,QLP,KSPSAP_FLUX,OK,5,"14,40,41,53,54","1800,600",26,2362.4684,1420.525,bootstrap,1506.1469,0.43041263,False,False
K07712.01,121013297,pdc,QLP,DET_FLUX,OK,4,"74,75,80,81",200,21,-69.845011,129.39764,bootstrap,2808.7869,0.58827733,False,False
K07712.01,121013297,sap,SPOC,SAP_FLUX,OK,4,"74,75,80,81",120,21,-85.992562,61.379584,bootstrap,2185.1164,0.41694623,False,False
K07712.01,121013297,sap,TESS-SPOC,SAP_FLUX,OK,4,"74,75,80,81",200,21,-70.533777,57.45071,bootstrap,1641.4331,0.33973887,False,False
K07712.01,121013297,sap,QLP,SAP_FLUX,OK,9,"14,40,41,53,54,74,75,80,81","1800,200,600",47,1334.2694,825.34101,bootstrap,2124.5532,0.47360194,False,True
K02878.01,138425797,pdc,SPOC,PDCSAP_FLUX,OK,8,"40,41,54,55,74,75,81,82",120,50,766.89373,623.43583,bootstrap,20436.662,0.26460959,False,True
K02878.01,138425797,pdc,TESS-SPOC,PDCSAP_FLUX,OK,8,"40,41,54,55,74,75,81,82","200,600",51,843.28617,589.687,bootstrap,13977.604,0.30367839,False,False
K02878.01,138425797,sap,SPOC,SAP_FLUX,OK,8,"40,41,54,55,74,75,81,82",120,52,276.84857,299.02001,bootstrap,8116.7302,0.21183882,False,True
K02878.01,138425797,sap,TESS-SPOC,SAP_FLUX,OK,8,"40,41,54,55,74,75,81,82","200,600",52,233.97447,221.12464,bootstrap,4650.5087,0.49871532,False,False
K02693.01,137155210,pdc,SPOC,PDCSAP_FLUX,OK,8,"40,41,54,55,74,75,81,82",120,50,377.66205,150.82758,bootstrap,4822.3027,1.6905952,False,False
K02693.01,137155210,pdc,TESS-SPOC,PDCSAP_FLUX,OK,8,"40,41,54,55,74,75,81,82","200,600",50,280.34446,142.02576,bootstrap,3049.2176,0.84969256,False,False
K02693.01,137155210,pdc,QLP,KSPSAP_FLUX,OK,5,"14,40,41,54,55","1800,600",32,529.49065,341.0791,bootstrap,2404.3973,2.4787502,True,False
K02693.01,137155210,pdc,QLP,DET_FLUX,OK,4,"74,75,81,82",200,25,-130.55278,290.90526,bootstrap,4518.3229,0.94640964,False,False
K02693.01,137155210,sap,SPOC,SAP_FLUX,OK,8,"40,41,54,55,74,75,81,82",120,51,362.46548,138.70598,bootstrap,4352.4833,1.7578357,False,False
K02693.01,137155210,sap,TESS-SPOC,SAP_FLUX,OK,8,"40,41,54,55,74,75,81,82","200,600",51,247.29993,111.4145,bootstrap,2547.6284,0.99817681,False,False
K02693.01,137155210,sap,QLP,SAP_FLUX,OK,9,"14,40,41,54,55,74,75,81,82","1800,200,600",57,289.03837,223.36588,bootstrap,3375.3465,2.0007325,True,True
K02693.02,137155210,pdc,SPOC,PDCSAP_FLUX,OK,8,"40,41,54,55,74,75,81,82",120,16,-93.951564,170.05102,bootstrap,4737.358,2.1305606,False,False
K02693.02,137155210,pdc,TESS-SPOC,PDCSAP_FLUX,OK,8,"40,41,54,55,74,75,81,82","200,600",16,-142.00721,224.75149,bootstrap,2841.8586,1.8406579,False,False
K02693.02,137155210,pdc,QLP,KSPSAP_FLUX,OK,5,"14,40,41,54,55","1800,600",12,2202.5456,1005.0372,bootstrap,3041.0445,4.7722063,False,False
K02693.02,137155210,pdc,QLP,DET_FLUX,OK,4,"74,75,81,82",200,7,-825.56552,432.58266,analytic,5325.8524,0.56916109,False,False
K02693.02,137155210,sap,SPOC,SAP_FLUX,OK,8,"40,41,54,55,74,75,81,82",120,17,-152.59247,127.06354,bootstrap,4474.4201,2.0503618,False,False
K02693.02,137155210,sap,TESS-SPOC,SAP_FLUX,OK,8,"40,41,54,55,74,75,81,82","200,600",17,-148.86133,129.88156,bootstrap,2553.3417,1.7478512,False,False
K02693.02,137155210,sap,QLP,SAP_FLUX,OK,9,"14,40,41,54,55,74,75,81,82","1800,200,600",19,1719.2291,978.34269,bootstrap,3443.7567,1.5631022,False,True
K02693.03,137155210,pdc,SPOC,PDCSAP_FLUX,OK,8,"40,41,54,55,74,75,81,82",120,26,485.93002,218.02151,bootstrap,5268.924,0.71327405,False,False
K02693.03,137155210,pdc,TESS-SPOC,PDCSAP_FLUX,OK,8,"40,41,54,55,74,75,81,82","200,600",25,365.06346,184.29425,bootstrap,2643.9603,0.68542097,False,False
K02693.03,137155210,pdc,QLP,KSPSAP_FLUX,OK,5,"14,40,41,54,55","1800,600",19,320.15583,339.01144,bootstrap,2371.7271,0.60826731,True,False
K02693.03,137155210,pdc,QLP,DET_FLUX,OK,4,"74,75,81,82",200,13,50.830967,280.08319,bootstrap,5101.9161,0.19290596,False,False
K02693.03,137155210,sap,SPOC,SAP_FLUX,OK,8,"40,41,54,55,74,75,81,82",120,28,319.26689,194.06385,bootstrap,4954.5094,0.91577623,False,False
K02693.03,137155210,sap,TESS-SPOC,SAP_FLUX,OK,8,"40,41,54,55,74,75,81,82","200,600",27,310.74854,159.02813,bootstrap,2403.6762,1.1704551,False,False
K02693.03,137155210,sap,QLP,SAP_FLUX,OK,9,"14,40,41,54,55,74,75,81,82","1800,200,600",32,207.98,251.1447,bootstrap,3549.6216,0.51612433,True,True
K01932.01,184247532,pdc,SPOC,PDCSAP_FLUX,OK,3,"74,81,82",120,3,556.62141,242.73738,analytic,4096.3999,0.11006445,False,False
K01932.01,184247532,pdc,TESS-SPOC,PDCSAP_FLUX,OK,3,"74,81,82",200,3,503.66207,279.6387,analytic,3462.2184,0.30555788,False,False
K01932.01,184247532,pdc,QLP,KSPSAP_FLUX,OK,5,"14,15,41,54,55","1800,600",6,-254.23138,280.98552,analytic,2679.7171,0.59463461,False,False
K01932.01,184247532,pdc,QLP,DET_FLUX,OK,3,"74,81,82",200,3,537.73756,334.8366,analytic,4019.9822,1.6846574,False,False
K01932.01,184247532,sap,SPOC,SAP_FLUX,OK,3,"74,81,82",120,3,271.06301,201.25609,analytic,3195.0701,0.46119184,False,False
K01932.01,184247532,sap,TESS-SPOC,SAP_FLUX,OK,3,"74,81,82",200,3,276.25264,212.9098,analytic,2631.7399,0.40667963,False,False
K01932.01,184247532,sap,QLP,SAP_FLUX,OK,8,"14,15,41,54,55,74,81,82","1800,200,600",9,194.50309,280.99625,bootstrap,2818.5804,1.5188784,False,True
K01932.02,184247532,pdc,SPOC,PDCSAP_FLUX,OK,3,"74,81,82",120,6,294.06695,182.29774,analytic,4123.1132,0.34084007,False,False
K01932.02,184247532,pdc,TESS-SPOC,PDCSAP_FLUX,OK,3,"74,81,82",200,6,734.97625,223.13037,analytic,3675.8032,2.2264584,False,False
K01932.02,184247532,pdc,QLP,KSPSAP_FLUX,OK,5,"14,15,41,54,55","1800,600",10,154.16265,201.76173,bootstrap,2253.7197,1.481907,False,False
K01932.02,184247532,pdc,QLP,DET_FLUX,OK,3,"74,81,82",200,6,512.76055,258.38173,analytic,4445.2222,0.5654078,False,False
K01932.02,184247532,sap,SPOC,SAP_FLUX,OK,3,"74,81,82",120,6,-10.059497,162.01043,analytic,3610.8332,1.100643,False,False
K01932.02,184247532,sap,TESS-SPOC,SAP_FLUX,OK,3,"74,81,82",200,6,83.503902,172.00411,analytic,2888.9186,0.026672357,False,False
K01932.02,184247532,sap,QLP,SAP_FLUX,OK,8,"14,15,41,54,55,74,81,82","1800,200,600",16,274.02184,240.48298,bootstrap,2794.4104,1.0219247,False,True
K02711.01,122707140,pdc,SPOC,PDCSAP_FLUX,OK,4,"74,75,81,82",120,12,-160.46478,239.91039,bootstrap,7766.6431,0.48252408,False,False
K02711.01,122707140,pdc,TESS-SPOC,PDCSAP_FLUX,OK,4,"74,75,81,82",200,12,-283.38103,175.51394,bootstrap,6623.9015,0.42447562,False,False
K02711.01,122707140,pdc,QLP,KSPSAP_FLUX,OK,5,"14,40,41,54,55","1800,600",14,519.77355,799.0398,bootstrap,5552.8084,0.88938224,False,False
K02711.01,122707140,pdc,QLP,DET_FLUX,OK,4,"74,75,81,82",200,12,895.70753,526.18058,bootstrap,10029.962,1.8335214,False,False
K02711.01,122707140,sap,SPOC,SAP_FLUX,OK,4,"74,75,81,82",120,12,-277.94164,179.70969,bootstrap,6446.3956,0.47416696,False,False
K02711.01,122707140,sap,TESS-SPOC,SAP_FLUX,OK,4,"74,75,81,82",200,12,-385.29143,121.81997,bootstrap,4948.222,0.28087338,False,False
K02711.01,122707140,sap,QLP,SAP_FLUX,OK,9,"14,40,41,54,55,74,75,81,82","1800,200,600",26,690.84163,521.70441,bootstrap,7243.711,1.4826233,False,True
K02711.02,122707140,pdc,SPOC,PDCSAP_FLUX,OK,4,"74,75,81,82",120,6,752.22467,438.47857,analytic,7510.5609,0.6666677,False,False
K02711.02,122707140,pdc,TESS-SPOC,PDCSAP_FLUX,OK,4,"74,75,81,82",200,6,955.07893,501.95248,analytic,6392.768,0.63518904,False,False
K02711.02,122707140,pdc,QLP,KSPSAP_FLUX,OK,5,"14,40,41,54,55","1800,600",7,2500.0016,655.49308,analytic,6272.6109,1.864958,False,False
K02711.02,122707140,pdc,QLP,DET_FLUX,OK,4,"74,75,81,82",200,6,137.47864,787.00687,analytic,10692.398,1.0008765,False,False
K02711.02,122707140,sap,SPOC,SAP_FLUX,OK,4,"74,75,81,82",120,6,702.81106,369.54404,analytic,6247.0491,0.58441146,False,False
K02711.02,122707140,sap,TESS-SPOC,SAP_FLUX,OK,4,"74,75,81,82",200,6,638.33986,373.58833,analytic,4697.3063,0.64472138,False,False
K02711.02,122707140,sap,QLP,SAP_FLUX,OK,9,"14,40,41,54,55,74,75,81,82","1800,200,600",13,1547.2253,675.23771,bootstrap,8825.8786,1.5364843,False,True
K04411.01,138299395,pdc,SPOC,PDCSAP_FLUX,OK,8,"40,41,54,55,74,75,81,82",120,17,120.24847,234.2253,bootstrap,8524.7092,0.24136977,False,True
K04411.01,138299395,pdc,TESS-SPOC,PDCSAP_FLUX,OK,8,"40,41,54,55,74,75,81,82","200,600",17,248.2932,295.4279,bootstrap,5003.2219,0.75809797,False,False
K04411.01,138299395,pdc,QLP,KSPSAP_FLUX,OK,4,"40,41,54,55",600,9,389.7642,434.18065,bootstrap,4148.6872,1.6699464,False,False
K04411.01,138299395,pdc,QLP,DET_FLUX,OK,4,"74,75,81,82",200,9,241.45678,756.21275,bootstrap,9183.7185,0.3595755,False,False
K04411.01,138299395,sap,SPOC,SAP_FLUX,OK,8,"40,41,54,55,74,75,81,82",120,18,27.198403,117.30811,bootstrap,5212.2933,0.69009925,False,True
K04411.01,138299395,sap,TESS-SPOC,SAP_FLUX,OK,8,"40,41,54,55,74,75,81,82","200,600",18,72.500607,147.27991,bootstrap,2991.4246,0.52569423,False,False
K04411.01,138299395,sap,QLP,SAP_FLUX,OK,8,"40,41,54,55,74,75,81,82","200,600",18,371.60624,391.77035,bootstrap,7654.5389,0.74183534,False,False
K04409.01,172372582,pdc,SPOC,PDCSAP_FLUX,OK,4,"74,75,81,82",120,7,1010.052,221.51668,analytic,4254.8605,1.3096458,False,False
K04409.01,172372582,pdc,TESS-SPOC,PDCSAP_FLUX,OK,4,"74,75,81,82",200,7,944.28501,248.67968,analytic,3602.4703,1.0832858,False,False
K04409.01,172372582,pdc,QLP,KSPSAP_FLUX,OK,5,"14,15,41,54,55","1800,600",8,433.71969,527.03034,bootstrap,2200.128,0.91173003,False,False
K04409.01,172372582,pdc,QLP,DET_FLUX,OK,4,"74,75,81,82",200,7,841.86401,324.63449,analytic,4836.3796,0.90716245,False,False
K04409.01,172372582,sap,SPOC,SAP_FLUX,OK,4,"74,75,81,82",120,7,305.86006,134.27272,analytic,2514.5493,0.90447209,False,False
K04409.01,172372582,sap,TESS-SPOC,SAP_FLUX,OK,4,"74,75,81,82",200,7,211.88869,139.84829,analytic,2038.6673,0.51851144,False,False
K04409.01,172372582,sap,QLP,SAP_FLUX,OK,9,"14,15,41,54,55,74,75,81,82","1800,200,600",15,668.89298,336.30675,bootstrap,3504.8148,1.5057454,False,True
K02297.01,120251654,pdc,SPOC,PDCSAP_FLUX,OK,3,"74,80,81",120,16,-303.2875,313.77071,bootstrap,11764.35,0.66724027,False,True
K02297.01,120251654,pdc,TESS-SPOC,PDCSAP_FLUX,OK,3,"74,80,81",200,16,-61.28993,258.88287,bootstrap,9469.0774,0.80473272,False,False
K02297.01,120251654,sap,SPOC,SAP_FLUX,OK,3,"74,80,81",120,16,-131.67447,210.26032,bootstrap,8097.5805,0.36686682,False,True
K02297.01,120251654,sap,TESS-SPOC,SAP_FLUX,OK,3,"74,80,81",200,16,65.837144,194.68462,bootstrap,5926.1527,0.53338902,False,False
K02219.01,122300177,pdc,SPOC,PDCSAP_FLUX,OK,4,"74,75,80,82",120,27,470.91709,617.09092,bootstrap,10031.049,0.96599518,False,True
K02219.01,122300177,pdc,TESS-SPOC,PDCSAP_FLUX,OK,4,"74,75,80,82",200,27,1386.4366,692.69246,bootstrap,8624.1703,0.81692494,False,False
K02219.01,122300177,sap,SPOC,SAP_FLUX,OK,4,"74,75,80,82",120,29,228.78313,248.29937,bootstrap,5140.1405,1.3268167,False,True
K02219.01,122300177,sap,TESS-SPOC,SAP_FLUX,OK,4,"74,75,80,82",200,29,649.84725,288.0839,bootstrap,3912.1472,0.5918313,False,False
K03444.01,169460096,pdc,SPOC,PDCSAP_FLUX,OK,3,"14,54,55",120,6,-569.86883,396.24645,analytic,5567.0081,0.82156801,False,False
K03444.01,169460096,pdc,TESS-SPOC,PDCSAP_FLUX,OK,4,"14,15,54,55","1800,600",8,-585.65144,230.38009,bootstrap,2572.1725,0.66703201,True,False
K03444.01,169460096,pdc,QLP,KSPSAP_FLUX,OK,4,"14,15,54,55","1800,600",9,-1066.6933,648.68211,bootstrap,3185.1184,2.0547158,True,False
K03444.01,169460096,pdc,QLP,DET_FLUX,OK,3,"74,81,82",200,6,259.33988,573.82072,analytic,6392.4369,0.40097309,False,False
K03444.01,169460096,sap,SPOC,SAP_FLUX,OK,3,"14,54,55",120,7,-434.56146,271.6542,analytic,4223.1364,0.81390926,False,False
K03444.01,169460096,sap,TESS-SPOC,SAP_FLUX,OK,4,"14,15,54,55","1800,600",9,-529.23678,205.34837,bootstrap,1808.9923,1.0505167,True,False
K03444.01,169460096,sap,QLP,SAP_FLUX,OK,7,"14,15,54,55,74,81,82","1800,200,600",15,-624.92834,429.81168,bootstrap,3812.6432,2.0751141,True,True
K03444.02,169460096,pdc,SPOC,PDCSAP_FLUX,OK,3,"14,54,55",120,1,1465.1964,983.64068,analytic,4815.2164,,False,False
K03444.02,169460096,pdc,TESS-SPOC,PDCSAP_FLUX,OK,4,"14,15,54,55","1800,600",2,2114.3414,628.67977,analytic,1348.2017,,True,False
K03444.02,169460096,pdc,QLP,KSPSAP_FLUX,OK,4,"14,15,54,55","1800,600",2,491.05805,750.67362,analytic,2664.9394,,True,False
K03444.02,169460096,pdc,QLP,DET_FLUX,OK,3,"74,81,82",200,1,5298.7565,1176.0244,analytic,4376.0363,,False,False
K03444.02,169460096,sap,SPOC,SAP_FLUX,OK,3,"14,54,55",120,1,990.6531,670.26351,analytic,3281.1411,,False,False
K03444.02,169460096,sap,TESS-SPOC,SAP_FLUX,OK,4,"14,15,54,55","1800,600",2,1340.2566,591.30697,analytic,1421.2294,,True,False
K03444.02,169460096,sap,QLP,SAP_FLUX,OK,7,"14,15,54,55,74,81,82","1800,200,600",3,1797.7119,639.96264,analytic,3737.723,,True,True
K03444.03,169460096,pdc,SPOC,PDCSAP_FLUX,OK,3,"14,54,55",120,26,280.64858,214.48038,bootstrap,5809.3673,0.51906055,False,False
K03444.03,169460096,pdc,TESS-SPOC,PDCSAP_FLUX,OK,4,"14,15,54,55","1800,600",30,253.78686,366.44233,bootstrap,2237.9405,0.055854234,True,False
K03444.03,169460096,pdc,QLP,KSPSAP_FLUX,OK,4,"14,15,54,55","1800,600",34,2120.2498,699.33011,bootstrap,2487.7242,1.0267447,True,False
K03444.03,169460096,pdc,QLP,DET_FLUX,OK,3,"74,81,82",200,27,172.10118,401.39766,bootstrap,5894.0478,0.12665476,False,False
K03444.03,169460096,sap,SPOC,SAP_FLUX,OK,3,"14,54,55",120,29,195.02501,163.49795,bootstrap,4452.5113,0.40465693,False,False
K03444.03,169460096,sap,TESS-SPOC,SAP_FLUX,OK,4,"14,15,54,55","1800,600",33,67.324542,197.05103,bootstrap,1366.4668,2.0839477,True,False
K03444.03,169460096,sap,QLP,SAP_FLUX,OK,7,"14,15,54,55,74,81,82","1800,200,600",61,1606.9572,562.15764,bootstrap,4209.8306,0.99218891,True,True
K03444.04,169460096,pdc,SPOC,PDCSAP_FLUX,OK,3,"14,54,55",120,6,224.28292,439.41685,analytic,4923.3721,0.52132639,False,False
K03444.04,169460096,pdc,TESS-SPOC,PDCSAP_FLUX,OK,4,"14,15,54,55","1800,600",5,350.39958,534.81425,analytic,2573.9772,0.3257784,True,False
K03444.04,169460096,pdc,QLP,KSPSAP_FLUX,OK,4,"14,15,54,55","1800,600",5,473.59158,616.13491,analytic,3008.1998,2.3441747,True,False
K03444.04,169460096,pdc,QLP,DET_FLUX,OK,3,"74,81,82",200,6,42.303321,507.6427,analytic,5160.2585,1.0773874,False,False
K03444.04,169460096,sap,SPOC,SAP_FLUX,OK,3,"14,54,55",120,6,287.15384,306.94638,analytic,3472.0595,0.080617917,False,False
K03444.04,169460096,sap,TESS-SPOC,SAP_FLUX,OK,4,"14,15,54,55","1800,600",5,-14.830814,329.69777,analytic,1746.1056,0.69719757,True,False
K03444.04,169460096,sap,QLP,SAP_FLUX,OK,7,"14,15,54,55,74,81,82","1800,200,600",11,234.00849,403.76474,bootstrap,4370.5808,0.377372,True,True
K05158.01,171976306,pdc,SPOC,PDCSAP_FLUX,OK,4,"74,75,81,82",120,1,1812.6574,538.05006,analytic,3350.1656,,False,False
K05158.01,171976306,pdc,TESS-SPOC,PDCSAP_FLUX,OK,4,"74,75,81,82",200,1,1765.7684,441.60686,analytic,2133.0017,,False,False
K05158.01,171976306,pdc,QLP,KSPSAP_FLUX,NO_USABLE_TRANSIT,5,"14,15,41,54,55","1800,600",0,,,none,,,False,False
K05158.01,171976306,pdc,QLP,DET_FLUX,OK,4,"74,75,81,82",200,1,1484.9451,745.87098,analytic,3602.6253,,False,False
K05158.01,171976306,sap,SPOC,SAP_FLUX,OK,4,"74,75,81,82",120,1,439.10902,319.81397,analytic,1991.3199,,False,False
K05158.01,171976306,sap,TESS-SPOC,SAP_FLUX,OK,4,"74,75,81,82",200,1,1219.0491,242.19473,analytic,1169.8228,,False,False
K05158.01,171976306,sap,QLP,SAP_FLUX,OK,9,"14,15,41,54,55,74,75,81,82","1800,200,600",1,1485.6119,765.42659,analytic,3697.0807,,False,True
K03791.01,121603086,pdc,SPOC,PDCSAP_FLUX,NO_USABLE_TRANSIT,4,"74,75,80,81",120,0,,,none,,,False,False
K03791.01,121603086,pdc,TESS-SPOC,PDCSAP_FLUX,NO_USABLE_TRANSIT,4,"74,75,80,81",200,0,,,none,,,False,False
K03791.01,121603086,pdc,QLP,KSPSAP_FLUX,OK,5,"14,40,41,54,55","1800,600",1,2122.9726,644.05155,analytic,5054.0178,,False,False
K03791.01,121603086,pdc,QLP,DET_FLUX,NO_USABLE_TRANSIT,4,"74,75,80,81",200,0,,,none,,,False,False
K03791.01,121603086,sap,SPOC,SAP_FLUX,NO_USABLE_TRANSIT,4,"74,75,80,81",120,0,,,none,,,False,False
K03791.01,121603086,sap,TESS-SPOC,SAP_FLUX,NO_USABLE_TRANSIT,4,"74,75,80,81",200,0,,,none,,,False,False
K03791.01,121603086,sap,QLP,SAP_FLUX,OK,9,"14,40,41,54,55,74,75,80,81","1800,200,600",1,2651.7508,643.13859,analytic,5046.8535,,False,True
K03791.02,121603086,pdc,SPOC,PDCSAP_FLUX,OK,4,"74,75,80,81",120,1,3576.4143,551.18155,analytic,9208.5835,,False,False
K03791.02,121603086,pdc,TESS-SPOC,PDCSAP_FLUX,OK,4,"74,75,80,81",200,1,3906.0184,621.95597,analytic,8045.8124,,False,False
K03791.02,121603086,pdc,QLP,KSPSAP_FLUX,NO_USABLE_TRANSIT,5,"14,40,41,54,55","1800,600",0,,,none,,,False,False
K03791.02,121603086,pdc,QLP,DET_FLUX,OK,4,"74,75,80,81",200,1,2341.7199,745.95467,analytic,9459.619,,False,False
K03791.02,121603086,sap,SPOC,SAP_FLUX,OK,4,"74,75,80,81",120,1,2770.1502,433.92076,analytic,7249.5089,,False,False
K03791.02,121603086,sap,TESS-SPOC,SAP_FLUX,OK,4,"74,75,80,81",200,1,3007.4243,438.1323,analytic,5667.8132,,False,False
K03791.02,121603086,sap,QLP,SAP_FLUX,OK,9,"14,40,41,54,55,74,75,80,81","1800,200,600",1,4404.5886,737.14249,analytic,9347.8697,,False,True
K01930.01,258203303,pdc,SPOC,PDCSAP_FLUX,OK,8,"26,40,41,53,54,74,80,81",120,11,27.275355,143.27173,bootstrap,2891.5842,1.1205564,False,False
K01930.01,258203303,pdc,TESS-SPOC,PDCSAP_FLUX,OK,8,"26,40,41,53,54,74,80,81","1800,200,600",12,45.472794,165.5882,bootstrap,1500.3703,2.5145612,False,False
K01930.01,258203303,pdc,QLP,KSPSAP_FLUX,OK,6,"14,26,40,41,53,54","1800,600",9,138.52458,265.4075,bootstrap,1524.3635,1.0006991,False,False
K01930.01,258203303,pdc,QLP,DET_FLUX,OK,3,"74,80,81",200,6,-149.37432,139.5732,analytic,2697.5272,0.68082184,False,False
K01930.01,258203303,sap,SPOC,SAP_FLUX,OK,8,"26,40,41,53,54,74,80,81",120,13,-72.856303,93.94827,bootstrap,2174.7415,1.2141883,False,False
K01930.01,258203303,sap,TESS-SPOC,SAP_FLUX,OK,8,"26,40,41,53,54,74,80,81","1800,200,600",13,-64.30611,106.49291,bootstrap,1169.0265,1.7782815,False,False
K01930.01,258203303,sap,QLP,SAP_FLUX,OK,9,"14,26,40,41,53,54,74,80,81","1800,200,600",15,-125.0654,176.1586,bootstrap,2199.3787,2.1747178,False,True
K01930.02,258203303,pdc,SPOC,PDCSAP_FLUX,OK,8,"26,40,41,53,54,74,80,81",120,6,294.87068,116.12832,analytic,3066.777,2.386214,False,False
K01930.02,258203303,pdc,TESS-SPOC,PDCSAP_FLUX,OK,8,"26,40,41,53,54,74,80,81","1800,200,600",6,373.53027,112.57138,analytic,1470.5891,1.6888795,False,False
K01930.02,258203303,pdc,QLP,KSPSAP_FLUX,OK,6,"14,26,40,41,53,54","1800,600",5,29.830005,135.18537,analytic,1301.3308,2.7807138,False,False
K01930.02,258203303,pdc,QLP,DET_FLUX,OK,3,"74,80,81",200,3,191.10977,191.07634,analytic,2997.0685,2.2754318,False,False
K01930.02,258203303,sap,SPOC,SAP_FLUX,OK,8,"26,40,41,53,54,74,80,81",120,7,214.27416,80.355079,analytic,2297.7444,1.9010347,False,False
K01930.02,258203303,sap,TESS-SPOC,SAP_FLUX,OK,8,"26,40,41,53,54,74,80,81","1800,200,600",7,232.55078,82.76224,analytic,1412.9233,1.189288,False,False
K01930.02,258203303,sap,QLP,SAP_FLUX,OK,9,"14,26,40,41,53,54,74,80,81","1800,200,600",8,636.45043,392.65459,bootstrap,2077.8639,5.0283968,False,True
K01930.03,258203303,pdc,SPOC,PDCSAP_FLUX,OK,8,"26,40,41,53,54,74,80,81",120,4,293.56307,124.27736,analytic,2990.2372,0.12235823,False,False
K01930.03,258203303,pdc,TESS-SPOC,PDCSAP_FLUX,OK,8,"26,40,41,53,54,74,80,81","1800,200,600",4,264.25613,126.37354,analytic,1823.0178,1.0122156,False,False
K01930.03,258203303,pdc,QLP,KSPSAP_FLUX,OK,6,"14,26,40,41,53,54","1800,600",3,215.60628,142.46899,analytic,878.57852,1.0529524,False,False
K01930.03,258203303,pdc,QLP,DET_FLUX,OK,3,"74,80,81",200,2,349.31738,193.04211,analytic,2528.9858,1.4091423,False,False
K01930.03,258203303,sap,SPOC,SAP_FLUX,OK,8,"26,40,41,53,54,74,80,81",120,4,621.71186,88.596153,analytic,2147.761,4.0818091,False,False
K01930.03,258203303,sap,TESS-SPOC,SAP_FLUX,OK,8,"26,40,41,53,54,74,80,81","1800,200,600",4,563.28317,94.553897,analytic,1324.2039,3.1080157,False,False
K01930.03,258203303,sap,QLP,SAP_FLUX,OK,9,"14,26,40,41,53,54,74,80,81","1800,200,600",5,510.28631,132.64657,analytic,1743.9101,1.178266,False,True
K01930.04,258203303,pdc,SPOC,PDCSAP_FLUX,OK,8,"26,40,41,53,54,74,80,81",120,22,268.97638,67.074104,bootstrap,3011.6088,1.766937,False,False
K01930.04,258203303,pdc,TESS-SPOC,PDCSAP_FLUX,OK,8,"26,40,41,53,54,74,80,81","1800,200,600",22,191.18653,74.397232,bootstrap,1456.7841,0.76705969,False,False
K01930.04,258203303,pdc,QLP,KSPSAP_FLUX,OK,6,"14,26,40,41,53,54","1800,600",16,370.68648,215.91248,bootstrap,1406.2401,1.4574712,False,False
K01930.04,258203303,pdc,QLP,DET_FLUX,OK,3,"74,80,81",200,9,217.66149,178.42886,bootstrap,2598.2798,1.3851424,False,False
K01930.04,258203303,sap,SPOC,SAP_FLUX,OK,8,"26,40,41,53,54,74,80,81",120,23,193.73088,81.375315,bootstrap,2128.2673,0.42414046,False,False
K01930.04,258203303,sap,TESS-SPOC,SAP_FLUX,OK,8,"26,40,41,53,54,74,80,81","1800,200,600",23,173.36012,96.887291,bootstrap,963.62414,1.021616,False,False
K01930.04,258203303,sap,QLP,SAP_FLUX,OK,9,"14,26,40,41,53,54,74,80,81","1800,200,600",25,178.70224,148.00397,bootstrap,1660.3932,0.82219071,False,True
K05176.01,122445928,pdc,SPOC,PDCSAP_FLUX,NO_USABLE_TRANSIT,4,"74,75,80,82",120,0,,,none,,,False,False
K05176.01,122445928,pdc,TESS-SPOC,PDCSAP_FLUX,NO_USABLE_TRANSIT,4,"74,75,80,82",200,0,,,none,,,False,False
K05176.01,122445928,pdc,QLP,KSPSAP_FLUX,OK,5,"14,40,41,54,55","1800,600",1,2937.4321,970.47141,analytic,2178.7029,,True,False
K05176.01,122445928,pdc,QLP,DET_FLUX,NO_USABLE_TRANSIT,4,"74,75,80,82",200,0,,,none,,,False,False
K05176.01,122445928,sap,SPOC,SAP_FLUX,NO_USABLE_TRANSIT,4,"74,75,80,82",120,0,,,none,,,False,False
K05176.01,122445928,sap,TESS-SPOC,SAP_FLUX,NO_USABLE_TRANSIT,4,"74,75,80,82",200,0,,,none,,,False,False
K05176.01,122445928,sap,QLP,SAP_FLUX,OK,9,"14,40,41,54,55,74,75,80,82","1800,200,600",1,2938.2296,970.68256,analytic,2179.1769,,True,True
K02160.01,184009076,pdc,SPOC,PDCSAP_FLUX,OK,2,"81,82",120,3,-2967.6661,1931.7474,analytic,31193.362,0.80799032,False,True
K02160.01,184009076,pdc,TESS-SPOC,PDCSAP_FLUX,OK,2,"81,82",200,3,-2949.031,2384.6134,analytic,30402.173,1.3912475,False,False
K02160.01,184009076,sap,SPOC,SAP_FLUX,OK,2,"81,82",120,3,-984.95683,770.77041,analytic,12176.648,0.91982471,False,True
K02160.01,184009076,sap,TESS-SPOC,SAP_FLUX,OK,2,"81,82",200,3,-923.45181,844.99763,analytic,10956.819,1.3442103,False,False
K02160.02,184009076,pdc,SPOC,PDCSAP_FLUX,OK,2,"81,82",120,2,-2328.4343,3468.4609,analytic,34606.945,1.546514,False,True
K02160.02,184009076,pdc,TESS-SPOC,PDCSAP_FLUX,OK,2,"81,82",200,2,-2353.7954,3775.1423,analytic,29003.23,1.9123716,False,False
K02160.02,184009076,sap,SPOC,SAP_FLUX,OK,2,"81,82",120,2,-1098.8849,1309.4796,analytic,13050.502,1.7386505,False,True
K02160.02,184009076,sap,TESS-SPOC,SAP_FLUX,OK,2,"81,82",200,2,-1013.7021,1314.0137,analytic,10112.919,1.7634138,False,False
K02834.01,121660595,pdc,SPOC,PDCSAP_FLUX,OK,2,"80,81",120,1,8087.945,4424.4501,analytic,39383.813,,False,True
K02834.01,121660595,pdc,TESS-SPOC,PDCSAP_FLUX,OK,2,"80,81",200,1,9343.6569,4160.4071,analytic,28601.18,,False,False
K02834.01,121660595,sap,SPOC,SAP_FLUX,OK,2,"80,81",120,1,3146.343,1898.0581,analytic,16895.38,,False,True
K02834.01,121660595,sap,TESS-SPOC,SAP_FLUX,OK,2,"80,81",200,1,3756.1076,1650.0138,analytic,11343.203,,False,False
K06132.01,377915723,pdc,SPOC,PDCSAP_FLUX,OK,4,"74,75,81,82",120,4,11912.222,1655.4656,analytic,32828.742,0.7358726,False,True
K06132.01,377915723,pdc,TESS-SPOC,PDCSAP_FLUX,OK,4,"74,75,81,82",200,4,12432.444,1490.2629,analytic,23505.714,1.2610773,False,False
K06132.01,377915723,sap,SPOC,SAP_FLUX,OK,4,"74,75,81,82",120,4,4191.1706,550.68996,analytic,11250.597,0.38888315,False,True
K06132.01,377915723,sap,TESS-SPOC,SAP_FLUX,OK,4,"74,75,81,82",200,4,4330.8177,480.02757,analytic,7746.1193,0.57058493,False,False
K06132.02,377915723,pdc,SPOC,PDCSAP_FLUX,OK,4,"74,75,81,82",120,11,-30.522507,1927.7859,bootstrap,28206.849,1.3666248,False,True
K06132.02,377915723,pdc,TESS-SPOC,PDCSAP_FLUX,OK,4,"74,75,81,82",200,11,1044.3168,2004.9338,bootstrap,23853.272,0.73098278,False,False
K06132.02,377915723,sap,SPOC,SAP_FLUX,OK,4,"74,75,81,82",120,12,-223.1645,577.21689,bootstrap,10055.079,1.6610238,False,True
K06132.02,377915723,sap,TESS-SPOC,SAP_FLUX,OK,4,"74,75,81,82",200,12,246.94036,604.28238,bootstrap,8040.2475,1.0110142,False,False
K06132.03,377915723,pdc,SPOC,PDCSAP_FLUX,OK,4,"74,75,81,82",120,9,1253.5643,1391.9336,bootstrap,29136.191,0.37951913,False,True
K06132.03,377915723,pdc,TESS-SPOC,PDCSAP_FLUX,OK,4,"74,75,81,82",200,9,912.37558,1649.8787,bootstrap,20251.698,0.72705221,False,False
K06132.03,377915723,sap,SPOC,SAP_FLUX,OK,4,"74,75,81,82",120,9,252.70861,433.0394,bootstrap,10236.077,0.27105349,False,True
K06132.03,377915723,sap,TESS-SPOC,SAP_FLUX,OK,4,"74,75,81,82",200,9,-101.82239,435.5788,bootstrap,7403.9692,0.3592629,False,False
K02802.01,120819731,pdc,SPOC,PDCSAP_FLUX,OK,2,"80,81",120,9,-1350.1368,1881.182,bootstrap,23968.899,1.8805017,False,True
K02802.01,120819731,pdc,TESS-SPOC,PDCSAP_FLUX,OK,2,"80,81",200,10,-282.87791,1832.137,bootstrap,17092.993,2.116681,False,False
K02802.01,120819731,sap,SPOC,SAP_FLUX,OK,2,"80,81",120,12,-815.27817,819.8117,bootstrap,12960.047,0.95913946,False,True
K02802.01,120819731,sap,TESS-SPOC,SAP_FLUX,OK,2,"80,81",200,12,-330.59746,823.1584,bootstrap,8471.8799,1.7804488,False,False
K03916.01,122137575,pdc,SPOC,PDCSAP_FLUX,OK,2,"80,82",120,9,1624.5589,1594.528,bootstrap,32692.438,1.4733113,False,True
K03916.01,122137575,pdc,TESS-SPOC,PDCSAP_FLUX,OK,2,"80,82",200,9,1205.0623,1288.9969,bootstrap,23899.367,0.015816429,False,False
K03916.01,122137575,sap,SPOC,SAP_FLUX,OK,2,"80,82",120,10,324.75124,430.13266,bootstrap,12197.187,1.0159603,False,True
K03916.01,122137575,sap,TESS-SPOC,SAP_FLUX,OK,2,"80,82",200,10,416.03657,522.90922,bootstrap,9193.1671,0.30532731,False,False
K02614.01,184428068,pdc,SPOC,PDCSAP_FLUX,OK,4,"74,75,81,82",120,14,1256.8223,683.93774,bootstrap,20811.577,1.4167807,False,True
K02614.01,184428068,pdc,TESS-SPOC,PDCSAP_FLUX,OK,4,"74,75,81,82",200,14,1830.099,638.53063,bootstrap,17169.06,0.84216913,False,False
K02614.01,184428068,sap,SPOC,SAP_FLUX,OK,4,"74,75,81,82",120,14,366.59315,260.9105,bootstrap,8529.9017,1.3341216,False,True
K02614.01,184428068,sap,TESS-SPOC,SAP_FLUX,OK,4,"74,75,81,82",200,14,600.18301,232.93734,bootstrap,6499.3019,1.0285106,False,False
K04686.01,171506211,pdc,SPOC,PDCSAP_FLUX,OK,5,"15,74,75,81,82",120,10,-117.89257,118.07447,bootstrap,3691.9937,1.9773218,False,False
K04686.01,171506211,pdc,TESS-SPOC,PDCSAP_FLUX,OK,8,"15,41,54,55,74,75,81,82","1800,200,600",17,-27.480018,127.52655,bootstrap,1868.2962,1.4671479,False,False
K04686.01,171506211,pdc,QLP,KSPSAP_FLUX,OK,5,"14,15,41,54,55","1800,600",12,417.30287,270.91139,bootstrap,1770.7348,1.9966794,False,False
K04686.01,171506211,pdc,QLP,DET_FLUX,OK,4,"74,75,81,82",200,8,246.60809,267.14508,bootstrap,3706.6846,2.4845044,False,False
K04686.01,171506211,sap,SPOC,SAP_FLUX,OK,5,"15,74,75,81,82",120,10,41.841775,173.05126,bootstrap,3347.0665,1.6336099,False,False
K04686.01,171506211,sap,TESS-SPOC,SAP_FLUX,OK,8,"15,41,54,55,74,75,81,82","1800,200,600",17,-24.886903,117.7726,bootstrap,1630.2739,1.2650918,False,False
K04686.01,171506211,sap,QLP,SAP_FLUX,OK,9,"14,15,41,54,55,74,75,81,82","1800,200,600",20,420.43549,222.03582,bootstrap,2317.8843,0.24100382,False,True
K04290.01,122065885,pdc,SPOC,PDCSAP_FLUX,OK,5,"40,41,54,55,80",120,22,10710.285,2230.6172,bootstrap,41669.371,0.70153462,False,True
K04290.01,122065885,pdc,TESS-SPOC,PDCSAP_FLUX,OK,6,"14,40,41,54,55,80","1800,200,600",26,12944.621,3135.7538,bootstrap,19073.09,0.32143152,True,False
K04290.01,122065885,sap,SPOC,SAP_FLUX,OK,5,"40,41,54,55,80",120,23,6881.1071,1417.245,bootstrap,26106.197,0.81429577,False,True
K04290.01,122065885,sap,TESS-SPOC,SAP_FLUX,OK,6,"14,40,41,54,55,80","1800,200,600",27,7838.8914,1873.5703,bootstrap,10861.88,0.74853541,True,False
K00226.01,137341066,pdc,SPOC,PDCSAP_FLUX,OK,2,"81,82",120,6,-1681.7543,1340.2591,analytic,23506.65,1.4688678,False,True
K00226.01,137341066,pdc,TESS-SPOC,PDCSAP_FLUX,OK,2,"81,82",200,6,-891.75563,1339.5933,analytic,16946.088,0.91066828,False,False
K00226.01,137341066,sap,SPOC,SAP_FLUX,OK,2,"81,82",120,6,-978.75399,752.57912,analytic,12813.857,1.4269063,False,True
K00226.01,137341066,sap,TESS-SPOC,SAP_FLUX,OK,2,"81,82",200,6,-326.80179,750.96718,analytic,9830.7106,1.189523,False,False
K00558.01,360023124,pdc,SPOC,PDCSAP_FLUX,OK,2,"81,82",120,6,-3332.8831,2331.8424,analytic,31900.148,1.302377,False,True
K00558.01,360023124,pdc,TESS-SPOC,PDCSAP_FLUX,OK,2,"81,82",200,6,-3445.5124,2296.3664,analytic,25614.445,1.5150878,False,False
K00558.01,360023124,sap,SPOC,SAP_FLUX,OK,2,"81,82",120,6,-735.50472,444.73034,analytic,6020.6638,0.62222414,False,True
K00558.01,360023124,sap,TESS-SPOC,SAP_FLUX,OK,2,"81,82",200,6,-746.58954,401.93137,analytic,4477.6724,0.79625963,False,False
K02148.01,258349590,pdc,SPOC,PDCSAP_FLUX,OK,7,"40,41,53,54,74,80,81",120,14,165.93965,197.38903,bootstrap,5602.9523,4.0240575,False,False
K02148.01,258349590,pdc,TESS-SPOC,PDCSAP_FLUX,OK,7,"40,41,53,54,74,80,81","200,600",14,316.46632,237.50193,bootstrap,3298.5368,4.0460443,False,False
K02148.01,258349590,pdc,QLP,KSPSAP_FLUX,OK,6,"14,26,40,41,53,54","1800,600",13,27.198511,278.6767,bootstrap,3463.2434,1.6401428,False,False
K02148.01,258349590,pdc,QLP,DET_FLUX,OK,3,"74,80,81",200,6,235.5459,377.01359,analytic,6774.3197,1.0213741,False,False
K02148.01,258349590,sap,SPOC,SAP_FLUX,OK,7,"40,41,53,54,74,80,81",120,14,221.48946,187.78243,bootstrap,4882.2743,3.2915614,False,False
K02148.01,258349590,sap,TESS-SPOC,SAP_FLUX,OK,7,"40,41,53,54,74,80,81","200,600",14,238.16206,207.37273,bootstrap,2511.318,3.677343,False,False
K02148.01,258349590,sap,QLP,SAP_FLUX,OK,9,"14,26,40,41,53,54,74,80,81","1800,200,600",19,181.21366,289.07012,bootstrap,4135.9785,1.6224259,False,True
K02148.02,258349590,pdc,SPOC,PDCSAP_FLUX,OK,7,"40,41,53,54,74,80,81",120,23,40.016057,136.03239,bootstrap,5438.9259,0.16224785,False,False
K02148.02,258349590,pdc,TESS-SPOC,PDCSAP_FLUX,OK,7,"40,41,53,54,74,80,81","200,600",23,65.20267,140.75836,bootstrap,2733.0327,0.44458297,False,False
K02148.02,258349590,pdc,QLP,KSPSAP_FLUX,OK,6,"14,26,40,41,53,54","1800,600",22,1541.14,1918.0906,bootstrap,3175.4347,1.1159337,False,False
K02148.02,258349590,pdc,QLP,DET_FLUX,OK,3,"74,80,81",200,11,-334.16497,258.44781,bootstrap,6905.5656,0.80276872,False,False
K02148.02,258349590,sap,SPOC,SAP_FLUX,OK,7,"40,41,53,54,74,80,81",120,26,10.935542,100.04822,bootstrap,4813.9451,0.34751393,False,False
K02148.02,258349590,sap,TESS-SPOC,SAP_FLUX,OK,7,"40,41,53,54,74,80,81","200,600",26,11.021177,102.89863,bootstrap,2513.4518,0.53084499,False,False
K02148.02,258349590,sap,QLP,SAP_FLUX,OK,9,"14,26,40,41,53,54,74,80,81","1800,200,600",33,1169.9805,1203.1105,bootstrap,3924.3015,0.98844782,False,True
K02148.03,258349590,pdc,SPOC,PDCSAP_FLUX,OK,7,"40,41,53,54,74,80,81",120,47,-59.492534,140.64739,bootstrap,5400.5668,0.66086797,False,False
K02148.03,258349590,pdc,TESS-SPOC,PDCSAP_FLUX,OK,7,"40,41,53,54,74,80,81","200,600",47,-11.762935,160.23796,bootstrap,3336.8156,0.61823145,False,False
K02148.03,258349590,pdc,QLP,KSPSAP_FLUX,OK,6,"14,26,40,41,53,54","1800,600",43,-191.38725,171.85851,bootstrap,3549.2799,0.42992916,False,False
K02148.03,258349590,pdc,QLP,DET_FLUX,OK,3,"74,80,81",200,21,572.63299,398.87945,bootstrap,7050.5247,1.1295703,False,False
K02148.03,258349590,sap,SPOC,SAP_FLUX,OK,7,"40,41,53,54,74,80,81",120,50,-39.751485,121.97528,bootstrap,4689.4178,0.32571779,False,False
K02148.03,258349590,sap,TESS-SPOC,SAP_FLUX,OK,7,"40,41,53,54,74,80,81","200,600",50,-14.937222,121.89078,bootstrap,2565.3894,0.52029468,False,False
K02148.03,258349590,sap,QLP,SAP_FLUX,OK,9,"14,26,40,41,53,54,74,80,81","1800,200,600",64,-35.086984,181.38172,bootstrap,4193.4133,0.018190778,False,True
K05236.01,170734456,pdc,QLP,KSPSAP_FLUX,NO_USABLE_TRANSIT,5,"14,15,41,54,55","1800,600",0,,,none,,,False,True
K05236.01,170734456,pdc,QLP,DET_FLUX,NO_USABLE_TRANSIT,3,"74,81,82",200,0,,,none,,,False,False
K05236.01,170734456,sap,QLP,SAP_FLUX,NO_USABLE_TRANSIT,8,"14,15,41,54,55,74,81,82","1800,200,600",0,,,none,,,False,True
K07764.01,137408113,pdc,SPOC,PDCSAP_FLUX,OK,4,"74,75,81,82",120,1,370.32436,564.04765,analytic,9906.8128,,False,False
K07764.01,137408113,pdc,TESS-SPOC,PDCSAP_FLUX,OK,4,"74,75,81,82",200,1,1139.2168,690.30796,analytic,9376.4318,,False,False
K07764.01,137408113,pdc,QLP,KSPSAP_FLUX,OK,5,"14,40,41,54,55","1800,600",1,-54.003475,612.07652,analytic,4776.9954,,False,False
K07764.01,137408113,pdc,QLP,DET_FLUX,OK,4,"74,75,81,82",200,1,323.7412,741.27963,analytic,10082.589,,False,False
K07764.01,137408113,sap,SPOC,SAP_FLUX,OK,4,"74,75,81,82",120,1,-109.90248,431.62255,analytic,7580.9266,,False,False
K07764.01,137408113,sap,TESS-SPOC,SAP_FLUX,OK,4,"74,75,81,82",200,1,-245.99137,421.40396,analytic,5723.9171,,False,False
K07764.01,137408113,sap,QLP,SAP_FLUX,OK,9,"14,40,41,54,55,74,75,81,82","1800,200,600",2,-85.921141,481.33439,analytic,7576.8089,1.3926802,False,True
K00659.01,137626872,pdc,SPOC,PDCSAP_FLUX,OK,4,"74,75,81,82",120,3,70.848125,584.24941,analytic,8165.529,2.3400127,False,False
K00659.01,137626872,pdc,TESS-SPOC,PDCSAP_FLUX,OK,4,"74,75,81,82",200,3,652.97562,601.01541,analytic,5914.0267,1.5095835,False,False
K00659.01,137626872,pdc,QLP,KSPSAP_FLUX,OK,5,"14,40,41,54,55","1800,600",7,3409.0182,473.74652,analytic,4369.7159,2.2841563,False,False
K00659.01,137626872,pdc,QLP,DET_FLUX,OK,4,"74,75,81,82",200,3,1492.9056,751.76491,analytic,7941.2489,2.1589792,False,False
K00659.01,137626872,sap,SPOC,SAP_FLUX,OK,4,"74,75,81,82",120,3,153.50188,324.10438,analytic,4394.5818,1.9159898,False,False
K00659.01,137626872,sap,TESS-SPOC,SAP_FLUX,OK,4,"74,75,81,82",200,3,370.31085,309.36765,analytic,3109.9002,1.611937,False,False
K00659.01,137626872,sap,QLP,SAP_FLUX,OK,9,"14,40,41,54,55,74,75,81,82","1800,200,600",10,1625.4887,1006.8122,bootstrap,5104.5715,0.92034486,False,True
K00285.01,121943724,pdc,SPOC,PDCSAP_FLUX,OK,9,"40,41,54,55,74,75,80,81,82",120,14,398.26125,79.043004,bootstrap,2367.4918,1.9220247,False,False
K00285.01,121943724,pdc,TESS-SPOC,PDCSAP_FLUX,OK,10,"14,40,41,54,55,74,75,80,81,82","1800,200,600",14,319.23665,75.327231,bootstrap,1808.4196,1.4589674,False,False
K00285.01,121943724,pdc,QLP,KSPSAP_FLUX,OK,5,"14,40,41,54,55","1800,600",4,138.44511,253.7141,analytic,1979.0681,3.0081625,False,False
K00285.01,121943724,pdc,QLP,DET_FLUX,OK,5,"74,75,80,81,82",200,10,-54.950097,214.89316,bootstrap,3191.9512,0.35643335,False,False
K00285.01,121943724,sap,SPOC,SAP_FLUX,OK,9,"40,41,54,55,74,75,80,81,82",120,14,428.52023,129.19737,bootstrap,2044.3762,1.8071431,False,False
K00285.01,121943724,sap,TESS-SPOC,SAP_FLUX,OK,10,"14,40,41,54,55,74,75,80,81,82","1800,200,600",14,423.80397,139.0747,bootstrap,1605.432,1.2407909,False,False
K00285.01,121943724,sap,QLP,SAP_FLUX,OK,10,"14,40,41,54,55,74,75,80,81,82","1800,200,600",14,-74.937546,219.3568,bootstrap,3120.3409,1.832321,False,True
K00285.02,121943724,pdc,SPOC,PDCSAP_FLUX,OK,9,"40,41,54,55,74,75,80,81,82",120,9,309.11604,53.322521,bootstrap,2351.7189,0.19820923,False,False
K00285.02,121943724,pdc,TESS-SPOC,PDCSAP_FLUX,OK,10,"14,40,41,54,55,74,75,80,81,82","1800,200,600",10,349.8261,87.962606,bootstrap,1410.9925,0.49746193,False,False
K00285.02,121943724,pdc,QLP,KSPSAP_FLUX,OK,5,"14,40,41,54,55","1800,600",5,437.77075,184.95249,analytic,1853.4635,0.38891196,False,False
K00285.02,121943724,pdc,QLP,DET_FLUX,OK,5,"74,75,80,81,82",200,5,-4.0933957,183.59135,analytic,3181.03,2.7747324,False,False
K00285.02,121943724,sap,SPOC,SAP_FLUX,OK,9,"40,41,54,55,74,75,80,81,82",120,9,666.88092,293.87878,bootstrap,2129.4405,3.9719137,False,False
K00285.02,121943724,sap,TESS-SPOC,SAP_FLUX,OK,10,"14,40,41,54,55,74,75,80,81,82","1800,200,600",10,630.25969,283.84044,bootstrap,1204.5966,4.9917335,False,False
K00285.02,121943724,sap,QLP,SAP_FLUX,OK,10,"14,40,41,54,55,74,75,80,81,82","1800,200,600",10,-40.60259,392.74081,bootstrap,2920.6693,4.3881253,False,True
K00285.03,121943724,pdc,SPOC,PDCSAP_FLUX,OK,9,"40,41,54,55,74,75,80,81,82",120,5,215.62927,82.947947,analytic,2450.917,0.066245115,False,False
K00285.03,121943724,pdc,TESS-SPOC,PDCSAP_FLUX,OK,10,"14,40,41,54,55,74,75,80,81,82","1800,200,600",5,111.25579,78.839585,analytic,1676.6585,1.9713387,False,False
K00285.03,121943724,pdc,QLP,KSPSAP_FLUX,OK,5,"14,40,41,54,55","1800,600",2,100.60699,240.58687,analytic,1908.9832,,False,False
K00285.03,121943724,pdc,QLP,DET_FLUX,OK,5,"74,75,80,81,82",200,3,546.15408,187.54609,analytic,3059.0063,1.2378454,False,False
K00285.03,121943724,sap,SPOC,SAP_FLUX,OK,9,"40,41,54,55,74,75,80,81,82",120,5,164.82749,75.43024,analytic,2154.4078,1.1325459,False,False
K00285.03,121943724,sap,TESS-SPOC,SAP_FLUX,OK,10,"14,40,41,54,55,74,75,80,81,82","1800,200,600",5,173.44165,71.600992,analytic,1428.0168,1.1118326,False,False
K00285.03,121943724,sap,QLP,SAP_FLUX,OK,10,"14,40,41,54,55,74,75,80,81,82","1800,200,600",5,866.29524,153.12133,analytic,3008.0101,4.6708651,False,True
K01967.01,137409907,pdc,SPOC,PDCSAP_FLUX,OK,4,"74,75,81,82",120,23,1452.9621,489.34831,bootstrap,11205.567,0.33748604,False,True
K01967.01,137409907,pdc,TESS-SPOC,PDCSAP_FLUX,OK,4,"74,75,81,82",200,23,1473.935,545.72575,bootstrap,9733.6793,1.170892,False,False
K01967.01,137409907,sap,SPOC,SAP_FLUX,OK,4,"74,75,81,82",120,23,852.08076,310.67502,bootstrap,6686.4309,0.4343441,False,True
K01967.01,137409907,sap,TESS-SPOC,SAP_FLUX,OK,4,"74,75,81,82",200,23,745.37769,348.15528,bootstrap,5271.5249,1.3193406,False,False
K06676.01,138097360,pdc,SPOC,PDCSAP_FLUX,NO_USABLE_TRANSIT,4,"74,75,81,82",120,0,,,none,,,False,True
K06676.01,138097360,pdc,TESS-SPOC,PDCSAP_FLUX,NO_USABLE_TRANSIT,4,"74,75,81,82",200,0,,,none,,,False,False
K06676.01,138097360,sap,SPOC,SAP_FLUX,NO_USABLE_TRANSIT,4,"74,75,81,82",120,0,,,none,,,False,True
K06676.01,138097360,sap,TESS-SPOC,SAP_FLUX,NO_USABLE_TRANSIT,4,"74,75,81,82",200,0,,,none,,,False,False
K06145.01,184426431,pdc,SPOC,PDCSAP_FLUX,OK,6,"54,55,74,75,81,82",120,8,2448.8622,825.02187,bootstrap,17109.564,0.47682752,False,True
K06145.01,184426431,pdc,TESS-SPOC,PDCSAP_FLUX,OK,6,"54,55,74,75,81,82","200,600",8,1839.6768,818.96798,bootstrap,11790.952,0.21912453,False,False
K06145.01,184426431,sap,SPOC,SAP_FLUX,OK,6,"54,55,74,75,81,82",120,8,689.06673,309.02298,bootstrap,5661.9208,0.29136346,False,True
K06145.01,184426431,sap,TESS-SPOC,SAP_FLUX,OK,6,"54,55,74,75,81,82","200,600",8,701.44644,273.00499,bootstrap,3729.2363,0.071389223,False,False
K06145.02,184426431,pdc,SPOC,PDCSAP_FLUX,OK,6,"54,55,74,75,81,82",120,3,-388.56228,1099.234,analytic,16195.927,1.2905906,False,True
K06145.02,184426431,pdc,TESS-SPOC,PDCSAP_FLUX,OK,6,"54,55,74,75,81,82","200,600",3,-712.67468,1116.6691,analytic,9283.7351,0.70574682,False,False
K06145.02,184426431,sap,SPOC,SAP_FLUX,OK,6,"54,55,74,75,81,82",120,4,-188.82187,328.32795,analytic,5973.5462,1.2245668,False,True
K06145.02,184426431,sap,TESS-SPOC,SAP_FLUX,OK,6,"54,55,74,75,81,82","200,600",4,-270.26152,327.02478,analytic,3506.1016,0.62973375,False,False
K06145.03,184426431,pdc,SPOC,PDCSAP_FLUX,OK,6,"54,55,74,75,81,82",120,19,2199.3099,1108.4711,bootstrap,17078.858,1.0136252,False,True
K06145.03,184426431,pdc,TESS-SPOC,PDCSAP_FLUX,OK,6,"54,55,74,75,81,82","200,600",19,2104.6149,1264.5,bootstrap,12114.602,0.30793748,False,False
K06145.03,184426431,sap,SPOC,SAP_FLUX,OK,6,"54,55,74,75,81,82",120,19,631.52642,393.58473,bootstrap,5430.5579,0.62253197,False,True
K06145.03,184426431,sap,TESS-SPOC,SAP_FLUX,OK,6,"54,55,74,75,81,82","200,600",19,496.03516,405.27977,bootstrap,3972.5174,0.15070182,False,False
K07773.01,171094604,pdc,SPOC,PDCSAP_FLUX,OK,1,41,120,8,1408.9458,5141.4321,bootstrap,62157.554,0.66591928,False,True
K07773.01,171094604,pdc,TESS-SPOC,PDCSAP_FLUX,OK,1,41,600,8,6791.5505,6016.3164,bootstrap,24535.965,2.2974173,False,False
K07773.01,171094604,sap,SPOC,SAP_FLUX,OK,1,41,120,8,614.67422,1389.5654,bootstrap,17130.293,0.68811596,False,True
K07773.01,171094604,sap,TESS-SPOC,SAP_FLUX,OK,1,41,600,8,1582.1164,1540.4143,bootstrap,6260.7981,2.3329123,False,False
K03049.01,258202336,pdc,SPOC,PDCSAP_FLUX,OK,3,"74,80,81",120,2,1519.9208,1849.2537,analytic,18249.462,0.75009157,False,True
K03049.01,258202336,pdc,TESS-SPOC,PDCSAP_FLUX,OK,3,"74,80,81",200,2,1703.9683,2015.323,analytic,15439.562,0.42585482,False,False
K03049.01,258202336,sap,SPOC,SAP_FLUX,OK,3,"74,80,81",120,2,1204.7068,1392.0183,analytic,13737.292,0.93676636,False,True
K03049.01,258202336,sap,TESS-SPOC,SAP_FLUX,OK,3,"74,80,81",200,2,1193.9903,1454.7979,analytic,11128.985,0.27757827,False,False
K06680.01,120105549,pdc,SPOC,PDCSAP_FLUX,OK,3,"74,80,81",120,10,-7.6112582,334.74803,bootstrap,6004.195,0.9769909,False,False
K06680.01,120105549,pdc,TESS-SPOC,PDCSAP_FLUX,OK,3,"74,80,81",200,10,142.89382,345.23829,bootstrap,5471.2377,1.1481952,False,False
K06680.01,120105549,pdc,QLP,KSPSAP_FLUX,OK,5,"14,40,41,53,54","1800,600",22,1326.0109,435.99092,bootstrap,4284.964,1.8799284,False,False
K06680.01,120105549,pdc,QLP,DET_FLUX,OK,3,"74,80,81",200,13,-1442.0093,766.87081,bootstrap,7570.1444,0.98656226,False,False
K06680.01,120105549,sap,SPOC,SAP_FLUX,OK,3,"74,80,81",120,13,-172.17516,237.35803,bootstrap,5890.1782,1.5190814,False,False
K06680.01,120105549,sap,TESS-SPOC,SAP_FLUX,OK,3,"74,80,81",200,13,-130.76736,288.80261,bootstrap,4338.3559,1.4830704,False,False
K06680.01,120105549,sap,QLP,SAP_FLUX,OK,8,"14,40,41,53,54,74,80,81","1800,200,600",35,616.7823,538.63548,bootstrap,5697.6355,0.99001273,False,True
K00307.01,138097531,pdc,SPOC,PDCSAP_FLUX,OK,4,"74,75,81,82",120,5,-510.06248,266.31593,analytic,4139.7962,0.85962278,False,False
K00307.01,138097531,pdc,TESS-SPOC,PDCSAP_FLUX,OK,4,"74,75,81,82",200,5,-394.78383,305.53831,analytic,3774.1886,0.34029523,False,False
K00307.01,138097531,pdc,QLP,KSPSAP_FLUX,OK,4,"40,41,54,55",600,6,35.148224,272.59561,analytic,2312.6891,0.17762253,False,False
K00307.01,138097531,pdc,QLP,DET_FLUX,OK,4,"74,75,81,82",200,6,-148.36934,344.69094,analytic,5161.334,1.1633807,False,False
K00307.01,138097531,sap,SPOC,SAP_FLUX,OK,4,"74,75,81,82",120,6,-371.77149,204.63916,analytic,3586.0622,0.55300101,False,False
K00307.01,138097531,sap,TESS-SPOC,SAP_FLUX,OK,4,"74,75,81,82",200,6,-271.59418,210.24589,analytic,2880.8401,0.18603077,False,False
K00307.01,138097531,sap,QLP,SAP_FLUX,OK,8,"40,41,54,55,74,75,81,82","200,600",12,-54.753029,232.80925,bootstrap,3222.4986,0.63954789,False,True
K00307.02,138097531,pdc,SPOC,PDCSAP_FLUX,OK,4,"74,75,81,82",120,17,212.4309,183.86699,bootstrap,4503.8966,0.53574941,False,False
K00307.02,138097531,pdc,TESS-SPOC,PDCSAP_FLUX,OK,4,"74,75,81,82",200,17,237.96437,181.05441,bootstrap,3587.2931,0.85860047,False,False
K00307.02,138097531,pdc,QLP,KSPSAP_FLUX,OK,4,"40,41,54,55",600,18,-92.674338,223.38006,bootstrap,2553.3469,0.45587706,False,False
K00307.02,138097531,pdc,QLP,DET_FLUX,OK,4,"74,75,81,82",200,17,-78.26644,160.23676,bootstrap,4696.183,0.24533238,False,False
K00307.02,138097531,sap,SPOC,SAP_FLUX,OK,4,"74,75,81,82",120,18,175.53285,147.01478,bootstrap,3715.6082,0.46391148,False,False
K00307.02,138097531,sap,TESS-SPOC,SAP_FLUX,OK,4,"74,75,81,82",200,18,232.66531,132.59022,bootstrap,2632.728,0.48239594,False,False
K00307.02,138097531,sap,QLP,SAP_FLUX,OK,8,"40,41,54,55,74,75,81,82","200,600",35,-75.618102,143.1124,bootstrap,3493.4222,0.4374816,False,True
K00452.01,138222081,pdc,SPOC,PDCSAP_FLUX,OK,3,"75,81,82",120,20,-91.765995,520.50095,bootstrap,17772.085,0.60123845,False,True
K00452.01,138222081,pdc,TESS-SPOC,PDCSAP_FLUX,OK,3,"75,81,82",200,20,305.89938,638.72773,bootstrap,16341.034,1.0297115,False,False
K00452.01,138222081,sap,SPOC,SAP_FLUX,OK,3,"75,81,82",120,20,-78.131971,228.76091,bootstrap,8291.2891,0.29919753,False,True
K00452.01,138222081,sap,TESS-SPOC,SAP_FLUX,OK,3,"75,81,82",200,20,-148.09236,180.8097,bootstrap,6207.1566,0.2826875,False,False
K02775.01,120421302,pdc,SPOC,PDCSAP_FLUX,OK,2,"80,81",120,2,-1519.1081,2580.8909,analytic,19854.653,1.4130052,False,True
K02775.01,120421302,pdc,TESS-SPOC,PDCSAP_FLUX,OK,2,"80,81",200,2,-2459.4265,3489.1708,analytic,20247.179,0.77595445,False,False
K02775.01,120421302,sap,SPOC,SAP_FLUX,OK,2,"80,81",120,3,-1880.8103,1970.8625,analytic,17980.772,1.4832487,False,True
K02775.01,120421302,sap,TESS-SPOC,SAP_FLUX,OK,2,"80,81",200,3,-1986.3238,2333.3422,analytic,17226.065,0.62008223,False,False
K04121.01,120900025,pdc,SPOC,PDCSAP_FLUX,OK,2,"80,81",120,1,10599.711,6603.4374,analytic,66214.507,,False,True
K04121.01,120900025,pdc,TESS-SPOC,PDCSAP_FLUX,OK,2,"80,81",200,1,13816.426,6660.4905,analytic,51637.981,,False,False
K04121.01,120900025,sap,SPOC,SAP_FLUX,OK,2,"80,81",120,1,3201.0074,2631.1004,analytic,28019.948,,False,True
K04121.01,120900025,sap,TESS-SPOC,SAP_FLUX,OK,2,"80,81",200,1,4098.149,2689.426,analytic,22126.459,,False,False
K04794.01,122297250,pdc,SPOC,PDCSAP_FLUX,OK,4,"74,75,80,82",120,4,1179.0785,851.29096,analytic,15644.304,0.22075141,False,True
K04794.01,122297250,pdc,TESS-SPOC,PDCSAP_FLUX,OK,4,"74,75,80,82",200,4,37.187884,933.98355,analytic,12264.161,0.15945305,False,False
K04794.01,122297250,sap,SPOC,SAP_FLUX,OK,4,"74,75,80,82",120,4,244.8565,353.45227,analytic,6109.2756,0.15090629,False,True
K04794.01,122297250,sap,TESS-SPOC,SAP_FLUX,OK,4,"74,75,80,82",200,4,134.8117,374.84867,analytic,5185.1682,0.17377558,False,False
K05268.01,122443583,pdc,SPOC,PDCSAP_FLUX,NO_USABLE_TRANSIT,3,"80,81,82",120,0,,,none,,,False,True
K05268.01,122443583,pdc,TESS-SPOC,PDCSAP_FLUX,NO_USABLE_TRANSIT,3,"80,81,82",200,0,,,none,,,False,False
K05268.01,122443583,sap,SPOC,SAP_FLUX,NO_USABLE_TRANSIT,3,"80,81,82",120,0,,,none,,,False,True
K05268.01,122443583,sap,TESS-SPOC,SAP_FLUX,NO_USABLE_TRANSIT,3,"80,81,82",200,0,,,none,,,False,False
K05269.01,122443568,pdc,SPOC,PDCSAP_FLUX,NO_USABLE_TRANSIT,3,"80,81,82",120,0,,,none,,,False,True
K05269.01,122443568,pdc,TESS-SPOC,PDCSAP_FLUX,NO_USABLE_TRANSIT,3,"80,81,82",200,0,,,none,,,False,False
K05269.01,122443568,sap,SPOC,SAP_FLUX,NO_USABLE_TRANSIT,3,"80,81,82",120,0,,,none,,,False,True
K05269.01,122443568,sap,TESS-SPOC,SAP_FLUX,NO_USABLE_TRANSIT,3,"80,81,82",200,0,,,none,,,False,False
K05276.01,138098637,pdc,SPOC,PDCSAP_FLUX,NO_USABLE_TRANSIT,2,"40,41",120,0,,,none,,,False,True
K05276.01,138098637,pdc,TESS-SPOC,PDCSAP_FLUX,NO_USABLE_TRANSIT,2,"40,41",600,0,,,none,,,False,False
K05276.01,138098637,sap,SPOC,SAP_FLUX,NO_USABLE_TRANSIT,2,"40,41",120,0,,,none,,,False,True
K05276.01,138098637,sap,TESS-SPOC,SAP_FLUX,NO_USABLE_TRANSIT,2,"40,41",600,0,,,none,,,False,False
K02036.01,239229234,pdc,SPOC,PDCSAP_FLUX,OK,2,"81,82",120,6,-630.17287,3389.9946,analytic,49294.961,0.23135076,False,False
K02036.01,239229234,pdc,TESS-SPOC,PDCSAP_FLUX,OK,2,"81,82",200,6,2689.4989,3428.9073,analytic,39888.146,0.09804332,False,False
K02036.01,239229234,pdc,QLP,KSPSAP_FLUX,OK,2,"54,55",600,6,7569.6267,3231.7671,analytic,27219.274,0.40856322,False,False
K02036.01,239229234,pdc,QLP,DET_FLUX,OK,4,"74,75,81,82",200,12,-3441.2232,3492.033,bootstrap,43143.364,1.7916623,False,False
K02036.01,239229234,sap,SPOC,SAP_FLUX,OK,2,"81,82",120,6,-180.27007,699.88605,analytic,10401.164,0.20617635,False,False
K02036.01,239229234,sap,TESS-SPOC,SAP_FLUX,OK,2,"81,82",200,6,-17.904866,673.62249,analytic,7680.4198,1.0725314,False,False
K02036.01,239229234,sap,QLP,SAP_FLUX,OK,6,"54,55,74,75,81,82","200,600",18,1223.5202,3411.2317,bootstrap,36618.739,0.016762645,False,True
K02036.02,239229234,pdc,SPOC,PDCSAP_FLUX,OK,2,"81,82",120,8,-1699.8986,3710.7442,bootstrap,48194.94,2.7830414,False,False
K02036.02,239229234,pdc,TESS-SPOC,PDCSAP_FLUX,OK,2,"81,82",200,8,584.94231,3176.0941,bootstrap,37563.718,2.161304,False,False
K02036.02,239229234,pdc,QLP,KSPSAP_FLUX,OK,2,"54,55",600,9,3427.1958,3297.4671,bootstrap,25836.93,1.5290821,False,False
K02036.02,239229234,pdc,QLP,DET_FLUX,OK,4,"74,75,81,82",200,17,-17.576384,2668.1613,bootstrap,47605.499,0.79984286,False,False
K02036.02,239229234,sap,SPOC,SAP_FLUX,OK,2,"81,82",120,8,-367.03476,791.80983,bootstrap,10288.621,2.8214391,False,False
K02036.02,239229234,sap,TESS-SPOC,SAP_FLUX,OK,2,"81,82",200,8,-59.387423,617.58218,bootstrap,7561.4492,2.1245247,False,False
K02036.02,239229234,sap,QLP,SAP_FLUX,OK,6,"54,55,74,75,81,82","200,600",26,1538.3246,1986.523,bootstrap,40284.997,1.6604242,False,True
K00239.01,169176340,pdc,SPOC,PDCSAP_FLUX,OK,2,"81,82",120,8,4564.2222,1681.8193,bootstrap,24248.959,1.9104744,False,True
K00239.01,169176340,pdc,TESS-SPOC,PDCSAP_FLUX,OK,2,"81,82",200,8,4770.4061,2085.1783,bootstrap,22759.442,1.8814337,False,False
K00239.01,169176340,sap,SPOC,SAP_FLUX,OK,2,"81,82",120,8,1169.7702,419.88586,bootstrap,5720.5786,2.1439784,False,True
K00239.01,169176340,sap,TESS-SPOC,SAP_FLUX,OK,2,"81,82",200,8,963.29569,464.93164,bootstrap,5168.2154,2.0212289,False,False
K00239.02,169176340,pdc,SPOC,PDCSAP_FLUX,OK,2,"81,82",120,12,784.36385,1035.7547,bootstrap,25064.553,1.0090162,False,True
K00239.02,169176340,pdc,TESS-SPOC,PDCSAP_FLUX,OK,2,"81,82",200,12,308.55015,1395.9038,bootstrap,21118.459,1.2855225,False,False
K00239.02,169176340,sap,SPOC,SAP_FLUX,OK,2,"81,82",120,12,244.36557,233.09223,bootstrap,5835.0496,0.75853827,False,True
K00239.02,169176340,sap,TESS-SPOC,SAP_FLUX,OK,2,"81,82",200,12,245.85722,228.67673,bootstrap,4391.8902,0.73869057,False,False
K02757.01,121462999,pdc,SPOC,PDCSAP_FLUX,NO_USABLE_TRANSIT,5,"74,75,80,81,82",120,0,,,none,,,False,True
K02757.01,121462999,pdc,TESS-SPOC,PDCSAP_FLUX,NO_USABLE_TRANSIT,5,"74,75,80,81,82",200,0,,,none,,,False,False
K02757.01,121462999,sap,SPOC,SAP_FLUX,NO_USABLE_TRANSIT,5,"74,75,80,81,82",120,0,,,none,,,False,True
K02757.01,121462999,sap,TESS-SPOC,SAP_FLUX,NO_USABLE_TRANSIT,5,"74,75,80,81,82",200,0,,,none,,,False,False
K06707.01,394172196,pdc,SPOC,PDCSAP_FLUX,NO_USABLE_TRANSIT,1,80,120,0,,,none,,,False,True
K06707.01,394172196,pdc,TESS-SPOC,PDCSAP_FLUX,NO_USABLE_TRANSIT,1,80,200,0,,,none,,,False,False
K06707.01,394172196,sap,SPOC,SAP_FLUX,NO_USABLE_TRANSIT,1,80,120,0,,,none,,,False,True
K06707.01,394172196,sap,TESS-SPOC,SAP_FLUX,NO_USABLE_TRANSIT,1,80,200,0,,,none,,,False,False
K00176.01,137342400,pdc,SPOC,PDCSAP_FLUX,OK,4,"74,75,81,82",120,3,790.93633,440.03097,analytic,7851.2575,2.1016019,False,False
K00176.01,137342400,pdc,TESS-SPOC,PDCSAP_FLUX,OK,4,"74,75,81,82",200,3,445.02533,425.66798,analytic,5991.0867,0.31020126,False,False
K00176.01,137342400,pdc,QLP,KSPSAP_FLUX,OK,5,"14,40,41,54,55","1800,600",5,603.37343,508.25806,analytic,4481.8011,0.55639108,False,False
K00176.01,137342400,pdc,QLP,DET_FLUX,OK,4,"74,75,81,82",200,3,967.99995,720.2715,analytic,9181.4918,1.5813149,False,False
K00176.01,137342400,sap,SPOC,SAP_FLUX,OK,4,"74,75,81,82",120,3,435.74174,318.13621,analytic,5210.8558,2.6865568,False,False
K00176.01,137342400,sap,TESS-SPOC,SAP_FLUX,OK,4,"74,75,81,82",200,3,454.71841,334.75194,analytic,4998.4739,1.3163248,False,False
K00176.01,137342400,sap,QLP,SAP_FLUX,OK,9,"14,40,41,54,55,74,75,81,82","1800,200,600",8,422.46671,342.83695,bootstrap,5306.5898,0.27683278,False,True
K03815.01,120899739,pdc,SPOC,PDCSAP_FLUX,OK,2,"80,81",120,9,9347.7315,3153.8956,bootstrap,33766.769,1.0479486,False,True
K03815.01,120899739,pdc,TESS-SPOC,PDCSAP_FLUX,OK,2,"80,81",200,9,8270.41,3504.4269,bootstrap,29059.596,0.54481417,False,False
K03815.01,120899739,sap,SPOC,SAP_FLUX,OK,2,"80,81",120,9,2024.2733,778.49527,bootstrap,7169.734,1.0795525,False,True
K03815.01,120899739,sap,TESS-SPOC,SAP_FLUX,OK,2,"80,81",200,9,1855.6367,847.08696,bootstrap,6683.4816,0.54527786,False,False
K02445.01,122136164,pdc,SPOC,PDCSAP_FLUX,NO_USABLE_TRANSIT,1,80,120,0,,,none,,,False,True
K02445.01,122136164,pdc,TESS-SPOC,PDCSAP_FLUX,NO_USABLE_TRANSIT,1,80,200,0,,,none,,,False,False
K02445.01,122136164,sap,SPOC,SAP_FLUX,OK,1,80,120,1,906.84085,1565.7842,analytic,16674.846,,False,True
K02445.01,122136164,sap,TESS-SPOC,SAP_FLUX,OK,1,80,200,1,-117.57526,1245.6089,analytic,10247.88,,False,False
K00665.01,159217436,pdc,SPOC,PDCSAP_FLUX,OK,5,"74,75,80,81,82",120,20,598.55348,180.78957,bootstrap,5498.5505,2.1131718,False,False
K00665.01,159217436,pdc,TESS-SPOC,PDCSAP_FLUX,OK,5,"74,75,80,81,82",200,20,823.85515,155.37584,bootstrap,4711.3557,0.64016508,False,False
K00665.01,159217436,pdc,QLP,KSPSAP_FLUX,OK,5,"14,40,41,54,55","1800,600",21,506.93771,240.859,bootstrap,2947.2549,2.5362525,False,False
K00665.01,159217436,pdc,QLP,DET_FLUX,OK,5,"74,75,80,81,82",200,22,240.31419,264.28931,bootstrap,5845.7133,0.73352663,False,False
K00665.01,159217436,sap,SPOC,SAP_FLUX,OK,5,"74,75,80,81,82",120,22,461.80799,133.32576,bootstrap,4632.2888,3.2638225,False,False
K00665.01,159217436,sap,TESS-SPOC,SAP_FLUX,OK,5,"74,75,80,81,82",200,22,530.1042,103.19652,bootstrap,3489.9824,2.8969864,False,False
K00665.01,159217436,sap,QLP,SAP_FLUX,OK,10,"14,40,41,54,55,74,75,80,81,82","1800,200,600",43,408.99158,180.62999,bootstrap,5047.4108,1.7497714,False,True
K00665.02,159217436,pdc,SPOC,PDCSAP_FLUX,OK,5,"74,75,80,81,82",120,74,172.40885,115.74177,bootstrap,5570.149,0.6769348,False,False
K00665.02,159217436,pdc,TESS-SPOC,PDCSAP_FLUX,OK,5,"74,75,80,81,82",200,74,113.76573,113.54407,bootstrap,4530.5814,1.2443897,False,False
K00665.02,159217436,pdc,QLP,KSPSAP_FLUX,OK,5,"14,40,41,54,55","1800,600",81,842.80853,595.19539,bootstrap,3058.2769,0.62877451,False,False
K00665.02,159217436,pdc,QLP,DET_FLUX,OK,5,"74,75,80,81,82",200,79,382.32358,149.40508,bootstrap,6025.1921,0.41488372,False,False
K00665.02,159217436,sap,SPOC,SAP_FLUX,OK,5,"74,75,80,81,82",120,79,94.725331,95.172539,bootstrap,4612.1146,1.2692963,False,False
K00665.02,159217436,sap,TESS-SPOC,SAP_FLUX,OK,5,"74,75,80,81,82",200,79,65.128078,88.951272,bootstrap,3496.2003,1.9468323,False,False
K00665.02,159217436,sap,QLP,SAP_FLUX,OK,10,"14,40,41,54,55,74,75,80,81,82","1800,200,600",160,656.18889,348.05062,bootstrap,4707.6486,0.70116411,False,True
K00665.03,159217436,pdc,SPOC,PDCSAP_FLUX,OK,5,"74,75,80,81,82",120,36,9.123116,121.06376,bootstrap,5636.4425,0.36627884,False,False
K00665.03,159217436,pdc,TESS-SPOC,PDCSAP_FLUX,OK,5,"74,75,80,81,82",200,36,1.8810967,143.32679,bootstrap,4510.5592,0.77055965,False,False
K00665.03,159217436,pdc,QLP,KSPSAP_FLUX,OK,5,"14,40,41,54,55","1800,600",40,899.38568,633.57866,bootstrap,2925.2941,0.8464834,False,False
K00665.03,159217436,pdc,QLP,DET_FLUX,OK,5,"74,75,80,81,82",200,40,-60.264394,171.21001,bootstrap,5880.4398,0.59912866,False,False
K00665.03,159217436,sap,SPOC,SAP_FLUX,OK,5,"74,75,80,81,82",120,40,-71.674303,97.806293,bootstrap,4566.2312,0.11562847,False,False
K00665.03,159217436,sap,TESS-SPOC,SAP_FLUX,OK,5,"74,75,80,81,82",200,40,-76.012094,103.32186,bootstrap,3665.1131,0.40333161,False,False
K00665.03,159217436,sap,QLP,SAP_FLUX,OK,10,"14,40,41,54,55,74,75,80,81,82","1800,200,600",80,558.29787,377.79544,bootstrap,4895.4339,0.82607098,False,True
K03508.01,270609457,pdc,SPOC,PDCSAP_FLUX,NO_USABLE_TRANSIT,4,"74,75,81,82",120,0,,,none,,,False,True
K03508.01,270609457,pdc,TESS-SPOC,PDCSAP_FLUX,NO_USABLE_TRANSIT,4,"74,75,81,82",200,0,,,none,,,False,False
K03508.01,270609457,sap,SPOC,SAP_FLUX,NO_USABLE_TRANSIT,4,"74,75,81,82",120,0,,,none,,,False,True
K03508.01,270609457,sap,TESS-SPOC,SAP_FLUX,NO_USABLE_TRANSIT,4,"74,75,81,82",200,0,,,none,,,False,False
K00563.01,272180918,pdc,SPOC,PDCSAP_FLUX,OK,4,"74,75,81,82",120,7,-1352.3959,833.11713,analytic,20211.459,1.6702342,False,True
K00563.01,272180918,pdc,TESS-SPOC,PDCSAP_FLUX,OK,4,"74,75,81,82",200,7,-1184.1128,822.96634,analytic,14387.529,2.0535195,False,False
K00563.01,272180918,sap,SPOC,SAP_FLUX,OK,4,"74,75,81,82",120,7,-494.59774,279.68412,analytic,7421.6307,1.3186849,False,True
K00563.01,272180918,sap,TESS-SPOC,SAP_FLUX,OK,4,"74,75,81,82",200,7,-463.75463,268.46643,analytic,4842.4841,1.338255,False,False
K02146.01,159573412,pdc,SPOC,PDCSAP_FLUX,OK,2,"81,82",120,16,13.583787,1286.5237,bootstrap,31892.939,0.32169892,False,True
K02146.01,159573412,pdc,TESS-SPOC,PDCSAP_FLUX,OK,2,"81,82",200,16,1026.9752,1404.5791,bootstrap,25185.603,0.7473384,False,False
K02146.01,159573412,sap,SPOC,SAP_FLUX,OK,2,"81,82",120,16,19.601906,648.54479,bootstrap,14857.479,0.37695622,False,True
K02146.01,159573412,sap,TESS-SPOC,SAP_FLUX,OK,2,"81,82",200,16,313.63963,626.30055,bootstrap,11506.278,0.58617515,False,False
K06774.01,164673717,pdc,SPOC,PDCSAP_FLUX,OK,3,"74,80,81",120,2,72816.168,4725.1046,analytic,43022.689,,False,True
K06774.01,164673717,pdc,TESS-SPOC,PDCSAP_FLUX,OK,3,"74,80,81",200,2,79698.125,4864.282,analytic,35994.23,,False,False
K06774.01,164673717,sap,SPOC,SAP_FLUX,OK,3,"74,80,81",120,4,49499.941,2734.0871,analytic,37530.389,1.7243341,False,True
K06774.01,164673717,sap,TESS-SPOC,SAP_FLUX,OK,3,"74,80,81",200,4,49270.111,2871.8919,analytic,32777.97,2.5171115,False,False
K00417.01,272183077,pdc,SPOC,PDCSAP_FLUX,OK,2,"81,82",120,3,1981.7845,3112.0005,analytic,34276.56,0.37493798,False,True
K00417.01,272183077,pdc,TESS-SPOC,PDCSAP_FLUX,OK,2,"81,82",200,3,4431.5684,3710.0788,analytic,30116.624,0.58026211,False,False
K00417.01,272183077,sap,SPOC,SAP_FLUX,OK,2,"81,82",120,3,835.81332,1553.1063,analytic,16158.256,0.51193463,False,True
K00417.01,272183077,sap,TESS-SPOC,SAP_FLUX,OK,2,"81,82",200,3,1370.9623,1556.5216,analytic,12521.046,0.82255003,False,False
K04382.01,158722002,pdc,SPOC,PDCSAP_FLUX,OK,5,"74,75,80,81,82",120,38,-263.40601,407.40795,bootstrap,13299.557,2.0750879,False,True
K04382.01,158722002,pdc,TESS-SPOC,PDCSAP_FLUX,OK,5,"74,75,80,81,82",200,38,-543.86625,420.14961,bootstrap,10960.155,2.8937381,False,False
K04382.01,158722002,sap,SPOC,SAP_FLUX,OK,5,"74,75,80,81,82",120,42,-146.10855,258.92036,bootstrap,8116.4635,1.538981,False,True
K04382.01,158722002,sap,TESS-SPOC,SAP_FLUX,OK,5,"74,75,80,81,82",200,42,-391.94192,286.27748,bootstrap,6673.3927,2.3930802,False,False
K04382.02,158722002,pdc,SPOC,PDCSAP_FLUX,OK,5,"74,75,80,81,82",120,27,114.43806,304.33104,bootstrap,13142.946,0.27278326,False,True
K04382.02,158722002,pdc,TESS-SPOC,PDCSAP_FLUX,OK,5,"74,75,80,81,82",200,27,-157.16915,339.42556,bootstrap,10319.374,0.42441192,False,False
K04382.02,158722002,sap,SPOC,SAP_FLUX,OK,5,"74,75,80,81,82",120,30,-195.42228,232.27759,bootstrap,8097.5327,0.88217702,False,True
K04382.02,158722002,sap,TESS-SPOC,SAP_FLUX,OK,5,"74,75,80,81,82",200,30,-195.39897,218.65697,bootstrap,6132.8877,0.012879278,False,False
K05337.01,158926323,pdc,SPOC,PDCSAP_FLUX,NO_USABLE_TRANSIT,2,"80,82",120,0,,,none,,,False,True
K05337.01,158926323,pdc,TESS-SPOC,PDCSAP_FLUX,NO_USABLE_TRANSIT,2,"80,82",200,0,,,none,,,False,False
K05337.01,158926323,sap,SPOC,SAP_FLUX,NO_USABLE_TRANSIT,2,"80,82",120,0,,,none,,,False,True
K05337.01,158926323,sap,TESS-SPOC,SAP_FLUX,NO_USABLE_TRANSIT,2,"80,82",200,0,,,none,,,False,False
K06150.01,159652665,pdc,SPOC,PDCSAP_FLUX,OK,4,"74,75,81,82",120,2,714.84237,459.37965,analytic,3153.5174,,False,False
K06150.01,159652665,pdc,TESS-SPOC,PDCSAP_FLUX,OK,6,"14,54,74,75,81,82","1800,200,600",4,490.25066,397.2409,analytic,2050.1863,,True,False
K06150.01,159652665,pdc,QLP,KSPSAP_FLUX,OK,5,"14,40,41,54,55","1800,600",4,1215.7127,477.28657,analytic,2139.789,0.042500587,True,False
K06150.01,159652665,pdc,QLP,DET_FLUX,OK,4,"74,75,81,82",200,2,1138.7572,700.12022,analytic,3685.7986,,False,False
K06150.01,159652665,sap,SPOC,SAP_FLUX,OK,4,"74,75,81,82",120,2,546.49611,408.01377,analytic,2807.1726,,False,False
K06150.01,159652665,sap,TESS-SPOC,SAP_FLUX,OK,6,"14,54,74,75,81,82","1800,200,600",4,248.03988,382.01878,analytic,1962.756,,True,False
K06150.01,159652665,sap,QLP,SAP_FLUX,OK,9,"14,40,41,54,55,74,75,81,82","1800,200,600",6,1235.2256,383.02392,analytic,2529.5311,0.083572884,True,True
K01628.01,274030824,pdc,SPOC,PDCSAP_FLUX,OK,4,"74,75,81,82",120,5,-231.34928,339.9295,analytic,5429.481,0.87367651,False,False
K01628.01,274030824,pdc,TESS-SPOC,PDCSAP_FLUX,OK,4,"74,75,81,82",200,5,-263.36697,349.48435,analytic,5142.3691,0.53325825,False,False
K01628.01,274030824,pdc,QLP,KSPSAP_FLUX,OK,5,"14,15,41,54,55","1800,600",8,1639.5073,850.25857,bootstrap,3497.2048,1.7245573,False,False
K01628.01,274030824,pdc,QLP,DET_FLUX,OK,4,"74,75,81,82",200,5,343.18154,456.05158,analytic,5292.2983,1.0143839,False,False
K01628.01,274030824,sap,SPOC,SAP_FLUX,OK,4,"74,75,81,82",120,5,-196.15633,273.73394,analytic,4198.7315,0.64116839,False,False
K01628.01,274030824,sap,TESS-SPOC,SAP_FLUX,OK,4,"74,75,81,82",200,5,-284.48785,237.74975,analytic,3057.0718,0.20083973,False,False
K01628.01,274030824,sap,QLP,SAP_FLUX,OK,9,"14,15,41,54,55,74,75,81,82","1800,200,600",13,1334.6064,723.3622,bootstrap,3911.5252,1.4110454,False,True
K01628.02,274030824,pdc,SPOC,PDCSAP_FLUX,OK,4,"74,75,81,82",120,57,538.49443,133.47291,bootstrap,5024.5584,0.99297091,False,False
K01628.02,274030824,pdc,TESS-SPOC,PDCSAP_FLUX,OK,4,"74,75,81,82",200,58,421.31141,144.8259,bootstrap,4495.6207,0.35066413,False,False
K01628.02,274030824,pdc,QLP,KSPSAP_FLUX,OK,5,"14,15,41,54,55","1800,600",72,673.26148,444.16305,bootstrap,2961.6681,0.28741259,True,False
K01628.02,274030824,pdc,QLP,DET_FLUX,OK,4,"74,75,81,82",200,57,495.42102,148.47026,bootstrap,5776.5634,2.6868716,False,False
K01628.02,274030824,sap,SPOC,SAP_FLUX,OK,4,"74,75,81,82",120,58,410.54199,102.33661,bootstrap,4173.116,0.50523868,False,False
K01628.02,274030824,sap,TESS-SPOC,SAP_FLUX,OK,4,"74,75,81,82",200,58,271.74238,107.70722,bootstrap,3283.7094,0.64586297,False,False
K01628.02,274030824,sap,QLP,SAP_FLUX,OK,9,"14,15,41,54,55,74,75,81,82","1800,200,600",129,598.76116,276.61951,bootstrap,4438.0792,0.64245035,True,True
K01628.03,274030824,pdc,SPOC,PDCSAP_FLUX,OK,4,"74,75,81,82",120,3,446.6294,324.23445,analytic,5528.9174,0.44682963,False,False
K01628.03,274030824,pdc,TESS-SPOC,PDCSAP_FLUX,OK,4,"74,75,81,82",200,3,652.16043,369.63741,analytic,4709.4257,0.234569,False,False
K01628.03,274030824,pdc,QLP,KSPSAP_FLUX,OK,5,"14,15,41,54,55","1800,600",5,119.67485,406.86476,analytic,3466.6703,0.97672683,False,False
K01628.03,274030824,pdc,QLP,DET_FLUX,OK,4,"74,75,81,82",200,3,237.51434,484.53632,analytic,6355.5636,0.036128158,False,False
K01628.03,274030824,sap,SPOC,SAP_FLUX,OK,4,"74,75,81,82",120,3,544.18263,266.92656,analytic,4623.9945,0.4238806,False,False
K01628.03,274030824,sap,TESS-SPOC,SAP_FLUX,OK,4,"74,75,81,82",200,3,570.75969,262.09968,analytic,3658.9684,0.65814241,False,False
K01628.03,274030824,sap,QLP,SAP_FLUX,OK,9,"14,15,41,54,55,74,75,81,82","1800,200,600",8,283.49725,256.03434,bootstrap,3677.0149,1.0863215,False,True
K03433.01,123451603,pdc,SPOC,PDCSAP_FLUX,OK,3,"74,80,81",120,2,9617.4613,5306.7679,analytic,32559.453,0.64722706,False,True
K03433.01,123451603,pdc,TESS-SPOC,PDCSAP_FLUX,OK,3,"74,80,81",200,2,11528.413,4508.1698,analytic,21426.747,0.68652768,False,False
K03433.01,123451603,sap,SPOC,SAP_FLUX,OK,3,"74,80,81",120,2,8381.9202,4652.0102,analytic,28452.796,0.46192168,False,True
K03433.01,123451603,sap,TESS-SPOC,SAP_FLUX,OK,3,"74,80,81",200,2,10544.74,3786.3644,analytic,17865.643,0.63526152,False,False
K00672.01,159652365,pdc,SPOC,PDCSAP_FLUX,OK,4,"74,75,81,82",120,8,911.55176,442.14581,bootstrap,11247.72,0.29293565,False,False
K00672.01,159652365,pdc,TESS-SPOC,PDCSAP_FLUX,OK,4,"74,75,81,82",200,8,1338.6928,460.96281,bootstrap,9459.4201,1.1306483,False,False
K00672.01,159652365,pdc,QLP,KSPSAP_FLUX,OK,5,"14,40,41,54,55","1800,600",9,794.79995,1490.3462,bootstrap,10912.797,1.4846307,False,False
K00672.01,159652365,pdc,QLP,DET_FLUX,OK,4,"74,75,81,82",200,8,-16.838724,1302.4069,bootstrap,18094.513,0.18183938,False,False
K00672.01,159652365,sap,SPOC,SAP_FLUX,OK,4,"74,75,81,82",120,8,442.03727,193.72488,bootstrap,5104.7119,0.18413326,False,False
K00672.01,159652365,sap,TESS-SPOC,SAP_FLUX,OK,4,"74,75,81,82",200,8,567.62954,180.89015,bootstrap,4465.9777,0.83151306,False,False
K00672.01,159652365,sap,QLP,SAP_FLUX,OK,9,"14,40,41,54,55,74,75,81,82","1800,200,600",17,706.56138,1257.6295,bootstrap,13980.478,1.500296,False,True
K00672.02,159652365,pdc,SPOC,PDCSAP_FLUX,OK,4,"74,75,81,82",120,2,1618.8869,969.44573,analytic,11886.517,1.9893612,False,False
K00672.02,159652365,pdc,TESS-SPOC,PDCSAP_FLUX,OK,4,"74,75,81,82",200,2,2665.409,1017.0466,analytic,9774.7698,1.1861781,False,False
K00672.02,159652365,pdc,QLP,KSPSAP_FLUX,OK,5,"14,40,41,54,55","1800,600",3,-1713.9521,1948.2521,analytic,14042.366,1.1373935,False,False
K00672.02,159652365,pdc,QLP,DET_FLUX,OK,4,"74,75,81,82",200,2,1101.2078,1946.1633,analytic,17657.648,1.8062892,False,False
K00672.02,159652365,sap,SPOC,SAP_FLUX,OK,4,"74,75,81,82",120,2,826.75189,397.9824,analytic,4690.6862,1.9236762,False,False
K00672.02,159652365,sap,TESS-SPOC,SAP_FLUX,OK,4,"74,75,81,82",200,2,693.51245,391.95966,analytic,3559.2608,2.1721403,False,False
K00672.02,159652365,sap,QLP,SAP_FLUX,OK,9,"14,40,41,54,55,74,75,81,82","1800,200,600",5,3325.0189,1395.6305,analytic,14175.48,1.1476258,False,True
K00566.01,63212809,pdc,SPOC,PDCSAP_FLUX,OK,6,"40,41,54,55,81,82",120,6,8774.5088,1355.7674,analytic,24299.905,5.7251465,False,True
K00566.01,63212809,pdc,TESS-SPOC,PDCSAP_FLUX,OK,6,"40,41,54,55,81,82","200,600",6,141.9281,1630.7373,analytic,18458.345,2.023164,False,False
K00566.01,63212809,sap,SPOC,SAP_FLUX,OK,6,"40,41,54,55,81,82",120,6,633.63377,339.88522,analytic,5406.0803,0.88964608,False,True
K00566.01,63212809,sap,TESS-SPOC,SAP_FLUX,OK,6,"40,41,54,55,81,82","200,600",6,257.16008,346.0276,analytic,4069.3337,0.20215576,False,False
K00566.02,63212809,pdc,SPOC,PDCSAP_FLUX,OK,6,"40,41,54,55,81,82",120,8,16484.293,4724.1246,bootstrap,20551.591,1.7042039,False,True
K00566.02,63212809,pdc,TESS-SPOC,PDCSAP_FLUX,OK,6,"40,41,54,55,81,82","200,600",8,12005.313,3937.9358,bootstrap,14045.81,0.87463265,False,False
K00566.02,63212809,sap,SPOC,SAP_FLUX,OK,6,"40,41,54,55,81,82",120,8,3759.7379,1710.0139,bootstrap,6262.6536,2.4718371,False,True
K00566.02,63212809,sap,TESS-SPOC,SAP_FLUX,OK,6,"40,41,54,55,81,82","200,600",8,2514.0196,1298.0289,bootstrap,4428.583,0.17193305,False,False
K00566.03,63212809,pdc,SPOC,PDCSAP_FLUX,OK,6,"40,41,54,55,81,82",120,4,152.08547,1443.508,analytic,27000.198,2.9598749,False,True
K00566.03,63212809,pdc,TESS-SPOC,PDCSAP_FLUX,OK,6,"40,41,54,55,81,82","200,600",4,1842.9019,1644.5267,analytic,20090.289,1.0463249,False,False
K00566.03,63212809,sap,SPOC,SAP_FLUX,OK,6,"40,41,54,55,81,82",120,4,336.56604,350.47215,analytic,6591.645,2.1301665,False,True
K00566.03,63212809,sap,TESS-SPOC,SAP_FLUX,OK,6,"40,41,54,55,81,82","200,600",4,293.71799,363.07173,analytic,4062.1436,1.2604272,False,False
K05371.01,240184537,pdc,SPOC,PDCSAP_FLUX,OK,4,"74,75,81,82",120,3,7280.0686,4144.3614,analytic,48766.262,1.9461101,False,True
K05371.01,240184537,pdc,TESS-SPOC,PDCSAP_FLUX,OK,4,"74,75,81,82",200,3,9745.9244,4519.9814,analytic,38947.519,1.6624037,False,False
K05371.01,240184537,sap,SPOC,SAP_FLUX,OK,4,"74,75,81,82",120,3,-511.3242,673.26099,analytic,7768.0112,2.3698845,False,True
K05371.01,240184537,sap,TESS-SPOC,SAP_FLUX,OK,4,"74,75,81,82",200,3,-54.849636,616.93491,analytic,5542.9458,2.132722,False,False
K01974.01,270862497,pdc,SPOC,PDCSAP_FLUX,NO_USABLE_TRANSIT,2,"81,82",120,0,,,none,,,False,True
K01974.01,270862497,pdc,TESS-SPOC,PDCSAP_FLUX,NO_USABLE_TRANSIT,2,"81,82",200,0,,,none,,,False,False
K01974.01,270862497,sap,SPOC,SAP_FLUX,NO_USABLE_TRANSIT,2,"81,82",120,0,,,none,,,False,True
K01974.01,270862497,sap,TESS-SPOC,SAP_FLUX,NO_USABLE_TRANSIT,2,"81,82",200,0,,,none,,,False,False
K00883.01,272707711,pdc,SPOC,PDCSAP_FLUX,OK,5,"41,74,75,81,82",120,49,38405.734,1247.0499,bootstrap,48160.205,1.1971269,False,True
K00883.01,272707711,pdc,TESS-SPOC,PDCSAP_FLUX,OK,5,"41,74,75,81,82","200,600",48,42425.774,1280.8107,bootstrap,36163.748,1.0995224,False,False
K00883.01,272707711,sap,SPOC,SAP_FLUX,OK,5,"41,74,75,81,82",120,49,7868.4091,271.60592,bootstrap,10137.653,1.4093981,False,True
K00883.01,272707711,sap,TESS-SPOC,SAP_FLUX,OK,5,"41,74,75,81,82","200,600",48,7797.1341,255.02104,bootstrap,6822.0873,1.1553133,False,False
K02392.01,272944301,pdc,SPOC,PDCSAP_FLUX,OK,2,"81,82",120,7,262.77986,1650.1304,analytic,30319.479,3.9548981,False,True
K02392.01,272944301,pdc,TESS-SPOC,PDCSAP_FLUX,OK,2,"81,82",200,7,3571.9238,1845.8546,analytic,25880.045,2.8778823,False,False
K02392.01,272944301,sap,SPOC,SAP_FLUX,OK,2,"81,82",120,7,-1382.6369,331.69766,analytic,5906.4034,7.9300163,False,True
K02392.01,272944301,sap,TESS-SPOC,SAP_FLUX,OK,2,"81,82",200,7,-1534.086,324.14912,analytic,4642.5118,8.2104028,False,False
K01518.01,273141643,pdc,SPOC,PDCSAP_FLUX,OK,2,"81,82",120,2,18790.077,3191.9024,analytic,39641.917,2.389242,False,True
K01518.01,273141643,pdc,TESS-SPOC,PDCSAP_FLUX,OK,2,"81,82",200,2,15722.902,3442.9259,analytic,34939.422,2.0056398,False,False
K01518.01,273141643,sap,SPOC,SAP_FLUX,OK,2,"81,82",120,2,7301.9991,1323.7164,analytic,16502.293,1.6252556,False,True
K01518.01,273141643,sap,TESS-SPOC,SAP_FLUX,OK,2,"81,82",200,2,6404.1362,1264.6992,analytic,12425.469,1.8185435,False,False
K00890.01,123499118,pdc,SPOC,PDCSAP_FLUX,OK,6,"40,41,53,74,80,81",120,19,5573.6635,1028.4381,bootstrap,33039.257,0.079109949,False,True
K00890.01,123499118,pdc,TESS-SPOC,PDCSAP_FLUX,OK,6,"40,41,53,74,80,81","200,600",19,6307.8601,1106.8295,bootstrap,19390.612,0.59345897,False,False
K00890.01,123499118,sap,SPOC,SAP_FLUX,OK,6,"40,41,53,74,80,81",120,20,1450.4784,251.03599,bootstrap,8252.1691,0.29716071,False,True
K00890.01,123499118,sap,TESS-SPOC,SAP_FLUX,OK,6,"40,41,53,74,80,81","200,600",20,1543.7316,279.95681,bootstrap,4510.3835,0.48576658,False,False
K01472.01,271158887,pdc,SPOC,PDCSAP_FLUX,OK,2,"81,82",120,1,2929.2407,2171.092,analytic,21256.294,,False,True
K01472.01,271158887,pdc,TESS-SPOC,PDCSAP_FLUX,OK,2,"81,82",200,1,4172.9445,2788.3245,analytic,21156.941,,False,False
K01472.01,271158887,sap,SPOC,SAP_FLUX,OK,2,"81,82",120,1,1151.6971,893.08944,analytic,8743.8818,,False,True
K01472.01,271158887,sap,TESS-SPOC,SAP_FLUX,OK,2,"81,82",200,1,1318.6199,981.1474,analytic,7444.6419,,False,False
K05423.01,271261135,pdc,SPOC,PDCSAP_FLUX,NO_USABLE_TRANSIT,2,"81,82",120,0,,,none,,,False,True
K05423.01,271261135,pdc,TESS-SPOC,PDCSAP_FLUX,NO_USABLE_TRANSIT,2,"81,82",200,0,,,none,,,False,False
K05423.01,271261135,sap,SPOC,SAP_FLUX,NO_USABLE_TRANSIT,2,"81,82",120,0,,,none,,,False,True
K05423.01,271261135,sap,TESS-SPOC,SAP_FLUX,NO_USABLE_TRANSIT,2,"81,82",200,0,,,none,,,False,False
K04528.01,271669592,pdc,SPOC,PDCSAP_FLUX,OK,1,40,120,3,472.90709,405.2222,analytic,4239.5999,1.1721351,False,False
K04528.01,271669592,pdc,TESS-SPOC,PDCSAP_FLUX,OK,1,40,600,3,343.43732,337.2408,analytic,1864.8479,1.2314319,False,False
K04528.01,271669592,pdc,QLP,KSPSAP_FLUX,OK,5,"14,15,40,54,55","1800,600",13,681.12277,804.28886,bootstrap,2306.4974,6.6611179,False,False
K04528.01,271669592,pdc,QLP,DET_FLUX,OK,4,"74,75,81,82",200,13,-338.32859,262.64187,bootstrap,4925.4577,0.35005906,False,False
K04528.01,271669592,sap,SPOC,SAP_FLUX,OK,1,40,120,3,336.86741,398.1596,analytic,4109.7681,0.56021896,False,False
K04528.01,271669592,sap,TESS-SPOC,SAP_FLUX,OK,1,40,600,3,242.82768,272.9818,analytic,1917.1182,0.73712638,False,False
K04528.01,271669592,sap,QLP,SAP_FLUX,OK,9,"14,15,40,54,55,74,75,81,82","1800,200,600",26,514.53133,652.25197,bootstrap,4321.6421,2.3631434,False,True
K02527.01,158389981,pdc,SPOC,PDCSAP_FLUX,OK,9,"40,41,53,55,74,75,80,81,82",120,152,-41.03664,816.59846,bootstrap,9391.5948,0.68915109,False,False
K02527.01,158389981,pdc,TESS-SPOC,PDCSAP_FLUX,OK,9,"40,41,53,55,74,75,80,81,82","200,600",152,-907.75439,871.79883,bootstrap,6956.5659,0.67767649,False,False
K02527.01,158389981,pdc,QLP,KSPSAP_FLUX,OK,6,"14,40,41,53,54,55","1800,600",109,70162.683,7229.7395,bootstrap,34547.275,0.21172098,True,False
K02527.01,158389981,pdc,QLP,DET_FLUX,OK,5,"74,75,80,81,82",200,90,62348.028,9074.8209,bootstrap,36826.155,0.70149394,False,False
K02527.01,158389981,sap,SPOC,SAP_FLUX,OK,9,"40,41,53,55,74,75,80,81,82",120,163,-12.233503,632.66355,bootstrap,6640.3677,0.46912424,False,False
K02527.01,158389981,sap,TESS-SPOC,SAP_FLUX,OK,9,"40,41,53,55,74,75,80,81,82","200,600",163,-528.81297,574.18516,bootstrap,4795.3837,0.42924835,False,False
K02527.01,158389981,sap,QLP,SAP_FLUX,OK,11,"14,40,41,53,54,55,74,75,80,81,82","1800,200,600",199,66960.396,6215.1675,bootstrap,36240.876,0.63089859,True,True
K04759.01,158556767,pdc,SPOC,PDCSAP_FLUX,OK,3,"80,81,82",120,4,-315.48777,1812.0228,analytic,21943.1,0.41079681,False,True
K04759.01,158556767,pdc,TESS-SPOC,PDCSAP_FLUX,OK,3,"80,81,82",200,4,-597.0433,1788.026,analytic,18110.243,0.16681539,False,False
K04759.01,158556767,sap,SPOC,SAP_FLUX,OK,3,"80,81,82",120,5,193.84508,694.83415,analytic,9568.2899,0.12542632,False,True
K04759.01,158556767,sap,TESS-SPOC,SAP_FLUX,OK,3,"80,81,82",200,5,-18.913711,701.99666,analytic,7964.3585,0.54823199,False,False
K02674.01,159106207,pdc,SPOC,PDCSAP_FLUX,NO_USABLE_TRANSIT,5,"74,75,80,81,82",120,0,,,none,,,False,False
K02674.01,159106207,pdc,TESS-SPOC,PDCSAP_FLUX,NO_USABLE_TRANSIT,5,"74,75,80,81,82",200,0,,,none,,,False,False
K02674.01,159106207,pdc,QLP,KSPSAP_FLUX,NO_USABLE_TRANSIT,5,"14,40,41,54,55","1800,600",0,,,none,,,False,False
K02674.01,159106207,pdc,QLP,DET_FLUX,NO_USABLE_TRANSIT,5,"74,75,80,81,82",200,0,,,none,,,False,False
K02674.01,159106207,sap,SPOC,SAP_FLUX,NO_USABLE_TRANSIT,5,"74,75,80,81,82",120,0,,,none,,,False,False
K02674.01,159106207,sap,TESS-SPOC,SAP_FLUX,NO_USABLE_TRANSIT,5,"74,75,80,81,82",200,0,,,none,,,False,False
K02674.01,159106207,sap,QLP,SAP_FLUX,NO_USABLE_TRANSIT,10,"14,40,41,54,55,74,75,80,81,82","1800,200,600",0,,,none,,,False,True
K02674.02,159106207,pdc,SPOC,PDCSAP_FLUX,OK,5,"74,75,80,81,82",120,11,306.70831,216.37731,bootstrap,5245.8664,1.6699685,False,False
K02674.02,159106207,pdc,TESS-SPOC,PDCSAP_FLUX,OK,5,"74,75,80,81,82",200,11,212.00343,291.63908,bootstrap,4919.7616,1.4262771,False,False
K02674.02,159106207,pdc,QLP,KSPSAP_FLUX,OK,5,"14,40,41,54,55","1800,600",10,412.14617,295.08415,bootstrap,3272.6592,2.86003,False,False
K02674.02,159106207,pdc,QLP,DET_FLUX,OK,5,"74,75,80,81,82",200,12,536.57399,227.50361,bootstrap,6147.7079,1.2782311,False,False
K02674.02,159106207,sap,SPOC,SAP_FLUX,OK,5,"74,75,80,81,82",120,12,250.8951,195.283,bootstrap,5123.2675,0.69603275,False,False
K02674.02,159106207,sap,TESS-SPOC,SAP_FLUX,OK,5,"74,75,80,81,82",200,12,142.70269,242.50289,bootstrap,4251.6837,1.0892816,False,False
K02674.02,159106207,sap,QLP,SAP_FLUX,OK,10,"14,40,41,54,55,74,75,80,81,82","1800,200,600",22,574.59303,199.64348,bootstrap,5300.2051,0.5503305,False,True
K02674.03,159106207,pdc,SPOC,PDCSAP_FLUX,OK,5,"74,75,80,81,82",120,41,87.94116,137.15199,bootstrap,5461.6927,1.3042695,False,False
K02674.03,159106207,pdc,TESS-SPOC,PDCSAP_FLUX,OK,5,"74,75,80,81,82",200,41,22.850201,147.05593,bootstrap,4604.9949,0.96044729,False,False
K02674.03,159106207,pdc,QLP,KSPSAP_FLUX,OK,5,"14,40,41,54,55","1800,600",51,-137.0648,188.56271,bootstrap,3407.5927,1.3514666,False,False
K02674.03,159106207,pdc,QLP,DET_FLUX,OK,5,"74,75,80,81,82",200,49,151.84813,142.05846,bootstrap,6159.1221,0.095505833,False,False
K02674.03,159106207,sap,SPOC,SAP_FLUX,OK,5,"74,75,80,81,82",120,49,192.63697,126.89776,bootstrap,5348.7212,1.5145287,False,False
K02674.03,159106207,sap,TESS-SPOC,SAP_FLUX,OK,5,"74,75,80,81,82",200,49,212.80944,128.58629,bootstrap,4060.1774,1.1459201,False,False
K02674.03,159106207,sap,QLP,SAP_FLUX,OK,10,"14,40,41,54,55,74,75,80,81,82","1800,200,600",100,-3.2671945,130.43118,bootstrap,5206.3662,0.43109211,False,True
K00520.01,271159950,pdc,SPOC,PDCSAP_FLUX,OK,4,"74,75,81,82",120,8,1369.6027,1169.0015,bootstrap,15804.936,2.2462642,False,True
K00520.01,271159950,pdc,TESS-SPOC,PDCSAP_FLUX,OK,4,"74,75,81,82",200,8,1446.194,1266.7739,bootstrap,11946.183,1.4363482,False,False
K00520.01,271159950,sap,SPOC,SAP_FLUX,OK,4,"74,75,81,82",120,8,530.88289,319.85513,bootstrap,5716.3994,1.5162903,False,True
K00520.01,271159950,sap,TESS-SPOC,SAP_FLUX,OK,4,"74,75,81,82",200,8,486.32794,382.04623,bootstrap,4509.2469,1.5981922,False,False
K00520.02,271159950,pdc,SPOC,PDCSAP_FLUX,OK,4,"74,75,81,82",120,20,-222.86485,755.4667,bootstrap,17689.337,0.63115191,False,True
K00520.02,271159950,pdc,TESS-SPOC,PDCSAP_FLUX,OK,4,"74,75,81,82",200,20,0.020162778,752.41131,bootstrap,14145.794,0.016595542,False,False
K00520.02,271159950,sap,SPOC,SAP_FLUX,OK,4,"74,75,81,82",120,20,-171.06997,270.81572,bootstrap,6428.5723,0.6358546,False,True
K00520.02,271159950,sap,TESS-SPOC,SAP_FLUX,OK,4,"74,75,81,82",200,20,-182.1612,258.8144,bootstrap,5134.3252,0.52119023,False,False
K00520.03,271159950,pdc,SPOC,PDCSAP_FLUX,OK,4,"74,75,81,82",120,3,1540.6889,1406.5834,analytic,14571.801,0.34328124,False,True
K00520.03,271159950,pdc,TESS-SPOC,PDCSAP_FLUX,OK,4,"74,75,81,82",200,3,1502.2168,1549.7403,analytic,12467.188,0.19066875,False,False
K00520.03,271159950,sap,SPOC,SAP_FLUX,OK,4,"74,75,81,82",120,3,402.06551,538.30487,analytic,5240.5887,0.35913914,False,True
K00520.03,271159950,sap,TESS-SPOC,SAP_FLUX,OK,4,"74,75,81,82",200,3,407.09662,558.55593,analytic,4510.4914,0.091945455,False,False
K00520.04,271159950,pdc,SPOC,PDCSAP_FLUX,OK,4,"74,75,81,82",120,2,-2157.6497,1268.0436,analytic,14635.024,,False,True
K00520.04,271159950,pdc,TESS-SPOC,PDCSAP_FLUX,OK,4,"74,75,81,82",200,2,-1981.9033,1493.2006,analytic,13284.761,,False,False
K00520.04,271159950,sap,SPOC,SAP_FLUX,OK,4,"74,75,81,82",120,2,-657.11337,513.6712,analytic,5904.4411,,False,True
K00520.04,271159950,sap,TESS-SPOC,SAP_FLUX,OK,4,"74,75,81,82",200,2,-680.1961,546.37063,analytic,4896.0638,,False,False
K00089.01,269263577,pdc,SPOC,PDCSAP_FLUX,OK,9,"14,15,41,54,55,74,75,81,82",120,2,734.77201,160.79944,analytic,2630.8487,1.2318605,False,True
K00089.01,269263577,pdc,TESS-SPOC,PDCSAP_FLUX,OK,9,"14,15,41,54,55,74,75,81,82","1800,200,600",2,600.60954,176.52821,analytic,1428.0273,1.8225485,False,False
K00089.01,269263577,pdc,QLP,KSPSAP_FLUX,OK,5,"14,15,41,54,55","1800,600",1,1919.3372,472.04649,analytic,1349.3785,,False,False
K00089.01,269263577,pdc,QLP,DET_FLUX,OK,4,"74,75,81,82",200,1,488.1663,411.79393,analytic,3577.8115,,False,False
K00089.01,269263577,sap,SPOC,SAP_FLUX,OK,9,"14,15,41,54,55,74,75,81,82",120,2,1095.3579,147.13923,analytic,2392.5081,0.30822943,False,True
K00089.01,269263577,sap,TESS-SPOC,SAP_FLUX,OK,9,"14,15,41,54,55,74,75,81,82","1800,200,600",2,995.1963,161.54325,analytic,1270.0435,0.11102504,False,False
K00089.01,269263577,sap,QLP,SAP_FLUX,OK,9,"14,15,41,54,55,74,75,81,82","1800,200,600",2,1639.3126,300.5522,analytic,2394.9834,2.8751465,False,False
K00089.02,269263577,pdc,SPOC,PDCSAP_FLUX,OK,9,"14,15,41,54,55,74,75,81,82",120,1,-514.0403,255.0877,analytic,2296.006,,False,True
K00089.02,269263577,pdc,TESS-SPOC,PDCSAP_FLUX,OK,9,"14,15,41,54,55,74,75,81,82","1800,200,600",1,-521.9226,290.37142,analytic,2013.4798,,False,False
K00089.02,269263577,pdc,QLP,KSPSAP_FLUX,NO_USABLE_TRANSIT,5,"14,15,41,54,55","1800,600",0,,,none,,,False,False
K00089.02,269263577,pdc,QLP,DET_FLUX,OK,4,"74,75,81,82",200,1,-835.16713,457.66081,analytic,3173.4899,,False,False
K00089.02,269263577,sap,SPOC,SAP_FLUX,OK,9,"14,15,41,54,55,74,75,81,82",120,1,-1293.4562,215.19831,analytic,1936.9676,,False,True
K00089.02,269263577,sap,TESS-SPOC,SAP_FLUX,OK,9,"14,15,41,54,55,74,75,81,82","1800,200,600",1,-1494.1021,262.9379,analytic,1823.2516,,False,False
K00089.02,269263577,sap,QLP,SAP_FLUX,OK,9,"14,15,41,54,55,74,75,81,82","1800,200,600",1,-1282.4571,474.17544,analytic,3288.0049,,False,False
K03245.01,351766604,pdc,SPOC,PDCSAP_FLUX,OK,2,"74,80",120,3,49.86853,295.54145,analytic,3478.724,0.43473026,False,False
K03245.01,351766604,pdc,TESS-SPOC,PDCSAP_FLUX,OK,7,"14,26,41,53,54,74,80","1800,200,600",14,190.41279,162.06632,bootstrap,1595.1452,0.027433202,False,False
K03245.01,351766604,pdc,QLP,KSPSAP_FLUX,OK,6,"14,26,40,41,53,54","1800,600",14,108.04523,136.27668,bootstrap,1556.4861,0.66200195,False,False
K03245.01,351766604,pdc,QLP,DET_FLUX,OK,2,"74,80",200,4,299.52616,326.59713,analytic,4401.065,0.43055517,False,False
K03245.01,351766604,sap,SPOC,SAP_FLUX,OK,2,"74,80",120,4,-52.496862,223.86495,analytic,3378.8494,0.74975812,False,False
K03245.01,351766604,sap,TESS-SPOC,SAP_FLUX,OK,7,"14,26,41,53,54,74,80","1800,200,600",15,106.53308,129.89311,bootstrap,1531.6471,0.32273788,False,False
K03245.01,351766604,sap,QLP,SAP_FLUX,OK,8,"14,26,40,41,53,54,74,80","1800,200,600",18,147.98971,121.87653,bootstrap,1670.3319,0.75224672,False,True
K00235.01,271430916,pdc,SPOC,PDCSAP_FLUX,OK,4,"74,75,81,82",120,17,1943.1072,567.05947,bootstrap,13753.595,0.68336025,False,True
K00235.01,271430916,pdc,TESS-SPOC,PDCSAP_FLUX,OK,4,"74,75,81,82",200,17,1725.5177,542.21397,bootstrap,11345.19,0.38635594,False,False
K00235.01,271430916,sap,SPOC,SAP_FLUX,OK,4,"74,75,81,82",120,17,781.12892,253.05177,bootstrap,6868.8517,0.77952774,False,True
K00235.01,271430916,sap,TESS-SPOC,SAP_FLUX,OK,4,"74,75,81,82",200,17,690.99992,221.30964,bootstrap,5277.6573,0.46941314,False,False
K01858.01,159305424,pdc,SPOC,PDCSAP_FLUX,NO_USABLE_TRANSIT,3,"80,81,82",120,0,,,none,,,False,True
K01858.01,159305424,pdc,TESS-SPOC,PDCSAP_FLUX,NO_USABLE_TRANSIT,3,"80,81,82",200,0,,,none,,,False,False
K01858.01,159305424,sap,SPOC,SAP_FLUX,NO_USABLE_TRANSIT,3,"80,81,82",120,0,,,none,,,False,True
K01858.01,159305424,sap,TESS-SPOC,SAP_FLUX,NO_USABLE_TRANSIT,3,"80,81,82",200,0,,,none,,,False,False
K01858.02,159305424,pdc,SPOC,PDCSAP_FLUX,OK,3,"80,81,82",120,1,476.99258,927.18278,analytic,18748.542,,False,True
K01858.02,159305424,pdc,TESS-SPOC,PDCSAP_FLUX,OK,3,"80,81,82",200,1,-425.10523,948.53897,analytic,14846.956,,False,False
K01858.02,159305424,sap,SPOC,SAP_FLUX,OK,3,"80,81,82",120,1,-429.28816,301.94095,analytic,6105.541,,False,True
K01858.02,159305424,sap,TESS-SPOC,SAP_FLUX,OK,3,"80,81,82",200,1,-593.31229,293.24076,analytic,4589.9354,,False,False
K00688.01,159381747,pdc,SPOC,PDCSAP_FLUX,OK,5,"74,75,80,81,82",120,31,-233.99364,385.82888,bootstrap,12784.896,1.1541129,False,True
K00688.01,159381747,pdc,TESS-SPOC,PDCSAP_FLUX,OK,5,"74,75,80,81,82",200,31,-348.62765,407.7584,bootstrap,10231.628,1.2924273,False,False
K00688.01,159381747,sap,SPOC,SAP_FLUX,OK,5,"74,75,80,81,82",120,35,-180.78377,159.07372,bootstrap,4971.49,0.22798899,False,True
K00688.01,159381747,sap,TESS-SPOC,SAP_FLUX,OK,5,"74,75,80,81,82",200,35,-122.07248,168.48362,bootstrap,4119.5726,0.62643081,False,False
K02480.01,268484308,pdc,SPOC,PDCSAP_FLUX,OK,1,81,120,37,-1459.9694,1778.6532,bootstrap,42232.463,2.1615028,False,True
K02480.01,268484308,pdc,TESS-SPOC,PDCSAP_FLUX,OK,1,81,200,37,-2179.1798,2039.1102,bootstrap,32766.413,1.9160584,False,False
K02480.01,268484308,sap,SPOC,SAP_FLUX,OK,1,81,120,38,-453.36462,422.95445,bootstrap,10214.139,2.3587411,False,True
K02480.01,268484308,sap,TESS-SPOC,SAP_FLUX,OK,1,81,200,38,-630.0621,452.88034,bootstrap,7166.3121,1.9327235,False,False
K02474.01,271046185,pdc,SPOC,PDCSAP_FLUX,OK,4,"74,75,81,82",120,2,-122.37896,1081.75,analytic,11245.625,0.1878916,False,True
K02474.01,271046185,pdc,TESS-SPOC,PDCSAP_FLUX,OK,4,"74,75,81,82",200,2,546.60911,1106.822,analytic,9629.5694,0.18610037,False,False
K02474.01,271046185,sap,SPOC,SAP_FLUX,OK,4,"74,75,81,82",120,2,-131.64013,891.472,analytic,9354.8567,0.22245529,False,True
K02474.01,271046185,sap,TESS-SPOC,SAP_FLUX,OK,4,"74,75,81,82",200,2,353.60891,872.55331,analytic,7621.9055,0.11776565,False,False
K02822.01,184998205,pdc,SPOC,PDCSAP_FLUX,OK,1,81,120,5,-9555.349,3102.3603,analytic,39370.242,0.82194501,False,True
K02822.01,184998205,pdc,TESS-SPOC,PDCSAP_FLUX,OK,1,81,200,5,-8167.3103,3829.1185,analytic,36721.66,0.011366834,False,False
K02822.01,184998205,sap,SPOC,SAP_FLUX,OK,1,81,120,6,-1065.1621,404.92847,analytic,5672.44,0.74244745,False,True
K02822.01,184998205,sap,TESS-SPOC,SAP_FLUX,OK,1,81,200,6,-989.68552,440.07599,analytic,4715.1912,0.20054896,False,False
K04799.01,123318083,pdc,SPOC,PDCSAP_FLUX,OK,2,"74,80",120,4,-1343.111,694.87453,analytic,9861.9487,0.12402239,False,True
K04799.01,123318083,pdc,TESS-SPOC,PDCSAP_FLUX,OK,2,"74,80",200,4,-937.54174,705.87623,analytic,7991.1774,0.33905365,False,False
K04799.01,123318083,sap,SPOC,SAP_FLUX,OK,2,"74,80",120,5,-376.84312,403.12533,analytic,6647.4367,1.1336276,False,True
K04799.01,123318083,sap,TESS-SPOC,SAP_FLUX,OK,2,"74,80",200,5,-59.802349,416.95702,analytic,4792.7275,1.2510052,False,False
K07879.01,159522005,pdc,QLP,KSPSAP_FLUX,OK,5,"14,15,40,41,54","1800,600",1,-169.08961,531.45072,analytic,1428.2309,,False,True
K07879.01,159522005,pdc,QLP,DET_FLUX,OK,4,"74,75,81,82",200,1,-220.79533,364.64729,analytic,1742.0232,,False,False
K07879.01,159522005,sap,QLP,SAP_FLUX,OK,9,"14,15,40,41,54,74,75,81,82","1800,200,600",2,-353.35984,295.32706,analytic,1543.9028,0.23613688,False,True
K04567.01,185335694,pdc,SPOC,PDCSAP_FLUX,OK,1,41,120,2,388.95615,922.16857,analytic,14081.758,0.025482342,False,False
K04567.01,185335694,pdc,TESS-SPOC,PDCSAP_FLUX,OK,1,41,600,2,20.553099,893.38709,analytic,6100.9914,0.42928582,False,False
K04567.01,185335694,pdc,QLP,KSPSAP_FLUX,OK,5,"14,15,41,54,55","1800,600",10,2804.09,598.83498,bootstrap,7810.679,1.0544141,False,False
K04567.01,185335694,pdc,QLP,DET_FLUX,OK,3,"75,81,82",200,6,375.15263,688.46205,analytic,13524.879,3.5713364,False,False
K04567.01,185335694,sap,SPOC,SAP_FLUX,OK,1,41,120,2,87.982177,500.75771,analytic,7634.3562,0.22975802,False,False
K04567.01,185335694,sap,TESS-SPOC,SAP_FLUX,OK,1,41,600,2,-96.688888,451.46143,analytic,3151.0597,0.36814885,False,False
K04567.01,185335694,sap,QLP,SAP_FLUX,OK,8,"14,15,41,54,55,75,81,82","1800,200,600",16,1542.331,753.4756,bootstrap,9463.9608,0.99839696,False,True
K04567.02,185335694,pdc,SPOC,PDCSAP_FLUX,OK,1,41,120,6,134.9545,698.76489,analytic,14200.499,0.1557589,False,False
K04567.02,185335694,pdc,TESS-SPOC,PDCSAP_FLUX,OK,1,41,600,6,411.28355,665.88712,analytic,5582.5407,0.81327009,False,False
K04567.02,185335694,pdc,QLP,KSPSAP_FLUX,OK,5,"14,15,41,54,55","1800,600",26,-239.22395,927.39239,bootstrap,7467.7984,0.87599168,False,False
K04567.02,185335694,pdc,QLP,DET_FLUX,OK,3,"75,81,82",200,14,545.55094,662.98703,bootstrap,14211.959,0.48343463,False,False
K04567.02,185335694,sap,SPOC,SAP_FLUX,OK,1,41,120,6,137.15389,374.25631,analytic,7498.1737,0.003259863,False,False
K04567.02,185335694,sap,TESS-SPOC,SAP_FLUX,OK,1,41,600,6,296.53251,327.59727,analytic,2916.2987,0.45994101,False,False
K04567.02,185335694,sap,QLP,SAP_FLUX,OK,8,"14,15,41,54,55,75,81,82","1800,200,600",40,-137.90044,683.65026,bootstrap,8913.1082,1.1406209,False,True
K05506.01,279913846,pdc,SPOC,PDCSAP_FLUX,NO_USABLE_TRANSIT,4,"74,75,81,82",120,0,,,none,,,False,True
K05506.01,279913846,pdc,TESS-SPOC,PDCSAP_FLUX,NO_USABLE_TRANSIT,4,"74,75,81,82",200,0,,,none,,,False,False
K05506.01,279913846,sap,SPOC,SAP_FLUX,NO_USABLE_TRANSIT,4,"74,75,81,82",120,0,,,none,,,False,True
K05506.01,279913846,sap,TESS-SPOC,SAP_FLUX,NO_USABLE_TRANSIT,4,"74,75,81,82",200,0,,,none,,,False,False
K00420.01,158171456,pdc,SPOC,PDCSAP_FLUX,OK,8,"40,41,53,55,74,75,81,82",120,33,3021.9341,565.47614,bootstrap,16073.127,0.068562108,False,True
K00420.01,158171456,pdc,TESS-SPOC,PDCSAP_FLUX,OK,8,"40,41,53,55,74,75,81,82","200,600",33,1856.2912,395.6986,bootstrap,9011.7463,1.1410324,False,False
K00420.01,158171456,sap,SPOC,SAP_FLUX,OK,8,"40,41,53,55,74,75,81,82",120,35,523.02631,122.92963,bootstrap,3819.1997,0.96038709,False,True
K00420.01,158171456,sap,TESS-SPOC,SAP_FLUX,OK,8,"40,41,53,55,74,75,81,82","200,600",35,390.6199,117.82846,bootstrap,2432.1128,0.99779106,False,False
K04854.01,159178437,pdc,SPOC,PDCSAP_FLUX,OK,3,"40,41,55",120,29,-705.80544,368.24121,bootstrap,11294.075,0.059813533,False,True
K04854.01,159178437,pdc,TESS-SPOC,PDCSAP_FLUX,OK,3,"40,41,55",600,29,-108.64179,664.72593,bootstrap,4729.8898,1.764379,False,False
K04854.01,159178437,sap,SPOC,SAP_FLUX,OK,3,"40,41,55",120,29,-466.70536,268.58526,bootstrap,8182.9319,0.20364071,False,True
K04854.01,159178437,sap,TESS-SPOC,SAP_FLUX,OK,3,"40,41,55",600,29,-226.46686,454.82843,bootstrap,2714.3172,1.2998069,False,False
K00575.01,63286249,pdc,SPOC,PDCSAP_FLUX,OK,2,"81,82",120,2,-2082.9501,2938.3769,analytic,32605.801,0.41197853,False,True
K00575.01,63286249,pdc,TESS-SPOC,PDCSAP_FLUX,OK,2,"81,82",200,2,728.25693,2836.1507,analytic,24100.097,0.25131832,False,False
K00575.01,63286249,sap,SPOC,SAP_FLUX,OK,2,"81,82",120,2,-84.635468,335.89044,analytic,3730.834,0.31269812,False,True
K00575.01,63286249,sap,TESS-SPOC,SAP_FLUX,OK,2,"81,82",200,2,-51.684261,323.88901,analytic,2800.4345,0.18291219,False,False
K05514.01,164786289,pdc,SPOC,PDCSAP_FLUX,NO_USABLE_TRANSIT,4,"74,75,81,82",120,0,,,none,,,False,False
K05514.01,164786289,pdc,TESS-SPOC,PDCSAP_FLUX,NO_USABLE_TRANSIT,4,"74,75,81,82",200,0,,,none,,,False,False
K05514.01,164786289,pdc,QLP,KSPSAP_FLUX,OK,6,"14,40,41,53,54,55","1800,600",1,28256.32,8812.1692,analytic,19783.271,,True,False
K05514.01,164786289,pdc,QLP,DET_FLUX,NO_USABLE_TRANSIT,4,"74,75,81,82",200,0,,,none,,,False,False
K05514.01,164786289,sap,SPOC,SAP_FLUX,NO_USABLE_TRANSIT,4,"74,75,81,82",120,0,,,none,,,False,False
K05514.01,164786289,sap,TESS-SPOC,SAP_FLUX,NO_USABLE_TRANSIT,4,"74,75,81,82",200,0,,,none,,,False,False
K05514.01,164786289,sap,QLP,SAP_FLUX,OK,10,"14,40,41,53,54,55,74,75,81,82","1800,200,600",1,30111.595,8393.6375,analytic,18843.67,,True,True
K05515.01,159763790,pdc,SPOC,PDCSAP_FLUX,OK,4,"74,75,81,82",120,16,3926.0105,651.62894,bootstrap,8858.86,0.63999244,False,False
K05515.01,159763790,pdc,TESS-SPOC,PDCSAP_FLUX,OK,4,"74,75,81,82",200,16,4213.6761,604.10678,bootstrap,7903.4984,0.37098444,False,False
K05515.01,159763790,pdc,QLP,KSPSAP_FLUX,OK,4,"15,40,41,54","1800,600",12,2324.0191,2742.2048,bootstrap,8106.8347,0.10234826,True,False
K05515.01,159763790,pdc,QLP,DET_FLUX,OK,4,"74,75,81,82",200,17,2290.0037,1007.3083,bootstrap,13638.614,1.8330276,False,False
K05515.01,159763790,sap,SPOC,SAP_FLUX,OK,4,"74,75,81,82",120,17,2354.2671,376.73303,bootstrap,5626.605,0.91559305,False,False
K05515.01,159763790,sap,TESS-SPOC,SAP_FLUX,OK,4,"74,75,81,82",200,17,2203.6222,337.25584,bootstrap,4744.9544,0.40238967,False,False
K05515.01,159763790,sap,QLP,SAP_FLUX,OK,8,"15,40,41,54,74,75,81,82","1800,200,600",29,2308.7918,1127.3453,bootstrap,11847.342,1.1799927,True,True
K05517.01,63209326,pdc,SPOC,PDCSAP_FLUX,NO_USABLE_TRANSIT,4,"74,75,81,82",120,0,,,none,,,False,False
K05517.01,63209326,pdc,TESS-SPOC,PDCSAP_FLUX,NO_USABLE_TRANSIT,4,"74,75,81,82",200,0,,,none,,,False,False
K05517.01,63209326,pdc,QLP,KSPSAP_FLUX,NO_USABLE_TRANSIT,6,"14,15,40,41,54,55","1800,600",0,,,none,,,False,False
K05517.01,63209326,pdc,QLP,DET_FLUX,NO_USABLE_TRANSIT,4,"74,75,81,82",200,0,,,none,,,False,False
K05517.01,63209326,sap,SPOC,SAP_FLUX,NO_USABLE_TRANSIT,4,"74,75,81,82",120,0,,,none,,,False,False
K05517.01,63209326,sap,TESS-SPOC,SAP_FLUX,NO_USABLE_TRANSIT,4,"74,75,81,82",200,0,,,none,,,False,False
K05517.01,63209326,sap,QLP,SAP_FLUX,NO_USABLE_TRANSIT,10,"14,15,40,41,54,55,74,75,81,82","1800,200,600",0,,,none,,,False,True
K02402.01,164889945,pdc,SPOC,PDCSAP_FLUX,OK,4,"74,75,81,82",120,7,-538.04109,742.04479,analytic,14853.284,1.2530717,False,True
K02402.01,164889945,pdc,TESS-SPOC,PDCSAP_FLUX,OK,4,"74,75,81,82",200,7,182.79939,780.11829,analytic,11879.873,1.2522154,False,False
K02402.01,164889945,sap,SPOC,SAP_FLUX,OK,4,"74,75,81,82",120,8,-262.14101,565.01318,bootstrap,7271.65,1.5377443,False,True
K02402.01,164889945,sap,TESS-SPOC,SAP_FLUX,OK,4,"74,75,81,82",200,8,-153.41236,588.47514,bootstrap,5702.7206,0.66557166,False,False
K02389.01,159763595,pdc,SPOC,PDCSAP_FLUX,OK,4,"74,75,81,82",120,4,-293.79711,620.37135,analytic,13203.804,0.47791935,False,False
K02389.01,159763595,pdc,TESS-SPOC,PDCSAP_FLUX,OK,4,"74,75,81,82",200,4,-113.61155,644.94206,analytic,10585.084,0.4008186,False,False
K02389.01,159763595,pdc,QLP,KSPSAP_FLUX,OK,4,"15,40,41,54","1800,600",4,-99.217658,1216.3055,analytic,12465.608,1.8158943,False,False
K02389.01,159763595,pdc,QLP,DET_FLUX,OK,4,"74,75,81,82",200,4,-650.68345,1054.3994,analytic,16991.045,2.2230038,False,False
K02389.01,159763595,sap,SPOC,SAP_FLUX,OK,4,"74,75,81,82",120,4,1236.282,196.11385,analytic,4614.9388,17.263779,False,False
K02389.01,159763595,sap,TESS-SPOC,SAP_FLUX,OK,4,"74,75,81,82",200,4,104.3819,178.87091,analytic,3182.2798,13.913826,False,False
K02389.01,159763595,sap,QLP,SAP_FLUX,OK,8,"15,40,41,54,74,75,81,82","1800,200,600",8,-1099.4037,1560.6306,bootstrap,16642.983,3.374988,False,True
K04337.01,272491028,pdc,SPOC,PDCSAP_FLUX,OK,3,"75,81,82",120,8,-204.69227,377.84201,bootstrap,19342.688,0.86143355,False,True
K04337.01,272491028,pdc,TESS-SPOC,PDCSAP_FLUX,OK,3,"75,81,82",200,8,-512.95972,333.04545,bootstrap,14830.782,0.050988577,False,False
K04337.01,272491028,sap,SPOC,SAP_FLUX,OK,3,"75,81,82",120,9,-343.57557,288.3834,bootstrap,9653.6688,0.60541001,False,True
K04337.01,272491028,sap,TESS-SPOC,SAP_FLUX,OK,3,"75,81,82",200,9,-261.80319,206.37191,bootstrap,7508.4909,0.79004462,False,False
K02931.01,279913347,pdc,SPOC,PDCSAP_FLUX,OK,4,"74,75,81,82",120,2,64.085301,1148.3047,analytic,15649.093,,False,True
K02931.01,279913347,pdc,TESS-SPOC,PDCSAP_FLUX,OK,4,"74,75,81,82",200,2,1094.2397,1280.9656,analytic,13539.049,,False,False
K02931.01,279913347,sap,SPOC,SAP_FLUX,OK,4,"74,75,81,82",120,2,-1399.1398,742.68446,analytic,10176.954,,False,True
K02931.01,279913347,sap,TESS-SPOC,SAP_FLUX,OK,4,"74,75,81,82",200,2,-859.1322,741.70473,analytic,8039.2692,,False,False
K05550.01,158391593,pdc,SPOC,PDCSAP_FLUX,NO_USABLE_TRANSIT,2,"81,82",120,0,,,none,,,False,True
K05550.01,158391593,pdc,TESS-SPOC,PDCSAP_FLUX,NO_USABLE_TRANSIT,2,"81,82",200,0,,,none,,,False,False
K05550.01,158391593,sap,SPOC,SAP_FLUX,NO_USABLE_TRANSIT,2,"81,82",120,0,,,none,,,False,True
K05550.01,158391593,sap,TESS-SPOC,SAP_FLUX,NO_USABLE_TRANSIT,2,"81,82",200,0,,,none,,,False,False
K01251.01,158835095,pdc,SPOC,PDCSAP_FLUX,OK,7,"40,41,53,55,74,75,82",120,297,-5617.7502,469.09217,bootstrap,32263.113,0.41119243,False,True
K01251.01,158835095,pdc,TESS-SPOC,PDCSAP_FLUX,OK,7,"40,41,53,55,74,75,82","200,600",297,-5792.9146,544.21471,bootstrap,18872.258,0.98384458,False,False
K01251.01,158835095,sap,SPOC,SAP_FLUX,OK,7,"40,41,53,55,74,75,82",120,312,-1255.2027,105.59562,bootstrap,8012.1871,0.53518277,False,True
K01251.01,158835095,sap,TESS-SPOC,SAP_FLUX,OK,7,"40,41,53,55,74,75,82","200,600",312,-1370.1928,124.78816,bootstrap,4408.3873,0.33806606,False,False
K03434.01,275573139,pdc,SPOC,PDCSAP_FLUX,OK,2,"81,82",120,5,-5523.762,1668.7704,analytic,24799.784,0.17046365,False,True
K03434.01,275573139,pdc,TESS-SPOC,PDCSAP_FLUX,OK,2,"81,82",200,5,-6894.7608,1891.1408,analytic,23604.62,0.31754529,False,False
K03434.01,275573139,sap,SPOC,SAP_FLUX,OK,2,"81,82",120,5,-2151.3737,637.91244,analytic,9164.9862,0.25754823,False,True
K03434.01,275573139,sap,TESS-SPOC,SAP_FLUX,OK,2,"81,82",200,5,-2387.165,700.93844,analytic,8868.5891,0.033847344,False,False
K04580.01,275573199,pdc,SPOC,PDCSAP_FLUX,OK,4,"74,75,81,82",120,16,-431.01649,252.64478,bootstrap,5981.6406,1.9808161,False,False
K04580.01,275573199,pdc,TESS-SPOC,PDCSAP_FLUX,OK,4,"74,75,81,82",200,16,-430.52473,289.0453,bootstrap,4553.6102,1.1830819,False,False
K04580.01,275573199,pdc,QLP,KSPSAP_FLUX,OK,6,"14,15,40,41,54,55","1800,600",26,2672.1404,2742.7947,bootstrap,2661.6462,1.1270185,False,False
K04580.01,275573199,pdc,QLP,DET_FLUX,OK,4,"74,75,81,82",200,17,-640.63005,339.70756,bootstrap,5701.0762,0.65295711,False,False
K04580.01,275573199,sap,SPOC,SAP_FLUX,OK,4,"74,75,81,82",120,17,-382.89145,177.79157,bootstrap,3972.6006,2.1752016,False,False
K04580.01,275573199,sap,TESS-SPOC,SAP_FLUX,OK,4,"74,75,81,82",200,17,-320.60725,187.74935,bootstrap,3079.0702,1.2768496,False,False
K04580.01,275573199,sap,QLP,SAP_FLUX,OK,10,"14,15,40,41,54,55,74,75,81,82","1800,200,600",43,1669.321,1834.5143,bootstrap,3543.1077,1.0852948,False,True
K02865.01,158843824,pdc,SPOC,PDCSAP_FLUX,OK,3,"80,81,82",120,49,84.920191,949.82522,bootstrap,30949.601,1.2197467,False,True
K02865.01,158843824,pdc,TESS-SPOC,PDCSAP_FLUX,OK,3,"80,81,82",200,49,673.99107,888.40966,bootstrap,24071.836,0.50860286,False,False
K02865.01,158843824,sap,SPOC,SAP_FLUX,OK,3,"80,81,82",120,59,-4.7437392,433.69843,bootstrap,15255.216,0.70276949,False,True
K02865.01,158843824,sap,TESS-SPOC,SAP_FLUX,OK,3,"80,81,82",200,59,357.61966,400.74888,bootstrap,11436.255,0.41105141,False,False
K01629.01,159386728,pdc,SPOC,PDCSAP_FLUX,OK,4,"74,75,80,81",120,21,-278.60796,337.72202,bootstrap,6474.2809,0.4888478,False,False
K01629.01,159386728,pdc,TESS-SPOC,PDCSAP_FLUX,OK,4,"74,75,80,81",200,21,-413.79125,336.03343,bootstrap,5211.7761,0.0070367049,False,False
K01629.01,159386728,pdc,QLP,KSPSAP_FLUX,OK,5,"14,15,40,41,55","1800,600",30,624.63333,456.86114,bootstrap,3865.3672,0.72208196,True,False
K01629.01,159386728,pdc,QLP,DET_FLUX,OK,4,"74,75,80,81",200,25,111.86284,484.34771,bootstrap,7886.7186,1.7146472,False,False
K01629.01,159386728,sap,SPOC,SAP_FLUX,OK,4,"74,75,80,81",120,25,-409.21389,328.62067,bootstrap,6237.7507,0.83803163,False,False
K01629.01,159386728,sap,TESS-SPOC,SAP_FLUX,OK,4,"74,75,80,81",200,25,-317.78595,288.21291,bootstrap,5048.3759,0.36558739,False,False
K01629.01,159386728,sap,QLP,SAP_FLUX,OK,9,"14,15,40,41,55,74,75,80,81","1800,200,600",55,399.74189,336.38509,bootstrap,5360.1947,1.194455,True,True
K07905.01,272491864,pdc,SPOC,PDCSAP_FLUX,OK,5,"41,74,75,81,82",120,17,-129.95862,162.435,bootstrap,5287.7967,0.25704105,False,False
K07905.01,272491864,pdc,TESS-SPOC,PDCSAP_FLUX,OK,5,"41,74,75,81,82","200,600",17,-95.998887,212.17619,bootstrap,4563.5372,0.040098309,False,False
K07905.01,272491864,pdc,QLP,KSPSAP_FLUX,OK,5,"14,15,41,54,55","1800,600",16,398.57585,431.75264,bootstrap,2989.2335,0.21983122,False,False
K07905.01,272491864,pdc,QLP,DET_FLUX,OK,4,"74,75,81,82",200,15,153.77163,257.74599,bootstrap,5942.7536,1.0866444,False,False
K07905.01,272491864,sap,SPOC,SAP_FLUX,OK,5,"41,74,75,81,82",120,17,-36.704631,152.77277,bootstrap,4561.7273,0.54609818,False,False
K07905.01,272491864,sap,TESS-SPOC,SAP_FLUX,OK,5,"41,74,75,81,82","200,600",17,-70.860369,158.36613,bootstrap,3622.324,0.48532362,False,False
K07905.01,272491864,sap,QLP,SAP_FLUX,OK,9,"14,15,41,54,55,74,75,81,82","1800,200,600",31,52.097522,298.90512,bootstrap,4832.9185,0.071843295,False,True
K02758.01,272606393,pdc,SPOC,PDCSAP_FLUX,NO_USABLE_TRANSIT,4,"74,75,81,82",120,0,,,none,,,False,False
K02758.01,272606393,pdc,TESS-SPOC,PDCSAP_FLUX,NO_USABLE_TRANSIT,4,"74,75,81,82",200,0,,,none,,,False,False
K02758.01,272606393,pdc,QLP,KSPSAP_FLUX,NO_USABLE_TRANSIT,5,"14,15,41,54,55","1800,600",0,,,none,,,False,False
K02758.01,272606393,pdc,QLP,DET_FLUX,NO_USABLE_TRANSIT,4,"74,75,81,82",200,0,,,none,,,False,False
K02758.01,272606393,sap,SPOC,SAP_FLUX,NO_USABLE_TRANSIT,4,"74,75,81,82",120,0,,,none,,,False,False
K02758.01,272606393,sap,TESS-SPOC,SAP_FLUX,NO_USABLE_TRANSIT,4,"74,75,81,82",200,0,,,none,,,False,False
K02758.01,272606393,sap,QLP,SAP_FLUX,NO_USABLE_TRANSIT,9,"14,15,41,54,55,74,75,81,82","1800,200,600",0,,,none,,,False,True
K00321.01,63066101,pdc,SPOC,PDCSAP_FLUX,OK,4,"74,75,81,82",120,35,233.42889,66.709686,bootstrap,2996.4416,0.10105913,False,False
K00321.01,63066101,pdc,TESS-SPOC,PDCSAP_FLUX,OK,5,"41,74,75,81,82","200,600",46,186.26241,76.485922,bootstrap,2407.977,1.4216889,False,False
K00321.01,63066101,pdc,QLP,KSPSAP_FLUX,OK,5,"14,15,40,41,55","1800,600",51,526.74907,432.46425,bootstrap,1477.8386,0.82057706,False,False
K00321.01,63066101,pdc,QLP,DET_FLUX,OK,4,"74,75,81,82",200,37,286.00787,95.737142,bootstrap,3026.4156,0.99869172,False,False
K00321.01,63066101,sap,SPOC,SAP_FLUX,OK,4,"74,75,81,82",120,38,162.2765,66.545596,bootstrap,2962.1974,0.11997243,False,False
K00321.01,63066101,sap,TESS-SPOC,SAP_FLUX,OK,5,"41,74,75,81,82","200,600",49,126.17974,66.659901,bootstrap,2234.796,1.4000526,False,False
K00321.01,63066101,sap,QLP,SAP_FLUX,OK,9,"14,15,40,41,55,74,75,81,82","1800,200,600",88,446.11882,288.10626,bootstrap,2122.8512,0.70634888,False,True
K00321.02,63066101,pdc,SPOC,PDCSAP_FLUX,OK,4,"74,75,81,82",120,16,307.43983,103.11188,bootstrap,3031.3911,0.55863604,False,False
K00321.02,63066101,pdc,TESS-SPOC,PDCSAP_FLUX,OK,5,"41,74,75,81,82","200,600",21,332.16879,99.088722,bootstrap,2261.6356,0.044445555,False,False
K00321.02,63066101,pdc,QLP,KSPSAP_FLUX,OK,5,"14,15,40,41,55","1800,600",24,413.96453,147.78455,bootstrap,1548.4315,1.5803742,False,False
K00321.02,63066101,pdc,QLP,DET_FLUX,OK,4,"74,75,81,82",200,21,2.5588646,186.82026,bootstrap,3069.0938,0.0064426446,False,False
K00321.02,63066101,sap,SPOC,SAP_FLUX,OK,4,"74,75,81,82",120,22,123.90444,101.23651,bootstrap,2903.5477,0.92899321,False,False
K00321.02,63066101,sap,TESS-SPOC,SAP_FLUX,OK,5,"41,74,75,81,82","200,600",27,193.58662,82.86118,bootstrap,2015.9608,0.02852002,False,False
K00321.02,63066101,sap,QLP,SAP_FLUX,OK,9,"14,15,40,41,55,74,75,81,82","1800,200,600",45,298.35661,122.17118,bootstrap,2421.4997,1.5457939,False,True
K04588.01,158221180,pdc,SPOC,PDCSAP_FLUX,OK,5,"74,75,80,81,82",120,15,233.4251,223.31145,bootstrap,5120.6124,0.75980131,False,False
K04588.01,158221180,pdc,TESS-SPOC,PDCSAP_FLUX,OK,5,"74,75,80,81,82",200,15,161.11802,258.71887,bootstrap,4041.2419,0.22101535,False,False
K04588.01,158221180,pdc,QLP,KSPSAP_FLUX,OK,7,"14,26,40,41,53,54,55","1800,600",25,1073.9346,719.36857,bootstrap,3090.1196,2.9699719,False,False
K04588.01,158221180,pdc,QLP,DET_FLUX,OK,5,"74,75,80,81,82",200,17,131.26922,242.60256,bootstrap,5298.2951,2.3972146,False,False
K04588.01,158221180,sap,SPOC,SAP_FLUX,OK,5,"74,75,80,81,82",120,17,225.62252,195.47662,bootstrap,4859.6708,0.75169852,False,False
K04588.01,158221180,sap,TESS-SPOC,SAP_FLUX,OK,5,"74,75,80,81,82",200,17,188.59433,201.20958,bootstrap,3737.5323,0.56470489,False,False
K04588.01,158221180,sap,QLP,SAP_FLUX,OK,12,"14,26,40,41,53,54,55,74,75,80,81,82","1800,200,600",42,346.62716,353.59032,bootstrap,4194.3638,2.6021434,False,True
K02074.01,164458639,pdc,SPOC,PDCSAP_FLUX,OK,3,"74,80,82",120,2,11291.079,3735.6807,analytic,43450.079,,False,True
K02074.01,164458639,pdc,TESS-SPOC,PDCSAP_FLUX,OK,3,"74,80,82",200,2,8910.6991,3705.505,analytic,33403.496,,False,False
K02074.01,164458639,sap,SPOC,SAP_FLUX,OK,3,"74,80,82",120,3,2863.9181,1109.0669,analytic,13676.036,1.9106237,False,True
K02074.01,164458639,sap,TESS-SPOC,SAP_FLUX,OK,3,"74,80,82",200,3,2253.0595,1093.6881,analytic,10722.056,1.3347647,False,False
K05579.01,240180525,pdc,SPOC,PDCSAP_FLUX,OK,1,81,120,1,20380.368,6372.3326,analytic,30312.866,,False,True
K05579.01,240180525,pdc,TESS-SPOC,PDCSAP_FLUX,OK,1,81,200,1,17937.815,5153.8315,analytic,18640.894,,False,False
K05579.01,240180525,sap,SPOC,SAP_FLUX,OK,1,81,120,1,12974.992,4129.3235,analytic,19642.985,,False,True
K05579.01,240180525,sap,TESS-SPOC,SAP_FLUX,OK,1,81,200,1,10865.103,3088.9631,analytic,11172.471,,False,False
K02286.01,273582656,pdc,SPOC,PDCSAP_FLUX,OK,2,"81,82",120,2,1781.7719,3177.2617,analytic,30588.837,0.50385741,False,True
K02286.01,273582656,pdc,TESS-SPOC,PDCSAP_FLUX,OK,2,"81,82",200,2,2529.7302,3867.3337,analytic,29375.852,1.1021867,False,False
K02286.01,273582656,sap,SPOC,SAP_FLUX,OK,2,"81,82",120,2,245.53138,1032.6807,analytic,9631.8679,0.98011866,False,True
K02286.01,273582656,sap,TESS-SPOC,SAP_FLUX,OK,2,"81,82",200,2,482.30693,1246.8878,analytic,8970.7126,1.1327068,False,False
K02319.01,164559875,pdc,SPOC,PDCSAP_FLUX,OK,8,"40,41,53,54,55,75,80,82",120,7,-10.736345,417.60701,analytic,6008.1955,0.29557586,False,False
K02319.01,164559875,pdc,TESS-SPOC,PDCSAP_FLUX,OK,8,"40,41,53,54,55,75,80,82","200,600",7,233.14551,457.74556,analytic,3334.6256,0.46712827,False,False
K02319.01,164559875,pdc,QLP,KSPSAP_FLUX,OK,7,"14,26,40,41,53,54,55","1800,600",7,2191.7824,615.23742,analytic,3558.1717,0.63500161,True,False
K02319.01,164559875,pdc,QLP,DET_FLUX,OK,3,"75,80,82",200,3,-695.8623,1150.0014,analytic,8847.2857,0.8352078,False,False
K02319.01,164559875,sap,SPOC,SAP_FLUX,OK,8,"40,41,53,54,55,75,80,82",120,8,46.161327,317.04135,bootstrap,5302.0523,0.0092195831,False,False
K02319.01,164559875,sap,TESS-SPOC,SAP_FLUX,OK,8,"40,41,53,54,55,75,80,82","200,600",8,204.42581,285.37732,bootstrap,2771.7013,0.51566889,False,False
K02319.01,164559875,sap,QLP,SAP_FLUX,OK,10,"14,26,40,41,53,54,55,75,80,82","1800,200,600",10,1325.9482,902.2551,bootstrap,4086.7543,0.21464576,True,True
K04848.01,164785336,pdc,SPOC,PDCSAP_FLUX,NO_USABLE_TRANSIT,2,"80,82",120,0,,,none,,,False,True
K04848.01,164785336,pdc,TESS-SPOC,PDCSAP_FLUX,NO_USABLE_TRANSIT,2,"80,82",200,0,,,none,,,False,False
K04848.01,164785336,sap,SPOC,SAP_FLUX,NO_USABLE_TRANSIT,2,"80,82",120,0,,,none,,,False,True
K04848.01,164785336,sap,TESS-SPOC,SAP_FLUX,NO_USABLE_TRANSIT,2,"80,82",200,0,,,none,,,False,False
K01892.01,271256817,pdc,SPOC,PDCSAP_FLUX,OK,1,81,120,1,1072.5151,5848.7025,analytic,53638.683,,False,True
K01892.01,271256817,pdc,TESS-SPOC,PDCSAP_FLUX,OK,1,81,200,1,4001.4575,4981.609,analytic,35400.231,,False,False
K01892.01,271256817,sap,SPOC,SAP_FLUX,OK,1,81,120,1,329.96577,3695.8479,analytic,33894.767,,False,True
K01892.01,271256817,sap,TESS-SPOC,SAP_FLUX,OK,1,81,200,1,1983.9521,2812.0971,analytic,19983.28,,False,False
K03316.01,271427581,pdc,SPOC,PDCSAP_FLUX,NO_USABLE_TRANSIT,1,81,120,0,,,none,,,False,True
K03316.01,271427581,pdc,TESS-SPOC,PDCSAP_FLUX,NO_USABLE_TRANSIT,1,81,200,0,,,none,,,False,False
K03316.01,271427581,sap,SPOC,SAP_FLUX,NO_USABLE_TRANSIT,1,81,120,0,,,none,,,False,True
K03316.01,271427581,sap,TESS-SPOC,SAP_FLUX,NO_USABLE_TRANSIT,1,81,200,0,,,none,,,False,False
K02257.01,164522726,pdc,SPOC,PDCSAP_FLUX,OK,3,"80,81,82",120,1,-3752.4001,6032.8574,analytic,52044.703,,False,True
K02257.01,164522726,pdc,TESS-SPOC,PDCSAP_FLUX,OK,3,"80,81,82",200,1,-4639.5496,6376.1614,analytic,42397.014,,False,False
K02257.01,164522726,sap,SPOC,SAP_FLUX,OK,3,"80,81,82",120,2,-218.59581,469.88403,analytic,5905.315,0.30151688,False,True
K02257.01,164522726,sap,TESS-SPOC,SAP_FLUX,OK,3,"80,81,82",200,2,-50.123001,475.43912,analytic,4688.135,0.28911601,False,False
K02257.02,164522726,pdc,SPOC,PDCSAP_FLUX,OK,3,"80,81,82",120,2,-9912.9835,4251.2243,analytic,53457.307,2.2095169,False,True
K02257.02,164522726,pdc,TESS-SPOC,PDCSAP_FLUX,OK,3,"80,81,82",200,2,-7655.9639,3529.7236,analytic,34008.982,1.4225245,False,False
K02257.02,164522726,sap,SPOC,SAP_FLUX,OK,3,"80,81,82",120,2,-801.36925,367.78339,analytic,4827.677,1.8991057,False,True
K02257.02,164522726,sap,TESS-SPOC,SAP_FLUX,OK,3,"80,81,82",200,2,-692.66188,334.95995,analytic,3394.3895,1.8892623,False,False
K07923.01,159303125,pdc,SPOC,PDCSAP_FLUX,OK,9,"40,41,54,55,74,75,80,81,82",120,1,-190.78821,180.82664,analytic,3124.408,,False,False
K07923.01,159303125,pdc,TESS-SPOC,PDCSAP_FLUX,OK,10,"14,40,41,54,55,74,75,80,81,82","1800,200,600",1,-16.918087,177.70394,analytic,2375.9956,,False,False
K07923.01,159303125,pdc,QLP,KSPSAP_FLUX,NO_USABLE_TRANSIT,6,"14,15,40,41,54,55","1800,600",0,,,none,,,False,False
K07923.01,159303125,pdc,QLP,DET_FLUX,OK,5,"74,75,80,81,82",200,1,19.165338,222.50903,analytic,2975.0634,,False,False
K07923.01,159303125,sap,SPOC,SAP_FLUX,OK,9,"40,41,54,55,74,75,80,81,82",120,1,-92.227965,149.10792,analytic,2576.357,,False,False
K07923.01,159303125,sap,TESS-SPOC,SAP_FLUX,OK,10,"14,40,41,54,55,74,75,80,81,82","1800,200,600",1,-17.848775,141.60385,analytic,1893.3184,,False,False
K07923.01,159303125,sap,QLP,SAP_FLUX,OK,11,"14,15,40,41,54,55,74,75,80,81,82","1800,200,600",1,5.6286203,217.64681,analytic,2910.0529,,False,True
K02042.01,268155253,pdc,SPOC,PDCSAP_FLUX,OK,4,"74,75,81,82",120,2,220.128,380.13929,analytic,4700.8276,1.2484884,False,False
K02042.01,268155253,pdc,TESS-SPOC,PDCSAP_FLUX,OK,4,"74,75,81,82",200,2,823.30891,439.56383,analytic,4205.018,1.1816337,False,False
K02042.01,268155253,pdc,QLP,KSPSAP_FLUX,OK,5,"14,15,41,54,55","1800,600",2,2170.3608,593.01631,analytic,6174.1111,,False,False
K02042.01,268155253,pdc,QLP,DET_FLUX,OK,4,"74,75,81,82",200,2,802.31939,548.18654,analytic,5254.9163,2.1464835,False,False
K02042.01,268155253,sap,SPOC,SAP_FLUX,OK,4,"74,75,81,82",120,2,876.00535,336.80146,analytic,4165.4464,0.43325654,False,False
K02042.01,268155253,sap,TESS-SPOC,SAP_FLUX,OK,4,"74,75,81,82",200,2,1136.2838,369.64457,analytic,3586.8859,0.24092431,False,False
K02042.01,268155253,sap,QLP,SAP_FLUX,OK,9,"14,15,41,54,55,74,75,81,82","1800,200,600",4,1538.3491,391.7962,analytic,5009.4228,1.2629605,False,True
K00422.01,159389556,pdc,SPOC,PDCSAP_FLUX,NO_USABLE_TRANSIT,3,"80,81,82",120,0,,,none,,,False,True
K00422.01,159389556,pdc,TESS-SPOC,PDCSAP_FLUX,NO_USABLE_TRANSIT,3,"80,81,82",200,0,,,none,,,False,False
K00422.01,159389556,sap,SPOC,SAP_FLUX,NO_USABLE_TRANSIT,3,"80,81,82",120,0,,,none,,,False,True
K00422.01,159389556,sap,TESS-SPOC,SAP_FLUX,NO_USABLE_TRANSIT,3,"80,81,82",200,0,,,none,,,False,False
K04215.01,269270853,pdc,SPOC,PDCSAP_FLUX,OK,4,"74,75,81,82",120,4,-1192.7122,706.36471,analytic,12476.652,3.599344,False,False
K04215.01,269270853,pdc,TESS-SPOC,PDCSAP_FLUX,OK,4,"74,75,81,82",200,4,-787.04784,799.42282,analytic,11195.653,2.3503732,False,False
K04215.01,269270853,pdc,QLP,KSPSAP_FLUX,OK,5,"14,15,41,54,55","1800,600",5,-739.76083,672.93973,analytic,5723.6222,0.18691015,False,False
K04215.01,269270853,pdc,QLP,DET_FLUX,OK,4,"74,75,81,82",200,4,1916.9593,1100.0452,analytic,15509.011,0.80451462,False,False
K04215.01,269270853,sap,SPOC,SAP_FLUX,OK,4,"74,75,81,82",120,4,267.51237,517.42951,analytic,8877.4484,4.2067974,False,False
K04215.01,269270853,sap,TESS-SPOC,SAP_FLUX,OK,4,"74,75,81,82",200,4,-205.97863,546.13959,analytic,7081.9533,4.1158164,False,False
K04215.01,269270853,sap,QLP,SAP_FLUX,OK,9,"14,15,41,54,55,74,75,81,82","1800,200,600",9,1451.2268,956.12696,bootstrap,9733.5602,1.2805565,False,True
K05663.01,352013982,pdc,SPOC,PDCSAP_FLUX,NO_USABLE_TRANSIT,5,"74,75,80,81,82",120,0,,,none,,,False,False
K05663.01,352013982,pdc,TESS-SPOC,PDCSAP_FLUX,NO_USABLE_TRANSIT,5,"74,75,80,81,82",200,0,,,none,,,False,False
K05663.01,352013982,pdc,QLP,KSPSAP_FLUX,OK,6,"14,26,40,41,53,55","1800,600",2,89.891368,386.31575,analytic,2258.9056,2.7794464,False,False
K05663.01,352013982,pdc,QLP,DET_FLUX,NO_USABLE_TRANSIT,5,"74,75,80,81,82",200,0,,,none,,,False,False
K05663.01,352013982,sap,SPOC,SAP_FLUX,NO_USABLE_TRANSIT,5,"74,75,80,81,82",120,0,,,none,,,False,False
K05663.01,352013982,sap,TESS-SPOC,SAP_FLUX,NO_USABLE_TRANSIT,5,"74,75,80,81,82",200,0,,,none,,,False,False
K05663.01,352013982,sap,QLP,SAP_FLUX,OK,11,"14,26,40,41,53,55,74,75,80,81,82","1800,200,600",2,1071.4504,366.27185,analytic,2149.9869,5.7206833,False,True
K05665.01,158486882,pdc,SPOC,PDCSAP_FLUX,OK,9,"40,41,53,54,55,74,75,80,82",120,2,899.86943,178.28031,analytic,1548.3601,3.3101002,False,False
K05665.01,158486882,pdc,TESS-SPOC,PDCSAP_FLUX,OK,12,"14,15,26,40,41,53,54,55,74,75,80,82","1800,200,600",3,484.06399,126.63768,analytic,572.05087,0.34854251,False,False
K05665.01,158486882,pdc,QLP,KSPSAP_FLUX,OK,8,"14,15,26,40,41,53,54,55","1800,600",2,364.43419,297.36636,analytic,915.43538,0.98731924,False,False
K05665.01,158486882,pdc,QLP,DET_FLUX,OK,4,"74,75,80,82",200,1,-143.46965,303.08493,analytic,1441.7598,,False,False
K05665.01,158486882,sap,SPOC,SAP_FLUX,OK,9,"40,41,53,54,55,74,75,80,82",120,2,14.399837,217.85542,analytic,1911.5813,1.7330954,False,False
K05665.01,158486882,sap,TESS-SPOC,SAP_FLUX,OK,12,"14,15,26,40,41,53,54,55,74,75,80,82","1800,200,600",3,75.338074,147.00167,analytic,545.86026,2.1275252,False,False
K05665.01,158486882,sap,QLP,SAP_FLUX,OK,12,"14,15,26,40,41,53,54,55,74,75,80,82","1800,200,600",3,149.26402,213.09487,analytic,976.49955,1.4365449,False,True
K04207.01,158559883,pdc,SPOC,PDCSAP_FLUX,OK,2,"80,82",120,58,882.67655,1207.0954,bootstrap,24048.593,0.40958675,False,True
K04207.01,158559883,pdc,TESS-SPOC,PDCSAP_FLUX,OK,2,"80,82",200,58,-1698.8434,1504.5862,bootstrap,17025.559,1.6942056,False,False
K04207.01,158559883,sap,SPOC,SAP_FLUX,OK,2,"80,82",120,72,237.76494,313.91787,bootstrap,7592.7478,0.22407538,False,True
K04207.01,158559883,sap,TESS-SPOC,SAP_FLUX,OK,2,"80,82",200,72,-324.25461,425.09107,bootstrap,5598.934,1.4457347,False,False
K00940.01,272845785,pdc,SPOC,PDCSAP_FLUX,OK,4,"74,75,81,82",120,16,2102.1486,420.10259,bootstrap,13671.152,1.6253942,False,True
K00940.01,272845785,pdc,TESS-SPOC,PDCSAP_FLUX,OK,4,"74,75,81,82",200,16,1823.6697,587.38761,bootstrap,12453.482,1.7739236,False,False
K00940.01,272845785,sap,SPOC,SAP_FLUX,OK,4,"74,75,81,82",120,16,1364.1715,275.67899,bootstrap,8963.6899,1.0028193,False,True
K00940.01,272845785,sap,TESS-SPOC,SAP_FLUX,OK,4,"74,75,81,82",200,16,1312.2455,265.00997,bootstrap,7041.3421,0.88211868,False,False
K00943.01,351909600,pdc,SPOC,PDCSAP_FLUX,OK,3,"80,81,82",120,14,1171.1979,2026.0737,bootstrap,37822.221,1.2274781,False,True
K00943.01,351909600,pdc,TESS-SPOC,PDCSAP_FLUX,OK,3,"80,81,82",200,14,1045.316,2054.2449,bootstrap,26588.055,2.0558503,False,False
K00943.01,351909600,sap,SPOC,SAP_FLUX,OK,3,"80,81,82",120,18,356.29886,514.21012,bootstrap,14415.73,0.71846164,False,True
K00943.01,351909600,sap,TESS-SPOC,SAP_FLUX,OK,3,"80,81,82",200,18,69.366591,428.3412,bootstrap,11272.734,1.424378,False,False
K00115.01,158625964,pdc,SPOC,PDCSAP_FLUX,OK,9,"40,41,53,54,55,74,75,80,82",120,37,594.6505,140.13817,bootstrap,4314.8362,0.48204882,False,False
K00115.01,158625964,pdc,TESS-SPOC,PDCSAP_FLUX,OK,9,"40,41,53,54,55,74,75,80,82","200,600",36,715.19268,157.49034,bootstrap,2530.7574,0.57174631,False,False
K00115.01,158625964,pdc,QLP,KSPSAP_FLUX,OK,8,"14,15,26,40,41,53,54,55","1800,600",35,401.69516,242.32278,bootstrap,2069.1026,1.6763245,False,False
K00115.01,158625964,pdc,QLP,DET_FLUX,OK,4,"74,75,80,82",200,19,468.51558,249.00332,bootstrap,4623.8153,0.79191598,False,False
K00115.01,158625964,sap,SPOC,SAP_FLUX,OK,9,"40,41,53,54,55,74,75,80,82",120,41,490.88677,108.78097,bootstrap,3652.2876,1.0680097,False,False
K00115.01,158625964,sap,TESS-SPOC,SAP_FLUX,OK,9,"40,41,53,54,55,74,75,80,82","200,600",41,530.69422,127.58235,bootstrap,2259.2982,1.0227607,False,False
K00115.01,158625964,sap,QLP,SAP_FLUX,OK,12,"14,15,26,40,41,53,54,55,74,75,80,82","1800,200,600",54,311.50657,181.54326,bootstrap,3150.2021,1.5171672,False,True
K00115.02,158625964,pdc,SPOC,PDCSAP_FLUX,OK,9,"40,41,53,54,55,74,75,80,82",120,28,55.936452,128.99363,bootstrap,4040.9563,1.4990872,False,False
K00115.02,158625964,pdc,TESS-SPOC,PDCSAP_FLUX,OK,9,"40,41,53,54,55,74,75,80,82","200,600",28,42.323191,131.0534,bootstrap,2498.1082,0.52700511,False,False
K00115.02,158625964,pdc,QLP,KSPSAP_FLUX,OK,8,"14,15,26,40,41,53,54,55","1800,600",27,1489.0649,694.6648,bootstrap,2153.3251,0.72700183,False,False
K00115.02,158625964,pdc,QLP,DET_FLUX,OK,4,"74,75,80,82",200,15,-212.58557,325.84166,bootstrap,4499.1319,0.69521733,False,False
K00115.02,158625964,sap,SPOC,SAP_FLUX,OK,9,"40,41,53,54,55,74,75,80,82",120,31,41.632304,99.367669,bootstrap,3703.3725,1.8466075,False,False
K00115.02,158625964,sap,TESS-SPOC,SAP_FLUX,OK,9,"40,41,53,54,55,74,75,80,82","200,600",31,55.58231,87.009055,bootstrap,2243.6922,1.4062783,False,False
K00115.02,158625964,sap,QLP,SAP_FLUX,OK,12,"14,15,26,40,41,53,54,55,74,75,80,82","1800,200,600",42,1212.7117,577.82974,bootstrap,2495.0503,0.47349782,False,True
K00115.03,158625964,pdc,SPOC,PDCSAP_FLUX,OK,9,"40,41,53,54,55,74,75,80,82",120,53,96.8287,92.182658,bootstrap,4197.1395,0.672203,False,False
K00115.03,158625964,pdc,TESS-SPOC,PDCSAP_FLUX,OK,9,"40,41,53,54,55,74,75,80,82","200,600",54,44.226462,111.57922,bootstrap,2269.5428,0.10921961,False,False
K00115.03,158625964,pdc,QLP,KSPSAP_FLUX,OK,8,"14,15,26,40,41,53,54,55","1800,600",55,358.42965,211.35338,bootstrap,2111.488,1.0716834,False,False
K00115.03,158625964,pdc,QLP,DET_FLUX,OK,4,"74,75,80,82",200,27,38.604852,176.83215,bootstrap,4417.9952,1.2081845,False,False
K00115.03,158625964,sap,SPOC,SAP_FLUX,OK,9,"40,41,53,54,55,74,75,80,82",120,63,21.387299,79.763056,bootstrap,3517.7452,1.1292126,False,False
K00115.03,158625964,sap,TESS-SPOC,SAP_FLUX,OK,9,"40,41,53,54,55,74,75,80,82","200,600",63,19.672564,95.818263,bootstrap,1875.1197,0.32600344,False,False
K00115.03,158625964,sap,QLP,SAP_FLUX,OK,12,"14,15,26,40,41,53,54,55,74,75,80,82","1800,200,600",82,242.47533,155.76691,bootstrap,2698.4279,1.1915038,False,True
K00467.01,159301821,pdc,SPOC,PDCSAP_FLUX,OK,3,"80,81,82",120,3,1961.9866,1334.3733,analytic,16519.249,0.76110273,False,True
K00467.01,159301821,pdc,TESS-SPOC,PDCSAP_FLUX,OK,3,"80,81,82",200,3,2543.0413,1316.9628,analytic,12981.491,1.1231313,False,False
K00467.01,159301821,sap,SPOC,SAP_FLUX,OK,3,"80,81,82",120,4,1675.6938,805.10422,analytic,11950.371,0.032642412,False,True
K00467.01,159301821,sap,TESS-SPOC,SAP_FLUX,OK,3,"80,81,82",200,4,1978.5648,781.52131,analytic,8233.4189,0.32215975,False,False
K07951.01,158560319,pdc,SPOC,PDCSAP_FLUX,OK,2,"80,82",120,45,-640.67102,1490.2407,bootstrap,39487.827,1.073669,False,True
K07951.01,158560319,pdc,TESS-SPOC,PDCSAP_FLUX,OK,2,"80,82",200,46,-914.399,1461.5497,bootstrap,33539.123,1.0095293,False,False
K07951.01,158560319,sap,SPOC,SAP_FLUX,OK,2,"80,82",120,56,-429.03462,812.94126,bootstrap,25992.11,1.2395699,False,True
K07951.01,158560319,sap,TESS-SPOC,SAP_FLUX,OK,2,"80,82",200,56,-487.77826,801.78316,bootstrap,18902.651,1.0825441,False,False
K02152.01,158664692,pdc,SPOC,PDCSAP_FLUX,OK,2,"80,82",120,1,-1997.2663,2002.5705,analytic,20145.161,,False,True
K02152.01,158664692,pdc,TESS-SPOC,PDCSAP_FLUX,OK,2,"80,82",200,1,-566.93122,2504.4092,analytic,19422.316,,False,False
K02152.01,158664692,sap,SPOC,SAP_FLUX,OK,2,"80,82",120,1,8.1185639,1712.8553,analytic,17230.727,,False,True
K02152.01,158664692,sap,TESS-SPOC,SAP_FLUX,OK,2,"80,82",200,1,432.23721,1864.8744,analytic,14462.565,,False,False
K00179.01,272844987,pdc,SPOC,PDCSAP_FLUX,OK,4,"74,75,81,82",120,5,1632.1291,368.38109,analytic,9550.3894,0.83956487,False,False
K00179.01,272844987,pdc,TESS-SPOC,PDCSAP_FLUX,OK,4,"74,75,81,82",200,5,1373.576,432.04738,analytic,8522.8663,0.43610103,False,False
K00179.01,272844987,pdc,QLP,KSPSAP_FLUX,OK,5,"14,15,41,54,55","1800,600",6,-158.71423,571.75306,analytic,7676.8492,0.36579925,False,False
K00179.01,272844987,pdc,QLP,DET_FLUX,OK,4,"74,75,81,82",200,5,500.715,594.51118,analytic,11413.547,0.8106547,False,False
K00179.01,272844987,sap,SPOC,SAP_FLUX,OK,4,"74,75,81,82",120,5,1662.4395,343.20995,analytic,8766.1502,1.3531451,False,False
K00179.01,272844987,sap,TESS-SPOC,SAP_FLUX,OK,4,"74,75,81,82",200,5,1537.8218,341.25098,analytic,6882.6138,0.83134977,False,False
K00179.01,272844987,sap,QLP,SAP_FLUX,OK,9,"14,15,41,54,55,74,75,81,82","1800,200,600",11,731.13581,663.12229,bootstrap,10539.691,2.562829,False,True
K00179.02,272844987,pdc,SPOC,PDCSAP_FLUX,NO_USABLE_TRANSIT,4,"74,75,81,82",120,0,,,none,,,False,False
K00179.02,272844987,pdc,TESS-SPOC,PDCSAP_FLUX,NO_USABLE_TRANSIT,4,"74,75,81,82",200,0,,,none,,,False,False
K00179.02,272844987,pdc,QLP,KSPSAP_FLUX,NO_USABLE_TRANSIT,5,"14,15,41,54,55","1800,600",0,,,none,,,False,False
K00179.02,272844987,pdc,QLP,DET_FLUX,NO_USABLE_TRANSIT,4,"74,75,81,82",200,0,,,none,,,False,False
K00179.02,272844987,sap,SPOC,SAP_FLUX,NO_USABLE_TRANSIT,4,"74,75,81,82",120,0,,,none,,,False,False
K00179.02,272844987,sap,TESS-SPOC,SAP_FLUX,NO_USABLE_TRANSIT,4,"74,75,81,82",200,0,,,none,,,False,False
K00179.02,272844987,sap,QLP,SAP_FLUX,NO_USABLE_TRANSIT,9,"14,15,41,54,55,74,75,81,82","1800,200,600",0,,,none,,,False,True
K01871.01,164892125,pdc,SPOC,PDCSAP_FLUX,OK,5,"74,75,80,81,82",120,1,1081.8234,1835.8844,analytic,18133.277,,False,True
K01871.01,164892125,pdc,TESS-SPOC,PDCSAP_FLUX,OK,5,"74,75,80,81,82",200,1,151.87288,1859.3,analytic,14165.016,,False,False
K01871.01,164892125,sap,SPOC,SAP_FLUX,OK,5,"74,75,80,81,82",120,1,473.62541,550.50249,analytic,5437.3869,,False,True
K01871.01,164892125,sap,TESS-SPOC,SAP_FLUX,OK,5,"74,75,80,81,82",200,1,288.3096,510.09191,analytic,3886.1186,,False,False
K01871.02,164892125,pdc,SPOC,PDCSAP_FLUX,OK,5,"74,75,80,81,82",120,3,1023.6893,1310.2114,analytic,16687.501,0.8524243,False,True
K01871.02,164892125,pdc,TESS-SPOC,PDCSAP_FLUX,OK,5,"74,75,80,81,82",200,3,-219.93239,1364.2986,analytic,13884.288,1.0313208,False,False
K01871.02,164892125,sap,SPOC,SAP_FLUX,OK,5,"74,75,80,81,82",120,4,424.51575,400.03606,analytic,6217.0468,1.1766691,False,True
K01871.02,164892125,sap,TESS-SPOC,SAP_FLUX,OK,5,"74,75,80,81,82",200,4,226.70275,404.79691,analytic,4805.4648,1.728411,False,False
K04462.01,270697641,pdc,TESS-SPOC,PDCSAP_FLUX,NO_USABLE_TRANSIT,4,"14,15,40,55","1800,600",0,,,none,,,False,False
K04462.01,270697641,pdc,QLP,KSPSAP_FLUX,OK,5,"14,15,40,54,55","1800,600",1,-98.994074,1519.9199,analytic,6691.8979,,False,True
K04462.01,270697641,pdc,QLP,DET_FLUX,OK,3,"74,75,81",200,1,1578.4057,444.40955,analytic,3430.1994,,False,False
K04462.01,270697641,sap,TESS-SPOC,SAP_FLUX,NO_USABLE_TRANSIT,4,"14,15,40,55","1800,600",0,,,none,,,False,False
K04462.01,270697641,sap,QLP,SAP_FLUX,OK,8,"14,15,40,54,55,74,75,81","1800,200,600",2,1471.2199,430.10343,analytic,5187.3819,,False,True
K00955.01,159050690,pdc,SPOC,PDCSAP_FLUX,OK,2,"80,82",120,8,-1089.1105,1560.6035,bootstrap,22382.682,0.16386831,False,True
K00955.01,159050690,pdc,TESS-SPOC,PDCSAP_FLUX,OK,2,"80,82",200,8,-2474.2916,1882.6064,bootstrap,20532.168,0.076932288,False,False
K00955.01,159050690,sap,SPOC,SAP_FLUX,OK,2,"80,82",120,8,-919.22194,933.76146,bootstrap,13008.517,0.64670734,False,True
K00955.01,159050690,sap,TESS-SPOC,SAP_FLUX,OK,2,"80,82",200,8,-978.33956,721.38648,bootstrap,9956.6241,0.51402742,False,False
K03246.01,159050852,pdc,SPOC,PDCSAP_FLUX,OK,9,"40,41,53,54,55,74,75,80,82",120,301,97.876091,48.595968,bootstrap,2837.3882,0.042164136,False,False
K03246.01,159050852,pdc,TESS-SPOC,PDCSAP_FLUX,OK,9,"40,41,53,54,55,74,75,80,82","200,600",297,151.57774,67.108081,bootstrap,1637.6631,1.0200525,False,False
K03246.01,159050852,pdc,QLP,KSPSAP_FLUX,OK,7,"14,15,40,41,53,54,55","1800,600",229,-37.183717,166.10122,bootstrap,1304.0418,0.5899908,True,False
K03246.01,159050852,pdc,QLP,DET_FLUX,OK,4,"74,75,80,82",200,147,166.19977,73.781852,bootstrap,2565.157,1.1644954,False,False
K03246.01,159050852,sap,SPOC,SAP_FLUX,OK,9,"40,41,53,54,55,74,75,80,82",120,335,44.200054,35.487669,bootstrap,2312.9123,0.81373206,False,False
K03246.01,159050852,sap,TESS-SPOC,SAP_FLUX,OK,9,"40,41,53,54,55,74,75,80,82","200,600",332,90.853291,55.754391,bootstrap,1331.3923,1.0104736,False,False
K03246.01,159050852,sap,QLP,SAP_FLUX,OK,11,"14,15,40,41,53,54,55,74,75,80,82","1800,200,600",376,22.940801,117.48352,bootstrap,1857.6504,0.80039009,True,True
K02732.01,159174926,pdc,SPOC,PDCSAP_FLUX,OK,8,"40,41,54,55,74,75,80,82",120,26,565.4371,291.65613,bootstrap,7102.8258,1.3890233,False,False
K02732.01,159174926,pdc,TESS-SPOC,PDCSAP_FLUX,OK,8,"40,41,54,55,74,75,80,82","200,600",26,671.13242,292.26616,bootstrap,4134.6026,0.13902272,False,False
K02732.01,159174926,pdc,QLP,KSPSAP_FLUX,OK,5,"15,40,41,54,55","1800,600",16,-463.44946,1402.9713,bootstrap,5278.7097,1.1362402,False,False
K02732.01,159174926,pdc,QLP,DET_FLUX,OK,4,"74,75,80,82",200,14,1371.2645,763.35951,bootstrap,7805.5056,1.1855036,False,False
K02732.01,159174926,sap,SPOC,SAP_FLUX,OK,8,"40,41,54,55,74,75,80,82",120,26,504.08801,251.02311,bootstrap,3970.1337,0.10743084,False,False
K02732.01,159174926,sap,TESS-SPOC,SAP_FLUX,OK,8,"40,41,54,55,74,75,80,82","200,600",26,349.02331,216.40263,bootstrap,2401.0594,0.33197684,False,False
K02732.01,159174926,sap,QLP,SAP_FLUX,OK,9,"15,40,41,54,55,74,75,80,82","1800,200,600",30,1337.2236,1412.6362,bootstrap,6719.094,1.4127533,False,True
K02732.02,159174926,pdc,SPOC,PDCSAP_FLUX,OK,8,"40,41,54,55,74,75,80,82",120,13,1058.1295,425.86707,bootstrap,6511.7675,1.8713133,False,False
K02732.02,159174926,pdc,TESS-SPOC,PDCSAP_FLUX,OK,8,"40,41,54,55,74,75,80,82","200,600",13,750.62464,393.24011,bootstrap,3103.6084,0.38894225,False,False
K02732.02,159174926,pdc,QLP,KSPSAP_FLUX,OK,5,"15,40,41,54,55","1800,600",10,-484.25086,800.68885,bootstrap,5378.6002,2.9180166,False,False
K02732.02,159174926,pdc,QLP,DET_FLUX,OK,4,"74,75,80,82",200,7,177.03211,378.88896,analytic,6969.8526,2.0955712,False,False
K02732.02,159174926,sap,SPOC,SAP_FLUX,OK,8,"40,41,54,55,74,75,80,82",120,15,353.96184,338.89278,bootstrap,3791.7984,0.53235377,False,False
K02732.02,159174926,sap,TESS-SPOC,SAP_FLUX,OK,8,"40,41,54,55,74,75,80,82","200,600",15,280.58812,321.37741,bootstrap,2273.4771,0.36738361,False,False
K02732.02,159174926,sap,QLP,SAP_FLUX,OK,9,"15,40,41,54,55,74,75,80,82","1800,200,600",17,-846.01869,1108.6468,bootstrap,6914.3658,0.58030905,False,True
K02732.03,159174926,pdc,SPOC,PDCSAP_FLUX,OK,8,"40,41,54,55,74,75,80,82",120,3,1069.5651,341.79383,analytic,4858.942,2.19903,False,False
K02732.03,159174926,pdc,TESS-SPOC,PDCSAP_FLUX,OK,8,"40,41,54,55,74,75,80,82","200,600",3,1194.5497,352.4935,analytic,2672.5807,3.5390775,False,False
K02732.03,159174926,pdc,QLP,KSPSAP_FLUX,OK,5,"15,40,41,54,55","1800,600",3,9280.4058,787.82147,analytic,5121.6375,3.9498948,False,False
K02732.03,159174926,pdc,QLP,DET_FLUX,OK,4,"74,75,80,82",200,1,1649.4628,997.99318,analytic,6853.5724,,False,False
K02732.03,159174926,sap,SPOC,SAP_FLUX,OK,8,"40,41,54,55,74,75,80,82",120,3,561.61429,251.56127,analytic,4205.6362,1.1280782,False,False
K02732.03,159174926,sap,TESS-SPOC,SAP_FLUX,OK,8,"40,41,54,55,74,75,80,82","200,600",3,680.03262,209.73089,analytic,1877.9365,1.9368673,False,False
K02732.03,159174926,sap,QLP,SAP_FLUX,OK,9,"15,40,41,54,55,74,75,80,82","1800,200,600",4,5495.8942,645.00518,analytic,5916.6455,4.1041143,False,True
K02732.04,159174926,pdc,SPOC,PDCSAP_FLUX,OK,8,"40,41,54,55,74,75,80,82",120,8,741.78222,722.88508,bootstrap,6701.5561,6.9465207,False,False
K02732.04,159174926,pdc,TESS-SPOC,PDCSAP_FLUX,OK,8,"40,41,54,55,74,75,80,82","200,600",8,234.25137,439.57438,bootstrap,3956.3585,4.4761187,False,False
K02732.04,159174926,pdc,QLP,KSPSAP_FLUX,OK,5,"15,40,41,54,55","1800,600",5,-155.53033,457.82648,analytic,4752.2464,1.1028183,False,False
K02732.04,159174926,pdc,QLP,DET_FLUX,OK,4,"74,75,80,82",200,4,138.38921,429.79909,analytic,7243.7743,0.17937911,False,False
K02732.04,159174926,sap,SPOC,SAP_FLUX,OK,8,"40,41,54,55,74,75,80,82",120,8,-248.63173,151.61346,bootstrap,3884.4733,0.30520057,False,False
K02732.04,159174926,sap,TESS-SPOC,SAP_FLUX,OK,8,"40,41,54,55,74,75,80,82","200,600",8,-232.03677,162.87692,bootstrap,2333.5844,0.21526652,False,False
K02732.04,159174926,sap,QLP,SAP_FLUX,OK,9,"15,40,41,54,55,74,75,80,82","1800,200,600",9,393.82701,2000.7899,bootstrap,7018.1955,8.9854487,False,True
K03127.01,273378908,pdc,SPOC,PDCSAP_FLUX,OK,2,"81,82",120,4,368.10916,929.82144,analytic,18553.834,0.31151911,False,True
K03127.01,273378908,pdc,TESS-SPOC,PDCSAP_FLUX,OK,2,"81,82",200,4,898.74931,991.7985,analytic,14808.908,0.29462617,False,False
K03127.01,273378908,sap,SPOC,SAP_FLUX,OK,2,"81,82",120,5,-783.32424,629.40704,analytic,14455.64,0.46283549,False,True
K03127.01,273378908,sap,TESS-SPOC,SAP_FLUX,OK,2,"81,82",200,5,-561.61114,664.17296,analytic,11464.105,0.79330204,False,False
K07259.01,158786520,pdc,SPOC,PDCSAP_FLUX,OK,10,"40,41,53,54,55,74,75,80,81,82",120,314,27762.446,252.20657,bootstrap,19496.978,0.83748299,False,True
K07259.01,158786520,pdc,TESS-SPOC,PDCSAP_FLUX,OK,10,"40,41,53,54,55,74,75,80,81,82","200,600",315,30226.964,414.94559,bootstrap,11406.606,1.0508638,False,False
K07259.01,158786520,sap,SPOC,SAP_FLUX,OK,10,"40,41,53,54,55,74,75,80,81,82",120,356,18851.714,191.48115,bootstrap,13833.435,0.78535183,False,True
K07259.01,158786520,sap,TESS-SPOC,SAP_FLUX,OK,10,"40,41,53,54,55,74,75,80,81,82","200,600",356,19536.905,252.42846,bootstrap,7794.4028,0.80467949,False,False
K01721.01,271253308,pdc,SPOC,PDCSAP_FLUX,OK,2,"81,82",120,1,775.80761,2944.2207,analytic,27458.338,,False,True
K01721.01,271253308,pdc,TESS-SPOC,PDCSAP_FLUX,OK,2,"81,82",200,1,2157.9794,2600.0743,analytic,18755.386,,False,False
K01721.01,271253308,sap,SPOC,SAP_FLUX,OK,2,"81,82",120,1,309.84002,1381.5814,analytic,12884.879,,False,True
K01721.01,271253308,sap,TESS-SPOC,SAP_FLUX,OK,2,"81,82",200,1,1848.8444,1819.5661,analytic,13125.265,,False,False
K07986.01,158270989,pdc,SPOC,PDCSAP_FLUX,OK,2,"80,82",120,22,-329.10855,604.27859,bootstrap,16925.639,0.65710037,False,True
K07986.01,158270989,pdc,TESS-SPOC,PDCSAP_FLUX,OK,2,"80,82",200,22,-320.90476,490.58634,bootstrap,14192.809,0.60113648,False,False
K07986.01,158270989,sap,SPOC,SAP_FLUX,OK,2,"80,82",120,27,-349.87161,389.75073,bootstrap,9081.3087,0.31746896,False,True
K07986.01,158270989,sap,TESS-SPOC,SAP_FLUX,OK,2,"80,82",200,27,-296.06723,317.84288,bootstrap,7485.3514,0.16979951,False,False
K02097.01,273378026,pdc,SPOC,PDCSAP_FLUX,OK,4,"74,75,81,82",120,2,-346.39576,1739.8854,analytic,21817.039,0.49100681,False,True
K02097.01,273378026,pdc,TESS-SPOC,PDCSAP_FLUX,OK,4,"74,75,81,82",200,2,-746.31182,1807.218,analytic,17601.766,0.23290489,False,False
K02097.01,273378026,sap,SPOC,SAP_FLUX,OK,4,"74,75,81,82",120,2,-527.14443,771.99357,analytic,9695.7077,0.30636251,False,True
K02097.01,273378026,sap,TESS-SPOC,SAP_FLUX,OK,4,"74,75,81,82",200,2,-576.0792,772.65312,analytic,7507.9036,0.56615167,False,False
K05772.01,123310495,pdc,SPOC,PDCSAP_FLUX,OK,4,"74,80,81,82",120,1,-1502.3314,1381.2061,analytic,8330.711,,False,False
K05772.01,123310495,pdc,TESS-SPOC,PDCSAP_FLUX,OK,4,"74,80,81,82",200,1,-209.12191,1622.5982,analytic,7603.874,,False,False
K05772.01,123310495,pdc,QLP,KSPSAP_FLUX,OK,6,"14,40,41,53,54,55","1800,600",2,-436.3838,1098.0972,analytic,4270.9772,2.8620689,False,False
K05772.01,123310495,pdc,QLP,DET_FLUX,OK,4,"74,80,81,82",200,1,974.18755,1735.9288,analytic,8134.9676,,False,False
K05772.01,123310495,sap,SPOC,SAP_FLUX,OK,4,"74,80,81,82",120,1,-1255.2571,1255.4228,analytic,7572.052,,False,False
K05772.01,123310495,sap,TESS-SPOC,SAP_FLUX,OK,4,"74,80,81,82",200,1,-134.38866,1434.7568,analytic,6723.6055,,False,False
K05772.01,123310495,sap,QLP,SAP_FLUX,OK,10,"14,40,41,53,54,55,74,80,81,82","1800,200,600",3,-184.15085,917.85318,analytic,4797.9186,3.0935962,False,True
K00082.01,123357864,pdc,SPOC,PDCSAP_FLUX,OK,12,"14,26,40,41,53,54,55,74,75,80,81,82",120,13,851.98119,52.744301,bootstrap,1638.0385,0.87808328,False,True
K00082.01,123357864,pdc,TESS-SPOC,PDCSAP_FLUX,OK,12,"14,26,40,41,53,54,55,74,75,80,81,82","1800,200,600",13,863.2316,47.475557,bootstrap,897.85815,1.274887,False,False
K00082.01,123357864,pdc,QLP,KSPSAP_FLUX,OK,7,"14,26,40,41,53,54,55","1800,600",10,3761.3588,2530.1868,bootstrap,893.94838,26.549182,False,False
K00082.01,123357864,pdc,QLP,DET_FLUX,OK,5,"74,75,80,81,82",200,7,758.04239,110.3367,analytic,1562.3944,1.1539983,False,False
K00082.01,123357864,sap,SPOC,SAP_FLUX,OK,12,"14,26,40,41,53,54,55,74,75,80,81,82",120,17,720.72602,48.731168,bootstrap,1662.1343,0.36606278,False,True
K00082.01,123357864,sap,TESS-SPOC,SAP_FLUX,OK,12,"14,26,40,41,53,54,55,74,75,80,81,82","1800,200,600",17,722.89086,45.515542,bootstrap,966.23548,0.88113246,False,False
K00082.01,123357864,sap,QLP,SAP_FLUX,OK,12,"14,26,40,41,53,54,55,74,75,80,81,82","1800,200,600",17,2722.3618,1739.5626,bootstrap,1020.5933,1.1182082,False,False
K00082.02,123357864,pdc,SPOC,PDCSAP_FLUX,OK,12,"14,26,40,41,53,54,55,74,75,80,81,82",120,26,248.29362,60.062559,bootstrap,1646.2425,0.60284305,False,True
K00082.02,123357864,pdc,TESS-SPOC,PDCSAP_FLUX,OK,12,"14,26,40,41,53,54,55,74,75,80,81,82","1800,200,600",25,201.58841,60.937178,bootstrap,760.93987,0.30126612,False,False
K00082.02,123357864,pdc,QLP,KSPSAP_FLUX,OK,7,"14,26,40,41,53,54,55","1800,600",17,96.691974,101.54641,bootstrap,818.26894,0.59787919,False,False
K00082.02,123357864,pdc,QLP,DET_FLUX,OK,5,"74,75,80,81,82",200,11,126.6655,78.303914,bootstrap,1579.3945,0.099548194,False,False
K00082.02,123357864,sap,SPOC,SAP_FLUX,OK,12,"14,26,40,41,53,54,55,74,75,80,81,82",120,28,220.41959,56.872723,bootstrap,1610.4251,0.32145308,False,True
K00082.02,123357864,sap,TESS-SPOC,SAP_FLUX,OK,12,"14,26,40,41,53,54,55,74,75,80,81,82","1800,200,600",27,205.00359,44.685602,bootstrap,743.88096,0.16047485,False,False
K00082.02,123357864,sap,QLP,SAP_FLUX,OK,12,"14,26,40,41,53,54,55,74,75,80,81,82","1800,200,600",28,143.19677,77.073528,bootstrap,1062.7461,0.76523026,False,False
K00082.03,123357864,pdc,SPOC,PDCSAP_FLUX,OK,12,"14,26,40,41,53,54,55,74,75,80,81,82",120,10,21.069513,89.26324,bootstrap,1683.0272,0.13593263,False,True
K00082.03,123357864,pdc,TESS-SPOC,PDCSAP_FLUX,OK,12,"14,26,40,41,53,54,55,74,75,80,81,82","1800,200,600",10,-5.9443006,85.542425,bootstrap,840.81127,0.98731522,False,False
K00082.03,123357864,pdc,QLP,KSPSAP_FLUX,OK,7,"14,26,40,41,53,54,55","1800,600",5,237.97832,133.60566,analytic,756.49077,1.7585953,False,False
K00082.03,123357864,pdc,QLP,DET_FLUX,OK,5,"74,75,80,81,82",200,5,173.9352,113.43195,analytic,1431.5499,2.4256616,False,False
K00082.03,123357864,sap,SPOC,SAP_FLUX,OK,12,"14,26,40,41,53,54,55,74,75,80,81,82",120,10,50.391593,62.329745,bootstrap,1594.6722,0.35421608,False,True
K00082.03,123357864,sap,TESS-SPOC,SAP_FLUX,OK,12,"14,26,40,41,53,54,55,74,75,80,81,82","1800,200,600",10,33.734251,99.228245,bootstrap,804.94073,0.72390729,False,False
K00082.03,123357864,sap,QLP,SAP_FLUX,OK,12,"14,26,40,41,53,54,55,74,75,80,81,82","1800,200,600",10,172.39194,172.26402,bootstrap,1174.3052,2.3824341,False,False
K00082.04,123357864,pdc,SPOC,PDCSAP_FLUX,OK,12,"14,26,40,41,53,54,55,74,75,80,81,82",120,39,149.97634,51.508015,bootstrap,1760.745,1.8442249,False,True
K00082.04,123357864,pdc,TESS-SPOC,PDCSAP_FLUX,OK,12,"14,26,40,41,53,54,55,74,75,80,81,82","1800,200,600",39,82.805683,58.379158,bootstrap,843.90718,1.437507,False,False
K00082.04,123357864,pdc,QLP,KSPSAP_FLUX,OK,7,"14,26,40,41,53,54,55","1800,600",28,99.46556,121.59737,bootstrap,881.05041,2.8294737,False,False
K00082.04,123357864,pdc,QLP,DET_FLUX,OK,5,"74,75,80,81,82",200,15,40.864157,96.806931,bootstrap,1504.1648,2.2155396,False,False
K00082.04,123357864,sap,SPOC,SAP_FLUX,OK,12,"14,26,40,41,53,54,55,74,75,80,81,82",120,43,125.94937,49.015155,bootstrap,1671.2207,1.8442445,False,True
K00082.04,123357864,sap,TESS-SPOC,SAP_FLUX,OK,12,"14,26,40,41,53,54,55,74,75,80,81,82","1800,200,600",43,57.417573,68.984174,bootstrap,789.46377,2.2739721,False,False
K00082.04,123357864,sap,QLP,SAP_FLUX,OK,12,"14,26,40,41,53,54,55,74,75,80,81,82","1800,200,600",43,-51.665246,67.689817,bootstrap,919.07256,0.60762641,False,False
K00082.05,123357864,pdc,SPOC,PDCSAP_FLUX,OK,12,"14,26,40,41,53,54,55,74,75,80,81,82",120,52,44.641549,48.511782,bootstrap,1663.5017,0.94207159,False,True
K00082.05,123357864,pdc,TESS-SPOC,PDCSAP_FLUX,OK,12,"14,26,40,41,53,54,55,74,75,80,81,82","1800,200,600",51,55.071229,40.737656,bootstrap,840.90801,0.19888421,False,False
K00082.05,123357864,pdc,QLP,KSPSAP_FLUX,OK,7,"14,26,40,41,53,54,55","1800,600",33,-78.626599,85.921506,bootstrap,866.62156,1.0141317,False,False
K00082.05,123357864,pdc,QLP,DET_FLUX,OK,5,"74,75,80,81,82",200,25,-17.082158,85.306879,bootstrap,1570.7792,0.14257609,False,False
K00082.05,123357864,sap,SPOC,SAP_FLUX,OK,12,"14,26,40,41,53,54,55,74,75,80,81,82",120,58,57.652569,39.31757,bootstrap,1589.7803,1.0163822,False,True
K00082.05,123357864,sap,TESS-SPOC,SAP_FLUX,OK,12,"14,26,40,41,53,54,55,74,75,80,81,82","1800,200,600",58,80.87837,43.004661,bootstrap,867.92558,0.15217766,False,False
K00082.05,123357864,sap,QLP,SAP_FLUX,OK,12,"14,26,40,41,53,54,55,74,75,80,81,82","1800,200,600",58,-17.825349,58.610581,bootstrap,1169.3134,0.96090078,False,False
K01937.01,164556761,pdc,SPOC,PDCSAP_FLUX,OK,9,"40,41,53,54,55,75,80,81,82",120,150,306.47552,102.13283,bootstrap,5187.8818,2.3087202,False,False
K01937.01,164556761,pdc,TESS-SPOC,PDCSAP_FLUX,OK,9,"40,41,53,54,55,75,80,81,82","200,600",147,439.2565,159.77235,bootstrap,3068.836,0.43986721,False,False
K01937.01,164556761,pdc,QLP,KSPSAP_FLUX,OK,7,"14,26,40,41,53,54,55","1800,600",123,38.003389,237.10199,bootstrap,2723.1358,0.16560454,True,False
K01937.01,164556761,pdc,QLP,DET_FLUX,OK,5,"74,75,80,81,82",200,90,431.75423,216.85505,bootstrap,5625.067,1.0355106,False,False
K01937.01,164556761,sap,SPOC,SAP_FLUX,OK,9,"40,41,53,54,55,75,80,81,82",120,162,308.64131,95.593175,bootstrap,5044.0657,1.8090598,False,False
K01937.01,164556761,sap,TESS-SPOC,SAP_FLUX,OK,9,"40,41,53,54,55,75,80,81,82","200,600",160,278.48666,121.94851,bootstrap,2927.563,0.44275557,False,False
K01937.01,164556761,sap,QLP,SAP_FLUX,OK,12,"14,26,40,41,53,54,55,74,75,80,81,82","1800,200,600",213,75.85777,164.4492,bootstrap,4124.8996,0.90009382,True,True
K02342.01,270696519,pdc,SPOC,PDCSAP_FLUX,OK,2,"74,75",120,4,8.3891122,251.86045,analytic,4502.9294,0.46975019,False,False
K02342.01,270696519,pdc,TESS-SPOC,PDCSAP_FLUX,OK,2,"74,75",200,4,246.42871,268.36171,analytic,3736.6328,0.78646205,False,False
K02342.01,270696519,pdc,QLP,KSPSAP_FLUX,OK,5,"14,15,40,54,55","1800,600",4,34.371434,283.23668,analytic,1908.4532,0.87163045,False,False
K02342.01,270696519,pdc,QLP,DET_FLUX,OK,3,"74,75,82",200,5,79.288134,317.99839,analytic,4941.6209,2.9264387,False,False
K02342.01,270696519,sap,SPOC,SAP_FLUX,OK,2,"74,75",120,4,-24.624781,241.28777,analytic,4281.2725,0.3414974,False,False
K02342.01,270696519,sap,TESS-SPOC,SAP_FLUX,OK,2,"74,75",200,4,202.74829,236.70032,analytic,3274.7966,0.22640944,False,False
K02342.01,270696519,sap,QLP,SAP_FLUX,OK,8,"14,15,40,54,55,74,75,82","1800,200,600",9,165.94361,699.51367,bootstrap,4294.6312,1.6365641,False,True
K08201.01,123414085,pdc,SPOC,PDCSAP_FLUX,NO_USABLE_TRANSIT,5,"74,75,80,81,82",120,0,,,none,,,False,True
K08201.01,123414085,pdc,TESS-SPOC,PDCSAP_FLUX,NO_USABLE_TRANSIT,5,"74,75,80,81,82",200,0,,,none,,,False,False
K08201.01,123414085,sap,SPOC,SAP_FLUX,NO_USABLE_TRANSIT,5,"74,75,80,81,82",120,0,,,none,,,False,True
K08201.01,123414085,sap,TESS-SPOC,SAP_FLUX,NO_USABLE_TRANSIT,5,"74,75,80,81,82",200,0,,,none,,,False,False
K01169.01,123358090,pdc,SPOC,PDCSAP_FLUX,OK,9,"40,41,53,54,55,74,80,81,82",120,298,53.977023,70.420285,bootstrap,5246.8177,0.91454956,False,False
K01169.01,123358090,pdc,TESS-SPOC,PDCSAP_FLUX,OK,9,"40,41,53,54,55,74,80,81,82","200,600",300,156.64488,128.61039,bootstrap,2922.6606,0.47828996,False,False
K01169.01,123358090,pdc,QLP,KSPSAP_FLUX,OK,7,"14,26,40,41,53,54,55","1800,600",255,64.606443,140.31574,bootstrap,2642.7335,0.091087585,True,False
K01169.01,123358090,pdc,QLP,DET_FLUX,OK,5,"74,75,80,81,82",200,185,190.45256,133.72674,bootstrap,6052.008,0.22216446,False,False
K01169.01,123358090,sap,SPOC,SAP_FLUX,OK,9,"40,41,53,54,55,74,80,81,82",120,329,56.067854,53.589712,bootstrap,4260.723,0.66731188,False,False
K01169.01,123358090,sap,TESS-SPOC,SAP_FLUX,OK,9,"40,41,53,54,55,74,80,81,82","200,600",329,160.74793,101.0151,bootstrap,2335.2552,1.2036766,False,False
K01169.01,123358090,sap,QLP,SAP_FLUX,OK,12,"14,26,40,41,53,54,55,74,75,80,81,82","1800,200,600",440,67.325579,104.63387,bootstrap,3752.4766,0.13450687,True,True
K01905.01,158272257,pdc,SPOC,PDCSAP_FLUX,OK,4,"74,75,80,82",120,13,590.19141,535.80132,bootstrap,10250.176,0.21780383,False,False
K01905.01,158272257,pdc,TESS-SPOC,PDCSAP_FLUX,OK,4,"74,75,80,82",200,13,727.55775,358.16676,bootstrap,7812.3616,0.043156785,False,False
K01905.01,158272257,pdc,QLP,KSPSAP_FLUX,OK,7,"14,15,40,41,53,54,55","1800,600",24,446.88361,561.46491,bootstrap,5483.53,0.48431449,True,False
K01905.01,158272257,pdc,QLP,DET_FLUX,OK,4,"74,75,80,82",200,15,955.92536,633.77561,bootstrap,10429.466,0.25970291,False,False
K01905.01,158272257,sap,SPOC,SAP_FLUX,OK,4,"74,75,80,82",120,15,197.30193,205.80117,bootstrap,4258.2595,0.24123406,False,False
K01905.01,158272257,sap,TESS-SPOC,SAP_FLUX,OK,4,"74,75,80,82",200,15,160.05238,183.088,bootstrap,3374.0684,0.039797057,False,False
K01905.01,158272257,sap,QLP,SAP_FLUX,OK,11,"14,15,40,41,53,54,55,74,75,80,82","1800,200,600",39,581.01589,420.95113,bootstrap,7103.5285,0.46007001,True,True
K01905.02,158272257,pdc,SPOC,PDCSAP_FLUX,OK,4,"74,75,80,82",120,5,1105.137,583.33642,analytic,9260.2996,1.4082964,False,False
K01905.02,158272257,pdc,TESS-SPOC,PDCSAP_FLUX,OK,4,"74,75,80,82",200,5,921.81105,635.41919,analytic,7793.2274,0.8696984,False,False
K01905.02,158272257,pdc,QLP,KSPSAP_FLUX,OK,7,"14,15,40,41,53,54,55","1800,600",13,4660.1553,4250.0872,bootstrap,6000.3429,5.7059336,False,False
K01905.02,158272257,pdc,QLP,DET_FLUX,OK,4,"74,75,80,82",200,5,614.68637,710.26317,analytic,8891.0632,0.70778975,False,False
K01905.02,158272257,sap,SPOC,SAP_FLUX,OK,4,"74,75,80,82",120,5,1292.9463,226.28691,analytic,3529.5791,4.1480322,False,False
K01905.02,158272257,sap,TESS-SPOC,SAP_FLUX,OK,4,"74,75,80,82",200,5,1798.5672,253.27381,analytic,3043.4104,5.7853352,False,False
K01905.02,158272257,sap,QLP,SAP_FLUX,OK,11,"14,15,40,41,53,54,55,74,75,80,82","1800,200,600",18,3188.7309,2775.4582,bootstrap,6761.9446,0.9943665,False,True
K01905.03,158272257,pdc,SPOC,PDCSAP_FLUX,OK,4,"74,75,80,82",120,3,-90.767281,655.40942,analytic,9145.5813,2.3783583,False,False
K01905.03,158272257,pdc,TESS-SPOC,PDCSAP_FLUX,OK,4,"74,75,80,82",200,3,202.36314,743.27857,analytic,8611.0314,2.1541269,False,False
K01905.03,158272257,pdc,QLP,KSPSAP_FLUX,OK,7,"14,15,40,41,53,54,55","1800,600",5,-23.889132,583.37525,analytic,5175.1606,1.0268655,False,False
K01905.03,158272257,pdc,QLP,DET_FLUX,OK,4,"74,75,80,82",200,3,420.93361,844.59501,analytic,9757.4761,2.0991309,False,False
K01905.03,158272257,sap,SPOC,SAP_FLUX,OK,4,"74,75,80,82",120,3,23.686957,265.56256,analytic,3558.1746,1.8606832,False,False
K01905.03,158272257,sap,TESS-SPOC,SAP_FLUX,OK,4,"74,75,80,82",200,3,50.227441,295.5211,analytic,3542.8808,1.728487,False,False
K01905.03,158272257,sap,QLP,SAP_FLUX,OK,11,"14,15,40,41,53,54,55,74,75,80,82","1800,200,600",8,-321.0972,635.74281,bootstrap,6924.5328,0.11183283,False,True
K00532.01,164723136,pdc,SPOC,PDCSAP_FLUX,OK,3,"80,81,82",120,15,724.67296,629.36187,bootstrap,15193.421,1.6912672,False,True
K00532.01,164723136,pdc,TESS-SPOC,PDCSAP_FLUX,OK,3,"80,81,82",200,15,1108.2379,564.32983,bootstrap,11436.264,1.3390459,False,False
K00532.01,164723136,sap,SPOC,SAP_FLUX,OK,3,"80,81,82",120,17,676.40771,481.47402,bootstrap,11533.377,1.4902903,False,True
K00532.01,164723136,sap,TESS-SPOC,SAP_FLUX,OK,3,"80,81,82",200,17,1052.0627,478.26597,bootstrap,8512.1482,1.6388042,False,False
K04252.01,158489110,pdc,SPOC,PDCSAP_FLUX,OK,10,"40,41,53,54,55,74,75,80,81,82",120,15,254.88437,248.56601,bootstrap,6286.882,0.33006456,False,False
K04252.01,158489110,pdc,TESS-SPOC,PDCSAP_FLUX,OK,10,"40,41,53,54,55,74,75,80,81,82","200,600",15,106.18058,268.64473,bootstrap,2984.5199,0.47289108,False,False
K04252.01,158489110,pdc,QLP,KSPSAP_FLUX,OK,7,"14,15,40,41,53,54,55","1800,600",11,3654.8547,4929.0649,bootstrap,4078.8877,5.3894237,True,False
K04252.01,158489110,pdc,QLP,DET_FLUX,OK,5,"74,75,80,81,82",200,8,503.09182,795.45949,bootstrap,7747.9998,1.4767357,False,False
K04252.01,158489110,sap,SPOC,SAP_FLUX,OK,10,"40,41,53,54,55,74,75,80,81,82",120,16,162.62059,223.25734,bootstrap,5807.129,1.1056566,False,False
K04252.01,158489110,sap,TESS-SPOC,SAP_FLUX,OK,10,"40,41,53,54,55,74,75,80,81,82","200,600",16,-124.47802,259.61832,bootstrap,3118.2481,1.5640897,False,False
K04252.01,158489110,sap,QLP,SAP_FLUX,OK,12,"14,15,40,41,53,54,55,74,75,80,81,82","1800,200,600",19,2311.887,2537.8887,bootstrap,5944.7392,0.66924516,True,True
K02797.01,270695171,pdc,SPOC,PDCSAP_FLUX,OK,1,82,120,30,360.93757,2003.3972,bootstrap,54433.393,0.16944695,False,True
K02797.01,270695171,pdc,TESS-SPOC,PDCSAP_FLUX,OK,1,82,200,30,137.53415,2556.3851,bootstrap,37995.976,0.54168933,False,False
K02797.01,270695171,sap,SPOC,SAP_FLUX,OK,1,82,120,30,3.0041741,251.89669,bootstrap,7124.5276,0.39495747,False,True
K02797.01,270695171,sap,TESS-SPOC,SAP_FLUX,OK,1,82,200,30,58.97053,330.03103,bootstrap,4882.0621,0.61568411,False,False
K02149.01,28230581,pdc,SPOC,PDCSAP_FLUX,OK,7,"41,54,55,74,75,76,82",120,12,88.277409,88.668113,bootstrap,2624.6821,1.4169074,False,False
K02149.01,28230581,pdc,TESS-SPOC,PDCSAP_FLUX,OK,9,"14,15,41,54,55,74,75,76,82","1800,200,600",16,116.84287,83.234279,bootstrap,1488.973,1.357682,False,False
K02149.01,28230581,pdc,QLP,KSPSAP_FLUX,OK,5,"14,15,41,54,55","1800,600",10,-102.9839,357.63298,bootstrap,1418.1494,2.5828246,False,False
K02149.01,28230581,pdc,QLP,DET_FLUX,OK,7,"56,74,75,76,81,82,83",200,14,-55.46498,164.99849,bootstrap,2744.5342,3.5563857,False,False
K02149.01,28230581,sap,SPOC,SAP_FLUX,OK,7,"41,54,55,74,75,76,82",120,14,90.918707,86.979018,bootstrap,2575.6048,0.36438597,False,False
K02149.01,28230581,sap,TESS-SPOC,SAP_FLUX,OK,9,"14,15,41,54,55,74,75,76,82","1800,200,600",18,111.01448,97.385467,bootstrap,1422.8987,0.19005477,False,False
K02149.01,28230581,sap,QLP,SAP_FLUX,OK,12,"14,15,41,54,55,56,74,75,76,81,82,83","1800,200,600",24,-51.078992,165.22734,bootstrap,2142.4476,2.2401728,False,True
K00430.01,350812580,pdc,SPOC,PDCSAP_FLUX,OK,10,"40,41,53,54,55,74,75,80,81,82",120,21,1450.7694,389.89142,bootstrap,12226.246,1.7145262,False,True
K00430.01,350812580,pdc,TESS-SPOC,PDCSAP_FLUX,OK,10,"40,41,53,54,55,74,75,80,81,82","200,600",21,1537.9918,456.78254,bootstrap,7592.228,0.74530731,False,False
K00430.01,350812580,sap,SPOC,SAP_FLUX,OK,10,"40,41,53,54,55,74,75,80,81,82",120,22,1119.6597,320.55583,bootstrap,10925.855,0.95411479,False,True
K00430.01,350812580,sap,TESS-SPOC,SAP_FLUX,OK,10,"40,41,53,54,55,74,75,80,81,82","200,600",22,1028.4734,366.19869,bootstrap,6654.5346,0.5984082,False,False
K00430.02,350812580,pdc,SPOC,PDCSAP_FLUX,OK,10,"40,41,53,54,55,74,75,80,81,82",120,21,-340.99712,395.73977,bootstrap,12798.366,1.1423126,False,True
K00430.02,350812580,pdc,TESS-SPOC,PDCSAP_FLUX,OK,10,"40,41,53,54,55,74,75,80,81,82","200,600",21,-445.30661,411.92989,bootstrap,9503.882,0.89852444,False,False
K00430.02,350812580,sap,SPOC,SAP_FLUX,OK,10,"40,41,53,54,55,74,75,80,81,82",120,24,-848.4025,618.70938,bootstrap,11659.815,0.17330959,False,True
K00430.02,350812580,sap,TESS-SPOC,SAP_FLUX,OK,10,"40,41,53,54,55,74,75,80,81,82","200,600",24,-897.07395,708.53527,bootstrap,8444.5682,0.49065486,False,False
K07368.01,27010191,pdc,SPOC,PDCSAP_FLUX,OK,8,"40,41,54,55,74,75,81,82",120,28,-36.620357,347.78155,bootstrap,4388.774,0.80440439,False,False
K07368.01,27010191,pdc,TESS-SPOC,PDCSAP_FLUX,OK,8,"40,41,54,55,74,75,81,82","200,600",28,-318.21952,306.8115,bootstrap,2605.5891,0.94513356,False,False
K07368.01,27010191,pdc,QLP,KSPSAP_FLUX,OK,6,"14,15,40,41,54,55","1800,600",24,572.21323,249.04546,bootstrap,2046.675,1.8969729,False,False
K07368.01,27010191,pdc,QLP,DET_FLUX,OK,4,"74,75,81,82",200,13,-160.6128,235.00853,bootstrap,4234.5403,0.12034442,False,False
K07368.01,27010191,sap,SPOC,SAP_FLUX,OK,8,"40,41,54,55,74,75,81,82",120,29,-263.44342,271.19621,bootstrap,3710.3057,1.1102005,False,False
K07368.01,27010191,sap,TESS-SPOC,SAP_FLUX,OK,8,"40,41,54,55,74,75,81,82","200,600",29,-240.46436,248.43337,bootstrap,2096.5428,1.0426212,False,False
K07368.01,27010191,sap,QLP,SAP_FLUX,OK,10,"14,15,40,41,54,55,74,75,81,82","1800,200,600",37,3.5836949,327.90088,bootstrap,3040.7516,0.7230942,False,True
K05834.01,299157012,pdc,SPOC,PDCSAP_FLUX,OK,3,"80,81,82",120,2,-3456.6894,3483.7305,analytic,47550.748,0.21306585,False,True
K05834.01,299157012,pdc,TESS-SPOC,PDCSAP_FLUX,OK,3,"80,81,82",200,2,-3205.8326,3256.8054,analytic,34294.445,0.60804608,False,False
K05834.01,299157012,sap,SPOC,SAP_FLUX,OK,3,"80,81,82",120,2,-974.25608,462.20627,analytic,6420.7099,0.85111211,False,True
K05834.01,299157012,sap,TESS-SPOC,SAP_FLUX,OK,3,"80,81,82",200,2,-867.12023,440.21202,analytic,4797.9233,1.3435214,False,False
K07383.01,27183456,pdc,SPOC,PDCSAP_FLUX,OK,2,"81,82",120,1,-278.19229,3234.7265,analytic,22455.164,,False,True
K07383.01,27183456,pdc,TESS-SPOC,PDCSAP_FLUX,OK,2,"81,82",200,1,917.7696,3416.9089,analytic,18219.133,,False,False
K07383.01,27183456,sap,SPOC,SAP_FLUX,OK,2,"81,82",120,1,-31.952025,868.51954,analytic,6029.1801,,False,True
K07383.01,27183456,sap,TESS-SPOC,SAP_FLUX,OK,2,"81,82",200,1,209.01114,837.39896,analytic,4465.054,,False,False
K00194.01,48217457,pdc,SPOC,PDCSAP_FLUX,OK,9,"40,41,53,54,55,75,80,81,82",120,69,16073.678,453.13663,bootstrap,19659.449,0.43487448,False,True
K00194.01,48217457,pdc,TESS-SPOC,PDCSAP_FLUX,OK,9,"40,41,53,54,55,75,80,81,82","200,600",68,15728.811,681.77383,bootstrap,11234.979,0.085002086,False,False
K00194.01,48217457,sap,SPOC,SAP_FLUX,OK,9,"40,41,53,54,55,75,80,81,82",120,76,5585.8244,172.84705,bootstrap,7521.6717,0.39662424,False,True
K00194.01,48217457,sap,TESS-SPOC,SAP_FLUX,OK,9,"40,41,53,54,55,75,80,81,82","200,600",76,5381.0056,202.28246,bootstrap,4257.7609,0.36912861,False,False
K03248.01,407002201,pdc,SPOC,PDCSAP_FLUX,OK,9,"40,41,54,55,74,75,80,81,82",120,30,99.802075,79.796354,bootstrap,3002.8695,0.43183804,False,False
K03248.01,407002201,pdc,TESS-SPOC,PDCSAP_FLUX,OK,11,"14,15,40,41,54,55,74,75,80,81,82","1800,200,600",38,105.14739,144.39903,bootstrap,1623.6101,0.96849997,True,False
K03248.01,407002201,pdc,QLP,KSPSAP_FLUX,OK,6,"14,15,40,41,54,55","1800,600",22,457.13738,219.34339,bootstrap,1285.0603,0.7012757,True,False
K03248.01,407002201,pdc,QLP,DET_FLUX,OK,5,"74,75,80,81,82",200,20,-119.88927,159.6423,bootstrap,2645.9434,0.082623804,False,False
K03248.01,407002201,sap,SPOC,SAP_FLUX,OK,9,"40,41,54,55,74,75,80,81,82",120,34,103.83915,84.356268,bootstrap,2939.1351,0.23306748,False,False
K03248.01,407002201,sap,TESS-SPOC,SAP_FLUX,OK,11,"14,15,40,41,54,55,74,75,80,81,82","1800,200,600",42,28.513457,103.35377,bootstrap,1581.1799,0.7337195,True,False
K03248.01,407002201,sap,QLP,SAP_FLUX,OK,11,"14,15,40,41,54,55,74,75,80,81,82","1800,200,600",42,412.35753,236.09246,bootstrap,1775.3797,0.87305817,True,True
K08037.01,26539759,pdc,SPOC,PDCSAP_FLUX,OK,6,"40,41,54,55,81,82",120,41,19836.245,16018.935,bootstrap,33367.565,1.0791141,False,False
K08037.01,26539759,pdc,TESS-SPOC,PDCSAP_FLUX,OK,6,"40,41,54,55,81,82","200,600",41,26244.917,20880.426,bootstrap,25146.908,0.37614883,False,False
K08037.01,26539759,pdc,QLP,KSPSAP_FLUX,OK,4,"40,41,54,55",600,29,264498.18,78876.406,bootstrap,71135.809,0.93263401,False,False
K08037.01,26539759,pdc,QLP,DET_FLUX,OK,4,"74,75,81,82",200,28,177405.2,82770.237,bootstrap,85301.286,0.11955216,False,False
K08037.01,26539759,sap,SPOC,SAP_FLUX,OK,6,"40,41,54,55,81,82",120,43,4996.927,4043.829,bootstrap,8879.2735,1.2282207,False,False
K08037.01,26539759,sap,TESS-SPOC,SAP_FLUX,OK,6,"40,41,54,55,81,82","200,600",43,9328.4777,5819.4143,bootstrap,6313.6171,0.32638698,False,False
K08037.01,26539759,sap,QLP,SAP_FLUX,OK,8,"40,41,54,55,74,75,81,82","200,600",57,234700.37,53024.725,bootstrap,80765.204,0.77931579,False,True
K00291.01,28089143,pdc,SPOC,PDCSAP_FLUX,OK,7,"41,54,55,74,75,76,83",120,7,72.25029,167.29971,analytic,4492.0616,2.315908,False,False
K00291.01,28089143,pdc,TESS-SPOC,PDCSAP_FLUX,OK,7,"41,54,55,74,75,76,83","200,600",7,388.40224,159.87131,analytic,3016.2911,1.5816367,False,False
K00291.01,28089143,pdc,QLP,KSPSAP_FLUX,OK,5,"14,15,41,54,55","1800,600",4,1084.528,364.68503,analytic,3307.6757,2.2340546,False,False
K00291.01,28089143,pdc,QLP,DET_FLUX,OK,5,"56,74,75,76,83",200,5,138.58091,264.38391,analytic,4640.4387,0.58970353,False,False
K00291.01,28089143,sap,SPOC,SAP_FLUX,OK,7,"41,54,55,74,75,76,83",120,7,-526.95575,149.09767,analytic,4065.5888,1.0873145,False,False
K00291.01,28089143,sap,TESS-SPOC,SAP_FLUX,OK,7,"41,54,55,74,75,76,83","200,600",7,-528.80425,133.1249,analytic,2340.0772,1.3103581,False,False
K00291.01,28089143,sap,QLP,SAP_FLUX,OK,10,"14,15,41,54,55,56,74,75,76,83","1800,200,600",9,147.42791,443.2498,bootstrap,4410.5699,1.64455,False,True
K00291.02,28089143,pdc,SPOC,PDCSAP_FLUX,OK,7,"41,54,55,74,75,76,83",120,20,619.66993,142.43709,bootstrap,4265.9571,0.961791,False,False
K00291.02,28089143,pdc,TESS-SPOC,PDCSAP_FLUX,OK,7,"41,54,55,74,75,76,83","200,600",20,621.87031,174.66711,bootstrap,2791.6286,0.94013562,False,False
K00291.02,28089143,pdc,QLP,KSPSAP_FLUX,OK,5,"14,15,41,54,55","1800,600",15,592.67655,276.92627,bootstrap,2552.8923,1.1502916,True,False
K00291.02,28089143,pdc,QLP,DET_FLUX,OK,5,"56,74,75,76,83",200,15,182.73437,283.12846,bootstrap,4769.3815,1.4404223,False,False
K00291.02,28089143,sap,SPOC,SAP_FLUX,OK,7,"41,54,55,74,75,76,83",120,21,490.69326,144.53024,bootstrap,3915.2836,0.9003638,False,False
K00291.02,28089143,sap,TESS-SPOC,SAP_FLUX,OK,7,"41,54,55,74,75,76,83","200,600",21,409.35822,141.22421,bootstrap,2616.8543,0.99519156,False,False
K00291.02,28089143,sap,QLP,SAP_FLUX,OK,10,"14,15,41,54,55,56,74,75,76,83","1800,200,600",30,430.94028,207.7792,bootstrap,3908.022,2.0890089,True,True
K03367.01,28449818,pdc,SPOC,PDCSAP_FLUX,OK,3,"76,82,83",120,3,4996.6315,1996.5499,analytic,21397.746,2.2648046,False,True
K03367.01,28449818,pdc,TESS-SPOC,PDCSAP_FLUX,OK,3,"76,82,83",200,3,6288.5194,2840.1017,analytic,25284.387,1.0035653,False,False
K03367.01,28449818,sap,SPOC,SAP_FLUX,OK,3,"76,82,83",120,3,2973.1739,1194.3536,analytic,12485.863,2.1196027,False,True
K03367.01,28449818,sap,TESS-SPOC,SAP_FLUX,OK,3,"76,82,83",200,3,3341.8925,1433.0007,analytic,12910.026,1.0858993,False,False
K01612.01,48450369,pdc,SPOC,PDCSAP_FLUX,OK,11,"14,15,40,41,53,55,74,75,80,81,82",120,107,53.013886,18.897338,bootstrap,463.90357,1.6665318,False,True
K01612.01,48450369,pdc,TESS-SPOC,PDCSAP_FLUX,OK,11,"14,15,40,41,53,55,74,75,80,81,82","1800,200,600",102,70.849089,13.321129,bootstrap,253.81752,1.8576386,True,False
K01612.01,48450369,pdc,QLP,KSPSAP_FLUX,OK,6,"14,15,40,41,53,55","1800,600",56,64.749037,25.607527,bootstrap,201.18003,0.14882448,True,False
K01612.01,48450369,pdc,QLP,DET_FLUX,OK,5,"74,75,80,81,82",200,52,63.672204,18.710947,bootstrap,391.54086,1.7798764,False,False
K01612.01,48450369,sap,SPOC,SAP_FLUX,OK,11,"14,15,40,41,53,55,74,75,80,81,82",120,115,52.177859,18.406584,bootstrap,509.42806,1.7664156,False,True
K01612.01,48450369,sap,TESS-SPOC,SAP_FLUX,OK,11,"14,15,40,41,53,55,74,75,80,81,82","1800,200,600",109,45.445092,20.928056,bootstrap,268.96651,1.1253413,True,False
K01612.01,48450369,sap,QLP,SAP_FLUX,OK,11,"14,15,40,41,53,55,74,75,80,81,82","1800,200,600",108,61.593898,16.404008,bootstrap,273.52416,1.1285668,True,False
K01646.01,267989857,pdc,SPOC,PDCSAP_FLUX,OK,4,"74,76,82,83",120,28,404.90707,477.025,bootstrap,10582.854,0.95975468,False,True
K01646.01,267989857,pdc,TESS-SPOC,PDCSAP_FLUX,OK,4,"74,76,82,83",200,28,281.47237,501.54998,bootstrap,9023.3623,1.4109584,False,False
K01646.01,267989857,sap,SPOC,SAP_FLUX,OK,4,"74,76,82,83",120,28,245.31789,308.51532,bootstrap,7075.2897,0.89558607,False,True
K01646.01,267989857,sap,TESS-SPOC,SAP_FLUX,OK,4,"74,76,82,83",200,28,156.39232,302.0958,bootstrap,5896.0961,1.4820046,False,False
K00292.01,399951991,pdc,SPOC,PDCSAP_FLUX,OK,9,"40,41,54,55,74,75,80,81,82",120,78,151.06214,78.228526,bootstrap,3729.7463,0.54573356,False,False
K00292.01,399951991,pdc,TESS-SPOC,PDCSAP_FLUX,OK,9,"40,41,54,55,74,75,80,81,82","200,600",79,137.91404,91.037338,bootstrap,2363.3944,0.68050691,False,False
K00292.01,399951991,pdc,QLP,KSPSAP_FLUX,OK,8,"14,15,26,40,41,53,54,55","1800,600",75,-13.439177,163.19812,bootstrap,1715.9669,1.1745193,True,False
K00292.01,399951991,pdc,QLP,DET_FLUX,OK,5,"74,75,80,81,82",200,48,216.70875,173.1728,bootstrap,4040.1874,0.68682205,False,False
K00292.01,399951991,sap,SPOC,SAP_FLUX,OK,9,"40,41,54,55,74,75,80,81,82",120,87,159.78266,76.704625,bootstrap,3575.7629,0.17610378,False,False
K00292.01,399951991,sap,TESS-SPOC,SAP_FLUX,OK,9,"40,41,54,55,74,75,80,81,82","200,600",87,111.60527,85.273747,bootstrap,2083.2628,0.52353926,False,False
K00292.01,399951991,sap,QLP,SAP_FLUX,OK,13,"14,15,26,40,41,53,54,55,74,75,80,81,82","1800,200,600",123,14.489097,121.81389,bootstrap,2917.0619,0.72567898,True,True
K05870.01,399951909,pdc,SPOC,PDCSAP_FLUX,OK,4,"40,41,54,55",120,1,-46.560577,862.05101,analytic,5144.3663,,False,False
K05870.01,399951909,pdc,TESS-SPOC,PDCSAP_FLUX,OK,4,"40,41,54,55",600,1,-148.74424,1250.307,analytic,3159.8641,,False,False
K05870.01,399951909,pdc,QLP,KSPSAP_FLUX,OK,7,"14,15,26,40,41,54,55","1800,600",2,-1342.1184,1700.3703,analytic,5100.6064,0.21138208,False,False
K05870.01,399951909,pdc,QLP,DET_FLUX,OK,5,"74,75,80,81,82",200,2,1278.9415,1111.523,analytic,7903.7433,2.0545808,False,False
K05870.01,399951909,sap,SPOC,SAP_FLUX,OK,4,"40,41,54,55",120,1,-82.564334,662.57339,analytic,3953.9658,,False,False
K05870.01,399951909,sap,TESS-SPOC,SAP_FLUX,OK,4,"40,41,54,55",600,1,-200.01157,1191.7563,analytic,3011.8906,,False,False
K05870.01,399951909,sap,QLP,SAP_FLUX,OK,12,"14,15,26,40,41,54,55,74,75,80,81,82","1800,200,600",4,-429.07598,935.7419,analytic,6560.0231,2.1846797,False,True
K05873.01,27773672,pdc,SPOC,PDCSAP_FLUX,NO_USABLE_TRANSIT,6,"74,75,76,81,82,83",120,0,,,none,,,False,False
K05873.01,27773672,pdc,TESS-SPOC,PDCSAP_FLUX,NO_USABLE_TRANSIT,6,"74,75,76,81,82,83",200,0,,,none,,,False,False
K05873.01,27773672,pdc,QLP,KSPSAP_FLUX,NO_USABLE_TRANSIT,5,"14,15,41,54,55","1800,600",0,,,none,,,False,False
K05873.01,27773672,pdc,QLP,DET_FLUX,OK,7,"56,74,75,76,81,82,83",200,1,-142.4404,427.4841,analytic,2574.8514,,False,False
K05873.01,27773672,sap,SPOC,SAP_FLUX,NO_USABLE_TRANSIT,6,"74,75,76,81,82,83",120,0,,,none,,,False,False
K05873.01,27773672,sap,TESS-SPOC,SAP_FLUX,NO_USABLE_TRANSIT,6,"74,75,76,81,82,83",200,0,,,none,,,False,False
K05873.01,27773672,sap,QLP,SAP_FLUX,OK,12,"14,15,41,54,55,56,74,75,76,81,82,83","1800,200,600",1,-136.84552,479.59514,analytic,2888.7303,,False,True
K00971.01,405687343,pdc,SPOC,PDCSAP_FLUX,OK,10,"14,26,40,41,54,55,74,75,80,82",120,468,1790.4187,15.576078,bootstrap,461.73321,0.73498987,False,True
K00971.01,405687343,pdc,TESS-SPOC,PDCSAP_FLUX,OK,10,"14,26,40,41,54,55,74,75,80,82","1800,200,600",467,1833.4067,18.838406,bootstrap,325.16144,0.6110831,True,False
K00971.01,405687343,pdc,QLP,KSPSAP_FLUX,OK,6,"14,26,40,41,54,55","1800,600",287,1947.1205,93.03968,bootstrap,376.14402,0.8683577,True,False
K00971.01,405687343,pdc,QLP,DET_FLUX,OK,4,"74,75,80,82",200,193,1941.852,25.88262,bootstrap,363.74691,0.36475831,False,False
K00971.01,405687343,sap,SPOC,SAP_FLUX,OK,10,"14,26,40,41,54,55,74,75,80,82",120,483,1776.1636,16.018462,bootstrap,496.51722,1.0402964,False,True
K00971.01,405687343,sap,TESS-SPOC,SAP_FLUX,OK,10,"14,26,40,41,54,55,74,75,80,82","1800,200,600",479,1827.1657,16.999617,bootstrap,346.14747,0.53808523,True,False
K00971.01,405687343,sap,QLP,SAP_FLUX,OK,10,"14,26,40,41,54,55,74,75,80,82","1800,200,600",480,1949.7562,33.781301,bootstrap,366.67832,0.57945579,True,False
K02994.01,26540675,pdc,SPOC,PDCSAP_FLUX,OK,4,"74,75,81,82",120,45,-15.152594,485.32056,bootstrap,16047.318,0.30273061,False,True
K02994.01,26540675,pdc,TESS-SPOC,PDCSAP_FLUX,OK,4,"74,75,81,82",200,45,343.31566,453.72109,bootstrap,12947.422,0.92186584,False,False
K02994.01,26540675,sap,SPOC,SAP_FLUX,OK,4,"74,75,81,82",120,51,61.954931,212.50303,bootstrap,7417.8448,0.45743334,False,True
K02994.01,26540675,sap,TESS-SPOC,SAP_FLUX,OK,4,"74,75,81,82",200,51,131.55999,194.36683,bootstrap,5897.2864,0.84753826,False,False
K01433.01,399911496,pdc,SPOC,PDCSAP_FLUX,OK,3,"80,81,82",120,3,-406.64356,2244.9046,analytic,24059.048,0.085152296,False,True
K01433.01,399911496,pdc,TESS-SPOC,PDCSAP_FLUX,OK,3,"80,81,82",200,3,2257.0105,2456.0111,analytic,20743.967,0.36752579,False,False
K01433.01,399911496,sap,SPOC,SAP_FLUX,OK,3,"80,81,82",120,4,198.37703,975.94,analytic,14771.301,0.22169862,False,True
K01433.01,399911496,sap,TESS-SPOC,SAP_FLUX,OK,3,"80,81,82",200,4,590.72563,961.38483,analytic,12053.677,0.065331953,False,False
K05883.01,27643046,pdc,SPOC,PDCSAP_FLUX,NO_USABLE_TRANSIT,10,"40,41,54,55,74,75,76,81,82,83",120,0,,,none,,,False,False
K05883.01,27643046,pdc,TESS-SPOC,PDCSAP_FLUX,NO_USABLE_TRANSIT,10,"40,41,54,55,74,75,76,81,82,83","200,600",0,,,none,,,False,False
K05883.01,27643046,pdc,QLP,KSPSAP_FLUX,OK,6,"14,15,40,41,54,55","1800,600",1,3111.8527,879.74932,analytic,2103.0031,,False,False
K05883.01,27643046,pdc,QLP,DET_FLUX,NO_USABLE_TRANSIT,7,"56,74,75,76,81,82,83",200,0,,,none,,,False,False
K05883.01,27643046,sap,SPOC,SAP_FLUX,NO_USABLE_TRANSIT,10,"40,41,54,55,74,75,76,81,82,83",120,0,,,none,,,False,False
K05883.01,27643046,sap,TESS-SPOC,SAP_FLUX,NO_USABLE_TRANSIT,10,"40,41,54,55,74,75,76,81,82,83","200,600",0,,,none,,,False,False
K05883.01,27643046,sap,QLP,SAP_FLUX,OK,13,"14,15,40,41,54,55,56,74,75,76,81,82,83","1800,200,600",1,3468.1813,921.62438,analytic,2203.1036,,False,True
K01651.01,48448706,pdc,SPOC,PDCSAP_FLUX,OK,3,"80,81,82",120,1,-475.99214,1554.4578,analytic,13592.806,,False,True
K01651.01,48448706,pdc,TESS-SPOC,PDCSAP_FLUX,OK,3,"80,81,82",200,1,1800.0404,1695.8134,analytic,11432.956,,False,False
K01651.01,48448706,sap,SPOC,SAP_FLUX,OK,3,"80,81,82",120,1,-26.654653,1321.9525,analytic,11559.686,,False,True
K01651.01,48448706,sap,TESS-SPOC,SAP_FLUX,OK,3,"80,81,82",200,1,716.97858,1473.956,analytic,9937.222,,False,False
K00351.01,267667295,pdc,SPOC,PDCSAP_FLUX,NO_USABLE_TRANSIT,5,"74,75,80,81,82",120,0,,,none,,,False,False
K00351.01,267667295,pdc,TESS-SPOC,PDCSAP_FLUX,NO_USABLE_TRANSIT,5,"74,75,80,81,82",200,0,,,none,,,False,False
K00351.01,267667295,pdc,QLP,KSPSAP_FLUX,NO_USABLE_TRANSIT,5,"14,15,40,41,55","1800,600",0,,,none,,,False,False
K00351.01,267667295,pdc,QLP,DET_FLUX,NO_USABLE_TRANSIT,5,"74,75,80,81,82",200,0,,,none,,,False,False
K00351.01,267667295,sap,SPOC,SAP_FLUX,NO_USABLE_TRANSIT,5,"74,75,80,81,82",120,0,,,none,,,False,False
K00351.01,267667295,sap,TESS-SPOC,SAP_FLUX,NO_USABLE_TRANSIT,5,"74,75,80,81,82",200,0,,,none,,,False,False
K00351.01,267667295,sap,QLP,SAP_FLUX,NO_USABLE_TRANSIT,10,"14,15,40,41,55,74,75,80,81,82","1800,200,600",0,,,none,,,False,True
K00351.02,267667295,pdc,SPOC,PDCSAP_FLUX,NO_USABLE_TRANSIT,5,"74,75,80,81,82",120,0,,,none,,,False,False
K00351.02,267667295,pdc,TESS-SPOC,PDCSAP_FLUX,NO_USABLE_TRANSIT,5,"74,75,80,81,82",200,0,,,none,,,False,False
K00351.02,267667295,pdc,QLP,KSPSAP_FLUX,OK,5,"14,15,40,41,55","1800,600",1,434.83024,903.85956,analytic,5247.6039,,False,False
K00351.02,267667295,pdc,QLP,DET_FLUX,NO_USABLE_TRANSIT,5,"74,75,80,81,82",200,0,,,none,,,False,False
K00351.02,267667295,sap,SPOC,SAP_FLUX,NO_USABLE_TRANSIT,5,"74,75,80,81,82",120,0,,,none,,,False,False
K00351.02,267667295,sap,TESS-SPOC,SAP_FLUX,NO_USABLE_TRANSIT,5,"74,75,80,81,82",200,0,,,none,,,False,False
K00351.02,267667295,sap,QLP,SAP_FLUX,OK,10,"14,15,40,41,55,74,75,80,81,82","1800,200,600",1,2097.8064,873.9438,analytic,5073.9198,,False,True
K00351.03,267667295,pdc,SPOC,PDCSAP_FLUX,OK,5,"74,75,80,81,82",120,1,438.41264,666.27575,analytic,7116.3645,,False,False
K00351.03,267667295,pdc,TESS-SPOC,PDCSAP_FLUX,OK,5,"74,75,80,81,82",200,1,233.27515,658.5269,analytic,5444.4856,,False,False
K00351.03,267667295,pdc,QLP,KSPSAP_FLUX,OK,5,"14,15,40,41,55","1800,600",2,-1472.3247,1187.5724,analytic,11127.31,,False,False
K00351.03,267667295,pdc,QLP,DET_FLUX,OK,5,"74,75,80,81,82",200,2,-631.0167,747.88933,analytic,9430.8146,0.11905993,False,False
K00351.03,267667295,sap,SPOC,SAP_FLUX,OK,5,"74,75,80,81,82",120,2,780.44726,488.8768,analytic,7728.8281,0.96012838,False,False
K00351.03,267667295,sap,TESS-SPOC,SAP_FLUX,OK,5,"74,75,80,81,82",200,2,593.1772,486.9822,analytic,6104.0558,1.5341195,False,False
K00351.03,267667295,sap,QLP,SAP_FLUX,OK,10,"14,15,40,41,55,74,75,80,81,82","1800,200,600",4,-1253.683,672.93463,analytic,9255.5046,0.96656127,False,True
K00351.04,267667295,pdc,SPOC,PDCSAP_FLUX,OK,5,"74,75,80,81,82",120,1,607.41648,688.04393,analytic,7880.0802,,False,False
K00351.04,267667295,pdc,TESS-SPOC,PDCSAP_FLUX,OK,5,"74,75,80,81,82",200,1,1213.9937,721.78284,analytic,6378.6759,,False,False
K00351.04,267667295,pdc,QLP,KSPSAP_FLUX,OK,5,"14,15,40,41,55","1800,600",1,8809.3815,1381.1919,analytic,3816.7817,,False,False
K00351.04,267667295,pdc,QLP,DET_FLUX,OK,5,"74,75,80,81,82",200,1,627.36885,982.09036,analytic,8705.0826,,False,False
K00351.04,267667295,sap,SPOC,SAP_FLUX,OK,5,"74,75,80,81,82",120,1,707.22865,562.04601,analytic,6437.042,,False,False
K00351.04,267667295,sap,TESS-SPOC,SAP_FLUX,OK,5,"74,75,80,81,82",200,1,843.19802,567.71979,analytic,5017.1608,,False,False
K00351.04,267667295,sap,QLP,SAP_FLUX,OK,10,"14,15,40,41,55,74,75,80,81,82","1800,200,600",2,3648.0295,898.69075,analytic,7385.9813,7.3141343,False,True
K00351.05,267667295,pdc,SPOC,PDCSAP_FLUX,OK,5,"74,75,80,81,82",120,13,174.20208,274.59441,bootstrap,8205.0224,2.0079448,False,False
K00351.05,267667295,pdc,TESS-SPOC,PDCSAP_FLUX,OK,5,"74,75,80,81,82",200,14,51.449577,451.59115,bootstrap,6251.4416,0.49274511,False,False
K00351.05,267667295,pdc,QLP,KSPSAP_FLUX,OK,5,"14,15,40,41,55","1800,600",15,348.73739,657.4374,bootstrap,4837.1889,0.26090347,False,False
K00351.05,267667295,pdc,QLP,DET_FLUX,OK,5,"74,75,80,81,82",200,15,361.05157,539.30934,bootstrap,8844.3911,1.5315912,False,False
K00351.05,267667295,sap,SPOC,SAP_FLUX,OK,5,"74,75,80,81,82",120,15,122.53608,235.19762,bootstrap,7499.9589,0.90542738,False,False
K00351.05,267667295,sap,TESS-SPOC,SAP_FLUX,OK,5,"74,75,80,81,82",200,15,248.19906,231.84406,bootstrap,5910.2133,1.1266011,False,False
K00351.05,267667295,sap,QLP,SAP_FLUX,OK,10,"14,15,40,41,55,74,75,80,81,82","1800,200,600",30,349.29757,440.62336,bootstrap,8106.8856,0.73495736,False,True
K00351.06,267667295,pdc,SPOC,PDCSAP_FLUX,OK,5,"74,75,80,81,82",120,18,494.24433,304.93187,bootstrap,7782.2344,0.98228651,False,False
K00351.06,267667295,pdc,TESS-SPOC,PDCSAP_FLUX,OK,5,"74,75,80,81,82",200,18,505.06361,359.21813,bootstrap,5943.2333,0.61435424,False,False
K00351.06,267667295,pdc,QLP,KSPSAP_FLUX,OK,5,"14,15,40,41,55","1800,600",20,-144.49939,462.1543,bootstrap,3572.0697,0.78112112,False,False
K00351.06,267667295,pdc,QLP,DET_FLUX,OK,5,"74,75,80,81,82",200,18,293.06575,418.21549,bootstrap,8289.1558,0.22335251,False,False
K00351.06,267667295,sap,SPOC,SAP_FLUX,OK,5,"74,75,80,81,82",120,18,362.83307,256.55334,bootstrap,7141.5565,0.46637874,False,False
K00351.06,267667295,sap,TESS-SPOC,SAP_FLUX,OK,5,"74,75,80,81,82",200,18,384.4095,279.0656,bootstrap,5263.1279,0.085987818,False,False
K00351.06,267667295,sap,QLP,SAP_FLUX,OK,10,"14,15,40,41,55,74,75,80,81,82","1800,200,600",38,-36.99804,326.38996,bootstrap,6521.4435,1.0614423,False,True
K00351.07,267667295,pdc,SPOC,PDCSAP_FLUX,OK,5,"74,75,80,81,82",120,1,-1176.1529,591.42282,analytic,7722.1672,,False,False
K00351.07,267667295,pdc,TESS-SPOC,PDCSAP_FLUX,OK,5,"74,75,80,81,82",200,1,-1346.9565,591.45664,analytic,5986.0347,,False,False
K00351.07,267667295,pdc,QLP,KSPSAP_FLUX,NO_USABLE_TRANSIT,5,"14,15,40,41,55","1800,600",0,,,none,,,False,False
K00351.07,267667295,pdc,QLP,DET_FLUX,OK,5,"74,75,80,81,82",200,1,-665.64782,1000.5141,analytic,10126.037,,False,False
K00351.07,267667295,sap,SPOC,SAP_FLUX,OK,5,"74,75,80,81,82",120,1,-296.38936,575.17863,analytic,7510.0679,,False,False
K00351.07,267667295,sap,TESS-SPOC,SAP_FLUX,OK,5,"74,75,80,81,82",200,1,-550.23506,541.49011,analytic,5480.3317,,False,False
K00351.07,267667295,sap,QLP,SAP_FLUX,OK,10,"14,15,40,41,55,74,75,80,81,82","1800,200,600",1,-917.86315,982.77359,analytic,9946.4887,,False,True
K02399.01,27240404,pdc,SPOC,PDCSAP_FLUX,OK,6,"74,75,76,81,82,83",120,70,105.87645,265.28567,bootstrap,9342.1832,0.53660601,False,True
K02399.01,27240404,pdc,TESS-SPOC,PDCSAP_FLUX,OK,6,"74,75,76,81,82,83",200,71,166.27831,310.11573,bootstrap,7920.0081,0.86347045,False,False
K02399.01,27240404,sap,SPOC,SAP_FLUX,OK,6,"74,75,76,81,82,83",120,78,19.364595,219.71633,bootstrap,7946.6926,1.0207198,False,True
K02399.01,27240404,sap,TESS-SPOC,SAP_FLUX,OK,6,"74,75,76,81,82,83",200,78,144.48999,225.61168,bootstrap,6167.5142,0.98350997,False,False
K06239.01,27531332,pdc,SPOC,PDCSAP_FLUX,NO_USABLE_TRANSIT,6,"74,75,76,81,82,83",120,0,,,none,,,False,False
K06239.01,27531332,pdc,TESS-SPOC,PDCSAP_FLUX,NO_USABLE_TRANSIT,6,"74,75,76,81,82,83",200,0,,,none,,,False,False
K06239.01,27531332,pdc,QLP,KSPSAP_FLUX,NO_USABLE_TRANSIT,6,"14,15,40,41,54,55","1800,600",0,,,none,,,False,False
K06239.01,27531332,pdc,QLP,DET_FLUX,NO_USABLE_TRANSIT,7,"56,74,75,76,81,82,83",200,0,,,none,,,False,False
K06239.01,27531332,sap,SPOC,SAP_FLUX,NO_USABLE_TRANSIT,6,"74,75,76,81,82,83",120,0,,,none,,,False,False
K06239.01,27531332,sap,TESS-SPOC,SAP_FLUX,NO_USABLE_TRANSIT,6,"74,75,76,81,82,83",200,0,,,none,,,False,False
K06239.01,27531332,sap,QLP,SAP_FLUX,NO_USABLE_TRANSIT,13,"14,15,40,41,54,55,56,74,75,76,81,82,83","1800,200,600",0,,,none,,,False,True
K06239.02,27531332,pdc,SPOC,PDCSAP_FLUX,OK,6,"74,75,76,81,82,83",120,1,2837.7672,4172.5347,analytic,39609.506,,False,False
K06239.02,27531332,pdc,TESS-SPOC,PDCSAP_FLUX,OK,6,"74,75,76,81,82,83",200,1,6190.3729,6334.4306,analytic,46318.395,,False,False
K06239.02,27531332,pdc,QLP,KSPSAP_FLUX,NO_USABLE_TRANSIT,6,"14,15,40,41,54,55","1800,600",0,,,none,,,False,False
K06239.02,27531332,pdc,QLP,DET_FLUX,OK,7,"56,74,75,76,81,82,83",200,1,5009.8659,1777.1859,analytic,12995.075,,False,False
K06239.02,27531332,sap,SPOC,SAP_FLUX,OK,6,"74,75,76,81,82,83",120,1,-123.7325,327.70853,analytic,3110.9084,,False,False
K06239.02,27531332,sap,TESS-SPOC,SAP_FLUX,OK,6,"74,75,76,81,82,83",200,1,-195.017,240.903,analytic,1761.5223,,False,False
K06239.02,27531332,sap,QLP,SAP_FLUX,OK,13,"14,15,40,41,54,55,56,74,75,76,81,82,83","1800,200,600",1,2734.3133,1791.769,analytic,13101.709,,False,True
K00483.01,243271972,pdc,SPOC,PDCSAP_FLUX,OK,5,"74,75,80,81,82",120,23,684.38299,671.45621,bootstrap,18036.289,0.1112295,False,True
K00483.01,243271972,pdc,TESS-SPOC,PDCSAP_FLUX,OK,5,"74,75,80,81,82",200,23,780.66419,617.62509,bootstrap,14561.217,0.7273923,False,False
K00483.01,243271972,sap,SPOC,SAP_FLUX,OK,5,"74,75,80,81,82",120,28,192.83952,264.56377,bootstrap,6790.1998,0.15984023,False,True
K00483.01,243271972,sap,TESS-SPOC,SAP_FLUX,OK,5,"74,75,80,81,82",200,28,244.16832,224.83562,bootstrap,5232.2114,0.13048895,False,False
K03104.01,351191565,pdc,SPOC,PDCSAP_FLUX,OK,4,"76,81,82,83",120,76,-406.78386,930.77441,bootstrap,33484.134,0.51213456,False,True
K03104.01,351191565,pdc,TESS-SPOC,PDCSAP_FLUX,OK,4,"76,81,82,83",200,77,-143.77017,971.44799,bootstrap,27825.412,0.33427103,False,False
K03104.01,351191565,sap,SPOC,SAP_FLUX,OK,4,"76,81,82,83",120,82,-272.40791,368.01527,bootstrap,14868.897,0.07222089,False,True
K03104.01,351191565,sap,TESS-SPOC,SAP_FLUX,OK,4,"76,81,82,83",200,82,-224.20154,375.72832,bootstrap,10939.061,0.60012315,False,False
K00295.01,48448369,pdc,SPOC,PDCSAP_FLUX,OK,10,"40,41,53,54,55,74,75,80,81,82",120,40,298.36022,79.288841,bootstrap,2754.6279,1.1186219,False,False
K00295.01,48448369,pdc,TESS-SPOC,PDCSAP_FLUX,OK,13,"14,15,26,40,41,53,54,55,74,75,80,81,82","1800,200,600",52,179.13408,75.007533,bootstrap,1330.8091,0.032694785,False,False
K00295.01,48448369,pdc,QLP,KSPSAP_FLUX,OK,8,"14,15,26,40,41,53,54,55","1800,600",38,295.85174,116.8421,bootstrap,1194.4893,1.9026429,False,False
K00295.01,48448369,pdc,QLP,DET_FLUX,OK,5,"74,75,80,81,82",200,24,117.32678,123.38702,bootstrap,2464.3017,0.17488076,False,False
K00295.01,48448369,sap,SPOC,SAP_FLUX,OK,10,"40,41,53,54,55,74,75,80,81,82",120,49,278.71403,72.661855,bootstrap,2683.5827,0.41100798,False,False
K00295.01,48448369,sap,TESS-SPOC,SAP_FLUX,OK,13,"14,15,26,40,41,53,54,55,74,75,80,81,82","1800,200,600",62,165.79653,66.843389,bootstrap,1390.9528,0.10439526,False,False
K00295.01,48448369,sap,QLP,SAP_FLUX,OK,13,"14,15,26,40,41,53,54,55,74,75,80,81,82","1800,200,600",62,233.34604,80.820323,bootstrap,1635.8972,1.2032261,False,True
K00295.02,48448369,pdc,SPOC,PDCSAP_FLUX,OK,10,"40,41,53,54,55,74,75,80,81,82",120,24,133.60099,103.64388,bootstrap,2675.3177,0.23358507,False,False
K00295.02,48448369,pdc,TESS-SPOC,PDCSAP_FLUX,OK,13,"14,15,26,40,41,53,54,55,74,75,80,81,82","1800,200,600",31,54.904933,139.47052,bootstrap,1382.1185,0.48755615,True,False
K00295.02,48448369,pdc,QLP,KSPSAP_FLUX,OK,8,"14,15,26,40,41,53,54,55","1800,600",21,180.86993,120.72395,bootstrap,1206.1701,0.47875506,True,False
K00295.02,48448369,pdc,QLP,DET_FLUX,OK,5,"74,75,80,81,82",200,13,-16.186104,190.60136,bootstrap,2699.9993,0.10082837,False,False
K00295.02,48448369,sap,SPOC,SAP_FLUX,OK,10,"40,41,53,54,55,74,75,80,81,82",120,26,179.46997,93.063999,bootstrap,2615.7979,0.021734701,False,False
K00295.02,48448369,sap,TESS-SPOC,SAP_FLUX,OK,13,"14,15,26,40,41,53,54,55,74,75,80,81,82","1800,200,600",34,32.40137,149.829,bootstrap,1235.5093,1.1674492,True,False
K00295.02,48448369,sap,QLP,SAP_FLUX,OK,13,"14,15,26,40,41,53,54,55,74,75,80,81,82","1800,200,600",34,166.22292,110.76774,bootstrap,1616.1015,0.38775238,True,True
K01442.01,405688133,pdc,SPOC,PDCSAP_FLUX,OK,11,"26,40,41,53,54,55,74,75,80,81,82",120,375,167.06313,34.448663,bootstrap,3057.3486,0.020991715,False,False
K01442.01,405688133,pdc,TESS-SPOC,PDCSAP_FLUX,OK,13,"14,15,26,40,41,53,54,55,74,75,80,81,82","1800,200,600",436,146.71452,46.424796,bootstrap,1490.3337,0.80946905,True,False
K01442.01,405688133,pdc,QLP,KSPSAP_FLUX,OK,8,"14,15,26,40,41,53,54,55","1800,600",298,422.82767,164.09006,bootstrap,1402.1994,0.16981537,True,False
K01442.01,405688133,pdc,QLP,DET_FLUX,OK,5,"74,75,80,81,82",200,192,202.81337,71.3044,bootstrap,2971.1715,0.18167442,False,False
K01442.01,405688133,sap,SPOC,SAP_FLUX,OK,11,"26,40,41,53,54,55,74,75,80,81,82",120,417,151.5013,32.763706,bootstrap,2946.8286,0.17816159,False,False
K01442.01,405688133,sap,TESS-SPOC,SAP_FLUX,OK,13,"14,15,26,40,41,53,54,55,74,75,80,81,82","1800,200,600",488,110.73811,41.091141,bootstrap,1461.8853,1.2286983,True,False
K01442.01,405688133,sap,QLP,SAP_FLUX,OK,13,"14,15,26,40,41,53,54,55,74,75,80,81,82","1800,200,600",490,352.38022,118.9387,bootstrap,2054.7554,0.093446421,True,True
K01990.01,27007509,pdc,SPOC,PDCSAP_FLUX,OK,5,"74,75,81,82,83",120,4,170.57731,651.85848,analytic,13470.718,0.059396795,False,True
K01990.01,27007509,pdc,TESS-SPOC,PDCSAP_FLUX,OK,5,"74,75,81,82,83",200,4,168.17523,684.38629,analytic,10553.579,0.46615972,False,False
K01990.01,27007509,sap,SPOC,SAP_FLUX,OK,5,"74,75,81,82,83",120,4,90.932533,576.26727,analytic,11959.37,0.1720818,False,True
K01990.01,27007509,sap,TESS-SPOC,SAP_FLUX,OK,5,"74,75,81,82,83",200,4,-185.70358,581.11613,analytic,8953.1533,0.16374199,False,False
K04792.01,27531737,pdc,SPOC,PDCSAP_FLUX,OK,6,"74,75,76,81,82,83",120,24,-124.43693,384.49055,bootstrap,12533.207,0.48833049,False,True
K04792.01,27531737,pdc,TESS-SPOC,PDCSAP_FLUX,OK,6,"74,75,76,81,82,83",200,24,-307.26391,406.88913,bootstrap,9728.5241,0.039480019,False,False
K04792.01,27531737,sap,SPOC,SAP_FLUX,OK,6,"74,75,76,81,82,83",120,26,127.30305,184.09979,bootstrap,6232.7499,0.04556223,False,True
K04792.01,27531737,sap,TESS-SPOC,SAP_FLUX,OK,6,"74,75,76,81,82,83",200,26,-39.852281,184.4203,bootstrap,4906.1706,0.21581977,False,False
K03022.01,27531854,pdc,SPOC,PDCSAP_FLUX,OK,4,"76,81,82,83",120,34,567.80818,1528.4761,bootstrap,38292.79,1.214832,False,True
K03022.01,27531854,pdc,TESS-SPOC,PDCSAP_FLUX,OK,4,"76,81,82,83",200,34,-811.77465,1291.1517,bootstrap,27140.347,0.76572798,False,False
K03022.01,27531854,sap,SPOC,SAP_FLUX,OK,4,"76,81,82,83",120,37,140.1207,266.13658,bootstrap,5752.8558,0.66131042,False,True
K03022.01,27531854,sap,TESS-SPOC,SAP_FLUX,OK,4,"76,81,82,83",200,37,64.152279,257.34572,bootstrap,4127.4278,0.48691652,False,False
K03022.02,27531854,pdc,SPOC,PDCSAP_FLUX,OK,4,"76,81,82,83",120,17,-1146.2483,1501.3759,bootstrap,36461.573,0.56577695,False,True
K03022.02,27531854,pdc,TESS-SPOC,PDCSAP_FLUX,OK,4,"76,81,82,83",200,17,-2693.1716,2365.2886,bootstrap,27817.717,0.67526775,False,False
K03022.02,27531854,sap,SPOC,SAP_FLUX,OK,4,"76,81,82,83",120,20,-76.118684,221.4607,bootstrap,5463.697,0.26029534,False,True
K03022.02,27531854,sap,TESS-SPOC,SAP_FLUX,OK,4,"76,81,82,83",200,20,-138.60583,216.67695,bootstrap,4215.008,0.0033525779,False,False
K02550.01,28084859,pdc,SPOC,PDCSAP_FLUX,OK,4,"76,81,82,83",120,5,6866.3525,2125.9868,analytic,34965.04,4.2836721,False,True
K02550.01,28084859,pdc,TESS-SPOC,PDCSAP_FLUX,OK,4,"76,81,82,83",200,5,6836.2375,2514.5469,analytic,29974.95,4.190494,False,False
K02550.01,28084859,sap,SPOC,SAP_FLUX,OK,4,"76,81,82,83",120,6,3051.5729,1130.7204,analytic,19637.293,5.003133,False,True
K02550.01,28084859,sap,TESS-SPOC,SAP_FLUX,OK,4,"76,81,82,83",200,6,2397.7342,1246.6188,analytic,15677.376,4.7820749,False,False
K00356.01,28234096,pdc,SPOC,PDCSAP_FLUX,OK,5,"74,76,81,82,83",120,63,864.56902,224.52977,bootstrap,6865.0875,0.10035592,False,False
K00356.01,28234096,pdc,TESS-SPOC,PDCSAP_FLUX,OK,5,"74,76,81,82,83",200,64,1337.0534,242.75284,bootstrap,6109.7984,0.64263671,False,False
K00356.01,28234096,pdc,QLP,KSPSAP_FLUX,OK,5,"14,15,41,54,55","1800,600",69,2238.9036,807.12394,bootstrap,3968.4975,0.30975323,True,False
K00356.01,28234096,pdc,QLP,DET_FLUX,OK,6,"56,74,76,81,82,83",200,83,1007.371,256.18204,bootstrap,8459.6113,0.59143824,False,False
K00356.01,28234096,sap,SPOC,SAP_FLUX,OK,5,"74,76,81,82,83",120,68,826.87639,181.5302,bootstrap,6096.1465,0.22831883,False,False
K00356.01,28234096,sap,TESS-SPOC,SAP_FLUX,OK,5,"74,76,81,82,83",200,68,1014.002,181.67902,bootstrap,4722.1467,0.74670035,False,False
K00356.01,28234096,sap,QLP,SAP_FLUX,OK,11,"14,15,41,54,55,56,74,76,81,82,83","1800,200,600",152,1821.2612,552.38147,bootstrap,6725.0769,0.10016389,True,True
K05930.01,27775937,pdc,SPOC,PDCSAP_FLUX,OK,4,"40,41,54,55",120,1,1309.7006,4318.7707,analytic,29021.977,,False,True
K05930.01,27775937,pdc,TESS-SPOC,PDCSAP_FLUX,OK,4,"40,41,54,55",600,1,2858.3717,8263.1803,analytic,23948.972,,False,False
K05930.01,27775937,sap,SPOC,SAP_FLUX,OK,4,"40,41,54,55",120,1,1263.7875,2034.5394,analytic,13672.028,,False,True
K05930.01,27775937,sap,TESS-SPOC,SAP_FLUX,OK,4,"40,41,54,55",600,1,1433.6881,3522.6536,analytic,10209.62,,False,False
K00775.01,399825554,pdc,SPOC,PDCSAP_FLUX,OK,10,"40,41,53,54,55,74,75,80,81,82",120,15,2460.6191,580.04805,bootstrap,15460.47,0.57168554,False,True
K00775.01,399825554,pdc,TESS-SPOC,PDCSAP_FLUX,OK,10,"40,41,53,54,55,74,75,80,81,82","200,600",15,2436.5062,724.66663,bootstrap,10569.781,0.69809945,False,False
K00775.01,399825554,sap,SPOC,SAP_FLUX,OK,10,"40,41,53,54,55,74,75,80,81,82",120,17,2472.9447,451.71871,bootstrap,14161.758,1.0254673,False,True
K00775.01,399825554,sap,TESS-SPOC,SAP_FLUX,OK,10,"40,41,53,54,55,74,75,80,81,82","200,600",17,2436.8596,573.29709,bootstrap,9181.601,1.1556323,False,False
K00775.02,399825554,pdc,SPOC,PDCSAP_FLUX,OK,10,"40,41,53,54,55,74,75,80,81,82",120,25,389.03919,550.97887,bootstrap,15786.36,0.27892793,False,True
K00775.02,399825554,pdc,TESS-SPOC,PDCSAP_FLUX,OK,10,"40,41,53,54,55,74,75,80,81,82","200,600",25,133.4636,518.25833,bootstrap,9865.1831,0.26901095,False,False
K00775.02,399825554,sap,SPOC,SAP_FLUX,OK,10,"40,41,53,54,55,74,75,80,81,82",120,30,205.52319,496.58497,bootstrap,14637.918,0.13840081,False,True
K00775.02,399825554,sap,TESS-SPOC,SAP_FLUX,OK,10,"40,41,53,54,55,74,75,80,81,82","200,600",30,83.22236,428.09068,bootstrap,8669.0374,0.10956717,False,False
K00775.03,399825554,pdc,SPOC,PDCSAP_FLUX,OK,10,"40,41,53,54,55,74,75,80,81,82",120,4,687.47265,883.53226,analytic,14546.663,2.3110501,False,True
K00775.03,399825554,pdc,TESS-SPOC,PDCSAP_FLUX,OK,10,"40,41,53,54,55,74,75,80,81,82","200,600",4,1923.9942,952.87907,analytic,7635.9098,1.7087345,False,False
K00775.03,399825554,sap,SPOC,SAP_FLUX,OK,10,"40,41,53,54,55,74,75,80,81,82",120,7,968.11027,744.19559,analytic,16293.039,1.5431997,False,True
K00775.03,399825554,sap,TESS-SPOC,SAP_FLUX,OK,10,"40,41,53,54,55,74,75,80,81,82","200,600",7,1998.0692,718.37944,analytic,8291.9489,2.0689248,False,False
K04551.01,27396862,pdc,SPOC,PDCSAP_FLUX,OK,6,"74,75,76,81,82,83",120,7,894.01862,704.16066,analytic,16629.771,0.46127699,False,True
K04551.01,27396862,pdc,TESS-SPOC,PDCSAP_FLUX,OK,6,"74,75,76,81,82,83",200,7,566.29821,772.21906,analytic,12659.292,0.34860253,False,False
K04551.01,27396862,sap,SPOC,SAP_FLUX,OK,6,"74,75,76,81,82,83",120,9,344.22821,338.35044,bootstrap,12414.215,0.98463368,False,True
K04551.01,27396862,sap,TESS-SPOC,SAP_FLUX,OK,6,"74,75,76,81,82,83",200,9,202.92934,367.52162,bootstrap,9348.1507,1.2378667,False,False
K07479.01,27912739,pdc,SPOC,PDCSAP_FLUX,OK,6,"74,75,76,81,82,83",120,19,313.73326,394.79629,bootstrap,6229.1943,2.2495398,False,False
K07479.01,27912739,pdc,TESS-SPOC,PDCSAP_FLUX,OK,6,"74,75,76,81,82,83",200,19,603.27463,502.26606,bootstrap,5108.8822,2.6401782,False,False
K07479.01,27912739,pdc,QLP,KSPSAP_FLUX,OK,5,"14,15,41,54,55","1800,600",20,1383.6189,1362.4712,bootstrap,3489.6077,1.1431629,False,False
K07479.01,27912739,pdc,QLP,DET_FLUX,OK,7,"56,74,75,76,81,82,83",200,27,-100.99296,205.07959,bootstrap,6643.0184,0.17924314,False,False
K07479.01,27912739,sap,SPOC,SAP_FLUX,OK,6,"74,75,76,81,82,83",120,23,418.59688,475.29577,bootstrap,5430.8678,0.4934838,False,False
K07479.01,27912739,sap,TESS-SPOC,SAP_FLUX,OK,6,"74,75,76,81,82,83",200,23,423.00508,548.64218,bootstrap,4543.191,0.52153873,False,False
K07479.01,27912739,sap,QLP,SAP_FLUX,OK,12,"14,15,41,54,55,56,74,75,76,81,82,83","1800,200,600",47,383.05334,623.17195,bootstrap,6167.9764,0.75984591,False,True
K02260.01,406950324,pdc,SPOC,PDCSAP_FLUX,OK,10,"40,41,53,54,55,74,75,80,81,82",120,35,7.1080123,100.33563,bootstrap,3341.0688,0.084790597,False,False
K02260.01,406950324,pdc,TESS-SPOC,PDCSAP_FLUX,OK,10,"40,41,53,54,55,74,75,80,81,82","200,600",35,19.611684,73.564886,bootstrap,1740.0859,0.80778608,False,False
K02260.01,406950324,pdc,QLP,KSPSAP_FLUX,OK,7,"14,15,40,41,53,54,55","1800,600",28,2072.2015,1580.809,bootstrap,1544.7977,0.84598987,False,False
K02260.01,406950324,pdc,QLP,DET_FLUX,OK,6,"56,74,75,80,81,82",200,24,178.21882,112.0448,bootstrap,2763.5689,0.084661943,False,False
K02260.01,406950324,sap,SPOC,SAP_FLUX,OK,10,"40,41,53,54,55,74,75,80,81,82",120,40,-77.349314,75.284064,bootstrap,2580.5793,0.982158,False,False
K02260.01,406950324,sap,TESS-SPOC,SAP_FLUX,OK,10,"40,41,53,54,55,74,75,80,81,82","200,600",40,-42.464245,58.183588,bootstrap,1426.4109,1.2513718,False,False
K02260.01,406950324,sap,QLP,SAP_FLUX,OK,13,"14,15,40,41,53,54,55,56,74,75,80,81,82","1800,200,600",52,1322.601,845.18096,bootstrap,2171.9478,0.76579925,False,True
K05942.01,406999863,pdc,SPOC,PDCSAP_FLUX,OK,5,"74,75,80,81,82",120,1,-196.80228,624.29001,analytic,4955.6871,,False,False
K05942.01,406999863,pdc,TESS-SPOC,PDCSAP_FLUX,OK,5,"74,75,80,81,82",200,1,113.40841,556.09755,analytic,3415.1039,,False,False
K05942.01,406999863,pdc,QLP,KSPSAP_FLUX,OK,7,"14,15,40,41,53,54,55","1800,600",1,-821.26329,787.95131,analytic,2663.7616,,False,False
K05942.01,406999863,pdc,QLP,DET_FLUX,OK,6,"56,74,75,80,81,82",200,1,1679.0197,938.42469,analytic,5763.0497,,False,False
K05942.01,406999863,sap,SPOC,SAP_FLUX,OK,5,"74,75,80,81,82",120,1,-47.882703,595.15218,analytic,4724.3875,,False,False
K05942.01,406999863,sap,TESS-SPOC,SAP_FLUX,OK,5,"74,75,80,81,82",200,1,71.630491,501.93282,analytic,3082.4677,,False,False
K05942.01,406999863,sap,QLP,SAP_FLUX,OK,13,"14,15,40,41,53,54,55,56,74,75,80,81,82","1800,200,600",2,295.51112,591.84243,analytic,4086.7295,,False,True
K00783.01,27533282,pdc,SPOC,PDCSAP_FLUX,OK,2,"76,83",120,8,-1207.2931,1726.2517,bootstrap,42969.813,1.8219593,False,True
K00783.01,27533282,pdc,TESS-SPOC,PDCSAP_FLUX,OK,2,"76,83",200,8,2052.3622,1414.3187,bootstrap,29991.885,1.0744444,False,False
K00783.01,27533282,sap,SPOC,SAP_FLUX,OK,2,"76,83",120,8,192.62481,168.57026,bootstrap,3690.1087,0.58995601,False,True
K00783.01,27533282,sap,TESS-SPOC,SAP_FLUX,OK,2,"76,83",200,8,195.62642,156.40665,bootstrap,2547.2754,0.32842869,False,False
K02996.01,27766705,pdc,SPOC,PDCSAP_FLUX,OK,4,"76,81,82,83",120,6,-7002.459,2767.93,analytic,43177.006,0.66986982,False,True
K02996.01,27766705,pdc,TESS-SPOC,PDCSAP_FLUX,OK,4,"76,81,82,83",200,6,-8663.4961,2710.1869,analytic,32900.425,0.14254501,False,False
K02996.01,27766705,sap,SPOC,SAP_FLUX,OK,4,"76,81,82,83",120,7,-2984.7361,1144.4021,analytic,19943.358,0.40075671,False,True
K02996.01,27766705,sap,TESS-SPOC,SAP_FLUX,OK,4,"76,81,82,83",200,7,-3311.252,1099.4918,analytic,12781.086,0.14775116,False,False
K03282.01,27014562,pdc,SPOC,PDCSAP_FLUX,OK,4,"76,81,82,83",120,2,1259.9813,3139.0872,analytic,32606.64,0.49989519,False,False
K03282.01,27014562,pdc,TESS-SPOC,PDCSAP_FLUX,OK,4,"76,81,82,83",200,2,176.06992,3706.7529,analytic,29776.726,0.99347784,False,False
K03282.01,27014562,pdc,QLP,KSPSAP_FLUX,OK,3,"41,54,55",600,2,-10766.556,4631.4,analytic,21890.632,,False,False
K03282.01,27014562,pdc,QLP,DET_FLUX,OK,7,"56,74,75,76,81,82,83",200,3,-8004.2313,3525.9204,analytic,35598.225,0.55990259,False,False
K03282.01,27014562,sap,SPOC,SAP_FLUX,OK,4,"76,81,82,83",120,2,762.89785,2369.4891,analytic,24737.46,0.28862282,False,False
K03282.01,27014562,sap,TESS-SPOC,SAP_FLUX,OK,4,"76,81,82,83",200,2,245.13531,2688.142,analytic,21654.863,0.96030695,False,False
K03282.01,27014562,sap,QLP,SAP_FLUX,OK,10,"41,54,55,56,74,75,76,81,82,83","200,600",5,-8703.2027,2744.7649,analytic,28899.584,0.70244308,False,True
K00547.01,27231753,pdc,SPOC,PDCSAP_FLUX,OK,5,"75,76,81,82,83",120,4,-19.839337,988.79659,analytic,15692.917,0.90778291,False,True
K00547.01,27231753,pdc,TESS-SPOC,PDCSAP_FLUX,OK,5,"75,76,81,82,83",200,4,1471.4724,1179.1536,analytic,14150.277,0.1809224,False,False
K00547.01,27231753,sap,SPOC,SAP_FLUX,OK,5,"75,76,81,82,83",120,5,843.60952,605.78995,analytic,9859.9238,1.1260449,False,True
K00547.01,27231753,sap,TESS-SPOC,SAP_FLUX,OK,5,"75,76,81,82,83",200,5,1274.0516,682.9165,analytic,9013.7659,1.1449293,False,False
K00547.02,27231753,pdc,SPOC,PDCSAP_FLUX,OK,5,"75,76,81,82,83",120,18,-90.77388,658.29368,bootstrap,17376.579,2.399527,False,True
K00547.02,27231753,pdc,TESS-SPOC,PDCSAP_FLUX,OK,5,"75,76,81,82,83",200,18,-459.63468,798.25971,bootstrap,12846.101,0.89130879,False,False
K00547.02,27231753,sap,SPOC,SAP_FLUX,OK,5,"75,76,81,82,83",120,18,-59.860929,510.81005,bootstrap,11921.465,1.9695621,False,True
K00547.02,27231753,sap,TESS-SPOC,SAP_FLUX,OK,5,"75,76,81,82,83",200,18,-246.23667,497.32671,bootstrap,8318.723,0.97640856,False,False
K00547.03,27231753,pdc,SPOC,PDCSAP_FLUX,OK,5,"75,76,81,82,83",120,9,-349.48466,484.78482,bootstrap,15741.319,1.1744682,False,True
K00547.03,27231753,pdc,TESS-SPOC,PDCSAP_FLUX,OK,5,"75,76,81,82,83",200,9,-152.89043,539.01652,bootstrap,13359.824,0.75006801,False,False
K00547.03,27231753,sap,SPOC,SAP_FLUX,OK,5,"75,76,81,82,83",120,9,-275.80219,345.33775,bootstrap,11356.649,1.2221478,False,True
K00547.03,27231753,sap,TESS-SPOC,SAP_FLUX,OK,5,"75,76,81,82,83",200,9,-44.705434,341.09431,bootstrap,7930.8397,0.9374163,False,False
K04590.01,299089212,pdc,SPOC,PDCSAP_FLUX,OK,3,"80,81,82",120,6,-969.06137,4728.8699,analytic,62551.818,1.4828283,False,True
K04590.01,299089212,pdc,TESS-SPOC,PDCSAP_FLUX,OK,3,"80,81,82",200,6,-78.96749,4677.4659,analytic,50514.976,1.5438773,False,False
K04590.01,299089212,sap,SPOC,SAP_FLUX,OK,3,"80,81,82",120,8,-549.66725,1215.7064,bootstrap,17776.509,2.3865336,False,True
K04590.01,299089212,sap,TESS-SPOC,SAP_FLUX,OK,3,"80,81,82",200,8,-470.91958,1127.9272,bootstrap,14745.707,2.2415482,False,False
K02714.01,267746315,pdc,SPOC,PDCSAP_FLUX,OK,6,"74,75,80,81,82,83",120,11,-91.967171,189.19909,bootstrap,6268.8635,0.054229676,False,False
K02714.01,267746315,pdc,TESS-SPOC,PDCSAP_FLUX,OK,6,"74,75,80,81,82,83",200,11,3.6338543,236.71472,bootstrap,4872.4446,1.5060313,False,False
K02714.01,267746315,pdc,QLP,KSPSAP_FLUX,OK,6,"14,15,41,53,54,55","1800,600",10,143.84191,369.82922,bootstrap,4269.8702,0.62453507,False,False
K02714.01,267746315,pdc,QLP,DET_FLUX,OK,8,"56,74,75,76,80,81,82,83",200,14,22.422084,243.56282,bootstrap,6502.8684,0.54062074,False,False
K02714.01,267746315,sap,SPOC,SAP_FLUX,OK,6,"74,75,80,81,82,83",120,11,31.157374,156.89648,bootstrap,4251.7595,1.0167063,False,False
K02714.01,267746315,sap,TESS-SPOC,SAP_FLUX,OK,6,"74,75,80,81,82,83",200,11,60.86651,175.71235,bootstrap,3224.8631,1.3360199,False,False
K02714.01,267746315,sap,QLP,SAP_FLUX,OK,14,"14,15,41,53,54,55,56,74,75,76,80,81,82,83","1800,200,600",24,-101.40934,253.61138,bootstrap,6098.4524,1.1086965,False,True
K02714.02,267746315,pdc,SPOC,PDCSAP_FLUX,OK,6,"74,75,80,81,82,83",120,2,480.61155,407.1769,analytic,6101.236,,False,False
K02714.02,267746315,pdc,TESS-SPOC,PDCSAP_FLUX,OK,6,"74,75,80,81,82,83",200,2,1015.4941,457.14064,analytic,4902.8406,,False,False
K02714.02,267746315,pdc,QLP,KSPSAP_FLUX,OK,6,"14,15,41,53,54,55","1800,600",1,-1465.6203,585.93438,analytic,1810.2864,,False,False
K02714.02,267746315,pdc,QLP,DET_FLUX,OK,8,"56,74,75,76,80,81,82,83",200,4,75.024095,367.51173,analytic,5837.2421,0.17474869,False,False
K02714.02,267746315,sap,SPOC,SAP_FLUX,OK,6,"74,75,80,81,82,83",120,3,614.37089,230.24696,analytic,4056.1474,0.92304401,False,False
K02714.02,267746315,sap,TESS-SPOC,SAP_FLUX,OK,6,"74,75,80,81,82,83",200,3,712.31338,240.99018,analytic,3552.7808,1.0607008,False,False
K02714.02,267746315,sap,QLP,SAP_FLUX,OK,14,"14,15,41,53,54,55,56,74,75,76,80,81,82,83","1800,200,600",5,239.87862,313.41085,analytic,6007.563,0.11588228,False,True
K02714.03,267746315,pdc,SPOC,PDCSAP_FLUX,NO_USABLE_TRANSIT,6,"74,75,80,81,82,83",120,0,,,none,,,False,False
K02714.03,267746315,pdc,TESS-SPOC,PDCSAP_FLUX,NO_USABLE_TRANSIT,6,"74,75,80,81,82,83",200,0,,,none,,,False,False
K02714.03,267746315,pdc,QLP,KSPSAP_FLUX,NO_USABLE_TRANSIT,6,"14,15,41,53,54,55","1800,600",0,,,none,,,False,False
K02714.03,267746315,pdc,QLP,DET_FLUX,NO_USABLE_TRANSIT,8,"56,74,75,76,80,81,82,83",200,0,,,none,,,False,False
K02714.03,267746315,sap,SPOC,SAP_FLUX,NO_USABLE_TRANSIT,6,"74,75,80,81,82,83",120,0,,,none,,,False,False
K02714.03,267746315,sap,TESS-SPOC,SAP_FLUX,NO_USABLE_TRANSIT,6,"74,75,80,81,82,83",200,0,,,none,,,False,False
K02714.03,267746315,sap,QLP,SAP_FLUX,NO_USABLE_TRANSIT,14,"14,15,41,53,54,55,56,74,75,76,80,81,82,83","1800,200,600",0,,,none,,,False,True
K03310.01,299089415,pdc,SPOC,PDCSAP_FLUX,OK,5,"74,75,80,81,82",120,6,-474.95785,418.33727,analytic,8168.0226,0.32103569,False,False
K03310.01,299089415,pdc,TESS-SPOC,PDCSAP_FLUX,OK,5,"74,75,80,81,82",200,6,-207.29185,433.425,analytic,6630.3291,0.11992879,False,False
K03310.01,299089415,pdc,QLP,KSPSAP_FLUX,OK,6,"14,15,41,53,54,55","1800,600",5,-436.81291,525.18549,analytic,4381.7074,1.9493665,False,False
K03310.01,299089415,pdc,QLP,DET_FLUX,OK,6,"56,74,75,80,81,82",200,8,-340.63291,601.93747,bootstrap,7805.3195,1.3528703,False,False
K03310.01,299089415,sap,SPOC,SAP_FLUX,OK,5,"74,75,80,81,82",120,7,-324.56041,109.1494,analytic,2374.8726,0.93662826,False,False
K03310.01,299089415,sap,TESS-SPOC,SAP_FLUX,OK,5,"74,75,80,81,82",200,7,-198.03622,109.84553,analytic,1885.7715,1.0124515,False,False
K03310.01,299089415,sap,QLP,SAP_FLUX,OK,12,"14,15,41,53,54,55,56,74,75,80,81,82","1800,200,600",13,-211.24492,425.87883,bootstrap,7270.8574,2.583032,False,True
K00375.01,350738167,pdc,SPOC,PDCSAP_FLUX,NO_USABLE_TRANSIT,9,"40,56,74,75,76,80,81,82,83",120,0,,,none,,,False,False
K00375.01,350738167,pdc,TESS-SPOC,PDCSAP_FLUX,NO_USABLE_TRANSIT,9,"40,56,74,75,76,80,81,82,83","200,600",0,,,none,,,False,False
K00375.01,350738167,pdc,QLP,KSPSAP_FLUX,NO_USABLE_TRANSIT,5,"14,15,40,54,55","1800,600",0,,,none,,,False,False
K00375.01,350738167,pdc,QLP,DET_FLUX,NO_USABLE_TRANSIT,8,"56,74,75,76,80,81,82,83",200,0,,,none,,,False,False
K00375.01,350738167,sap,SPOC,SAP_FLUX,NO_USABLE_TRANSIT,9,"40,56,74,75,76,80,81,82,83",120,0,,,none,,,False,False
K00375.01,350738167,sap,TESS-SPOC,SAP_FLUX,NO_USABLE_TRANSIT,9,"40,56,74,75,76,80,81,82,83","200,600",0,,,none,,,False,False
K00375.01,350738167,sap,QLP,SAP_FLUX,NO_USABLE_TRANSIT,13,"14,15,40,54,55,56,74,75,76,80,81,82,83","1800,200,600",0,,,none,,,False,True
K02745.01,299217895,pdc,SPOC,PDCSAP_FLUX,OK,7,"73,74,76,80,81,82,83",120,6,153.13338,1254.4897,analytic,22652.535,0.94292348,False,True
K02745.01,299217895,pdc,TESS-SPOC,PDCSAP_FLUX,OK,7,"73,74,76,80,81,82,83",200,7,-749.11913,1210.3034,analytic,18671.372,0.036473482,False,False
K02745.01,299217895,sap,SPOC,SAP_FLUX,OK,7,"73,74,76,80,81,82,83",120,10,-747.53307,699.9652,bootstrap,17601.512,0.48113418,False,True
K02745.01,299217895,sap,TESS-SPOC,SAP_FLUX,OK,7,"73,74,76,80,81,82,83",200,10,-652.03668,541.00329,bootstrap,13427.524,0.037375801,False,False
K00602.01,350737935,pdc,SPOC,PDCSAP_FLUX,OK,5,"76,80,81,82,83",120,10,-130.56106,627.17126,bootstrap,19082.784,0.11848249,False,True
K00602.01,350737935,pdc,TESS-SPOC,PDCSAP_FLUX,OK,5,"76,80,81,82,83",200,10,742.14622,1003.2824,bootstrap,15243.424,0.97814747,False,False
K00602.01,350737935,sap,SPOC,SAP_FLUX,OK,5,"76,80,81,82,83",120,10,-114.76133,281.23895,bootstrap,9014.5077,0.51502297,False,True
K00602.01,350737935,sap,TESS-SPOC,SAP_FLUX,OK,5,"76,80,81,82,83",200,10,-70.818819,242.70929,bootstrap,7084.6891,0.54925549,False,False
K04530.01,417655232,pdc,SPOC,PDCSAP_FLUX,OK,7,"74,75,76,80,81,82,83",120,11,1158.5187,591.28118,bootstrap,11750.825,0.56737405,False,True
K04530.01,417655232,pdc,TESS-SPOC,PDCSAP_FLUX,OK,7,"74,75,76,80,81,82,83",200,12,1189.3034,460.75749,bootstrap,9440.4455,0.56070144,False,False
K04530.01,417655232,sap,SPOC,SAP_FLUX,OK,7,"74,75,76,80,81,82,83",120,13,770.84972,305.74334,bootstrap,7961.4387,0.21996278,False,True
K04530.01,417655232,sap,TESS-SPOC,SAP_FLUX,OK,7,"74,75,76,80,81,82,83",200,13,594.03841,256.43246,bootstrap,5104.2417,0.36832439,False,False
