kepoi_name,kepler_name,kepid,tic_id,tic_route,koi_disposition,koi_pdisposition,koi_period,koi_time0bk,koi_duration,koi_depth,koi_depth_err1,koi_depth_err2,koi_ror,koi_impact,koi_dor,koi_steff,koi_slogg,koi_kepmag,koi_fpflag_nt,koi_fpflag_ss,koi_fpflag_co,koi_fpflag_ec,koi_count,ra,dec,shard,lc_status,lc_route,not_measured_reason,n_products,product_authors,product_sectors,ld_band_ratio,ld_note,koi_depth_in_tess_band_ppm,koi_depth_in_tess_band_err_ppm,t0_btjd_nominal,t0_btjd_used,n_epochs_propagated,ephemeris_sigma_minutes,epoch_offset_minutes,epoch_offset_sigma,epoch_search_halfwidth_minutes,epoch_search_n_trials,epoch_search_snr_best,epoch_search_snr_nominal,depth_at_nominal_ephemeris_ppm,depth_at_best_offset_ppm,ephemeris_recovered,pdc_status,pdc_flux_column,pdc_primary_author,pdc_depth_ppm,pdc_depth_err_ppm,pdc_depth_err_method,pdc_total_err_ppm,pdc_depth_reduction_spread_ppm,pdc_depth_reduction_spread_status,pdc_n_members,pdc_n_members_measured,pdc_ensemble_members,pdc_n_transits,pdc_n_sectors,pdc_n_sectors_measured,pdc_sector_list,pdc_authors,pdc_exptimes_s,pdc_smeared,pdc_depth_is_lower_bound,pdc_oot_scatter_ppm,pdc_odd_even_diff_ppm,pdc_odd_even_sigma,pdc_sector_scatter_chi2_per_dof,pdc_n_sectors_dropped_duplicate,pdc_flags,pdc_ln_ratio,pdc_sigma_ln,pdc_z,pdc_z_lin,pdc_z_method,pdc_ratio,pdc_measured_snr,pdc_expected_snr,pdc_sigma_ln_expected,pdc_detectable_ln_ratio,pdc_detectable_depth_change_ppm,pdc_comparison_status,pdc_z_pop,sap_status,sap_flux_column,sap_primary_author,sap_depth_ppm,sap_depth_err_ppm,sap_depth_err_method,sap_total_err_ppm,sap_depth_reduction_spread_ppm,sap_depth_reduction_spread_status,sap_n_members,sap_n_members_measured,sap_ensemble_members,sap_n_transits,sap_n_sectors,sap_n_sectors_measured,sap_sector_list,sap_authors,sap_exptimes_s,sap_smeared,sap_depth_is_lower_bound,sap_oot_scatter_ppm,sap_odd_even_diff_ppm,sap_odd_even_sigma,sap_sector_scatter_chi2_per_dof,sap_n_sectors_dropped_duplicate,sap_flags,sap_ln_ratio,sap_sigma_ln,sap_z,sap_z_lin,sap_z_method,sap_ratio,sap_measured_snr,sap_expected_snr,sap_sigma_ln_expected,sap_detectable_ln_ratio,sap_detectable_depth_change_ppm,sap_comparison_status,sap_z_pop,sap_vs_pdcsap_verdict,sap_vs_pdcsap_n_pairs,sap_vs_pdcsap_authors,sap_minus_pdcsap_ppm,sap_minus_pdcsap_err_ppm,sap_minus_pdcsap_z,sap_minus_pdcsap_fraction,background_direction,ingress_fraction_used,t14_tess_hours,t14_tess_err_hours,t14_factor,t14_factor_err,duration_fit_depth_ppm,duration_fit_chi2_per_dof,duration_fit_n_points,duration_fit_status,duration_at_grid_edge,t14_ratio_observed,t14_ratio_expected_fixed_b,z_duration,b_implied_by_duration,duration_verdict,class,class_provisional,vetoes,would_be_candidate_without_vetoes,flags_classify,population_offset_pdc,population_offset_sap,population_scale_pdc,population_scale_sap,elapsed_s,pdc_depth_err_analytic_ppm,pdc_depth_err_bootstrap_ppm,pdc_n_transits_seen,pdc_chi2_per_dof,pdc_n_members_unavailable,pdc_ensemble_incomplete,pdc_ensemble_unavailable_reasons,pdc_depth_reduction_spread_fraction,pdc_depth_reduction_p16_ppm,pdc_depth_reduction_p84_ppm,pdc_depth_reduction_min_ppm,pdc_depth_reduction_max_ppm,pdc_depth_reduction_median_ppm,pdc_depth_reduction_max_offset_from_primary_ppm,pdc_spread_percentile,sap_depth_err_analytic_ppm,sap_depth_err_bootstrap_ppm,sap_n_transits_seen,sap_chi2_per_dof,sap_n_members_unavailable,sap_ensemble_incomplete,sap_ensemble_unavailable_reasons,sap_depth_reduction_spread_fraction,sap_depth_reduction_p16_ppm,sap_depth_reduction_p84_ppm,sap_depth_reduction_min_ppm,sap_depth_reduction_max_ppm,sap_depth_reduction_median_ppm,sap_depth_reduction_max_offset_from_primary_ppm,sap_spread_percentile,epoch_offset_days,background_n_agree
K00958.01,Kepler-1731 b,1026957,137099260,tic_kic_crossid_confirms_name_planet,CONFIRMED,CANDIDATE,21.761298,166.54044,1.243,1300.7,26.8,-26.8,0.032165,0.123,137.07,4859,4.612,12.559,0,0,0,0,1,291.25449,36.74361,13,OK,lightkurve,,20,"QLP,SPOC,TESS-SPOC","14,40,41,54,55,74,75,81",0.95090286,,1236.8394,25.484197,3331.0584,3331.0628,245,6.1623776,6.205056,1.0069256,37.132133,10,6.4586881,5.5293028,2457.375,2891.9943,True,OK,PDCSAP_FLUX,QLP,2891.9943,944.83865,bootstrap,2259.3874,2052.3429,OK,4,4,SPOC/PDCSAP_FLUX=1923ppm;TESS-SPOC/PDCSAP_FLUX=2032ppm;QLP/KSPSAP_FLUX=7871ppm;QLP/DET_FLUX=4139ppm,9,8,8,"14,40,41,74,75,81,54,55","QLP,SPOC","120,600",False,False,5598.6461,-212.47887,0.19684014,5.5362592,12,sector_scatter,0.84938713,0.78312529,1.0846121,0.73224722,ln,2.3382134,3.0608341,1.3090482,1.8275432,9.1377158,11500749,OK,1.0846121,OK,SAP_FLUX,QLP,1357.5204,607.08396,bootstrap,2324.1491,2243.4611,OK,3,3,SPOC/SAP_FLUX=869ppm;TESS-SPOC/SAP_FLUX=520ppm;QLP/SAP_FLUX=7118ppm,9,8,8,"14,40,41,74,75,81,54,55","QLP,SPOC","120,600",False,False,4307.0405,-154.37031,0.18998218,6.2962434,12,sector_scatter,0.093100558,1.7129085,0.054352322,0.051903326,ln,1.0975721,2.2361328,2.0373448,1.8798814,9.3994072,14941287,OK,0.054352322,BACKGROUND_TEST_DISAGREES,2,"SPOC,TESS-SPOC",-1289.2502,404.23224,-3.18938,-0.65206328,PDC_DEEPER_THAN_SAP,0.031626711,0.88830027,0.13219423,0.71464221,0.10635095,1580.5356,1.1230149,1380,OK,False,0.71464221,1.0167247,-2.2260446,0.7273205,fixed_b,not_measurable,not_measurable,,False,,0,0,1,1,0.2,447.76807,944.83865,9,4.8959781,0,False,,0.70966354,1975.0016,6079.6875,1922.5831,7871.0184,3085.4337,4979.0241,84,319.25641,607.08396,9,5.5092656,0,False,,1.6526169,631.59471,5118.517,519.99618,7118.4113,868.74159,5760.891,84,0.0043090667,3
K04921.01,,1164301,137313529,tic_kic_crossid,CANDIDATE,CANDIDATE,95.688682,224.2893,6.465,453.8,61.6,-61.6,0.019927,0.5497,97.2,5040,2.681,13.933,0,0,0,0,1,291.69196,36.881409,13,OK,lightkurve,,11,"QLP,SPOC,TESS-SPOC","14,40,41,54,55,74,75",0.97384407,,441.93044,59.988795,3320.1668,3319.6729,55,287.50794,-711.17586,2.4735869,864,24,3.5856334,0.82749607,811.02587,4206.5499,True,OK,PDCSAP_FLUX,QLP,4206.5499,1173.1679,analytic,1254.9531,445.62816,OK,4,2,SPOC/PDCSAP_FLUX=4213ppm;TESS-SPOC/PDCSAP_FLUX=2902ppm;QLP/KSPSAP_FLUX=OK;QLP/DET_FLUX=OK,2,7,2,"74,75,14,40,41,54,55","QLP,SPOC","120,1800,600",False,False,51811.989,-6720.0724,0.1712219,0.02931694,4,,2.2532456,0.33155498,6.7959939,2.9959241,ln,9.5185792,3.5856334,0.37669838,2.8433895,14.216948,6.6023038e+08,OK,6.7959939,OK,SAP_FLUX,QLP,655.34696,577.43133,analytic,577.43133,,TOO_FEW_MEMBERS,3,1,SPOC/SAP_FLUX=658ppm;TESS-SPOC/SAP_FLUX=OK;QLP/SAP_FLUX=OK,2,7,2,"74,75,14,40,41,54,55","QLP,SPOC","120,1800,600",False,False,47894.905,-9552.8236,0.25106289,0.063032576,4,,0.48291881,1.3145947,0.36735185,0.36735185,linear,1.4829188,1.1349349,0.76533852,1.3145947,6.5729736,315756.78,OK,0.36735185,BACKGROUND_TEST_AGREES,1,SPOC,-3555.0121,1308.0744,-2.7177446,-0.84390784,PDC_DEEPER_THAN_SAP,0.027769539,16.1625,0.92937567,2.5,0.14375494,-1380.5279,1.0397546,879,OK,True,2.5,1.0569681,5.4106741,,duration_inconsistent,not_measurable,not_measurable,,False,,0,0,1,1,0.2,1173.1679,2864.8887,2,0.02931694,2,True,OK:2,0.10593673,3111.5959,4002.8522,2901.8886,4212.5596,3557.2241,1304.6613,84,577.43133,4074.3946,2,0.063032576,2,True,OK:2,,,,,,,,84,-0.49387212,3
K00993.01,Kepler-262 c,1718189,122673489,tic_kic_crossid_over_name_planet,CONFIRMED,CANDIDATE,21.853629,144.32031,3.439,355.6,16.7,-16.7,0.018296,0.676,37,5830,4.54,14.246,0,0,0,0,3,290.72867,37.252651,13,OK,lightkurve,,10,"SPOC,TESS-SPOC","40,41,74,75,81",0.98975272,,351.95607,16.52887,3331.4594,3331.4594,245,33.003699,0,,150.5961,11,1.3209751,-2.7002383,-5390.2201,2772.2035,False,OK,PDCSAP_FLUX,SPOC,-5390.2201,1996.2016,analytic,1996.2016,,TOO_FEW_MEMBERS,2,0,SPOC/PDCSAP_FLUX=OK;TESS-SPOC/PDCSAP_FLUX=OK,6,5,5,"40,41,74,75,81",SPOC,120,False,False,34623.984,3034.4562,0.65903941,0.68184753,5,,-16.315037,5.67215,-2.8763408,-2.8763408,linear,-15.315037,-2.7002383,0.17631289,5.67215,28.36075,7.3013931e+14,OK,-2.8763408,OK,SAP_FLUX,SPOC,-408.94718,224.77479,analytic,224.77479,,TOO_FEW_MEMBERS,2,0,SPOC/SAP_FLUX=OK;TESS-SPOC/SAP_FLUX=OK,6,5,5,"40,41,74,75,81",SPOC,120,False,False,4418.9417,538.72084,0.90054651,0.45385039,5,,-2.1619268,0.64231786,-3.3658208,-3.3658208,linear,-1.1619268,-1.8193641,1.5658165,0.64231786,3.2115893,8383.0653,OK,-3.3658208,BACKGROUND_TEST_UNAVAILABLE,0,,,,,,,0.032610983,8.5975,0.12931198,2.5,0.037601624,1882.9033,1.1469649,3007,OK,True,2.5,,,,inconclusive,not_measurable,not_measurable,,False,,0,0,1,1,0.2,1996.2016,1662.2415,6,0.92181464,2,True,OK:2,,,,,,,,84,224.77479,117.79752,6,0.3631815,2,True,OK:2,,,,,,,,84,0,3
K00993.02,Kepler-262 b,1718189,122673489,tic_kic_crossid_over_name_planet,CONFIRMED,CANDIDATE,13.060794,137.63148,3.215,236.6,14.1,-14.1,0.015111,0.718,22.29,5830,4.54,14.246,0,0,0,0,3,290.72867,37.252651,13,OK,lightkurve,,10,"SPOC,TESS-SPOC","40,41,74,75,81",0.99484656,,235.38069,14.027336,3338.6178,3338.6066,411,62.87219,-16.08786,0.25588197,236.84157,16,3.6098895,2.8271761,4891.5254,6026.6836,True,OK,PDCSAP_FLUX,SPOC,6026.6836,3176.0054,bootstrap,3261.7356,742.90569,OK,2,2,SPOC/PDCSAP_FLUX=6027ppm;TESS-SPOC/PDCSAP_FLUX=3842ppm,10,5,5,"40,41,74,75,81",SPOC,120,False,False,36063.928,-2202.0655,0.65950146,0.78177957,5,,24.603984,13.857496,1.7755,1.7755,linear,25.603984,1.8975672,0.074112184,13.857496,69.287479,2.9036258e+32,OK,1.7755,OK,SAP_FLUX,SPOC,-1.7413502,115.33662,bootstrap,115.33662,,TOO_FEW_MEMBERS,2,0,SPOC/SAP_FLUX=OK;TESS-SPOC/SAP_FLUX=OK,10,5,5,"40,41,74,75,81",SPOC,120,False,False,4869.7037,344.2372,0.85562349,0.38963849,5,,-1.007398,0.49613687,-2.0304841,-2.0304841,linear,-0.0073980161,-0.015097982,2.040815,0.49613687,2.4806844,2577.2867,OK,-2.0304841,BACKGROUND_TEST_UNAVAILABLE,0,,,,,,,0.030261716,3.8616151,0.36532087,1.2011244,0.11363013,2118.2509,0.9451124,4795,OK,False,1.2011244,1.1177252,0.58507031,0.53625195,fixed_b,not_measurable,not_measurable,,False,,0,0,1,1,0.2,1669.4925,3176.0054,10,4.202926,0,False,,0.1232694,4191.2696,5677.0809,3841.6669,6026.6836,4934.1753,2185.0167,84,200.38471,115.33662,10,0.45336784,2,True,OK:2,,,,,,,,84,-0.011172125,3
K00993.03,,1718189,122673489,tic_kic_crossid_over_name_planet,CANDIDATE,CANDIDATE,86.723653,195.3511,4.852,241,28,-28,0.014997,0.662,105.1,5830,4.54,14.246,0,0,0,0,3,290.72867,37.252651,13,OK,lightkurve,,10,"SPOC,TESS-SPOC","40,41,74,75,81",0.98824559,,238.16719,27.670876,3318.4939,3318.4939,61,156.3062,0,,541.69861,22,1.3636529,-0.93198108,-8224.1864,11578.13,False,OK,PDCSAP_FLUX,SPOC,-8224.1864,8824.4135,analytic,8824.4135,,TOO_FEW_MEMBERS,2,1,SPOC/PDCSAP_FLUX=OK;TESS-SPOC/PDCSAP_FLUX=3923ppm,1,5,1,"40,41,74,75,81",SPOC,120,False,False,73096.763,,,,5,,-35.531148,37.051556,-0.95896507,-0.95896507,linear,-34.531148,-0.93198108,0.026989577,37.051556,185.25778,6.8126144e+82,OK,-0.95896507,OK,SAP_FLUX,SPOC,491.05322,1641.8572,analytic,1642.6362,50.582203,OK,2,2,SPOC/SAP_FLUX=491ppm;TESS-SPOC/SAP_FLUX=640ppm,1,5,1,"40,41,74,75,81",SPOC,120,False,False,13600.275,,,,5,,1.0618005,6.8981476,0.15392545,0.15392545,linear,2.0618005,0.299084,0.14505962,6.8981476,34.490738,2.269965e+17,OK,0.15392545,BACKGROUND_TEST_AGREES,1,TESS-SPOC,-3282.9775,7683.1784,-0.42729419,-0.83689607,PDC_DEEPER_THAN_SAP,0.026010384,11.765114,5.0946,2.4247968,1.05,5143.9127,1.4276233,716,OK,True,2.4247968,,,,inconclusive,not_measurable,not_measurable,,False,,0,0,1,1,0.2,8824.4135,,1,0,1,True,OK:1,,,,,,,,84,1641.8572,,1,0,0,False,,0.10300758,514.85661,616.02102,491.05322,639.82441,565.43881,148.77118,84,0,3
K06259.01,,2161949,351055067,tic_kic_crossid,CANDIDATE,CANDIDATE,4.7811394,131.7043,2.733,105.8,12.8,-12.8,0.009326,0.118,13.41,5683,4.326,14.595,0,0,0,0,2,291.8129,37.55587,13,OK,lightkurve,,8,"SPOC,TESS-SPOC","40,41,74,75",0.96119076,,101.69398,12.303242,3319.5804,3319.5804,1120,98.66803,0,,336.99909,21,1.8300142,-1.9252032,-1559.119,1504.7376,False,OK,PDCSAP_FLUX,SPOC,-1559.119,1171.1474,bootstrap,1171.1474,,TOO_FEW_MEMBERS,2,0,SPOC/PDCSAP_FLUX=OK;TESS-SPOC/PDCSAP_FLUX=OK,24,4,4,"40,41,74,75",SPOC,120,False,False,27190.519,-1360.7176,0.58364652,2.3923679,4,,-16.331478,11.517132,-1.418016,-1.418016,linear,-15.331478,-1.3312749,0.086832782,11.517132,57.585659,1.0385547e+27,OK,-1.418016,OK,SAP_FLUX,SPOC,-168.7026,454.1636,bootstrap,454.1636,,TOO_FEW_MEMBERS,2,1,SPOC/SAP_FLUX=OK;TESS-SPOC/SAP_FLUX=114ppm,24,4,4,"40,41,74,75",SPOC,120,False,False,10851.279,-717.48571,0.8380442,1.314311,4,,-2.6589241,4.4679012,-0.59511705,-0.59511705,linear,-1.6589241,-0.37145778,0.22391487,4.4679012,22.339506,5.1194036e+11,OK,-0.59511705,BACKGROUND_TEST_UNAVAILABLE,0,,,,,,,0.02,5.6884198,2.1591173,2.081383,0.7900173,-616.13741,0.94617551,8602,OK,False,2.081383,,,,inconclusive,not_measurable,not_measurable,,False,,0,0,1,1,0.3,809.84647,1171.1474,24,1.8197788,2,True,OK:2,,,,,,,,84,300.32466,454.1636,24,1.729631,1,True,OK:1,,,,,,,,84,0,3
K06259.02,,2161949,351055067,tic_kic_crossid,CANDIDATE,CANDIDATE,7.1886406,133.14566,2.364,133.5,17.5,-17.5,0.010693,0.424,21.33,5683,4.326,14.595,0,0,0,0,2,291.8129,37.55587,13,OK,lightkurve,,8,"SPOC,TESS-SPOC","40,41,74,75",0.96983554,,129.47304,16.972122,3321.6829,3321.6829,745,84.370445,0,,288.57134,24,1.8271873,0.40076246,440.32379,2089.3347,False,OK,PDCSAP_FLUX,SPOC,440.32379,1580.6423,bootstrap,1580.6423,,TOO_FEW_MEMBERS,2,1,SPOC/PDCSAP_FLUX=440ppm;TESS-SPOC/PDCSAP_FLUX=OK,15,4,4,"40,41,74,75",SPOC,120,False,False,24680.891,-2513.8701,0.91102298,1.2628244,4,,2.4008916,12.20908,0.19664805,0.19664805,linear,3.4008916,0.2785727,0.081911665,12.20908,61.045398,4.2058971e+28,OK,0.19664805,OK,SAP_FLUX,SPOC,167.14961,506.1164,bootstrap,508.30879,47.159414,OK,2,2,SPOC/SAP_FLUX=167ppm;TESS-SPOC/SAP_FLUX=28ppm,16,4,4,"40,41,74,75",SPOC,120,False,False,10347.297,-293.44256,0.2775899,1.6068174,4,,0.29099927,3.9284876,0.074074121,0.074074121,linear,1.2909993,0.33025921,0.25581673,3.9284876,19.642438,4.3932087e+10,OK,0.074074121,BACKGROUND_TEST_AGREES,1,SPOC,-273.17419,1659.6939,-0.16459311,-0.62039388,PDC_DEEPER_THAN_SAP,0.02,3.8537376,0.18489891,1.6301767,0.078214431,1771.9501,0.99096514,4965,OK,False,1.6301767,1.0108351,3.0369641,,duration_inconsistent,not_measurable,not_measurable,,False,,0,0,1,1,0.3,1098.7152,1580.6423,16,2.2110318,1,True,OK:1,,,,,,,,84,383.10006,506.1164,16,2.1064133,0,False,,0.28213895,50.638113,144.95694,28.445448,167.14961,97.797527,138.70416,84,0,3
K08085.01,,2284957,120963958,tic_kic_crossid,CANDIDATE,CANDIDATE,419.2615,187.5475,21.53,287.8,41.8,-41.8,0.01597,0.5,131.6,5979,4.379,14.547,0,0,0,0,1,286.61917,37.62624,13,OK,lightkurve,NO_USABLE_TRANSIT,4,"SPOC,TESS-SPOC","80,81",0.97575484,,280.82224,40.786552,3470.947,3470.947,13,555.02515,0,,864,6,,,,,False,NO_USABLE_TRANSIT,PDCSAP_FLUX,SPOC,,,none,,,TOO_FEW_MEMBERS,2,0,SPOC/PDCSAP_FLUX=NO_USABLE_TRANSIT;TESS-SPOC/PDCSAP_FLUX=NO_USABLE_TRANSIT,0,2,0,"80,81",SPOC,120,False,False,,,,,2,,,,,,,,,,,,,NO_USABLE_TRANSIT,,NO_USABLE_TRANSIT,SAP_FLUX,SPOC,,,none,,,TOO_FEW_MEMBERS,2,0,SPOC/SAP_FLUX=NO_USABLE_TRANSIT;TESS-SPOC/SAP_FLUX=NO_USABLE_TRANSIT,0,2,0,"80,81",SPOC,120,False,False,,,,,2,,,,,,,,,,,,,NO_USABLE_TRANSIT,,BACKGROUND_TEST_UNAVAILABLE,0,,,,,,,0.020851696,,,,,,,0,too_few_points,False,,,,,inconclusive,not_measured,not_measured,,False,,0,0,1,1,0,,,0,,2,True,NO_USABLE_TRANSIT:2,,,,,,,,84,,,0,,2,True,NO_USABLE_TRANSIT:2,,,,,,,,84,0,3
K06274.01,,2449245,137817515,tic_kic_crossid,CANDIDATE,CANDIDATE,18.177293,145.8085,4.703,213.1,32,-32,0.013378,0.039,29.91,6158,4.455,15.324,0,0,0,0,1,292.73026,37.787182,13,OK,lightkurve,,8,"SPOC,TESS-SPOC","74,75,81,82",0.96475507,,205.58931,30.872162,3359.2872,3359.2872,296,210.87613,0,,703.1734,26,1.7272381,-1.5780314,-4612.9393,4817.7351,False,OK,PDCSAP_FLUX,SPOC,-4612.9393,2923.2241,analytic,2923.2241,,TOO_FEW_MEMBERS,2,0,SPOC/PDCSAP_FLUX=OK;TESS-SPOC/PDCSAP_FLUX=OK,4,4,4,"74,75,81,82",SPOC,120,False,False,53069.892,5602.9942,0.65055088,0.69700508,4,,-23.437642,14.219636,-1.6482589,-1.6482589,linear,-22.437642,-1.5780314,0.070329643,14.219636,71.098181,1.5507736e+33,OK,-1.6482589,OK,SAP_FLUX,SPOC,-1421.0764,983.74385,analytic,983.74385,,TOO_FEW_MEMBERS,2,0,SPOC/SAP_FLUX=OK;TESS-SPOC/SAP_FLUX=OK,5,4,4,"74,75,81,82",SPOC,120,False,False,21271.116,1883.4575,0.90394814,0.92992713,4,,-7.9122099,4.787612,-1.6526423,-1.6526423,linear,-6.9122099,-1.4445594,0.20898662,4.787612,23.93806,5.118797e+12,OK,-1.6526423,BACKGROUND_TEST_UNAVAILABLE,0,,,,,,,0.02,6.1909455,1.3703655,1.3163822,0.29138114,-7250.6076,1.050864,2824,OK,False,1.3163822,,,,inconclusive,not_measurable,not_measurable,,False,,0,0,1,1,0.2,2923.2241,2305.4285,6,0.69700508,2,True,OK:2,,,,,,,,84,983.74385,828.95923,6,0.77980866,2,True,OK:2,,,,,,,,84,0,3
K04581.01,,2572029,122516963,tic_kic_crossid,CANDIDATE,CANDIDATE,6.0059966,133.404,3.096,39.2,5.4,-5.4,0.005742,0.135,14.78,6103,4.331,13.549,0,0,0,0,1,290.60806,37.801891,13,OK,lightkurve,,11,"QLP,SPOC,TESS-SPOC","14,40,41,54,55,74,81",0.96499506,,37.827806,5.2109733,3335.765,3335.9369,894,174.43654,247.65523,1.419744,569.74961,32,3.654392,-3.4370391,-877.64972,1005.7081,True,OK,PDCSAP_FLUX,QLP,1005.7081,310.63386,bootstrap,377.89174,215.19473,OK,4,4,SPOC/PDCSAP_FLUX=775ppm;TESS-SPOC/PDCSAP_FLUX=885ppm;QLP/KSPSAP_FLUX=1290ppm;QLP/DET_FLUX=1224ppm,28,7,7,"74,81,14,40,41,54,55","QLP,SPOC","120,1800,600",False,False,5837.5085,-109.11607,0.17187652,2.0873777,4,,3.2804027,0.40331406,8.1336185,2.5609879,ln,26.586477,3.2375998,0.12177619,9.9908622,49.954311,1.8736684e+23,OK,8.1336185,OK,SAP_FLUX,QLP,783.11731,308.59905,bootstrap,408.16863,267.14837,OK,3,3,SPOC/SAP_FLUX=510ppm;TESS-SPOC/SAP_FLUX=519ppm;QLP/SAP_FLUX=1296ppm,28,7,7,"74,81,14,40,41,54,55","QLP,SPOC","120,1800,600",False,False,4927.14,-324.67164,0.49710611,2.3029533,4,,3.0302381,0.54142073,5.5968268,1.8257669,ln,20.70216,2.537653,0.12257914,10.79117,53.955848,1.0245617e+25,OK,5.5968268,BACKGROUND_TEST_AGREES,2,"SPOC,TESS-SPOC",-309.9197,392.24551,-0.79011663,-0.3735228,PDC_DEEPER_THAN_SAP,0.02,2.0814227,0.093947054,0.67229415,0.030344656,886.98734,1.1538223,5315,OK,False,0.67229415,1.024197,-2.2087129,0.75004629,fixed_b,not_measurable,not_measurable,,False,,0,0,1,1,0.4,275.20531,310.63386,30,1.2404262,0,False,,0.21397335,827.52641,1257.9159,774.85684,1289.6261,1054.0741,283.918,84,222.43845,308.59905,30,1.7584178,0,False,,0.34113455,513.09425,1047.391,510.47491,1296.2054,518.66032,513.08811,84,0.1719828,3
K07636.01,,2696205,121022334,tic_kic_crossid,CANDIDATE,CANDIDATE,0.70273968,131.533,1.379,65.1,8.8,-8.8,0.008044,0.742,2.79,5269,4.508,14.99,0,0,0,0,1,286.89841,37.93745,13,OK,lightkurve,,14,"SPOC,TESS-SPOC","40,41,53,54,74,80,81",0.99928713,,65.053592,8.7937268,3313.7874,3313.7874,7612,51.15023,0,,174.13569,24,1.4576661,0.24051466,81.071619,474.83583,False,OK,PDCSAP_FLUX,SPOC,81.071619,350.70384,bootstrap,350.91821,12.263818,OK,2,2,SPOC/PDCSAP_FLUX=81ppm;TESS-SPOC/PDCSAP_FLUX=117ppm,233,7,7,"40,41,53,54,74,80,81",SPOC,120,False,False,23319.352,-88.39757,0.12464568,0.56430767,7,,0.24622817,5.3962191,0.045629758,0.045629758,linear,1.2462282,0.23116832,0.18549438,5.3962191,26.981096,3.3963488e+13,OK,0.045629758,OK,SAP_FLUX,SPOC,5.440695,125.97118,bootstrap,125.97118,,TOO_FEW_MEMBERS,2,1,SPOC/SAP_FLUX=5ppm;TESS-SPOC/SAP_FLUX=OK,251,7,7,"40,41,53,54,74,80,81",SPOC,120,False,False,9060.1388,-176.37451,0.68425495,0.81732849,7,,-0.91636596,1.9417779,-0.4719211,-0.4719211,linear,0.083634044,0.043189997,0.51641646,1.9417779,9.7088895,1070932.3,OK,-0.4719211,BACKGROUND_TEST_AGREES,1,SPOC,-75.630924,372.64182,-0.20295877,-0.93289026,PDC_DEEPER_THAN_SAP,0.02,0.87215618,1.44795,0.63245553,1.05,372.08066,1.0445189,47850,OK,True,0.63245553,1.0020709,-0.27627391,0.91099793,fixed_b,not_measurable,not_measurable,,False,,0,0,1,1,1.9,337.07558,350.70384,245,1.0082356,0,False,,0.15127141,86.842828,111.37046,81.071619,117.14167,99.106646,36.070053,84,126.22016,125.97118,259,1.0118443,1,True,OK:1,,,,,,,,84,0,3
K01942.01,Kepler-1978 b,2832589,120693914,tic_kic_crossid_over_name_planet,CONFIRMED,CANDIDATE,10.849695,136.74432,3.474,1122.1,27.5,-27.5,0.031398,0.55,20.83,5251,4.592,15.409,0,0,0,0,2,286.00674,38.009541,13,OK,lightkurve,,12,"SPOC,TESS-SPOC","40,41,53,54,80,81",0.97466285,,1093.6692,26.803228,2776.1592,2776.1592,443,17.971287,0,,106.02386,12,1.289902,-0.039510667,-50.07085,1535.7718,False,OK,PDCSAP_FLUX,SPOC,-50.07085,1331.4471,bootstrap,1331.4471,,TOO_FEW_MEMBERS,2,0,SPOC/PDCSAP_FLUX=OK;TESS-SPOC/PDCSAP_FLUX=OK,14,6,6,"40,41,53,54,80,81",SPOC,120,False,False,31531.106,-782.553,0.31146841,0.25747414,6,,-1.0457824,1.2186858,-0.85812311,-0.85812311,linear,-0.045782445,-0.037606338,0.82141393,1.2186858,6.0934289,483333.56,OK,-0.85812311,OK,SAP_FLUX,SPOC,-404.12704,571.33083,bootstrap,571.33083,,TOO_FEW_MEMBERS,2,0,SPOC/SAP_FLUX=OK;TESS-SPOC/SAP_FLUX=OK,14,6,6,"40,41,53,54,80,81",SPOC,120,False,False,11146.957,132.39654,0.14278695,0.39837864,6,,-1.3695149,0.52535752,-2.6068246,-2.6068246,linear,-0.36951488,-0.7073433,1.9142485,0.52535752,2.6267876,14030.981,OK,-2.6068246,BACKGROUND_TEST_UNAVAILABLE,0,,,,,,,0.043101319,7.2307246,2.8052619,2.081383,0.80750198,-743.35055,1.0315087,7254,OK,True,2.081383,,,,inconclusive,not_measurable,not_measurable,,False,,0,0,1,1,0.2,1267.2742,1331.4471,14,1.17223,2,True,OK:2,,,,,,,,84,431.1204,571.33083,14,1.8028504,2,True,OK:2,,,,,,,,84,0,3
K01942.02,,2832589,120693914,tic_kic_crossid_over_name_planet,CANDIDATE,CANDIDATE,2.4337035,133.83759,0.975,258.3,35.8,-35.8,0.019596,0.952,7.02,5251,4.592,15.409,0,0,0,0,2,286.00674,38.009541,13,OK,lightkurve,,12,"SPOC,TESS-SPOC","40,41,53,54,80,81",1.0893761,,281.38584,38.999663,2778.2694,2778.2694,1977,25.856246,0,,92.193739,20,2.7402008,2.7323411,2864.1047,2893.6476,False,OK,PDCSAP_FLUX,SPOC,2864.1047,1293.8919,bootstrap,1293.8919,,TOO_FEW_MEMBERS,2,1,SPOC/PDCSAP_FLUX=2864ppm;TESS-SPOC/PDCSAP_FLUX=OK,60,6,6,"40,41,53,54,80,81",SPOC,120,False,False,31370.486,2555.0658,1.0313587,1.4201506,6,,2.3202843,0.47518195,4.8829386,1.9950616,ln,10.178567,2.213558,0.21747245,4.6006436,23.003218,2.7508871e+12,OK,4.8829386,OK,SAP_FLUX,SPOC,789.31905,468.40045,bootstrap,468.40045,,TOO_FEW_MEMBERS,2,1,SPOC/SAP_FLUX=789ppm;TESS-SPOC/SAP_FLUX=OK,62,6,6,"40,41,53,54,80,81",SPOC,120,False,False,10822.517,1155.7356,1.3033171,1.5536373,6,,1.8051129,1.671128,1.0801763,1.0801763,linear,2.8051129,1.6851372,0.60073776,1.671128,8.3556401,1196764,OK,1.0801763,BACKGROUND_TEST_AGREES,1,SPOC,-2074.7857,1376.0651,-1.5077671,-0.72440985,PDC_DEEPER_THAN_SAP,0.17912251,1.7419404,0.2199631,1.7866055,0.22560318,2565.9034,1.0928341,8859,OK,False,1.7866055,1.2929103,1.6302251,0.78369458,fixed_b,not_measurable,not_measurable,,False,,0,0,1,1,0.5,1048.2237,1293.8919,62,1.2696351,1,True,OK:1,,,,,,,,84,351.60303,468.40045,64,1.3711935,1,True,OK:1,,,,,,,,84,0,3
K01116.01,Kepler-773 b,2849805,122682991,tic_kic_crossid_over_name_planet,CONFIRMED,CANDIDATE,3.7491057,135.10837,1.9826,182.6,5.7,-5.7,0.015686,0.942,5.56,5751,4.447,13.333,0,0,0,0,1,290.88467,38.057571,13,OK,lightkurve,,8,"QLP,SPOC,TESS-SPOC","14,40,41,54,55,74",1.0645636,,194.38931,6.0680125,3321.8313,3321.8313,1428,14.575645,0,,73.465936,10,-0.27895381,-2.6663056,-675.33608,-76.272554,False,OK,PDCSAP_FLUX,QLP,-675.33608,386.38079,bootstrap,386.38079,,TOO_FEW_MEMBERS,4,0,SPOC/PDCSAP_FLUX=OK;TESS-SPOC/PDCSAP_FLUX=OK;QLP/KSPSAP_FLUX=OK;QLP/DET_FLUX=OK,41,6,6,"74,14,40,41,54,55","QLP,SPOC","120,1800,600",True,False,4693.1959,-449.3156,0.60499748,4.0204874,2,smeared;sector_scatter,-4.474142,1.9885386,-2.2499649,-2.2499649,linear,-3.474142,-1.7478511,0.50310294,1.9885386,9.942693,4043041.6,OK,-2.2499649,OK,SAP_FLUX,QLP,-513.64079,318.1237,bootstrap,318.1237,,TOO_FEW_MEMBERS,3,0,SPOC/SAP_FLUX=OK;TESS-SPOC/SAP_FLUX=OK;QLP/SAP_FLUX=OK,42,6,6,"74,14,40,41,54,55","QLP,SPOC","120,1800,600",True,False,4496.9625,-310.16627,0.48363448,4.1581594,2,smeared;sector_scatter,-3.6423304,1.6375899,-2.2242018,-2.2242018,linear,-2.6423304,-1.6145946,0.61104946,1.6375899,8.1879496,699089.83,OK,-2.2242018,BACKGROUND_TEST_UNAVAILABLE,0,,,,,,,0.12415258,3.8820201,1.0025668,1.958045,0.50568285,-512.43474,1.1391152,3457,OK,False,1.958045,,,0.69177788,inconclusive,not_measurable,not_measurable,,False,,0,0,1,1,0.2,253.28532,386.38079,43,1.2356931,4,True,OK:4,,,,,,,,84,217.73887,318.1237,43,1.2742111,3,True,OK:3,,,,,,,,84,0,3
K04298.01,,2852941,137220342,tic_kic_crossid,CANDIDATE,CANDIDATE,2.8949471,132.62547,3.254,45.8,3.8,-3.8,0.006304,0.191,6.742,7087,4.137,13.458,0,0,0,0,2,291.54343,38.048759,13,OK,lightkurve,,8,"QLP,SPOC,TESS-SPOC","14,40,41,54,55,74",0.97301318,teff_clamped_to_grid,44.564003,3.6974501,3321.2776,3321.3567,1850,60.545469,113.88349,1.8809581,230.44641,16,3.7523354,1.4316202,708.45357,1790.5132,True,OK,PDCSAP_FLUX,QLP,1790.5132,1089.7711,bootstrap,1311.3796,729.4625,OK,4,4,SPOC/PDCSAP_FLUX=107ppm;TESS-SPOC/PDCSAP_FLUX=1058ppm;QLP/KSPSAP_FLUX=1957ppm;QLP/DET_FLUX=2082ppm,53,6,6,"74,14,40,41,54,55","QLP,SPOC","120,1800,600",False,False,11098.268,-1841.4626,0.88122276,1.642012,2,,39.178464,29.427041,1.3313763,1.3313763,linear,40.178464,1.6430177,0.040892995,29.427041,147.1352,3.5398985e+65,OK,1.3313763,OK,SAP_FLUX,QLP,-343.48499,606.37252,bootstrap,606.37252,,TOO_FEW_MEMBERS,3,1,SPOC/SAP_FLUX=OK;TESS-SPOC/SAP_FLUX=OK;QLP/SAP_FLUX=1019ppm,53,6,6,"74,14,40,41,54,55","QLP,SPOC","120,1800,600",False,False,9605.2207,635.41052,0.43509761,0.98127096,2,,-8.7076779,13.607123,-0.63993526,-0.63993526,linear,-7.7076779,-0.5664587,0.073492783,13.607123,68.035616,1.5720874e+31,OK,-0.63993526,BACKGROUND_TEST_UNAVAILABLE,0,,,,,,,0.02,6.1798161,1.2524487,1.8991445,0.38489511,397.48288,1.2212867,7974,OK,False,1.8991445,1.0349388,2.8121514,,fixed_b,not_measurable,not_measurable,,False,,0,0,1,1,0.3,477.17302,1089.7711,56,5.3752786,0,False,,0.40740415,563.54266,2022.4677,106.84659,2082.4413,1507.8965,1683.6666,84,192.71347,606.37252,56,13.576757,2,True,OK:2,,,,,,,,84,0.079085758,3
K04844.01,,3098605,120763468,tic_kic_crossid,CANDIDATE,CANDIDATE,0.42804605,131.83682,0.776,126,14.1,-14.1,0.010262,0.041,4.29,5285,4.566,15.247,0,0,0,0,1,286.14777,38.241798,13,OK,lightkurve,,4,"SPOC,TESS-SPOC","80,81",0.95471108,,120.2936,13.461426,3506.321,3506.321,12946,20.590765,0,,73.412296,20,2.2822873,0.25217463,203.76082,1852.5909,False,OK,PDCSAP_FLUX,SPOC,203.76082,982.50598,bootstrap,982.50598,,TOO_FEW_MEMBERS,2,1,SPOC/PDCSAP_FLUX=204ppm;TESS-SPOC/PDCSAP_FLUX=OK,110,2,2,"80,81",SPOC,120,False,False,29365.818,-5367.5639,2.8615546,0.050441486,2,,0.6938626,8.1684864,0.08494384,0.08494384,linear,1.6938626,0.20738889,0.12243548,8.1684864,40.842432,6.574843e+19,OK,0.08494384,OK,SAP_FLUX,SPOC,293.55831,643.54109,bootstrap,648.48114,79.891506,OK,2,2,SPOC/SAP_FLUX=294ppm;TESS-SPOC/SAP_FLUX=59ppm,119,2,2,"80,81",SPOC,120,False,False,19668.008,-3118.2402,2.5812513,0.0027089717,2,,1.4403486,5.3922133,0.26711641,0.26711641,linear,2.4403486,0.45616095,0.1869245,5.3922133,26.961067,6.1558059e+13,OK,0.26711641,BACKGROUND_TEST_AGREES,1,SPOC,89.797489,1174.5055,0.076455573,0.44070046,SAP_DEEPER_THAN_PDC,0.02,1.5665673,0.070708552,2.0187723,0.091119268,1488.8815,1.1782209,12648,OK,False,2.0187723,1.0031268,3.8733121,,duration_inconsistent,not_measurable,not_measurable,,False,,0,0,1,1,0.7,808.01475,982.50598,114,1.2997584,1,True,OK:1,,,,,,,,84,524.78229,643.54109,122,1.2693559,0,False,,0.27214867,96.179299,255.96231,58.583296,293.55831,176.0708,234.97502,84,0,3
K01950.01,Kepler-1024 b,3118797,137349536,tic_kic_crossid_over_name_planet,CONFIRMED,CANDIDATE,66.415979,188.13988,7.061,2053.2,67.3,-67.3,0.041515,0.371,69.9,5383,4.603,15.983,0,0,0,0,1,291.95099,38.251701,13,OK,lightkurve,,2,"SPOC,TESS-SPOC",74,0.96364463,,1978.5551,64.853283,3334.4182,3334.4182,80,42.330163,0,,232.90549,9,1.4162901,-0.89679074,-5647.3883,9985.9138,False,OK,PDCSAP_FLUX,SPOC,-5647.3883,6297.3312,analytic,6297.3312,,TOO_FEW_MEMBERS,2,0,SPOC/PDCSAP_FLUX=OK;TESS-SPOC/PDCSAP_FLUX=OK,1,1,1,74,SPOC,120,False,False,63139.667,,,,1,,-3.8542992,3.1833543,-1.2107666,-1.2107666,linear,-2.8542992,-0.89679074,0.31418947,3.1833543,15.916772,1.6177605e+10,OK,-1.2107666,OK,SAP_FLUX,SPOC,-1437.5105,1221.9242,analytic,1221.9242,,TOO_FEW_MEMBERS,2,0,SPOC/SAP_FLUX=OK;TESS-SPOC/SAP_FLUX=OK,1,1,1,74,SPOC,120,False,False,12251.521,,,,1,,-1.7265456,0.6204712,-2.7826361,-2.7826361,linear,-0.72654557,-1.1764318,1.6192127,0.6204712,3.102356,42044.913,OK,-2.7826361,BACKGROUND_TEST_UNAVAILABLE,0,,,,,,,0.04594409,2.8244,0.28402793,0.4,0.040224887,-17132.535,0.91512601,1059,OK,True,0.4,,,0.96603079,inconclusive,not_measurable,not_measurable,,False,,0,0,1,1,0.1,6297.3312,,1,0,2,True,OK:2,,,,,,,,84,1221.9242,,1,0,2,True,OK:2,,,,,,,,84,0,3
K03395.01,,3219037,120962684,tic_kic_crossid,CANDIDATE,CANDIDATE,10.00507,136.83029,3.481,143.3,14.1,-14.1,0.010975,0.148,21.96,5912,4.453,14.634,0,0,0,0,2,286.54041,38.3326,13,OK,lightkurve,,4,"SPOC,TESS-SPOC","80,81",0.96412389,,138.15895,13.594147,3502.634,3502.634,553,75.140197,0,,277.63559,18,2.2428339,-1.7828925,-1785.4855,2115.2703,False,OK,PDCSAP_FLUX,SPOC,-1785.4855,1001.4544,analytic,1001.4544,,TOO_FEW_MEMBERS,2,0,SPOC/PDCSAP_FLUX=OK;TESS-SPOC/PDCSAP_FLUX=OK,6,2,2,"80,81",SPOC,120,False,False,16210.784,1756.1332,0.87374949,1.2139362,2,,-13.923415,7.249407,-1.9206281,-1.9206281,linear,-12.923415,-1.7828925,0.13795831,7.249407,36.247035,7.6254635e+17,OK,-1.9206281,OK,SAP_FLUX,SPOC,-1476.0965,616.45057,analytic,616.45057,,TOO_FEW_MEMBERS,2,0,SPOC/SAP_FLUX=OK;TESS-SPOC/SAP_FLUX=OK,6,2,2,"80,81",SPOC,120,False,False,9841.8525,1184.5639,0.95911076,0.024391545,2,,-11.684045,4.4632586,-2.6178283,-2.6178283,linear,-10.684045,-2.394509,0.22412008,4.4632586,22.316293,6.7955076e+11,OK,-2.6178283,BACKGROUND_TEST_UNAVAILABLE,0,,,,,,,0.02,3.0806712,0.50243296,0.88499605,0.14433581,-1102.3591,1.0840877,3122,OK,False,0.88499605,,,0.48859193,inconclusive,not_measurable,not_measurable,,False,,0,0,1,1,0.1,1001.4544,1060.0981,6,1.2318657,2,True,OK:2,,,,,,,,84,616.45057,606.53443,6,1.1146805,2,True,OK:2,,,,,,,,84,0,3
K03395.02,,3219037,120962684,tic_kic_crossid,CANDIDATE,CANDIDATE,5.0395851,133.828,4.556,70.1,9.5,-9.5,0.007685,0.1968,8.37,5912,4.453,14.634,0,0,0,0,2,286.54041,38.3326,13,OK,lightkurve,,4,"SPOC,TESS-SPOC","80,81",0.96487594,,67.637803,9.1663214,3505.332,3505.332,1099,188.55089,0,,633.99267,26,2.3414033,1.8844314,1313.9258,1572.7312,False,OK,PDCSAP_FLUX,SPOC,1313.9258,945.96556,bootstrap,984.08992,271.26027,OK,2,2,SPOC/PDCSAP_FLUX=1314ppm;TESS-SPOC/PDCSAP_FLUX=516ppm,10,2,2,"80,81",SPOC,120,False,False,17026.079,-4038.5678,2.8960464,7.05789,2,sector_scatter,18.425909,14.550124,1.2663747,1.2663747,linear,19.425909,1.3889785,0.071501338,14.550124,72.75062,2.6630672e+33,OK,1.2663747,OK,SAP_FLUX,SPOC,264.42455,354.34429,bootstrap,365.77248,90.717311,OK,2,2,SPOC/SAP_FLUX=264ppm;TESS-SPOC/SAP_FLUX=531ppm,10,2,2,"80,81",SPOC,120,False,False,10766.11,-1556.1722,1.8409212,1.686904,2,,2.9094195,5.4097403,0.53781131,0.53781131,linear,3.9094195,0.74623622,0.19088159,5.4097403,27.048701,3.7782546e+13,OK,0.53781131,BACKGROUND_TEST_AGREES,2,"SPOC,TESS-SPOC",-407.28197,636.29528,-0.64008328,-0.44511027,PDC_DEEPER_THAN_SAP,0.02,11.39,0.171313,2.5,0.037601624,-2193.5426,1.1004304,6516,OK,True,2.5,1.0271358,6.0685871,,duration_inconsistent,not_measurable,not_measurable,,False,,0,0,1,1,0.2,697.2532,945.96556,11,2.4638097,0,False,,0.20645022,643.75337,1186.2739,516.10148,1313.9258,915.01364,797.82433,84,422.65571,354.34429,11,0.77350303,0,False,,0.34307447,307.11505,488.54967,264.42455,531.24017,397.83236,266.81562,84,0,3
K01102.01,Kepler-24 c,3231341,122376177,tic_kic_crossid_over_name_planet,CONFIRMED,CANDIDATE,12.333439,137.58782,6.221,536.4,20.7,-20.7,0.030411,0.979,4.96,5896,4.197,14.925,0,0,0,0,4,290.41327,38.34375,13,OK,lightkurve,,6,"SPOC,TESS-SPOC","74,75,81",1.1061675,,593.34823,22.897667,3347.9672,3347.9672,436,49.320694,0,,241.27708,10,1.2997118,0.072741266,80.457798,1472.36,False,OK,PDCSAP_FLUX,SPOC,80.457798,1106.0819,analytic,1124.872,204.74333,OK,2,2,SPOC/PDCSAP_FLUX=80ppm;TESS-SPOC/PDCSAP_FLUX=683ppm,7,3,3,"74,75,81",SPOC,120,False,False,27348.701,-2411.068,1.0898349,3.2603364,3,sector_scatter,-0.86440037,1.8968559,-0.45570165,-0.45570165,linear,0.13559963,0.072741266,0.5364415,1.8968559,9.4842795,7802735.6,OK,-0.45570165,OK,SAP_FLUX,SPOC,74.930927,771.07771,analytic,814.6673,262.91058,OK,2,2,SPOC/SAP_FLUX=75ppm;TESS-SPOC/SAP_FLUX=848ppm,7,3,3,"74,75,81",SPOC,120,False,False,19168.953,-2180.1808,1.4136921,4.0819724,3,sector_scatter,-0.87371509,1.3744523,-0.63568237,-0.63568237,linear,0.12628491,0.09717688,0.76950509,1.3744523,6.8722614,572064.04,OK,-0.63568237,BACKGROUND_TEST_AGREES,2,"SPOC,TESS-SPOC",71.752657,998.3834,0.07186884,0.18805525,SAP_DEEPER_THAN_PDC,0.5,15.5525,3.554652,2.5,0.5713956,1115.3285,1.0939726,5444,OK,True,2.5,0.78737791,4.872855,0.64504682,tracks_b,not_measurable,not_measurable,,False,,0,0,1,1,0.1,1106.0819,1035.0931,7,1.2760147,0,False,,2.5447295,176.8076,586.29426,80.457798,682.64406,381.55093,602.18626,84,771.07771,794.43537,7,1.5733178,0,False,,3.5087058,198.65355,724.47471,74.930927,848.19733,461.56413,773.26641,84,0,3
K01102.02,Kepler-24 b,3231341,122376177,tic_kic_crossid_over_name_planet,CONFIRMED,CANDIDATE,8.1451598,140.56811,5.073,446.8,17.4,-17.4,0.025296,0.965,4.37,5896,4.197,14.925,0,0,0,0,4,290.41327,38.34375,13,OK,lightkurve,,6,"SPOC,TESS-SPOC","74,75,81",1.0842274,,484.43281,18.865557,3349.3736,3349.3736,660,42.06251,0,,202.28253,12,1.9945529,1.09465,1224.9608,2260.842,False,OK,PDCSAP_FLUX,SPOC,1224.9608,740.1168,bootstrap,742.24442,56.159547,OK,2,2,SPOC/PDCSAP_FLUX=1225ppm;TESS-SPOC/PDCSAP_FLUX=1390ppm,9,3,3,"74,75,81",SPOC,120,False,False,29349.652,-1801.1326,0.79848274,0.25921517,3,,1.5286496,1.5335029,0.99683517,0.99683517,linear,2.5286496,1.6550912,0.65453563,1.5335029,7.6675143,1035117.2,OK,0.99683517,OK,SAP_FLUX,SPOC,1156.5748,635.013,bootstrap,635.78304,31.281904,OK,2,2,SPOC/SAP_FLUX=1157ppm;TESS-SPOC/SAP_FLUX=1249ppm,10,3,3,"74,75,81",SPOC,120,False,False,19862.524,-220.35971,0.14691045,0.97008434,3,,1.3874823,1.313957,1.0559571,1.0559571,linear,2.3874823,1.8213403,0.7628707,1.313957,6.5697851,345021.07,OK,1.0559571,BACKGROUND_TEST_AGREES,2,"SPOC,TESS-SPOC",-92.784866,796.17423,-0.11653839,-0.070960942,PDC_DEEPER_THAN_SAP,0.30197955,3.6253799,2.6264563,0.71464221,0.51773237,3087.6147,1.0066014,7031,OK,False,0.71464221,1.1214583,-0.61457553,0.99495867,fixed_b,not_measurable,not_measurable,,False,,0,0,1,1,0.2,1119.0434,740.1168,10,0.48475649,0,False,,0.045845994,1251.3889,1363.708,1224.9608,1390.136,1307.5484,165.17514,84,749.78183,635.013,10,0.79667096,0,False,,0.027047023,1171.2957,1233.8595,1156.5748,1248.5804,1202.5776,92.005599,84,0,3
K01102.03,Kepler-24 e,3231341,122376177,tic_kic_crossid_over_name_planet,CONFIRMED,CANDIDATE,18.998528,144.74157,4.529,430.7,29,-29,0.318792,1.3,7.28,5896,4.197,14.925,0,0,0,0,4,290.41327,38.34375,13,OK,lightkurve,,6,"SPOC,TESS-SPOC","74,75,81",1.2386318,,533.47873,35.920323,3354.325,3354.325,283,74.095701,0,,290.2221,16,0.95739944,0.47139432,760.99112,1616.4236,False,OK,PDCSAP_FLUX,SPOC,760.99112,1614.3409,analytic,1656.8164,372.75188,OK,2,2,SPOC/PDCSAP_FLUX=761ppm;TESS-SPOC/PDCSAP_FLUX=1857ppm,4,3,3,"74,75,81",SPOC,120,False,False,28051.524,-4479.0227,1.3754992,2.2004216,3,,0.42646947,3.1068162,0.13726897,0.13726897,linear,1.4264695,0.47139432,0.33046225,3.1068162,15.534081,2.9749706e+09,OK,0.13726897,OK,SAP_FLUX,SPOC,515.57244,1137.5966,analytic,1137.6219,7.5989555,OK,2,2,SPOC/SAP_FLUX=516ppm;TESS-SPOC/SAP_FLUX=493ppm,4,3,3,"74,75,81",SPOC,120,False,False,19289.143,-1821.6263,0.79638472,2.089436,3,,-0.03356514,2.1341083,-0.015727946,-0.015727946,linear,0.96643486,0.45321203,0.46895248,2.1341083,10.670542,22975468,OK,-0.015727946,BACKGROUND_TEST_AGREES,2,"SPOC,TESS-SPOC",-804.17409,1397.1927,-0.57556419,-0.61426928,PDC_DEEPER_THAN_SAP,0.5,2.4587195,4.75545,0.54288352,1.05,-1320.6416,0.9818764,2718,OK,True,0.54288352,2.0984362,-0.69831696,1.3132815,fixed_b,not_measurable,not_measurable,,False,,0,0,1,1,0.1,1614.3409,1536.7181,5,1.4732247,0,False,,0.48982421,936.40377,1681.9075,760.99112,1857.3202,1309.1556,1096.3291,84,1137.5966,1161.157,5,1.562208,0,False,,0.014738871,496.79855,511.99646,493.22257,515.57244,504.39751,22.349869,84,0,3
K01102.04,Kepler-24 d,3231341,122376177,tic_kic_crossid_over_name_planet,CONFIRMED,CANDIDATE,4.2443905,137.06643,3.282,174,12.7,-12.7,0.015253,0.949,3.69,5896,4.197,14.925,0,0,0,0,4,290.41327,38.34375,13,OK,lightkurve,,6,"SPOC,TESS-SPOC","74,75,81",1.0675273,,185.74975,13.557596,3351.9536,3351.9536,1268,50.229413,0,,199.91824,13,2.8956504,-1.4921211,-1441.0245,2727.1127,False,OK,PDCSAP_FLUX,SPOC,-1441.0245,1029.6321,bootstrap,1029.6321,,TOO_FEW_MEMBERS,2,0,SPOC/PDCSAP_FLUX=OK;TESS-SPOC/PDCSAP_FLUX=OK,18,3,3,"74,75,81",SPOC,120,False,False,29585.282,3063.1926,1.595291,0.37471051,3,,-8.7578812,5.5438205,-1.5797555,-1.5797555,linear,-7.7578812,-1.3995528,0.18040399,5.5438205,27.719103,2.0285305e+14,OK,-1.5797555,OK,SAP_FLUX,SPOC,-511.77143,743.63783,bootstrap,743.63783,,TOO_FEW_MEMBERS,2,0,SPOC/SAP_FLUX=OK;TESS-SPOC/SAP_FLUX=OK,19,3,3,"74,75,81",SPOC,120,False,False,19773.318,2240.6772,1.5436756,1.0765983,3,,-3.7551663,4.0044168,-0.9377561,-0.9377561,linear,-2.7551663,-0.68819983,0.24978523,4.0044168,20.022084,9.2131625e+10,OK,-0.9377561,BACKGROUND_TEST_UNAVAILABLE,0,,,,,,,0.1355918,8.205,3.4461,2.5,1.05,601.09933,1.0370974,7695,OK,True,2.5,,,0.46623848,inconclusive,not_measurable,not_measurable,,False,,0,0,1,1,0.2,965.75573,1029.6321,18,1.2071069,2,True,OK:2,,,,,,,,84,651.58549,743.63783,19,1.6191408,2,True,OK:2,,,,,,,,84,0,3
K02536.01,Kepler-1272 b,3728701,399794186,tic_kic_crossid_over_name_planet,CONFIRMED,CANDIDATE,51.131935,137.1568,6.019,382.3,21.6,-21.6,0.020107,0.829,38.6,6071,4.353,14.423,0,0,0,0,1,285.21985,38.805882,13,OK,lightkurve,,6,"SPOC,TESS-SPOC","74,80,81",1.0141112,,387.69472,21.904802,3492.4058,3492.4058,108,68.889012,0,,296.95204,14,1.8634465,-1.4026255,-1269.9458,1631.6806,False,OK,PDCSAP_FLUX,SPOC,-1269.9458,905.40621,analytic,905.40621,,TOO_FEW_MEMBERS,2,0,SPOC/PDCSAP_FLUX=OK;TESS-SPOC/PDCSAP_FLUX=OK,2,3,2,"74,80,81",SPOC,120,False,False,12148.069,548.40106,0.2921637,0.085359627,3,,-4.2756335,2.336577,-1.8298705,-1.8298705,linear,-3.2756335,-1.4026255,0.42819975,2.336577,11.682885,45951407,OK,-1.8298705,OK,SAP_FLUX,SPOC,-1104.1228,787.55356,analytic,787.55356,,TOO_FEW_MEMBERS,2,0,SPOC/SAP_FLUX=OK;TESS-SPOC/SAP_FLUX=OK,2,3,2,"74,80,81",SPOC,120,False,False,10445.041,685.01684,0.42608753,0.18155058,3,,-3.847918,2.0327761,-1.8929374,-1.8929374,linear,-2.847918,-1.4019653,0.49227727,2.0327761,10.163881,10059825,OK,-1.8929374,BACKGROUND_TEST_UNAVAILABLE,0,,,,,,,0.060568009,2.4076,0.037334952,0.4,0.0062028496,-2491.149,0.98009287,1748,OK,True,0.4,,,0.99200702,inconclusive,not_measurable,not_measurable,,False,,0,0,1,1,0.1,905.40621,193.09384,2,0.085359627,2,True,OK:2,,,,,,,,84,787.55356,239.42587,2,0.18155058,2,True,OK:2,,,,,,,,84,0,3
K04526.01,,3765917,184243096,tic_kic_crossid,CANDIDATE,CANDIDATE,30.539293,156.7026,6.887,428.2,30.8,-30.8,0.01877,0.045,34.5,5803,4.211,15.271,0,0,0,0,2,295.96893,38.867168,13,OK,lightkurve,,8,"SPOC,TESS-SPOC","74,75,81,82",0.96305622,,412.38067,29.662131,3364.6182,3364.6182,176,123.41915,0,,473.56244,16,2.0995659,-0.6262693,-2198.2171,7713.6716,False,OK,PDCSAP_FLUX,SPOC,-2198.2171,3510.0189,analytic,3510.0189,,TOO_FEW_MEMBERS,2,1,SPOC/PDCSAP_FLUX=OK;TESS-SPOC/PDCSAP_FLUX=7357ppm,4,4,4,"74,75,81,82",SPOC,120,False,False,77169.618,8257.7058,1.1444616,1.680826,4,,-6.3305531,8.5120498,-0.74371665,-0.74371665,linear,-5.3305531,-0.6262693,0.11748674,8.5120498,42.560249,1.2559707e+21,OK,-0.74371665,OK,SAP_FLUX,SPOC,2722.0209,1215.5086,analytic,1217.5663,70.757261,OK,2,2,SPOC/SAP_FLUX=2722ppm;TESS-SPOC/SAP_FLUX=2930ppm,4,4,4,"74,75,81,82",SPOC,120,False,False,25516.368,9576.7294,3.9236518,7.7112248,4,odd_even_significant;sector_scatter,1.887183,0.45579947,4.1403799,1.8960974,ln,6.6007481,2.239409,0.33926595,2.9538292,14.769146,1.07018e+09,OK,4.1403799,BACKGROUND_TEST_AGREES,1,TESS-SPOC,-4426.9923,4256.2615,-1.0401128,-0.60172875,PDC_DEEPER_THAN_SAP,0.02,16.699575,0.51013484,2.4247968,0.074072142,6606.1841,0.98709072,4132,OK,True,2.4247968,,,,inconclusive,not_measurable,not_measurable,,False,,0,0,1,1,0.2,3510.0189,3796.2771,4,1.680826,1,True,OK:1,,,,,,,,84,1215.5086,3286.3581,4,7.7112248,0,False,,0.025994385,2755.3185,2896.833,2722.0209,2930.1305,2826.0757,208.10959,84,0,3
K04526.02,,3765917,184243096,tic_kic_crossid,CANDIDATE,CANDIDATE,11.818729,132.51,4.017,249,22,-22,0.014436,0.282,21.911,5803,4.211,15.271,0,0,0,0,2,295.96893,38.867168,13,OK,lightkurve,,8,"SPOC,TESS-SPOC","74,75,81,82",0.96656148,,240.67381,21.264353,3366.6692,3366.6692,457,76.934813,0,,291.05944,16,0.77542657,0.77542657,2496.8444,2496.8444,False,OK,PDCSAP_FLUX,SPOC,2496.8444,3790.5444,bootstrap,3790.5444,,TOO_FEW_MEMBERS,2,1,SPOC/PDCSAP_FLUX=2497ppm;TESS-SPOC/PDCSAP_FLUX=OK,8,4,4,"74,75,81,82",SPOC,120,False,False,69196.861,5361.6429,0.74725938,0.34335296,4,,9.3743918,15.750044,0.59519781,0.59519781,linear,10.374392,0.65870338,0.063493204,15.750044,78.750221,3.8213381e+36,OK,0.59519781,OK,SAP_FLUX,SPOC,655.90376,1278.6695,bootstrap,1278.6695,,TOO_FEW_MEMBERS,2,1,SPOC/SAP_FLUX=656ppm;TESS-SPOC/SAP_FLUX=OK,9,4,4,"74,75,81,82",SPOC,120,False,False,28153.106,-1968.9746,0.87043068,1.1981458,4,,1.725281,5.3138435,0.32467667,0.32467667,linear,2.725281,0.51295799,0.18822206,5.3138435,26.569217,8.3232583e+13,OK,0.32467667,BACKGROUND_TEST_AGREES,1,SPOC,-1840.9406,4000.4028,-0.46018882,-0.73730691,PDC_DEEPER_THAN_SAP,0.02,9.7404086,0.15104572,2.4247968,0.037601624,-10057.71,1.032371,5266,OK,True,2.4247968,1.0342319,8.2439784,,duration_inconsistent,not_measurable,not_measurable,,False,,0,0,1,1,0.2,3219.9624,3790.5444,10,1.3132449,1,True,OK:1,,,,,,,,84,1078.9083,1278.6695,10,2.0844579,1,True,OK:1,,,,,,,,84,0,3
K00388.01,Kepler-1719 b,3831053,120314731,tic_kic_crossid_over_name_planet,CONFIRMED,CANDIDATE,6.1495593,169.55182,5.5694,333.7,4.4,-4.4,0.016797,0.368,8.02,5687,3.973,13.644,0,0,0,0,1,284.70691,38.936821,13,OK,lightkurve,,15,"QLP,SPOC,TESS-SPOC","14,26,40,41,53,54,74,80,81",0.96742861,,322.83093,4.2566859,3487.9587,3487.978,892,15.698424,27.835861,1.7731628,130.63627,8,8.7321471,6.6984426,839.09464,1122.4701,True,OK,PDCSAP_FLUX,QLP,1122.4701,537.64027,bootstrap,618.50103,305.75556,OK,4,4,SPOC/PDCSAP_FLUX=447ppm;TESS-SPOC/PDCSAP_FLUX=381ppm;QLP/KSPSAP_FLUX=1508ppm;QLP/DET_FLUX=499ppm,34,9,9,"74,80,81,14,26,40,41,53,54","QLP,SPOC","120,1800,600",False,False,4096.1977,-602.60663,0.54004197,24.327433,6,sector_scatter,1.2461582,0.5534388,2.251664,1.2923957,ln,3.4769596,2.0877716,0.60045898,1.9165644,9.5828221,4685025.5,OK,2.251664,OK,SAP_FLUX,QLP,809.36927,473.31209,bootstrap,549.91192,279.96211,OK,3,3,SPOC/SAP_FLUX=168ppm;TESS-SPOC/SAP_FLUX=283ppm;QLP/SAP_FLUX=991ppm,36,9,9,"74,80,81,14,26,40,41,53,54","QLP,SPOC","120,1800,600",False,False,4281.1212,-808.49721,0.77455329,25.987288,6,sector_scatter,1.5070995,1.70419,0.88434948,0.88434948,linear,2.5070995,1.7100118,0.68206778,1.70419,8.52095,1619907.3,OK,0.88434948,BACKGROUND_TEST_AGREES,2,"SPOC,TESS-SPOC",-195.9158,249.76514,-0.7844001,-0.47357435,PDC_DEEPER_THAN_SAP,0.02,2.5953249,0.079281398,0.46599722,0.014235178,1283.9057,2.8684133,11224,OK,False,0.46599722,1.0164987,-13.169968,0.91584616,tracks_b,not_measurable,not_measurable,,False,,0,0,1,1,0.3,128.54457,537.64027,39,22.015265,0,False,,0.27239529,412.38338,1023.8945,380.8812,1508.4368,472.74224,741.5889,84,121.18747,473.31209,40,21.747752,0,False,,0.34590159,204.74958,764.67381,167.75131,991.16929,283.37092,641.61796,84,0.019330459,3
K06372.01,,3936061,399819457,tic_kic_crossid,CANDIDATE,CANDIDATE,71.008017,140.865,5.395,170.2,32.8,-32.8,0.011971,0.1788,100.1,5847,4.526,14.603,0,0,0,0,1,285.27823,39.088428,13,OK,lightkurve,,6,"SPOC,TESS-SPOC","74,80,81",0.96445583,,164.15038,31.634151,3512.4903,3512.4903,78,346.75329,0,,864,27,1.6279081,0.50287221,815.64624,2792.8808,False,OK,PDCSAP_FLUX,SPOC,815.64624,1621.9752,analytic,1623.7187,75.225684,OK,2,2,SPOC/PDCSAP_FLUX=816ppm;TESS-SPOC/PDCSAP_FLUX=1037ppm,1,3,1,"74,80,81",SPOC,120,False,False,14235.638,,,,3,,3.9688964,9.8936568,0.40115565,0.40115565,linear,4.9688964,0.50287221,0.101204,9.8936568,49.468284,5.0008605e+23,OK,0.40115565,OK,SAP_FLUX,SPOC,806.78575,1369.1808,analytic,1369.5576,32.127197,OK,2,2,SPOC/SAP_FLUX=807ppm;TESS-SPOC/SAP_FLUX=712ppm,1,3,1,"74,80,81",SPOC,120,False,False,12016.93,,,,3,,3.9149185,8.3456858,0.46909489,0.46909489,linear,4.9149185,0.58924707,0.11988949,8.3456858,41.728429,2.176047e+20,OK,0.46909489,BACKGROUND_TEST_AGREES,2,"SPOC,TESS-SPOC",-158.30282,1540.459,-0.10276341,-0.17090313,PDC_DEEPER_THAN_SAP,0.02,12.306582,1.9243816,2.2811088,0.35669724,1654.1731,0.8436642,806,OK,True,2.2811088,1.0150051,3.453907,,duration_inconsistent,not_measurable,not_measurable,,False,,0,0,1,1,0.1,1621.9752,,1,4.4681952e-33,0,False,,0.092228322,851.04656,1001.4979,815.64624,1036.8983,926.27224,221.25201,84,1369.1808,,1,0,0,False,,0.039821225,727.41268,791.66707,712.294,806.78575,759.53988,94.491757,84,0,3
K00393.01,Kepler-544 b,3964109,138571095,tic_kic_crossid_over_name_planet,CONFIRMED,CANDIDATE,21.416241,176.24991,7.081,314.5,8.4,-8.4,0.01625,0.081,23.413,6156,4.331,13.542,0,0,0,0,1,294.02911,39.051849,13,OK,lightkurve,,21,"QLP,SPOC,TESS-SPOC","40,41,54,55,74,81,82",0.96494986,,303.47673,8.1055788,3320.4777,3320.4777,248,25.370423,0,,182.32627,9,0.84745536,0.31142684,105.14659,281.353,False,OK,PDCSAP_FLUX,SPOC,105.14659,397.38266,bootstrap,541.48892,367.82778,OK,4,4,SPOC/PDCSAP_FLUX=105ppm;TESS-SPOC/PDCSAP_FLUX=808ppm;QLP/KSPSAP_FLUX=1498ppm;QLP/DET_FLUX=785ppm,9,7,7,"40,41,54,55,74,81,82",SPOC,120,False,False,10146.811,-1.4238994,0.0021029114,2.0535057,14,,-0.65352666,1.7851851,-0.36608343,-0.36608343,linear,0.34647334,0.26459785,0.76368892,1.7851851,8.9259253,2283220,OK,-0.36608343,OK,SAP_FLUX,SPOC,362.66599,510.15313,bootstrap,662.72139,423.01705,OK,3,3,SPOC/SAP_FLUX=363ppm;TESS-SPOC/SAP_FLUX=343ppm;QLP/SAP_FLUX=1588ppm,9,7,7,"40,41,54,55,74,81,82",SPOC,120,False,False,4469.2071,905.00433,2.9338147,8.4228663,14,sector_scatter,0.19503722,2.1844991,0.089282354,0.089282354,linear,1.1950372,0.71089633,0.5948738,2.1844991,10.922495,16815005,OK,0.089282354,BACKGROUND_TEST_AGREES,2,"SPOC,TESS-SPOC",59.051013,550.73162,0.10722285,0.12926674,SAP_DEEPER_THAN_PDC,0.02,2.8324,7.43505,0.4,1.05,-441.68157,0.97348537,9396,OK,True,0.4,0.99337567,-0.34646393,0.93197187,fixed_b,not_measurable,not_measurable,,False,,0,0,1,1,0.3,337.62856,397.38266,9,1.6270679,0,False,,3.4982377,431.39626,1167.0518,105.14659,1498.0377,796.65859,1392.8911,84,152.9843,510.15313,9,12.223714,0,False,,1.1664095,349.61034,1195.6444,343.4665,1587.6343,362.66599,1224.9683,84,0,3
K02295.01,,4049901,122072147,tic_kic_crossid,CANDIDATE,CANDIDATE,16.290853,132.11774,3.176,44.1,3.6,-3.6,0.006003,0.105,39.21,5425,4.549,11.671,0,0,0,0,1,289.54514,39.164429,13,OK,lightkurve,,12,"QLP,SPOC,TESS-SPOC","14,40,41,54,55,75,80,81",0.95657094,,42.184779,3.4436554,3504.0078,3504.0519,340,69.413962,63.494592,0.91472364,255.88189,18,29.747636,15.424366,1727.9031,3634.2577,True,OK,PDCSAP_FLUX,QLP,3634.2577,3456.8582,bootstrap,3831.8473,1653.2347,OK,4,4,SPOC/PDCSAP_FLUX=28ppm;TESS-SPOC/PDCSAP_FLUX=15ppm;QLP/KSPSAP_FLUX=6309ppm;QLP/DET_FLUX=98ppm,14,8,8,"80,81,14,40,41,54,55,75","QLP,SPOC","120,1800,200,600",False,False,1519.5008,5821.3277,1.0566489,765.44738,4,sector_scatter,85.150926,90.834883,0.93742539,0.93742539,linear,86.150926,1.0513181,0.012203214,90.834883,454.17441,7.4233032e+198,OK,0.93742539,OK,SAP_FLUX,QLP,2251.5938,2485.6773,bootstrap,2790.0865,1267.2771,OK,3,2,SPOC/SAP_FLUX=5ppm;TESS-SPOC/SAP_FLUX=OK;QLP/SAP_FLUX=3732ppm,14,8,8,"80,81,14,40,41,54,55,75","QLP,SPOC","120,1800,200,600",False,False,1477.0995,3329.4063,0.80692926,819.62337,4,sector_scatter,52.374556,66.13972,0.7918775,0.7918775,linear,53.374556,0.9058271,0.016971141,66.13972,330.6986,1.7608969e+145,OK,0.7918775,BACKGROUND_TEST_AGREES,1,SPOC,-22.637049,255.60329,-0.088563213,-0.81371037,PDC_DEEPER_THAN_SAP,0.02,2.1352062,0.033110907,0.67229415,0.010425349,3756.7758,67.193436,2795,OK,False,0.67229415,1.0499617,-5.6416683,0.74806613,tracks_b,not_measurable,not_measurable,,False,,0,0,1,1,0.2,122.16963,3456.8582,14,759.50178,0,False,,0.454903,21.409929,3327.8794,15.493365,6309.057,63.04491,3618.7644,84,96.234698,2485.6773,14,790.22833,1,True,OK:1,0.56283559,601.54821,3136.1025,5.1824919,3732.4682,1868.8254,2246.4113,84,0.044093467,3
K01201.01,Kepler-1741 b,4061149,137689252,tic_kic_crossid_over_name_planet,CONFIRMED,CANDIDATE,2.7575846,133.05017,0.9267,563.1,37,-37,0.021901,0.093,23.14,3683,4.84,15.597,0,0,0,0,1,292.57703,39.12088,13,OK,lightkurve,,15,"QLP,SPOC,TESS-SPOC","40,41,54,55,75,81,82",0.92927123,,523.27263,34.383036,2786.3081,2786.3081,1748,17.713768,0,,67.041803,16,2.5441085,0.4614078,730.5414,3833.2701,False,OK,PDCSAP_FLUX,QLP,730.5414,2163.3866,bootstrap,2164.7979,78.153526,OK,4,2,SPOC/PDCSAP_FLUX=817ppm;TESS-SPOC/PDCSAP_FLUX=OK;QLP/KSPSAP_FLUX=OK;QLP/DET_FLUX=587ppm,65,7,7,"40,41,54,55,75,81,82","QLP,SPOC","120,200",False,False,42338.302,-7476.6417,1.7905953,0.6401384,8,,0.39610091,4.1378602,0.095726027,0.095726027,linear,1.3961009,0.33768416,0.24187661,4.1378602,20.689301,5.0579809e+11,OK,0.095726027,OK,SAP_FLUX,QLP,450.64565,582.82583,bootstrap,582.82583,,TOO_FEW_MEMBERS,3,1,SPOC/SAP_FLUX=488ppm;TESS-SPOC/SAP_FLUX=OK;QLP/SAP_FLUX=OK,65,7,7,"40,41,54,55,75,81,82","QLP,SPOC","120,200",False,False,15328.083,-136.48465,0.11589714,0.61578171,8,,-0.13879377,1.1168654,-0.12427081,-0.12427081,linear,0.86120623,0.77320809,0.8978199,1.1168654,5.5843269,138782.91,OK,-0.12427081,BACKGROUND_TEST_AGREES,1,SPOC,-329.02579,2326.3829,-0.14143234,-0.4028314,PDC_DEEPER_THAN_SAP,0.021614653,1.5575375,0.973035,1.6807354,1.05,806.8573,1.0777803,7319,OK,True,1.6807354,1.0039263,0.8146733,,fixed_b,not_measurable,not_measurable,,False,,0,0,1,1,0.5,1583.2879,2163.3866,66,1.715714,2,True,OK:2,0.10698028,623.69769,780.00475,586.91957,816.78288,701.85122,143.62183,84,526.52631,582.82583,66,1.6089169,2,True,OK:2,,,,,,,,84,0,3
K06384.01,,4076061,184299454,tic_kic_crossid,CANDIDATE,CANDIDATE,566.28176,440.2605,20.39,1200,152,-152,0.031803,0.2065,214.5,5829,4.575,15.992,0,0,0,0,1,296.07407,39.158192,13,OK,lightkurve,NO_USABLE_TRANSIT,4,"SPOC,TESS-SPOC","74,75",0.96490411,,1157.8849,146.66542,3369.7963,3369.7963,9,452.02663,0,,864,6,,,,,False,NO_USABLE_TRANSIT,PDCSAP_FLUX,SPOC,,,none,,,TOO_FEW_MEMBERS,2,0,SPOC/PDCSAP_FLUX=NO_USABLE_TRANSIT;TESS-SPOC/PDCSAP_FLUX=NO_USABLE_TRANSIT,0,2,0,"74,75",SPOC,120,False,False,,,,,2,,,,,,,,,,,,,NO_USABLE_TRANSIT,,NO_USABLE_TRANSIT,SAP_FLUX,SPOC,,,none,,,TOO_FEW_MEMBERS,2,0,SPOC/SAP_FLUX=NO_USABLE_TRANSIT;TESS-SPOC/SAP_FLUX=NO_USABLE_TRANSIT,0,2,0,"74,75",SPOC,120,False,False,,,,,2,,,,,,,,,,,,,NO_USABLE_TRANSIT,,BACKGROUND_TEST_UNAVAILABLE,0,,,,,,,0.032152964,,,,,,,0,too_few_points,False,,,,,inconclusive,not_measured,not_measured,,False,,0,0,1,1,0,,,0,,2,True,NO_USABLE_TRANSIT:2,,,,,,,,84,,,0,,2,True,NO_USABLE_TRANSIT:2,,,,,,,,84,0,3
K01319.02,,4078157,184554469,tic_kic_crossid,CANDIDATE,CANDIDATE,142.68589,175.9722,3.792,1195,303,-303,0.031609,0.1086,295,5767,4.57,15.484,0,0,0,0,2,296.47937,39.127571,13,OK,lightkurve,NO_USABLE_TRANSIT,4,"SPOC,TESS-SPOC","74,75",0.96280556,,1150.5526,291.73008,3288.3501,3288.3501,37,385.60029,0,,864,32,,,,,False,NO_USABLE_TRANSIT,PDCSAP_FLUX,SPOC,,,none,,,TOO_FEW_MEMBERS,2,0,SPOC/PDCSAP_FLUX=NO_USABLE_TRANSIT;TESS-SPOC/PDCSAP_FLUX=NO_USABLE_TRANSIT,0,2,0,"74,75",SPOC,120,False,False,,,,,2,,,,,,,,,,,,,NO_USABLE_TRANSIT,,NO_USABLE_TRANSIT,SAP_FLUX,SPOC,,,none,,,TOO_FEW_MEMBERS,2,0,SPOC/SAP_FLUX=NO_USABLE_TRANSIT;TESS-SPOC/SAP_FLUX=NO_USABLE_TRANSIT,0,2,0,"74,75",SPOC,120,False,False,,,,,2,,,,,,,,,,,,,NO_USABLE_TRANSIT,,BACKGROUND_TEST_UNAVAILABLE,0,,,,,,,0.030995199,,,,,,,0,too_few_points,False,,,,,inconclusive,not_measured,not_measured,,False,,0,0,1,1,0.1,,,0,,2,True,NO_USABLE_TRANSIT:2,,,,,,,,84,,,0,,2,True,NO_USABLE_TRANSIT:2,,,,,,,,84,0,3
K02117.01,Kepler-1795 b,4140813,120893436,tic_kic_crossid_over_name_planet,CONFIRMED,CANDIDATE,13.360199,131.81481,2.788,699.9,37.5,-37.5,0.024481,0.534,32,4500,4.638,15.637,0,0,0,0,1,286.47934,39.269958,13,OK,lightkurve,,4,"SPOC,TESS-SPOC","80,81",0.97068995,,679.3859,36.400873,3509.2974,3509.2974,415,35.960334,0,,149.701,14,1.0416375,-0.88078084,-2406.2202,3049.1646,False,OK,PDCSAP_FLUX,SPOC,-2406.2202,2731.9171,analytic,2731.9171,,TOO_FEW_MEMBERS,2,0,SPOC/PDCSAP_FLUX=OK;TESS-SPOC/PDCSAP_FLUX=OK,4,2,2,"80,81",SPOC,120,False,False,35032.378,-13916.386,2.4969189,1.3695203,2,,-4.5417577,4.0218244,-1.129278,-1.129278,linear,-3.5417577,-0.88078084,0.24868467,4.0218244,20.109122,3.6761833e+11,OK,-1.129278,OK,SAP_FLUX,SPOC,-608.68328,576.49995,analytic,576.49995,,TOO_FEW_MEMBERS,2,0,SPOC/SAP_FLUX=OK;TESS-SPOC/SAP_FLUX=OK,4,2,2,"80,81",SPOC,120,False,False,7720.4086,-3093.8632,2.6096631,2.0669136,2,,-1.8959316,0.8517191,-2.2260057,-2.2260057,linear,-0.89593158,-1.0558254,1.1784665,0.8517191,4.2585955,47360.399,OK,-2.2260057,BACKGROUND_TEST_UNAVAILABLE,0,,,,,,,0.03312336,3.559673,2.9274,1.2767837,1.05,-1378.3325,1.0672302,1673,OK,True,1.2767837,,,,inconclusive,not_measurable,not_measurable,,False,,0,0,1,1,0.1,2731.9171,3787.7891,4,2.542279,2,True,OK:2,,,,,,,,84,576.49995,875.35325,4,2.9159104,2,True,OK:2,,,,,,,,84,0,3
K01860.01,Kepler-416 b,4157325,137217372,tic_kic_crossid_over_name_planet,CONFIRMED,CANDIDATE,6.3194355,132.22892,3.3422,581.1,10.3,-10.3,0.024241,0.775,9.7,5670,4.397,14.028,0,0,0,0,4,291.55695,39.227291,13,OK,lightkurve,,6,"SPOC,TESS-SPOC","75,81,82",1.0041789,,583.52837,10.343043,3520.0127,3520.0127,879,16.515759,0,,99.680278,9,-0.39965807,-1.920789,-2493.0808,-498.08768,False,OK,PDCSAP_FLUX,SPOC,-2493.0808,2799.1945,bootstrap,2799.1945,,TOO_FEW_MEMBERS,2,0,SPOC/PDCSAP_FLUX=OK;TESS-SPOC/PDCSAP_FLUX=OK,11,3,3,"75,81,82",SPOC,120,False,False,30176.141,3046.239,1.1289391,5.3623635,3,sector_scatter,-5.2724243,4.7973086,-1.099038,-1.099038,linear,-4.2724243,-0.89064221,0.20846296,4.7973086,23.986543,1.5250538e+13,OK,-1.099038,OK,SAP_FLUX,SPOC,-128.07707,231.1454,bootstrap,231.1454,,TOO_FEW_MEMBERS,2,0,SPOC/SAP_FLUX=OK;TESS-SPOC/SAP_FLUX=OK,11,3,3,"75,81,82",SPOC,120,False,False,2423.4082,78.114791,0.36198802,6.9875437,3,sector_scatter,-1.2194873,0.39965323,-3.0513635,-3.0513635,linear,-0.2194873,-0.55409742,2.5245078,0.39965323,1.9982662,3720.7262,OK,-3.0513635,BACKGROUND_TEST_UNAVAILABLE,0,,,,,,,0.057344069,8.1041557,0.24756391,2.4247968,0.074072142,2135.9967,1.0418932,5570,OK,True,2.4247968,,,,inconclusive,not_measurable,not_measurable,,False,,0,0,1,1,0.1,1297.9462,2799.1945,13,4.444446,2,True,OK:2,,,,,,,,84,105.06776,231.1454,13,5.7191094,2,True,OK:2,,,,,,,,84,0,3
K01860.02,Kepler-416 c,4157325,137217372,tic_kic_crossid_over_name_planet,CONFIRMED,CANDIDATE,12.209518,360.3204,4.1808,538.1,12.5,-12.5,0.023354,0.779,14.84,5670,4.397,14.028,0,0,0,0,4,291.55695,39.227291,13,OK,lightkurve,,6,"SPOC,TESS-SPOC","75,81,82",1.0049459,,540.76137,12.561823,3516.6702,3516.7428,436,24.887282,104.47819,4.1980555,137.37385,12,3.6001591,1.6875972,2602.5713,5679.3774,True,OK,PDCSAP_FLUX,SPOC,5679.3774,1577.5351,analytic,1648.8468,479.66533,OK,2,2,SPOC/PDCSAP_FLUX=5679ppm;TESS-SPOC/PDCSAP_FLUX=4269ppm,6,3,3,"75,81,82",SPOC,120,False,False,30165.621,-5999.0538,1.889959,0.58842287,3,,2.3516188,0.29551032,7.9578229,3.1159815,ln,10.502558,3.6001591,0.3427888,3.0496194,15.248097,2.2655304e+09,OK,7.9578229,OK,SAP_FLUX,SPOC,300.18584,125.37885,analytic,129.30224,31.610305,OK,2,2,SPOC/SAP_FLUX=300ppm;TESS-SPOC/SAP_FLUX=393ppm,6,3,3,"75,81,82",SPOC,120,False,False,2530.6434,-221.66136,0.86628605,1.20213,3,,-0.58857635,0.43425466,-1.3553714,-1.8129982,ln,0.55511702,2.3942302,4.313019,0.24538523,1.2269262,1303.6293,OK,-1.3553714,BACKGROUND_TEST_DISAGREES,2,"SPOC,TESS-SPOC",-4533.7013,1047.0261,-4.3300746,-0.91148228,PDC_DEEPER_THAN_SAP,0.056184239,3.2744778,0.25412558,0.78321801,0.06078396,4463.7541,1.0952458,3707,OK,False,0.78321801,1.1178646,-3.7795046,0.88152767,tracks_b,not_measurable,not_measurable,,False,,0,0,1,1,0.1,1577.5351,2263.9962,6,2.5809798,0,False,,0.084457378,4494.3219,5453.6526,4268.5971,5679.3774,4973.9873,1410.7804,84,125.37885,128.54982,6,2.1718559,0,False,,0.10530245,315.06128,378.28189,300.18584,393.15733,346.67158,92.971487,84,0.0725543,3
K01860.03,Kepler-416 d,4157325,137217372,tic_kic_crossid_over_name_planet,CONFIRMED,CANDIDATE,3.0764471,353.7643,2.6326,216.7,8.1,-8.1,0.01442,0.708,6.54,5670,4.397,14.028,0,0,0,0,4,291.55695,39.227291,13,OK,lightkurve,,6,"SPOC,TESS-SPOC","75,81,82",0.99338823,,215.26723,8.0464447,3518.2471,3518.2471,1733,26.103557,0,,117.79967,11,2.3496726,1.9703526,1912.2594,2250.7079,False,OK,PDCSAP_FLUX,SPOC,1912.2594,941.61389,bootstrap,963.25321,203.02714,OK,2,2,SPOC/PDCSAP_FLUX=1912ppm;TESS-SPOC/PDCSAP_FLUX=2509ppm,24,3,3,"75,81,82",SPOC,120,False,False,29578.943,-2104.4988,1.1161332,1.2480531,3,,2.1841606,0.5075788,4.3030966,1.7615587,ln,8.8831886,2.0308318,0.22861518,4.4751212,22.375606,1.1235182e+12,OK,4.3030966,OK,SAP_FLUX,SPOC,116.08671,97.427058,bootstrap,97.728768,7.6733583,OK,2,2,SPOC/SAP_FLUX=116ppm;TESS-SPOC/SAP_FLUX=94ppm,24,3,3,"75,81,82",SPOC,120,False,False,2376.6288,-9.042998,0.048297984,1.2053872,3,,-0.46073208,0.45826019,-1.0053941,-1.0053941,linear,0.53926792,1.1915243,2.209522,0.45826019,2.291301,1913.2506,OK,-1.0053941,BACKGROUND_TEST_AGREES,2,"SPOC,TESS-SPOC",-2027.8269,749.09596,-2.7070323,-0.91722481,PDC_DEEPER_THAN_SAP,0.028112075,1.3862031,0.21024029,0.52655288,0.079860324,2230.0326,1.1113075,9385,OK,True,0.52655288,1.054441,-4.2904653,0.93952948,tracks_b,not_measurable,not_measurable,,False,,0,0,1,1,0.2,970.51635,941.61389,27,1.1350011,0,False,,0.10617134,2007.8016,2413.8559,1912.2594,2509.398,2210.8287,597.13865,84,79.746973,97.427058,27,1.6414453,0,False,,0.06610023,97.129002,112.47572,93.51801,116.08671,104.80236,22.568701,84,0,3
K01860.04,,4157325,137217372,tic_kic_crossid_over_name_planet,CANDIDATE,CANDIDATE,24.843484,148.1777,4.8,217.4,17.9,-17.9,0.01415,0.641,31.1,5670,4.397,14.028,0,0,0,0,4,291.55695,39.227291,13,OK,lightkurve,,6,"SPOC,TESS-SPOC","75,81,82",0.98538325,,214.22232,17.63836,3521.2746,3521.108,223,139.22577,-240.0192,1.7239567,489.67731,20,4.920954,-0.89394616,-1670.6379,8778.0631,True,OK,PDCSAP_FLUX,SPOC,8778.0631,1783.8133,analytic,4229.0562,3834.4395,OK,2,2,SPOC/PDCSAP_FLUX=8778ppm;TESS-SPOC/PDCSAP_FLUX=20056ppm,3,3,3,"75,81,82",SPOC,120,False,False,24042.463,6570.2369,1.7843553,4.6336196,3,sector_scatter,3.7129967,0.49131153,7.5573165,2.0249764,ln,40.976417,4.920954,0.12009234,19.741671,98.708355,1.5825541e+45,OK,7.5573165,OK,SAP_FLUX,SPOC,1284.3459,144.50525,analytic,152.80378,49.671209,OK,2,2,SPOC/SAP_FLUX=1284ppm;TESS-SPOC/SAP_FLUX=1138ppm,3,3,3,"75,81,82",SPOC,120,False,False,2124.1951,1455.9084,4.6853836,23.71977,3,odd_even_significant;sector_scatter,1.7909905,0.15308216,11.699537,6.9402507,ln,5.9953878,8.8878838,1.4824535,0.71977052,3.5988526,7616.9455,OK,11.699537,BACKGROUND_TEST_DISAGREES,2,"SPOC,TESS-SPOC",-13147.426,1271.9113,-10.336748,-0.91194263,PDC_DEEPER_THAN_SAP,0.023460974,6.1285618,1.3909822,1.2767837,0.28978795,5285.0083,1.1033318,2005,OK,False,1.2767837,1.1227299,0.52554363,0.14721338,fixed_b,not_measurable,not_measurable,,False,,0,0,1,1,0.1,1783.8133,3069.6355,3,4.6336196,0,False,,0.43682068,10582.505,18251.384,8778.0631,20055.826,14416.945,11277.763,84,144.50525,570.21938,3,23.71977,0,False,,0.038674324,1161.6288,1260.9712,1138.2541,1284.3459,1211.3,146.09179,84,-0.16668,3
K02386.01,,4172013,138891058,tic_kic_crossid,CANDIDATE,CANDIDATE,16.270721,145.097,5.707,468,43.8,-43.8,0.209216,1.187,5.2,6117,4.315,14.94,0,0,0,0,1,294.94009,39.232571,13,OK,lightkurve,,8,"SPOC,TESS-SPOC","74,75,81,82",1.2209361,,571.39811,53.477003,3363.7057,3363.7057,331,107.46022,0,,407.98567,16,1.9304139,-0.32734728,-438.39667,2636.4305,False,OK,PDCSAP_FLUX,SPOC,-438.39667,1077.4792,bootstrap,1077.4792,,TOO_FEW_MEMBERS,2,0,SPOC/PDCSAP_FLUX=OK;TESS-SPOC/PDCSAP_FLUX=OK,8,4,4,"74,75,81,82",SPOC,120,False,False,32728.741,-2106.0329,0.78475282,0.49945734,4,,-1.7672351,1.8886721,-0.93570243,-0.93570243,linear,-0.76723507,-0.40687252,0.53031012,1.8886721,9.4433605,7212797.5,OK,-0.93570243,OK,SAP_FLUX,SPOC,-652.5135,567.20626,bootstrap,567.20626,,TOO_FEW_MEMBERS,2,0,SPOC/SAP_FLUX=OK;TESS-SPOC/SAP_FLUX=OK,8,4,4,"74,75,81,82",SPOC,120,False,False,17318.706,234.9591,0.18955779,0.61446117,4,,-2.1419595,0.99831888,-2.1455665,-2.1455665,linear,-1.1419595,-1.150399,1.0073904,0.99831888,4.9915944,83521.768,OK,-2.1455665,BACKGROUND_TEST_UNAVAILABLE,0,,,,,,,0.5,2.7419269,5.99235,0.48044977,1.05,3439.0922,1.0670546,5837,OK,True,0.48044977,,,1.2041242,inconclusive,not_measurable,not_measurable,,False,,0,0,1,1,0.2,1339.2403,1077.4792,8,0.77524329,2,True,OK:2,,,,,,,,84,618.81169,567.20626,8,1.0656696,2,True,OK:2,,,,,,,,84,0,3
K00222.01,Kepler-120 b,4249725,121458707,tic_kic_crossid_over_name_planet,CONFIRMED,CANDIDATE,6.3125085,132.65442,2.7455,1286,12.9,-12.9,0.032005,0.029,18.129,4090,4.696,14.735,0,0,0,0,2,287.89163,39.33913,13,OK,lightkurve,,8,"SPOC,TESS-SPOC","74,75,80,81",0.94034781,,1209.2873,12.130487,3369.1617,3369.1617,856,6.563907,0,,60.874221,8,1.8969584,0.84377838,510.15678,1128.9113,False,OK,PDCSAP_FLUX,SPOC,510.15678,801.04423,bootstrap,815.59397,153.36774,OK,2,2,SPOC/PDCSAP_FLUX=510ppm;TESS-SPOC/PDCSAP_FLUX=59ppm,15,4,4,"74,75,80,81",SPOC,120,False,False,14522.102,357.48646,0.22008143,1.7472755,4,,-0.57813434,0.6763671,-0.85476413,-0.85476413,linear,0.42186566,0.63686468,1.5096386,0.6763671,3.3818355,34373.665,OK,-0.85476413,OK,SAP_FLUX,SPOC,126.32091,544.27903,bootstrap,544.80932,24.031937,OK,2,2,SPOC/SAP_FLUX=126ppm;TESS-SPOC/SAP_FLUX=56ppm,16,4,4,"74,75,80,81",SPOC,120,False,False,10131.239,40.939077,0.037796564,1.373172,4,,-0.89554102,0.45339806,-1.9751761,-1.9751761,linear,0.10445898,0.23208851,2.2218149,0.45339806,2.2669903,10460.713,OK,-1.9751761,BACKGROUND_TEST_AGREES,2,"SPOC,TESS-SPOC",-254.23566,786.36486,-0.32330497,-0.89325854,PDC_DEEPER_THAN_SAP,0.031037766,1.0982,0.017029923,0.4,0.0062028496,1464.5967,0.99078679,6171,OK,True,0.4,0.98911029,-17.007496,0.94591934,tracks_b,not_measurable,not_measurable,,False,,0,0,1,1,0.2,604.60992,801.04423,16,1.9085699,0,False,,0.30062863,131.24825,437.98373,59.075202,510.15678,284.61599,451.08158,84,395.53693,544.27903,17,2.2501651,0,False,,0.19024512,66.947891,115.01176,55.638744,126.32091,90.979827,70.682167,84,0,3
K00222.02,Kepler-120 c,4249725,121458707,tic_kic_crossid_over_name_planet,CONFIRMED,CANDIDATE,12.794547,130.7668,3.4197,816.7,16.4,-16.4,0.025596,0.18,28.87,4090,4.696,14.735,0,0,0,0,2,287.89163,39.33913,13,OK,lightkurve,,8,"SPOC,TESS-SPOC","74,75,80,81",0.94302582,,770.16918,15.465623,3363.0656,3363.0656,422,16.078285,0,,99.530355,9,0.67382737,0.23897396,192.32614,524.25074,False,OK,PDCSAP_FLUX,SPOC,192.32614,804.79959,analytic,821.98404,167.19863,OK,2,2,SPOC/PDCSAP_FLUX=192ppm;TESS-SPOC/PDCSAP_FLUX=684ppm,7,4,4,"74,75,80,81",SPOC,120,False,False,14523.869,-293.74114,0.18128943,0.27376858,4,,-0.75028065,1.0686365,-0.70209156,-0.70209156,linear,0.24971935,0.23897396,0.95697015,1.0686365,5.3431824,160331.77,OK,-0.70209156,OK,SAP_FLUX,SPOC,51.822556,297.51437,bootstrap,351.28423,186.77744,OK,2,2,SPOC/SAP_FLUX=52ppm;TESS-SPOC/SAP_FLUX=601ppm,8,4,4,"74,75,80,81",SPOC,120,False,False,10201.32,67.993195,0.063283708,0.34789638,4,,-0.93271276,0.45928463,-2.0307946,-2.0307946,linear,0.067287236,0.17418505,2.5886789,0.45928463,2.2964232,6884.2114,OK,-2.0307946,BACKGROUND_TEST_AGREES,2,"SPOC,TESS-SPOC",-115.46986,645.10657,-0.17899346,-0.26350558,PDC_DEEPER_THAN_SAP,0.025771918,8.54925,1.8078246,2.5,0.52865005,549.77098,1.0302665,3591,OK,True,2.5,0.98710983,4.2657149,,duration_inconsistent,not_measurable,not_measurable,,False,,0,0,1,1,0.1,804.79959,448.97265,8,0.32057674,0,False,,0.86934949,271.00785,605.40512,192.32614,684.08683,438.20649,491.76069,84,535.66303,297.51437,8,0.34489389,0,False,,3.6041727,139.71782,513.27271,51.822556,601.16798,326.49527,549.34542,84,0,3
K01895.01,Kepler-331 b,4263293,351063265,tic_kic_crossid_over_name_planet,CONFIRMED,CANDIDATE,8.4574664,133.87132,2.2906,1320.3,67.4,-67.4,0.03274,0.209,28.53,4347,4.73,15.862,0,0,0,0,3,291.83432,39.307362,13,QUERY_RETURNED_ZERO_ROWS,lightkurve,QUERY_RETURNED_ZERO_ROWS,0,,,0.94678974,,1250.0465,63.813628,,,0,,0,,36,0,,,,,False,FLUX_COLUMN_NOT_PRESENT,,,,,,,,ENSEMBLE_NOT_ATTEMPTED,0,0,,0,0,0,,,,False,False,,,,,0,,,,,,,,,,,,,NO_USABLE_TRANSIT,,FLUX_COLUMN_NOT_PRESENT,,,,,,,,ENSEMBLE_NOT_ATTEMPTED,0,0,,0,0,0,,,,False,False,,,,,0,,,,,,,,,,,,,NO_USABLE_TRANSIT,,BACKGROUND_TEST_UNAVAILABLE,0,,,,,,,,,,,,,,0,too_few_points,False,,,,,inconclusive,not_measured,not_measured,,False,,0,0,1,1,0,,,0,,0,False,,,,,,,,,84,,,0,,0,False,,,,,,,,,84,0,3
K01895.02,Kepler-331 c,4263293,351063265,tic_kic_crossid_over_name_planet,CONFIRMED,CANDIDATE,17.28117,136.00718,2.829,1562.8,83.3,-83.3,0.035589,0.206,47.36,4347,4.73,15.862,0,0,0,0,3,291.83432,39.307362,13,QUERY_RETURNED_ZERO_ROWS,lightkurve,QUERY_RETURNED_ZERO_ROWS,0,,,0.9466848,,1479.479,78.858844,,,0,,0,,36,0,,,,,False,FLUX_COLUMN_NOT_PRESENT,,,,,,,,ENSEMBLE_NOT_ATTEMPTED,0,0,,0,0,0,,,,False,False,,,,,0,,,,,,,,,,,,,NO_USABLE_TRANSIT,,FLUX_COLUMN_NOT_PRESENT,,,,,,,,ENSEMBLE_NOT_ATTEMPTED,0,0,,0,0,0,,,,False,False,,,,,0,,,,,,,,,,,,,NO_USABLE_TRANSIT,,BACKGROUND_TEST_UNAVAILABLE,0,,,,,,,,,,,,,,0,too_few_points,False,,,,,inconclusive,not_measured,not_measured,,False,,0,0,1,1,0,,,0,,0,False,,,,,,,,,84,,,0,,0,False,,,,,,,,,84,0,3
K01895.03,Kepler-331 d,4263293,351063265,tic_kic_crossid_over_name_planet,CONFIRMED,CANDIDATE,32.134001,142.27582,2.691,1262,116,-116,0.032079,0.256,91.2,4347,4.73,15.862,0,0,0,0,3,291.83432,39.307362,13,QUERY_RETURNED_ZERO_ROWS,lightkurve,QUERY_RETURNED_ZERO_ROWS,0,,,0.9486485,,1197.1944,110.04323,,,0,,0,,36,0,,,,,False,FLUX_COLUMN_NOT_PRESENT,,,,,,,,ENSEMBLE_NOT_ATTEMPTED,0,0,,0,0,0,,,,False,False,,,,,0,,,,,,,,,,,,,NO_USABLE_TRANSIT,,FLUX_COLUMN_NOT_PRESENT,,,,,,,,ENSEMBLE_NOT_ATTEMPTED,0,0,,0,0,0,,,,False,False,,,,,0,,,,,,,,,,,,,NO_USABLE_TRANSIT,,BACKGROUND_TEST_UNAVAILABLE,0,,,,,,,,,,,,,,0,too_few_points,False,,,,,inconclusive,not_measured,not_measured,,False,,0,0,1,1,0,,,0,,0,False,,,,,,,,,84,,,0,,0,False,,,,,,,,,84,0,3
K00551.01,Kepler-183 c,4270253,138214374,tic_kic_crossid_over_name_planet,CONFIRMED,CANDIDATE,11.63703,178.84448,3.3372,604.3,18.4,-18.4,0.022173,0.066,27.18,5576,4.257,14.943,0,0,0,0,2,293.53085,39.315891,13,QUERY_RETURNED_ZERO_ROWS,lightkurve,QUERY_RETURNED_ZERO_ROWS,0,,,0.95851244,,579.22907,17.636629,,,0,,0,,36,0,,,,,False,FLUX_COLUMN_NOT_PRESENT,,,,,,,,ENSEMBLE_NOT_ATTEMPTED,0,0,,0,0,0,,,,False,False,,,,,0,,,,,,,,,,,,,NO_USABLE_TRANSIT,,FLUX_COLUMN_NOT_PRESENT,,,,,,,,ENSEMBLE_NOT_ATTEMPTED,0,0,,0,0,0,,,,False,False,,,,,0,,,,,,,,,,,,,NO_USABLE_TRANSIT,,BACKGROUND_TEST_UNAVAILABLE,0,,,,,,,,,,,,,,0,too_few_points,False,,,,,inconclusive,not_measured,not_measured,,False,,0,0,1,1,0,,,0,,0,False,,,,,,,,,84,,,0,,0,False,,,,,,,,,84,0,3
K00551.02,Kepler-183 b,4270253,138214374,tic_kic_crossid_over_name_planet,CONFIRMED,CANDIDATE,5.6879868,133.95607,2.2682,476.4,16.2,-16.2,0.021092,0.663,14.9,5576,4.257,14.943,0,0,0,0,2,293.53085,39.315891,13,QUERY_RETURNED_ZERO_ROWS,lightkurve,QUERY_RETURNED_ZERO_ROWS,0,,,0.98737157,,470.38381,15.995419,,,0,,0,,36,0,,,,,False,FLUX_COLUMN_NOT_PRESENT,,,,,,,,ENSEMBLE_NOT_ATTEMPTED,0,0,,0,0,0,,,,False,False,,,,,0,,,,,,,,,,,,,NO_USABLE_TRANSIT,,FLUX_COLUMN_NOT_PRESENT,,,,,,,,ENSEMBLE_NOT_ATTEMPTED,0,0,,0,0,0,,,,False,False,,,,,0,,,,,,,,,,,,,NO_USABLE_TRANSIT,,BACKGROUND_TEST_UNAVAILABLE,0,,,,,,,,,,,,,,0,too_few_points,False,,,,,inconclusive,not_measured,not_measured,,False,,0,0,1,1,0,,,0,,0,False,,,,,,,,,84,,,0,,0,False,,,,,,,,,84,0,3
K01615.01,Kepler-908 b,4278221,139106731,tic_kic_crossid_over_name_planet,CONFIRMED,CANDIDATE,1.3405968,132.24549,1.6484,107.5,3.4,-3.4,0.009466,0.007,6.299,5992,4.385,11.524,0,0,0,0,1,295.32251,39.376492,13,OK,lightkurve,,19,"QLP,SPOC,TESS-SPOC","14,41,54,55,75,81,82",0.96330842,,103.55566,3.2752486,3354.4446,3354.4446,4020,12.374155,0,,61.848465,12,2.8157144,2.8157144,113.16358,113.16358,False,OK,PDCSAP_FLUX,QLP,113.16358,49.707237,bootstrap,53.108996,18.701767,OK,4,4,SPOC/PDCSAP_FLUX=107ppm;TESS-SPOC/PDCSAP_FLUX=121ppm;QLP/KSPSAP_FLUX=83ppm;QLP/DET_FLUX=72ppm,129,7,7,"41,54,55,75,81,82,14","QLP,SPOC","120,1800",True,False,2105.4282,41.763451,0.40634923,0.64688681,12,smeared,0.088725182,0.47302625,0.18756926,0.17971764,ln,1.0927803,2.2766017,2.0833114,0.51625593,2.5812797,1264.8326,OK,0.18756926,OK,SAP_FLUX,QLP,57.762728,41.027708,bootstrap,44.114065,16.210427,OK,3,3,SPOC/SAP_FLUX=52ppm;TESS-SPOC/SAP_FLUX=58ppm;QLP/SAP_FLUX=100ppm,131,7,7,"41,54,55,75,81,82,14","QLP,SPOC","120,1800",True,False,1617.8968,16.092101,0.19802021,0.41837185,12,smeared,-0.44220595,0.43008258,-1.0281885,-1.0281885,linear,0.55779405,1.4078956,2.524042,0.43008258,2.1504129,785.82212,OK,-1.0281885,BACKGROUND_TEST_AGREES,2,"SPOC,TESS-SPOC",-58.792131,44.209616,-1.3298494,-0.51540238,PDC_DEEPER_THAN_SAP,0.02,0.65936,0.020766668,0.4,0.012598076,105.65971,1.1483858,26896,OK,True,0.4,1.0004291,-14.271967,0.92519511,tracks_b,not_measurable,not_measurable,,False,,0,0,1,1,0.8,40.190007,49.707237,134,1.6865894,0,False,,0.16526313,76.938747,114.34228,71.519081,120.86855,95.041105,41.644499,84,31.683071,41.027708,136,1.9665353,0,False,,0.28063818,54.013888,86.434742,52.21642,99.894146,57.833508,42.131418,84,0,3
K01738.01,Kepler-1671 b,4365645,137337090,tic_kic_crossid_confirms_name_planet,CONFIRMED,CANDIDATE,4.1678781,135.28334,2.2136,168.1,5.9,-5.9,0.011622,0.168,14.36,5251,4.541,13.293,0,0,0,0,1,291.74838,39.44688,13,OK,lightkurve,,14,"QLP,SPOC,TESS-SPOC","14,40,41,54,55,75,81,82",0.95592072,,160.69027,5.6399322,3511.5612,3511.5612,1330,20.763092,0,,95.493275,11,0.75633647,0.38716615,69.023083,137.49877,False,OK,PDCSAP_FLUX,QLP,69.023083,382.93198,bootstrap,386.58958,53.052833,OK,4,2,SPOC/PDCSAP_FLUX=OK;TESS-SPOC/PDCSAP_FLUX=OK;QLP/KSPSAP_FLUX=342ppm;QLP/DET_FLUX=186ppm,51,8,8,"75,81,82,14,40,41,54,55","QLP,SPOC","120,1800,600",True,False,4397.778,-661.7556,0.83360606,3.3881866,6,smeared;sector_scatter,-0.57045886,2.4065812,-0.23704119,-0.23704119,linear,0.42954114,0.18024894,0.41963138,2.4065812,12.032906,27027862,OK,-0.23704119,OK,SAP_FLUX,QLP,90.690283,265.75175,bootstrap,273.51521,64.703746,OK,3,2,SPOC/SAP_FLUX=25ppm;TESS-SPOC/SAP_FLUX=OK;QLP/SAP_FLUX=216ppm,51,8,8,"75,81,82,14,40,41,54,55","QLP,SPOC","120,1800,600",True,False,4151.2693,-363.20042,0.60611678,2.6437848,6,smeared,-0.43562058,1.7032226,-0.25576256,-0.25576256,linear,0.56437942,0.3412594,0.60466308,1.7032226,8.516113,802423.27,OK,-0.25576256,BACKGROUND_TEST_UNAVAILABLE,0,,,,,,,0.02,0.97040525,0.1959921,0.43838329,0.088539981,322.0495,1.123283,8071,OK,True,0.43838329,0.99592195,-3.9052349,0.91221174,tracks_b,not_measurable,not_measurable,,False,,0,0,1,1,0.3,178.27768,382.93198,51,3.6752637,2,True,OK:2,0.76862451,210.75597,316.86163,185.78993,341.82767,263.8088,272.80459,84,143.36886,265.75175,51,3.5773708,1,True,OK:1,0.71345842,55.836248,185.24374,25.387426,215.69256,120.53999,125.00228,84,0,3
K07693.01,,4384909,184417746,tic_kic_crossid,CANDIDATE,CANDIDATE,6.4109718,132.9844,2.582,233.5,32.5,-32.5,0.013772,0.261,18.6,5383,4.486,15.631,0,0,0,0,1,296.22168,39.405762,13,OK,lightkurve,,2,"SPOC,TESS-SPOC",75,0.95942366,,224.02543,31.181269,3351.2007,3351.2007,840,98.770986,0,,335.04296,24,1.8635309,0.86544182,3703.3259,8183.0078,False,OK,PDCSAP_FLUX,SPOC,3703.3259,4279.1159,analytic,4363.1581,852.24122,OK,2,2,SPOC/PDCSAP_FLUX=3703ppm;TESS-SPOC/PDCSAP_FLUX=1197ppm,4,1,1,75,SPOC,120,False,False,50258.814,-30033.898,3.4605412,,1,odd_even_significant,15.530829,19.476735,0.79740411,0.79740411,linear,16.530829,0.86544182,0.052353203,19.476735,97.383675,4.4003801e+44,OK,0.79740411,OK,SAP_FLUX,SPOC,33.313085,346.57653,analytic,369.45917,128.0031,OK,2,2,SPOC/SAP_FLUX=33ppm;TESS-SPOC/SAP_FLUX=410ppm,4,1,1,75,SPOC,120,False,False,4229.2168,-1603.755,2.2726863,,1,,-0.85129775,1.6558023,-0.51413008,-0.51413008,linear,0.14870225,0.09612043,0.64639526,1.6558023,8.2790113,882502.58,OK,-0.51413008,BACKGROUND_TEST_AGREES,2,"SPOC,TESS-SPOC",-2338.088,3148.9994,-0.74248602,-0.95430995,PDC_DEEPER_THAN_SAP,0.02,6.455,0.097087393,2.5,0.037601624,7696.6768,0.87649459,1548,OK,True,2.5,1.0445863,7.8356885,,duration_inconsistent,not_measurable,not_measurable,,False,,0,0,1,1,0.1,4279.1159,10151.598,4,6.5515279,0,False,,0.23012861,1597.7888,3302.2712,1196.7341,3703.3259,2450.03,2506.5918,84,346.57653,585.57683,4,3.9507378,0,False,,3.842427,93.549836,349.55603,33.313085,409.79278,221.55293,376.4797,84,0,3
K04803.01,Kepler-1623 b,4473613,138572691,tic_kic_crossid_over_name_planet,CONFIRMED,CANDIDATE,4.3612589,132.53228,2.174,189.2,21.2,-21.2,0.012616,0.374,14.44,5520,4.544,14.951,0,0,0,0,1,294.0827,39.556099,13,QUERY_RETURNED_ZERO_ROWS,lightkurve,QUERY_RETURNED_ZERO_ROWS,0,,,0.96492924,,182.56461,20.4565,,,0,,0,,36,0,,,,,False,FLUX_COLUMN_NOT_PRESENT,,,,,,,,ENSEMBLE_NOT_ATTEMPTED,0,0,,0,0,0,,,,False,False,,,,,0,,,,,,,,,,,,,NO_USABLE_TRANSIT,,FLUX_COLUMN_NOT_PRESENT,,,,,,,,ENSEMBLE_NOT_ATTEMPTED,0,0,,0,0,0,,,,False,False,,,,,0,,,,,,,,,,,,,NO_USABLE_TRANSIT,,BACKGROUND_TEST_UNAVAILABLE,0,,,,,,,,,,,,,,0,too_few_points,False,,,,,inconclusive,not_measured,not_measured,,False,,0,0,1,1,0,,,0,,0,False,,,,,,,,,84,,,0,,0,False,,,,,,,,,84,0,3
K03811.01,,4638237,120765843,tic_kic_crossid,CANDIDATE,CANDIDATE,290.14017,307.25062,2.1583,4836,87.2,-87.2,0.083972,0.935,564,5631,4.212,13.906,0,0,0,0,1,286.15311,39.714901,13,OK,lightkurve,NO_USABLE_TRANSIT,12,"QLP,SPOC,TESS-SPOC","14,40,41,53,54,74,80,81",1.0633781,,5142.4966,92.726573,3362.7737,3362.7737,18,6.8449696,0,,52.909409,4,,,,,False,NO_USABLE_TRANSIT,PDCSAP_FLUX,QLP,,,none,,,TOO_FEW_MEMBERS,4,0,SPOC/PDCSAP_FLUX=NO_USABLE_TRANSIT;TESS-SPOC/PDCSAP_FLUX=NO_USABLE_TRANSIT;QLP/KSPSAP_FLUX=NO_USABLE_TRANSIT;QLP/DET_FLUX=NO_USABLE_TRANSIT,0,8,0,"80,81,14,40,41,53,54,74","QLP,SPOC","120,1800,200,600",True,False,,,,,4,smeared,,,,,,,,,,,,NO_USABLE_TRANSIT,,NO_USABLE_TRANSIT,SAP_FLUX,QLP,,,none,,,TOO_FEW_MEMBERS,3,0,SPOC/SAP_FLUX=NO_USABLE_TRANSIT;TESS-SPOC/SAP_FLUX=NO_USABLE_TRANSIT;QLP/SAP_FLUX=NO_USABLE_TRANSIT,0,8,0,"80,81,14,40,41,53,54,74","QLP,SPOC","120,1800,200,600",True,False,,,,,4,smeared,,,,,,,,,,,,NO_USABLE_TRANSIT,,BACKGROUND_TEST_UNAVAILABLE,0,,,,,,,0.5,,,,,,,0,too_few_points,False,,,,,inconclusive,not_measured,not_measured,,False,,0,0,1,1,0.1,,,0,,4,True,NO_USABLE_TRANSIT:4,,,,,,,,84,,,0,,3,True,NO_USABLE_TRANSIT:3,,,,,,,,84,0,3
K01659.01,Kepler-1762 b,4650733,122447896,tic_kic_crossid_over_name_planet,CONFIRMED,CANDIDATE,29.53909,143.91607,4.139,403.3,25.1,-25.1,0.018587,0.213,54.3,6572,4.365,15.111,0,0,0,0,1,290.49316,39.785519,13,QUERY_RETURNED_ZERO_ROWS,lightkurve,QUERY_RETURNED_ZERO_ROWS,0,,,0.96998304,,391.19416,24.346574,,,0,,0,,36,0,,,,,False,FLUX_COLUMN_NOT_PRESENT,,,,,,,,ENSEMBLE_NOT_ATTEMPTED,0,0,,0,0,0,,,,False,False,,,,,0,,,,,,,,,,,,,NO_USABLE_TRANSIT,,FLUX_COLUMN_NOT_PRESENT,,,,,,,,ENSEMBLE_NOT_ATTEMPTED,0,0,,0,0,0,,,,False,False,,,,,0,,,,,,,,,,,,,NO_USABLE_TRANSIT,,BACKGROUND_TEST_UNAVAILABLE,0,,,,,,,,,,,,,,0,too_few_points,False,,,,,inconclusive,not_measured,not_measured,,False,,0,0,1,1,0,,,0,,0,False,,,,,,,,,84,,,0,,0,False,,,,,,,,,84,0,3
K06118.01,,4739229,122070826,tic_kic_crossid,CANDIDATE,CANDIDATE,571.28089,368.0081,21.827,460.7,12.5,-12.5,0.020623,0.6109,163.5,7081,4.16,12.767,0,0,0,0,2,289.53336,39.836639,13,OK,lightkurve,,21,"QLP,SPOC,TESS-SPOC","14,40,41,54,55,74,75,80,81",0.98740677,teff_clamped_to_grid,454.8983,12.342585,3342.5361,3342.5361,9,72.969712,0,,546.31414,9,2.6396413,0.44522381,99.254726,601.19372,False,OK,PDCSAP_FLUX,QLP,99.254726,222.93221,analytic,222.95082,2.8807089,OK,4,2,SPOC/PDCSAP_FLUX=96ppm;TESS-SPOC/PDCSAP_FLUX=OK;QLP/KSPSAP_FLUX=104ppm;QLP/DET_FLUX=OK,2,9,2,"40,41,74,75,80,81,14,54,55","QLP,SPOC","120,1800,600",False,False,3721.7125,8.4726733,0.018677543,0.00034885061,12,,-0.78180898,0.49340177,-1.5845281,-1.5845281,linear,0.21819102,0.44522381,2.040523,0.49340177,2.4670089,4907.0503,OK,-1.5845281,OK,SAP_FLUX,QLP,230.74989,203.59591,analytic,213.48022,64.206788,OK,3,3,SPOC/SAP_FLUX=193ppm;TESS-SPOC/SAP_FLUX=123ppm;QLP/SAP_FLUX=4ppm,2,9,2,"40,41,74,75,80,81,14,54,55","QLP,SPOC","120,1800,600",False,False,3575.9817,105.93088,0.2495063,0.062253396,12,,-0.492744,0.47272755,-1.0423425,-1.0423425,linear,0.507256,1.133372,2.2343195,0.47272755,2.3636378,4380.4655,OK,-1.0423425,BACKGROUND_TEST_AGREES,1,SPOC,96.980747,385.41544,0.25162652,1.0123374,SAP_DEEPER_THAN_PDC,0.0318664,54.5675,0.82073064,2.5,0.037601624,477.76194,1.1037191,3340,OK,True,2.5,0.98316934,17.160759,,duration_inconsistent,not_measurable,not_measurable,,False,,0,0,1,1,0.2,222.93221,2.9566975,2,0.00034885061,2,True,OK:2,0.029023393,97.154467,102.91588,95.798839,104.27151,100.03518,5.016787,84,203.59591,37.399841,2,0.062253396,0,False,,0.27825273,41.892305,170.30588,3.9360919,192.77959,122.54926,226.8138,84,0,3
K06118.02,,4739229,122070826,tic_kic_crossid,CANDIDATE,CANDIDATE,4.6618592,133.58514,3.164,49.3,3.8,-3.8,0.006553,0.2695,10.93,7081,4.16,12.767,0,0,0,0,2,289.53336,39.836639,13,OK,lightkurve,,21,"QLP,SPOC,TESS-SPOC","14,40,41,54,55,74,75,80,81",0.97430723,teff_clamped_to_grid,48.033347,3.7023675,3346.3707,3346.3707,1154,64.018801,0,,239.5164,18,2.2169026,0.4722337,50.823641,239.17722,False,OK,PDCSAP_FLUX,QLP,50.823641,131.33584,bootstrap,157.50585,86.942438,OK,4,2,SPOC/PDCSAP_FLUX=OK;TESS-SPOC/PDCSAP_FLUX=89ppm;QLP/KSPSAP_FLUX=344ppm;QLP/DET_FLUX=OK,38,9,9,"40,41,74,75,80,81,14,54,55","QLP,SPOC","120,1800,600",False,False,3736.1062,618.27271,2.3470148,1.4055959,12,,0.058090781,3.2803806,0.017708549,0.017708549,linear,1.0580908,0.38697464,0.36572915,3.2803806,16.401903,6.3796784e+08,OK,0.017708549,OK,SAP_FLUX,QLP,79.594837,127.84844,bootstrap,128.93593,16.71074,OK,3,3,SPOC/SAP_FLUX=91ppm;TESS-SPOC/SAP_FLUX=115ppm;QLP/SAP_FLUX=140ppm,44,9,9,"40,41,74,75,80,81,14,54,55","QLP,SPOC","120,1800,600",False,False,3568.1416,755.09255,3.18871,1.9027443,12,odd_even_significant,0.65707458,2.6858722,0.24464105,0.24464105,linear,1.6570746,0.62257182,0.37570537,2.6858722,13.429361,32646718,OK,0.24464105,BACKGROUND_TEST_AGREES,1,TESS-SPOC,26.554043,172.49629,0.15393979,0.2995611,SAP_DEEPER_THAN_PDC,0.02,7.91,0.45484062,2.5,0.14375494,149.40088,1.0452173,13338,OK,True,2.5,1.0002014,9.0468396,,duration_inconsistent,not_measurable,not_measurable,,False,,0,0,1,1,0.5,107.62392,131.33584,52,1.7721709,2,True,OK:2,1.7106692,129.55725,303.44213,88.643161,344.35621,216.49969,293.53257,84,93.529308,127.84844,53,2.1434443,0,False,,0.20994753,98.968578,132.39006,91.331578,140.48081,115.1972,60.885975,84,0,3
K04649.01,,4750669,137897022,tic_kic_crossid,CANDIDATE,CANDIDATE,3.3841989,131.9355,1.485,228.2,24.5,-24.5,0.013798,0.176,17.39,5613,4.581,15.446,0,0,0,0,1,292.96661,39.899639,13,OK,lightkurve,,2,"SPOC,TESS-SPOC",81,0.96061446,,219.21222,23.535054,3521.7901,3521.7901,1642,59.377455,0,,200.40736,23,1.6893388,0.15554055,679.16831,7313.9523,False,OK,PDCSAP_FLUX,SPOC,679.16831,4279.2718,bootstrap,4284.0617,202.52746,OK,2,2,SPOC/PDCSAP_FLUX=679ppm;TESS-SPOC/PDCSAP_FLUX=1275ppm,8,1,1,81,SPOC,120,False,False,60334.607,13288.856,1.4804931,,1,,2.0982228,19.543346,0.10736252,0.10736252,linear,3.0982228,0.15871119,0.051226524,19.543346,97.716732,6.0076152e+44,OK,0.10736252,OK,SAP_FLUX,SPOC,447.81323,2056.7886,bootstrap,2057.5897,57.411103,OK,2,2,SPOC/SAP_FLUX=448ppm;TESS-SPOC/SAP_FLUX=617ppm,8,1,1,81,SPOC,120,False,False,25741.761,6477.2414,1.6506251,,1,,1.0428297,9.3870383,0.11109252,0.11109252,linear,2.0428297,0.21772448,0.10657985,9.3870383,46.935192,5.3034628e+22,OK,0.11109252,BACKGROUND_TEST_AGREES,2,"SPOC,TESS-SPOC",-425.97427,3501.9335,-0.12163974,-0.43600107,PDC_DEEPER_THAN_SAP,0.02,2.0779629,0.38426265,1.3993016,0.25876273,3891.1442,0.95262978,1780,OK,False,1.3993016,1.0106779,1.2492826,,fixed_b,not_measurable,not_measurable,,False,,0,0,1,1,0.1,4366.5032,4279.2718,8,1.0670128,0,False,,0.29819922,774.47535,1179.5303,679.16831,1274.8373,977.00281,595.669,84,1921.7475,2056.7886,8,1.2115041,0,False,,0.12820323,474.83022,589.65243,447.81323,616.66942,532.24133,168.85618,84,0,3
K00497.01,Kepler-168 c,4757437,378087276,tic_kic_crossid_over_name_planet,CONFIRMED,CANDIDATE,13.193228,175.6096,5.0036,585.7,12.4,-12.4,0.022023,0.005,20.59499,5946,4.309,14.606,0,0,0,0,2,294.71017,39.8251,13,QUERY_RETURNED_ZERO_ROWS,lightkurve,QUERY_RETURNED_ZERO_ROWS,0,,,0.9632257,,564.16129,11.943999,,,0,,0,,36,0,,,,,False,FLUX_COLUMN_NOT_PRESENT,,,,,,,,ENSEMBLE_NOT_ATTEMPTED,0,0,,0,0,0,,,,False,False,,,,,0,,,,,,,,,,,,,NO_USABLE_TRANSIT,,FLUX_COLUMN_NOT_PRESENT,,,,,,,,ENSEMBLE_NOT_ATTEMPTED,0,0,,0,0,0,,,,False,False,,,,,0,,,,,,,,,,,,,NO_USABLE_TRANSIT,,BACKGROUND_TEST_UNAVAILABLE,0,,,,,,,,,,,,,,0,too_few_points,False,,,,,inconclusive,not_measured,not_measured,,False,,0,0,1,1,0,,,0,,0,False,,,,,,,,,84,,,0,,0,False,,,,,,,,,84,0,3
K00497.02,Kepler-168 b,4757437,378087276,tic_kic_crossid_over_name_planet,CONFIRMED,CANDIDATE,4.425351,134.56312,3.504,179,9,-9,0.012217,0.177,9.63,5946,4.309,14.606,0,0,0,0,2,294.71017,39.8251,13,QUERY_RETURNED_ZERO_ROWS,lightkurve,QUERY_RETURNED_ZERO_ROWS,0,,,0.96460411,,172.66414,8.681437,,,0,,0,,36,0,,,,,False,FLUX_COLUMN_NOT_PRESENT,,,,,,,,ENSEMBLE_NOT_ATTEMPTED,0,0,,0,0,0,,,,False,False,,,,,0,,,,,,,,,,,,,NO_USABLE_TRANSIT,,FLUX_COLUMN_NOT_PRESENT,,,,,,,,ENSEMBLE_NOT_ATTEMPTED,0,0,,0,0,0,,,,False,False,,,,,0,,,,,,,,,,,,,NO_USABLE_TRANSIT,,BACKGROUND_TEST_UNAVAILABLE,0,,,,,,,,,,,,,,0,too_few_points,False,,,,,inconclusive,not_measured,not_measured,,False,,0,0,1,1,0,,,0,,0,False,,,,,,,,,84,,,0,,0,False,,,,,,,,,84,0,3
K01475.01,Kepler-1669 c,4770365,169457234,tic_kic_crossid_over_name_planet,CONFIRMED,CANDIDATE,1.6093219,178.94178,1.6067,728.5,24.4,-24.4,0.023817,0.016,7.856,4224,4.662,15.937,0,0,0,0,3,297.43039,39.847839,13,OK,lightkurve,,2,"SPOC,TESS-SPOC",75,0.94180187,,686.10266,22.979966,3353.2812,3353.2812,3319,14.725205,0,,68.276115,12,1.4437627,0.32964842,1126.0962,5029.7785,False,OK,PDCSAP_FLUX,SPOC,1126.0962,3671.5755,bootstrap,3671.5755,,TOO_FEW_MEMBERS,2,1,SPOC/PDCSAP_FLUX=1126ppm;TESS-SPOC/PDCSAP_FLUX=OK,16,1,1,75,SPOC,120,False,False,65634.711,-11002.762,1.4380515,,1,,0.64129397,5.3516884,0.11983021,0.11983021,linear,1.641294,0.30670652,0.18686873,5.3516884,26.758442,2.8670344e+14,OK,0.11983021,OK,SAP_FLUX,SPOC,-359.05807,1646.3313,bootstrap,1646.3313,,TOO_FEW_MEMBERS,2,0,SPOC/SAP_FLUX=OK;TESS-SPOC/SAP_FLUX=OK,17,1,1,75,SPOC,120,False,False,30076,-5813.9169,1.982088,,1,,-1.52333,2.4002953,-0.63464273,-0.63464273,linear,-0.52332995,-0.21809588,0.41674642,2.4002953,12.001477,1.1183081e+08,OK,-0.63464273,BACKGROUND_TEST_UNAVAILABLE,0,,,,,,,0.023268768,0.66261224,1.5680233,0.4124057,0.97592786,4243.4049,1.0792271,3856,OK,True,0.4124057,1.0065794,-0.37695136,0.93272093,fixed_b,not_measurable,not_measurable,,False,,0,0,1,1,0.1,3416.052,3671.5755,16,1.2351083,1,True,OK:1,,,,,,,,84,1569.2865,1646.3313,17,1.1971613,2,True,OK:2,,,,,,,,84,0,3
K01475.02,Kepler-1669 b,4770365,169457234,tic_kic_crossid_over_name_planet,CONFIRMED,CANDIDATE,9.5122005,185.47893,2.9497,1169.4,40.2,-40.2,0.030147,0.133,25.17,4224,4.662,15.937,0,0,0,0,3,297.43039,39.847839,13,OK,lightkurve,,2,"SPOC,TESS-SPOC",75,0.94325243,,1103.0394,37.918748,3354.8234,3354.8234,561,26.279636,0,,123.08441,12,1.858558,0.066753092,411.96613,11286.316,False,OK,PDCSAP_FLUX,SPOC,411.96613,6171.4913,analytic,6171.4913,,TOO_FEW_MEMBERS,2,1,SPOC/PDCSAP_FLUX=412ppm;TESS-SPOC/PDCSAP_FLUX=OK,3,1,1,75,SPOC,120,False,False,69834.282,12684.536,0.87799333,,1,,-0.6265173,5.5953163,-0.11197174,-0.11197174,linear,0.3734827,0.066753092,0.17873142,5.5953163,27.976581,1.5583533e+15,OK,-0.11197174,OK,SAP_FLUX,SPOC,-177.06977,2893.7969,analytic,2893.7969,,TOO_FEW_MEMBERS,2,0,SPOC/SAP_FLUX=OK;TESS-SPOC/SAP_FLUX=OK,3,1,1,75,SPOC,120,False,False,31967.178,3384.3496,0.51732314,,1,,-1.160529,2.6241772,-0.44224489,-0.44224489,linear,-0.16052896,-0.061189424,0.38117374,2.6241772,13.120886,5.5070444e+08,OK,-0.44224489,BACKGROUND_TEST_UNAVAILABLE,0,,,,,,,0.029776532,5.9547727,0.7993023,2.0187723,0.27097749,-8459.1139,1.0331481,1276,OK,True,2.0187723,0.98841959,4.8905995,,duration_inconsistent,not_measurable,not_measurable,,False,,0,0,1,1,0.1,6171.4913,3340.1159,3,0.45318396,1,True,OK:1,,,,,,,,84,2893.7969,908.8369,3,0.15701746,2,True,OK:2,,,,,,,,84,0,3
K01475.03,Kepler-1669 d,4770365,169457234,tic_kic_crossid_over_name_planet,CONFIRMED,CANDIDATE,4.7294118,132.93871,2.234,434.3,33.7,-33.7,0.018507,0.236,16.04,4224,4.662,15.937,0,0,0,0,3,297.43039,39.847839,13,OK,lightkurve,,2,"SPOC,TESS-SPOC",75,0.94648295,,411.05755,31.896475,3352.7388,3352.7388,1139,51.048528,0,,186.65558,16,1.0925483,-0.48456597,-2186.4225,5049.9768,False,OK,PDCSAP_FLUX,SPOC,-2186.4225,4512.1256,analytic,4512.1256,,TOO_FEW_MEMBERS,2,0,SPOC/PDCSAP_FLUX=OK;TESS-SPOC/PDCSAP_FLUX=OK,6,1,1,75,SPOC,120,False,False,64235.874,1985.6035,0.21708639,,1,,-6.319018,10.977259,-0.57564626,-0.57564626,linear,-5.319018,-0.48456597,0.091100644,10.977259,54.886295,2.8230434e+26,OK,-0.57564626,OK,SAP_FLUX,SPOC,-824.6957,2045.6688,analytic,2045.6688,,TOO_FEW_MEMBERS,2,0,SPOC/SAP_FLUX=OK;TESS-SPOC/SAP_FLUX=OK,6,1,1,75,SPOC,120,False,False,28373.702,1238.2476,0.30017647,,1,,-3.006278,4.9774556,-0.60397887,-0.60397887,linear,-2.006278,-0.40314234,0.20094042,4.9774556,24.887278,2.6442958e+13,OK,-0.60397887,BACKGROUND_TEST_UNAVAILABLE,0,,,,,,,0.02,4.2426888,0.42100421,1.8991445,0.18845309,-6644.7586,0.93438606,2011,OK,False,1.8991445,,,,inconclusive,not_measurable,not_measurable,,False,,0,0,1,1,0.1,4512.1256,3707.6312,6,0.84649988,2,True,OK:2,,,,,,,,84,2045.6688,1618.9183,6,0.76023092,2,True,OK:2,,,,,,,,84,0,3
K01660.01,,4830605,122301410,tic_kic_crossid,CANDIDATE,CANDIDATE,35.636402,164.17496,4.888,452.6,34.3,-34.3,0.020525,0.654,43.6,5926,4.532,15.614,0,0,0,0,1,290.24103,39.96801,13,OK,lightkurve,,2,"SPOC,TESS-SPOC",80,0.98750989,,446.94697,33.871589,3485.1809,3485.1809,154,83.183387,0,,322.87016,16,2.1679222,1.7154371,12037.453,13460.601,False,OK,PDCSAP_FLUX,SPOC,12037.453,7017.1347,analytic,7037.4589,534.46,OK,2,2,SPOC/PDCSAP_FLUX=12037ppm;TESS-SPOC/PDCSAP_FLUX=13609ppm,1,1,1,80,SPOC,120,False,False,58579.183,,,,1,,25.932621,15.745885,1.6469459,1.6469459,linear,26.932621,1.7154371,0.063693657,15.745885,78.729427,6.9504334e+36,OK,1.6469459,OK,SAP_FLUX,SPOC,4987.1355,3148.8012,analytic,3149.1682,48.074481,OK,2,2,SPOC/SAP_FLUX=4987ppm;TESS-SPOC/SAP_FLUX=5129ppm,1,1,1,80,SPOC,120,False,False,26286.256,,,,1,,10.158226,7.0465397,1.4415907,1.4415907,linear,11.158226,1.5838204,0.14194195,7.0465397,35.232699,8.9458708e+17,OK,1.4415907,BACKGROUND_TEST_AGREES,2,"SPOC,TESS-SPOC",-7681.9155,5747.8393,-1.3364875,-0.59905338,PDC_DEEPER_THAN_SAP,0.034641716,5.3570438,1.3015217,1.0959582,0.26626876,8097.789,1.0900326,734,OK,False,1.0959582,1.1393245,-0.15183906,0.55161111,fixed_b,not_measurable,not_measurable,,False,,0,0,1,1,0.1,7017.1347,,1,0,0,False,,0.044399757,12288.964,13357.884,12037.453,13609.395,12823.424,1571.9412,84,3148.8012,,1,0,0,False,,0.0096396982,5009.7587,5105.9077,4987.1355,5128.531,5057.8332,141.39553,84,0,3
K00232.01,Kepler-122 c,4833421,122714267,tic_kic_crossid_over_name_planet,CONFIRMED,CANDIDATE,12.466004,134.00326,5.0066,2232.1,8.1,-8.1,0.043414,0.209,19.46,6038,4.284,14.247,0,0,0,0,5,291.11188,39.949108,13,OK,lightkurve,,9,"SPOC,TESS-SPOC","14,74,75,81,82",0.96557085,,2155.2507,7.8211239,3364.783,3364.783,433,3.498941,-0.0300396,0.0085853405,85.595823,10,4.9144255,4.9144255,3169.6024,3169.6024,True,OK,PDCSAP_FLUX,SPOC,3169.6024,644.95888,analytic,646.23415,40.578664,OK,2,2,SPOC/PDCSAP_FLUX=3170ppm;TESS-SPOC/PDCSAP_FLUX=3289ppm,7,5,4,"74,75,81,82,14","SPOC,TESS-SPOC","120,1800",False,False,13289.878,-2626.5658,2.0326708,1.4300267,4,,0.3856991,0.20995769,1.8370325,1.5481459,ln,1.4706421,4.9144255,3.341687,0.3040037,1.5200185,7699.2229,OK,1.8370325,OK,SAP_FLUX,SPOC,2370.8488,604.90858,bootstrap,629.45619,174.07097,OK,2,2,SPOC/SAP_FLUX=1867ppm;TESS-SPOC/SAP_FLUX=2379ppm,10,5,5,"74,75,81,82,14","SPOC,TESS-SPOC","120,1800",False,False,6621.9225,-1764.119,3.011139,8.1090639,4,odd_even_significant;sector_scatter,0.095340966,0.27018973,0.35286673,0.33757776,ln,1.1000339,3.9193505,3.5629362,0.29632836,1.4816418,7328.2057,OK,0.35286673,BACKGROUND_TEST_AGREES,2,"SPOC,TESS-SPOC",-1162.085,599.03051,-1.9399429,-0.3598592,PDC_DEEPER_THAN_SAP,0.043429342,4.855995,0.14833983,0.9699187,0.029628857,2065.8906,0.97136384,5000,OK,False,0.9699187,1.0092268,-0.67648322,0.3249726,fixed_b,consistent,consistent,odd_even_significant,False,,0,0,1,1,0.2,644.95888,806.53987,10,1.733281,0,False,,0.012802446,3188.6982,3269.8555,3169.6024,3288.9514,3229.2769,119.34901,84,292.85371,604.90858,12,4.6297437,0,False,,0.073421372,1949.3787,2297.5207,1867.463,2379.4364,2123.4497,503.38577,84,-2.0860833e-05,3
K00232.02,Kepler-122 b,4833421,122714267,tic_kic_crossid_over_name_planet,CONFIRMED,CANDIDATE,5.7661656,134.01725,3.8314,364.8,5.9,-5.9,0.017485,0.017,11.711,6038,4.284,14.247,0,0,0,0,5,291.11188,39.949108,13,OK,lightkurve,,9,"SPOC,TESS-SPOC","14,74,75,81,82",0.96366366,,351.5445,5.6856156,3364.1483,3364.1483,936,10.384141,0,,88.623424,10,1.7522137,1.0403657,433.44015,685.69716,False,OK,PDCSAP_FLUX,SPOC,433.44015,511.07435,bootstrap,519.40417,92.648285,OK,2,2,SPOC/PDCSAP_FLUX=194ppm;TESS-SPOC/PDCSAP_FLUX=466ppm,19,5,5,"74,75,81,82,14","SPOC,TESS-SPOC","120,1800",False,False,13260.582,538.42312,0.56915649,0.98545958,4,,0.23295954,1.4784262,0.15757265,0.15757265,linear,1.2329595,0.84809607,0.68785394,1.4784262,7.392131,570261.93,OK,0.15757265,OK,SAP_FLUX,SPOC,493.42663,298.78179,bootstrap,312.78191,92.530862,OK,2,2,SPOC/SAP_FLUX=260ppm;TESS-SPOC/SAP_FLUX=533ppm,22,5,5,"74,75,81,82,14","SPOC,TESS-SPOC","120,1800",False,False,6842.5716,252.06075,0.46193947,1.882932,4,,0.40359648,0.89128686,0.45282445,0.45282445,linear,1.4035965,1.6514615,1.1765928,0.89128686,4.4564343,29944.444,OK,0.45282445,BACKGROUND_TEST_AGREES,2,"SPOC,TESS-SPOC",66.712926,305.1757,0.21860497,0.20220042,SAP_DEEPER_THAN_PDC,0.02,1.9567477,2.2570725,0.51071349,0.58909862,486.72464,1.0200157,9305,OK,False,0.51071349,1.0019023,-0.58362419,0.8748268,fixed_b,not_measurable,not_measurable,,False,,0,0,1,1,0.2,416.62289,511.07435,21,1.1623072,0,False,,0.21375105,237.28637,422.58294,193.68718,466.18214,329.93466,239.75297,84,206.333,298.78179,23,1.2504739,0,False,,0.1875271,304.00937,489.0711,260.46544,532.61503,396.54024,232.96119,84,0,3
K00232.03,Kepler-122 d,4833421,122714267,tic_kic_crossid_over_name_planet,CONFIRMED,CANDIDATE,21.587528,142.96728,4.4968,336.8,10.4,-10.4,0.016798,0.009,37.29,6038,4.284,14.247,0,0,0,0,5,291.11188,39.949108,13,OK,lightkurve,,9,"SPOC,TESS-SPOC","14,74,75,81,82",0.96365471,,324.55891,10.022009,3372.8493,3372.8493,250,27.27343,0,,149.27229,9,0.57388695,-0.33844299,-324.13367,498.25854,False,OK,PDCSAP_FLUX,SPOC,-324.13367,957.72015,analytic,957.72015,,TOO_FEW_MEMBERS,2,0,SPOC/PDCSAP_FLUX=OK;TESS-SPOC/PDCSAP_FLUX=OK,4,5,4,"74,75,81,82,14","SPOC,TESS-SPOC","120,1800",False,False,13023.102,3782.6924,1.8201105,1.2710098,4,,-1.9986898,2.9514212,-0.67719571,-0.67719571,linear,-0.99868979,-0.33844299,0.338887,2.9514212,14.757106,8.3219122e+08,OK,-0.67719571,OK,SAP_FLUX,SPOC,197.85727,519.6368,analytic,519.84542,14.726018,OK,2,2,SPOC/SAP_FLUX=269ppm;TESS-SPOC/SAP_FLUX=225ppm,4,5,4,"74,75,81,82,14","SPOC,TESS-SPOC","120,1800",False,False,6497.7066,1210.7566,0.8913328,0.47044882,4,,-0.39038102,1.6027759,-0.24356556,-0.24356556,linear,0.60961898,0.3807607,0.62458799,1.6027759,8.0138796,980694.03,OK,-0.24356556,BACKGROUND_TEST_UNAVAILABLE,0,,,,,,,0.02,9.3595632,0.28591381,2.081383,0.063581617,-1051.2945,0.96524612,2584,OK,False,2.081383,,,,inconclusive,not_measurable,not_measurable,,False,,0,0,1,1,0.1,957.72015,1060.6116,5,1.2710098,2,True,OK:2,,,,,,,,84,519.6368,363.86086,5,0.47044882,0,False,,0.074427479,232.16506,261.61709,225.23517,268.54698,246.89107,70.689711,84,0,3
K00232.04,Kepler-122 e,4833421,122714267,tic_kic_crossid_over_name_planet,CONFIRMED,CANDIDATE,37.996237,162.97984,6.7751,403.7,11,-11,0.018389,0.023,43.624,6038,4.284,14.247,0,0,0,0,5,291.11188,39.949108,13,OK,lightkurve,,9,"SPOC,TESS-SPOC","14,74,75,81,82",0.96367398,,389.03519,10.600414,3353.4493,3353.4493,141,31.12765,0,,195.00945,10,-0.001587602,-0.001587602,-1.5181025,-1.5181025,False,OK,PDCSAP_FLUX,SPOC,-1.5181025,956.22359,analytic,956.22359,,TOO_FEW_MEMBERS,2,1,SPOC/PDCSAP_FLUX=OK;TESS-SPOC/PDCSAP_FLUX=708ppm,3,5,3,"74,75,81,82,14","SPOC,TESS-SPOC","120,1800",False,False,16203.183,3929.3913,2.0273942,2.4389436,4,,-1.0039022,2.4585955,-0.40832346,-0.40832346,linear,-0.0039022241,-0.001587602,0.40684542,2.4585955,12.292978,84870974,OK,-0.40832346,OK,SAP_FLUX,SPOC,-1774.0985,507.47534,analytic,507.47534,,TOO_FEW_MEMBERS,2,0,SPOC/SAP_FLUX=OK;TESS-SPOC/SAP_FLUX=OK,3,5,3,"74,75,81,82,14","SPOC,TESS-SPOC","120,1800",False,False,7911.0894,6131.0225,5.9686873,17.94793,4,odd_even_significant;sector_scatter,-5.5602521,1.3056881,-4.2584841,-4.2584841,linear,-4.5602521,-3.4959305,0.76660905,1.3056881,6.5284405,265839.49,OK,-4.2584841,BACKGROUND_TEST_UNAVAILABLE,0,,,,,,,0.02,15.454741,0.69756487,2.2811088,0.10296008,-1384.1156,0.99606829,2894,OK,False,2.2811088,,,,inconclusive,not_measurable,not_measurable,,False,,0,0,1,1,0.1,956.22359,1246.3377,3,2.4389436,1,True,OK:1,,,,,,,,84,507.47534,1833.1096,3,17.94793,2,True,OK:2,,,,,,,,84,0,3
K00232.05,Kepler-122 f,4833421,122714267,tic_kic_crossid_over_name_planet,CONFIRMED,CANDIDATE,56.259088,164.21993,8.114,348.8,12,-12,0.017091,0.026,53.86,6038,4.284,14.247,0,0,0,0,5,291.11188,39.949108,13,OK,lightkurve,,9,"SPOC,TESS-SPOC","14,74,75,81,82",0.96368031,,336.13169,11.564164,3341.8333,3341.8333,95,38.696967,0,,237.8009,9,0.83263105,-0.58921314,-706.34077,1026.1628,False,OK,PDCSAP_FLUX,SPOC,-706.34077,1198.7865,analytic,1198.7865,,TOO_FEW_MEMBERS,2,0,SPOC/PDCSAP_FLUX=OK;TESS-SPOC/PDCSAP_FLUX=OK,1,5,1,"74,75,81,82,14","SPOC,TESS-SPOC","120,1800",False,False,12910.286,,,,4,,-3.1013811,3.5669356,-0.86948053,-0.86948053,linear,-2.1013811,-0.58921314,0.28039328,3.5669356,17.834678,1.8707327e+10,OK,-0.86948053,OK,SAP_FLUX,SPOC,423.87115,486.46006,analytic,491.64956,71.245362,OK,2,2,SPOC/SAP_FLUX=424ppm;TESS-SPOC/SAP_FLUX=214ppm,2,5,2,"74,75,81,82,14","SPOC,TESS-SPOC","120,1800",False,False,7993.8006,-2883.3794,2.6803627,7.1843442,4,sector_scatter,0.26102705,1.4639281,0.17830592,0.17830592,linear,1.261027,0.87133804,0.6909749,1.4639281,7.3196407,507108.9,OK,0.17830592,BACKGROUND_TEST_UNAVAILABLE,0,,,,,,,0.02,4.2724501,7.6316586,0.52655288,0.94055442,-2464.0182,1.0610522,1216,OK,True,0.52655288,,,0.86478053,inconclusive,not_measurable,not_measurable,,False,,0,0,1,1,0.1,1198.7865,,3,0,2,True,OK:2,,,,,,,,84,486.46006,1044.0138,3,7.1843442,0,False,,0.16808259,247.8532,390.34392,214.32597,423.87115,319.09856,209.54518,84,0,3
K02120.01,Kepler-1680 b,4857213,169079027,tic_kic_crossid_over_name_planet,CONFIRMED,CANDIDATE,8.7742579,132.33386,2.2245,239.6,12.6,-12.6,0.017677,0.917,13.35,5146,4.445,13.714,0,0,0,0,1,297.07465,39.933849,13,OK,lightkurve,,14,"QLP,SPOC,TESS-SPOC","14,15,41,54,55,75,81,82",1.0603166,,254.05187,13.35999,3510.6649,3510.7112,632,27.01285,66.721653,2.4699968,114.40605,14,10.283225,-1.3382463,-656.91465,4484.2627,True,OK,PDCSAP_FLUX,QLP,4484.2627,4170.7985,bootstrap,6130.9394,4493.6464,OK,4,2,SPOC/PDCSAP_FLUX=OK;TESS-SPOC/PDCSAP_FLUX=OK;QLP/KSPSAP_FLUX=13694ppm;QLP/DET_FLUX=477ppm,22,8,8,"75,81,82,14,15,41,54,55","QLP,SPOC","120,1800,600",True,False,7481.999,8021.7435,1.1887396,84.748155,6,smeared;sector_scatter,16.650973,24.132738,0.68997447,0.68997447,linear,17.650973,1.0751569,0.060912045,24.132738,120.66369,6.4342348e+54,OK,0.68997447,OK,SAP_FLUX,QLP,2220.0072,2537.8047,bootstrap,2537.8047,,TOO_FEW_MEMBERS,3,1,SPOC/SAP_FLUX=OK;TESS-SPOC/SAP_FLUX=OK;QLP/SAP_FLUX=8803ppm,22,8,8,"75,81,82,14,15,41,54,55","QLP,SPOC","120,1800,600",True,False,5689.9682,4932.0006,0.99484468,89.587992,6,smeared;sector_scatter,7.7384014,9.9895806,0.77464727,0.77464727,linear,8.7384014,0.87477465,0.10010694,9.9895806,49.947903,1.2503197e+24,OK,0.77464727,BACKGROUND_TEST_UNAVAILABLE,0,,,,,,,0.10094467,1.6390256,0.15505695,0.7368063,0.069704182,1850.41,1.9985572,3257,OK,False,0.7368063,1.2681242,-4.8338929,0.96432619,tracks_b,not_measurable,not_measurable,,False,,0,0,1,1,0.2,436.07552,4170.7985,23,43.429613,2,True,OK:2,1.0020926,2591.5965,11578.889,476.93932,13693.546,7085.2429,9209.2838,84,319.89012,2537.8047,23,45.182338,2,True,OK:2,,,,,,,,84,0.046334481,3
K05099.01,,4914221,121865674,tic_kic_crossid,CANDIDATE,CANDIDATE,111.18712,195.2257,3.569,110.8,20.8,-20.8,0.010762,0.8164,141.8,5806,4.168,12.709,0,0,0,0,1,288.9306,40.057339,13,OK,lightkurve,,21,"QLP,SPOC,TESS-SPOC","14,40,41,54,55,74,75,80,81",1.0118169,,112.10931,21.045792,3365.2075,3365.3809,48,174.21142,249.81572,1.4339802,576.16925,28,4.1188615,-1.4590351,-630.16126,1736.0239,True,OK,PDCSAP_FLUX,QLP,1736.0239,421.4815,analytic,620.72161,455.68483,OK,4,4,SPOC/PDCSAP_FLUX=1842ppm;TESS-SPOC/PDCSAP_FLUX=1483ppm;QLP/KSPSAP_FLUX=1639ppm;QLP/DET_FLUX=233ppm,3,9,3,"40,41,74,75,80,81,14,54,55","QLP,SPOC","120,1800,600",False,False,2156.5347,-203.51503,0.24120361,0.57831487,12,,2.7398783,0.40692198,6.7331784,2.6145632,ln,15.4851,4.1188615,0.26598869,5.5401605,27.700802,1.2021187e+14,OK,6.7331784,OK,SAP_FLUX,QLP,1284.9492,319.95949,analytic,346.17407,132.14542,OK,3,3,SPOC/SAP_FLUX=1122ppm;TESS-SPOC/SAP_FLUX=879ppm;QLP/SAP_FLUX=1267ppm,3,9,3,"40,41,74,75,80,81,14,54,55","QLP,SPOC","120,1800,600",False,False,2151.0475,553.04321,0.78729706,0.46262983,12,,2.4390001,0.33214596,7.3431574,3.3813208,ln,11.461574,4.0159748,0.35038596,3.0939314,15.469657,5.8617625e+08,OK,7.3431574,BACKGROUND_TEST_AGREES,2,"SPOC,TESS-SPOC",-669.29259,538.99027,-1.2417526,-0.40255021,PDC_DEEPER_THAN_SAP,0.031282945,3.256511,0.04898004,0.91244354,0.013723743,1281.6047,0.97279532,671,OK,False,0.91244354,1.0874826,-0.81973909,0.85204136,fixed_b,not_measurable,not_measurable,,False,,0,0,1,1,0.3,421.4815,271.99622,3,0.57831487,0,False,,0.26248764,833.11262,1744.4823,233.13055,1842.1695,1560.8738,1502.8934,84,319.95949,227.06455,3,0.46262983,0,False,,0.10284097,956.6759,1220.9667,878.64828,1267.3113,1122.4846,406.30095,84,0.17348314,3
K02899.01,,4939533,184246677,tic_kic_crossid,CANDIDATE,CANDIDATE,5.7720718,134.93042,2.605,328.5,29,-29,0.016375,0.018,17.211,5591,4.559,15.703,0,0,0,0,1,295.84747,40.006721,13,QUERY_RETURNED_ZERO_ROWS,lightkurve,QUERY_RETURNED_ZERO_ROWS,0,,,0.95862397,,314.90798,27.800095,,,0,,0,,36,0,,,,,False,FLUX_COLUMN_NOT_PRESENT,,,,,,,,ENSEMBLE_NOT_ATTEMPTED,0,0,,0,0,0,,,,False,False,,,,,0,,,,,,,,,,,,,NO_USABLE_TRANSIT,,FLUX_COLUMN_NOT_PRESENT,,,,,,,,ENSEMBLE_NOT_ATTEMPTED,0,0,,0,0,0,,,,False,False,,,,,0,,,,,,,,,,,,,NO_USABLE_TRANSIT,,BACKGROUND_TEST_UNAVAILABLE,0,,,,,,,,,,,,,,0,too_few_points,False,,,,,inconclusive,not_measured,not_measured,,False,,0,0,1,1,0,,,0,,0,False,,,,,,,,,84,,,0,,0,False,,,,,,,,,84,0,3
K03421.01,,5004909,122139098,tic_kic_crossid,CANDIDATE,CANDIDATE,40.651102,164.5528,11.282,136.4,9.3,-9.3,0.011351,0.682,20.56,6297,4.26,13.935,0,0,0,0,1,289.91971,40.16853,13,OK,lightkurve,,8,"SPOC,TESS-SPOC","74,75,80,82",0.99119605,,135.19914,9.2181233,3363.4983,3363.4983,132,147.18608,0,,610.78824,14,1.7799523,1.1121072,495.51905,818.58941,False,OK,PDCSAP_FLUX,SPOC,495.51905,445.56771,analytic,445.56771,,TOO_FEW_MEMBERS,2,1,SPOC/PDCSAP_FLUX=496ppm;TESS-SPOC/PDCSAP_FLUX=OK,3,4,3,"74,75,80,82",SPOC,120,False,False,10627.625,718.77744,0.72671427,1.1194712,4,,2.665105,3.2967245,0.80840998,0.80840998,linear,3.665105,1.1121072,0.30343119,3.2967245,16.483622,1.9485888e+09,OK,0.80840998,OK,SAP_FLUX,SPOC,624.68148,374.43472,analytic,391.99266,116.00379,OK,2,2,SPOC/SAP_FLUX=625ppm;TESS-SPOC/SAP_FLUX=283ppm,3,4,3,"74,75,80,82",SPOC,120,False,False,8089.8524,653.8734,0.78385968,1.6913363,4,,3.6204545,2.9006049,1.2481722,1.2481722,linear,4.6204545,1.6683321,0.36107533,2.9006049,14.503025,2.6887926e+08,OK,1.2481722,BACKGROUND_TEST_AGREES,1,SPOC,129.16243,582.00683,0.22192597,0.26066088,SAP_DEEPER_THAN_PDC,0.020785003,28.205,0.8356819,2.5,0.074072142,-321.70407,0.9497004,4946,OK,True,2.5,1.0187524,11.878573,,duration_inconsistent,not_measurable,not_measurable,,False,,0,0,1,1,0.1,445.56771,377.65754,3,1.1194712,1,True,OK:1,,,,,,,,84,374.43472,398.26559,3,1.6913363,0,False,,0.18570071,338.08387,570.09146,283.49385,624.68148,454.08766,341.18763,84,0,3
K03065.01,,5040077,171026551,tic_kic_crossid,CANDIDATE,CANDIDATE,0.89638227,132.29651,1.113,136.4,15.6,-15.6,0.010913,0.332,5.91,5837,4.502,14.603,0,0,0,0,1,298.53967,40.183659,13,OK,lightkurve,,2,"SPOC,TESS-SPOC",75,0.96809432,,132.04806,15.102271,3353.4503,3353.4503,6011,34.192098,0,,119.27129,22,2.82213,-3.6948061,-3389.0679,2880.2135,False,OK,PDCSAP_FLUX,SPOC,-3389.0679,1008.1105,bootstrap,1008.1105,,TOO_FEW_MEMBERS,2,0,SPOC/PDCSAP_FLUX=OK;TESS-SPOC/PDCSAP_FLUX=OK,29,1,1,75,SPOC,120,False,False,20460.104,-2942.519,1.5995527,,1,,-26.665411,7.6354411,-3.492321,-3.492321,linear,-25.665411,-3.361802,0.13098571,7.6354411,38.177206,5.0220591e+18,OK,-3.492321,OK,SAP_FLUX,SPOC,-1964.9811,578.63725,bootstrap,578.63725,,TOO_FEW_MEMBERS,2,0,SPOC/SAP_FLUX=OK;TESS-SPOC/SAP_FLUX=OK,30,1,1,75,SPOC,120,False,False,12773.039,-1456.3659,1.2979072,,1,,-15.880802,4.3837974,-3.6226131,-3.6226131,linear,-14.880802,-3.3958772,0.22820526,4.3837974,21.918987,4.3654302e+11,OK,-3.6226131,BACKGROUND_TEST_UNAVAILABLE,0,,,,,,,0.02,1.0155497,0.015274526,0.91244354,0.013723743,-2957.3325,1.1624329,4842,OK,False,0.91244354,,,0.5127268,inconclusive,not_measurable,not_measurable,,False,,0,0,1,1,0.2,917.2519,1008.1105,30,1.1187162,2,True,OK:2,,,,,,,,84,562.39116,578.63725,30,1.0551527,2,True,OK:2,,,,,,,,84,0,3
K04208.01,,5129453,171584953,tic_kic_crossid,CANDIDATE,CANDIDATE,3.0577267,133.06692,1.819,311,27.1,-27.1,0.015465,0.007,13.05,4483,4.57,15.745,0,0,0,0,1,298.98502,40.203709,13,OK,lightkurve,,2,"SPOC,TESS-SPOC",75,0.94470909,,293.80453,25.601616,3353.7814,3353.7814,1762,52.776179,0,,185.61354,20,1.9674188,-0.73265597,-3006.7654,8152.0005,False,OK,PDCSAP_FLUX,SPOC,-3006.7654,4103.9253,analytic,4103.9253,,TOO_FEW_MEMBERS,2,0,SPOC/PDCSAP_FLUX=OK;TESS-SPOC/PDCSAP_FLUX=OK,7,1,1,75,SPOC,120,False,False,61067.404,4965.0682,0.60482908,,1,,-11.233898,13.968578,-0.80422627,-0.80422627,linear,-10.233898,-0.73265597,0.071591099,13.968578,69.842891,6.3159788e+32,OK,-0.80422627,OK,SAP_FLUX,SPOC,51.81081,386.62697,bootstrap,386.62697,,TOO_FEW_MEMBERS,2,1,SPOC/SAP_FLUX=52ppm;TESS-SPOC/SAP_FLUX=OK,8,1,1,75,SPOC,120,False,False,7273.4263,-12.539403,0.013260541,,1,,-0.82365551,1.319762,-0.62409395,-0.62409395,linear,0.17634449,0.13400723,0.7599173,1.319762,6.5988102,215423.68,OK,-0.62409395,BACKGROUND_TEST_UNAVAILABLE,0,,,,,,,0.02,2.789575,0.62035303,1.5335761,0.3410407,-8844.7279,1.1104524,1909,OK,False,1.5335761,,,,inconclusive,not_measurable,not_measurable,,False,,0,0,1,1,0.1,4103.9253,4625.0898,8,1.2534739,2,True,OK:2,,,,,,,,84,472.185,386.62697,9,0.70886848,1,True,OK:1,,,,,,,,84,0,3
K01669.01,Kepler-924 b,5183357,122596334,tic_kic_crossid_over_name_planet,CONFIRMED,CANDIDATE,61.037359,175.17671,8.378,437.5,12.6,-12.6,0.019179,0.071,56.59,6309,4.154,14.171,0,0,0,0,1,290.66852,40.39772,13,QUERY_RETURNED_ZERO_ROWS,lightkurve,QUERY_RETURNED_ZERO_ROWS,0,,,0.96619516,,422.71038,12.174059,,,0,,0,,36,0,,,,,False,FLUX_COLUMN_NOT_PRESENT,,,,,,,,ENSEMBLE_NOT_ATTEMPTED,0,0,,0,0,0,,,,False,False,,,,,0,,,,,,,,,,,,,NO_USABLE_TRANSIT,,FLUX_COLUMN_NOT_PRESENT,,,,,,,,ENSEMBLE_NOT_ATTEMPTED,0,0,,0,0,0,,,,False,False,,,,,0,,,,,,,,,,,,,NO_USABLE_TRANSIT,,BACKGROUND_TEST_UNAVAILABLE,0,,,,,,,,,,,,,,0,too_few_points,False,,,,,inconclusive,not_measured,not_measured,,False,,0,0,1,1,0,,,0,,0,False,,,,,,,,,84,,,0,,0,False,,,,,,,,,84,0,3
K02666.01,,5342061,120104251,tic_kic_crossid,CANDIDATE,CANDIDATE,64.034363,159.0432,9.174,758.8,53.7,-53.7,0.040604,0.985,17.89,5691,4.561,15.341,0,0,0,0,1,284.11978,40.524281,13,OK,lightkurve,,6,"SPOC,TESS-SPOC","74,80,81",1.1301704,,857.57329,60.69015,3498.9984,3498.9984,86,130.31764,0,,528.56293,14,1.518277,0.026897015,68.910027,4191.5759,False,OK,PDCSAP_FLUX,SPOC,68.910027,2561.9954,analytic,2569.8951,201.34634,OK,2,2,SPOC/PDCSAP_FLUX=69ppm;TESS-SPOC/PDCSAP_FLUX=661ppm,1,3,1,"74,80,81",SPOC,120,False,False,29267.456,,,,3,,-0.91964532,2.9979585,-0.30675718,-0.30675718,linear,0.08035468,0.026897015,0.33472866,2.9979585,14.989793,2.7749514e+09,OK,-0.30675718,OK,SAP_FLUX,SPOC,199.89667,1117.1405,analytic,1124.1662,125.4855,OK,2,2,SPOC/SAP_FLUX=200ppm;TESS-SPOC/SAP_FLUX=569ppm,1,3,1,"74,80,81",SPOC,120,False,False,12761.874,,,,3,,-0.76690428,1.3137297,-0.5837611,-0.5837611,linear,0.23309572,0.17893601,0.76765033,1.3137297,6.5686483,610082.97,OK,-0.5837611,BACKGROUND_TEST_AGREES,2,"SPOC,TESS-SPOC",16.895934,1953.7936,0.0086477583,0.046289268,SAP_DEEPER_THAN_PDC,0.5,22.935,3.2723405,2.5,0.35669724,-4025.8578,0.9809803,1376,OK,True,2.5,0.68548281,7.9459308,0.61555557,tracks_b,not_measurable,not_measurable,,False,,0,0,1,1,0.1,2561.9954,,1,0,0,False,,2.9218729,163.66125,566.35394,68.910027,661.10516,365.00759,592.19513,84,1117.1405,,1,0,0,False,,0.62775186,258.94867,509.91968,199.89667,568.97168,384.43417,369.07501,84,0,3
K00188.01,Kepler-425 b,5357901,122441491,tic_kic_crossid_over_name_planet,CONFIRMED,CANDIDATE,3.7970183,133.50878,2.2608,14431.2,11.6,-11.6,0.108759,0.321,13.635,5167,4.527,14.741,0,0,0,0,1,290.35803,40.567741,13,OK,lightkurve,,16,"SPOC,TESS-SPOC","40,41,54,55,74,75,80,82",0.95982082,,13851.366,11.133922,3327.8986,3327.8986,1412,0.38475777,-0.0135648,0.035255428,35.066273,10,31.237317,31.14107,14841.894,14880.984,True,OK,PDCSAP_FLUX,SPOC,14880.984,506.40128,bootstrap,666.50432,433.34253,OK,2,2,SPOC/PDCSAP_FLUX=14881ppm;TESS-SPOC/PDCSAP_FLUX=16156ppm,51,8,8,"40,41,54,55,74,75,80,82",SPOC,120,False,False,20107.828,-1602.099,1.6156727,1.3767056,8,,0.071700279,0.067131961,1.0680498,1.071123,ln,1.0743333,29.385755,27.35255,0.069397534,0.34698767,5745.5368,OK,1.0680498,OK,SAP_FLUX,SPOC,8471.2294,313.51362,bootstrap,325.1639,86.259913,OK,2,2,SPOC/SAP_FLUX=8471ppm;TESS-SPOC/SAP_FLUX=8725ppm,52,8,8,"40,41,54,55,74,75,80,82",SPOC,120,False,False,11210.166,-1078.0179,1.7636825,1.9677301,8,,-0.49170823,0.063039796,-7.7999654,-7.0311684,ln,0.61158078,27.020292,44.181067,0.055242485,0.27621243,4406.5052,OK,-7.7999654,BACKGROUND_TEST_DISAGREES,2,"SPOC,TESS-SPOC",-6818.419,461.22063,-14.783422,-0.4393806,PDC_DEEPER_THAN_SAP,0.10828915,2.1927922,0.066984919,0.9699187,0.029628857,14185.416,1.0333191,16899,OK,False,0.9699187,1.0039153,-0.58674465,0.41204768,fixed_b,shallower_tess,shallower_tess,,False,pdc_deeper_than_sap,0,0,1,1,0.4,476.38483,506.40128,54,1.0958391,0,False,,0.029120556,15084.91,15951.595,14880.984,16155.521,15518.252,1274.5368,84,272.59875,313.51362,55,1.3423756,0,False,,0.010182691,8511.8223,8684.3421,8471.2294,8724.935,8598.0822,253.70563,84,-9.42e-06,3
K02471.01,Kepler-1841 b,5436013,121329580,tic_kic_crossid_confirms_name_planet,CONFIRMED,CANDIDATE,25.88594,157.04329,4.548,217.1,15.8,-15.8,0.016887,0.922,18.63,5190,4.446,14.556,0,0,0,0,1,287.70688,40.685242,13,OK,lightkurve,,8,"SPOC,TESS-SPOC","74,75,80,81",1.0631327,,230.80612,16.797497,3374.3188,3374.3188,208,72.875708,0,,286.84713,16,1.3336642,-0.61153202,-584.87663,1247.1027,False,OK,PDCSAP_FLUX,SPOC,-584.87663,956.41212,analytic,956.41212,,TOO_FEW_MEMBERS,2,0,SPOC/PDCSAP_FLUX=OK;TESS-SPOC/PDCSAP_FLUX=OK,4,4,4,"74,75,80,81",SPOC,120,False,False,15251.032,1362.0206,0.70171,0.18681999,4,,-3.5340603,4.1447308,-0.85266343,-0.85266343,linear,-2.5340603,-0.61153202,0.24132496,4.1447308,20.723654,2.3089569e+11,OK,-0.85266343,OK,SAP_FLUX,SPOC,-319.83451,510.20562,analytic,510.20562,,TOO_FEW_MEMBERS,2,0,SPOC/SAP_FLUX=OK;TESS-SPOC/SAP_FLUX=OK,4,4,4,"74,75,80,81",SPOC,120,False,False,8195.7964,1146.1504,1.1050877,0.41697813,4,,-2.385728,2.2123004,-1.0783924,-1.0783924,linear,-1.385728,-0.62687375,0.45237863,2.2123004,11.061502,14695686,OK,-1.0783924,BACKGROUND_TEST_UNAVAILABLE,0,,,,,,,0.10224324,4.6890528,3.6810882,1.0310142,0.80938616,-920.09006,1.0903115,2729,OK,True,1.0310142,,,0.91569391,inconclusive,not_measurable,not_measurable,,False,,0,0,1,1,0.2,956.41212,349.38459,4,0.18681999,2,True,OK:2,,,,,,,,84,510.20562,290.55866,4,0.41697813,2,True,OK:2,,,,,,,,84,0,3
K03141.01,Kepler-1438 b,5440317,121946404,tic_kic_crossid_over_name_planet,CONFIRMED,CANDIDATE,2.3194157,131.93925,1.591,96.4,10.2,-10.2,0.009078,0.429,10.19,5624,4.256,14.869,0,0,0,0,1,289.28979,40.681671,13,OK,lightkurve,,6,"SPOC,TESS-SPOC","80,81,82",0.96920762,,93.431615,9.8859178,3519.9399,3519.9399,2395,55.760149,0,,191.14545,24,2.1304573,-1.7963261,-1706.0776,2010.0124,False,OK,PDCSAP_FLUX,SPOC,-1706.0776,1250.992,bootstrap,1250.992,,TOO_FEW_MEMBERS,2,0,SPOC/PDCSAP_FLUX=OK;TESS-SPOC/PDCSAP_FLUX=OK,31,3,3,"80,81,82",SPOC,120,False,False,25769.269,-3116.6651,1.3167697,0.014209198,3,,-19.260175,13.389898,-1.4384108,-1.4384108,linear,-18.260175,-1.3637798,0.074686019,13.389898,66.949492,1.1124708e+31,OK,-1.4384108,OK,SAP_FLUX,SPOC,-718.62874,629.38343,bootstrap,629.38343,,TOO_FEW_MEMBERS,2,0,SPOC/SAP_FLUX=OK;TESS-SPOC/SAP_FLUX=OK,32,3,3,"80,81,82",SPOC,120,False,False,12617.703,-1161.8264,0.94421851,0.15231189,3,,-8.6914944,6.7373169,-1.2900528,-1.2900528,linear,-7.6914944,-1.141798,0.14844944,6.7373169,33.686585,3.9846634e+16,OK,-1.2900528,BACKGROUND_TEST_UNAVAILABLE,0,,,,,,,0.02,2.3665237,1.67055,1.4874442,1.05,-556.73723,1.1184254,7142,OK,True,1.4874442,,,,inconclusive,not_measurable,not_measurable,,False,,0,0,1,1,0.3,949.75942,1250.992,33,1.4450059,2,True,OK:2,,,,,,,,84,462.70752,629.38343,34,1.4385934,2,True,OK:2,,,,,,,,84,0,3
K00554.01,,5443837,122441694,tic_kic_crossid,CANDIDATE,CANDIDATE,3.6584971,170.54381,2.573,4398,130,-130,0.073444,0.906,6.33,5857,3.972,14.545,0,0,0,0,1,290.35114,40.687,13,OK,lightkurve,,8,"SPOC,TESS-SPOC","74,75,80,82",1.0405116,,4576.17,135.26651,3366.9006,3366.8916,1466,13.077442,-12.875292,0.9845421,77.827325,12,6.8055904,6.5290689,3672.2932,3784.2447,True,OK,PDCSAP_FLUX,SPOC,3784.2447,507.00507,bootstrap,562.45353,243.51557,OK,2,2,SPOC/PDCSAP_FLUX=3784ppm;TESS-SPOC/PDCSAP_FLUX=4500ppm,28,4,4,"74,75,80,82",SPOC,120,False,False,17504.526,-1362.5025,1.4729815,3.1145207,4,sector_scatter,-0.19001607,0.15957663,-1.1907512,-1.2729938,ln,0.82694584,7.463919,9.0258861,0.13594266,0.6797133,4454.0407,OK,-1.1907512,OK,SAP_FLUX,SPOC,1858.6959,232.97795,bootstrap,238.78208,52.327389,OK,2,2,SPOC/SAP_FLUX=1859ppm;TESS-SPOC/SAP_FLUX=2013ppm,29,4,4,"74,75,80,82",SPOC,120,False,False,8583.3079,-568.21815,1.3320524,1.7455876,4,,-0.90098728,0.14098807,-6.3905215,-7.6054633,ln,0.40616846,7.9779906,19.642073,0.078079601,0.39039801,2185.4358,OK,-6.3905215,BACKGROUND_TEST_DISAGREES,2,"SPOC,TESS-SPOC",-2217.6928,386.76163,-5.7340041,-0.53536993,PDC_DEEPER_THAN_SAP,0.33143728,2.573,0.15727217,1,0.061124046,4407.0904,1.0402031,11008,OK,False,1,0.97821289,0.19444216,0.906,fixed_b,shallower_tess,shallower_tess,,False,pdc_deeper_than_sap,0,0,1,1,0.3,556.04944,507.00507,29,0.86779601,0,False,,0.064349846,3898.8403,4385.8714,3784.2447,4500.467,4142.3559,716.22226,84,261.8004,232.97795,30,0.76537708,0,False,,0.028152743,1883.3206,1987.9753,1858.6959,2012.6,1935.648,153.90408,84,-0.008941175,3
K00142.01,Kepler-88 b,5446285,122712595,tic_kic_crossid_over_position_tic,CONFIRMED,CANDIDATE,10.916108,133.00923,3.6496,1479,6.8,-6.8,0.038633,0.7699,15.95,5575,4.521,13.113,0,0,0,0,2,291.14807,40.669399,13,OK,lightkurve,,25,"QLP,SPOC,TESS-SPOC","14,40,41,54,55,74,75,81,82",1.0036278,,1484.3655,6.8246691,3336.7344,3336.7344,492,3.4902116,0,,65.214635,7,0.51628976,-0.4055227,-77.175308,99.974987,False,OK,PDCSAP_FLUX,QLP,-77.175308,186.94256,bootstrap,186.94256,,TOO_FEW_MEMBERS,4,0,SPOC/PDCSAP_FLUX=OK;TESS-SPOC/PDCSAP_FLUX=OK;QLP/KSPSAP_FLUX=OK;QLP/DET_FLUX=OK,19,9,9,"40,41,54,55,74,75,81,82,14","QLP,SPOC","120,1800",False,False,5660.6065,217.56499,0.59019899,0.59276376,16,,-1.0519921,0.1355813,-7.7591242,-7.7591242,linear,-0.051992118,-0.41282899,7.9402226,0.1355813,0.67790648,1439.463,OK,-7.7591242,OK,SAP_FLUX,QLP,-241.6598,127.74495,bootstrap,127.74495,,TOO_FEW_MEMBERS,3,0,SPOC/SAP_FLUX=OK;TESS-SPOC/SAP_FLUX=OK;QLP/SAP_FLUX=OK,19,9,9,"40,41,54,55,74,75,81,82,14","QLP,SPOC","120,1800",False,False,4432.7152,14.576376,0.052633718,0.72504656,16,,-1.1628034,0.099636918,-11.670407,-11.670407,linear,-0.16280343,-1.8917365,11.619759,0.099636918,0.49818459,958.50066,OK,-11.670407,BACKGROUND_TEST_UNAVAILABLE,0,,,,,,,0.087071102,1.8078314,3.83208,0.49535056,1.05,144.85753,0.99512464,9763,OK,True,0.49535056,,,0.97954304,inconclusive,transit_not_recovered,transit_not_recovered,,False,,0,0,1,1,0.3,190.3107,186.94256,24,0.86288349,4,True,OK:4,,,,,,,,84,140.16763,127.74495,24,1.0838574,3,True,OK:3,,,,,,,,84,0,3
K02970.01,Kepler-1890 b,5450893,137754713,tic_kic_crossid_over_name_planet,CONFIRMED,CANDIDATE,4.8205109,135.78541,3.588,40.9,3.3,-3.3,0.00709,0.922,4.27,6046,4.158,12.861,0,0,0,0,1,292.57779,40.667858,13,OK,lightkurve,,17,"QLP,SPOC,TESS-SPOC","14,40,41,54,55,74,75,81,82",1.0471186,,42.827151,3.4554914,3362.9371,3362.9371,1119,59.700434,0,,232.9213,16,2.1779464,2.1779464,236.9773,236.9773,False,OK,PDCSAP_FLUX,QLP,236.9773,127.40119,bootstrap,147.13416,73.602964,OK,4,3,SPOC/PDCSAP_FLUX=191ppm;TESS-SPOC/PDCSAP_FLUX=97ppm;QLP/KSPSAP_FLUX=313ppm;QLP/DET_FLUX=OK,49,9,9,"74,75,81,82,14,40,41,54,55","QLP,SPOC","120,1800,600",False,False,3590.1791,-352.23389,1.3822762,0.89460105,8,,4.5333426,3.4368456,1.3190417,1.3190417,linear,5.5333426,1.860087,0.33615974,3.4368456,17.184228,1.2437541e+09,OK,1.3190417,OK,SAP_FLUX,QLP,166.12085,109.12668,bootstrap,111.92616,24.876364,OK,3,3,SPOC/SAP_FLUX=148ppm;TESS-SPOC/SAP_FLUX=75ppm;QLP/SAP_FLUX=101ppm,49,9,9,"74,75,81,82,14,40,41,54,55","QLP,SPOC","120,1800,600",False,False,3432.365,-430.56175,2.0119194,0.55309783,8,,2.8788675,2.6151625,1.1008369,1.1008369,linear,3.8788675,1.5222753,0.39245354,2.6151625,13.075813,20439559,OK,1.1008369,BACKGROUND_TEST_AGREES,2,"SPOC,TESS-SPOC",-33.699001,138.64482,-0.24305993,-0.23433966,PDC_DEEPER_THAN_SAP,0.045239826,4.7231793,0.66123803,1.3163822,0.18429153,114.82537,1.1321134,13962,OK,False,1.3163822,1.0576523,1.3535847,0.85427596,fixed_b,not_measurable,not_measurable,,False,,0,0,1,1,0.4,108.80768,127.40119,51,1.6741538,1,True,OK:1,0.31059078,126.95631,274.16224,97.004693,313.484,190.60349,139.97261,84,97.809165,109.12668,51,1.507288,0,False,,0.1497486,82.963636,132.71636,74.555258,147.72104,100.83144,91.565588,84,0,3
K06582.01,,5466109,184559770,tic_kic_crossid,CANDIDATE,CANDIDATE,2.4313554,133.92077,1.401,123.6,16.3,-16.3,0.010274,0.12,13.32,6231,4.488,15.225,0,0,0,0,1,296.4718,40.681622,13,QUERY_RETURNED_ZERO_ROWS,lightkurve,QUERY_RETURNED_ZERO_ROWS,0,,,0.96591832,,119.3875,15.744469,,,0,,0,,36,0,,,,,False,FLUX_COLUMN_NOT_PRESENT,,,,,,,,ENSEMBLE_NOT_ATTEMPTED,0,0,,0,0,0,,,,False,False,,,,,0,,,,,,,,,,,,,NO_USABLE_TRANSIT,,FLUX_COLUMN_NOT_PRESENT,,,,,,,,ENSEMBLE_NOT_ATTEMPTED,0,0,,0,0,0,,,,False,False,,,,,0,,,,,,,,,,,,,NO_USABLE_TRANSIT,,BACKGROUND_TEST_UNAVAILABLE,0,,,,,,,,,,,,,,0,too_few_points,False,,,,,inconclusive,not_measured,not_measured,,False,,0,0,1,1,0,,,0,,0,False,,,,,,,,,84,,,0,,0,False,,,,,,,,,84,0,3
K01677.01,Kepler-926 b,5526717,394174412,tic_kic_crossid_over_name_planet,CONFIRMED,CANDIDATE,52.069002,178.15525,3.0089,558.3,23.3,-23.3,0.021433,0.275,130.1,5565,4.251,14.279,0,0,0,0,2,289.67935,40.700459,13,OK,lightkurve,,8,"SPOC,TESS-SPOC","74,75,80,82",0.96203691,,537.10521,22.41546,3374.2625,3374.2625,103,29.342281,0,,133.16034,11,1.7632581,0.10152695,219.49393,3038.1776,False,OK,PDCSAP_FLUX,SPOC,219.49393,2161.9277,analytic,2161.9277,,TOO_FEW_MEMBERS,2,1,SPOC/PDCSAP_FLUX=219ppm;TESS-SPOC/PDCSAP_FLUX=OK,1,4,1,"74,75,80,82",SPOC,120,False,False,14108.274,,,,4,,-0.59133905,4.0256745,-0.14689192,-0.14689192,linear,0.40866095,0.10152695,0.24843809,4.0256745,20.128372,2.9627867e+11,OK,-0.14689192,OK,SAP_FLUX,SPOC,213.68372,1541.8271,analytic,1541.8271,,TOO_FEW_MEMBERS,2,1,SPOC/SAP_FLUX=214ppm;TESS-SPOC/SAP_FLUX=OK,1,4,1,"74,75,80,82",SPOC,120,False,False,10061.631,,,,4,,-0.60215668,2.8713626,-0.20971112,-0.20971112,linear,0.39784332,0.13859124,0.34835633,2.8713626,14.356813,9.2287703e+08,OK,-0.20971112,BACKGROUND_TEST_AGREES,1,SPOC,-5.810206,2655.4025,-0.0021880698,-0.026470919,PDC_DEEPER_THAN_SAP,0.022661948,7.2959709,3.159345,2.4247968,1.05,916.07698,1.1653626,451,OK,True,2.4247968,0.99183649,2.0461141,,fixed_b,not_measurable,not_measurable,,False,,0,0,1,1,0.1,2161.9277,,1,0,1,True,OK:1,,,,,,,,84,1541.8271,,1,0,1,True,OK:1,,,,,,,,84,0,3
K01677.02,,5526717,394174412,tic_kic_crossid_over_name_planet,CANDIDATE,CANDIDATE,8.5117009,131.75574,2.9,,,,,,,,,14.279,0,0,0,0,2,289.67935,40.700459,13,OK,lightkurve,,8,"SPOC,TESS-SPOC","74,75,80,82",0.96296296,teff_missing_default_used;logg_missing_4.5_used,,,3369.6858,3369.6858,635,0,0,,43.5,6,0.89317237,0.45966305,256.33797,509.81788,False,OK,PDCSAP_FLUX,SPOC,256.33797,395.72651,bootstrap,396.46353,24.163254,OK,2,2,SPOC/PDCSAP_FLUX=256ppm;TESS-SPOC/PDCSAP_FLUX=327ppm,12,4,4,"74,75,80,82",SPOC,120,False,False,13053.413,268.81435,0.23990741,0.37192608,4,,,,,,,,,,,,,NO_REFERENCE_DEPTH,,OK,SAP_FLUX,SPOC,120.26972,290.4869,bootstrap,291.96001,29.291756,OK,2,2,SPOC/SAP_FLUX=120ppm;TESS-SPOC/SAP_FLUX=206ppm,13,4,4,"74,75,80,82",SPOC,120,False,False,8918.198,-143.67904,0.19747177,0.51899738,4,,,,,,,,,,,,,NO_REFERENCE_DEPTH,,BACKGROUND_TEST_AGREES,2,"SPOC,TESS-SPOC",-130.38662,387.57104,-0.33641993,-0.4467251,PDC_DEEPER_THAN_SAP,0.15,4.5853026,3.045,1.5811388,1.05,314.54964,1.0321204,5217,OK,True,1.5811388,,,,inconclusive,not_measured,not_measured,,False,,0,0,1,1,0.1,557.66495,395.72651,12,0.58824283,0,False,,0.094263266,267.70891,316.03542,256.33797,327.40637,291.87217,71.068395,84,360.84827,290.4869,13,0.71791778,0,False,,0.24355055,134.05407,192.63759,120.26972,206.42194,163.34583,86.152222,84,0,3
K02332.01,Kepler-1827 b,5534941,137555923,tic_kic_crossid_over_name_planet,CONFIRMED,CANDIDATE,3.7006325,133.16065,5.408,68.6,2.6,-2.6,0.008108,0.71,3.83,5423,4.105,13.024,0,0,0,0,1,292.25247,40.792721,13,OK,lightkurve,,17,"QLP,SPOC,TESS-SPOC","14,40,41,54,55,74,75,81,82",0.9935877,,68.160116,2.583328,3361.6828,3361.5701,1458,37.660064,-162.27245,4.3088734,194.10019,10,13.525279,-1.9145151,-155.44421,1051.2529,True,OK,PDCSAP_FLUX,QLP,1051.2529,952.88028,bootstrap,952.88028,,TOO_FEW_MEMBERS,4,1,SPOC/PDCSAP_FLUX=OK;TESS-SPOC/PDCSAP_FLUX=OK;QLP/KSPSAP_FLUX=2354ppm;QLP/DET_FLUX=OK,62,9,9,"74,75,81,82,14,40,41,54,55","QLP,SPOC","120,1800,600",False,False,3521.8663,1940.7609,1.0778322,161.16652,8,sector_scatter,14.423284,13.980168,1.0316961,1.0316961,linear,15.423284,1.1032371,0.071530619,13.980168,69.90084,1.5526715e+32,OK,1.0316961,OK,SAP_FLUX,QLP,765.87016,724.93738,bootstrap,724.93738,,TOO_FEW_MEMBERS,3,1,SPOC/SAP_FLUX=OK;TESS-SPOC/SAP_FLUX=OK;QLP/SAP_FLUX=1433ppm,62,9,9,"74,75,81,82,14,40,41,54,55","QLP,SPOC","120,1800,600",False,False,3299.5794,1525.671,1.0771161,178.04622,8,sector_scatter,10.236339,10.635985,0.96242507,0.96242507,linear,11.236339,1.0564639,0.094022075,10.635985,53.179926,8.4972591e+24,OK,0.96242507,BACKGROUND_TEST_UNAVAILABLE,0,,,,,,,0.02,2.1632,0.03354501,0.4,0.0062028496,1000.7291,3.5443492,26637,OK,True,0.4,1.0468111,-17.289317,0.96660885,tracks_b,not_measurable,not_measurable,,False,,0,0,1,1,0.4,77.725043,952.88028,65,81.262311,3,True,OK:3,,,,,,,,84,65.932804,724.93738,65,85.052097,2,True,OK:2,,,,,,,,84,-0.1126892,3
K02915.01,,5613821,122137957,tic_kic_crossid,CANDIDATE,CANDIDATE,5.0609228,134.47316,2.586,71.6,5.3,-5.3,0.009874,0.944,5.45,5637,4.492,13.346,0,0,0,0,1,289.91742,40.828606,13,OK,lightkurve,,17,"QLP,SPOC,TESS-SPOC","14,40,41,54,55,74,75,80,82",1.0705847,,76.653865,5.674099,3362.4169,3362.4169,1066,40.730194,0,,160.98058,16,1.0166032,-0.49972729,-121.25528,239.00913,False,OK,PDCSAP_FLUX,QLP,-121.25528,317.24982,bootstrap,317.24982,,TOO_FEW_MEMBERS,4,0,SPOC/PDCSAP_FLUX=OK;TESS-SPOC/PDCSAP_FLUX=OK;QLP/KSPSAP_FLUX=OK;QLP/DET_FLUX=OK,43,9,9,"74,75,80,82,14,40,41,54,55","QLP,SPOC","120,1800,600",False,False,6786.1129,-199.93843,0.30055136,1.5787257,8,,-2.5818548,4.139696,-0.62368221,-0.62368221,linear,-1.5818548,-0.38220757,0.24161989,4.139696,20.69848,7.4777302e+10,OK,-0.62368221,OK,SAP_FLUX,QLP,-22.209182,144.88863,bootstrap,144.88863,,TOO_FEW_MEMBERS,3,1,SPOC/SAP_FLUX=OK;TESS-SPOC/SAP_FLUX=OK;QLP/SAP_FLUX=2ppm,44,9,9,"74,75,80,82,14,40,41,54,55","QLP,SPOC","120,1800,600",False,False,3814.5468,-19.229091,0.05831155,1.4764438,8,,-1.2897334,1.8922769,-0.6815775,-0.6815775,linear,-0.28973336,-0.1532845,0.52905369,1.8922769,9.4613845,985206.66,OK,-0.6815775,BACKGROUND_TEST_UNAVAILABLE,0,,,,,,,0.083725327,1.4923288,0.40362076,0.57707996,0.15607918,-359.42462,1.0524513,8690,OK,False,0.57707996,,,0.98842425,inconclusive,not_measurable,not_measurable,,False,,0,0,1,1,0.4,242.64291,317.24982,48,1.5879794,4,True,OK:4,,,,,,,,84,115.26303,144.88863,49,1.6169975,2,True,OK:2,,,,,,,,84,0,3
K02790.01,Kepler-1347 b,5652893,172422725,tic_kic_crossid_over_name_planet,CONFIRMED,CANDIDATE,14.009486,132.96947,3.399,169.9,8.6,-8.6,0.011757,0.268,30.72,5153,4.551,13.38,0,0,0,0,1,299.65961,40.843849,13,OK,lightkurve,,17,"QLP,SPOC,TESS-SPOC","14,15,41,54,55,74,75,81,82",0.95770772,,162.71454,8.2362864,3359.6216,3359.598,385,37.389179,-34.017192,0.90981382,163.15254,14,3.6917355,2.7022651,972.77789,1405.2429,True,OK,PDCSAP_FLUX,QLP,1405.2429,738.39872,bootstrap,1052.4443,749.93756,OK,4,4,SPOC/PDCSAP_FLUX=439ppm;TESS-SPOC/PDCSAP_FLUX=132ppm;QLP/KSPSAP_FLUX=2695ppm;QLP/DET_FLUX=787ppm,17,9,9,"74,75,81,82,14,15,41,54,55","QLP,SPOC","120,1800,600",False,False,8288.9034,-1959.9816,1.5282333,4.2356423,8,sector_scatter,7.6362469,6.4684322,1.1805406,1.1805406,linear,8.6362469,1.9030951,0.22036136,6.4684322,32.342161,1.8090408e+16,OK,1.1805406,OK,SAP_FLUX,QLP,869.929,436.05177,bootstrap,756.77835,618.5243,OK,3,3,SPOC/SAP_FLUX=346ppm;TESS-SPOC/SAP_FLUX=200ppm;QLP/SAP_FLUX=2019ppm,17,9,9,"74,75,81,82,14,15,41,54,55","QLP,SPOC","120,1800,600",False,False,5348.263,-738.18831,0.87501047,4.1311361,8,sector_scatter,4.3463507,4.6515012,0.9343974,0.9343974,linear,5.3463507,1.9950131,0.37315418,4.6515012,23.257506,2.0513179e+12,OK,0.9343974,BACKGROUND_TEST_AGREES,2,"SPOC,TESS-SPOC",-19.384836,430.16795,-0.045063411,-0.067936314,PDC_DEEPER_THAN_SAP,0.02,4.903737,0.076042857,1.4426999,0.022372126,879.77959,1.1118878,4664,OK,False,1.4426999,1.0242174,5.3974076,,duration_inconsistent,not_measurable,not_measurable,,False,,0,0,1,1,0.3,380.64562,738.39872,18,3.70528,0,False,,0.53367111,279.19878,1779.0739,131.84927,2695.0361,612.80449,1289.7931,84,263.32238,436.05177,18,3.4054688,0,False,,0.7110055,246.52837,1483.577,199.62328,2018.8124,346.2017,1148.8834,84,-0.02362305,3
K00555.01,Kepler-598 b,5709725,137969066,tic_kic_crossid_over_name_planet,CONFIRMED,CANDIDATE,3.7017654,172.44778,2.6061,288.3,9.3,-9.3,0.016667,0.713,7.91,5252,4.442,14.759,0,0,0,0,2,293.12341,40.934769,13,OK,lightkurve,,6,"SPOC,TESS-SPOC","75,81,82",0.99428534,,286.65246,9.2468537,3517.3765,3517.3765,1489,20.346887,0,,100.13216,12,1.8859666,1.2002745,1308.6578,1969.0377,False,OK,PDCSAP_FLUX,SPOC,1308.6578,850.73514,bootstrap,852.8646,60.230777,OK,2,2,SPOC/PDCSAP_FLUX=1309ppm;TESS-SPOC/PDCSAP_FLUX=1486ppm,20,3,3,"75,81,82",SPOC,120,False,False,30771.19,833.04071,0.50673209,0.15400908,3,,3.5653116,2.9758514,1.1980812,1.1980812,linear,4.5653116,1.538267,0.33694678,2.9758514,14.879257,8.3049073e+08,OK,1.1980812,OK,SAP_FLUX,SPOC,331.37745,213.24581,bootstrap,225.85754,74.416754,OK,2,2,SPOC/SAP_FLUX=331ppm;TESS-SPOC/SAP_FLUX=550ppm,20,3,3,"75,81,82",SPOC,120,False,False,9575.2374,409.93603,1.0109547,0.18455151,3,,0.15602512,0.79015779,0.19746072,0.19746072,linear,1.1560251,1.5539693,1.3442349,0.79015779,3.950789,14612.499,OK,0.19746072,BACKGROUND_TEST_AGREES,2,"SPOC,TESS-SPOC",-957.59497,637.41604,-1.5023076,-0.6853512,PDC_DEEPER_THAN_SAP,0.032808382,1.3722495,0.153864,0.52655288,0.059039943,2396.6502,1.0806433,7426,OK,False,0.52655288,1.0364595,-5.4060885,0.94232906,tracks_b,not_measurable,not_measurable,,False,,0,0,1,1,0.2,1090.2987,850.73514,22,0.63062319,0,False,,0.046024848,1337.0017,1457.4633,1308.6578,1485.8072,1397.2325,177.14935,84,343.1925,213.24581,22,0.4306646,0,False,,0.22456795,366.3971,515.23061,331.37745,550.25026,440.81385,218.87281,84,0,3
K00555.02,Kepler-598 c,5709725,137969066,tic_kic_crossid_over_name_planet,CONFIRMED,CANDIDATE,86.49437,181.88967,7.471,995.2,24.4,-24.4,0.031289,0.741,63.5,5252,4.442,14.759,0,0,0,0,2,293.12341,40.934769,13,OK,lightkurve,,6,"SPOC,TESS-SPOC","75,81,82",0.99914518,,994.34928,24.379142,3550.5294,3550.5294,64,45.923546,0,,249.83564,9,0.74952374,0.36762781,1094.6515,2573.9789,False,OK,PDCSAP_FLUX,SPOC,1094.6515,2977.608,analytic,2982.1546,164.61036,OK,2,2,SPOC/PDCSAP_FLUX=1095ppm;TESS-SPOC/PDCSAP_FLUX=611ppm,1,3,1,"75,81,82",SPOC,120,False,False,30733.846,,,,3,,0.10087222,2.9996186,0.033628349,0.033628349,linear,1.1008722,0.36762781,0.33394231,2.9996186,14.998093,3.2443515e+09,OK,0.033628349,OK,SAP_FLUX,SPOC,142.81357,734.65764,analytic,737.21086,61.302458,OK,2,2,SPOC/SAP_FLUX=143ppm;TESS-SPOC/SAP_FLUX=323ppm,1,3,1,"75,81,82",SPOC,120,False,False,7582.8836,,,,3,,-0.85637484,0.74348875,-1.151833,-1.151833,linear,0.14362516,0.19439473,1.3534866,0.74348875,3.7174438,39932.119,OK,-1.151833,BACKGROUND_TEST_AGREES,2,"SPOC,TESS-SPOC",-689.65654,2386.307,-0.28900579,-0.80890779,PDC_DEEPER_THAN_SAP,0.065048531,3.700764,3.7328912,0.49535056,0.49965081,3910.9356,1.0359119,1120,OK,True,0.49535056,1.0030851,-0.69852104,0.96815231,fixed_b,not_measurable,not_measurable,,False,,0,0,1,1,0.1,2977.608,,1,0,0,False,,0.15037695,687.96709,1017.1878,610.5034,1094.6515,852.57745,484.14811,84,734.65764,,1,0,0,False,,0.42924812,171.66179,294.26671,142.81357,323.11492,232.96425,180.30135,84,0,3
K02189.01,,5730445,170258383,tic_kic_crossid,CANDIDATE,CANDIDATE,33.358599,137.57061,2.286,1825.9,63.3,-63.3,0.050925,0.937,53,5009,4.515,15.253,0,0,0,0,1,298.07474,40.94899,13,QUERY_RETURNED_ZERO_ROWS,lightkurve,QUERY_RETURNED_ZERO_ROWS,0,,,1.0786347,,1969.4791,68.277578,,,0,,0,,36,0,,,,,False,FLUX_COLUMN_NOT_PRESENT,,,,,,,,ENSEMBLE_NOT_ATTEMPTED,0,0,,0,0,0,,,,False,False,,,,,0,,,,,,,,,,,,,NO_USABLE_TRANSIT,,FLUX_COLUMN_NOT_PRESENT,,,,,,,,ENSEMBLE_NOT_ATTEMPTED,0,0,,0,0,0,,,,False,False,,,,,0,,,,,,,,,,,,,NO_USABLE_TRANSIT,,BACKGROUND_TEST_UNAVAILABLE,0,,,,,,,,,,,,,,0,too_few_points,False,,,,,inconclusive,not_measured,not_measured,,False,,0,0,1,1,0,,,0,,0,False,,,,,,,,,84,,,0,,0,False,,,,,,,,,84,0,3
K00557.01,Kepler-599 b,5774349,120686620,tic_kic_crossid_confirms_name_planet,CONFIRMED,CANDIDATE,15.655639,170.78358,3.9305,955.9,20.8,-20.8,0.027942,0.304,29.89,5185,4.484,14.97,0,0,0,0,1,285.9115,41.069439,13,OK,lightkurve,,12,"SPOC,TESS-SPOC","40,41,53,54,80,81",0.95928047,,916.9762,19.953034,2778.7535,2778.7535,305,14.272685,0,0,101.77555,10,3.5695268,3.5695268,2570.7621,2570.7621,True,OK,PDCSAP_FLUX,SPOC,2570.7621,956.76193,bootstrap,977.07054,198.17529,OK,2,2,SPOC/PDCSAP_FLUX=2571ppm;TESS-SPOC/PDCSAP_FLUX=1988ppm,11,6,6,"40,41,53,54,80,81",SPOC,120,False,False,18254.367,419.87512,0.29145897,1.9362047,6,,1.0308761,0.38396221,2.6848375,1.6903841,ln,2.803521,2.6869402,0.95841627,1.0669297,5.3346486,189263.76,OK,2.6848375,OK,SAP_FLUX,SPOC,1632.5289,609.98054,bootstrap,625.48899,138.42042,OK,2,2,SPOC/SAP_FLUX=1633ppm;TESS-SPOC/SAP_FLUX=1225ppm,11,6,6,"40,41,53,54,80,81",SPOC,120,False,False,12019.744,133.32406,0.13849593,1.849436,6,,0.57680407,0.38700208,1.4904418,1.1403514,ln,1.7803395,2.6763623,1.5032876,0.68429741,3.421487,27156.164,OK,1.4904418,BACKGROUND_TEST_AGREES,2,"SPOC,TESS-SPOC",-834.55464,726.61101,-1.1485577,-0.36614068,PDC_DEEPER_THAN_SAP,0.02987023,5.8463993,2.3551305,1.4874442,0.59919361,1621.3991,1.0089143,5889,OK,False,1.4874442,1.0200781,0.92846881,,fixed_b,not_measurable,not_measurable,,False,,0,0,1,1,0.2,720.19689,956.76193,11,1.8146844,0,False,,0.077088151,2081.1525,2477.5031,1987.8936,2570.7621,2279.3278,582.86851,84,478.93866,609.98054,11,1.7780092,0,False,,0.084788953,1290.5491,1567.3899,1225.4101,1632.5289,1428.9695,407.11888,84,0,3
K08107.01,,5802205,138967951,tic_kic_crossid,CANDIDATE,CANDIDATE,578.88761,219.2878,18.521,76.8,5.8,-5.8,0.008083,0.24,233.8,6180,3.946,11.402,0,0,0,0,1,295.08749,41.037395,13,OK,lightkurve,NO_USABLE_TRANSIT,24,"QLP,SPOC,TESS-SPOC","14,15,40,41,54,55,74,75,81,82",0.9673518,,74.292619,5.6106405,3262.2763,3262.2763,9,286.65099,0,,864,8,,,,,False,NO_USABLE_TRANSIT,PDCSAP_FLUX,QLP,,,none,,,TOO_FEW_MEMBERS,4,0,SPOC/PDCSAP_FLUX=NO_USABLE_TRANSIT;TESS-SPOC/PDCSAP_FLUX=NO_USABLE_TRANSIT;QLP/KSPSAP_FLUX=NO_USABLE_TRANSIT;QLP/DET_FLUX=NO_USABLE_TRANSIT,0,10,0,"74,75,81,82,14,15,40,41,54,55","QLP,SPOC,TESS-SPOC","120,1800,600",False,False,,,,,14,,,,,,,,,,,,,NO_USABLE_TRANSIT,,NO_USABLE_TRANSIT,SAP_FLUX,QLP,,,none,,,TOO_FEW_MEMBERS,3,0,SPOC/SAP_FLUX=NO_USABLE_TRANSIT;TESS-SPOC/SAP_FLUX=NO_USABLE_TRANSIT;QLP/SAP_FLUX=NO_USABLE_TRANSIT,0,10,0,"74,75,81,82,14,15,40,41,54,55","QLP,SPOC,TESS-SPOC","120,1800,600",False,False,,,,,14,,,,,,,,,,,,,NO_USABLE_TRANSIT,,BACKGROUND_TEST_UNAVAILABLE,0,,,,,,,0.02,,,,,,,0,too_few_points,False,,,,,inconclusive,not_measured,not_measured,,False,,0,0,1,1,0.1,,,0,,4,True,NO_USABLE_TRANSIT:4,,,,,,,,84,,,0,,3,True,NO_USABLE_TRANSIT:3,,,,,,,,84,0,3
K04398.01,,5802637,138967802,tic_kic_crossid,CANDIDATE,CANDIDATE,7.3422467,131.55382,2.029,366.8,37.3,-37.3,0.017463,0.253,27.25,5573,4.562,15.486,0,0,0,0,1,295.21127,41.086971,13,OK,lightkurve,,2,"SPOC,TESS-SPOC",81,0.96155821,,352.69955,35.866121,3522.6346,3522.6346,757,61.061623,0,,213.61987,22,1.9745129,0.78310209,4687.1557,11299.511,False,OK,PDCSAP_FLUX,SPOC,4687.1557,5985.3699,analytic,5987.5401,161.19372,OK,2,2,SPOC/PDCSAP_FLUX=4687ppm;TESS-SPOC/PDCSAP_FLUX=5161ppm,4,1,1,81,SPOC,120,False,False,65966.123,-1484.4795,0.12208442,,1,,12.289372,16.976697,0.72389654,0.72389654,linear,13.289372,0.78310209,0.058926943,16.976697,84.883486,2.5812766e+39,OK,0.72389654,OK,SAP_FLUX,SPOC,215.60461,263.20652,analytic,263.81326,17.882033,OK,2,2,SPOC/SAP_FLUX=216ppm;TESS-SPOC/SAP_FLUX=163ppm,4,1,1,81,SPOC,120,False,False,2860.3149,228.91168,0.43472815,,1,,-0.38870178,0.75651799,-0.51380375,-0.51380375,linear,0.61129822,0.81914616,1.3400107,0.75651799,3.7825899,15141.275,OK,-0.51380375,BACKGROUND_TEST_AGREES,2,"SPOC,TESS-SPOC",-4732.0587,4259.1605,-1.1110309,-0.96097917,PDC_DEEPER_THAN_SAP,0.02,2.5126657,2.13045,1.2383764,1.05,3923.3622,1.1307328,1217,OK,True,1.2383764,1.0483508,0.19492223,,fixed_b,not_measurable,not_measurable,,False,,0,0,1,1,0.1,5985.3699,911.25601,4,0.028494241,0,False,,0.03439052,4763.0115,5085.399,4687.1557,5161.2548,4924.2053,474.09918,84,263.20652,105.39113,4,0.22371189,0,False,,0.082939012,171.42547,207.18953,163.01039,215.60461,189.3075,52.594216,84,0,3
K00012.01,Kepler-448 b,5812701,169461816,tic_kic_crossid_over_position_tic,CONFIRMED,CANDIDATE,17.855222,146.59647,7.41287,9065.2,11.2,-11.2,0.08815,0.075,19.986,6823,4.308,11.353,0,0,0,0,1,297.45374,41.01099,13,OK,lightkurve,,21,"QLP,SPOC,TESS-SPOC","14,15,54,55,74,81,82",0.97050048,,8797.781,10.869605,3318.3078,3318.3078,299,1.6000484,-0.04447722,0.027797422,115.9932,10,128.85221,128.69541,8707.2673,8708.7696,True,OK,PDCSAP_FLUX,SPOC,8708.7696,147.45192,bootstrap,1724.753,1718.4385,OK,4,4,SPOC/PDCSAP_FLUX=8709ppm;TESS-SPOC/PDCSAP_FLUX=8857ppm;QLP/KSPSAP_FLUX=8846ppm;QLP/DET_FLUX=2374ppm,8,7,5,"14,15,54,55,74,81,82",SPOC,120,False,False,1968.6576,189.31954,1.3234984,5.2758811,14,sector_scatter,-0.010169007,0.20426569,-0.049783237,-0.05000643,ln,0.98988252,59.061758,59.665421,0.20232354,1.0116177,15396.523,OK,-0.049783237,OK,SAP_FLUX,SPOC,7010.9838,154.27733,bootstrap,688.59585,671.09072,OK,3,3,SPOC/SAP_FLUX=7011ppm;TESS-SPOC/SAP_FLUX=7058ppm;QLP/SAP_FLUX=8985ppm,9,7,6,"14,15,54,55,74,81,82",SPOC,120,False,False,1660.9758,-106.0904,0.84251819,6.1245275,14,sector_scatter,-0.22702149,0.1102182,-2.059746,-2.1865378,ln,0.79690366,45.444033,57.025755,0.092884898,0.46442449,5200.3528,OK,-2.059746,BACKGROUND_TEST_DISAGREES,2,"SPOC,TESS-SPOC",-1744.9928,155.50256,-11.221634,-0.19868566,PDC_DEEPER_THAN_SAP,0.081433323,7.1898812,0.21963486,0.9699187,0.029628857,8487.5459,1.0633109,8746,OK,False,0.9699187,0.99958679,-0.51417256,0.27469434,fixed_b,consistent,consistent,,False,pdc_deeper_than_sap,0,0,1,1,0.2,67.587273,147.45192,10,5.2835398,0,False,,0.19732277,5414.7379,8851.6149,2374.0932,8856.5929,8777.4958,6334.6764,84,58.293419,154.27733,11,7.1907831,0,False,,0.095719907,7026.0817,8368.2631,7010.9838,8984.7801,7058.1646,1973.7962,84,-3.0886958e-05,3
K05207.01,,5859725,120578386,tic_kic_crossid,CANDIDATE,CANDIDATE,18.98283,139.257,6.303,49.1,6.1,-6.1,0.006377,0.021,23.16,5962,4.443,13.048,0,0,0,0,1,285.68912,41.18961,13,OK,lightkurve,,24,"QLP,SPOC,TESS-SPOC","14,26,40,41,53,54,74,75,80,81",0.96327219,,47.296665,5.8759604,3344.3979,3344.3979,283,161.54174,0,,579.17023,17,0.92042383,-1.9161373,-321.52741,156.70239,False,OK,PDCSAP_FLUX,QLP,-321.52741,164.9459,bootstrap,164.9459,,TOO_FEW_MEMBERS,4,0,SPOC/PDCSAP_FLUX=OK;TESS-SPOC/PDCSAP_FLUX=OK;QLP/KSPSAP_FLUX=OK;QLP/DET_FLUX=OK,12,10,8,"40,41,53,54,75,80,81,14,26,74","QLP,SPOC","120,1800,200",False,False,4848.1331,-631.58263,1.8688197,0.98974921,14,,-7.7980991,3.4900447,-2.2343837,-2.2343837,linear,-6.7980991,-1.9492901,0.28674046,3.4900447,17.450223,1.7921166e+09,OK,-2.2343837,OK,SAP_FLUX,QLP,-117.72419,153.30078,bootstrap,153.30078,,TOO_FEW_MEMBERS,3,0,SPOC/SAP_FLUX=OK;TESS-SPOC/SAP_FLUX=OK;QLP/SAP_FLUX=OK,12,10,8,"40,41,53,54,75,80,81,14,26,74","QLP,SPOC","120,1800,200",False,False,4308.4824,-416.46025,1.3456887,3.0156163,14,sector_scatter,-3.489059,3.2440253,-1.0755338,-1.0755338,linear,-2.489059,-0.76792947,0.308522,3.2440253,16.220127,5.2377165e+08,OK,-1.0755338,BACKGROUND_TEST_UNAVAILABLE,0,,,,,,,0.02,4.1100014,0.7944007,0.65207066,0.12603533,-506.75273,1.0252958,8360,OK,True,0.65207066,,,0.76311584,inconclusive,not_measurable,not_measurable,,False,,0,0,1,1,0.3,167.79978,164.9459,13,0.9231036,4,True,OK:4,,,,,,,,84,154.72701,153.30078,13,2.3007203,3,True,OK:3,,,,,,,,84,0,3
K08111.01,,5955197,122298773,tic_kic_crossid,CANDIDATE,CANDIDATE,359.33831,152.5082,18.566,977.9,71.7,-71.7,0.028296,0.176,149.8,5316,4.539,15.825,0,0,0,0,1,290.14304,41.27755,13,QUERY_RETURNED_ZERO_ROWS,lightkurve,QUERY_RETURNED_ZERO_ROWS,0,,,0.95667846,,935.53586,68.593845,,,0,,0,,36,0,,,,,False,FLUX_COLUMN_NOT_PRESENT,,,,,,,,ENSEMBLE_NOT_ATTEMPTED,0,0,,0,0,0,,,,False,False,,,,,0,,,,,,,,,,,,,NO_USABLE_TRANSIT,,FLUX_COLUMN_NOT_PRESENT,,,,,,,,ENSEMBLE_NOT_ATTEMPTED,0,0,,0,0,0,,,,False,False,,,,,0,,,,,,,,,,,,,NO_USABLE_TRANSIT,,BACKGROUND_TEST_UNAVAILABLE,0,,,,,,,,,,,,,,0,too_few_points,False,,,,,inconclusive,not_measured,not_measured,,False,,0,0,1,1,0,,,0,,0,False,,,,,,,,,84,,,0,,0,False,,,,,,,,,84,0,3
K05216.01,,5965629,138219791,tic_kic_crossid,CANDIDATE,CANDIDATE,377.31115,411.6189,3.33,804,140,-140,0.026277,0.3818,825,5897,4.531,15.495,0,0,0,0,1,293.46365,41.290939,13,OK,lightkurve,,2,"SPOC,TESS-SPOC",81,0.96996898,,779.85506,135.79566,3526.975,3527.1022,14,148.44303,183.13668,1.233717,495.27908,26,3.128348,-1.2161669,-7560.4211,15449.117,True,OK,PDCSAP_FLUX,SPOC,15449.117,4938.4266,analytic,4958.4488,445.14867,OK,2,2,SPOC/PDCSAP_FLUX=15449ppm;TESS-SPOC/PDCSAP_FLUX=16758ppm,1,1,1,81,SPOC,120,False,False,33913.923,,,,1,,2.986199,0.36855421,8.1024689,2.9572375,ln,19.810241,3.128348,0.1579157,6.3607475,31.803738,5.0605963e+16,OK,8.1024689,OK,SAP_FLUX,SPOC,7669.5276,2375.602,analytic,2381.7096,170.45687,OK,2,2,SPOC/SAP_FLUX=7670ppm;TESS-SPOC/SAP_FLUX=7168ppm,1,1,1,81,SPOC,120,False,False,16314.1,,,,1,,2.2859022,0.35952371,6.3581405,2.8876663,ln,9.8345551,3.2284564,0.32827681,3.05941,15.29705,3.4311375e+09,OK,6.3581405,BACKGROUND_TEST_AGREES,2,"SPOC,TESS-SPOC",-8540.3208,4172.9714,-2.0465803,-0.53033127,PDC_DEEPER_THAN_SAP,0.029847074,2.453565,0.1904162,0.7368063,0.057182041,15076.324,1.1752195,499,OK,False,0.7368063,1.1018897,-2.3970069,0.74872706,fixed_b,not_measurable,not_measurable,,False,,0,0,1,1,0.1,4938.4266,,1,1.2339095e-31,0,False,,0.028813858,15658.599,16548.896,15449.117,16758.378,16103.747,1309.2608,84,2375.602,,1,0,0,False,,0.022225211,7248.3989,7589.3126,7168.1839,7669.5276,7418.8557,501.34374,84,0.12717825,3
K01916.01,Kepler-336 d,6037581,122298677,tic_kic_crossid_over_name_planet,CONFIRMED,CANDIDATE,20.678764,151.69245,4.6395,323.9,7.9,-7.9,0.017394,0.665,26.2,5865,4.266,13.598,0,0,0,0,3,290.23764,41.331379,13,OK,lightkurve,,17,"QLP,SPOC,TESS-SPOC","14,40,41,54,55,74,75,80,82",0.98859077,,320.20455,7.8098671,3361.1711,3361.1711,260,24.263293,0,,142.38238,12,2.1755001,2.0300904,686.89662,705.80299,False,OK,PDCSAP_FLUX,QLP,686.89662,427.79039,bootstrap,626.6698,457.9415,OK,4,4,SPOC/PDCSAP_FLUX=357ppm;TESS-SPOC/PDCSAP_FLUX=499ppm;QLP/KSPSAP_FLUX=1605ppm;QLP/DET_FLUX=1055ppm,13,9,9,"74,75,80,82,14,40,41,54,55","QLP,SPOC","120,1800,600",False,False,7086.721,-448.18025,0.64429812,1.3093703,8,,1.1451807,1.9578826,0.58490773,0.58490773,linear,2.1451807,1.605685,0.74850804,1.9578826,9.7894132,5713356.1,OK,0.58490773,OK,SAP_FLUX,QLP,508.53087,293.87432,bootstrap,498.25506,402.36301,OK,3,3,SPOC/SAP_FLUX=359ppm;TESS-SPOC/SAP_FLUX=276ppm;QLP/SAP_FLUX=1459ppm,13,9,9,"74,75,80,82,14,40,41,54,55","QLP,SPOC","120,1800,600",False,False,5363.2823,-553.80039,1.2120095,1.3154249,8,,0.58814381,1.5570466,0.37773039,0.37773039,linear,1.5881438,1.7304366,1.0895969,1.5570466,7.7852328,769716.01,OK,0.37773039,BACKGROUND_TEST_AGREES,2,"SPOC,TESS-SPOC",-112.48836,324.6933,-0.34644497,-0.26291284,PDC_DEEPER_THAN_SAP,0.030254176,9.956068,3.6337087,2.1459355,0.78321127,270.89825,0.99195526,4628,OK,False,2.1459355,1.0138328,2.0329698,,fixed_b,not_measurable,not_measurable,,False,,0,0,1,1,0.2,338.35765,427.79039,13,1.5085113,0,False,,0.66668184,425.02053,1340.9035,357.0127,1604.5487,776.99182,917.65206,84,227.3399,293.87432,13,1.4703265,0,False,,0.79122631,302.42694,1107.153,275.80775,1459.2284,358.99271,950.69749,84,0,3
K01916.02,Kepler-336 c,6037581,122298677,tic_kic_crossid_over_name_planet,CONFIRMED,CANDIDATE,9.5999325,136.58227,4.3206,271.2,5.5,-5.5,0.014963,0.063,17.2,5865,4.266,13.598,0,0,0,0,3,290.23764,41.331379,13,OK,lightkurve,,17,"QLP,SPOC,TESS-SPOC","14,40,41,54,55,74,75,80,82",0.96325227,,261.23401,5.2978875,3364.7443,3364.7443,562,17.486793,0,,117.26938,10,2.7681157,2.7681157,744.50223,744.50223,False,OK,PDCSAP_FLUX,QLP,744.50223,336.48199,bootstrap,339.50156,45.17936,OK,4,2,SPOC/PDCSAP_FLUX=1171ppm;TESS-SPOC/PDCSAP_FLUX=1304ppm;QLP/KSPSAP_FLUX=OK;QLP/DET_FLUX=OK,22,9,9,"74,75,80,82,14,40,41,54,55","QLP,SPOC","120,1800,600",False,False,6846.3452,-78.081757,0.11489139,1.9315599,8,,1.0472992,0.45919249,2.2807412,1.4222387,ln,2.8499437,2.2126065,0.77636848,1.3007266,6.5036329,174128.78,OK,2.2807412,OK,SAP_FLUX,QLP,581.19807,202.62882,bootstrap,203.07317,13.426579,OK,3,2,SPOC/SAP_FLUX=718ppm;TESS-SPOC/SAP_FLUX=757ppm;QLP/SAP_FLUX=OK,23,9,9,"74,75,80,82,14,40,41,54,55","QLP,SPOC","120,1800,600",False,False,5199.1557,38.175154,0.094571463,1.7734103,8,,0.799675,0.35354594,2.2618701,1.5718279,ln,2.2248177,2.8682892,1.2892243,0.77923144,3.8961572,12594.868,OK,2.2618701,BACKGROUND_TEST_AGREES,2,"SPOC,TESS-SPOC",-501.9427,282.31722,-1.7779386,-0.40571513,PDC_DEEPER_THAN_SAP,0.02,1.8371025,0.027631215,0.42519615,0.0063952263,1479.125,1.0566574,7649,OK,False,0.42519615,1.0101964,-16.103384,0.91903473,tracks_b,not_measurable,not_measurable,,False,,0,0,1,1,0.3,268.95632,336.48199,24,1.6068784,2,True,OK:2,0.060683981,1192.0008,1282.3595,1170.7399,1303.6203,1237.1801,559.11812,84,183.6501,202.62882,25,1.5561258,1,True,OK:1,0.023101555,724.16793,751.02109,717.84954,757.33948,737.59451,176.14141,84,0,3
K01916.03,Kepler-336 b,6037581,122298677,tic_kic_crossid_over_name_planet,CONFIRMED,CANDIDATE,2.0248205,132.35465,2.55,63.3,3.5,-3.5,0.007277,0.248,5.954,5865,4.266,13.598,0,0,0,0,3,290.23764,41.331379,13,OK,lightkurve,,17,"QLP,SPOC,TESS-SPOC","14,40,41,54,55,74,75,80,82",0.96583136,,61.137125,3.3804097,3361.5013,3361.4127,2665,38.842177,-127.5102,3.2827769,154.77653,16,6.2044677,-0.9359508,-137.59183,927.33065,True,OK,PDCSAP_FLUX,QLP,927.33065,531.53335,bootstrap,1038.2227,891.83999,OK,4,2,SPOC/PDCSAP_FLUX=OK;TESS-SPOC/PDCSAP_FLUX=OK;QLP/KSPSAP_FLUX=2676ppm;QLP/DET_FLUX=53ppm,110,9,9,"74,75,80,82,14,40,41,54,55","QLP,SPOC","120,1800,600",False,False,6718.0755,-457.50508,0.42412033,4.087402,8,sector_scatter,14.168045,16.982033,0.83429616,0.83429616,linear,15.168045,1.744633,0.1150203,16.982033,84.910164,4.5953716e+38,OK,0.83429616,OK,SAP_FLUX,QLP,409.61521,273.71294,bootstrap,565.51891,494.86651,OK,3,2,SPOC/SAP_FLUX=OK;TESS-SPOC/SAP_FLUX=37ppm;QLP/SAP_FLUX=1493ppm,113,9,9,"74,75,80,82,14,40,41,54,55","QLP,SPOC","120,1800,600",False,False,5093.7248,-186.36059,0.32913948,2.3467358,8,,5.6999424,9.2503086,0.61618943,0.61618943,linear,6.6999424,1.4965139,0.2233622,9.2503086,46.251543,7.4661192e+21,OK,0.61618943,BACKGROUND_TEST_UNAVAILABLE,0,,,,,,,0.02,1.6627802,0.077378872,0.65207066,0.030344656,1006.8484,3.5059686,21766,OK,False,0.65207066,1.0224574,-5.4519923,0.78060954,tracks_b,not_measurable,not_measurable,,False,,0,0,1,1,0.7,149.46176,531.53335,117,27.895482,2,True,OK:2,0.96172816,472.75734,2256.4373,53.067934,2676.1267,1364.5973,1748.7961,84,103.29629,273.71294,119,28.296069,1,True,OK:1,1.2081253,269.90668,1259.6397,37.028327,1492.5181,764.77319,1082.9028,84,-0.08854875,3
K02001.01,Kepler-1783 b,6061773,168811794,tic_kic_crossid_over_name_planet,CONFIRMED,CANDIDATE,8.2774576,138.25667,2.713,197.2,13.4,-13.4,0.012663,0.261,22.82,5129,3.884,13.115,0,0,0,0,1,297.02109,41.377171,13,OK,lightkurve,,16,"QLP,SPOC,TESS-SPOC","14,15,54,55,74,75,81,82",0.95726842,,188.77333,12.827397,3359.8816,3359.8816,651,43.754229,0,,171.95769,16,2.8666106,1.5852574,295.92772,564.89986,False,OK,PDCSAP_FLUX,QLP,295.92772,246.56794,bootstrap,328.34143,216.82331,OK,4,2,SPOC/PDCSAP_FLUX=OK;TESS-SPOC/PDCSAP_FLUX=93ppm;QLP/KSPSAP_FLUX=731ppm;QLP/DET_FLUX=OK,25,8,8,"74,75,81,82,14,15,54,55","QLP,SPOC","120,1800,600",False,False,4709.2436,-179.41281,0.38069626,1.8515683,8,,0.56763518,1.741387,0.32596727,0.32596727,linear,1.5676352,1.2001873,0.76560373,1.741387,8.7069352,1140887.2,OK,0.32596727,OK,SAP_FLUX,QLP,146.53093,146.77688,bootstrap,158.77665,60.552226,OK,3,3,SPOC/SAP_FLUX=58ppm;TESS-SPOC/SAP_FLUX=42ppm;QLP/SAP_FLUX=220ppm,25,8,8,"74,75,81,82,14,15,54,55","QLP,SPOC","120,1800,600",False,False,3031.4422,-406.85189,1.4613426,1.2945119,8,,-0.22377313,0.84531724,-0.26472089,-0.26472089,linear,0.77622687,0.99832436,1.2861245,0.84531724,4.2265862,12738.999,OK,-0.26472089,BACKGROUND_TEST_AGREES,1,TESS-SPOC,-51.15872,323.00005,-0.15838611,-0.54931999,PDC_DEEPER_THAN_SAP,0.02,6.7825,0.10201321,2.5,0.037601624,264.95995,1.0587731,5899,OK,True,2.5,1.0033778,12.523854,,duration_inconsistent,not_measurable,not_measurable,,False,,0,0,1,1,0.3,186.67487,246.56794,27,1.4708268,2,True,OK:2,0.73269011,195.1655,628.81212,93.131,730.84662,411.98881,434.91891,84,128.21695,146.77688,27,1.2954641,0,False,,0.41323852,47.052198,168.15665,41.97228,220.06706,57.847023,104.55865,84,0,3
K01750.01,Kepler-948 b,6209677,138099276,tic_kic_crossid_over_name_planet,CONFIRMED,CANDIDATE,7.7684564,138.06602,3.689,217.8,10.2,-10.2,0.013457,0.353,15.3,5447,4.481,14.8,0,0,0,0,2,293.30023,41.523338,13,OK,lightkurve,,4,"SPOC,TESS-SPOC","81,82",0.96329422,,209.80548,9.825601,3533.2808,3533.3064,716,42.781477,36.875244,0.86194416,183.67943,14,3.2466004,2.5393847,3920.0741,4984.6167,True,OK,PDCSAP_FLUX,SPOC,4984.6167,1535.3342,analytic,1535.3897,13.054294,OK,2,2,SPOC/PDCSAP_FLUX=4985ppm;TESS-SPOC/PDCSAP_FLUX=4946ppm,6,2,2,"81,82",SPOC,120,False,False,27528.525,3398.2122,1.0551992,0.075615869,2,,3.167931,0.31555193,10.039333,3.1097004,ln,23.758277,3.2466004,0.13665134,7.3184789,36.592394,1.6356554e+18,OK,10.039333,OK,SAP_FLUX,SPOC,1867.1906,602.78201,analytic,603.45868,28.56976,OK,2,2,SPOC/SAP_FLUX=1867ppm;TESS-SPOC/SAP_FLUX=1951ppm,6,2,2,"81,82",SPOC,120,False,False,11288,1379.6547,1.0480806,0.35843264,2,,2.1860094,0.33037172,6.6168175,2.7456979,ln,8.8996274,3.0976217,0.34806195,2.8770927,14.385464,3.7097452e+08,OK,6.6168175,BACKGROUND_TEST_AGREES,2,"SPOC,TESS-SPOC",-3059.8785,1200.7199,-2.54837,-0.6162377,PDC_DEEPER_THAN_SAP,0.02,5.0067433,0.075304671,1.3572088,0.020413302,4431.7331,1.0276245,3320,OK,False,1.3572088,1.0584319,3.9661505,,duration_inconsistent,not_measurable,not_measurable,,False,,0,0,1,1,0.1,1535.3342,781.48658,8,0.36545937,0,False,,0.0026189163,4952.3649,4978.4735,4946.2217,4984.6167,4965.4192,38.394982,84,602.78201,374.69254,8,0.48919597,0,False,,0.015300934,1880.6352,1937.7747,1867.1906,1951.2193,1909.205,84.028706,84,0.025607808,3
K01750.02,,6209677,138099276,tic_kic_crossid_over_name_planet,CANDIDATE,CANDIDATE,2.5374216,132.34623,1.563,104.5,9.7,-9.7,0.009301,0.285,12.03,5447,4.481,14.8,0,0,0,0,2,293.30023,41.523338,13,OK,lightkurve,,4,"SPOC,TESS-SPOC","81,82",0.96071482,,100.3947,9.3189337,3532.4492,3532.4492,2194,40.674953,0,,145.46986,20,2.5689653,1.5408391,1783.692,2930.0225,False,OK,PDCSAP_FLUX,SPOC,1783.692,1165.5948,bootstrap,1170.6572,108.7515,OK,2,2,SPOC/PDCSAP_FLUX=1784ppm;TESS-SPOC/PDCSAP_FLUX=1464ppm,20,2,2,"81,82",SPOC,120,False,False,24476.019,-4732.9451,2.4352987,0.075850958,2,,16.766795,11.661024,1.4378492,1.4378492,linear,17.766795,1.5302848,0.086131729,11.661024,58.305122,2.1052491e+27,OK,1.4378492,OK,SAP_FLUX,SPOC,568.34312,457.45715,bootstrap,463.75574,76.173139,OK,2,2,SPOC/SAP_FLUX=568ppm;TESS-SPOC/SAP_FLUX=344ppm,20,2,2,"81,82",SPOC,120,False,False,9652.0237,-1602.9511,1.9630882,0.048284617,2,,4.661087,4.6205281,1.008778,1.008778,linear,5.661087,1.2423964,0.21946252,4.6205281,23.10264,1.0840768e+12,OK,1.008778,BACKGROUND_TEST_AGREES,2,"SPOC,TESS-SPOC",-1176.1381,962.43054,-1.2220498,-0.72432849,PDC_DEEPER_THAN_SAP,0.02,3.2532017,0.14683645,2.081383,0.093945264,1935.0899,1.1185094,4680,OK,False,2.081383,1.032228,6.4621264,,duration_inconsistent,not_measurable,not_measurable,,False,,0,0,1,1,0.2,1157.6108,1165.5948,21,1.0293554,0,False,,0.060969887,1515.0118,1732.5149,1463.8347,1783.692,1623.7633,319.85736,84,469.53236,457.45715,21,0.93428943,0,False,,0.13402667,380.15066,532.49694,344.30448,568.34312,456.3238,224.03864,84,0,3
K01129.01,Kepler-776 b,6272413,121114760,tic_kic_crossid_confirms_name_planet,CONFIRMED,CANDIDATE,4.8972101,133.39852,1.812,274.4,19.5,-19.5,0.015988,0.66,15.97,5093,4.483,15.456,0,0,0,0,1,287.27264,41.635559,13,OK,lightkurve,,4,"SPOC,TESS-SPOC","80,81",0.98644969,,270.68179,19.235769,3505.1431,3505.1431,1131,32.85523,0,,125.74569,14,1.3789999,-2.3586598,-4585.5492,2470.3642,False,OK,PDCSAP_FLUX,SPOC,-4585.5492,2252.1372,bootstrap,2252.1372,,TOO_FEW_MEMBERS,2,0,SPOC/PDCSAP_FLUX=OK;TESS-SPOC/PDCSAP_FLUX=OK,8,2,2,"80,81",SPOC,120,False,False,27062.165,-2244.5122,0.57558427,0.61504699,2,,-17.940737,8.3206924,-2.1561592,-2.1561592,linear,-16.940737,-2.0360879,0.12018886,8.3206924,41.603462,3.1667452e+20,OK,-2.1561592,OK,SAP_FLUX,SPOC,-2181.669,861.22088,bootstrap,861.22088,,TOO_FEW_MEMBERS,2,0,SPOC/SAP_FLUX=OK;TESS-SPOC/SAP_FLUX=OK,9,2,2,"80,81",SPOC,120,False,False,16916.244,-375.00138,0.19954017,0.0087760296,2,,-9.059903,3.182859,-2.8464669,-2.8464669,linear,-8.059903,-2.5332282,0.31430008,3.182859,15.914295,2.2077481e+09,OK,-2.8464669,BACKGROUND_TEST_UNAVAILABLE,0,,,,,,,0.027556464,2.6952488,0.1216527,1.4874442,0.067137251,-2897.5799,0.95882229,2176,OK,False,1.4874442,,,,inconclusive,not_measurable,not_measurable,,False,,0,0,1,1,0.1,1944.1333,2252.1372,10,1.3361244,2,True,OK:2,,,,,,,,84,938.34229,861.22088,11,1.0525441,2,True,OK:2,,,,,,,,84,0,3
K00849.01,Kepler-701 b,6276477,121795464,tic_kic_crossid_over_name_planet,CONFIRMED,CANDIDATE,10.355331,170.93729,3.1775,750.6,17.4,-17.4,0.024674,0.029,25.51,5501,4.462,15.018,0,0,0,0,1,288.9942,41.633282,13,OK,lightkurve,,6,"SPOC,TESS-SPOC","80,81,82",0.95675826,,718.14275,16.647594,3523.3287,3523.3287,533,16.182994,0,,96.211483,9,1.2200703,-0.18271055,-220.94055,1483.7264,False,OK,PDCSAP_FLUX,SPOC,-220.94055,1209.238,analytic,1209.238,,TOO_FEW_MEMBERS,2,0,SPOC/PDCSAP_FLUX=OK;TESS-SPOC/PDCSAP_FLUX=OK,7,3,3,"80,81,82",SPOC,120,False,False,22919.355,1126.1252,0.46497916,3.6702485,3,sector_scatter,-1.3076555,1.6847424,-0.77617531,-0.77617531,linear,-0.30765547,-0.18271055,0.5938804,1.6847424,8.4237121,3269543.1,OK,-0.77617531,OK,SAP_FLUX,SPOC,259.44633,799.14016,bootstrap,799.14016,,TOO_FEW_MEMBERS,2,1,SPOC/SAP_FLUX=259ppm;TESS-SPOC/SAP_FLUX=OK,8,3,3,"80,81,82",SPOC,120,False,False,14489.597,885.1221,0.59787775,2.9005568,3,,-0.63872597,1.1141513,-0.57328479,-0.57328479,linear,0.36127403,0.32465685,0.89864431,1.1141513,5.5707563,187889.59,OK,-0.57328479,BACKGROUND_TEST_UNAVAILABLE,0,,,,,,,0.024099646,1.8905415,0.36931373,0.59497766,0.11622777,-1537.1118,0.99994769,3297,OK,True,0.59497766,,,0.8237545,inconclusive,not_measurable,not_measurable,,False,,0,0,1,1,0.1,1209.238,1249.2391,8,1.3557938,2,True,OK:2,,,,,,,,84,739.75579,799.14016,8,1.3082318,1,True,OK:1,,,,,,,,84,0,3
K00308.01,Kepler-1715 b,6291837,138431008,tic_kic_crossid_over_name_planet,CONFIRMED,CANDIDATE,35.596968,187.52765,6.691,684.5,14.8,-14.8,0.028165,0.895,20.6,6212,4.309,12.351,0,0,0,0,1,293.92972,41.602871,13,OK,lightkurve,,25,"QLP,SPOC,TESS-SPOC","14,15,40,41,54,55,74,75,81,82",1.0327272,,706.90179,15.284363,3360.0728,3360.1193,150,24.70189,66.883236,2.7076161,174.47067,9,4.9847351,2.4639559,321.51992,637.55653,True,OK,PDCSAP_FLUX,QLP,637.55653,127.90179,analytic,157.60819,92.094918,OK,4,4,SPOC/PDCSAP_FLUX=379ppm;TESS-SPOC/PDCSAP_FLUX=715ppm;QLP/KSPSAP_FLUX=574ppm;QLP/DET_FLUX=555ppm,7,10,7,"15,74,75,81,82,14,40,41,54,55","QLP,SPOC,TESS-SPOC","120,1800,600",False,False,1522.1535,181.69697,0.6751292,0.99803699,15,,-0.10324879,0.25313752,-0.40787629,-0.42741246,ln,0.90190256,4.9847351,5.526911,0.22951469,1.1475735,1520.2197,OK,-0.40787629,OK,SAP_FLUX,QLP,580.4663,169.74012,bootstrap,216.82279,134.90892,OK,3,3,SPOC/SAP_FLUX=256ppm;TESS-SPOC/SAP_FLUX=585ppm;QLP/SAP_FLUX=653ppm,8,10,8,"15,74,75,81,82,14,40,41,54,55","QLP,SPOC,TESS-SPOC","120,1800,600",False,False,2235.9311,590.51084,2.4173519,2.6195166,15,,-0.19706,0.3774834,-0.52203618,-0.57414351,ln,0.82114137,3.4197355,4.1646123,0.31152252,1.5576126,2649.0958,OK,-0.52203618,BACKGROUND_TEST_AGREES,2,"SPOC,TESS-SPOC",-126.80386,171.93336,-0.73751747,-0.23196924,PDC_DEEPER_THAN_SAP,0.12580395,4.929971,0.38260504,0.7368063,0.057182041,686.14263,1.0348099,3518,OK,False,0.7368063,0.99429722,-3.0660271,0.95817104,tracks_b,consistent,consistent,duration_not_fixed_b,False,,0,0,1,1,0.2,127.90179,120.53709,7,0.99803699,0,False,,0.14444981,463.07235,647.26219,378.61678,714.66486,564.40427,258.93975,84,120.73745,169.74012,8,2.6195166,0,False,,0.23241473,361.27115,631.08898,255.79577,652.5867,585.40633,324.67053,84,0.046446692,3
K02065.01,Kepler-1789 b,6342333,377730967,tic_kic_crossid_over_name_planet,CONFIRMED,CANDIDATE,80.232147,162.39301,4.656,888.7,40.6,-40.6,0.033375,0.911,64.2,5436,4.505,14.32,0,0,0,0,1,282.86319,41.79668,13,OK,lightkurve,,6,"SPOC,TESS-SPOC","74,80,81",1.0522887,,935.16896,42.722921,3531.4112,3531.395,69,39.361415,-23.32656,0.59262503,187.92425,13,3.2904593,,,5831.8236,True,OK,PDCSAP_FLUX,SPOC,5831.8236,1772.3433,analytic,1776.7875,125.5899,OK,2,2,SPOC/PDCSAP_FLUX=5832ppm;TESS-SPOC/PDCSAP_FLUX=6201ppm,1,3,1,"74,80,81",SPOC,120,False,False,12804.52,,,,3,,1.8303578,0.31210816,5.8644984,2.7541541,ln,6.2361176,3.2904593,0.52764549,1.9011709,9.5058545,12566024,OK,5.8644984,OK,SAP_FLUX,SPOC,225.12416,1231.0041,analytic,1231.0041,,TOO_FEW_MEMBERS,2,1,SPOC/SAP_FLUX=225ppm;TESS-SPOC/SAP_FLUX=OK,1,3,1,"74,80,81",SPOC,120,False,False,10027.342,,,,3,,-0.759269,1.3180853,-0.57603937,-0.57603937,linear,0.240731,0.18287848,0.75967981,1.3180853,6.5904263,679953.12,OK,-0.57603937,BACKGROUND_TEST_AGREES,1,SPOC,-5606.6995,2157.9092,-2.5982092,-0.9613973,PDC_DEEPER_THAN_SAP,0.16873689,,,,,,,0,too_few_points,False,,,,,inconclusive,not_measurable,not_measurable,,False,,0,0,1,1,0.1,1772.3433,,1,0,0,False,,0.021535271,5890.9247,6142.1045,5831.8236,6201.2057,6016.5146,369.38206,84,1231.0041,,1,0,1,True,OK:1,,,,,,,,84,-0.016199,3
K01238.01,Kepler-797 b,6383821,169176157,tic_kic_crossid_over_name_planet,CONFIRMED,CANDIDATE,27.072377,139.1127,6.9592,514.2,13.6,-13.6,0.020659,0.015,30.33,5936,4.501,14.556,0,0,0,0,1,297.20895,41.781712,13,OK,lightkurve,,7,"SPOC,TESS-SPOC","74,75,81,82",0.96321657,,495.28596,13.099745,3521.95,3521.95,205,26.832304,0,,184.88491,9,0.83867293,0.074247366,79.360536,876.63863,False,OK,PDCSAP_FLUX,SPOC,79.360536,1068.8667,analytic,1068.8667,,TOO_FEW_MEMBERS,2,0,SPOC/PDCSAP_FLUX=OK;TESS-SPOC/PDCSAP_FLUX=OK,4,4,4,"75,81,82,74","SPOC,TESS-SPOC","120,200",False,False,20023.106,1270.8489,0.57589618,1.3784838,3,,-0.83976825,2.1588211,-0.38899391,-0.38899391,linear,0.16023175,0.074247366,0.46337487,2.1588211,10.794105,24136124,OK,-0.38899391,OK,SAP_FLUX,SPOC,-260.21965,738.20407,analytic,738.20407,,TOO_FEW_MEMBERS,2,0,SPOC/SAP_FLUX=OK;TESS-SPOC/SAP_FLUX=OK,4,4,4,"75,81,82,74","SPOC,TESS-SPOC","120,200",False,False,13917.759,-4.3299397,0.0028847267,0.46460336,3,,-1.5253927,1.4915333,-1.0227011,-1.0227011,linear,-0.52539274,-0.35250368,0.67093367,1.4915333,7.4576663,857884.24,OK,-1.0227011,BACKGROUND_TEST_UNAVAILABLE,0,,,,,,,0.020245309,8.6181091,1.7174112,1.2383764,0.24678285,1546.6932,0.94400716,3594,OK,False,1.2383764,0.98785421,1.0980592,,fixed_b,not_measurable,not_measurable,,False,,0,0,1,1,0.1,1068.8667,957.38486,4,1.3784838,2,True,OK:2,,,,,,,,84,738.20407,413.23532,4,0.46460336,2,True,OK:2,,,,,,,,84,0,3
K04861.01,,6425597,120421166,tic_kic_crossid,CANDIDATE,CANDIDATE,29.120652,138.4718,2.89,415.5,51,-51,0.01865,0.195,77,5671,4.582,15.536,0,0,0,0,1,285.09976,41.874378,13,OK,lightkurve,,4,"SPOC,TESS-SPOC","80,81",0.96211654,,399.75942,49.067943,3504.3957,3504.5161,190,105.03249,173.38266,1.6507527,358.44747,24,3.228333,-3.0998845,-23171.655,27263.481,True,OK,PDCSAP_FLUX,SPOC,27263.481,8445.0646,analytic,8826.0323,2565.0984,OK,2,2,SPOC/PDCSAP_FLUX=27263ppm;TESS-SPOC/PDCSAP_FLUX=19719ppm,1,2,1,"80,81",SPOC,120,False,False,54109.494,,,,2,,4.2224405,0.34981099,12.070634,3.0436369,ln,68.199721,3.228333,0.047336455,22.078757,110.39379,3.5092258e+50,OK,12.070634,OK,SAP_FLUX,SPOC,4743.9144,1650.6316,analytic,1680.0485,313.01461,OK,2,2,SPOC/SAP_FLUX=4744ppm;TESS-SPOC/SAP_FLUX=3823ppm,1,2,1,"80,81",SPOC,120,False,False,10575.981,,,,2,,2.473755,0.37813611,6.5419697,2.5844471,ln,11.866923,2.8739995,0.24218573,4.2047382,21.023691,5.3984834e+11,OK,6.5419697,BACKGROUND_TEST_DISAGREES,2,"SPOC,TESS-SPOC",-18540.697,5437.4645,-3.4098057,-0.7892588,PDC_DEEPER_THAN_SAP,0.02,2.1293702,0.66235075,0.7368063,0.22918711,19484.359,0.88529368,433,OK,True,0.7368063,1.1376471,-1.315444,0.70354038,fixed_b,not_measurable,not_measurable,,False,,0,0,1,1,0.1,8445.0646,,1,0,0,False,,0.094085507,20926.179,26056.376,19719.074,27263.481,23491.277,7544.4072,84,1650.6316,,1,0,0,False,,0.065982347,3970.5842,4596.6134,3823.2832,4743.9144,4283.5988,920.63119,84,0.12040463,3
K02828.01,Kepler-1359 b,6436029,159102744,tic_kic_crossid_over_name_planet,CONFIRMED,CANDIDATE,59.496901,146.95193,5.404,1262.1,59.6,-59.6,0.032075,0.406,79.8,4817,4.499,15.768,0,0,0,0,2,289.53882,41.892818,13,OK,lightkurve,NO_USABLE_TRANSIT,2,"SPOC,TESS-SPOC",80,0.96146588,,1213.4661,57.303366,3513.1637,3513.1637,93,66.178833,0,,279.5965,8,,,,,False,NO_USABLE_TRANSIT,PDCSAP_FLUX,SPOC,,,none,,,TOO_FEW_MEMBERS,2,0,SPOC/PDCSAP_FLUX=NO_USABLE_TRANSIT;TESS-SPOC/PDCSAP_FLUX=NO_USABLE_TRANSIT,0,1,0,80,SPOC,120,False,False,,,,,1,,,,,,,,,,,,,NO_USABLE_TRANSIT,,NO_USABLE_TRANSIT,SAP_FLUX,SPOC,,,none,,,TOO_FEW_MEMBERS,2,0,SPOC/SAP_FLUX=NO_USABLE_TRANSIT;TESS-SPOC/SAP_FLUX=NO_USABLE_TRANSIT,0,1,0,80,SPOC,120,False,False,,,,,1,,,,,,,,,,,,,NO_USABLE_TRANSIT,,BACKGROUND_TEST_UNAVAILABLE,0,,,,,,,0.036993865,,,,,,,0,too_few_points,False,,,,,inconclusive,not_measured,not_measured,,False,,0,0,1,1,0,,,0,,2,True,NO_USABLE_TRANSIT:2,,,,,,,,84,,,0,,2,True,NO_USABLE_TRANSIT:2,,,,,,,,84,0,3
K02828.02,,6436029,159102744,tic_kic_crossid_over_name_planet,CANDIDATE,CANDIDATE,505.46292,458.07755,10.127,1724,104,-104,0.038043,0.489,349.2,4817,4.499,15.768,0,0,0,0,2,289.53882,41.892818,13,OK,lightkurve,NO_USABLE_TRANSIT,2,"SPOC,TESS-SPOC",80,0.96761632,,1668.1705,100.6321,3345.7068,3345.7068,10,120.04975,0,,512.05424,8,,,,,False,NO_USABLE_TRANSIT,PDCSAP_FLUX,SPOC,,,none,,,TOO_FEW_MEMBERS,2,0,SPOC/PDCSAP_FLUX=NO_USABLE_TRANSIT;TESS-SPOC/PDCSAP_FLUX=NO_USABLE_TRANSIT,0,1,0,80,SPOC,120,False,False,,,,,1,,,,,,,,,,,,,NO_USABLE_TRANSIT,,NO_USABLE_TRANSIT,SAP_FLUX,SPOC,,,none,,,TOO_FEW_MEMBERS,2,0,SPOC/SAP_FLUX=NO_USABLE_TRANSIT;TESS-SPOC/SAP_FLUX=NO_USABLE_TRANSIT,0,1,0,80,SPOC,120,False,False,,,,,1,,,,,,,,,,,,,NO_USABLE_TRANSIT,,BACKGROUND_TEST_UNAVAILABLE,0,,,,,,,0.047645108,,,,,,,0,too_few_points,False,,,,,inconclusive,not_measured,not_measured,,False,,0,0,1,1,0,,,0,,2,True,NO_USABLE_TRANSIT:2,,,,,,,,84,,,0,,2,True,NO_USABLE_TRANSIT:2,,,,,,,,84,0,3
K00372.01,Kepler-539 b,6471021,171510762,tic_kic_crossid_over_name_planet,CONFIRMED,CANDIDATE,125.62915,253.35079,9.108,7841.6,61.1,-61.1,0.082594,0.471,102.7,5819,4.334,12.391,0,0,0,0,1,299.12244,41.86676,13,OK,lightkurve,,20,"QLP,SPOC,TESS-SPOC","14,15,41,54,55,74,81,82",0.9738962,,7636.9044,59.505058,3362.7751,3362.6802,42,14.690478,-136.67465,9.3036219,180.69143,7,8.0110403,2.2171082,1953.8659,5307.7722,True,OK,PDCSAP_FLUX,QLP,5307.7722,662.55716,analytic,662.55716,,TOO_FEW_MEMBERS,4,1,SPOC/PDCSAP_FLUX=NO_USABLE_TRANSIT;TESS-SPOC/PDCSAP_FLUX=NO_USABLE_TRANSIT;QLP/KSPSAP_FLUX=5308ppm;QLP/DET_FLUX=NO_USABLE_TRANSIT,1,8,1,"41,54,55,74,81,82,14,15","QLP,SPOC","120,1800",False,False,1898.4924,,,,12,,-0.36382015,0.13469475,-2.7010716,-3.0365761,ln,0.69501618,8.0110403,11.526408,0.10043675,0.50218373,4981.748,OK,-2.7010716,OK,SAP_FLUX,QLP,6101.3119,594.80401,analytic,594.80401,,TOO_FEW_MEMBERS,3,1,SPOC/SAP_FLUX=NO_USABLE_TRANSIT;TESS-SPOC/SAP_FLUX=NO_USABLE_TRANSIT;QLP/SAP_FLUX=6101ppm,1,8,1,"41,54,55,74,81,82,14,15","QLP,SPOC","120,1800",False,False,1704.3523,,,,12,,-0.22448853,0.10983897,-2.0437967,-2.1648721,ln,0.79892474,10.257685,12.839363,0.092880895,0.46440447,4513.9175,OK,-2.0437967,BACKGROUND_TEST_UNAVAILABLE,0,,,,,,,0.096175298,11.279132,0.87535056,1.2383764,0.096107879,4147.9181,2.7252438,90,OK,False,1.2383764,0.98432407,2.4685619,,fixed_b,consistent,consistent,,False,,0,0,1,1,0.1,662.55716,,1,0,3,True,NO_USABLE_TRANSIT:3,,,,,,,,84,594.80401,,1,0,2,True,NO_USABLE_TRANSIT:2,,,,,,,,84,-0.09491295,3
K00416.01,Kepler-152 b,6508221,158387462,tic_kic_crossid_over_name_planet,CONFIRMED,CANDIDATE,18.207958,185.84306,3.7965,1596.9,10.9,-10.9,0.038279,0.64,30,5176,4.612,14.29,0,0,0,0,4,286.86548,41.989079,13,OK,lightkurve,,8,"SPOC,TESS-SPOC","74,75,80,81",0.98392339,,1571.2273,10.724765,3371.9827,3371.9959,294,5.7710659,18.974907,3.287938,74.260698,7,3.2385316,2.3028537,2654.6002,3698.3211,True,OK,PDCSAP_FLUX,SPOC,3698.3211,1141.9747,analytic,1166.4498,237.6953,OK,2,2,SPOC/PDCSAP_FLUX=3698ppm;TESS-SPOC/PDCSAP_FLUX=4397ppm,5,4,3,"74,75,80,81",SPOC,120,False,False,14363.051,187.83212,0.081306681,0.016118802,4,,0.85602195,0.3194114,2.6799982,1.8193637,ln,2.3537786,3.2385316,1.3758863,0.74409453,3.7204727,63295.166,OK,2.6799982,OK,SAP_FLUX,SPOC,1786.3812,361.77018,analytic,394.02362,156.13117,OK,2,2,SPOC/SAP_FLUX=1786ppm;TESS-SPOC/SAP_FLUX=1327ppm,6,4,4,"74,75,80,81",SPOC,120,False,False,6067.3888,3439.1156,4.6604158,9.4265866,4,odd_even_significant;sector_scatter,0.12833489,0.22626995,0.56717605,0.53531232,ln,1.1369337,4.9378896,4.3431641,0.25580149,1.2790075,4074.3049,OK,0.56717605,BACKGROUND_TEST_DISAGREES,2,"SPOC,TESS-SPOC",-2602.0324,761.61552,-3.4164645,-0.64281473,PDC_DEEPER_THAN_SAP,0.060987021,4.1608054,0.12710334,1.0959582,0.033479084,3430.305,1.1389396,2693,OK,False,1.0959582,1.031586,1.0205986,0.52456053,fixed_b,not_measurable,not_measurable,,False,,0,0,1,1,0.1,1141.9747,243.60454,6,0.14312011,0,False,,0.064271137,3810.1777,4285.5683,3698.3211,4397.4249,4047.873,699.10383,84,361.77018,836.39955,6,6.6395664,0,False,,0.087400815,1400.6454,1712.9077,1327.1719,1786.3812,1556.7765,459.20934,84,0.013177019,3
K00416.02,Kepler-152 c,6508221,158387462,tic_kic_crossid_over_name_planet,CONFIRMED,CANDIDATE,88.255373,153.77974,4.539,1132.2,22.4,-22.4,0.036768,0.886,80,5176,4.612,14.29,0,0,0,0,4,286.86548,41.989079,13,OK,lightkurve,NO_USABLE_TRANSIT,8,"SPOC,TESS-SPOC","74,75,80,81",1.042193,,1179.971,23.345124,3370.3575,3370.3575,61,18.704835,0,,124.1995,4,,,,,False,NO_USABLE_TRANSIT,PDCSAP_FLUX,SPOC,,,none,,,TOO_FEW_MEMBERS,2,0,SPOC/PDCSAP_FLUX=NO_USABLE_TRANSIT;TESS-SPOC/PDCSAP_FLUX=NO_USABLE_TRANSIT,0,4,0,"74,75,80,81",SPOC,120,False,False,,,,,4,,,,,,,,,,,,,NO_USABLE_TRANSIT,,NO_USABLE_TRANSIT,SAP_FLUX,SPOC,,,none,,,TOO_FEW_MEMBERS,2,0,SPOC/SAP_FLUX=NO_USABLE_TRANSIT;TESS-SPOC/SAP_FLUX=NO_USABLE_TRANSIT,0,4,0,"74,75,80,81",SPOC,120,False,False,,,,,4,,,,,,,,,,,,,NO_USABLE_TRANSIT,,BACKGROUND_TEST_UNAVAILABLE,0,,,,,,,0.14904914,,,,,,,0,too_few_points,False,,,,,inconclusive,not_measured,not_measured,,False,,0,0,1,1,0,,,0,,2,True,NO_USABLE_TRANSIT:2,,,,,,,,84,,,0,,2,True,NO_USABLE_TRANSIT:2,,,,,,,,84,0,3
K00416.03,,6508221,158387462,tic_kic_crossid_over_name_planet,CANDIDATE,CANDIDATE,9.7476588,139.16424,2.62,102,11.5,-11.5,0.009733,0.658,21.8,5176,4.612,14.29,0,0,0,0,4,286.86548,41.989079,13,OK,lightkurve,,8,"SPOC,TESS-SPOC","74,75,80,81",0.9862312,,100.59558,11.341659,3362.6196,3362.6196,553,79.522773,0,,277.86832,22,1.7771683,0.79222452,624.12205,1475.4667,False,OK,PDCSAP_FLUX,SPOC,624.12205,1017.9235,bootstrap,1017.9235,,TOO_FEW_MEMBERS,2,1,SPOC/PDCSAP_FLUX=624ppm;TESS-SPOC/PDCSAP_FLUX=OK,8,4,4,"74,75,80,81",SPOC,120,False,False,13909.436,2149.3965,1.2889004,1.7236196,4,,5.2042689,10.11972,0.51427005,0.51427005,linear,6.2042689,0.61313255,0.098824302,10.11972,50.5986,9.4901236e+23,OK,0.51427005,OK,SAP_FLUX,SPOC,9.151187,372.70466,bootstrap,372.70466,,TOO_FEW_MEMBERS,2,1,SPOC/SAP_FLUX=9ppm;TESS-SPOC/SAP_FLUX=OK,11,4,4,"74,75,80,81",SPOC,120,False,False,6099.9502,683.74383,1.164647,0.97622847,4,,-0.90902993,3.7070326,-0.24521768,-0.24521768,linear,0.090970068,0.024553455,0.26990697,3.7070326,18.535163,1.127971e+10,OK,-0.24521768,BACKGROUND_TEST_AGREES,1,SPOC,-614.97086,1084.0097,-0.56731121,-0.9853375,PDC_DEEPER_THAN_SAP,0.02,3.7798738,0.96004936,1.4426999,0.36643105,573.26166,1.0010171,3134,OK,False,1.4426999,1.0248586,1.2001107,,fixed_b,not_measurable,not_measurable,,False,,0,0,1,1,0.2,787.80956,1017.9235,8,1.1273394,1,True,OK:1,,,,,,,,84,282.71542,372.70466,11,1.501661,1,True,OK:1,,,,,,,,84,0,3
K00416.04,,6508221,158387462,tic_kic_crossid_over_name_planet,CANDIDATE,CANDIDATE,31.532299,160.3251,3.49,106.4,30.5,-30.5,0.00923,0.0671,69.4,5183,4.608,14.29,0,0,0,0,4,286.86548,41.989079,13,OK,lightkurve,,8,"SPOC,TESS-SPOC","74,75,80,81",0.95388189,,101.49303,29.093398,3353.8159,3353.8159,170,232.69489,0,,750.43466,36,2.8384947,-1.6343356,-2541.4202,4395.8907,False,OK,PDCSAP_FLUX,SPOC,-2541.4202,1555.0174,analytic,1555.0174,,TOO_FEW_MEMBERS,2,0,SPOC/PDCSAP_FLUX=OK;TESS-SPOC/PDCSAP_FLUX=OK,2,4,2,"74,75,80,81",SPOC,120,False,False,33848.876,,,0.0016241632,4,,-26.040341,15.324183,-1.6992972,-1.6992972,linear,-25.040341,-1.6343356,0.065268103,15.324183,76.620913,1.916355e+35,OK,-1.6992972,OK,SAP_FLUX,SPOC,-1410.7992,510.63963,analytic,510.63963,,TOO_FEW_MEMBERS,2,0,SPOC/SAP_FLUX=OK;TESS-SPOC/SAP_FLUX=OK,2,4,2,"74,75,80,81",SPOC,120,False,False,5083.361,,,0.29236829,4,,-14.900454,5.039685,-2.956624,-2.956624,linear,-13.900454,-2.762808,0.19875667,5.039685,25.198425,8.9119601e+12,OK,-2.956624,BACKGROUND_TEST_UNAVAILABLE,0,,,,,,,0.02,2.0140091,1.8973265,0.57707996,0.54364657,-1918.857,1.0700577,1412,OK,False,0.57707996,,,0.82513476,inconclusive,not_measurable,not_measurable,,False,,0,0,1,1,0.2,1555.0174,137.53781,4,0.0016241632,2,True,OK:2,,,,,,,,84,510.63963,191.06419,4,0.29236829,2,True,OK:2,,,,,,,,84,0,3
K02838.01,Kepler-1365 b,6607357,63122176,name_planet,CONFIRMED,CANDIDATE,7.6999447,134.39282,4.432,70.9,4.5,-4.5,0.007635,0.018,13.38,5727,4.328,13.421,0,0,0,0,2,292.19971,42.046089,13,OK,lightkurve,,16,"QLP,SPOC,TESS-SPOC","40,41,54,55,74,75,81,82",0.96146331,,68.167749,4.3265849,3365.0541,3365.0541,701,50.392967,0,,217.6589,14,0.66716808,-0.26073361,-52.768537,135.80077,False,OK,PDCSAP_FLUX,QLP,-52.768537,183.21372,bootstrap,205.29465,92.620869,OK,4,2,SPOC/PDCSAP_FLUX=OK;TESS-SPOC/PDCSAP_FLUX=OK;QLP/KSPSAP_FLUX=159ppm;QLP/DET_FLUX=432ppm,25,8,8,"74,75,81,82,40,41,54,55","QLP,SPOC","120,600",False,False,6338.0993,-332.52843,0.90210616,0.40809697,8,,-1.7740983,3.0126934,-0.58887449,-0.58887449,linear,-0.77409828,-0.28801629,0.37206682,3.0126934,15.063467,2.3744299e+08,OK,-0.58887449,OK,SAP_FLUX,QLP,-46.643971,171.87009,bootstrap,171.87009,,TOO_FEW_MEMBERS,3,1,SPOC/SAP_FLUX=OK;TESS-SPOC/SAP_FLUX=OK;QLP/SAP_FLUX=393ppm,26,8,8,"74,75,81,82,40,41,54,55","QLP,SPOC","120,600",False,False,5325.4123,-225.6487,0.6551518,1.4586829,8,,-1.6842528,2.522576,-0.66767178,-0.66767178,linear,-0.68425277,-0.27139085,0.39662368,2.522576,12.61288,20477719,OK,-0.66767178,BACKGROUND_TEST_UNAVAILABLE,0,,,,,,,0.02,8.9471989,0.273317,2.0187723,0.061668999,-187.55711,1.0870801,9487,OK,False,2.0187723,,,,inconclusive,not_measurable,not_measurable,,False,,0,0,1,1,0.3,202.38487,183.21372,26,1.0326797,2,True,OK:2,0.31335309,202.95901,388.20075,159.37272,431.78704,295.57988,136.20716,84,173.01583,171.87009,27,1.0105504,2,True,OK:2,,,,,,,,84,0,3
K02838.02,Kepler-1365 c,6607357,63122176,name_planet,CONFIRMED,CANDIDATE,4.7746604,135.16338,3.804,54.3,3.9,-3.9,0.006682,0.03,9.667,5727,4.328,13.421,0,0,0,0,2,292.19971,42.046089,13,OK,lightkurve,,16,"QLP,SPOC,TESS-SPOC","40,41,54,55,74,75,81,82",0.96148959,,52.208885,3.7498094,3363.5296,3363.5296,1130,69.190902,0,,264.63271,16,1.5444965,1.5444965,249.8527,249.8527,False,OK,PDCSAP_FLUX,QLP,249.8527,186.67793,bootstrap,224.35194,124.43931,OK,4,3,SPOC/PDCSAP_FLUX=407ppm;TESS-SPOC/PDCSAP_FLUX=579ppm;QLP/KSPSAP_FLUX=OK;QLP/DET_FLUX=213ppm,44,8,8,"74,75,81,82,40,41,54,55","QLP,SPOC","120,600",False,False,5570.6869,-258.35654,0.69481569,1.7069781,8,,3.7856356,4.2980894,0.88077172,0.88077172,linear,4.7856356,1.3384158,0.27967358,4.2980894,21.490447,1.1244159e+11,OK,0.88077172,OK,SAP_FLUX,QLP,320.56996,162.19207,bootstrap,223.56515,153.86718,OK,3,3,SPOC/SAP_FLUX=466ppm;TESS-SPOC/SAP_FLUX=471ppm;QLP/SAP_FLUX=18ppm,44,8,8,"74,75,81,82,40,41,54,55","QLP,SPOC","120,600",False,False,5317.3406,-162.08075,0.48777467,2.1765533,8,,5.1401419,4.2830226,1.2001202,1.2001202,linear,6.1401419,1.9764836,0.32189543,4.2830226,21.415113,1.0428209e+11,OK,1.2001202,BACKGROUND_TEST_AGREES,2,"SPOC,TESS-SPOC",-18.969197,177.89966,-0.10662863,-0.038492696,PDC_DEEPER_THAN_SAP,0.02,7.917581,0.70464226,2.081383,0.18523719,-193.73501,2.3864407,14060,OK,False,2.081383,1.007919,6.488804,,duration_inconsistent,not_measurable,not_measurable,,False,,0,0,1,1,0.4,161.76968,186.67793,48,1.5631037,1,True,OK:1,0.49805069,274.97525,523.85387,213.06294,579.06091,406.53891,329.20821,84,142.00237,162.19207,48,1.5406867,0,False,,0.47998003,161.28627,469.02063,18.058095,470.60862,465.64614,302.51186,84,0,3
K05310.01,,6675757,158278509,tic_kic_crossid,CANDIDATE,CANDIDATE,22.290356,152.37929,1.623,130.4,19.8,-19.8,0.010324,0.028,106,5597,4.418,13.993,0,0,0,0,1,286.52942,42.167511,13,OK,lightkurve,,17,"QLP,SPOC,TESS-SPOC","14,40,41,53,55,74,75,80,81",0.95877261,,125.02395,18.983698,3357.3551,3357.3551,241,82.950265,0,,273.1958,30,2.9943631,1.4008259,994.87933,1931.5001,False,OK,PDCSAP_FLUX,QLP,994.87933,753.67226,bootstrap,1081.9163,776.2222,OK,4,3,SPOC/PDCSAP_FLUX=2103ppm;TESS-SPOC/PDCSAP_FLUX=2738ppm;QLP/KSPSAP_FLUX=455ppm;QLP/DET_FLUX=OK,11,9,8,"74,75,80,81,14,40,41,53,55","QLP,SPOC","120,1800,600",True,False,4848.81,1797.1948,1.2286975,0.5332277,8,smeared,6.9575101,8.6551485,0.80385797,0.80385797,linear,7.9575101,1.3200424,0.16588636,8.6551485,43.275743,7.7877034e+20,OK,0.80385797,OK,SAP_FLUX,QLP,995.76941,691.86685,bootstrap,930.89675,622.80737,OK,3,3,SPOC/SAP_FLUX=1853ppm;TESS-SPOC/SAP_FLUX=2090ppm;QLP/SAP_FLUX=259ppm,11,9,8,"74,75,80,81,14,40,41,53,55","QLP,SPOC","120,1800,600",True,False,4883.9021,1599.1274,1.1663062,0.51168019,8,smeared,6.9646293,7.4474634,0.93516798,0.93516798,linear,7.9646293,1.4392501,0.18070522,7.4474634,37.237317,1.8576097e+18,OK,0.93516798,BACKGROUND_TEST_AGREES,2,"SPOC,TESS-SPOC",-425.24074,1230.5798,-0.34556129,-0.17570685,PDC_DEEPER_THAN_SAP,0.02,4.0575,0.17763018,2.5,0.10944558,-1149.2876,1.029207,814,OK,True,2.5,1.0186217,4.7527767,,duration_inconsistent,not_measurable,not_measurable,,False,,0,0,1,1,0.3,710.20913,753.67226,13,1.261827,1,True,OK:1,0.78021744,982.04587,2534.4903,454.71674,2737.7232,2102.6203,1742.8439,84,676.81853,691.86685,13,1.2487397,0,False,,0.62545341,768.81813,2014.4329,258.55144,2090.3378,1853.1349,1094.5684,84,0,3
K06762.01,,6715997,273506717,tic_kic_crossid,CANDIDATE,CANDIDATE,15.08186,141.7289,4.004,81.6,17.5,-17.5,0.008867,0.7171,20.4,5794,4.377,14.45,0,0,0,0,1,297.83545,42.11039,13,OK,lightkurve,,8,"SPOC,TESS-SPOC","74,75,81,82",0.99471433,,81.16869,17.407501,3358.9529,3358.9529,357,169.80465,0,,569.47394,26,1.9899588,-0.17579965,-157.82831,1662.4202,False,OK,PDCSAP_FLUX,SPOC,-157.82831,897.77374,analytic,897.77374,,TOO_FEW_MEMBERS,2,1,SPOC/PDCSAP_FLUX=OK;TESS-SPOC/PDCSAP_FLUX=81ppm,7,4,4,"74,75,81,82",SPOC,120,False,False,17194.605,-249.14396,0.13848485,0.87479663,4,,-2.9444481,11.062784,-0.26615798,-0.26615798,linear,-1.9444481,-0.17579965,0.090411076,11.062784,55.313919,8.5490564e+25,OK,-0.26615798,OK,SAP_FLUX,SPOC,287.48912,599.81347,bootstrap,613.47546,128.74762,OK,2,2,SPOC/SAP_FLUX=287ppm;TESS-SPOC/SAP_FLUX=666ppm,8,4,4,"74,75,81,82",SPOC,120,False,False,9192.1443,-458.95239,0.51586922,3.7847757,4,sector_scatter,2.5418721,7.5612383,0.33617141,0.33617141,linear,3.5418721,0.47929754,0.13532322,7.5612383,37.806191,2.1301433e+18,OK,0.33617141,BACKGROUND_TEST_AGREES,1,TESS-SPOC,585.61893,1374.0223,0.42620774,7.2711863,SAP_DEEPER_THAN_PDC,0.02,1.8097256,2.4628137,0.45197942,0.61508833,1283.2264,0.98459517,4619,OK,True,0.45197942,,,0.9565242,inconclusive,not_measurable,not_measurable,,False,,0,0,1,1,0.2,897.77374,935.62593,8,1.3481143,1,True,OK:1,,,,,,,,84,444.83368,599.81347,8,2.3973273,0,False,,0.44783476,348.07623,605.57148,287.48912,666.15859,476.82386,378.66948,84,0,3
K05331.01,,6869373,270609921,tic_kic_crossid,CANDIDATE,CANDIDATE,31.503459,159.9712,3.315,210.6,29.6,-29.6,0.012966,0.053,73.4,5269,4.567,15.164,0,0,0,0,1,293.66772,42.320541,13,OK,lightkurve,,4,"SPOC,TESS-SPOC","81,82",0.9546199,,201.04295,28.256749,3537.58,3537.58,176,132.30753,0,,446.64759,24,1.7105376,-0.63544358,-2446.6646,7076.3643,False,OK,PDCSAP_FLUX,SPOC,-2446.6646,3850.3255,analytic,3850.3255,,TOO_FEW_MEMBERS,2,0,SPOC/PDCSAP_FLUX=OK;TESS-SPOC/PDCSAP_FLUX=OK,1,2,1,"81,82",SPOC,120,False,False,26441.548,,,,2,,-13.16986,19.152337,-0.68763725,-0.68763725,linear,-12.16986,-0.63544358,0.052214534,19.152337,95.761683,7.7993678e+43,OK,-0.68763725,OK,SAP_FLUX,SPOC,-813.08101,1715.1083,analytic,1715.1083,,TOO_FEW_MEMBERS,2,0,SPOC/SAP_FLUX=OK;TESS-SPOC/SAP_FLUX=OK,1,2,1,"81,82",SPOC,120,False,False,11778.256,,,,2,,-5.0443149,8.5323583,-0.59119821,-0.59119821,linear,-4.0443149,-0.47406978,0.11721881,8.5323583,42.661791,6.7774981e+20,OK,-0.59119821,BACKGROUND_TEST_UNAVAILABLE,0,,,,,,,0.02,7.7964017,0.23816271,2.3518557,0.071843956,7037.3686,0.90126173,497,OK,False,2.3518557,,,,inconclusive,not_measurable,not_measurable,,False,,0,0,1,1,0.1,3850.3255,,1,0,2,True,OK:2,,,,,,,,84,1715.1083,,1,0,2,True,OK:2,,,,,,,,84,0,3
K05336.01,,6934045,158316820,tic_kic_crossid,CANDIDATE,CANDIDATE,265.74137,167.0573,18.078,273.4,13.9,-13.9,0.015977,0.652,87.5,6537,4.044,13.491,0,0,0,0,1,286.79755,42.42091,13,OK,lightkurve,,17,"QLP,SPOC,TESS-SPOC","14,40,41,53,55,74,75,80,81",0.98897222,,270.385,13.746714,3314.8847,3314.6336,20,100.14558,-361.63231,3.6110661,571.60674,13,4.2908275,,,2246.9948,True,OK,PDCSAP_FLUX,QLP,2246.9948,523.67399,analytic,553.43482,179.04093,OK,4,3,SPOC/PDCSAP_FLUX=2247ppm;TESS-SPOC/PDCSAP_FLUX=2774ppm;QLP/KSPSAP_FLUX=NO_USABLE_TRANSIT;QLP/DET_FLUX=2308ppm,1,9,1,"74,75,80,81,14,40,41,53,55","QLP,SPOC","120,1800,600",False,False,7548.812,,,,8,,2.1175021,0.25641475,8.2581132,3.5693658,ln,8.3103528,4.2908275,0.51632315,2.0480817,10.240408,7573906.7,OK,8.2581132,OK,SAP_FLUX,QLP,270.79018,415.23499,analytic,720.75898,589.12937,OK,3,3,SPOC/SAP_FLUX=271ppm;TESS-SPOC/SAP_FLUX=344ppm;QLP/SAP_FLUX=2004ppm,1,9,1,"74,75,80,81,14,40,41,53,55","QLP,SPOC","120,1800,600",False,False,6670.0523,,,,8,,0.0014985311,2.6666302,0.00056195686,0.00056195686,linear,1.0014985,0.6521372,0.65116141,2.6666302,13.333151,1.6691517e+08,OK,0.00056195686,BACKGROUND_TEST_DISAGREES,2,"SPOC,TESS-SPOC",-2194.9599,480.80484,-4.5651784,-0.8743849,PDC_DEEPER_THAN_SAP,0.027048299,12.919302,0.60121055,0.71464221,0.033256475,1541.8307,1.1254648,2071,OK,False,0.71464221,1.0498443,-5.201444,0.84979552,tracks_b,not_measurable,not_measurable,,False,,0,0,1,1,0.2,523.67399,,1,0,1,True,NO_USABLE_TRANSIT:1,0.079680174,2266.3641,2624.446,2246.9948,2773.5858,2307.524,526.59098,84,415.23499,,1,0,0,False,,2.1755935,294.19815,1472.4569,270.79018,2003.5236,343.94008,1732.7334,84,-0.25113355,3
K01363.01,Kepler-291 b,6936909,158631683,tic_kic_crossid_over_name_planet,CONFIRMED,CANDIDATE,3.5465318,134.90127,2.2746,442.7,18.9,-18.9,0.02022,0.633,9.56,5993,4.489,15.934,0,0,0,0,2,287.91635,42.437302,13,OK,lightkurve,,4,"SPOC,TESS-SPOC","80,81",0.98554974,,436.30287,18.62689,3507.5839,3507.5839,1562,22.718936,0,,102.27581,12,1.9081774,1.6111505,14961.192,18453.301,False,OK,PDCSAP_FLUX,SPOC,14961.192,6824.6995,bootstrap,6893.2002,969.37452,OK,2,2,SPOC/PDCSAP_FLUX=14961ppm;TESS-SPOC/PDCSAP_FLUX=12110ppm,11,2,2,"80,81",SPOC,120,False,False,186261.82,5862.5233,0.31149442,1.7494006,2,,3.5348783,0.46540606,7.5952563,2.1071147,ln,34.290841,2.1922126,0.063929976,15.799254,78.996271,8.8599755e+36,OK,7.5952563,OK,SAP_FLUX,SPOC,5382.6587,2294.0233,bootstrap,2384.2479,649.68848,OK,2,2,SPOC/SAP_FLUX=5383ppm;TESS-SPOC/SAP_FLUX=3472ppm,14,2,2,"80,81",SPOC,120,False,False,67689.786,1681.7142,0.32198399,1.2754508,2,,2.5126011,0.44780266,5.6109561,2.0744479,ln,12.336978,2.3463837,0.19019112,5.4650579,27.325289,3.2137382e+14,OK,5.6109561,BACKGROUND_TEST_AGREES,2,"SPOC,TESS-SPOC",-9196.0475,5545.3956,-1.6583213,-0.67939501,PDC_DEEPER_THAN_SAP,0.032652015,1.3126261,0.10187025,0.57707996,0.044786004,21188.613,1.106802,3870,OK,False,0.57707996,1.1528406,-7.0429035,0.90975931,tracks_b,not_measurable,not_measurable,,False,,0,0,1,1,0.1,9286.0305,6824.6995,13,0.65478893,0,False,,0.064792597,12566.267,14505.016,12110.091,14961.192,13535.642,2851.1015,84,2882.6357,2294.0233,15,0.78403662,0,False,,0.12070029,3777.546,5076.923,3471.8103,5382.6587,4427.2345,1910.8485,84,0,3
K01363.02,Kepler-291 c,6936909,158631683,tic_kic_crossid_over_name_planet,CONFIRMED,CANDIDATE,5.7007063,132.69229,1.6408,379.8,27.9,-27.9,0.018897,0.664,20.53,5993,4.489,15.934,0,0,0,0,2,287.91635,42.437302,13,OK,lightkurve,,4,"SPOC,TESS-SPOC","80,81",0.98859275,,375.46753,27.581738,3506.7788,3506.7788,972,30.389394,0,,115.78018,16,1.8366035,-0.92004326,-16020.118,25898.747,False,OK,PDCSAP_FLUX,SPOC,-16020.118,17412.353,analytic,17412.353,,TOO_FEW_MEMBERS,2,0,SPOC/PDCSAP_FLUX=OK;TESS-SPOC/PDCSAP_FLUX=OK,7,2,2,"80,81",SPOC,120,False,False,215701.15,-22856.916,0.6494017,0.00068496666,2,,-43.667119,46.375208,-0.94160482,-0.94160482,linear,-42.667119,-0.92004326,0.021563285,46.375208,231.87604,1.8925883e+103,OK,-0.94160482,OK,SAP_FLUX,SPOC,-5293.5306,3443.654,bootstrap,3443.654,,TOO_FEW_MEMBERS,2,0,SPOC/SAP_FLUX=OK;TESS-SPOC/SAP_FLUX=OK,9,2,2,"80,81",SPOC,120,False,False,71355.375,-5069.8036,0.48137879,0.024326268,2,,-15.098505,9.1720733,-1.6461387,-1.6461387,linear,-14.098505,-1.5371842,0.10903172,9.1720733,45.860366,3.1008188e+22,OK,-1.6461387,BACKGROUND_TEST_UNAVAILABLE,0,,,,,,,0.032709669,3.1161163,0.70167279,1.8991445,0.42764066,-9631.6346,1.0435771,1722,OK,False,1.8991445,,,,inconclusive,not_measurable,not_measurable,,False,,0,0,1,1,0.1,17412.353,10765.672,7,0.4746121,2,True,OK:2,,,,,,,,84,4945.9857,3443.654,9,0.44838915,2,True,OK:2,,,,,,,,84,0,3
K02182.01,Kepler-1134 b,6962109,271758442,tic_kic_crossid_over_name_planet,CONFIRMED,CANDIDATE,17.132631,147.1546,3.0555,850.2,37.4,-37.4,0.026597,0.298,42.09,5477,4.578,15.842,0,0,0,0,1,295.56799,42.478298,13,QUERY_RETURNED_ZERO_ROWS,lightkurve,QUERY_RETURNED_ZERO_ROWS,0,,,0.96139465,,817.37773,35.95616,,,0,,0,,36,0,,,,,False,FLUX_COLUMN_NOT_PRESENT,,,,,,,,ENSEMBLE_NOT_ATTEMPTED,0,0,,0,0,0,,,,False,False,,,,,0,,,,,,,,,,,,,NO_USABLE_TRANSIT,,FLUX_COLUMN_NOT_PRESENT,,,,,,,,ENSEMBLE_NOT_ATTEMPTED,0,0,,0,0,0,,,,False,False,,,,,0,,,,,,,,,,,,,NO_USABLE_TRANSIT,,BACKGROUND_TEST_UNAVAILABLE,0,,,,,,,,,,,,,,0,too_few_points,False,,,,,inconclusive,not_measured,not_measured,,False,,0,0,1,1,0,,,0,,0,False,,,,,,,,,84,,,0,,0,False,,,,,,,,,84,0,3
K03112.01,,7022573,158721874,tic_kic_crossid,CANDIDATE,CANDIDATE,2.118894,132.8042,0.822,311.4,39,-39,0.016174,0.019,20.03,5504,4.583,15.855,0,0,0,0,1,288.21072,42.556808,13,OK,lightkurve,,4,"SPOC,TESS-SPOC","80,81",0.95679628,,297.94636,37.315055,3506.712,3506.712,2615,29.350207,0,,100.38062,24,1.0383606,0.08208942,1459.9285,16597.177,False,OK,PDCSAP_FLUX,SPOC,1459.9285,13634.735,bootstrap,22988.591,18508.628,OK,2,2,SPOC/PDCSAP_FLUX=1460ppm;TESS-SPOC/PDCSAP_FLUX=55897ppm,20,2,2,"80,81",SPOC,120,False,False,290114.08,-42818.958,1.7420267,0.16154725,2,,3.899971,77.156927,0.05054596,0.05054596,linear,4.899971,0.10707421,0.02185201,77.156927,385.78463,1.0429803e+170,OK,0.05054596,OK,SAP_FLUX,SPOC,3.3015633,157.91678,bootstrap,158.88152,17.48221,OK,2,2,SPOC/SAP_FLUX=3ppm;TESS-SPOC/SAP_FLUX=55ppm,24,2,2,"80,81",SPOC,120,False,False,3444.4864,-624.49321,2.3299696,1.3573976,2,,-0.98891893,0.55004239,-1.7978959,-1.7978959,linear,0.011081066,0.020906983,1.8867303,0.55004239,2.7502119,4363.7067,OK,-1.7978959,BACKGROUND_TEST_AGREES,2,"SPOC,TESS-SPOC",-17184.6,11496.13,-1.4948161,-0.59921546,PDC_DEEPER_THAN_SAP,0.02,1.9332254,0.39720021,2.3518557,0.48321194,-12544.814,1.1641409,2462,OK,True,2.3518557,1.0193399,2.9173143,,fixed_b,not_measurable,not_measurable,,False,,0,0,1,1,0.2,17784.612,13634.735,20,0.58192576,0,False,,12.677763,10169.871,47187.127,1459.9285,55897.069,28678.499,54437.141,84,181.69467,157.91678,24,0.59672752,0,False,,5.2951309,11.528486,46.492905,3.3015633,54.719828,29.010696,51.418264,84,0,3
K00871.01,,7031517,159652645,tic_kic_crossid,CANDIDATE,CANDIDATE,12.940669,179.42301,2.4845,42450,198,-198,0.259639,0.897,35.21,5875,4.572,15.215,0,0,0,0,1,291.11969,42.507069,13,OK,lightkurve,,4,"SPOC,TESS-SPOC","81,82",1.0363707,,43993.937,205.2014,3538.0887,3538.0973,427,2.0823153,12.402624,5.9561702,43.514446,10,16.385021,16.04256,36481.8,36965.931,True,OK,PDCSAP_FLUX,SPOC,36965.931,2256.0809,analytic,2391.1036,792.1336,OK,2,2,SPOC/PDCSAP_FLUX=36966ppm;TESS-SPOC/PDCSAP_FLUX=39296ppm,4,2,2,"81,82",SPOC,120,False,False,26511.779,-6727.1455,1.4870898,0.047401988,2,,-0.17405512,0.081888786,-2.1255062,-2.1588232,ln,0.84025058,16.385021,19.50016,0.073998379,0.3699919,19697.092,OK,-2.1255062,OK,SAP_FLUX,SPOC,16903.867,1071.7179,analytic,1096.0933,229.87204,OK,2,2,SPOC/SAP_FLUX=16904ppm;TESS-SPOC/SAP_FLUX=16228ppm,4,2,2,"81,82",SPOC,120,False,False,13686.635,-3924.432,1.8155157,20.810542,2,sector_scatter,-0.9565094,0.082014256,-11.662721,-10.984492,ln,0.38423175,15.772683,41.049922,0.056057963,0.28028982,14232.625,OK,-11.662721,BACKGROUND_TEST_DISAGREES,2,"SPOC,TESS-SPOC",-21536.723,1782.6815,-12.081083,-0.56481124,PDC_DEEPER_THAN_SAP,0.5,2.9841937,0.13469451,1.2011244,0.054213929,50477.728,1.0709113,1491,OK,False,1.2011244,0.96481918,3.2366147,0.67703887,tracks_b,shallower_tess,shallower_tess,duration_not_fixed_b,False,pdc_deeper_than_sap,0,0,1,1,0.1,2256.0809,2318.6283,4,1.6245769,0,False,,0.021428748,37338.7,38922.967,36965.931,39295.736,38130.833,2329.8047,84,1071.7179,2808.9406,4,8.79299,0,False,,0.013598784,16335.948,16795.692,16227.773,16903.867,16565.82,676.09425,84,0.0086129333,3
K00312.01,Kepler-136 b,7050989,272375343,tic_kic_crossid_over_name_planet,CONFIRMED,CANDIDATE,11.578909,175.58603,2.7207,243.4,4.9,-4.9,0.014458,0.359,30.85,6156,4.284,12.459,0,0,0,0,2,296.46732,42.598785,13,OK,lightkurve,,22,"QLP,SPOC,TESS-SPOC","14,15,54,55,74,75,81,82",0.97044628,,236.20662,4.7551868,3346.4631,3346.4253,461,12.046733,-54.424883,4.5178125,76.9507,9,3.1189334,-0.38259622,-39.264473,320.69947,True,OK,PDCSAP_FLUX,QLP,320.69947,139.52712,bootstrap,214.15323,162.46165,OK,4,4,SPOC/PDCSAP_FLUX=279ppm;TESS-SPOC/PDCSAP_FLUX=458ppm;QLP/KSPSAP_FLUX=588ppm;QLP/DET_FLUX=129ppm,17,8,8,"54,55,74,75,81,82,14,15","QLP,SPOC","120,1800",False,False,2218.2734,-295.16291,1.1418946,1.3801142,14,,0.30579751,0.66994104,0.45645436,0.39384847,ln,1.3577074,2.2984741,1.6929083,0.90823599,4.5411799,21920.309,OK,0.45645436,OK,SAP_FLUX,QLP,297.10522,143.60532,bootstrap,150.04761,43.494798,OK,3,3,SPOC/SAP_FLUX=258ppm;TESS-SPOC/SAP_FLUX=354ppm;QLP/SAP_FLUX=386ppm,17,8,8,"54,55,74,75,81,82,14,15","QLP,SPOC","120,1800",False,False,1999.6355,-296.50207,1.1252908,1.8122294,14,,0.2293794,0.50790007,0.4516231,0.40440863,ln,1.2578192,2.0689012,1.644832,0.63752144,3.1876072,5487.1695,OK,0.4516231,BACKGROUND_TEST_AGREES,2,"SPOC,TESS-SPOC",-55.440265,159.27329,-0.34808264,-0.15056868,PDC_DEEPER_THAN_SAP,0.02,1.4325924,0.066666891,0.52655288,0.02450358,266.37006,0.99329499,5288,OK,False,0.52655288,1.002692,-9.2286024,0.88290726,tracks_b,not_measurable,not_measurable,,False,,0,0,1,1,0.2,102.82344,139.52712,18,1.6954819,0,False,,0.50658535,200.76989,525.6932,129.01268,588.26712,368.20583,267.56765,84,96.229597,143.60532,18,1.9256321,0,False,,0.14639527,288.41167,375.40126,257.64756,385.57344,353.78539,88.468218,84,-0.037795057,3
K00312.02,Kepler-136 c,7050989,272375343,tic_kic_crossid_over_name_planet,CONFIRMED,CANDIDATE,16.399265,131.96806,3.4108,220.8,5.2,-5.2,0.013613,0.115,36.99,6156,4.284,12.459,0,0,0,0,2,296.46732,42.598785,13,OK,lightkurve,,22,"QLP,SPOC,TESS-SPOC","14,15,54,55,74,75,81,82",0.96523181,,213.12318,5.0192054,3343.927,3343.9033,328,16.116155,-34.135286,2.1180789,99.510464,9,3.6021631,2.1513944,223.9891,379.71177,True,OK,PDCSAP_FLUX,QLP,379.71177,79.666062,bootstrap,188.61358,170.96316,OK,4,4,SPOC/PDCSAP_FLUX=359ppm;TESS-SPOC/PDCSAP_FLUX=170ppm;QLP/KSPSAP_FLUX=512ppm;QLP/DET_FLUX=29ppm,14,8,8,"54,55,74,75,81,82,14,15","QLP,SPOC","120,1800",False,False,2445.4056,124.14445,0.58874155,0.37633153,14,,0.57754213,0.4997936,1.1555613,0.88150955,ln,1.781654,4.7662926,2.6752067,0.88672206,4.4336103,17739.305,OK,1.1555613,OK,SAP_FLUX,QLP,355.83093,78.112208,bootstrap,86.556887,37.29045,OK,3,3,SPOC/SAP_FLUX=346ppm;TESS-SPOC/SAP_FLUX=284ppm;QLP/SAP_FLUX=236ppm,14,8,8,"54,55,74,75,81,82,14,15","QLP,SPOC","120,1800",False,False,2121.1638,156.80275,0.80946518,0.51882022,14,,0.51258537,0.24945257,2.054841,1.6336588,ln,1.6696022,4.5553818,2.7284235,0.40987884,2.0493942,1441.394,OK,2.054841,BACKGROUND_TEST_AGREES,2,"SPOC,TESS-SPOC",30.211735,97.370685,0.31027547,0.11422904,SAP_DEEPER_THAN_PDC,0.02,2.4375016,0.38557868,0.71464221,0.11304641,337.50578,1.0408174,5096,OK,False,0.71464221,1.0045559,-2.0436096,0.71375954,fixed_b,not_measurable,not_measurable,,False,,0,0,1,1,0.2,105.41215,79.666062,15,0.61371711,0,False,,0.45024457,96.504622,438.43094,28.673505,511.77087,264.48384,351.03826,84,96.653775,78.112208,15,0.92468949,0,False,,0.10479823,251.72455,326.30545,236.31433,345.99213,284.47127,119.5166,84,-0.02370506,3
K02083.01,Kepler-1791 b,7097965,164728985,tic_kic_crossid_over_name_planet,CONFIRMED,CANDIDATE,7.7208505,136.563,1.8264,267,12.7,-12.7,0.019674,0.963,10.86,5887,4.29,13.516,0,0,0,0,1,284.49033,42.648289,13,OK,lightkurve,,15,"QLP,SPOC,TESS-SPOC","14,26,40,41,53,54,75,80,81",1.0819174,,288.87194,13.740351,3489.9711,3489.9774,715,21.630146,9.1283472,0.42201967,92.286439,14,4.6133349,2.6490644,626.21602,1024.5471,True,OK,PDCSAP_FLUX,QLP,1024.5471,464.60621,bootstrap,737.81686,573.16209,OK,4,4,SPOC/PDCSAP_FLUX=83ppm;TESS-SPOC/PDCSAP_FLUX=271ppm;QLP/KSPSAP_FLUX=1585ppm;QLP/DET_FLUX=1032ppm,28,9,9,"75,80,81,14,26,40,41,53,54","QLP,SPOC","120,1800,600",True,False,4201.7178,-1338.9062,1.7468818,4.0606858,6,smeared;sector_scatter,1.2660224,0.72343861,1.7500067,0.99673347,ln,3.5467172,2.2051946,0.62175652,2.5550634,12.775317,1.0208308e+08,OK,1.7500067,OK,SAP_FLUX,QLP,1308.0788,426.565,bootstrap,700.05293,555.08235,OK,3,3,SPOC/SAP_FLUX=181ppm;TESS-SPOC/SAP_FLUX=214ppm;QLP/SAP_FLUX=1814ppm,29,9,9,"75,80,81,14,26,40,41,53,54","QLP,SPOC","120,1800,600",True,False,4294.9871,-571.46222,0.72305521,3.5265669,6,smeared;sector_scatter,1.5103313,0.53960753,2.798944,1.4553097,ln,4.5282307,3.0665404,0.67720498,2.4243847,12.121924,53111369,OK,2.798944,BACKGROUND_TEST_AGREES,2,"SPOC,TESS-SPOC",29.056013,430.46734,0.067498764,0.16412822,SAP_DEEPER_THAN_PDC,0.22630025,1.387439,0.4020631,0.75965779,0.22013968,492.52343,1.1872103,3541,OK,False,0.75965779,1.1481327,-1.392864,0.98736562,fixed_b,not_measurable,not_measurable,,False,,0,0,1,1,0.3,222.08383,464.60621,30,2.5491861,0,False,,0.55942972,173.27854,1319.6027,83.185957,1585.0838,651.43855,941.36114,84,217.45311,426.565,31,2.2896175,0,False,,0.42434932,191.6269,1301.7916,181.19721,1813.7923,213.79,1126.8816,84,0.00633913,3
K03083.01,,7106173,158631289,tic_kic_crossid,CANDIDATE,CANDIDATE,10.183182,133.21404,3.137,51.5,5.1,-5.1,0.006649,0.449,22.35,5843,4.421,12.857,0,0,0,0,3,287.97885,42.679359,13,OK,lightkurve,,26,"QLP,SPOC,TESS-SPOC","14,40,41,53,54,74,75,80,81,82",0.97281623,,50.100036,4.9613628,3353.1173,3353.1173,529,75.51671,0,,273.60513,18,2.5249461,2.2300901,458.14877,506.9534,False,OK,PDCSAP_FLUX,QLP,458.14877,313.25602,bootstrap,351.19024,158.76162,OK,4,4,SPOC/PDCSAP_FLUX=468ppm;TESS-SPOC/PDCSAP_FLUX=248ppm;QLP/KSPSAP_FLUX=16ppm;QLP/DET_FLUX=76ppm,23,10,10,"40,41,53,74,75,80,81,82,14,54","QLP,SPOC","120,1800,600",False,False,6462.7602,63.664527,0.10434676,2.8296757,16,,8.1446795,7.0106581,1.1617568,1.1617568,linear,9.1446795,1.4625378,0.15993319,7.0106581,35.05329,8.3808597e+16,OK,1.1617568,OK,SAP_FLUX,QLP,188.02026,112.80354,bootstrap,113.69163,14.182659,OK,3,3,SPOC/SAP_FLUX=190ppm;TESS-SPOC/SAP_FLUX=165ppm;QLP/SAP_FLUX=148ppm,23,10,10,"40,41,53,74,75,80,81,82,14,54","QLP,SPOC","120,1800,600",False,False,3713.4008,38.82669,0.16700288,1.5409169,16,,2.7528967,2.2720023,1.211661,1.211661,linear,3.7528967,1.666794,0.44413532,2.2720023,11.360012,4299553.5,OK,1.211661,BACKGROUND_TEST_AGREES,2,"SPOC,TESS-SPOC",-144.88254,183.38152,-0.79006072,-0.40477835,PDC_DEEPER_THAN_SAP,0.02,2.9511086,1.004462,0.94074229,0.32019827,627.47965,1.0333448,9405,OK,False,0.94074229,1.016671,-0.22107808,0.54309709,fixed_b,not_measurable,not_measurable,,False,,0,0,1,1,0.4,205.43957,313.25602,24,1.9002407,0,False,,0.34652854,44.79832,362.32157,15.539721,467.70583,162.32521,442.60905,84,110.54046,112.80354,24,1.0199152,0,False,,0.075431545,153.6155,181.98082,148.40887,190.12257,164.67961,39.611393,84,0,3
K03083.02,,7106173,158631289,tic_kic_crossid,CANDIDATE,CANDIDATE,6.2321233,135.2369,2.85,31.7,4.8,-4.8,0.005154,0.32,15.93,5843,4.421,12.857,0,0,0,0,3,287.97885,42.679359,13,OK,lightkurve,,26,"QLP,SPOC,TESS-SPOC","14,40,41,53,54,74,75,80,81,82",0.96772489,,30.676879,4.6450795,3352.7914,3353.118,864,156.74822,470.25,3.0000341,512.99465,30,3.0883695,-0.082902505,-13.870315,500.22913,True,OK,PDCSAP_FLUX,QLP,500.22913,187.19092,bootstrap,291.97788,224.07732,OK,4,4,SPOC/PDCSAP_FLUX=473ppm;TESS-SPOC/PDCSAP_FLUX=516ppm;QLP/KSPSAP_FLUX=1159ppm;QLP/DET_FLUX=707ppm,40,10,10,"40,41,53,74,75,80,81,82,14,54","QLP,SPOC","120,1800,600",False,False,6235.7111,255.18202,0.69546238,1.7198616,16,,2.791557,0.60507842,4.6135458,1.6079518,ln,16.306389,2.6722938,0.16388017,9.5191841,47.59592,1.4369999e+22,OK,4.6135458,OK,SAP_FLUX,QLP,156.29992,61.698691,bootstrap,235.3885,227.15858,OK,3,3,SPOC/SAP_FLUX=149ppm;TESS-SPOC/SAP_FLUX=154ppm;QLP/SAP_FLUX=817ppm,43,10,10,"40,41,53,74,75,80,81,82,14,54","QLP,SPOC","120,1800,600",False,False,3410.9495,97.595389,0.77219511,1.288233,16,,1.6282675,1.5144239,1.0751729,0.53356865,ln,5.0950399,2.5332778,0.4972047,7.6748136,38.374068,1.420552e+18,OK,1.0751729,BACKGROUND_TEST_AGREES,2,"SPOC,TESS-SPOC",-341.46765,147.02777,-2.3224704,-0.69016978,PDC_DEEPER_THAN_SAP,0.02,1.5952038,0.15559168,0.55972065,0.054593571,502.36552,1.036829,14031,OK,False,0.55972065,1.0173414,-2.7796871,0.85199195,fixed_b,not_measurable,not_measurable,,False,,0,0,1,1,0.7,161.97192,187.19092,40,1.5900056,0,False,,0.44794935,493.89667,942.0513,473.20283,1159.2292,611.54511,659.0001,84,83.739798,61.698691,43,0.90998084,0,False,,1.4533505,150.26831,604.58547,148.6575,816.77096,153.69129,660.47104,84,0.3265625,3
K03083.03,,7106173,158631289,tic_kic_crossid,CANDIDATE,CANDIDATE,8.2942929,134.8478,3.976,36.8,4.1,-4.1,0.005482,0.006,16.04,5843,4.421,12.857,0,0,0,0,3,287.97885,42.679359,13,OK,lightkurve,,26,"QLP,SPOC,TESS-SPOC","14,40,41,53,54,74,75,80,81,82",0.96304197,,35.439945,3.9484721,3350.8439,3350.5263,649,143.54479,-457.27181,3.1855689,490.27436,21,3.2172404,0.81564995,142.64328,512.86532,True,OK,PDCSAP_FLUX,QLP,512.86532,197.19808,bootstrap,208.87592,68.862676,OK,4,3,SPOC/PDCSAP_FLUX=546ppm;TESS-SPOC/PDCSAP_FLUX=457ppm;QLP/KSPSAP_FLUX=OK;QLP/DET_FLUX=659ppm,32,10,10,"40,41,53,74,75,80,81,82,14,54","QLP,SPOC","120,1800,600",False,False,6765.308,-206.6476,0.51697066,1.4692029,16,,2.6721737,0.42518669,6.2847069,2.2851984,ln,14.471392,2.6007623,0.1797175,5.8950643,29.475321,2.2411064e+14,OK,6.2847069,OK,SAP_FLUX,QLP,106.26305,81.039274,bootstrap,96.6619,52.689267,OK,3,3,SPOC/SAP_FLUX=117ppm;TESS-SPOC/SAP_FLUX=272ppm;QLP/SAP_FLUX=261ppm,32,10,10,"40,41,53,74,75,80,81,82,14,54","QLP,SPOC","120,1800,600",False,False,3608.2487,-102.54407,0.60195764,1.1199596,16,,1.9983979,2.730217,0.73195571,0.73195571,linear,2.9983979,1.3112538,0.43731814,2.730217,13.651085,30066530,OK,0.73195571,BACKGROUND_TEST_AGREES,2,"SPOC,TESS-SPOC",-317.20959,159.11995,-1.993525,-0.63300513,PDC_DEEPER_THAN_SAP,0.02,3.7403913,0.2730826,0.94074229,0.068682747,587.47047,1.0295402,14002,OK,False,0.94074229,1.0153095,-0.58151508,0.34102811,fixed_b,not_measurable,not_measurable,,False,,0,0,1,1,0.5,159.41156,197.19808,34,1.4701201,1,True,OK:1,0.13427049,485.13164,622.857,456.71335,659.25063,545.52053,146.38531,84,86.193751,81.039274,34,0.97501607,0,False,,0.49583806,163.07053,268.44907,116.78554,271.75397,261.42615,165.49091,84,-0.31754987,3
K06835.01,,7135549,272485013,tic_kic_crossid,CANDIDATE,CANDIDATE,22.500534,150.21719,7.44,,,,,,,,,13.903,0,0,0,0,1,296.6192,42.674931,13,OK,lightkurve,,8,QLP,"14,15,54,55,74,75,81,82",0.96296296,teff_missing_default_used;logg_missing_4.5_used,,,3360.8448,3360.8448,239,0,0,,111.6,7,1.0524365,-0.022111,-13.696774,628.09889,False,OK,KSPSAP_FLUX,QLP,-13.696774,637.82843,bootstrap,637.82843,,TOO_FEW_MEMBERS,2,1,QLP/KSPSAP_FLUX=OK;QLP/DET_FLUX=889ppm,10,8,8,"14,15,54,55,74,75,81,82",QLP,"1800,200,600",False,False,13907.173,-1683.1891,1.3409842,2.0882834,0,,,,,,,,,,,,,NO_REFERENCE_DEPTH,,OK,SAP_FLUX,QLP,-470.83971,972.21158,bootstrap,972.21158,,TOO_FEW_MEMBERS,1,0,QLP/SAP_FLUX=OK,10,8,8,"14,15,54,55,74,75,81,82",QLP,"1800,200,600",False,False,13858.313,950.7654,0.72456181,4.6842182,0,sector_scatter,,,,,,,,,,,,NO_REFERENCE_DEPTH,,BACKGROUND_TEST_UNAVAILABLE,0,,,,,,,0.15,15.96576,1.9554264,2.1459355,0.26282614,1068.8143,3.2050082,4062,OK,False,2.1459355,,,,inconclusive,not_measured,not_measured,,False,,0,0,1,1,0.1,619.45522,637.82843,10,1.7701175,1,True,OK:1,,,,,,,,84,650.02883,972.21158,10,3.7560044,1,True,OK:1,,,,,,,,84,0,3
K02687.01,Kepler-1869 c,7202957,63368895,name_planet,CONFIRMED,CANDIDATE,1.7168283,132.03204,2.068,59.5,5,-5,0.007546,0.7,4.67,5808,4.522,10.158,0,0,0,0,2,292.61511,42.764252,13,OK,lightkurve,,27,"QLP,SPOC,TESS-SPOC","15,40,41,54,55,74,75,81,82",0.99253783,,59.056001,4.9626891,3324.97,3324.97,3122,42.765171,0,,159.31551,18,2.2059131,1.9115212,26.682694,31.031287,False,OK,PDCSAP_FLUX,SPOC,26.682694,14.821547,bootstrap,33.957032,30.551625,OK,4,3,SPOC/PDCSAP_FLUX=27ppm;TESS-SPOC/PDCSAP_FLUX=46ppm;QLP/KSPSAP_FLUX=117ppm;QLP/DET_FLUX=OK,134,9,9,"15,40,41,54,55,74,75,81,82",SPOC,120,False,False,870.69696,-14.435966,0.49241401,1.6302604,18,,-0.5481798,0.58325241,-0.93986718,-0.93986718,linear,0.4518202,1.8002637,3.9844693,0.58325241,2.9162621,1031.833,OK,-0.93986718,OK,SAP_FLUX,SPOC,32.404268,14.145646,bootstrap,18.269218,11.561359,OK,3,3,SPOC/SAP_FLUX=32ppm;TESS-SPOC/SAP_FLUX=48ppm;QLP/SAP_FLUX=66ppm,138,9,9,"15,40,41,54,55,74,75,81,82",SPOC,120,False,False,854.35596,-17.088548,0.5994979,1.5159507,18,,-0.60019602,0.57220744,-1.0489133,-1.3909976,ln,0.54870407,2.2907592,4.1748536,0.32444048,1.6222024,240.01726,OK,-1.0489133,BACKGROUND_TEST_AGREES,2,"SPOC,TESS-SPOC",4.2042297,15.635763,0.26888548,0.11582403,SAP_DEEPER_THAN_PDC,0.02,1.945455,0.34773465,0.94074229,0.16815022,19.074219,1.0557944,40741,OK,False,0.94074229,0.99520895,-0.28676169,0.74188557,fixed_b,transit_not_recovered,transit_not_recovered,,False,,0,0,1,1,1.3,13.958879,14.821547,139,1.0754446,1,True,OK:1,1.1449978,32.836762,93.940012,26.682694,116.54041,45.914157,89.85772,84,13.394725,14.145646,142,1.1745293,0,False,,0.35678508,37.395629,60.518348,32.404268,66.408265,48.002272,34.003998,84,0,3
K02687.02,Kepler-1869 b,7202957,63368895,name_planet,CONFIRMED,CANDIDATE,8.1673385,136.20356,3.337,104.9,7.7,-7.7,0.010408,0.801,11.56,5808,4.522,10.158,0,0,0,0,2,292.61511,42.764252,13,OK,lightkurve,,27,"QLP,SPOC,TESS-SPOC","15,40,41,54,55,74,75,81,82",1.0085085,,105.79254,7.7655153,3326.9776,3326.9776,656,57.532974,0,,222.65392,16,2.48609,1.05076,26.788227,61.514517,False,OK,PDCSAP_FLUX,SPOC,26.788227,36.676618,bootstrap,45.355899,26.683015,OK,4,3,SPOC/PDCSAP_FLUX=27ppm;TESS-SPOC/PDCSAP_FLUX=32ppm;QLP/KSPSAP_FLUX=OK;QLP/DET_FLUX=105ppm,27,9,9,"15,40,41,54,55,74,75,81,82",SPOC,120,False,False,901.94833,-70.443258,0.97489361,0.74326343,18,,-0.74678529,0.43782771,-1.7056602,-1.7056602,linear,0.25321471,0.73038979,2.8844683,0.43782771,2.1891385,838.67239,OK,-1.7056602,OK,SAP_FLUX,SPOC,5.7058657,29.806877,bootstrap,30.543276,6.6664701,OK,3,3,SPOC/SAP_FLUX=6ppm;TESS-SPOC/SAP_FLUX=10ppm;QLP/SAP_FLUX=25ppm,27,9,9,"15,40,41,54,55,74,75,81,82",SPOC,120,False,False,917.66869,66.157508,1.1473879,1.0568984,18,,-0.94606552,0.30206128,-3.1320317,-3.1320317,linear,0.053934481,0.19142783,3.5492662,0.30206128,1.5103064,373.24857,OK,-3.1320317,BACKGROUND_TEST_AGREES,2,"SPOC,TESS-SPOC",-21.818277,29.932882,-0.72890665,-0.74244636,PDC_DEEPER_THAN_SAP,0.028235582,4.3927674,3.50385,1.3163822,1.05,21.290195,1.0586638,13821,OK,True,1.3163822,0.98615353,0.36069858,0.60300025,fixed_b,not_measurable,not_measurable,,False,,0,0,1,1,0.5,25.494144,36.676618,30,2.1849655,1,True,OK:1,0.99607246,28.451446,81.817477,26.788227,105.26768,31.985788,78.479457,84,25.500808,29.806877,30,1.4408136,0,False,,1.1683538,6.9758553,20.308795,5.7058657,25.313131,9.674583,19.607265,84,0,3
K01377.01,Kepler-830 b,7211469,271433874,tic_kic_crossid_over_name_planet,CONFIRMED,CANDIDATE,11.296894,134.57233,4.623,198.5,10.9,-10.9,0.013526,0.634,14.79,6096,4.358,14.788,0,0,0,0,1,295.05429,42.75684,13,OK,lightkurve,,4,"SPOC,TESS-SPOC","81,82",0.98598217,,195.71746,10.747206,3536.9411,3536.9411,493,49.659641,0,,218.32392,14,0.39565117,-0.5956217,-769.70558,471.89192,False,OK,PDCSAP_FLUX,SPOC,-769.70558,1292.2726,analytic,1292.2726,,TOO_FEW_MEMBERS,2,0,SPOC/PDCSAP_FLUX=OK;TESS-SPOC/PDCSAP_FLUX=OK,4,2,2,"81,82",SPOC,120,False,False,20797.577,-2716.0845,1.0494286,0.013251644,2,,-4.9327384,6.603163,-0.7470266,-0.7470266,linear,-3.9327384,-0.5956217,0.15145215,6.603163,33.015815,4.2679155e+16,OK,-0.7470266,OK,SAP_FLUX,SPOC,-354.49845,731.05225,analytic,731.05225,,TOO_FEW_MEMBERS,2,0,SPOC/SAP_FLUX=OK;TESS-SPOC/SAP_FLUX=OK,4,2,2,"81,82",SPOC,120,False,False,11885.773,-1736.5552,1.1844334,0.0099601497,2,,-2.8112766,3.7359811,-0.75248683,-0.75248683,linear,-1.8112766,-0.48491534,0.26772021,3.7359811,18.679905,2.5363515e+10,OK,-0.75248683,BACKGROUND_TEST_UNAVAILABLE,0,,,,,,,0.022121297,10.545566,3.2454426,2.2811088,0.70202089,-914.51666,0.98460598,2762,OK,True,2.2811088,,,,inconclusive,not_measurable,not_measurable,,False,,0,0,1,1,0.1,1292.2726,1355.9663,5,1.4509837,2,True,OK:2,,,,,,,,84,731.05225,820.81897,5,1.7705518,2,True,OK:2,,,,,,,,84,0,3
K01700.01,Kepler-931 b,7220429,272945038,tic_kic_crossid_over_name_planet,CONFIRMED,CANDIDATE,8.037538,139.3582,2.9118,286.5,10.5,-10.5,0.017584,0.821,12.7,5044,4.511,14.471,0,0,0,0,1,297.13263,42.76825,13,OK,lightkurve,,8,"SPOC,TESS-SPOC","74,75,81,82",1.0188971,,291.91402,10.698419,3365.5462,3365.5462,671,22.188023,0,,110.24107,12,1.67412,1.1174973,644.40844,1018.0567,False,OK,PDCSAP_FLUX,SPOC,644.40844,604.51224,bootstrap,621.69997,145.17506,OK,2,2,SPOC/PDCSAP_FLUX=644ppm;TESS-SPOC/PDCSAP_FLUX=217ppm,13,4,4,"74,75,81,82",SPOC,120,False,False,13272.889,801.90722,0.69179155,1.1205238,4,,1.2075283,2.1306387,0.56674473,0.56674473,linear,2.2075283,1.0659973,0.48289182,2.1306387,10.653193,12355713,OK,0.56674473,OK,SAP_FLUX,SPOC,297.56233,338.27253,bootstrap,352.86485,100.42557,OK,2,2,SPOC/SAP_FLUX=298ppm;TESS-SPOC/SAP_FLUX=2ppm,13,4,4,"74,75,81,82",SPOC,120,False,False,7890.5111,661.72224,1.0050127,0.69378594,4,,0.019349225,1.2103858,0.015985997,0.015985997,linear,1.0193492,0.87965264,0.86295513,1.2103858,6.0519291,123751.69,OK,0.015985997,BACKGROUND_TEST_AGREES,2,"SPOC,TESS-SPOC",-297.94319,549.15088,-0.5425525,-0.69141873,PDC_DEEPER_THAN_SAP,0.051279995,1.2764845,0.038993758,0.43838329,0.013391633,2061.7541,1.0857442,5944,OK,False,0.43838329,1.0238835,-13.44836,0.98286134,tracks_b,not_measurable,not_measurable,,False,,0,0,1,1,0.2,576.65326,604.51224,14,1.2019957,0,False,,0.22528423,285.74064,576.09076,217.42297,644.40844,430.9157,426.98547,84,327.63948,338.27253,14,1.1210521,0,False,,0.33749422,49.452103,250.30324,2.1930129,297.56233,149.87767,295.36931,84,0,3
K01979.01,Kepler-1035 b,7273277,158927791,tic_kic_crossid_over_name_planet,CONFIRMED,CANDIDATE,2.7140784,133.71179,1.3115,143.5,4.7,-4.7,0.012781,0.868,8.31,5815,4.461,12.987,0,0,0,0,1,289.04221,42.882488,13,OK,lightkurve,,16,"QLP,SPOC,TESS-SPOC","14,40,41,54,74,75,80,82",1.0257878,,147.20056,4.8212029,3362.2996,3362.3179,1988,11.189793,26.219508,2.3431629,53.241879,12,8.3922497,4.57212,636.23489,1066.0755,True,OK,PDCSAP_FLUX,QLP,1066.0755,740.6458,bootstrap,854.67986,426.5225,OK,4,4,SPOC/PDCSAP_FLUX=343ppm;TESS-SPOC/PDCSAP_FLUX=352ppm;QLP/KSPSAP_FLUX=1835ppm;QLP/DET_FLUX=514ppm,74,8,8,"74,75,80,82,14,40,41,54","QLP,SPOC","120,1800,600",True,False,3552.8448,-1497.5687,0.85838698,5.4457097,8,smeared;sector_scatter,6.2423336,5.8065348,1.0750532,1.0750532,linear,7.2423336,1.4393865,0.19874622,5.8065348,29.032674,5.9791502e+14,OK,1.0750532,OK,SAP_FLUX,QLP,794.13069,542.10563,bootstrap,664.09084,383.58589,OK,3,3,SPOC/SAP_FLUX=227ppm;TESS-SPOC/SAP_FLUX=211ppm;QLP/SAP_FLUX=1339ppm,76,8,8,"74,75,80,82,14,40,41,54","QLP,SPOC","120,1800,600",True,False,3108.7135,-1112.1113,0.87777077,3.7963979,8,smeared;sector_scatter,4.3948892,4.5118656,0.97407362,0.97407362,linear,5.3948892,1.4649003,0.27153482,4.5118656,22.559328,9.2321124e+11,OK,0.97407362,BACKGROUND_TEST_AGREES,2,"SPOC,TESS-SPOC",-128.19217,195.95637,-0.6541873,-0.36860229,PDC_DEEPER_THAN_SAP,0.049374843,0.64965226,0.061459137,0.49535056,0.046861714,1479.0787,5.31905,8416,OK,False,0.49535056,1.0783099,-6.9806715,0.97923959,tracks_b,not_measurable,not_measurable,,False,,0,0,1,1,0.4,127.03096,740.6458,78,75.443859,0,False,,0.40008657,347.59063,1200.6356,343.06776,1834.876,433.01618,768.80043,84,108.30998,542.10563,80,73.843631,0,False,,0.48302614,215.84074,983.01251,210.6539,1338.8477,226.86278,583.47679,84,0.018207992,3
K03271.01,Kepler-1986 b,7285757,240184288,tic_kic_crossid_over_name_planet,CONFIRMED,CANDIDATE,19.548967,149.78882,1.78,523.8,49.7,-49.7,0.023621,0.83,50.2,5549,4.6,15.717,0,0,0,0,2,292.95819,42.854889,13,QUERY_RETURNED_ZERO_ROWS,lightkurve,QUERY_RETURNED_ZERO_ROWS,0,,,1.0178446,,533.14698,50.586875,,,0,,0,,36,0,,,,,False,FLUX_COLUMN_NOT_PRESENT,,,,,,,,ENSEMBLE_NOT_ATTEMPTED,0,0,,0,0,0,,,,False,False,,,,,0,,,,,,,,,,,,,NO_USABLE_TRANSIT,,FLUX_COLUMN_NOT_PRESENT,,,,,,,,ENSEMBLE_NOT_ATTEMPTED,0,0,,0,0,0,,,,False,False,,,,,0,,,,,,,,,,,,,NO_USABLE_TRANSIT,,BACKGROUND_TEST_UNAVAILABLE,0,,,,,,,,,,,,,,0,too_few_points,False,,,,,inconclusive,not_measured,not_measured,,False,,0,0,1,1,0,,,0,,0,False,,,,,,,,,84,,,0,,0,False,,,,,,,,,84,0,3
K03271.02,,7285757,240184288,tic_kic_crossid_over_name_planet,CANDIDATE,CANDIDATE,7.4183457,133.51738,2.462,234,24.1,-24.1,0.014014,0.049,23.3,5549,4.6,15.717,0,0,0,0,2,292.95819,42.854889,13,QUERY_RETURNED_ZERO_ROWS,lightkurve,QUERY_RETURNED_ZERO_ROWS,0,,,0.9578483,,224.1365,23.084144,,,0,,0,,36,0,,,,,False,FLUX_COLUMN_NOT_PRESENT,,,,,,,,ENSEMBLE_NOT_ATTEMPTED,0,0,,0,0,0,,,,False,False,,,,,0,,,,,,,,,,,,,NO_USABLE_TRANSIT,,FLUX_COLUMN_NOT_PRESENT,,,,,,,,ENSEMBLE_NOT_ATTEMPTED,0,0,,0,0,0,,,,False,False,,,,,0,,,,,,,,,,,,,NO_USABLE_TRANSIT,,BACKGROUND_TEST_UNAVAILABLE,0,,,,,,,,,,,,,,0,too_few_points,False,,,,,inconclusive,not_measured,not_measured,,False,,0,0,1,1,0,,,0,,0,False,,,,,,,,,84,,,0,,0,False,,,,,,,,,84,0,3
K01862.01,Kepler-986 b,7286173,275494853,tic_kic_crossid_over_name_planet,CONFIRMED,CANDIDATE,56.434993,151.41082,4.7381,580,14,-14,0.021706,0.019,92.954,5534,4.381,13.668,0,0,0,0,1,293.09399,42.896431,13,OK,lightkurve,,18,"QLP,SPOC,TESS-SPOC","14,15,40,41,54,55,74,75,81,82",0.95742833,,555.30843,13.403997,3345.7352,3345.7352,95,20.570847,0,,132.78404,9,1.3559877,0.26083151,144.60795,713.35912,False,OK,PDCSAP_FLUX,QLP,144.60795,554.41137,analytic,561.1522,86.716955,OK,4,2,SPOC/PDCSAP_FLUX=699ppm;TESS-SPOC/PDCSAP_FLUX=444ppm;QLP/KSPSAP_FLUX=OK;QLP/DET_FLUX=OK,5,10,5,"74,75,81,82,14,15,40,41,54,55","QLP,SPOC","120,1800,600",False,False,8058.6482,-1329.8259,1.1625384,1.88535,8,,-0.73958985,1.0120476,-0.73078564,-0.73078564,linear,0.26041015,0.26083151,1.001618,1.0120476,5.0602379,86976.859,OK,-0.73078564,OK,SAP_FLUX,QLP,262.13452,483.77497,analytic,484.5108,26.692586,OK,3,2,SPOC/SAP_FLUX=648ppm;TESS-SPOC/SAP_FLUX=570ppm;QLP/SAP_FLUX=OK,5,10,5,"74,75,81,82,14,15,40,41,54,55","QLP,SPOC","120,1800,600",False,False,5859.4011,-1656.9477,1.7123218,3.9584736,8,sector_scatter,-0.52794788,0.8742723,-0.60387122,-0.60387122,linear,0.47205212,0.54185218,1.1478652,0.8742723,4.3713615,43398.09,OK,-0.60387122,BACKGROUND_TEST_AGREES,2,"SPOC,TESS-SPOC",31.945304,657.72086,0.048569699,0.055876403,SAP_DEEPER_THAN_PDC,0.021252372,11.84525,0.35096122,2.5,0.074072142,1317.5795,0.97937192,1707,OK,True,2.5,0.98959245,15.437984,,duration_inconsistent,not_measurable,not_measurable,,False,,0,0,1,1,0.2,554.41137,689.28877,5,1.88535,2,True,OK:2,0.59966933,484.99672,658.43064,444.18875,699.23861,571.71368,554.63066,84,483.77497,794.94902,5,3.9584736,1,True,OK:1,0.10182782,582.38922,635.7744,569.82801,648.33561,609.08181,386.20109,84,0,3
K04815.01,,7287677,270611164,tic_kic_crossid,CANDIDATE,CANDIDATE,18.372183,149.4627,3.738,152.5,20.5,-20.5,0.012401,0.78,24.2,5937,4.558,14.965,0,0,0,0,1,293.54733,42.828442,13,OK,lightkurve,,4,"SPOC,TESS-SPOC","81,82",1.0043837,,153.16851,20.589866,3530.862,3530.862,302,117.49659,0,,408.55977,22,1.916681,-0.45787231,-857.93399,3372.0824,False,OK,PDCSAP_FLUX,SPOC,-857.93399,1873.7407,analytic,1873.7407,,TOO_FEW_MEMBERS,2,0,SPOC/PDCSAP_FLUX=OK;TESS-SPOC/PDCSAP_FLUX=OK,3,2,2,"81,82",SPOC,120,False,False,23015.039,3856.8909,0.91388071,0.41330007,2,,-6.6012426,12.234039,-0.53958,-0.53958,linear,-5.6012426,-0.45787231,0.081744775,12.234039,61.170193,5.6369829e+28,OK,-0.53958,OK,SAP_FLUX,SPOC,546.38732,1075.3716,analytic,1081.274,112.82455,OK,2,2,SPOC/SAP_FLUX=546ppm;TESS-SPOC/SAP_FLUX=215ppm,3,2,2,"81,82",SPOC,120,False,False,15518.466,644.13413,0.23047716,0.0065377431,2,,2.56723,7.0608319,0.36358747,0.36358747,linear,3.56723,0.50809164,0.1424331,7.0608319,35.30416,3.2928445e+17,OK,0.36358747,BACKGROUND_TEST_UNAVAILABLE,0,,,,,,,0.030713651,8.0215071,0.49030697,2.1459355,0.13116826,2390.8971,0.99133567,1681,OK,False,2.1459355,,,,inconclusive,not_measurable,not_measurable,,False,,0,0,1,1,0.1,1873.7407,982.43581,3,0.44563077,2,True,OK:2,,,,,,,,84,1075.3716,204.14284,3,0.055817651,0,False,,0.20649189,267.64432,493.29341,214.55041,546.38732,380.46886,331.83691,84,0,3
K03096.01,Kepler-1425 b,7455981,271347291,tic_kic_crossid_over_name_planet,CONFIRMED,CANDIDATE,14.454033,135.4521,7.183,79.7,5.6,-5.6,0.008382,0.522,13.28,5559,4.496,13.572,0,0,0,0,1,294.95102,43.012428,13,OK,lightkurve,,18,"QLP,SPOC,TESS-SPOC","14,15,40,41,54,55,74,75,81,82",0.97404573,,77.631445,5.4546561,3359.8064,3359.8064,373,97.342375,0,,399.77213,13,1.4542684,-2.1496301,-587.00535,375.63601,False,OK,PDCSAP_FLUX,QLP,-587.00535,331.6488,bootstrap,331.6488,,TOO_FEW_MEMBERS,4,0,SPOC/PDCSAP_FLUX=OK;TESS-SPOC/PDCSAP_FLUX=OK;QLP/KSPSAP_FLUX=OK;QLP/DET_FLUX=OK,14,10,9,"74,75,81,82,14,15,40,41,54,55","QLP,SPOC","120,1800,600",False,False,5932.1327,55.283203,0.084730047,1.0782315,8,,-8.5614379,4.2729639,-2.0036298,-2.0036298,linear,-7.5614379,-1.7699607,0.23407727,4.2729639,21.36482,1.474555e+11,OK,-2.0036298,OK,SAP_FLUX,QLP,-451.93287,252.64292,bootstrap,252.64292,,TOO_FEW_MEMBERS,3,0,SPOC/SAP_FLUX=OK;TESS-SPOC/SAP_FLUX=OK;QLP/SAP_FLUX=OK,14,10,9,"74,75,81,82,14,15,40,41,54,55","QLP,SPOC","120,1800,600",False,False,5433.8563,323.09901,0.6129794,1.6566329,8,,-6.8215182,3.2555314,-2.0953625,-2.0953625,linear,-5.8215182,-1.7888207,0.30727735,3.2555314,16.277657,9.1061361e+08,OK,-2.0953625,BACKGROUND_TEST_UNAVAILABLE,0,,,,,,,0.02,10.051184,0.30704128,1.3993016,0.042745549,-527.78647,1.028639,7077,OK,False,1.3993016,,,,inconclusive,not_measurable,not_measurable,,False,,0,0,1,1,0.2,273.07272,331.6488,19,1.3726851,4,True,OK:4,,,,,,,,84,222.17604,252.64292,19,1.6034894,3,True,OK:3,,,,,,,,84,0,3
K03417.01,Kepler-1494 b,7503885,123499226,tic_kic_crossid_over_name_planet,CONFIRMED,CANDIDATE,91.078624,213.7723,10.304,738.6,38.7,-38.7,0.029618,0.901,33.7,5915,4.437,15.214,0,0,0,0,1,282.65741,43.162521,13,OK,lightkurve,,6,"SPOC,TESS-SPOC","74,80,81",1.037896,,766.59001,40.166577,3511.4897,3511.4897,60,122.97886,0,,523.49659,14,2.4992243,1.0195678,1818.6771,4904.5406,False,OK,PDCSAP_FLUX,SPOC,1818.6771,1783.7727,analytic,2113.6675,1133.9071,OK,2,2,SPOC/PDCSAP_FLUX=1819ppm;TESS-SPOC/PDCSAP_FLUX=5154ppm,1,3,1,"74,80,81",SPOC,120,False,False,21586.913,,,,3,,1.3724248,2.7581843,0.49758269,0.49758269,linear,2.3724248,1.0195678,0.42975769,2.7581843,13.790921,7.4796936e+08,OK,0.49758269,OK,SAP_FLUX,SPOC,108.39294,708.54738,analytic,710.63014,54.367317,OK,2,2,SPOC/SAP_FLUX=108ppm;TESS-SPOC/SAP_FLUX=268ppm,2,3,2,"74,80,81",SPOC,120,False,False,13192.86,,,0.68131673,3,,-0.85860377,0.92982648,-0.92340215,-0.92340215,linear,0.14139623,0.1529791,1.0819178,0.92982648,4.6491324,79337.685,OK,-0.92340215,BACKGROUND_TEST_AGREES,2,"SPOC,TESS-SPOC",-3237.5073,1382.7311,-2.341386,-0.92866699,PDC_DEEPER_THAN_SAP,0.13844399,14.86558,1.9353658,1.4426999,0.18782665,3554.041,1.0093806,1542,OK,False,1.4426999,1.0647736,2.1355718,0.73707556,fixed_b,not_measurable,not_measurable,,False,,0,0,1,1,0.1,1783.7727,,2,1.4777519e-32,0,False,,0.62347905,2352.2805,4620.0947,1818.6771,5153.698,3486.1876,3335.0209,84,708.54738,474.72879,2,0.68131673,0,False,,0.50157619,133.97756,242.71219,108.39294,268.29681,188.34487,159.90387,84,0,3
K03496.01,Kepler-1511 b,7517261,158725179,tic_kic_crossid_over_name_planet,CONFIRMED,CANDIDATE,23.238559,143.5274,8.432,161.2,11.2,-11.2,0.011845,0.355,19.96,6602,4.108,13.932,0,0,0,0,2,288.4212,43.179794,13,OK,lightkurve,,24,"QLP,SPOC,TESS-SPOC","14,40,41,53,54,55,74,75,80,81",0.97353393,,156.93367,10.90358,3321.396,3321.396,230,150.67318,0,,578.49954,16,2.2231925,-1.514154,-363.19234,545.99472,False,OK,PDCSAP_FLUX,QLP,-363.19234,405.03844,bootstrap,405.03844,,TOO_FEW_MEMBERS,4,1,SPOC/PDCSAP_FLUX=OK;TESS-SPOC/PDCSAP_FLUX=OK;QLP/KSPSAP_FLUX=OK;QLP/DET_FLUX=168ppm,11,10,9,"40,41,53,55,74,75,80,14,54,81","QLP,SPOC","120,1800,200,600",False,False,7496.9181,-799.84642,1.6508296,2.8645565,14,,-3.3143048,2.5823722,-1.2834342,-1.2834342,linear,-2.3143048,-0.89668609,0.38745376,2.5823722,12.911861,63571886,OK,-1.2834342,OK,SAP_FLUX,QLP,-248.1352,409.44551,bootstrap,409.44551,,TOO_FEW_MEMBERS,3,1,SPOC/SAP_FLUX=OK;TESS-SPOC/SAP_FLUX=OK;QLP/SAP_FLUX=163ppm,11,10,9,"40,41,53,55,74,75,80,14,54,81","QLP,SPOC","120,1800,200,600",False,False,7133.6766,-891.21471,1.9332612,3.8414824,14,sector_scatter,-2.581147,2.6104393,-0.98877878,-0.98877878,linear,-1.581147,-0.60602741,0.3832834,2.6104393,13.052197,73149640,OK,-0.98877878,BACKGROUND_TEST_UNAVAILABLE,0,,,,,,,0.02,5.332865,0.082697399,0.63245553,0.0098075663,-693.23058,1.0087966,11248,OK,False,0.63245553,,,0.81529638,inconclusive,not_measurable,not_measurable,,False,,0,0,1,1,0.3,239.86487,405.03844,13,2.6563215,3,True,OK:3,,,,,,,,84,226.91208,409.44551,13,3.4023937,2,True,OK:2,,,,,,,,84,0,3
K03496.02,,7517261,158725179,tic_kic_crossid_over_name_planet,CANDIDATE,CANDIDATE,8.5433774,137.9895,6.149,75.1,8.3,-8.3,0.008588,0.748,7.23,6602,4.108,13.932,0,0,0,0,2,288.4212,43.179794,13,OK,lightkurve,,24,"QLP,SPOC,TESS-SPOC","14,40,41,53,54,55,74,75,80,81",0.99909776,,75.032242,8.2925114,3319.1438,3319.1438,626,180.97015,0,,635.14545,20,2.0867983,-1.0834763,-174.62524,336.3316,False,OK,PDCSAP_FLUX,QLP,-174.62524,155.41274,bootstrap,155.41274,,TOO_FEW_MEMBERS,4,0,SPOC/PDCSAP_FLUX=OK;TESS-SPOC/PDCSAP_FLUX=OK;QLP/KSPSAP_FLUX=OK;QLP/DET_FLUX=OK,29,10,10,"40,41,53,55,74,75,80,14,54,81","QLP,SPOC","120,1800,200,600",False,False,7420.123,-294.92211,0.93093609,1.5448599,14,,-3.3273361,2.0748285,-1.603668,-1.603668,linear,-2.3273361,-1.1236224,0.48279337,2.0748285,10.374142,2402520.8,OK,-1.603668,OK,SAP_FLUX,QLP,-162.99982,156.84536,bootstrap,156.84536,,TOO_FEW_MEMBERS,3,0,SPOC/SAP_FLUX=OK;TESS-SPOC/SAP_FLUX=OK;QLP/SAP_FLUX=OK,31,10,10,"40,41,53,55,74,75,80,14,54,81","QLP,SPOC","120,1800,200,600",False,False,6798.3236,-151.63835,0.49335355,1.4312148,14,,-3.1723971,2.0938895,-1.5150737,-1.5150737,linear,-2.1723971,-1.039239,0.47838354,2.0938895,10.469448,2642767.5,OK,-1.5150737,BACKGROUND_TEST_UNAVAILABLE,0,,,,,,,0.02,15.3725,6.45645,2.5,1.05,73.217728,1.2991836,20264,OK,True,2.5,,,,inconclusive,not_measurable,not_measurable,,False,,0,0,1,1,0.5,161.17127,155.41274,31,2.7347777,4,True,OK:4,,,,,,,,84,148.72913,156.84536,32,7.1782424,3,True,OK:3,,,,,,,,84,0,3
K01450.01,Kepler-854 b,7532973,275570329,tic_kic_crossid,CONFIRMED,FALSE POSITIVE,2.1446322,133.98413,6.2701,19836.9,76.9,-76.9,0.415349,1.228,2.249,6296,4.24,13.48,0,1,0,0,1,293.35129,43.13464,13,OK,lightkurve,,26,"QLP,SPOC,TESS-SPOC","14,15,40,41,54,55,74,75,81,82",1.2064285,,23931.801,92.774349,3330.7093,3330.731,2501,4.6119503,31.300339,6.7867902,107.88735,10,174.83271,174.71019,15878.598,15743.732,True,OK,PDCSAP_FLUX,QLP,15743.732,262.2865,bootstrap,5502.0288,5495.7735,OK,4,4,SPOC/PDCSAP_FLUX=16466ppm;TESS-SPOC/PDCSAP_FLUX=16719ppm;QLP/KSPSAP_FLUX=6074ppm;QLP/DET_FLUX=5174ppm,119,10,10,"40,41,54,55,74,75,81,82,14,15","QLP,SPOC","120,1800",False,False,8508.5128,-253.44832,0.47602635,77.19314,16,sector_scatter,-0.41876582,0.3530542,-1.1861233,-1.4540002,ln,0.65785824,60.024942,91.242975,0.23531067,1.1765533,53683.259,OK,-1.1861233,OK,SAP_FLUX,QLP,10323.766,142.72867,bootstrap,1413.4393,1406.2145,OK,3,3,SPOC/SAP_FLUX=10228ppm;TESS-SPOC/SAP_FLUX=10300ppm;QLP/SAP_FLUX=14364ppm,119,10,10,"40,41,54,55,74,75,81,82,14,15","QLP,SPOC","120,1800",False,False,5528.4371,-216.87492,0.76003829,34.273638,16,sector_scatter,-0.84075951,0.14580709,-5.7662457,-7.3388322,ln,0.43138276,72.331411,167.67339,0.077480616,0.38740308,11323.336,OK,-5.7662457,BACKGROUND_TEST_DISAGREES,2,"SPOC,TESS-SPOC",-6318.3219,161.88374,-39.029996,-0.38079209,PDC_DEEPER_THAN_SAP,0.5,9.9138986,0.30284753,1.5811388,0.048300271,22572.963,1.1844036,87958,OK,False,1.5811388,0.74271053,12.833441,0.87472328,tracks_b,shallower_tess,shallower_tess,duration_not_fixed_b;koi_fpflag,False,pdc_deeper_than_sap,0,0,1,1,1.3,90.050266,262.2865,127,9.7608643,0,False,,0.34907692,5606.0787,16597.626,5173.8665,16718.813,11270.324,10569.866,84,58.982888,142.72867,127,5.6714655,0,False,,0.13621139,10251.14,13063.569,10228.266,14364.191,10299.745,4040.4253,84,0.021736347,3
K05398.01,,7539277,271432895,tic_kic_crossid,CANDIDATE,CANDIDATE,551.22396,185.7811,5.896,570.7,74.4,-74.4,0.021706,0.2134,714,5691,4.544,14.465,0,0,0,0,1,295.02985,43.129421,13,OK,lightkurve,,8,"SPOC,TESS-SPOC","74,75,81,82",0.96287603,,549.51335,71.637977,3531.0207,3531.0207,10,265.36168,0,,864,26,1.5891972,0.98498404,1944.2689,3190.9622,False,OK,PDCSAP_FLUX,SPOC,1944.2689,1973.909,analytic,1983.0788,190.48567,OK,2,2,SPOC/PDCSAP_FLUX=1944ppm;TESS-SPOC/PDCSAP_FLUX=2505ppm,1,4,1,"74,75,81,82",SPOC,120,False,False,18102.798,,,,4,,2.5381649,3.6114911,0.7028025,0.7028025,linear,3.5381649,0.98498404,0.27838839,3.6114911,18.057455,3.8214785e+10,OK,0.7028025,OK,SAP_FLUX,SPOC,580.78121,636.70675,analytic,638.29705,45.029252,OK,2,2,SPOC/SAP_FLUX=581ppm;TESS-SPOC/SAP_FLUX=713ppm,1,4,1,"74,75,81,82",SPOC,120,False,False,5839.2629,,,,4,,0.056901009,1.1699296,0.048636268,0.048636268,linear,1.056901,0.91216437,0.86305564,1.1699296,5.8496479,190193.25,OK,0.048636268,BACKGROUND_TEST_AGREES,2,"SPOC,TESS-SPOC",-1590.0203,1422.6379,-1.1176564,-0.71481028,PDC_DEEPER_THAN_SAP,0.022236474,4.9087337,6.1908,0.83255321,1.05,1314.4976,0.89760894,885,OK,True,0.83255321,1.0195623,-0.15959481,0.59320017,fixed_b,not_measurable,not_measurable,,False,,0,0,1,1,0.2,1973.909,,1,0,0,False,,0.097972906,2033.9092,2414.8805,1944.2689,2504.5208,2224.3949,560.25198,84,636.70675,,1,0,0,False,,0.077532212,601.97145,692.02996,580.78121,713.22019,647.0007,132.43898,84,0,3
K02302.01,Kepler-1180 b,7542813,271966200,tic_kic_crossid_confirms_name_planet,CONFIRMED,CANDIDATE,16.86008,139.84916,5.557,273.4,14,-14,0.016086,0.682,17.48,6205,4.419,14.989,0,0,0,0,1,295.88751,43.156059,13,OK,lightkurve,,4,"SPOC,TESS-SPOC","81,82",0.99099561,,270.9382,13.873939,3536.6756,3536.6756,330,62.507187,0,,270.87656,11,1.4886209,-0.43297879,-968.50622,3506.8945,False,OK,PDCSAP_FLUX,SPOC,-968.50622,2236.8445,analytic,2236.8445,,TOO_FEW_MEMBERS,2,0,SPOC/PDCSAP_FLUX=OK;TESS-SPOC/PDCSAP_FLUX=OK,2,2,1,"81,82",SPOC,120,False,False,28154.177,115.99321,0.025880512,,2,,-4.5746389,8.2562316,-0.55408316,-0.55408316,linear,-3.5746389,-0.43297879,0.12112518,8.2562316,41.281158,2.2964092e+20,OK,-0.55408316,OK,SAP_FLUX,SPOC,-391.86808,1169.4308,analytic,1169.4308,,TOO_FEW_MEMBERS,2,0,SPOC/SAP_FLUX=OK;TESS-SPOC/SAP_FLUX=OK,2,2,1,"81,82",SPOC,120,False,False,14706.261,-372.41853,0.1591289,,2,,-2.4463375,4.3168206,-0.56669891,-0.56669891,linear,-1.4463375,-0.33509299,0.23168382,4.3168206,21.584103,6.4080666e+11,OK,-0.56669891,BACKGROUND_TEST_UNAVAILABLE,0,,,,,,,0.029208145,13.474596,2.1314926,2.4247968,0.38356895,1855.265,1.0228118,1667,OK,True,2.4247968,,,,inconclusive,not_measurable,not_measurable,,False,,0,0,1,1,0.1,2236.8445,40.165267,3,0.0006698009,2,True,OK:2,,,,,,,,84,1169.4308,128.88043,3,0.025322008,2,True,OK:2,,,,,,,,84,0,3
K02103.01,Kepler-1098 b,7620413,271763415,tic_kic_crossid_over_name_planet,CONFIRMED,CANDIDATE,2.5430638,132.68159,2.8473,152,6.4,-6.4,0.011173,0.215,6.769,5579,4.389,14.736,0,0,0,0,2,295.50269,43.232792,13,OK,lightkurve,,6,"SPOC,TESS-SPOC","40,81,82",0.9607292,,146.03084,6.1486669,3522.276,3522.276,2185,29.350907,0,,130.76222,14,0.23869134,-0.089700187,-54.148493,141.58916,False,OK,PDCSAP_FLUX,SPOC,-54.148493,739.45051,bootstrap,739.45051,,TOO_FEW_MEMBERS,2,0,SPOC/PDCSAP_FLUX=OK;TESS-SPOC/PDCSAP_FLUX=OK,31,3,3,"40,81,82",SPOC,120,False,False,21988.793,-126.25467,0.085942883,2.7154711,3,,-1.3708018,5.0640818,-0.27069108,-0.27069108,linear,-0.37080177,-0.073228016,0.19748562,5.0640818,25.320409,1.4486337e+13,OK,-0.27069108,OK,SAP_FLUX,SPOC,-204.30764,534.50169,bootstrap,534.50169,,TOO_FEW_MEMBERS,2,0,SPOC/SAP_FLUX=OK;TESS-SPOC/SAP_FLUX=OK,31,3,3,"40,81,82",SPOC,120,False,False,14478.186,177.44346,0.17148643,1.0033765,3,,-2.3990719,3.660781,-0.65534427,-0.65534427,linear,-1.3990719,-0.38223946,0.27320931,3.660781,18.303905,1.2993602e+10,OK,-0.65534427,BACKGROUND_TEST_UNAVAILABLE,0,,,,,,,0.02,2.0348008,1.6138156,0.71464221,0.56678806,569.30347,1.052992,13211,OK,True,0.71464221,,,0.72380171,inconclusive,not_measurable,not_measurable,,False,,0,0,1,1,0.3,603.66087,739.45051,33,1.5355496,2,True,OK:2,,,,,,,,84,406.68037,534.50169,33,1.7172913,2,True,OK:2,,,,,,,,84,0,3
K02103.02,,7620413,271763415,tic_kic_crossid_over_name_planet,CANDIDATE,CANDIDATE,3.6652084,131.50911,3.308,65.8,7.7,-7.7,0.007315,0.045,8.54,5579,4.389,14.736,0,0,0,0,2,295.50269,43.232792,13,OK,lightkurve,,6,"SPOC,TESS-SPOC","40,81,82",0.95845769,,63.066516,7.3801242,3520.965,3520.965,1516,99.573199,0,,348.3396,22,2.1205301,0.3734916,260.68965,1464.8485,False,OK,PDCSAP_FLUX,SPOC,260.68965,626.19029,bootstrap,626.19029,,TOO_FEW_MEMBERS,2,1,SPOC/PDCSAP_FLUX=261ppm;TESS-SPOC/PDCSAP_FLUX=OK,21,3,3,"40,81,82",SPOC,120,False,False,21986.77,886.84156,0.7290389,0.98745146,3,,3.1335666,9.9298607,0.31557005,0.31557005,linear,4.1335666,0.41631058,0.10071462,9.9298607,49.649304,2.3025944e+23,OK,0.31557005,OK,SAP_FLUX,SPOC,128.9698,435.13173,bootstrap,435.13173,,TOO_FEW_MEMBERS,2,1,SPOC/SAP_FLUX=129ppm;TESS-SPOC/SAP_FLUX=OK,21,3,3,"40,81,82",SPOC,120,False,False,15323.771,983.03458,1.2022776,1.3456114,3,,1.0449806,6.9007416,0.15143019,0.15143019,linear,2.0449806,0.29639255,0.14493661,6.9007416,34.503708,6.0893218e+16,OK,0.15143019,BACKGROUND_TEST_AGREES,1,SPOC,-131.71985,762.53125,-0.17274026,-0.50527455,PDC_DEEPER_THAN_SAP,0.02,1.8515559,2.2517711,0.55972065,0.68070469,-682.53841,1.0384598,10605,OK,False,0.55972065,1.0075529,-0.4798335,0.83512308,fixed_b,not_measurable,not_measurable,,False,,0,0,1,1,0.3,697.97994,626.19029,22,0.94421324,1,True,OK:1,,,,,,,,84,466.72664,435.13173,22,0.84185739,1,True,OK:1,,,,,,,,84,0,3
K02734.01,Kepler-1872 b,7659389,123230993,tic_kic_crossid_over_name_planet,CONFIRMED,CANDIDATE,3.8259005,132.20163,1.8057,857.2,50.8,-50.8,0.03572,0.951,6.71,5223,4.505,15.768,0,0,0,0,1,281.04916,43.322601,13,OK,lightkurve,,6,"SPOC,TESS-SPOC","74,80,81",1.088805,,933.32362,55.311292,3493.6279,3493.6279,1445,27.923957,0,,110.85737,16,0.92797921,0.55266538,1320.3421,2121.6914,False,OK,PDCSAP_FLUX,SPOC,1320.3421,4016.432,bootstrap,4019.95,168.14279,OK,2,2,SPOC/PDCSAP_FLUX=1320ppm;TESS-SPOC/PDCSAP_FLUX=826ppm,15,3,3,"74,80,81",SPOC,120,False,False,48709.772,-13053.118,1.9586489,1.147766,3,,0.41466699,4.307832,0.096258858,0.096258858,linear,1.414667,0.32873508,0.2323763,4.307832,21.53916,2.1104281e+12,OK,0.096258858,OK,SAP_FLUX,SPOC,258.89225,600.50805,bootstrap,600.61705,11.441957,OK,2,2,SPOC/SAP_FLUX=259ppm;TESS-SPOC/SAP_FLUX=293ppm,20,3,3,"74,80,81",SPOC,120,False,False,7125.8812,-2398.7183,2.1153901,3.4494466,3,sector_scatter,-0.72261256,0.64817933,-1.1148343,-1.1148343,linear,0.27738744,0.43112203,1.5542233,0.64817933,3.2408967,22919.28,OK,-1.1148343,BACKGROUND_TEST_AGREES,2,"SPOC,TESS-SPOC",-863.5664,3211.4761,-0.26890015,-0.80475993,PDC_DEEPER_THAN_SAP,0.3056324,0.72228,0.69067398,0.4,0.38249653,4272.8551,0.99509851,3935,OK,True,0.4,1.0409838,-0.99792761,1.0226366,fixed_b,not_measurable,not_measurable,,False,,0,0,1,1,0.2,2389.0443,4016.432,16,2.8153738,0,False,,0.12734789,904.93052,1241.2161,825.8045,1320.3421,1073.0733,494.53761,84,300.88825,600.50805,21,5.4021644,0,False,,0.044195826,264.2767,287.16062,258.89225,292.54507,275.71866,33.652815,84,0,3
K01519.01,Kepler-876 b,7663405,164529393,tic_kic_crossid_over_name_planet,CONFIRMED,CANDIDATE,5.1443645,133.83044,2.703,310.7,17.6,-17.6,0.015692,0.031,14.77,5157,4.445,15.369,0,0,0,0,2,283.47818,43.383781,13,OK,lightkurve,,5,"SPOC,TESS-SPOC","74,80,81",0.95341903,,296.22729,16.780175,3502.1666,3502.1666,1076,34.964041,0,,145.43712,12,1.6981909,-1.0427965,-1415.1302,2273.1679,False,OK,PDCSAP_FLUX,SPOC,-1415.1302,1459.7156,bootstrap,1459.7156,,TOO_FEW_MEMBERS,2,0,SPOC/PDCSAP_FLUX=OK;TESS-SPOC/PDCSAP_FLUX=OK,13,3,3,"80,81,74","SPOC,TESS-SPOC","120,200",False,False,26998.5,-2891.0445,1.0539827,4.2644573,2,sector_scatter,-5.7771768,4.9282671,-1.1722532,-1.1722532,linear,-4.7771768,-0.96945605,0.20293493,4.9282671,24.641335,1.4901194e+13,OK,-1.1722532,OK,SAP_FLUX,SPOC,-271.18114,314.95765,bootstrap,314.95765,,TOO_FEW_MEMBERS,2,1,SPOC/SAP_FLUX=OK;TESS-SPOC/SAP_FLUX=125ppm,15,3,3,"80,81,74","SPOC,TESS-SPOC","120,200",False,False,6121.1969,-186.82254,0.34702675,1.2871942,2,,-1.9154495,1.065911,-1.7970071,-1.7970071,linear,-0.91544952,-0.86100824,0.94053055,1.065911,5.3295548,60829.116,OK,-1.7970071,BACKGROUND_TEST_UNAVAILABLE,0,,,,,,,0.02,6.5542256,0.200217,2.4247968,0.074072142,1873.9486,1.0233244,4571,OK,True,2.4247968,,,,inconclusive,not_measurable,not_measurable,,False,,0,0,1,1,0.1,1357.053,1459.7156,15,1.194565,2,True,OK:2,,,,,,,,84,265.77052,314.95765,16,1.2301141,1,True,OK:1,,,,,,,,84,0,3
K01519.02,,7663405,164529393,tic_kic_crossid_over_name_planet,CANDIDATE,CANDIDATE,57.132855,152.9919,4.958,414.1,40.7,-40.7,0.018363,0.32,85.1,5157,4.445,15.369,0,0,0,0,2,283.47818,43.383781,13,OK,lightkurve,,5,"SPOC,TESS-SPOC","74,80,81",0.95970025,,397.41187,39.0598,3527.8788,3527.8788,97,150.67271,0,,526.38814,22,1.4758587,-1.1804711,-4385.7977,5366.0255,False,OK,PDCSAP_FLUX,SPOC,-4385.7977,3715.2945,analytic,3715.2945,,TOO_FEW_MEMBERS,2,0,SPOC/PDCSAP_FLUX=OK;TESS-SPOC/PDCSAP_FLUX=OK,1,3,1,"80,81,74","SPOC,TESS-SPOC","120,200",False,False,31185.7,,,,2,,-12.0359,9.3493759,-1.287348,-1.287348,linear,-11.0359,-1.1804711,0.10696645,9.3493759,46.746879,7.9643914e+22,OK,-1.287348,OK,SAP_FLUX,SPOC,-680.45756,632.85049,analytic,632.85049,,TOO_FEW_MEMBERS,2,0,SPOC/SAP_FLUX=OK;TESS-SPOC/SAP_FLUX=OK,1,3,1,"80,81,74","SPOC,TESS-SPOC","120,200",False,False,5312.0648,,,,2,,-2.7122225,1.5962433,-1.6991286,-1.6991286,linear,-1.7122225,-1.0752264,0.62797119,1.5962433,7.9812163,1162225.9,OK,-1.6991286,BACKGROUND_TEST_UNAVAILABLE,0,,,,,,,0.020048595,2.6106492,0.32965909,0.52655288,0.066490337,-6415.0874,1.1386296,744,OK,False,0.52655288,,,0.88199796,inconclusive,not_measurable,not_measurable,,False,,0,0,1,1,0.1,3715.2945,,1,0,2,True,OK:2,,,,,,,,84,632.85049,,1,0,2,True,OK:2,,,,,,,,84,0,3
K00893.01,Kepler-717 b,7685981,240183442,tic_kic_crossid_over_name_planet,CONFIRMED,CANDIDATE,4.4084133,172.18582,5.012,549.4,13.4,-13.4,0.025379,0.899,3.45,6007,4.457,15.662,0,0,0,0,1,292.96555,43.34639,13,QUERY_RETURNED_ZERO_ROWS,lightkurve,QUERY_RETURNED_ZERO_ROWS,0,,,1.0364981,,569.45205,13.889074,,,0,,0,,36,0,,,,,False,FLUX_COLUMN_NOT_PRESENT,,,,,,,,ENSEMBLE_NOT_ATTEMPTED,0,0,,0,0,0,,,,False,False,,,,,0,,,,,,,,,,,,,NO_USABLE_TRANSIT,,FLUX_COLUMN_NOT_PRESENT,,,,,,,,ENSEMBLE_NOT_ATTEMPTED,0,0,,0,0,0,,,,False,False,,,,,0,,,,,,,,,,,,,NO_USABLE_TRANSIT,,BACKGROUND_TEST_UNAVAILABLE,0,,,,,,,,,,,,,,0,too_few_points,False,,,,,inconclusive,not_measured,not_measured,,False,,0,0,1,1,0,,,0,,0,False,,,,,,,,,84,,,0,,0,False,,,,,,,,,84,0,3
K03337.01,,7692093,271348203,tic_kic_crossid,CANDIDATE,CANDIDATE,11.166229,134.96951,3.389,353.9,28.3,-28.3,0.017052,0.176,25.22,5552,4.562,15.927,0,0,0,0,2,294.90594,43.381889,13,QUERY_RETURNED_ZERO_ROWS,lightkurve,QUERY_RETURNED_ZERO_ROWS,0,,,0.95939287,,339.52914,27.150818,,,0,,0,,36,0,,,,,False,FLUX_COLUMN_NOT_PRESENT,,,,,,,,ENSEMBLE_NOT_ATTEMPTED,0,0,,0,0,0,,,,False,False,,,,,0,,,,,,,,,,,,,NO_USABLE_TRANSIT,,FLUX_COLUMN_NOT_PRESENT,,,,,,,,ENSEMBLE_NOT_ATTEMPTED,0,0,,0,0,0,,,,False,False,,,,,0,,,,,,,,,,,,,NO_USABLE_TRANSIT,,BACKGROUND_TEST_UNAVAILABLE,0,,,,,,,,,,,,,,0,too_few_points,False,,,,,inconclusive,not_measured,not_measured,,False,,0,0,1,1,0,,,0,,0,False,,,,,,,,,84,,,0,,0,False,,,,,,,,,84,0,3
K02848.01,Kepler-1882 b,7749773,159449495,tic_kic_crossid_over_name_planet,CONFIRMED,CANDIDATE,13.787263,144.77403,5.747,75.1,3.6,-3.6,0.009753,0.921,7.65,5691,4.139,12.458,0,0,0,0,1,290.66412,43.49984,13,OK,lightkurve,,21,"QLP,SPOC,TESS-SPOC","14,15,40,41,54,55,74,75,80,81,82",1.0518836,,78.99646,3.7867811,3492.6792,3492.6792,400,59.367244,0,,264.30673,11,2.2691235,-2.2747659,-327.34833,315.53347,False,OK,PDCSAP_FLUX,QLP,-327.34833,155.9872,bootstrap,155.9872,,TOO_FEW_MEMBERS,4,1,SPOC/PDCSAP_FLUX=OK;TESS-SPOC/PDCSAP_FLUX=OK;QLP/KSPSAP_FLUX=90ppm;QLP/DET_FLUX=OK,20,11,11,"74,75,80,81,82,14,15,40,41,54,55","QLP,SPOC","120,1800,600",False,False,5581.6218,-412.00371,1.0440976,0.96350305,10,,-5.1438354,1.9758245,-2.6033868,-2.6033868,linear,-4.1438354,-2.0985589,0.50642913,1.9758245,9.8791224,1541820.1,OK,-2.6033868,OK,SAP_FLUX,QLP,-362.76079,106.12665,bootstrap,106.12665,,TOO_FEW_MEMBERS,3,0,SPOC/SAP_FLUX=OK;TESS-SPOC/SAP_FLUX=OK;QLP/SAP_FLUX=OK,20,11,11,"74,75,80,81,82,14,15,40,41,54,55","QLP,SPOC","120,1800,600",False,False,5923.062,-198.82147,0.48635685,1.0598583,10,,-5.5921144,1.34522,-4.1570259,-4.1570259,linear,-4.5921144,-3.4181875,0.74436025,1.34522,6.7261,65795.263,OK,-4.1570259,BACKGROUND_TEST_UNAVAILABLE,0,,,,,,,0.060585874,14.3675,0.21609653,2.5,0.037601624,235.82359,1.480693,8366,OK,True,2.5,,,,inconclusive,not_measurable,not_measurable,,False,,0,0,1,1,0.3,143.90418,155.9872,22,0.90707324,3,True,OK:3,,,,,,,,84,92.345413,106.12665,22,1.3083765,3,True,OK:3,,,,,,,,84,0,3
K06913.02,,7755741,63373833,tic_kic_crossid,CANDIDATE,CANDIDATE,1.7517365,132.2995,5.122,68.4,8.2,-8.2,0.008072,0.6637,2.137,10894,3.667,13.752,0,0,0,0,2,292.78702,43.416039,13,OK,lightkurve,,18,"SPOC,TESS-SPOC","15,40,41,54,55,74,75,81,82",0.99117789,teff_clamped_to_grid,67.796568,8.1276587,3316.8545,3316.8545,3055,168.28124,0,,581.67373,22,2.3389724,0.27916532,39.514655,340.85343,False,OK,PDCSAP_FLUX,SPOC,39.514655,178.55451,bootstrap,178.55451,,TOO_FEW_MEMBERS,2,1,SPOC/PDCSAP_FLUX=40ppm;TESS-SPOC/PDCSAP_FLUX=OK,130,9,9,"15,40,41,54,55,74,75,81,82",SPOC,120,False,False,13804.99,318.65662,0.90741838,1.3150865,9,,-0.41715847,2.6368818,-0.15820143,-0.15820143,linear,0.58284153,0.22130304,0.37969676,2.6368818,13.184409,36068073,OK,-0.15820143,OK,SAP_FLUX,SPOC,10.663329,112.96864,bootstrap,112.96864,,TOO_FEW_MEMBERS,2,1,SPOC/SAP_FLUX=11ppm;TESS-SPOC/SAP_FLUX=OK,132,9,9,"15,40,41,54,55,74,75,81,82",SPOC,120,False,False,9097.6329,278.84861,1.2030948,1.5866383,9,,-0.8427158,1.6713435,-0.50421459,-0.50421459,linear,0.1572842,0.09439194,0.60013618,1.6713435,8.3567177,288657,OK,-0.50421459,BACKGROUND_TEST_AGREES,1,SPOC,-28.851326,211.29038,-0.13654822,-0.73014242,PDC_DEEPER_THAN_SAP,0.02,10.340152,0.31586861,2.0187723,0.061668999,-293.33462,1.0162433,95543,OK,False,2.0187723,0.99648134,4.8952928,,duration_inconsistent,not_measurable,not_measurable,,False,,0,0,1,1,1.6,141.54572,178.55451,138,1.525536,1,True,OK:1,,,,,,,,84,94.467623,112.96864,139,1.5022379,1,True,OK:1,,,,,,,,84,0,3
K04797.01,,7771181,273140687,tic_kic_crossid,CANDIDATE,CANDIDATE,9.9720202,137.71181,1.425,329.7,63.1,-63.1,0.016575,0.401,50,4810,4.584,15.693,0,0,0,0,1,297.34842,43.421219,13,QUERY_RETURNED_ZERO_ROWS,lightkurve,QUERY_RETURNED_ZERO_ROWS,0,,,0.96109099,,316.8717,60.644842,,,0,,0,,36,0,,,,,False,FLUX_COLUMN_NOT_PRESENT,,,,,,,,ENSEMBLE_NOT_ATTEMPTED,0,0,,0,0,0,,,,False,False,,,,,0,,,,,,,,,,,,,NO_USABLE_TRANSIT,,FLUX_COLUMN_NOT_PRESENT,,,,,,,,ENSEMBLE_NOT_ATTEMPTED,0,0,,0,0,0,,,,False,False,,,,,0,,,,,,,,,,,,,NO_USABLE_TRANSIT,,BACKGROUND_TEST_UNAVAILABLE,0,,,,,,,,,,,,,,0,too_few_points,False,,,,,inconclusive,not_measured,not_measured,,False,,0,0,1,1,0,,,0,,0,False,,,,,,,,,84,,,0,,0,False,,,,,,,,,84,0,3
K04725.01,Kepler-1967 b,7778621,268604336,tic_kic_crossid_over_name_planet,CONFIRMED,CANDIDATE,7.281714,137.30085,1.723,111.6,9.3,-9.3,0.013154,0.956,10.88,4970,3.924,13.367,0,0,0,0,1,299.13779,43.498638,13,OK,lightkurve,,17,"QLP,SPOC,TESS-SPOC","14,15,41,54,55,74,75,81,82",1.1004443,,122.80958,10.234132,3358.7692,3358.7692,740,31.393749,0,,120.02625,16,2.0550733,0.1115437,32.30877,548.46317,False,OK,PDCSAP_FLUX,QLP,32.30877,336.88262,bootstrap,358.01437,121.17915,OK,4,3,SPOC/PDCSAP_FLUX=54ppm;TESS-SPOC/PDCSAP_FLUX=411ppm;QLP/KSPSAP_FLUX=OK;QLP/DET_FLUX=196ppm,31,9,9,"74,75,81,82,14,15,41,54,55","QLP,SPOC","120,1800,600",True,False,5133.2187,451.16687,0.67326246,2.5330244,8,smeared,-0.73691979,2.9168185,-0.25264507,-0.25264507,linear,0.26308021,0.095905124,0.36454709,2.9168185,14.584092,2.6486395e+08,OK,-0.25264507,OK,SAP_FLUX,QLP,162.4956,146.88453,bootstrap,156.52236,54.075718,OK,3,3,SPOC/SAP_FLUX=186ppm;TESS-SPOC/SAP_FLUX=254ppm;QLP/SAP_FLUX=95ppm,31,9,9,"74,75,81,82,14,15,41,54,55","QLP,SPOC","120,1800,600",True,False,3240.1362,146.98988,0.4629437,2.1643647,8,smeared,0.32315085,1.2782124,0.25281468,0.25281468,linear,1.3231509,1.1062812,0.83609608,1.2782124,6.3910618,73131.828,OK,0.25281468,BACKGROUND_TEST_AGREES,2,"SPOC,TESS-SPOC",29.887542,333.47963,0.089623293,0.1285856,SAP_DEEPER_THAN_PDC,0.13514066,3.8121205,1.80915,2.2124901,1.05,-150.07734,1.167138,4283,OK,True,2.2124901,0.94073134,1.7763103,0.68960891,fixed_b,not_measurable,not_measurable,,False,,0,0,1,1,0.3,289.65123,336.88262,33,1.4305408,1,True,OK:1,3.7506582,99.567355,341.92566,54.228406,410.63768,195.91262,378.32891,84,161.78496,146.88453,33,1.267606,0,False,,0.33278266,124.11231,232.26374,95.169194,254.21542,185.61643,91.719823,84,0,3
K06919.01,,7812893,158725856,tic_kic_crossid,CANDIDATE,CANDIDATE,8.7998722,136.37744,1.153,270.3,53.9,-53.9,0.014814,0.344,55.7,4298,4.603,15.86,0,0,0,0,1,288.37213,43.591221,13,QUERY_RETURNED_ZERO_ROWS,lightkurve,QUERY_RETURNED_ZERO_ROWS,0,,,0.95277937,,257.53626,51.354808,,,0,,0,,36,0,,,,,False,FLUX_COLUMN_NOT_PRESENT,,,,,,,,ENSEMBLE_NOT_ATTEMPTED,0,0,,0,0,0,,,,False,False,,,,,0,,,,,,,,,,,,,NO_USABLE_TRANSIT,,FLUX_COLUMN_NOT_PRESENT,,,,,,,,ENSEMBLE_NOT_ATTEMPTED,0,0,,0,0,0,,,,False,False,,,,,0,,,,,,,,,,,,,NO_USABLE_TRANSIT,,BACKGROUND_TEST_UNAVAILABLE,0,,,,,,,,,,,,,,0,too_few_points,False,,,,,inconclusive,not_measured,not_measured,,False,,0,0,1,1,0,,,0,,0,False,,,,,,,,,84,,,0,,0,False,,,,,,,,,84,0,3
K04630.01,,7834045,271765664,tic_kic_crossid,CANDIDATE,CANDIDATE,44.696618,155.6611,10.532,257.3,20.2,-20.2,0.014812,0.373,30.6,5929,4.123,14.875,0,0,0,0,1,295.59735,43.596401,13,OK,lightkurve,,4,"SPOC,TESS-SPOC","81,82",0.96968803,,249.50073,19.587698,3531.0417,3531.0417,124,170.50573,0,,669.49719,13,1.3444463,0.097332265,207.36658,2563.1088,False,OK,PDCSAP_FLUX,SPOC,207.36658,2130.502,analytic,2137.4107,171.71446,OK,2,2,SPOC/PDCSAP_FLUX=207ppm;TESS-SPOC/PDCSAP_FLUX=712ppm,1,2,1,"81,82",SPOC,120,False,False,26115.763,,,,2,,-0.16887385,8.5672568,-0.019711543,-0.019711543,linear,0.83112615,0.097332265,0.1171089,8.5672568,42.836284,1.0014602e+21,OK,-0.019711543,OK,SAP_FLUX,SPOC,-62.370022,668.46222,analytic,668.46222,,TOO_FEW_MEMBERS,2,1,SPOC/SAP_FLUX=OK;TESS-SPOC/SAP_FLUX=86ppm,1,2,1,"81,82",SPOC,120,False,False,8194.0318,,,,2,,-1.2499793,2.6808158,-0.46626826,-0.46626826,linear,-0.24997932,-0.093303736,0.37324582,2.6808158,13.404079,1.6534408e+08,OK,-0.46626826,BACKGROUND_TEST_AGREES,1,TESS-SPOC,-626.25199,2476.3373,-0.25289446,-0.87906231,PDC_DEEPER_THAN_SAP,0.02,4.2128,0.13268293,0.4,0.012598076,3912.0132,0.82768669,1580,OK,True,0.4,0.9985086,-11.452851,0.94198147,tracks_b,not_measurable,not_measurable,,False,,0,0,1,1,0.1,2130.502,,1,0,0,False,,0.82807199,288.17338,631.6023,207.36658,712.4091,459.88784,505.04252,84,668.46222,,1,0,1,True,OK:1,,,,,,,,84,0,3
K01525.01,Kepler-880 b,7869917,351803495,tic_kic_crossid_over_name_planet,CONFIRMED,CANDIDATE,7.7146769,133.55635,4.5871,233.9,7.6,-7.6,0.016382,0.899,6.15,6900,3.843,12.082,0,0,0,0,2,281.97125,43.672771,13,OK,lightkurve,,25,"QLP,SPOC,TESS-SPOC","14,26,40,41,53,54,74,80,81",1.0275297,,240.3392,7.8092257,3320.5421,3320.5421,694,29.439805,-0.0275226,0.00093487711,157.12592,12,3.6357227,3.6277189,234.81877,235.33195,True,OK,PDCSAP_FLUX,QLP,235.33195,91.331142,bootstrap,93.559865,20.299529,OK,4,4,SPOC/PDCSAP_FLUX=234ppm;TESS-SPOC/PDCSAP_FLUX=205ppm;QLP/KSPSAP_FLUX=160ppm;QLP/DET_FLUX=209ppm,27,9,9,"40,41,53,54,74,80,81,14,26","QLP,SPOC","120,1800",False,False,2534.5793,319.02332,1.9082621,2.0763603,16,,-0.021054171,0.40201255,-0.052371924,-0.052902114,ln,0.97916592,2.576689,2.6315142,0.39382318,1.9691159,1481.5325,OK,-0.052371924,OK,SAP_FLUX,QLP,202.05173,88.988828,bootstrap,100.31556,46.305512,OK,3,3,SPOC/SAP_FLUX=243ppm;TESS-SPOC/SAP_FLUX=213ppm;QLP/SAP_FLUX=107ppm,30,9,9,"40,41,53,54,74,80,81,14,26","QLP,SPOC","120,1800",False,False,2571.6689,268.59212,1.5601414,1.7613731,16,,-0.17352749,0.50005267,-0.34701842,-0.37783391,ln,0.84069404,2.2705292,2.7007794,0.42162959,2.108148,1738.3684,OK,-0.34701842,BACKGROUND_TEST_AGREES,2,"SPOC,TESS-SPOC",8.6891289,95.349744,0.091129022,0.039620819,SAP_DEEPER_THAN_PDC,0.079124125,3.5926993,0.2788221,0.78321801,0.06078396,224.09374,1.0137592,13119,OK,False,0.78321801,0.99922267,-2.6003479,0.94610463,fixed_b,not_measurable,not_measurable,,False,,0,0,1,1,0.4,64.727694,91.331142,28,1.7555384,0,False,,0.086259129,181.45101,222.05006,159.93433,233.85356,207.01184,75.397619,84,59.126437,88.988828,31,2.237602,0,False,,0.22917652,140.96642,233.57744,107.09376,243.28644,212.94581,94.95797,84,-1.9112917e-05,3
K01525.02,Kepler-880 c,7869917,351803495,tic_kic_crossid_over_name_planet,CONFIRMED,CANDIDATE,11.806174,138.2641,4.472,88.1,9.4,-9.4,0.010108,0.905,9.08,6900,3.843,12.082,0,0,0,0,2,281.97125,43.672771,13,OK,lightkurve,,25,"QLP,SPOC,TESS-SPOC","14,26,40,41,53,54,74,80,81",1.0295029,,90.699206,9.6773274,3319.4609,3319.4609,453,100.21376,0,,367.72128,18,2.1091071,0.57418827,42.760115,163.8286,False,OK,PDCSAP_FLUX,QLP,42.760115,97.268146,bootstrap,105.48846,40.825518,OK,4,3,SPOC/PDCSAP_FLUX=54ppm;TESS-SPOC/PDCSAP_FLUX=131ppm;QLP/KSPSAP_FLUX=OK;QLP/DET_FLUX=11ppm,19,9,9,"40,41,53,54,74,80,81,14,26","QLP,SPOC","120,1800",False,False,2570.7235,107.93893,0.56609002,1.6789152,16,,-0.52855029,1.1690119,-0.45213424,-0.45213424,linear,0.47144971,0.43961067,0.93246566,1.1690119,5.8450593,31247.965,OK,-0.45213424,OK,SAP_FLUX,QLP,61.383691,86.742991,bootstrap,87.036591,7.142953,OK,3,2,SPOC/SAP_FLUX=14ppm;TESS-SPOC/SAP_FLUX=35ppm;QLP/SAP_FLUX=OK,20,9,9,"40,41,53,54,74,80,81,14,26","QLP,SPOC","120,1800",False,False,2342.6004,161.06621,0.95581365,1.7617612,16,,-0.32321689,0.96682519,-0.33430748,-0.33430748,linear,0.67678311,0.70765015,1.0456085,0.96682519,4.834126,11312.789,OK,-0.33430748,BACKGROUND_TEST_AGREES,2,"SPOC,TESS-SPOC",-67.415562,89.421415,-0.75390846,-0.72926914,PDC_DEEPER_THAN_SAP,0.053027199,9.5966238,1.7746342,2.1459355,0.39683234,76.48216,1.0463611,9874,OK,False,2.1459355,0.98398865,3.8935881,0.30554082,tracks_b,not_measurable,not_measurable,,False,,0,0,1,1,0.4,74.470548,97.268146,20,1.6044865,1,True,OK:1,0.95475698,24.601768,106.2528,10.729161,130.80421,54.081059,88.044099,84,69.790575,86.742991,20,1.5147996,1,True,OK:1,0.11636565,17.569306,31.855212,14.207917,35.216602,24.712259,47.175774,84,0,3
K05447.02,Kepler-1629 b,7935997,351766445,tic_kic_crossid_over_name_planet,CONFIRMED,CANDIDATE,3.8759432,134.84758,2.314,58.6,5.1,-5.1,0.00694,0.025,12.897,5713,4.541,12.75,0,0,0,0,2,280.2066,43.774288,13,OK,lightkurve,,15,"QLP,SPOC,TESS-SPOC","14,26,40,41,53,54,74,80",0.96118605,,56.325503,4.9020489,3332.153,3332.1128,1384,54.020587,-57.868512,1.0712307,196.77176,18,23.1536,0.67115327,64.754844,1380.1432,True,OK,PDCSAP_FLUX,QLP,1380.1432,733.1829,bootstrap,858.41539,446.45247,OK,4,2,SPOC/PDCSAP_FLUX=OK;TESS-SPOC/PDCSAP_FLUX=239ppm;QLP/KSPSAP_FLUX=1552ppm;QLP/DET_FLUX=OK,49,8,8,"74,80,14,26,54,40,41,53","QLP,SPOC,TESS-SPOC","120,1800,600",True,False,1883.5314,1316.5091,1.4161512,36.189199,7,smeared;sector_scatter,23.502989,15.240592,1.542131,1.542131,linear,24.502989,1.8823995,0.076823263,15.240592,76.20296,7.0021295e+34,OK,1.542131,OK,SAP_FLUX,QLP,1244.5943,731.35637,bootstrap,850.68066,434.48297,OK,3,2,SPOC/SAP_FLUX=OK;TESS-SPOC/SAP_FLUX=76ppm;QLP/SAP_FLUX=1354ppm,51,8,8,"74,80,14,26,54,40,41,53","QLP,SPOC,TESS-SPOC","120,1800,600",True,False,1848.7331,1073.3305,1.1163137,41.236082,7,smeared;sector_scatter,21.096461,15.103273,1.3968139,1.3968139,linear,22.096461,1.7017617,0.077015125,15.103273,75.516366,3.5240816e+34,OK,1.3968139,BACKGROUND_TEST_AGREES,1,TESS-SPOC,-163.0823,279.83933,-0.5827712,-0.68245893,PDC_DEEPER_THAN_SAP,0.02,1.0783176,0.19052812,0.46599722,0.082337132,264.33759,1.1590191,5525,OK,False,0.46599722,1.0272988,-3.6950893,0.89100276,tracks_b,not_measurable,not_measurable,,False,,0,0,1,1,0.4,59.608147,733.1829,51,8.0168406,2,True,OK:2,0.32348273,449.05809,1341.963,238.96281,1552.0583,895.51057,1141.1804,84,59.822598,731.35637,53,8.8790266,1,True,OK:1,0.34909606,280.34308,1149.309,75.880508,1353.7716,714.82605,1168.7138,84,-0.040186467,3
K00459.01,Kepler-162 c,7977197,273036401,tic_kic_crossid_over_name_planet,CONFIRMED,CANDIDATE,19.446391,170.10238,3.6227,926,12,-12,0.031094,0.813,26,5815,4.421,14.248,0,0,0,0,2,297.2789,43.724018,13,OK,lightkurve,,8,"SPOC,TESS-SPOC","74,75,81,82",1.0110468,,936.22937,12.132562,3370.3063,3370.3063,276,10.282266,0,,85.187299,8,2.2905137,1.2786471,1140.793,2472.9497,False,OK,PDCSAP_FLUX,SPOC,1140.793,892.18752,analytic,894.08047,58.149013,OK,2,2,SPOC/PDCSAP_FLUX=1141ppm;TESS-SPOC/PDCSAP_FLUX=970ppm,4,4,4,"74,75,81,82",SPOC,120,False,False,12351.593,-1894.6025,1.0051509,1.2421578,4,,0.21849732,0.95637599,0.22846383,0.22846383,linear,1.2184973,1.2786471,1.0493639,0.95637599,4.7818799,110782.59,OK,0.22846383,OK,SAP_FLUX,SPOC,1028.4404,725.20579,analytic,725.20582,0.21337327,OK,2,2,SPOC/SAP_FLUX=1028ppm;TESS-SPOC/SAP_FLUX=1029ppm,4,4,4,"74,75,81,82",SPOC,120,False,False,9916.2247,-1241.0813,0.81573746,0.82466771,4,,0.098491949,0.77632295,0.12686982,0.12686982,linear,1.0984919,1.418136,1.2909844,0.77632295,3.8816147,44473.209,OK,0.12686982,BACKGROUND_TEST_AGREES,2,"SPOC,TESS-SPOC",-37.065399,861.46941,-0.043025786,-0.035123767,PDC_DEEPER_THAN_SAP,0.084443167,7.7740807,0.713329,2.1459355,0.19690535,1376.9084,1.1028243,1909,OK,False,2.1459355,1.0082595,7.1512367,,duration_inconsistent,not_measurable,not_measurable,,False,,0,0,1,1,0.1,892.18752,873.44843,5,1.2421578,0,False,,0.050972451,997.13071,1113.4287,969.76647,1140.793,1055.2797,171.02651,84,725.20579,578.64559,5,0.82466771,0,False,,0.00020747266,1028.5408,1028.9676,1028.4404,1029.068,1028.7542,0.62756844,84,0,3
K00459.02,Kepler-162 b,7977197,273036401,tic_kic_crossid_over_name_planet,CONFIRMED,CANDIDATE,6.9198699,134.11594,3.4253,170.1,7.4,-7.4,0.013367,0.819,9.26,5815,4.421,14.248,0,0,0,0,2,297.2789,43.724018,13,OK,lightkurve,,8,"SPOC,TESS-SPOC","74,75,81,82",1.0123933,,172.2081,7.4917103,3364.6145,3364.6145,780,31.451129,0,,145.73289,12,0.8401281,-0.096562697,-42.575681,378.52461,False,OK,PDCSAP_FLUX,SPOC,-42.575681,735.51069,bootstrap,735.51069,,TOO_FEW_MEMBERS,2,1,SPOC/PDCSAP_FLUX=OK;TESS-SPOC/PDCSAP_FLUX=46ppm,16,4,4,"74,75,81,82",SPOC,120,False,False,12407.147,195.53886,0.13692987,4.4328937,4,sector_scatter,-1.2472339,4.2715717,-0.29198477,-0.29198477,linear,-0.24723391,-0.057885876,0.23413405,4.2715717,21.357859,3.2482821e+11,OK,-0.29198477,OK,SAP_FLUX,SPOC,44.953997,546.8327,bootstrap,546.8327,,TOO_FEW_MEMBERS,2,1,SPOC/SAP_FLUX=45ppm;TESS-SPOC/SAP_FLUX=OK,16,4,4,"74,75,81,82",SPOC,120,False,False,9925.0669,39.205307,0.036805875,3.567054,4,sector_scatter,-0.73895538,3.1761096,-0.23266054,-0.23266054,linear,0.26104462,0.082207952,0.31491916,3.1761096,15.880548,1.3579631e+09,OK,-0.23266054,BACKGROUND_TEST_UNAVAILABLE,0,,,,,,,0.039057229,5.5838441,1.6551459,1.6301767,0.48321194,-389.93219,1.0245837,8218,OK,True,1.6301767,,,0.28363385,inconclusive,not_measurable,not_measurable,,False,,0,0,1,1,0.2,440.9123,735.51069,16,2.9039161,1,True,OK:1,,,,,,,,84,361.32967,546.8327,16,2.4093025,1,True,OK:1,,,,,,,,84,0,3
K03214.01,Kepler-1988 b,7983117,268160366,tic_kic_crossid_over_name_planet,CONFIRMED,CANDIDATE,11.495002,141.27511,7.602,51.4,2.4,-2.4,0.007853,0.911,5.08,6033,3.985,12.014,0,0,0,0,2,298.67377,43.795479,13,OK,lightkurve,,19,"QLP,SPOC,TESS-SPOC","14,15,41,54,55,74,75,81,82",1.041627,,53.539626,2.4999047,3353.936,3353.936,468,60.145632,0,,294.4669,10,1.5912588,-0.49818596,-38.877246,123.84424,False,OK,PDCSAP_FLUX,QLP,-38.877246,77.718552,bootstrap,106.55881,72.901355,OK,4,3,SPOC/PDCSAP_FLUX=46ppm;TESS-SPOC/PDCSAP_FLUX=76ppm;QLP/KSPSAP_FLUX=OK;QLP/DET_FLUX=260ppm,19,9,9,"15,74,75,81,82,14,41,54,55","QLP,SPOC","120,1800,600",False,False,2811.9243,-107.43815,0.64113919,1.3309519,10,,-1.7261397,1.9914548,-0.86677321,-0.86677321,linear,-0.72613966,-0.50023122,0.6888912,1.9914548,9.957274,1129910.2,OK,-0.86677321,OK,SAP_FLUX,QLP,165.544,117.71506,bootstrap,151.91704,96.030992,OK,3,3,SPOC/SAP_FLUX=283ppm;TESS-SPOC/SAP_FLUX=261ppm;QLP/SAP_FLUX=1ppm,20,9,9,"15,74,75,81,82,14,41,54,55","QLP,SPOC","120,1800,600",False,False,2199.2568,-63.798709,0.25321713,2.5087798,10,,2.0919902,2.8382938,0.73705908,0.73705908,linear,3.0919902,1.4063111,0.45482392,2.8382938,14.191469,77974347,OK,0.73705908,BACKGROUND_TEST_AGREES,2,"SPOC,TESS-SPOC",211.25628,131.18745,1.6103391,3.4763194,SAP_DEEPER_THAN_PDC,0.044209767,15.346707,2.148516,2.0187723,0.2826251,-100.71179,0.97186134,12628,OK,False,2.0187723,,,0.50829166,inconclusive,not_measurable,not_measurable,,False,,0,0,1,1,0.3,78.037618,77.718552,21,0.91509772,1,True,OK:1,0.96240675,55.377693,201.1804,45.791193,260.20694,75.749007,184.45794,84,64.105858,117.71506,21,3.6219927,0,False,,0.58009345,84.144247,276.20623,0.71465187,283.15874,261.43214,164.82935,84,0,3
K03214.02,,7983117,268160366,tic_kic_crossid_over_name_planet,CANDIDATE,CANDIDATE,25.090157,138.4988,8.273,37.7,3.4,-3.4,0.006937,0.935,8.73,6033,3.985,12.014,0,0,0,0,2,298.67377,43.795479,13,OK,lightkurve,,19,"QLP,SPOC,TESS-SPOC","14,15,41,54,55,74,75,81,82",1.0551845,,39.780456,3.5876273,3365.8826,3365.8825,215,151.10075,-0.049638,0.00032850929,577.39725,16,4.1450748,4.1304582,424.40582,425.83218,True,OK,PDCSAP_FLUX,QLP,425.83218,211.31031,bootstrap,237.44757,108.3019,OK,4,3,SPOC/PDCSAP_FLUX=482ppm;TESS-SPOC/PDCSAP_FLUX=163ppm;QLP/KSPSAP_FLUX=274ppm;QLP/DET_FLUX=OK,10,9,9,"15,74,75,81,82,14,41,54,55","QLP,SPOC","120,1800,600",False,False,2824.6112,490.011,2.3586651,4.4282702,10,sector_scatter,2.3706696,0.56706304,4.1806103,1.6255973,ln,10.704558,2.0151983,0.18825611,5.9698411,29.849205,3.6560734e+14,OK,4.1806103,OK,SAP_FLUX,QLP,119.87842,63.679233,bootstrap,66.414247,18.86286,OK,3,3,SPOC/SAP_FLUX=104ppm;TESS-SPOC/SAP_FLUX=127ppm;QLP/SAP_FLUX=159ppm,10,9,9,"15,74,75,81,82,14,41,54,55","QLP,SPOC","120,1800,600",False,False,2312.5883,-19.857888,0.12010223,0.82471595,10,,2.0135003,1.6727011,1.2037419,1.2037419,linear,3.0135003,1.8825355,0.62470061,1.6727011,8.3635054,170526.82,OK,1.2037419,BACKGROUND_TEST_AGREES,2,"SPOC,TESS-SPOC",-200.12385,101.31584,-1.9752473,-0.6209065,PDC_DEEPER_THAN_SAP,0.052403563,11.228188,1.2589649,1.3572088,0.15217756,332.47315,0.98233844,7937,OK,False,1.3572088,1.1086654,1.4517937,0.86982632,fixed_b,not_measurable,not_measurable,,False,,0,0,1,1,0.3,102.73209,211.31031,11,4.0244005,1,True,OK:1,0.25433,198.62495,415.22875,163.04166,481.57665,274.23946,262.79052,84,82.296011,63.679233,11,0.75450097,0,False,,0.15734992,111.24934,148.97506,104.00963,159.48863,126.63373,39.610217,84,-3.4470833e-05,3
K06960.01,,8091197,159098985,tic_kic_crossid,CANDIDATE,CANDIDATE,4.8869839,132.8804,1.127,125.4,16.1,-16.1,0.0109,0.661,25.3,6152,4.464,13.873,0,0,0,0,1,289.60522,43.952831,13,OK,lightkurve,,18,"QLP,SPOC,TESS-SPOC","14,40,41,54,55,74,75,80,81,82",0.98871169,,123.98445,15.918258,3365.9976,3365.9976,1105,39.232854,0,,134.60356,22,1.6868435,0.27084606,103.86488,665.68113,False,OK,PDCSAP_FLUX,QLP,103.86488,609.31292,bootstrap,754.08515,444.27713,OK,4,3,SPOC/PDCSAP_FLUX=226ppm;TESS-SPOC/PDCSAP_FLUX=281ppm;QLP/KSPSAP_FLUX=OK;QLP/DET_FLUX=1533ppm,48,10,10,"74,75,80,81,14,40,41,54,55,82","QLP,SPOC","120,1800,200,600",True,False,7915.4927,-422.02606,0.36698903,2.7249165,8,smeared,-0.16227492,6.0836552,-0.026673918,-0.026673918,linear,0.83772508,0.1704623,0.20348238,6.0836552,30.418276,2.013059e+15,OK,-0.026673918,OK,SAP_FLUX,QLP,156.38605,442.56812,bootstrap,461.30458,130.136,OK,3,3,SPOC/SAP_FLUX=255ppm;TESS-SPOC/SAP_FLUX=243ppm;QLP/SAP_FLUX=626ppm,51,10,10,"74,75,80,81,14,40,41,54,55,82","QLP,SPOC","120,1800,200,600",True,False,6983.521,-556.41699,0.62054549,2.691007,8,smeared,0.26133607,3.7232152,0.070190965,0.070190965,linear,1.2613361,0.35336041,0.28014771,3.7232152,18.616076,1.5073922e+10,OK,0.070190965,BACKGROUND_TEST_AGREES,2,"SPOC,TESS-SPOC",-3.4184257,386.75984,-0.0088386262,-0.013494084,PDC_DEEPER_THAN_SAP,0.02,0.93828746,0.71277125,0.83255321,0.63245009,697.75957,1.1116857,4438,OK,False,0.83255321,0.99840309,-0.23417268,0.78513094,fixed_b,not_measurable,not_measurable,,False,,0,0,1,1,0.5,383.48307,609.31292,52,1.6120264,1,True,OK:1,4.2774529,243.48213,1132.0364,225.97884,1532.6763,280.67661,1428.8114,84,316.2362,442.56812,55,1.5940468,0,False,,0.83214579,246.78257,507.05456,243.13326,625.8862,254.53734,469.50014,84,0,3
K05474.01,,8099517,63285444,tic_kic_crossid,CANDIDATE,CANDIDATE,284.66684,322.5718,2.752,418,121,-121,0.018643,0.3413,759,5248,3.368,13.761,0,0,0,0,1,292.50958,43.957169,13,OK,lightkurve,,18,"QLP,SPOC,TESS-SPOC","14,15,40,41,54,55,74,75,81,82",0.961314,,401.82925,116.31899,3279.5749,3279.5749,18,208.81646,0,,667.72937,40,1.3080807,1.2403123,7781.0471,6223.0948,False,OK,PDCSAP_FLUX,QLP,7781.0471,6273.458,analytic,6273.458,,TOO_FEW_MEMBERS,4,1,SPOC/PDCSAP_FLUX=NO_USABLE_TRANSIT;TESS-SPOC/PDCSAP_FLUX=NO_USABLE_TRANSIT;QLP/KSPSAP_FLUX=7781ppm;QLP/DET_FLUX=NO_USABLE_TRANSIT,1,10,1,"74,75,81,82,14,15,40,41,54,55","QLP,SPOC","120,1800,600",False,False,17229.59,,,,8,,18.364064,15.615012,1.1760519,1.1760519,linear,19.364064,1.2403123,0.064052274,15.615012,78.075059,3.247945e+36,OK,1.1760519,OK,SAP_FLUX,QLP,7205.201,6367.0069,analytic,6367.0069,,TOO_FEW_MEMBERS,3,1,SPOC/SAP_FLUX=NO_USABLE_TRANSIT;TESS-SPOC/SAP_FLUX=NO_USABLE_TRANSIT;QLP/SAP_FLUX=7205ppm,1,10,1,"74,75,81,82,14,15,40,41,54,55","QLP,SPOC","120,1800,600",False,False,17486.515,,,,8,,16.931002,15.847779,1.0683517,1.0683517,linear,17.931002,1.1316465,0.06311117,15.847779,79.238893,1.040053e+37,OK,1.0683517,BACKGROUND_TEST_UNAVAILABLE,0,,,,,,,0.020665961,3.3054944,1.0645147,1.2011244,0.38681495,10253.792,1.2860568,83,OK,False,1.2011244,1.0698468,0.29973496,,fixed_b,not_measurable,not_measurable,,False,,0,0,1,1,0.2,6273.458,,1,1.9115538e-32,3,True,NO_USABLE_TRANSIT:3,,,,,,,,84,6367.0069,,1,0,2,True,NO_USABLE_TRANSIT:2,,,,,,,,84,0,3
K05479.01,,8125917,239239042,tic_kic_crossid,CANDIDATE,CANDIDATE,18.347081,145.001,2.825,1126.6,95.1,-95.1,0.030393,0.1988,50.2,5465,3.968,14.261,0,0,0,0,1,299.98801,43.917721,13,OK,lightkurve,,8,"SPOC,TESS-SPOC","74,75,81,82",0.95850286,,1079.8493,91.153622,3372.0428,3371.778,294,1063.9774,-381.375,0.35844275,864,48,4.4091418,3.3583419,3152.8575,3869.9362,True,OK,PDCSAP_FLUX,SPOC,3869.9362,877.70735,analytic,881.9209,86.106266,OK,2,2,SPOC/PDCSAP_FLUX=3870ppm;TESS-SPOC/PDCSAP_FLUX=3617ppm,6,4,4,"74,75,81,82",SPOC,120,False,False,13282.708,251.08594,0.14303483,1.3690048,4,,1.2764165,0.24811205,5.1445164,3.1410644,ln,3.5837742,4.4091418,1.2303068,0.82257919,4.112896,64924.292,OK,5.1445164,OK,SAP_FLUX,SPOC,1021.4588,318.15321,analytic,318.15336,0.30878293,OK,2,2,SPOC/SAP_FLUX=1021ppm;TESS-SPOC/SAP_FLUX=1021ppm,6,4,4,"74,75,81,82",SPOC,120,False,False,5100.48,-274.39716,0.43119879,1.0259113,4,,-0.055589704,0.32655614,-0.17023016,-0.17412888,ln,0.94592717,3.2105878,3.3941173,0.31053341,1.552667,4021.4157,OK,-0.17023016,BACKGROUND_TEST_DISAGREES,2,"SPOC,TESS-SPOC",-2736.4207,696.09798,-3.9310856,-0.73101646,PDC_DEEPER_THAN_SAP,0.030674174,7.0625,0.10622459,2.5,0.037601624,-1437.5938,1.0617765,2118,OK,True,2.5,1.0273517,11.662269,,duration_inconsistent,not_measurable,not_measurable,,False,,0,0,1,1,0.3,877.70735,1148.8244,6,1.9615525,0,False,,0.022250048,3657.2031,3829.4156,3616.6825,3869.9362,3743.3093,253.25372,84,318.15321,389.68048,6,1.5994322,0,False,,0.00030229602,1020.6959,1021.3135,1020.5506,1021.4588,1021.0047,0.90818509,84,-0.26484375,3
K05482.01,,8158429,158989996,tic_kic_crossid,CANDIDATE,CANDIDATE,31.707575,138.25399,7.6771,787.3,,,0.031358,0.923,14.541717,5861,4.546,15.197,0,0,0,0,1,289.2291,44.09166,13,OK,lightkurve,,4,"SPOC,TESS-SPOC","80,81",1.0493895,,826.18432,,3520.0796,3520.0796,175,0,0,,115.1565,10,1.0412899,1.0412899,2213.4607,2213.4607,False,OK,PDCSAP_FLUX,SPOC,2213.4607,2125.6911,analytic,2125.6911,,TOO_FEW_MEMBERS,2,1,SPOC/PDCSAP_FLUX=2213ppm;TESS-SPOC/PDCSAP_FLUX=OK,1,2,1,"80,81",SPOC,120,False,False,20214.729,,,,2,,1.6791366,2.5733876,0.65250047,0.65250047,linear,2.6791366,1.0412899,0.38866621,2.5733876,12.866938,3.1997498e+08,OK,0.65250047,OK,SAP_FLUX,SPOC,2227.7339,879.4948,analytic,893.87396,159.6858,OK,2,2,SPOC/SAP_FLUX=2228ppm;TESS-SPOC/SAP_FLUX=2697ppm,2,2,2,"80,81",SPOC,120,False,False,13233.038,4921.6743,2.6021591,6.7712321,2,sector_scatter,0.99192226,0.40435136,2.4531196,1.5662782,ln,2.6964127,2.53297,0.93938511,1.0830852,5.4154258,184939.93,OK,2.4531196,BACKGROUND_TEST_AGREES,1,SPOC,14.27323,2300.4508,0.0062045359,0.0064483773,SAP_DEEPER_THAN_PDC,0.18074386,,,,,,,0,too_few_points,False,,,,,inconclusive,not_measurable,not_measurable,,False,,0,0,1,1,0.1,2125.6911,,1,0,1,True,OK:1,,,,,,,,84,879.4948,1761.9645,2,6.7712321,0,False,,0.071680821,2302.8802,2622.2518,2227.7339,2697.398,2462.566,469.66411,84,0,3
K07589.01,,8168509,63448859,tic_kic_crossid,CANDIDATE,CANDIDATE,414.45008,318.0665,19.15,729.5,50.6,-50.6,0.03813,0.9853,54.1,7037,4.136,13.913,0,0,0,0,1,292.8259,44.098389,13,OK,lightkurve,,18,"QLP,SPOC,TESS-SPOC","14,15,40,41,54,55,74,75,81,82",1.0835194,teff_clamped_to_grid,790.4274,54.826081,3538.9175,3538.9175,13,229.24303,0,,864,14,2.7321286,0.34755112,242.27529,1927.7892,False,OK,PDCSAP_FLUX,QLP,242.27529,697.09253,analytic,702.69719,88.573911,OK,4,2,SPOC/PDCSAP_FLUX=242ppm;TESS-SPOC/PDCSAP_FLUX=OK;QLP/KSPSAP_FLUX=NO_USABLE_TRANSIT;QLP/DET_FLUX=503ppm,1,10,1,"74,75,81,82,14,15,40,41,54,55","QLP,SPOC","120,1800,600",False,False,11522.438,,,,8,,-0.69348824,0.89311166,-0.77648549,-0.77648549,linear,0.30651176,0.34755112,1.1338916,0.89311166,4.4655583,67952.703,OK,-0.77648549,OK,SAP_FLUX,QLP,1019.4206,408.26045,analytic,483.46974,258.9718,OK,3,3,SPOC/SAP_FLUX=1019ppm;TESS-SPOC/SAP_FLUX=1082ppm;QLP/SAP_FLUX=321ppm,1,10,1,"74,75,81,82,14,15,40,41,54,55","QLP,SPOC","120,1800,600",False,False,6748.2515,,,,8,,0.25441586,0.4819057,0.52793703,0.46908402,ln,1.289708,2.4969859,1.9360861,0.61760371,3.0880186,16546.471,OK,0.52793703,BACKGROUND_TEST_AGREES,1,SPOC,777.14528,807.84565,0.96199723,3.2076952,SAP_DEEPER_THAN_PDC,0.5,47.875,20.1075,2.5,1.05,662.77273,1.0336584,2711,OK,True,2.5,0.81983675,2.6120303,0.64000203,fixed_b,not_measurable,not_measurable,,False,,0,0,1,1,0.2,697.09253,,1,0,2,True,NO_USABLE_TRANSIT:1;OK:1,0.36559201,283.95713,461.10495,242.27529,502.78679,372.53104,260.5115,84,408.26045,,1,0,0,False,,0.25403823,544.27765,1062.2212,320.68099,1082.3627,1019.4206,698.73958,84,0,3
K01069.01,Kepler-760 b,8222813,158494681,tic_kic_crossid_over_name_planet,CONFIRMED,CANDIDATE,8.7042052,357.55941,2.9385,1074.9,16,-16,0.030316,0.5,20.4,5074,4.474,15.07,0,0,0,0,2,287.5932,44.17942,13,OK,lightkurve,,6,"SPOC,TESS-SPOC","80,81,82",0.96971963,,1042.3516,15.515514,3517.533,3517.533,612,11.730746,0,,79.269739,9,0.78008221,-0.20802899,-528.9919,2246.2084,False,OK,PDCSAP_FLUX,SPOC,-528.9919,2542.8759,analytic,2542.8759,,TOO_FEW_MEMBERS,2,0,SPOC/PDCSAP_FLUX=OK;TESS-SPOC/PDCSAP_FLUX=OK,5,3,3,"80,81,82",SPOC,120,False,False,37592.779,-13980.562,2.6662085,1.4439432,3,,-1.5074985,2.4401144,-0.61779828,-0.61779828,linear,-0.50749851,-0.20802899,0.40991054,2.4401144,12.200572,2.0732576e+08,OK,-0.61779828,OK,SAP_FLUX,SPOC,552.44364,244.31374,analytic,248.08199,43.075164,OK,2,2,SPOC/SAP_FLUX=552ppm;TESS-SPOC/SAP_FLUX=426ppm,6,3,3,"80,81,82",SPOC,120,False,False,4221.6722,-102.52497,0.20310812,1.7351367,3,,-0.6348832,0.45208311,-1.4043506,-1.9289862,ln,0.52999739,2.2612057,4.2664469,0.24365266,1.2182633,2482.1627,OK,-1.4043506,BACKGROUND_TEST_UNAVAILABLE,0,,,,,,,0.038866211,1.4118017,3.085425,0.48044977,1.05,2824.6389,1.0117756,2623,OK,True,0.48044977,,,0.93499685,inconclusive,not_measurable,not_measurable,,False,,0,0,1,1,0.1,2542.8759,3279.9163,9,1.9899892,2,True,OK:2,,,,,,,,84,244.31374,388.59384,9,5.3947425,0,False,,0.077972051,446.02265,532.17298,425.75198,552.44364,489.09781,126.69166,84,0,3
K01069.02,Kepler-760 c,8222813,158494681,tic_kic_crossid_over_name_planet,CONFIRMED,CANDIDATE,2.4669704,354.93093,1.6345,308.7,12.2,-12.2,0.016558,0.574,9.71,5074,4.474,15.07,0,0,0,0,2,287.5932,44.17942,13,OK,lightkurve,,6,"SPOC,TESS-SPOC","80,81,82",0.97632333,,301.39101,11.911145,3519.054,3519.054,2161,19.748885,0,,83.764154,14,2.6296509,1.4734661,1971.4217,3429.5048,False,OK,PDCSAP_FLUX,SPOC,1971.4217,2192.6043,bootstrap,2197.7035,149.62404,OK,2,2,SPOC/PDCSAP_FLUX=1971ppm;TESS-SPOC/PDCSAP_FLUX=1531ppm,27,3,3,"80,81,82",SPOC,120,False,False,35936.259,-1846.2953,0.4090013,2.5304813,3,,5.5410766,7.2921467,0.75986906,0.75986906,linear,6.5410766,0.89912336,0.13745801,7.2921467,36.460733,2.0598026e+18,OK,0.75986906,OK,SAP_FLUX,SPOC,-2.272612,164.13928,bootstrap,164.13928,,TOO_FEW_MEMBERS,2,1,SPOC/SAP_FLUX=OK;TESS-SPOC/SAP_FLUX=46ppm,32,3,3,"80,81,82",SPOC,120,False,False,3903.1671,-220.05813,0.69781925,2.2943913,3,,-1.0075404,0.54832227,-1.8374968,-1.8374968,linear,-0.0075404107,-0.013845631,1.8361906,0.54832227,2.7416114,4373.7745,OK,-1.8374968,BACKGROUND_TEST_AGREES,1,TESS-SPOC,-1485.723,2570.6707,-0.5779515,-0.97020407,PDC_DEEPER_THAN_SAP,0.024103745,0.78529515,0.1593455,0.48044977,0.097488832,2958.4509,1.0688942,6567,OK,True,0.48044977,1.0371296,-3.6283725,0.93322252,tracks_b,not_measurable,not_measurable,,False,,0,0,1,1,0.2,1337.9485,2192.6043,28,2.7312037,0,False,,0.075896515,1601.7623,1901.0104,1531.351,1971.4217,1751.3864,440.0707,84,136.37893,164.13928,32,1.522387,1,True,OK:1,,,,,,,,84,0,3
K01809.01,Kepler-321 c,8240797,271046140,tic_kic_crossid_confirms_name_planet,CONFIRMED,CANDIDATE,13.093909,144.525,2.2805,398.7,7,-7,0.021118,0.86,24.1,5772,4.487,12.706,0,0,0,0,2,294.45386,44.145973,13,OK,lightkurve,,19,"QLP,SPOC,TESS-SPOC","14,15,40,41,54,55,74,75,81,82",1.0237238,,408.15867,7.1660664,3359.1216,3359.1216,411,9.6411643,0,,63.130993,9,0.4867913,-0.17352882,-34.46461,90.018926,False,OK,PDCSAP_FLUX,QLP,-34.46461,448.06192,bootstrap,468.20938,135.86956,OK,4,2,SPOC/PDCSAP_FLUX=OK;TESS-SPOC/PDCSAP_FLUX=OK;QLP/KSPSAP_FLUX=707ppm;QLP/DET_FLUX=308ppm,17,10,9,"74,75,81,82,54,14,15,40,41,55","QLP,SPOC,TESS-SPOC","120,1800,600",True,False,2661.1129,314.89404,0.36205743,3.99961,9,smeared;sector_scatter,-1.0844392,1.1483493,-0.94434617,-0.94434617,linear,-0.084439246,-0.076919301,0.91094254,1.1483493,5.7417464,126777.4,OK,-0.94434617,OK,SAP_FLUX,QLP,-198.57807,484.57814,bootstrap,484.57814,,TOO_FEW_MEMBERS,3,1,SPOC/SAP_FLUX=OK;TESS-SPOC/SAP_FLUX=OK;QLP/SAP_FLUX=496ppm,17,10,9,"74,75,81,82,54,14,15,40,41,55","QLP,SPOC,TESS-SPOC","120,1800,600",True,False,2661.2883,84.052022,0.090459711,5.4070643,9,smeared;sector_scatter,-1.4865218,1.1884119,-1.2508472,-1.2508472,linear,-0.48652176,-0.40979577,0.8422969,1.1884119,5.9420596,154985.3,OK,-1.2508472,BACKGROUND_TEST_UNAVAILABLE,0,,,,,,,0.075356055,5.70125,0.16892152,2.5,0.074072142,-609.82794,1.2174065,3044,OK,True,2.5,,,,inconclusive,not_measurable,not_measurable,,False,,0,0,1,1,0.2,198.6103,448.06192,20,4.4465181,2,True,OK:2,0.26774263,371.59374,643.33285,307.65512,707.27146,507.46329,199.80817,84,197.8582,484.57814,20,4.9611516,2,True,OK:2,,,,,,,,84,0,3
K01809.02,Kepler-321 b,8240797,271046140,tic_kic_crossid_confirms_name_planet,CONFIRMED,CANDIDATE,4.9153855,132.69448,2.7757,225.5,4,-4,0.014007,0.484,12.07,5772,4.487,12.706,0,0,0,0,2,294.45386,44.145973,13,OK,lightkurve,,19,"QLP,SPOC,TESS-SPOC","14,15,40,41,54,55,74,75,81,82",0.97421006,,219.68437,3.8968402,3357.8724,3357.8724,1097,11.957972,0,,77.509416,9,2.574358,0.52747659,49.177655,240.47118,False,OK,PDCSAP_FLUX,QLP,49.177655,265.1082,bootstrap,290.86362,119.66322,OK,4,3,SPOC/PDCSAP_FLUX=410ppm;TESS-SPOC/PDCSAP_FLUX=58ppm;QLP/KSPSAP_FLUX=OK;QLP/DET_FLUX=148ppm,49,10,10,"74,75,81,82,54,14,15,40,41,55","QLP,SPOC,TESS-SPOC","120,1800,600",False,False,2641.3669,179.72956,0.33753974,14.731789,9,sector_scatter,-0.77614404,1.3250694,-0.5857384,-0.5857384,linear,0.22385596,0.18550031,0.82865926,1.3250694,6.6253471,165414.83,OK,-0.5857384,OK,SAP_FLUX,QLP,30.219835,257.54974,bootstrap,284.07741,119.86704,OK,3,2,SPOC/SAP_FLUX=376ppm;TESS-SPOC/SAP_FLUX=24ppm;QLP/SAP_FLUX=OK,49,10,10,"74,75,81,82,54,14,15,40,41,55","QLP,SPOC,TESS-SPOC","120,1800,600",False,False,2581.0294,220.10147,0.42796773,14.859676,9,sector_scatter,-0.86243976,1.2942041,-0.66638623,-0.66638623,linear,0.13756024,0.11733592,0.85297841,1.2942041,6.4710203,141727.75,OK,-0.66638623,BACKGROUND_TEST_AGREES,2,"SPOC,TESS-SPOC",-33.689403,342.4243,-0.098384967,-0.14420522,PDC_DEEPER_THAN_SAP,0.02,6.93925,0.10437083,2.5,0.037601624,-236.44432,1.1223772,10290,OK,True,2.5,0.99054759,17.174183,,duration_inconsistent,not_measurable,not_measurable,,False,,0,0,1,1,0.3,93.231918,265.1082,53,5.8733724,1,True,OK:1,2.4332845,86.566662,325.89311,57.645921,409.59658,148.02324,360.41892,84,91.264549,257.54974,53,5.6391077,1,True,OK:1,3.966502,80.010316,319.74439,23.602298,376.15241,199.87735,345.93258,84,0,3
K04435.01,,8278685,351804043,tic_kic_crossid,CANDIDATE,CANDIDATE,10.861416,136.8213,6.02,64.8,5.5,-5.5,0.009066,0.939,5.2,6339,4.454,13.517,0,0,0,0,2,281.95569,44.261532,13,OK,lightkurve,,9,"QLP,SPOC,TESS-SPOC","14,40,41,53,54,74,80",1.0526187,,68.209695,5.7894031,3324.4994,3324.4576,493,116.12658,-60.21204,0.5185035,438.67975,16,5.5516233,5.4210662,1271.9782,1304.4946,True,OK,PDCSAP_FLUX,QLP,1304.4946,1238.4836,bootstrap,1344.5703,523.47644,OK,4,3,SPOC/PDCSAP_FLUX=384ppm;TESS-SPOC/PDCSAP_FLUX=523ppm;QLP/KSPSAP_FLUX=1924ppm;QLP/DET_FLUX=OK,16,7,7,"74,14,40,41,53,54,80","QLP,SPOC","120,1800,200,600",False,False,4522.5609,-3568.6251,6.6992247,52.724513,2,odd_even_significant;sector_scatter,18.124768,19.712551,0.91945321,0.91945321,linear,19.124768,1.0532998,0.055075168,19.712551,98.562756,4.3561926e+44,OK,0.91945321,OK,SAP_FLUX,QLP,1618.4204,1026.4478,bootstrap,1043.4409,187.54733,OK,3,3,SPOC/SAP_FLUX=1194ppm;TESS-SPOC/SAP_FLUX=1378ppm;QLP/SAP_FLUX=1745ppm,17,7,7,"74,14,40,41,53,54,80","QLP,SPOC","120,1800,200,600",False,False,4635.2051,-2940.0777,5.2016621,48.03451,2,odd_even_significant;sector_scatter,22.727131,15.297863,1.4856409,1.4856409,linear,23.727131,1.5767197,0.066452183,15.297863,76.489316,1.1291045e+35,OK,1.4856409,BACKGROUND_TEST_AGREES,2,"SPOC,TESS-SPOC",831.09844,464.77209,1.7881849,1.8322057,SAP_DEEPER_THAN_PDC,0.071538677,2.408,0.037341154,0.4,0.0062028496,3610.8187,8.0459016,4685,OK,True,0.4,1.2083813,-13.27356,0.998186,tracks_b,not_measurable,not_measurable,,False,,0,0,1,1,0.2,234.97535,1238.4836,19,38.957298,1,True,OK:1,0.40128678,428.62104,1475.5739,384.20434,1923.8409,523.00653,920.29027,84,218.2034,1026.4478,19,34.721183,0,False,,0.11588295,1252.5064,1627.6011,1193.629,1745.2388,1377.6208,424.79135,84,-0.041813917,3
K04435.02,,8278685,351804043,tic_kic_crossid,CANDIDATE,CANDIDATE,17.869376,140.2811,6.886,63,6.8,-6.8,0.007351,0.259,19.31,6328,4.456,13.517,0,0,0,0,2,281.95569,44.261532,13,OK,lightkurve,,9,"QLP,SPOC,TESS-SPOC","14,40,41,53,54,74,80",0.96894788,,61.043716,6.5888456,3316.2245,3315.7463,299,204.12634,-688.61377,3.3734685,715.66901,19,9.1588779,-0.74026767,-190.1979,2859.742,True,OK,PDCSAP_FLUX,QLP,2859.742,2849.8161,bootstrap,3083.9655,1178.7246,OK,4,2,SPOC/PDCSAP_FLUX=OK;TESS-SPOC/PDCSAP_FLUX=OK;QLP/KSPSAP_FLUX=4078ppm;QLP/DET_FLUX=611ppm,8,7,6,"74,14,40,41,53,54,80","QLP,SPOC","120,1800,200,600",False,False,3812.5442,5145.5759,8.1774474,42.6008,2,odd_even_significant;sector_scatter,45.847442,50.520746,0.90749733,0.90749733,linear,46.847442,1.003483,0.02142023,50.520746,252.60373,3.0906299e+111,OK,0.90749733,OK,SAP_FLUX,QLP,1883.4698,2426.3033,bootstrap,2426.3033,,TOO_FEW_MEMBERS,3,1,SPOC/SAP_FLUX=OK;TESS-SPOC/SAP_FLUX=OK;QLP/SAP_FLUX=3241ppm,9,7,6,"74,14,40,41,53,54,80","QLP,SPOC","120,1800,200,600",False,False,4363.7759,4332.6459,7.9185735,51.158775,2,odd_even_significant;sector_scatter,29.854442,39.747157,0.75110886,0.75110886,linear,30.854442,0.77627137,0.025159145,39.747157,198.73579,1.245938e+88,OK,0.75110886,BACKGROUND_TEST_UNAVAILABLE,0,,,,,,,0.02,2.7544,0.042712822,0.4,0.0062028496,4576.7478,10.558329,2487,OK,True,0.4,1.045644,-10.636625,0.92904684,tracks_b,not_measurable,not_measurable,,False,,0,0,1,1,0.2,312.23716,2849.8161,11,76.724818,2,True,OK:2,0.41217865,1165.4436,3522.8928,610.74972,4077.5867,2344.1682,2248.9923,84,273.54977,2426.3033,11,72.620184,2,True,OK:2,,,,,,,,84,-0.47820401,3
K06179.01,,8374077,271350315,tic_kic_crossid,CANDIDATE,CANDIDATE,16.295785,133.6205,5.16,409.8,33.9,-33.9,0.019312,0.603,19.84,6063,4.476,15.735,0,0,0,0,1,294.8566,44.322041,13,QUERY_RETURNED_ZERO_ROWS,lightkurve,QUERY_RETURNED_ZERO_ROWS,0,,,0.98319603,,402.91373,33.330345,,,0,,0,,36,0,,,,,False,FLUX_COLUMN_NOT_PRESENT,,,,,,,,ENSEMBLE_NOT_ATTEMPTED,0,0,,0,0,0,,,,False,False,,,,,0,,,,,,,,,,,,,NO_USABLE_TRANSIT,,FLUX_COLUMN_NOT_PRESENT,,,,,,,,ENSEMBLE_NOT_ATTEMPTED,0,0,,0,0,0,,,,False,False,,,,,0,,,,,,,,,,,,,NO_USABLE_TRANSIT,,BACKGROUND_TEST_UNAVAILABLE,0,,,,,,,,,,,,,,0,too_few_points,False,,,,,inconclusive,not_measured,not_measured,,False,,0,0,1,1,0,,,0,,0,False,,,,,,,,,84,,,0,,0,False,,,,,,,,,84,0,3
K08156.01,,8439949,271429722,tic_kic_crossid,CANDIDATE,CANDIDATE,364.98242,188.6133,12.346,533,47.4,-47.4,0.025568,0.926,99.5,6429,4.404,14.324,0,0,0,0,1,295.16364,44.422211,13,OK,lightkurve,NO_USABLE_TRANSIT,8,"SPOC,TESS-SPOC","74,75,81,82",1.0437941,,556.34227,49.475842,3496.3496,3496.3496,15,239.88024,0,,864,10,,,,,False,NO_USABLE_TRANSIT,PDCSAP_FLUX,SPOC,,,none,,,TOO_FEW_MEMBERS,2,0,SPOC/PDCSAP_FLUX=NO_USABLE_TRANSIT;TESS-SPOC/PDCSAP_FLUX=NO_USABLE_TRANSIT,0,4,0,"74,75,81,82",SPOC,120,False,False,,,,,4,,,,,,,,,,,,,NO_USABLE_TRANSIT,,NO_USABLE_TRANSIT,SAP_FLUX,SPOC,,,none,,,TOO_FEW_MEMBERS,2,0,SPOC/SAP_FLUX=NO_USABLE_TRANSIT;TESS-SPOC/SAP_FLUX=NO_USABLE_TRANSIT,0,4,0,"74,75,81,82",SPOC,120,False,False,,,,,4,,,,,,,,,,,,,NO_USABLE_TRANSIT,,BACKGROUND_TEST_UNAVAILABLE,0,,,,,,,0.15587943,,,,,,,0,too_few_points,False,,,,,inconclusive,not_measured,not_measured,,False,,0,0,1,1,0.1,,,0,,2,True,NO_USABLE_TRANSIT:2,,,,,,,,84,,,0,,2,True,NO_USABLE_TRANSIT:2,,,,,,,,84,0,3
K00691.01,Kepler-647 c,8480285,164786172,tic_kic_crossid_over_name_planet,CONFIRMED,CANDIDATE,29.666317,189.36948,8.412,668,7.6,-7.6,0.023633,0.019,27.58,5956,4.322,13.965,0,0,0,0,2,284.7883,44.591679,13,OK,lightkurve,,8,"SPOC,TESS-SPOC","74,75,81,82",0.96325806,,643.45638,7.3207612,3362.3065,3362.2189,180,15.689334,-126.23047,8.0456231,173.248,8,3.3230491,2.8143053,1219.5478,1384.3374,True,OK,PDCSAP_FLUX,SPOC,1384.3374,416.5865,analytic,453.14843,178.32327,OK,2,2,SPOC/PDCSAP_FLUX=1384ppm;TESS-SPOC/PDCSAP_FLUX=860ppm,4,4,4,"74,75,81,82",SPOC,120,False,False,8796.7583,-11.507011,0.013768801,0.39724761,4,,0.76612266,0.33133162,2.3122534,1.6306463,ln,2.1514083,3.3230491,1.5445925,0.7061055,3.5305275,21325.414,OK,2.3122534,OK,SAP_FLUX,SPOC,986.36271,320.40972,analytic,330.10113,79.400057,OK,2,2,SPOC/SAP_FLUX=986ppm;TESS-SPOC/SAP_FLUX=753ppm,4,4,4,"74,75,81,82",SPOC,120,False,False,6796.489,-339.70206,0.52883671,0.75875425,4,,0.4271699,0.33857073,1.2616859,1.033641,ln,1.5329131,3.078442,2.0082299,0.51556882,2.5778441,7830.0385,OK,1.2616859,BACKGROUND_TEST_AGREES,2,"SPOC,TESS-SPOC",-249.98785,368.4007,-0.67857593,-0.22278624,PDC_DEEPER_THAN_SAP,0.023095526,12.135992,1.0800688,1.4426999,0.1283962,680.52728,1.0330387,4824,OK,False,1.4426999,1.0107852,3.4789912,,duration_inconsistent,not_measurable,not_measurable,,False,,0,0,1,1,0.1,416.5865,229.7315,4,0.39724761,0,False,,0.12881489,943.77404,1300.4206,859.85721,1384.3374,1122.0973,524.48021,84,320.40972,235.88422,4,0.75875425,0,False,,0.08049783,790.19786,948.99798,752.83313,986.36271,869.59792,233.52958,84,-0.08766005,3
K00691.02,Kepler-647 b,8480285,164786172,tic_kic_crossid_over_name_planet,CONFIRMED,CANDIDATE,16.225497,144.02673,6.471,120.4,6.5,-6.5,0.010102,0.273,18.64,5956,4.322,13.965,0,0,0,0,2,284.7883,44.591679,13,OK,lightkurve,,8,"SPOC,TESS-SPOC","74,75,81,82",0.96659869,,116.37848,6.2828915,3363.8917,3363.8917,332,64.630572,0,,290.95672,12,1.8826316,-0.50814968,-180.75061,705.59208,False,OK,PDCSAP_FLUX,SPOC,-180.75061,355.70348,analytic,355.70348,,TOO_FEW_MEMBERS,2,0,SPOC/PDCSAP_FLUX=OK;TESS-SPOC/PDCSAP_FLUX=OK,7,4,4,"74,75,81,82",SPOC,120,False,False,8430.6164,-383.10868,0.53828178,0.51966199,4,,-2.5531274,3.0573224,-0.83508607,-0.83508607,linear,-1.5531274,-0.50814968,0.32717837,3.0573224,15.286612,5.0671519e+08,OK,-0.83508607,OK,SAP_FLUX,SPOC,193.44269,167.51371,bootstrap,172.85573,42.641079,OK,2,2,SPOC/SAP_FLUX=193ppm;TESS-SPOC/SAP_FLUX=68ppm,8,4,4,"74,75,81,82",SPOC,120,False,False,6803.1701,-104.92552,0.19551034,0.25401584,4,,0.66218608,1.487111,0.44528355,0.44528355,linear,1.6621861,1.1547873,0.69474006,1.487111,7.4355552,197168.27,OK,0.44528355,BACKGROUND_TEST_UNAVAILABLE,0,,,,,,,0.02,16.1775,5.8460799,2.5,0.90342758,-191.57564,1.0517804,6623,OK,True,2.5,,,,inconclusive,not_measurable,not_measurable,,False,,0,0,1,1,0.2,355.70348,319.76468,8,0.83702144,2,True,OK:2,,,,,,,,84,267.42936,167.51371,8,0.42436684,0,False,,0.22043262,88.094145,173.3763,68.027755,193.44269,130.73522,125.41494,84,0,3
K07888.01,,8488381,158989386,tic_kic_crossid,CANDIDATE,CANDIDATE,4.7368156,131.7876,2.84,35.3,12.6,-12.6,0.005463,0.218,12.54,6088,4.456,13.922,0,0,0,0,1,289.20331,44.505138,13,OK,lightkurve,,22,"QLP,SPOC,TESS-SPOC","14,15,40,41,54,55,74,75,81,82",0.96615528,,34.105281,12.173557,3326.8629,3326.5966,1132,242.4408,-383.41704,1.5814873,769.92241,44,4.1240674,-0.41339733,-86.611019,842.11357,True,OK,PDCSAP_FLUX,QLP,842.11357,410.52984,bootstrap,592.8835,427.75706,OK,4,3,SPOC/PDCSAP_FLUX=162ppm;TESS-SPOC/PDCSAP_FLUX=OK;QLP/KSPSAP_FLUX=1420ppm;QLP/DET_FLUX=524ppm,50,10,10,"40,41,55,74,75,81,14,15,54,82","QLP,SPOC","120,1800,200,600",False,False,9051.2057,470.19084,0.54037039,5.3043383,12,sector_scatter,3.2064626,0.7909374,4.0540031,1.3625521,ln,24.691588,2.0512847,0.083076255,17.387657,86.938283,1.9482208e+39,OK,4.0540031,OK,SAP_FLUX,QLP,588.3755,323.1197,bootstrap,486.04316,363.08623,OK,3,3,SPOC/SAP_FLUX=106ppm;TESS-SPOC/SAP_FLUX=46ppm;QLP/SAP_FLUX=1114ppm,50,10,10,"40,41,55,74,75,81,14,15,54,82","QLP,SPOC","120,1800,200,600",False,False,7352.5162,86.159805,0.12601198,5.3200554,12,sector_scatter,16.251742,14.255815,1.1400079,1.1400079,linear,17.251742,1.8209212,0.10554999,14.255815,71.279074,3.0826918e+32,OK,1.1400079,BACKGROUND_TEST_AGREES,1,SPOC,-56.138424,329.08753,-0.17058812,-0.34657793,PDC_DEEPER_THAN_SAP,0.02,2.84,0.31737756,1,0.11175266,639.75728,1.1300654,15561,OK,False,1,1.0226652,-0.060120101,0.218,fixed_b,not_measurable,not_measurable,,False,,0,0,1,1,0.9,204.19491,410.52984,55,7.5531429,1,True,OK:1,0.5079565,277.74663,1133.2608,161.97923,1420.0882,523.75238,680.13434,84,176.19336,323.1197,55,7.4247355,0,False,,0.61709951,64.932894,791.10535,45.682114,1113.5828,105.8408,542.69338,84,-0.26626183,3
K00234.01,Kepler-498 b,8491277,159384648,tic_kic_crossid_over_name_planet,CONFIRMED,CANDIDATE,9.6137532,132.18568,4.654,797.9,8.4,-8.4,0.026947,0.604,13.13,5997,4.364,14.283,0,0,0,0,1,290.35815,44.518749,13,QUERY_RETURNED_ZERO_ROWS,lightkurve,QUERY_RETURNED_ZERO_ROWS,0,,,0.98301389,,784.34678,8.2573167,,,0,,0,,36,0,,,,,False,FLUX_COLUMN_NOT_PRESENT,,,,,,,,ENSEMBLE_NOT_ATTEMPTED,0,0,,0,0,0,,,,False,False,,,,,0,,,,,,,,,,,,,NO_USABLE_TRANSIT,,FLUX_COLUMN_NOT_PRESENT,,,,,,,,ENSEMBLE_NOT_ATTEMPTED,0,0,,0,0,0,,,,False,False,,,,,0,,,,,,,,,,,,,NO_USABLE_TRANSIT,,BACKGROUND_TEST_UNAVAILABLE,0,,,,,,,,,,,,,,0,too_few_points,False,,,,,inconclusive,not_measured,not_measured,,False,,0,0,1,1,0,,,0,,0,False,,,,,,,,,84,,,0,,0,False,,,,,,,,,84,0,3
K05532.01,,8525101,184948833,tic_kic_crossid,CANDIDATE,CANDIDATE,24.677713,136.5139,5.088,131.3,17.7,-17.7,0.010928,0.6305,29.3,4995,3.118,13.434,0,0,0,0,1,300.83527,44.560661,13,OK,lightkurve,,17,"QLP,SPOC,TESS-SPOC","14,15,41,54,55,74,75,81,82",0.98250055,,129.00232,17.39026,3373.933,3373.933,219,187.62729,0,,639.20187,24,1.6903801,0.63023661,379.16817,962.70652,False,OK,PDCSAP_FLUX,QLP,379.16817,1217.0361,bootstrap,2841.9155,2568.1329,OK,4,3,SPOC/PDCSAP_FLUX=534ppm;TESS-SPOC/PDCSAP_FLUX=1185ppm;QLP/KSPSAP_FLUX=OK;QLP/DET_FLUX=8087ppm,9,9,9,"74,75,81,82,14,15,41,54,55","QLP,SPOC","120,1800,600",False,False,26011.097,337.81337,0.278122,2.6204252,8,,1.9392353,22.030425,0.088025321,0.088025321,linear,2.9392353,0.31155047,0.10599712,22.030425,110.15213,8.8932089e+49,OK,0.088025321,OK,SAP_FLUX,QLP,203.92751,889.6423,bootstrap,3169.8117,3042.4074,OK,3,3,SPOC/SAP_FLUX=213ppm;TESS-SPOC/SAP_FLUX=171ppm;QLP/SAP_FLUX=9119ppm,9,9,9,"74,75,81,82,14,15,41,54,55","QLP,SPOC","120,1800,600",False,False,26035.19,170.8418,0.62285582,1.8807712,8,,0.58080495,24.572162,0.023636705,0.023636705,linear,1.5808049,0.22922416,0.14500471,24.572162,122.86081,2.9401525e+55,OK,0.023636705,BACKGROUND_TEST_AGREES,2,"SPOC,TESS-SPOC",-671.44388,437.78035,-1.5337461,-0.78110121,PDC_DEEPER_THAN_SAP,0.02,12.337366,2.6897714,2.4247968,0.52865005,-525.18577,1.0110233,3611,OK,True,2.4247968,1.0126117,3.5507964,,duration_inconsistent,not_measurable,not_measurable,,False,,0,0,1,1,0.3,601.62829,1217.0361,9,2.6204252,1,True,OK:1,6.7730709,742.3332,5878.5991,533.83775,8087.1699,1185.386,7708.0018,84,137.06432,889.6423,9,1.8807712,0,False,,14.919063,184.61788,6269.4327,171.14173,9119.3988,213.25469,8915.4713,84,0,3
K05536.01,,8547213,158171827,tic_kic_crossid,CANDIDATE,CANDIDATE,392.72811,371.411,12.48,499.7,54.8,-54.8,0.020827,0.4505,220.2,5701,4.558,15.033,0,0,0,0,1,286.11234,44.657581,13,OK,lightkurve,NO_USABLE_TRANSIT,4,"SPOC,TESS-SPOC","81,82",0.97143513,,485.42613,53.234645,3702.6045,3702.6045,14,615.84752,0,,864,10,,,,,False,NO_USABLE_TRANSIT,PDCSAP_FLUX,SPOC,,,none,,,TOO_FEW_MEMBERS,2,0,SPOC/PDCSAP_FLUX=NO_USABLE_TRANSIT;TESS-SPOC/PDCSAP_FLUX=NO_USABLE_TRANSIT,0,2,0,"81,82",SPOC,120,False,False,,,,,2,,,,,,,,,,,,,NO_USABLE_TRANSIT,,NO_USABLE_TRANSIT,SAP_FLUX,SPOC,,,none,,,TOO_FEW_MEMBERS,2,0,SPOC/SAP_FLUX=NO_USABLE_TRANSIT;TESS-SPOC/SAP_FLUX=NO_USABLE_TRANSIT,0,2,0,"81,82",SPOC,120,False,False,,,,,2,,,,,,,,,,,,,NO_USABLE_TRANSIT,,BACKGROUND_TEST_UNAVAILABLE,0,,,,,,,0.025468159,,,,,,,0,too_few_points,False,,,,,inconclusive,not_measured,not_measured,,False,,0,0,1,1,0,,,0,,2,True,NO_USABLE_TRANSIT:2,,,,,,,,84,,,0,,2,True,NO_USABLE_TRANSIT:2,,,,,,,,84,0,3
K03315.01,Kepler-1466 b,8554701,159178000,tic_kic_crossid_confirms_name_planet,CONFIRMED,CANDIDATE,31.174831,159.10049,3.79,200.2,13.6,-13.6,0.012989,0.016,63.65,6086,4.511,13.926,0,0,0,0,1,289.83121,44.609859,13,OK,lightkurve,,9,QLP,"14,15,40,41,54,55,74,75,81",0.96407897,,193.00861,13.111474,3322.9966,3323.0361,171,53.164008,56.82726,1.0689047,216.34202,14,8.1345035,5.8250429,4700.7904,6304.7343,True,OK,KSPSAP_FLUX,QLP,6304.7343,775.06074,analytic,6019.7431,5969.6388,OK,2,2,QLP/KSPSAP_FLUX=17950ppm;QLP/DET_FLUX=392ppm,6,9,6,"14,15,40,41,54,55,74,75,81",QLP,"1800,200,600",False,False,7336.5185,14573.694,9.1246063,58.620334,0,odd_even_significant;sector_scatter,3.4863213,0.95851583,3.6372079,1.0152764,ln,32.66556,8.1345035,0.24902385,31.189102,155.94551,1.0276617e+70,OK,3.6372079,OK,SAP_FLUX,QLP,6296.4727,755.42539,analytic,755.42539,,TOO_FEW_MEMBERS,1,1,QLP/SAP_FLUX=6296ppm,6,9,6,"14,15,40,41,54,55,74,75,81",QLP,"1800,200,600",False,False,7071.926,14111.105,9.1264265,57.391287,0,odd_even_significant;sector_scatter,3.4850101,0.14665946,23.762599,8.0776306,ln,32.622756,8.3350028,0.25549659,3.9148554,19.574277,6.1175447e+10,OK,23.762599,BACKGROUND_TEST_UNAVAILABLE,0,,,,,,,0.02,1.9956354,0.090074962,0.52655288,0.023766481,2744.3071,1.1493883,1211,OK,False,0.52655288,1.0604829,-8.6825787,0.86122609,tracks_b,not_measurable,not_measurable,,False,,0,0,1,1,0.1,775.06074,5565.4672,8,58.620334,0,False,,0.94685018,3201.3188,15140.597,392.07702,17949.838,9170.9577,11645.104,84,755.42539,5472.3286,8,57.391287,0,False,,,,,,,,,84,0.039463375,3
K02436.01,Kepler-1237 b,8570333,271770315,tic_kic_crossid_over_name_planet,CONFIRMED,CANDIDATE,84.573335,150.152,5.762,891.6,50.5,-50.5,0.026709,0.024,115.1,5418,4.543,15.758,0,0,0,0,1,295.62927,44.69062,13,QUERY_RETURNED_ZERO_ROWS,lightkurve,QUERY_RETURNED_ZERO_ROWS,0,,,0.95593608,,852.31261,48.274772,,,0,,0,,36,0,,,,,False,FLUX_COLUMN_NOT_PRESENT,,,,,,,,ENSEMBLE_NOT_ATTEMPTED,0,0,,0,0,0,,,,False,False,,,,,0,,,,,,,,,,,,,NO_USABLE_TRANSIT,,FLUX_COLUMN_NOT_PRESENT,,,,,,,,ENSEMBLE_NOT_ATTEMPTED,0,0,,0,0,0,,,,False,False,,,,,0,,,,,,,,,,,,,NO_USABLE_TRANSIT,,BACKGROUND_TEST_UNAVAILABLE,0,,,,,,,,,,,,,,0,too_few_points,False,,,,,inconclusive,not_measured,not_measured,,False,,0,0,1,1,0,,,0,,0,False,,,,,,,,,84,,,0,,0,False,,,,,,,,,84,0,3
K05546.01,,8571421,271970425,tic_kic_crossid,CANDIDATE,CANDIDATE,514.2715,416.76798,3.46,688.9,88.3,-88.3,0.024231,0.2032,1140,6343,4.411,14.848,0,0,0,0,1,295.97278,44.645088,13,OK,lightkurve,NO_USABLE_TRANSIT,4,"SPOC,TESS-SPOC","81,82",0.96797376,,666.83712,85.472083,3392.483,3392.483,10,90.083142,0,,322.14943,14,,,,,False,NO_USABLE_TRANSIT,PDCSAP_FLUX,SPOC,,,none,,,TOO_FEW_MEMBERS,2,0,SPOC/PDCSAP_FLUX=NO_USABLE_TRANSIT;TESS-SPOC/PDCSAP_FLUX=NO_USABLE_TRANSIT,0,2,0,"81,82",SPOC,120,False,False,,,,,2,,,,,,,,,,,,,NO_USABLE_TRANSIT,,NO_USABLE_TRANSIT,SAP_FLUX,SPOC,,,none,,,TOO_FEW_MEMBERS,2,0,SPOC/SAP_FLUX=NO_USABLE_TRANSIT;TESS-SPOC/SAP_FLUX=NO_USABLE_TRANSIT,0,2,0,"81,82",SPOC,120,False,False,,,,,2,,,,,,,,,,,,,NO_USABLE_TRANSIT,,BACKGROUND_TEST_UNAVAILABLE,0,,,,,,,0.024652171,,,,,,,0,too_few_points,False,,,,,inconclusive,not_measured,not_measured,,False,,0,0,1,1,0,,,0,,2,True,NO_USABLE_TRANSIT:2,,,,,,,,84,,,0,,2,True,NO_USABLE_TRANSIT:2,,,,,,,,84,0,3
K02123.01,Kepler-1796 b,8591693,185336831,tic_kic_crossid_over_name_planet,CONFIRMED,CANDIDATE,29.455784,154.17062,3.451,533.8,23,-23,0.021147,0.018,66.58,6036,4.491,14.385,0,0,0,0,1,301.54297,44.60561,13,QUERY_RETURNED_ZERO_ROWS,lightkurve,QUERY_RETURNED_ZERO_ROWS,0,,,0.96364778,,514.39518,22.163899,,,0,,0,,36,0,,,,,False,FLUX_COLUMN_NOT_PRESENT,,,,,,,,ENSEMBLE_NOT_ATTEMPTED,0,0,,0,0,0,,,,False,False,,,,,0,,,,,,,,,,,,,NO_USABLE_TRANSIT,,FLUX_COLUMN_NOT_PRESENT,,,,,,,,ENSEMBLE_NOT_ATTEMPTED,0,0,,0,0,0,,,,False,False,,,,,0,,,,,,,,,,,,,NO_USABLE_TRANSIT,,BACKGROUND_TEST_UNAVAILABLE,0,,,,,,,,,,,,,,0,too_few_points,False,,,,,inconclusive,not_measured,not_measured,,False,,0,0,1,1,0,,,0,,0,False,,,,,,,,,84,,,0,,0,False,,,,,,,,,84,0,3
K00579.01,Kepler-190 b,8616637,158789380,tic_kic_crossid_confirms_name_planet,CONFIRMED,CANDIDATE,2.019997,170.07102,1.8073,332.8,7.4,-7.4,0.016938,0.502,7.58,5103,4.562,14.137,0,0,0,0,2,288.58405,44.733799,13,OK,lightkurve,,2,"SPOC,TESS-SPOC",82,0.97001967,,322.82255,7.1781456,3545.9428,3545.9428,2744,11.000271,0,,60.110313,9,1.0933888,-0.60750301,-295.00545,519.27579,False,OK,PDCSAP_FLUX,SPOC,-295.00545,435.39474,bootstrap,435.39474,,TOO_FEW_MEMBERS,2,0,SPOC/PDCSAP_FLUX=OK;TESS-SPOC/PDCSAP_FLUX=OK,13,1,1,82,SPOC,120,False,False,8777.1579,497.57731,0.51032325,,1,,-1.9138316,1.3498219,-1.41784,-1.41784,linear,-0.91383161,-0.67755859,0.74144797,1.3498219,6.7491097,275141.26,OK,-1.41784,OK,SAP_FLUX,SPOC,-380.48325,393.14048,bootstrap,393.14048,,TOO_FEW_MEMBERS,2,0,SPOC/SAP_FLUX=OK;TESS-SPOC/SAP_FLUX=OK,13,1,1,82,SPOC,120,False,False,7654.2242,386.95671,0.45820878,,1,,-2.1786143,1.219051,-1.7871395,-1.7871395,linear,-1.1786143,-0.96780484,0.8211379,1.219051,6.0952552,142928.8,OK,-1.7871395,BACKGROUND_TEST_UNAVAILABLE,0,,,,,,,0.022145887,4.51825,0.13387058,2.5,0.074072142,356.69045,1.0684444,3505,OK,True,2.5,,,,inconclusive,not_measurable,not_measurable,,False,,0,0,1,1,0.1,485.60327,435.39474,13,0.87066237,2,True,OK:2,,,,,,,,84,420.03464,393.14048,13,0.9676317,2,True,OK:2,,,,,,,,84,0,3
K00579.02,Kepler-190 c,8616637,158789380,tic_kic_crossid_confirms_name_planet,CONFIRMED,CANDIDATE,3.7630415,132.59298,1.6011,354.5,10.6,-10.6,0.018946,0.76,12.21,5103,4.562,14.137,0,0,0,0,2,288.58405,44.733799,13,OK,lightkurve,,2,"SPOC,TESS-SPOC",82,1.003332,,355.68121,10.63532,3546.1835,3546.1835,1483,12.987253,0,,62.978258,10,1.2460052,0.39223271,260.16646,765.11787,False,OK,PDCSAP_FLUX,SPOC,260.16646,663.2962,analytic,677.80288,139.48083,OK,2,2,SPOC/PDCSAP_FLUX=260ppm;TESS-SPOC/PDCSAP_FLUX=670ppm,7,1,1,82,SPOC,120,False,False,8670.3861,-437.48172,0.32851266,,1,,-0.26854032,1.9065375,-0.14085237,-0.14085237,linear,0.73145968,0.39223271,0.53623285,1.9065375,9.5326874,4909338.5,OK,-0.14085237,OK,SAP_FLUX,SPOC,173.25673,548.28263,analytic,562.57545,126.00511,OK,2,2,SPOC/SAP_FLUX=173ppm;TESS-SPOC/SAP_FLUX=544ppm,7,1,1,82,SPOC,120,False,False,7327.9332,-364.07695,0.3305,,1,,-0.5128876,1.582757,-0.32404695,-0.32404695,linear,0.4871124,0.31599893,0.64871872,1.582757,7.9137852,972333.73,OK,-0.32404695,BACKGROUND_TEST_AGREES,2,"SPOC,TESS-SPOC",-107.06787,603.25632,-0.17748321,-0.23011227,PDC_DEEPER_THAN_SAP,0.042975662,3.8823421,1.681155,2.4247968,1.05,-234.45276,0.95721927,1677,OK,True,2.4247968,0.99391746,2.0422849,,fixed_b,not_measurable,not_measurable,,False,,0,0,1,1,0.1,663.2962,341.83417,7,0.29947206,0,False,,0.53612148,325.8045,604.76616,260.16646,670.4042,465.28533,410.23773,84,548.28263,290.35332,7,0.30952819,0,False,,0.72727398,232.55325,484.56347,173.25673,543.85999,358.55836,370.60326,84,0,3
K00916.01,Kepler-724 b,8628973,270521439,tic_kic_crossid_over_name_planet,CONFIRMED,CANDIDATE,3.3149474,171.31306,1.8007,1398.2,13.6,-13.6,0.038195,0.799,9.37,5609,4.481,15.142,0,0,0,0,1,293.45483,44.792789,13,OK,lightkurve,,4,"SPOC,TESS-SPOC","81,82",1.0094969,,1411.4786,13.729158,3533.6453,3533.6453,1668,4.1392721,0,,39.428316,8,1.2127703,0.27011185,333.19113,1525.4902,False,OK,PDCSAP_FLUX,SPOC,333.19113,1006.3445,bootstrap,1006.3975,10.32769,OK,2,2,SPOC/PDCSAP_FLUX=333ppm;TESS-SPOC/PDCSAP_FLUX=303ppm,16,2,2,"81,82",SPOC,120,False,False,24323.349,1232.4922,0.63850519,0.05825308,2,,-0.76394177,0.71482658,-1.0687092,-1.0687092,linear,0.23605823,0.33109051,1.4025799,0.71482658,3.5741329,48927.048,OK,-1.0687092,OK,SAP_FLUX,SPOC,202.86656,377.20548,bootstrap,378.03419,25.017472,OK,2,2,SPOC/SAP_FLUX=203ppm;TESS-SPOC/SAP_FLUX=129ppm,16,2,2,"81,82",SPOC,120,False,False,8486.9838,549.15069,0.75332688,0.11233195,2,,-0.85627373,0.27262926,-3.1407991,-3.1407991,linear,0.14372627,0.53781446,3.7419356,0.27262926,1.3631463,4105.2448,OK,-3.1407991,BACKGROUND_TEST_AGREES,2,"SPOC,TESS-SPOC",-152.11506,756.62705,-0.20104364,-0.47834419,PDC_DEEPER_THAN_SAP,0.096163258,4.50175,1.890735,2.5,1.05,-320.84553,1.0387685,4294,OK,True,2.5,0.95286356,2.2789185,,fixed_b,not_measurable,not_measurable,,False,,0,0,1,1,0.1,1233.5302,1006.3445,16,0.6519845,0,False,,0.030996292,307.67567,328.33104,302.81558,333.19113,318.00335,30.375558,84,415.5248,377.20548,16,0.84695166,0,False,,0.12331984,141.05869,191.09363,129.28576,202.86656,166.07616,73.5808,84,0,3
K03349.01,Kepler-1475 b,8636333,271970692,tic_kic_crossid_over_name_planet,CONFIRMED,CANDIDATE,82.175197,197.20187,8.664,546.4,30.5,-30.5,0.021508,0.015,74.01,6247,4.489,15.292,0,0,0,0,1,295.94827,44.75312,13,OK,lightkurve,,4,"SPOC,TESS-SPOC","81,82",0.96546763,,527.53151,29.446763,3535.9401,3535.9401,67,109.37639,0,,458.08918,12,0.77514856,-1.1164915,-3179.9435,2310.6626,False,OK,PDCSAP_FLUX,SPOC,-3179.9435,2848.1575,analytic,2848.1575,,TOO_FEW_MEMBERS,2,0,SPOC/PDCSAP_FLUX=OK;TESS-SPOC/PDCSAP_FLUX=OK,1,2,1,"81,82",SPOC,120,False,False,31667.774,,,,2,,-7.0279688,5.3995482,-1.3015846,-1.3015846,linear,-6.0279688,-1.1164915,0.18521852,5.3995482,26.997741,2.8003883e+14,OK,-1.3015846,OK,SAP_FLUX,SPOC,-1079.1089,886.86793,analytic,886.86793,,TOO_FEW_MEMBERS,2,0,SPOC/SAP_FLUX=OK;TESS-SPOC/SAP_FLUX=OK,1,2,1,"81,82",SPOC,120,False,False,9860.8076,,,,2,,-3.0455819,1.6828352,-1.8097922,-1.8097922,linear,-2.0455819,-1.216764,0.59482534,1.6828352,8.4141759,2378933.3,OK,-1.8097922,BACKGROUND_TEST_UNAVAILABLE,0,,,,,,,0.021059787,3.9159497,2.8720743,0.45197942,0.33149519,-5355.6495,1.0254198,1299,OK,True,0.45197942,,,0.91123933,inconclusive,not_measurable,not_measurable,,False,,0,0,1,1,0.1,2848.1575,,1,2.318529e-32,2,True,OK:2,,,,,,,,84,886.86793,,1,0,2,True,OK:2,,,,,,,,84,0,3
K03384.01,,8644365,273690208,tic_kic_crossid_over_name_host,CANDIDATE,CANDIDATE,10.548413,139.06402,1.872,102.9,10.4,-10.4,0.032654,1.017,7.82,6047,4.387,13.204,0,0,0,0,2,298.09543,44.737061,13,OK,lightkurve,,17,"QLP,SPOC,TESS-SPOC","14,15,41,54,55,74,75,81,82",1.2268546,,126.24333,12.759287,3362.3031,3362.3096,511,40.6614,9.345024,0.22982544,150.0642,18,3.8072104,2.7889009,822.99885,1071.6591,True,OK,PDCSAP_FLUX,QLP,1071.6591,582.06305,bootstrap,694.05939,378.049,OK,4,4,SPOC/PDCSAP_FLUX=723ppm;TESS-SPOC/PDCSAP_FLUX=915ppm;QLP/KSPSAP_FLUX=1544ppm;QLP/DET_FLUX=1596ppm,22,9,9,"74,75,81,82,14,15,41,54,55","QLP,SPOC","120,1800,600",True,False,4203.0625,-1850.2187,2.0140313,2.9156279,8,smeared,7.4888369,5.4989467,1.3618675,1.3618675,linear,8.4888369,1.8411391,0.21688945,5.4989467,27.494733,1.1015887e+14,OK,1.3618675,OK,SAP_FLUX,QLP,1006.3301,538.72625,bootstrap,623.76353,314.41208,OK,3,3,SPOC/SAP_FLUX=651ppm;TESS-SPOC/SAP_FLUX=816ppm;QLP/SAP_FLUX=1575ppm,22,9,9,"74,75,81,82,14,15,41,54,55","QLP,SPOC","120,1800,600",True,False,4270.6453,-1655.0805,1.8922997,2.8065304,8,smeared,6.9713526,4.9422486,1.4105629,1.4105629,linear,7.9713526,1.8679805,0.2343367,4.9422486,24.711243,6.8102802e+12,OK,1.4105629,BACKGROUND_TEST_AGREES,2,"SPOC,TESS-SPOC",-83.283171,450.30373,-0.18494888,-0.10166998,PDC_DEEPER_THAN_SAP,0.5,4.68,1.9656,2.5,1.05,-242.06105,1.0849391,3067,OK,True,2.5,2.2688391,0.22573414,0.93050592,fixed_b,not_measurable,not_measurable,,False,,0,0,1,1,0.3,281.48144,582.06305,24,2.4637844,0,False,,0.35276985,815.30555,1571.4036,722.99052,1596.2446,1229.903,524.58551,84,264.43187,538.72625,24,2.4542584,0,False,,0.31243434,703.60494,1332.4291,650.72455,1575.466,815.97576,569.13585,84,0.0064896,3
K03384.02,Kepler-1485 b,8644365,273690208,tic_kic_crossid_over_name_host,CONFIRMED,CANDIDATE,19.915886,139.36828,6.191,143.2,5.4,-5.4,0.011866,0.748,16.78,6047,4.387,13.204,0,0,0,0,2,298.09543,44.737061,13,OK,lightkurve,,17,"QLP,SPOC,TESS-SPOC","14,15,41,54,55,74,75,81,82",0.99911132,,143.07274,5.3952011,3369.5734,3369.5734,271,47.520857,0,,235.42757,10,1.4160067,-1.5532704,-348.30507,341.72992,False,OK,PDCSAP_FLUX,QLP,-348.30507,218.75317,bootstrap,218.75317,,TOO_FEW_MEMBERS,4,0,SPOC/PDCSAP_FLUX=OK;TESS-SPOC/PDCSAP_FLUX=OK;QLP/KSPSAP_FLUX=OK;QLP/DET_FLUX=OK,10,9,7,"74,75,81,82,14,15,41,54,55","QLP,SPOC","120,1800,600",False,False,4240.2026,-960.52011,2.0144546,1.3132096,8,,-3.4344614,1.5302467,-2.2443841,-2.2443841,linear,-2.4344614,-1.5922286,0.65403733,1.5302467,7.6512337,300773.07,OK,-2.2443841,OK,SAP_FLUX,QLP,-387.64293,196.30313,bootstrap,196.30313,,TOO_FEW_MEMBERS,3,0,SPOC/SAP_FLUX=OK;TESS-SPOC/SAP_FLUX=OK;QLP/SAP_FLUX=OK,10,9,7,"74,75,81,82,14,15,41,54,55","QLP,SPOC","120,1800,600",False,False,4133.2152,-705.08459,1.6102592,1.0483027,8,,-3.7094115,1.3734797,-2.7007398,-2.7007398,linear,-2.7094115,-1.9747159,0.72883575,1.3734797,6.8673987,137270.7,OK,-2.7007398,BACKGROUND_TEST_UNAVAILABLE,0,,,,,,,0.026241586,8.4024797,2.8359331,1.3572088,0.45807351,-238.10862,1.0027684,5317,OK,False,1.3572088,,,0.41048527,inconclusive,not_measurable,not_measurable,,False,,0,0,1,1,0.2,224.23982,218.75317,12,1.2675503,4,True,OK:4,,,,,,,,84,206.14119,196.30313,12,1.1896014,3,True,OK:3,,,,,,,,84,0,3
K01754.01,Kepler-1768 b,8651389,239236731,tic_kic_crossid_over_name_planet,CONFIRMED,CANDIDATE,15.135905,146.58371,2.236,255.7,15.3,-15.3,0.014946,0.46,46.8,6050,4.137,13.964,0,0,0,0,1,299.95721,44.771889,13,OK,lightkurve,,17,"QLP,SPOC,TESS-SPOC","14,15,41,54,55,74,75,81,82",0.97394074,,249.03665,14.901293,3367.9659,3367.9659,356,31.943945,0,,129.37183,14,2.1790191,1.5560231,619.90442,845.61379,False,OK,PDCSAP_FLUX,QLP,619.90442,413.01556,bootstrap,745.55698,620.70393,OK,4,4,SPOC/PDCSAP_FLUX=162ppm;TESS-SPOC/PDCSAP_FLUX=355ppm;QLP/KSPSAP_FLUX=1268ppm;QLP/DET_FLUX=1706ppm,15,9,8,"74,75,81,82,14,15,41,54,55","QLP,SPOC","120,1800,600",True,False,5167.9278,765.28561,0.84679436,0.83512542,8,smeared,1.4892096,2.9947795,0.49726854,0.49726854,linear,2.4892096,1.5009227,0.60297159,2.9947795,14.973897,7.9312945e+08,OK,0.49726854,OK,SAP_FLUX,QLP,368.01336,321.3342,bootstrap,586.65591,490.82532,OK,3,3,SPOC/SAP_FLUX=50ppm;TESS-SPOC/SAP_FLUX=285ppm;QLP/SAP_FLUX=1494ppm,15,9,8,"74,75,81,82,14,15,41,54,55","QLP,SPOC","120,1800,600",True,False,4469.7662,371.00234,0.48984841,0.91112823,8,smeared,0.4777478,2.3569913,0.20269391,0.20269391,linear,1.4777478,1.1452667,0.77500823,2.3569913,11.784957,32688995,OK,0.20269391,BACKGROUND_TEST_AGREES,2,"SPOC,TESS-SPOC",-91.474126,460.84581,-0.19849183,-0.35431411,PDC_DEEPER_THAN_SAP,0.02,0.98022504,0.81608247,0.43838329,0.36497427,761.15028,1.1033893,2165,OK,True,0.43838329,1.0106965,-1.0000104,0.93424471,fixed_b,not_measurable,not_measurable,,False,,0,0,1,1,0.2,398.39023,413.01556,16,0.93690719,0,False,,1.0012897,254.3169,1495.7248,161.78485,1706.2023,811.13367,1086.2979,84,318.97268,321.3342,16,1.0135921,0,False,,1.333716,125.28218,1106.9328,50.219111,1493.823,284.7912,1125.8096,84,0,3
K00921.01,Kepler-253 c,8689373,63065911,name_planet,CONFIRMED,CANDIDATE,10.281946,175.33988,3.4366,1110.7,21.3,-21.3,0.029849,0.168,23.23,5196,4.593,15.532,0,0,0,0,3,291.84198,44.858089,13,OK,lightkurve,,2,"SPOC,TESS-SPOC",81,0.9554111,,1061.1751,20.350256,3519.4629,3519.4629,536,14.688568,0,,95.614705,9,1.3929941,0.072530827,274.12838,5546.0852,False,OK,PDCSAP_FLUX,SPOC,274.12838,3779.474,analytic,3779.5464,23.390498,OK,2,2,SPOC/PDCSAP_FLUX=274ppm;TESS-SPOC/PDCSAP_FLUX=343ppm,2,1,1,81,SPOC,120,False,False,37449.35,,,,1,,-0.7416747,3.5620639,-0.20821488,-0.20821488,linear,0.2583253,0.072530827,0.28077323,3.5620639,17.81032,5.7638227e+10,OK,-0.20821488,OK,SAP_FLUX,SPOC,58.639887,1485.8396,analytic,1485.8396,,TOO_FEW_MEMBERS,2,1,SPOC/SAP_FLUX=59ppm;TESS-SPOC/SAP_FLUX=OK,2,1,1,81,SPOC,120,False,False,14763.068,,,,1,,-0.94474061,1.401207,-0.67423346,-0.67423346,linear,0.055259388,0.039465825,0.71419222,1.401207,7.0060348,1169702.7,OK,-0.67423346,BACKGROUND_TEST_AGREES,1,SPOC,-215.48849,4061.052,-0.053062233,-0.78608604,PDC_DEEPER_THAN_SAP,0.029801345,1.6511137,0.17416127,0.48044977,0.050678365,-5181.1617,0.96578525,1126,OK,False,0.48044977,0.9853457,-6.0979735,0.90679993,tracks_b,not_measurable,not_measurable,,False,,0,0,1,1,0.1,3779.474,66.214413,2,0.00062821643,0,False,,0.085326803,285.13567,331.91666,274.12838,342.92396,308.52617,68.795582,84,1485.8396,223.39911,2,0.045762815,1,True,OK:1,,,,,,,,84,0,3
K00921.02,Kepler-253 d,8689373,63065911,name_planet,CONFIRMED,CANDIDATE,18.11993,182.61535,4.2309,1506.9,25.8,-25.8,0.034825,0.206,33.19,5196,4.593,15.532,0,0,0,0,3,291.84198,44.858089,13,OK,lightkurve,,2,"SPOC,TESS-SPOC",81,0.95626639,,1440.9978,24.671673,3524.0741,3524.0741,304,16.372711,0,,112.58163,9,0.42132075,-1.3542392,-6045.4196,2081.9675,False,OK,PDCSAP_FLUX,SPOC,-6045.4196,4464.0706,analytic,4464.0706,,TOO_FEW_MEMBERS,2,0,SPOC/PDCSAP_FLUX=OK;TESS-SPOC/PDCSAP_FLUX=OK,1,1,1,81,SPOC,120,False,False,34648.702,,,,1,,-5.195301,3.0983532,-1.6767943,-1.6767943,linear,-4.195301,-1.3542392,0.32279907,3.0983532,15.491766,7.7028538e+09,OK,-1.6767943,OK,SAP_FLUX,SPOC,-2436.3122,1801.5301,analytic,1801.5301,,TOO_FEW_MEMBERS,2,0,SPOC/SAP_FLUX=OK;TESS-SPOC/SAP_FLUX=OK,1,1,1,81,SPOC,120,False,False,13982.906,,,,1,,-2.6907119,1.2513128,-2.1503111,-2.1503111,linear,-1.6907119,-1.3523572,0.79987441,1.2513128,6.2565642,749930.38,OK,-2.1503111,BACKGROUND_TEST_UNAVAILABLE,0,,,,,,,0.035093989,6.103919,1.4610298,1.4426999,0.34532365,-4499.9539,0.91850735,635,OK,False,1.4426999,,,,inconclusive,not_measurable,not_measurable,,False,,0,0,1,1,0.1,4464.0706,,1,0,2,True,OK:2,,,,,,,,84,1801.5301,,1,0,2,True,OK:2,,,,,,,,84,0,3
K00921.03,Kepler-253 b,8689373,63065911,name_planet,CONFIRMED,CANDIDATE,3.7840287,133.28133,1.9012,426.1,18.4,-18.4,0.020134,0.691,11.45,5196,4.593,15.532,0,0,0,0,3,291.84198,44.858089,13,OK,lightkurve,,2,"SPOC,TESS-SPOC",81,0.99089405,,422.21996,18.232451,3521.2355,3521.2421,1468,22.998252,9.4907904,0.41267442,97.512756,14,3.4446877,3.3477113,8502.3739,8685.8435,True,OK,PDCSAP_FLUX,SPOC,8685.8435,2521.5185,analytic,2579.3439,543.10188,OK,2,2,SPOC/PDCSAP_FLUX=8686ppm;TESS-SPOC/PDCSAP_FLUX=7088ppm,7,1,1,81,SPOC,120,False,False,34954.316,-1877.8022,0.37233772,,1,,3.0239234,0.30421977,9.9399304,3.2035822,ln,20.571845,3.4446877,0.1674467,6.1093624,30.546812,7.7956205e+15,OK,9.9399304,OK,SAP_FLUX,SPOC,2782.8281,1062.8167,analytic,1064.7064,63.405393,OK,2,2,SPOC/SAP_FLUX=2783ppm;TESS-SPOC/SAP_FLUX=2969ppm,7,1,1,81,SPOC,120,False,False,14875.823,122.12856,0.057381921,,1,,1.8856966,0.38826082,4.8567781,2.2163843,ln,6.5909442,2.6183519,0.39726507,2.5225518,12.612759,1.2682034e+08,OK,4.8567781,BACKGROUND_TEST_AGREES,2,"SPOC,TESS-SPOC",-5016.2637,1940.4952,-2.5850431,-0.63600345,PDC_DEEPER_THAN_SAP,0.037128283,1.6825545,0.026091581,0.88499605,0.013723743,6375.9355,1.1027175,1685,OK,False,0.88499605,1.1257755,-3.7991175,0.77431968,tracks_b,not_measurable,not_measurable,,False,,0,0,1,1,0.1,2521.5185,2207.4651,7,0.86348411,0,False,,0.062527247,7344.0624,8430.2661,7088.485,8685.8435,7887.1642,1597.3585,84,1062.8167,710.54363,7,0.4804341,0,False,,0.022784516,2812.666,2939.4768,2782.8281,2969.3146,2876.0714,186.48645,84,0.0065908267,3
K00172.01,Kepler-69 b,8692861,275573429,tic_kic_crossid_over_name_planet,CONFIRMED,CANDIDATE,13.722368,137.84083,5.1231,571.1,6.5,-6.5,0.021681,0.009,20.914,5637,4.399,13.749,0,0,0,0,2,293.26093,44.868889,13,OK,lightkurve,,18,"QLP,SPOC,TESS-SPOC","14,15,40,41,54,55,74,75,81,82",0.9595754,,548.01351,6.2372401,3363.7315,3363.7315,393,10.436433,0,,108.1558,8,2.9499065,2.0743869,536.76015,799.69265,False,OK,PDCSAP_FLUX,QLP,536.76015,348.17159,bootstrap,412.14501,220.5449,OK,4,4,SPOC/PDCSAP_FLUX=766ppm;TESS-SPOC/PDCSAP_FLUX=690ppm;QLP/KSPSAP_FLUX=239ppm;QLP/DET_FLUX=341ppm,20,10,10,"74,75,81,82,14,15,40,41,54,55","QLP,SPOC","120,1800,600",False,False,7525.6608,225.2307,0.3196549,2.0424891,8,,-0.020534822,0.75381706,-0.027241121,-0.027241121,linear,0.97946518,1.5416541,1.5739754,0.75381706,3.7690853,23203.113,OK,-0.027241121,OK,SAP_FLUX,QLP,407.06586,243.38728,bootstrap,250.37586,58.74271,OK,3,3,SPOC/SAP_FLUX=465ppm;TESS-SPOC/SAP_FLUX=468ppm;QLP/SAP_FLUX=295ppm,20,10,10,"74,75,81,82,14,15,40,41,54,55","QLP,SPOC","120,1800,600",False,False,6352.0825,228.57947,0.45917897,2.0317833,8,,-0.2571974,0.45974771,-0.55943161,-0.55943161,linear,0.7428026,1.6725026,2.2516112,0.45974771,2.2987385,4911.0825,OK,-0.55943161,BACKGROUND_TEST_AGREES,2,"SPOC,TESS-SPOC",-255.13206,295.59936,-0.86310084,-0.35052901,PDC_DEEPER_THAN_SAP,0.021222593,3.8918028,1.0525914,0.75965779,0.20545986,631.0898,1.0064336,7579,OK,False,0.75965779,0.99978079,-0.99830325,0.66445785,fixed_b,not_measurable,not_measurable,,False,,0,0,1,1,0.2,258.75604,348.17159,20,2.2717704,0,False,,0.41088166,288.27045,729.36025,239.25291,765.6397,515.71515,297.50724,84,202.65027,243.38728,20,2.2286011,0,False,,0.14430763,349.27055,466.75597,294.95518,467.72785,464.69073,112.11068,84,0,3
K00172.02,Kepler-69 c,8692861,275573429,tic_kic_crossid_over_name_planet,CONFIRMED,CANDIDATE,242.46741,150.85827,12.808,340.3,15.2,-15.2,0.016782,0.173,144.9,5637,4.399,13.749,0,0,0,0,2,293.26093,44.868889,13,OK,lightkurve,,18,"QLP,SPOC,TESS-SPOC","14,15,40,41,54,55,74,75,81,82",0.96104143,,327.0424,14.60783,3318.1413,3318.1413,22,83.058126,0,,441.29438,12,1.3638966,1.075721,811.10764,1033.2952,False,OK,PDCSAP_FLUX,QLP,811.10764,754.01304,analytic,784.82247,217.73984,OK,4,3,SPOC/PDCSAP_FLUX=811ppm;TESS-SPOC/PDCSAP_FLUX=1075ppm;QLP/KSPSAP_FLUX=NO_USABLE_TRANSIT;QLP/DET_FLUX=434ppm,1,10,1,"74,75,81,82,14,15,40,41,54,55","QLP,SPOC","120,1800,600",False,False,10188.859,,,,8,,1.48013,2.400694,0.61654254,0.61654254,linear,2.48013,1.075721,0.43373573,2.400694,12.00347,53412403,OK,0.61654254,OK,SAP_FLUX,QLP,886.0619,604.64534,analytic,606.38503,45.900078,OK,3,2,SPOC/SAP_FLUX=886ppm;TESS-SPOC/SAP_FLUX=1021ppm;QLP/SAP_FLUX=OK,1,10,1,"74,75,81,82,14,15,40,41,54,55","QLP,SPOC","120,1800,600",False,False,8170.4772,,,,8,,1.7093182,1.8553599,0.92128659,0.92128659,linear,2.7093182,1.4654242,0.54088302,1.8553599,9.2767993,3494830.8,OK,0.92128659,BACKGROUND_TEST_AGREES,2,"SPOC,TESS-SPOC",6.6172589,661.58892,0.01000207,0.0070179684,SAP_DEEPER_THAN_PDC,0.02,17.38313,13.4484,1.3572088,1.05,426.19559,1.043606,1763,OK,True,1.3572088,1.0097694,0.38129495,,fixed_b,not_measurable,not_measurable,,False,,0,0,1,1,0.2,754.01304,,1,2.0675824e-32,1,True,NO_USABLE_TRANSIT:1,0.26844753,554.86876,990.34845,434.28575,1074.6971,811.10764,376.82189,84,604.64534,,1,0,1,True,OK:1,0.051802338,907.66194,999.4621,886.0619,1021.0621,953.56202,135.00023,84,0,3
K01257.01,Kepler-420 b,8751933,159647910,tic_kic_crossid_confirms_position_tic,CONFIRMED,CANDIDATE,86.647644,173.79464,4.2326,7311.6,35.2,-35.2,0.07685,0,168.41,5522,4.323,14.651,0,0,0,0,1,291.22519,44.92738,13,OK,lightkurve,NO_USABLE_TRANSIT,8,"SPOC,TESS-SPOC","74,75,81,82",0.95715691,,6998.3484,33.691923,3378.9486,3378.9486,62,3.9746608,0,,75.412982,8,-2.100676,,,-11915.238,False,NO_USABLE_TRANSIT,PDCSAP_FLUX,SPOC,,,none,,,TOO_FEW_MEMBERS,2,0,SPOC/PDCSAP_FLUX=NO_USABLE_TRANSIT;TESS-SPOC/PDCSAP_FLUX=NO_USABLE_TRANSIT,0,4,0,"74,75,81,82",SPOC,120,False,False,,,,,4,,,,,,,,,,,,,NO_USABLE_TRANSIT,,NO_USABLE_TRANSIT,SAP_FLUX,SPOC,,,none,,,TOO_FEW_MEMBERS,2,0,SPOC/SAP_FLUX=NO_USABLE_TRANSIT;TESS-SPOC/SAP_FLUX=NO_USABLE_TRANSIT,0,4,0,"74,75,81,82",SPOC,120,False,False,,,,,4,,,,,,,,,,,,,NO_USABLE_TRANSIT,,BACKGROUND_TEST_UNAVAILABLE,0,,,,,,,0.071365557,7.5619865,0.23100185,1.7866055,0.054576821,-7585.1125,1.1938767,480,OK,False,1.7866055,,,,inconclusive,not_measured,not_measured,,False,,0,0,1,1,0.1,,,1,,2,True,NO_USABLE_TRANSIT:2,,,,,,,,84,,,1,,2,True,NO_USABLE_TRANSIT:2,,,,,,,,84,0,3
K04904.01,,8803757,164779604,tic_kic_crossid,CANDIDATE,CANDIDATE,3.5944891,132.36207,2.557,89.9,10.5,-10.5,0.00854,0.041,10.84,5523,4.364,15.033,0,0,0,0,1,284.72797,45.064968,13,OK,lightkurve,,4,"SPOC,TESS-SPOC","80,82",0.95726531,,86.058152,10.051286,3504.4698,3504.4254,1541,75.245272,-63.930114,0.849623,264.09082,20,4.1581304,0.17200869,227.96164,5332.2409,True,OK,PDCSAP_FLUX,SPOC,5332.2409,2542.4183,bootstrap,2916.2834,1428.5721,OK,2,2,SPOC/PDCSAP_FLUX=5332ppm;TESS-SPOC/PDCSAP_FLUX=1131ppm,11,2,2,"80,82",SPOC,120,False,False,24406.869,1832.9787,0.71435752,19.010149,2,sector_scatter,4.1265036,0.56147806,7.3493586,1.7989149,ln,61.960904,2.0973106,0.033848935,33.887597,169.43798,3.3172123e+75,OK,7.3493586,OK,SAP_FLUX,SPOC,1192.7896,641.86485,bootstrap,729.5505,346.77577,OK,2,2,SPOC/SAP_FLUX=1193ppm;TESS-SPOC/SAP_FLUX=173ppm,13,2,2,"80,82",SPOC,120,False,False,6489.3246,900.43335,1.5385708,12.971621,2,sector_scatter,12.860274,8.478365,1.5168342,1.5168342,linear,13.860274,1.8583189,0.13407519,8.478365,42.391825,2.214765e+20,OK,1.5168342,BACKGROUND_TEST_AGREES,2,"SPOC,TESS-SPOC",-1543.366,1125.0113,-1.3718671,-0.47761534,PDC_DEEPER_THAN_SAP,0.02,2.1948629,0.13012323,0.85837422,0.050889021,3007.8577,1.014691,3809,OK,False,0.85837422,1.0584637,-1.6031835,0.51860082,fixed_b,not_measurable,not_measurable,,False,,0,0,1,1,0.2,1282.365,2542.4183,12,4.8086922,0,False,,0.26791215,1802.8274,4659.9717,1130.5582,5332.2409,3231.3995,4201.6827,84,292.17117,641.86485,14,4.7215704,0,False,,0.29072669,336.04944,1029.601,172.86084,1192.7896,682.82521,1019.9287,84,-0.044395912,3
K01853.01,Kepler-983 b,8804397,164882868,tic_kic_crossid_over_name_planet,CONFIRMED,CANDIDATE,60.085385,153.25707,7.007,432.2,9.6,-9.6,0.020987,0.79,42.4,6028,4.459,13.43,0,0,0,0,1,285.10406,45.008171,13,OK,lightkurve,,10,"SPOC,TESS-SPOC","74,75,80,81,82",1.0061159,,434.84329,9.6587126,3514.1125,3514.1125,92,29.91413,0,,194.84739,10,-0.26230016,-0.26230016,-340.22559,-340.22559,False,OK,PDCSAP_FLUX,SPOC,-340.22559,1297.0849,analytic,1297.0849,,TOO_FEW_MEMBERS,2,1,SPOC/PDCSAP_FLUX=OK;TESS-SPOC/PDCSAP_FLUX=927ppm,2,5,2,"74,75,80,81,82",SPOC,120,False,False,37060.497,-2127.6127,0.34129025,0.11647903,5,,-1.7824097,2.9833807,-0.59744626,-0.59744626,linear,-0.78240965,-0.26230016,0.33524658,2.9833807,14.916904,1.3081621e+09,OK,-0.59744626,OK,SAP_FLUX,SPOC,-92.908797,212.12288,analytic,212.12288,,TOO_FEW_MEMBERS,2,0,SPOC/SAP_FLUX=OK;TESS-SPOC/SAP_FLUX=OK,2,5,2,"74,75,80,81,82",SPOC,120,False,False,3045.6911,308.35324,0.71122694,0.50584376,5,,-1.2136604,0.49087309,-2.4724525,-2.4724525,linear,-0.21366041,-0.43799518,2.0499594,0.49087309,2.4543654,4626.3175,OK,-2.4724525,BACKGROUND_TEST_UNAVAILABLE,0,,,,,,,0.052976949,17.5175,1.2404648,2.5,0.17703223,1060.664,0.88521892,1947,OK,True,2.5,,,,inconclusive,not_measurable,not_measurable,,False,,0,0,1,1,0.1,1297.0849,880.86983,2,0.11647903,1,True,OK:1,,,,,,,,84,212.12288,107.86291,2,0.50584376,2,True,OK:2,,,,,,,,84,0,3
K02039.01,Kepler-1067 c,8804845,351910733,tic_kic_crossid_over_name_planet,CONFIRMED,CANDIDATE,5.425869,135.86589,2.5342,259,10.8,-10.8,0.01453,0.1,16.52,5594,4.489,14.305,0,0,0,0,2,285.38742,45.049049,13,OK,lightkurve,,10,"SPOC,TESS-SPOC","74,75,80,81,82",0.95917041,,248.42514,10.35904,3492.4005,3492.4005,1018,26.201587,0,,116.61776,11,1.2158515,0.048800598,20.980961,531.48292,False,OK,PDCSAP_FLUX,SPOC,20.980961,393.05936,bootstrap,393.05936,,TOO_FEW_MEMBERS,2,1,SPOC/PDCSAP_FLUX=21ppm;TESS-SPOC/PDCSAP_FLUX=OK,20,5,5,"74,75,80,81,82",SPOC,120,False,False,11436.221,-1106.2021,1.4065245,0.29207822,5,,-0.91554413,1.5835434,-0.57816168,-0.57816168,linear,0.08445587,0.053378607,0.63202957,1.5835434,7.9177171,681801.84,OK,-0.57816168,OK,SAP_FLUX,SPOC,92.628455,173.90283,bootstrap,174.02402,6.4932924,OK,2,2,SPOC/SAP_FLUX=93ppm;TESS-SPOC/SAP_FLUX=74ppm,23,5,5,"74,75,80,81,82",SPOC,120,False,False,7109.3338,-355.1792,1.0395326,0.1129591,5,,-0.62713735,0.70352789,-0.89141789,-0.89141789,linear,0.37286265,0.53264489,1.4285284,0.70352789,3.5176395,8124.6878,OK,-0.89141789,BACKGROUND_TEST_AGREES,1,SPOC,71.647494,429.81142,0.16669519,3.4148814,SAP_DEEPER_THAN_PDC,0.02,5.1159728,2.66091,2.0187723,1.05,259.65557,1.0213868,7589,OK,True,2.0187723,0.98972742,1.3614876,,fixed_b,not_measurable,not_measurable,,False,,0,0,1,1,0.2,429.93246,393.05936,22,0.80685298,1,True,OK:1,,,,,,,,84,234.48209,173.90283,25,0.58175086,0,False,,0.070100407,76.586204,89.572788,73.530537,92.628455,83.079496,19.097919,84,0,3
K02039.02,Kepler-1067 b,8804845,351910733,tic_kic_crossid_over_name_planet,CONFIRMED,CANDIDATE,0.76213231,131.61542,1.22,63.7,8,-8,0.007382,0.399,4.47,5594,4.489,14.305,0,0,0,0,2,285.38742,45.049049,13,OK,lightkurve,,10,"SPOC,TESS-SPOC","74,75,80,81,82",0.96727538,,61.615442,7.7382031,3491.5989,3491.5989,7252,40.038323,0,,138.41497,22,1.2924338,0.26301497,58.913812,284.40091,False,OK,PDCSAP_FLUX,SPOC,58.913812,238.63701,bootstrap,239.2722,17.423116,OK,2,2,SPOC/PDCSAP_FLUX=59ppm;TESS-SPOC/PDCSAP_FLUX=110ppm,147,5,5,"74,75,80,81,82",SPOC,120,False,False,11538.991,-1046.0407,2.1693963,2.0168598,5,,-0.04384663,3.8856675,-0.011284195,-0.011284195,linear,0.95615337,0.24687626,0.25819735,3.8856675,19.428337,1.6877543e+10,OK,-0.011284195,OK,SAP_FLUX,SPOC,-24.863338,136.16403,bootstrap,136.16403,,TOO_FEW_MEMBERS,2,1,SPOC/SAP_FLUX=OK;TESS-SPOC/SAP_FLUX=58ppm,170,5,5,"74,75,80,81,82",SPOC,120,False,False,6770.6264,-657.85811,2.575685,1.6102223,5,,-1.4035245,2.2140314,-0.63392256,-0.63392256,linear,-0.40352446,-0.18259843,0.45250895,2.2140314,11.070157,3957227,OK,-0.63392256,BACKGROUND_TEST_AGREES,1,TESS-SPOC,-52.098578,282.07765,-0.18469588,-0.47294295,PDC_DEEPER_THAN_SAP,0.02,2.958252,0.13352361,2.4247968,0.10944558,260.27188,1.0448975,26818,OK,True,2.4247968,0.99980445,6.1608944,,duration_inconsistent,not_measurable,not_measurable,,False,,0,0,1,1,1,223.99414,238.63701,152,1.0858473,0,False,,0.29573907,67.112926,101.95916,58.913812,110.15827,84.536042,51.244459,84,117.92981,136.16403,174,1.0277984,1,True,OK:1,,,,,,,,84,0,3
K03481.01,,8812045,158933840,tic_kic_crossid,CANDIDATE,CANDIDATE,32.715906,135.9204,10.79,135.7,12.2,-12.2,0.010568,0.25,22.69,5527,3.627,14.462,0,0,0,0,1,289.09845,45.02309,13,OK,lightkurve,,10,"SPOC,TESS-SPOC","74,75,80,81,82",0.96060013,,130.35344,11.719322,3497.9085,3497.9085,169,294.26128,0,,864,18,1.4269007,1.2936026,777.36097,862.86026,False,OK,PDCSAP_FLUX,SPOC,777.36097,600.92717,analytic,604.44213,65.090953,OK,2,2,SPOC/PDCSAP_FLUX=777ppm;TESS-SPOC/PDCSAP_FLUX=586ppm,4,5,4,"74,75,80,81,82",SPOC,120,False,False,14993.832,1586.4986,1.319984,1.4555476,5,,4.9634866,4.6380891,1.0701576,1.0701576,linear,5.9634866,1.2936026,0.21692053,4.6380891,23.190446,1.5367566e+12,OK,1.0701576,OK,SAP_FLUX,SPOC,343.58478,313.22071,analytic,314.40391,27.250743,OK,2,2,SPOC/SAP_FLUX=344ppm;TESS-SPOC/SAP_FLUX=263ppm,4,5,4,"74,75,80,81,82",SPOC,120,False,False,7661.0155,1249.9696,1.9953437,2.0934928,5,,1.6357938,2.414127,0.67759227,0.67759227,linear,2.6357938,1.0969414,0.4161712,2.414127,12.070635,22768275,OK,0.67759227,BACKGROUND_TEST_AGREES,2,"SPOC,TESS-SPOC",-377.00465,474.31193,-0.79484539,-0.55308552,PDC_DEEPER_THAN_SAP,0.02,26.975,9.8604731,2.5,0.91385293,-417.24625,0.95740962,4672,OK,True,2.5,1.0160655,2.3197867,,fixed_b,not_measurable,not_measurable,,False,,0,0,1,1,0.2,600.92717,632.52673,4,1.4555476,0,False,,0.08373324,616.54803,746.72994,585.91699,777.36097,681.63898,191.44398,84,313.22071,407.14257,4,2.0934928,0,False,,0.079313009,276.25941,330.7609,263.43554,343.58478,303.51016,80.149243,84,0,3
K07915.01,,8880317,159177229,tic_kic_crossid,CANDIDATE,CANDIDATE,382.5891,372.8314,11.7,298.2,36.7,-36.7,0.015918,0.042,253.7,6337,4.261,13.678,0,0,0,0,1,289.92197,45.10392,13,OK,lightkurve,,20,"QLP,SPOC,TESS-SPOC","14,15,40,41,55,74,75,80,81,82",0.96630137,,288.15107,35.46326,3562.0788,3562.0788,14,2213.2331,0,,864,16,0.16791521,-0.55604065,-1790.8754,570.85276,False,OK,PDCSAP_FLUX,QLP,-1790.8754,3220.7635,analytic,3220.7635,,TOO_FEW_MEMBERS,4,0,SPOC/PDCSAP_FLUX=NO_USABLE_TRANSIT;TESS-SPOC/PDCSAP_FLUX=NO_USABLE_TRANSIT;QLP/KSPSAP_FLUX=OK;QLP/DET_FLUX=NO_USABLE_TRANSIT,1,10,1,"74,75,80,81,82,14,15,40,41,55","QLP,SPOC","120,1800,600",False,False,18644.209,,,,10,,-7.2150574,11.178133,-0.64546176,-0.64546176,linear,-6.2150574,-0.55604065,0.089466696,11.178133,55.890665,5.4029076e+26,OK,-0.64546176,OK,SAP_FLUX,QLP,16114.15,3325.9401,analytic,3325.9401,,TOO_FEW_MEMBERS,3,1,SPOC/SAP_FLUX=NO_USABLE_TRANSIT;TESS-SPOC/SAP_FLUX=NO_USABLE_TRANSIT;QLP/SAP_FLUX=16114ppm,1,10,1,"74,75,80,81,82,14,15,40,41,55","QLP,SPOC","120,1800,600",False,False,19253.05,,,,10,,4.0239682,0.24545283,16.394059,4.7580386,ln,55.922576,4.8449911,0.086637481,11.543113,57.715564,3.3509765e+27,OK,16.394059,BACKGROUND_TEST_UNAVAILABLE,0,,,,,,,0.02,20.274487,9.1216576,1.7328621,0.77962886,-2913.721,1.539445,350,OK,True,1.7328621,,,,inconclusive,not_measurable,not_measurable,,False,,0,0,1,1,0.2,3220.7635,,2,4.5327615e-33,4,True,NO_USABLE_TRANSIT:3;OK:1,,,,,,,,84,3325.9401,,2,0,2,True,NO_USABLE_TRANSIT:2,,,,,,,,84,0,3
K02224.01,Kepler-1149 b,8892157,270857274,tic_kic_crossid_over_name_planet,CONFIRMED,CANDIDATE,3.7309003,132.89428,2.9095,191.2,9.2,-9.2,0.014249,0.822,5.89,5709,4.489,14.966,0,0,0,0,2,294.18927,45.151581,13,OK,lightkurve,,4,"SPOC,TESS-SPOC","81,82",1.0140175,,193.88015,9.3289613,3532.3975,3532.3975,1492,32.60132,0,,141.44646,14,0.95020788,-0.73383077,-694.34641,899.30319,False,OK,PDCSAP_FLUX,SPOC,-694.34641,915.2031,bootstrap,915.2031,,TOO_FEW_MEMBERS,2,0,SPOC/PDCSAP_FLUX=OK;TESS-SPOC/PDCSAP_FLUX=OK,14,2,2,"81,82",SPOC,120,False,False,22896.279,-1744.2081,0.92158027,1.8258956,2,,-4.5813177,4.7209679,-0.97041915,-0.97041915,linear,-3.5813177,-0.75868014,0.21184386,4.7209679,23.60484,3.4592737e+12,OK,-0.97041915,OK,SAP_FLUX,SPOC,-365.65588,357.14783,bootstrap,357.14783,,TOO_FEW_MEMBERS,2,0,SPOC/SAP_FLUX=OK;TESS-SPOC/SAP_FLUX=OK,14,2,2,"81,82",SPOC,120,False,False,9768.6722,-528.36212,0.65592002,1.8312057,2,,-2.8859893,1.8434128,-1.5655687,-1.5655687,linear,-1.8859893,-1.0238222,0.54285686,1.8434128,9.2170638,1951686.9,OK,-1.5655687,BACKGROUND_TEST_UNAVAILABLE,0,,,,,,,0.042139204,1.5320056,0.19345364,0.52655288,0.066490337,-1399.132,1.0020977,5238,OK,False,0.52655288,,,0.96479234,inconclusive,not_measurable,not_measurable,,False,,0,0,1,1,0.2,946.19419,915.2031,14,1.0084997,2,True,OK:2,,,,,,,,84,402.57644,357.14783,14,0.86625439,2,True,OK:2,,,,,,,,84,0,3
K02224.02,,8892157,270857274,tic_kic_crossid_over_name_planet,CANDIDATE,CANDIDATE,86.130534,200.9117,3.321,285.2,74,-74,0.015395,0.072,200.5,5830,4.54,14.966,0,0,0,0,2,294.18927,45.151581,13,OK,lightkurve,,4,"SPOC,TESS-SPOC","81,82",0.96324227,,274.7167,71.279928,3546.2659,3546.2659,64,744.98279,0,,864,42,2.3124744,0.64083285,2331.29,8530.2322,False,OK,PDCSAP_FLUX,SPOC,2331.29,3637.9065,analytic,3663.3099,430.66919,OK,2,2,SPOC/PDCSAP_FLUX=2331ppm;TESS-SPOC/PDCSAP_FLUX=1065ppm,1,2,1,"81,82",SPOC,120,False,False,25009.191,,,,2,,7.4861606,13.337482,0.56128739,0.56128739,linear,8.4861606,0.64083285,0.075515052,13.337482,66.687411,2.5168645e+31,OK,0.56128739,OK,SAP_FLUX,SPOC,636.57006,1537.9566,analytic,1541.034,97.340644,OK,2,2,SPOC/SAP_FLUX=637ppm;TESS-SPOC/SAP_FLUX=350ppm,1,2,1,"81,82",SPOC,120,False,False,10572.853,,,,2,,1.3171874,5.6157592,0.23455197,0.23455197,linear,2.3171874,0.41390638,0.17862447,5.6157592,28.078796,4.2988384e+14,OK,0.23455197,BACKGROUND_TEST_AGREES,2,"SPOC,TESS-SPOC",-1144.1005,2615.0095,-0.43751294,-0.67381166,PDC_DEEPER_THAN_SAP,0.02,7.8105128,0.89991624,2.3518557,0.27097749,-5479.6294,0.8507056,498,OK,True,2.3518557,1.0291504,3.5116299,,duration_inconsistent,not_measurable,not_measurable,,False,,0,0,1,1,0.1,3637.9065,,1,0,0,False,,0.18473428,1267.2838,2128.6221,1064.6159,2331.29,1697.953,1266.6741,84,1537.9566,,1,0,0,False,,0.15291427,396.08141,590.7627,350.27405,636.57006,493.42206,286.29601,84,0,3
K02564.01,Kepler-1280 b,9026749,270616541,tic_kic_crossid_over_name_planet,CONFIRMED,CANDIDATE,66.557673,181.3241,10.532,214.2,10.5,-10.5,0.013335,0.254,47.37,5734,3.591,14.074,0,0,0,0,2,293.57394,45.384541,13,QUERY_RETURNED_ZERO_ROWS,lightkurve,QUERY_RETURNED_ZERO_ROWS,0,,,0.96462078,,206.62177,10.128518,,,0,,0,,36,0,,,,,False,FLUX_COLUMN_NOT_PRESENT,,,,,,,,ENSEMBLE_NOT_ATTEMPTED,0,0,,0,0,0,,,,False,False,,,,,0,,,,,,,,,,,,,NO_USABLE_TRANSIT,,FLUX_COLUMN_NOT_PRESENT,,,,,,,,ENSEMBLE_NOT_ATTEMPTED,0,0,,0,0,0,,,,False,False,,,,,0,,,,,,,,,,,,,NO_USABLE_TRANSIT,,BACKGROUND_TEST_UNAVAILABLE,0,,,,,,,,,,,,,,0,too_few_points,False,,,,,inconclusive,not_measured,not_measured,,False,,0,0,1,1,0,,,0,,0,False,,,,,,,,,84,,,0,,0,False,,,,,,,,,84,0,3
K02564.02,,9026749,270616541,tic_kic_crossid_over_name_planet,CANDIDATE,CANDIDATE,17.663798,144.239,6.194,67.9,8.4,-8.4,0.008026,0.695,15.93,5734,3.591,14.074,0,0,0,0,2,293.57394,45.384541,13,QUERY_RETURNED_ZERO_ROWS,lightkurve,QUERY_RETURNED_ZERO_ROWS,0,,,0.99178957,,67.342512,8.3310324,,,0,,0,,36,0,,,,,False,FLUX_COLUMN_NOT_PRESENT,,,,,,,,ENSEMBLE_NOT_ATTEMPTED,0,0,,0,0,0,,,,False,False,,,,,0,,,,,,,,,,,,,NO_USABLE_TRANSIT,,FLUX_COLUMN_NOT_PRESENT,,,,,,,,ENSEMBLE_NOT_ATTEMPTED,0,0,,0,0,0,,,,False,False,,,,,0,,,,,,,,,,,,,NO_USABLE_TRANSIT,,BACKGROUND_TEST_UNAVAILABLE,0,,,,,,,,,,,,,,0,too_few_points,False,,,,,inconclusive,not_measured,not_measured,,False,,0,0,1,1,0,,,0,,0,False,,,,,,,,,84,,,0,,0,False,,,,,,,,,84,0,3
K05608.01,,9073549,164678125,tic_kic_crossid,CANDIDATE,CANDIDATE,87.565484,134.2932,2.527,396,119,-119,0.018172,0.0563,269,6064,4.429,15.212,0,0,0,0,1,284.32489,45.482319,13,OK,lightkurve,,4,"SPOC,TESS-SPOC","80,82",0.96401289,,381.74911,114.71753,3483.9187,3483.9187,63,225.79857,0,,715.30071,44,2.2132997,1.5798658,7371.5208,11112.425,False,OK,PDCSAP_FLUX,SPOC,7371.5208,4665.9158,analytic,4682.9912,399.54424,OK,2,2,SPOC/PDCSAP_FLUX=7372ppm;TESS-SPOC/PDCSAP_FLUX=8547ppm,1,2,1,"80,82",SPOC,120,False,False,27882.837,,,,2,,18.309858,12.270978,1.492127,1.492127,linear,19.309858,1.5798658,0.081816543,12.270978,61.354891,1.6899294e+29,OK,1.492127,OK,SAP_FLUX,SPOC,3261.7099,2284.5832,analytic,2284.9207,39.272035,OK,2,2,SPOC/SAP_FLUX=3262ppm;TESS-SPOC/SAP_FLUX=3377ppm,1,2,1,"80,82",SPOC,120,False,False,13652.338,,,,2,,7.5441192,5.9931465,1.2587911,1.2587911,linear,8.5441192,1.4277046,0.16709792,5.9931465,29.965732,3.9421236e+15,OK,1.2587911,BACKGROUND_TEST_AGREES,2,"SPOC,TESS-SPOC",-4588.378,3847.1194,-1.1926789,-0.5764956,PDC_DEEPER_THAN_SAP,0.02,5.764362,1.9455382,2.2811088,0.76990035,4337.2302,0.85294502,379,OK,False,2.2811088,1.0607611,1.7610401,,fixed_b,not_measurable,not_measurable,,False,,0,0,1,1,0.1,4665.9158,,1,0,0,False,,0.05420106,7559.5417,8358.6301,7371.5208,8546.651,7959.0859,1175.1301,84,2284.5832,,1,0,0,False,,0.012040321,3280.1908,3358.7349,3261.7099,3377.2159,3319.4629,115.50598,84,0,3
K05612.01,,9087853,159761807,tic_kic_crossid,CANDIDATE,CANDIDATE,353.65927,482.263,4.543,1018,173,-173,0.028863,0.247,594,5438,4.574,15.871,0,0,0,0,1,291.46518,45.47007,13,QUERY_RETURNED_ZERO_ROWS,lightkurve,QUERY_RETURNED_ZERO_ROWS,0,,,0.95947633,,976.7469,165.9894,,,0,,0,,36,0,,,,,False,FLUX_COLUMN_NOT_PRESENT,,,,,,,,ENSEMBLE_NOT_ATTEMPTED,0,0,,0,0,0,,,,False,False,,,,,0,,,,,,,,,,,,,NO_USABLE_TRANSIT,,FLUX_COLUMN_NOT_PRESENT,,,,,,,,ENSEMBLE_NOT_ATTEMPTED,0,0,,0,0,0,,,,False,False,,,,,0,,,,,,,,,,,,,NO_USABLE_TRANSIT,,BACKGROUND_TEST_UNAVAILABLE,0,,,,,,,,,,,,,,0,too_few_points,False,,,,,inconclusive,not_measured,not_measured,,False,,0,0,1,1,0,,,0,,0,False,,,,,,,,,84,,,0,,0,False,,,,,,,,,84,0,3
K07133.01,,9099773,271772308,tic_kic_crossid,CANDIDATE,CANDIDATE,82.78482,141.3871,7.52,190.4,27.4,-27.4,0.013391,0.682,63,5749,4.123,14.909,0,0,0,0,1,295.55292,45.473431,13,OK,lightkurve,,4,"SPOC,TESS-SPOC","81,82",0.99025373,,188.54431,27.132952,3520.97,3520.97,67,361.41892,0,,864,20,2.2112679,1.0029015,2091.1293,4420.2794,False,OK,PDCSAP_FLUX,SPOC,2091.1293,2085.0793,analytic,2221.9764,767.86938,OK,2,2,SPOC/PDCSAP_FLUX=2091ppm;TESS-SPOC/PDCSAP_FLUX=4350ppm,1,2,1,"81,82",SPOC,120,False,False,21598.889,,,,2,,10.090917,11.785888,0.85618642,0.85618642,linear,11.090917,1.0029015,0.090425485,11.785888,58.929439,7.3814791e+27,OK,0.85618642,OK,SAP_FLUX,SPOC,1327.9215,1376.735,analytic,1424.8448,367.12883,OK,2,2,SPOC/SAP_FLUX=1328ppm;TESS-SPOC/SAP_FLUX=2408ppm,1,2,1,"81,82",SPOC,120,False,False,14261.302,,,,2,,6.0430206,7.5586175,0.79948755,0.79948755,linear,7.0430206,0.964544,0.13695033,7.5586175,37.793087,4.8836301e+18,OK,0.79948755,BACKGROUND_TEST_AGREES,2,"SPOC,TESS-SPOC",-1395.8247,1700.638,-0.82076535,-0.43343897,PDC_DEEPER_THAN_SAP,0.024431184,4.474232,0.75234309,0.59497766,0.10004562,3713.2757,0.90745514,1128,OK,False,0.59497766,1.0556083,-2.5101681,0.9099845,fixed_b,not_measurable,not_measurable,,False,,0,0,1,1,0.1,2085.0793,,1,0,0,False,,0.36720321,2452.4796,3988.2183,2091.1293,4349.5686,3220.349,2258.4393,84,1376.735,,1,0,0,False,,0.27646879,1500.688,2234.9456,1327.9215,2407.7121,1867.8168,1079.7907,84,0,3
K02874.01,,9149789,159176642,tic_kic_crossid,CANDIDATE,CANDIDATE,0.3525159,132.01659,1.0525,168.2,5.9,-5.9,0.01191,0.26,2.58,5465,4.598,14.867,0,0,0,0,1,289.85889,45.503841,13,OK,lightkurve,,6,"SPOC,TESS-SPOC","80,81,82",0.96007896,,161.48528,5.6644658,3519.9621,3519.9621,15758,9.7999746,0,,45.187424,12,1.9330464,0.95181422,298.31851,605.75112,False,OK,PDCSAP_FLUX,SPOC,298.31851,382.17234,bootstrap,393.53986,93.903829,OK,2,2,SPOC/PDCSAP_FLUX=298ppm;TESS-SPOC/PDCSAP_FLUX=22ppm,182,3,3,"80,81,82",SPOC,120,False,False,17187.426,399.18296,0.52840996,0.59961838,3,,0.84734181,2.4377667,0.34758938,0.34758938,linear,1.8473418,0.78058635,0.42254571,2.4377667,12.188834,31744894,OK,0.34758938,OK,SAP_FLUX,SPOC,81.701805,257.14179,bootstrap,257.14179,,TOO_FEW_MEMBERS,2,1,SPOC/SAP_FLUX=82ppm;TESS-SPOC/SAP_FLUX=OK,213,3,3,"80,81,82",SPOC,120,False,False,12335.831,280.83625,0.56485644,0.85865171,3,,-0.49406036,1.5935253,-0.31004237,-0.31004237,linear,0.50593964,0.31773056,0.62800091,1.5935253,7.9676265,465884.92,OK,-0.31004237,BACKGROUND_TEST_AGREES,1,SPOC,-216.6167,460.6274,-0.47026448,-0.72612559,PDC_DEEPER_THAN_SAP,0.02,0.79953983,0.96183021,0.75965779,0.91385293,-317.70438,1.0459366,28683,OK,True,0.75965779,1.0047728,-0.23216651,0.68706957,fixed_b,not_measurable,not_measurable,,False,,0,0,1,1,0.9,313.42094,382.17234,194,1.2013643,0,False,,0.31477708,66.320815,254.12847,22.130778,298.31851,160.22464,276.18773,84,212.51024,257.14179,223,1.1678193,1,True,OK:1,,,,,,,,84,0,3
K02522.01,Kepler-1848 b,9177629,268712158,tic_kic_crossid_over_name_planet,CONFIRMED,CANDIDATE,5.6040231,133.82508,1.0273,224.9,14.1,-14.1,0.015587,0.8,26.1,4847,4.581,13.713,0,0,0,0,1,299.38159,45.592239,13,OK,lightkurve,,17,"QLP,SPOC,TESS-SPOC","14,15,41,54,55,74,75,81,82",1.0147492,,228.2171,14.307964,3363.4993,3363.4637,963,16.336948,-51.369109,3.1443517,64.420344,16,6.4485851,-1.4548818,-417.32043,1783.1845,True,OK,PDCSAP_FLUX,QLP,1783.1845,830.60438,bootstrap,830.60438,,TOO_FEW_MEMBERS,4,1,SPOC/PDCSAP_FLUX=OK;TESS-SPOC/PDCSAP_FLUX=OK;QLP/KSPSAP_FLUX=3371ppm;QLP/DET_FLUX=OK,38,9,9,"74,75,81,82,14,15,41,54,55","QLP,SPOC","120,1800,600",True,False,6198.3756,-1558.1041,1.0687801,8.9681184,8,smeared;sector_scatter,2.0558587,0.47265072,4.3496363,1.8716372,ln,7.8135446,2.1468518,0.27476029,3.6404194,18.202097,1.8340812e+10,OK,4.3496363,OK,SAP_FLUX,QLP,1684.6737,798.70476,bootstrap,798.70476,,TOO_FEW_MEMBERS,3,1,SPOC/SAP_FLUX=OK;TESS-SPOC/SAP_FLUX=OK;QLP/SAP_FLUX=1924ppm,38,9,9,"74,75,81,82,14,15,41,54,55","QLP,SPOC","120,1800,600",True,False,5993.0391,-1525.7551,1.0949873,9.1106466,8,smeared;sector_scatter,1.9990298,0.48083466,4.1574162,1.8230446,ln,7.3818906,2.1092571,0.28573399,3.5006772,17.503386,9.1195246e+09,OK,4.1574162,BACKGROUND_TEST_UNAVAILABLE,0,,,,,,,0.041548241,0.80459986,1.0447655,0.78321801,1.0170014,515.28543,1.0195877,3445,OK,True,0.78321801,1.0710948,-0.2405737,0.889556,fixed_b,not_measurable,not_measurable,,False,,0,0,1,1,0.3,276.52337,830.60438,41,3.1207086,3,True,OK:3,,,,,,,,84,268.10374,798.70476,41,3.152628,2,True,OK:2,,,,,,,,84,-0.035672993,3
K05638.01,,9209981,158659779,tic_kic_crossid,CANDIDATE,CANDIDATE,290.02002,138.2587,23.87,172.5,24.2,-24.2,0.012446,0.5367,79.7,6452,4.384,14.737,0,0,0,0,1,288.01117,45.68716,13,OK,lightkurve,,4,"SPOC,TESS-SPOC","80,82",0.9804287,,169.12395,23.726375,3481.6391,3481.6391,19,559.3291,0,,864,10,2.0773479,-0.25654926,-338.80627,2827.4289,False,OK,PDCSAP_FLUX,SPOC,-338.80627,1320.6285,analytic,1320.6285,,TOO_FEW_MEMBERS,2,0,SPOC/PDCSAP_FLUX=OK;TESS-SPOC/PDCSAP_FLUX=OK,1,2,1,"80,82",SPOC,120,False,False,24396.618,,,,2,,-3.0033015,7.8100629,-0.38454255,-0.38454255,linear,-2.0033015,-0.25654926,0.12806323,7.8100629,39.050314,1.5400726e+19,OK,-0.38454255,OK,SAP_FLUX,SPOC,-1458.231,420.68531,analytic,420.68531,,TOO_FEW_MEMBERS,2,0,SPOC/SAP_FLUX=OK;TESS-SPOC/SAP_FLUX=OK,1,2,1,"80,82",SPOC,120,False,False,7771.5259,,,,2,,-9.622262,2.4918924,-3.8614275,-3.8614275,linear,-8.622262,-3.4663227,0.40202011,2.4918924,12.459462,43579186,OK,-3.8614275,BACKGROUND_TEST_UNAVAILABLE,0,,,,,,,0.02,10.464209,0.62037436,0.43838329,0.025989709,1928.2722,1.0206296,3049,OK,True,0.43838329,,,0.93989909,inconclusive,not_measurable,not_measurable,,False,,0,0,1,1,0.1,1320.6285,,1,0,2,True,OK:2,,,,,,,,84,420.68531,,1,0,2,True,OK:2,,,,,,,,84,0,3
K02281.01,Kepler-1173 b,9221517,275490034,tic_kic_crossid_over_name_planet,CONFIRMED,CANDIDATE,0.7698549,132.51944,1.0243,109.6,4.9,-4.9,0.010351,0.705,4.24,5173,4.55,13.829,0,0,0,0,2,293.1311,45.663551,13,OK,lightkurve,,23,"QLP,SPOC,TESS-SPOC","14,15,40,41,55,74,75,81,82",0.99308746,,108.84239,4.8661286,3339.8765,3339.8765,6981,12.626474,0,,53.243923,14,2.7984966,0.48835093,58.427021,321.55861,False,OK,PDCSAP_FLUX,QLP,58.427021,144.15953,bootstrap,184.67859,115.43055,OK,4,3,SPOC/PDCSAP_FLUX=79ppm;TESS-SPOC/PDCSAP_FLUX=419ppm;QLP/KSPSAP_FLUX=OK;QLP/DET_FLUX=221ppm,248,9,9,"40,41,55,74,75,81,82,14,15","QLP,SPOC","120,1800",True,False,7097.0749,2.3698233,0.0083168494,0.58610662,14,smeared,-0.46319606,1.6980777,-0.27277672,-0.27277672,linear,0.53680394,0.4052942,0.75501347,1.6980777,8.4903884,529709.36,OK,-0.27277672,OK,SAP_FLUX,QLP,64.650009,106.541,bootstrap,116.12274,46.189884,OK,3,3,SPOC/SAP_FLUX=76ppm;TESS-SPOC/SAP_FLUX=212ppm;QLP/SAP_FLUX=83ppm,257,9,9,"40,41,55,74,75,81,82,14,15","QLP,SPOC","120,1800",True,False,5505.5172,-138.69995,0.65199711,0.52814371,14,smeared,-0.40602176,1.0689952,-0.37981625,-0.37981625,linear,0.59397824,0.60680873,1.0216009,1.0689952,5.3449761,22699.393,OK,-0.37981625,BACKGROUND_TEST_AGREES,2,"SPOC,TESS-SPOC",-75.599551,148.73728,-0.50827575,-0.30389446,PDC_DEEPER_THAN_SAP,0.020168735,0.4921247,0.073177796,0.48044977,0.071441762,238.14996,1.085929,34835,OK,True,0.48044977,0.99460122,-4.4669918,0.94863218,tracks_b,not_measurable,not_measurable,,False,,0,0,1,1,1.4,119.64146,144.15953,303,1.319853,1,True,OK:1,1.9756364,124.42118,355.28227,79.018296,418.5199,220.90231,360.09288,84,91.625685,106.541,310,1.2590839,0,False,,0.71446059,78.461043,170.84081,76.165272,212.01787,83.339556,147.36786,84,0,3
K02281.02,,9221517,275490034,tic_kic_crossid_over_name_planet,CANDIDATE,CANDIDATE,455.27405,367.95,2.4,366,122,-122,0.01719,0.2429,1430,5178,4.556,13.829,0,0,0,0,2,293.1311,45.663551,13,OK,lightkurve,NO_USABLE_TRANSIT,23,"QLP,SPOC,TESS-SPOC","14,15,40,41,55,74,75,81,82",0.95712111,,350.30633,116.76878,3208.9645,3208.9645,11,895.83362,0,,864,50,,,,,False,NO_USABLE_TRANSIT,PDCSAP_FLUX,QLP,,,none,,,TOO_FEW_MEMBERS,4,0,SPOC/PDCSAP_FLUX=NO_USABLE_TRANSIT;TESS-SPOC/PDCSAP_FLUX=NO_USABLE_TRANSIT;QLP/KSPSAP_FLUX=NO_USABLE_TRANSIT;QLP/DET_FLUX=NO_USABLE_TRANSIT,0,9,0,"40,41,55,74,75,81,82,14,15","QLP,SPOC","120,1800",True,False,,,,,14,smeared,,,,,,,,,,,,NO_USABLE_TRANSIT,,NO_USABLE_TRANSIT,SAP_FLUX,QLP,,,none,,,TOO_FEW_MEMBERS,3,0,SPOC/SAP_FLUX=NO_USABLE_TRANSIT;TESS-SPOC/SAP_FLUX=NO_USABLE_TRANSIT;QLP/SAP_FLUX=NO_USABLE_TRANSIT,0,9,0,"40,41,55,74,75,81,82,14,15","QLP,SPOC","120,1800",True,False,,,,,14,smeared,,,,,,,,,,,,NO_USABLE_TRANSIT,,BACKGROUND_TEST_UNAVAILABLE,0,,,,,,,0.02,,,,,,,0,too_few_points,False,,,,,inconclusive,not_measured,not_measured,,False,,0,0,1,1,0.3,,,0,,4,True,NO_USABLE_TRANSIT:4,,,,,,,,84,,,0,,3,True,NO_USABLE_TRANSIT:3,,,,,,,,84,0,3
K03114.01,,9288237,271255793,tic_kic_crossid,CANDIDATE,CANDIDATE,7.4913378,135.31257,6.315,34.5,2.8,-2.8,0.005396,0.013,9.13,6177,3.993,12.277,0,0,0,0,1,294.71677,45.781269,13,OK,lightkurve,,18,"QLP,SPOC,TESS-SPOC","14,15,40,74,75,81,82",0.96486243,,33.287754,2.7016148,3362.0758,3362.0758,720,86.239124,0,,353.44237,13,1.9396153,-1.5718089,-103.22888,136.24296,False,OK,PDCSAP_FLUX,QLP,-103.22888,106.82095,bootstrap,110.18939,27.036751,OK,4,2,SPOC/PDCSAP_FLUX=0ppm;TESS-SPOC/PDCSAP_FLUX=OK;QLP/KSPSAP_FLUX=OK;QLP/DET_FLUX=80ppm,24,7,7,"74,75,81,82,14,15,40","QLP,SPOC,TESS-SPOC","120,1800,600",False,False,2457.52,-180.61121,0.81712305,4.4178366,11,sector_scatter,-4.1011067,3.3115802,-1.2384138,-1.2384138,linear,-3.1011067,-0.96637294,0.31162196,3.3115802,16.557901,5.1676084e+08,OK,-1.2384138,OK,SAP_FLUX,QLP,-20.572836,144.30662,bootstrap,144.30662,,TOO_FEW_MEMBERS,3,1,SPOC/SAP_FLUX=OK;TESS-SPOC/SAP_FLUX=OK;QLP/SAP_FLUX=34ppm,24,7,7,"74,75,81,82,14,15,40","QLP,SPOC,TESS-SPOC","120,1800,600",False,False,2492.7452,135.80103,0.40460595,13.142808,11,sector_scatter,-1.6180302,4.3361744,-0.37314693,-0.37314693,linear,-0.61803016,-0.14256335,0.23067378,4.3361744,21.680872,8.6729646e+10,OK,-0.37314693,BACKGROUND_TEST_UNAVAILABLE,0,,,,,,,0.02,10.613844,5.7709812,1.6807354,0.91385293,-47.131271,1.0003741,12984,OK,True,1.6807354,,,,inconclusive,not_measurable,not_measurable,,False,,0,0,1,1,0.3,65.675206,106.82095,27,2.5183231,2,True,OK:2,0.67808096,12.835701,66.909203,0.11252459,79.63238,39.872452,39.759928,84,65.363971,144.30662,27,5.7536139,2,True,OK:2,,,,,,,,84,0,3
K02298.01,,9334893,158729099,tic_kic_crossid_over_name_host,CANDIDATE,CANDIDATE,16.667141,141.76551,3.526,175,11,-11,0.012198,0.444,32.9,4729,4.726,13.831,0,0,0,0,3,288.45605,45.80212,13,OK,lightkurve,,32,"QLP,SPOC,TESS-SPOC","14,15,40,41,53,54,55,74,75,80,81,82",0.9635147,,168.61507,10.598662,3341.5849,3341.5849,322,58.812035,0,,229.32611,16,2.4120767,0.11008015,32.937261,744.81634,False,OK,PDCSAP_FLUX,QLP,32.937261,412.47303,bootstrap,452.38588,185.79285,OK,4,3,SPOC/PDCSAP_FLUX=66ppm;TESS-SPOC/PDCSAP_FLUX=199ppm;QLP/KSPSAP_FLUX=613ppm;QLP/DET_FLUX=OK,16,12,10,"40,41,53,54,55,74,75,80,81,82,14,15","QLP,SPOC","120,1800",False,False,7717.0796,686.03463,0.84190438,2.0576292,20,,-0.80466004,2.6841524,-0.2997818,-0.2997818,linear,0.19533996,0.079853125,0.40879054,2.6841524,13.420762,1.13621e+08,OK,-0.2997818,OK,SAP_FLUX,QLP,117.67154,245.81772,bootstrap,246.06425,11.011877,OK,3,3,SPOC/SAP_FLUX=135ppm;TESS-SPOC/SAP_FLUX=167ppm;QLP/SAP_FLUX=142ppm,18,12,11,"40,41,53,54,55,74,75,80,81,82,14,15","QLP,SPOC","120,1800",False,False,5953.1729,204.76225,0.3954399,1.4296823,20,,-0.30212918,1.4615339,-0.20672061,-0.20672061,linear,0.69787082,0.47869428,0.68593538,1.4615339,7.3076697,251354,OK,-0.20672061,BACKGROUND_TEST_AGREES,2,"SPOC,TESS-SPOC",16.331354,339.57191,0.048093948,0.12297815,SAP_DEEPER_THAN_PDC,0.02,8.815,1.5334985,2.5,0.43491167,399.08898,1.0574331,7272,OK,True,2.5,0.99166416,4.8811805,,duration_inconsistent,not_measurable,not_measurable,,False,,0,0,1,1,0.4,299.21164,412.47303,17,2.0080403,1,True,OK:1,5.6408106,108.90217,480.48786,66.419222,612.86878,199.17842,579.93151,84,209.789,245.81772,19,1.4426393,0,False,,0.093581481,136.8915,158.91525,134.62805,167.01593,141.70132,49.344387,84,0,3
K02298.02,Kepler-1178 b,9334893,158729099,tic_kic_crossid_over_name_host,CONFIRMED,CANDIDATE,31.805513,150.6791,3.979,141.7,14.1,-14.1,0.011023,0.476,54.5,4729,4.726,13.831,0,0,0,0,3,288.45605,45.80212,13,OK,lightkurve,,32,"QLP,SPOC,TESS-SPOC","14,15,40,41,53,54,55,74,75,80,81,82",0.96607498,,136.89282,13.621657,3327.0053,3327.0882,168,147.08821,119.34613,0.81139154,500.94962,24,4.048385,-1.8288733,-697.93458,1440.0337,True,OK,PDCSAP_FLUX,QLP,1440.0337,459.11424,bootstrap,646.87583,455.69995,OK,4,3,SPOC/PDCSAP_FLUX=814ppm;TESS-SPOC/PDCSAP_FLUX=485ppm;QLP/KSPSAP_FLUX=1825ppm;QLP/DET_FLUX=OK,10,12,10,"40,41,53,54,55,74,75,80,81,82,14,15","QLP,SPOC","120,1800",False,False,8227.6753,11.651665,0.016310818,1.858648,20,,2.3532235,0.46280666,5.0846793,2.0139555,ln,10.519424,3.1365476,0.29816723,4.7267301,23.63365,2.5138807e+12,OK,5.0846793,OK,SAP_FLUX,QLP,617.00591,323.00213,bootstrap,399.33049,234.80729,OK,3,3,SPOC/SAP_FLUX=246ppm;TESS-SPOC/SAP_FLUX=158ppm;QLP/SAP_FLUX=848ppm,11,12,11,"40,41,53,54,55,74,75,80,81,82,14,15","QLP,SPOC","120,1800",False,False,6242.989,-281.15247,0.51363904,2.185756,20,,3.5072188,2.919228,1.20142,1.20142,linear,4.5072188,1.9102224,0.423814,2.919228,14.59614,2.9881581e+08,OK,1.20142,BACKGROUND_TEST_AGREES,2,"SPOC,TESS-SPOC",-437.91957,236.89834,-1.8485548,-0.67450042,PDC_DEEPER_THAN_SAP,0.02,9.9475,0.14961686,2.5,0.037601624,-411.24327,0.9306284,4797,OK,True,2.5,1.0313215,9.3991653,,duration_inconsistent,not_measurable,not_measurable,,False,,0,0,1,1,0.4,355.70571,459.11424,10,1.858648,1,True,OK:1,0.3164509,590.08792,1501.4878,484.91045,1825.2044,813.59005,955.12322,84,266.30102,323.00213,11,2.185756,0,False,,0.38055922,185.92517,655.53975,157.65838,848.26806,245.9921,459.34753,84,0.082879254,3
K02298.03,,9334893,158729099,tic_kic_crossid_over_name_host,CANDIDATE,CANDIDATE,2.4724087,132.44084,1.87,47.5,6,-6,0.006282,0.319,9.66,4729,4.726,13.831,0,0,0,0,3,288.45605,45.80212,13,OK,lightkurve,,32,"QLP,SPOC,TESS-SPOC","14,15,40,41,53,54,55,74,75,80,81,82",0.95571546,,45.396484,5.7342928,3337.9849,3338.1278,2173,59.611371,205.68504,3.450433,206.88411,20,4.6601937,-1.331033,-206.58795,698.64802,True,OK,PDCSAP_FLUX,QLP,698.64802,290.1316,bootstrap,358.17294,210.0274,OK,4,3,SPOC/PDCSAP_FLUX=277ppm;TESS-SPOC/PDCSAP_FLUX=308ppm;QLP/KSPSAP_FLUX=895ppm;QLP/DET_FLUX=OK,114,12,12,"40,41,53,54,55,74,75,80,81,82,14,15","QLP,SPOC","120,1800",True,False,8003.2001,360.26843,0.64094611,3.0876729,20,smeared;sector_scatter,2.7337124,0.53036015,5.1544453,1.8235736,ln,15.389915,2.4080383,0.1564686,7.8910522,39.455261,6.1976117e+18,OK,5.1544453,OK,SAP_FLUX,QLP,478.29496,192.85437,bootstrap,239.81957,142.55041,OK,3,3,SPOC/SAP_FLUX=227ppm;TESS-SPOC/SAP_FLUX=176ppm;QLP/SAP_FLUX=596ppm,124,12,12,"40,41,53,54,55,74,75,80,81,82,14,15","QLP,SPOC","120,1800",True,False,6009.8554,74.000326,0.18943853,2.6757406,20,smeared,2.354793,0.51948324,4.5329527,1.8045041,ln,10.535947,2.4800836,0.23539256,5.284525,26.422625,1.3558836e+13,OK,4.5329527,BACKGROUND_TEST_AGREES,2,"SPOC,TESS-SPOC",-80.338147,163.06361,-0.49267981,-0.27473981,PDC_DEEPER_THAN_SAP,0.02,4.3979702,0.26882173,2.3518557,0.14375494,-121.54729,1.0769041,25249,OK,True,2.3518557,1.0203346,6.8654562,,duration_inconsistent,not_measurable,not_measurable,,False,,0,0,1,1,1,149.91824,290.1316,122,1.8270024,1,True,OK:1,0.30061976,286.91337,706.96816,277.13201,894.85964,307.69877,421.51601,84,111.98277,192.85437,129,1.896137,0,False,,0.2980387,192.70536,477.80617,176.3729,595.63881,227.41183,301.92206,84,0.14283683,3
K03264.01,,9345933,275575023,tic_kic_crossid,CANDIDATE,CANDIDATE,13.015183,134.74697,3.613,331.6,32.4,-32.4,0.019397,0.852,15.44,4794,4.622,15.961,0,0,0,0,1,293.25903,45.837448,13,OK,lightkurve,,8,"SPOC,TESS-SPOC","40,41,54,55",1.0321839,,342.27219,33.442759,2444.9699,2444.9699,344,69.939367,0,,264.0131,15,2.8884049,-4.3161419,-11756.206,7127.3204,False,OK,PDCSAP_FLUX,SPOC,-11756.206,2723.7766,analytic,2723.7766,,TOO_FEW_MEMBERS,2,0,SPOC/PDCSAP_FLUX=OK;TESS-SPOC/PDCSAP_FLUX=OK,7,4,4,"40,41,54,55",SPOC,120,False,False,50207.18,-2347.3304,0.42201499,12.07174,4,sector_scatter,-35.347535,7.9586823,-4.4413803,-4.4413803,linear,-34.347535,-4.3161419,0.12566089,7.9586823,39.793412,6.5528567e+19,OK,-4.4413803,OK,SAP_FLUX,SPOC,-4184.6085,964.00917,analytic,964.00917,,TOO_FEW_MEMBERS,2,0,SPOC/SAP_FLUX=OK;TESS-SPOC/SAP_FLUX=OK,7,4,4,"40,41,54,55",SPOC,120,False,False,19328.838,-193.96657,0.099265521,10.439998,4,sector_scatter,-13.225967,2.8186365,-4.692328,-4.692328,linear,-12.225967,-4.3408389,0.35505076,2.8186365,14.093182,4.518171e+08,OK,-4.692328,BACKGROUND_TEST_UNAVAILABLE,0,,,,,,,0.066316448,5.3741357,1.5145857,1.4874442,0.41920447,-13621.084,1.1358096,3794,OK,False,1.4874442,,,0.58827865,inconclusive,not_measurable,not_measurable,,False,,0,0,1,1,0.2,2723.7766,7661.2018,9,8.4855801,2,True,OK:2,,,,,,,,84,964.00917,2611.9131,9,8.1470284,2,True,OK:2,,,,,,,,84,0,3
K03348.01,Kepler-1474 b,9349757,271255614,tic_kic_crossid_over_name_planet,CONFIRMED,CANDIDATE,36.433787,132.90573,4.388,406.8,27.2,-27.2,0.018302,0.25,62.6,5566,4.329,15.246,0,0,0,0,2,294.69406,45.86684,13,OK,lightkurve,,4,"SPOC,TESS-SPOC","81,82",0.96134396,,391.07472,26.148556,3540.2751,3540.2751,153,83.935189,0,,317.62557,15,1.9313701,-0.67910099,-2858.0571,8984.7221,False,OK,PDCSAP_FLUX,SPOC,-2858.0571,4208.5892,analytic,4208.5892,,TOO_FEW_MEMBERS,2,0,SPOC/PDCSAP_FLUX=OK;TESS-SPOC/PDCSAP_FLUX=OK,1,2,1,"81,82",SPOC,120,False,False,33301.381,,,,2,,-8.3082123,10.761923,-0.77200075,-0.77200075,linear,-7.3082123,-0.67910099,0.092922997,10.761923,53.809613,9.1511906e+25,OK,-0.77200075,OK,SAP_FLUX,SPOC,-513.70784,973.25853,analytic,973.25853,,TOO_FEW_MEMBERS,2,0,SPOC/SAP_FLUX=OK;TESS-SPOC/SAP_FLUX=OK,1,2,1,"81,82",SPOC,120,False,False,7701.1206,,,,2,,-2.3135798,2.4900767,-0.92911987,-0.92911987,linear,-1.3135798,-0.5278226,0.40181998,2.4900767,12.450384,99859858,OK,-0.92911987,BACKGROUND_TEST_UNAVAILABLE,0,,,,,,,0.02,2.5322269,4.6074,0.57707996,1.05,-4162.1048,0.96115228,658,OK,True,0.57707996,,,0.84405571,inconclusive,not_measurable,not_measurable,,False,,0,0,1,1,0.1,4208.5892,,1,0,2,True,OK:2,,,,,,,,84,973.25853,,1,0,2,True,OK:2,,,,,,,,84,0,3
K03348.02,,9349757,271255614,tic_kic_crossid_over_name_planet,CANDIDATE,CANDIDATE,17.718979,138.8021,4.102,176.8,20.2,-20.2,0.011983,0.05,33.4,5566,4.329,15.246,0,0,0,0,2,294.69406,45.86684,13,OK,lightkurve,,4,"SPOC,TESS-SPOC","81,82",0.95820951,,169.41144,19.355832,3535.5615,3535.5615,314,148.50863,0,,507.0559,24,1.4919199,0.94694445,2752.7335,4501.3706,False,OK,PDCSAP_FLUX,SPOC,2752.7335,2906.9641,analytic,2960.7846,561.96562,OK,2,2,SPOC/PDCSAP_FLUX=2753ppm;TESS-SPOC/PDCSAP_FLUX=1100ppm,2,2,1,"81,82",SPOC,120,False,False,31581.318,-13094.359,2.2401609,,2,,15.248805,17.477332,0.87249045,0.87249045,linear,16.248805,0.94694445,0.05827779,17.477332,87.386659,1.5152576e+40,OK,0.87249045,OK,SAP_FLUX,SPOC,663.30685,585.37535,analytic,588.76686,63.103948,OK,2,2,SPOC/SAP_FLUX=663ppm;TESS-SPOC/SAP_FLUX=478ppm,3,2,2,"81,82",SPOC,120,False,False,7898.0131,-2165.8544,1.7756622,0.20311018,2,,2.9153604,3.4776035,0.83832454,0.83832454,linear,3.9153604,1.1331308,0.28940652,3.4776035,17.388018,6.0320215e+09,OK,0.83832454,BACKGROUND_TEST_AGREES,2,"SPOC,TESS-SPOC",-1477.5277,2264.0719,-0.65259751,-0.7670235,PDC_DEEPER_THAN_SAP,0.02,3.8589249,4.3071,0.94074229,1.05,-1223.3352,1.1857394,1231,OK,True,0.94074229,1.0359881,-0.085945893,0.34639448,fixed_b,not_measurable,not_measurable,,False,,0,0,1,1,0.1,2906.9641,4542.421,2,5.0183208,0,False,,0.20414821,1364.3478,2488.2791,1099.8934,2752.7335,1926.3135,1652.84,84,585.37535,788.84581,3,2.8240546,0,False,,0.095135379,507.40298,633.61087,477.707,663.30685,570.50693,185.59985,84,0,3
K06202.01,,9389245,164669854,tic_kic_crossid,CANDIDATE,CANDIDATE,47.256433,158.82072,2,,,,,,,,,11.543,0,0,0,0,1,284.14114,45.944641,13,OK,lightkurve,,34,"QLP,SPOC,TESS-SPOC","14,26,40,41,53,54,55,74,75,80,81,82",0.96296296,teff_missing_default_used;logg_missing_4.5_used,,,3331.7976,3331.7976,113,0,0,,30,10,2.444196,2.444196,411.44951,411.44951,False,OK,PDCSAP_FLUX,QLP,411.44951,168.33736,analytic,602.10902,578.09844,OK,4,4,SPOC/PDCSAP_FLUX=247ppm;TESS-SPOC/PDCSAP_FLUX=30ppm;QLP/KSPSAP_FLUX=57ppm;QLP/DET_FLUX=2078ppm,5,12,5,"14,26,40,41,53,54,55,75,80,81,82,74","QLP,SPOC","120,200",False,False,2043.025,-437.33502,1.2857655,12.499296,22,sector_scatter,,,,,,,,,,,,NO_REFERENCE_DEPTH,,OK,SAP_FLUX,QLP,510.62043,167.96755,analytic,262.59298,201.84641,OK,3,3,SPOC/SAP_FLUX=301ppm;TESS-SPOC/SAP_FLUX=16ppm;QLP/SAP_FLUX=610ppm,5,12,5,"14,26,40,41,53,54,55,75,80,81,82,74","QLP,SPOC","120,200",False,False,1928.0765,-688.52777,2.0391759,15.631066,22,sector_scatter,,,,,,,,,,,,NO_REFERENCE_DEPTH,,BACKGROUND_TEST_AGREES,2,"SPOC,TESS-SPOC",15.886379,160.11887,0.099216159,0.11465993,SAP_DEEPER_THAN_PDC,0.15,2.4022489,0.82222166,1.2011244,0.41111083,242.1521,1.1400985,1378,OK,False,1.2011244,,,,inconclusive,not_measured,not_measured,,False,,0,0,1,1,0.3,168.33736,414.12304,5,12.499296,0,False,,1.4050289,43.014382,1199.2113,30.204281,2078.2678,151.896,1666.8183,84,167.96755,453.41011,5,15.631066,0,False,,0.39529639,107.19568,510.8885,15.962552,609.62847,301.06606,494.65788,84,0,3
K00249.01,Kepler-504 b,9390653,164832454,tic_kic_crossid_over_name_planet,CONFIRMED,CANDIDATE,9.5492771,175.75718,1.5832,1826.9,20,-20,0.038907,0.068,47.77,3547,4.899,14.486,0,0,0,0,1,284.92184,45.972401,13,OK,lightkurve,,29,"QLP,SPOC,TESS-SPOC","14,40,41,53,54,55,74,75,80,81,82",0.92438419,,1688.7575,18.487684,3346.8031,3346.7976,559,4.3012569,-7.9223328,1.8418646,36.651771,10,4.5337694,4.4182339,2138.2775,2171.2193,True,OK,PDCSAP_FLUX,QLP,2171.2193,386.08446,bootstrap,472.61267,272.58306,OK,4,3,SPOC/PDCSAP_FLUX=2101ppm;TESS-SPOC/PDCSAP_FLUX=2261ppm;QLP/KSPSAP_FLUX=1459ppm;QLP/DET_FLUX=OK,28,11,11,"40,41,53,55,74,75,80,81,82,14,54","QLP,SPOC","120,1800,600",True,False,11900.098,1647.1355,2.3272321,2.0225991,18,smeared,0.25129585,0.22360848,1.1238207,1.0041828,ln,1.2856904,5.6236899,4.3740623,0.28450039,1.422502,5315.3377,OK,1.1238207,OK,SAP_FLUX,QLP,719.88515,114.73165,bootstrap,115.81817,15.827091,OK,3,2,SPOC/SAP_FLUX=709ppm;TESS-SPOC/SAP_FLUX=755ppm;QLP/SAP_FLUX=OK,32,11,11,"40,41,53,55,74,75,80,81,82,14,54","QLP,SPOC","120,1800,600",True,False,5202.1528,177.79045,0.77652897,1.7355036,18,smeared,-0.85265662,0.16883004,-5.0503845,-6.7041725,ln,0.42628096,6.2745124,14.719195,0.085576414,0.42788207,901.80521,OK,-5.0503845,BACKGROUND_TEST_DISAGREES,2,"SPOC,TESS-SPOC",-1420.5189,342.25562,-4.1504619,-0.65142219,PDC_DEEPER_THAN_SAP,0.03761762,1.1314215,0.16643661,0.71464221,0.10512671,2483.8402,1.0729993,5605,OK,False,0.71464221,1.0050362,-2.1885713,0.72832826,fixed_b,shallower_tess,shallower_tess,,False,pdc_deeper_than_sap,0,0,1,1,0.3,478.89936,386.08446,28,1.0700192,1,True,OK:1,0.12554377,1664.2804,2209.4465,1458.9388,2260.6537,2100.6314,712.28049,84,183.11649,114.73165,32,0.83756571,1,True,OK:1,0.021985578,716.31925,747.97344,708.87121,755.42148,732.14635,35.536326,84,-0.00550162,3
K01633.01,Kepler-916 b,9401997,159581842,tic_kic_crossid_over_name_planet,CONFIRMED,CANDIDATE,32.296428,138.52615,4.561,472.2,30.5,-30.5,0.019489,0.207,54.01,5246,4.47,15.2,0,0,0,0,1,290.98331,45.973301,13,OK,lightkurve,,6,"SPOC,TESS-SPOC","80,81,82",0.95674105,,451.77312,29.180602,3526.5118,3526.5118,172,76.866987,0,,299.01596,16,1.4059248,0.59099737,1172.7799,3183.6629,False,OK,PDCSAP_FLUX,SPOC,1172.7799,1984.4079,analytic,1984.4079,,TOO_FEW_MEMBERS,2,1,SPOC/PDCSAP_FLUX=1173ppm;TESS-SPOC/PDCSAP_FLUX=OK,3,3,3,"80,81,82",SPOC,120,False,False,24857.971,-4185.9296,1.0224346,0.63314793,3,,1.5959488,4.3932472,0.36327315,0.36327315,linear,2.5959488,0.59099737,0.22766142,4.3932472,21.966236,1.5657972e+12,OK,0.36327315,OK,SAP_FLUX,SPOC,268.27119,855.91423,analytic,856.97536,42.633384,OK,2,2,SPOC/SAP_FLUX=268ppm;TESS-SPOC/SAP_FLUX=143ppm,3,3,3,"80,81,82",SPOC,120,False,False,11492.929,-1873.0388,1.0114328,0.80533642,3,,-0.40618162,1.8986732,-0.21392919,-0.21392919,linear,0.59381838,0.31343233,0.52782523,1.8986732,9.4933658,5995205.1,OK,-0.21392919,BACKGROUND_TEST_AGREES,1,SPOC,-904.50869,2161.1256,-0.41853591,-0.77125188,PDC_DEEPER_THAN_SAP,0.02,6.5801543,2.6992404,1.4426999,0.5918089,2875.5787,0.97013433,1871,OK,True,1.4426999,1.0121847,0.85213988,,fixed_b,not_measurable,not_measurable,,False,,0,0,1,1,0.1,1984.4079,1325.2261,3,0.63314793,1,True,OK:1,,,,,,,,84,855.91423,662.1547,3,0.80533642,0,False,,0.15891898,162.94165,248.20842,142.87888,268.27119,205.57503,125.39231,84,0,3
K01813.01,Kepler-958 b,9455325,158416263,tic_kic_crossid_over_name_planet,CONFIRMED,CANDIDATE,9.7678591,139.43968,2.1649,585.4,12.7,-12.7,0.027327,0.916,16.07,5371,4.513,13.766,0,0,0,0,1,287.25668,46.066769,13,OK,lightkurve,,19,"QLP,SPOC,TESS-SPOC","14,15,40,41,53,54,55,74,75,80,82",1.0562991,,618.3575,13.414999,3364.2979,3364.2979,552,11.123737,0,,65.84471,12,2.1041478,1.2023568,350.08959,617.21076,False,OK,PDCSAP_FLUX,QLP,350.08959,350.96847,bootstrap,400.05715,192.00742,OK,4,3,SPOC/PDCSAP_FLUX=668ppm;TESS-SPOC/PDCSAP_FLUX=317ppm;QLP/KSPSAP_FLUX=103ppm;QLP/DET_FLUX=OK,28,11,11,"74,75,80,82,14,15,40,41,53,54,55","QLP,SPOC","120,1800,600",True,False,5124.853,550.86689,0.8265992,1.1740199,8,smeared,-0.4338395,0.64925917,-0.66820695,-0.66820695,linear,0.5661605,0.99749585,1.7618605,0.64925917,3.2462959,15270.33,OK,-0.66820695,OK,SAP_FLUX,QLP,326.33432,298.02835,bootstrap,315.12276,102.37898,OK,3,2,SPOC/SAP_FLUX=592ppm;TESS-SPOC/SAP_FLUX=291ppm;QLP/SAP_FLUX=OK,31,11,11,"74,75,80,82,14,15,40,41,53,54,55","QLP,SPOC","120,1800,600",True,False,5194.7996,627.40174,1.0992895,1.2539423,8,smeared,-0.47225623,0.51251892,-0.92144156,-0.92144156,linear,0.52774377,1.0949774,2.0748278,0.51251892,2.5625946,7401.3831,OK,-0.92144156,BACKGROUND_TEST_AGREES,2,"SPOC,TESS-SPOC",-51.516933,384.83346,-0.13386812,-0.10460535,PDC_DEEPER_THAN_SAP,0.14830735,5.41225,0.081403755,2.5,0.037601624,589.15518,1.017214,3631,OK,True,2.5,0.96744253,15.989775,,duration_inconsistent,not_measurable,not_measurable,,False,,0,0,1,1,0.3,291.16947,350.96847,29,1.50712,1,True,OK:1,0.54845225,171.59713,555.61198,103.10374,667.83146,317.14559,317.74187,84,259.7663,298.02835,31,1.4362777,1,True,OK:1,0.31372424,339.45019,544.20816,291.27185,592.38651,441.82918,266.05219,84,0,3
K04076.01,Kepler-1548 b,9455677,158487028,tic_kic_crossid_over_name_planet,CONFIRMED,CANDIDATE,124.8278,208.79191,6.479,647.5,43.1,-43.1,0.022786,0.096,149.9,5349,4.353,15.259,0,0,0,0,1,287.47122,46.080662,13,OK,lightkurve,,4,"SPOC,TESS-SPOC","80,82",0.95575079,,618.84864,41.192859,3534.2151,3534.2151,44,80.493399,0,,338.6652,14,2.5806296,2.5806296,5547.0736,5547.0736,False,OK,PDCSAP_FLUX,SPOC,5547.0736,2149.5039,analytic,2150.0305,47.579362,OK,2,2,SPOC/PDCSAP_FLUX=5547ppm;TESS-SPOC/PDCSAP_FLUX=5407ppm,1,2,1,"80,82",SPOC,120,False,False,20652.975,,,,2,,2.1931651,0.39643707,5.5321896,2.2915074,ln,8.9635385,2.5806296,0.287903,3.4752401,17.376201,2.177572e+10,OK,5.5321896,OK,SAP_FLUX,SPOC,3957.6566,1532.5514,analytic,1540.7348,158.58752,OK,2,2,SPOC/SAP_FLUX=3958ppm;TESS-SPOC/SAP_FLUX=3491ppm,1,2,1,"80,82",SPOC,120,False,False,14725.139,,,,2,,1.8555466,0.39810673,4.6609276,2.1658127,ln,6.3951932,2.5823974,0.40380287,2.491071,12.455355,1.5880887e+08,OK,4.6609276,BACKGROUND_TEST_AGREES,2,"SPOC,TESS-SPOC",-1752.4495,1867.9197,-0.93818246,-0.31995915,PDC_DEEPER_THAN_SAP,0.022481041,4.4908854,0.26624374,0.69314484,0.041093339,4818.798,1.0288526,972,OK,False,0.69314484,1.0448083,-4.8539549,0.74021939,tracks_b,not_measurable,not_measurable,,False,,0,0,1,1,0.1,2149.5039,,1,0,0,False,,0.0085773806,5429.5246,5524.6833,5407.1343,5547.0736,5477.1039,139.9393,84,1532.5514,,1,0,0,False,,0.040071066,3565.8521,3883.0272,3491.2227,3957.6566,3724.4397,466.43387,84,0,3
K02786.01,Kepler-1345 b,9466429,63288941,name_planet,CONFIRMED,CANDIDATE,44.616751,164.45238,7.831,239.7,9.6,-9.6,0.014887,0.618,35,6763,4.22,13.791,0,0,0,0,1,292.47797,46.022831,13,OK,lightkurve,,15,"QLP,SPOC,TESS-SPOC","14,15,40,41,54,55,74,75,81",0.9870362,,236.59258,9.4755476,3351.4625,3351.4625,120,52.682835,0,,275.5135,12,2.1749752,1.8967876,797.24569,873.92989,False,OK,PDCSAP_FLUX,QLP,797.24569,420.31362,analytic,594.0003,419.72946,OK,4,3,SPOC/PDCSAP_FLUX=319ppm;TESS-SPOC/PDCSAP_FLUX=OK;QLP/KSPSAP_FLUX=1553ppm;QLP/DET_FLUX=1353ppm,6,9,6,"74,75,81,14,15,40,41,54,55","QLP,SPOC","120,1800,600",False,False,6194.6411,1779.5133,1.9389716,0.91077685,6,,2.3696986,2.5114636,0.94355285,0.94355285,linear,3.3696986,1.8967876,0.56289534,2.5114636,12.557318,67231602,OK,0.94355285,OK,SAP_FLUX,QLP,673.94251,379.99436,analytic,670.24818,552.12038,OK,3,2,SPOC/SAP_FLUX=97ppm;TESS-SPOC/SAP_FLUX=OK;QLP/SAP_FLUX=1721ppm,6,9,6,"74,75,81,14,15,40,41,54,55","QLP,SPOC","120,1800,600",False,False,5723.161,1899.563,2.1204617,1.1057004,6,,1.8485362,2.8336457,0.65235261,0.65235261,linear,2.8485362,1.7735593,0.62262129,2.8336457,14.168228,3.3665433e+08,OK,0.65235261,BACKGROUND_TEST_AGREES,1,SPOC,-221.56798,710.04551,-0.31204757,-0.69474325,PDC_DEEPER_THAN_SAP,0.023524635,4.6592701,0.5883482,0.59497766,0.07513066,921.99339,1.0327642,3125,OK,False,0.59497766,1.0194167,-3.9243172,0.89475097,tracks_b,not_measurable,not_measurable,,False,,0,0,1,1,0.2,420.31362,375.97194,6,0.91077685,1,True,OK:1,0.52647442,649.89097,1489.3499,318.92066,1553.4191,1353.2029,756.17339,84,379.99436,425.29361,6,1.1057004,1,True,OK:1,0.81923958,357.17404,1461.4148,97.352685,1721.2362,909.29442,1047.2936,84,0,3
K00941.01,Kepler-257 c,9480189,273132699,tic_kic_crossid_over_name_planet,CONFIRMED,CANDIDATE,6.5814771,174.78781,3.0896,2318.9,22.1,-22.1,0.042884,0.137,16.835,5188,4.4,15.471,0,0,0,0,3,297.31598,46.023258,13,OK,lightkurve,,4,"SPOC,TESS-SPOC","81,82",0.95477262,,2214.0222,21.100475,3536.2286,3536.2286,840,6.6963925,0,,66.433177,8,2.1051473,1.2754199,2549.3152,4219.1889,False,OK,PDCSAP_FLUX,SPOC,2549.3152,1998.8046,analytic,2031.4416,362.67807,OK,2,2,SPOC/PDCSAP_FLUX=2549ppm;TESS-SPOC/PDCSAP_FLUX=1483ppm,6,2,2,"81,82",SPOC,120,False,False,32859.13,-6269.7334,1.4621197,3.8681253,2,sector_scatter,0.15144067,0.9189452,0.16479837,0.16479837,linear,1.1514407,1.2754199,1.1076732,0.9189452,4.594726,216887.86,OK,0.16479837,OK,SAP_FLUX,SPOC,679.90744,371.21654,bootstrap,373.9041,44.749935,OK,2,2,SPOC/SAP_FLUX=680ppm;TESS-SPOC/SAP_FLUX=548ppm,8,2,2,"81,82",SPOC,120,False,False,7853.2902,-993.19593,1.2119707,1.9373587,2,,-0.69290849,0.17638392,-3.9284108,-3.9284108,linear,0.30709151,1.8315656,5.9642338,0.17638392,0.88191959,3134.0195,OK,-3.9284108,BACKGROUND_TEST_AGREES,2,"SPOC,TESS-SPOC",-1390.5029,1419.9593,-0.97925544,-0.68974551,PDC_DEEPER_THAN_SAP,0.041875645,3.5993625,0.46860487,1.1649931,0.1516717,3375.2398,0.99877638,2782,OK,False,1.1649931,1.0030605,1.0692246,,fixed_b,not_measurable,not_measurable,,False,,0,0,1,1,0.1,1998.8046,2266.5467,7,1.6416262,0,False,,0.1422649,1653.2871,2378.6432,1482.615,2549.3152,2015.9651,1066.7002,84,406.91381,371.21654,8,1.0168032,0,False,,0.065817687,569.34877,658.84864,548.28998,679.90744,614.09871,131.61746,84,0,3
K00941.02,Kepler-257 b,9480189,273132699,tic_kic_crossid_over_name_planet,CONFIRMED,CANDIDATE,2.3826529,170.66626,1.8888,705.4,18.1,-18.1,0.025814,0.682,7.43,5188,4.4,15.471,0,0,0,0,3,297.31598,46.023258,13,OK,lightkurve,,4,"SPOC,TESS-SPOC","81,82",0.98956603,,698.03988,17.911145,3533.8036,3533.8036,2321,12.136932,0,,64.742797,12,2.7595422,0.48843807,681.8838,3776.481,False,OK,PDCSAP_FLUX,SPOC,681.8838,1628.1145,bootstrap,1664.011,343.76706,OK,2,2,SPOC/PDCSAP_FLUX=682ppm;TESS-SPOC/PDCSAP_FLUX=1693ppm,19,2,2,"81,82",SPOC,120,False,False,32439.69,-1447.4502,0.47473947,1.8035464,2,,-0.023144913,2.3844962,-0.0097064167,-0.0097064167,linear,0.97685509,0.41881808,0.42874126,2.3844962,11.922481,1.0513443e+08,OK,-0.0097064167,OK,SAP_FLUX,SPOC,55.856223,347.6521,bootstrap,355.65075,75.003122,OK,2,2,SPOC/SAP_FLUX=56ppm;TESS-SPOC/SAP_FLUX=276ppm,20,2,2,"81,82",SPOC,120,False,False,7821.9367,-334.74529,0.50998512,0.41686199,2,,-0.91998133,0.51258932,-1.7947727,-1.7947727,linear,0.08001867,0.16066701,2.007869,0.51258932,2.5629466,8358.3227,OK,-1.7947727,BACKGROUND_TEST_AGREES,2,"SPOC,TESS-SPOC",-1019.5502,1179.7606,-0.86420092,-0.8586238,PDC_DEEPER_THAN_SAP,0.046087443,1.6715805,1.6126124,0.88499605,0.85377613,1988.8684,1.0387933,5295,OK,False,0.88499605,0.9994731,-0.12588628,0.76968303,fixed_b,not_measurable,not_measurable,,False,,0,0,1,1,0.2,1396.0497,1628.1145,20,1.0637225,0,False,,0.50414316,843.65654,1531.1906,681.8838,1692.9634,1187.4236,1011.0796,84,325.41694,347.6521,21,0.9996873,0,False,,1.342789,91.151809,241.15805,55.856223,276.45364,166.15493,220.59742,84,0,3
K00941.03,Kepler-257 d,9480189,273132699,tic_kic_crossid_over_name_planet,CONFIRMED,CANDIDATE,24.664614,189.02031,2.8579,2398.8,46.8,-46.8,0.050261,0.8,44.9,5188,4.4,15.471,0,0,0,0,3,297.31598,46.023258,13,OK,lightkurve,,4,"SPOC,TESS-SPOC","81,82",1.0122045,,2428.0763,47.371173,3522.2292,3522.2292,223,13.143223,0,,82.298168,9,0.6874966,0.058973549,181.17033,2398.3529,False,OK,PDCSAP_FLUX,SPOC,181.17033,3072.0608,analytic,3072.0608,,TOO_FEW_MEMBERS,2,1,SPOC/PDCSAP_FLUX=181ppm;TESS-SPOC/PDCSAP_FLUX=OK,2,2,2,"81,82",SPOC,120,False,False,28667.474,-8522.1869,1.3219337,1.7475088,2,,-0.92538524,1.2663621,-0.73074302,-0.73074302,linear,0.074614761,0.058973549,0.79037376,1.2663621,6.3318103,1362571.8,OK,-0.73074302,OK,SAP_FLUX,SPOC,51.619111,709.18773,analytic,709.18773,,TOO_FEW_MEMBERS,2,1,SPOC/SAP_FLUX=52ppm;TESS-SPOC/SAP_FLUX=OK,2,2,2,"81,82",SPOC,120,False,False,6381.8451,-1676.5314,1.1819074,1.396905,2,,-0.97874074,0.29696836,-3.2957745,-3.2957745,linear,0.021259262,0.072786243,3.4237426,0.29696836,1.4848418,8290.1006,OK,-3.2957745,BACKGROUND_TEST_AGREES,1,SPOC,-129.55122,3152.8566,-0.041090108,-0.71507967,PDC_DEEPER_THAN_SAP,0.12389334,2.3793538,3.000795,0.83255321,1.05,3449.9076,1.0016415,857,OK,True,0.83255321,0.9149604,-0.074767853,0.8843578,fixed_b,not_measurable,not_measurable,,False,,0,0,1,1,0.1,3072.0608,3018.4283,2,1.7475088,1,True,OK:1,,,,,,,,84,709.18773,580.03416,2,1.396905,1,True,OK:1,,,,,,,,84,0,3
K08286.01,,9592621,270618175,tic_kic_crossid,CANDIDATE,CANDIDATE,191.03728,153.9107,3.595,1607,502,-502,0.036001,0.091,419,5440,4.497,16.652,0,0,0,0,1,293.6839,46.265541,13,QUERY_RETURNED_ZERO_ROWS,lightkurve,QUERY_RETURNED_ZERO_ROWS,0,,,0.95656352,,1537.1976,480.19489,,,0,,0,,36,0,,,,,False,FLUX_COLUMN_NOT_PRESENT,,,,,,,,ENSEMBLE_NOT_ATTEMPTED,0,0,,0,0,0,,,,False,False,,,,,0,,,,,,,,,,,,,NO_USABLE_TRANSIT,,FLUX_COLUMN_NOT_PRESENT,,,,,,,,ENSEMBLE_NOT_ATTEMPTED,0,0,,0,0,0,,,,False,False,,,,,0,,,,,,,,,,,,,NO_USABLE_TRANSIT,,BACKGROUND_TEST_UNAVAILABLE,0,,,,,,,,,,,,,,0,too_few_points,False,,,,,inconclusive,not_measured,not_measured,,False,,0,0,1,1,0,,,0,,0,False,,,,,,,,,84,,,0,,0,False,,,,,,,,,84,0,3
K03095.01,Kepler-1905 b,9650989,63362238,name_planet,CONFIRMED,CANDIDATE,3.4239081,132.88326,1.773,153.1,14,-14,0.011291,0.213,14.59,5788,4.442,15.067,0,0,0,0,1,292.57336,46.36684,13,QUERY_RETURNED_ZERO_ROWS,lightkurve,QUERY_RETURNED_ZERO_ROWS,0,,,0.96474435,,147.70236,13.506421,,,0,,0,,36,0,,,,,False,FLUX_COLUMN_NOT_PRESENT,,,,,,,,ENSEMBLE_NOT_ATTEMPTED,0,0,,0,0,0,,,,False,False,,,,,0,,,,,,,,,,,,,NO_USABLE_TRANSIT,,FLUX_COLUMN_NOT_PRESENT,,,,,,,,ENSEMBLE_NOT_ATTEMPTED,0,0,,0,0,0,,,,False,False,,,,,0,,,,,,,,,,,,,NO_USABLE_TRANSIT,,BACKGROUND_TEST_UNAVAILABLE,0,,,,,,,,,,,,,,0,too_few_points,False,,,,,inconclusive,not_measured,not_measured,,False,,0,0,1,1,0,,,0,,0,False,,,,,,,,,84,,,0,,0,False,,,,,,,,,84,0,3
K00250.01,Kepler-26 b,9757613,164833065,tic_kic_crossid_over_name_planet,CONFIRMED,CANDIDATE,12.282998,170.39809,2.7096,2794.7,22.4,-22.4,0.048233,0.047,36.27,3879,4.708,15.473,0,0,0,0,4,284.94098,46.56654,13,OK,lightkurve,,10,"SPOC,TESS-SPOC","74,75,80,81,82",0.93524429,,2613.7272,20.949472,3493.8982,3493.8606,447,5.2021827,-54.202838,10.419249,56.250548,8,4.0971107,2.6008748,3083.5748,4971.3578,True,OK,PDCSAP_FLUX,SPOC,4971.3578,964.6244,bootstrap,974.39919,137.67194,OK,2,2,SPOC/PDCSAP_FLUX=4971ppm;TESS-SPOC/PDCSAP_FLUX=4566ppm,9,5,5,"74,75,80,81,82",SPOC,120,False,False,22672.99,-1272.8993,0.50661805,0.032043403,5,,0.64291574,0.20243832,3.1758599,2.3975567,ln,1.9020186,5.153672,2.7095802,0.37622409,1.8811204,14534.55,OK,3.1758599,OK,SAP_FLUX,SPOC,2398.1413,469.9467,bootstrap,471.79847,41.759961,OK,2,2,SPOC/SAP_FLUX=2398ppm;TESS-SPOC/SAP_FLUX=2275ppm,10,5,5,"74,75,80,81,82",SPOC,120,False,False,12361.653,-204.02079,0.16794812,0.23518329,5,,-0.086083262,0.20314755,-0.42374748,-0.43996056,ln,0.91751783,5.103007,5.5617524,0.18747627,0.93738137,4059.8673,OK,-0.42374748,BACKGROUND_TEST_AGREES,2,"SPOC,TESS-SPOC",-2470.3473,855.27536,-2.8883649,-0.51801208,PDC_DEEPER_THAN_SAP,0.046111024,3.1566652,0.048950798,1.1649931,0.018065692,4647.1339,1.0355332,3592,OK,False,1.1649931,1.0174853,2.5612652,,fixed_b,not_measurable,not_measurable,,False,,0,0,1,1,0.2,1213.3814,964.6244,10,0.6899115,0,False,,0.027693026,4631.2271,4906.571,4566.4403,4971.3578,4768.899,404.91747,84,605.32675,469.9467,11,0.59679983,0,False,,0.01741347,2294.9697,2378.4896,2275.3179,2398.1413,2336.7296,122.82342,84,-0.03764086,3
K00250.02,Kepler-26 c,9757613,164833065,tic_kic_crossid_over_name_planet,CONFIRMED,CANDIDATE,17.251214,149.88648,2.0371,2054.8,33.2,-33.2,0.044983,0.749,47.1,3879,4.708,15.473,0,0,0,0,4,284.94098,46.56654,13,OK,lightkurve,,10,"SPOC,TESS-SPOC","74,75,80,81,82",1.0047447,,2064.5495,33.357525,3486.0237,3486.0237,319,8.4230461,0,,55.825638,10,2.8067753,2.1559275,2931.613,3937.3173,False,OK,PDCSAP_FLUX,SPOC,2931.613,1160.0768,bootstrap,1160.3303,24.253219,OK,2,2,SPOC/PDCSAP_FLUX=2932ppm;TESS-SPOC/PDCSAP_FLUX=3003ppm,8,5,5,"74,75,80,81,82",SPOC,120,False,False,20356.111,-576.38794,0.20837102,1.761468,5,,0.35064075,0.399272,0.87820019,0.74401112,ln,1.4199771,2.5270852,1.7796662,0.56447692,2.8223846,32654.782,OK,0.87820019,OK,SAP_FLUX,SPOC,1509.2863,725.309,bootstrap,729.97548,82.407878,OK,2,2,SPOC/SAP_FLUX=1509ppm;TESS-SPOC/SAP_FLUX=1267ppm,9,5,5,"74,75,80,81,82",SPOC,120,False,False,12417.215,-539.54481,0.35538495,1.9437196,5,,-0.31327514,0.48650206,-0.64393384,-0.75239683,ln,0.73104875,2.0808873,2.8464413,0.35745931,1.7872966,10267.587,OK,-0.64393384,BACKGROUND_TEST_AGREES,2,"SPOC,TESS-SPOC",-1555.2655,1038.5697,-1.497507,-0.52413852,PDC_DEEPER_THAN_SAP,0.093448142,1.9758214,0.21487553,0.9699187,0.10548109,2591.0913,1.0996922,2370,OK,False,0.9699187,1.0168928,-0.38864744,0.76971824,fixed_b,not_measurable,not_measurable,,False,,0,0,1,1,0.2,1359.792,1160.0768,8,1.1541757,0,False,,0.008272995,2943.0263,2991.5327,2931.613,3002.946,2967.2795,71.332998,84,756.16303,725.309,9,1.4109515,0,False,,0.054600561,1305.6904,1470.5061,1266.9102,1509.2863,1388.0982,242.37611,84,0,3
K00250.03,Kepler-26 d,9757613,164833065,tic_kic_crossid_over_name_planet,CONFIRMED,CANDIDATE,3.5439197,136.26075,1.8717,507,14.7,-14.7,0.020559,0.022,14.77,3879,4.708,15.473,0,0,0,0,4,284.94098,46.56654,13,OK,lightkurve,,10,"SPOC,TESS-SPOC","74,75,80,81,82",0.93508531,,474.08825,13.745754,3490.6876,3490.6876,1558,10.199433,0,,58.673798,12,1.5277918,1.1103278,840.49071,1136.3966,False,OK,PDCSAP_FLUX,SPOC,840.49071,906.78571,bootstrap,923.08828,172.71838,OK,2,2,SPOC/PDCSAP_FLUX=840ppm;TESS-SPOC/PDCSAP_FLUX=332ppm,31,5,5,"74,75,80,81,82",SPOC,120,False,False,22153.851,-821.93438,0.4506011,1.5373769,5,,0.77285708,1.9479388,0.39675635,0.39675635,linear,1.7728571,0.92689011,0.5228228,1.9479388,9.739694,8048759.5,OK,0.39675635,OK,SAP_FLUX,SPOC,241.9884,487.59257,bootstrap,493.4086,75.534961,OK,2,2,SPOC/SAP_FLUX=242ppm;TESS-SPOC/SAP_FLUX=20ppm,37,5,5,"74,75,80,81,82",SPOC,120,False,False,13158.363,-24.738561,0.025966005,1.5345554,5,,-0.48957098,1.0423563,-0.46967718,-0.46967718,linear,0.51042902,0.49629222,0.97230409,1.0423563,5.2117816,86483.441,OK,-0.46967718,BACKGROUND_TEST_AGREES,2,"SPOC,TESS-SPOC",-425.83004,647.8086,-0.65733928,-0.72606148,PDC_DEEPER_THAN_SAP,0.020154404,0.95590243,1.3495104,0.51071349,0.72100787,855.86395,1.0410841,8635,OK,True,0.51071349,1.0066916,-0.48035674,0.87749853,fixed_b,not_measurable,not_measurable,,False,,0,0,1,1,0.3,756.97527,906.78571,33,1.3990382,0,False,,0.20549708,413.7747,759.21147,332.49546,840.49071,586.49309,507.99525,84,401.84669,487.59257,39,1.4081722,0,False,,0.3121429,55.372615,206.44254,19.826751,241.9884,130.90758,222.16165,84,0,3
K00250.04,Kepler-26 e,9757613,164833065,tic_kic_crossid_over_name_planet,CONFIRMED,CANDIDATE,46.827677,136.74468,1.9033,1537.7,52.9,-52.9,0.036335,0.393,180.2,3879,4.708,15.473,0,0,0,0,4,284.94098,46.56654,13,OK,lightkurve,,10,"SPOC,TESS-SPOC","74,75,80,81,82",0.95015363,,1461.0512,50.263127,3495.4106,3495.4106,118,16.840398,0,,79.070695,12,1.4689385,1.3775378,3308.4552,3409.6672,False,OK,PDCSAP_FLUX,SPOC,3308.4552,2401.7164,analytic,2401.7164,,TOO_FEW_MEMBERS,2,1,SPOC/PDCSAP_FLUX=3308ppm;TESS-SPOC/PDCSAP_FLUX=OK,3,5,3,"74,75,80,81,82",SPOC,120,False,False,21646.97,10176.53,1.9909784,1.9867606,5,,1.2644347,1.6449476,0.7686778,0.7686778,linear,2.2644347,1.3775378,0.60833629,1.6449476,8.2247382,5451393.1,OK,0.7686778,OK,SAP_FLUX,SPOC,1656.6471,1261.2746,analytic,1261.2746,,TOO_FEW_MEMBERS,2,1,SPOC/SAP_FLUX=1657ppm;TESS-SPOC/SAP_FLUX=OK,3,5,3,"74,75,80,81,82",SPOC,120,False,False,10832.896,5359.8254,2.0427257,2.1344625,5,,0.1338734,0.86539599,0.15469612,0.15469612,linear,1.1338734,1.3134706,1.1583926,0.86539599,4.3269799,109162.85,OK,0.15469612,BACKGROUND_TEST_AGREES,1,SPOC,-1651.8081,2712.7579,-0.60890361,-0.49926868,PDC_DEEPER_THAN_SAP,0.041212761,4.75825,1.8464668,2.5,0.97013968,-1760.4363,0.9348057,856,OK,True,2.5,1.0206418,2.2830004,,fixed_b,not_measurable,not_measurable,,False,,0,0,1,1,0.1,2401.7164,2684.6402,3,1.9867606,1,True,OK:1,,,,,,,,84,1261.2746,1491.45,3,2.1344625,1,True,OK:1,,,,,,,,84,0,3
K02923.01,,9815053,164523895,tic_kic_crossid,CANDIDATE,CANDIDATE,5.8389299,136.90293,1.1066,237.4,19.8,-19.8,0.014115,0.319,38.8,5279,4.588,14.628,0,0,0,0,1,283.39825,46.689789,13,QUERY_RETURNED_ZERO_ROWS,lightkurve,QUERY_RETURNED_ZERO_ROWS,0,,,0.96061839,,228.05081,19.020244,,,0,,0,,36,0,,,,,False,FLUX_COLUMN_NOT_PRESENT,,,,,,,,ENSEMBLE_NOT_ATTEMPTED,0,0,,0,0,0,,,,False,False,,,,,0,,,,,,,,,,,,,NO_USABLE_TRANSIT,,FLUX_COLUMN_NOT_PRESENT,,,,,,,,ENSEMBLE_NOT_ATTEMPTED,0,0,,0,0,0,,,,False,False,,,,,0,,,,,,,,,,,,,NO_USABLE_TRANSIT,,BACKGROUND_TEST_UNAVAILABLE,0,,,,,,,,,,,,,,0,too_few_points,False,,,,,inconclusive,not_measured,not_measured,,False,,0,0,1,1,0,,,0,,0,False,,,,,,,,,84,,,0,,0,False,,,,,,,,,84,0,3
K00135.01,Kepler-43 b,9818381,164892194,tic_kic_crossid_over_name_planet,CONFIRMED,CANDIDATE,3.0240925,132.41686,2.8021,7765,8.6,-8.6,0.081878,0.424,8.238,6063,4.261,13.958,0,0,0,0,1,285.24084,46.668251,13,OK,lightkurve,,28,"QLP,SPOC,TESS-SPOC","14,40,41,53,55,74,75,80,81,82",0.97233337,,7550.1686,8.362067,3345.2774,3345.2774,1779,0.58331362,0,0,43.781441,10,44.530034,44.530034,7281.1101,7281.1101,True,OK,PDCSAP_FLUX,QLP,7281.1101,141.91234,bootstrap,376.59281,348.83095,OK,4,4,SPOC/PDCSAP_FLUX=7354ppm;TESS-SPOC/PDCSAP_FLUX=7617ppm;QLP/KSPSAP_FLUX=6583ppm;QLP/DET_FLUX=7682ppm,74,10,10,"40,41,53,55,74,75,80,81,82,14","QLP,SPOC","120,1800",False,False,8616.5075,-48.838056,0.17284444,0.71827976,18,,-0.036286564,0.071947071,-0.50435081,-0.50452004,ln,0.9643639,51.307095,53.203043,0.070633662,0.35316831,3198.0304,OK,-0.50435081,OK,SAP_FLUX,QLP,5477.6752,118.16886,bootstrap,622.63865,611.32235,OK,3,3,SPOC/SAP_FLUX=5447ppm;TESS-SPOC/SAP_FLUX=5480ppm;QLP/SAP_FLUX=7245ppm,81,10,10,"40,41,53,55,74,75,80,81,82,14","QLP,SPOC","120,1800",False,False,6596.3601,-84.105505,0.36026576,1.7235543,18,,-0.32088911,0.12418428,-2.5839753,-2.8460867,ln,0.7255037,46.354641,63.893046,0.096446921,0.48223461,4678.7619,OK,-2.5839753,BACKGROUND_TEST_DISAGREES,2,"SPOC,TESS-SPOC",-2018.1159,129.83632,-15.543539,-0.26959747,PDC_DEEPER_THAN_SAP,0.090913148,2.636054,0.080525579,0.94074229,0.028737582,7173.7824,1.0270302,27890,OK,False,0.94074229,0.99838424,-1.0129549,0.54194887,fixed_b,consistent,consistent,,False,pdc_deeper_than_sap,0,0,1,1,0.6,163.51009,141.91234,79,0.73500016,0,False,,0.047909034,6953.0324,7650.6943,6582.7318,7681.6718,7485.6634,698.37826,84,122.07923,118.16886,86,0.90849756,0,False,,0.11160252,5457.808,6680.4527,5447.3583,7245.3652,5480.0137,1767.69,84,0,3
K02586.01,Kepler-1282 b,9827149,159301148,tic_kic_crossid_over_name_planet,CONFIRMED,CANDIDATE,2.131945,133.65547,1.8061,269.4,13.4,-13.4,0.014975,0.209,8.98,5845,4.469,15.545,0,0,0,0,2,290.17618,46.698341,13,OK,lightkurve,,4,"SPOC,TESS-SPOC","80,82",0.9649799,,259.96559,12.930731,3505.4486,3505.4486,2598,24.433186,0,,100.39106,13,1.2819508,-2.134355,-3195.6737,2084.4286,False,OK,PDCSAP_FLUX,SPOC,-3195.6737,1963.4624,bootstrap,1963.4624,,TOO_FEW_MEMBERS,2,0,SPOC/PDCSAP_FLUX=OK;TESS-SPOC/PDCSAP_FLUX=OK,19,2,2,"80,82",SPOC,120,False,False,32816.561,-7365.278,2.2972027,0.045594245,2,,-13.29268,7.5531075,-1.7598955,-1.7598955,linear,-12.29268,-1.6275706,0.13240161,7.5531075,37.765538,6.5505904e+18,OK,-1.7598955,OK,SAP_FLUX,SPOC,-1208.2236,728.38947,bootstrap,728.38947,,TOO_FEW_MEMBERS,2,0,SPOC/SAP_FLUX=OK;TESS-SPOC/SAP_FLUX=OK,23,2,2,"80,82",SPOC,120,False,False,13088.387,-1676.9414,1.2309659,0.010009815,2,,-5.647629,2.8027563,-2.0150268,-2.0150268,linear,-4.647629,-1.6587604,0.35690465,2.8027563,14.013782,3.1697389e+08,OK,-2.0150268,BACKGROUND_TEST_UNAVAILABLE,0,,,,,,,0.02,1.2518889,0.038242419,0.69314484,0.021174032,-4276.6563,1.0874185,4986,OK,False,0.69314484,,,0.74579742,inconclusive,not_measurable,not_measurable,,False,,0,0,1,1,0.2,1497.255,1963.4624,22,1.4132546,2,True,OK:2,,,,,,,,84,541.25923,728.38947,25,1.6874446,2,True,OK:2,,,,,,,,84,0,3
K02715.01,Kepler-1321 b,9837661,271165895,tic_kic_crossid_over_name_planet,CONFIRMED,CANDIDATE,11.128274,139.54417,2.6118,6057,103,-103,0.073529,0.594,29.1,3640,4.744,16.835,0,0,0,0,3,294.52859,46.640968,13,QUERY_RETURNED_ZERO_ROWS,lightkurve,QUERY_RETURNED_ZERO_ROWS,0,,,0.97040721,,5877.7564,99.951942,,,0,,0,,36,0,,,,,False,FLUX_COLUMN_NOT_PRESENT,,,,,,,,ENSEMBLE_NOT_ATTEMPTED,0,0,,0,0,0,,,,False,False,,,,,0,,,,,,,,,,,,,NO_USABLE_TRANSIT,,FLUX_COLUMN_NOT_PRESENT,,,,,,,,ENSEMBLE_NOT_ATTEMPTED,0,0,,0,0,0,,,,False,False,,,,,0,,,,,,,,,,,,,NO_USABLE_TRANSIT,,BACKGROUND_TEST_UNAVAILABLE,0,,,,,,,,,,,,,,0,too_few_points,False,,,,,inconclusive,not_measured,not_measured,,False,,0,0,1,1,0,,,0,,0,False,,,,,,,,,84,,,0,,0,False,,,,,,,,,84,0,3
K02715.02,Kepler-1321 c,9837661,271165895,tic_kic_crossid_over_name_planet,CONFIRMED,CANDIDATE,2.2264962,133.37195,1.7073,1839.1,59.7,-59.7,0.038292,0.048,10.35,3640,4.744,16.835,0,0,0,0,3,294.52859,46.640968,13,QUERY_RETURNED_ZERO_ROWS,lightkurve,QUERY_RETURNED_ZERO_ROWS,0,,,0.92717896,,1705.1748,55.352584,,,0,,0,,36,0,,,,,False,FLUX_COLUMN_NOT_PRESENT,,,,,,,,ENSEMBLE_NOT_ATTEMPTED,0,0,,0,0,0,,,,False,False,,,,,0,,,,,,,,,,,,,NO_USABLE_TRANSIT,,FLUX_COLUMN_NOT_PRESENT,,,,,,,,ENSEMBLE_NOT_ATTEMPTED,0,0,,0,0,0,,,,False,False,,,,,0,,,,,,,,,,,,,NO_USABLE_TRANSIT,,BACKGROUND_TEST_UNAVAILABLE,0,,,,,,,,,,,,,,0,too_few_points,False,,,,,inconclusive,not_measured,not_measured,,False,,0,0,1,1,0,,,0,,0,False,,,,,,,,,84,,,0,,0,False,,,,,,,,,84,0,3
K02715.03,Kepler-1321 d,9837661,271165895,tic_kic_crossid_over_name_planet,CONFIRMED,CANDIDATE,5.720846,134.66576,2.744,1316,73,-73,0.032418,0.166,16.24,3640,4.744,16.835,0,0,0,0,3,294.52859,46.640968,13,QUERY_RETURNED_ZERO_ROWS,lightkurve,QUERY_RETURNED_ZERO_ROWS,0,,,0.92990184,,1223.7508,67.882834,,,0,,0,,36,0,,,,,False,FLUX_COLUMN_NOT_PRESENT,,,,,,,,ENSEMBLE_NOT_ATTEMPTED,0,0,,0,0,0,,,,False,False,,,,,0,,,,,,,,,,,,,NO_USABLE_TRANSIT,,FLUX_COLUMN_NOT_PRESENT,,,,,,,,ENSEMBLE_NOT_ATTEMPTED,0,0,,0,0,0,,,,False,False,,,,,0,,,,,,,,,,,,,NO_USABLE_TRANSIT,,BACKGROUND_TEST_UNAVAILABLE,0,,,,,,,,,,,,,,0,too_few_points,False,,,,,inconclusive,not_measured,not_measured,,False,,0,0,1,1,0,,,0,,0,False,,,,,,,,,84,,,0,,0,False,,,,,,,,,84,0,3
K02012.01,Kepler-1052 b,9839821,271661839,tic_kic_crossid_over_name_planet,CONFIRMED,CANDIDATE,34.85369,164.04668,5.333,767.7,31.1,-31.1,0.025958,0.493,44.9,5818,4.554,14.876,0,0,0,0,2,295.34271,46.602261,13,OK,lightkurve,,10,"SPOC,TESS-SPOC","40,41,54,81,82",0.97510106,,748.58508,30.325643,2806.8559,2806.8559,138,37.966408,0,,193.89422,10,0.47966905,-2.0677832,-3506.9736,844.7116,False,OK,PDCSAP_FLUX,SPOC,-3506.9736,1696.0064,analytic,1696.0064,,TOO_FEW_MEMBERS,2,0,SPOC/PDCSAP_FLUX=OK;TESS-SPOC/PDCSAP_FLUX=OK,3,5,3,"40,41,54,81,82",SPOC,120,False,False,27989.403,,,3.6694969,5,sector_scatter,-5.684803,2.2665298,-2.5081528,-2.5081528,linear,-4.684803,-2.0677832,0.44138105,2.2665298,11.332649,62509047,OK,-2.5081528,OK,SAP_FLUX,SPOC,-2196.6121,1467.815,analytic,1467.815,,TOO_FEW_MEMBERS,2,0,SPOC/SAP_FLUX=OK;TESS-SPOC/SAP_FLUX=OK,3,5,3,"40,41,54,81,82",SPOC,120,False,False,24459.359,,,3.6400509,5,sector_scatter,-3.9343519,1.9618415,-2.0054383,-2.0054383,linear,-2.9343519,-1.4965184,0.50999962,1.9618415,9.8092073,13623915,OK,-2.0054383,BACKGROUND_TEST_UNAVAILABLE,0,,,,,,,0.033165009,9.2413536,1.805281,1.7328621,0.33851135,-1664.8016,0.97877409,2337,OK,False,1.7328621,,,,inconclusive,not_measurable,not_measurable,,False,,0,0,1,1,0.1,1696.0064,2902.6797,3,3.6694969,2,True,OK:2,,,,,,,,84,1467.815,2482.0148,3,3.6400509,2,True,OK:2,,,,,,,,84,0,3
K02012.02,Kepler-1052 c,9839821,271661839,tic_kic_crossid_over_name_planet,CONFIRMED,CANDIDATE,180.92173,234.3344,8.99,742.4,50.4,-50.4,0.02485,0.025,157.5,5818,4.554,14.876,0,0,0,0,2,295.34271,46.602261,13,OK,lightkurve,,10,"SPOC,TESS-SPOC","40,41,54,81,82",0.96302252,,714.94792,48.536335,2771.2994,2771.2994,26,107.52484,0,,457.42451,14,2.1845323,1.3984233,2201.4386,3506.3566,False,OK,PDCSAP_FLUX,SPOC,2201.4386,1574.229,analytic,1681.8211,591.88271,OK,2,2,SPOC/PDCSAP_FLUX=2201ppm;TESS-SPOC/PDCSAP_FLUX=461ppm,2,5,2,"40,41,54,81,82",SPOC,120,False,False,25222.265,,,4.9116711,5,sector_scatter,2.0791593,2.3538791,0.88329061,0.88329061,linear,3.0791593,1.3984233,0.45415751,2.3538791,11.769396,92396317,OK,0.88329061,OK,SAP_FLUX,SPOC,-2141.165,1302.9011,analytic,1302.9011,,TOO_FEW_MEMBERS,2,0,SPOC/SAP_FLUX=OK;TESS-SPOC/SAP_FLUX=OK,2,5,2,"40,41,54,81,82",SPOC,120,False,False,20881.439,,,0.024323533,5,,-3.9948546,1.8243214,-2.1897757,-2.1897757,linear,-2.9948546,-1.6433827,0.54873538,1.8243214,9.121607,6541698.4,OK,-2.1897757,BACKGROUND_TEST_UNAVAILABLE,0,,,,,,,0.024262256,21.143183,1.5915197,2.3518557,0.17703223,-1772.8544,1.054059,2695,OK,True,2.3518557,1.0183119,8.4022901,,duration_inconsistent,not_measurable,not_measurable,,False,,0,0,1,1,0.1,1574.229,2414.0647,2,4.9116711,0,False,,0.26886179,739.1401,1922.9055,460.60707,2201.4386,1331.0228,1740.8315,84,1302.9011,140.69148,2,0.024323533,2,True,OK:2,,,,,,,,84,0,3
K03480.01,,9843517,272601878,tic_kic_crossid,CANDIDATE,CANDIDATE,11.937835,133.2612,4.652,246,29.2,-29.2,0.014211,0.036,19.88,5469,4.611,15.954,0,0,0,0,1,296.65256,46.618809,13,QUERY_RETURNED_ZERO_ROWS,lightkurve,QUERY_RETURNED_ZERO_ROWS,0,,,0.95646458,,235.29029,27.928766,,,0,,0,,36,0,,,,,False,FLUX_COLUMN_NOT_PRESENT,,,,,,,,ENSEMBLE_NOT_ATTEMPTED,0,0,,0,0,0,,,,False,False,,,,,0,,,,,,,,,,,,,NO_USABLE_TRANSIT,,FLUX_COLUMN_NOT_PRESENT,,,,,,,,ENSEMBLE_NOT_ATTEMPTED,0,0,,0,0,0,,,,False,False,,,,,0,,,,,,,,,,,,,NO_USABLE_TRANSIT,,BACKGROUND_TEST_UNAVAILABLE,0,,,,,,,,,,,,,,0,too_few_points,False,,,,,inconclusive,not_measured,not_measured,,False,,0,0,1,1,0,,,0,,0,False,,,,,,,,,84,,,0,,0,False,,,,,,,,,84,0,3
K07252.01,,9909965,274198319,tic_kic_crossid,CANDIDATE,CANDIDATE,10.217059,139.1299,2.259,121.3,17.7,-17.7,0.010155,0.132,34.6,6211,4.384,14.455,0,0,0,0,1,298.54852,46.756641,13,OK,lightkurve,,8,"SPOC,TESS-SPOC","74,75,81,82",0.96587594,,117.16075,17.096004,3366.7371,3366.5331,528,165.97195,-293.68807,1.7695042,531.80086,38,3.1228548,-0.40229299,-379.54095,2891.1984,True,OK,PDCSAP_FLUX,SPOC,2891.1984,889.49985,bootstrap,922.95245,246.23412,OK,2,2,SPOC/PDCSAP_FLUX=2891ppm;TESS-SPOC/PDCSAP_FLUX=2167ppm,9,4,4,"74,75,81,82",SPOC,120,False,False,15592.677,1469.3353,0.78486331,1.7110229,4,,3.2058794,0.35454075,9.0423439,3.0050367,ln,24.677192,3.2503641,0.13171531,7.879169,39.395845,1.5072321e+19,OK,9.0423439,OK,SAP_FLUX,SPOC,1700.2692,592.22428,bootstrap,636.15702,232.30616,OK,2,2,SPOC/SAP_FLUX=1700ppm;TESS-SPOC/SAP_FLUX=1017ppm,10,4,4,"74,75,81,82",SPOC,120,False,False,10474.548,1044.9433,0.86165549,2.1677348,4,,2.6749949,0.40469892,6.6098395,2.4875462,ln,14.512276,2.8709886,0.19783173,5.4319697,27.159849,7.3139929e+13,OK,6.6098395,BACKGROUND_TEST_AGREES,2,"SPOC,TESS-SPOC",-1173.1504,803.94782,-1.459237,-0.46386276,PDC_DEEPER_THAN_SAP,0.02,1.6143768,0.2714578,0.71464221,0.12016724,1761.9041,1.0229199,2671,OK,False,0.71464221,1.0405775,-1.1038265,0.71286258,fixed_b,not_measurable,not_measurable,,False,,0,0,1,1,0.3,925.81902,889.49985,10,0.97249181,0,False,,0.085166802,2282.8553,2775.3235,2166.9804,2891.1984,2529.0894,724.218,84,595.28106,592.22428,11,0.95654148,0,False,,0.13662905,1126.3363,1590.9486,1017.0158,1700.2692,1358.6425,683.2534,84,-0.20395005,3
K00398.01,Kepler-148 d,9946525,159171904,tic_kic_crossid_over_name_planet,CONFIRMED,CANDIDATE,51.84689,170.08076,4.7769,9636.3,41.4,-41.4,0.095348,0.681,71.13,5227,4.535,15.342,0,0,0,0,3,289.78622,46.858791,13,OK,lightkurve,,4,"SPOC,TESS-SPOC","80,82",0.98941454,,9534.2954,40.961762,3498.8511,3498.8677,106,4.5189263,23.846285,5.2769803,85.210279,10,3.849635,3.6081933,8478.1536,8883.0827,True,OK,PDCSAP_FLUX,SPOC,8883.0827,2307.513,analytic,2320.4791,244.96353,OK,2,2,SPOC/PDCSAP_FLUX=8883ppm;TESS-SPOC/PDCSAP_FLUX=9604ppm,2,2,2,"80,82",SPOC,120,False,False,27304.466,-2084.0521,0.44199197,0.1953569,2,,-0.070746685,0.26600134,-0.26596364,-0.27485504,ln,0.93169788,3.849635,4.131849,0.24850236,1.2425118,23495.403,OK,-0.26596364,OK,SAP_FLUX,SPOC,5890.2194,1546.2018,analytic,1548.3693,81.900252,OK,2,2,SPOC/SAP_FLUX=5890ppm;TESS-SPOC/SAP_FLUX=6131ppm,2,2,2,"80,82",SPOC,120,False,False,18013.998,-615.00307,0.19871861,0.039489087,2,,-0.48160209,0.26761867,-1.7995833,-2.2485805,ln,0.61779284,3.8094765,6.1662685,0.16997709,0.84988544,12770.033,OK,-1.7995833,BACKGROUND_TEST_AGREES,2,"SPOC,TESS-SPOC",-3206.2593,2069.4023,-1.5493649,-0.34687301,PDC_DEEPER_THAN_SAP,0.15293271,4.6332046,0.58505679,0.9699187,0.12247625,9063.768,1.0839891,1433,OK,False,0.9699187,0.99506344,-0.1879226,0.71230347,fixed_b,consistent,consistent,,False,,0,0,1,1,0.1,2307.513,728.9231,2,0.1953569,0,False,,0.02757641,8998.3597,9488.2867,8883.0827,9603.5637,9243.3232,720.48096,84,1546.2018,212.85535,2,0.039489087,0,False,,0.013904449,5928.7607,6092.5612,5890.2194,6131.1025,6010.661,240.8831,84,0.01655992,3
K00398.02,Kepler-148 c,9946525,159171904,tic_kic_crossid_over_name_planet,CONFIRMED,CANDIDATE,4.1800481,173.71925,2.4479,1765.6,15.6,-15.6,0.037538,0.047,13.534,5227,4.535,15.342,0,0,0,0,3,289.78622,46.858791,13,OK,lightkurve,,4,"SPOC,TESS-SPOC","80,82",0.95417698,,1684.6949,14.885161,3507.6625,3507.6625,1316,5.2488248,0,,52.464974,8,1.2531676,0.22626157,313.71549,1750.1777,False,OK,PDCSAP_FLUX,SPOC,313.71549,636.44121,bootstrap,637.47962,36.370873,OK,2,2,SPOC/PDCSAP_FLUX=314ppm;TESS-SPOC/PDCSAP_FLUX=421ppm,10,2,2,"80,82",SPOC,120,False,False,27463.372,621.42636,0.22408143,0.52249365,2,,-0.81378498,0.38178609,-2.1315208,-2.1315208,linear,0.18621502,0.49292139,2.6470549,0.38178609,1.9089304,9680.0375,OK,-2.1315208,OK,SAP_FLUX,SPOC,155.67621,471.40297,bootstrap,471.51468,10.263034,OK,2,2,SPOC/SAP_FLUX=156ppm;TESS-SPOC/SAP_FLUX=125ppm,12,2,2,"80,82",SPOC,120,False,False,18339.142,-1057.2622,0.58355927,0.19636782,2,,-0.90759382,0.28444971,-3.1907005,-3.1907005,linear,0.092406177,0.3302402,3.5737893,0.28444971,1.4222485,5300.7802,OK,-3.1907005,BACKGROUND_TEST_AGREES,2,"SPOC,TESS-SPOC",-217.48213,596.17396,-0.36479643,-0.59226828,PDC_DEEPER_THAN_SAP,0.036257183,3.8704697,0.66330217,1.5811388,0.27096784,1188.0566,1.0501518,3246,OK,False,1.5811388,0.97935074,2.6794259,,fixed_b,not_measurable,not_measurable,,False,,0,0,1,1,0.1,1386.5169,636.44121,10,0.23579962,0,False,,0.11593586,330.83119,403.57294,313.71549,420.68865,367.20207,106.97316,84,905.11022,471.40297,12,0.3657593,0,False,,0.06592551,130.32048,150.84655,125.49082,155.67621,140.58352,30.185393,84,0,3
K00398.03,Kepler-148 b,9946525,159171904,tic_kic_crossid_over_name_planet,CONFIRMED,CANDIDATE,1.7293671,133.81929,1.7442,484.4,12.6,-12.6,0.019899,0.278,7.46,5227,4.535,15.342,0,0,0,0,3,289.78622,46.858791,13,OK,lightkurve,,4,"SPOC,TESS-SPOC","80,82",0.95867228,,464.38085,12.079271,3505.9821,3505.9821,3203,12.067077,0,,62.36423,12,1.0798254,0.6949908,693.36356,1070.209,False,OK,PDCSAP_FLUX,SPOC,693.36356,1132.9286,bootstrap,1143.7658,157.07696,OK,2,2,SPOC/PDCSAP_FLUX=693ppm;TESS-SPOC/PDCSAP_FLUX=231ppm,27,2,2,"80,82",SPOC,120,False,False,25621.097,1250.3425,0.56493575,1.5047846,2,,0.49309247,2.4636357,0.20014829,0.20014829,linear,1.4930925,0.61200996,0.40989421,2.4636357,12.318179,1.0389373e+08,OK,0.20014829,OK,SAP_FLUX,SPOC,245.41131,810.36412,bootstrap,810.49239,14.419221,OK,2,2,SPOC/SAP_FLUX=245ppm;TESS-SPOC/SAP_FLUX=203ppm,31,2,2,"80,82",SPOC,120,False,False,18084.947,1122.933,0.71444828,1.22442,2,,-0.47153007,1.7462281,-0.27002777,-0.27002777,linear,0.52846993,0.3028408,0.57305209,1.7462281,8.7311404,2875347,OK,-0.27002777,BACKGROUND_TEST_AGREES,2,"SPOC,TESS-SPOC",-232.76465,972.18973,-0.23942307,-0.50341858,PDC_DEEPER_THAN_SAP,0.021111165,1.03776,1.83141,0.59497766,1.05,887.59647,1.1248497,6775,OK,True,0.59497766,1.0047041,-0.29673428,0.83625676,fixed_b,not_measurable,not_measurable,,False,,0,0,1,1,0.2,997.65861,1132.9286,27,1.332182,0,False,,0.22654344,305.29106,619.44498,231.37248,693.36356,462.36802,461.99107,84,652.41751,810.36412,31,1.5628907,0,False,,0.058755324,209.78736,238.6258,203.00184,245.41131,224.20658,42.409474,84,0,3
K04460.01,,9947389,159300992,tic_kic_crossid,CANDIDATE,CANDIDATE,284.72721,142.0923,10.299,355.3,34,-34,0.017149,0.316,204.2,5497,4.332,14.636,0,0,0,0,1,290.14725,46.802872,13,OK,lightkurve,NO_USABLE_TRANSIT,8,"SPOC,TESS-SPOC","74,75,80,82",0.96219309,,341.8672,32.714565,3384.9093,3384.9093,19,231.19628,0,,848.07384,12,,,,,False,NO_USABLE_TRANSIT,PDCSAP_FLUX,SPOC,,,none,,,TOO_FEW_MEMBERS,2,0,SPOC/PDCSAP_FLUX=NO_USABLE_TRANSIT;TESS-SPOC/PDCSAP_FLUX=NO_USABLE_TRANSIT,0,4,0,"74,75,80,82",SPOC,120,False,False,,,,,4,,,,,,,,,,,,,NO_USABLE_TRANSIT,,NO_USABLE_TRANSIT,SAP_FLUX,SPOC,,,none,,,TOO_FEW_MEMBERS,2,0,SPOC/SAP_FLUX=NO_USABLE_TRANSIT;TESS-SPOC/SAP_FLUX=NO_USABLE_TRANSIT,0,4,0,"74,75,80,82",SPOC,120,False,False,,,,,4,,,,,,,,,,,,,NO_USABLE_TRANSIT,,BACKGROUND_TEST_UNAVAILABLE,0,,,,,,,0.02,,,,,,,0,too_few_points,False,,,,,inconclusive,not_measured,not_measured,,False,,0,0,1,1,0.1,,,0,,2,True,NO_USABLE_TRANSIT:2,,,,,,,,84,,,0,,2,True,NO_USABLE_TRANSIT:2,,,,,,,,84,0,3
K05749.01,,9994381,164455576,tic_kic_crossid,CANDIDATE,CANDIDATE,281.95332,231.2826,2.756,1039,152,-152,0.030626,0.6164,646,4864,4.628,15.399,0,0,0,0,1,282.93451,46.994869,13,OK,lightkurve,NO_USABLE_TRANSIT,16,"SPOC,TESS-SPOC","40,41,53,54,55,80,81,82",0.98085002,,1019.1032,149.0892,2857.489,2857.489,17,115.825,0,,388.81499,20,,,,,False,NO_USABLE_TRANSIT,PDCSAP_FLUX,SPOC,,,none,,,TOO_FEW_MEMBERS,2,0,SPOC/PDCSAP_FLUX=NO_USABLE_TRANSIT;TESS-SPOC/PDCSAP_FLUX=NO_USABLE_TRANSIT,0,8,0,"40,41,53,54,55,80,81,82",SPOC,120,False,False,,,,,8,,,,,,,,,,,,,NO_USABLE_TRANSIT,,NO_USABLE_TRANSIT,SAP_FLUX,SPOC,,,none,,,TOO_FEW_MEMBERS,2,0,SPOC/SAP_FLUX=NO_USABLE_TRANSIT;TESS-SPOC/SAP_FLUX=NO_USABLE_TRANSIT,0,8,0,"40,41,53,54,55,80,81,82",SPOC,120,False,False,,,,,8,,,,,,,,,,,,,NO_USABLE_TRANSIT,,BACKGROUND_TEST_UNAVAILABLE,0,,,,,,,0.047109611,,,,,,,0,too_few_points,False,,,,,inconclusive,not_measured,not_measured,,False,,0,0,1,1,0.2,,,0,,2,True,NO_USABLE_TRANSIT:2,,,,,,,,84,,,0,,2,True,NO_USABLE_TRANSIT:2,,,,,,,,84,0,3
K04146.01,Kepler-1558 b,10000941,158322085,tic_kic_crossid_over_name_planet,CONFIRMED,CANDIDATE,3.5047234,133.72225,1.9464,90.7,5.6,-5.6,0.008606,0.309,13.22,5115,4.477,13.632,0,0,0,0,2,286.81937,46.91169,13,OK,lightkurve,,19,"QLP,SPOC,TESS-SPOC","14,15,40,41,53,54,55,74,75,80,82",0.9589135,,86.973454,5.3699156,3360.4916,3360.4442,1539,34.73187,-68.131786,1.9616504,133.39161,16,8.3249742,1.0951433,165.17033,1108.7285,True,OK,PDCSAP_FLUX,QLP,1108.7285,832.26581,bootstrap,970.79813,499.78257,OK,4,2,SPOC/PDCSAP_FLUX=42ppm;TESS-SPOC/PDCSAP_FLUX=OK;QLP/KSPSAP_FLUX=1512ppm;QLP/DET_FLUX=OK,73,11,11,"74,75,80,82,14,15,40,41,53,54,55","QLP,SPOC","120,1800,600",True,False,3833.0761,1735.9902,1.3467436,5.75605,8,smeared;sector_scatter,11.747896,11.162288,1.0524631,1.0524631,linear,12.747896,1.3321808,0.10450201,11.162288,55.811439,1.5065602e+26,OK,1.0524631,OK,SAP_FLUX,QLP,1137.8602,833.98965,bootstrap,933.7084,419.84835,OK,3,2,SPOC/SAP_FLUX=80ppm;TESS-SPOC/SAP_FLUX=OK;QLP/SAP_FLUX=1315ppm,78,11,11,"74,75,80,82,14,15,40,41,53,54,55","QLP,SPOC","120,1800,600",True,False,3918.5825,1799.6438,1.4914911,7.2676797,8,smeared;sector_scatter,12.082844,10.73585,1.1254669,1.1254669,linear,13.082844,1.3643576,0.10428601,10.73585,53.67925,1.7864421e+25,OK,1.1254669,BACKGROUND_TEST_AGREES,1,SPOC,37.609629,503.26612,0.074731098,0.88928246,SAP_DEEPER_THAN_PDC,0.02,2.7236007,0.24239274,1.3993016,0.12453388,326.15176,1.2115787,7920,OK,False,1.3993016,1.0242215,2.7321285,,fixed_b,not_measurable,not_measurable,,False,,0,0,1,1,0.5,133.18102,832.26581,78,5.3650358,2,True,OK:2,0.45077092,277.48391,1277.0491,42.292107,1512.2409,777.26648,1066.4364,84,122.23813,833.98965,83,5.4614704,1,True,OK:1,0.36898063,277.47743,1117.1741,79.901737,1314.7498,697.32578,1057.9584,84,-0.04731374,3
K04146.02,,10000941,158322085,tic_kic_crossid_over_name_planet,CANDIDATE,CANDIDATE,2.5738437,132.17126,1.92,46.6,4.9,-4.9,0.006083,0.044,10.31,5115,4.477,13.632,0,0,0,0,2,286.81937,46.91169,13,OK,lightkurve,,19,"QLP,SPOC,TESS-SPOC","14,15,40,41,53,54,55,74,75,80,82",0.95306401,,44.412783,4.6700136,3359.9477,3360.021,2096,51.286179,105.59232,2.0588845,182.65854,20,4.8920174,-0.72504821,-95.395506,680.58491,True,OK,PDCSAP_FLUX,QLP,680.58491,698.30044,bootstrap,698.30044,,TOO_FEW_MEMBERS,4,1,SPOC/PDCSAP_FLUX=OK;TESS-SPOC/PDCSAP_FLUX=OK;QLP/KSPSAP_FLUX=1489ppm;QLP/DET_FLUX=OK,103,11,11,"74,75,80,82,14,15,40,41,53,54,55","QLP,SPOC","120,1800,600",True,False,4841.3788,1476.2401,1.0801582,3.5621441,8,smeared;sector_scatter,14.324077,15.723392,0.91100427,0.91100427,linear,15.324077,0.9746305,0.063601252,15.723392,78.61696,6.1719135e+35,OK,0.91100427,OK,SAP_FLUX,QLP,520.60024,561.45031,bootstrap,614.4286,249.59179,OK,3,2,SPOC/SAP_FLUX=OK;TESS-SPOC/SAP_FLUX=8ppm;QLP/SAP_FLUX=742ppm,109,11,11,"74,75,80,82,14,15,40,41,53,54,55","QLP,SPOC","120,1800,600",True,False,4831.3383,1176.4019,1.0584857,3.1734977,8,smeared;sector_scatter,10.721856,13.834989,0.77498116,0.77498116,linear,11.721856,0.92724188,0.079103675,13.834989,69.174945,4.8955884e+31,OK,0.77498116,BACKGROUND_TEST_UNAVAILABLE,0,,,,,,,0.02,0.768,0.011909471,0.4,0.0062028496,1992.6933,7.9249886,12861,OK,True,0.4,1.0177136,-10.068617,0.92225825,tracks_b,not_measurable,not_measurable,,False,,0,0,1,1,0.7,139.12152,698.30044,107,25.882853,3,True,OK:3,,,,,,,,84,125.12381,561.45031,112,24.251573,1,True,OK:1,0.4794308,125.80474,624.98831,8.3497842,742.44327,375.39653,512.25045,84,0.073328,3
K07982.01,,10011213,62917390,tic_kic_crossid,CANDIDATE,CANDIDATE,376.37989,486.6022,13.99,1140,106,-106,0.031308,0.305,202.5,6231,4.488,15.632,0,0,0,0,1,291.60455,46.973289,13,OK,lightkurve,NO_USABLE_TRANSIT,2,"SPOC,TESS-SPOC",82,0.96933785,,1105.0452,102.74981,3588.9207,3588.9207,14,949.02692,0,,864,10,,,,,False,NO_USABLE_TRANSIT,PDCSAP_FLUX,SPOC,,,none,,,TOO_FEW_MEMBERS,2,0,SPOC/PDCSAP_FLUX=NO_USABLE_TRANSIT;TESS-SPOC/PDCSAP_FLUX=NO_USABLE_TRANSIT,0,1,0,82,SPOC,120,False,False,,,,,1,,,,,,,,,,,,,NO_USABLE_TRANSIT,,NO_USABLE_TRANSIT,SAP_FLUX,SPOC,,,none,,,TOO_FEW_MEMBERS,2,0,SPOC/SAP_FLUX=NO_USABLE_TRANSIT;TESS-SPOC/SAP_FLUX=NO_USABLE_TRANSIT,0,1,0,82,SPOC,120,False,False,,,,,1,,,,,,,,,,,,,NO_USABLE_TRANSIT,,BACKGROUND_TEST_UNAVAILABLE,0,,,,,,,0.033370911,,,,,,,0,too_few_points,False,,,,,inconclusive,not_measured,not_measured,,False,,0,0,1,1,0,,,0,,2,True,NO_USABLE_TRANSIT:2,,,,,,,,84,,,0,,2,True,NO_USABLE_TRANSIT:2,,,,,,,,84,0,3
K02002.01,Kepler-1046 b,10024701,272601000,tic_kic_crossid_confirms_name_planet,CONFIRMED,CANDIDATE,14.375046,139.05924,3.208,251.1,18.4,-18.4,0.017825,0.927,14.39,5931,4.403,13.286,0,0,0,0,1,296.75574,46.998291,13,OK,lightkurve,,20,"QLP,SPOC,TESS-SPOC","14,15,41,54,74,75,81,82",1.0512197,,263.96128,19.342443,3348.3264,3348.3264,374,47.341648,0,,190.14494,13,1.4500157,-2.4602301,-626.08688,401.01518,False,OK,PDCSAP_FLUX,QLP,-626.08688,307.13358,bootstrap,307.13358,,TOO_FEW_MEMBERS,4,1,SPOC/PDCSAP_FLUX=OK;TESS-SPOC/PDCSAP_FLUX=OK;QLP/KSPSAP_FLUX=OK;QLP/DET_FLUX=926ppm,13,8,7,"41,54,74,75,81,82,14,15","QLP,SPOC","120,1800",False,False,5772.5614,542.80891,1.0610826,1.9815067,12,,-3.3718891,1.1669322,-2.8895329,-2.8895329,linear,-2.3718891,-2.038484,0.85943477,1.1669322,5.8346612,89997.299,OK,-2.8895329,OK,SAP_FLUX,QLP,-312.49704,289.6242,bootstrap,289.67286,5.3091677,OK,3,2,SPOC/SAP_FLUX=OK;TESS-SPOC/SAP_FLUX=91ppm;QLP/SAP_FLUX=107ppm,13,8,7,"41,54,74,75,81,82,14,15","QLP,SPOC","120,1800",False,False,5261.9731,135.03549,0.29295132,2.4286233,12,,-2.1838746,1.1009863,-1.9835619,-1.9835619,linear,-1.1838746,-1.0789742,0.91139234,1.1009863,5.5049317,64644.557,OK,-1.9835619,BACKGROUND_TEST_UNAVAILABLE,0,,,,,,,0.11388109,1.2832,0.061566798,0.4,0.019191645,-580.47949,1.0523075,5202,OK,True,0.4,,,1.0038454,inconclusive,not_measurable,not_measurable,,False,,0,0,1,1,0.3,254.48305,307.13358,15,1.6002426,3,True,OK:3,,,,,,,,84,229.47933,289.6242,15,1.6452094,1,True,OK:1,0.053597665,93.746784,104.36512,91.248352,106.86355,99.055952,7.8075996,84,0,3
K02520.01,Kepler-1265 b,10059645,164781761,tic_kic_crossid_over_name_planet,CONFIRMED,CANDIDATE,6.4944146,132.25189,2.344,357.3,23.6,-23.6,0.021621,0.911,9.82,4769,4.557,15.602,0,0,0,0,1,284.58578,47.079529,13,OK,lightkurve,,6,"SPOC,TESS-SPOC","80,81,82",1.0618764,,379.40845,25.060284,3517.9764,3517.9764,855,38.866295,0,,151.75889,16,0.97353766,0.52749566,874.72798,1484.0045,False,OK,PDCSAP_FLUX,SPOC,874.72798,1159.5494,bootstrap,1159.5494,,TOO_FEW_MEMBERS,2,1,SPOC/PDCSAP_FLUX=875ppm;TESS-SPOC/PDCSAP_FLUX=OK,10,3,3,"80,81,82",SPOC,120,False,False,30985.949,2733.5458,0.7692827,1.7511544,3,,1.3055047,3.0573258,0.4270087,0.4270087,linear,2.3055047,0.75436891,0.32720337,3.0573258,15.286629,1.6519831e+09,OK,0.4270087,OK,SAP_FLUX,SPOC,-266.40964,778.17017,bootstrap,778.17017,,TOO_FEW_MEMBERS,2,0,SPOC/SAP_FLUX=OK;TESS-SPOC/SAP_FLUX=OK,12,3,3,"80,81,82",SPOC,120,False,False,21535.7,2244.5489,1.0584349,0.74452368,3,,-1.7021711,2.0526814,-0.82924271,-0.82924271,linear,-0.70217108,-0.34235396,0.48756489,2.0526814,10.263407,10875090,OK,-0.82924271,BACKGROUND_TEST_UNAVAILABLE,0,,,,,,,0.11416672,0.9376,2.4612,0.4,1.05,-1012.3687,1.0403542,3163,OK,True,0.4,1.0525188,-0.36844418,1.0047404,fixed_b,not_measurable,not_measurable,,False,,0,0,1,1,0.2,1658.2657,1159.5494,10,0.67938966,1,True,OK:1,,,,,,,,84,1041.2767,778.17017,12,0.61663233,2,True,OK:2,,,,,,,,84,0,3
K04898.01,,10065053,158488286,tic_kic_crossid,CANDIDATE,CANDIDATE,409.87844,238.9944,10.58,647.1,90.5,-90.5,0.023376,0.177,298.4,6167,4.444,15.731,0,0,0,0,1,287.34897,47.060982,13,OK,lightkurve,NO_USABLE_TRANSIT,4,"SPOC,TESS-SPOC","80,82",0.96609898,,625.16265,87.431958,3400.4141,3400.4141,13,440.23127,0,,864,12,,,,,False,NO_USABLE_TRANSIT,PDCSAP_FLUX,SPOC,,,none,,,TOO_FEW_MEMBERS,2,0,SPOC/PDCSAP_FLUX=NO_USABLE_TRANSIT;TESS-SPOC/PDCSAP_FLUX=NO_USABLE_TRANSIT,0,2,0,"80,82",SPOC,120,False,False,,,,,2,,,,,,,,,,,,,NO_USABLE_TRANSIT,,NO_USABLE_TRANSIT,SAP_FLUX,SPOC,,,none,,,TOO_FEW_MEMBERS,2,0,SPOC/SAP_FLUX=NO_USABLE_TRANSIT;TESS-SPOC/SAP_FLUX=NO_USABLE_TRANSIT,0,2,0,"80,82",SPOC,120,False,False,,,,,2,,,,,,,,,,,,,NO_USABLE_TRANSIT,,BACKGROUND_TEST_UNAVAILABLE,0,,,,,,,0.02356382,,,,,,,0,too_few_points,False,,,,,inconclusive,not_measured,not_measured,,False,,0,0,1,1,0,,,0,,2,True,NO_USABLE_TRANSIT:2,,,,,,,,84,,,0,,2,True,NO_USABLE_TRANSIT:2,,,,,,,,84,0,3
K05761.01,,10083325,271355688,tic_kic_crossid,CANDIDATE,CANDIDATE,6.1329273,131.9926,1.561,58.7,7.5,-7.5,0.007003,0.225,29.5,5877,3.941,13.421,0,0,0,0,1,294.9733,47.015369,13,OK,lightkurve,,18,"QLP,SPOC,TESS-SPOC","14,15,40,41,54,55,74,75,81,82",0.96535313,,56.666229,7.2401485,3361.9686,3361.8656,880,46.356246,-148.30124,3.1991643,162.48374,19,6.8203317,-0.2180527,-51.944915,1423.3578,True,OK,PDCSAP_FLUX,QLP,1423.3578,1173.1388,bootstrap,1451.8836,855.40134,OK,4,2,SPOC/PDCSAP_FLUX=OK;TESS-SPOC/PDCSAP_FLUX=OK;QLP/KSPSAP_FLUX=2627ppm;QLP/DET_FLUX=111ppm,42,10,10,"74,75,81,82,14,15,40,41,54,55","QLP,SPOC","120,1800,600",True,False,4532.8989,-1677.561,0.91987007,16.780169,8,smeared;sector_scatter,24.118272,25.622041,0.94130957,0.94130957,linear,25.118272,1.2132902,0.048303091,25.622041,128.1102,2.4596845e+57,OK,0.94130957,OK,SAP_FLUX,QLP,1189.5352,1001.6372,bootstrap,1001.6372,,TOO_FEW_MEMBERS,3,1,SPOC/SAP_FLUX=OK;TESS-SPOC/SAP_FLUX=OK;QLP/SAP_FLUX=1884ppm,42,10,10,"74,75,81,82,14,15,40,41,54,55","QLP,SPOC","120,1800,600",True,False,4056.9896,-1598.391,0.99474085,16.283875,8,smeared;sector_scatter,19.99196,17.67662,1.1309832,1.1309832,linear,20.99196,1.1875908,0.056573606,17.67662,88.383099,1.3728292e+40,OK,1.1309832,BACKGROUND_TEST_UNAVAILABLE,0,,,,,,,0.02,2.7888912,0.17575526,1.7866055,0.11259146,291.07079,1.1065535,4595,OK,False,1.7866055,1.0293558,4.4170852,,duration_inconsistent,not_measurable,not_measurable,,False,,0,0,1,1,0.4,208.69334,1173.1388,43,8.44309,2,True,OK:2,0.60097423,513.4153,2224.218,110.8735,2626.7598,1368.8166,1312.4843,84,194.89657,1001.6372,43,8.1603908,2,True,OK:2,,,,,,,,84,-0.10298698,3
K04557.01,,10257229,164556913,tic_kic_crossid,CANDIDATE,CANDIDATE,5.7565196,136.97726,2.309,65.3,6.7,-6.7,0.007466,0.247,18.61,6208,4.454,13.666,0,0,0,0,1,283.70471,47.385288,13,OK,lightkurve,,21,"QLP,SPOC,TESS-SPOC","14,40,41,53,54,55,74,75,80,81,82",0.96772747,,63.192604,6.4837741,3484.723,3484.723,958,50.739509,0,,186.85353,18,2.4520699,0.33437992,71.85717,539.95479,False,OK,PDCSAP_FLUX,QLP,71.85717,463.67415,bootstrap,463.67415,,TOO_FEW_MEMBERS,4,1,SPOC/PDCSAP_FLUX=OK;TESS-SPOC/PDCSAP_FLUX=OK;QLP/KSPSAP_FLUX=393ppm;QLP/DET_FLUX=OK,43,11,11,"74,75,80,81,82,14,40,41,53,54,55","QLP,SPOC","120,1800,600",True,False,6111.677,-92.622449,0.10371312,1.0964922,10,smeared,0.1371136,7.3383626,0.018684495,0.018684495,linear,1.1371136,0.15497342,0.13628667,7.3383626,36.691813,5.4414936e+17,OK,0.018684495,OK,SAP_FLUX,QLP,6.2925301,423.54555,bootstrap,423.54555,,TOO_FEW_MEMBERS,3,1,SPOC/SAP_FLUX=OK;TESS-SPOC/SAP_FLUX=OK;QLP/SAP_FLUX=171ppm,46,11,11,"74,75,80,81,82,14,40,41,53,54,55","QLP,SPOC","120,1800,600",True,False,5832.0719,-144.56379,0.18725587,1.0032336,10,smeared,-0.900423,6.7034262,-0.1343228,-0.1343228,linear,0.099577003,0.014856797,0.14919907,6.7034262,33.517131,2.2749475e+16,OK,-0.1343228,BACKGROUND_TEST_UNAVAILABLE,0,,,,,,,0.02,5.5988557,2.42445,2.4247968,1.05,-157.56156,1.0487609,7646,OK,True,2.4247968,1.0005237,2.004032,,fixed_b,not_measurable,not_measurable,,False,,0,0,1,1,0.4,214.89678,463.67415,45,2.4670797,3,True,OK:3,,,,,,,,84,202.27707,423.54555,49,2.6422216,2,True,OK:2,,,,,,,,84,0,3
K02271.01,Kepler-1168 b,10329469,158412890,tic_kic_crossid_confirms_name_planet,CONFIRMED,CANDIDATE,55.822477,169.03741,5.457,879.6,42.6,-42.6,0.026492,0.031,80.19,5162,4.611,15.624,0,0,0,0,1,287.2977,47.455441,13,OK,lightkurve,,6,"SPOC,TESS-SPOC","80,81,82",0.95346815,,838.67058,40.617743,3528.4626,3528.4626,99,58.97412,0,,258.77736,14,1.5220904,0.59375876,1847.2854,4742.8683,False,OK,PDCSAP_FLUX,SPOC,1847.2854,3111.1715,analytic,3111.1754,4.8846114,OK,2,2,SPOC/PDCSAP_FLUX=1847ppm;TESS-SPOC/PDCSAP_FLUX=1833ppm,1,3,1,"80,81,82",SPOC,120,False,False,27441.775,,,,3,,1.2026352,3.7103043,0.32413385,0.32413385,linear,2.2026352,0.59375876,0.26956745,3.7103043,18.551521,9.559051e+10,OK,0.32413385,OK,SAP_FLUX,SPOC,1463.9489,2059.1998,analytic,2059.2135,7.4991666,OK,2,2,SPOC/SAP_FLUX=1464ppm;TESS-SPOC/SAP_FLUX=1442ppm,1,3,1,"80,81,82",SPOC,120,False,False,18162.965,,,,3,,0.74555895,2.4563171,0.30352716,0.30352716,linear,1.7455589,0.71093098,0.40727985,2.4563171,12.281585,1.8088981e+08,OK,0.30352716,BACKGROUND_TEST_AGREES,2,"SPOC,TESS-SPOC",-387.2905,2600.4364,-0.14893289,-0.21047229,PDC_DEEPER_THAN_SAP,0.025832488,12.834077,5.6251212,2.3518557,1.0308084,-1500.1834,1.1470072,818,OK,True,2.3518557,1.0125065,1.9057101,,fixed_b,not_measurable,not_measurable,,False,,0,0,1,1,0.1,3111.1715,,1,0,0,False,,0.0026442106,1835.2175,1844.9867,1832.9188,1847.2854,1840.1021,14.366504,84,2059.1998,,1,1.1088775e-32,0,False,,0.0051225602,1445.4216,1460.4199,1441.8926,1463.9489,1452.9208,22.056372,84,0,3
K01165.01,Kepler-783 c,10337517,159642390,tic_kic_crossid_confirms_name_planet,CONFIRMED,CANDIDATE,7.0539345,136.35725,1.7244,511.5,10.6,-10.6,0.025075,0.899,15.42,5357,4.498,13.916,0,0,0,0,2,291.06293,47.484798,13,OK,lightkurve,,21,"QLP,SPOC,TESS-SPOC","14,15,40,41,54,55,74,75,80,81,82",1.0465642,,535.31758,11.09358,3485.534,3485.534,782,8.7538785,0,,52.127636,12,2.3956167,-0.17605457,-86.836019,1186.9734,False,OK,PDCSAP_FLUX,QLP,-86.836019,1046.4008,bootstrap,1107.1986,361.84816,OK,4,3,SPOC/PDCSAP_FLUX=1463ppm;TESS-SPOC/PDCSAP_FLUX=1813ppm;QLP/KSPSAP_FLUX=OK;QLP/DET_FLUX=748ppm,43,11,11,"74,75,80,81,82,14,15,40,41,54,55","QLP,SPOC","120,1800,600",True,False,10984.582,-1242.7671,0.63374046,3.0107712,10,smeared;sector_scatter,-1.162214,2.0690104,-0.56172459,-0.56172459,linear,-0.16221403,-0.082985428,0.51157986,2.0690104,10.345052,16649323,OK,-0.56172459,OK,SAP_FLUX,QLP,335.57269,208.92852,bootstrap,215.01985,50.817439,OK,3,2,SPOC/SAP_FLUX=480ppm;TESS-SPOC/SAP_FLUX=331ppm;QLP/SAP_FLUX=OK,43,11,11,"74,75,80,81,82,14,15,40,41,54,55","QLP,SPOC","120,1800,600",True,False,5261.3339,290.54524,0.68951479,2.3846402,10,smeared,-0.37313344,0.40529805,-0.92063961,-0.92063961,linear,0.62686656,1.6061603,2.5622044,0.40529805,2.0264903,3526.3562,OK,-0.92063961,BACKGROUND_TEST_AGREES,2,"SPOC,TESS-SPOC",-1215.7249,565.39515,-2.1502217,-0.74235668,PDC_DEEPER_THAN_SAP,0.11707562,2.4129557,0.14748962,1.3993016,0.085530977,1612.235,1.1384513,5833,OK,False,1.3993016,,,0.75881525,inconclusive,not_measurable,not_measurable,,False,,0,0,1,1,0.3,493.23353,1046.4008,43,2.0358986,1,True,OK:1,0.24740675,976.99298,1700.6893,748.48903,1812.7483,1462.5639,714.07483,84,188.58382,208.92852,43,1.7511027,1,True,OK:1,0.15143497,354.49179,456.12667,330.5777,480.04076,405.30923,144.46807,84,0,3
K01165.02,Kepler-783 b,10337517,159642390,tic_kic_crossid_confirms_name_planet,CONFIRMED,CANDIDATE,4.292637,134.80018,2.7,61.4,6.4,-6.4,0.007235,0.454,10.94,5357,4.498,13.916,0,0,0,0,2,291.06293,47.484798,13,OK,lightkurve,,21,"QLP,SPOC,TESS-SPOC","14,15,40,41,54,55,74,75,80,81,82",0.96798768,,59.434444,6.1951212,3488.1314,3488.1314,1286,70.703237,0,,252.60971,20,2.706125,0.67627678,257.1357,975.05121,False,OK,PDCSAP_FLUX,QLP,257.1357,452.68319,bootstrap,590.51538,379.19169,OK,4,4,SPOC/PDCSAP_FLUX=336ppm;TESS-SPOC/PDCSAP_FLUX=771ppm;QLP/KSPSAP_FLUX=144ppm;QLP/DET_FLUX=1200ppm,58,11,11,"74,75,80,81,82,14,15,40,41,54,55","QLP,SPOC","120,1800,600",False,False,11229.839,-912.1423,1.0232682,0.66363552,10,,3.3263751,9.9362476,0.33477176,0.33477176,linear,4.3263751,0.56802572,0.13129368,9.9362476,49.681238,2.2404006e+23,OK,0.33477176,OK,SAP_FLUX,QLP,105.37203,145.77805,bootstrap,239.79627,190.39699,OK,3,3,SPOC/SAP_FLUX=104ppm;TESS-SPOC/SAP_FLUX=184ppm;QLP/SAP_FLUX=664ppm,64,11,11,"74,75,80,81,82,14,15,40,41,54,55","QLP,SPOC","120,1800,600",False,False,5802.2602,-387.67574,1.401443,0.57451903,10,,0.77291181,4.0362907,0.19149062,0.19149062,linear,1.7729118,0.72282507,0.40770504,4.0362907,20.181453,3.45726e+10,OK,0.19149062,BACKGROUND_TEST_AGREES,2,"SPOC,TESS-SPOC",-442.42587,423.03124,-1.0458468,-0.79964751,PDC_DEEPER_THAN_SAP,0.02,4.9734425,0.44262228,1.8420157,0.16393418,481.04683,1.102435,10974,OK,False,1.8420157,1.0097484,4.5782062,,duration_inconsistent,not_measurable,not_measurable,,False,,0,0,1,1,0.5,380.22257,452.68319,63,1.1975697,0,False,,1.4746754,235.89305,994.27643,143.84172,1200.436,553.27612,943.30027,84,112.8573,145.77805,67,1.2552557,0,False,,1.8069026,129.91387,510.70785,104.36092,664.35206,184.21389,558.98003,84,0,3
K03991.01,,10352333,272597853,tic_kic_crossid,CANDIDATE,CANDIDATE,1.5705924,131.53038,0.623,214.4,9.2,-9.2,0.013623,0.031,19.52,5519,4.431,13.14,0,0,0,0,1,296.50354,47.486919,13,OK,lightkurve,,24,"QLP,SPOC,TESS-SPOC","14,15,41,54,55,56,74,75,81,82",0.9571437,,205.21161,8.8057221,3335.9564,3335.9759,3420,7.980578,28.031262,3.512435,33.286734,12,3.4856969,1.0903356,211.38156,627.25244,True,OK,PDCSAP_FLUX,QLP,627.25244,475.35068,bootstrap,609.06316,380.78821,OK,4,2,SPOC/PDCSAP_FLUX=271ppm;TESS-SPOC/PDCSAP_FLUX=OK;QLP/KSPSAP_FLUX=1391ppm;QLP/DET_FLUX=OK,157,10,10,"41,54,55,74,75,81,82,14,15,56","QLP,SPOC","120,1800,200",True,True,6670.205,-1881.5895,2.3930696,2.7681023,14,smeared;depth_is_lower_bound,2.0566128,2.9687074,0.69276373,0.69276373,linear,3.0566128,1.3195573,0.43170573,2.9687074,14.843537,5.7367767e+08,OK,0.69276373,OK,SAP_FLUX,QLP,3.6578312,161.5359,bootstrap,164.37671,30.427908,OK,3,2,SPOC/SAP_FLUX=OK;TESS-SPOC/SAP_FLUX=519ppm;QLP/SAP_FLUX=609ppm,162,10,10,"41,54,55,74,75,81,82,14,15,56","QLP,SPOC","120,1800,200",True,True,3456.0718,-614.55305,2.0476459,2.1574578,14,smeared;depth_is_lower_bound,-0.98217532,0.80371612,-1.2220426,-1.2220426,linear,0.01782468,0.022644076,1.2703777,0.80371612,4.0185806,11209.089,OK,-1.2220426,BACKGROUND_TEST_UNAVAILABLE,0,,,,,,,0.02,0.3940198,0.018336042,0.63245553,0.029431849,558.71821,1.1754678,11782,OK,False,0.63245553,1.0100759,-4.6218887,0.78539376,tracks_b,not_measurable,not_measurable,,False,,0,0,1,1,0.8,179.95037,475.35068,161,2.1836599,2,True,OK:2,0.60707331,450.14453,1211.721,270.95007,1390.9154,830.93274,763.66297,84,92.659694,161.5359,166,1.7735678,1,True,OK:1,8.3185654,533.77471,594.63052,519.45569,608.94954,564.20262,605.29171,84,0.019466154,3
K02958.01,,10597693,417659903,tic_kic_crossid,CANDIDATE,CANDIDATE,31.608437,134.68285,3.675,331.6,23.4,-23.4,0.016769,0.022,66.79,6341,4.446,14.756,0,0,0,0,1,290.9288,47.887249,13,OK,lightkurve,,6,"SPOC,TESS-SPOC","80,81,82",0.96628404,,320.41979,22.611046,3530.7678,3530.7678,176,61.894659,0,,240.80898,16,1.3102126,-0.018901203,-54.947026,3738.4751,False,OK,PDCSAP_FLUX,SPOC,-54.947026,2907.0651,analytic,2907.0651,,TOO_FEW_MEMBERS,2,0,SPOC/PDCSAP_FLUX=OK;TESS-SPOC/PDCSAP_FLUX=OK,1,3,1,"80,81,82",SPOC,120,False,False,20949.702,,,,3,,-1.1714845,9.0730887,-0.12911639,-0.12911639,linear,-0.1714845,-0.018901203,0.11022106,9.0730887,45.365443,1.6131733e+22,OK,-0.12911639,OK,SAP_FLUX,SPOC,255.81914,1185.7517,analytic,1186.5425,43.313294,OK,2,2,SPOC/SAP_FLUX=256ppm;TESS-SPOC/SAP_FLUX=128ppm,2,3,2,"80,81,82",SPOC,120,False,False,12348.072,-59.972389,0.024587347,0.00060453765,3,,-0.20161252,3.7040972,-0.054429599,-0.054429599,linear,0.79838748,0.21574429,0.27022504,3.7040972,18.520486,3.5404965e+10,OK,-0.054429599,BACKGROUND_TEST_UNAVAILABLE,0,,,,,,,0.02,6.5657753,2.9717664,1.7866055,0.80864391,2333.6993,0.726603,552,OK,False,1.7866055,,,,inconclusive,not_measurable,not_measurable,,False,,0,0,1,1,0.1,2907.0651,,2,0,2,True,OK:2,,,,,,,,84,1185.7517,21.044211,2,0.00060453765,0,False,,0.16931217,148.80983,235.43642,128.4271,255.81914,192.12312,127.39204,84,0,3
K00751.01,Kepler-663 b,10682541,273681023,tic_kic_crossid_over_name_planet,CONFIRMED,CANDIDATE,4.9967797,171.74208,2.1717,934.7,39.7,-39.7,0.030014,0.71,13.14,5339,4.552,15.861,0,0,0,0,1,297.80826,47.946671,13,OK,lightkurve,,4,"SPOC,TESS-SPOC","76,83",0.99369164,,928.80358,39.449558,3391.2706,3391.2706,1078,21.791126,0,,97.948878,14,0.46890555,0.012407189,43.297573,1668.5926,False,OK,PDCSAP_FLUX,SPOC,43.297573,3624.9243,bootstrap,3624.9243,,TOO_FEW_MEMBERS,2,1,SPOC/PDCSAP_FLUX=43ppm;TESS-SPOC/PDCSAP_FLUX=OK,10,2,2,"76,83",SPOC,120,False,False,63692.682,-15500.931,2.1503228,0.12847229,2,,-0.9533835,3.9033403,-0.24424811,-0.24424811,linear,0.046616501,0.011944408,0.25622703,3.9033403,19.516701,2.7791985e+11,OK,-0.24424811,OK,SAP_FLUX,SPOC,-216.66202,1863.6585,bootstrap,1863.6585,,TOO_FEW_MEMBERS,2,0,SPOC/SAP_FLUX=OK;TESS-SPOC/SAP_FLUX=OK,10,2,2,"76,83",SPOC,120,False,False,34850.028,-8674.8999,2.1706859,0.055606808,2,,-1.23327,2.0075875,-0.6143045,-0.6143045,linear,-0.23327001,-0.11625629,0.49837647,2.0075875,10.037937,21248375,OK,-0.6143045,BACKGROUND_TEST_UNAVAILABLE,0,,,,,,,0.05717008,5.42925,2.1251349,2.5,0.97855824,-2495.1507,0.97840605,2913,OK,True,2.5,0.95595238,2.4266359,,fixed_b,not_measurable,not_measurable,,False,,0,0,1,1,0.1,3489.7165,3624.9243,10,1.2952294,1,True,OK:1,,,,,,,,84,1946.7763,1863.6585,10,1.1300918,2,True,OK:2,,,,,,,,84,0,3
K05825.01,,10737437,27183790,tic_kic_crossid,CANDIDATE,CANDIDATE,208.04714,321.9021,3.22,287.5,70,-70,0.015645,0.1884,493,5991,4.175,13.934,0,0,0,0,1,294.28503,48.059448,13,OK,lightkurve,,18,"QLP,SPOC,TESS-SPOC","14,15,40,41,54,55,74,75,81,82",0.96487071,,277.40033,67.54095,3356.0806,3356.0806,25,337.62415,0,,864,42,1.8980101,-1.5644565,-2854.1785,2712.0594,False,OK,PDCSAP_FLUX,QLP,-2854.1785,1824.3898,analytic,1824.3898,,TOO_FEW_MEMBERS,4,0,SPOC/PDCSAP_FLUX=NO_USABLE_TRANSIT;TESS-SPOC/PDCSAP_FLUX=NO_USABLE_TRANSIT;QLP/KSPSAP_FLUX=OK;QLP/DET_FLUX=OK,1,10,1,"74,75,81,82,14,15,40,41,54,55","QLP,SPOC","120,1800,600",False,False,3083.7817,,,,8,,-11.289024,6.5814353,-1.7152829,-1.7152829,linear,-10.289024,-1.5644565,0.15205102,6.5814353,32.907176,5.4264042e+16,OK,-1.7152829,OK,SAP_FLUX,QLP,-1083.6776,851.69944,analytic,851.69944,,TOO_FEW_MEMBERS,3,1,SPOC/SAP_FLUX=OK;TESS-SPOC/SAP_FLUX=404ppm;QLP/SAP_FLUX=OK,2,10,2,"74,75,81,82,14,15,40,41,54,55","QLP,SPOC","120,1800,600",False,False,4772.7303,,,2.5302382,8,,-4.9065477,3.0803347,-1.5928618,-1.5928618,linear,-3.9065477,-1.2723709,0.32570214,3.0803347,15.401674,1.355092e+09,OK,-1.5928618,BACKGROUND_TEST_UNAVAILABLE,0,,,,,,,0.02,8.05,2.1493612,2.5,0.66750347,2350.1665,0.67290295,32,OK,True,2.5,,,,inconclusive,not_measurable,not_measurable,,False,,0,0,1,1,0.3,1824.3898,,1,0,4,True,NO_USABLE_TRANSIT:2;OK:2,,,,,,,,84,851.69944,1163.1931,2,2.5302382,2,True,OK:2,,,,,,,,84,0,3
K00989.03,,10743597,27905953,tic_kic_crossid,CANDIDATE,CANDIDATE,16.158111,143.00233,6.049,2319.8,68.1,-68.1,0.902495,1.8572,8.63,5619,4.536,15.488,0,0,0,0,4,296.38229,48.045311,13,QUERY_RETURNED_ZERO_ROWS,lightkurve,QUERY_RETURNED_ZERO_ROWS,0,,,1.2751519,,2958.0974,86.837846,,,0,,0,,36,0,,,,,False,FLUX_COLUMN_NOT_PRESENT,,,,,,,,ENSEMBLE_NOT_ATTEMPTED,0,0,,0,0,0,,,,False,False,,,,,0,,,,,,,,,,,,,NO_USABLE_TRANSIT,,FLUX_COLUMN_NOT_PRESENT,,,,,,,,ENSEMBLE_NOT_ATTEMPTED,0,0,,0,0,0,,,,False,False,,,,,0,,,,,,,,,,,,,NO_USABLE_TRANSIT,,BACKGROUND_TEST_UNAVAILABLE,0,,,,,,,,,,,,,,0,too_few_points,False,,,,,inconclusive,not_measured,not_measured,,False,,0,0,1,1,0,,,0,,0,False,,,,,,,,,84,,,0,,0,False,,,,,,,,,84,0,3
K04891.01,,10747501,28230355,tic_kic_crossid,CANDIDATE,CANDIDATE,4.7309013,135.19333,2.889,228.5,22.6,-22.6,0.013995,0.362,11.87,5941,4.519,15.68,0,0,0,0,1,297.48297,48.022499,13,OK,lightkurve,,2,"SPOC,TESS-SPOC",76,0.96930336,,221.48582,21.906256,3380.3444,3380.3444,1144,67.889012,0,,247.00204,18,2.0195008,-0.84187583,-2776.8254,6516.7103,False,OK,PDCSAP_FLUX,SPOC,-2776.8254,3298.3788,analytic,3298.3788,,TOO_FEW_MEMBERS,2,0,SPOC/PDCSAP_FLUX=OK;TESS-SPOC/PDCSAP_FLUX=OK,6,1,1,76,SPOC,120,False,False,49368.329,-4134.3944,0.62562213,,1,,-13.53726,14.892466,-0.90900057,-0.90900057,linear,-12.53726,-0.84187583,0.067149904,14.892466,74.462332,4.8297623e+34,OK,-0.90900057,OK,SAP_FLUX,SPOC,-736.1133,1011.457,analytic,1011.457,,TOO_FEW_MEMBERS,2,0,SPOC/SAP_FLUX=OK;TESS-SPOC/SAP_FLUX=OK,6,1,1,76,SPOC,120,False,False,15218.556,-1135.048,0.55966362,,1,,-4.3235234,4.5680343,-0.9464735,-0.9464735,linear,-3.3235234,-0.72777518,0.218977,4.5680343,22.840171,1.8395276e+12,OK,-0.9464735,BACKGROUND_TEST_UNAVAILABLE,0,,,,,,,0.02,1.7722006,0.18131044,0.61343045,0.062758891,-6033.8144,0.9587173,2555,OK,False,0.61343045,,,0.83101994,inconclusive,not_measurable,not_measurable,,False,,0,0,1,1,0.1,3298.3788,2751.2841,6,0.84213926,2,True,OK:2,,,,,,,,84,1011.457,818.24262,6,0.78193348,2,True,OK:2,,,,,,,,84,0,3
K03925.01,Kepler-1530 d,10788461,298892283,tic_kic_crossid_over_name_planet,CONFIRMED,CANDIDATE,9.2075634,135.801,3.365,1243.1,31.1,-31.1,0.038689,0.898,10.96,5678,4.215,14.026,0,0,0,0,3,288.16251,48.16515,13,OK,lightkurve,,32,"QLP,SPOC,TESS-SPOC","14,15,40,41,53,54,55,74,75,80,81,82",1.040016,,1292.8438,32.344497,3336.8105,3336.9857,583,302.999,252.35481,0.83285691,864,42,4.8828154,-2.7802422,-697.87859,1258.9911,True,OK,PDCSAP_FLUX,QLP,1258.9911,341.64885,bootstrap,354.9539,96.272215,OK,4,4,SPOC/PDCSAP_FLUX=1376ppm;TESS-SPOC/PDCSAP_FLUX=1379ppm;QLP/KSPSAP_FLUX=1160ppm;QLP/DET_FLUX=1212ppm,29,12,12,"40,41,53,54,55,74,75,80,81,82,14,15","QLP,SPOC","120,1800",False,False,8754.53,-411.1418,0.62918575,1.1391341,20,,-0.026533629,0.2874254,-0.09231484,-0.093454158,ln,0.97381529,3.6850443,3.7841306,0.2801877,1.4009385,3954.8191,OK,-0.09231484,OK,SAP_FLUX,QLP,953.33977,251.1807,bootstrap,257.72138,57.693719,OK,3,3,SPOC/SAP_FLUX=989ppm;TESS-SPOC/SAP_FLUX=1019ppm;QLP/SAP_FLUX=1159ppm,33,12,12,"40,41,53,54,55,74,75,80,81,82,14,15","QLP,SPOC","120,1800",False,False,6702.759,-108.49692,0.22859653,0.95205594,20,,-0.30462824,0.27605628,-1.1035005,-1.268387,ln,0.73739746,3.795434,5.1470669,0.2070366,1.035183,2347.3151,OK,-1.1035005,BACKGROUND_TEST_AGREES,2,"SPOC,TESS-SPOC",-374.64804,314.34269,-1.1918459,-0.27197597,PDC_DEEPER_THAN_SAP,0.17135608,3.2637764,0.65734641,0.9699187,0.19534812,1309.3237,1.0226654,12340,OK,False,0.9699187,0.99805335,-0.13605244,0.90694542,fixed_b,consistent,consistent,,False,,0,0,1,1,0.8,257.84123,341.64885,32,1.7617884,0,False,,0.076467748,1185.031,1377.5754,1159.8673,1379.285,1294.0076,120.29387,84,187.86789,251.1807,36,1.747552,0,False,,0.060517479,998.72359,1114.111,988.95594,1158.6433,1019.4798,205.30358,84,0.1752464,3
K03925.02,Kepler-1530 b,10788461,298892283,tic_kic_crossid_over_name_planet,CONFIRMED,CANDIDATE,2.5903958,132.3011,2.088,330.9,20.6,-20.6,0.017944,0.725,6.82,5678,4.215,14.026,0,0,0,0,3,288.16251,48.16515,13,OK,lightkurve,,32,"QLP,SPOC,TESS-SPOC","14,15,40,41,53,54,55,74,75,80,81,82",0.99580735,,329.51265,20.513631,3337.782,3338.0212,2074,499.41159,344.50747,0.68982674,864,62,6.2258647,0.14786685,24.972085,952.50814,True,OK,PDCSAP_FLUX,QLP,952.50814,620.31082,bootstrap,845.05327,573.87239,OK,4,3,SPOC/PDCSAP_FLUX=248ppm;TESS-SPOC/PDCSAP_FLUX=140ppm;QLP/KSPSAP_FLUX=1828ppm;QLP/DET_FLUX=OK,108,12,12,"40,41,53,54,55,74,75,80,81,82,14,15","QLP,SPOC","120,1800",True,False,8699.5481,-1028.3325,0.98607166,2.6431535,20,smeared,1.8906573,2.5657976,0.73686921,0.73686921,linear,2.8906573,1.5355337,0.53120571,2.5657976,12.828988,1.2286541e+08,OK,0.73686921,OK,SAP_FLUX,QLP,544.43704,391.42036,bootstrap,553.68387,391.60686,OK,3,3,SPOC/SAP_FLUX=134ppm;TESS-SPOC/SAP_FLUX=81ppm;QLP/SAP_FLUX=1233ppm,118,12,12,"40,41,53,54,55,74,75,80,81,82,14,15","QLP,SPOC","120,1800",True,False,6516.2899,-720.19697,1.0161451,2.2261391,20,smeared,0.65224928,1.6822075,0.38773414,0.38773414,linear,1.6522493,1.3909267,0.8418383,1.6822075,8.4110375,1481298.9,OK,0.38773414,BACKGROUND_TEST_AGREES,2,"SPOC,TESS-SPOC",-90.354164,202.78214,-0.4455726,-0.4651801,PDC_DEEPER_THAN_SAP,0.036474383,2.833852,0.43445619,1.3572088,0.20807289,275.29285,1.0703762,27455,OK,False,1.3572088,1.0249903,1.6620521,0.30936128,fixed_b,not_measurable,not_measurable,,False,,0,0,1,1,2,152.9921,620.31082,114,2.7203842,1,True,OK:1,0.60248556,174.82948,1322.5743,140.33112,1828.1911,248.13847,875.68297,84,116.08219,391.42036,122,2.5917302,0,False,,0.71928768,97.864174,881.07789,81.017994,1232.8029,133.66231,688.36583,84,0.2392413,3
K03925.03,Kepler-1530 c,10788461,298892283,tic_kic_crossid_over_name_planet,CONFIRMED,CANDIDATE,5.3235335,133.0952,2.714,342.4,26.3,-26.3,0.018891,0.804,9.42,5678,4.215,14.026,0,0,0,0,3,288.16251,48.16515,13,OK,lightkurve,,32,"QLP,SPOC,TESS-SPOC","14,15,40,41,53,54,55,74,75,80,81,82",1.0100874,,345.85391,26.565298,3337.5405,3337.4463,1009,854.75641,-135.71086,0.15877138,864,50,3.5092725,-0.94698726,-204.45393,745.68661,True,OK,PDCSAP_FLUX,QLP,745.68661,223.12334,bootstrap,284.91481,177.17907,OK,4,4,SPOC/PDCSAP_FLUX=841ppm;TESS-SPOC/PDCSAP_FLUX=598ppm;QLP/KSPSAP_FLUX=452ppm;QLP/DET_FLUX=295ppm,51,12,12,"40,41,53,54,55,74,75,80,81,82,14,15","QLP,SPOC","120,1800",False,False,8537.4351,-599.45988,1.3357568,0.56516776,20,,0.76828895,0.39292233,1.9553202,1.3947362,ln,2.1560739,3.3420377,1.5500571,0.82888359,4.144418,21470.921,OK,1.9553202,OK,SAP_FLUX,QLP,469.32918,168.02259,bootstrap,177.1828,56.233025,OK,3,3,SPOC/SAP_FLUX=502ppm;TESS-SPOC/SAP_FLUX=336ppm;QLP/SAP_FLUX=502ppm,57,12,12,"40,41,53,54,55,74,75,80,81,82,14,15","QLP,SPOC","120,1800",False,False,6514.8066,-382.1826,1.1759873,0.57060826,20,,0.30528792,0.38848925,0.78583365,0.6859896,ln,1.3570157,2.7932504,2.0583774,0.52043888,2.6021944,4320.8621,OK,0.78583365,BACKGROUND_TEST_AGREES,2,"SPOC,TESS-SPOC",-293.71792,185.32578,-1.5848735,-0.40802084,PDC_DEEPER_THAN_SAP,0.050806746,3.2598517,0.1471366,1.2011244,0.054213929,522.0221,1.0611832,17026,OK,False,1.2011244,1.0228874,1.717916,0.68775019,fixed_b,not_measurable,not_measurable,,False,,0,0,1,1,1.1,212.49037,223.12334,53,1.2754023,0,False,,0.23760527,370.36084,724.71898,295.03422,841.33219,525.17633,450.65239,84,152.03934,168.02259,58,1.2175554,0,False,,0.11981575,389.1487,501.61475,336.25699,501.64824,501.5436,133.07219,84,-0.09424365,3
K07375.01,,10812541,28088879,tic_kic_crossid,CANDIDATE,CANDIDATE,4.8484725,131.90954,0.874,554.7,67.4,-67.4,0.021308,0.191,42.5,4137,4.625,14.849,0,0,0,0,1,297.30438,48.195271,13,OK,lightkurve,,16,"SPOC,TESS-SPOC","41,54,55,74,75,76,82,83",0.9438886,,523.57501,63.618092,3351.5625,3351.5625,1111,27.294098,0,,94.992294,22,2.6911836,0.32553441,214.99514,1747.617,False,OK,PDCSAP_FLUX,SPOC,214.99514,856.8504,bootstrap,886.40151,226.96923,OK,2,2,SPOC/PDCSAP_FLUX=215ppm;TESS-SPOC/PDCSAP_FLUX=883ppm,40,8,8,"41,54,55,74,75,76,82,83",SPOC,120,False,False,15171.29,-4281.8192,2.6781641,1.464554,8,,-0.58937089,1.6980701,-0.34708279,-0.34708279,linear,0.41062911,0.25091327,0.611046,1.6980701,8.4903504,2548015.1,OK,-0.34708279,OK,SAP_FLUX,SPOC,186.80597,462.23946,bootstrap,470.53086,87.942979,OK,2,2,SPOC/SAP_FLUX=187ppm;TESS-SPOC/SAP_FLUX=445ppm,42,8,8,"41,54,55,74,75,76,82,83",SPOC,120,False,False,8329.4695,-2220.8279,2.4611315,1.5071761,8,,-0.64321068,0.90824285,-0.7081924,-0.7081924,linear,0.35678932,0.40413246,1.1326921,0.90824285,4.5412142,48590.186,OK,-0.7081924,BACKGROUND_TEST_AGREES,2,"SPOC,TESS-SPOC",-147.53952,819.26565,-0.18008752,-0.26885325,PDC_DEEPER_THAN_SAP,0.021636665,2.0555219,0.1500718,2.3518557,0.17170687,1032.9135,1.073861,5212,OK,False,2.3518557,0.99223183,5.1313616,,duration_inconsistent,not_measurable,not_measurable,,False,,0,0,1,1,0.5,660.43752,856.8504,41,1.675683,0,False,,1.0556947,321.80419,775.74264,214.99514,882.55168,548.77341,667.55655,84,346.89911,462.23946,43,1.7960868,0,False,,0.47077178,228.1909,404.07686,186.80597,445.46179,316.13388,258.65582,84,0,3
K07376.01,,10815677,28450337,tic_kic_crossid,CANDIDATE,CANDIDATE,1.2842418,132.65223,1.965,166.5,15.3,-15.3,0.011768,0.029,5.08,5849,4.517,15.674,0,0,0,0,1,298.17337,48.173611,13,OK,lightkurve,,4,"SPOC,TESS-SPOC","76,83",0.96308766,,160.35409,14.735241,3394.1423,3394.1423,4227,40.349273,0,,150.52282,18,1.7239321,1.1831962,1879.0854,2788.792,False,OK,PDCSAP_FLUX,SPOC,1879.0854,2052.0135,bootstrap,2086.3341,376.86898,OK,2,2,SPOC/PDCSAP_FLUX=1879ppm;TESS-SPOC/PDCSAP_FLUX=2988ppm,39,2,2,"76,83",SPOC,120,False,False,52640.37,-2003.6805,0.50885433,3.002553,2,sector_scatter,10.71835,13.011214,0.82377785,0.82377785,linear,11.71835,0.9157276,0.078144755,13.011214,65.056072,2.8745711e+30,OK,0.82377785,OK,SAP_FLUX,SPOC,479.65644,440.07588,bootstrap,441.38103,33.918058,OK,2,2,SPOC/SAP_FLUX=480ppm;TESS-SPOC/SAP_FLUX=579ppm,39,2,2,"76,83",SPOC,120,False,False,11654.28,-502.83026,0.59446358,2.4940043,2,,1.9912328,2.7545271,0.72289463,0.72289463,linear,2.9912328,1.0899403,0.36437828,2.7545271,13.772636,1.5362406e+08,OK,0.72289463,BACKGROUND_TEST_AGREES,2,"SPOC,TESS-SPOC",-1875.0681,1525.626,-1.2290483,-0.77058505,PDC_DEEPER_THAN_SAP,0.02,1.0998511,1.1137385,0.55972065,0.56678806,3301.8316,1.057621,11266,OK,True,0.55972065,1.0286082,-0.59898919,0.83859039,fixed_b,not_measurable,not_measurable,,False,,0,0,1,1,0.3,1588.1436,2052.0135,41,1.5741723,0,False,,0.20055979,2056.4355,2810.1735,1879.0854,2987.5236,2433.3045,1108.4382,84,351.18756,440.07588,41,1.5108454,0,False,,0.070713233,495.61787,563.45399,479.65644,579.41543,529.53593,99.758993,84,0,3
K00117.01,Kepler-107 e,10875245,27988327,name_planet,CONFIRMED,CANDIDATE,14.749148,138.77799,6.0995,430.2,4.2,-4.2,0.018864,0.173,18.56,5847,4.191,12.487,0,0,0,0,4,297.02826,48.208611,13,OK,lightkurve,,24,"QLP,SPOC,TESS-SPOC","14,15,41,54,55,56,74,75,76,83",0.96436456,,414.86963,4.0503312,3340.4679,3340.5102,364,11.52123,60.970602,5.292022,126.05619,8,6.3727199,4.4528518,495.31172,730.97361,True,OK,PDCSAP_FLUX,QLP,730.97361,362.35432,bootstrap,375.54763,98.667979,OK,4,3,SPOC/PDCSAP_FLUX=1236ppm;TESS-SPOC/PDCSAP_FLUX=1305ppm;QLP/KSPSAP_FLUX=OK;QLP/DET_FLUX=1015ppm,17,10,10,"41,54,55,74,75,76,83,14,15,56","QLP,SPOC","120,1800,200",False,False,3740.4722,980.3854,1.482329,15.148923,14,sector_scatter,0.56641302,0.5162832,1.0970975,0.84038494,ln,1.7619357,2.0172896,1.1449281,0.90665081,4.533254,38193.269,OK,1.0970975,OK,SAP_FLUX,QLP,307.41355,375.80398,bootstrap,377.09804,31.213701,OK,3,3,SPOC/SAP_FLUX=594ppm;TESS-SPOC/SAP_FLUX=544ppm;QLP/SAP_FLUX=502ppm,17,10,10,"41,54,55,74,75,76,83,14,15,56","QLP,SPOC","120,1800,200",False,False,3025.1076,48.685084,0.063478141,29.208133,14,sector_scatter,-0.2590117,0.91038202,-0.2845088,-0.2845088,linear,0.7409883,0.81801566,1.1039522,0.91038202,4.5519101,38920.306,OK,-0.2845088,BACKGROUND_TEST_AGREES,2,"SPOC,TESS-SPOC",-697.84032,349.78512,-1.9950543,-0.5492786,PDC_DEEPER_THAN_SAP,0.02,5.3980334,1.4599721,0.88499605,0.23935931,380.88805,1.0566131,11263,OK,False,0.88499605,1.0062469,-0.46666794,0.4984765,fixed_b,not_measurable,not_measurable,,False,,0,0,1,1,0.3,114.70355,362.35432,18,11.130747,1,True,OK:1,0.13498159,1085.472,1282.808,1014.5476,1304.7475,1236.1865,573.77389,84,89.97535,375.80398,18,20.085173,0,False,,0.10153652,515.54053,577.96794,502.1215,593.9265,544.05598,286.51296,84,0.042340696,3
K00117.02,Kepler-107 c,10875245,27988327,name_planet,CONFIRMED,CANDIDATE,4.9014498,138.60548,4.1654,140.7,2.9,-2.9,0.011136,0.529,7.78,5847,4.191,12.487,0,0,0,0,4,297.02826,48.208611,13,OK,lightkurve,,24,"QLP,SPOC,TESS-SPOC","14,15,41,54,55,56,74,75,76,83",0.97732392,,137.50948,2.8342394,3338.693,3338.6785,1095,17.058918,-20.843662,1.221863,113.65775,10,12.531863,10.114118,764.83735,917.71119,True,OK,PDCSAP_FLUX,QLP,917.71119,269.35418,bootstrap,552.89266,482.8443,OK,4,4,SPOC/PDCSAP_FLUX=362ppm;TESS-SPOC/PDCSAP_FLUX=355ppm;QLP/KSPSAP_FLUX=632ppm;QLP/DET_FLUX=1963ppm,49,10,10,"41,54,55,74,75,76,83,14,15,56","QLP,SPOC","120,1800,200",False,False,3590.977,-523.44823,0.99311954,44.957881,14,sector_scatter,1.8981899,0.60489162,3.1380661,1.4109993,ln,6.6738033,3.4070798,0.51051547,4.0211241,20.105621,7.414686e+10,OK,3.1380661,OK,SAP_FLUX,QLP,623.31894,193.75406,bootstrap,416.61213,368.81571,OK,3,3,SPOC/SAP_FLUX=290ppm;TESS-SPOC/SAP_FLUX=176ppm;QLP/SAP_FLUX=1261ppm,53,10,10,"41,54,55,74,75,76,83,14,15,56","QLP,SPOC","120,1800,200",False,False,2798.0074,-273.96602,0.69964812,55.032676,14,sector_scatter,1.5113655,0.67056156,2.2538803,1.1659096,ln,4.5329163,3.2170626,0.70971146,3.0301802,15.150901,5.2273948e+08,OK,2.2538803,BACKGROUND_TEST_AGREES,2,"SPOC,TESS-SPOC",-124.14732,233.14778,-0.53248339,-0.3463585,PDC_DEEPER_THAN_SAP,0.02,3.3635977,0.052159726,0.80750893,0.012522141,697.89038,1.1000248,23340,OK,False,0.80750893,1.0240358,-4.3828368,0.73361957,tracks_b,not_measurable,not_measurable,,False,,0,0,1,1,0.5,73.230229,269.35418,55,12.369951,0,False,,0.52613971,358.31058,1323.9992,355.30269,1962.78,496.77787,1045.0688,84,55.530298,193.75406,56,13.260894,0,False,,0.59169662,212.76493,950.39635,176.46731,1261.2194,289.89736,637.90046,84,-0.014474765,3
K00117.03,Kepler-107 b,10875245,27988327,name_planet,CONFIRMED,CANDIDATE,3.1800279,133.49863,3.5797,120.3,2.7,-2.7,0.009989,0.196,6.751,5847,4.191,12.487,0,0,0,0,4,297.02826,48.208611,13,OK,lightkurve,,24,"QLP,SPOC,TESS-SPOC","14,15,41,54,55,56,74,75,76,83",0.96474548,,116.05888,2.6048128,3337.5658,3337.5782,1689,17.89212,17.869862,0.99875603,107.37186,10,3.1076329,1.1005775,73.490264,204.31413,True,OK,PDCSAP_FLUX,QLP,204.31413,185.50625,bootstrap,204.28527,85.556421,OK,4,4,SPOC/PDCSAP_FLUX=27ppm;TESS-SPOC/PDCSAP_FLUX=119ppm;QLP/KSPSAP_FLUX=161ppm;QLP/DET_FLUX=318ppm,76,10,10,"41,54,55,74,75,76,83,14,15,56","QLP,SPOC","120,1800,200",False,False,3652.8632,-408.37077,1.0689837,1.5328215,14,,0.76043517,1.7610395,0.4318104,0.4318104,linear,1.7604352,1.1013868,0.62563325,1.7610395,8.8051975,773859.15,OK,0.4318104,OK,SAP_FLUX,QLP,120.98559,125.01989,bootstrap,125.87888,14.680619,OK,3,3,SPOC/SAP_FLUX=71ppm;TESS-SPOC/SAP_FLUX=114ppm;QLP/SAP_FLUX=110ppm,79,10,10,"41,54,55,74,75,76,83,14,15,56","QLP,SPOC","120,1800,200",False,False,2952.016,-258.07381,1.0290498,0.72550009,14,,0.042450061,1.0859961,0.039088596,0.039088596,linear,1.0424501,0.96773072,0.92832334,1.0859961,5.4299803,26362.166,OK,0.039088596,BACKGROUND_TEST_AGREES,2,"SPOC,TESS-SPOC",17.62634,155.96246,0.11301655,0.24074363,SAP_DEEPER_THAN_PDC,0.02,8.94925,0.13460253,2.5,0.037601624,-117.14391,1.0652331,31798,OK,True,2.5,1.0033832,16.753653,,duration_inconsistent,not_measurable,not_measurable,,False,,0,0,1,1,0.6,65.745905,185.50625,83,6.9819798,0,False,,0.4187494,71.375327,242.48817,27.193802,317.77638,140.08229,177.12033,84,51.31639,125.01989,84,6.4003554,0,False,,0.12134188,83.606528,112.96777,71.089065,114.26736,110.20614,49.896522,84,0.012409627,3
K00117.04,Kepler-107 d,10875245,27988327,name_planet,CONFIRMED,CANDIDATE,7.9582533,137.80219,4.377,50,3.7,-3.7,0.006915,0.706,10.01,5847,4.191,12.487,0,0,0,0,4,297.02826,48.208611,13,OK,lightkurve,,24,"QLP,SPOC,TESS-SPOC","14,15,41,54,55,56,74,75,76,83",0.99330289,,49.665144,3.6752207,3334.6649,3334.6193,674,75.285641,-65.681262,0.87242748,291.51192,16,4.1315251,3.7910826,367.38515,404.55082,True,OK,PDCSAP_FLUX,QLP,404.55082,333.32676,bootstrap,359.52817,134.73594,OK,4,4,SPOC/PDCSAP_FLUX=396ppm;TESS-SPOC/PDCSAP_FLUX=289ppm;QLP/KSPSAP_FLUX=115ppm;QLP/DET_FLUX=534ppm,29,10,10,"41,54,55,74,75,76,83,14,15,56","QLP,SPOC","120,1800,200",False,False,3447.3941,-388.56826,0.56891545,6.297474,14,sector_scatter,7.1455682,7.239595,0.98701215,0.98701215,linear,8.1455682,1.2136764,0.14899837,7.239595,36.197975,2.6099519e+17,OK,0.98701215,OK,SAP_FLUX,QLP,223.31777,255.50236,bootstrap,283.21662,122.18921,OK,3,3,SPOC/SAP_FLUX=162ppm;TESS-SPOC/SAP_FLUX=129ppm;QLP/SAP_FLUX=488ppm,30,10,10,"41,54,55,74,75,76,83,14,15,56","QLP,SPOC","120,1800,200",False,False,2767.976,-162.58942,0.3249797,6.2582875,14,sector_scatter,3.4964688,5.7032222,0.61306901,0.61306901,linear,4.4964688,0.8740341,0.19438233,5.7032222,28.516111,1.203487e+14,OK,0.61306901,BACKGROUND_TEST_AGREES,2,"SPOC,TESS-SPOC",-197.3226,312.26827,-0.63190088,-0.57631245,PDC_DEEPER_THAN_SAP,0.02,4.377,0.33969008,1,0.07760797,274.25695,1.1178949,14895,OK,False,1,1.0249395,-0.23214189,0.706,fixed_b,not_measurable,not_measurable,,False,,0,0,1,1,0.4,97.918034,333.32676,32,11.108193,0,False,,0.33305072,198.20355,467.67544,114.57466,533.86052,342.38823,289.97616,84,74.992415,255.50236,33,11.056656,0,False,,0.54715397,139.39362,383.77203,128.87223,488.25225,161.75157,264.93448,84,-0.045611987,3
K05850.01,,10991389,28449691,tic_kic_crossid,CANDIDATE,CANDIDATE,303.22638,344.05409,1.802,1464,170,-170,0.035058,0.1097,1323,5952,4.469,14.897,0,0,0,0,1,298.29181,48.465691,13,OK,lightkurve,NO_USABLE_TRANSIT,6,"SPOC,TESS-SPOC","76,82,83",0.96376005,,1410.9447,163.83921,3635.1289,3635.1289,18,64.782963,0,,221.37889,18,,,,,False,NO_USABLE_TRANSIT,PDCSAP_FLUX,SPOC,,,none,,,TOO_FEW_MEMBERS,2,0,SPOC/PDCSAP_FLUX=NO_USABLE_TRANSIT;TESS-SPOC/PDCSAP_FLUX=NO_USABLE_TRANSIT,0,3,0,"76,82,83",SPOC,120,False,False,,,,,3,,,,,,,,,,,,,NO_USABLE_TRANSIT,,NO_USABLE_TRANSIT,SAP_FLUX,SPOC,,,none,,,TOO_FEW_MEMBERS,2,0,SPOC/SAP_FLUX=NO_USABLE_TRANSIT;TESS-SPOC/SAP_FLUX=NO_USABLE_TRANSIT,0,3,0,"76,82,83",SPOC,120,False,False,,,,,3,,,,,,,,,,,,,NO_USABLE_TRANSIT,,BACKGROUND_TEST_UNAVAILABLE,0,,,,,,,0.034269496,,,,,,,0,too_few_points,False,,,,,inconclusive,not_measured,not_measured,,False,,0,0,1,1,0.1,,,0,,2,True,NO_USABLE_TRANSIT:2,,,,,,,,84,,,0,,2,True,NO_USABLE_TRANSIT:2,,,,,,,,84,0,3
K01800.01,Kepler-447 b,11017901,48506505,name_planet,CONFIRMED,CANDIDATE,7.794302,137.26039,1.1081,3387.4,28.3,-28.3,0.153996,1.06,24.47,5494,4.405,12.394,0,0,0,0,1,285.26859,48.560009,13,OK,lightkurve,,34,"QLP,SPOC,TESS-SPOC","14,15,40,41,53,54,55,74,75,80,81,82",1.2966131,,4392.1473,36.694151,3332.7402,3332.7363,688,1.9659925,-5.5449324,2.8204241,22.519477,10,23.718346,23.554596,2998.525,2998.5116,True,OK,PDCSAP_FLUX,QLP,2998.5116,166.30503,bootstrap,469.57866,439.14321,OK,4,4,SPOC/PDCSAP_FLUX=3017ppm;TESS-SPOC/PDCSAP_FLUX=2232ppm;QLP/KSPSAP_FLUX=3663ppm;QLP/DET_FLUX=2737ppm,32,12,12,"40,41,53,54,55,74,75,80,81,82,14,15","QLP,SPOC","120,1800",True,False,2804.7291,-755.72203,2.4211543,1.1630404,22,smeared,-0.3817022,0.16460433,-2.3189075,-2.6816659,ln,0.68269833,18.030191,26.410188,0.1183226,0.59161298,3544.0261,OK,-2.3189075,OK,SAP_FLUX,QLP,2638.9118,136.47232,bootstrap,271.98508,235.26834,OK,3,3,SPOC/SAP_FLUX=2646ppm;TESS-SPOC/SAP_FLUX=2532ppm;QLP/SAP_FLUX=3224ppm,35,12,12,"40,41,53,54,55,74,75,80,81,82,14,15","QLP,SPOC","120,1800",True,False,2665.7601,-441.85433,1.6526761,0.99307858,22,smeared,-0.50945162,0.11485918,-4.4354452,-4.9879185,ln,0.60082497,19.336609,32.183431,0.080028379,0.4001419,2161.0963,OK,-4.4354452,BACKGROUND_TEST_AGREES,2,"SPOC,TESS-SPOC",-315.63872,204.39131,-1.5442864,-0.1202688,PDC_DEEPER_THAN_SAP,0.5,1.1778996,0.054814548,1.0629904,0.049467149,4200.4221,1.1333259,4758,OK,False,1.0629904,0.84064333,3.3718162,1.0471661,tracks_b,consistent,consistent,duration_not_fixed_b,False,,0,0,1,1,0.4,126.42161,166.30503,37,1.7929383,0,False,,0.14645373,2474.5792,3352.8656,2231.9989,3662.998,2877.1316,766.51273,84,114.23669,136.47232,40,1.522035,0,False,,0.089153545,2568.8286,3039.3652,2532.3462,3224.3119,2646.3535,585.40016,84,-0.0038506475,3
K00345.01,Kepler-531 b,11074541,243272677,tic_kic_crossid_over_name_planet,CONFIRMED,CANDIDATE,29.884877,173.1944,4.5612,1275.7,11.3,-11.3,0.034344,0.658,39.9,4883,4.549,13.34,0,0,0,0,1,286.52481,48.683601,13,OK,lightkurve,,29,"QLP,SPOC,TESS-SPOC","14,40,41,53,54,55,74,75,80,81,82",0.98641117,,1258.3647,11.146446,3325.7025,3325.7025,178,7.9619806,0,0,92.303942,10,5.022965,5.022965,1170.9028,1170.9028,True,OK,PDCSAP_FLUX,QLP,1170.9028,233.10988,analytic,496.35259,438.20734,OK,4,4,SPOC/PDCSAP_FLUX=1171ppm;TESS-SPOC/PDCSAP_FLUX=1457ppm;QLP/KSPSAP_FLUX=225ppm;QLP/DET_FLUX=1646ppm,6,11,6,"40,41,53,54,55,74,75,80,82,14,81","QLP,SPOC","120,1800,200",False,False,4670.0444,1051.3082,2.0456983,1.2086863,18,,-0.072037986,0.42693638,-0.16873237,-0.17476708,ln,0.93049555,5.022965,5.3981613,0.39769761,1.988488,7933.3368,OK,-0.16873237,OK,SAP_FLUX,QLP,1025.9797,212.70889,bootstrap,228.22583,82.716104,OK,3,3,SPOC/SAP_FLUX=1026ppm;TESS-SPOC/SAP_FLUX=1122ppm;QLP/SAP_FLUX=1269ppm,8,11,8,"40,41,53,54,55,74,75,80,82,14,81","QLP,SPOC","120,1800,200",False,False,4739.4512,959.60383,2.160973,1.2936566,18,,-0.20416508,0.22816881,-0.89479834,-0.980519,ln,0.81532777,4.8233982,5.9159008,0.18834131,0.94170654,1968.5277,OK,-0.89479834,BACKGROUND_TEST_AGREES,2,"SPOC,TESS-SPOC",-221.64691,243.73192,-0.90938812,-0.16866024,PDC_DEEPER_THAN_SAP,0.05719462,7.4355618,0.46858734,1.6301767,0.10273335,1173.3654,1.0396284,4626,OK,False,1.6301767,0.99802573,6.0610638,,duration_inconsistent,consistent,consistent,duration_not_fixed_b,False,,0,0,1,1,0.3,233.10988,228.05697,8,1.2086863,0,False,,0.37424742,678.95729,1555.372,224.85377,1645.7877,1314.1622,946.04901,84,199.83532,212.70889,9,1.2936566,0,False,,0.080621579,1056.8151,1222.2473,1025.9797,1269.2624,1122.3404,243.28266,84,0,3
K00538.01,Kepler-593 b,11090765,27391836,name_planet,CONFIRMED,CANDIDATE,21.217123,171.64936,5.89,636,13,-13,0.027013,0.89,14.12,6191,4.438,14.56,0,0,0,0,1,294.95145,48.651192,13,OK,lightkurve,,8,"SPOC,TESS-SPOC","74,75,81,82",1.0310586,,655.75329,13.403762,3372.5815,3372.5815,253,22.802623,0,,156.75787,9,0.0132338,-0.65326977,-568.51341,11.953935,False,OK,PDCSAP_FLUX,SPOC,-568.51341,870.25825,analytic,870.25825,,TOO_FEW_MEMBERS,2,0,SPOC/PDCSAP_FLUX=OK;TESS-SPOC/PDCSAP_FLUX=OK,4,4,4,"74,75,81,82",SPOC,120,False,False,16614.144,4504.3585,2.5817727,2.3286651,4,,-1.8669623,1.3282112,-1.4056216,-1.4056216,linear,-0.86696235,-0.65326977,0.75351573,1.3282112,6.6410558,501587.77,OK,-1.4056216,OK,SAP_FLUX,SPOC,-742.35689,722.18896,analytic,722.18896,,TOO_FEW_MEMBERS,2,0,SPOC/SAP_FLUX=OK;TESS-SPOC/SAP_FLUX=OK,4,4,4,"74,75,81,82",SPOC,120,False,False,13274.235,3784.1479,2.6199026,2.3227119,4,,-2.1320674,1.1026359,-1.9336096,-1.9336096,linear,-1.1320674,-1.0279261,0.90800791,1.1026359,5.5131794,161930.52,OK,-1.9336096,BACKGROUND_TEST_UNAVAILABLE,0,,,,,,,0.11639299,13.435731,2.4127344,2.2811088,0.40963232,-913.94716,1.0302317,3534,OK,True,2.2811088,,,,inconclusive,not_measurable,not_measurable,,False,,0,0,1,1,0.1,870.25825,1218.8176,4,2.3286651,2,True,OK:2,,,,,,,,84,722.18896,961.70134,4,2.3227119,2,True,OK:2,,,,,,,,84,0,3
K02712.01,,11098013,28232287,tic_kic_crossid,CANDIDATE,CANDIDATE,7.5079004,138.7047,5.646,145,14.1,-14.1,0.012157,0.795,6.42,6408,4.309,11.125,0,0,0,0,1,297.74728,48.694309,13,OK,lightkurve,,30,"QLP,SPOC,TESS-SPOC","14,15,41,54,55,56,74,75,76,81,83",1.0062309,,145.90348,14.187856,3347.3614,3347.283,716,101.55423,-112.94258,1.1121407,389.35268,16,5.1590416,3.0579114,102.60141,179.27426,True,OK,PDCSAP_FLUX,QLP,179.27426,40.995608,bootstrap,89.594871,79.665557,OK,4,4,SPOC/PDCSAP_FLUX=213ppm;TESS-SPOC/PDCSAP_FLUX=125ppm;QLP/KSPSAP_FLUX=55ppm;QLP/DET_FLUX=280ppm,36,11,11,"41,54,55,74,75,76,81,83,14,15,56","QLP,SPOC","120,1800,200",False,False,1645.8995,-84.559537,1.0416112,2.3024315,19,,0.20597147,0.51158599,0.40261358,0.36669507,ln,1.2287181,4.3730113,3.5590028,0.62372844,3.1186422,3153.7988,OK,0.40261358,OK,SAP_FLUX,QLP,142.47694,27.164701,bootstrap,46.536827,37.785649,OK,3,3,SPOC/SAP_FLUX=149ppm;TESS-SPOC/SAP_FLUX=97ppm;QLP/SAP_FLUX=208ppm,36,11,11,"41,54,55,74,75,76,81,83,14,15,56","QLP,SPOC","120,1800,200",False,False,1117.8565,-54.422807,1.0148304,1.5777148,19,,-0.023765151,0.34444322,-0.068995843,-0.069651598,ln,0.97651502,5.2449294,5.3710689,0.33717795,1.6858898,641.57424,OK,-0.068995843,BACKGROUND_TEST_AGREES,2,"SPOC,TESS-SPOC",-51.07605,42.846729,-1.1920641,-0.30192191,PDC_DEEPER_THAN_SAP,0.03200239,6.0016437,0.093068232,1.0629904,0.016483924,141.01139,1.0188208,23395,OK,False,1.0629904,1.0034088,0.76293562,0.7622522,fixed_b,consistent,consistent,,False,,0,0,1,1,0.5,34.749527,40.995608,39,1.3667237,0,False,,0.44437812,88.794812,248.12593,55.351949,280.25919,169.16974,123.92231,84,23.894826,27.164701,39,1.3242434,0,False,,0.26520536,113.48337,189.05467,96.631673,207.76593,149.29323,65.288992,84,-0.07843235,3
K02485.01,Kepler-1254 b,11125613,48506710,name_planet,CONFIRMED,CANDIDATE,9.9911524,134.39335,2.657,391.7,25.5,-25.5,0.019277,0.691,21.5,4838,4.524,15.311,0,0,0,0,3,285.17334,48.770039,13,OK,lightkurve,,6,"SPOC,TESS-SPOC","80,81,82",0.99166991,,388.4371,25.287583,3522.4741,3522.4741,556,47.341062,0,,181.87819,14,1.7837288,-0.5392824,-900.4646,2813.068,False,OK,PDCSAP_FLUX,SPOC,-900.4646,1669.7459,analytic,1669.7459,,TOO_FEW_MEMBERS,2,0,SPOC/PDCSAP_FLUX=OK;TESS-SPOC/PDCSAP_FLUX=OK,5,3,3,"80,81,82",SPOC,120,False,False,22815.789,-3325.5905,0.97691731,0.39175841,3,,-3.3181735,4.2994099,-0.77177416,-0.77177416,linear,-2.3181735,-0.5392824,0.23263246,4.2994099,21.49705,8.4211378e+11,OK,-0.77177416,OK,SAP_FLUX,SPOC,-45.567334,922.92099,analytic,922.92099,,TOO_FEW_MEMBERS,2,0,SPOC/SAP_FLUX=OK;TESS-SPOC/SAP_FLUX=OK,7,3,3,"80,81,82",SPOC,120,False,False,15402.669,-724.82818,0.38965257,0.21591669,3,,-1.1173094,2.3774032,-0.46997052,-0.46997052,linear,-0.11730943,-0.049372952,0.42087796,2.3774032,11.887016,56465504,OK,-0.46997052,BACKGROUND_TEST_UNAVAILABLE,0,,,,,,,0.035602157,4.4657139,1.2207071,1.6807354,0.45943058,-2430.8337,1.0030151,1988,OK,True,1.6807354,,,,inconclusive,not_measurable,not_measurable,,False,,0,0,1,1,0.1,1669.7459,1309.5557,7,0.73707958,2,True,OK:2,,,,,,,,84,922.92099,866.18559,8,0.89287569,2,True,OK:2,,,,,,,,84,0,3
K02485.02,Kepler-1254 c,11125613,48506710,name_planet,CONFIRMED,CANDIDATE,3.6008286,134.037,1.938,296.3,19.5,-19.5,0.015617,0.395,13.3,4838,4.524,15.311,0,0,0,0,3,285.17334,48.770039,13,OK,lightkurve,,6,"SPOC,TESS-SPOC","80,81,82",0.96093407,,284.72477,18.738214,3519.5147,3519.5147,1542,38.642901,0,,144.9987,15,2.1016932,-0.70263677,-708.42823,2123.3624,False,OK,PDCSAP_FLUX,SPOC,-708.42823,1148.0686,bootstrap,1148.0686,,TOO_FEW_MEMBERS,2,0,SPOC/PDCSAP_FLUX=OK;TESS-SPOC/PDCSAP_FLUX=OK,17,3,3,"80,81,82",SPOC,120,False,False,21472.689,1812.9933,0.81720202,0.14072599,3,,-3.4881159,4.0330519,-0.86488249,-0.86488249,linear,-2.4881159,-0.61706089,0.24800327,4.0330519,20.165259,1.6296191e+11,OK,-0.86488249,OK,SAP_FLUX,SPOC,-578.28395,687.98306,bootstrap,687.98306,,TOO_FEW_MEMBERS,2,0,SPOC/SAP_FLUX=OK;TESS-SPOC/SAP_FLUX=OK,21,3,3,"80,81,82",SPOC,120,False,False,13350.549,962.63265,0.71633797,0.13015709,3,,-3.0310279,2.4177223,-1.2536708,-1.2536708,linear,-2.0310279,-0.84054969,0.41385433,2.4177223,12.088612,50633749,OK,-1.2536708,BACKGROUND_TEST_UNAVAILABLE,0,,,,,,,0.02,0.7752,2.0349,0.4,1.05,-1371.878,1.0432433,4885,OK,True,0.4,,,0.94414269,inconclusive,not_measurable,not_measurable,,False,,0,0,1,1,0.2,1008.2425,1148.0686,18,1.2745585,2,True,OK:2,,,,,,,,84,578.88251,687.98306,22,1.3038635,2,True,OK:2,,,,,,,,84,0,3
K02485.03,Kepler-1254 d,11125613,48506710,name_planet,CONFIRMED,CANDIDATE,5.7271607,133.96409,2.23,310.9,21.9,-21.9,0.016114,0.447,17.92,4838,4.524,15.311,0,0,0,0,3,285.17334,48.770039,13,OK,lightkurve,,6,"SPOC,TESS-SPOC","80,81,82",0.96443251,,299.84207,21.121072,3522.31,3522.31,970,42.989832,0,,162.4195,16,1.8178184,-0.66317431,-846.3838,2430.771,False,OK,PDCSAP_FLUX,SPOC,-846.3838,1816.1275,bootstrap,1816.1275,,TOO_FEW_MEMBERS,2,1,SPOC/PDCSAP_FLUX=OK;TESS-SPOC/PDCSAP_FLUX=1018ppm,11,3,3,"80,81,82",SPOC,120,False,False,23571.358,-1912.7624,0.74639144,2.2093507,3,,-3.8227653,6.0575628,-0.63107316,-0.63107316,linear,-2.8227653,-0.46603766,0.16509968,6.0575628,30.287814,4.2729039e+15,OK,-0.63107316,OK,SAP_FLUX,SPOC,-957.13749,982.70292,bootstrap,982.70292,,TOO_FEW_MEMBERS,2,1,SPOC/SAP_FLUX=OK;TESS-SPOC/SAP_FLUX=123ppm,13,3,3,"80,81,82",SPOC,120,False,False,14761.306,-1008.6765,0.68557092,1.8623545,3,,-4.1921388,3.27854,-1.2786603,-1.2786603,linear,-3.1921388,-0.97398458,0.30511975,3.27854,16.3927,3.9459503e+09,OK,-1.2786603,BACKGROUND_TEST_AGREES,1,TESS-SPOC,-895.66439,3208.6404,-0.2791414,-0.87943108,PDC_DEEPER_THAN_SAP,0.02,5.575,0.96985302,2.5,0.43491167,690.65197,1.0870151,3519,OK,True,2.5,,,,inconclusive,not_measurable,not_measurable,,False,,0,0,1,1,0.2,1276.2614,1816.1275,12,1.8981252,1,True,OK:1,,,,,,,,84,732.71527,982.70292,14,1.7324888,1,True,OK:1,,,,,,,,84,0,3
K01863.01,Kepler-1673 b,11126381,377782148,tic_kic_crossid_over_name_planet,CONFIRMED,CANDIDATE,33.788803,153.65384,5.496,649.2,20.6,-20.6,0.023375,0.078,47.92,6202,4.436,13.631,0,0,0,0,1,285.66711,48.719559,13,OK,lightkurve,,29,"QLP,SPOC,TESS-SPOC","14,15,40,41,53,54,55,74,75,80,82",0.9653241,,626.68841,19.885676,3325.2847,3325.2847,158,33.722384,0,,183.60715,9,1.641921,-1.1733873,-342.51326,461.8872,False,OK,PDCSAP_FLUX,QLP,-342.51326,395.11486,bootstrap,395.11486,,TOO_FEW_MEMBERS,4,0,SPOC/PDCSAP_FLUX=OK;TESS-SPOC/PDCSAP_FLUX=OK;QLP/KSPSAP_FLUX=OK;QLP/DET_FLUX=OK,9,11,9,"40,41,53,54,55,74,75,80,82,14,15","QLP,SPOC","120,1800",False,False,7519.3399,-1702.8642,2.7564369,2.5242916,18,,-1.5465448,0.63325557,-2.4422126,-2.4422126,linear,-0.54654475,-0.86687011,1.5860917,0.63325557,3.1662778,14237.755,OK,-2.4422126,OK,SAP_FLUX,QLP,-105.1508,348.28561,bootstrap,348.28561,,TOO_FEW_MEMBERS,3,0,SPOC/SAP_FLUX=OK;TESS-SPOC/SAP_FLUX=OK;QLP/SAP_FLUX=OK,9,11,9,"40,41,53,54,55,74,75,80,82,14,15","QLP,SPOC","120,1800",False,False,6843.5232,-1215.2476,2.1000134,2.1180435,18,,-1.167788,0.55890178,-2.0894333,-2.0894333,linear,-0.16778802,-0.3019097,1.799352,0.55890178,2.7945089,9622.5467,OK,-2.0894333,BACKGROUND_TEST_UNAVAILABLE,0,,,,,,,0.022977768,2.1984,0.034090861,0.4,0.0062028496,-624.72214,1.0696054,5815,OK,True,0.4,,,0.93845746,inconclusive,not_measurable,not_measurable,,False,,0,0,1,1,0.2,291.9013,395.11486,10,2.5242916,4,True,OK:4,,,,,,,,84,272.0105,348.28561,10,2.1180435,3,True,OK:3,,,,,,,,84,0,3
K00252.01,Kepler-1663 b,11187837,407001589,tic_kic_crossid_over_name_planet,CONFIRMED,CANDIDATE,17.604614,170.4984,3.716,2292.1,33.5,-33.5,0.046863,0.715,27.7,3744,4.737,15.613,0,0,0,0,1,290.40149,48.82259,13,OK,lightkurve,,15,"QLP,SPOC,TESS-SPOC","40,41,54,55,74,75,80,81,82",0.99614325,,2283.2599,33.370799,3513.7426,3513.7168,313,11.372331,-37.167432,3.2682334,89.856993,10,3.3636642,3.1448282,4503.9869,4982.9062,True,OK,PDCSAP_FLUX,QLP,4982.9062,2153.9758,bootstrap,2341.4385,917.99912,OK,4,4,SPOC/PDCSAP_FLUX=5881ppm;TESS-SPOC/PDCSAP_FLUX=6506ppm;QLP/KSPSAP_FLUX=6252ppm;QLP/DET_FLUX=3318ppm,10,9,7,"80,81,82,40,41,54,55,74,75","QLP,SPOC","120,200,600",False,False,22999.894,-189.19219,0.06079867,2.7400606,6,,0.78040907,0.47277281,1.6507063,1.1515015,ln,2.1823648,2.3133529,1.0600212,1.0268027,5.1340136,385178.76,OK,1.6507063,OK,SAP_FLUX,QLP,2948.0584,1114.493,bootstrap,1238.3583,539.84877,OK,3,3,SPOC/SAP_FLUX=2643ppm;TESS-SPOC/SAP_FLUX=2760ppm;QLP/SAP_FLUX=4231ppm,11,9,8,"80,81,82,40,41,54,55,74,75","QLP,SPOC","120,200,600",False,False,18049.383,112.63182,0.063889164,2.5621273,6,,0.25554256,0.42327665,0.60372466,0.53437936,ln,1.291162,2.6452014,2.0486984,0.54486003,2.7243002,32526.729,OK,0.60372466,BACKGROUND_TEST_AGREES,2,"SPOC,TESS-SPOC",-3440.9769,1962.6676,-1.7532144,-0.55560486,PDC_DEEPER_THAN_SAP,0.087870392,1.4864,0.54466312,0.4,0.14657242,5950.0867,1.1214949,3077,OK,True,0.4,1.0396975,-2.5781218,1.0011846,fixed_b,not_measurable,not_measurable,,False,,0,0,1,1,0.2,1481.3923,2153.9758,12,2.1868813,0,False,,0.18422966,4548.0719,6384.0701,3318.0857,6505.8608,6066.3435,1664.8205,84,878.6169,1114.493,13,2.1216024,0,False,,0.18312011,2680.4612,3760.1588,2643.0105,4230.801,2760.0441,1282.7426,84,-0.025810717,3
K02813.01,,11197853,27458108,tic_kic_crossid,CANDIDATE,CANDIDATE,0.6984613,131.85138,0.7887,134.4,11.8,-11.8,0.010803,0.459,6.13,4676,2.577,13.586,0,0,0,0,1,295.34222,48.856152,13,OK,lightkurve,,22,"QLP,SPOC,TESS-SPOC","14,15,40,41,54,55,56,74,75,81,82,83",0.96436625,,129.61082,11.379522,3508.5387,3508.5743,7937,20.355011,51.25919,2.518259,72.895533,20,5.3789459,-3.1526479,-487.45262,806.62668,True,OK,PDCSAP_FLUX,QLP,806.62668,545.59913,bootstrap,858.14675,662.37258,OK,4,3,SPOC/PDCSAP_FLUX=93ppm;TESS-SPOC/PDCSAP_FLUX=OK;QLP/KSPSAP_FLUX=1981ppm;QLP/DET_FLUX=32ppm,354,12,12,"74,75,81,82,83,14,15,40,41,54,55,56","QLP,SPOC","120,1800,200,600",True,False,8130.4596,816.98712,0.75222611,3.2968572,10,smeared;sector_scatter,5.2234515,6.6217206,0.78883599,0.78883599,linear,6.2234515,1.4784237,0.23755688,6.6217206,33.108603,3.1011646e+16,OK,0.78883599,OK,SAP_FLUX,QLP,290.58875,224.50382,bootstrap,444.52207,383.6638,OK,3,2,SPOC/SAP_FLUX=20ppm;TESS-SPOC/SAP_FLUX=OK;QLP/SAP_FLUX=1149ppm,374,12,12,"74,75,81,82,83,14,15,40,41,54,55,56","QLP,SPOC","120,1800,200,600",True,False,5151.6028,455.49333,0.97062216,2.0202449,10,smeared,1.2420099,3.4311558,0.36198003,0.36198003,linear,2.2420099,1.2943599,0.57732124,3.4311558,17.155779,3.6584854e+09,OK,0.36198003,BACKGROUND_TEST_AGREES,1,SPOC,-72.599721,256.93146,-0.28256455,-0.78043814,PDC_DEEPER_THAN_SAP,0.02,1.4090958,0.083538744,1.7866055,0.10591954,-249.95985,1.2851045,26187,OK,False,1.7866055,1.0202354,3.9284967,,duration_inconsistent,not_measurable,not_measurable,,False,,0,0,1,1,2,149.95999,545.59913,434,2.396914,1,True,OK:1,0.82116374,51.850948,1376.5961,32.475247,1980.6299,93.024312,1174.0032,84,89.09192,224.50382,451,2.4331797,1,True,OK:1,1.3202982,200.97226,968.29985,20.424591,1148.8475,584.63606,858.25878,84,0.03559666,3
K04396.04,,11296045,26415442,tic_kic_crossid,CANDIDATE,CANDIDATE,437.51586,522.05532,4.16,,,,,,,,,12.981,0,0,0,0,4,291.36188,49.02198,13,OK,lightkurve,NO_USABLE_TRANSIT,11,QLP,"14,15,40,41,54,55,74,75,80,81,82",0.96296296,teff_missing_default_used;logg_missing_4.5_used,,,3167.7298,3167.7298,11,0,0,,62.4,4,,,,,False,NO_USABLE_TRANSIT,KSPSAP_FLUX,QLP,,,none,,,TOO_FEW_MEMBERS,2,0,QLP/KSPSAP_FLUX=NO_USABLE_TRANSIT;QLP/DET_FLUX=NO_USABLE_TRANSIT,0,11,0,"14,15,40,41,54,55,74,75,80,81,82",QLP,"1800,200,600",False,False,,,,,0,,,,,,,,,,,,,NO_REFERENCE_DEPTH,,NO_USABLE_TRANSIT,SAP_FLUX,QLP,,,none,,,TOO_FEW_MEMBERS,1,0,QLP/SAP_FLUX=NO_USABLE_TRANSIT,0,11,0,"14,15,40,41,54,55,74,75,80,81,82",QLP,"1800,200,600",False,False,,,,,0,,,,,,,,,,,,,NO_REFERENCE_DEPTH,,BACKGROUND_TEST_UNAVAILABLE,0,,,,,,,0.15,,,,,,,0,too_few_points,False,,,,,inconclusive,not_measured,not_measured,,False,,0,0,1,1,0,,,0,,2,True,NO_USABLE_TRANSIT:2,,,,,,,,84,,,0,,1,True,NO_USABLE_TRANSIT:1,,,,,,,,84,0,3
K08048.01,,11296205,26415413,tic_kic_crossid,CANDIDATE,CANDIDATE,379.67276,445.9701,9.662,253.9,38.6,-38.6,0.014816,0.302,291,6156,4.563,14.44,0,0,0,0,1,291.45468,49.043289,13,OK,lightkurve,NO_USABLE_TRANSIT,10,"SPOC,TESS-SPOC","74,75,80,81,82",0.96867646,,245.94695,37.390911,3594.3887,3594.3887,14,468.70254,0,,864,12,,,,,False,NO_USABLE_TRANSIT,PDCSAP_FLUX,SPOC,,,none,,,TOO_FEW_MEMBERS,2,0,SPOC/PDCSAP_FLUX=NO_USABLE_TRANSIT;TESS-SPOC/PDCSAP_FLUX=NO_USABLE_TRANSIT,0,5,0,"74,75,80,81,82",SPOC,120,False,False,,,,,5,,,,,,,,,,,,,NO_USABLE_TRANSIT,,NO_USABLE_TRANSIT,SAP_FLUX,SPOC,,,none,,,TOO_FEW_MEMBERS,2,0,SPOC/SAP_FLUX=NO_USABLE_TRANSIT;TESS-SPOC/SAP_FLUX=NO_USABLE_TRANSIT,0,5,0,"74,75,80,81,82",SPOC,120,False,False,,,,,5,,,,,,,,,,,,,NO_USABLE_TRANSIT,,BACKGROUND_TEST_UNAVAILABLE,0,,,,,,,0.02,,,,,,,0,too_few_points,False,,,,,inconclusive,not_measured,not_measured,,False,,0,0,1,1,0.1,,,0,,2,True,NO_USABLE_TRANSIT:2,,,,,,,,84,,,0,,2,True,NO_USABLE_TRANSIT:2,,,,,,,,84,0,3
K02482.01,Kepler-1251 b,11403389,26583618,name_planet,CONFIRMED,CANDIDATE,45.09092,133.55146,4.605,436.3,34.2,-34.2,0.024803,0.957,27.5,5790,4.528,14.976,0,0,0,0,1,292.11517,49.256432,13,OK,lightkurve,,4,"SPOC,TESS-SPOC","81,82",1.0768669,,469.83705,36.828849,3512.7346,3512.7346,123,84.965277,0,,323.97083,16,1.3136644,-0.57117736,-965.3512,2210.0979,False,OK,PDCSAP_FLUX,SPOC,-965.3512,1690.1076,analytic,1690.1076,,TOO_FEW_MEMBERS,2,0,SPOC/PDCSAP_FLUX=OK;TESS-SPOC/PDCSAP_FLUX=OK,2,2,2,"81,82",SPOC,120,False,False,19533.674,-2556.3253,0.74649152,0.55724959,2,,-3.0546511,3.5984221,-0.84888626,-0.84888626,linear,-2.0546511,-0.57117736,0.27799239,3.5984221,17.992111,3.060706e+10,OK,-0.84888626,OK,SAP_FLUX,SPOC,188.14646,1125.7254,analytic,1125.7254,,TOO_FEW_MEMBERS,2,1,SPOC/SAP_FLUX=188ppm;TESS-SPOC/SAP_FLUX=OK,2,2,2,"81,82",SPOC,120,False,False,12936.729,-2597.3296,1.1473363,1.3163807,2,,-0.59954954,2.3977944,-0.25004209,-0.25004209,linear,0.40045046,0.16713353,0.41736381,2.3977944,11.988972,75629118,OK,-0.25004209,BACKGROUND_TEST_UNAVAILABLE,0,,,,,,,0.24423512,4.0754068,4.83525,0.88499605,1.05,-1391.0962,0.84236616,1373,OK,True,0.88499605,,,0.97210003,inconclusive,not_measurable,not_measurable,,False,,0,0,1,1,0.1,1690.1076,890.19628,2,0.55724959,2,True,OK:2,,,,,,,,84,1125.7254,901.05172,2,1.3163807,1,True,OK:1,,,,,,,,84,0,3
K08054.01,,11443757,48504540,tic_kic_crossid,CANDIDATE,CANDIDATE,43.908805,169.335,6.265,297.8,25.6,-25.6,0.01559,0.272,52.4,5216,3.402,13.589,0,0,0,0,1,285.08685,49.36282,13,OK,lightkurve,,19,"QLP,SPOC,TESS-SPOC","14,15,26,40,41,54,55,74,75,80,82",0.95837535,,285.40418,24.534409,3359.2092,3359.4267,122,131.05699,313.23747,2.390086,487.14596,18,4.5529151,-1.3765199,-416.18106,1250.3944,True,OK,PDCSAP_FLUX,QLP,1250.3944,274.63601,analytic,497.77878,415.16114,OK,4,4,SPOC/PDCSAP_FLUX=816ppm;TESS-SPOC/PDCSAP_FLUX=744ppm;QLP/KSPSAP_FLUX=1656ppm;QLP/DET_FLUX=126ppm,7,11,7,"74,75,80,82,14,15,26,40,41,54,55","QLP,SPOC","120,1800,600",False,False,3839.0034,1740.9553,2.9359521,5.2307706,8,sector_scatter,1.477308,0.41033072,3.600286,1.935449,ln,4.3811357,4.5529151,1.0392089,1.7469516,8.7347581,1773567.3,OK,3.600286,OK,SAP_FLUX,QLP,1028.1727,633.85637,bootstrap,690.76486,274.55818,OK,3,3,SPOC/SAP_FLUX=737ppm;TESS-SPOC/SAP_FLUX=586ppm;QLP/SAP_FLUX=1394ppm,9,11,9,"74,75,80,82,14,15,26,40,41,54,55","QLP,SPOC","120,1800,600",False,False,4777.7034,-185.55696,0.37913971,7.1118692,8,sector_scatter,2.6025147,2.4223462,1.0743777,1.0743777,linear,3.6025147,1.622091,0.45026633,2.4223462,12.111731,51941656,OK,1.0743777,BACKGROUND_TEST_AGREES,2,"SPOC,TESS-SPOC",-112.69851,379.06636,-0.2973055,-0.14449616,PDC_DEEPER_THAN_SAP,0.02,4.6160915,1.0890472,0.7368063,0.17383037,950.43881,1.0245801,2567,OK,False,0.7368063,1.0180674,-1.2713299,0.71529376,fixed_b,not_measurable,not_measurable,,False,,0,0,1,1,0.2,274.63601,660.6647,8,5.2307706,0,False,,0.33202414,422.41936,1252.7416,125.52463,1656.0474,779.94122,1124.8698,84,240.64517,633.85637,9,7.1118692,0,False,,0.26703507,634.39156,1183.5079,586.13322,1393.6573,736.94054,442.03952,84,0.21752602,3
K03131.01,Kepler-1437 b,11455181,26541175,name_planet,CONFIRMED,CANDIDATE,10.929481,141.5034,5.893,196.9,15.9,-15.9,0.012816,0.197,14.09,5792,4.547,15.591,0,0,0,0,1,291.86493,49.32592,13,OK,lightkurve,,4,"SPOC,TESS-SPOC","81,82",0.96452282,,189.91454,15.335913,3537.6092,3537.4865,509,97.34031,-176.79,1.8162054,380.41593,16,3.1995856,1.8922721,3350.2103,5753.4051,True,OK,PDCSAP_FLUX,SPOC,5753.4051,1798.1719,analytic,1941.977,733.38415,OK,2,2,SPOC/PDCSAP_FLUX=5753ppm;TESS-SPOC/PDCSAP_FLUX=7910ppm,4,2,2,"81,82",SPOC,120,False,False,33141.415,1755.767,0.48817131,2.2041805,2,,3.410973,0.35064351,9.7277517,2.8647356,ln,30.294705,3.1995856,0.10561534,10.225972,51.129859,3.0477102e+24,OK,9.7277517,OK,SAP_FLUX,SPOC,2819.5549,828.02115,analytic,832.46717,85.921911,OK,2,2,SPOC/SAP_FLUX=2820ppm;TESS-SPOC/SAP_FLUX=3072ppm,4,2,2,"81,82",SPOC,120,False,False,15124.769,716.32935,0.43254266,1.5120506,2,,2.6977601,0.31014843,8.6982872,3.1581105,ln,14.84644,3.4051726,0.22935953,4.3844065,21.922033,6.2976144e+11,OK,8.6982872,BACKGROUND_TEST_AGREES,2,"SPOC,TESS-SPOC",-3905.784,1385.2099,-2.8196333,-0.57169712,PDC_DEEPER_THAN_SAP,0.02,8.5018305,0.12787305,1.4426999,0.021699144,3056.9081,1.0675059,3380,OK,False,1.4426999,1.0592794,4.3759882,,duration_inconsistent,not_measurable,not_measurable,,False,,0,0,1,1,0.1,1798.1719,1602.3949,5,1.1175072,0,False,,0.12746958,6098.5271,7565.2954,5753.4051,7910.4173,6831.9112,2157.0122,84,828.02115,630.05459,5,0.81493501,0,False,,0.030473572,2859.9888,3031.8326,2819.5549,3072.2664,2945.9107,252.7115,84,-0.12277083,3
K00773.01,Kepler-672 b,11507101,26491504,name_planet,CONFIRMED,CANDIDATE,38.377549,172.82048,5.588,724.2,23.4,-23.4,0.024901,0.468,47.8,5481,4.369,15.172,0,0,0,0,1,291.72202,49.480869,13,OK,lightkurve,,4,"SPOC,TESS-SPOC","81,82",0.96954789,,702.14658,22.687421,3532.1875,3532.1875,144,33.573745,0,,184.54124,6,,,,,False,NO_USABLE_TRANSIT,PDCSAP_FLUX,SPOC,,,none,,,TOO_FEW_MEMBERS,2,0,SPOC/PDCSAP_FLUX=NO_USABLE_TRANSIT;TESS-SPOC/PDCSAP_FLUX=NO_USABLE_TRANSIT,0,2,0,"81,82",SPOC,120,False,False,,,,,2,,,,,,,,,,,,,NO_USABLE_TRANSIT,,OK,SAP_FLUX,SPOC,1505.7747,1264.1038,analytic,1265.3338,55.776942,OK,2,2,SPOC/SAP_FLUX=1506ppm;TESS-SPOC/SAP_FLUX=1342ppm,1,2,1,"81,82",SPOC,120,False,False,11259.408,,,,2,,1.1445304,1.8030765,0.63476528,0.63476528,linear,2.1445304,1.1911796,0.5554501,1.8030765,9.0153824,5777046.4,OK,0.63476528,BACKGROUND_TEST_UNAVAILABLE,0,,,,,,,0.030905932,,,,,,,0,too_few_points,False,,,,,inconclusive,not_measurable,not_measurable,,False,,0,0,1,1,0,,,1,,2,True,NO_USABLE_TRANSIT:2,,,,,,,,84,1264.1038,,1,0,0,False,,0.037042024,1367.9728,1479.5267,1341.7248,1505.7747,1423.7497,164.04983,84,0,3
K03749.01,,11547869,48504442,tic_kic_crossid,CANDIDATE,CANDIDATE,10.727255,132.90239,1.7541,56197,432,-432,0.43892,1.056,45.7,3324,5.006,16.415,0,0,0,0,1,285.00772,49.503979,13,OK,lightkurve,,16,"SPOC,TESS-SPOC","40,41,54,55,74,75,80,82",1.4757282,teff_clamped_to_grid,82931.495,637.51456,3329.5299,3329.536,500,35.512969,8.7564672,0.24657097,132.85041,18,27.412964,26.200685,49657.515,52652.049,True,OK,PDCSAP_FLUX,SPOC,52652.049,1578.7305,bootstrap,2340.9581,1728.495,OK,2,2,SPOC/PDCSAP_FLUX=52652ppm;TESS-SPOC/PDCSAP_FLUX=57736ppm,16,8,7,"40,41,54,55,74,75,80,82",SPOC,120,False,False,39930.042,2131.0334,0.66047592,0.42654351,8,,-0.45430976,0.067348841,-6.745621,-6.3026684,ln,0.63488604,33.350879,52.530496,0.05793006,0.2896503,27861.683,OK,-6.745621,OK,SAP_FLUX,SPOC,33095.012,1396.6918,bootstrap,1570.1921,717.46443,OK,2,2,SPOC/SAP_FLUX=33095ppm;TESS-SPOC/SAP_FLUX=35205ppm,18,8,8,"40,41,54,55,74,75,80,82",SPOC,120,False,False,25649.066,3766.4471,1.5611921,1.6233564,8,,-0.91863233,0.069355026,-13.245361,-11.125432,ln,0.39906445,23.695286,59.37709,0.054014582,0.27007291,25713.736,OK,-13.245361,BACKGROUND_TEST_DISAGREES,2,"SPOC,TESS-SPOC",-20631.133,1684.7075,-12.246121,-0.37379335,PDC_DEEPER_THAN_SAP,0.5,1.7541,0.026382803,1,0.015040649,76826.653,0.96881388,4199,OK,False,1,0.86001669,2.8131488,1.056,fixed_b,shrink_candidate,shrink_candidate,,True,pdc_deeper_than_sap;dilution_not_excluded,0,0,1,1,0.3,1920.6989,1578.7305,19,0.72937877,0,False,,0.032828637,53465.458,56922.448,52652.049,57735.857,55193.953,5083.8088,84,1165.9234,1396.6918,20,1.2453604,0,False,,0.02167893,33432.642,34867.571,33095.012,35205.201,34150.107,2110.1895,84,0.00608088,3
K01856.01,,11570749,27991192,tic_kic_crossid,CANDIDATE,CANDIDATE,46.299105,155.80223,5.2481,854.9,17.9,-17.9,0.026296,0.025,69.15,5396,4.035,14.082,0,0,0,0,1,297.07861,49.502079,13,OK,lightkurve,,12,"SPOC,TESS-SPOC","74,75,76,81,82,83",0.9557267,,817.05076,17.107508,3405.7975,3405.7975,117,19.967319,0,,138.62346,9,1.3243289,0.090950896,61.38562,840.99521,False,OK,PDCSAP_FLUX,SPOC,61.38562,674.93145,analytic,674.93145,,TOO_FEW_MEMBERS,2,1,SPOC/PDCSAP_FLUX=61ppm;TESS-SPOC/PDCSAP_FLUX=OK,3,6,3,"74,75,76,81,82,83",SPOC,120,False,False,10009.11,372.35059,0.26562527,2.0497797,6,,-0.92486927,0.82783482,-1.1172147,-1.1172147,linear,0.07513073,0.090950896,1.2105685,0.82783482,4.1391741,50453.681,OK,-1.1172147,OK,SAP_FLUX,SPOC,-818.25945,605.25758,analytic,605.25758,,TOO_FEW_MEMBERS,2,0,SPOC/SAP_FLUX=OK;TESS-SPOC/SAP_FLUX=OK,3,6,3,"74,75,76,81,82,83",SPOC,120,False,False,9132.2537,2137.0728,1.6564924,2.8594404,6,,-2.0014793,0.74276398,-2.694637,-2.694637,linear,-1.0014793,-1.3519194,1.3499224,0.74276398,3.7138199,32690.334,OK,-2.694637,BACKGROUND_TEST_UNAVAILABLE,0,,,,,,,0.025637862,9.9669002,1.8719828,1.8991445,0.35669724,-725.01839,0.97039533,2100,OK,True,1.8991445,0.98138834,3.3906595,,duration_inconsistent,not_measurable,not_measurable,,False,,0,0,1,1,0.1,674.93145,765.17219,3,2.0497797,1,True,OK:1,,,,,,,,84,605.25758,841.13981,3,2.8594404,2,True,OK:2,,,,,,,,84,0,3
K00365.01,Kepler-538 b,11623629,28227113,name_planet,CONFIRMED,CANDIDATE,81.737872,211.67882,6.6923,628.8,5.1,-5.1,0.022652,0.02,95.4,5559,4.502,11.195,0,0,0,0,2,297.48691,49.623451,13,OK,lightkurve,,32,"QLP,SPOC,TESS-SPOC","14,15,41,54,55,56,74,76,81,82,83",0.95795608,,602.36278,4.885576,3357.6405,3357.6637,65,9.6734137,33.407962,3.4535855,129.40474,10,6.7067505,6.3592131,669.42507,686.99545,True,OK,PDCSAP_FLUX,QLP,686.99545,102.43343,analytic,130.23519,80.427593,OK,4,4,SPOC/PDCSAP_FLUX=687ppm;TESS-SPOC/PDCSAP_FLUX=656ppm;QLP/KSPSAP_FLUX=877ppm;QLP/DET_FLUX=783ppm,2,11,2,"14,15,41,54,55,74,76,81,82,83,56","QLP,SPOC","120,200",False,False,1413.5418,-322.45641,1.5736887,2.4764961,21,,0.13146777,0.19622277,0.66999243,0.63271252,ln,1.1405011,6.7067505,5.8805294,0.22206159,1.110308,1225.9848,OK,0.66999243,OK,SAP_FLUX,QLP,646.36088,88.431267,analytic,119.88716,80.949629,OK,3,3,SPOC/SAP_FLUX=646ppm;TESS-SPOC/SAP_FLUX=624ppm;QLP/SAP_FLUX=862ppm,3,11,3,"14,15,41,54,55,74,76,81,82,83,56","QLP,SPOC","120,200",False,False,1427.2059,-310.49526,1.7174498,1.5938078,21,,0.070498096,0.19227245,0.36665728,0.3556582,ln,1.0730425,7.3091894,6.8116494,0.20537282,1.0268641,1079.6122,OK,0.36665728,BACKGROUND_TEST_AGREES,2,"SPOC,TESS-SPOC",-36.050655,95.393099,-0.3779168,-0.053690297,PDC_DEEPER_THAN_SAP,0.022158924,5.9226591,0.25928354,0.88499605,0.038743562,671.95433,0.8544534,2006,OK,False,0.88499605,1.0015056,-1.8534449,0.47647414,fixed_b,consistent,consistent,,False,,0,0,1,1,0.2,102.43343,111.56498,2,2.4764961,0,False,,0.11707151,670.83409,831.68928,655.91592,877.00561,734.79601,190.01017,84,88.431267,92.343759,3,1.5938078,0,False,,0.12523906,631.42268,793.32194,624.39294,862.48009,646.36088,216.1192,84,0.023199973,3
K00365.02,,11623629,28227113,name_planet,CANDIDATE,CANDIDATE,117.761,175.5599,3.454,53.9,8.2,-8.2,0.006687,0.2505,253.9,5564,4.522,11.195,0,0,0,0,2,297.48691,49.623451,13,OK,lightkurve,,32,"QLP,SPOC,TESS-SPOC","14,15,41,54,55,56,74,76,81,82,83",0.96131936,,51.815114,7.8828188,3307.8049,3307.8049,45,147.48534,0,,494.26602,26,1.7917521,1.5866405,242.94291,279.18355,False,OK,PDCSAP_FLUX,QLP,242.94291,153.11781,analytic,210.98467,145.15325,OK,4,3,SPOC/PDCSAP_FLUX=45ppm;TESS-SPOC/PDCSAP_FLUX=472ppm;QLP/KSPSAP_FLUX=NO_USABLE_TRANSIT;QLP/DET_FLUX=208ppm,2,11,2,"14,15,41,54,55,74,76,81,82,83,56","QLP,SPOC","120,200",False,False,1354.1837,,,2.9870421,21,,3.6886496,4.0750228,0.90518502,0.90518502,linear,4.6886496,1.5866405,0.33840031,4.0750228,20.375114,3.658104e+10,OK,0.90518502,OK,SAP_FLUX,QLP,182.7204,153.75628,analytic,165.71503,61.809993,OK,3,2,SPOC/SAP_FLUX=OK;TESS-SPOC/SAP_FLUX=380ppm;QLP/SAP_FLUX=198ppm,2,11,2,"14,15,41,54,55,74,76,81,82,83,56","QLP,SPOC","120,200",False,False,1352.4819,,,4.2235394,21,sector_scatter,2.526392,3.2022053,0.78895377,0.78895377,linear,3.526392,1.1883768,0.3369951,3.2022053,16.011027,4.6553995e+08,OK,0.78895377,BACKGROUND_TEST_AGREES,1,TESS-SPOC,-91.792505,191.80584,-0.47856991,-0.19451413,PDC_DEEPER_THAN_SAP,0.02,2.623858,0.08015302,0.75965779,0.023205854,475.49603,0.88604104,829,OK,False,0.75965779,1.0082497,-2.1856432,0.68176755,fixed_b,not_measurable,not_measurable,,False,,0,0,1,1,0.4,153.11781,194.77287,2,2.9870421,1,True,NO_USABLE_TRANSIT:1,0.59747886,97.03998,387.34649,44.985285,471.90662,207.65621,228.96371,84,153.75628,228.9511,2,4.2235394,1,True,OK:1,0.33827636,227.40708,351.02706,198.32002,380.11412,289.21707,197.39372,84,0,3
K02355.01,Kepler-1206 b,11670125,27649203,name_planet,CONFIRMED,CANDIDATE,1.2170004,132.03128,1.3285,459.8,21.6,-21.6,0.019082,0.028,7.15,4859,4.545,15.975,0,0,0,0,1,295.93842,49.791142,13,OK,lightkurve,,8,"SPOC,TESS-SPOC","76,81,82,83",0.94993401,,436.77966,20.518575,3531.5911,3531.5911,4574,19.074053,0,,77.14966,13,1.3728345,-0.6788098,-993.8737,1966.6961,False,OK,PDCSAP_FLUX,SPOC,-993.8737,1394.2098,bootstrap,1394.2098,,TOO_FEW_MEMBERS,2,0,SPOC/PDCSAP_FLUX=OK;TESS-SPOC/PDCSAP_FLUX=OK,76,4,4,"76,81,82,83",SPOC,120,False,False,63896.325,-5233.3217,1.9266046,2.6012561,4,,-3.2754578,3.1927582,-1.0259023,-1.0259023,linear,-2.2754578,-0.71285805,0.31328115,3.1927582,15.963791,3.7432484e+09,OK,-1.0259023,OK,SAP_FLUX,SPOC,-248.04502,379.0033,bootstrap,379.0033,,TOO_FEW_MEMBERS,2,0,SPOC/SAP_FLUX=OK;TESS-SPOC/SAP_FLUX=OK,82,4,4,"76,81,82,83",SPOC,120,False,False,17128.567,-1212.5252,1.6685158,3.5147912,4,sector_scatter,-1.5678951,0.87042992,-1.8012881,-1.8012881,linear,-0.56789509,-0.65446665,1.1524429,0.87042992,4.3521496,33477.059,OK,-1.8012881,BACKGROUND_TEST_UNAVAILABLE,0,,,,,,,0.02,3.32125,1.1712014,2.5,0.88159685,1079.9613,1.0270297,15024,OK,True,2.5,,,,inconclusive,not_measurable,not_measurable,,False,,0,0,1,1,0.5,1464.1416,1394.2098,79,1.0514439,2,True,OK:2,,,,,,,,84,374.38323,379.0033,84,1.071753,2,True,OK:2,,,,,,,,84,0,3
K05939.01,,11868941,27082583,tic_kic_crossid,CANDIDATE,CANDIDATE,105.05339,208.7282,1.988,176.7,41.5,-41.5,0.012324,0.2199,399,6471,4.392,13.724,0,0,0,0,1,294.35275,50.185989,13,OK,lightkurve,,22,"QLP,SPOC,TESS-SPOC","14,15,40,41,54,55,56,74,75,81,82,83",0.96930186,,171.27564,40.226027,3504.5045,3504.5045,52,123.62911,0,,400.70732,34,2.4049473,-0.30207045,-1172.7662,4081.7699,False,OK,PDCSAP_FLUX,QLP,-1172.7662,3882.4261,analytic,3882.4261,,TOO_FEW_MEMBERS,4,0,SPOC/PDCSAP_FLUX=NO_USABLE_TRANSIT;TESS-SPOC/PDCSAP_FLUX=NO_USABLE_TRANSIT;QLP/KSPSAP_FLUX=OK;QLP/DET_FLUX=NO_USABLE_TRANSIT,1,12,1,"74,75,81,82,83,14,15,40,41,54,55,56","QLP,SPOC","120,1800,200,600",True,False,5012.1905,,,,10,smeared,-7.8472446,22.668979,-0.34616665,-0.34616665,linear,-6.8472446,-0.30207045,0.044115621,22.668979,113.3449,2.8758005e+51,OK,-0.34616665,OK,SAP_FLUX,QLP,-1151.5074,3894.3147,analytic,3894.3147,,TOO_FEW_MEMBERS,3,0,SPOC/SAP_FLUX=NO_USABLE_TRANSIT;TESS-SPOC/SAP_FLUX=NO_USABLE_TRANSIT;QLP/SAP_FLUX=OK,1,12,1,"74,75,81,82,83,14,15,40,41,54,55,56","QLP,SPOC","120,1800,200,600",True,False,5027.5386,,,,10,smeared,-7.7231244,22.738388,-0.33965137,-0.33965137,linear,-6.7231244,-0.29568936,0.043980945,22.738388,113.69194,4.0688974e+51,OK,-0.33965137,BACKGROUND_TEST_UNAVAILABLE,0,,,,,,,0.02,4.8204959,0.47834032,2.4247968,0.24061384,1478.536,1.41096,20,OK,True,2.4247968,,,,inconclusive,not_measurable,not_measurable,,False,,0,0,1,1,0.3,3882.4261,,1,0,4,True,NO_USABLE_TRANSIT:3;OK:1,,,,,,,,84,3894.3147,,1,0,3,True,NO_USABLE_TRANSIT:2;OK:1,,,,,,,,84,0,3
K05943.01,,11923213,27776586,tic_kic_crossid,CANDIDATE,CANDIDATE,27.202067,151.86606,1.811,180.3,24.8,-24.8,0.012294,0.223,113.31,5869,4.175,14.172,0,0,0,0,1,296.20459,50.236328,13,OK,lightkurve,,12,"SPOC,TESS-SPOC","74,75,76,81,82,83",0.96529794,,174.04322,23.939389,3398.0774,3397.9076,199,73.496385,-244.49587,3.326638,247.65416,23,3.1121485,-0.10283508,-110.90834,2856.4842,True,OK,PDCSAP_FLUX,SPOC,2856.4842,917.84959,analytic,994.61455,383.15826,OK,2,2,SPOC/PDCSAP_FLUX=2856ppm;TESS-SPOC/PDCSAP_FLUX=1730ppm,5,6,5,"74,75,76,81,82,83",SPOC,120,False,False,11166.562,1559.7197,0.84818092,0.82631852,6,,2.7980432,0.37770307,7.40805,2.6960814,ln,16.4125,3.1121485,0.18962063,5.7166299,28.58315,4.5098412e+14,OK,7.40805,OK,SAP_FLUX,SPOC,821.91035,513.51414,analytic,537.59351,159.0912,OK,2,2,SPOC/SAP_FLUX=822ppm;TESS-SPOC/SAP_FLUX=354ppm,6,6,6,"74,75,76,81,82,83",SPOC,120,False,False,7056.7138,2104.1973,2.0113429,2.6069364,6,,3.7224497,3.092316,1.203774,1.203774,linear,4.7224497,1.6005603,0.33892585,3.092316,15.46158,9.0268424e+08,OK,1.203774,BACKGROUND_TEST_AGREES,2,"SPOC,TESS-SPOC",-1727.2824,768.35275,-2.2480331,-0.75327962,PDC_DEEPER_THAN_SAP,0.02,2.6127295,0.1548966,1.4426999,0.085530977,1787.0688,1.0943358,1338,OK,False,1.4426999,1.0389119,2.0863407,,fixed_b,not_measurable,not_measurable,,False,,0,0,1,1,0.2,917.84959,823.64946,5,0.82631852,0,False,,0.13413631,1909.858,2676.1745,1729.5482,2856.4842,2293.0162,1126.9361,84,513.51414,795.9263,6,2.6069364,0,False,,0.19356271,428.8615,747.0439,353.99506,821.91035,587.9527,467.91529,84,-0.1697888,3
K04862.01,,11973517,351193235,tic_kic_crossid,CANDIDATE,CANDIDATE,0.90376307,131.51926,0.562,267.5,27.7,-27.7,0.015146,0.0938,12.43,4430,4.616,15.697,0,0,0,0,1,296.59799,50.356651,13,OK,lightkurve,,8,"SPOC,TESS-SPOC","76,81,82,83",0.94481884,,252.73904,26.171482,3531.6998,3531.6998,6160,19.634298,0,,67.332894,22,2.0461888,0.72317053,784.47226,2135.5412,False,OK,PDCSAP_FLUX,SPOC,784.47226,1309.6249,bootstrap,1309.6249,,TOO_FEW_MEMBERS,2,1,SPOC/PDCSAP_FLUX=784ppm;TESS-SPOC/PDCSAP_FLUX=OK,105,4,4,"76,81,82,83",SPOC,120,False,False,33663.872,-209.68588,0.081859055,0.72555493,4,,2.1038824,5.1830036,0.40591954,0.40591954,linear,3.1038824,0.5990053,0.19298582,5.1830036,25.915018,4.5438244e+13,OK,0.40591954,OK,SAP_FLUX,SPOC,369.04222,797.17764,bootstrap,797.17764,,TOO_FEW_MEMBERS,2,1,SPOC/SAP_FLUX=369ppm;TESS-SPOC/SAP_FLUX=OK,114,4,4,"76,81,82,83",SPOC,120,False,False,20402.243,638.01601,0.39746687,0.79734136,4,,0.46017101,3.1562486,0.14579682,0.14579682,linear,1.460171,0.46293599,0.31704231,3.1562486,15.781243,1.8045919e+09,OK,0.14579682,BACKGROUND_TEST_AGREES,1,SPOC,-415.43004,1533.1698,-0.27096154,-0.52956626,PDC_DEEPER_THAN_SAP,0.02,1.13455,0.017064369,2.0187723,0.030363647,1805.4598,1.2330911,8683,OK,False,2.0187723,1.011489,3.1438624,,duration_inconsistent,not_measurable,not_measurable,,False,,0,0,1,1,0.7,1084.768,1309.6249,106,1.282687,1,True,OK:1,,,,,,,,84,624.40441,797.17764,115,1.3940995,1,True,OK:1,,,,,,,,84,0,3
K05949.01,,12009917,416281664,tic_kic_crossid,CANDIDATE,CANDIDATE,559.78559,433.1966,3.496,274.8,43.5,-43.5,0.015474,0.411,1136,6201,4.352,13.295,0,0,0,0,1,289.68549,50.409229,13,OK,lightkurve,,23,"QLP,SPOC,TESS-SPOC","14,15,40,41,53,54,55,56,74,75,80,81,82",0.97272083,,267.30368,42.313356,3304.2669,3304.2669,9,115.10306,0,,397.74919,22,1.7167584,-0.79986585,-998.33509,2043.8784,False,OK,PDCSAP_FLUX,QLP,-998.33509,1248.1282,analytic,1248.1282,,TOO_FEW_MEMBERS,4,0,SPOC/PDCSAP_FLUX=NO_USABLE_TRANSIT;TESS-SPOC/PDCSAP_FLUX=NO_USABLE_TRANSIT;QLP/KSPSAP_FLUX=OK;QLP/DET_FLUX=NO_USABLE_TRANSIT,1,13,1,"74,75,80,81,82,14,15,40,41,53,54,55,56","QLP,SPOC","120,1800,200,600",False,False,3876.1251,,,,10,,-4.7348348,4.6722765,-1.0133893,-1.0133893,linear,-3.7348348,-0.79986585,0.21416365,4.6722765,23.361382,3.7387329e+12,OK,-1.0133893,OK,SAP_FLUX,QLP,-1056.6419,1268.3026,analytic,1268.3026,,TOO_FEW_MEMBERS,3,0,SPOC/SAP_FLUX=NO_USABLE_TRANSIT;TESS-SPOC/SAP_FLUX=NO_USABLE_TRANSIT;QLP/SAP_FLUX=OK,1,13,1,"74,75,80,81,82,14,15,40,41,53,54,55,56","QLP,SPOC","120,1800,200,600",False,False,3938.7778,,,,10,,-4.9529644,4.7477033,-1.0432338,-1.0432338,linear,-3.9529644,-0.83311505,0.21075703,4.7477033,23.738516,5.4514451e+12,OK,-1.0432338,BACKGROUND_TEST_UNAVAILABLE,0,,,,,,,0.02,1.3984,0.80123813,0.4,0.22918711,-3251.8827,1.3120814,105,OK,True,0.4,,,0.94510572,inconclusive,not_measurable,not_measurable,,False,,0,0,1,1,0.2,1248.1282,,1,0,4,True,NO_USABLE_TRANSIT:3;OK:1,,,,,,,,84,1268.3026,,1,0,3,True,NO_USABLE_TRANSIT:2;OK:1,,,,,,,,84,0,3
K02372.01,Kepler-1213 b,12254909,416266465,tic_kic_crossid_over_name_planet,CONFIRMED,CANDIDATE,5.349791,133.8836,4.279,88.8,4.4,-4.4,0.00997,0.867,5.03,6074,4.368,13.386,0,0,0,0,1,289.48581,50.94416,13,OK,lightkurve,,25,"QLP,SPOC,TESS-SPOC","14,26,41,53,54,55,56,74,75,80,81,82,83",1.024298,,90.95766,4.5069111,3493.2177,3493.292,1033,37.790483,106.93221,2.8296069,177.55645,12,3.2602214,0.28811667,35.023763,408.06861,True,OK,PDCSAP_FLUX,QLP,408.06861,179.80691,bootstrap,278.95292,213.27026,OK,4,4,SPOC/PDCSAP_FLUX=573ppm;TESS-SPOC/PDCSAP_FLUX=412ppm;QLP/KSPSAP_FLUX=134ppm;QLP/DET_FLUX=9ppm,58,13,13,"74,75,80,81,82,83,14,26,41,53,54,55,56","QLP,SPOC","120,1800,200,600",False,False,5492.2692,426.0311,1.1177085,3.1111069,12,sector_scatter,1.5010412,0.68720797,2.1842605,1.1364909,ln,4.4863579,2.2694823,0.50586298,3.0676514,15.338257,4.170225e+08,OK,2.1842605,OK,SAP_FLUX,QLP,193.21294,110.27863,bootstrap,129.6006,68.08038,OK,3,3,SPOC/SAP_FLUX=213ppm;TESS-SPOC/SAP_FLUX=200ppm;QLP/SAP_FLUX=13ppm,62,13,13,"74,75,80,81,82,83,14,26,41,53,54,55,56","QLP,SPOC","120,1800,200,600",False,False,4125.6643,217.82277,0.95877164,3.0266347,12,sector_scatter,1.1242075,1.4265831,0.78804203,0.78804203,linear,2.1242075,1.7520433,0.82479858,1.4265831,7.1329156,113835.65,OK,0.78804203,BACKGROUND_TEST_AGREES,2,"SPOC,TESS-SPOC",-278.89829,150.5667,-1.8523239,-0.56636222,PDC_DEEPER_THAN_SAP,0.038646466,5.1396115,2.4252861,1.2011244,0.56678806,149.67165,1.1348121,20100,OK,True,1.2011244,1.0414937,0.30002786,0.79554403,fixed_b,not_measurable,not_measurable,,False,,0,0,1,1,0.5,125.16592,179.80691,63,2.2442718,0,False,,0.52263334,69.112577,495.6531,8.9815054,572.81499,273.15782,399.08711,84,85.877664,110.27863,65,2.2267763,0,False,,0.35235932,72.733341,208.8941,12.866188,213.1026,199.95104,180.34675,84,0.074258479,3
K02059.01,Kepler-1076 b,12301181,399955825,tic_kic_crossid_over_name_planet,CONFIRMED,CANDIDATE,6.1472834,134.87289,2.7645,119.7,4.8,-4.8,0.009757,0.188,16.86,4997,4.598,12.906,0,0,0,0,2,287.59009,51.06057,13,OK,lightkurve,,33,"QLP,SPOC,TESS-SPOC","15,26,40,41,53,54,55,56,74,75,80,81,82",0.95399178,,114.19282,4.5791605,3334.4513,3334.4513,873,27.277435,0,,123.2998,12,2.6378234,1.1635649,103.95959,237.19016,False,OK,PDCSAP_FLUX,QLP,103.95959,125.15905,bootstrap,139.51277,61.636224,OK,4,3,SPOC/PDCSAP_FLUX=26ppm;TESS-SPOC/PDCSAP_FLUX=OK;QLP/KSPSAP_FLUX=146ppm;QLP/DET_FLUX=208ppm,46,13,13,"40,41,53,54,55,74,75,80,81,82,15,26,56","QLP,SPOC","120,1800,200",False,False,3514.5678,-102.41075,0.41956468,2.3819693,20,,-0.089613562,1.2234099,-0.073249007,-0.073249007,linear,0.91038644,0.83061981,0.91238158,1.2234099,6.1170496,51675.062,OK,-0.073249007,OK,SAP_FLUX,QLP,40.924673,83.700015,bootstrap,91.045398,35.826973,OK,3,3,SPOC/SAP_FLUX=28ppm;TESS-SPOC/SAP_FLUX=5ppm;QLP/SAP_FLUX=111ppm,53,13,13,"40,41,53,54,55,74,75,80,81,82,15,26,56","QLP,SPOC","120,1800,200",False,False,3359.9821,-187.60465,1.1548278,1.5198937,20,,-0.6416178,0.79986741,-0.8021552,-0.8021552,linear,0.3583822,0.48894463,1.3643106,0.79986741,3.999337,6116.3916,OK,-0.8021552,BACKGROUND_TEST_AGREES,1,SPOC,2.1114426,150.37011,0.014041638,0.08048974,SAP_DEEPER_THAN_PDC,0.02,3.7520038,1.7438792,1.3572088,0.6308118,119.44087,1.1192527,15138,OK,True,1.3572088,0.99954044,0.65317855,,fixed_b,not_measurable,not_measurable,,False,,0,0,1,1,0.5,89.345761,125.15905,51,1.6471213,1,True,OK:1,0.59288636,64.57643,187.84888,26.232445,207.51546,146.0574,103.55586,84,78.509018,83.700015,57,1.118897,0,False,,0.875437,12.615062,84.269008,5.2132625,110.58671,28.343887,69.662039,84,0,3
K02059.02,,12301181,399955825,tic_kic_crossid_over_name_planet,CANDIDATE,CANDIDATE,2.1856589,132.45418,1.966,35.6,3.9,-3.9,0.005433,0.394,7.88,4997,4.598,12.906,0,0,0,0,2,287.59009,51.06057,13,OK,lightkurve,,33,"QLP,SPOC,TESS-SPOC","15,26,40,41,53,54,55,56,74,75,80,81,82",0.962125,,34.25165,3.7522875,3333.4324,3333.4324,2456,61.284602,0,,213.34381,22,2.3940289,1.6685992,105.64208,150.51363,False,OK,PDCSAP_FLUX,QLP,105.64208,79.997944,bootstrap,185.0849,166.90341,OK,4,4,SPOC/PDCSAP_FLUX=183ppm;TESS-SPOC/PDCSAP_FLUX=193ppm;QLP/KSPSAP_FLUX=763ppm;QLP/DET_FLUX=259ppm,128,13,13,"40,41,53,54,55,74,75,80,81,82,15,26,56","QLP,SPOC","120,1800,200",True,False,3524.6592,-98.101405,0.62124517,2.0287492,20,smeared,2.0842916,5.4050199,0.38562145,0.38562145,linear,3.0842916,1.3205599,0.42815663,5.4050199,27.0251,1.8686723e+13,OK,0.38562145,OK,SAP_FLUX,QLP,80.746062,70.68006,bootstrap,130.72708,109.97226,OK,3,3,SPOC/SAP_FLUX=148ppm;TESS-SPOC/SAP_FLUX=196ppm;QLP/SAP_FLUX=472ppm,149,13,13,"40,41,53,54,55,74,75,80,81,82,15,26,56","QLP,SPOC","120,1800,200",True,False,3334.8895,-108.61428,0.77933032,1.1924475,20,smeared,1.3574357,3.8185644,0.35548325,0.35548325,linear,2.3574357,1.1424164,0.48460132,3.8185644,19.092822,6.707934e+09,OK,0.35548325,BACKGROUND_TEST_AGREES,2,"SPOC,TESS-SPOC",-16.059358,77.65134,-0.20681366,-0.085511981,PDC_DEEPER_THAN_SAP,0.02,0.94456425,2.0643,0.48044977,1.05,-65.738674,1.0788138,29895,OK,True,0.48044977,1.0048485,-0.33710605,0.90187689,fixed_b,not_measurable,not_measurable,,False,,0,0,1,1,1.1,63.311836,79.997944,135,1.4004579,0,False,,1.5798952,187.60839,521.41521,182.95149,763.40848,225.9546,657.7664,84,54.829725,70.68006,155,1.439633,0,False,,1.361952,163.34773,383.29226,148.16132,471.60915,195.61886,390.86309,84,0,3
K00279.01,Kepler-450 b,12314973,27534138,name_planet,CONFIRMED,CANDIDATE,28.454891,176.70627,8.1593,1418.6,6.7,-6.7,0.035375,0.5,24.17,6206,4.159,11.684,0,0,0,0,3,295.48651,51.0135,13,OK,lightkurve,,35,"QLP,SPOC,TESS-SPOC","14,15,40,41,54,55,56,74,75,76,81,82,83",0.97699311,,1385.9624,6.5458538,3359.2258,3359.2824,188,6.7989024,81.560363,11.996107,142.78621,7,18.226885,15.372424,1107.8828,1218.92,True,OK,PDCSAP_FLUX,QLP,1218.92,92.544808,bootstrap,238.06081,219.33629,OK,4,4,SPOC/PDCSAP_FLUX=1200ppm;TESS-SPOC/PDCSAP_FLUX=1300ppm;QLP/KSPSAP_FLUX=731ppm;QLP/DET_FLUX=1482ppm,10,13,10,"40,41,54,55,74,75,76,81,82,83,14,15,56","QLP,SPOC","120,1800,200",False,False,2131.9213,6.2944561,0.044776417,1.9107209,22,,-0.12842955,0.2016587,-0.63686591,-0.6734813,ln,0.87947552,13.171134,14.976123,0.17895743,0.89478716,2005.2312,OK,-0.63686591,OK,SAP_FLUX,QLP,1253.0262,110.37355,bootstrap,133.36678,74.862395,OK,3,3,SPOC/SAP_FLUX=1216ppm;TESS-SPOC/SAP_FLUX=1238ppm;QLP/SAP_FLUX=1436ppm,11,13,11,"40,41,54,55,74,75,76,81,82,83,14,15,56","QLP,SPOC","120,1800,200",False,False,2072.0017,70.611775,0.56271092,4.144059,22,sector_scatter,-0.10083318,0.11768974,-0.85677125,-0.88365744,ln,0.90408384,11.352595,12.557016,0.10854451,0.54272255,998.84253,OK,-0.85677125,BACKGROUND_TEST_AGREES,2,"SPOC,TESS-SPOC",-33.591591,90.637737,-0.37061375,-0.026867581,PDC_DEEPER_THAN_SAP,0.045066166,7.4449005,0.11197614,0.91244354,0.013723743,1095.8772,0.95547666,8965,OK,False,0.91244354,0.99722648,-1.686365,0.62260862,fixed_b,consistent,consistent,,False,,0,0,1,1,0.3,66.874841,92.544808,11,1.9107209,0,False,,0.17994313,956.40516,1395.0777,731.45974,1482.4415,1250.2648,487.46028,84,61.985119,110.37355,12,4.144059,0,False,,0.059745274,1223.124,1372.8488,1215.9766,1436.1601,1238.3121,183.13387,84,0.056639141,3
K00279.02,Kepler-450 c,12314973,27534138,name_planet,CONFIRMED,CANDIDATE,15.413081,136.94324,6.6358,264.3,5.1,-5.1,0.015072,0.372,16.77,6206,4.159,11.684,0,0,0,0,3,295.48651,51.0135,13,OK,lightkurve,,35,"QLP,SPOC,TESS-SPOC","14,15,40,41,54,55,56,74,75,76,81,82,83",0.97126508,,256.70536,4.9534519,3349.1085,3349.1315,349,23.835791,33.165728,1.3914256,171.04437,9,5.8882665,5.1197138,251.70689,288.47882,True,OK,PDCSAP_FLUX,QLP,288.47882,35.211922,bootstrap,49.965329,35.449326,OK,4,4,SPOC/PDCSAP_FLUX=297ppm;TESS-SPOC/PDCSAP_FLUX=276ppm;QLP/KSPSAP_FLUX=233ppm;QLP/DET_FLUX=201ppm,21,13,12,"40,41,54,55,74,75,76,81,82,83,14,15,56","QLP,SPOC","120,1800,200",False,False,1945.1759,-20.966428,0.29958813,0.54129177,22,,0.11669271,0.18130511,0.64362615,0.6130932,ln,1.1237741,8.1926464,7.2902969,0.20188456,1.0094228,447.69843,OK,0.64362615,OK,SAP_FLUX,QLP,260.01904,54.227855,bootstrap,60.934917,27.792155,OK,3,3,SPOC/SAP_FLUX=252ppm;TESS-SPOC/SAP_FLUX=227ppm;QLP/SAP_FLUX=170ppm,22,13,13,"40,41,54,55,74,75,76,81,82,83,14,15,56","QLP,SPOC","120,1800,200",False,False,1938.69,-37.348578,0.35453541,2.2261844,22,,0.01282589,0.24039818,0.053352693,0.053045398,ln,1.0129085,4.794935,4.7338284,0.24334806,1.2167403,609.97417,OK,0.053352693,BACKGROUND_TEST_AGREES,2,"SPOC,TESS-SPOC",-47.529048,53.254837,-0.89248321,-0.16584084,PDC_DEEPER_THAN_SAP,0.02,6.2425777,0.19069685,0.94074229,0.028737582,207.99025,1.0435478,15577,OK,False,0.94074229,1.0010315,-1.0407016,0.49088293,fixed_b,consistent,consistent,,False,,0,0,1,1,0.4,48.992148,35.211922,22,0.54618326,0,False,,0.12288363,216.1275,287.02615,200.75727,297.38944,254.28891,87.721549,84,47.704237,54.227855,23,1.4499299,0,False,,0.10688507,188.05866,243.64297,169.88968,251.63131,226.66776,90.129361,84,0.023031756,3
K00279.03,Kepler-450 d,12314973,27534138,name_planet,CONFIRMED,CANDIDATE,7.5143967,136.1851,4.865,36.3,4.1,-4.1,0.005597,0.399,10.91,6206,4.159,11.684,0,0,0,0,3,295.48651,51.0135,13,OK,lightkurve,,35,"QLP,SPOC,TESS-SPOC","14,15,40,41,54,55,56,74,75,76,81,82,83",0.97227497,,35.293581,3.9863274,3349.4931,3349.4931,716,203.37084,0,,683.08752,26,1.418686,1.1438057,48.025371,59.695304,False,OK,PDCSAP_FLUX,QLP,48.025371,55.591136,bootstrap,97.159324,79.684125,OK,4,3,SPOC/PDCSAP_FLUX=45ppm;TESS-SPOC/PDCSAP_FLUX=58ppm;QLP/KSPSAP_FLUX=279ppm;QLP/DET_FLUX=OK,40,13,13,"40,41,54,55,74,75,76,81,82,83,14,15,56","QLP,SPOC","120,1800,200",False,False,2010.5533,178.59516,1.6408227,2.449317,22,,0.36073952,2.7556591,0.13090862,0.13090862,linear,1.3607395,0.86390339,0.63487785,2.7556591,13.778295,34004229,OK,0.13090862,OK,SAP_FLUX,QLP,96.208705,52.448002,bootstrap,55.318859,17.589294,OK,3,3,SPOC/SAP_FLUX=71ppm;TESS-SPOC/SAP_FLUX=86ppm;QLP/SAP_FLUX=123ppm,44,13,13,"40,41,54,55,74,75,76,81,82,83,14,15,56","QLP,SPOC","120,1800,200",False,False,2020.257,82.772007,0.78813283,2.0842951,22,,1.7259547,1.572251,1.0977603,1.0977603,linear,2.7259547,1.8343636,0.67292519,1.572251,7.8612551,91543.607,OK,1.0977603,BACKGROUND_TEST_AGREES,2,"SPOC,TESS-SPOC",27.511451,52.151148,0.527533,0.53675094,SAP_DEEPER_THAN_PDC,0.02,10.763764,4.9818101,2.2124901,1.0240103,-22.469144,1.0294111,22799,OK,True,2.2124901,1.0011025,1.6504098,,fixed_b,not_measurable,not_measurable,,False,,0,0,1,1,0.8,41.987351,55.591136,45,1.9023103,1,True,OK:1,1.6592089,48.916076,208.28433,44.757055,279.12213,57.753996,231.09676,84,39.806051,52.448002,47,1.6959518,0,False,,0.18282435,76.024327,111.20292,71.280023,123.01324,86.105971,26.804537,84,0,3
K01476.01,Kepler-1752 b,12406749,417655835,tic_kic_crossid_over_name_planet,CONFIRMED,CANDIDATE,56.358799,222.31819,6.927,2559.6,68.8,-68.8,0.056204,0.906,33.7,5446,4.525,15.792,0,0,0,0,1,290.85413,51.222809,13,OK,lightkurve,,10,"SPOC,TESS-SPOC","76,80,81,82,83",1.0492549,,2685.6728,72.188737,3522.1217,3522.1217,97,37.461737,0,,216.29021,9,1.4376271,-0.37988229,-949.00668,3637.8184,False,OK,PDCSAP_FLUX,SPOC,-949.00668,2498.1598,analytic,2498.1598,,TOO_FEW_MEMBERS,2,1,SPOC/PDCSAP_FLUX=OK;TESS-SPOC/PDCSAP_FLUX=593ppm,2,5,2,"76,80,81,82,83",SPOC,120,False,False,35347.206,48.989474,0.0097148892,9.4379071e-05,5,,-1.353359,0.93191083,-1.4522409,-1.4522409,linear,-0.353359,-0.37988229,1.0750604,0.93191083,4.6595542,280891.82,OK,-1.4522409,OK,SAP_FLUX,SPOC,-25.021057,953.33759,analytic,953.33759,,TOO_FEW_MEMBERS,2,1,SPOC/SAP_FLUX=OK;TESS-SPOC/SAP_FLUX=122ppm,2,5,2,"76,80,81,82,83",SPOC,120,False,False,14636.163,-211.59623,0.098750314,0.0097516245,5,,-1.0093165,0.35948203,-2.8076967,-2.8076967,linear,-0.0093164949,-0.026245747,2.8171268,0.35948203,1.7974102,13519.677,OK,-2.8076967,BACKGROUND_TEST_AGREES,1,TESS-SPOC,-470.45639,2723.8777,-0.17271568,-0.79373827,PDC_DEEPER_THAN_SAP,0.25647586,3.5377123,1.1235615,0.51071349,0.1622003,-7426.5309,0.91068658,1923,OK,False,0.51071349,,,1.0191628,inconclusive,not_measurable,not_measurable,,False,,0,0,1,1,0.1,2498.1598,17.027665,2,9.4379071e-05,1,True,OK:1,,,,,,,,84,953.33759,77.057148,2,0.0097516245,1,True,OK:1,,,,,,,,84,0,3
K02424.01,Kepler-1234 b,12453581,399956098,tic_kic_crossid_over_name_planet,CONFIRMED,CANDIDATE,11.940191,136.55603,2.866,631.7,45.7,-45.7,0.022753,0.348,30.6,5073,4.607,15.912,0,0,0,0,1,287.52203,51.375858,13,OK,lightkurve,,10,"SPOC,TESS-SPOC","74,75,80,81,82",0.96029298,,606.61708,43.885389,3485.9243,3485.9243,462,47.717873,0,,186.14362,13,0.61724533,-1.5990502,-5434.4887,2215.3275,False,OK,PDCSAP_FLUX,SPOC,-5434.4887,3496.414,bootstrap,3496.414,,TOO_FEW_MEMBERS,2,0,SPOC/PDCSAP_FLUX=OK;TESS-SPOC/PDCSAP_FLUX=OK,9,5,5,"74,75,80,81,82",SPOC,120,False,False,65034.775,-93.606063,0.011553902,1.404845,5,,-9.9586807,5.7644618,-1.7275994,-1.7275994,linear,-8.9586807,-1.5543036,0.17349692,5.7644618,28.822309,1.996569e+15,OK,-1.7275994,OK,SAP_FLUX,SPOC,-1689.5543,1085.2,bootstrap,1085.2,,TOO_FEW_MEMBERS,2,0,SPOC/SAP_FLUX=OK;TESS-SPOC/SAP_FLUX=OK,11,5,5,"74,75,80,81,82",SPOC,120,False,False,21848.553,-1044.872,0.43316623,1.1596557,5,,-3.7852073,1.7910977,-2.1133449,-2.1133449,linear,-2.7852073,-1.5569059,0.55899103,1.7910977,8.9554885,4700865.8,OK,-2.1133449,BACKGROUND_TEST_UNAVAILABLE,0,,,,,,,0.025236873,1.2186122,0.27940299,0.42519615,0.097488832,-6051.3388,0.9289669,4133,OK,True,0.42519615,,,0.93744644,inconclusive,not_measurable,not_measurable,,False,,0,0,1,1,0.2,3398.573,3496.414,11,1.3652814,2,True,OK:2,,,,,,,,84,1116.0564,1085.2,12,1.0594838,2,True,OK:2,,,,,,,,84,0,3
K02463.01,Kepler-1248 b,12454461,298897924,tic_kic_crossid_over_name_planet,CONFIRMED,CANDIDATE,7.4671896,136.39348,3.633,75.7,4.6,-4.6,0.008144,0.486,13.88,6161,4.399,12.77,0,0,0,0,1,288.0593,51.35445,13,OK,lightkurve,,30,"QLP,SPOC,TESS-SPOC","14,15,26,40,41,53,54,55,56,73,74,75,80,81,82,83",0.97596979,,73.880913,4.489461,3480.1794,3480.1794,738,60.676387,0,,236.52416,16,2.9082134,2.2971155,231.62573,276.27869,False,OK,PDCSAP_FLUX,QLP,231.62573,129.51567,bootstrap,163.75473,100.2063,OK,4,3,SPOC/PDCSAP_FLUX=143ppm;TESS-SPOC/PDCSAP_FLUX=124ppm;QLP/KSPSAP_FLUX=418ppm;QLP/DET_FLUX=OK,46,16,16,"73,74,75,80,81,82,83,14,15,26,40,41,53,54,55,56","QLP,SPOC","120,1800,200,600",False,False,3501.6834,-349.16586,1.3871402,2.395848,14,,2.1351227,2.2178652,0.96269275,0.96269275,linear,3.1351227,1.7883993,0.57043996,2.2178652,11.089326,4836805.3,OK,0.96269275,OK,SAP_FLUX,QLP,280.05442,120.41491,bootstrap,125.13438,34.042059,OK,3,3,SPOC/SAP_FLUX=117ppm;TESS-SPOC/SAP_FLUX=139ppm;QLP/SAP_FLUX=217ppm,54,16,16,"73,74,75,80,81,82,83,14,15,26,40,41,53,54,55,56","QLP,SPOC","120,1800,200,600",False,False,3591.0642,-224.94082,0.96859677,2.6900782,14,,1.3325294,0.45369826,2.9370389,1.6458414,ln,3.7906194,2.3257454,0.61355286,1.6955579,8.4777894,355057.8,OK,2.9370389,BACKGROUND_TEST_AGREES,2,"SPOC,TESS-SPOC",-7.0196162,121.13104,-0.0579506,-0.052559441,PDC_DEEPER_THAN_SAP,0.02,2.4424446,0.21737065,0.67229415,0.059832273,136.96355,1.1597928,12311,OK,False,0.67229415,1.0081136,-3.6004379,0.81470167,tracks_b,not_measurable,not_measurable,,False,,0,0,1,1,0.5,100.8333,129.51567,51,1.4267803,1,True,OK:1,0.43262162,130.01737,330.42997,123.72691,418.45131,143.38461,186.82559,84,90.323035,120.41491,55,5.6091324,0,False,,0.12155516,123.80105,191.88517,116.61017,216.73388,139.08167,163.44424,84,0,3
K04605.01,,12458605,406998607,tic_kic_crossid,CANDIDATE,CANDIDATE,7.7859111,137.8734,7.788,45.5,4.7,-4.7,0.006544,0.675,5.76,6045,4.479,13.515,0,0,0,0,1,290.42307,51.388729,13,OK,lightkurve,,27,"QLP,SPOC,TESS-SPOC","14,40,53,54,55,56,74,75,76,80,81,82,83",0.98987914,,45.039501,4.6524319,3483.2985,3483.2985,708,211.22637,0,,750.49912,20,1.8812898,-2.0658622,-277.82433,239.37087,False,OK,PDCSAP_FLUX,QLP,-277.82433,116.27549,bootstrap,116.27549,,TOO_FEW_MEMBERS,4,1,SPOC/PDCSAP_FLUX=OK;TESS-SPOC/PDCSAP_FLUX=OK;QLP/KSPSAP_FLUX=OK;QLP/DET_FLUX=58ppm,40,13,13,"74,75,76,80,81,82,83,14,40,53,54,55,56","QLP,SPOC","120,1800,200,600",False,False,6754.2432,184.2479,0.7750778,1.3645399,14,,-7.1684593,2.5841832,-2.7739749,-2.7739749,linear,-6.1684593,-2.3893627,0.38735162,2.5841832,12.920916,18410899,OK,-2.7739749,OK,SAP_FLUX,QLP,-372.12203,144.57251,bootstrap,144.57251,,TOO_FEW_MEMBERS,3,0,SPOC/SAP_FLUX=OK;TESS-SPOC/SAP_FLUX=OK;QLP/SAP_FLUX=OK,43,13,13,"74,75,76,80,81,82,83,14,40,53,54,55,56","QLP,SPOC","120,1800,200,600",False,False,5471.7274,97.255799,0.33410982,2.793384,14,,-9.262126,3.2119557,-2.8836406,-2.8836406,linear,-8.262126,-2.5739473,0.31153571,3.2119557,16.059779,4.2488049e+08,OK,-2.8836406,BACKGROUND_TEST_UNAVAILABLE,0,,,,,,,0.02,8.029539,0.24528454,1.0310142,0.03149519,-389.60292,1.2171118,27379,OK,False,1.0310142,,,0.64846549,inconclusive,not_measurable,not_measurable,,False,,0,0,1,1,0.6,134.48347,116.27549,47,1.0718461,3,True,OK:3,,,,,,,,84,99.698276,144.57251,48,3.6725019,3,True,OK:3,,,,,,,,84,0,3
K08241.01,,12647757,417655304,tic_kic_crossid,CANDIDATE,CANDIDATE,490.63941,561.5837,16.5,268.8,33,-33,0.014583,0.015,230,5037,3.252,13.227,0,0,0,0,1,290.86276,51.701908,13,OK,lightkurve,NO_USABLE_TRANSIT,28,"QLP,SPOC,TESS-SPOC","14,40,41,53,54,55,56,74,75,76,80,81,82,83",0.95218925,,255.94847,31.422245,3300.9778,3300.9778,10,324.1051,0,,864,15,1.2998524,,,942.40209,False,NO_USABLE_TRANSIT,PDCSAP_FLUX,QLP,,,none,,,TOO_FEW_MEMBERS,4,0,SPOC/PDCSAP_FLUX=NO_USABLE_TRANSIT;TESS-SPOC/PDCSAP_FLUX=NO_USABLE_TRANSIT;QLP/KSPSAP_FLUX=NO_USABLE_TRANSIT;QLP/DET_FLUX=NO_USABLE_TRANSIT,0,14,0,"74,75,76,80,81,82,83,14,40,41,53,54,55,56","QLP,SPOC","120,1800,200,600",False,False,,,,,14,,,,,,,,,,,,,NO_USABLE_TRANSIT,,NO_USABLE_TRANSIT,SAP_FLUX,QLP,,,none,,,TOO_FEW_MEMBERS,3,0,SPOC/SAP_FLUX=NO_USABLE_TRANSIT;TESS-SPOC/SAP_FLUX=NO_USABLE_TRANSIT;QLP/SAP_FLUX=NO_USABLE_TRANSIT,0,14,0,"74,75,76,80,81,82,83,14,40,41,53,54,55,56","QLP,SPOC","120,1800,200,600",False,False,,,,,14,,,,,,,,,,,,,NO_USABLE_TRANSIT,,BACKGROUND_TEST_UNAVAILABLE,0,,,,,,,0.02,23.088477,11.302924,1.3993016,0.68502573,-718.38053,1.1537173,364,OK,True,1.3993016,,,,inconclusive,not_measured,not_measured,,False,,0,0,1,1,0.2,,,1,,4,True,NO_USABLE_TRANSIT:4,,,,,,,,84,,,1,,3,True,NO_USABLE_TRANSIT:3,,,,,,,,84,0,3
