star_key,ra,dec
kepler:892376,291.06387,36.635811
kepler:893507,291.31253,36.633228
kepler:893647,291.33795,36.690239
kepler:1026474,291.14911,36.72382
kepler:1027016,291.26682,36.779949
kepler:1028018,291.47131,36.799839
kepler:1161620,291.10931,36.80006
kepler:1294953,291.46692,36.914066
kepler:1296779,291.84061,36.997452
kepler:1436265,292.24551,37.096619
kepler:1569863,290.6265,37.142689
kepler:1570924,290.86359,37.126041
kepler:1572802,291.29581,37.155861
kepler:1573138,291.36459,37.10321
kepler:1720048,291.19669,37.247513
kepler:1722506,291.74109,37.200199
kepler:1871176,292.07089,37.30397
kepler:1871967,292.24173,37.320408
kepler:1872340,292.32199,37.365021
kepler:1872885,292.4404,37.346512
kepler:1873543,292.58456,37.39547
kepler:1995351,286.09695,37.455002
kepler:1995461,286.13028,37.41069
kepler:2010191,290.38721,37.47818
kepler:2012690,291.00357,37.43721
kepler:2013754,291.25433,37.443241
kepler:2017692,292.14713,37.471458
kepler:2019477,292.55194,37.421211
kepler:2141927,286.42209,37.594158
kepler:2142183,286.51041,37.595631
kepler:2157356,290.80032,37.517891
kepler:2158047,290.9588,37.578388
kepler:2158750,291.13217,37.573528
kepler:2159486,291.29648,37.549629
kepler:2164031,292.26224,37.588928
kepler:2164790,292.42688,37.553822
kepler:2164791,292.42737,37.556019
kepler:2167198,292.94672,37.529095
kepler:2168263,293.16968,37.594292
kepler:2282712,285.88242,37.641129
kepler:2283703,286.21823,37.637058
kepler:2283749,286.23285,37.643372
kepler:2285420,286.77643,37.639549
kepler:2285548,286.81836,37.651829
kepler:2297729,290.25195,37.639591
kepler:2298664,290.45224,37.689732
kepler:2300039,290.79013,37.66103
kepler:2301169,291.04935,37.61565
kepler:2303102,291.47736,37.628551
kepler:2303352,291.53162,37.652901
kepler:2304604,291.80884,37.63979
kepler:2307249,292.38458,37.69051
kepler:2308761,292.71338,37.695129
kepler:2421862,285.80234,37.758759
kepler:2424688,286.76575,37.740971
kepler:2436635,290.16589,37.731709
kepler:2437317,290.21808,37.764069
kepler:2438151,290.28506,37.748619
kepler:2438406,290.31512,37.742451
kepler:2438502,290.32791,37.726742
kepler:2438873,290.39313,37.710258
kepler:2439140,290.45212,37.72506
kepler:2439144,290.45276,37.72295
kepler:2441337,290.98215,37.777081
kepler:2441384,290.99658,37.798618
kepler:2441470,291.01389,37.794312
kepler:2441562,291.03546,37.788029
kepler:2442004,291.1416,37.765549
kepler:2442866,291.33533,37.70396
kepler:2443037,291.37418,37.711681
kepler:2443939,291.57889,37.723438
kepler:2446436,292.13046,37.734261
kepler:2448088,292.46289,37.764278
kepler:2554317,285.84857,37.840351
kepler:2555396,286.18774,37.866611
kepler:2555941,286.35663,37.872013
kepler:2557555,286.88281,37.821178
kepler:2557669,286.91983,37.878159
kepler:2570846,290.34338,37.841518
kepler:2574427,291.16,37.872631
kepler:2577743,291.85959,37.896381
kepler:2579041,292.13519,37.868488
kepler:2584118,293.24402,37.844101
kepler:2584908,293.42279,37.844929
kepler:2692704,285.77542,37.922798
kepler:2692708,285.77667,37.923931
kepler:2695006,286.49142,37.920231
kepler:2696734,287.06738,37.986691
kepler:2696906,287.12411,37.95554
kepler:2710323,290.82202,37.958511
kepler:2710813,290.94043,37.989979
kepler:2712904,291.40845,37.914188
kepler:2713086,291.44598,37.949532
kepler:2715113,291.90137,37.906689
kepler:2715135,291.90326,37.90229
kepler:2716857,292.2688,37.908482
kepler:2717094,292.3179,37.968262
kepler:2718155,292.54471,37.978298
kepler:2718653,292.66193,37.968441
kepler:2721129,293.21091,37.925678
kepler:2832720,286.04691,38.08839
kepler:2833554,286.29669,38.05714
kepler:2834564,286.62314,38.080341
kepler:2834612,286.64011,38.04509
kepler:2834637,286.64944,38.069069
kepler:2849645,290.85345,38.020741
kepler:2849692,290.86502,38.051949
kepler:2850378,291.01462,38.073799
kepler:2851576,291.2691,38.05608
kepler:2852669,291.48618,38.041592
kepler:2852941,291.54343,38.048759
kepler:2852942,291.54361,38.05872
kepler:2854839,291.95761,38.070049
kepler:2857612,292.51617,38.034039
kepler:2858134,292.63409,38.061581
kepler:2860579,293.16162,38.036999
kepler:2860930,293.24023,38.031799
kepler:2862041,293.47433,38.01466
kepler:2865498,294.18088,38.08725
kepler:2968811,285.45087,38.117222
kepler:2987160,290.87015,38.112019
kepler:2987282,290.8996,38.192539
kepler:2987327,290.91064,38.156651
kepler:2992668,292.08804,38.118629
kepler:2994233,292.43051,38.1175
kepler:2994666,292.52618,38.158352
kepler:2996903,293.01413,38.178059
kepler:3097331,285.68076,38.218842
kepler:3097429,285.72293,38.255539
kepler:3097891,285.89813,38.25626
kepler:3100568,286.84348,38.260239
kepler:3101129,287.02847,38.223209
kepler:3102749,287.61005,38.248508
kepler:3102763,287.61542,38.22607
kepler:3103752,287.92276,38.22205
kepler:3109825,289.74576,38.20657
kepler:3111399,290.14362,38.23555
kepler:3112821,290.52286,38.262508
kepler:3112828,290.52368,38.260288
kepler:3112890,290.53809,38.259689
kepler:3115294,291.14581,38.294701
kepler:3116390,291.41901,38.267719
kepler:3117164,291.59344,38.211842
kepler:3118883,291.96957,38.27985
kepler:3119250,292.0488,38.288898
kepler:3119943,292.19904,38.272861
kepler:3120477,292.32611,38.259201
kepler:3120841,292.40869,38.254051
kepler:3122450,292.78796,38.245178
kepler:3123231,292.98007,38.262871
kepler:3123292,292.99603,38.204479
kepler:3128078,294.05139,38.26012
kepler:3128488,294.14017,38.292171
kepler:3129539,294.36691,38.251011
kepler:3130391,294.54572,38.268139
kepler:3215863,285.2977,38.391129
kepler:3216700,285.64215,38.378811
kepler:3217078,285.78049,38.345821
kepler:3217410,285.9068,38.346371
kepler:3217852,286.07541,38.397461
kepler:3217974,286.12466,38.382191
kepler:3219046,286.54498,38.326881
kepler:3219508,286.71033,38.379131
kepler:3219623,286.75433,38.379311
kepler:3219941,286.86963,38.32502
kepler:3220938,287.24258,38.33252
kepler:3222369,287.74994,38.388039
kepler:3222610,287.83792,38.374828
kepler:3222875,287.91837,38.316158
kepler:3228725,289.73746,38.332607
kepler:3228931,289.78857,38.31036
kepler:3233794,291.12241,38.32579
kepler:3234139,291.21042,38.32901
kepler:3236443,291.79471,38.341583
kepler:3236788,291.88025,38.372452
kepler:3238207,292.24615,38.317345
kepler:3239219,292.48163,38.30246
kepler:3240964,292.92487,38.369911
kepler:3242039,293.20349,38.341801
kepler:3245458,294.00385,38.341492
kepler:3248885,294.7836,38.342571
kepler:3322667,285.05814,38.495411
kepler:3323215,285.30899,38.412922
kepler:3323808,285.54395,38.458912
kepler:3325023,286.02966,38.437191
kepler:3326330,286.54092,38.470982
kepler:3327742,287.07358,38.48476
kepler:3328203,287.25613,38.403042
kepler:3328418,287.34024,38.47971
kepler:3330684,288.11703,38.437733
kepler:3330773,288.14572,38.420818
kepler:3335194,289.53217,38.422489
kepler:3336651,289.92499,38.423229
kepler:3336705,289.93582,38.44199
kepler:3337674,290.20035,38.402431
kepler:3339825,290.82324,38.452751
kepler:3339968,290.86551,38.466301
kepler:3340807,291.0975,38.420238
kepler:3341455,291.27393,38.474682
kepler:3342210,291.45972,38.439751
kepler:3346631,292.55295,38.426338
kepler:3347281,292.72614,38.454082
kepler:3352122,293.92435,38.40826
kepler:3354358,294.47247,38.48938
kepler:3354855,294.57831,38.495682
kepler:3354968,294.60345,38.49025
kepler:3355476,294.71118,38.407761
kepler:3424832,285.31091,38.502762
kepler:3425756,285.6925,38.544041
kepler:3426313,285.90982,38.537479
kepler:3426331,285.9155,38.574558
kepler:3430610,287.52087,38.538677
kepler:3439126,290.15723,38.52438
kepler:3441470,290.85504,38.569061
kepler:3441906,290.97894,38.582981
kepler:3444822,291.7532,38.56916
kepler:3448722,292.73993,38.593842
kepler:3448787,292.75705,38.588772
kepler:3449953,293.03137,38.51852
kepler:3452854,293.73074,38.55928
kepler:3452996,293.76651,38.565948
kepler:3454793,294.20596,38.529861
kepler:3455586,294.3989,38.53614
kepler:3456972,294.72922,38.57449
kepler:3458671,295.08514,38.51413
kepler:3458698,295.09036,38.536308
kepler:3459143,295.18921,38.553429
kepler:3525734,285.04678,38.691978
kepler:3525783,285.07251,38.679329
kepler:3526481,285.37735,38.639252
kepler:3526555,285.41013,38.695389
kepler:3527709,285.89099,38.614182
kepler:3527753,285.90509,38.63953
kepler:3528198,286.08051,38.632339
kepler:3530274,286.89526,38.657063
kepler:3539331,289.93506,38.64043
kepler:3539632,290.0209,38.636372
kepler:3540012,290.12808,38.648689
kepler:3540153,290.16412,38.651791
kepler:3540728,290.31378,38.671879
kepler:3541346,290.48615,38.625332
kepler:3544900,291.51022,38.676189
kepler:3545104,291.56519,38.672138
kepler:3546821,292.00742,38.617329
kepler:3547283,292.13123,38.620125
kepler:3548321,292.39093,38.643742
kepler:3550411,292.91833,38.696899
kepler:3550598,292.96246,38.691669
kepler:3555013,294.04105,38.680809
kepler:3556533,294.42532,38.624641
kepler:3557532,294.66299,38.63303
kepler:3560301,295.26682,38.61124
kepler:3560427,295.29474,38.627651
kepler:3626094,284.81213,38.762852
kepler:3626325,284.9093,38.722359
kepler:3627696,285.46497,38.743881
kepler:3629063,286.02246,38.740238
kepler:3630998,286.79324,38.737289
kepler:3631048,286.81293,38.787949
kepler:3631162,286.86121,38.77335
kepler:3631401,286.95654,38.772449
kepler:3632538,287.40503,38.71159
kepler:3634755,288.21436,38.764179
kepler:3640527,290.00006,38.743992
kepler:3643854,290.9726,38.767368
kepler:3646034,291.54965,38.72945
kepler:3646734,291.73129,38.743931
kepler:3658853,294.76254,38.73399
kepler:3659186,294.84488,38.78812
kepler:3659298,294.86627,38.726662
kepler:3661158,295.2691,38.751141
kepler:3663495,295.73355,38.789478
kepler:3664031,295.8338,38.77916
kepler:3728186,285.02457,38.84029
kepler:3728906,285.30078,38.823761
kepler:3730841,286.13431,38.873482
kepler:3731563,286.42593,38.857128
kepler:3732401,286.7558,38.812538
kepler:3733157,287.04501,38.807812
kepler:3733753,287.26447,38.864101
kepler:3735720,288.01987,38.828732
kepler:3743537,290.45813,38.88213
kepler:3743718,290.51282,38.897362
kepler:3748172,291.76999,38.88929
kepler:3749062,291.98773,38.889992
kepler:3749207,292.02649,38.809662
kepler:3750536,292.39682,38.813419
kepler:3751292,292.60666,38.86314
kepler:3757015,294.00385,38.8629
kepler:3757951,294.23578,38.888931
kepler:3758987,294.49677,38.87149
kepler:3759394,294.59384,38.893459
kepler:3761893,295.1853,38.864449
kepler:3762056,295.22214,38.899891
kepler:3762777,295.37891,38.889221
kepler:3763058,295.43152,38.897228
kepler:3764501,295.70117,38.849319
kepler:3765091,295.81213,38.874561
kepler:3831820,285.02191,38.980419
kepler:3831911,285.05515,38.985008
kepler:3832966,285.49606,38.978722
kepler:3833959,285.91147,38.942421
kepler:3834913,286.31052,38.971691
kepler:3836276,286.88712,38.901741
kepler:3836862,287.10236,38.946499
kepler:3838004,287.55768,38.912231
kepler:3847763,290.71912,38.927078
kepler:3847994,290.79092,38.934101
kepler:3848121,290.82605,38.908569
kepler:3852071,291.93195,38.90609
kepler:3852116,291.94263,38.984531
kepler:3853938,292.42584,38.993568
kepler:3857900,293.45724,38.91824
kepler:3858086,293.50287,38.90921
kepler:3858129,293.51251,38.950436
kepler:3858729,293.65366,38.924271
kepler:3859213,293.77682,38.904888
kepler:3859512,293.84802,38.91423
kepler:3861049,294.22336,38.991199
kepler:3862679,294.62097,38.92197
kepler:3864122,294.95505,38.988091
kepler:3869649,296.09454,38.945572
kepler:3934090,284.50009,39.082642
kepler:3935499,285.05695,39.07449
kepler:3935682,285.12488,39.029381
kepler:3935803,285.17499,39.053471
kepler:3937468,285.90918,39.029018
kepler:3938087,286.15979,39.015392
kepler:3938173,286.19595,39.055759
kepler:3938354,286.26694,39.032909
kepler:3938944,286.50443,39.01936
kepler:3939069,286.55197,39.095699
kepler:3940372,287.07272,39.04295
kepler:3942324,287.84494,39.09264
kepler:3943325,288.20688,39.04435
kepler:3945784,289.00226,39.04808
kepler:3946127,289.11246,39.08955
kepler:3946749,289.29926,39.012989
kepler:3946894,289.34082,39.033829
kepler:3952824,291.09778,39.058392
kepler:3953970,291.42557,39.004169
kepler:3954961,291.69388,39.03804
kepler:3955253,291.7717,39.090981
kepler:3955439,291.82333,39.000431
kepler:3957755,292.4101,39.07045
kepler:3958507,292.60645,39.036579
kepler:3962433,293.61774,39.027439
kepler:3962715,293.68811,39.08366
kepler:3966021,294.50964,39.057331
kepler:3967523,294.89233,39.06633
kepler:3969022,295.23425,39.054089
kepler:3971507,295.72726,39.059769
kepler:3971641,295.74951,39.038532
kepler:3971772,295.77383,39.053761
kepler:3974352,296.25037,39.059662
kepler:3974751,296.32495,39.050072
kepler:4035503,284.5614,39.12323
kepler:4035697,284.62943,39.192589
kepler:4036736,284.96973,39.138882
kepler:4038439,285.51523,39.15937
kepler:4038557,285.55838,39.100651
kepler:4040647,286.34161,39.194019
kepler:4042417,287.0116,39.183128
kepler:4043389,287.38211,39.180981
kepler:4045215,288.07114,39.117149
kepler:4047410,288.83847,39.197941
kepler:4048899,289.24896,39.11097
kepler:4055312,291.05176,39.115631
kepler:4059416,292.15012,39.182991
kepler:4060371,292.39487,39.123569
kepler:4065705,293.74951,39.12886
kepler:4066245,293.88623,39.140091
kepler:4067894,294.28229,39.118881
kepler:4068539,294.43506,39.10743
kepler:4069222,294.5994,39.14864
kepler:4070633,294.93884,39.125301
kepler:4073750,295.61926,39.196159
kepler:4074068,295.68192,39.198269
kepler:4077867,296.42227,39.1096
kepler:4136992,285.02002,39.207069
kepler:4137413,285.14954,39.297695
kepler:4138557,285.5921,39.206268
kepler:4139324,285.88818,39.271969
kepler:4142137,286.98932,39.212818
kepler:4142890,287.3223,39.281479
kepler:4142913,287.32983,39.201061
kepler:4147537,288.89459,39.298512
kepler:4148863,289.25873,39.23315
kepler:4157933,291.70657,39.295639
kepler:4158372,291.82349,39.217339
kepler:4158847,291.93155,39.28434
kepler:4160250,292.22629,39.207378
kepler:4166704,293.73596,39.253929
kepler:4169930,294.46936,39.243519
kepler:4171693,294.87131,39.22118
kepler:4171937,294.92307,39.297089
kepler:4172338,295.01031,39.256008
kepler:4172502,295.04907,39.29771
kepler:4173772,295.33414,39.203663
kepler:4174234,295.42633,39.296631
kepler:4174461,295.46542,39.284512
kepler:4174717,295.51474,39.269089
kepler:4175216,295.60614,39.209911
kepler:4175311,295.62396,39.247238
kepler:4175557,295.6713,39.278339
kepler:4175707,295.69882,39.26685
kepler:4180534,296.57224,39.237068
kepler:4180810,296.61752,39.218681
kepler:4242514,285.09195,39.375961
kepler:4243462,285.44022,39.382401
kepler:4243508,285.46292,39.362141
kepler:4244594,285.88013,39.395512
kepler:4245449,286.22412,39.37389
kepler:4248763,287.53506,39.315311
kepler:4249702,287.8855,39.3237
kepler:4249749,287.90234,39.39769
kepler:4249808,287.92654,39.393429
kepler:4254871,289.53815,39.33976
kepler:4255487,289.7171,39.333321
kepler:4256419,289.9816,39.363762
kepler:4261467,291.36905,39.306129
kepler:4263801,291.94589,39.371384
kepler:4264634,292.1423,39.300209
kepler:4270856,293.66803,39.342793
kepler:4271063,293.72195,39.389549
kepler:4273689,294.3251,39.328609
kepler:4274517,294.50256,39.33057
kepler:4275230,294.66397,39.386921
kepler:4276035,294.83627,39.347111
kepler:4277862,295.24643,39.302979
kepler:4278221,295.32251,39.376492
kepler:4283417,296.34308,39.319118
kepler:4284405,296.53281,39.383579
kepler:4285178,296.6644,39.361092
kepler:4345222,284.82755,39.404388
kepler:4346178,285.27643,39.446911
kepler:4347202,285.72739,39.446171
kepler:4349043,286.46872,39.434052
kepler:4351212,287.35846,39.481503
kepler:4351367,287.41934,39.404442
kepler:4352328,287.77203,39.490841
kepler:4354963,288.70096,39.483082
kepler:4355503,288.86853,39.496132
kepler:4356708,289.23856,39.437172
kepler:4357272,289.40088,39.47501
kepler:4357396,289.44025,39.473518
kepler:4357520,289.47342,39.43528
kepler:4365571,291.72433,39.479511
kepler:4371489,293.3017,39.434368
kepler:4372327,293.51059,39.490211
kepler:4373146,293.70978,39.416649
kepler:4373708,293.83829,39.423382
kepler:4374768,294.0766,39.49511
kepler:4375336,294.20663,39.488991
kepler:4377576,294.73016,39.461361
kepler:4379301,295.10815,39.466599
kepler:4383248,295.91702,39.415279
kepler:4446411,285.41,39.52837
kepler:4447405,285.85156,39.52351
kepler:4449749,286.85522,39.535229
kepler:4454890,288.8035,39.550018
kepler:4455561,289.01205,39.54987
kepler:4455709,289.05719,39.510712
kepler:4457475,289.59076,39.549221
kepler:4458346,289.81894,39.563801
kepler:4459146,290.04471,39.577278
kepler:4465314,291.88922,39.596611
kepler:4465341,291.89679,39.549332
kepler:4466498,292.22815,39.552029
kepler:4469290,292.98447,39.553661
kepler:4469481,293.03308,39.551498
kepler:4469578,293.05505,39.51273
kepler:4470937,293.41434,39.526875
kepler:4472809,293.88385,39.560902
kepler:4473355,294.01523,39.531509
kepler:4484238,296.43582,39.503658
kepler:4484377,296.46341,39.513561
kepler:4488363,297.27737,39.536961
kepler:4543412,285.34628,39.665291
kepler:4544623,285.89905,39.690639
kepler:4547377,287.08908,39.653831
kepler:4548162,287.43542,39.692989
kepler:4551202,288.612,39.628529
kepler:4554781,289.69937,39.644569
kepler:4554789,289.70053,39.64378
kepler:4554830,289.70892,39.682331
kepler:4555021,289.76636,39.685032
kepler:4562996,292.06793,39.614117
kepler:4568729,293.64288,39.645809
kepler:4569930,293.93936,39.607948
kepler:4577860,295.76926,39.601021
kepler:4581540,296.50638,39.602345
kepler:4585201,297.22427,39.62957
kepler:4585486,297.28055,39.687988
kepler:4585976,297.38489,39.610291
kepler:4586099,297.40991,39.646568
kepler:4633458,283.99551,39.772369
kepler:4633721,284.10645,39.733929
kepler:4636482,285.37271,39.72871
kepler:4636485,285.37402,39.72823
kepler:4636938,285.59229,39.791481
kepler:4637562,285.86569,39.797359
kepler:4638325,286.18848,39.75296
kepler:4639291,286.59705,39.782589
kepler:4639484,286.6795,39.73912
kepler:4641547,287.55896,39.746189
kepler:4644174,288.54437,39.799332
kepler:4646159,289.17731,39.700352
kepler:4646848,289.39142,39.755878
kepler:4648747,289.95813,39.798241
kepler:4648919,290.00696,39.78133
kepler:4649344,290.11536,39.744202
kepler:4650327,290.37845,39.720428
kepler:4650350,290.38388,39.79237
kepler:4658549,292.86249,39.762138
kepler:4659416,293.09079,39.764191
kepler:4660012,293.25604,39.718811
kepler:4660038,293.26242,39.76226
kepler:4660255,293.32135,39.709061
kepler:4661946,293.76764,39.791828
kepler:4662431,293.8945,39.732609
kepler:4663267,294.10272,39.760059
kepler:4665568,294.66299,39.795971
kepler:4669417,295.53741,39.738369
kepler:4671547,295.98975,39.76363
kepler:4672010,296.08417,39.717628
kepler:4673009,296.28067,39.792831
kepler:4673107,296.3009,39.76305
kepler:4677281,297.11014,39.75312
kepler:4681067,297.83289,39.754551
kepler:4725292,283.70551,39.870491
kepler:4725913,283.97308,39.866138
kepler:4726192,284.10287,39.80579
kepler:4727007,284.48749,39.8409
kepler:4731525,286.6022,39.88271
kepler:4732337,286.97336,39.87508
kepler:4738909,289.43509,39.861778
kepler:4739683,289.67709,39.889011
kepler:4741455,290.18268,39.847809
kepler:4742188,290.38721,39.829941
kepler:4742436,290.45636,39.8354
kepler:4749912,292.75021,39.83226
kepler:4750889,293.03314,39.87492
kepler:4750938,293.04675,39.80851
kepler:4754260,293.91058,39.8433
kepler:4755216,294.15118,39.828678
kepler:4755317,294.17947,39.862408
kepler:4756335,294.43634,39.83807
kepler:4758595,294.99527,39.848061
kepler:4760945,295.52264,39.838081
kepler:4761393,295.61963,39.872417
kepler:4762130,295.76193,39.87315
kepler:4762283,295.79251,39.89257
kepler:4770707,297.49268,39.869911
kepler:4771930,297.72903,39.80006
kepler:4771949,297.73322,39.805321
kepler:4774574,298.26434,39.889919
kepler:4814229,283.89172,39.943161
kepler:4814290,283.91812,39.991581
kepler:4814530,284.00888,39.976509
kepler:4815965,284.69156,39.94516
kepler:4819301,286.245,39.91523
kepler:4819423,286.29544,39.92181
kepler:4819564,286.35544,39.918159
kepler:4819766,286.43732,39.96944
kepler:4821181,287.04559,39.992329
kepler:4824987,288.53983,39.93824
kepler:4825003,288.54599,39.96487
kepler:4827910,289.46954,39.97435
kepler:4830001,290.07971,39.954311
kepler:4830016,290.0849,39.982021
kepler:4831454,290.49191,39.99844
kepler:4832949,290.9613,39.964779
kepler:4838980,292.77457,39.923939
kepler:4841888,293.56604,39.956566
kepler:4843454,293.98923,39.922409
kepler:4844774,294.3255,39.92065
kepler:4844804,294.33243,39.985569
kepler:4846603,294.7774,39.989891
kepler:4846856,294.8418,39.91888
kepler:4848115,295.14267,39.93071
kepler:4851304,295.8537,39.964191
kepler:4851349,295.86459,39.984901
kepler:4851941,295.9874,39.938251
kepler:4852019,296.00601,39.929291
kepler:4853523,296.30954,39.912651
kepler:4857335,297.10156,39.944092
kepler:4857734,297.20093,39.991112
kepler:4857845,297.22461,39.944962
kepler:4861991,298.08939,39.987751
kepler:4863614,298.44339,39.971561
kepler:4863737,298.47128,39.905231
kepler:4863931,298.51486,39.927341
kepler:4902158,283.67407,40.05204
kepler:4904647,284.86615,40.025002
kepler:4907159,286.06076,40.076439
kepler:4908893,286.85419,40.061111
kepler:4913121,288.52454,40.067635
kepler:4913533,288.6853,40.020119
kepler:4914490,289.01138,40.050362
kepler:4914882,289.13028,40.060009
kepler:4916039,289.50134,40.061062
kepler:4917213,289.81927,40.032139
kepler:4917525,289.90924,40.027802
kepler:4919145,290.34958,40.058743
kepler:4919243,290.37949,40.077728
kepler:4919560,290.46982,40.040089
kepler:4919569,290.47156,40.02906
kepler:4921143,290.96521,40.037579
kepler:4921468,291.07251,40.060081
kepler:4926962,292.68918,40.048481
kepler:4929016,293.27884,40.085171
kepler:4929808,293.49118,40.075008
kepler:4930560,293.69458,40.080029
kepler:4931047,293.8219,40.086868
kepler:4931390,293.90826,40.057629
kepler:4932663,294.23105,40.028389
kepler:4933476,294.44336,40.06134
kepler:4933923,294.56244,40.01643
kepler:4935181,294.86612,40.093079
kepler:4938090,295.54324,40.094585
kepler:4939265,295.79138,40.01236
kepler:4939472,295.83444,40.054821
kepler:4946992,297.45663,40.051559
kepler:4949553,298.00839,40.07951
kepler:4951599,298.42288,40.08989
kepler:4953193,298.74728,40.048309
kepler:4953211,298.74899,40.04744
kepler:4953358,298.77777,40.092388
kepler:4990413,284.08038,40.115082
kepler:4991436,284.56369,40.11739
kepler:4994506,286.03186,40.141739
kepler:4995346,286.38995,40.1917
kepler:4996074,286.69934,40.186123
kepler:4997179,287.20157,40.172272
kepler:4997281,287.24832,40.116032
kepler:5002836,289.27325,40.123112
kepler:5003985,289.64633,40.16666
kepler:5006823,290.4584,40.15778
kepler:5008172,290.90979,40.108311
kepler:5008689,291.0787,40.180592
kepler:5015542,293.10486,40.119888
kepler:5015564,293.10886,40.15704
kepler:5016873,293.47913,40.114029
kepler:5016904,293.48569,40.181839
kepler:5018976,294.03775,40.179588
kepler:5021000,294.54153,40.16824
kepler:5023534,295.15445,40.108856
kepler:5025233,295.43933,40.136089
kepler:5026306,295.66772,40.159241
kepler:5027780,296.00119,40.14748
kepler:5032343,296.94199,40.108898
kepler:5033073,297.08682,40.166561
kepler:5034864,297.53848,40.180752
kepler:5039684,298.45917,40.112179
kepler:5039689,298.45972,40.110958
kepler:5041192,298.77606,40.155338
kepler:5077772,283.60516,40.210602
kepler:5079428,284.3898,40.207741
kepler:5079590,284.47208,40.213558
kepler:5080290,284.82956,40.21521
kepler:5083239,286.27307,40.280628
kepler:5083330,286.31931,40.230091
kepler:5083412,286.35403,40.229958
kepler:5093163,289.9567,40.207458
kepler:5093168,289.95804,40.208931
kepler:5093466,290.04196,40.26701
kepler:5093512,290.05573,40.245232
kepler:5094011,290.19388,40.20166
kepler:5095098,290.505,40.266659
kepler:5097197,291.17148,40.217468
kepler:5097379,291.22232,40.208309
kepler:5098150,291.4679,40.258362
kepler:5098880,291.68903,40.255501
kepler:5106731,293.90564,40.272911
kepler:5110034,294.73273,40.292839
kepler:5110407,294.83307,40.240742
kepler:5110832,294.94989,40.289921
kepler:5112508,295.30887,40.235149
kepler:5113600,295.50049,40.255512
kepler:5113708,295.52875,40.201912
kepler:5115335,295.87671,40.215462
kepler:5120190,296.90707,40.237839
kepler:5120608,297.0069,40.226372
kepler:5125122,298.03546,40.258492
kepler:5126627,298.39581,40.25948
kepler:5130729,299.21719,40.2076
kepler:5131463,299.36063,40.283562
kepler:5165017,283.58115,40.30397
kepler:5167100,284.62589,40.36113
kepler:5172280,286.98099,40.384521
kepler:5174959,288.06778,40.392509
kepler:5175503,288.25809,40.333981
kepler:5175607,288.29382,40.37521
kepler:5176547,288.62357,40.397171
kepler:5179841,289.67569,40.37323
kepler:5180305,289.81213,40.35339
kepler:5181824,290.23416,40.334068
kepler:5182822,290.50104,40.3703
kepler:5182832,290.50378,40.340889
kepler:5183039,290.55927,40.390541
kepler:5183952,290.86789,40.325771
kepler:5184487,291.04913,40.325001
kepler:5184882,291.17365,40.354542
kepler:5193550,293.70572,40.341702
kepler:5194444,293.93982,40.326599
kepler:5194645,293.98373,40.35236
kepler:5195514,294.20871,40.388748
kepler:5196991,294.57446,40.30542
kepler:5200185,295.35681,40.336849
kepler:5200656,295.45737,40.336029
kepler:5202404,295.83398,40.36142
kepler:5206997,296.79291,40.341255
kepler:5209115,297.22394,40.361061
kepler:5210507,297.50931,40.399311
kepler:5211631,297.74051,40.347881
kepler:5213142,298.06528,40.374989
kepler:5213230,298.0834,40.34621
kepler:5215508,298.49994,40.333672
kepler:5217332,298.85284,40.306492
kepler:5217339,298.85352,40.305698
kepler:5217688,298.92676,40.329788
kepler:5221138,299.6091,40.36821
kepler:5252367,283.19388,40.495621
kepler:5254896,284.38153,40.473671
kepler:5262462,287.73917,40.486729
kepler:5262561,287.78394,40.415871
kepler:5263545,288.16721,40.47163
kepler:5263650,288.21338,40.468159
kepler:5268904,289.94226,40.47356
kepler:5272556,291.04901,40.454861
kepler:5273116,291.21695,40.435268
kepler:5273125,291.21878,40.433262
kepler:5273195,291.24545,40.46291
kepler:5281811,293.77411,40.499989
kepler:5281818,293.77844,40.47517
kepler:5284217,294.40607,40.47187
kepler:5284647,294.5213,40.487621
kepler:5286780,295.07928,40.4841
kepler:5288534,295.49203,40.46603
kepler:5289742,295.75772,40.453468
kepler:5290153,295.85248,40.484089
kepler:5295811,297.04697,40.453098
kepler:5296446,297.17398,40.42868
kepler:5298349,297.5899,40.487301
kepler:5299281,297.75757,40.489281
kepler:5302973,298.47812,40.466709
kepler:5306383,299.12286,40.489071
kepler:5306429,299.13138,40.471199
kepler:5307990,299.436,40.477852
kepler:5308886,299.59842,40.464111
kepler:5341486,283.85413,40.566399
kepler:5341666,283.93301,40.591202
kepler:5341795,283.99274,40.519131
kepler:5341893,284.03516,40.531139
kepler:5342558,284.36951,40.593552
kepler:5344559,285.36853,40.548889
kepler:5344895,285.53436,40.556309
kepler:5350100,287.8075,40.50346
kepler:5350447,287.92313,40.517269
kepler:5350780,288.05148,40.516659
kepler:5350822,288.06842,40.5061
kepler:5351136,288.18561,40.55584
kepler:5351320,288.26089,40.57243
kepler:5352027,288.51007,40.542198
kepler:5352084,288.52945,40.579769
kepler:5354341,289.29364,40.532593
kepler:5356535,289.94995,40.59066
kepler:5357108,290.13959,40.522121
kepler:5357275,290.19238,40.593071
kepler:5360082,291.08334,40.566639
kepler:5360129,291.09744,40.552368
kepler:5368862,293.67447,40.51115
kepler:5372048,294.5119,40.517921
kepler:5374789,295.20059,40.529819
kepler:5383476,297.12265,40.503078
kepler:5383922,297.21786,40.565571
kepler:5388760,298.32501,40.553459
kepler:5393802,299.23502,40.566811
kepler:5394186,299.30209,40.51833
kepler:5395120,299.47119,40.525421
kepler:5395490,299.5394,40.515942
kepler:5396090,299.64551,40.568501
kepler:5397422,299.90952,40.531712
kepler:5397900,299.99689,40.584499
kepler:5426168,283.1763,40.628922
kepler:5427445,283.80164,40.601311
kepler:5427641,283.90543,40.633129
kepler:5428088,284.13647,40.631248
kepler:5428125,284.15771,40.608883
kepler:5428626,284.42422,40.670959
kepler:5428657,284.44101,40.625
kepler:5429227,284.71634,40.696018
kepler:5430495,285.34387,40.617512
kepler:5435923,287.66949,40.684292
kepler:5435955,287.68146,40.629101
kepler:5435958,287.68259,40.660229
kepler:5436161,287.75916,40.65704
kepler:5436508,287.89975,40.618221
kepler:5437459,288.28458,40.638359
kepler:5437849,288.43576,40.601379
kepler:5437956,288.47903,40.623669
kepler:5439389,288.98419,40.689892
kepler:5440099,289.21872,40.623878
kepler:5440651,289.39078,40.654781
kepler:5442580,289.9938,40.681889
kepler:5442725,290.03885,40.662689
kepler:5445334,290.82748,40.60667
kepler:5446821,291.32187,40.60099
kepler:5450347,292.42096,40.621658
kepler:5451336,292.70074,40.676701
kepler:5455407,293.87122,40.606739
kepler:5458576,294.69742,40.672211
kepler:5459300,294.89374,40.699749
kepler:5460828,295.29501,40.68084
kepler:5461756,295.5014,40.641731
kepler:5470641,297.45779,40.66737
kepler:5471519,297.67215,40.67728
kepler:5472950,298.02957,40.69474
kepler:5474065,298.2605,40.676304
kepler:5474356,298.323,40.670349
kepler:5474812,298.40787,40.630241
kepler:5475628,298.55618,40.698761
kepler:5475645,298.55984,40.695839
kepler:5476347,298.6904,40.694611
kepler:5480273,299.43839,40.600021
kepler:5480528,299.48099,40.609241
kepler:5480766,299.52731,40.616119
kepler:5482181,299.78339,40.618439
kepler:5510843,282.8558,40.777031
kepler:5512513,283.69891,40.76804
kepler:5513266,284.03571,40.779121
kepler:5514184,284.52817,40.797901
kepler:5516671,285.77441,40.766899
kepler:5522339,288.17773,40.763569
kepler:5522535,288.24988,40.70911
kepler:5523471,288.60541,40.794258
kepler:5524851,289.08124,40.722439
kepler:5525210,289.19843,40.707119
kepler:5525755,289.3761,40.787498
kepler:5528061,290.07327,40.73204
kepler:5529084,290.35391,40.727631
kepler:5529397,290.43839,40.794239
kepler:5529894,290.58441,40.76836
kepler:5530806,290.89508,40.739799
kepler:5531281,291.05511,40.728951
kepler:5534783,292.20755,40.772381
kepler:5536125,292.59552,40.726109
kepler:5544024,294.78586,40.770893
kepler:5551827,296.62363,40.779179
kepler:5552552,296.77362,40.776779
kepler:5552801,296.82086,40.770432
kepler:5557222,297.71021,40.721828
kepler:5557240,297.71289,40.792198
kepler:5558294,297.93027,40.71299
kepler:5558542,297.98459,40.78096
kepler:5560269,298.36539,40.713058
kepler:5560472,298.41153,40.74881
kepler:5560747,298.47574,40.716331
kepler:5563561,299.02203,40.76075
kepler:5564082,299.11465,40.748619
kepler:5597401,283.15103,40.81424
kepler:5597406,283.15332,40.813766
kepler:5600162,284.54816,40.811241
kepler:5603484,286.13605,40.899738
kepler:5607052,287.57651,40.829243
kepler:5607145,287.61252,40.887749
kepler:5607395,287.7063,40.885929
kepler:5608002,287.94791,40.80571
kepler:5608037,287.96329,40.84404
kepler:5608986,288.32437,40.812431
kepler:5609753,288.59055,40.837971
kepler:5610200,288.75311,40.820461
kepler:5614003,289.97345,40.837078
kepler:5616432,290.7128,40.845619
kepler:5621054,292.14902,40.835709
kepler:5621194,292.19235,40.86121
kepler:5621528,292.29712,40.84584
kepler:5632093,295.26987,40.888168
kepler:5632110,295.27405,40.885818
kepler:5636937,296.40125,40.873859
kepler:5641252,297.30511,40.802879
kepler:5641933,297.45984,40.886261
kepler:5644412,297.95297,40.806808
kepler:5644602,297.99832,40.868359
kepler:5647432,298.60535,40.855721
kepler:5647463,298.61047,40.853771
kepler:5648294,298.77075,40.88522
kepler:5648400,298.79395,40.8451
kepler:5649085,298.93109,40.891579
kepler:5650583,299.22067,40.895618
kepler:5652411,299.57187,40.815578
kepler:5682476,282.61542,40.984901
kepler:5683495,283.12515,40.924751
kepler:5685699,284.2153,40.995178
kepler:5685704,284.2178,40.989719
kepler:5686063,284.42355,40.948891
kepler:5686435,284.62256,40.975361
kepler:5688032,285.39014,40.914268
kepler:5689996,286.31039,40.959011
kepler:5693196,287.65656,40.922119
kepler:5693747,287.89764,40.96006
kepler:5694127,288.04129,40.98457
kepler:5695372,288.52011,40.959042
kepler:5696518,288.92908,40.917622
kepler:5698005,289.42886,40.945221
kepler:5698707,289.65366,40.903419
kepler:5698730,289.65982,40.918621
kepler:5699171,289.7951,40.92614
kepler:5702236,290.73108,40.966358
kepler:5702405,290.78986,40.929562
kepler:5702780,290.91809,40.91386
kepler:5706292,292.07245,40.961319
kepler:5706891,292.26208,40.941132
kepler:5709193,292.95932,40.903141
kepler:5710376,293.31891,40.961109
kepler:5714912,294.59698,40.91338
kepler:5721610,296.23459,40.942032
kepler:5722668,296.45602,40.998348
kepler:5724158,296.7728,40.994141
kepler:5725977,297.15741,40.92931
kepler:5726910,297.35278,40.958141
kepler:5729515,297.85403,40.924
kepler:5729898,297.93774,40.934841
kepler:5731359,298.26291,40.919159
kepler:5732553,298.49725,40.971191
kepler:5733906,298.76251,40.922081
kepler:5736532,299.28708,40.945389
kepler:5739251,299.8262,40.908352
kepler:5767489,282.57071,41.056339
kepler:5767580,282.61475,41.027168
kepler:5768996,283.2944,41.09198
kepler:5770769,284.13437,41.094559
kepler:5771149,284.35178,41.046299
kepler:5771150,284.35223,41.042332
kepler:5772419,285.00491,41.092468
kepler:5772452,285.01892,41.088112
kepler:5772911,285.23175,41.046989
kepler:5774594,286.02689,41.037319
kepler:5774607,286.03036,41.076439
kepler:5779615,288.10706,41.07748
kepler:5779623,288.10843,41.07671
kepler:5783884,289.59418,41.011139
kepler:5784256,289.70895,41.005909
kepler:5785418,290.04834,41.008469
kepler:5785806,290.16183,41.029049
kepler:5785906,290.19104,41.06702
kepler:5786382,290.31921,41.038651
kepler:5788095,290.85504,41.019348
kepler:5791529,292.01038,41.047482
kepler:5791720,292.07428,41.07008
kepler:5792328,292.27216,41.082821
kepler:5793299,292.56638,41.051319
kepler:5802784,295.25552,41.013229
kepler:5802921,295.29501,41.081219
kepler:5806860,296.19391,41.01598
kepler:5806861,296.19418,41.081871
kepler:5811262,297.16476,41.067348
kepler:5817533,298.47058,41.06625
kepler:5820003,298.95129,41.098198
kepler:5821557,299.2449,41.030571
kepler:5823769,299.67169,41.094872
kepler:5824233,299.76797,41.023659
kepler:5854943,283.31268,41.194851
kepler:5855096,283.38007,41.174858
kepler:5855808,283.71957,41.131329
kepler:5855851,283.74606,41.155891
kepler:5858361,285.01642,41.162788
kepler:5859365,285.50595,41.181499
kepler:5860848,286.16507,41.167809
kepler:5865248,288.0712,41.158077
kepler:5866655,288.65753,41.164131
kepler:5867742,289.02521,41.178219
kepler:5869301,289.54181,41.199509
kepler:5870102,289.77612,41.14883
kepler:5870541,289.9292,41.185959
kepler:5870686,289.97287,41.153381
kepler:5870899,290.03748,41.16626
kepler:5879321,292.78741,41.117279
kepler:5879477,292.83408,41.165291
kepler:5879574,292.86157,41.12981
kepler:5879906,292.95947,41.193779
kepler:5880843,293.23843,41.11565
kepler:5881893,293.54996,41.12215
kepler:5891611,296.08966,41.149792
kepler:5892538,296.30997,41.177559
kepler:5894155,296.66791,41.139912
kepler:5896387,297.16776,41.198261
kepler:5897056,297.31769,41.17561
kepler:5898706,297.66205,41.173031
kepler:5903003,298.59592,41.198963
kepler:5904275,298.85995,41.19524
kepler:5905878,299.17474,41.102482
kepler:5906694,299.3519,41.19574
kepler:5906714,299.35577,41.114471
kepler:5938970,283.34448,41.20174
kepler:5941226,284.4454,41.266472
kepler:5942891,285.25568,41.254501
kepler:5942985,285.31226,41.220589
kepler:5943385,285.50443,41.234104
kepler:5944041,285.82791,41.25246
kepler:5950533,288.6636,41.224258
kepler:5951140,288.88849,41.246738
kepler:5952853,289.41837,41.291039
kepler:5953007,289.46701,41.212181
kepler:5953596,289.64264,41.206139
kepler:5953631,289.65268,41.210541
kepler:5954624,289.96643,41.21661
kepler:5955379,290.20544,41.220661
kepler:5956727,290.63269,41.224361
kepler:5960062,291.74393,41.231941
kepler:5960267,291.80899,41.232471
kepler:5961988,292.37573,41.22506
kepler:5962157,292.42859,41.256699
kepler:5962532,292.54794,41.260422
kepler:5962877,292.65842,41.26276
kepler:5962956,292.68317,41.214668
kepler:5964132,293.04303,41.202347
kepler:5966669,293.77875,41.211533
kepler:5966912,293.84396,41.293819
kepler:5966921,293.84753,41.292568
kepler:5975314,295.98019,41.268929
kepler:5983410,297.74857,41.22403
kepler:5988029,298.77295,41.229755
kepler:5991070,299.37268,41.236671
kepler:6020551,282.87723,41.374229
kepler:6021431,283.31628,41.361671
kepler:6023332,284.23117,41.335541
kepler:6024482,284.81369,41.396191
kepler:6025092,285.13263,41.393242
kepler:6025961,285.53888,41.375332
kepler:6029053,287.00821,41.370441
kepler:6029338,287.13232,41.33506
kepler:6032448,288.48676,41.30006
kepler:6032920,288.65695,41.399529
kepler:6033873,289.00348,41.361389
kepler:6034120,289.0899,41.333462
kepler:6034587,289.25699,41.35656
kepler:6034834,289.34515,41.36478
kepler:6035247,289.48685,41.31501
kepler:6035535,289.57651,41.348492
kepler:6037009,290.07129,41.347832
kepler:6038882,290.62936,41.339588
kepler:6041832,291.63431,41.33493
kepler:6042525,291.8559,41.304909
kepler:6045059,292.6355,41.37965
kepler:6045247,292.6947,41.396439
kepler:6046845,293.19308,41.39595
kepler:6049108,293.85632,41.352032
kepler:6049470,293.96423,41.318802
kepler:6058659,296.31763,41.341412
kepler:6059055,296.40561,41.319321
kepler:6060845,296.82816,41.390228
kepler:6064051,297.54395,41.327702
kepler:6065223,297.8226,41.36161
kepler:6067956,298.5174,41.365261
kepler:6070981,299.14465,41.383282
kepler:6100469,282.55679,41.414349
kepler:6102338,283.42398,41.492931
kepler:6102697,283.59323,41.43417
kepler:6104287,284.37283,41.49461
kepler:6104631,284.56299,41.429821
kepler:6110415,287.22485,41.412338
kepler:6113803,288.64679,41.46743
kepler:6114003,288.71976,41.407623
kepler:6114403,288.8667,41.410179
kepler:6114541,288.91675,41.423241
kepler:6116129,289.46652,41.460079
kepler:6117602,289.92114,41.463554
kepler:6117823,289.98795,41.453972
kepler:6117832,289.98923,41.436741
kepler:6118085,290.06396,41.41534
kepler:6119141,290.37512,41.43375
kepler:6119243,290.40616,41.467659
kepler:6119605,290.51993,41.46513
kepler:6119994,290.65192,41.490711
kepler:6122790,291.58121,41.480652
kepler:6123205,291.7149,41.414619
kepler:6127565,293.0835,41.456268
kepler:6129451,293.64899,41.451778
kepler:6130409,293.92429,41.438831
kepler:6131552,294.25131,41.440182
kepler:6146239,297.75259,41.424721
kepler:6148370,298.24948,41.462379
kepler:6149358,298.46597,41.402969
kepler:6183672,283.4776,41.589649
kepler:6183736,283.50543,41.591991
kepler:6184894,284.05667,41.576729
kepler:6185416,284.31589,41.57616
kepler:6186082,284.63577,41.564541
kepler:6186684,284.93179,41.502911
kepler:6187639,285.39328,41.515411
kepler:6187812,285.48184,41.572731
kepler:6187942,285.54868,41.55698
kepler:6188207,285.66965,41.576153
kepler:6191036,286.97028,41.524078
kepler:6191218,287.03503,41.54892
kepler:6192231,287.44174,41.542919
kepler:6195999,288.93259,41.550732
kepler:6196021,288.93768,41.50425
kepler:6203421,291.3284,41.547642
kepler:6206665,292.37616,41.562462
kepler:6206885,292.44403,41.536098
kepler:6208483,292.93173,41.572941
kepler:6209347,293.19833,41.558311
kepler:6209585,293.27087,41.588593
kepler:6211547,293.86176,41.515148
kepler:6213073,294.28806,41.53389
kepler:6219684,295.97827,41.503139
kepler:6219880,296.02811,41.52169
kepler:6220647,296.1991,41.533798
kepler:6221001,296.27725,41.524818
kepler:6221223,296.3252,41.559029
kepler:6222668,296.65506,41.53149
kepler:6222898,296.71689,41.504978
kepler:6222929,296.72354,41.520191
kepler:6223256,296.7959,41.521969
kepler:6224062,296.97833,41.591728
kepler:6225816,297.34842,41.589703
kepler:6226464,297.48486,41.513672
kepler:6228107,297.91174,41.56646
kepler:6228193,297.93436,41.516312
kepler:6230245,298.38019,41.595661
kepler:6231656,298.67245,41.526031
kepler:6232382,298.8287,41.576721
kepler:6233711,299.09137,41.530056
kepler:6262679,282.53958,41.644669
kepler:6262995,282.70111,41.690289
kepler:6263016,282.70953,41.63887
kepler:6263661,283.03427,41.69054
kepler:6264857,283.62518,41.631981
kepler:6266444,284.37939,41.615269
kepler:6268387,285.33771,41.62426
kepler:6269092,285.72488,41.658684
kepler:6271033,286.67365,41.655998
kepler:6271960,287.08273,41.616112
kepler:6276637,289.04828,41.680382
kepler:6277018,289.18951,41.645191
kepler:6278465,289.6655,41.6311
kepler:6278670,289.72791,41.612289
kepler:6278829,289.7702,41.628201
kepler:6279026,289.82104,41.65667
kepler:6285848,292.07043,41.621578
kepler:6285969,292.10733,41.63052
kepler:6285985,292.11417,41.636688
kepler:6288970,293.08835,41.662659
kepler:6290789,293.63663,41.611469
kepler:6290811,293.64148,41.623211
kepler:6290974,293.69022,41.673531
kepler:6291154,293.74228,41.683079
kepler:6291452,293.82837,41.672211
kepler:6292596,294.14929,41.60247
kepler:6292970,294.25656,41.627399
kepler:6293950,294.52411,41.626961
kepler:6302008,296.52774,41.674129
kepler:6307077,297.63376,41.66238
kepler:6310265,298.39725,41.659142
kepler:6313490,299.09851,41.627151
kepler:6342263,282.82739,41.721981
kepler:6343818,283.60272,41.733608
kepler:6344379,283.90662,41.76218
kepler:6346894,285.14172,41.711552
kepler:6347423,285.40881,41.759701
kepler:6347470,285.42432,41.759109
kepler:6347656,285.5134,41.754669
kepler:6351473,287.29739,41.714031
kepler:6352768,287.87042,41.70694
kepler:6356144,289.19574,41.73793
kepler:6357902,289.7598,41.758041
kepler:6358198,289.86172,41.7202
kepler:6359802,290.35443,41.76918
kepler:6362947,291.4563,41.748638
kepler:6363233,291.55252,41.72596
kepler:6365076,292.16064,41.743229
kepler:6365080,292.16199,41.743721
kepler:6366330,292.55264,41.760208
kepler:6369358,293.50818,41.787491
kepler:6370174,293.74258,41.78978
kepler:6380533,296.47589,41.734119
kepler:6383908,297.23099,41.767738
kepler:6384496,297.36566,41.71566
kepler:6385943,297.73663,41.708099
kepler:6385972,297.74286,41.713001
kepler:6387419,298.08411,41.71064
kepler:6388255,298.26093,41.761478
kepler:6389733,298.56937,41.72364
kepler:6421008,282.814,41.85696
kepler:6421219,282.92297,41.820122
kepler:6423857,284.20871,41.874771
kepler:6424414,284.48853,41.838818
kepler:6425024,284.80548,41.899181
kepler:6425928,285.27249,41.858158
kepler:6425989,285.30237,41.868549
kepler:6426320,285.4682,41.854568
kepler:6426507,285.55411,41.856682
kepler:6431380,287.75641,41.816368
kepler:6431497,287.80951,41.854179
kepler:6431753,287.92209,41.83215
kepler:6432563,288.25137,41.875252
kepler:6436291,289.62753,41.88419
kepler:6437385,290.00049,41.818741
kepler:6438216,290.26105,41.895229
kepler:6441481,291.33322,41.85146
kepler:6444432,292.34573,41.802608
kepler:6445442,292.68158,41.897789
kepler:6445537,292.70898,41.834061
kepler:6447481,293.31204,41.809479
kepler:6448375,293.59277,41.89011
kepler:6448418,293.61285,41.898869
kepler:6448651,293.68661,41.820702
kepler:6450625,294.27576,41.855518
kepler:6451234,294.44833,41.806129
kepler:6460812,296.86328,41.875858
kepler:6462437,297.2337,41.897839
kepler:6468397,298.57126,41.843781
kepler:6468721,298.63931,41.863121
kepler:6468931,298.68848,41.83585
kepler:6470892,299.09711,41.854149
kepler:6471229,299.16608,41.863049
kepler:6471230,299.16617,41.861912
kepler:6497146,281.64581,41.951092
kepler:6497820,282.02371,41.964409
kepler:6503104,284.48346,41.900299
kepler:6503434,284.6236,41.918751
kepler:6503941,284.8905,41.995338
kepler:6504503,285.15399,41.933392
kepler:6507334,286.47037,41.994789
kepler:6507888,286.70309,41.997421
kepler:6508169,286.83887,41.973251
kepler:6508436,286.96362,41.982479
kepler:6509237,287.31482,41.976158
kepler:6510289,287.76987,41.994011
kepler:6510909,288.02225,41.980968
kepler:6519865,291.01138,41.906979
kepler:6520753,291.2941,41.91283
kepler:6521526,291.52393,41.94294
kepler:6521729,291.58722,41.956131
kepler:6523389,292.13791,41.96196
kepler:6525023,292.65741,41.954189
kepler:6527283,293.3537,41.90469
kepler:6528475,293.73532,41.905521
kepler:6529378,294.00372,41.989525
kepler:6529439,294.02176,41.949532
kepler:6529713,294.09473,41.96767
kepler:6530792,294.40417,41.923191
kepler:6535050,295.52835,41.973991
kepler:6535319,295.59097,41.976711
kepler:6541245,296.96478,41.900539
kepler:6542087,297.14902,41.92252
kepler:6544160,297.63303,41.904411
kepler:6545403,297.89478,41.91188
kepler:6547641,298.37769,41.95285
kepler:6548898,298.62698,41.980358
kepler:6549526,298.7648,41.906448
kepler:6549597,298.77771,41.940041
kepler:6550017,298.85693,41.93536
kepler:6550346,298.92484,41.96973
kepler:6579609,281.5657,42.043049
kepler:6580019,281.7818,42.035213
kepler:6580668,282.11841,42.02364
kepler:6589996,286.28226,42.060032
kepler:6590466,286.49841,42.00959
kepler:6591775,287.04391,42.02887
kepler:6593559,287.74854,42.060921
kepler:6593968,287.91104,42.014042
kepler:6593988,287.91669,42.013672
kepler:6600771,290.1506,42.061539
kepler:6600837,290.17374,42.003716
kepler:6606167,291.83673,42.05191
kepler:6606370,291.90125,42.040009
kepler:6607660,292.29056,42.01284
kepler:6608436,292.5098,42.082859
kepler:6609906,292.92786,42.02821
kepler:6610837,293.20013,42.016121
kepler:6610891,293.21405,42.013039
kepler:6611419,293.36493,42.08786
kepler:6611476,293.38242,42.086121
kepler:6611563,293.40442,42.04562
kepler:6611875,293.49652,42.05994
kepler:6612620,293.70547,42.008259
kepler:6613812,294.02444,42.021191
kepler:6616190,294.66772,42.045292
kepler:6619854,295.58185,42.08321
kepler:6628539,297.53998,42.079769
kepler:6630507,297.93881,42.076092
kepler:6630715,297.98138,42.027012
kepler:6630958,298.03305,42.09251
kepler:6633602,298.54095,42.02319
kepler:6633742,298.56763,42.013401
kepler:6636310,299.07922,42.034252
kepler:6664639,281.40649,42.100201
kepler:6668608,283.41412,42.148159
kepler:6668646,283.43365,42.140961
kepler:6668936,283.52917,42.115551
kepler:6669028,283.57242,42.186432
kepler:6670373,284.16708,42.128761
kepler:6672652,285.14771,42.167091
kepler:6672948,285.29437,42.104881
kepler:6674908,286.1767,42.196529
kepler:6675318,286.34714,42.114941
kepler:6675714,286.51266,42.133999
kepler:6676338,286.77203,42.11216
kepler:6677003,287.04376,42.121429
kepler:6677144,287.10211,42.125172
kepler:6678701,287.72513,42.190239
kepler:6679451,287.9942,42.101521
kepler:6680640,288.42865,42.162399
kepler:6688100,290.77045,42.18972
kepler:6691930,291.9606,42.171761
kepler:6692180,292.03586,42.14896
kepler:6692320,292.08444,42.138809
kepler:6696265,293.20551,42.197971
kepler:6696727,293.3309,42.13261
kepler:6697041,293.41461,42.19162
kepler:6699642,294.08676,42.188011
kepler:6700200,294.22537,42.187092
kepler:6704889,295.37708,42.127441
kepler:6705695,295.55423,42.18774
kepler:6705735,295.56216,42.150169
kepler:6705739,295.56311,42.15094
kepler:6707805,296.02463,42.151402
kepler:6715960,297.82672,42.179379
kepler:6716981,298.02988,42.10424
kepler:6717216,298.08118,42.12487
kepler:6719464,298.54092,42.10696
kepler:6720765,298.80304,42.124321
kepler:6721044,298.84927,42.143879
kepler:6750902,281.24307,42.254929
kepler:6751111,281.35812,42.248119
kepler:6751242,281.44455,42.292461
kepler:6752579,282.19916,42.22393
kepler:6752730,282.28259,42.220871
kepler:6753253,282.50006,42.2855
kepler:6755882,283.74005,42.271931
kepler:6762058,286.49127,42.296959
kepler:6762923,286.87482,42.270191
kepler:6763067,286.92603,42.237469
kepler:6766663,288.33298,42.294949
kepler:6768440,288.9762,42.286789
kepler:6774679,290.96295,42.202999
kepler:6774920,291.05035,42.27639
kepler:6777146,291.75925,42.284458
kepler:6779613,292.50208,42.213791
kepler:6780052,292.62885,42.224651
kepler:6783223,293.53391,42.260406
kepler:6783369,293.56763,42.280392
kepler:6786275,294.34607,42.282291
kepler:6791060,295.54337,42.299782
kepler:6792245,295.81555,42.28154
kepler:6794650,296.34756,42.256599
kepler:6795093,296.44537,42.295147
kepler:6801692,297.86435,42.262299
kepler:6802536,298.03253,42.20034
kepler:6803896,298.32474,42.251541
kepler:6803898,298.32498,42.25058
kepler:6804018,298.35114,42.290096
kepler:6836589,281.31152,42.31049
kepler:6837270,281.68521,42.375702
kepler:6838659,282.41922,42.38279
kepler:6843185,284.49475,42.399529
kepler:6843454,284.6145,42.33606
kepler:6844101,284.94168,42.3438
kepler:6846570,286.09332,42.336349
kepler:6848229,286.7941,42.38271
kepler:6848592,286.94363,42.382851
kepler:6849002,287.11505,42.311798
kepler:6849046,287.13058,42.350151
kepler:6851380,288.05023,42.399948
kepler:6851944,288.26859,42.392712
kepler:6853356,288.79462,42.375832
kepler:6859806,290.80463,42.352322
kepler:6861498,291.34335,42.329971
kepler:6863726,292.02167,42.315311
kepler:6863987,292.10342,42.346081
kepler:6864295,292.19568,42.305981
kepler:6865416,292.5159,42.333221
kepler:6865484,292.53299,42.393608
kepler:6866092,292.69949,42.376831
kepler:6868006,293.26129,42.359852
kepler:6870327,293.92847,42.304958
kepler:6871224,294.18051,42.314121
kepler:6871390,294.22348,42.379971
kepler:6871612,294.28699,42.301521
kepler:6871896,294.37155,42.37912
kepler:6876367,295.46774,42.370491
kepler:6876614,295.52209,42.386108
kepler:6877404,295.7056,42.352051
kepler:6880588,296.4111,42.311951
kepler:6880781,296.4523,42.343719
kepler:6880959,296.48615,42.37952
kepler:6888521,298.17523,42.353909
kepler:6921821,281.04111,42.485069
kepler:6924050,282.25168,42.485611
kepler:6924320,282.39453,42.446239
kepler:6925256,282.8064,42.45631
kepler:6927711,283.94736,42.443939
kepler:6927861,284.01846,42.452469
kepler:6928206,284.17545,42.46133
kepler:6929583,284.80286,42.494282
kepler:6932164,286.00101,42.405289
kepler:6932503,286.1572,42.496361
kepler:6934317,286.89551,42.49398
kepler:6935415,287.3295,42.480286
kepler:6935653,287.42419,42.480381
kepler:6936046,287.56711,42.44347
kepler:6938756,288.62323,42.484921
kepler:6939612,288.93985,42.413219
kepler:6939837,289.02194,42.468189
kepler:6944928,290.60077,42.448982
kepler:6947767,291.54221,42.429989
kepler:6947877,291.5755,42.496349
kepler:6949326,292.04901,42.45155
kepler:6949412,292.07257,42.443909
kepler:6949494,292.10059,42.472961
kepler:6951047,292.58487,42.417259
kepler:6952581,293.06287,42.424641
kepler:6953069,293.20456,42.484489
kepler:6954982,293.77005,42.47644
kepler:6957185,294.35126,42.40395
kepler:6960242,295.13828,42.484131
kepler:6960620,295.23596,42.410912
kepler:6961315,295.39548,42.479061
kepler:6963577,295.90729,42.409267
kepler:6963705,295.9343,42.405029
kepler:6963783,295.94974,42.42347
kepler:6963815,295.95715,42.421879
kepler:6967296,296.77005,42.406052
kepler:6973796,298.12396,42.403172
kepler:6975667,298.50955,42.451729
kepler:7009116,282.09,42.545792
kepler:7017392,285.98108,42.532059
kepler:7017604,286.06699,42.518311
kepler:7017633,286.08246,42.589771
kepler:7017862,286.18954,42.529678
kepler:7018277,286.38284,42.56646
kepler:7018323,286.4043,42.591888
kepler:7020168,287.24051,42.573139
kepler:7020182,287.24353,42.587059
kepler:7021689,287.86227,42.544022
kepler:7023135,288.42984,42.588409
kepler:7031343,291.05737,42.529739
kepler:7031565,291.13498,42.522888
kepler:7031686,291.17279,42.563438
kepler:7033830,291.87213,42.558659
kepler:7034441,292.06967,42.502201
kepler:7035536,292.40982,42.51321
kepler:7036755,292.7804,42.506672
kepler:7038516,293.30618,42.51318
kepler:7041041,294.00061,42.581081
kepler:7045435,295.18976,42.523319
kepler:7045854,295.28955,42.531181
kepler:7047141,295.57639,42.520828
kepler:7047697,295.70328,42.538391
kepler:7049035,296.02267,42.5812
kepler:7049894,296.21594,42.571899
kepler:7051180,296.51059,42.54744
kepler:7053817,297.11993,42.598221
kepler:7093228,282.2587,42.62484
kepler:7093547,282.42087,42.620319
kepler:7093721,282.50272,42.61153
kepler:7097723,284.38733,42.696651
kepler:7100573,285.67627,42.65667
kepler:7100673,285.72849,42.65453
kepler:7100708,285.73965,42.614792
kepler:7101116,285.92828,42.648209
kepler:7102500,286.53009,42.682709
kepler:7102507,286.5322,42.6814
kepler:7104378,287.27493,42.633968
kepler:7104854,287.46289,42.677078
kepler:7106807,288.22931,42.660183
kepler:7107311,288.40845,42.67506
kepler:7107430,288.44769,42.61515
kepler:7107762,288.57193,42.60878
kepler:7117293,291.64099,42.659111
kepler:7117513,291.7157,42.68787
kepler:7117616,291.74539,42.649326
kepler:7118665,292.07233,42.685341
kepler:7123391,293.49188,42.620556
kepler:7123500,293.5199,42.6175
kepler:7125880,294.17337,42.659088
kepler:7130464,295.37897,42.625778
kepler:7131515,295.63834,42.647701
kepler:7131594,295.65503,42.601219
kepler:7131797,295.70068,42.650867
kepler:7132599,295.89984,42.677181
kepler:7133671,296.14911,42.603699
kepler:7133807,296.18414,42.631149
kepler:7134502,296.37332,42.62458
kepler:7137278,297.01599,42.667938
kepler:7138162,297.2291,42.604809
kepler:7174505,281.52313,42.737309
kepler:7174965,281.7937,42.720547
kepler:7174974,281.79602,42.721561
kepler:7175125,281.87714,42.78492
kepler:7177249,282.87335,42.79866
kepler:7177517,282.99756,42.793251
kepler:7183584,285.79269,42.721939
kepler:7185200,286.49866,42.785389
kepler:7185248,286.52451,42.736111
kepler:7185757,286.74234,42.727341
kepler:7186446,287.02527,42.784439
kepler:7188204,287.77536,42.736271
kepler:7190459,288.65503,42.729191
kepler:7190935,288.82901,42.759312
kepler:7191311,288.96036,42.785
kepler:7191877,289.17014,42.785339
kepler:7192199,289.2789,42.730461
kepler:7192234,289.29102,42.771969
kepler:7192245,289.29666,42.743
kepler:7201012,291.98849,42.776638
kepler:7201208,292.05743,42.7145
kepler:7202549,292.48181,42.780674
kepler:7203326,292.73621,42.75972
kepler:7204104,292.96942,42.7257
kepler:7205150,293.27225,42.723099
kepler:7206132,293.56235,42.727219
kepler:7211157,294.96957,42.736149
kepler:7212025,295.20148,42.734112
kepler:7215678,296.06625,42.768219
kepler:7218950,296.81378,42.760681
kepler:7219388,296.90891,42.774101
kepler:7256125,281.38773,42.855518
kepler:7256548,281.64276,42.800491
kepler:7262599,284.50113,42.825508
kepler:7264671,285.51047,42.827061
kepler:7264976,285.65048,42.808819
kepler:7266428,286.31082,42.855751
kepler:7266478,286.33374,42.857079
kepler:7267949,286.94894,42.821671
kepler:7280953,291.45313,42.851227
kepler:7283365,292.21121,42.83952
kepler:7285548,292.89978,42.893375
kepler:7286410,293.1702,42.807381
kepler:7287601,293.52094,42.822552
kepler:7293120,295.05511,42.894032
kepler:7293293,295.09872,42.85083
kepler:7293816,295.22589,42.844372
kepler:7294265,295.33212,42.815338
kepler:7294867,295.48959,42.82048
kepler:7295373,295.60626,42.836071
kepler:7300322,296.81421,42.898048
kepler:7300533,296.86655,42.859482
kepler:7302972,297.40027,42.858459
kepler:7338026,282.16006,42.957539
kepler:7339343,282.7366,42.98217
kepler:7339348,282.73782,42.981754
kepler:7341653,283.76892,42.997478
kepler:7345363,285.52112,42.943741
kepler:7347292,286.38373,42.905609
kepler:7347797,286.61365,42.924011
kepler:7347999,286.69427,42.93734
kepler:7348667,286.95779,42.915932
kepler:7350021,287.50763,42.951168
kepler:7350067,287.5264,42.912899
kepler:7350496,287.70557,42.927029
kepler:7350929,287.87253,42.922783
kepler:7352862,288.63412,42.996239
kepler:7353813,288.97147,42.944569
kepler:7354508,289.21014,42.938969
kepler:7363468,291.99884,42.979439
kepler:7363684,292.06888,42.933079
kepler:7363690,292.07135,42.930779
kepler:7363837,292.12494,42.97168
kepler:7365287,292.57068,42.958729
kepler:7366644,292.99405,42.92358
kepler:7368914,293.66431,42.910782
kepler:7368999,293.68781,42.978142
kepler:7369224,293.75174,42.915218
kepler:7373420,294.89963,42.964802
kepler:7374293,295.14005,42.999271
kepler:7374601,295.21915,42.97979
kepler:7375418,295.41916,42.964149
kepler:7376732,295.75702,42.901329
kepler:7377946,296.05942,42.999893
kepler:7379583,296.45895,42.918221
kepler:7381137,296.81726,42.986561
kepler:7381180,296.82672,42.945911
kepler:7381727,296.94336,42.948109
kepler:7382713,297.15134,42.921452
kepler:7384508,297.5423,42.986729
kepler:7420545,282.63641,43.027431
kepler:7422811,283.57199,43.089069
kepler:7428939,286.26221,43.07082
kepler:7431887,287.47302,43.003712
kepler:7432378,287.67715,43.051521
kepler:7433192,287.99506,43.05341
kepler:7433457,288.09183,43.06757
kepler:7434110,288.35028,43.046391
kepler:7434867,288.63779,43.000038
kepler:7435134,288.74231,43.081982
kepler:7435701,288.93689,43.02232
kepler:7435721,288.94977,43.094059
kepler:7445605,291.99512,43.029739
kepler:7448057,292.76715,43.098598
kepler:7449695,293.24387,43.07859
kepler:7449976,293.32227,43.05986
kepler:7450736,293.53931,43.011551
kepler:7456279,295.03345,43.015839
kepler:7456455,295.08069,43.01878
kepler:7457809,295.42728,43.029636
kepler:7459173,295.74738,43.015259
kepler:7461212,296.21616,43.071152
kepler:7463737,296.76083,43.092548
kepler:7465203,297.06165,43.06554
kepler:7465605,297.14029,43.07399
kepler:7500850,281.17871,43.108501
kepler:7502065,281.81461,43.18087
kepler:7505473,283.41418,43.16346
kepler:7505644,283.48044,43.17749
kepler:7506027,283.65002,43.152729
kepler:7509281,285.15887,43.161968
kepler:7509473,285.25012,43.160561
kepler:7509496,285.25964,43.151451
kepler:7509982,285.47833,43.197601
kepler:7510131,285.54126,43.119431
kepler:7510723,285.7941,43.153011
kepler:7511060,285.91315,43.135429
kepler:7511885,286.27478,43.131641
kepler:7512061,286.35828,43.137192
kepler:7512845,286.68588,43.18877
kepler:7513490,286.95093,43.12915
kepler:7515386,287.68936,43.178905
kepler:7516880,288.27914,43.16367
kepler:7518331,288.80072,43.154541
kepler:7523115,290.38315,43.160938
kepler:7523785,290.6037,43.18169
kepler:7531327,292.90005,43.188622
kepler:7532592,293.24142,43.164425
kepler:7532880,293.3241,43.10495
kepler:7533420,293.47757,43.120811
kepler:7534037,293.6561,43.16087
kepler:7534455,293.76959,43.113178
kepler:7534474,293.77332,43.18507
kepler:7537808,294.64041,43.158058
kepler:7538341,294.77405,43.184841
kepler:7539125,294.98547,43.180576
kepler:7541197,295.50562,43.109341
kepler:7547279,296.88278,43.144791
kepler:7547969,297.04153,43.17112
kepler:7551695,297.83148,43.174461
kepler:7552212,297.94354,43.123482
kepler:7582602,281.04782,43.212589
kepler:7584778,282.31512,43.266312
kepler:7586541,283.2395,43.257271
kepler:7590964,285.38489,43.230255
kepler:7592133,285.94623,43.289108
kepler:7592990,286.36267,43.246189
kepler:7594770,287.14423,43.272881
kepler:7595924,287.61133,43.29142
kepler:7597685,288.36563,43.260941
kepler:7602605,290.20245,43.20343
kepler:7604425,290.77368,43.292843
kepler:7605117,291.0007,43.218971
kepler:7612227,293.27194,43.20821
kepler:7612842,293.46054,43.232288
kepler:7618645,295.04276,43.256432
kepler:7620832,295.60907,43.249763
kepler:7622208,295.95361,43.234112
kepler:7622596,296.05112,43.242199
kepler:7624935,296.60788,43.2416
kepler:7661403,282.34973,43.372452
kepler:7662697,283.08298,43.358822
kepler:7663679,283.6243,43.36964
kepler:7663830,283.70413,43.36116
kepler:7664485,284.03619,43.301128
kepler:7667812,285.83578,43.350941
kepler:7668658,286.28397,43.352859
kepler:7668857,286.37717,43.36153
kepler:7670654,287.2034,43.35799
kepler:7670700,287.22531,43.344311
kepler:7670797,287.26633,43.381802
kepler:7671030,287.38065,43.312279
kepler:7671716,287.69409,43.315498
kepler:7671841,287.75485,43.321098
kepler:7673428,288.48172,43.324982
kepler:7673496,288.50858,43.309818
kepler:7673891,288.68127,43.377689
kepler:7676676,289.79865,43.321609
kepler:7677767,290.18472,43.39143
kepler:7679876,290.89236,43.335011
kepler:7679897,290.90088,43.309868
kepler:7685801,292.91241,43.399738
kepler:7686180,293.03458,43.394661
kepler:7686474,293.12436,43.32333
kepler:7687855,293.58264,43.302139
kepler:7691437,294.70111,43.356335
kepler:7691514,294.72968,43.30743
kepler:7692454,295.01245,43.326462
kepler:7696356,296.15872,43.300831
kepler:7709130,299.1958,43.36306
kepler:7730956,281.40799,43.494492
kepler:7732964,282.65784,43.444874
kepler:7734382,283.4664,43.462608
kepler:7739240,286.07889,43.485889
kepler:7739728,286.34369,43.46751
kepler:7740188,286.59079,43.457619
kepler:7740983,286.98907,43.498909
kepler:7741987,287.46393,43.40097
kepler:7742097,287.51221,43.48732
kepler:7743830,288.33374,43.44173
kepler:7744036,288.42172,43.476871
kepler:7744246,288.52969,43.489292
kepler:7744634,288.69965,43.419868
kepler:7746984,289.68823,43.400429
kepler:7751017,291.09763,43.48
kepler:7751342,291.20776,43.490292
kepler:7751906,291.40509,43.488091
kepler:7761519,294.62271,43.47171
kepler:7763435,295.20258,43.467079
kepler:7765135,295.71075,43.413521
kepler:7765236,295.74103,43.457619
kepler:7765762,295.89957,43.45908
kepler:7768067,296.5614,43.412949
kepler:7768911,296.79794,43.436771
kepler:7772296,297.59851,43.447639
kepler:7777570,298.88742,43.489868
kepler:7779850,299.42093,43.466251
kepler:7799523,281.18201,43.57317
kepler:7800087,281.52316,43.536991
kepler:7809755,286.88626,43.593739
kepler:7810415,287.20313,43.508629
kepler:7810798,287.39108,43.504929
kepler:7813363,288.59848,43.53476
kepler:7815609,289.52188,43.578018
kepler:7816203,289.75082,43.59531
kepler:7816999,290.0293,43.584785
kepler:7820260,291.07932,43.565208
kepler:7820535,291.17609,43.563675
kepler:7826063,293.11093,43.511631
kepler:7829719,294.26752,43.585171
kepler:7830341,294.46198,43.524509
kepler:7830503,294.50986,43.565071
kepler:7834913,295.85089,43.595089
kepler:7836762,296.38318,43.595169
kepler:7837122,296.49612,43.56488
kepler:7838296,296.82068,43.52375
kepler:7838383,296.84595,43.585232
kepler:7838958,297.00107,43.599499
kepler:7839949,297.2572,43.502621
kepler:7840145,297.30463,43.542179
kepler:7840358,297.35867,43.572788
kepler:7842033,297.75171,43.57655
kepler:7846638,298.82974,43.502022
kepler:7847566,299.05243,43.596828
kepler:7848068,299.16623,43.507191
kepler:7849619,299.51129,43.567242
kepler:7850656,299.75793,43.559608
kepler:7867105,279.99615,43.677158
kepler:7869831,281.91599,43.66758
kepler:7870026,282.03204,43.660042
kepler:7870746,282.45099,43.662071
kepler:7870750,282.45395,43.662819
kepler:7871438,282.8638,43.674519
kepler:7872098,283.21902,43.655788
kepler:7872305,283.32803,43.632858
kepler:7874959,284.69214,43.683681
kepler:7877209,285.97021,43.640942
kepler:7879384,287.1163,43.61985
kepler:7880090,287.4581,43.613369
kepler:7880490,287.67722,43.629639
kepler:7880641,287.75015,43.601341
kepler:7882003,288.42227,43.68993
kepler:7885309,289.86154,43.602081
kepler:7886049,290.14075,43.693722
kepler:7886115,290.16052,43.616138
kepler:7888453,290.93616,43.646278
kepler:7888991,291.11856,43.669956
kepler:7889173,291.17581,43.650162
kepler:7890598,291.63708,43.669071
kepler:7898071,294.23737,43.689751
kepler:7899428,294.64954,43.69207
kepler:7902097,295.46518,43.665321
kepler:7902693,295.65775,43.623989
kepler:7902938,295.73621,43.60096
kepler:7903259,295.82043,43.632252
kepler:7903600,295.9122,43.60017
kepler:7905458,296.44086,43.683479
kepler:7907119,296.90594,43.682529
kepler:7914600,298.73599,43.615551
kepler:7916982,299.31937,43.646061
kepler:7919763,299.96243,43.69379
kepler:7919867,299.98813,43.663319
kepler:7936748,280.72397,43.759418
kepler:7936946,280.86557,43.703239
kepler:7937049,280.94153,43.708961
kepler:7937361,281.15927,43.791409
kepler:7937391,281.18723,43.714359
kepler:7938615,282.02814,43.753689
kepler:7939565,282.56656,43.754581
kepler:7943616,284.60464,43.763271
kepler:7947607,286.75595,43.746559
kepler:7949545,287.75052,43.737209
kepler:7949846,287.88934,43.770351
kepler:7950622,288.24469,43.705524
kepler:7954107,289.76181,43.713108
kepler:7954195,289.79202,43.715809
kepler:7954489,289.91019,43.775982
kepler:7954521,289.92194,43.756248
kepler:7954705,289.99075,43.740292
kepler:7956465,290.56522,43.708321
kepler:7957443,290.91162,43.742008
kepler:7957708,291.00244,43.708172
kepler:7957709,291.00253,43.70969
kepler:7957710,291.00287,43.710899
kepler:7957881,291.05615,43.774231
kepler:7958049,291.12292,43.738091
kepler:7958890,291.40445,43.707489
kepler:7960251,291.88092,43.72298
kepler:7966705,294.14459,43.717991
kepler:7966841,294.19156,43.754829
kepler:7971035,295.53363,43.704079
kepler:7971683,295.72772,43.767262
kepler:7973675,296.29852,43.757359
kepler:7973706,296.30807,43.707588
kepler:7975417,296.81531,43.715778
kepler:7976185,297.0274,43.789219
kepler:7977658,297.37891,43.72221
kepler:7978512,297.57483,43.750969
kepler:7985690,299.32388,43.71463
kepler:7987514,299.76987,43.796909
kepler:7987781,299.82779,43.776958
kepler:7987934,299.86658,43.710629
kepler:8004647,280.0871,43.855579
kepler:8005405,280.6301,43.812309
kepler:8005470,280.68637,43.892872
kepler:8006143,281.13544,43.806911
kepler:8007234,281.86255,43.800308
kepler:8009474,283.18625,43.850471
kepler:8012943,284.86914,43.862919
kepler:8016298,286.74536,43.851467
kepler:8016858,287.03091,43.887272
kepler:8017353,287.2738,43.813541
kepler:8017724,287.44937,43.875446
kepler:8018654,287.90964,43.802261
kepler:8022545,289.67661,43.832439
kepler:8026884,291.12775,43.872719
kepler:8026887,291.12845,43.874939
kepler:8027731,291.41565,43.803391
kepler:8030499,292.4527,43.886902
kepler:8035002,293.97824,43.888515
kepler:8035743,294.21436,43.876511
kepler:8035802,294.23615,43.804642
kepler:8039016,295.25537,43.847012
kepler:8039566,295.42944,43.87392
kepler:8040308,295.65958,43.85825
kepler:8042739,296.38654,43.898861
kepler:8043052,296.4682,43.80146
kepler:8044516,296.88168,43.802456
kepler:8044772,296.95108,43.895996
kepler:8053037,298.92557,43.851849
kepler:8053926,299.16391,43.874111
kepler:8053936,299.16681,43.874287
kepler:8056853,299.87003,43.826382
kepler:8056914,299.88455,43.81699
kepler:8058211,300.21637,43.897091
kepler:8059043,300.42609,43.887131
kepler:8073821,280.32544,43.963436
kepler:8074287,280.66635,43.943161
kepler:8074472,280.79971,43.989491
kepler:8075755,281.68793,43.935745
kepler:8075991,281.83453,43.946751
kepler:8076634,282.21753,43.950291
kepler:8076831,282.32025,43.914333
kepler:8081482,284.664,43.98502
kepler:8081822,284.85455,43.931999
kepler:8082362,285.16525,43.942459
kepler:8084770,286.51465,43.921459
kepler:8086085,287.19977,43.982052
kepler:8086144,287.233,43.92931
kepler:8086729,287.52362,43.946548
kepler:8087424,287.87799,43.966309
kepler:8090221,289.1886,43.969231
kepler:8090349,289.25281,43.931599
kepler:8091757,289.82001,43.97504
kepler:8092433,290.06454,43.95026
kepler:8092454,290.07358,43.976212
kepler:8093473,290.36865,43.92934
kepler:8096582,291.42548,43.99538
kepler:8098178,292.013,43.977638
kepler:8098181,292.01465,43.978291
kepler:8098228,292.03653,43.96151
kepler:8099075,292.34628,43.932709
kepler:8104467,294.21069,43.910419
kepler:8107903,295.32925,43.97081
kepler:8112102,296.58453,43.90884
kepler:8112431,296.67743,43.975349
kepler:8116072,297.56027,43.94936
kepler:8120272,298.56964,43.95808
kepler:8121994,298.98663,43.93528
kepler:8128574,300.68088,43.961491
kepler:8142087,280.2926,44.03223
kepler:8142547,280.62622,44.053398
kepler:8142623,280.67703,44.068211
kepler:8143238,281.13812,44.038631
kepler:8143783,281.4978,44.057041
kepler:8144647,282.06589,44.075031
kepler:8146477,283.134,44.002239
kepler:8149616,284.76953,44.03952
kepler:8149694,284.81613,44.08638
kepler:8149782,284.86523,44.03614
kepler:8150479,285.24652,44.00528
kepler:8151009,285.53043,44.021881
kepler:8154114,287.19107,44.041885
kepler:8158429,289.2291,44.09166
kepler:8160546,290.00845,44.076969
kepler:8162830,290.74738,44.062069
kepler:8164948,291.50464,44.049305
kepler:8167086,292.29791,44.020142
kepler:8167703,292.53922,44.039768
kepler:8168341,292.76825,44.085651
kepler:8168660,292.87671,44.09713
kepler:8172597,294.18573,44.059593
kepler:8176468,295.40417,44.06216
kepler:8176783,295.51315,44.02861
kepler:8177847,295.82675,44.099461
kepler:8182135,297.07312,44.005249
kepler:8183594,297.42136,44.001541
kepler:8188059,298.50406,44.0975
kepler:8188360,298.58148,44.085739
kepler:8189251,298.79105,44.052319
kepler:8189479,298.84805,44.050259
kepler:8192554,299.63147,44.01128
kepler:8196449,300.70441,44.011238
kepler:8197358,300.93176,44.088791
kepler:8197713,301.02454,44.067921
kepler:8197767,301.03964,44.036179
kepler:8197923,301.08197,44.086651
kepler:8210323,280.73752,44.194221
kepler:8211660,281.638,44.145802
kepler:8212826,282.31964,44.17905
kepler:8213221,282.52371,44.144981
kepler:8218019,284.91049,44.124569
kepler:8219476,285.78284,44.190891
kepler:8222945,287.66577,44.110561
kepler:8225723,289.04144,44.19817
kepler:8226464,289.38156,44.186199
kepler:8226542,289.41156,44.134789
kepler:8229074,290.29648,44.14254
kepler:8231401,291.10809,44.126019
kepler:8232792,291.60321,44.191292
kepler:8233314,291.79068,44.137089
kepler:8233588,291.89227,44.164452
kepler:8233795,291.97125,44.105042
kepler:8240025,294.19836,44.100498
kepler:8246855,296.33481,44.195889
kepler:8247845,296.62949,44.127441
kepler:8249046,296.96722,44.163479
kepler:8249139,296.98868,44.116402
kepler:8257134,298.95435,44.135078
kepler:8257779,299.11578,44.195358
kepler:8257983,299.16833,44.129639
kepler:8258098,299.20163,44.139431
kepler:8259829,299.69421,44.160198
kepler:8259835,299.69534,44.158989
kepler:8264310,300.92307,44.15337
kepler:8264655,301.00793,44.153961
kepler:8264966,301.0798,44.186871
kepler:8277175,280.88855,44.256569
kepler:8278279,281.70212,44.201092
kepler:8278314,281.73279,44.258911
kepler:8278323,281.73734,44.260719
kepler:8278444,281.82108,44.27998
kepler:8278586,281.90097,44.24218
kepler:8282730,284.14957,44.212841
kepler:8283996,284.85593,44.285309
kepler:8284493,285.14825,44.276619
kepler:8285312,285.59546,44.217892
kepler:8285970,285.95874,44.254719
kepler:8288363,287.18951,44.260509
kepler:8288698,287.34875,44.265678
kepler:8289460,287.74866,44.246021
kepler:8292321,289.12866,44.259819
kepler:8292758,289.31665,44.2435
kepler:8297895,291.12009,44.281269
kepler:8300688,292.16489,44.2561
kepler:8302223,292.77524,44.211819
kepler:8302555,292.89917,44.202801
kepler:8307824,294.72958,44.296539
kepler:8311074,295.75381,44.29068
kepler:8313532,296.50793,44.261829
kepler:8314902,296.89697,44.233971
kepler:8316096,297.20035,44.216919
kepler:8316766,297.36169,44.247879
kepler:8321490,298.49765,44.206108
kepler:8325962,299.69254,44.25156
kepler:8326663,299.8696,44.295738
kepler:8329696,300.78775,44.254299
kepler:8331561,301.26315,44.288189
kepler:8331570,301.2659,44.28587
kepler:8332007,301.39832,44.226238
kepler:8343785,281.14133,44.39304
kepler:8348611,283.94171,44.369621
kepler:8350393,284.91296,44.359798
kepler:8352774,286.24509,44.319019
kepler:8355911,287.90286,44.375011
kepler:8358012,288.96942,44.359009
kepler:8359398,289.56564,44.376419
kepler:8362030,290.51489,44.308758
kepler:8364437,291.3927,44.379391
kepler:8365058,291.63162,44.379162
kepler:8365196,291.68185,44.38636
kepler:8367064,292.40979,44.313999
kepler:8373723,294.74518,44.315529
kepler:8374235,294.91046,44.353748
kepler:8374627,295.04034,44.35603
kepler:8374767,295.08347,44.30722
kepler:8376893,295.76324,44.398281
kepler:8377619,295.98859,44.318939
kepler:8377620,295.98914,44.387199
kepler:8378726,296.31277,44.301079
kepler:8378945,296.37866,44.34621
kepler:8381234,297.0267,44.300713
kepler:8381372,297.06039,44.321308
kepler:8394931,300.59128,44.368771
kepler:8396113,301.00085,44.32729
kepler:8396234,301.03473,44.354622
kepler:8396385,301.08075,44.389912
kepler:8408819,280.95987,44.412861
kepler:8408875,280.98773,44.440067
kepler:8409191,281.22488,44.426731
kepler:8410234,281.9122,44.446369
kepler:8410368,282.00391,44.430962
kepler:8411503,282.63815,44.421822
kepler:8414250,284.17709,44.426842
kepler:8414845,284.49225,44.4286
kepler:8415004,284.56876,44.424389
kepler:8415404,284.79156,44.4897
kepler:8416220,285.24026,44.474419
kepler:8416293,285.28534,44.43261
kepler:8416788,285.54193,44.492981
kepler:8416925,285.6221,44.471191
kepler:8416992,285.65775,44.466789
kepler:8417053,285.68817,44.483551
kepler:8417719,286.05713,44.467949
kepler:8417863,286.13947,44.463566
kepler:8418131,286.29062,44.459782
kepler:8421129,287.86316,44.40477
kepler:8423202,288.89594,44.491585
kepler:8423343,288.96817,44.42757
kepler:8424002,289.27451,44.470322
kepler:8424356,289.40286,44.431889
kepler:8424593,289.48221,44.413799
kepler:8425175,289.69809,44.49799
kepler:8426330,290.15558,44.495319
kepler:8428314,290.90454,44.41534
kepler:8429170,291.21939,44.471478
kepler:8429280,291.25839,44.497452
kepler:8430837,291.82809,44.482006
kepler:8431229,291.98721,44.474258
kepler:8431466,292.07761,44.462292
kepler:8432188,292.36322,44.407612
kepler:8442604,295.98987,44.406696
kepler:8442720,296.02863,44.444691
kepler:8444293,296.5318,44.431419
kepler:8447096,297.29691,44.41151
kepler:8451868,298.47681,44.415043
kepler:8451881,298.47916,44.414898
kepler:8454353,299.09958,44.491638
kepler:8456954,299.76642,44.43697
kepler:8457330,299.86542,44.426449
kepler:8462852,301.56439,44.456875
kepler:8474191,281.28592,44.560192
kepler:8474573,281.56134,44.5411
kepler:8479655,284.43018,44.598839
kepler:8480296,284.79086,44.513111
kepler:8480978,285.21295,44.542061
kepler:8481420,285.47116,44.517406
kepler:8482482,286.09891,44.50272
kepler:8482565,286.14673,44.55196
kepler:8487242,288.64874,44.567322
kepler:8487271,288.66251,44.572063
kepler:8487307,288.68341,44.551079
kepler:8489855,289.8078,44.586239
kepler:8491152,290.31534,44.591221
kepler:8491219,290.33725,44.553692
kepler:8491470,290.42477,44.596581
kepler:8491479,290.42688,44.548519
kepler:8491619,290.47449,44.547989
kepler:8493421,291.12466,44.564499
kepler:8494510,291.53552,44.575119
kepler:8505485,295.52148,44.50079
kepler:8506727,295.92441,44.555119
kepler:8507979,296.30948,44.574871
kepler:8515505,298.29782,44.549381
kepler:8515775,298.36566,44.515862
kepler:8516252,298.4924,44.565514
kepler:8517433,298.78268,44.57465
kepler:8522430,300.10223,44.547222
kepler:8525024,300.8089,44.507599
kepler:8525265,300.89114,44.515488
kepler:8525805,301.12125,44.59137
kepler:8538820,281.38852,44.679218
kepler:8540644,282.53445,44.653519
kepler:8543324,283.96927,44.675758
kepler:8546579,285.76694,44.65461
kepler:8546792,285.8847,44.62191
kepler:8547383,286.20526,44.62862
kepler:8547842,286.45459,44.686241
kepler:8554218,289.62079,44.61998
kepler:8554366,289.68646,44.658058
kepler:8554570,289.77505,44.694878
kepler:8554752,289.85339,44.645329
kepler:8560364,291.93689,44.654789
kepler:8561063,292.21906,44.61916
kepler:8564441,293.58585,44.633862
kepler:8565204,293.86096,44.621761
kepler:8565683,294.02887,44.64201
kepler:8565900,294.10526,44.615269
kepler:8566072,294.185,44.68037
kepler:8570781,295.76392,44.699871
kepler:8571004,295.83862,44.665699
kepler:8571575,296.0202,44.609627
kepler:8572066,296.17841,44.634708
kepler:8572186,296.21085,44.689465
kepler:8572338,296.25974,44.613689
kepler:8572749,296.37573,44.606098
kepler:8580320,298.35605,44.602139
kepler:8581232,298.57599,44.683788
kepler:8581480,298.63721,44.676441
kepler:8583756,299.23801,44.663132
kepler:8584439,299.40781,44.635071
kepler:8585000,299.55737,44.697681
kepler:8588377,300.439,44.663319
kepler:8589530,300.72803,44.61256
kepler:8590762,301.15848,44.619041
kepler:8604020,281.66672,44.791721
kepler:8604575,281.99442,44.70406
kepler:8604805,282.12823,44.701988
kepler:8607728,283.74136,44.793072
kepler:8609289,284.60391,44.780613
kepler:8610168,285.10251,44.76437
kepler:8610178,285.10675,44.780819
kepler:8610368,285.2225,44.726131
kepler:8611043,285.60672,44.7565
kepler:8611876,286.04446,44.71751
kepler:8612350,286.31668,44.74794
kepler:8613466,286.92978,44.7234
kepler:8617530,289.04041,44.756531
kepler:8620757,290.33994,44.710369
kepler:8621739,290.67868,44.736359
kepler:8621781,290.69626,44.713249
kepler:8621906,290.74823,44.768009
kepler:8621939,290.76062,44.726681
kepler:8624914,291.82336,44.77972
kepler:8629244,293.55005,44.77026
kepler:8629899,293.79019,44.744678
kepler:8636046,295.85623,44.74102
kepler:8637472,296.27597,44.78989
kepler:8640107,297.05087,44.744751
kepler:8643814,297.97025,44.711559
kepler:8644565,298.14468,44.703739
kepler:8651471,299.9827,44.713299
kepler:8653039,300.40445,44.72234
kepler:8653134,300.431,44.751015
kepler:8655810,301.25137,44.763168
kepler:8656342,301.44492,44.793221
kepler:8672278,283.64731,44.822041
kepler:8673358,284.2149,44.80452
kepler:8677354,286.48465,44.891781
kepler:8677474,286.55441,44.840431
kepler:8678457,287.10022,44.857929
kepler:8680857,288.39072,44.827251
kepler:8681527,288.72076,44.858311
kepler:8681817,288.87762,44.82917
kepler:8683524,289.65787,44.801056
kepler:8684335,289.98135,44.89838
kepler:8684543,290.05649,44.853989
kepler:8685222,290.31628,44.83408
kepler:8686086,290.62277,44.858479
kepler:8687609,291.21817,44.855141
kepler:8689606,291.94153,44.86348
kepler:8693017,293.32834,44.889278
kepler:8694559,293.90848,44.852589
kepler:8695402,294.19894,44.854973
kepler:8695661,294.29276,44.836151
kepler:8696263,294.48795,44.891418
kepler:8702229,296.45743,44.871822
kepler:8702424,296.51392,44.854309
kepler:8713822,299.50635,44.872681
kepler:8733469,281.99088,44.927341
kepler:8733902,282.25452,44.947578
kepler:8736900,283.80045,44.978771
kepler:8737443,284.07449,44.96088
kepler:8737789,284.27969,44.90662
kepler:8737933,284.35461,44.968391
kepler:8740195,285.6235,44.966789
kepler:8742301,286.80545,44.926769
kepler:8742449,286.88821,44.96563
kepler:8742591,286.96695,44.90073
kepler:8745556,288.51578,44.936611
kepler:8747865,289.60779,44.907299
kepler:8748280,289.79453,44.954124
kepler:8749147,290.14105,44.91898
kepler:8749193,290.16278,44.984772
kepler:8749284,290.19797,44.924999
kepler:8749769,290.38281,44.986542
kepler:8750934,290.81467,44.979221
kepler:8753023,291.61838,44.99176
kepler:8759594,294.17908,44.993729
kepler:8760121,294.36496,44.904659
kepler:8760596,294.53876,44.901119
kepler:8761064,294.70047,44.970139
kepler:8766918,296.6347,44.990921
kepler:8767105,296.69608,44.96944
kepler:8767669,296.84958,44.99659
kepler:8772427,298.06076,44.91782
kepler:8776565,299.11832,44.916458
kepler:8776850,299.20325,44.968288
kepler:8781452,300.45908,44.984169
kepler:8784000,301.20386,44.978149
kepler:8784119,301.2413,44.9991
kepler:8802001,283.82614,45.069889
kepler:8802340,283.97745,45.046791
kepler:8802624,284.14059,45.029381
kepler:8803071,284.38477,45.000309
kepler:8803185,284.4447,45.022968
kepler:8803643,284.66263,45.087021
kepler:8804334,285.06393,45.075413
kepler:8806779,286.39453,45.0602
kepler:8807085,286.56927,45.045078
kepler:8807422,286.76294,45.040382
kepler:8811811,288.98819,45.02433
kepler:8812192,289.17722,45.089188
kepler:8812627,289.3782,45.097061
kepler:8813625,289.85135,45.054379
kepler:8813788,289.92236,45.091911
kepler:8814775,290.27902,45.093658
kepler:8814972,290.34372,45.033909
kepler:8816832,291.05164,45.007729
kepler:8817358,291.24063,45.04319
kepler:8817885,291.4523,45.016891
kepler:8822421,293.24701,45.056461
kepler:8822612,293.31415,45.026779
kepler:8825043,294.2168,45.016266
kepler:8825177,294.25916,45.07719
kepler:8831687,296.5228,45.04327
kepler:8832676,296.79715,45.027962
kepler:8836388,297.77655,45.08461
kepler:8836921,297.91455,45.072021
kepler:8837452,298.03253,45.032879
kepler:8842164,299.3092,45.098969
kepler:8843859,299.81024,45.06189
kepler:8847040,300.69809,45.03352
kepler:8847759,300.89075,45.071869
kepler:8848528,301.11838,45.050522
kepler:8867218,283.67273,45.192612
kepler:8867609,283.8645,45.15976
kepler:8869507,284.79742,45.139481
kepler:8869922,285.02353,45.118362
kepler:8872565,286.32248,45.120888
kepler:8873448,286.74756,45.158051
kepler:8873450,286.74857,45.158741
kepler:8879976,289.76709,45.180031
kepler:8880526,290.00003,45.139339
kepler:8881146,290.20673,45.131729
kepler:8881244,290.23877,45.141449
kepler:8881388,290.29193,45.172184
kepler:8881943,290.48392,45.186508
kepler:8885419,291.75275,45.126221
kepler:8888680,292.98477,45.199871
kepler:8889581,293.2952,45.174679
kepler:8889584,293.29767,45.166328
kepler:8890528,293.65488,45.185963
kepler:8891292,293.9184,45.191849
kepler:8892124,294.17874,45.151299
kepler:8894773,295.03842,45.144741
kepler:8904589,297.91678,45.176281
kepler:8909598,299.28467,45.141457
kepler:8909758,299.33044,45.165298
kepler:8909833,299.34995,45.160809
kepler:8915957,301.11755,45.197552
kepler:8933532,283.08691,45.261879
kepler:8935140,283.88187,45.263142
kepler:8935644,284.13412,45.22324
kepler:8935655,284.13925,45.230042
kepler:8935942,284.27579,45.269489
kepler:8936408,284.49756,45.28307
kepler:8938801,285.74289,45.270828
kepler:8946267,289.3334,45.242641
kepler:8947255,289.76758,45.26363
kepler:8951096,291.16071,45.20573
kepler:8956025,292.98102,45.24966
kepler:8957023,293.35226,45.25127
kepler:8957218,293.41809,45.275242
kepler:8958942,294.00967,45.218048
kepler:8959087,294.05173,45.282959
kepler:8959288,294.1026,45.270611
kepler:8959478,294.15662,45.29752
kepler:8960932,294.59576,45.27132
kepler:8961162,294.6741,45.240582
kepler:8973931,298.07074,45.203331
kepler:8975574,298.45322,45.29731
kepler:8977176,298.87738,45.203979
kepler:8977559,298.97876,45.27562
kepler:8977910,299.08496,45.201382
kepler:9001619,282.84677,45.37273
kepler:9002074,283.08624,45.320438
kepler:9006264,285.25415,45.377464
kepler:9006474,285.36023,45.37394
kepler:9009514,286.74384,45.374279
kepler:9011963,287.87357,45.310959
kepler:9017693,290.26477,45.388939
kepler:9018449,290.53046,45.379669
kepler:9019435,290.90784,45.301701
kepler:9020073,291.14581,45.39695
kepler:9022001,291.82712,45.378342
kepler:9022106,291.85934,45.36554
kepler:9028977,294.31235,45.358452
kepler:9029375,294.43878,45.317871
kepler:9029518,294.48663,45.374649
kepler:9030716,294.88739,45.303902
kepler:9030812,294.92117,45.368938
kepler:9032388,295.42575,45.372311
kepler:9033543,295.7804,45.302719
kepler:9040983,297.633,45.355282
kepler:9045611,298.67072,45.319172
kepler:9048032,299.35928,45.347424
kepler:9048551,299.50479,45.30167
kepler:9048949,299.60757,45.390701
kepler:9048976,299.61603,45.314259
kepler:9049540,299.77509,45.304829
kepler:9050543,300.04105,45.31493
kepler:9051905,300.40125,45.350979
kepler:9053655,300.88049,45.34956
kepler:9075109,285.20853,45.434158
kepler:9076772,286.17529,45.458599
kepler:9077192,286.39523,45.446388
kepler:9077256,286.43442,45.48143
kepler:9077376,286.49481,45.479031
kepler:9080928,288.45023,45.494862
kepler:9084222,290.04889,45.440289
kepler:9084820,290.29919,45.422253
kepler:9088058,291.53165,45.466702
kepler:9090909,292.63348,45.46685
kepler:9091929,292.99527,45.478161
kepler:9093349,293.49631,45.47234
kepler:9093763,293.6376,45.459259
kepler:9094521,293.90424,45.459591
kepler:9095110,294.0976,45.403111
kepler:9099624,295.50726,45.498959
kepler:9101620,296.09943,45.462059
kepler:9114508,299.53513,45.44186
kepler:9116222,300.00839,45.46685
kepler:9117123,300.24493,45.498039
kepler:9117167,300.2572,45.49939
kepler:9119108,300.79367,45.457539
kepler:9138452,283.71716,45.505493
kepler:9138848,283.93741,45.560638
kepler:9139163,284.09222,45.507019
kepler:9141747,285.55487,45.568371
kepler:9142714,286.04276,45.511211
kepler:9142773,286.07739,45.55304
kepler:9146690,288.26566,45.59864
kepler:9149802,289.8642,45.550751
kepler:9149986,289.93808,45.54884
kepler:9150539,290.17706,45.501461
kepler:9150898,290.32166,45.594509
kepler:9150921,290.33386,45.551128
kepler:9152039,290.79263,45.597931
kepler:9152469,290.96597,45.530201
kepler:9153754,291.46069,45.539322
kepler:9158589,293.42358,45.553879
kepler:9159119,293.62564,45.543522
kepler:9162264,294.72726,45.568432
kepler:9163591,295.25046,45.562511
kepler:9166044,296.12408,45.549519
kepler:9173365,298.19934,45.57658
kepler:9173604,298.25998,45.571159
kepler:9175009,298.62292,45.524609
kepler:9179906,300.01614,45.52792
kepler:9180393,300.15115,45.539619
kepler:9181091,300.33453,45.537682
kepler:9182941,300.81656,45.57449
kepler:9201463,283.1409,45.642773
kepler:9203478,284.30313,45.632832
kepler:9203794,284.5079,45.617279
kepler:9204387,284.82751,45.688568
kepler:9205855,285.64502,45.651459
kepler:9205876,285.65482,45.689941
kepler:9206046,285.75232,45.635571
kepler:9207124,286.36124,45.642361
kepler:9209982,288.01135,45.673759
kepler:9214598,290.33847,45.68084
kepler:9215841,290.8653,45.665371
kepler:9216367,291.08694,45.65464
kepler:9220002,292.55725,45.63517
kepler:9220341,292.68094,45.662659
kepler:9222296,293.44217,45.641811
kepler:9224372,294.21002,45.643608
kepler:9224698,294.32419,45.65102
kepler:9225829,294.73056,45.67421
kepler:9226387,294.93314,45.669991
kepler:9228927,295.82574,45.683899
kepler:9229798,296.12753,45.62067
kepler:9230350,296.30075,45.697418
kepler:9230422,296.32147,45.600609
kepler:9237305,298.24847,45.66745
kepler:9238899,298.69031,45.682911
kepler:9239775,298.93506,45.68409
kepler:9244171,300.24307,45.661491
kepler:9267818,285.11539,45.78503
kepler:9267997,285.22391,45.709293
kepler:9268205,285.35611,45.725101
kepler:9268249,285.38754,45.74826
kepler:9268481,285.51544,45.73521
kepler:9268902,285.75595,45.73101
kepler:9269082,285.84348,45.78051
kepler:9269566,286.12909,45.70076
kepler:9269688,286.21457,45.727859
kepler:9272100,287.64542,45.712311
kepler:9273730,288.58936,45.72065
kepler:9273791,288.62677,45.753166
kepler:9273855,288.65833,45.711979
kepler:9279846,291.42874,45.761929
kepler:9283572,292.93674,45.73978
kepler:9284184,293.20178,45.703819
kepler:9284819,293.44943,45.777321
kepler:9286118,293.94821,45.77433
kepler:9287605,294.45761,45.77998
kepler:9287643,294.47525,45.784981
kepler:9288391,294.77466,45.724926
kepler:9290677,295.59839,45.795898
kepler:9291554,295.88641,45.704201
kepler:9305231,299.91675,45.76202
kepler:9305357,299.95602,45.797161
kepler:9327921,284.46194,45.88493
kepler:9328653,284.86234,45.812401
kepler:9330256,285.84448,45.814049
kepler:9333505,287.74448,45.84354
kepler:9335198,288.62982,45.864529
kepler:9335306,288.68433,45.838211
kepler:9335973,289.02582,45.815399
kepler:9340291,290.99817,45.820438
kepler:9340503,291.08438,45.89838
kepler:9346063,293.30957,45.810371
kepler:9346592,293.51843,45.814209
kepler:9347979,294.05124,45.883308
kepler:9349698,294.67471,45.865189
kepler:9350552,294.96793,45.80201
kepler:9351620,295.35995,45.854141
kepler:9368681,300.47021,45.850731
kepler:9385959,282.08548,45.928661
kepler:9392121,285.76398,45.979099
kepler:9392349,285.87488,45.98
kepler:9392583,285.99536,45.95911
kepler:9394605,287.15613,45.979259
kepler:9395205,287.50659,45.95303
kepler:9396972,288.54385,45.996861
kepler:9398382,289.3215,45.963371
kepler:9401856,290.92902,45.935398
kepler:9402117,291.0358,45.912971
kepler:9405969,292.60651,45.90321
kepler:9406659,292.87332,45.932556
kepler:9407581,293.26489,45.948689
kepler:9407907,293.39441,45.981461
kepler:9408035,293.44308,45.909039
kepler:9408484,293.60657,45.972591
kepler:9408786,293.72452,45.996929
kepler:9409053,293.82913,45.984207
kepler:9409238,293.90701,45.95158
kepler:9410279,294.29306,45.90099
kepler:9410888,294.49841,45.991829
kepler:9410906,294.50546,45.945911
kepler:9412514,295.14035,45.922581
kepler:9413885,295.62433,45.904739
kepler:9414097,295.69394,45.994419
kepler:9418483,297.1377,45.917488
kepler:9418692,297.20212,45.971088
kepler:9419002,297.28763,45.988468
kepler:9425107,298.98276,45.910561
kepler:9425635,299.14917,45.912701
kepler:9426508,299.41321,45.905071
kepler:9427378,299.66882,45.952728
kepler:9428095,299.90762,45.934662
kepler:9446742,282.13,46.03241
kepler:9450669,284.56384,46.05357
kepler:9453011,285.90262,46.087982
kepler:9455103,287.12912,46.068691
kepler:9456920,288.15128,46.059059
kepler:9457145,288.28046,46.012329
kepler:9459362,289.44366,46.036991
kepler:9466312,292.42706,46.048038
kepler:9468023,293.11234,46.076962
kepler:9468935,293.46643,46.051849
kepler:9468966,293.47897,46.083641
kepler:9470720,294.1362,46.097832
kepler:9471538,294.41776,46.093208
kepler:9471843,294.51624,46.03009
kepler:9472375,294.70755,46.084499
kepler:9474589,295.4975,46.017979
kepler:9475845,295.92755,46.04916
kepler:9479539,297.1322,46.05344
kepler:9481160,297.57837,46.001354
kepler:9487994,299.4556,46.048191
kepler:9488191,299.51331,46.01709
kepler:9508099,281.88171,46.124962
kepler:9508438,282.14844,46.182205
kepler:9509071,282.58731,46.177349
kepler:9509259,282.70627,46.13356
kepler:9512039,284.33551,46.14341
kepler:9515011,286.03439,46.195091
kepler:9515082,286.07346,46.139278
kepler:9515113,286.09085,46.177807
kepler:9518295,287.9996,46.12183
kepler:9519275,288.52859,46.12188
kepler:9519853,288.88165,46.158211
kepler:9520019,288.97485,46.191261
kepler:9520089,289.017,46.167122
kepler:9520338,289.15213,46.19286
kepler:9524680,291.17242,46.103241
kepler:9530170,293.39142,46.10947
kepler:9530253,293.42722,46.116699
kepler:9530263,293.43384,46.147449
kepler:9530511,293.53601,46.185169
kepler:9532321,294.25061,46.17157
kepler:9532950,294.47302,46.176376
kepler:9535171,295.28857,46.121799
kepler:9540467,297.09683,46.17131
kepler:9541573,297.40482,46.13361
kepler:9542723,297.73334,46.161812
kepler:9542877,297.77246,46.169804
kepler:9549091,299.50262,46.138069
kepler:9549300,299.56369,46.171638
kepler:9570305,282.50595,46.214088
kepler:9570402,282.57468,46.246761
kepler:9571216,283.06717,46.258072
kepler:9572988,284.06683,46.207001
kepler:9574939,285.15802,46.248249
kepler:9574994,285.19595,46.266418
kepler:9579266,287.66949,46.273338
kepler:9579750,287.95349,46.29987
kepler:9581390,288.86139,46.25209
kepler:9581885,289.13202,46.231178
kepler:9582493,289.45694,46.235954
kepler:9582720,289.57156,46.212952
kepler:9583493,289.94971,46.22728
kepler:9588880,292.16595,46.227631
kepler:9590249,292.74393,46.220211
kepler:9590623,292.89554,46.282631
kepler:9590720,292.9382,46.281361
kepler:9591076,293.07831,46.250278
kepler:9591765,293.36786,46.210838
kepler:9592261,293.55267,46.255211
kepler:9592370,293.59943,46.213291
kepler:9593432,293.99438,46.251865
kepler:9593562,294.03732,46.246059
kepler:9593769,294.1102,46.278614
kepler:9594189,294.26056,46.280201
kepler:9594804,294.47491,46.294579
kepler:9594843,294.48816,46.26173
kepler:9595743,294.83011,46.249302
kepler:9596134,294.97379,46.201672
kepler:9596620,295.15039,46.273239
kepler:9597440,295.44461,46.23027
kepler:9597882,295.60214,46.25946
kepler:9598005,295.64658,46.24752
kepler:9601232,296.75671,46.26495
kepler:9602189,297.03629,46.220928
kepler:9603367,297.35648,46.240978
kepler:9603398,297.36523,46.225601
kepler:9603403,297.36642,46.226379
kepler:9605965,298.06912,46.230888
kepler:9606106,298.10611,46.2785
kepler:9606116,298.10776,46.27718
kepler:9606349,298.17047,46.27261
kepler:9611506,299.681,46.243431
kepler:9630984,281.86334,46.345081
kepler:9631366,282.16489,46.308861
kepler:9631548,282.30652,46.317841
kepler:9632757,283.15027,46.396702
kepler:9636465,285.26205,46.352879
kepler:9637007,285.58887,46.308319
kepler:9639134,286.87863,46.326241
kepler:9639250,286.94986,46.384838
kepler:9639455,287.09464,46.34967
kepler:9640417,287.67975,46.317902
kepler:9641112,288.07166,46.376919
kepler:9642162,288.68759,46.33358
kepler:9643210,289.24158,46.359711
kepler:9643813,289.56976,46.34301
kepler:9645084,290.1662,46.318089
kepler:9649220,291.85815,46.366718
kepler:9649447,291.94354,46.304691
kepler:9652680,293.27322,46.319012
kepler:9653110,293.45135,46.36499
kepler:9654338,293.95432,46.397266
kepler:9655045,294.21246,46.356739
kepler:9655134,294.24948,46.342079
kepler:9655145,294.25241,46.396229
kepler:9655233,294.28445,46.327679
kepler:9655718,294.44504,46.387798
kepler:9655799,294.47144,46.335091
kepler:9656102,294.58731,46.34259
kepler:9656344,294.68765,46.327091
kepler:9656823,294.87204,46.319439
kepler:9657062,294.96033,46.37484
kepler:9657144,294.99176,46.399921
kepler:9659036,295.70132,46.375481
kepler:9659082,295.71613,46.392986
kepler:9666115,297.91937,46.358189
kepler:9692206,282.06821,46.421082
kepler:9696822,284.87085,46.476929
kepler:9696911,284.92853,46.41943
kepler:9697054,285.01935,46.410728
kepler:9697208,285.12534,46.43478
kepler:9697509,285.30252,46.497421
kepler:9703800,288.96472,46.42934
kepler:9704431,289.31967,46.405289
kepler:9705079,289.64798,46.43914
kepler:9706078,290.0668,46.492748
kepler:9710612,291.97665,46.499168
kepler:9711941,292.53717,46.42728
kepler:9712552,292.79343,46.423759
kepler:9712736,292.86243,46.49852
kepler:9712781,292.8815,46.473694
kepler:9713196,293.05756,46.418598
kepler:9713399,293.13797,46.488979
kepler:9713434,293.15552,46.455589
kepler:9713573,293.21417,46.459541
kepler:9713986,293.38654,46.434101
kepler:9714427,293.56735,46.442719
kepler:9714572,293.62952,46.40802
kepler:9715179,293.8772,46.483082
kepler:9715284,293.91632,46.444492
kepler:9715355,293.94138,46.42849
kepler:9715398,293.95877,46.443699
kepler:9715460,293.98499,46.463257
kepler:9716103,294.23605,46.40078
kepler:9716208,294.26846,46.439342
kepler:9716645,294.43893,46.410961
kepler:9716793,294.492,46.450787
kepler:9717148,294.62122,46.435741
kepler:9724185,297.07242,46.427299
kepler:9724820,297.25958,46.446911
kepler:9726020,297.60385,46.486111
kepler:9726699,297.78909,46.483665
kepler:9727020,297.86823,46.409721
kepler:9752189,281.65359,46.592522
kepler:9752552,281.92316,46.574799
kepler:9752982,282.19843,46.52029
kepler:9754973,283.48788,46.536282
kepler:9761113,287.10172,46.502899
kepler:9761347,287.23883,46.598019
kepler:9764192,288.91095,46.51461
kepler:9764489,289.08527,46.593208
kepler:9764877,289.30563,46.560822
kepler:9765275,289.51395,46.556019
kepler:9766237,289.97946,46.509392
kepler:9771402,292.18179,46.582958
kepler:9771663,292.29532,46.598579
kepler:9772849,292.80179,46.51498
kepler:9772971,292.85034,46.544449
kepler:9775878,294.04398,46.571831
kepler:9775887,294.04736,46.569839
kepler:9776926,294.41388,46.54549
kepler:9777379,294.57632,46.557896
kepler:9778156,294.86758,46.517281
kepler:9779373,295.3371,46.574661
kepler:9783606,296.80914,46.533501
kepler:9784213,296.98679,46.56337
kepler:9784820,297.16049,46.52845
kepler:9786877,297.74109,46.50695
kepler:9786953,297.76138,46.546989
kepler:9787349,297.87497,46.559471
kepler:9790574,298.79861,46.556721
kepler:9812607,281.72183,46.65192
kepler:9813965,282.70135,46.623451
kepler:9815596,283.68701,46.656441
kepler:9820778,286.65588,46.65987
kepler:9820789,286.65967,46.694859
kepler:9821996,287.38351,46.637051
kepler:9823630,288.32001,46.615349
kepler:9825370,289.30325,46.604759
kepler:9825426,289.32858,46.67807
kepler:9825598,289.4205,46.665817
kepler:9827087,290.15207,46.693569
kepler:9827094,290.15576,46.631199
kepler:9828292,290.66287,46.60952
kepler:9833666,292.9888,46.67754
kepler:9833868,293.07126,46.620258
kepler:9834854,293.47903,46.661572
kepler:9836422,294.07834,46.636501
kepler:9836628,294.1478,46.677376
kepler:9836691,294.16821,46.689034
kepler:9838078,294.67355,46.60043
kepler:9838763,294.94815,46.604359
kepler:9839824,295.34494,46.675301
kepler:9839980,295.40002,46.68502
kepler:9840129,295.44632,46.648129
kepler:9843211,296.54385,46.637348
kepler:9844659,297.01526,46.670399
kepler:9846258,297.46759,46.679829
kepler:9846290,297.47714,46.628529
kepler:9847963,297.93124,46.6203
kepler:9848292,298.0192,46.696442
kepler:9851983,299.0531,46.620392
kepler:9872330,281.49478,46.77578
kepler:9873729,282.59027,46.726608
kepler:9875451,283.69672,46.751961
kepler:9878503,285.48172,46.70507
kepler:9880223,286.50983,46.721321
kepler:9880382,286.60126,46.751801
kepler:9880519,286.69147,46.791309
kepler:9880841,286.87912,46.766911
kepler:9881857,287.48398,46.784191
kepler:9884377,288.89011,46.761978
kepler:9892651,292.6059,46.79026
kepler:9894105,293.20728,46.77692
kepler:9896547,294.16541,46.747791
kepler:9897464,294.49036,46.78867
kepler:9898181,294.75519,46.716801
kepler:9899414,295.2269,46.772869
kepler:9902554,296.30862,46.794868
kepler:9903203,296.52866,46.73555
kepler:9909614,298.45056,46.771
kepler:9910701,298.759,46.781879
kepler:9912373,299.22906,46.734943
kepler:9932623,281.3407,46.895451
kepler:9933464,282.02136,46.80463
kepler:9934388,282.66977,46.872669
kepler:9935067,283.10492,46.88604
kepler:9935478,283.36624,46.805099
kepler:9941718,287.0144,46.811321
kepler:9942231,287.31641,46.81171
kepler:9943335,287.97351,46.802616
kepler:9943450,288.03922,46.876289
kepler:9944137,288.44965,46.837029
kepler:9944208,288.49353,46.833382
kepler:9944438,288.62915,46.883862
kepler:9945771,289.36142,46.892361
kepler:9946011,289.48795,46.82476
kepler:9946017,289.48999,46.81786
kepler:9946488,289.76273,46.816139
kepler:9946506,289.77496,46.841251
kepler:9946569,289.80231,46.878159
kepler:9947774,290.3143,46.864491
kepler:9959126,295.0564,46.85677
kepler:9959192,295.08435,46.821018
kepler:9959608,295.24384,46.842449
kepler:9959948,295.37134,46.812038
kepler:9963468,296.63638,46.89069
kepler:9964422,296.95227,46.849171
kepler:9967035,297.71173,46.843769
kepler:9970700,298.79541,46.884121
kepler:9991488,281.06805,46.974682
kepler:9991565,281.1347,46.97945
kepler:9992083,281.51758,46.978561
kepler:9992402,281.74438,46.911671
kepler:9992590,281.87189,46.936081
kepler:9992786,281.97385,46.91098
kepler:9994229,282.83997,46.915169
kepler:9994783,283.20496,46.961521
kepler:10000509,286.57065,46.91111
kepler:10000785,286.73337,46.967442
kepler:10000941,286.81937,46.91169
kepler:10001584,287.20996,46.963428
kepler:10002787,287.86502,46.98159
kepler:10002792,287.86722,46.983082
kepler:10004510,288.72949,46.917389
kepler:10004751,288.84625,46.983631
kepler:10006032,289.46732,46.95039
kepler:10006542,289.71359,46.945381
kepler:10007265,290.00626,46.926529
kepler:10007720,290.17334,46.924831
kepler:10011070,291.5444,46.980129
kepler:10015467,293.45364,46.917278
kepler:10019381,294.90683,46.930241
kepler:10026782,297.35062,46.9156
kepler:10030731,298.48914,46.969559
kepler:10054414,281.58847,47.01543
kepler:10055337,282.17407,47.0243
kepler:10056727,282.96732,47.067051
kepler:10062987,286.26196,47.08696
kepler:10063343,286.46033,47.005829
kepler:10064358,286.95984,47.064098
kepler:10065745,287.70221,47.07848
kepler:10067340,288.51871,47.018379
kepler:10067449,288.5744,47.069489
kepler:10068482,289.04904,47.086933
kepler:10069378,289.49408,47.063129
kepler:10070247,289.8642,47.08102
kepler:10070331,289.89825,47.092361
kepler:10071383,290.32089,47.015141
kepler:10079317,293.50534,47.018719
kepler:10080239,293.86212,47.01305
kepler:10080792,294.06232,47.05352
kepler:10081040,294.14499,47.074001
kepler:10081256,294.21527,47.089489
kepler:10081606,294.36426,47.00808
kepler:10081899,294.46457,47.045441
kepler:10081993,294.50085,47.039291
kepler:10082605,294.71896,47.092686
kepler:10082618,294.7218,47.092018
kepler:10082757,294.7695,47.019039
kepler:10082844,294.80243,47.019032
kepler:10087130,296.27014,47.025188
kepler:10091786,297.65714,47.093311
kepler:10094911,298.56271,47.014488
kepler:10096255,298.90945,47.023388
kepler:10096977,299.10486,47.069069
kepler:10120296,282.04877,47.145271
kepler:10121738,282.89609,47.172611
kepler:10128760,286.4761,47.15403
kepler:10129829,287.03625,47.184101
kepler:10131950,288.05927,47.13813
kepler:10134076,289.02966,47.114101
kepler:10134084,289.03265,47.115639
kepler:10134498,289.22198,47.105789
kepler:10139305,291.14401,47.185459
kepler:10141717,292.06531,47.136116
kepler:10146539,293.91144,47.142349
kepler:10149211,294.82629,47.14856
kepler:10154475,296.52295,47.138988
kepler:10154592,296.55283,47.143089
kepler:10155403,296.7984,47.106239
kepler:10158429,297.64758,47.10844
kepler:10158680,297.7135,47.1777
kepler:10161873,298.5766,47.140888
kepler:10162509,298.74542,47.180439
kepler:10164895,299.4201,47.14352
kepler:10165244,299.5257,47.16938
kepler:10165815,299.69852,47.186729
kepler:10187494,281.82437,47.240349
kepler:10188460,282.36819,47.202332
kepler:10188944,282.66486,47.248871
kepler:10196750,286.77887,47.263329
kepler:10196885,286.85284,47.250359
kepler:10197260,287.07837,47.213379
kepler:10197893,287.37866,47.223541
kepler:10198872,287.89496,47.279839
kepler:10208370,292.08118,47.219002
kepler:10220756,296.56128,47.227119
kepler:10221455,296.7738,47.26215
kepler:10222884,297.1828,47.22102
kepler:10224595,297.6723,47.220188
kepler:10224611,297.67615,47.2215
kepler:10229227,298.89774,47.20956
kepler:10231863,299.63071,47.289242
kepler:10252131,280.61221,47.373402
kepler:10252382,280.77621,47.33712
kepler:10253304,281.40958,47.30759
kepler:10253676,281.66766,47.375061
kepler:10254222,282.02271,47.38026
kepler:10258178,284.25189,47.340107
kepler:10258179,284.25229,47.340931
kepler:10258313,284.33585,47.350761
kepler:10262272,286.38208,47.319511
kepler:10264744,287.75601,47.302052
kepler:10265241,288.01431,47.349751
kepler:10267590,289.13013,47.357922
kepler:10273000,291.42053,47.393101
kepler:10273604,291.67816,47.33947
kepler:10273897,291.79449,47.31509
kepler:10274090,291.87997,47.378071
kepler:10274200,291.91974,47.39801
kepler:10274993,292.23892,47.334961
kepler:10275409,292.40875,47.388889
kepler:10275962,292.6225,47.39753
kepler:10279828,294.12521,47.336189
kepler:10280703,294.43561,47.349468
kepler:10284814,295.91583,47.304409
kepler:10285642,296.18723,47.342442
kepler:10287183,296.6723,47.3181
kepler:10287242,296.69336,47.392151
kepler:10287991,296.89926,47.379761
kepler:10288161,296.95105,47.381989
kepler:10288777,297.12109,47.3787
kepler:10290593,297.63422,47.328651
kepler:10292216,298.07214,47.351501
kepler:10293980,298.57266,47.349461
kepler:10295068,298.85226,47.319489
kepler:10317398,280.23264,47.450958
kepler:10318386,280.86603,47.459049
kepler:10319112,281.3663,47.4771
kepler:10320278,282.1546,47.43084
kepler:10320552,282.29773,47.431351
kepler:10320656,282.34631,47.482151
kepler:10321061,282.61688,47.421391
kepler:10322366,283.42743,47.483471
kepler:10323663,284.1243,47.48539
kepler:10324091,284.36517,47.426811
kepler:10325063,284.84079,47.400291
kepler:10328375,286.65424,47.4305
kepler:10330818,288.04718,47.45533
kepler:10332732,289.0101,47.446999
kepler:10336624,290.71216,47.487701
kepler:10337441,291.02954,47.450439
kepler:10338300,291.37854,47.41383
kepler:10346286,294.39734,47.482319
kepler:10351715,296.30481,47.48312
kepler:10351828,296.34384,47.43536
kepler:10352333,296.50354,47.486919
kepler:10353473,296.85269,47.409012
kepler:10355809,297.54779,47.477566
kepler:10355856,297.55948,47.473679
kepler:10358909,298.3967,47.449451
kepler:10360238,298.7627,47.46246
kepler:10361923,299.23065,47.414982
kepler:10362840,299.50439,47.499878
kepler:10363074,299.5723,47.401649
kepler:10384891,281.7262,47.54068
kepler:10387363,283.19992,47.554081
kepler:10387746,283.43094,47.55888
kepler:10387773,283.44742,47.553329
kepler:10388283,283.73837,47.582458
kepler:10389121,284.23868,47.513458
kepler:10394332,287.01151,47.552441
kepler:10395312,287.56281,47.578629
kepler:10398088,288.99557,47.504269
kepler:10401970,290.71729,47.5723
kepler:10403228,291.22672,47.54998
kepler:10404847,291.87958,47.599541
kepler:10411796,294.59683,47.599003
kepler:10412044,294.70078,47.563019
kepler:10416390,296.2486,47.526539
kepler:10417984,296.7486,47.58926
kepler:10418421,296.85907,47.563782
kepler:10421561,297.72989,47.579601
kepler:10421610,297.73953,47.576
kepler:10421688,297.75919,47.577061
kepler:10422030,297.84921,47.508129
kepler:10422241,297.91199,47.584099
kepler:10422252,297.91275,47.563808
kepler:10448377,280.80176,47.664551
kepler:10449437,281.47833,47.616081
kepler:10449542,281.54572,47.620258
kepler:10452252,283.15057,47.671967
kepler:10452709,283.42789,47.600151
kepler:10452840,283.49948,47.685299
kepler:10453314,283.7356,47.614857
kepler:10453350,283.74951,47.6348
kepler:10453357,283.75415,47.606838
kepler:10453475,283.81931,47.62582
kepler:10454492,284.3656,47.65353
kepler:10459864,287.18195,47.61721
kepler:10459987,287.24188,47.68576
kepler:10460771,287.66098,47.662949
kepler:10463609,289.05859,47.659451
kepler:10464111,289.27356,47.676048
kepler:10464278,289.35541,47.639431
kepler:10467714,290.77655,47.64843
kepler:10468984,291.32193,47.679779
kepler:10471412,292.2872,47.622211
kepler:10471434,292.30197,47.674698
kepler:10471960,292.53622,47.60202
kepler:10472574,292.78879,47.646221
kepler:10473048,292.97711,47.654179
kepler:10482387,296.30215,47.68856
kepler:10483062,296.51312,47.679031
kepler:10484973,297.07376,47.621498
kepler:10488161,297.95877,47.644138
kepler:10488229,297.9801,47.644642
kepler:10489175,298.24838,47.625805
kepler:10489286,298.28311,47.696941
kepler:10489544,298.3598,47.624859
kepler:10489814,298.44067,47.699909
kepler:10490282,298.57233,47.658821
kepler:10491422,298.88495,47.633072
kepler:10513641,280.7099,47.702648
kepler:10515924,282.28375,47.71701
kepler:10515986,282.33035,47.724991
kepler:10515995,282.33344,47.726551
kepler:10518125,283.56812,47.758598
kepler:10518575,283.83691,47.744419
kepler:10518758,283.92621,47.753391
kepler:10522057,285.69077,47.72287
kepler:10524994,287.32724,47.748981
kepler:10525199,287.44046,47.728489
kepler:10525463,287.58005,47.745331
kepler:10526289,288.01044,47.774021
kepler:10526849,288.27902,47.77309
kepler:10527540,288.62738,47.746681
kepler:10527793,288.74374,47.71352
kepler:10528093,288.88434,47.759499
kepler:10528564,289.11478,47.78017
kepler:10529125,289.38293,47.79134
kepler:10529126,289.38303,47.70322
kepler:10529366,289.49524,47.75803
kepler:10531839,290.49783,47.712009
kepler:10532561,290.79147,47.795319
kepler:10533880,291.38123,47.700119
kepler:10534155,291.50122,47.74773
kepler:10534360,291.58432,47.793541
kepler:10535424,292.00943,47.749748
kepler:10536376,292.38779,47.709221
kepler:10536761,292.54721,47.733841
kepler:10537061,292.67484,47.767078
kepler:10538002,293.07486,47.784119
kepler:10538178,293.14783,47.772144
kepler:10548015,296.68195,47.749359
kepler:10548240,296.74826,47.785961
kepler:10548508,296.83282,47.79052
kepler:10548640,296.86847,47.71611
kepler:10553513,298.23215,47.725788
kepler:10553769,298.30905,47.712608
kepler:10553852,298.33484,47.791729
kepler:10578030,280.7193,47.858459
kepler:10583089,283.72263,47.852352
kepler:10583379,283.87735,47.823002
kepler:10583486,283.94666,47.885529
kepler:10584063,284.2757,47.824631
kepler:10587237,285.95322,47.88332
kepler:10589849,287.37125,47.809395
kepler:10591025,287.99667,47.882462
kepler:10592027,288.49518,47.844719
kepler:10593098,288.97717,47.880859
kepler:10593110,288.98618,47.86253
kepler:10593239,289.05045,47.820969
kepler:10597391,290.7843,47.874939
kepler:10603977,293.47031,47.895641
kepler:10610702,295.89417,47.85775
kepler:10614087,296.95636,47.85416
kepler:10614466,297.06207,47.802891
kepler:10614845,297.1684,47.821129
kepler:10614890,297.17813,47.861771
kepler:10615211,297.26923,47.840931
kepler:10618078,298.07867,47.8363
kepler:10618918,298.31238,47.856674
kepler:10622511,299.31833,47.801861
kepler:10622558,299.33423,47.868
kepler:10646009,282.0174,47.960911
kepler:10646889,282.57291,47.904228
kepler:10647081,282.6889,47.971912
kepler:10647424,282.89688,47.925316
kepler:10658494,288.86996,47.916561
kepler:10665178,291.68259,47.909882
kepler:10665619,291.86038,47.979546
kepler:10666012,292.00131,47.982861
kepler:10666510,292.21014,47.945679
kepler:10666889,292.37057,47.993641
kepler:10667264,292.51569,47.970692
kepler:10671396,294.16415,47.9832
kepler:10676126,295.90225,47.970821
kepler:10677397,296.28876,47.916431
kepler:10684456,298.36124,47.957378
kepler:10687021,299.09995,47.967129
kepler:10709619,281.32007,48.082359
kepler:10710233,281.65094,48.017391
kepler:10710753,281.93329,48.056229
kepler:10712276,282.8024,48.03236
kepler:10713157,283.28342,48.03167
kepler:10717220,285.47504,48.034931
kepler:10727657,290.43405,48.000729
kepler:10731303,291.89661,48.055431
kepler:10731839,292.09033,48.026402
kepler:10736489,293.94763,48.065254
kepler:10736615,293.98828,48.050709
kepler:10737179,294.18774,48.050579
kepler:10742131,295.90753,48.021481
kepler:10745115,296.82718,48.0457
kepler:10745663,296.97375,48.069641
kepler:10748029,297.61926,48.006771
kepler:10753050,298.89481,48.0616
kepler:10753072,298.90012,48.093239
kepler:10776918,281.85229,48.199001
kepler:10777226,282.02362,48.179207
kepler:10777410,282.13919,48.12677
kepler:10779266,283.13107,48.12991
kepler:10782541,285.0,48.11174
kepler:10784750,286.21524,48.126671
kepler:10790812,289.21344,48.179008
kepler:10790838,289.22351,48.103249
kepler:10793443,290.30588,48.115719
kepler:10793757,290.40613,48.186821
kepler:10796551,291.56174,48.18552
kepler:10796663,291.60153,48.104542
kepler:10799760,292.88235,48.106071
kepler:10799767,292.88406,48.106731
kepler:10800330,293.1059,48.16045
kepler:10801273,293.4791,48.137421
kepler:10801647,293.63843,48.146858
kepler:10801794,293.69589,48.114128
kepler:10802309,293.89105,48.127769
kepler:10803430,294.28342,48.147079
kepler:10809099,296.30536,48.158211
kepler:10809258,296.35443,48.133389
kepler:10809517,296.43381,48.165829
kepler:10812541,297.30438,48.195271
kepler:10815604,298.15317,48.106159
kepler:10815729,298.18716,48.10841
kepler:10818065,298.83569,48.13546
kepler:10844693,283.21359,48.214394
kepler:10845333,283.64606,48.21479
kepler:10847670,285.10312,48.250278
kepler:10848443,285.52643,48.279079
kepler:10850420,286.64755,48.205898
kepler:10850794,286.8577,48.225803
kepler:10857583,290.12921,48.208481
kepler:10858030,290.35159,48.202141
kepler:10860741,291.59116,48.249348
kepler:10861194,291.77203,48.23431
kepler:10863556,292.81494,48.233559
kepler:10864581,293.24985,48.277771
kepler:10865206,293.52444,48.241821
kepler:10872868,296.24713,48.211552
kepler:10873773,296.5564,48.224518
kepler:10875937,297.23099,48.223919
kepler:10877432,297.69907,48.274616
kepler:10878366,297.99527,48.247028
kepler:10878999,298.19012,48.266212
kepler:10880514,298.66586,48.244621
kepler:10881071,298.83331,48.283321
kepler:10904491,282.67737,48.378601
kepler:10905040,283.12064,48.368118
kepler:10905192,283.22144,48.30122
kepler:10905746,283.62885,48.391003
kepler:10907381,284.78207,48.374619
kepler:10907400,284.79312,48.36652
kepler:10907415,284.80075,48.359901
kepler:10909367,286.03256,48.32481
kepler:10910553,286.80588,48.325771
kepler:10910862,286.98779,48.329021
kepler:10913762,288.67825,48.396889
kepler:10914339,288.95746,48.335892
kepler:10916827,290.14355,48.378971
kepler:10917907,290.72403,48.373089
kepler:10918016,290.7753,48.310841
kepler:10918580,291.04861,48.374439
kepler:10919310,291.46933,48.33902
kepler:10919564,291.59744,48.393291
kepler:10920281,291.94415,48.351791
kepler:10921009,292.29636,48.35667
kepler:10921242,292.41022,48.349602
kepler:10922247,292.87048,48.35743
kepler:10922482,292.9881,48.38512
kepler:10922936,293.19073,48.388535
kepler:10934077,297.45142,48.357948
kepler:10935928,298.16367,48.339512
kepler:10936170,298.25302,48.343689
kepler:10936708,298.43668,48.328899
kepler:10938188,298.93707,48.334278
kepler:10960823,283.17657,48.476898
kepler:10960920,283.26657,48.49131
kepler:10966172,286.75601,48.41293
kepler:10969515,288.72733,48.444962
kepler:10971633,289.77087,48.4646
kepler:10973465,290.73941,48.463009
kepler:10975146,291.59409,48.44561
kepler:10975238,291.63892,48.425919
kepler:10976930,292.47638,48.410519
kepler:10977458,292.71185,48.483261
kepler:10982977,295.16418,48.447361
kepler:10983326,295.30527,48.409409
kepler:10983528,295.39816,48.469749
kepler:10987364,296.79996,48.420219
kepler:10988545,297.22473,48.405159
kepler:10989281,297.48242,48.42548
kepler:10990728,298.04111,48.459438
kepler:10991155,298.20511,48.48439
kepler:10991555,298.35773,48.466331
kepler:10992714,298.80045,48.42981
kepler:11014396,282.82327,48.510231
kepler:11017401,284.97415,48.55471
kepler:11017466,285.00977,48.551849
kepler:11017553,285.05777,48.519691
kepler:11017875,285.2554,48.53204
kepler:11018441,285.57947,48.58474
kepler:11020028,286.60733,48.548191
kepler:11020468,286.89063,48.547119
kepler:11021136,287.28848,48.530796
kepler:11025770,289.82104,48.518749
kepler:11026966,290.4668,48.565701
kepler:11027590,290.8331,48.533371
kepler:11027877,290.98053,48.594139
kepler:11029626,291.82126,48.553001
kepler:11029810,291.91638,48.55674
kepler:11029842,291.93527,48.550381
kepler:11031319,292.66348,48.508579
kepler:11031728,292.85037,48.531422
kepler:11031746,292.85834,48.51886
kepler:11031912,292.94995,48.529011
kepler:11032573,293.24231,48.562038
kepler:11033205,293.53806,48.519379
kepler:11033504,293.67484,48.511349
kepler:11036245,294.83289,48.5602
kepler:11036972,295.1337,48.577751
kepler:11037498,295.35129,48.556938
kepler:11042875,297.27911,48.541149
kepler:11047115,298.85855,48.525188
kepler:11068661,282.57291,48.628681
kepler:11069034,282.82928,48.633179
kepler:11069655,283.28751,48.679131
kepler:11071218,284.42557,48.628761
kepler:11073492,285.86459,48.61866
kepler:11073910,286.11569,48.615311
kepler:11075480,287.16678,48.68885
kepler:11080481,289.8988,48.61655
kepler:11080489,289.90149,48.61729
kepler:11081377,290.38846,48.614399
kepler:11083876,291.74155,48.624191
kepler:11084474,292.04919,48.680721
kepler:11085850,292.72531,48.647179
kepler:11086548,293.07169,48.606499
kepler:11087095,293.33432,48.692829
kepler:11087527,293.5498,48.684731
kepler:11087914,293.71851,48.61396
kepler:11091052,295.07932,48.678631
kepler:11091336,295.21255,48.667889
kepler:11091597,295.3284,48.661591
kepler:11092783,295.83051,48.602261
kepler:11093193,295.98413,48.664944
kepler:11099809,298.44138,48.63813
kepler:11100630,298.7482,48.64032
kepler:11122751,283.10974,48.760769
kepler:11124203,284.19641,48.767979
kepler:11126693,285.8501,48.793282
kepler:11127903,286.64151,48.72543
kepler:11128748,287.24777,48.78825
kepler:11129171,287.48151,48.789452
kepler:11129752,287.86343,48.785889
kepler:11133900,289.93573,48.75317
kepler:11134994,290.50681,48.782009
kepler:11135986,291.0462,48.788921
kepler:11136848,291.50089,48.77393
kepler:11136970,291.57465,48.76263
kepler:11137395,291.7905,48.796581
kepler:11137723,291.9437,48.721458
kepler:11137770,291.96301,48.771412
kepler:11137995,292.08615,48.734951
kepler:11140181,293.20261,48.78717
kepler:11141026,293.62463,48.74165
kepler:11141029,293.62689,48.74345
kepler:11141091,293.65805,48.701649
kepler:11141200,293.70477,48.709011
kepler:11143395,294.61722,48.786774
kepler:11145556,295.54205,48.738411
kepler:11145819,295.63708,48.702412
kepler:11146520,295.8685,48.781342
kepler:11147271,296.14084,48.730492
kepler:11152786,298.17105,48.712101
kepler:11180402,286.03445,48.85434
kepler:11186618,289.74377,48.890079
kepler:11186775,289.81711,48.875759
kepler:11186837,289.85214,48.812439
kepler:11187057,289.96179,48.810181
kepler:11189959,291.61823,48.8708
kepler:11190713,291.99832,48.817581
kepler:11190969,292.13971,48.874352
kepler:11190988,292.15103,48.895271
kepler:11192887,293.10629,48.867088
kepler:11193279,293.29364,48.892391
kepler:11193511,293.41833,48.830151
kepler:11196403,294.69919,48.858559
kepler:11196417,294.70544,48.85844
kepler:11197517,295.20792,48.87331
kepler:11197900,295.3588,48.892891
kepler:11198419,295.57629,48.897861
kepler:11198648,295.66873,48.830372
kepler:11198853,295.7504,48.874683
kepler:11200366,296.33664,48.88435
kepler:11205182,298.12036,48.873875
kepler:11230520,283.96072,48.933723
kepler:11232205,285.14932,48.92757
kepler:11234909,286.76392,48.980309
kepler:11234992,286.82019,48.92701
kepler:11235754,287.31247,48.943352
kepler:11235995,287.48364,48.94828
kepler:11241109,290.19211,48.948921
kepler:11241285,290.28986,48.96756
kepler:11241343,290.32028,48.922298
kepler:11242646,291.05795,48.910881
kepler:11242724,291.09537,48.955681
kepler:11243149,291.33102,48.965691
kepler:11243947,291.73825,48.991169
kepler:11244150,291.85202,48.953129
kepler:11244980,292.27621,48.969521
kepler:11245425,292.50931,48.98595
kepler:11246246,292.91675,48.962299
kepler:11251134,295.09045,48.942039
kepler:11251458,295.22757,48.93132
kepler:11253983,296.18741,48.952919
kepler:11254062,296.21225,48.95359
kepler:11283805,283.87387,49.04446
kepler:11284185,284.1441,49.035999
kepler:11284655,284.48575,49.04475
kepler:11285287,284.97107,49.066132
kepler:11288756,287.21332,49.098595
kepler:11293949,290.18423,49.077484
kepler:11294618,290.57614,49.017769
kepler:11294822,290.6962,49.066078
kepler:11295112,290.86829,49.013062
kepler:11296561,291.62906,49.03019
kepler:11299616,293.18872,49.010059
kepler:11299675,293.21729,49.067711
kepler:11303472,294.91757,49.081821
kepler:11303492,294.9281,49.022659
kepler:11308578,296.87677,49.071159
kepler:11340623,286.36707,49.12986
kepler:11342189,287.44186,49.164028
kepler:11342763,287.80585,49.19585
kepler:11342883,287.85913,49.121189
kepler:11343461,288.18323,49.13102
kepler:11347722,290.37637,49.132469
kepler:11349556,291.40561,49.115452
kepler:11350063,291.66064,49.137772
kepler:11350152,291.71414,49.146778
kepler:11350350,291.81631,49.192791
kepler:11356952,294.9838,49.168526
kepler:11360575,296.46588,49.192322
kepler:11390058,284.19113,49.29158
kepler:11391371,285.12112,49.286201
kepler:11393217,286.2785,49.244461
kepler:11393439,286.42905,49.296471
kepler:11393569,286.51276,49.240311
kepler:11395206,287.60352,49.204521
kepler:11395310,287.67419,49.288132
kepler:11397726,289.07529,49.259892
kepler:11401109,290.90231,49.27985
kepler:11402079,291.41885,49.272469
kepler:11403440,292.13837,49.254379
kepler:11407895,294.32083,49.236431
kepler:11408490,294.58368,49.2323
kepler:11408748,294.69717,49.277401
kepler:11413690,296.71051,49.293522
kepler:11414507,297.01334,49.244301
kepler:11416086,297.61542,49.237411
kepler:11441482,283.49817,49.355869
kepler:11441539,283.56293,49.32328
kepler:11442444,284.16043,49.39069
kepler:11443530,284.93896,49.32077
kepler:11444434,285.5043,49.339161
kepler:11444615,285.62051,49.325489
kepler:11446073,286.53662,49.36628
kepler:11446076,286.53781,49.321739
kepler:11446130,286.57156,49.355019
kepler:11447564,287.55832,49.367039
kepler:11453264,290.76233,49.335041
kepler:11454268,291.33221,49.358021
kepler:11454563,291.5032,49.315632
kepler:11454700,291.58298,49.344749
kepler:11455711,292.13971,49.349522
kepler:11457038,292.84518,49.382481
kepler:11457191,292.92563,49.34734
kepler:11460517,294.491,49.363491
kepler:11461764,295.03339,49.384445
kepler:11462675,295.44357,49.36784
kepler:11462734,295.47278,49.32357
kepler:11465545,296.58585,49.388828
kepler:11465987,296.76273,49.36684
kepler:11466610,297.01306,49.35397
kepler:11466671,297.03824,49.303928
kepler:11468094,297.56918,49.323929
kepler:11469178,298.01202,49.362041
kepler:11493667,283.67834,49.453121
kepler:11494048,283.97171,49.41238
kepler:11495571,285.07797,49.486271
kepler:11495989,285.37671,49.461712
kepler:11497204,286.08289,49.401321
kepler:11498106,286.65356,49.46788
kepler:11498907,287.18832,49.453972
kepler:11502240,289.09552,49.41296
kepler:11507705,292.05331,49.454491
kepler:11512270,294.23587,49.408852
kepler:11515276,295.56732,49.468609
kepler:11515713,295.7392,49.491692
kepler:11516930,296.20621,49.47205
kepler:11517505,296.42438,49.445911
kepler:11519241,297.07767,49.48621
kepler:11520290,297.46765,49.408791
kepler:11521137,297.80334,49.418121
kepler:11521274,297.86111,49.414661
kepler:11546965,284.30942,49.590984
kepler:11550428,286.6937,49.521172
kepler:11551404,287.39877,49.510071
kepler:11551430,287.41849,49.501389
kepler:11551692,287.60559,49.523258
kepler:11555361,289.69272,49.58802
kepler:11555805,289.89923,49.58984
kepler:11558343,291.41891,49.596844
kepler:11558593,291.56564,49.592781
kepler:11560431,292.56583,49.535721
kepler:11560963,292.84308,49.514832
kepler:11564957,294.71988,49.595341
kepler:11565170,294.80969,49.522614
kepler:11569291,296.53891,49.55497
kepler:11597669,283.85638,49.631149
kepler:11598201,284.2424,49.61657
kepler:11599385,285.08954,49.626961
kepler:11600348,285.72537,49.661549
kepler:11600907,286.04758,49.613281
kepler:11602951,287.42743,49.641209
kepler:11603214,287.59415,49.623775
kepler:11610797,291.90302,49.670681
kepler:11612371,292.73651,49.69294
kepler:11615035,294.05981,49.61898
kepler:11617030,294.94107,49.611721
kepler:11617681,295.2092,49.669521
kepler:11617683,295.21014,49.668571
kepler:11619189,295.80197,49.627029
kepler:11620425,296.26923,49.61198
kepler:11620956,296.46494,49.634319
kepler:11622383,297.00229,49.658661
kepler:11624538,297.86975,49.616619
kepler:11649990,284.58725,49.799141
kepler:11651130,285.34573,49.728127
kepler:11652015,285.90674,49.727039
kepler:11653122,286.6105,49.79567
kepler:11653558,286.9368,49.786461
kepler:11655859,288.46411,49.705078
kepler:11656007,288.53833,49.751869
kepler:11658610,290.00034,49.723789
kepler:11658854,290.13092,49.704479
kepler:11658934,290.17682,49.731441
kepler:11662738,292.39053,49.755089
kepler:11663521,292.79956,49.70998
kepler:11665627,293.88165,49.76865
kepler:11666309,294.20468,49.735241
kepler:11666355,294.22644,49.785221
kepler:11668891,295.41138,49.748131
kepler:11670299,296.00027,49.736149
kepler:11672056,296.70416,49.738941
kepler:11674884,297.81726,49.761139
kepler:11700255,284.33093,49.826832
kepler:11700925,284.8342,49.891609
kepler:11702078,285.5799,49.881489
kepler:11702167,285.63559,49.822739
kepler:11702835,286.07187,49.833988
kepler:11703456,286.50613,49.829472
kepler:11706758,288.56534,49.84317
kepler:11708843,289.65607,49.858341
kepler:11709022,289.73761,49.858589
kepler:11709752,290.11087,49.84726
kepler:11709925,290.21082,49.86874
kepler:11710163,290.34012,49.89769
kepler:11713135,292.05914,49.81834
kepler:11713701,292.3652,49.83326
kepler:11713799,292.42648,49.817032
kepler:11717648,294.31116,49.838242
kepler:11721400,295.90771,49.811321
kepler:11752690,285.44287,49.965641
kepler:11753121,285.73645,49.945999
kepler:11753667,286.09821,49.920589
kepler:11753761,286.16293,49.963428
kepler:11753767,286.16528,49.964722
kepler:11754232,286.49136,49.942646
kepler:11757490,288.63568,49.961182
kepler:11757861,288.84216,49.9548
kepler:11758270,289.07813,49.952461
kepler:11758356,289.12766,49.908642
kepler:11758370,289.13477,49.923458
kepler:11759326,289.6709,49.901428
kepler:11759838,289.94702,49.991501
kepler:11760021,290.04077,49.904678
kepler:11760462,290.28842,49.924561
kepler:11764055,292.37531,49.938278
kepler:11764567,292.64014,49.934639
kepler:11766769,293.76288,49.984131
kepler:11768443,294.50504,49.954269
kepler:11768509,294.534,49.947929
kepler:11769861,295.16943,49.966492
kepler:11769972,295.21609,49.959309
kepler:11770267,295.34021,49.998791
kepler:11772101,296.1297,49.992161
kepler:11773567,296.71716,49.967491
kepler:11774350,297.03482,49.948181
kepler:11803937,285.91968,50.046108
kepler:11804076,286.00079,50.014778
kepler:11805415,286.89316,50.009369
kepler:11805605,287.02322,50.076889
kepler:11807397,288.16177,50.089531
kepler:11807924,288.4469,50.02137
kepler:11808734,288.86856,50.027069
kepler:11809346,289.23114,50.079811
kepler:11811856,290.65976,50.066021
kepler:11812306,290.93893,50.056808
kepler:11817493,293.7103,50.01342
kepler:11818232,294.05191,50.022701
kepler:11818740,294.29111,50.078232
kepler:11818800,294.31686,50.080231
kepler:11819949,294.80252,50.0947
kepler:11820505,295.06067,50.072281
kepler:11820708,295.15366,50.0578
kepler:11822156,295.78293,50.073101
kepler:11825619,297.19415,50.033653
kepler:11854061,285.73474,50.124962
kepler:11854431,285.97711,50.157269
kepler:11854593,286.07376,50.137669
kepler:11855334,286.54065,50.183079
kepler:11855853,286.92856,50.181931
kepler:11856076,287.08426,50.18047
kepler:11859900,289.42868,50.154888
kepler:11861817,290.5563,50.181862
kepler:11862469,290.96021,50.18576
kepler:11862915,291.2388,50.180389
kepler:11869252,294.47833,50.18668
kepler:11869690,294.66971,50.12719
kepler:11869953,294.79398,50.145329
kepler:11870769,295.18604,50.13303
kepler:11870977,295.29651,50.167782
kepler:11871874,295.66263,50.14518
kepler:11872364,295.86533,50.13348
kepler:11873091,296.15967,50.142551
kepler:11873179,296.20105,50.16111
kepler:11875719,297.26416,50.19289
kepler:11876220,297.45694,50.181999
kepler:11876227,297.45862,50.18317
kepler:11903742,285.43484,50.298538
kepler:11912947,290.98276,50.261559
kepler:11918321,293.94815,50.268326
kepler:11918550,294.06,50.219742
kepler:11919337,294.45691,50.2663
kepler:11922067,295.71213,50.254681
kepler:11922402,295.85559,50.287991
kepler:11924179,296.61682,50.224072
kepler:11924842,296.85037,50.226582
kepler:11925804,297.23822,50.256733
kepler:11954511,286.22021,50.329483
kepler:11954701,286.3497,50.318031
kepler:11955208,286.68127,50.33577
kepler:11955364,286.78018,50.318169
kepler:11957046,287.91977,50.311749
kepler:11957647,288.27237,50.348881
kepler:11958953,289.02661,50.357269
kepler:11958955,289.02682,50.355438
kepler:11958998,289.06198,50.39101
kepler:11961075,290.21201,50.305389
kepler:11961324,290.37164,50.321522
kepler:11962994,291.4202,50.376621
kepler:11966033,293.19919,50.325451
kepler:11967491,293.90115,50.390282
kepler:11968008,294.1293,50.34309
kepler:11969772,294.94604,50.353111
kepler:11970692,295.40524,50.338879
kepler:11972298,296.09698,50.370121
kepler:11973064,296.42886,50.34491
kepler:11973944,296.77618,50.368679
kepler:12003808,285.83008,50.48304
kepler:12004872,286.56281,50.489498
kepler:12004886,286.57108,50.492771
kepler:12004971,286.62854,50.471272
kepler:12006416,287.69849,50.49762
kepler:12006586,287.80835,50.434978
kepler:12007544,288.3219,50.489529
kepler:12009347,289.34863,50.482861
kepler:12009584,289.4863,50.403099
kepler:12009642,289.51868,50.421501
kepler:12010004,289.73309,50.457191
kepler:12010836,290.20193,50.433239
kepler:12012610,291.3111,50.497478
kepler:12018798,294.68546,50.44648
kepler:12018805,294.68805,50.444408
kepler:12022407,296.33191,50.483292
kepler:12023817,296.89374,50.43961
kepler:12053270,286.28824,50.594372
kepler:12058874,289.79468,50.599838
kepler:12060564,290.78271,50.59903
kepler:12060710,290.87823,50.593071
kepler:12061183,291.20303,50.584541
kepler:12061741,291.53937,50.57328
kepler:12067121,294.35641,50.51572
kepler:12067599,294.58838,50.596062
kepler:12071053,296.12872,50.539219
kepler:12071188,296.18909,50.527241
kepler:12071873,296.44888,50.583199
kepler:12072637,296.77078,50.50386
kepler:12102573,286.24792,50.618431
kepler:12102631,286.29297,50.698002
kepler:12104166,287.44522,50.665249
kepler:12105694,288.4361,50.679482
kepler:12105867,288.53952,50.649158
kepler:12108566,290.09799,50.621159
kepler:12109430,290.64523,50.638935
kepler:12109550,290.72717,50.605659
kepler:12109630,290.78381,50.62532
kepler:12111327,291.84601,50.611111
kepler:12117672,295.14789,50.668648
kepler:12117857,295.24741,50.61079
kepler:12119534,295.97495,50.624611
kepler:12120606,296.4249,50.657909
kepler:12120933,296.56635,50.638569
kepler:12120938,296.56735,50.636292
kepler:12156321,289.72733,50.735031
kepler:12156549,289.82855,50.734409
kepler:12157366,290.28384,50.712818
kepler:12157799,290.56088,50.74165
kepler:12158722,291.13596,50.76997
kepler:12164475,294.25583,50.758411
kepler:12164740,294.37881,50.739941
kepler:12166457,295.20621,50.77972
kepler:12166755,295.35385,50.783619
kepler:12168669,296.13815,50.765171
kepler:12169787,296.59592,50.723942
kepler:12169825,296.61465,50.705212
kepler:12203082,288.21301,50.800171
kepler:12203445,288.41791,50.816151
kepler:12203662,288.54895,50.87825
kepler:12207117,290.55728,50.832722
kepler:12207432,290.77036,50.80117
kepler:12215319,295.11957,50.852852
kepler:12215988,295.43054,50.80328
kepler:12217866,296.25415,50.846199
kepler:12217876,296.25723,50.836632
kepler:12218742,296.63589,50.845772
kepler:12253350,288.56262,50.935802
kepler:12254110,289.02365,50.941238
kepler:12254596,289.31006,50.94519
kepler:12254821,289.44397,50.929089
kepler:12255217,289.66742,50.958271
kepler:12258055,291.33044,50.95771
kepler:12258225,291.42474,50.94495
kepler:12266582,295.77954,50.985371
kepler:12302530,288.49582,51.08194
kepler:12302994,288.78879,51.020531
kepler:12303977,289.39832,51.070202
kepler:12304013,289.41779,51.0047
kepler:12305237,290.12186,51.017929
kepler:12305488,290.25226,51.02512
kepler:12307229,291.3779,51.050812
kepler:12307384,291.48593,51.083401
kepler:12307574,291.60278,51.006969
kepler:12314646,295.34308,51.074261
kepler:12315148,295.56155,51.075821
kepler:12315267,295.61935,51.033401
kepler:12351546,288.29004,51.180038
kepler:12353501,289.45096,51.174389
kepler:12354328,289.9267,51.198952
kepler:12355626,290.62549,51.198139
kepler:12356051,290.83957,51.118141
kepler:12356489,291.11465,51.11013
kepler:12365015,295.33847,51.105068
kepler:12365719,295.66254,51.143219
kepler:12366647,296.07037,51.19989
kepler:12400506,287.2655,51.210609
kepler:12401269,287.79596,51.242142
kepler:12401644,288.02774,51.230701
kepler:12403318,288.98407,51.213772
kepler:12404396,289.57507,51.24575
kepler:12405531,290.20163,51.277721
kepler:12406908,290.93744,51.269932
kepler:12419165,296.58267,51.2635
kepler:12453480,287.46112,51.352249
kepler:12453622,287.5488,51.34589
kepler:12453624,287.54919,51.347679
kepler:12456337,289.16052,51.361259
kepler:12456781,289.40948,51.309319
kepler:12505054,288.28714,51.4617
kepler:12506640,289.20996,51.406052
kepler:12506810,289.31042,51.45821
kepler:12509088,290.61569,51.440731
kepler:12555642,289.83871,51.512127
kepler:12555688,289.86484,51.589291
kepler:12557553,290.96906,51.54372
kepler:12599416,288.71884,51.686771
kepler:12599435,288.72885,51.663219
kepler:12599532,288.79022,51.676109
kepler:12599998,289.04703,51.682579
kepler:12600088,289.10434,51.6549
kepler:12601939,290.19754,51.653851
kepler:12602096,290.28284,51.60421
kepler:12644136,288.68451,51.785332
kepler:12646841,290.30441,51.717361
kepler:12646843,290.30505,51.717884
kepler:12688403,288.50598,51.819321
kepler:12689160,288.93573,51.806492
kepler:12689656,289.25717,51.81242
kepler:12689927,289.41183,51.828522
kepler:12690208,289.55154,51.848118
kepler:12735599,289.66769,51.987492
kepler:12736892,290.40497,51.95826
kepler:12783364,289.35818,52.094551
kepler:12784183,289.84735,52.075161
kepler:12785016,290.31137,52.064911
kepler:12835007,290.31418,52.178558
kepler:12835232,290.4357,52.178059
tess:64267,220.90532465632,-26.57669577782
tess:121624,222.61665610995,-26.52226960156
tess:137648,222.98078224443,-24.58157067957
tess:148696,223.43991018136,-26.36936205114
tess:590381,71.64511938453,-25.88757643018
tess:607143,72.04560040156,-28.81129950504
tess:607316,72.044680171,-29.35258510114
tess:607907,72.11868895871,-28.41929497343
tess:626744,72.94202830447,-25.0548724927
tess:663252,73.11648530249,-25.6728600353
tess:663652,73.04129061924,-27.0641500909
tess:665048,73.22159768172,-27.67848695594
tess:665581,73.28569975008,-25.8441661997
tess:666568,73.30767134931,-25.47680322922
tess:675056,73.68908096093,-29.01866578474
tess:711946,74.24844009802,-28.06351795718
tess:737327,74.3701790246,-29.16289547738
tess:1045151,34.38732941897,-9.13481292625
tess:1045390,34.43346725356,-7.70005030101
tess:1046434,34.521017144,-10.36361608027
tess:1112837,36.10917185329,-6.90738571229
tess:1117953,36.48964255754,-6.97590990675
tess:1119096,36.52757155105,-10.37876572855
tess:1119704,36.57799391385,-7.0398447897
tess:1124146,36.8804337378,-7.04532773786
tess:1127571,36.98108482589,-10.46171141828
tess:1128548,37.0887252348,-7.64650324414
tess:1129033,37.15511492875,-7.06066074697
tess:1145487,135.83167979502,-16.17640458991
tess:1149120,37.35301802257,-9.90092797198
tess:1192946,136.08622540525,-15.91424946963
tess:1220444,71.52739097442,-30.62329553094
tess:1252821,72.49454751899,-30.59346399738
tess:1258935,137.57990284502,-15.06211230218
tess:1356687,73.7761749975,-31.16759573257
tess:1357036,73.79748735126,-30.01465440284
tess:1525993,75.51498145167,-33.70811880536
tess:1536984,131.09400977204,-1.59196754813
tess:1598010,131.11825372603,-3.45446819336
tess:1643748,131.46280436515,-4.24934093212
tess:1681286,155.68098087576,-3.95301055088
tess:1728144,195.84824917488,-17.77787074922
tess:1851563,288.02690472867,-28.48515388328
tess:2028246,288.13710906229,-28.76703792817
tess:2372579,288.91704588671,-28.68922702114
tess:2526245,289.09153464191,-28.44741589482
tess:2595273,80.13469525231,33.52611190278
tess:2670610,289.37685036999,-29.04927212398
tess:2760232,356.3803,-16.1722
tess:2761472,356.58008617792,-11.94535865316
tess:3813968,170.18312561762,22.87472385832
tess:3926262,245.3008090786,-40.50572198482
tess:3941126,151.79266802229,29.45630983314
tess:4715186,39.02471483793,-10.9653901888
tess:4742521,39.73641823422,-8.38547986337
tess:4844726,147.25766427753,35.72389660324
tess:5634829,32.11394992426,28.97414988308
tess:5640393,346.5128974732,-15.9376689066
tess:5642506,346.6869544084,-17.79052350972
tess:5656273,347.08146290964,-15.40993562281
tess:5676537,347.16750967482,-16.3832639401
tess:5725904,347.96558655429,-12.32376000007
tess:5727213,347.9908,-17.033
tess:5796048,348.93248894132,-12.36364627115
tess:5796211,348.94123506396,-13.10696916562
tess:5870394,187.72224033878,-19.81798175774
tess:5877383,187.88647528624,-18.46606445648
tess:5914009,193.2726559436,-18.7751463627
tess:6274566,112.45072055694,-11.39401470322
tess:6526912,284.16362186013,-51.05798670872
tess:7151484,5.40526163366,-46.09260616316
tess:7242783,32.68794677333,-47.56580684412
tess:7491381,82.2140397853,-46.4720421951
tess:7585952,63.58851467966,-40.66199275075
tess:7586485,63.59404745608,-38.31710350075
tess:7723873,66.34012663584,-40.4405089642
tess:7802700,275.1821993306,47.08644714044
tess:7808746,67.64847289329,-40.67619268278
tess:8001484,157.5013606668,-2.86997597853
tess:8200343,156.96445610933,39.90124521329
tess:8504111,235.65293679398,-30.49331591005
tess:8504121,235.65013287891,-30.50132384126
tess:8962122,354.41365044327,-11.15192005888
tess:8991030,354.93087767608,-8.876249094
tess:9003103,355.34928585393,-8.62979033764
tess:9054318,356.2150112399,-9.07601088201
tess:9058943,222.24542530172,35.68983263822
tess:9066639,222.61006912232,30.97575374075
tess:9072094,350.40460747603,-22.76164221337
tess:9099520,356.98799689613,-11.16970168433
tess:9102812,350.73980088932,-21.53541999107
tess:9210746,352.5559935249,-20.39095792305
tess:9361438,150.60349417438,36.07384448355
tess:9664841,357.44633728872,-11.59340245752
tess:9708387,358.04266098873,-11.720700464
tess:9729491,260.15279624988,34.12412686375
tess:9732196,260.29841048847,32.53602178875
tess:10202502,186.34113989452,39.23197659753
tess:10357422,267.44603164121,33.84976772509
tess:10747750,212.36644439358,49.12458891581
tess:10784824,15.49471456624,-17.04202899825
tess:10802452,20.13445027481,-11.46770230859
tess:11046349,56.1084168923,-1.39214229779
tess:11047929,56.22306822099,-4.95461473687
tess:11283509,84.55328652487,-5.61305453306
tess:11487944,17.73815294333,-24.11620150313
tess:11487972,17.86100661277,-23.90283953658
tess:11517988,18.06169937767,-24.30243479124
tess:11518057,18.11752094419,-24.00359788414
tess:11642505,100.06924360481,54.81505651211
tess:11892780,177.67801169756,53.47467742657
tess:11961096,91.14084411022,-3.19766642581
tess:12359032,0.44362572811,-29.77743387448
tess:12359079,0.83589158133,-29.82298766139
tess:12377787,0.97521663104,-29.65315271985
tess:12393800,1.32665838664,-29.50156557487
tess:12418191,1.84228337533,-29.64020626924
tess:12421477,2.36311933666,-25.01146925976
tess:12423835,2.59991309422,-26.38934990446
tess:12471629,3.467699405,-25.55831892266
tess:12474920,3.96769778656,-28.13047024825
tess:12509218,3.90297174136,-29.76681753085
tess:12631988,53.0994388688,-8.60371666574
tess:12655409,336.01303760685,-17.7402338821
tess:12931952,345.34947240918,-26.82969823589
tess:12996375,346.63371959072,-26.5898300389
tess:13060575,347.56560105299,-25.93130674322
tess:13061351,75.51994780326,-25.47327735097
tess:13063889,75.64619478822,-25.63545398027
tess:13066796,347.78166955674,-25.14573174977
tess:13072980,76.04954729617,-29.74459818413
tess:13074670,348.33611215073,-28.40071548156
tess:13096324,76.45607112201,-28.63565224627
tess:13253801,77.70138084268,-25.39513478387
tess:13346323,78.78480896815,-25.57354532641
tess:13821163,134.21332546856,-5.9321518438
tess:13918328,13.0699608662,27.98360855321
tess:13955147,75.21611352759,-41.01853398016
tess:13958372,75.45949954505,-40.30639528487
tess:14172053,103.77557764639,54.39442409182
tess:14342052,163.36175978016,-3.99104619141
tess:14456864,199.13552806502,31.53305321214
tess:14772302,113.84929776298,14.92906552739
tess:14850843,114.26338744716,15.03592143558
tess:15444490,185.31866264512,-53.29582407183
tess:15525212,185.48191299824,-49.77012227281
tess:15862486,100.52900001025,38.68936687813
tess:16139482,114.84665962429,13.75216384088
tess:16146114,136.28647994462,40.30328537933
tess:16146712,136.56664600595,41.12326645046
tess:16225464,115.23505086658,15.15976755692
tess:16331062,232.38607050887,33.88209849479
tess:16488877,116.9154614923,14.7955611137
tess:16493058,326.40572657666,27.18640714768
tess:16878833,232.70069310279,31.61657256393
tess:17201662,145.6784098379,40.29190924259
tess:17206368,146.4317446208,41.07147081103
tess:17331239,240.92845199962,34.01297444277
tess:17509396,264.52538921261,-44.05877301014
tess:17542164,243.67022321351,33.85861281154
tess:17542166,243.6682821401,33.85752730623
tess:18112867,21.24150395659,25.95067701077
tess:18181738,264.32997195965,31.19072094547
tess:18251910,23.329276062,23.97556970954
tess:18277396,23.41438117706,29.97886196868
tess:18781339,124.85093816971,39.86383798956
tess:18907397,180.47999220835,40.75805257265
tess:18914916,118.92316954716,13.80591498862
tess:18999145,119.44070250505,12.53447591543
tess:19012692,123.23210791117,-9.72368080169
tess:19025611,119.60879772281,13.52417480904
tess:19193730,123.7821872175,-6.9189131514
tess:19751568,140.18572519118,-35.77434924742
tess:20066082,137.20744762322,-10.75750707496
tess:20096356,89.46164874217,-38.06753771688
tess:20145422,89.80579980649,-38.71053142457
tess:20239565,227.79220750465,38.9508974744
tess:20413838,167.86132042106,-29.30289836907
tess:20540964,200.63468576834,-22.95279573987
tess:20542817,200.76234435308,-18.87502974517
tess:20581089,201.30354040266,-21.63381863334
tess:20601206,284.25681276523,32.9013113744
tess:20891744,1.206296678,-21.6983886362
tess:20892891,1.37118984467,-20.77024735939
tess:21020116,272.98534062348,51.17301787071
tess:21020128,272.99364354544,51.1692529238
tess:21168851,186.98537856893,-52.18330329671
tess:21434829,85.09924280933,-38.57921407794
tess:21499327,148.76533566894,36.06372046865
tess:21499609,148.94026513009,37.1950986695
tess:21540586,86.31766487235,-38.61366524819
tess:21621432,86.8662489835,-36.68971833135
tess:21649667,87.47862667714,-37.40793061601
tess:21818238,146.73201080676,-29.30454326528
tess:21827610,181.63721153393,-42.79746172608
tess:21902942,257.66807924511,32.06402987876
tess:22008700,195.64702841175,36.64751210598
tess:22016736,147.92611557293,-28.04991991751
tess:22120766,148.488174343,-24.14695850538
tess:22139314,183.2244919888,-44.47111831756
tess:22237733,149.2842686772,-26.25625102003
tess:22388285,184.19850604057,-47.74244283635
tess:22390773,184.17897310919,-45.86747379267
tess:22630215,28.08708877164,32.70280537029
tess:22766107,108.64331015303,-39.62784248697
tess:22820224,204.20279473792,36.23829137731
tess:22864020,108.82224128984,-36.20826820557
tess:22947423,206.0845684904,38.79773555829
tess:22964513,235.35734726372,-29.17834590156
tess:23011091,235.38381845978,-26.06619428857
tess:23189015,166.63689557999,-35.2560772658
tess:23193695,47.26528408157,-7.06546454166
tess:23254691,235.98650181475,-29.14436207193
tess:23350574,167.60385192814,-34.58682291832
tess:23562559,237.01218424746,-29.14361076235
tess:23739034,207.8284447514,39.98111593688
tess:23740120,208.09716836654,37.95362897512
tess:23753424,208.57853306041,40.76176455062
tess:23770806,209.25578875228,36.47532879778
tess:23815160,210.0248053742,36.37306053762
tess:23837280,210.44405840218,36.72496705605
tess:23851652,211.0473367531,37.3692938656
tess:23956374,237.97664253718,-26.36819183571
tess:24265675,318.35235336924,-22.53192053822
tess:24292848,318.63685070409,-22.87809894896
tess:24297713,78.90217276785,-9.51426894164
tess:24349082,79.34502244776,-6.79706493742
tess:24399433,81.62556809498,-30.48027322518
tess:24451239,82.35042355773,-34.515420353
tess:24533586,83.32737609868,-30.55751435514
tess:24535497,83.46111700678,-34.57079557476
tess:24585771,83.50932489198,-31.97881962097
tess:24695017,35.02311827535,-72.82975410516
tess:24773916,81.65415818636,-8.15952855538
tess:24795245,350.19332482352,48.7927236311
tess:25078924,60.93091077115,-65.97288381509
tess:25080437,60.82072616974,-70.76151216627
tess:25081629,61.18576930242,-68.90553345192
tess:25117242,61.63843630827,-69.27022388282
tess:25118639,61.72861434509,-69.66917014126
tess:25118964,61.932250776,-68.41977779902
tess:25131805,62.21017588251,-66.88070883409
tess:25132694,61.98438304672,-70.22556397183
tess:25132893,62.04028808193,-70.98082914055
tess:25132999,62.0295796819,-71.4502371262
tess:25134376,62.4968009422,-67.32784012843
tess:25153109,63.01692231919,-70.3889870159
tess:25153167,63.07510636577,-70.1663066074
tess:25154154,62.93386010649,-66.75836939901
tess:25154399,63.41635970417,-66.04942400508
tess:25154685,63.35429248622,-67.01203077726
tess:25155713,63.32033825407,-70.55552716417
tess:25200252,326.68967675627,-21.29637482417
tess:25228598,327.04433276029,-20.22326724763
tess:25243422,327.22097361825,-19.79085246482
tess:25353710,328.34238939632,-20.12486602036
tess:25372748,328.73829983855,-21.5869364419
tess:25374751,328.75929158795,-20.24081656645
tess:25453400,144.26319175505,-31.88981954825
tess:25594178,276.2106985958,-34.19057958182
tess:25670484,144.99549600146,-31.88191698717
tess:25907110,146.08523580902,-30.9636651877
tess:25950248,145.97807754674,-31.45292963328
tess:26006377,353.18949018522,50.29571485399
tess:26076428,151.27436142911,-10.01180114787
tess:26163031,152.11073699238,-11.11520662405
tess:26621058,57.71343362153,32.68002543864
tess:26798558,355.60056686562,49.92281671369
tess:26991653,356.22997232568,48.50821056494
tess:27195710,200.72901094086,13.33589067421
tess:27227173,201.74487080871,15.08189706284
tess:27415413,215.09526184406,38.90765625272
tess:27446021,216.2039243113,41.27510892298
tess:27454012,295.42854073375,51.22698697748
tess:27489711,217.21955992524,40.26440400383
tess:27533327,295.46655492993,50.51752392326
tess:27533341,295.45397471279,50.5250607722
tess:27574291,277.88100192373,32.71494069916
tess:27686143,295.84190608386,50.69528373376
tess:27955268,358.35649137226,-18.74455444909
tess:28051929,12.66661891098,-18.50591552899
tess:28117022,23.7732398092,-22.430651172
tess:28156253,209.83020372956,27.76846018189
tess:28157309,210.01498722314,27.1409700231
tess:28171023,210.22806560715,25.79708283076
tess:28240662,222.50537255759,39.02797068926
tess:28244296,28.17816685764,27.3576160673
tess:28283640,28.50849540382,29.05781295335
tess:28290956,224.05591499385,39.18980884573
tess:28300175,297.91332331834,53.63753517428
tess:28347310,224.87808612925,39.95900920476
tess:28348765,224.95459199844,35.9115840474
tess:28569621,282.50722483979,33.13731830024
tess:28646511,131.44723129844,-47.8082412539
tess:29257288,312.79068830181,-24.97153225636
tess:29392968,313.5772143859,-26.62593910389
tess:29393000,313.61643449287,-26.66514098731
tess:29430569,313.59759614044,-29.79368785377
tess:29477348,314.11309661857,-24.00348221124
tess:29494625,314.29459469162,-27.96777699761
tess:29545491,314.62889277458,-24.82184675797
tess:29547433,314.68131156546,-28.24331486819
tess:29671923,315.48185343482,-28.52272719148
tess:29778605,64.71562277847,-67.21478094571
tess:29779873,64.80602937813,-71.35311065223
tess:29780677,65.05268290432,-70.09952206892
tess:29781591,65.08354430877,-67.19882024875
tess:29828884,66.13754598091,-70.43009246183
tess:29830830,66.4710667603,-66.90009199811
tess:29832209,66.44103657737,-69.9936843924
tess:29837570,316.33210356076,-27.07900709514
tess:29920241,24.28109718981,-15.98702818991
tess:29939923,25.11899933762,-16.10929430752
tess:29941534,41.90443841339,-13.22363426449
tess:30014759,42.82422325062,-12.66892312835
tess:30016911,43.13386743877,-12.76971407131
tess:30073069,196.74631981102,-37.74448687372
tess:30087676,264.86616364435,-45.88638472545
tess:30186108,73.66994259379,-68.18572581468
tess:30505449,285.85112957292,-30.19694767893
tess:30527625,75.00948674778,-68.65502787157
tess:30925799,79.10543847216,-29.25424418858
tess:30926994,79.111899861,-25.45621148151
tess:30946742,79.54094035658,-28.92762160974
tess:30946945,79.47097446259,-29.57537043413
tess:30996578,80.13408586307,-29.86834765655
tess:30997818,80.18181462531,-26.39363054369
tess:31053348,80.43918913252,-25.28312770706
tess:31108599,76.35279737091,-67.04957510091
tess:31176229,81.67846678758,-25.84026829975
tess:31259167,82.10220509148,-28.04042366331
tess:31285395,82.60067126484,-25.0664603905
tess:31285836,82.63536593144,-26.01191287278
tess:31381302,88.36022051423,-71.56383084221
tess:31412215,89.00022981738,-68.06526274414
tess:31505975,88.84966523542,-71.43375332668
tess:31633878,45.48038387996,-71.6549132124
tess:31740375,48.31669470197,-66.40797060489
tess:31743416,48.99573144284,-67.51939503385
tess:31747041,49.49614948794,-66.92685143906
tess:31779649,50.31428771742,-70.76889109527
tess:31780319,50.26631840057,-68.27967075631
tess:31798493,51.05626900362,-69.26162801223
tess:31798732,51.15927907944,-70.21268897276
tess:31810287,136.6508888184,-47.06956601529
tess:31850842,52.15354541931,-66.92016641676
tess:31852565,52.65074387974,-71.71068365948
tess:31858843,289.47929844241,-32.85998749542
tess:31945753,54.77843814414,-69.26527508022
tess:31963132,55.18736595214,-69.86097915111
tess:31999683,55.86483014186,-69.69002806981
tess:32032816,56.25423815774,-68.05038388949
tess:32033880,56.32191235456,-67.11623441639
tess:32036415,56.83102264368,-68.37511365791
tess:32051273,56.9247182981,-71.58741476733
tess:32052779,57.36788060372,-67.46484215385
tess:32068500,57.62522542284,-68.48201383276
tess:32068898,57.68111527292,-69.82474599896
tess:32089522,58.28879976081,-71.67846412426
tess:32090581,58.41287529268,-68.74205680771
tess:32090583,58.42034937831,-68.73945051037
tess:32149424,203.19807038162,-22.1794999148
tess:32150630,59.24415222016,-68.62613401534
tess:32178036,332.03429490235,-24.89020277936
tess:32200787,332.47193123756,-25.22699880501
tess:32200788,332.4576160258,-25.2243833162
tess:32206761,332.62871154275,-24.37208678768
tess:32449963,189.93836967425,-11.64712410981
tess:32450216,190.03225544172,-11.4659120921
tess:32552492,20.97081758141,-14.87742554934
tess:32707063,86.06116304611,-28.19208807613
tess:32832770,86.92990551227,-28.18433662744
tess:32874669,87.27734946549,-27.56544556507
tess:32930236,87.58931543617,-29.25572148451
tess:33006416,88.06661914457,-28.65692073285
tess:33476442,25.89253410879,-29.06307940359
tess:33552799,88.21915990741,-21.38112241498
tess:33591340,28.24026761297,-28.0798434905
tess:33714944,60.39806766001,-72.25518046426
tess:33716474,60.96138507015,-76.02185825282
tess:33837062,63.92573144168,-77.51785263231
tess:33864387,65.41276325205,-72.56556914806
tess:33877402,65.95086012716,-76.71931494429
tess:33878971,66.13994142345,-72.71806672611
tess:33880418,66.46423437009,-74.12068442683
tess:33881250,66.3424325545,-76.50196753194
tess:33949202,357.15023204816,-27.66081349279
tess:34014829,357.96032,-25.626803
tess:34040424,358.8173536081,-27.86156973863
tess:34081389,94.17017720823,-17.81867041787
tess:34086013,59.26656094356,-10.23358640783
tess:34509850,82.80904754667,-9.37517298654
tess:34553671,44.42817563947,23.9623809572
tess:34554521,44.42911400776,26.53445400868
tess:34579372,44.71845404446,26.7740763134
tess:34684991,306.32511002799,-30.76008369507
tess:35009659,164.79871912455,-4.7209225388
tess:35027579,48.72816441161,24.99308491814
tess:35085232,48.86208461944,26.29379064881
tess:36070811,149.50789507649,-46.25087853579
tess:36705476,154.39520082021,-9.75412755971
tess:36733752,154.81784072351,-11.37851224306
tess:36828969,42.09240445211,-11.28673744461
tess:36831287,42.34962622019,-10.78519923143
tess:36959970,225.75513403712,-58.38033615145
tess:37307440,91.89424139746,-25.38266923121
tess:37531624,135.08848702163,-24.07512269191
tess:37877179,94.35619978011,-26.94581590289
tess:38048089,67.96324952113,-6.58351857936
tess:38141956,170.8643128933,-3.69053956719
tess:38378025,8.62422867841,-9.81414755193
tess:38383071,8.82087184227,-9.80090363529
tess:38402467,54.33211498595,-6.07056826638
tess:38402758,54.42289172052,-6.9918994552
tess:38425450,60.61243867101,-61.35698070637
tess:38461453,61.18011374161,-64.80914691629
tess:38462407,61.50817648407,-64.09360797018
tess:38472516,55.2999284004,-8.60584691642
tess:38515801,62.55149949936,-63.85612824402
tess:38517744,62.95580265049,-62.16826437853
tess:38518773,63.19437695571,-60.88833955312
tess:38571268,63.14158288001,-65.08898169558
tess:38585053,63.81052884509,-62.00271261004
tess:38585410,63.87224369791,-60.94162348197
tess:38586438,64.09021068251,-62.01289012164
tess:38586526,64.03331678418,-62.25235854148
tess:38602305,64.41779872697,-63.25541337688
tess:38633243,65.04408461638,-60.25602086389
tess:38633445,65.09475336948,-60.87180840418
tess:38633462,65.05522845234,-60.91876258959
tess:38634757,65.00800099529,-64.79955692821
tess:38634790,65.1298513107,-64.8899258002
tess:38635906,65.26726097176,-63.77063402678
tess:38680132,65.67809827573,-61.63278477533
tess:38681518,65.67619840162,-65.57563317317
tess:38688434,58.03398406311,-6.24409816333
tess:38697111,65.97350225412,-63.29877215393
tess:38697411,66.06357042045,-64.1872850009
tess:38698751,66.3779118533,-63.93001128998
tess:38707949,66.44500629246,-62.26589151515
tess:38759628,67.0237634358,-62.15698162662
tess:38762657,67.35225961016,-61.21875178335
tess:38763180,67.45178055452,-60.04197230288
tess:38815181,68.02270221334,-62.68514631655
tess:38820496,7.19525709607,-67.86240827491
tess:38822853,7.65341255618,-68.9153052868
tess:38824355,67.9752665474,-64.44584355574
tess:38825084,68.2616502054,-65.65392232887
tess:38827910,68.48540845711,-61.48793965555
tess:38842265,68.59663525599,-65.05625903296
tess:38937499,10.30019596377,-68.45787209587
tess:38942330,69.86717241871,-65.54210021934
tess:39082017,13.7068115301,-67.44523607853
tess:40044173,6.18463472231,-8.24351141226
tess:40183989,76.86996461636,-71.13114294495
tess:40670126,77.97765009578,-71.74033021287
tess:40716679,78.4394011151,-67.18525974551
tess:41030783,90.23615237276,-71.93257332521
tess:41112771,90.9364771096,-68.52720853056
tess:41113406,90.93154807247,-68.05234774202
tess:41259321,92.17858091752,-71.61458155443
tess:41361938,92.51776554827,-71.90197964826
tess:41463262,92.99841920656,-68.35126157946
tess:41592615,94.44958708837,-67.0334624365
tess:41595212,94.40858533079,-69.19486949161
tess:41693198,231.55109836551,38.8346484911
tess:41789657,19.39409836427,-40.03770978134
tess:41858253,20.37248559609,-40.97146822235
tess:41862041,20.88673249781,-41.21971087334
tess:41862291,20.96222409711,-39.75255380138
tess:41898474,21.60580987681,-41.46359175792
tess:42705187,286.88494466291,30.25449343287
tess:42812945,287.26291007503,34.59985369148
tess:43136440,201.58577612366,32.0919983278
tess:43172002,211.52278790685,34.8527527605
tess:43213587,214.75801032456,30.19395974318
tess:43373897,10.21673391636,-27.68231342681
tess:43472154,74.70224095722,-8.72770016954
tess:43533777,75.40564426692,-8.37405939706
tess:43613972,75.95648294237,-11.51698446258
tess:43900342,78.10962958538,-10.56429778112
tess:44315162,267.01116611555,17.38134522677
tess:44521997,7.31799350327,32.67802132175
tess:44625549,341.51169136284,-47.20738750318
tess:44648264,59.5892221504,-26.90110043415
tess:44669490,59.85602888197,-27.04102528961
tess:44683626,60.62008517627,-25.76131419796
tess:44737952,60.86228625566,-27.14203140775
tess:44742360,61.40721855154,-24.21101392074
tess:44744399,61.602076098,-26.05123043848
tess:44797824,62.4545120309,-26.02197663592
tess:44799355,62.64439497242,-26.6083986626
tess:44821545,62.99871352246,-25.63000395185
tess:44897584,63.93788540446,-25.57066770072
tess:44898583,64.13631679527,-26.7631054001
tess:45059728,129.79814553465,-58.57445916568
tess:45916807,149.68615742138,-41.63460439439
tess:46271899,82.92490933286,-15.94190952729
tess:46386531,83.53817753934,-15.284218033
tess:46557988,84.68857846347,-13.85905100671
tess:46629080,53.94158265381,26.28325978409
tess:46674348,54.29599272413,25.99109849764
tess:46878591,142.57367037805,-11.15018653765
tess:47142025,144.85925234593,-6.39710332345
tess:47245444,134.71388483934,-7.3188220483
tess:47292365,135.01896281017,-7.09031506832
tess:47337894,340.84602339365,-24.41432373329
tess:47391746,164.910140341,-5.2137295427
tess:47423224,342.01871886604,-24.36881191385
tess:47424649,342.32004619235,-29.75450309327
tess:47424873,342.28504697235,-28.85556367677
tess:47425894,164.94054638826,-5.37001895228
tess:47426782,165.01574602904,-0.62629832816
tess:47428257,165.20172335599,-5.21011633159
tess:47428347,165.22751876618,-4.77854939767
tess:47465993,342.37046853098,-26.13967248949
tess:47495808,165.28503059376,-0.74711354701
tess:47683222,158.92820209078,-29.50904380674
tess:47938273,281.29816557357,48.86610914007
tess:48063032,147.48519917581,-34.1158350445
tess:48063034,147.48360624207,-34.11235146761
tess:48364207,223.55262308987,-34.14775507583
tess:49427341,173.96467930289,-4.7556947837
tess:49558810,36.53815636465,-36.37461808349
tess:49619607,350.48194982012,-10.83434951627
tess:49622317,350.6785629482,-11.69363909134
tess:49678165,351.51679305962,-10.62384177406
tess:49687321,351.83464257168,-11.71015958482
tess:49845628,48.2634827992,0.0538557971
tess:49900280,48.76000832072,-4.54652207102
tess:49906966,49.19135394993,-3.24532613474
tess:49935737,59.40516415754,-4.27108998144
tess:50232454,29.12653433203,-74.95762682647
tess:50273749,29.86909031703,-74.20863346723
tess:50274085,29.90982772765,-73.34379671142
tess:50311775,30.72944812806,-72.98764092054
tess:50313171,31.16998740382,-75.19431676756
tess:50345701,32.34823843816,-76.68765889848
tess:50440826,35.82343502853,-74.30642655068
tess:50472380,36.11528615261,-73.9022796187
tess:50658028,82.49900782587,-1.59039650836
tess:50658813,82.51297527028,-2.73287653136
tess:50792349,83.23185653668,-4.57621977283
tess:51079186,276.11067870074,-29.53188131587
tess:51126808,109.32193037171,58.90737999347
tess:51894044,97.93828619917,-30.52956665563
tess:51993161,15.62946418725,-68.54141307683
tess:51997221,98.6006932375,-31.38344755418
tess:52019004,16.10491563437,-68.97704635891
tess:52019395,16.06399603715,-70.07215900597
tess:52027021,149.19363654031,-22.04087556672
tess:52194976,19.0019200115,-67.79197631174
tess:52223153,99.58225698108,-31.94042423697
tess:52242947,19.93520715293,-68.71269362326
tess:52256020,20.79811449863,-69.36067089774
tess:52284854,21.38325695623,-66.76731070535
tess:52382634,24.1973942731,-69.54126190068
tess:52588257,84.32681150675,13.58125005373
tess:52924466,102.38741712313,-33.70925616177
tess:53088935,88.97160248933,55.62423730066
tess:53116044,126.06344909194,-47.39896841076
tess:53178075,166.1728014076,-4.22108808699
tess:53369126,126.48123825942,-47.55487238661
tess:53417036,100.09316492552,-3.53308270708
tess:53569838,182.86162560071,53.41872223644
tess:53726408,326.52347291191,-25.26044303578
tess:53752822,326.66784535603,-26.17375714316
tess:53755999,13.30016322181,33.2310328895
tess:53795929,13.78467807583,29.95482311438
tess:53827592,13.73016818634,34.79872424162
tess:53842250,327.60519903057,-29.32428778319
tess:53842668,327.6663392284,-27.88265465116
tess:53851254,327.87002055798,-28.13007071055
tess:53941148,328.64478185938,-28.83695656353
tess:53952985,328.92497803979,-29.7061406576
tess:53976470,329.09527138782,-29.17557215108
tess:53976572,329.15463543075,-29.54170347801
tess:54145213,160.48440177022,-29.95823445095
tess:54146584,160.60364454934,-32.27353246205
tess:54415299,162.03979917715,-32.01898510387
tess:54748407,232.66198348857,-32.68141543177
tess:54892864,232.84137511741,-33.4942912633
tess:55110456,162.60009085606,-11.19105363056
tess:55222541,163.32222271434,-10.98144299758
tess:55269690,76.2400443656,-63.81763191591
tess:55273073,76.54050602317,-63.98802682
tess:55291546,76.83768214499,-64.8284634614
tess:55292851,76.73087663011,-63.87713347947
tess:55366165,77.33147202164,-64.7897297349
tess:55373895,97.33951345112,60.55987231613
tess:55383589,77.42294782146,-63.42168868654
tess:55384838,77.33277764264,-65.12913003676
tess:55403632,77.98612934966,-64.37318309423
tess:55451914,70.76325205973,-63.20922058676
tess:55452577,70.68528694223,-65.07210393535
tess:55453391,70.94930686763,-65.14951267645
tess:55479578,71.32296265139,-65.3152022384
tess:55500860,71.78161609426,-62.72938062675
tess:55525518,72.70081658509,-60.79222908496
tess:55556721,72.80046909187,-62.21106696991
tess:55598706,100.30332639446,62.07290416742
tess:55601455,73.41824904707,-65.79412552781
tess:55604222,73.30350172149,-60.0556388446
tess:55604793,73.52230833935,-61.32032570348
tess:55622372,252.69540057484,-49.21094092808
tess:55650170,73.8466276642,-63.45104379938
tess:55655482,101.31456722213,61.49233074188
tess:55659357,74.02225606302,-64.5809258694
tess:55659358,74.08618215282,-64.58159803574
tess:55663484,74.23902888327,-60.68754095896
tess:55663720,74.2115615678,-60.03176599275
tess:55664207,74.61880831235,-61.18393480283
tess:55742599,74.48128553084,-65.59802706473
tess:55744694,74.68935917534,-64.35270789408
tess:55752857,181.30143410474,56.39333466442
tess:55759555,75.15546329321,-64.35918487323
tess:55848120,75.72601276432,-63.52263848003
tess:55934767,68.55617554006,-6.22053262525
tess:55935823,68.67820751882,-8.95511863049
tess:55976789,69.05691920661,-9.02943257502
tess:55999432,69.54582445566,-7.43763848691
tess:56004465,252.77634805788,-52.35471521744
tess:56098370,70.2707931123,-9.00925882801
tess:56646116,157.94820859466,-9.07337159772
tess:56649881,158.16572787443,-6.89275243354
tess:56663796,158.634884012,-10.72626487836
tess:56664154,158.60509182757,-9.34445648486
tess:56884294,139.07583739767,44.92391429679
tess:56937804,172.35486660839,43.44975321993
tess:57160012,250.37312754092,40.10017552519
tess:57256934,251.54064313507,38.78919356001
tess:57653775,173.88238189622,-30.66388752337
tess:57719552,174.50723561465,-30.02915285618
tess:58593044,239.24605559798,-39.56192260435
tess:58738380,203.35646236035,-27.6799709637
tess:59353269,89.2574011828,15.74136545092
tess:60371506,334.08348887223,-32.88612260824
tess:60641770,188.92319980451,-26.45205816779
tess:60850284,139.4647364988,-6.19960894438
tess:61140675,287.00041982264,-43.2735691622
tess:61178249,334.7575333031,-31.57772844296
tess:61178260,334.6488525539,-31.32214495563
tess:61364264,23.82181897623,30.67098036675
tess:61708463,335.46896470244,-31.81355895994
tess:62845831,159.91448036367,-5.41770211315
tess:63071165,291.93632032443,47.30970825962
tess:63281333,337.29629978888,-34.4270789324
tess:63571394,105.30718541553,-25.94874084531
tess:63588946,32.70641440091,33.7711207781
tess:63782132,34.26348071015,34.22423430148
tess:63818417,14.40058134545,-25.76092662568
tess:63834969,14.51335691865,-28.14852178196
tess:63835928,14.70608516064,-25.67861301913
tess:63841259,14.96521363151,-25.59074930202
tess:63898806,15.19657785509,-25.36792349014
tess:65087099,275.45263144996,-35.59654882588
tess:65203528,53.3062099401,46.25737349753
tess:65261509,359.54937049732,-27.93117925252
tess:65291141,38.30558430097,-29.51081406816
tess:65361503,39.98515526289,-24.48126896908
tess:65416015,40.92701860085,-28.21107244085
tess:65416188,40.9329659005,-29.40352594199
tess:65416676,41.11010835189,-26.99772948686
tess:65451465,42.3574645975,-28.44657458887
tess:65451904,42.38772946129,-28.50788042479
tess:65480941,42.75128185298,-29.00255430213
tess:66356853,12.17525470833,-31.94143131951
tess:66397732,12.90526812129,-34.61301320269
tess:66412342,13.83830418697,-34.45707055001
tess:66438591,355.04350965061,-22.86666411629
tess:66472244,355.64003836403,-23.27054204915
tess:66500701,356.40440347037,-22.52094456776
tess:66501697,356.46708271662,-20.41147881989
tess:66533291,86.57036431026,-8.35469889562
tess:66605783,38.26630137718,-12.02333665964
tess:66606181,38.28106290831,-14.43828122087
tess:66628065,38.61962114757,-14.09802651712
tess:66669038,39.3055119376,-11.93949739223
tess:66869334,240.13253923655,-29.83115845912
tess:66944319,181.55636758861,-57.03799092719
tess:66983516,240.44931792944,-28.56183006553
tess:66990720,240.59046850469,-27.30021303709
tess:67168206,89.43093970099,-7.65834989784
tess:67240043,241.01505123052,-28.9864632683
tess:67267749,240.98332131309,-29.89862225463
tess:67460395,171.83193993619,13.57881351836
tess:67552036,241.42713939713,-29.22506933953
tess:67628993,17.95381584554,-33.11267577351
tess:67644294,18.40029335845,-35.74848542232
tess:67655843,19.3341295714,-35.38066870163
tess:67683744,224.77085000254,34.57532802637
tess:67822383,242.10964700634,-28.43035352567
tess:67902388,12.14680032247,37.80028109746
tess:67959600,217.81428768627,39.91254000095
tess:67978754,242.28678805438,-29.20584943489
tess:67984045,242.44499825028,-28.11563005081
tess:67994221,218.46891670212,39.74977476208
tess:67995287,218.6696230101,38.51755214773
tess:68016449,218.96199629737,41.05579076397
tess:68075210,220.95268995064,37.04225571731
tess:68255976,243.04588272825,-28.303605733
tess:68739774,106.40547214298,33.4129951422
tess:69745724,336.4581706112,-21.80204456318
tess:69749850,336.7992432303,-23.22681828805
tess:69814849,337.4344976661,-18.38707328818
tess:69911347,339.06337968352,-21.67746891092
tess:69925469,339.80816321517,-18.00961914785
tess:70004644,218.82677520615,-21.6869860874
tess:70440294,339.53916574733,-34.28876220646
tess:70502921,22.45057927712,-30.47698531842
tess:70742059,0.37664501212,-30.21899962017
tess:70742090,0.41604980969,-30.07735394986
tess:70742156,0.47687987087,-30.12828303701
tess:70744192,0.64775461463,-30.1172068585
tess:70744273,0.7349548261,-30.07913189798
tess:70744320,0.77955256373,-30.25477401961
tess:70761819,0.71048263257,-34.27228040828
tess:70763008,0.86389342151,-30.44688731666
tess:70775324,1.21206340619,-30.49874845975
tess:70775541,1.2705265747,-30.32756329306
tess:70785920,1.57948747058,-30.37288921418
tess:70788010,1.80435593919,-30.14188473717
tess:70797900,1.97739533935,-29.97899045459
tess:70798821,2.19932918147,-35.33276995021
tess:70848022,2.82509299512,-32.80043869875
tess:70913338,64.72946441703,-13.9635496027
tess:71133030,67.36971850947,-12.23611383084
tess:71274771,330.5677353127,-42.1759157482
tess:71316102,330.76500328765,-42.15138961577
tess:71335798,331.17102611568,-47.48058546257
tess:71335815,331.21455143744,-47.53390261981
tess:72182461,186.52122562765,-45.82520460077
tess:72445399,187.39921025755,-47.71359908714
tess:72463703,206.17971753319,12.92054003581
tess:72463844,206.13904506799,12.15903416734
tess:72518360,207.41313584659,15.14508028892
tess:72518411,207.46302848011,14.88392802857
tess:72534221,207.66932564155,14.28818374411
tess:72547225,208.08941509107,14.001996463
tess:72577228,208.34758623015,14.86005013444
tess:72584148,208.5443550792,12.89710087644
tess:72643620,32.51426970429,-26.69318956998
tess:72669148,33.38812739232,-25.76613681418
tess:72669218,33.42464879651,-25.29806628847
tess:72705933,33.88041328968,-25.03276688805
tess:72731086,34.50936616384,-24.63998657962
tess:72751734,209.28602909405,-25.98098785809
tess:73395397,127.34944111755,62.92817126309
tess:73460115,191.08052527415,-45.42316164719
tess:73504836,204.30753314335,30.08726128131
tess:73504837,204.30150269538,30.08515643403
tess:73523899,38.76586909364,31.656139877
tess:73539411,211.56725451115,13.3710346772
tess:74279548,137.14545068297,-43.20150010429
tess:75622645,270.54655808357,40.44258667365
tess:75971901,226.81173851943,-35.08320175059
tess:76652075,228.93904974841,-33.53325641686
tess:77004378,353.37948801877,-31.97579707258
tess:77022104,353.95903214273,-34.02994037204
tess:77031413,354.17017664596,-34.61185483972
tess:77031414,354.16823571143,-34.61126737157
tess:77041173,358.53866880332,-33.27409907081
tess:77044444,358.59570944515,-30.21297796095
tess:77111305,34.83620027075,-37.2774273609
tess:77261701,40.94318358243,31.76628839825
tess:77320441,41.48779765643,33.31668541941
tess:77321023,41.60531278438,32.13015879801
tess:77371445,72.64767488026,-41.0474549566
tess:77373018,72.83562594425,-37.28245908803
tess:77486203,12.8212426471,-13.11459419001
tess:77549396,142.28845266638,-2.75079268323
tess:77630750,153.74338537321,-3.49120962747
tess:77703385,76.51047393093,-35.41049978682
tess:78013149,80.09072388588,-30.27966679789
tess:78055898,80.44638439902,-33.13443447808
tess:78175681,147.90181291063,-2.57188408584
tess:78192841,148.27706694882,-1.67173260007
tess:78568736,102.89140849293,-22.19047516908
tess:79011520,314.94631872691,-48.16515226828
tess:79179712,317.1256700827,-48.56518356728
tess:79225651,317.84546303017,-52.33941247516
tess:79249126,318.10999263294,-53.48621434754
tess:79301671,318.84003977506,-51.27700878512
tess:79301672,318.84146786265,-51.27574524558
tess:79358659,251.66789333886,-38.14742735559
tess:79387845,104.12775832372,-18.72749459093
tess:79403675,320.20815643869,-53.03421045445
tess:79479568,251.8765180528,-37.06812161514
tess:79491341,321.68892764826,-52.7774165877
tess:79494092,321.92356363642,-48.96869909923
tess:80055369,330.48159388317,-30.01108288482
tess:80080784,330.75469042523,-30.58546576471
tess:80083663,331.14442424542,-30.01836328543
tess:80261924,7.45723970335,-47.4737283494
tess:80337451,8.54362799399,-44.08381393286
tess:80362748,9.52820855149,-46.44730365262
tess:80427281,10.54551386538,-42.88181824904
tess:80427866,10.62111507149,-44.41545343334
tess:80453023,11.91017647792,-47.69615456435
tess:80532759,21.3674339941,31.97923471558
tess:81041820,124.02633018991,57.09414209252
tess:81176868,166.76039338241,-51.72003077353
tess:81210712,126.87873539528,57.57574163696
tess:81314581,167.2611815451,-48.66723785096
tess:82285448,164.95197332899,24.95010031996
tess:82525276,175.33079117819,17.02258918287
tess:83233895,214.01469417416,-24.75660149456
tess:83288888,213.98439253533,-29.8071310589
tess:83289544,214.11519638241,-29.10711577362
tess:83655217,216.30961371437,-24.52513910711
tess:84069091,327.36230496047,40.46674608775
tess:84356938,96.36353232365,29.57109070667
tess:85278661,25.92607662969,31.39854293308
tess:85285040,153.4817401241,31.30575659903
tess:85292827,156.80005163104,32.39157417337
tess:85487971,46.99671228566,30.3405876626
tess:85784414,63.75640819767,32.3355518498
tess:85849078,63.99836057869,32.32037719556
tess:86373300,143.82392222614,62.96984748979
tess:86375601,144.39391104007,64.40859732802
tess:87495645,177.16348337469,23.19407992937
tess:87551503,188.89264542398,16.4229475417
tess:87602814,189.91301000081,16.96574625416
tess:87606903,190.94874583549,15.7143707961
tess:88096786,148.16450985065,19.55862046698
tess:88116490,193.71501127691,14.42470991443
tess:88171516,195.1925547813,14.36988769466
tess:88171518,195.19359011606,14.37726568949
tess:88246378,332.90721622283,-46.81138075333
tess:88273145,333.31952157297,-47.23236178387
tess:88646759,135.8628484517,37.84097243995
tess:88907043,230.36054348932,-34.96233135121
tess:88971876,122.97206643615,-0.46551320456
tess:89040964,338.66451443843,-44.63391098147
tess:89043676,338.9547999917,-45.09312062857
tess:89187590,57.57547907398,-24.80951341729
tess:89206454,233.31950296508,-30.40892018241
tess:89206493,233.29061818618,-30.43083037536
tess:89257479,312.56733356217,-34.41183331709
tess:89262196,312.75817196088,-33.99557913258
tess:89263085,312.65810181835,-35.75771634758
tess:89424946,323.00949579808,-35.31732681
tess:89427844,323.09618580079,-32.2637965444
tess:89434461,339.81811117347,-27.04498312087
tess:89466504,324.06816415431,-30.42708956675
tess:89502706,356.84362685672,-23.28813880548
tess:89502708,356.90764205433,-23.2683262345
tess:89529498,357.48886710591,-21.90386322829
tess:89543390,357.78895715848,-19.04953888508
tess:89546779,358.11629103421,-20.87802704829
tess:89734409,275.83972905567,-47.05325545544
tess:90766826,53.8745874571,31.22706772267
tess:91076677,277.70966631398,-47.76970797714
tess:91309685,311.41974752524,-45.15031894255
tess:91329893,28.38346311849,20.67718588468
tess:91478103,340.61053823194,-34.07482850159
tess:91612609,39.06102711861,-36.13217471443
tess:91928222,89.01430411195,13.92491551704
tess:92026919,191.50369606025,15.65888329852
tess:92042659,191.70456734964,16.94982975657
tess:92042917,191.61118699375,15.30828812639
tess:92083704,192.15814601673,12.68834553059
tess:92136299,355.6806025366,-14.54490501702
tess:92138131,355.94922830601,-12.88113010368
tess:92199729,10.642586648,-17.29811463954
tess:92234103,48.97798917896,-19.08607018642
tess:92253059,49.84146405158,-22.37313089427
tess:92254719,312.96582682635,-30.77795262575
tess:92254720,312.96906647956,-30.77585394159
tess:92258567,313.32330429432,-34.66240670435
tess:92261311,50.03720183672,-22.21016033588
tess:92304300,50.67270207478,-19.53162567427
tess:92322108,313.50201045604,-35.03893405975
tess:92322154,313.60034036722,-35.00040483714
tess:92347098,51.43760657876,-20.70676764686
tess:92350846,313.73718304436,-34.04833608591
tess:92497382,314.80185967236,-32.15232099006
tess:92500085,314.94527005106,-34.20077512036
tess:92501924,315.01874417052,-30.58350144883
tess:92564714,315.30270933007,-30.7679817326
tess:92595555,315.56533213009,-31.48669906034
tess:92630250,315.93900950848,-30.27645224032
tess:92645042,303.00590314067,32.793870737
tess:92708508,316.45630416394,-30.79715098376
tess:92845906,82.57950505628,-19.27550849889
tess:92865531,317.76449202904,-35.5980112285
tess:92876652,318.11090016513,-35.60939633777
tess:92877691,318.10315824842,-33.1276017106
tess:92877752,317.98014559958,-32.97709843609
tess:92912774,318.18127225773,-31.68473445843
tess:92937058,83.54546240173,-22.13652654998
tess:92983772,28.15185113189,-13.49569383765
tess:92990467,83.90532313167,-20.7022037926
tess:92991270,83.82144042443,-18.88731607238
tess:93024906,83.97357600781,-23.10290168332
tess:93057033,84.54355436627,-19.79566349569
tess:93106058,53.48477707815,-17.58763027875
tess:93123002,53.67786427381,-16.07072110879
tess:93126844,85.08638280955,-19.66970318412
tess:93207761,85.38321629521,-20.04537980202
tess:93277807,86.04656829473,-19.73143184696
tess:93279196,86.11057040435,-22.42183729712
tess:93327607,86.12622580907,-18.06851979089
tess:93696643,240.58473413733,-30.94379392803
tess:93869681,240.84482461313,-30.23831504984
tess:93985722,241.12732571345,-32.12463060234
tess:93990891,241.32713212835,-30.09685614208
tess:94189737,130.91018465292,-51.50803824723
tess:94515514,115.6107316968,-16.28343870536
tess:94637805,177.78791600521,-51.87569927275
tess:94972416,250.53218095505,-30.64384324278
tess:95548871,203.31197885591,12.14752743409
tess:95565042,203.81382231586,12.58834890636
tess:95743867,159.9346532572,21.41508676427
tess:95858936,162.59985671957,18.56709637854
tess:95926000,163.16026154139,20.1756177133
tess:95963548,141.31302741496,-9.85015546221
tess:96030131,146.12259060911,-7.35911090356
tess:96458463,251.36651814564,-33.30615893638
tess:97402128,332.41116916993,-33.75227047147
tess:97506256,44.15788900421,-22.31009918088
tess:97820301,170.9288682621,-25.10821658165
tess:97914505,289.55267663417,-38.38456835724
tess:97919620,289.67799752538,-41.70826032775
tess:98020331,234.30432494728,-54.49703665217
tess:98020332,234.31073624632,-54.4970466988
tess:98062682,289.97787985763,-39.41941921475
tess:98288336,108.55785061873,-35.70214472755
tess:98305034,244.54613035537,-29.18684018523
tess:98347058,290.83148806949,-36.97037371649
tess:98755167,44.30226882649,-13.66173734738
tess:98778229,45.0669720607,-17.91309433595
tess:98827212,45.63617938557,-15.2726212003
tess:98869309,46.3747375123,-13.06603241193
tess:98869800,46.45323775848,-13.34457833195
tess:98968280,236.17397772957,-32.26683626583
tess:99294972,236.81860850812,-32.61337710133
tess:99390020,190.81588664782,56.22515139102
tess:99494149,317.74312226801,-23.70650669412
tess:99499229,317.8069437015,-22.80493515938
tess:99499658,317.86382913652,-23.69205947953
tess:99566892,320.84910838899,-21.83115476598
tess:99571724,107.56025353677,69.8428542491
tess:99725941,124.97179966413,70.20986040577
tess:99768342,322.5002620137,-21.90182870976
tess:99816897,163.87906447409,63.44577861566
tess:99901186,167.70086542928,61.18408491038
tess:99920728,169.74619622534,64.64341426892
tess:100009086,172.66377859862,61.65957980952
tess:100100909,24.3666781504,-45.97410094566
tess:100229370,306.48471667342,-53.12310448776
tess:100324461,307.11028424214,-50.25979609762
tess:100609635,86.98215567972,-30.77654294942
tess:100610422,86.87152428799,-32.49716051487
tess:100775941,88.36050076006,-34.12553801707
tess:101031672,54.1123755255,30.59140827299
tess:101059220,56.83053507782,-44.93673378663
tess:101100599,57.62282343533,-43.61839809452
tess:101101702,57.73095964756,-45.43424215267
tess:101180943,299.28794349105,-52.93432489676
tess:101180944,299.30094171675,-52.93343336656
tess:101230735,299.29097992724,-48.9344128372
tess:101232320,299.54366080619,-49.16416920138
tess:101407479,49.64920001133,32.05352070034
tess:101544692,301.8989086837,-51.75075327739
tess:101628447,150.64168765956,-33.43582996251
tess:101871538,206.44738313203,-27.38058540573
tess:101936401,13.98565087001,-47.14951866363
tess:101963752,15.31957296181,-45.94367060902
tess:102032397,16.15865763357,-46.86043157277
tess:102064049,17.40613357131,-42.99182032325
tess:102071750,17.71008549476,-46.00395872115
tess:102073117,17.81122806414,-42.67985285412
tess:102086756,18.01129297241,-46.51558504807
tess:102625324,155.10993990853,-46.06152353475
tess:102841799,127.39494477536,66.00032357936
tess:102925898,130.95516847994,66.42726451658
tess:102951242,58.59251708953,72.42910456278
tess:103224787,63.80715271612,76.28801210395
tess:103890734,242.51498571431,22.32450258459
tess:104091860,300.18996417292,32.95002549322
tess:105576710,153.2521325438,47.1679090909
tess:105643008,212.26444649424,27.28266715034
tess:105643619,212.23627679088,24.14586652875
tess:105714200,213.14502963907,34.14438019121
tess:106150467,158.26141692338,-37.28961572423
tess:107018296,182.85136946202,-32.37333208543
tess:107245872,204.0607429397,-30.89160135073
tess:111027801,266.38861443339,-30.98218967472
tess:111755544,344.01502138731,-16.67921794507
tess:112996041,292.34619745839,-30.23101700397
tess:113168337,293.03925666196,-33.03803780519
tess:113350540,208.82384148612,-47.35932720272
tess:113354470,292.75590768981,-39.37639261541
tess:113769637,294.2107401267,-33.04905652417
tess:114300579,114.19484448639,-32.50767949035
tess:114472503,11.57641481352,-20.98744007003
tess:114794572,359.50139951336,-18.58046684185
tess:114818487,2.29428526975,-21.27262768752
tess:114819903,2.35907922075,-22.1972976333
tess:114851071,2.67935750093,-20.651913742
tess:114858562,2.7939926538,-20.35103361135
tess:114917400,314.97640081773,-36.72934918432
tess:114923140,72.43483182076,-13.11667928658
tess:114928475,132.57717994258,-13.3315846068
tess:114953216,315.26591607459,-41.24257902634
tess:114985772,315.22893561708,-41.52888414266
tess:115015715,315.69172000877,-37.36420902066
tess:115043101,315.90239109536,-39.68792519541
tess:115082433,202.72487632772,-0.26952699761
tess:115151897,317.01553681204,-39.88711865427
tess:115190256,317.46720447238,-39.83787083011
tess:115242296,6.53350231312,-36.90020053838
tess:115242300,6.26795982082,-36.77162716862
tess:115284172,26.61725396904,-40.52631339659
tess:115319029,27.08576410884,-41.49506594661
tess:115693552,7.09739536167,-38.48196681444
tess:116124275,267.05451525511,38.23258842567
tess:116157661,7.66502380732,-38.16573937631
tess:116278924,220.89344833492,43.13775562413
tess:116378538,230.54147187029,45.13158690315
tess:116378541,230.54231271106,45.13874162861
tess:116380226,230.73078864312,42.75885457472
tess:116385975,231.91812696489,42.88129759312
tess:116438698,232.37204508165,46.51523241752
tess:116484300,233.01555894412,45.07580084821
tess:116504004,234.01802798956,47.91702789634
tess:116542788,234.7633034906,43.86651052048
tess:116881435,8.55813481202,-36.2657633331
tess:116988032,47.26675070351,49.61327629663
tess:117164161,129.64837053505,29.79739598541
tess:117220142,129.90467395722,24.62044405884
tess:117510145,339.17763552424,-43.47097395023
tess:117512124,339.49271577944,-47.23341994002
tess:117512258,339.51616229356,-46.6634166236
tess:117517652,340.04306076346,-47.06431741715
tess:117545157,340.25625583718,-45.0066940425
tess:117549840,0.28986332196,-13.8654563774
tess:117611856,0.50224482668,-12.88825087697
tess:117649333,68.18129271437,-15.33648674168
tess:117739806,96.20386917379,-31.86448966223
tess:117747153,69.19627644828,-12.15574285108
tess:117874958,9.89726232534,-38.28823839207
tess:117874959,9.89916431997,-38.28293174267
tess:118301927,34.35307020926,28.741780729
tess:118327563,10.74294679535,-38.12702467164
tess:118338074,34.60925807521,26.8510116601
tess:118389230,36.89493081645,28.97507552741
tess:118541883,129.29565077378,-55.30293520967
tess:118585716,10.72800623776,-40.78691363062
tess:118662712,273.44307685744,-54.37132700323
tess:118868181,99.64012839044,-9.76134020792
tess:119289797,96.52880137112,-41.0482745432
tess:119514195,332.79963853106,36.25632413586
tess:119588033,332.99809471055,37.65244857621
tess:120182707,284.31275447847,38.73785876395
tess:120334854,280.64305170178,-56.2105690054
tess:120408718,336.15769160221,39.43074902108
tess:120442975,0.66700609416,-36.79857575459
tess:120488589,1.68728246143,-36.56015152581
tess:120495338,285.46817397164,41.85456091361
tess:120506718,2.43036614283,-41.29321574564
tess:120522352,2.69744931253,-39.9199407622
tess:120522722,2.81388361878,-37.94869382845
tess:120566166,3.87073375365,-38.60478250824
tess:120609299,5.00241969598,-38.86900955476
tess:120635414,285.92247799569,36.91672962742
tess:120757718,286.04104834328,36.63262386427
tess:120974003,54.48944790121,-19.31869610861
tess:121011020,55.66585018456,-20.54545243203
tess:121048789,56.19976974939,-21.29449477414
tess:121107718,287.00756859742,39.87462142081
tess:121196226,224.84485213625,-40.22002928762
tess:121407551,225.29814040815,-41.34461319485
tess:121408658,225.25654266812,-41.83535132409
tess:121420805,341.83353682345,-47.91607197776
tess:121722509,226.09882056344,-36.66752931542
tess:121779961,226.20381166982,-39.82325738036
tess:122189102,132.98502110551,-53.93242223716
tess:122432133,255.32014984547,-43.64365192012
tess:122495856,133.52734838663,-57.19347349226
tess:122504533,38.03566121488,-34.88956371061
tess:122617162,41.72980273947,-32.29976882221
tess:123029030,113.33821587458,-42.92841838268
tess:123369724,31.83754438821,-35.18414407783
tess:123404420,32.24991763227,-31.10602487523
tess:123439591,115.07956132422,-47.78876317489
tess:123853481,90.83266291182,-22.0193006641
tess:124310006,197.91207127906,-32.26233083938
tess:124494439,93.43873150761,-23.86193577107
tess:124570753,199.40495539183,-33.42097733369
tess:125676179,317.46126907559,28.91385236639
tess:125755686,59.83366805624,28.96137676958
tess:125985591,216.74119663027,-34.33872589223
tess:126046115,216.97150181326,-34.51735358438
tess:126236473,133.45808712012,26.91324432874
tess:126239851,133.65790828429,24.21768805723
tess:126312524,134.09562895932,28.66788331165
tess:126584063,314.41694980205,-44.12937209951
tess:126748132,316.01242404701,-44.77103252616
tess:126763885,316.21450082122,-46.32620643425
tess:126766627,316.42346572421,-46.50707066548
tess:126805047,317.15964183177,-42.7488008056
tess:126916590,318.64946607636,-47.61002518857
tess:126945045,318.63978247825,-42.23136053455
tess:127089264,216.77314751963,-47.23937378573
tess:127249954,217.0387366342,-44.23819194872
tess:127311608,217.08069743113,-42.3261390461
tess:128414141,219.33560230115,-44.16817643079
tess:128679896,299.2564463318,-43.61216800183
tess:128685558,339.61715850704,38.78211054897
tess:128881304,301.01636237541,-45.79108379811
tess:129006409,341.04063970932,36.49391027022
tess:129581045,305.75669826485,-43.93429775962
tess:129581824,305.7456678498,-45.06668902258
tess:129646813,321.3339,-40.5241
tess:129678819,321.76666293463,-36.20427489567
tess:129887847,56.03822147068,-38.28177000901
tess:130258796,103.74080937815,-47.82701273735
tess:130297425,104.09811895954,-46.78196828061
tess:130422016,104.90402870239,-45.38924282058
tess:130572079,105.47252474691,-42.46559923721
tess:130645531,105.99550542577,-43.6113527667
tess:130645536,105.98881350928,-43.60803378397
tess:130726329,203.60069538608,-1.20134925277
tess:130797034,117.07788809196,-38.37769442033
tess:131216594,191.14147840515,-34.99813380914
tess:131936885,229.3948087524,-49.39330555996
tess:132965136,149.20596633166,-49.37193854406
tess:133010063,229.50727569305,-53.29135151655
tess:133701057,229.90422423579,-47.99283188842
tess:134404603,122.34026760723,-39.16491887155
tess:134432686,107.75937354138,-44.83006668518
tess:134871040,183.73916734772,-41.13941955748
tess:135047866,184.6669548129,-41.32404925232
tess:135050395,184.83763979903,-39.85710638337
tess:135222920,214.81622653477,22.09880448993
tess:136846603,8.20875662287,-13.25764495782
tess:136948541,173.52287531485,51.06182239947
tess:136992931,193.07726767131,46.77777284995
tess:137057238,28.66689005674,77.07594901029
tess:137159940,30.38468157582,75.33407457045
tess:137549183,292.29197297922,38.28446667339
tess:137672388,139.79977150885,58.4028581662
tess:137729151,174.14872068061,56.1353548425
tess:137772485,343.34790087342,-20.66778879086
tess:137796406,343.92033054629,-21.68831974921
tess:137797726,344.03502878083,-18.36747882528
tess:137801807,344.09983372384,-20.27941629346
tess:137834309,226.13262830546,58.46460279238
tess:137834578,226.33493755649,59.96538917375
tess:137834579,226.34620031175,59.96535368496
tess:137962306,50.27907470232,34.68294218872
tess:138136222,198.16062759911,16.49498706377
tess:138170394,95.03300537087,73.891730072
tess:138236489,220.17895742133,33.89485724585
tess:138252568,220.29529625569,32.25479603712
tess:138252639,220.24324751129,31.81670718938
tess:138254832,220.72017841463,34.47391281386
tess:138472193,95.01228023741,80.61424908924
tess:138558387,174.38004763846,64.42910559015
tess:138686329,136.58633958762,29.79573240394
tess:138709816,137.09945601463,27.53544103799
tess:138757908,163.94458974299,29.36298356109
tess:138799692,74.34301823002,-9.13322054854
tess:138825492,74.46450396614,-9.4195228431
tess:138968089,295.10110062226,40.98669335897
tess:139090254,319.39203472602,-44.74290766324
tess:139112038,319.61362219301,-43.33465169984
tess:139117921,193.50128236729,34.37949330483
tess:139131482,344.24416258433,-45.22233468212
tess:139205304,123.02352181852,33.62087137053
tess:139233425,346.89554369907,-43.92041303096
tess:139281803,347.59501570005,-42.36506580277
tess:139285666,347.96688991651,-45.13628721757
tess:139300806,348.12659536328,-44.41655706256
tess:139300891,348.21087524004,-44.75191728869
tess:139328314,348.84569836171,-47.06157819606
tess:139373513,38.10325535789,39.07689381135
tess:139396805,79.90512243328,-22.24950905995
tess:139411774,80.20064890172,-20.70150548512
tess:139546907,63.90404565868,-19.32975049095
tess:139594145,64.94184333002,-21.08051183585
tess:139722169,322.98947029931,-53.4108374688
tess:139763851,323.91509915752,-53.42543208601
tess:139771793,324.35881446971,-53.03955506726
tess:139804406,324.66933471701,-51.65698532234
tess:139804696,324.64710069422,-50.85294149283
tess:139825198,324.96032092693,-50.49171005308
tess:139841210,325.45643191544,-50.16936292859
tess:139898417,326.98036384559,-52.93063924959
tess:139899124,326.93930021894,-50.61889991098
tess:139914825,327.16934466842,-49.01507172509
tess:139984208,327.66870473435,-51.22725106676
tess:139990632,328.08859794698,-52.15594424138
tess:139996019,328.73082245682,-50.94977840246
tess:140039144,328.95782381245,-48.98988354713
tess:140045537,329.40981975316,-51.00875616102
tess:140045538,329.42168269355,-51.00617786874
tess:140047827,329.69127340304,-51.74079276341
tess:140069261,330.29919519494,-51.76229933617
tess:140069652,330.40218061914,-53.09357922971
tess:140205412,59.05289217863,-37.59335671823
tess:140209922,84.70549487081,-35.49219335332
tess:140579674,68.40580268148,-75.66230504745
tess:140658484,72.49594976443,-73.82423717082
tess:140659978,72.45332611211,-72.46323093702
tess:140659980,72.47335281839,-72.46261858023
tess:140739261,74.15149418493,72.9516382129
tess:140801831,74.92746893634,-72.57932697535
tess:140803080,74.99111429843,-73.57030867395
tess:140828063,75.45305752272,-75.50907152254
tess:140859822,76.11305923664,-74.03169076447
tess:140867345,77.01963997593,73.00197577167
tess:140891159,76.58852440295,-72.17313904435
tess:140891597,76.71074386982,-72.35323412732
tess:140899825,76.96562614009,-76.43972314725
tess:140968357,77.9834723201,-76.59238874321
tess:140971842,77.92292717154,-72.60023725124
tess:141071893,119.66123256675,43.68185183822
tess:141096071,79.64911563661,-74.89737774275
tess:141096635,79.77608415527,-75.63834545925
tess:141120071,165.40636131807,57.49083090163
tess:141121236,80.21089942751,-77.9203164988
tess:141186325,81.22666037503,-76.20681522206
tess:141202561,180.61338780657,47.12217060377
tess:141204624,185.76446055007,48.2280334046
tess:141212720,81.779012,-72.522324
tess:141250058,187.91389420399,48.36479321855
tess:141265693,178.45604596834,27.65909469402
tess:141271216,82.5511454881,-72.30938865218
tess:141278810,82.79802647606,-73.52942941945
tess:141308769,45.28427883772,-9.11433705434
tess:141328875,45.66341856044,-9.4394916831
tess:141333591,83.69529891425,-77.67769421803
tess:141334293,83.83882976794,-75.8914710395
tess:141407149,83.84436649782,-72.51486069396
tess:141411201,84.25840343384,-73.69934580629
tess:141423634,84.58755384056,-74.23210173147
tess:141425702,84.41359865939,-72.38650189532
tess:141426525,84.54956775454,-71.98696397496
tess:141428309,84.6787206006,-72.81280475958
tess:141479412,86.64380535064,-75.94706702343
tess:141480953,86.880450068,-73.85527080445
tess:141484509,87.11657067625,-73.10859991234
tess:141546481,88.54388997887,-74.21551065065
tess:141606958,88.59376372971,-72.67636545097
tess:141607553,88.7159574501,-73.28845667323
tess:141612221,89.1177642975,-74.60427608715
tess:141685465,90.40443309251,-73.47491777715
tess:141708147,90.49107025963,-76.87195559982
tess:141709237,90.60491951615,-76.54439193774
tess:141713380,91.1305463335,-72.13670456166
tess:141752883,91.13374748303,-74.48864763441
tess:141765836,91.62437344085,-72.5126539484
tess:141769356,92.0497949657,-74.98315863095
tess:141771691,92.39514925567,-75.85945095378
tess:141807839,92.87490449533,-72.22743450731
tess:141810080,92.56030883373,-74.75304543914
tess:141823882,93.00442308826,-74.51383696805
tess:141869967,94.20888557825,-72.50524520809
tess:141914082,94.61753540477,-72.04484622199
tess:141941708,95.00162729601,-75.76071826754
tess:141945750,95.407695349,-72.59247742785
tess:141975926,95.91820639522,-75.07557745642
tess:142014620,96.80080352867,-73.18314835681
tess:142016767,96.56353114023,-77.28164558962
tess:142040321,178.5222021388,-29.98253075993
tess:142052608,97.93833816649,-77.30591300086
tess:142052876,97.69364275551,-76.71933385012
tess:142082467,98.3196997056,-72.0702012663
tess:142082942,98.25977145964,-72.7620154086
tess:142085618,98.25624985074,-77.69289066171
tess:142086812,98.4303226773,-75.62998815115
tess:142087340,98.42581639531,-74.70057290445
tess:142087451,98.47438300634,-74.50356856671
tess:142107618,99.04792214286,-75.38233316442
tess:142142488,99.48956740938,-73.54366579938
tess:142144969,99.73103499007,-74.42541949498
tess:142148228,100.36868046551,-74.67406312255
tess:142172051,180.13308399343,-30.60400442203
tess:142177867,37.41463087437,-47.22896754212
tess:142205248,38.43721885579,-46.64375031824
tess:142258729,131.74095866674,53.2440787588
tess:142682918,255.94796236629,16.46117126134
tess:142868052,50.97327160704,-34.60789369344
tess:142873270,176.2642079042,68.81674874356
tess:142944895,53.00696919132,-32.3009067744
tess:142962446,181.24322056091,66.58211053992
tess:142980153,181.78685139809,66.99973105745
tess:143028954,54.68982452563,-31.43008202556
tess:143103732,89.22825377775,-34.65906870722
tess:143141591,89.51549103758,-35.8003456951
tess:143141922,89.54918527233,-35.01367975032
tess:143316549,91.05409047846,-35.20310329314
tess:143350584,82.27257323434,-16.53960030864
tess:143400356,154.80111034533,-4.07884986047
tess:143821840,330.91482955329,-50.97672111233
tess:143822655,330.81378324012,-48.27017269626
tess:143857145,331.96672834887,-50.81353723176
tess:143952336,333.57756164754,-53.30016950604
tess:144000467,336.26310601596,-53.81027769283
tess:144046368,336.85286674739,-49.36594512596
tess:144065872,337.4572324034,-48.00306923514
tess:144069199,337.97455718399,-48.16084883012
tess:144162567,60.97260035419,-44.65876536265
tess:144167304,177.01540246724,-8.31422690113
tess:144217628,328.43313398463,-42.5708093508
tess:144254055,328.85423886701,-45.98086466564
tess:144299351,178.9810880971,-8.61041479983
tess:144307552,354.70166547097,-45.96557447071
tess:144313450,355.24574083732,-43.60561425416
tess:144403212,357.95623381249,-46.31927927004
tess:144406668,358.17557457952,-45.23198509497
tess:144423372,207.41379999499,34.99119843018
tess:144458200,336.27114548591,-47.87968618518
tess:144518101,84.65607156555,-41.29966174935
tess:144521737,50.75229754491,-28.24198585351
tess:144706127,131.17596629904,-48.67153592424
tess:145204835,230.0107163102,-46.64279984363
tess:145211449,229.98559544926,-44.72983376114
tess:145964181,341.60978729717,-15.02835877208
tess:146322899,73.90931962818,-21.38460063767
tess:146346686,74.46914940063,-18.50561692578
tess:146349136,74.73863926967,-22.87096999262
tess:146381318,74.90830207843,-23.04508854725
tess:146470992,76.19995510463,-22.58435691701
tess:146519817,76.59774082298,-18.19238163265
tess:146653172,42.72595603488,-43.15376903592
tess:146653341,42.67259180116,-44.08130216473
tess:147085676,321.57389776677,-45.91343478407
tess:147113919,321.67427227753,-44.56076638001
tess:147113992,321.75549128738,-44.80860757837
tess:147133612,322.18511303143,-47.26170330702
tess:147163817,322.49147480105,-45.09236177253
tess:147198161,322.91577305024,-45.90083863089
tess:147205871,323.5013008371,-43.86363280382
tess:147250411,323.93978389092,-42.30952812227
tess:147272181,324.56704458437,-45.19395347852
tess:147301778,324.92197980917,-47.29628351118
tess:147302016,325.09992918005,-47.85457538571
tess:147331839,325.69750283216,-42.19992305974
tess:147333474,325.66352683102,-47.49487466946
tess:147407292,327.06562944127,-47.30361668872
tess:147421845,327.17186882398,-47.61407185134
tess:147459238,41.38526029016,-40.74185566633
tess:147476037,111.27068343768,70.52834560317
tess:147575233,144.11846294672,67.09752584794
tess:147605758,144.80841671356,67.47622981786
tess:147744732,234.26447755054,-27.24691854209
tess:147897871,164.35873143638,65.9043889437
tess:147993329,170.24181509059,69.38668355718
tess:148002142,99.94478504813,-37.83619324749
tess:148097013,100.52312800377,-38.00376673588
tess:148342995,101.97320969235,-36.83490111536
tess:148563075,164.61993441662,-10.77038659956
tess:148656659,169.44388482221,47.26966528709
tess:148656972,169.30414278276,45.47203691526
tess:148816298,233.79721505832,38.73299810785
tess:148821823,234.36297944199,36.39417519359
tess:148948267,231.40329767487,-37.90526314701
tess:148966181,190.98350387235,69.32979250455
tess:149019616,4.01373442547,-30.97863175425
tess:149101411,80.30105858981,-64.53862394718
tess:149103941,80.60853498384,-65.07357717054
tess:149109861,231.79383783671,-41.6426203343
tess:149126806,81.11483335563,-62.37792540686
tess:149174494,81.61926483723,-63.18318606789
tess:149175965,81.62945124412,-60.37750586047
tess:149176305,81.9139681445,-60.41599571092
tess:149180088,81.76863981246,-65.5572561898
tess:149216532,82.05221279818,-63.6070199958
tess:149248196,82.18704846814,-65.44869162377
tess:149269178,82.86518253582,-64.09486179118
tess:149290616,232.34363843954,-38.79098013843
tess:149303310,83.19597288968,-63.01264940297
tess:149347480,83.60893317294,-60.10418408137
tess:149347629,83.64830210224,-60.18284612642
tess:149391500,84.11369005037,-60.06707695093
tess:149423103,84.41570673026,-61.9121328009
tess:149445580,84.63454619729,-64.93628862572
tess:149484722,232.77369241767,-40.5763974086
tess:149506936,194.38318017575,18.69344462785
tess:149535838,194.86200880376,20.3497711974
tess:149539101,85.90640188695,-60.1466687261
tess:149539114,85.95724055498,-60.09843840685
tess:149565124,195.1718589957,21.7847345749
tess:149573659,86.61231517774,-61.69947501017
tess:149583171,201.58326793152,20.51297452226
tess:149603524,87.13997408729,-63.98844078709
tess:149614432,116.34751956615,-31.99302601883
tess:149625812,87.04057298808,-65.03879351878
tess:149640056,231.4985308705,-45.02106126301
tess:149672905,116.39549636205,-34.17257877217
tess:149739367,130.19417097417,-3.54744817186
tess:149838027,351.93414073025,-30.76109384306
tess:149913598,88.10942634774,-64.2608766268
tess:149931754,89.62677773523,-64.55615576855
tess:149988104,90.32890580061,-60.78590824994
tess:149989864,90.44554289674,-63.05080286608
tess:150100421,91.99219588113,-61.25193380496
tess:150106601,92.32449843469,-60.33085777452
tess:150125799,70.3263411845,29.24962123896
tess:150143424,92.80671702333,-61.1385521778
tess:150145456,92.95818623943,-60.84298771806
tess:150167319,93.51544805502,-62.63097391373
tess:150182914,137.37732331245,49.46556142216
tess:150187916,93.71411362001,-62.28392496805
tess:150188736,93.72825227713,-60.65572485822
tess:150299548,95.09650424565,-61.59884000261
tess:150321663,95.54071831017,-61.60279530213
tess:150322340,95.62892167627,-60.21865090491
tess:150357064,96.10753881417,-64.4991862911
tess:150357613,96.11084326855,-63.42900620049
tess:150359500,96.48371907137,-60.0575107747
tess:150359982,96.40438380492,-60.93761909838
tess:150361768,96.47573618335,-64.32191845288
tess:150362159,192.2795274344,55.25685316435
tess:150391740,96.65283346545,-62.09502075679
tess:150393064,96.89495944146,-60.14147165925
tess:150429807,97.0609099635,-62.52906499374
tess:150432211,97.28912078391,-61.79320985831
tess:150442658,97.74544233354,-62.58343357813
tess:150553785,252.46955258663,18.98110866832
tess:152039475,284.70221977501,-32.82144206408
tess:152088075,0.66192587816,-21.80942232261
tess:152346470,259.24150447435,-31.15105822669
tess:152358944,44.77284410356,-38.12251511764
tess:152370762,65.29302898965,-24.53916010284
tess:152370860,65.33136207827,-24.15981170474
tess:152470904,61.91840403942,-47.5900963922
tess:152475293,62.5079345527,-44.07069225873
tess:152504097,63.18225801185,-47.56570986883
tess:152560209,64.28242796649,-47.78443653242
tess:152801089,180.81254605682,-10.14639575462
tess:152805899,181.25868652201,-7.79992828095
tess:152820073,343.96564224277,-39.53962829927
tess:152825519,344.57435124074,-41.85728852218
tess:152854208,182.36888518586,-11.85707136033
tess:152875048,337.15990063574,-36.81036612851
tess:152876503,337.2765905614,-41.40308987624
tess:152911904,337.655640176,-41.44082319315
tess:152925167,338.51377923244,-40.81746912943
tess:153180402,89.71690976803,-27.19556058793
tess:153498031,93.3020947842,10.62714260627
tess:153710618,65.69024858815,-44.54773587211
tess:153723325,66.04974557832,-47.16315491382
tess:153834085,67.25247878205,-42.82487248182
tess:153837999,68.06446179073,-45.85534286157
tess:153972876,202.37005270832,69.54952039145
tess:153990952,204.50306099521,66.88636636562
tess:154007246,205.03535114834,68.74122632347
tess:154007247,205.06016082552,68.73782019895
tess:154011697,206.1023657031,69.21761093271
tess:154012452,206.44676239425,66.70866717932
tess:154090243,209.32867899918,69.13166726084
tess:154124557,212.16374741061,71.2171027031
tess:154164767,212.77009835016,66.63842907755
tess:154271670,219.66391797194,45.0764197697
tess:154340003,99.05015217312,74.93688115642
tess:154350735,342.55184453554,45.98424314291
tess:154359487,214.48180634447,55.20300693694
tess:154381790,214.44821361261,59.0603895349
tess:154384285,217.71297703158,56.24944140888
tess:154452501,126.72529166231,78.17613064626
tess:154453875,154.97580848415,77.67824259135
tess:154486565,185.5489002018,73.24848399408
tess:154563894,189.15845956923,73.29850823498
tess:154616669,345.75918991672,-33.82581245869
tess:154717941,158.79695648529,84.39932184228
tess:154842794,345.87423555201,-34.74941184936
tess:154872354,193.47892606476,85.06999187329
tess:155559537,158.32178554843,37.67224353175
tess:155776875,347.30922774983,-35.53319076128
tess:155877359,196.59340897846,59.15801783885
tess:155895287,3.89036795227,-50.69153749676
tess:155896947,4.15715575205,-52.69336191346
tess:155897483,4.21169928831,-49.62774448585
tess:155947595,231.43359546854,42.17920675911
tess:155948486,231.44541490753,46.86607907081
tess:155991217,7.60869497028,-48.21477752489
tess:156002545,8.35163264552,-51.27871625504
tess:156066700,236.87629389795,42.81049311652
tess:156080156,237.45704901194,47.47280372813
tess:156084049,11.36731003902,-51.62609382419
tess:156255923,259.30401573058,13.72243305841
tess:156313278,260.43046584525,15.20469657244
tess:156423129,195.48517770979,24.7957984723
tess:156424092,195.61503197682,28.94010994863
tess:156642128,215.54977425822,28.12860755356
tess:156648506,216.15215765399,29.73875443575
tess:156692471,216.50903841859,29.22865946512
tess:156756455,103.21040401657,-38.65236697566
tess:156789871,107.33427571782,38.84488260299
tess:156833628,98.44820647678,-43.694252357
tess:156920968,99.28432150766,-45.59074114139
tess:156933657,99.50907029159,-45.23014179554
tess:156986191,178.64616814077,19.42782618757
tess:157212164,105.4657645546,-39.36789437087
tess:157272202,198.4042006222,56.70826748663
tess:157321951,176.90520861075,-35.37408983145
tess:157836797,203.83320236534,-2.47938721171
tess:157858244,204.41174277518,-0.16585110286
tess:157861933,190.79494627893,48.41881055057
tess:157921708,261.03641663524,-34.7984550723
tess:157965878,218.52620572143,25.49207611736
tess:157965879,218.46491763559,25.4923643512
tess:157966059,218.4495679042,26.39039490244
tess:158003046,215.82900150744,47.83842576998
tess:158021424,220.21896082764,27.3575287722
tess:158034317,217.15843987164,44.3983532125
tess:158075492,220.34333781411,29.0588056815
tess:158112413,91.22263546363,-46.03877576361
tess:158233589,287.30608532378,-51.6243645846
tess:158463000,219.85558363156,54.99051472407
tess:158494479,219.97165607069,56.61439534884
tess:158495882,220.16362563249,59.87880266166
tess:158595208,22.03608731426,-52.63865208516
tess:158596311,22.12607366987,-49.35261501
tess:158619289,224.11877146733,56.05610586372
tess:158623009,24.20914793797,-53.80064919232
tess:158624542,24.3367513722,-49.19566017135
tess:158646362,24.93812586111,-51.71145315866
tess:159047957,289.38368029561,44.82594081032
tess:159051209,289.34144612382,46.98823175875
tess:159172010,289.71356869626,46.94540488572
tess:159202776,203.58116392816,24.20511211206
tess:159209261,202.89055606541,58.95286245659
tess:159216250,289.82075989267,42.28397623146
tess:159331748,232.34830488472,80.45026832502
tess:159346490,236.23571027946,79.51714464274
tess:159420856,240.86023232672,81.70584712047
tess:159509763,247.56288984754,79.15868699515
tess:159510109,247.53519120455,80.30747909839
tess:159570042,197.20154154999,37.04825844792
tess:159613297,219.82676829381,61.27362430451
tess:159613447,219.82016659918,61.93127371886
tess:159613900,219.75087895717,64.29166038096
tess:159628098,317.82187862934,-36.10576777186
tess:159769293,234.46005395619,51.53768189502
tess:159835781,320.19413661346,-38.78144263532
tess:159892360,269.47719042349,40.62119101939
tess:159920432,239.82675418817,51.72248147979
tess:159923666,49.01277543581,-37.42285502939
tess:159930156,221.71148755183,-38.97598566233
tess:159940256,240.44774840433,51.34779178519
tess:159973423,50.10617365584,-38.31985842175
tess:159989026,50.58336666517,-36.63717288402
tess:160007158,190.86250602514,23.99539051433
tess:160010717,192.19603436881,24.84022785194
tess:160064742,340.07012748265,-38.98384030811
tess:160074646,346.32612649481,-38.66008863244
tess:160113240,359.56393483163,-39.59279069626
tess:160146138,237.50660844709,87.03074134307
tess:160163644,242.19658441745,87.21186205844
tess:160181820,79.56918269674,-13.8159923153
tess:160298807,187.25186028525,78.95080900128
tess:160417350,226.86493842882,-46.01871432599
tess:160423277,235.49879680072,77.04506711724
tess:160438364,236.40874731556,77.5990717149
tess:160472901,237.43455554105,73.70276025033
tess:160494462,239.97717796761,73.83294300996
tess:160518690,240.12674920857,75.56633891435
tess:160518870,240.00045334,76.25631349041
tess:160520118,240.39324389967,74.13608502976
tess:160600918,244.28005312749,75.29933946787
tess:160633268,227.1572303455,-44.38806954012
tess:160658714,275.18220391631,-52.58442014967
tess:160689461,261.85640371631,-33.28025872929
tess:160701354,227.16041624923,-44.01443874286
tess:160735199,323.30454341146,34.53504868884
tess:160807230,323.47637439096,32.86918506357
tess:160841636,275.79067369058,-49.69372648724
tess:160890392,227.68006133456,-43.71691474992
tess:160890430,227.67338186337,-43.72987174245
tess:161001323,220.84303711369,51.91810910044
tess:161029652,223.21366553663,48.79075565958
tess:161039892,276.2955558541,-48.7990311763
tess:161045717,223.55349826073,48.67947620398
tess:161059238,223.98260860144,49.08358985157
tess:161154963,339.13399169105,-52.26763108827
tess:161172848,339.87613964771,-52.08813225206
tess:161174284,340.0790181204,-49.51700695866
tess:161174286,340.077856401,-49.51791192408
tess:161175802,340.39959392967,-52.30610499928
tess:161175809,340.36149321525,-52.28133556008
tess:161267354,341.67506085354,-51.46874385606
tess:161356637,343.86338851447,-52.30270777608
tess:161384122,345.45606769375,-53.2854511361
tess:161401705,345.42541143675,-51.46837537017
tess:161458967,346.05842719413,-48.78594168708
tess:161476008,72.97308107702,-46.78702905378
tess:161661871,215.44028812744,23.69067499358
tess:161728069,237.32048113157,55.37782951779
tess:161730328,237.73184291162,55.99075212523
tess:162035117,330.73906374168,31.14632546441
tess:162091088,168.20020125853,-42.68722179632
tess:162145566,168.32447717045,-43.44321032976
tess:162208751,168.71360233057,-43.81260936593
tess:162518646,242.79920410761,50.8277737078
tess:162555123,243.55928443347,51.96562262492
tess:162577229,243.81385003413,49.16244241585
tess:162582602,170.26227429972,-46.4419193692
tess:162616410,245.16095140896,48.68724451832
tess:162632186,245.86164409582,47.87719691695
tess:162677379,170.7403031257,-47.67006582718
tess:162686696,246.46946541129,48.33664397139
tess:162990183,172.04928014198,-44.5612450228
tess:164380577,305.09898725856,-26.63853896035
tess:164406353,305.51638386287,-26.97074093147
tess:164752884,25.80969956719,-21.61977176625
tess:164788273,27.47850562361,-22.54432413868
tess:164879360,104.0686589773,32.44450586681
tess:165109941,323.04792770187,-40.19813888077
tess:165266362,192.25000121212,-52.19914444787
tess:165370765,200.68311858945,47.18683280811
tess:165428428,173.20593527772,12.17359431986
tess:165453878,200.84071777441,50.82676706409
tess:165454978,201.08766233736,48.8851006951
tess:165470014,202.2508469388,48.0570992904
tess:165501404,265.6448242104,58.4304287418
tess:165501913,265.84262872279,59.84965598953
tess:165551136,266.68200378063,59.23259387594
tess:165553033,266.80118325736,54.51913152152
tess:165555520,266.92456418001,59.82434636945
tess:165626871,228.03539101855,55.9193632942
tess:165658743,229.75095822676,54.78041731135
tess:165685226,163.00959784808,33.04391837073
tess:165719269,230.81627862905,54.84823059894
tess:165721304,231.1629407828,57.74937998085
tess:165729690,204.19533259934,-40.99583499441
tess:165858635,131.10096824802,30.48658809447
tess:165976940,195.35808117721,31.37654600443
tess:165978900,195.63941024588,32.43325263346
tess:166150466,215.92047632123,65.39550683748
tess:166179695,217.93089728034,61.08676857893
tess:166527623,207.52616511104,-40.83579951616
tess:166532356,134.85438203382,32.19333159388
tess:166555862,135.07433633093,34.8625831526
tess:166669170,209.318954744,32.18728784357
tess:166738041,36.46699628056,-52.96448638697
tess:166739932,36.63471083998,-52.4880380482
tess:166741952,56.25667654775,-31.85292716043
tess:166762800,56.91200432029,-32.10405903922
tess:166787846,38.57780635309,-51.47949237811
tess:166790922,57.76109130865,-31.27290842175
tess:166791648,57.7127122467,-34.7985931746
tess:166808151,39.21542303409,-52.0510003963
tess:166835568,39.68450131934,-52.95084808871
tess:166852312,40.44514849159,-52.99788762469
tess:166874846,59.66367418238,-31.59505366297
tess:166933322,60.29157793174,-32.84472160106
tess:166972537,94.58640105488,-69.16234054598
tess:166975595,94.91739580171,-71.48778093123
tess:167006493,94.81223533467,-68.83138952426
tess:167006919,94.96484856664,-68.43269114116
tess:167043194,95.48843424137,-71.22597289539
tess:167084349,95.5820643559,-66.61518683997
tess:167086201,95.79479862237,-67.42341987508
tess:167087044,95.88540838169,-68.31294937093
tess:167089430,95.78256540073,-70.94477118889
tess:167120830,96.21561671416,-68.80313023343
tess:167121581,96.10611918211,-68.0200740086
tess:167123841,96.30178309272,-66.4862008404
tess:167163906,96.32326850376,-71.3623135791
tess:167164775,96.70735327537,-71.38304341559
tess:167165793,96.74816136595,-70.09477071764
tess:167207566,97.17848372184,-68.44357250423
tess:167207809,97.20866810252,-68.13024307915
tess:167247077,97.63933092494,-67.60266605653
tess:167303382,97.98639225065,-68.70986352158
tess:167305187,97.91084589664,-66.22593295557
tess:167306154,98.18759549233,-66.94848203332
tess:167309586,98.06017652353,-71.964343778
tess:167344029,98.75964804156,-69.86441081963
tess:167344043,98.67078762872,-69.88504236772
tess:167344197,98.93440467801,-70.09834731319
tess:167417695,99.78502475447,-69.65875393393
tess:167419169,99.7487746592,-67.22221853256
tess:167422188,99.84293210649,-69.57006351772
tess:167451381,33.24009854558,-6.38518805925
tess:167486555,72.11516339842,-10.87132122527
tess:167487441,72.07253223977,-7.92034148549
tess:167524310,100.41849232745,-65.06950407678
tess:167524561,100.52772581507,-64.52484005315
tess:167524563,100.53059737738,-64.5239157227
tess:167525513,100.40129505509,-62.56297369346
tess:167526213,100.59686243631,-61.22496948789
tess:167549764,100.6235111692,-63.64752766375
tess:167550778,100.83650480674,-65.65437694422
tess:167574282,101.39569482914,-61.32053136142
tess:167602025,102.06284051613,-62.53799185542
tess:167655573,102.52214799764,-61.34889088695
tess:167659084,79.33310850447,-40.75254843257
tess:167673786,79.91677534807,-36.01779206476
tess:167694800,103.00551554867,-64.84545875316
tess:167695269,102.88177687023,-64.0080908764
tess:167696018,102.89519662195,-62.71805316692
tess:167704195,216.58892944469,-36.73494912471
tess:167719618,103.0935128371,-65.09738815611
tess:167719689,103.07953256041,-65.25890892926
tess:167721559,103.53030741581,-63.08739065384
tess:167752123,103.80961692095,-63.25039046215
tess:167752664,103.99282650467,-62.24725127609
tess:167812449,104.78244072601,-61.84006619365
tess:167812509,104.98406156044,-61.74995500964
tess:167813580,104.96302619856,-60.14410327612
tess:167814656,104.99856441627,-61.33618047454
tess:167814740,104.99489436265,-61.48113033282
tess:167861792,193.42511816982,-51.84103884797
tess:167885029,163.26889489707,-20.62820621132
tess:167888669,105.11234121965,-64.57066644823
tess:167888675,105.13826698192,-64.57441704863
tess:167890991,105.29369862276,-63.2002734379
tess:167894019,105.70931555543,-61.04653483188
tess:167923097,151.68492458394,-27.10143586208
tess:168304562,290.2150730038,-28.65715935975
tess:168442621,290.51610035356,-29.52305817449
tess:168633690,60.64229307906,-30.13383716606
tess:168655389,60.77005384926,-32.99010336056
tess:168696027,61.46762553948,-31.64398327718
tess:168699704,213.08186642986,44.91001342474
tess:168791352,63.61574303618,-32.99903120568
tess:168850205,64.73230607555,-32.39837934797
tess:168871868,65.10065245388,-31.08156940331
tess:168883274,291.3810456639,-28.06031907744
tess:168884340,291.43905672575,-28.68099450938
tess:168942250,126.13857906002,-1.14841192834
tess:169226822,160.55868162289,-3.83507217317
tess:169253572,355.6822807697,-31.22308500374
tess:169317023,292.44769360549,-28.45019839614
tess:169398211,76.9437647178,-15.75780221778
tess:169530132,78.00088488946,-16.39522989777
tess:169578947,293.16804996148,-28.01980901182
tess:169578950,293.08821226838,-28.016363157
tess:170588425,185.69550363942,-35.59459219051
tess:170672914,67.02252533085,-30.82960176284
tess:170729487,67.93890166255,-35.59459706317
tess:170764920,68.58534374823,-30.01147539192
tess:170764989,68.6563058537,-30.05283439634
tess:170788866,69.33899153755,-32.25623653706
tess:170805918,69.94087799934,-31.75223419519
tess:170848177,70.21760213647,-32.34956969835
tess:170883790,139.0868605065,-2.03000297411
tess:170889511,139.48076388847,-3.38725092407
tess:171656625,204.17328646105,13.95278980192
tess:171731080,204.7409576229,14.82138051797
tess:171848237,96.96609774322,35.00333716372
tess:172422002,99.02486351194,31.79797177871
tess:172533278,143.18233097917,26.98853005067
tess:172535716,165.18941405782,26.72196847998
tess:172606496,238.26497236583,17.32667580493
tess:172703682,101.13654863097,-28.96602609778
tess:172950394,129.40250886699,33.14985493685
tess:173088921,102.43911491289,-28.98807757901
tess:173106117,213.60847635306,34.4549631373
tess:173163670,173.28979414395,-4.56714014262
tess:173418717,347.49531062259,47.95940275312
tess:173673173,112.67713220155,-37.33936227824
tess:173856518,350.27885507599,44.33752280384
tess:175298549,347.40138088759,-39.85265593281
tess:175305230,116.0939463863,-37.88209479969
tess:175391179,348.88016202251,-36.82477980477
tess:175456846,350.51781205159,-40.90419231506
tess:175491080,45.19526871839,-37.13382087464
tess:175533740,46.17208661719,-36.59460851297
tess:176591772,87.57766938851,-5.77060533545
tess:176736724,235.56211846047,-40.82263660891
tess:176865188,143.23292714035,-20.8835862472
tess:176873028,100.94269093963,-71.97649777865
tess:176875632,100.81530846724,-76.70093438832
tess:176875890,101.10878791488,-77.24574142522
tess:176932493,100.22887821408,-68.69890943025
tess:176954188,100.78232540452,-71.435154103
tess:176955267,100.92754039257,-69.48169120445
tess:176980970,101.60119951494,-70.63417864055
tess:177019667,102.08107014034,-67.86396626969
tess:177033827,102.65557671459,-71.62297282709
tess:177036977,102.78842990374,-66.70210388686
tess:177038077,103.10960371209,-66.82644362296
tess:177038886,102.92960373972,-68.00734415001
tess:177079275,103.29875989956,-67.61181299403
tess:177086342,356.25673188838,46.31191909749
tess:177115001,103.74231925351,-70.4566682937
tess:177115978,103.8821070082,-68.90424515819
tess:177116487,103.85498084373,-68.10582305101
tess:177160238,104.05971828973,-68.21553848055
tess:177161030,104.18747989735,-69.3579085695
tess:177165867,104.44577030392,-66.98580750019
tess:177173860,104.78953290931,-71.83628098814
tess:177174910,105.16404651985,-71.15384724574
tess:177252917,101.74325029205,-72.20991123575
tess:177255509,101.6261388615,-76.38772334482
tess:177255827,101.67724894317,-77.00060848759
tess:177258092,102.17337336901,-74.40256858698
tess:177281989,101.97334078244,-72.65589979984
tess:177282637,102.67063549646,-72.10486920382
tess:177308364,103.42205303639,-73.07551237256
tess:177308385,103.22334601372,-73.12092895692
tess:177309964,103.45249535419,-75.70399174108
tess:177313167,103.84979287509,-74.04857435492
tess:177349901,104.25921024399,-72.03813743526
tess:177351190,104.01922593365,-74.03313434005
tess:177352893,103.97557291764,-77.36933529944
tess:177353450,104.66123499165,-77.18563352636
tess:177387380,105.07419915144,-73.37724282407
tess:177389302,104.94035163983,-76.80729091192
tess:177975382,48.93671564007,35.94844224443
tess:177995773,49.05696009444,40.74876445825
tess:178108104,49.78170733087,39.56958670924
tess:178170326,43.09765965635,-33.9406289832
tess:178170802,43.05835155629,-30.42111507034
tess:178199109,43.51161302716,-35.90469062406
tess:178216035,58.92684674576,-22.60795207073
tess:178249461,59.43300139271,-20.26779254971
tess:178271064,59.67039511248,-23.60869704511
tess:178274324,60.01360153959,-20.96613179418
tess:178284730,60.38562447429,-20.4510863607
tess:178285451,60.52346328116,-23.7005006474
tess:178350442,61.52200617411,-19.29429105455
tess:178352046,61.82350032351,-23.6446997687
tess:178473930,123.92023342266,-1.91816278589
tess:178669605,125.21788544579,-2.27754889801
tess:178777356,65.94467923583,-28.80672420662
tess:178828796,66.35632458927,-24.02352106068
tess:178855806,66.58106253773,-28.78048873861
tess:178856493,66.7207511216,-28.22033248145
tess:178869788,151.19246455002,-1.3441534081
tess:178875245,151.37191192755,-2.94684415548
tess:178893343,67.59709568992,-25.53084137264
tess:178894533,67.78278894984,-29.40964443426
tess:178938417,68.27588128244,-24.01330654539
tess:178946024,68.67618436234,-29.30050101729
tess:178953404,69.09643343424,-25.58781991543
tess:178969455,69.61622099179,-27.52812214338
tess:178969585,69.68309254261,-27.03383475892
tess:178993867,69.79619485441,-28.28946970241
tess:178996794,70.00928635573,-28.07537585398
tess:179015210,70.34993193122,-26.72968649359
tess:179034979,64.31302239309,-24.44033340053
tess:179038379,78.99686670199,-67.27370011655
tess:179040607,79.03066736633,-68.25981670214
tess:179049541,64.56787248288,-25.27121128466
tess:179050471,64.58620911818,-29.63880435534
tess:179130687,210.58636222205,-41.74745525986
tess:179315999,79.76749128666,-71.06784124943
tess:179369970,79.98434729162,-71.48529622613
tess:179440946,79.98831375564,-66.23242602523
tess:179441174,80.05778664309,-66.07368167159
tess:179951420,214.96612360319,-41.04953370881
tess:179985566,13.8618367638,-37.52398853151
tess:180412528,11.35157681143,-77.86864564927
tess:180443507,15.24092448953,-36.31004872755
tess:180552080,15.31269492687,-40.20796356729
tess:180654297,199.78160268365,38.93003914215
tess:180669384,200.1570566469,38.25736576812
tess:180675706,201.16922828789,38.64179099701
tess:180724005,15.71271222666,-37.62882545851
tess:180759551,272.32323691138,33.3303792176
tess:180872017,15.95268899457,-37.47672252902
tess:181571106,281.06766065939,-44.85651248717
tess:181861059,190.21088768548,-16.34248600451
tess:181878236,190.61310312096,-13.52513970036
tess:182078288,14.92112284956,-75.81382902697
tess:182989736,124.70900738463,-39.65089657326
tess:183306102,17.97791908246,-75.70208234916
tess:183495016,18.33976334644,-74.27731664175
tess:183532609,359.90029660567,-35.03136763425
tess:183535753,5.56709233835,-36.1261794874
tess:183536423,358.02454877621,-39.28830758781
tess:183537452,357.87951673423,-39.90673887952
tess:183562569,11.25464470413,-40.24166444416
tess:183588878,17.12401947136,-41.6335657719
tess:183596242,18.36725344386,-38.35085419189
tess:183984201,358.74524864697,-38.25249265128
tess:185195391,173.21947167624,-11.2792541028
tess:185220522,173.61733478472,-6.67409121173
tess:185221943,173.69656957735,-11.75843616259
tess:185249195,232.14991753462,-25.92194316044
tess:186302615,17.7890923823,40.69250434491
tess:186476428,233.55354771657,-29.44857561445
tess:187030871,34.55551070203,40.09701427277
tess:188043641,160.86779846702,-29.0642859231
tess:188540010,237.22670392533,31.49871799821
tess:188573066,343.02189683214,-15.54761982431
tess:188575453,238.81942242227,30.77467499949
tess:188586529,343.45705281357,-17.35998470578
tess:188626183,350.28445511577,-13.46294559769
tess:188627070,350.32970499953,-17.76034264206
tess:189012354,79.11154312732,-17.74038961537
tess:189315969,234.19225194443,-50.17076155332
tess:189358566,21.61320302418,37.37558243634
tess:189570671,143.71697317106,-27.02381450536
tess:189719361,94.19558176789,45.26743237756
tess:190271688,221.34362170199,-54.76113885002
tess:191408320,10.36917199212,45.93244020921
tess:191881874,102.42370399568,43.5714505785
tess:192071095,104.78129825359,43.61764782323
tess:192087959,137.07145334819,-37.1148696107
tess:192848409,83.2514346618,-41.59629562857
tess:193065612,156.23137465723,-28.09926104262
tess:193319349,177.93709220176,-17.19503155845
tess:193578494,265.83678219986,43.74796455662
tess:193972656,229.88782017116,50.1521369323
tess:193990956,230.81852957678,48.22719377347
tess:194464502,4.4200429803,38.59820433395
tess:194744695,260.11560478644,-39.90031621397
tess:196523880,16.2410518905,47.5356355827
tess:197598732,327.43670716601,-41.64243809767
tess:197644539,328.51541179499,-36.5606774609
tess:197684312,329.12352272392,-41.03280726084
tess:197757864,331.47340667126,-37.21721870155
tess:197763087,326.93337231489,-55.65459721566
tess:197787320,51.06269470933,-59.02019074353
tess:197790801,51.4771983317,-55.21679228128
tess:197805226,53.19275851997,-59.81149171748
tess:197806534,53.07134039237,-54.16107087049
tess:197807302,53.61287865217,-56.49639130162
tess:197829751,54.19850788513,-55.7522497029
tess:197866263,55.48414106694,-55.7069350551
tess:197866266,55.48368768504,-55.71133418418
tess:197879574,55.98261147891,-57.94595861273
tess:197881872,56.14745343736,-59.20591152904
tess:197884260,56.72575354624,-57.5606124862
tess:197886395,57.26536531986,-59.27578789395
tess:197889083,57.57723220862,-59.26904691906
tess:197889420,57.74293706707,-57.75321827821
tess:197891904,58.0266734626,-59.0795652395
tess:197933191,59.29007424954,-57.28004424046
tess:197959361,348.16931589987,-53.2017580614
tess:197959754,348.197029339,-52.67123129615
tess:197959959,348.21797506097,-51.69615462394
tess:197961755,348.44675969509,-52.64212963573
tess:197987557,334.95740343352,-58.27147698367
tess:198003939,59.80549592577,-59.66746089869
tess:198006712,59.98849177876,-59.79852250826
tess:198006880,60.12030871212,-59.30857435942
tess:198034151,60.89131668708,-55.49865118016
tess:198051539,62.98195055242,-58.02983415812
tess:198073312,63.13870878048,-57.64103279146
tess:198076334,63.65039146676,-59.08967836014
tess:198154025,211.16192578095,43.67872465874
tess:198178105,244.41001390996,63.07749334352
tess:198179808,244.55691081191,63.94153506019
tess:198182547,245.12437216226,63.70332213608
tess:198186788,245.73302950344,62.83002442786
tess:198187049,245.72792392486,61.69463168133
tess:198188151,246.12729858924,62.56759991013
tess:198309067,230.54605672647,41.61916793762
tess:198311040,230.80997039654,39.1307262001
tess:198315332,234.05739304679,60.60145984019
tess:198382838,257.53176864716,58.40781788154
tess:198384408,257.78519175049,56.65916066334
tess:198385916,257.96128950666,55.5605285821
tess:198387206,257.99419832192,59.44271458546
tess:198388049,258.09943312151,57.70065901017
tess:198391312,258.55791022824,59.17801444193
tess:198392870,258.51055793132,54.22093163893
tess:198412367,259.38602849608,59.42331889742
tess:198413432,259.25820968595,56.20519277695
tess:198458877,262.01174359491,55.67782265447
tess:198459363,261.98916181661,57.16799408989
tess:198555714,238.07582949941,65.94331629137
tess:198563854,255.67492799075,44.63689892764
tess:198582674,256.06978136444,42.53364721141
tess:199523459,240.02566016194,63.14346224638
tess:199524888,240.34184675854,61.87729124654
tess:199571279,241.31294691961,63.07746759875
tess:199572235,241.56312771441,61.05697577632
tess:199610621,249.05426694483,58.97387755769
tess:199632128,250.17703988746,56.62859408826
tess:199633652,250.53381803025,57.28811911195
tess:199634775,250.61955919103,54.46759716297
tess:199660709,250.9826031014,58.6545156909
tess:199664165,251.45045366611,59.24791362988
tess:199665230,251.92297963012,56.89249195963
tess:199667470,252.15033432415,55.12936356448
tess:199667571,252.16865884857,54.73009452026
tess:199708668,253.58766230368,54.88782573092
tess:199715916,254.4309223825,57.49722594914
tess:200339945,76.74467213197,-44.87967661932
tess:200384792,77.97290524149,-42.88299944725
tess:200432546,70.07659700169,-46.29331478659
tess:200441008,71.03080486688,-44.10977171303
tess:200668936,3.23230925362,-52.13783417972
tess:200671353,3.46653982782,-50.83882180486
tess:200724225,47.62320391208,-52.75219441177
tess:200743349,49.26920515815,-48.40275846402
tess:200769811,50.39697786776,-53.83286614329
tess:200863862,54.10771242517,-48.39719216336
tess:201165398,283.39070388685,-40.47575038716
tess:201226029,358.19014917974,-52.49983128247
tess:201229439,358.76843601339,-48.49433454777
tess:201233593,359.44507714735,-49.40018431244
tess:201235367,359.84062326334,-50.91670270716
tess:201248233,0.35622102368,-55.66364830928
tess:201250285,0.62305817917,-56.89713698928
tess:201251167,0.81960519808,-55.27474965406
tess:201252826,1.14557190819,-56.03682935513
tess:201289286,2.32795551742,-55.09928729159
tess:201292296,2.95475164978,-55.36432051816
tess:201293664,3.20937205695,-57.91260986801
tess:201307948,3.79229054811,-59.33236463136
tess:201353934,5.33334709887,-54.73223768383
tess:201391310,92.14111663909,-34.04859934435
tess:201741934,2.1447024116,52.04897596006
tess:201752612,33.13574730572,-56.68525090358
tess:201753428,33.24245564451,-58.85504192407
tess:201789285,33.88866035131,-56.4548633953
tess:201792346,34.3684888864,-59.37880152995
tess:201795667,35.21412782392,-58.39475379075
tess:201795716,35.1311791168,-58.61486639012
tess:201799091,35.83661369538,-56.54852843
tess:201857950,37.44113504533,-55.6971901561
tess:201858667,37.5869411316,-55.412972033
tess:201860785,37.93028497746,-54.54023433188
tess:201860787,37.92569041134,-54.53925172672
tess:201861769,38.08059485748,-57.76992833866
tess:201878287,39.13524850287,-59.46820700908
tess:201879471,39.10951849313,-54.16652901301
tess:201883033,39.75489897504,-58.18717922596
tess:201897406,40.32971449427,-57.42184046727
tess:201898220,40.51693787276,-53.98333935382
tess:201898222,40.50857832553,-53.98740739877
tess:201919099,40.63760638518,-57.6602306932
tess:201920975,40.98563646177,-58.58098829584
tess:201938513,41.94328680343,-58.07426963808
tess:202381829,209.72354060596,64.96323427125
tess:202424768,226.22816890992,63.74164779951
tess:202442477,227.81499330429,61.21024385816
tess:202489338,229.53087985248,64.03904354666
tess:202509019,231.43094325232,61.28636116661
tess:202509442,231.98401908523,65.25902877279
tess:202767822,8.15902425406,50.5949918264
tess:203152366,106.74597960297,42.8674768456
tess:203383301,206.27278896456,-20.52884246088
tess:204296284,345.52015708602,-23.46806986691
tess:204322922,346.60646168075,-23.16730991152
tess:204375878,348.10623393263,-21.02466159249
tess:204376737,348.1572369407,-22.67396596902
tess:204447069,325.82996792741,-33.93563426128
tess:204450571,326.23655470911,-31.58417234819
tess:204452273,326.2734282995,-35.51557186502
tess:206280648,334.71927066245,-17.13802323427
tess:206283441,338.59639390204,-16.99587999362
tess:206327047,354.08134804846,-52.53268350152
tess:206327795,354.07614022764,-48.58807338999
tess:206327797,354.06615281132,-48.5835376201
tess:206353405,355.08888381389,-48.90177973691
tess:206358152,356.01467846945,-53.68736829562
tess:206386168,54.51336035328,-51.59195530362
tess:206386455,54.51844773948,-53.0648755653
tess:206402844,54.92956687673,-52.91583781881
tess:206402884,55.05475686652,-52.72933325884
tess:206457571,56.31151034894,-50.84770339923
tess:206468815,57.01760020105,-53.6068604594
tess:206470914,331.14103455887,-20.50816561082
tess:206473269,331.20721000275,-23.7295600557
tess:206483382,331.77087278297,-18.25682792411
tess:206488312,331.88157346177,-21.08138597818
tess:206502540,15.89927170078,-55.26583250255
tess:206528727,16.67100379778,-54.39264038244
tess:206529986,16.68637096155,-58.8749631897
tess:206537793,332.92540895269,-20.73841158984
tess:206542524,18.31843994816,-54.48717323537
tess:206544316,18.4180198357,-59.6595635897
tess:206547496,333.22100879087,-21.48426541833
tess:206548902,18.64248636198,-53.94211405664
tess:206552731,333.46880149059,-22.26446078763
tess:206556127,333.65983908628,-21.69813390987
tess:206560410,333.80691769458,-22.84185772426
tess:206592394,20.83856208537,-57.48074712586
tess:206594720,334.38613719144,-23.70665556758
tess:206597445,334.60328436899,-23.20538695771
tess:206609630,22.55002384075,-59.5832461659
tess:206610657,22.80044477953,-54.17042971506
tess:206623351,23.69178708513,-57.13232932169
tess:206624740,342.15994240086,-31.14464255781
tess:206649739,342.53203303156,-32.22100028368
tess:206652634,23.88477564779,-59.21157174761
tess:206688155,344.22807844972,-33.43965871736
tess:206715967,54.92934623311,-15.34857820055
tess:207080123,320.96965528334,-39.13822268015
tess:207082763,331.97444213022,-37.07329391662
tess:207089214,23.83551653491,-53.59736958183
tess:207108993,33.47061982088,-49.38718011369
tess:207132076,42.83388556428,-56.96410190745
tess:207138379,43.8824326472,-57.04786812744
tess:207140650,44.24030214505,-58.36262429681
tess:207144018,44.7044887894,-54.80422120316
tess:207147334,45.39437043139,-57.71937827003
tess:207148580,45.75290557271,-55.41462577887
tess:207169757,46.20235942758,-54.73853750385
tess:207171932,46.32068601511,-55.83904361235
tess:207172859,46.57667474597,-56.09524592138
tess:207175306,47.00465930889,-55.09245016899
tess:207199350,47.4361226971,-57.54911512377
tess:207201572,47.74707244336,-55.16172445224
tess:207210012,49.06368473791,-54.25570893517
tess:207238086,50.07367044616,-55.60548528785
tess:207343478,204.22537210101,29.77091947196
tess:207362974,205.72000488487,43.89686204455
tess:207392599,204.57844872797,23.57432692586
tess:207400468,242.29947231084,56.51127264166
tess:207427971,243.20912532148,56.90636467029
tess:207468713,246.07267618212,55.33197250177
tess:207489846,246.08130085303,56.96339010717
tess:207492786,246.62904222756,56.01698494819
tess:207501148,247.65752585095,56.39932969366
tess:207502952,248.05569494191,55.69788057708
tess:208672531,245.14579629804,-56.55226015676
tess:209396749,325.66745653239,-26.98465781203
tess:209407838,45.07236430459,-34.35168056461
tess:209430478,45.46822879248,-34.44449149323
tess:209454640,46.14689117499,-29.9930951445
tess:209457937,46.60169202695,-35.7019410805
tess:210541258,244.96073918628,-33.91259519262
tess:211143017,246.64960726411,-33.24671717109
tess:211354464,320.62742582745,-33.6488137659
tess:211378474,320.88576619058,-33.67099108266
tess:211380283,321.00930690762,-30.75206728147
tess:211414575,322.0743510543,-32.90170839411
tess:211433156,322.41475655997,-30.64120621133
tess:211438898,5.0965,-23.7682
tess:212201942,249.43070444999,-33.94808473487
tess:212251021,308.55169800926,-25.64513963465
tess:212252042,308.54387374087,-27.373869037
tess:212254905,308.66304041239,-27.44931005861
tess:212257896,308.82291344598,-25.14995236953
tess:212262797,308.9934764236,-26.01184006791
tess:212289450,309.16649796253,-26.03715340563
tess:212294687,309.51227565549,-28.81837315536
tess:212296228,309.48548892712,-26.31434896942
tess:212297095,309.46152595737,-24.84498711575
tess:212320049,309.71341427288,-26.99526359576
tess:212321250,309.74877018887,-24.90044340384
tess:212324438,309.81170992335,-28.52695505506
tess:212351771,310.41248706845,-26.98333496379
tess:212353105,310.46292671691,-29.68019969114
tess:212357166,311.043011634,-28.32322377853
tess:212384108,27.79552904323,-15.77638270753
tess:212952763,8.30088671704,-3.58753940623
tess:213004737,10.13845828011,-2.87682889787
tess:213014726,11.36651321542,-4.70666578936
tess:213841827,258.34661248013,-53.10576214198
tess:213922986,258.5962034489,-50.46112061614
tess:214300008,339.20186031449,-36.50802502207
tess:214367742,339.80894354477,-41.16747713446
tess:214516789,340.48428745996,-36.40163335984
tess:214517314,340.43947425694,-39.46164407554
tess:214517415,340.50431210101,-37.29285460941
tess:214658291,349.14667389086,-14.54332142249
tess:214664015,349.82880843818,-16.18640080006
tess:214772274,341.63945858373,-39.47920550472
tess:214873946,341.76048679836,-37.03629773541
tess:214874983,341.77819440514,-40.16702465445
tess:214912309,342.11049520335,-41.68155733888
tess:214913527,342.04078660747,-40.75393304995
tess:214913685,342.08724888762,-38.06912199898
tess:214913715,341.87426300794,-37.46424931686
tess:214992249,342.4420852086,-37.85447168273
tess:215053453,342.45195899918,-38.73914739427
tess:215054743,342.69969471346,-38.19923697876
tess:215197039,343.24736078895,-39.38109796109
tess:218876820,297.39031780383,-31.43364193225
tess:218963269,348.03610989533,-31.40111747483
tess:218973487,349.1008640125,-31.84217415651
tess:218985069,350.50679825009,-35.14346954438
tess:219015141,223.13236830411,71.67037077165
tess:219027961,197.28962097672,28.67514544272
tess:219037483,207.83263736279,48.67087459844
tess:219038156,207.82810124599,53.46615689108
tess:219063928,208.87682321226,51.08538282559
tess:219091118,268.7262773919,70.8338897017
tess:219095273,269.42533114324,69.60043375928
tess:219096679,269.8298900313,70.08353534501
tess:219097728,269.6179273751,67.43576722598
tess:219112487,271.87825382452,68.56210343202
tess:219118941,340.1331219253,-57.83849303648
tess:219150432,89.87716664241,-52.64327189015
tess:219152539,89.9568639891,-48.23966827231
tess:219153389,89.91000216554,-50.30913396713
tess:219166792,90.84204114102,-51.2530328658
tess:219173124,91.333723261,-50.09026930464
tess:219176544,91.35506949906,-52.91628656682
tess:219212899,93.39792316925,-53.39249118894
tess:219216107,61.5664077516,-52.30391217762
tess:219237255,64.33732124895,-53.59326354306
tess:219239945,64.52134409461,-53.80142561141
tess:219300878,314.82752519665,-59.03272527047
tess:219323535,328.23948941973,-59.61206042247
tess:219325965,331.54630130591,-55.99335401351
tess:219326123,331.49462727799,-56.47214098415
tess:219328784,333.50108492524,-54.11708896372
tess:219339932,354.79388608437,-54.58798290531
tess:219372829,75.9465475819,-52.8921126331
tess:219380615,76.80677130532,-53.08526009325
tess:219389195,77.07549900001,-52.18576733067
tess:219389540,77.02884394589,-53.27114245017
tess:219394387,77.64199313542,-51.30145926735
tess:219418877,79.71967745263,-51.61414217749
tess:219428871,254.46053984105,63.25039953712
tess:219466784,209.85740221321,74.15150078129
tess:219468632,240.94937123349,46.47656262051
tess:219474870,241.56230779358,43.17102322455
tess:219479795,242.26629244067,45.92522868953
tess:219485088,242.78515998295,47.54232945254
tess:219730283,229.19072262619,77.06383383779
tess:219757132,261.82569747565,64.15265366112
tess:219757178,261.89008771552,64.30077901702
tess:219759861,262.2441705787,60.73344726774
tess:219761084,262.30305724892,64.42677871563
tess:219776325,263.54338433682,61.12129018137
tess:219785826,264.32586672738,60.72953167194
tess:219786184,264.18816217404,61.68991335319
tess:219788053,264.39639005662,64.35205550746
tess:219790615,264.75130779605,62.34647910169
tess:219792132,265.1042995107,65.08096209362
tess:219792306,264.9221770184,64.53640714028
tess:219793117,264.86848143262,62.22910303043
tess:219793483,264.93457008936,61.15269300724
tess:219798137,265.43874755654,60.52393399482
tess:219805839,266.52026167936,63.70672263155
tess:219806074,266.44116793408,63.09167009738
tess:219816151,267.47662618457,60.11416811254
tess:219819987,267.95913257022,61.82473044253
tess:219820988,268.17547886904,60.50248130477
tess:219820991,268.16887069544,60.50355128691
tess:219822382,268.0697608201,64.23594262563
tess:219846064,255.25418045286,68.08527701029
tess:219846425,255.27034476709,69.48862807116
tess:219847885,255.7566631232,68.77183193109
tess:219850833,256.34661500815,69.84748142911
tess:219852286,256.45976925632,66.83566784792
tess:219854858,256.8144034056,67.63977458592
tess:219856738,257.13772978803,71.00778401903
tess:219861470,258.08022308758,67.91110367349
tess:219862138,258.26870482678,66.00925795185
tess:219862957,258.49766043287,68.564225103
tess:219878815,260.95134435442,69.62870084707
tess:219892516,262.61590085657,67.0094538654
tess:219897017,263.15542867266,70.1673131383
tess:219897064,263.03905775503,70.33413345292
tess:219897786,263.29808563173,70.90672488185
tess:219951576,290.07068180118,-58.65316962336
tess:219988054,30.2913609282,-49.27143825905
tess:219993473,31.22152825531,-53.77120855356
tess:219997884,31.784681265,-52.38504221049
tess:219998026,31.82525084242,-53.19903670231
tess:220015845,32.36427345289,-49.55370803904
tess:220017951,32.60799609331,-50.82374089862
tess:220018894,32.79456315009,-49.8408858595
tess:220252808,154.98071235128,-53.49547468803
tess:220322529,100.19201147372,9.82147726569
tess:220389296,67.98313483599,-59.87485197485
tess:220389297,67.98595263929,-59.8739522917
tess:220389494,67.9355872711,-59.18316143911
tess:220391763,68.24071057873,-57.69612261932
tess:220394138,68.53634320347,-55.04659804344
tess:220398321,69.06216661383,-59.45936931621
tess:220405048,70.07582414221,-58.9439123138
tess:220407099,70.32619815973,-56.39533639742
tess:220407530,70.34660263469,-57.92578959868
tess:220408233,70.4423245948,-59.48725972429
tess:220411388,70.63094066503,-59.75205346637
tess:220411843,70.9551288683,-58.57995835778
tess:220414019,71.15336123415,-56.82373993168
tess:220414387,71.14579568617,-58.22554417602
tess:220416336,71.33530319665,-54.79459410997
tess:220417260,71.4416535193,-56.23884907821
tess:220422988,72.10504511129,-55.17613403008
tess:220423064,72.04613326531,-54.8954766513
tess:220429097,72.90556504972,-58.31445613593
tess:220432563,73.43244128501,-58.60687604865
tess:220433363,73.38000657741,-55.86030681345
tess:220433364,73.37727189977,-55.85879584242
tess:220435354,73.50311960914,-58.39552320856
tess:220435980,73.70078646086,-59.29896846114
tess:220436250,73.71722316112,-58.43458044665
tess:220457102,74.34273678701,-58.96718487063
tess:220459909,74.77990435447,-56.18689384967
tess:220460948,74.7933015478,-59.50914150766
tess:220473037,75.16689546463,-56.39929653262
tess:220473309,75.19637505146,-57.2570703813
tess:220474209,75.38491887112,-59.51280427414
tess:220476782,75.60456229716,-56.66044396338
tess:220479455,75.74686610836,-54.54894692896
tess:220480048,75.95924483429,-55.31905626117
tess:220481179,75.96284197832,-58.83536146655
tess:220481295,76.04708523893,-59.22477108956
tess:220482912,343.19098962931,-54.00476772882
tess:220512758,347.59031964491,-59.7130049061
tess:220513299,40.52437336953,-63.58114204371
tess:220518045,41.4577606958,-65.63499898531
tess:220522527,42.30368651711,-62.46958834376
tess:220523369,42.59265066332,-65.76535614632
tess:220526731,43.09237374991,-63.67981126244
tess:220536421,42.97072368891,-61.61794565107
tess:220538514,43.39647776329,-64.33942200861
tess:220538891,43.59734995764,-62.54602297657
tess:220539110,43.44540021312,-61.58846269768
tess:220553618,43.82983297295,-61.43988889434
tess:220556639,44.19611842492,-63.71742369269
tess:220557560,44.361777,-63.691494
tess:220557792,44.51670090933,-62.68709806886
tess:220558700,44.76182318552,-61.3333103147
tess:220570408,46.56036936596,-65.35897912226
tess:220599351,83.07379837279,-44.49216615693
tess:221970504,249.6294649757,-57.46984182886
tess:222012610,249.76725663497,-58.25820263168
tess:224225152,353.00076638258,-39.29366097335
tess:224244458,353.24275415227,-37.81828258947
tess:224270730,354.57257298124,-41.51771656022
tess:224272527,354.64766757869,-40.39489572723
tess:224278523,355.47621757614,-35.97772524863
tess:224283342,356.35696411481,-40.33748256606
tess:224299764,185.57539080811,57.07456025299
tess:224313636,234.24100681558,58.4036062107
tess:225700322,229.97064319805,-28.04074811809
tess:225707690,229.95168431585,-28.74591681244
tess:228463618,357.68337848184,-13.13886518392
tess:228507309,358.21115408878,-16.01937767924
tess:228508202,358.37945584004,-16.19407670568
tess:228570067,358.42586885538,-12.39028045382
tess:229013887,329.70470511662,-32.44041838161
tess:229034814,329.64687764528,-35.18269963929
tess:229038359,329.99749956827,-34.66262507973
tess:229041910,330.18548963272,-34.45819275893
tess:229047362,195.35990019437,-27.52220022563
tess:229058757,332.07358728416,-35.83861818122
tess:229060052,332.17241529719,-31.43609737799
tess:229066844,345.11733823297,-33.74506551867
tess:229070841,354.38896398498,-30.48094105695
tess:229071346,354.28226162276,-33.28195723607
tess:229092618,18.77351628919,-44.27067347335
tess:229096614,19.42328016654,-43.92933784677
tess:229098638,19.81192130748,-43.62984161256
tess:229105380,17.53698058624,-49.18857448378
tess:229118094,25.71141832768,-50.20508077723
tess:229137237,25.69547174227,-51.44640875645
tess:229141941,26.37765117945,-52.50544576021
tess:229142295,26.62228711921,-53.65905108252
tess:229144144,26.70043505893,-51.89429067109
tess:229145550,26.92712560633,-48.601481869
tess:229147247,27.20245769133,-52.02107190924
tess:229147922,27.19886624489,-48.52098652401
tess:229147927,27.17036122872,-48.51441947845
tess:229151691,28.06094113518,-52.32588481615
tess:229157853,28.95545094964,-52.84077320571
tess:229159245,29.31511133468,-48.80157984359
tess:229406488,292.84069330944,65.60778074153
tess:229409655,292.93570854789,60.86418224241
tess:229411011,293.09621718921,60.62750513765
tess:229451170,294.12691483014,65.05035760927
tess:229456081,294.82341297688,65.47152903088
tess:229480487,295.5248500188,65.78049621202
tess:229497278,296.45575997984,62.35107738826
tess:229508304,296.94344903224,63.86040284554
tess:229544558,197.69420621371,-24.17924503
tess:229549056,183.1826392174,61.55597001698
tess:229616425,278.34920154376,72.3115244314
tess:229640059,279.11257660199,71.88772401359
tess:229643811,279.57665232191,73.79183829743
tess:229651583,161.53847341764,25.76102512465
tess:229660099,228.19891693898,27.9265465404
tess:229672151,252.35179520714,72.10042482981
tess:229710567,278.46035060697,70.04240247837
tess:229743674,279.78814922368,67.50789333889
tess:229743729,279.75149886885,67.38742143645
tess:229752227,280.60440880463,70.99391646383
tess:229764231,281.60619730472,71.48029240935
tess:229777206,282.79383266916,67.45122115989
tess:229777671,282.71896177423,66.44577734538
tess:229788228,284.09655554311,67.86943993351
tess:229798985,285.32630083644,69.55199264658
tess:229807000,352.2401561443,-68.04278492383
tess:229807051,352.3230267523,-67.83335784068
tess:229910322,287.17495513345,61.20102165643
tess:229941419,288.08737202227,62.19923561198
tess:229974816,289.9269088929,60.85544800121
tess:230015742,291.50522606894,63.89309414622
tess:230015746,291.51501073311,63.89040611293
tess:230063769,229.97795669079,69.41682788174
tess:230070765,243.32467052074,66.61462476567
tess:230075227,244.37699434152,68.89451393715
tess:230085290,246.3717606919,71.38457151878
tess:230086683,246.78430420471,66.43739506453
tess:230086863,247.00793441562,66.09829902206
tess:230088977,247.35293745983,68.93029013076
tess:230091098,247.50975239929,71.64355510873
tess:230091377,247.90335584318,70.94074517254
tess:230112732,248.49317888449,68.31538492094
tess:230118494,249.58414779047,70.3362575512
tess:230120153,249.93151203458,67.63290713597
tess:230121095,249.9239480356,71.25290019786
tess:230123572,250.66073699278,68.1021644946
tess:230126341,251.20409855638,66.77968428345
tess:230130635,251.78636373286,70.41860316096
tess:230132420,252.1727604035,66.5023695502
tess:230133406,252.41450230175,68.73601159026
tess:230199213,226.88752168275,50.93321563088
tess:230391018,286.38248469962,60.46828004131
tess:230977118,300.37861636166,-55.75408680969
tess:230982053,24.49496674089,-56.7624523734
tess:230982885,24.60440283226,-55.77209075655
tess:231005052,24.94818719996,-56.19644755727
tess:231010945,25.81556960513,-58.96103208482
tess:231013287,26.20271760362,-59.58220512705
tess:231017428,27.10907789851,-56.97818283342
tess:231018878,27.31026318216,-55.40635367942
tess:231020638,27.73708851372,-58.73422439724
tess:231020924,27.68932447823,-57.28021778608
tess:231021709,27.8939820596,-54.26876752298
tess:231050862,29.31103883591,-54.19468339618
tess:231058925,30.77747208937,-55.76167870004
tess:231061242,31.14651662133,-54.88168008258
tess:231074032,67.54674445547,-67.87754961089
tess:231090784,68.93933310035,-67.11472170791
tess:231097153,69.11889691014,-69.07793886807
tess:231122278,69.55501444748,-68.81165782884
tess:231240261,330.77036208728,-50.81319834945
tess:231267777,334.56505603416,-53.62707398748
tess:231267979,334.66708778709,-53.44462771217
tess:231277216,42.17107298907,-51.05474141215
tess:231627423,316.95108588663,-57.03456998377
tess:231631019,317.60564616025,-54.57374435078
tess:231631020,317.60709494478,-54.57448991791
tess:231632372,317.52561104651,-58.19677191893
tess:231663118,318.80792087584,-58.0462047763
tess:231666186,319.01533076422,-58.50875611985
tess:231669332,320.0230306144,-55.11873436935
tess:231708319,339.82095188358,-57.21825620518
tess:231712555,352.1927033469,-55.85027904151
tess:231713112,352.51153377735,-54.31424147651
tess:231713114,352.50733143142,-54.31697231299
tess:231715395,352.66130636902,-55.44484159772
tess:231720363,80.77374808215,-51.63905370486
tess:231721488,80.98924816174,-52.61863432047
tess:231742782,78.08328200827,-67.13229128738
tess:231742789,78.09520928001,-67.13399621447
tess:231810457,85.41599120187,-53.79592733516
tess:231810586,85.59082858288,-53.7574748422
tess:231828370,23.0204902387,-63.04955244289
tess:231828950,23.0339419882,-60.39821253008
tess:231829723,23.25397678233,-62.8978726611
tess:231830359,23.34015978144,-65.73685998225
tess:231831315,23.66380835138,-61.69668834856
tess:231832156,23.87557619626,-61.96718406658
tess:231835378,24.42210808282,-64.45015293601
tess:231838187,24.90025241468,-64.92924201972
tess:231850074,26.89168743654,-62.79849723231
tess:231857003,28.23197829332,-63.49167722245
tess:231867117,6.03742829139,-62.18452359063
tess:231907973,6.31109185626,-61.51340350313
tess:231910539,6.88875722668,-61.95470057509
tess:231910796,6.95699281419,-60.82731736469
tess:231914259,7.6070878553,-62.60045474953
tess:231936787,93.6994717922,-43.41742069352
tess:231945296,94.04439138334,-44.39367163462
tess:231973227,95.34033433338,-46.73625345896
tess:232023953,96.07974126243,-44.82464499107
tess:232032071,96.42887795693,-47.13192043923
tess:232062375,339.624,-65.3785
tess:232064182,340.43488079672,-61.32531541595
tess:232071100,27.78972277387,-66.38722530601
tess:232073219,28.50679700909,-69.70980751095
tess:232073492,28.35393015074,-68.55628665247
tess:232073646,28.28130064849,-67.95392786266
tess:232082780,30.24593394682,-67.22304496504
tess:232083054,30.08308681097,-66.23385601574
tess:232524855,193.99061562937,76.40290533862
tess:232532410,215.55797175503,35.64882848281
tess:232566752,247.42431770161,52.05793718965
tess:232609546,258.61174016334,65.38401074434
tess:232612846,258.82538429106,64.46638320733
tess:232613164,258.83801551665,65.47794765615
tess:232613500,259.22766366868,65.26258361424
tess:232620511,268.48945669112,55.73202252594
tess:232628419,269.08076360211,57.53724708326
tess:232629077,268.98060261857,56.03532057869
tess:232629723,269.08695998312,54.62250661783
tess:232681433,282.56030336488,57.9057734183
tess:233011699,248.53394985009,72.56206215265
tess:233044414,259.52719497697,23.41533459043
tess:233045220,268.49149603973,64.38117069072
tess:233051164,268.93884328844,61.08484265225
tess:233051536,268.9350953254,60.19178943545
tess:233060062,269.83356725916,63.04566312929
tess:233071509,270.72497715029,61.41975227339
tess:233071860,270.76726477616,60.58193142491
tess:233095596,272.9455985805,64.25610425979
tess:233099836,273.37208366172,61.40919019751
tess:233120839,273.40879220519,62.52514334226
tess:233131533,274.48763026358,60.57416079955
tess:233155407,274.73556752219,60.87917521581
tess:233158270,274.95851468731,64.35633143633
tess:233168941,214.90108715695,66.16417524802
tess:233170489,215.33603944225,69.0244315552
tess:233186332,225.11231550749,71.76545794218
tess:233193893,263.97327572831,68.53071365835
tess:233200532,265.3623246336,70.46440274039
tess:233203092,265.46214345544,69.07105635386
tess:233232014,266.97006806969,68.70647698368
tess:233238892,267.86543496589,70.2459656204
tess:233310495,300.81003928781,58.72586566256
tess:233396262,301.84893002027,56.49702784091
tess:233398756,301.94419335459,55.0637326029
tess:233430643,302.54750143292,59.8550224678
tess:233434519,210.49065013667,19.43027626179
tess:233434793,210.48948055894,21.55611952408
tess:233437236,210.58984260809,52.41776561689
tess:233459722,210.83614910551,48.5593711791
tess:233462838,211.6420695826,51.7913731619
tess:233503280,251.07168980182,76.99413222342
tess:233511918,270.73938431025,50.43175453607
tess:233519583,271.27393137045,53.36656038004
tess:233524881,279.94581987036,65.6328085894
tess:233529335,280.20308424215,62.50639112764
tess:233568811,281.83228100862,64.27957547127
tess:233578510,282.36241479651,61.5535658959
tess:233613367,283.51684306979,60.63108156277
tess:233631527,284.94700490614,64.33037541544
tess:233643161,227.75696508195,45.02843823161
tess:233658515,259.90061985758,60.24189803638
tess:233660832,260.09062332886,63.6553649867
tess:233689159,275.46112918203,63.25118250437
tess:233689439,275.44584802034,63.95405129639
tess:233716267,276.17480260205,63.97695719271
tess:233718119,276.11369272407,61.12618728609
tess:233721512,276.3531472424,65.75958561567
tess:233722938,276.66933644076,62.73753331488
tess:233728690,277.17320444397,62.35852808577
tess:233731095,277.3522677281,62.29769262578
tess:233732464,277.4003848413,65.34934104957
tess:233732694,277.27955250463,65.94028699164
tess:233742522,278.30782644947,61.30708438516
tess:233951353,305.41310648662,58.14118681948
tess:233962290,32.206431944,-63.94598907111
tess:233964635,36.45461784595,-63.62353145951
tess:234283523,335.41767146364,-60.53124082446
tess:234284556,335.66536057497,-63.05717463305
tess:234288627,336.09562385103,-65.97669877371
tess:234290432,356.94565515768,-65.29021815797
tess:234292783,357.13844464863,-65.8162785735
tess:234295610,357.98319927784,-64.79293083264
tess:234302665,34.07997589205,-68.76909650536
tess:234305155,34.72181345093,-69.88683471631
tess:234305804,34.54106609049,-66.96464384754
tess:234305872,34.7558073659,-66.72938605179
tess:234307350,34.85135609244,-71.62232492341
tess:234333175,36.10223815486,-70.55588512119
tess:234334620,36.54649335377,-67.01541617926
tess:234338669,37.45292626486,-69.10119637646
tess:234342846,38.10639285825,-69.60525613692
tess:234347951,39.10604709099,-70.97059190981
tess:234495456,9.91944566355,-62.40346784703
tess:234497476,10.72293166729,-61.29401277808
tess:234502300,11.52573774682,-61.05433843243
tess:234506344,12.21891999521,-65.44252092228
tess:234506911,12.39866979351,-63.79490012007
tess:234509975,13.04143752064,-61.92299781353
tess:234523773,15.68322679202,-62.5931472141
tess:234523931,15.55990016314,-63.38018834739
tess:234526939,16.02899267341,-65.37421837027
tess:234529160,16.594446,-63.777534
tess:234547938,16.82777175049,-61.77528994047
tess:234998454,350.76737208463,-63.24243595923
tess:235037761,353.82677997278,-64.5617834171
tess:235558910,232.47374605739,49.11785107525
tess:235564005,233.47646738043,52.56011529839
tess:235676133,283.22182652013,74.48979777986
tess:235678638,285.4322862963,75.05927298188
tess:235681690,286.93636910826,76.99935946091
tess:235930066,291.64676135419,78.66837867223
tess:235937410,294.32726547192,81.20940050783
tess:235937552,294.20852666304,81.6030183061
tess:235943741,295.92616064237,79.82007907821
tess:235985443,301.4204153042,79.86517529623
tess:235987577,301.89680284466,79.42519192711
tess:235988553,301.56532589166,81.81846375206
tess:235990421,302.38851721978,80.50976278532
tess:235999079,304.54470590089,78.75427770681
tess:236288975,223.00344593686,24.83614671746
tess:236312126,240.54935962729,28.16956101173
tess:236714379,239.20161241221,65.88900797795
tess:236757919,272.70827954365,70.26944114207
tess:236763662,273.19701027717,67.61809260443
tess:236770828,274.19843791004,70.18992860232
tess:236778355,282.87913684655,58.71608181493
tess:236785731,282.9768273474,59.81474926011
tess:236815239,283.62741091734,59.64421769861
tess:237005258,305.95673664053,60.29474618657
tess:237100049,240.49166337821,66.41764528978
tess:237102033,240.83020256789,67.62878008598
tess:237103436,241.03517429276,70.44453101055
tess:237182145,283.24740889809,36.35575881969
tess:237199217,292.53699678256,76.53345347296
tess:237211184,294.62028084331,75.28034679555
tess:237211224,294.65186630786,75.17679022437
tess:237217129,295.20494160983,74.3115660487
tess:237220784,295.73981988428,76.91798205705
tess:237222148,296.09095821283,75.61421882687
tess:237282037,300.01749592405,77.83646522983
tess:237283932,300.16224490959,74.01482337391
tess:237289187,300.85728124385,76.05203561723
tess:237292152,301.1919267775,72.99665525544
tess:237333869,347.05154432155,-63.62815931358
tess:237338543,347.66276549199,-61.13411545116
tess:237339854,348.27389019468,-61.4524892644
tess:237387438,95.35424662382,-41.55890901785
tess:237880881,19.52799325306,-62.98313921905
tess:237883499,20.15353863595,-62.69430313306
tess:237883772,20.30403986109,-61.29120762199
tess:237885807,20.68800773504,-63.31242445623
tess:237910557,21.99490704152,-60.54008292914
tess:237917630,56.47816226635,-65.21439249643
tess:237918270,56.6040065236,-62.77320401718
tess:237918271,56.6220533293,-62.77001157734
tess:237927500,58.09691684984,-64.67316447002
tess:237928028,58.14724375426,-62.66228418739
tess:237934055,59.08457153223,-64.49688800139
tess:237940278,59.72374878739,-64.16448692059
tess:237949289,101.51653103264,-53.88392685087
tess:237971228,101.88428219186,-51.30365991207
tess:238079062,104.60286172124,-53.43952488135
tess:238086647,104.9582957144,-49.50717943972
tess:238122631,105.51077826437,-53.45295412919
tess:238176832,358.35509934967,-70.94476326468
tess:238183068,54.2031335857,-76.69124708102
tess:238185204,54.47436001241,-72.35401745223
tess:238194430,56.41914100649,-75.15341526457
tess:238194459,56.71156882827,-75.24976794692
tess:238198440,57.41266072206,-74.92343281077
tess:238226644,58.66342396393,-71.94509213788
tess:238228648,58.89320115655,-77.57878698655
tess:238626074,12.84836589319,45.311694648
tess:238813187,327.27122155841,-64.21818123361
tess:238817606,328.52771627742,-63.76458151326
tess:238853963,341.7863615202,-69.34571117597
tess:238876720,39.63570738303,-75.46846173529
tess:238892775,40.911264,-71.950309
tess:238893410,40.87199518089,-73.98825257385
tess:239178654,113.19819398174,33.79342145192
tess:239183727,113.50110931319,31.83217851683
tess:239203849,149.04927537763,21.27387265635
tess:239669226,64.93320859474,30.32979557257
tess:239848128,87.46239290723,32.97309625408
tess:239848129,87.44248160252,32.97316939869
tess:240075458,100.03194210998,33.71115703167
tess:240153522,101.51183414114,33.02966833729
tess:240661123,9.18071484168,48.82828378728
tess:240764987,340.14181205582,-15.78909125495
tess:240791174,12.00351488785,50.07135041404
tess:240794248,12.03680867626,52.7046983388
tess:241078868,28.99205163653,50.67437610411
tess:241199653,160.98071826701,26.68620613127
tess:241266709,186.85806802891,12.19076186187
tess:241268265,186.92285275792,14.25810543716
tess:241268614,186.91505999783,12.21912217605
tess:241289894,203.58441351269,-52.67669981242
tess:241343119,204.28796529298,-50.57701135473
tess:241363085,204.54698016175,-52.24032283866
tess:241445833,24.82854601167,-1.66562784103
tess:241537481,25.24489283971,-5.40360866178
tess:241570607,206.96062844149,-49.03487133101
tess:241629469,207.58583868269,-51.44316295758
tess:241671730,26.38419697578,-2.40366242349
tess:241673133,26.38139442023,-2.40647914824
tess:241685708,208.25490834211,-52.22393100733
tess:241710866,208.56685580419,-50.20681722177
tess:241776156,209.20110484503,-48.37732381387
tess:241807670,27.31462587203,-1.51402495421
tess:241809572,209.67318314886,-48.03585112386
tess:242267549,211.75486028017,-42.55017029512
tess:242841629,9.22078461006,20.52132910181
tess:242968721,59.33909211737,12.97131984142
tess:243141717,202.48918571735,-43.61997553685
tess:243277503,288.21221840846,59.10335788888
tess:243278327,288.50608861453,59.55182267959
tess:243314460,289.36742637797,57.62385011508
tess:243427054,205.48959467968,-43.18090918636
tess:243540976,309.94825904282,23.60562954279
tess:244136521,4.52099723433,-5.08423979478
tess:244214048,73.52531434482,-5.07400876966
tess:244280887,74.68665560451,-4.37595607036
tess:245198080,198.91653995828,-53.11392182394
tess:245871431,68.89134300199,12.1004883306
tess:245911057,69.73886636396,14.10556000523
tess:245943266,70.28575384112,12.5867839141
tess:246731285,283.6685645284,-47.46382906797
tess:246771446,283.78573173048,-47.62223162319
tess:246854127,6.37445544731,-28.57407660252
tess:246860755,7.11017702887,-29.28475301193
tess:246861224,7.22817670884,-27.55936884161
tess:246892000,8.93196525684,-25.23436440499
tess:246975100,35.89250013259,22.45799957733
tess:248075138,192.98149172172,-42.07363747391
tess:248350605,17.42110339518,-4.61471128728
tess:248356871,18.01875167926,-5.88320154866
tess:248391508,19.67124472789,-0.86756637118
tess:248648883,66.97331947824,-2.64629240729
tess:248943839,20.15619751943,-5.03144464209
tess:248952800,21.1794014465,-0.10931764994
tess:248958590,21.90605590353,-4.50115068775
tess:250130672,63.07678443681,0.02543135869
tess:250158075,63.77564209626,-3.53097740307
tess:251083171,37.42410309374,-0.50813131434
tess:251097623,38.33983668836,-1.18759920729
tess:251823847,5.53763220757,-35.22224448573
tess:251828744,6.32193325124,-32.7075070559
tess:251840507,6.59528013551,-31.1342402642
tess:251845153,6.95930677385,-32.55175094975
tess:251845156,6.95980760994,-32.5567024239
tess:251846450,7.05979512634,-32.46545053967
tess:251853749,8.3681951278,-32.09072965109
tess:251876851,9.3878944043,-34.66194770489
tess:251879885,9.85137160409,-31.82919363395
tess:251879914,9.93473699257,-31.66596290105
tess:252479260,155.68163515791,50.1283509606
tess:252781025,348.40252025718,49.12983971893
tess:252878417,100.52684963903,50.6251115953
tess:253021352,98.36318063417,48.37458803405
tess:253034279,158.36722357574,42.9971490921
tess:253270831,195.65635941368,-54.99357610664
tess:253485948,197.2314001103,-59.64488355861
tess:253553257,280.78854978026,-40.24431993482
tess:253554378,280.69728922148,-39.90615764627
tess:253576986,280.94544242797,-40.70598416855
tess:253577629,280.85276681405,-39.15049087796
tess:253583550,280.95206386092,-40.32749720259
tess:253583853,280.91233324438,-39.59312683609
tess:253590314,281.0077180134,-39.39591871583
tess:253596908,281.08284332278,-39.8126415044
tess:253597414,281.03630424952,-38.44349975028
tess:253602930,281.22089392186,-38.00071359258
tess:253617551,281.25087067961,-40.53373839419
tess:253623983,281.18332714086,-40.26274277161
tess:253629597,281.31593183381,-40.38488060828
tess:253630224,281.3462632765,-39.06639520178
tess:253630523,281.34721228465,-38.42068084703
tess:253636610,281.38322803203,-39.74354392959
tess:253636705,281.33153840977,-39.47592172177
tess:253636819,281.33661713627,-39.22422488923
tess:253637355,281.28631173896,-38.05339747877
tess:253637428,281.38513348157,-37.92621919617
tess:253642802,281.56569401135,-39.09233487515
tess:253657262,281.66365192541,-40.532999314
tess:253657350,281.6168180303,-40.41924510125
tess:253663777,281.43172667985,-39.80602523577
tess:253663999,281.48218526669,-39.72961392269
tess:253669135,281.69050117581,-38.87160301274
tess:253676434,281.67969573929,-37.25408390397
tess:253682027,281.77385329587,-40.6561554112
tess:253688996,281.87086329259,-40.53978605077
tess:253696954,281.88309472132,-39.91638359592
tess:253697079,281.90712369138,-39.54827478887
tess:253697087,281.9435010549,-39.77380144725
tess:253703330,281.92009483351,-39.82348953937
tess:253703336,281.99385198151,-39.82307944237
tess:253723072,282.15981835497,-39.45146783949
tess:253735371,282.1848925878,-38.77240787061
tess:253735372,282.18148509091,-38.76929962263
tess:253741348,282.25123658717,-40.60719401562
tess:253742176,282.25515894647,-38.21350903577
tess:253749582,282.35531700656,-36.21813662039
tess:253754906,282.44515332451,-38.61581442594
tess:253755091,282.44239594811,-38.24581604893
tess:253762472,282.43425417687,-40.085729218
tess:253773959,282.58950944026,-38.64653755935
tess:253780421,282.54711497462,-39.216237959
tess:253787837,282.71176312365,-39.36405226961
tess:253800993,282.82848995066,-38.85847533119
tess:253801406,282.82986511146,-37.7371832423
tess:253813668,282.90969302455,-36.25124304446
tess:253826311,283.10385390293,-40.38580753437
tess:253826862,282.97559355163,-39.48753573854
tess:253832322,283.20504767396,-40.48753091498
tess:253832648,283.10241679621,-39.93249724712
tess:253850800,283.34378242667,-40.40901820553
tess:253932918,338.86255956148,-35.81191871627
tess:253933196,338.83124180527,-32.59045287777
tess:254303200,5.93611037449,-19.83504172418
tess:254322223,234.67946104887,-44.19650444505
tess:254659451,236.42777114899,-46.54261491108
tess:254771977,237.17517894526,-43.58911963877
tess:255053137,238.36371457249,-42.26686439216
tess:255552474,95.55116146874,-52.25217477351
tess:255558869,96.04932509917,-51.5528708584
tess:255589523,96.94963304118,-49.726942621
tess:255590987,97.02532060601,-48.44794184405
tess:255640745,98.31347599002,-51.22105339247
tess:255704443,99.02582084017,-49.72659204123
tess:255806249,219.44677636151,51.24725516428
tess:255830333,235.29817565524,29.85667094878
tess:255865293,306.90817609046,68.92448471302
tess:255989063,264.61228347361,-72.70459309816
tess:256456051,298.90759438553,62.68932631301
tess:256514415,299.47219017535,62.62168074148
tess:256739006,57.64866517587,83.56020207125
tess:256775725,50.72771323171,4.01184490027
tess:257047338,226.62822126894,73.00140779479
tess:257484405,30.66682414001,-13.71147484554
tess:257500724,31.24719405964,-15.6781040054
tess:257605131,62.96644591719,-37.93978323742
tess:257632491,258.88173573809,26.60302357772
tess:257644579,71.45130886543,-36.26285664928
tess:257691369,77.86070834685,-55.31003210941
tess:257720377,78.28470140406,-59.98305614824
tess:257722771,37.18287831474,-31.22725421379
tess:257958866,31.6722025783,6.41173265309
tess:258512225,305.4541913084,67.3273735426
tess:258665925,278.25435383138,22.83914238688
tess:258771803,286.18822168114,70.10813277154
tess:258775163,286.29230372138,67.86406331674
tess:258801637,286.94527276358,66.96402840544
tess:258825728,44.46871768521,0.41530356404
tess:258831993,287.82007283974,71.75741268944
tess:258918587,288.5380782848,69.97907771206
tess:258919620,288.59556715817,67.90588250418
tess:258954458,289.1152019383,67.68248594386
tess:259001401,289.60132967207,67.08841722606
tess:259098122,291.02178506128,66.34659848285
tess:259126839,291.61865021877,68.59263154287
tess:259220406,223.14011649945,-71.72317328768
tess:259237827,293.08995317436,69.66117656911
tess:259264943,293.28242855812,70.11174854689
tess:259318185,67.43390824964,-48.53905602883
tess:259378112,68.67518610092,-51.42082502438
tess:259472825,70.47798529838,-52.40979302843
tess:259514170,71.09772534434,-51.76807172233
tess:259514258,71.1867724128,-51.4870713647
tess:259540732,71.54920052027,-48.13819986195
tess:259543079,71.63053067862,-53.12926604063
tess:259592530,72.83563287352,-53.40587869705
tess:259794056,269.08184419571,-34.53340224862
tess:259794492,268.98232421968,-34.57158392453
tess:259845346,324.28684632896,-60.60153638328
tess:259861569,39.79578961321,-66.58381036464
tess:259928422,41.97368619154,-68.13512677021
tess:260001984,44.26848232823,-70.21537697891
tess:260127241,92.15039338768,-57.06116386082
tess:260128333,92.13319962172,-59.54113338172
tess:260159562,92.62101380826,-58.00375819607
tess:260162387,92.82478470321,-55.55108681392
tess:260164371,92.97075832511,-56.3179635875
tess:260165092,93.03352815267,-57.84748511978
tess:260165093,93.04653397224,-57.84974180726
tess:260188534,93.09223639182,-59.78143013047
tess:260188537,93.09047679826,-59.77841646136
tess:260266558,93.93863184844,-59.09209562576
tess:260268898,93.98499379053,-54.30558297955
tess:260269256,94.10146648181,-54.25869324655
tess:260273161,66.20185190885,69.20220089489
tess:260296875,94.44636990629,-58.80901568113
tess:260303793,94.52578504391,-56.44407754147
tess:260304296,94.61560978678,-57.01352875577
tess:260305873,94.69322783311,-58.78574522243
tess:260351540,94.80380409937,-58.05431246945
tess:260352702,94.73057458567,-55.64902367799
tess:260416268,95.73263742227,-56.36996798148
tess:260473060,96.09502330293,-55.16373494817
tess:260474194,96.25952943901,-54.61792376321
tess:260476779,96.26868179998,-59.67759503653
tess:260502102,96.51599499377,-59.01616661486
tess:260504446,96.56909353326,-54.60893823868
tess:260506296,96.75019380286,-56.36781915122
tess:260604521,97.19462297234,-59.73422645618
tess:260605160,97.21392781346,-58.39963036028
tess:260655797,98.09896940122,-55.72948563711
tess:260655847,98.14296342491,-55.64859513037
tess:260708708,98.57077514012,-58.22528628425
tess:260749816,346.17683115899,-69.31436095206
tess:260848905,118.88180365369,-54.61409819539
tess:260889990,350.19598022819,-67.38930784429
tess:260949184,73.08641103546,-82.4760104457
tess:260969223,74.50872078803,-79.83196391014
tess:260972843,75.47398866964,-78.93696455656
tess:260983164,75.95641880554,-79.50674338484
tess:261059390,80.53569320726,-78.36709458303
tess:261136679,84.29118799799,-80.46911979699
tess:261205179,87.40415223488,-78.72058108767
tess:261236136,88.37215442061,-81.94810698357
tess:261258358,89.93871653127,-78.68002958341
tess:261261192,90.32103861466,-79.1587442335
tess:261335869,92.21638159206,-81.5515531591
tess:261376909,92.93283442837,-81.82296379154
tess:261378866,93.2645859367,-80.30959188889
tess:261389834,209.807581345,-51.87746620932
tess:261398324,94.0886240775,-81.63405990608
tess:261523668,336.01857533016,-69.06842748481
tess:261540707,348.132523,-76.493851
tess:261540897,348.22364868633,-75.90120276221
tess:261560580,349.25049671527,-74.53595554714
tess:261678862,21.28294107103,-82.5366770406
tess:261683334,22.40570780128,-78.96039886332
tess:261749149,26.70631541991,-82.67298322016
tess:262039241,339.68989407882,-20.62113527749
tess:262110281,343.23007338608,-18.80540326829
tess:262402696,78.39477531259,5.91048556941
tess:262609754,116.32497404385,-62.08402836237
tess:262612391,116.74379136094,-60.37836693025
tess:262818244,348.75320329904,-56.63441824892
tess:262818859,348.62886277337,-54.09201693506
tess:262839873,24.33004115109,2.4266035275
tess:262846496,24.68516098069,3.57511235361
tess:262875295,52.72499149734,-60.7562160136
tess:262875656,52.83546740528,-60.50640358693
tess:262876401,52.95364485015,-63.53154551231
tess:262882478,53.091180621,-64.42051896862
tess:262921847,53.64301938714,-64.01586467744
tess:262955872,9.87886047803,-82.2228480358
tess:263487444,234.73297048262,-71.44429728518
tess:263632913,159.45660509017,77.4861834877
tess:263659327,191.93525005468,19.49730396414
tess:263835459,264.87308528873,-39.34424333041
tess:264101722,315.37117368063,79.29594129903
tess:264173853,294.52122894701,71.7011257676
tess:264191840,318.09265998113,81.40903895369
tess:264251677,295.53971471928,68.3380380283
tess:264305127,321.07218263039,82.21325674418
tess:264537668,81.52020503367,4.85983544239
tess:264765942,117.36103812284,-59.38084264558
tess:264767366,117.3937146951,-57.90341007492
tess:264979636,115.71682892638,8.86696276102
tess:265110214,270.47047412691,-30.31042627739
tess:265179710,298.48696405499,-82.67828605685
tess:265206574,128.01870087756,5.92953916841
tess:265283959,303.20009324857,-70.22703120208
tess:265567103,330.56571700494,-54.49245807944
tess:265777550,236.1680832031,-53.19050586314
tess:266593143,324.53637975285,30.48873488043
tess:266618015,119.26525561711,1.51324743508
tess:266637623,319.67451110967,-31.74903476192
tess:266640930,319.95269456588,-35.62960062782
tess:266680029,28.10555668224,-19.22538184761
tess:266784171,29.98716045877,-22.52766726755
tess:266851670,175.45236994403,-58.58651677507
tess:266903338,0.8077683085,-76.02249530099
tess:266923326,1.51921005099,-77.93558394704
tess:266997586,3.47087745128,-74.6882920142
tess:266998480,3.75990910745,-72.84243811742
tess:266998970,3.82349072963,-72.18035905318
tess:267089153,5.64488275783,-73.03235782771
tess:267094881,41.56867406754,-75.79440324297
tess:267185423,5.99044238309,-72.31604597715
tess:267324071,7.77119053322,-77.05232563311
tess:267332768,113.41854031411,-52.13171812991
tess:267751005,293.23786437009,54.53221174253
tess:267882738,298.40208176106,53.77114265155
tess:267882751,298.39894040942,53.76363845307
tess:268181483,116.0686496875,-50.46661513404
tess:268529943,14.49563116324,-19.82985212994
tess:268587594,15.73468654678,-23.8840085284
tess:268686858,17.65151728025,-23.97009682838
tess:268717833,18.17404227363,-23.93603461641
tess:268785586,32.89878989986,-21.27920468066
tess:268859636,33.99626428398,-18.10457772367
tess:269115463,69.46447337222,5.0523577391
tess:269155561,236.62328987715,-52.28995729434
tess:269200532,80.92150246268,4.27346339794
tess:269348099,147.98614556369,-60.43396678149
tess:269697024,301.4851966096,69.31403044265
tess:269697584,301.72853820262,70.38838453231
tess:269701147,302.02397906138,66.850576538
tess:269762258,66.47086345589,-81.31973138844
tess:269762999,66.40781689105,-83.83353456962
tess:269766393,302.42784639435,-35.99722335402
tess:269772516,308.47188920666,-27.17150401435
tess:269792900,67.89248889679,-78.43427485355
tess:269792987,67.81627467446,-78.63192484553
tess:269793839,67.86083477027,-80.70988023117
tess:269795832,68.46487667652,-80.06928963607
tess:269797536,69.13732027538,-78.85060751548
tess:269829656,308.40664657459,-25.9478211325
tess:269834940,310.69768548928,-29.7019775396
tess:269849065,69.14233495108,-81.29363932486
tess:269855929,70.44541873454,-79.1540252056
tess:269857351,70.79574293853,-83.16351051669
tess:269885278,310.81665480984,-29.42391886744
tess:269940990,310.92155417164,-24.56464483709
tess:269958752,148.812822453,-62.05900074056
tess:269992581,311.33858916191,-26.48729459508
tess:269996393,311.46328474025,-27.60567823539
tess:269998934,311.57085228138,-27.92367969222
tess:270036525,311.72762006972,-24.59474940097
tess:270038761,311.71348631296,-28.48706317473
tess:270067678,311.89425052488,-26.52573476857
tess:270101915,329.90892179758,-26.49071388178
tess:270107026,236.71581391406,-49.31797411127
tess:270268718,357.107055,-12.987552
tess:270302811,331.05193607684,-29.76551960976
tess:270340904,33.3817793611,-79.6965151226
tess:270341486,33.24357122434,-81.39984754344
tess:270342707,33.93883629369,-79.02613053684
tess:270356871,335.17130795754,-28.23253741328
tess:270368906,35.20496454464,-81.7145697205
tess:270377903,345.11648647779,-26.31188201495
tess:270424046,353.3671803329,-24.38993119437
tess:270450687,264.29060569481,47.5819888271
tess:270455283,134.96786632313,5.6163878662
tess:270460537,354.25794563687,-25.43493765372
tess:270460907,355.51266277038,-24.49326254618
tess:270474668,97.28044366358,-78.63800654805
tess:270500463,324.19849802646,-30.72468769153
tess:270533822,136.06276321001,3.02635544648
tess:270554477,99.41337328947,-78.50020988412
tess:270557659,99.63052311913,-79.20836659985
tess:270558446,99.91600996306,-80.75163217774
tess:270561544,136.23282252542,3.88534235634
tess:270561886,136.27040239957,4.91330341309
tess:270573761,86.66530435859,-52.71703456809
tess:270575582,86.67811527559,-48.40627777582
tess:270580637,136.50168330373,2.90800188949
tess:270623499,87.04124785223,-52.18409907447
tess:270627580,87.24400916884,-53.43510622654
tess:270648838,136.70066397847,5.46466435553
tess:270649718,136.78424338849,4.08227972045
tess:270672809,87.49612122429,-52.41431284309
tess:270674093,87.43661677441,-49.30720455216
tess:270676943,87.6783573977,-53.14425322098
tess:270677813,87.75482972571,-52.6368576209
tess:270708781,137.65173310998,1.78708401689
tess:270771392,137.74238794681,3.60360765072
tess:270960193,294.31008230164,47.81872805179
tess:271167645,294.59449412668,47.60171120938
tess:271366453,296.45863746491,-31.04127269909
tess:271551109,87.00565543023,-44.0490144835
tess:271639931,108.9228754679,-72.74137780283
tess:271640350,108.75860424799,-72.04732179533
tess:271644257,109.69991301498,-76.64589608886
tess:271698144,110.13863084591,-75.76763146739
tess:271725679,110.7676402101,-74.60985533389
tess:271763138,295.57654709712,43.19031626808
tess:271795905,111.17169446753,-73.52366664891
tess:271798389,111.71358214878,-73.87055963007
tess:271891181,112.87501610492,-73.19946684171
tess:271891933,112.90357921604,-72.2150461077
tess:271892405,113.31443602561,-72.28072106859
tess:271900514,113.11708226912,-74.76446646986
tess:271906600,113.90145917239,-72.4368450779
tess:271975726,114.17124415787,-74.70187046212
tess:271999994,114.79483327224,-73.84844722708
tess:272086159,115.00325517595,-72.20773911587
tess:272188493,116.63384552263,-73.12422239796
tess:272233699,117.4118414538,-74.63746335805
tess:272235688,117.41294199311,-71.96267785175
tess:272362527,119.85433703257,-74.15141674962
tess:272438475,154.2396429262,-51.53249189824
tess:272456799,229.98556398233,-30.10692253307
tess:272546396,121.34871354645,-74.41041301632
tess:272573603,197.53938347685,53.62773186411
tess:272749537,236.50435023406,70.37449137172
tess:273369281,340.49736835985,-75.00918286669
tess:273395799,340.67866089678,-72.72885106848
tess:273416539,341.64458861275,-73.89734064165
tess:273512747,347.4554118969,-74.12964968827
tess:273515033,347.89402525997,-75.11088774727
tess:273550461,352.67417918753,-76.06251732025
tess:273550465,352.67768069227,-76.05537487008
tess:273551414,352.48538003615,-74.38179918602
tess:273606451,358.03502853631,-74.40414343878
tess:273699558,340.26741077854,-79.74344554306
tess:273789976,30.03818574908,-80.41694500689
tess:273792220,30.55038970232,-62.59204041387
tess:273817886,189.2456905311,-54.20499929584
tess:273849828,34.58607080638,-63.2452406382
tess:273853024,31.36494272997,-69.24715524995
tess:273864083,31.8468840963,-66.56986055427
tess:274000285,42.66980953793,-21.55176144062
tess:274017928,42.27992280545,-84.35129382183
tess:274063810,48.92474822222,4.76250313338
tess:274145115,143.55361042569,-87.01103848233
tess:274204123,249.72029932557,49.95236107716
tess:274335608,251.50389966249,48.79297050079
tess:274385187,252.56821925834,53.07904444675
tess:274575202,254.82531278656,53.807286845
tess:274675654,256.12667227035,52.16168162106
tess:274764311,301.29072974979,38.47848673769
tess:274870779,237.16233744089,-53.6784712145
tess:275059193,9.85568745557,74.74973958547
tess:275689740,286.90518423537,62.42751543453
tess:276130740,224.3317919073,-36.20762192864
tess:276298598,228.1264133828,-35.91894158087
tess:276315507,282.73374422323,-34.95295490988
tess:276354718,228.49495776813,-41.46300529814
tess:276354725,228.49565223301,-41.45834183347
tess:276834955,272.56885801635,-78.98781801223
tess:276966038,277.28990122987,-78.34236094151
tess:277029277,278.29656618289,-82.29899154141
tess:277102246,83.84422886982,-66.21470793091
tess:277104322,84.2348355354,-67.00182697468
tess:277298771,84.56724159364,-69.39227888069
tess:277374104,283.78133546829,-33.77041844241
tess:277712294,153.46179748573,1.99117540482
tess:277906310,284.10342084945,-34.09300325029
tess:278024057,105.12703661932,-79.69610786334
tess:278051906,105.56742049713,-78.0308836737
tess:278078903,106.64200793197,-78.68030633267
tess:278271292,112.21102175187,-82.4809065725
tess:278519470,120.92189262079,-80.07907457467
tess:278615421,333.68908613131,-37.70763808246
tess:278634010,333.89678482157,-39.01408267481
tess:278658834,328.39500409245,-69.37358891669
tess:278660474,328.79358401827,-69.02061582476
tess:278663982,334.12492301343,-41.17400307017
tess:278703988,334.55690346066,-37.23047394344
tess:278704380,334.71024226401,-35.98798355938
tess:278706162,334.91952001316,-41.29273755297
tess:278708134,334.96843272052,-37.27429567355
tess:278708135,334.96912132853,-37.27541721391
tess:278729415,99.49082071675,-59.78387010457
tess:278729421,99.50209246931,-59.77343398481
tess:278772999,335.55680600257,-39.82014804077
tess:278780359,99.95260217356,-54.80497842159
tess:278783898,335.84337314604,-38.43530227906
tess:278785393,335.91130504242,-38.58014061895
tess:278802536,336.02560300186,-39.72026557537
tess:278823339,100.12697231327,-59.02417862678
tess:278825448,100.29139513083,-56.72794591472
tess:278825453,100.30174843522,-56.72115955052
tess:278826808,100.35202527034,-54.32598373554
tess:278826996,100.33370385446,-54.02104602142
tess:278848639,336.76946102985,-40.88051507833
tess:278848684,336.8237377121,-41.067635151
tess:278861774,100.64547649919,-56.44510184474
tess:278896737,101.02746391346,-57.40004992012
tess:278899461,101.17845081239,-57.44029596666
tess:278901079,101.179954519,-54.69013419836
tess:278991483,101.97216388506,-57.22545482358
tess:278991580,102.0742763521,-57.04897067939
tess:278992517,102.06973886508,-55.45282309707
tess:279051770,102.19831210962,-56.48425217382
tess:279054842,102.4029017774,-58.26021348347
tess:279055830,102.48793635332,-56.60849145241
tess:279056341,102.55078417444,-55.81592583207
tess:279088392,102.74110664445,-56.23688874624
tess:279088395,102.747361421,-56.23992235404
tess:279089140,102.67485099536,-57.3863766938
tess:279157165,103.04171374239,-56.10520652601
tess:279157429,103.04512913157,-56.51608011107
tess:279216869,103.4935110443,-57.30996085907
tess:279218051,103.41501092486,-59.27281420515
tess:279245231,103.74908276278,-56.65277667392
tess:279246897,103.60295455659,-54.33516126562
tess:279314127,331.69208928609,-45.16089723484
tess:279315384,331.87382862248,-43.76684576402
tess:279343302,35.6243875351,-21.2581000682
tess:279401660,57.56748730732,-16.76259184133
tess:279425539,104.92548221651,-57.31984711193
tess:279426213,104.91945321539,-56.38077728283
tess:279454212,58.47717577105,-16.95426707877
tess:279492354,59.01799988949,-16.78103558454
tess:279511168,105.47497192345,-59.80856404517
tess:279511291,105.82508137452,-59.86667065955
tess:279537689,59.40070741852,-14.16462778049
tess:279570232,105.96003022804,-58.45747917007
tess:279572957,106.08927807084,-57.11041063319
tess:279614617,106.30132572799,-57.57047935585
tess:279615005,106.44068199938,-58.1240112506
tess:279615427,106.46057649709,-58.80908268475
tess:279637137,48.88257976112,-65.62975788573
tess:279637761,48.71379835681,-62.69494717278
tess:279649049,49.55341078951,-62.50636587079
tess:279649057,49.4423471274,-62.5753205803
tess:279726713,50.54120126749,-60.65907387781
tess:279742103,51.6580327981,-60.57558626169
tess:279798387,38.75326035945,-85.83740925369
tess:279825533,138.11760795507,49.2064843232
tess:279826509,143.36973630704,46.22868196313
tess:280034976,297.71030717929,68.55887528113
tess:280052249,45.80759579635,-74.61323278397
tess:280098208,47.04161859816,-74.85477314659
tess:280495780,144.36940786526,-49.9909334098
tess:280699328,343.72343937601,-79.61813811505
tess:280793604,359.39768602915,-65.77556288777
tess:280794244,359.3049002802,-63.14093100671
tess:280794284,359.33294132821,-62.95659628999
tess:280830154,44.60219939447,-68.69822263586
tess:280831672,44.78120782887,-69.54596222855
tess:280859200,173.30454242676,-67.05458271967
tess:280865582,100.86508581675,-79.142878925
tess:280910638,102.36187488425,-78.50268652245
tess:281234132,140.45572395722,-1.8117336618
tess:281461138,5.9888957018,-55.5287758612
tess:281497804,6.19320235276,-58.01424548416
tess:281498280,6.35885325709,-55.4782818042
tess:281542064,6.84770631648,-54.02945858031
tess:281562429,7.18427681067,-57.5482804399
tess:281573523,7.45825125682,-54.69318144816
tess:281582156,115.92864208705,-61.12147139859
tess:281597810,8.89351218332,-56.77693603828
tess:281599277,9.17513394135,-56.24445701095
tess:281630320,115.93389546658,-63.29235782198
tess:281669975,10.63840963137,-54.12001205413
tess:281670243,10.54212469248,-54.74534883677
tess:281703663,10.89514123966,-58.99133678568
tess:281708621,11.0906810926,-59.89116345135
tess:281727075,11.45330783313,-59.26278314515
tess:281779297,12.92007850925,-59.22557672784
tess:281780792,13.0770885612,-56.26514676707
tess:281913262,88.58255814335,1.77489249346
tess:282051790,132.52270332366,-75.9105776624
tess:282924402,224.96387179621,61.32456207455
tess:282925121,225.05455137759,65.10795799864
tess:283397452,128.31407998757,-29.95658859064
tess:283630171,62.1661687261,10.29245910997
tess:283722863,63.29822091282,7.35210426349
tess:283792884,63.87000206861,6.18686108508
tess:283828701,228.4758010665,49.12422742085
tess:283829168,228.65044952819,49.23990720056
tess:283866469,64.31288325623,7.82927400426
tess:283884522,2.21366328402,33.87892906211
tess:283892713,236.56639532722,28.59487861705
tess:283906039,19.54552123347,32.92092938035
tess:283994666,152.08908320988,-19.75521748157
tess:284120758,18.59346216798,-7.9109036908
tess:284154114,106.72225315264,55.18945607997
tess:284191205,275.58732104676,53.46481095505
tess:284267573,225.17655539515,42.20985401248
tess:284295925,276.15847857435,51.09059111918
tess:284358867,288.03160164925,58.15675668682
tess:284554567,109.07730228026,5.07609485655
tess:284594882,198.78607060055,42.02033688113
tess:284628366,216.89860763473,52.60756111476
tess:284730577,76.73120815692,10.99807233439
tess:284789252,76.72356388574,6.11553751524
tess:284794780,76.87978982571,10.17690245752
tess:284853593,247.56535177181,21.64168962152
tess:284867561,131.952637922,34.39913704762
tess:285056382,268.52921461737,27.35383126851
tess:285153936,119.90670207805,-43.29893374326
tess:285387237,36.38950124853,32.10302002764
tess:285972223,172.6395005819,-8.83492755786
tess:286022870,242.78456859803,-28.71549915331
tess:286057615,138.24356808762,0.51560077818
tess:286129396,140.89642306392,4.69157360868
tess:286147872,179.22979833283,-25.70792742892
tess:286169710,227.76203163139,50.85976352921
tess:286311137,170.50393261544,-7.56721529209
tess:286318155,37.72597012451,34.35660048445
tess:286358203,38.05959569536,30.57717744992
tess:286361842,191.14525336973,3.53180902914
tess:286363619,171.2102810661,-11.54227727175
tess:286377115,260.61519212671,24.87942623862
tess:286636275,46.04014367629,61.70582203918
tess:286641932,76.2693398224,61.28914030575
tess:286724454,313.32961635988,23.62304542429
tess:286912556,190.58401150633,-23.29715781945
tess:286916091,203.43389849449,48.01488672819
tess:287085805,253.31884505065,70.52432195624
tess:287087392,252.67765260407,60.59544175394
tess:287097969,166.48615433221,-12.64437362753
tess:287129280,294.73475778558,57.82400796166
tess:287148041,338.13791581539,-76.93877454159
tess:287152402,253.89884628303,61.02311798506
tess:287178315,198.90403244104,9.01602938977
tess:287328866,109.76464898328,-58.84506324807
tess:287329624,109.62836694632,-59.73547835391
tess:287350461,122.07037920953,-73.02775288488
tess:287350462,122.07765394287,-73.02598727628
tess:287350667,121.96836542184,-72.77225468085
tess:287405060,82.36286952456,-68.86801010602
tess:287428393,122.79651145863,-72.95487262131
tess:287428978,122.92822887488,-72.31620094078
tess:287431658,123.29420098668,-74.56012562092
tess:287438823,82.38645172346,-71.89928620719
tess:287584993,124.74771441292,-72.66559716177
tess:287776825,127.0981872965,-75.47452624671
tess:287870438,128.06490850224,-76.92880278232
tess:287951169,128.73075144481,-72.79783501573
tess:287953237,128.94912955498,-75.10741406015
tess:288066833,136.54360473762,-73.48238165669
tess:288160535,210.50580924489,82.50421755721
tess:288240134,224.82438990455,82.98633420295
tess:288240186,224.78616723435,83.34257088458
tess:288298684,260.83401907294,82.32986979691
tess:288299306,261.20911611693,78.9078309399
tess:288345527,263.85421018373,83.48786444256
tess:288407295,268.32995764438,78.03530259083
tess:288407831,268.55573828702,79.6955735338
tess:288514163,273.12203193176,77.9053306363
tess:288631611,277.55431779986,82.39393779803
tess:288638170,280.30977528768,78.13100217793
tess:288671254,279.97614368575,83.34216174125
tess:288771819,232.00879021547,-74.09080780253
tess:288858072,40.23094683368,71.70070605589
tess:289045513,22.29725200727,72.93253245634
tess:289405850,131.06766919925,-17.40929354642
tess:289511011,200.30003402775,61.08480463604
tess:289522461,200.5816188801,60.57864107022
tess:289570373,251.85716518749,62.81774264541
tess:289571603,252.1673948504,64.31676150721
tess:289572237,252.08508731389,62.05663633667
tess:289575374,1.23978806762,-17.16026581418
tess:289581302,252.36955816526,63.7191203509
tess:289581438,252.33216762267,64.20168993562
tess:289581571,252.31572165706,64.717059734
tess:289590465,253.44291283421,65.29411638925
tess:289590763,254.1433935358,60.39963525317
tess:289668177,146.05896166985,-11.87252523706
tess:289721515,274.10319838689,50.23787273274
tess:289723166,274.20148917886,53.72179170059
tess:289839102,317.46489341262,-24.40070241242
tess:289839756,317.53302817392,-24.82310555884
tess:289840926,317.62904352544,-27.18097957946
tess:289840928,317.63117152315,-27.1827824089
tess:289841314,317.52471104943,-27.88863700589
tess:289941099,98.51382241482,83.75596242805
tess:289952026,318.5075057751,-29.66352308929
tess:290027057,318.72420514335,-28.97456461302
tess:290081384,319.5214661211,-29.51338179594
tess:290081602,319.6027174196,-28.97672857405
tess:290419113,305.76014246339,-36.41903405444
tess:290496318,3.23770481268,-79.86870189489
tess:290543478,4.05282979455,-79.85117909388
tess:290610129,140.42783128817,2.51781694436
tess:290644871,140.67016912681,4.63598824541
tess:290716988,84.23688779862,-47.96469004614
tess:290753938,84.67925031998,-50.78942193169
tess:290761749,307.96973812492,-40.90168527957
tess:290761750,307.96915982915,-40.90063287678
tess:290907805,309.89428974757,24.12393754081
tess:291160447,190.98831505168,3.91753342782
tess:292124942,272.51055903053,-51.97143008044
tess:292402144,32.31313930898,42.04097949435
tess:293115795,49.01437311566,3.39672141691
tess:293164462,66.40051938932,-57.34868560139
tess:293166303,66.51208437494,-54.97494551384
tess:293269165,98.66362704775,-64.86910733476
tess:293273183,98.74939279718,-60.00247265999
tess:293466528,50.33738390071,-79.28629930493
tess:293482088,350.4687772919,-69.70329055441
tess:293482385,350.57017922977,-68.55018615967
tess:293507177,351.54457166435,-73.39718244811
tess:293508236,351.46517186653,-76.77302540215
tess:293518771,28.19898592779,1.72061716503
tess:293608218,76.6759145551,14.44619140249
tess:293618677,0.1212401845,-71.91034737652
tess:293649153,97.69299460145,-45.79371078718
tess:293686787,216.69589440111,56.66240251292
tess:293774243,98.24610448653,-42.13277752692
tess:293844315,141.47445896262,-3.30527423306
tess:293970254,106.76055959314,-55.77100032691
tess:294092960,107.3566190475,-57.502430881
tess:294098955,107.71092347231,-57.61291267583
tess:294157702,108.07198808687,-54.76937517692
tess:294209741,108.2917613546,-55.92923516258
tess:294270749,108.47179046818,-56.52306808665
tess:294272254,108.42993572408,-58.39674079669
tess:294272467,108.53531661256,-58.70293691912
tess:294329266,109.04984127338,-58.81444072966
tess:294535809,266.2467745383,-66.04700219859
tess:294558241,222.74659775409,-60.70183968198
tess:294667961,70.69149984777,-66.00032483301
tess:294669946,70.63072993226,-68.37230139604
tess:294676622,302.19115251209,53.03505498893
tess:294750180,71.04570285203,-70.32343294871
tess:294754396,71.00418120208,-66.40099984981
tess:294779080,71.48213226408,-66.51845805498
tess:294873470,71.91948999794,-66.13274408475
tess:294873759,72.08040197216,-66.48075550677
tess:294922857,71.85294964169,-69.43511925612
tess:295742782,108.96164719786,-13.0494808418
tess:296375776,223.61292646968,-65.3426522196
tess:296723903,141.78693811009,-14.33527025857
tess:296862547,158.50222011475,-13.90388915624
tess:296882445,158.73684175266,-13.00091663341
tess:298072229,199.51366343148,71.98202872969
tess:298079609,142.67736552669,-53.52170315207
tess:298163426,219.15325363197,56.6914741886
tess:298184647,220.06842032738,43.4405610109
tess:298247874,224.28473246277,43.87877307123
tess:298264838,247.69808265291,54.90117091795
tess:298265486,247.79572686842,57.40953760532
tess:298266450,248.38636058091,58.4254448776
tess:298435750,217.47601164048,22.30911807563
tess:298600443,272.06063043047,53.36559013334
tess:298661903,272.47966723444,48.40208406621
tess:298665232,277.9957374636,59.23923682823
tess:298666521,278.40414715685,58.23184302218
tess:298690606,143.10869441219,-52.62766644652
tess:298783705,278.68495857481,54.15674685742
tess:298896144,288.02093964483,49.85574826854
tess:298960033,70.43371344759,-5.6672375255
tess:299029180,288.56262606941,50.93577381298
tess:299064105,71.03834194217,-3.70792817406
tess:299067480,71.09243770815,-0.03901723804
tess:299135180,21.95959034911,-9.34346307844
tess:299552483,54.74488902329,0.79654374599
tess:299798795,37.19348342982,-80.89922174994
tess:300011941,106.91337406895,-66.40662392923
tess:300013921,107.13395637841,-68.36888737048
tess:300037002,107.88579032259,-66.01983000234
tess:300039099,107.69886974799,-69.08442630273
tess:300039564,107.66272929107,-69.84133136801
tess:300086670,107.96501535203,-70.30443052787
tess:300142103,108.85415903887,-66.96015290514
tess:300158207,109.01907021356,-68.64386139071
tess:300164495,109.40357995229,-66.41868732589
tess:300244561,109.95716284351,-67.49261869653
tess:300266322,320.98462050563,-25.87419451911
tess:300290097,110.16863421161,-70.31483505109
tess:300290733,109.99823796818,-71.36936458732
tess:300329283,111.15468493331,-71.47065712768
tess:300381910,111.28828342592,-67.34207987536
tess:300383439,111.37422455241,-69.37141708057
tess:300443794,111.6620542025,-69.57637406601
tess:300444242,111.54972145121,-68.90655042024
tess:300509728,112.19230777691,-71.17971646568
tess:300511791,112.15915270353,-68.23602065668
tess:300560295,112.91598736762,-68.13321346834
tess:300705145,114.9634710797,-66.19016239628
tess:300707873,115.01760370048,-69.48829551285
tess:300709924,115.06110175849,-71.51569787169
tess:300739804,115.31316697859,-69.20466512763
tess:300741565,115.16994294872,-67.07564088302
tess:300743667,116.3771022721,-70.4251018921
tess:300808145,116.77005671875,-66.61985007007
tess:300864518,117.00703569331,-67.15101448668
tess:300866996,117.22992299003,-67.35998797791
tess:300948602,242.33731926469,-73.96354168968
tess:300969581,118.24485685362,-69.40111357771
tess:300972613,10.7711124648,-47.30479028382
tess:301051051,49.98188638193,-43.06979826617
tess:301057445,67.7699509527,-45.36043081256
tess:301545601,257.08442116378,-71.14905841729
tess:301741193,40.04354124283,48.90607692394
tess:301860677,130.84226856125,-69.52177428042
tess:301976951,329.34235695662,-19.88113073513
tess:302116397,322.54471674665,-24.19202971854
tess:302126242,307.29953328017,-29.39301803545
tess:302146957,42.50941355853,42.3092490114
tess:302296434,320.29626861655,-28.31091767622
tess:302298728,320.39140414682,-24.55629181963
tess:302333352,320.43714886599,-27.03653187898
tess:302376679,320.90105331416,-26.2327235659
tess:302411696,33.040799323,-16.39233573241
tess:302413586,33.35000092703,-15.66666098195
tess:302455581,322.79090703843,-24.46292527229
tess:302465470,34.28493669841,-14.0864610673
tess:302498322,34.43396790267,-17.12044110598
tess:302542715,54.67208566087,29.40673909315
tess:302580456,133.46168856752,33.05681194585
tess:302630708,136.92290253204,35.62960700964
tess:302751674,322.95476514761,-27.64322073988
tess:302751788,322.83518125512,-26.24461146777
tess:302773669,42.43536122601,71.75323116612
tess:302965929,62.11185588989,-78.74642069902
tess:302967382,61.87753764469,-83.11550797715
tess:303051821,351.44149923189,-24.51469565876
tess:303291181,11.93185469432,12.87215568663
tess:303599763,75.46192862891,12.34685577322
tess:303760478,75.78190760116,13.73067001878
tess:303909762,22.79396654808,-76.16318873347
tess:303909865,22.79996333276,-75.94729907004
tess:303953275,23.71729648929,-74.19358046515
tess:304032310,24.86629258697,-75.60388986492
tess:304033253,25.14543387864,-77.37295187182
tess:304096841,352.54298684341,-28.09497339855
tess:304097059,352.66727491618,-24.19602665702
tess:304098027,352.64541969052,-29.0363085789
tess:304133717,28.27261611102,-73.13374042376
tess:304202804,274.9987231451,-66.62989978026
tess:304217972,141.98994722004,-66.10229948869
tess:304392811,352.84062180767,-27.8304668221
tess:304417560,177.96035067803,-64.12437795377
tess:304437284,259.5610289593,-60.45763580138
tess:304531034,178.08987613738,-64.74172460417
tess:305453805,165.93486281625,-59.66626893817
tess:305468549,314.74902729143,65.25095557823
tess:305647698,205.27045056081,23.67023600736
tess:305767364,263.16752237317,-64.35305586872
tess:305932218,200.23927028196,27.23565292713
tess:306181889,30.02876968884,23.95751818227
tess:306202919,264.39765194669,-62.05974360759
tess:306275816,264.71891025992,-62.8778207258
tess:306301020,95.48734908696,54.26369575171
tess:306362738,91.08947275552,-16.96530801032
tess:306501888,166.8205743889,-58.68012232066
tess:306577678,119.36911285585,-67.30395973282
tess:306735869,120.62994668344,-66.0209388423
tess:306736831,120.98712251031,-66.88046475875
tess:306740183,120.7303606469,-70.93026595217
tess:306785681,266.15887163639,-60.85814779649
tess:306807442,266.41340256182,-64.48468003908
tess:306826065,121.74337832231,-67.15779289776
tess:306829151,122.11248339361,-67.76700717113
tess:306847270,107.82699738927,-16.62948922693
tess:306931200,122.70816382726,-71.12649825238
tess:306956595,14.0723628104,52.49123767501
tess:307031724,123.27763703254,-68.58355552239
tess:307032969,123.20070046581,-69.18763248539
tess:307033218,123.3040019394,-69.32817104669
tess:307084982,123.65731117956,-68.52543839291
tess:307230784,267.72071025308,-60.36319507496
tess:307286219,125.13868623069,-66.50148772436
tess:307290964,125.1539937254,-71.08773755943
tess:307291329,125.03448417637,-71.52725136134
tess:307365291,125.69900104371,-66.48691509645
tess:307367073,125.77279711898,-68.05522285222
tess:307402498,47.39207962536,10.63259572505
tess:307437493,125.79318310887,-68.36549167169
tess:307488184,126.26885529459,-67.97599868588
tess:307490251,126.15762673417,-70.15897603228
tess:307642432,127.29823249391,-67.20256437537
tess:307711716,127.56617126927,-71.14562798035
tess:307714152,127.60552765533,-69.81796542042
tess:307715119,127.82334928169,-68.89506613538
tess:307715447,127.82566179664,-68.58949859048
tess:307783750,127.91365200294,-71.66113235209
tess:307783859,128.00791758638,-71.78317336246
tess:307849462,128.55302595676,-66.34732833384
tess:307921974,128.80374840545,-69.44261264239
tess:307943195,99.39125180807,12.18055730192
tess:307958020,256.84331689244,62.47583652316
tess:307983701,256.9825633067,61.73428162073
tess:307985648,257.12564461088,64.19841901824
tess:308068653,260.93663721323,47.27322336627
tess:308183430,130.38597351321,-68.42784405065
tess:308209545,7.42982649082,-30.10394301469
tess:308307392,120.14317747665,-60.70626020591
tess:308444651,23.35678964812,49.61931311204
tess:308451526,120.73331766025,-64.07358815638
tess:308543286,121.22642258795,-63.77171095483
tess:308543986,121.16939991478,-64.49823927478
tess:308662088,121.50156159184,-64.65600102713
tess:308667775,121.85947651687,-61.69491103983
tess:308851582,122.58623232344,-63.74033659399
tess:308922196,122.93602630862,-63.26929366063
tess:309062208,123.18868340825,-61.22998649147
tess:309257814,124.26955711378,-63.21348639166
tess:309299238,124.4989322746,-64.3523489621
tess:309456404,223.86136867697,-51.48367102265
tess:309472899,124.98881357788,-64.24039118609
tess:309555522,125.58431816368,-60.21920081109
tess:309582191,147.96118257431,-79.02717381909
tess:309617141,78.88859966109,-61.38950307898
tess:309618860,78.94227954091,-64.22649859765
tess:309656200,79.27455207749,-64.69631659395
tess:309658394,79.23481959396,-61.05477235028
tess:309714906,126.02497907928,-63.56737694301
tess:309755084,79.68122957657,-60.54042553194
tess:309791561,80.21391786002,-61.91474570211
tess:309829340,225.45638260367,48.27616956327
tess:309965130,138.42250117672,74.84978098188
tess:310004221,224.88718453598,45.46417571194
tess:310152973,238.21800633931,50.42558841757
tess:310154471,238.74486068804,52.40387117318
tess:310395308,213.67102263425,16.0138011757
tess:310395457,213.56817242727,15.3600374087
tess:310416000,213.73291243953,17.12098332526
tess:311035838,206.09414131398,48.02866840476
tess:311057057,351.67263583849,-15.0753579668
tess:311112598,225.07877940389,53.26478252686
tess:311267421,247.44416353025,28.17725240259
tess:311385929,86.34627563701,51.66243800688
tess:311410850,33.53169695409,-49.56422545287
tess:311578543,159.55356300932,49.64135726719
tess:311659492,160.89093885731,48.21411936755
tess:311794619,261.82406568473,-73.702582851
tess:311967383,138.66707020045,9.51510564277
tess:311990226,139.19332261854,8.23234032724
tess:312025443,139.48818199356,8.66245569216
tess:312590891,201.68389481336,-62.37650788534
tess:312985655,198.32817260267,16.36324326555
tess:313112200,80.8905986194,10.07480242887
tess:313141396,83.20358558917,72.75426520224
tess:313272501,183.64387742968,-70.61363914874
tess:313386525,223.06989145183,44.61284086267
tess:313890957,0.17235217449,-29.69736375452
tess:313891046,0.34509087892,-29.84350765563
tess:313932570,0.40032872514,-26.469930845
tess:313934058,0.65167648413,-29.57020741026
tess:313934111,0.56122184511,-29.81780260768
tess:313934132,0.58216674752,-29.9353725966
tess:313934186,0.76229937958,-29.79559368073
tess:313934195,0.77859802135,-29.7462801394
tess:313934217,0.71295953595,-29.66268836169
tess:314018646,2.43767323362,-42.02758406841
tess:314825931,52.27753078714,-75.52957468838
tess:314864866,53.2061621927,-74.76685819527
tess:314865597,52.98243711975,-72.3291189208
tess:314970042,144.6292007665,-28.54272764768
tess:315095307,145.22426706988,-24.96801226916
tess:315756675,311.26290532219,79.23866590971
tess:316312153,222.7199190743,44.43401240126
tess:316331312,187.828833253,55.11896849533
tess:316476060,280.39474427565,-39.69183449865
tess:316477102,280.50638746832,-39.38089770884
tess:316692825,280.62374820071,-39.08858442909
tess:316696363,280.55976135029,-40.14013889933
tess:316742654,53.0645767126,58.78948554091
tess:316764579,280.54046478743,-40.47332440795
tess:316805931,355.24578767763,-31.16297673142
tess:316835177,73.94723874156,-16.33927913618
tess:316881421,355.53851154133,-59.93650486098
tess:316913332,355.72701990149,-56.09099868997
tess:316918406,74.6490667998,-15.62517191799
tess:316976676,55.52532729426,-61.39135858023
tess:316990859,335.26571238889,-76.26724914626
tess:316992294,335.6814000662,-72.26227730055
tess:317016534,336.17101900039,-77.40102607149
tess:317021841,336.46314311241,-75.01568819684
tess:317250858,122.46657233931,-84.6011045218
tess:317297606,123.85923002643,-84.8256300483
tess:317546951,88.21820057487,-16.56267196731
tess:317714936,88.95290609293,-12.12226434811
tess:317724931,281.1070694802,27.49969443155
tess:317780316,353.85161839162,76.65312370926
tess:317798819,89.18593569768,-13.34330974634
tess:318035342,243.49173353258,-36.3037165996
tess:318068718,108.40211734837,51.10467247107
tess:318092167,161.55030804367,-3.66469585222
tess:318118492,161.6688711405,-4.39280223647
tess:318119601,161.77764006379,-1.9140809708
tess:318178607,309.07355378985,-78.82851432814
tess:318213519,314.82443835085,-78.1807821122
tess:318219066,162.89180619711,51.99460489537
tess:318275785,164.04903518523,48.01776413706
tess:318290913,164.23664759006,53.50360556931
tess:318606698,332.55496831439,-71.76838529643
tess:318886674,42.04365401148,4.36053249807
tess:318887436,42.07670652105,0.63869446138
tess:318944460,42.7149295127,3.51006959578
tess:319218849,174.2501550727,-65.27125775487
tess:319289907,72.02157041808,-80.77923940934
tess:319466859,100.30204501019,-52.12738982291
tess:319570269,291.04145734013,-55.53434327313
tess:319670068,291.49389641842,-56.56013880459
tess:319740055,291.92017441619,-54.33633714042
tess:319904128,293.00430919157,-58.91577391161
tess:320244789,216.20215933849,33.09106316929
tess:320261550,295.25964360017,-54.45120974905
tess:320499643,264.42957734008,54.70888371556
tess:320502440,264.47423045288,57.98082377904
tess:320661361,297.40124947009,-59.38219736381
tess:320952356,324.88985551342,-36.02982204507
tess:320965407,325.07436998885,-37.71178786997
tess:320966026,325.16257851755,-39.79112835277
tess:321100028,60.13326300028,-41.74841481889
tess:321101935,60.31989398055,-39.15505957342
tess:321437512,203.18155686068,35.5004026779
tess:321441576,164.09971944877,41.12730597364
tess:321666873,175.37492548081,-64.82486380348
tess:322051377,13.85540978827,-49.94926316539
tess:322051381,13.86717065864,-49.95953464501
tess:322306553,359.57351050781,-86.44000915778
tess:322646579,69.43039731379,-29.61317683256
tess:323400070,333.12064214153,69.81205763937
tess:323443291,70.33573035895,-85.96039016406
tess:323875454,142.67302703044,-83.23453522687
tess:324045772,146.23655966642,-80.50887951399
tess:324134747,276.6958828986,-48.32055148347
tess:324200940,276.64668828901,-51.14558241071
tess:324209101,276.86737826834,-52.41032513628
tess:324991088,257.98599419192,-29.4746117666
tess:325178532,340.70389248477,-71.70588844034
tess:325205605,355.57171435644,-69.90679604096
tess:325220989,356.34276687206,-71.44735612614
tess:325338273,334.55530104457,-72.33744342004
tess:325340243,334.97668512509,-76.49490598408
tess:325372383,346.1453100238,-72.07117673127
tess:325525541,359.73583824779,-83.66181526721
tess:325680697,36.85337308112,-12.03894344077
tess:325682504,36.97120240499,-13.31623402631
tess:325684890,37.33072126467,-12.06364743906
tess:325928834,293.9870303351,-28.0432034348
tess:326092524,15.33337133561,-25.61453859943
tess:326093062,15.49812285846,-25.60806230089
tess:326198068,17.36925224019,-24.45342346242
tess:326209384,246.02181299926,73.45826064816
tess:326301723,308.33509249674,-26.12859737502
tess:326356582,325.66444213353,-21.40980521043
tess:326393023,317.0540290592,-27.18660337655
tess:326445217,326.25915457583,-24.48600543415
tess:326446019,339.3122864925,-26.37591465188
tess:326742300,210.1329054122,-64.2734734116
tess:327136878,23.82671844155,43.04545492438
tess:327303570,310.43965836368,-75.3464022493
tess:327507922,25.44642975754,42.61345653361
tess:327597001,326.65805506831,-66.92540643699
tess:327667965,329.46444919652,-68.21392941966
tess:327724630,331.59524303359,-68.74142131179
tess:327953002,359.13907007508,-14.7529520825
tess:327996089,1.51658642835,-29.6283152821
tess:328009202,351.70114731572,-13.65366297564
tess:328300647,46.28394241008,3.42503543404
tess:328321205,46.34639038715,1.44831140634
tess:328349131,46.78008094954,3.88861694563
tess:328899470,218.14042573248,78.7307576374
tess:328936777,207.04976008961,22.50299191387
tess:328979536,196.4873693936,28.93787332772
tess:329135012,249.41439069623,22.18688631307
tess:329249115,264.17643822886,55.38404372135
tess:329250015,264.01992547536,57.57326918483
tess:329574145,271.59882967894,-36.01978596212
tess:330736514,333.97557759319,54.67288992525
tess:331537143,330.45729380139,42.02655903819
tess:331542393,330.52245729801,44.34316683899
tess:331731084,320.86307947591,-75.49382121574
tess:331791400,34.1842827914,81.16915252877
tess:331866557,37.30505343839,78.87453495115
tess:332007547,179.12901187173,-50.7597144387
tess:332293149,212.75610158489,-61.42524678515
tess:332312858,205.44443717626,52.60729985425
tess:332313971,209.54501321482,48.8789938347
tess:332349300,212.74938249264,50.25157911562
tess:332487879,350.31457947629,-26.98676937219
tess:332488398,350.5651761109,-29.70644748188
tess:332507607,350.5943812619,-26.79010301907
tess:332507719,350.59853520672,-27.42923699219
tess:332517282,350.87807062128,-28.12061070826
tess:332701849,150.11522044662,-12.40229712135
tess:332703198,150.09966256679,-16.29516424389
tess:332707753,32.45173677623,-4.87866449475
tess:332746279,33.19433854929,-2.39633130936
tess:332860629,84.64586333908,-8.94457056339
tess:333561337,354.68616739083,37.44837075324
tess:333640011,13.16539607128,-2.87110974511
tess:333671308,182.04133219276,-50.97390139152
tess:333868181,309.19467659861,72.61883867952
tess:333956681,309.493687473,77.23398693274
tess:334207648,192.98500882319,-66.64026516384
tess:334514869,123.24596218545,11.44990037726
tess:334684206,183.64204386898,-51.170139219
tess:334854530,259.12871556958,42.05875953641
tess:334854989,259.13626055984,43.04134070265
tess:334895388,171.87599097082,-12.43595834362
tess:334990259,267.84033010865,15.07039243401
tess:335588842,183.46198131254,-15.93350051591
tess:335662039,217.25256541127,83.46226261357
tess:335745049,224.21601689469,64.23945644997
tess:335964858,281.96881505426,77.34016148058
tess:336168253,318.72434873601,76.63109145934
tess:336405638,281.96816293948,39.98086207109
tess:336733373,312.42464110501,-25.79580518309
tess:336733992,312.35227007078,-26.93741430142
tess:336756760,281.72254011154,28.62584830364
tess:336776923,14.05615953775,15.65617307792
tess:336898945,281.91653023975,29.51097681855
tess:336956726,18.89079379761,1.45391806425
tess:337130379,33.63908084891,6.13190195516
tess:337218872,39.73665837221,1.52733743985
tess:339555449,208.9151965158,7.93725842257
tess:339576478,359.12979927432,-58.30721453212
tess:339607562,46.27313938681,-53.28843548024
tess:339633702,110.11605248299,-58.49074134818
tess:339635992,110.02869268699,-55.42204515109
tess:339668420,110.34877231214,-57.34360723501
tess:339770560,111.12124515385,-59.37299393044
tess:339879655,253.59207692156,-38.09835461389
tess:339891888,112.00870652593,-59.37240737393
tess:340061403,112.89678415564,-54.36941268581
tess:340481541,115.92468818355,-55.13705854285
tess:340637365,116.56184605295,-59.81406516096
tess:340697083,116.95716762068,-54.26414427046
tess:340703767,6.1334059543,-25.3813762186
tess:340703996,6.1841,-27.1401
tess:341078639,313.05453222719,-65.14491921493
tess:341197165,314.36991162616,-64.66049328384
tess:341498715,318.52157528982,-63.70037301861
tess:341554707,120.51875234713,-58.72651151466
tess:341593234,134.38549824909,70.2790738984
tess:341729521,121.31990148641,-59.57978688473
tess:341815080,267.45668975255,54.67310019737
tess:342169848,122.78888554208,-55.93232274178
tess:342448719,123.93500488835,-59.07498014751
tess:343140920,205.68782028319,-66.79374274649
tess:343709282,206.78658117122,-70.35188736266
tess:343813545,49.8404000195,3.37019372145
tess:344319320,13.62385809836,-14.6423480333
tess:345393013,49.70508492588,10.73193343983
tess:345455909,58.19837989715,6.1935239618
tess:345482837,68.47477277724,9.93113025257
tess:345672830,79.23351576849,7.44697551678
tess:345926304,192.96880992002,-14.05870461714
tess:346630628,294.06400513764,-81.24713505667
tess:347435798,218.77483369814,23.51563121291
tess:347554796,247.89190648229,19.27715595609
tess:347554797,247.89336495951,19.27721617982
tess:347572104,45.15040651345,5.98606229116
tess:347676583,182.12175571714,-14.90361725221
tess:347701260,262.97798754459,18.97666100884
tess:348319604,281.81841016008,20.68930823599
tess:348718444,45.4929372191,-78.77810380401
tess:348763552,46.9223064265,-80.92240604397
tess:348771895,47.48693942327,-81.35464292509
tess:348837162,134.68305359587,-16.13272372103
tess:348839788,98.84278046666,-57.62643706989
tess:348841387,98.98652622925,-58.9521554477
tess:348842421,98.98004706436,-56.72863825421
tess:348894229,105.92703554668,-62.00150626547
tess:348898049,106.06063551512,-62.90221871414
tess:348898884,106.13323726128,-61.44472170992
tess:348902558,148.72517795463,-14.93978467362
tess:348905020,148.8862090254,-14.66312637863
tess:348992095,106.7453008416,-62.3529816333
tess:349088758,185.35732993202,-12.8155101197
tess:349152048,108.05102091978,-61.27192924794
tess:349154160,108.24139552333,-61.61317651426
tess:349192028,108.83691839904,-60.37775344419
tess:349273863,109.15064919252,-64.05372277579
tess:349287744,207.68883549799,18.50483799251
tess:349288381,207.57027660437,23.35215436023
tess:349304574,109.37429294438,-64.1713693863
tess:349309931,109.6333134088,-62.8801550963
tess:349371337,110.05938974716,-62.04129015974
tess:349437857,273.28828263923,-52.33138066272
tess:349518888,111.22923134446,-62.20750241609
tess:349762144,112.57253164362,-64.83559099654
tess:349765098,112.90083707049,-63.11668182589
tess:349766265,112.96709945394,-61.69218300519
tess:349973650,114.593984555,-63.50058472365
tess:350025490,114.47887775212,-64.94638054828
tess:350025862,114.46629209069,-65.44148871324
tess:350083732,245.75061258794,-61.6887674697
tess:350132371,329.09088434336,68.99818863924
tess:350141132,115.60595633901,-61.64090587808
tess:350142099,115.532714261,-62.73205069877
tess:350146388,115.6621008711,-63.60390242007
tess:350190639,355.04748545857,-62.40735331617
tess:350190949,354.90247681513,-61.11295949584
tess:350215424,355.68061842899,-62.4156947363
tess:350221531,355.71498383594,-65.16335236435
tess:350223741,356.23900612508,-62.24469137074
tess:350293646,131.10709703803,1.86002959908
tess:350298314,83.74447045121,-59.33795535998
tess:350298948,83.9104427454,-58.74734558319
tess:350336617,84.29609025345,-56.32472732723
tess:350341850,84.24668478631,-54.34236321786
tess:350432444,84.90927433357,-59.72325651326
tess:350433035,85.06722191945,-58.76422699877
tess:350479496,85.99468915815,-59.82652706805
tess:350479646,85.94373256713,-59.43824611496
tess:350481517,85.85927679273,-55.18700393737
tess:350520348,86.30584006905,-59.92378295582
tess:350544806,189.9411213611,2.66712238964
tess:350545681,190.12701195933,4.47496135595
tess:350562028,86.7148710771,-58.31014329217
tess:350584820,87.15875547151,-56.30324007049
tess:350620345,87.38278344624,-58.75115053223
tess:350653237,87.88993072924,-56.76235224852
tess:350713883,88.38830391144,-59.20361611742
tess:350733850,287.44099148427,79.77856140172
tess:350740740,88.62936716399,-55.8438410415
tess:350766639,89.14196841447,-57.9980245164
tess:350824771,89.65046380165,-55.98652326278
tess:350840339,89.86369552555,-54.4736010722
tess:350841061,89.87197836056,-55.89711118503
tess:350841880,89.77395997724,-57.72395472918
tess:350843192,90.011231063,-59.3135024555
tess:350861038,90.46393165577,-59.82676844199
tess:350861890,90.50618767375,-58.02777846381
tess:350930527,90.67763019016,-54.12250300891
tess:350954963,90.99968756305,-54.13230891488
tess:351339130,301.2268921156,-65.36240560778
tess:352479276,323.80633205385,-75.55393283751
tess:352697056,308.2625634212,61.13878033169
tess:352728413,356.29588752899,41.33495167204
tess:352908628,61.03328908428,37.32975109038
tess:353734779,276.19230866082,58.61311124729
tess:353808368,270.28478934989,55.61839807998
tess:353817578,270.22282770238,54.28050579554
tess:353851261,24.78698248573,26.32328503404
tess:353896104,271.74552465924,59.08927198556
tess:353989471,272.54639273611,55.63879505809
tess:354437781,89.13590836381,38.15190139825
tess:354571604,84.30382466388,-42.71545884093
tess:354605348,21.55995983827,-47.98841489138
tess:354606420,24.58547247846,-53.89058212988
tess:355127594,137.21279392804,33.88221892017
tess:355183694,132.5806927904,46.29302829429
tess:355235442,130.50206029473,-62.30733420498
tess:355509155,15.491062443,-55.39603846661
tess:355601331,357.63190003076,-58.52059249555
tess:355650859,358.65138451299,-58.63129569455
tess:355738550,1.89634280254,-60.64052556761
tess:355739089,3.571248,-61.656593
tess:355766445,3.86464672927,-64.24854764257
tess:355767053,3.98154074945,-61.63109580318
tess:355926099,255.99825377062,20.88022990891
tess:355928698,218.52709141794,56.50890823825
tess:355945313,133.08008920873,-60.0789555243
tess:355946978,133.02523530923,-60.72717629317
tess:356318260,260.80029541368,22.06746529904
tess:356322727,67.80553420174,58.97608369527
tess:356479063,130.09155818885,63.32574086265
tess:356540099,153.12812974194,64.59223696154
tess:356659045,232.22023620725,62.57979877276
tess:356659504,232.21098638346,60.63839202395
tess:356752555,61.14312255379,10.77712452578
tess:356788124,269.11834007018,73.77519768483
tess:356789548,68.32133969946,9.90457243484
tess:356821434,269.19638843073,75.51452736625
tess:356823539,275.00615123653,68.46570082261
tess:356895908,273.19146061183,55.93230478406
tess:356916128,273.33540070579,55.05207707408
tess:356934188,177.4848160171,-81.95014275689
tess:356979621,273.81356395995,59.82672520805
tess:357019453,179.47521970249,-79.1275847313
tess:357032575,274.03056784902,54.13003153553
tess:357035978,274.49948820669,59.7186168484
tess:357036564,274.36317022962,58.45213174538
tess:357049753,274.87880018359,59.78060858372
tess:357113710,107.45526619221,55.29513034112
tess:357243349,98.52096618669,77.0109852709
tess:357297058,136.99854487261,-64.03402565951
tess:357348489,218.27187491683,55.45936133622
tess:357349211,218.19844260276,59.37799700805
tess:357567470,187.12925135672,-78.69847963183
tess:357659961,188.69709585866,-78.14075447858
tess:357687777,275.17370251748,55.27452875213
tess:357793687,277.26638320567,43.93928500267
tess:357882448,191.34610742735,-83.65741012285
tess:357898147,138.37613964304,-62.98593265691
tess:358071175,47.46891427102,-74.54835600995
tess:358108300,51.21902773309,-76.68566691752
tess:358108509,51.11193779023,-77.45152393948
tess:358111274,69.88043183388,-73.07528280214
tess:358174980,70.79150928235,-77.15126373909
tess:358176584,107.16605246304,-76.70650531815
tess:358252947,61.78695876849,-57.72942169617
tess:358290716,66.0482754927,-57.07194649764
tess:358290717,66.05086640387,-57.07133772315
tess:358290852,66.13140700981,-56.40423648309
tess:358402746,78.00273823077,-56.60943239965
tess:358459070,78.16460431698,-59.14467874572
tess:358463011,119.00990526211,-62.12703224258
tess:358464555,118.84172358761,-60.83508083376
tess:358509438,119.21848914511,-62.97579704196
tess:358577029,38.53571576739,-63.38993460356
tess:359121291,194.40360371984,28.97909311408
tess:359164046,196.91545016279,24.00981219029
tess:359164051,196.91973297373,24.01992886001
tess:359299728,201.1463381226,-55.95671117352
tess:359309540,245.73043417806,22.76783850205
tess:359311373,245.979378529,20.56087850424
tess:359497479,279.18039739128,57.15415814815
tess:359627920,195.47652190937,-42.82837283865
tess:359654387,141.09561579857,-63.7183511969
tess:359675849,280.70606023366,57.86520980772
tess:359676320,280.72815398809,58.76109648042
tess:359740883,140.89574815227,-61.19330020147
tess:359902754,141.25677266978,-64.62533014375
tess:360148433,353.33554161383,-47.30256320651
tess:360210538,187.44947222419,-73.0652194081
tess:360323842,262.47948930493,-54.26351324883
tess:360709162,142.93643412358,-65.24792845908
tess:360742636,294.63365364287,-55.33010514739
tess:360823820,304.16943919643,-59.11765528462
tess:361158915,143.74558412268,-65.47225843518
tess:361423188,144.22787530098,-64.3508775993
tess:361993750,51.98204132188,4.38123057542
tess:362413145,145.78681639793,-63.21789285153
tess:362714717,145.52436608331,-48.5231929798
tess:363225381,266.45181041208,-48.93609041657
tess:363326796,146.09819679947,-48.83731077291
tess:363913108,89.21543707711,-53.5665754516
tess:363924136,266.60527598092,22.48322002384
tess:364075921,306.31422110154,73.6092692002
tess:364117662,306.55871322305,74.63691227526
tess:364131928,312.10323685356,72.0565617057
tess:364302017,78.17516958276,-61.44153313141
tess:364302118,78.22650780435,-61.69869750675
tess:364327160,101.75418295078,-63.56635269036
tess:364425576,69.56702890968,-72.3700482355
tess:364537540,71.31327170382,-77.65351702299
tess:364538560,71.0773159011,-74.20583601325
tess:364588501,85.40246857856,-76.07280856812
tess:364588805,85.26164679719,-76.92943797554
tess:364589441,85.98673789541,-77.01170172668
tess:364589559,85.88705569532,-76.76790645843
tess:364909682,301.40124084054,50.98657992177
tess:364943337,271.82333738173,-52.92606991917
tess:365059891,201.69681222437,5.84099166665
tess:365065839,201.99991284753,1.49019243071
tess:365070128,202.06446012694,5.59429061284
tess:365070466,202.25489325561,4.48129846334
tess:365088469,202.47686963712,3.95523166199
tess:365128048,203.2039288783,4.50168068342
tess:365152575,203.18242573299,2.25802461705
tess:365182768,204.30372128261,1.31449850522
tess:365187896,306.2515384055,59.28385600332
tess:365202961,204.57978039949,5.83150661226
tess:365203621,204.61512698159,2.32022439174
tess:365232031,45.37207350388,7.17430089138
tess:365232280,45.3445338719,6.249118995
tess:365250909,43.87747416831,5.93359037942
tess:365299391,45.97679254618,9.75337223993
tess:365355158,47.07345834075,9.31156599071
tess:365442247,48.78365297855,7.10102382038
tess:365512941,65.12660587585,7.34283488309
tess:365566560,65.44863299169,11.66806577195
tess:365598115,313.12134509217,63.17590116583
tess:365717153,210.91746836946,-32.55756343282
tess:365728391,274.98294860451,-61.51719816596
tess:366124213,273.92371677499,53.01575573063
tess:366124891,224.25367233177,58.55801580324
tess:366560080,303.96907510949,72.8504379815
tess:366583273,305.42011380651,77.33919274633
tess:366634379,332.86832171239,72.79694066385
tess:366639182,333.29873441308,75.94822283495
tess:366714257,334.05643821223,75.17604721468
tess:366721007,334.45983365373,76.33631853167
tess:366777143,189.03829333082,5.98853219947
tess:366787553,198.16235698296,2.72339654332
tess:366804557,198.44637445181,4.84394317395
tess:366805536,198.51540253105,1.29541370366
tess:366975763,338.20951415836,73.30724629245
tess:367078106,316.08731413263,75.06806862035
tess:367142176,340.55238329966,77.84863518291
tess:367815369,258.04414103413,53.46320790929
tess:367837969,276.00709430337,72.3396382513
tess:367853806,276.23502234667,75.27019060625
tess:367855005,276.4935951197,72.42589763012
tess:367997926,82.00942363239,38.18848200744
tess:368078278,202.16371894869,28.44859020215
tess:368078680,202.15850056246,25.46849330859
tess:368143004,203.17443300523,27.95820199127
tess:368143115,203.16869184148,28.79950769387
tess:369361542,6.08310202102,-40.52629319787
tess:369395416,12.32350660736,-21.39588305707
tess:369456296,311.65868969974,-40.53867805116
tess:369491715,25.35670897979,4.05242485675
tess:369533533,25.27781518781,3.71389690031
tess:369587204,2.52344568716,-44.17254210441
tess:369603734,21.97153805269,-43.77453166501
tess:369706249,32.68927523662,-61.50254480771
tess:369837660,286.42314551037,-31.77240383338
tess:369966331,19.73939951634,-65.18359842729
tess:369984032,306.35616776609,-45.82921196842
tess:370011102,60.60486309862,-66.55209427188
tess:370038641,65.54495860698,-71.75093034597
tess:370040606,65.54465394925,-66.92187638228
tess:370101728,69.99164353052,-71.50561261221
tess:370112122,69.87715561001,-66.01811338976
tess:370112224,70.23365996097,-66.02892560539
tess:370112625,70.09280847799,-66.65840794492
tess:370134723,306.95400281304,-58.89847150549
tess:370136983,46.87888796759,-74.50758804208
tess:370136985,46.81676386478,-74.50581155657
tess:370282727,336.10270922182,-58.43712690774
tess:370325560,341.58833598329,-55.43916417647
tess:370326489,341.45285666053,-59.34891197454
tess:370328257,64.2481796691,-82.78417008476
tess:370745311,144.58193313933,-67.50520118011
tess:371566211,171.88255987752,24.04142152815
tess:371706494,68.89473582091,83.20866463476
tess:371791464,174.44434249343,73.06935025267
tess:371857161,199.17603287379,19.98336080692
tess:371859727,199.69590521923,20.2512140727
tess:371948195,307.83654780342,-66.6087572418
tess:371970871,330.37593784394,41.13941958354
tess:371979543,330.65338992538,39.0478229864
tess:372204950,312.99001038063,-69.12066072173
tess:372220812,313.56044663603,-70.71216152277
tess:372343189,331.70329550973,70.96528264762
tess:372372847,150.94260452476,-70.1350761593
tess:372712310,152.96627228229,80.08396211479
tess:372714341,154.53269513288,83.36682468633
tess:372810731,152.34100838515,-67.6105848902
tess:372914091,119.44547727313,-60.30306987953
tess:373023454,66.78663592345,8.97609071922
tess:373024833,66.88363438195,6.26446267366
tess:373062137,0.43875943273,74.41208175777
tess:373260982,70.28142709219,11.53588995149
tess:373328406,2.63720535857,76.18828919595
tess:373445744,320.25591031441,40.34496604494
tess:373560539,80.9377358039,70.63938970554
tess:373602410,81.10948993558,-67.48008648565
tess:373694425,26.93680679166,63.85250203352
tess:373765310,199.18743899689,16.74415914126
tess:373844472,81.51685434312,-67.2330001697
tess:373985178,81.70955485877,-71.12686511613
tess:374912345,89.0302827703,-61.44722878471
tess:374945558,89.33082325356,-59.89860613747
tess:375033848,99.47148831922,-60.28392210855
tess:375034557,99.50156699576,-61.53336160747
tess:375035131,99.64722081967,-62.56061706006
tess:375058105,99.95843390761,-61.47820276764
tess:375063426,100.13610283847,-65.32937787568
tess:375089071,100.24293819446,-63.08932527825
tess:375092698,88.74993296846,-52.48519243273
tess:375147667,89.15894379698,-48.2953323387
tess:375269924,134.42009419512,-76.43760648562
tess:375599392,334.61598329464,69.86114038262
tess:375681458,152.08208678883,-65.25942855064
tess:375841183,178.75556796046,-56.09598327062
tess:376382827,179.4872567941,-58.35812462061
tess:376848173,275.30846299695,68.26656923682
tess:376884274,284.48609613847,72.61442825482
tess:376923942,205.84164483284,3.47180323517
tess:376929000,283.90884838883,55.8827438818
tess:376930175,283.82439355592,54.27296427048
tess:376931811,59.22714999126,-80.29660954172
tess:376932590,59.07701202678,-83.07975580146
tess:376935746,59.81008155482,-78.62468255511
tess:376975943,284.12483042728,58.7841134539
tess:377017343,78.536691,-78.5305
tess:377018771,77.93290127176,-83.17150830289
tess:377055138,285.18341023643,59.06055890517
tess:377263958,153.78344400306,-65.43639343957
tess:377296530,286.85219484913,55.51291900673
tess:377727510,282.85491445215,38.62657001819
tess:378979123,197.90212584875,9.11336502408
tess:378979993,198.21579100582,9.61496383411
tess:379079786,204.54959602293,11.63797654721
tess:379106113,307.32453275297,19.7703856979
tess:379115312,205.9302727173,6.19973454653
tess:379115574,205.8672124262,7.69339317908
tess:379222611,180.76712527289,-65.8349514277
tess:379329149,181.0600448224,-64.31433337709
tess:379504231,284.5322194415,-54.42397159225
tess:379769581,181.20359490138,-64.16539606175
tess:380436218,64.58946030531,-54.07166013386
tess:380437112,64.71483309688,-57.95591926001
tess:380675528,191.92627660812,4.16533404046
tess:380727725,192.51488976549,4.01064785203
tess:380783252,269.71446539985,-60.92183441093
tess:381592492,30.55392967309,36.71703452965
tess:381711447,196.7405494168,2.20955865964
tess:381715963,196.96055438828,1.2963555673
tess:381726880,197.25531573889,0.65594004499
tess:381855507,322.36044772809,-55.75751746212
tess:381857325,322.4032718102,-57.94449354598
tess:381949124,76.42387371425,-57.47865892604
tess:381949148,76.44738480635,-57.55383261052
tess:381974955,77.15639782795,-58.02161853633
tess:381977500,77.48676680341,-55.82546330783
tess:381979279,77.61146826202,-57.53327192015
tess:382029529,78.60291591907,-59.86500242383
tess:382043915,79.4285033914,-54.35610702462
tess:382068748,79.72859027468,-56.30514066728
tess:382101865,80.21832254793,-57.35395272166
tess:382157531,80.78021118572,-56.92345526908
tess:382160241,81.00906761086,-58.37116701061
tess:382160308,80.91633166745,-58.55101961473
tess:382186532,81.10171661953,-59.25428932484
tess:382200946,81.74179000635,-54.81529162272
tess:382243958,81.90037722429,-59.12874514054
tess:382257374,82.42032133832,-57.00867959432
tess:382258517,82.5775,-53.9801
tess:382268018,83.13677636065,-54.55104236205
tess:382303398,83.21668508409,-55.25208420157
tess:382304528,345.71386377598,-74.34709858128
tess:382323697,29.43202955591,-11.51399837275
tess:382382057,335.21453898958,-47.3705541775
tess:382383645,335.48336582136,-42.01288145346
tess:382383684,335.45718411923,-42.15079092252
tess:382391899,43.68805945921,-10.89806278836
tess:382423333,45.00331588026,-58.23993096479
tess:382424280,52.16985990674,-56.89220548528
tess:382463166,353.01858399623,-43.58999247392
tess:382464925,290.52221455388,-70.80026841044
tess:382472618,0.13360677509,-48.72108558282
tess:382517745,117.45210857884,-64.04237918197
tess:382520453,12.209457557,-48.59359631409
tess:382527709,117.66181027479,-62.65995188976
tess:382528981,117.63772620207,-61.31584973386
tess:382575703,118.13636886088,-61.07192860649
tess:382575967,118.22270762457,-60.78606573463
tess:382577844,118.54854698003,-60.80002113583
tess:382624902,118.52971805888,-63.3372855216
tess:382633273,39.62105263515,-65.45850180142
tess:382635553,39.87232883514,-63.701192794
tess:383015846,250.92567145248,-28.97967293155
tess:383134735,134.13125173303,-57.0112810778
tess:383295162,182.96128478708,-85.23340693689
tess:383474799,206.27775987917,18.35958978328
tess:383483477,207.88918268346,27.37788494879
tess:383553114,263.05554844118,84.22827618913
tess:383615666,134.86975749663,-54.78030087497
tess:383624085,270.62085132075,59.1940323259
tess:383645274,269.31155040136,41.90169426032
tess:383664368,135.01418707003,-55.64007481349
tess:383673177,279.14143265426,63.36244474714
tess:383675936,279.36990265198,61.68043127038
tess:383675945,279.2214759136,61.70250432569
tess:383676271,279.18004080211,62.3749629399
tess:383711833,217.40208274748,-86.21694483285
tess:383952870,135.4398077009,-58.68506442304
tess:384352343,136.02098666781,-54.64656926254
tess:384924142,216.47506829977,-65.79630496582
tess:384984325,50.13176265259,42.60708040942
tess:385012516,137.37230300533,-55.64087944187
tess:385330408,181.60173413363,-14.5490088999
tess:385707916,138.36389891235,-58.76361271338
tess:385874363,111.15523024233,-16.73940501217
tess:385927634,138.81203616156,-55.19767126379
tess:386242030,139.2520573841,-56.2800227549
tess:386740398,189.308221826,-17.25464316716
tess:387020248,100.64074273937,88.0789105541
tess:387190963,303.87383669273,-55.75597271685
tess:387313600,312.67877295109,-56.24168431652
tess:387451438,311.41852074041,71.77526955676
tess:387464351,42.58707763941,8.15788741952
tess:387533878,43.69381854516,9.77236011409
tess:387586477,44.42635986625,6.10943691859
tess:387586850,44.47750960431,7.43517705706
tess:388039429,317.60217551099,70.76598901953
tess:388104525,55.93342240979,-65.19385122725
tess:388105357,55.84223584832,-61.57725332564
tess:388106759,62.85424149885,-69.47493878179
tess:388128644,63.49908620619,-69.47871816792
tess:388129489,63.58940496862,-66.79055187161
tess:388130395,65.29950550149,-67.91062233325
tess:388131944,51.89833625051,-77.51377873858
tess:388182591,105.64632886877,-76.25909027187
tess:388204750,110.36408281324,-78.08934534055
tess:388528650,357.51750226685,82.12560890117
tess:388580735,359.41430870694,81.34831610243
tess:388583226,0.17172306604,79.6777485494
tess:389019257,61.7162585836,13.73221267065
tess:389051009,333.46027119653,-63.70278048475
tess:389070884,262.33527336166,-38.64563886501
tess:389347376,184.37126367542,8.99051330293
tess:389349440,310.9087423775,-37.61602746976
tess:389361561,185.47113666858,8.11279887504
tess:389401034,185.7661887808,7.07480271568
tess:389402294,185.93109512321,8.22241366911
tess:389426731,312.29150942065,-40.20167369682
tess:389428650,186.69447432962,7.4050855343
tess:389431362,186.96516301342,11.3178713734
tess:389454940,198.71655405645,8.35918539046
tess:389458526,208.54436450802,10.2479827242
tess:389489362,262.52792859935,-38.06105931662
tess:389506883,86.13299324961,-70.14357130739
tess:389522775,313.06826889745,-39.99736266033
tess:389529656,325.4764212051,-37.16299784725
tess:389568266,86.48765989925,-66.66570951964
tess:389576035,277.68256502027,-52.66936672567
tess:389660501,321.33711522125,-43.51177275176
tess:389677872,277.90916938136,-52.27960225455
tess:389723397,329.20481513334,-44.3350017967
tess:389725399,329.45494977382,-46.49246075941
tess:389725521,329.32792122187,-46.92402922802
tess:389727431,349.87212311382,-47.8032162913
tess:389730842,278.1143456437,-48.1972558389
tess:389777685,156.49345198217,84.85775246854
tess:389852039,191.03529025119,40.39162307096
tess:389857235,81.75081681102,-21.31206449284
tess:389857759,81.654342916,-22.75062148954
tess:389969968,277.20503223849,58.77286999128
tess:390021867,277.64239655876,56.62737859721
tess:390201695,282.52213377313,37.90559993479
tess:390366768,160.75100313702,-65.50494337165
tess:390645559,191.61140352567,6.1483206099
tess:390647337,191.64243312089,11.37849743704
tess:390685883,192.59811144237,9.82919694137
tess:390693832,197.55435877417,6.69502719986
tess:390729965,206.30550524044,6.4190617315
tess:390997803,287.13220673483,-30.97265174659
tess:391033147,161.14454270458,-61.89274718872
tess:391341577,161.6375777901,-65.45508753324
tess:391745863,82.70714236953,-67.09865914527
tess:391887390,82.67810913781,-70.91969029376
tess:391902278,106.54814423293,-77.69090887744
tess:391947031,108.0871457944,-73.97663720094
tess:392071108,110.75611166023,31.76618214453
tess:392322718,245.94575919818,-28.83399739195
tess:392346861,225.14193085411,36.46113188549
tess:392536758,280.45051005923,58.14406390471
tess:392756613,327.27398547304,-72.10252597463
tess:392917770,206.52312809895,0.56746329072
tess:392919407,206.76305443305,4.32828097523
tess:392924100,206.88436208692,2.23251869943
tess:392927515,207.30528935121,5.16127894734
tess:392963481,207.76148716548,3.05365776458
tess:393228453,85.08990938621,-45.02210219974
tess:393340631,130.63023661713,-46.2818624372
tess:393384729,94.02043511503,-41.27356994979
tess:393490554,67.31713403721,-58.04483937365
tess:393639578,199.61072567878,2.57444386681
tess:393648775,200.10836882729,1.48347874476
tess:393651244,239.94969283689,17.38074516377
tess:393713800,200.91314071888,2.72332731462
tess:393717083,201.29150200391,3.95751991232
tess:393747190,64.96450621326,-55.67907003123
tess:393833465,187.84727089046,24.53284252898
tess:393844873,128.21456583342,-31.50085074487
tess:393884179,174.68708490715,45.10841738011
tess:393891178,330.77874562159,-25.64033205156
tess:394003014,261.93422045883,13.61086234609
tess:394017571,329.98558298998,-54.65487245314
tess:394030788,282.20407367337,80.67392769406
tess:394084645,337.69128885426,-61.16815663337
tess:394136141,4.31023302491,-70.53399621658
tess:394136313,4.39380374303,-69.87843024535
tess:394137224,4.34808667266,-66.75342545743
tess:394137792,4.44645647789,-67.14690677871
tess:394210384,10.58464753513,-77.79437158269
tess:394230613,47.80435331753,-73.31502435295
tess:394230953,48.08105312522,-74.34567930471
tess:394234013,24.48147485379,-82.9749909196
tess:394244919,27.43112775238,-80.64109090841
tess:394275759,29.35973419106,-80.92277752628
tess:394280363,150.02891473215,-83.43235514045
tess:394356010,43.43722594898,-79.98665594194
tess:394460608,314.27561776123,-57.04691630906
tess:394483123,316.05257478767,-55.33603183937
tess:394519973,325.00641104372,-65.10799245569
tess:394580636,338.52118425503,-61.1280213757
tess:394632679,351.3548,-67.6689
tess:394680557,54.41279988851,-83.24417512572
tess:394701745,64.86199914261,-80.45678169949
tess:394725374,159.68404715221,-83.10826366615
tess:396697136,65.39770178891,-58.81623728203
tess:396722785,65.89869785967,-58.07298989961
tess:397075453,204.93145292055,2.31243073619
tess:397101103,205.11247306868,2.15167126882
tess:397153006,61.11112718424,83.99304577693
tess:397155442,61.91456245682,87.84028775945
tess:397271525,174.74163816222,-45.46371009691
tess:397368422,42.03812722078,27.06864141171
tess:397587826,199.28971373132,7.03202987258
tess:397597726,199.98065273703,6.85746051709
tess:397616447,209.28614752877,8.14377276257
tess:397619242,209.60060073618,7.71736566553
tess:398085117,160.34586874415,-69.67862557452
tess:398205910,293.67185004133,-27.83903395704
tess:398736817,35.20620664212,-9.72626588821
tess:398736994,35.24934426706,-8.73509112413
tess:398797791,78.1218774904,-21.70055568476
tess:398907502,183.96852946641,-31.28054937838
tess:398943781,190.6187288848,-30.63986878135
tess:399073041,187.96904081739,7.95658520264
tess:399087153,188.39578901861,7.28091305554
tess:399087560,188.36904983625,10.19460260674
tess:399092411,189.02018513223,9.22989254155
tess:399105267,189.14871874865,9.7357066156
tess:399121205,189.96945141815,10.47471339955
tess:399182389,207.49381968053,9.64525994582
tess:399367577,163.87026202803,-66.4874211244
tess:399570848,339.11948555612,-21.12562110538
tess:399726069,73.25439110431,11.26724752411
tess:399757770,73.56935500263,7.3730353733
tess:399760199,212.52222539541,41.77664832642
tess:399795986,29.10871596874,80.53319337928
tess:399813916,74.06094198336,10.25197751924
tess:399815068,74.06503632149,8.29485097144
tess:400598180,134.46730956506,-49.69737456909
tess:401683991,135.8516553925,-48.68764822097
tess:401820823,351.95583615211,-86.22186314776
tess:401838575,26.13292263434,-46.07550548646
tess:401840741,26.55399948922,-46.94779649177
tess:402026209,353.56285759293,-42.06140263014
tess:402045382,352.03802212894,-51.78858179149
tess:402294760,33.7825952469,-71.52053833788
tess:402313695,339.64755971595,-15.88969764559
tess:402313808,339.640535,-15.299259
tess:402317932,353.31402425703,-12.41381247999
tess:402317982,353.34158400783,-12.66869833563
tess:402319281,353.54590098422,-15.5169826267
tess:402339590,354.03717305989,-16.46898231834
tess:402341182,354.1691073036,-16.37473299631
tess:402373902,34.5373941348,30.22690476274
tess:402547258,220.3101749853,-65.27118910201
tess:402678529,224.01367426363,-75.00378578829
tess:402847504,17.65260335217,80.34739463333
tess:402953963,322.81652097623,86.86828705184
tess:402953965,322.78800065388,86.87202925358
tess:403121294,324.31485563612,-65.03874428836
tess:403121771,324.48194138266,-63.71192179472
tess:403135630,333.58322092197,-58.01876739393
tess:403138334,333.94861191523,-58.9450811283
tess:403189847,336.64418474924,-54.00464499573
tess:403191366,337.25603946089,-59.23068493248
tess:403202991,228.09765123592,-75.25434523396
tess:403207046,338.25230049144,-57.30911142201
tess:403236288,330.79660578755,-60.04817719984
tess:403237836,330.72709698832,-64.67894983994
tess:403266307,330.92676478993,-60.43745913147
tess:403329493,303.64612838257,70.84241272187
tess:404019343,318.99003137757,-82.57266820239
tess:404122422,292.54794157723,-50.95915394786
tess:404340025,195.82799284398,-49.63967553224
tess:404421005,202.01663136073,-15.93781952923
tess:404477181,37.36484628276,-12.54209796593
tess:404477206,37.39597914972,-12.40240340647
tess:404478195,61.18793076923,-38.10336924508
tess:404509061,202.09356441515,8.83967342725
tess:404510385,202.27546606727,11.46947196287
tess:404511021,202.32090177126,9.29827303684
tess:404518509,51.64035891692,-43.61356672854
tess:404523920,202.80104501651,9.16450929404
tess:404550371,206.45757087434,7.27410014441
tess:404768019,84.6438153869,-68.88518789835
tess:404777313,278.67124434365,-53.00423588192
tess:405077613,112.74768130583,-84.32435758154
tess:405149487,180.9428933621,-44.12280657184
tess:405344271,128.71914525424,-14.45669741886
tess:405429986,52.04616425782,27.30723076575
tess:405485269,143.71139678687,-12.12954536131
tess:405513518,190.32575279584,-58.43221596403
tess:405685992,285.97824241247,48.22548169145
tess:405711292,270.71906483534,-29.47374380851
tess:405846469,192.2007475779,-56.59383832036
tess:406022646,283.01813755374,-52.43926652859
tess:406095880,283.2744724198,-50.18052816113
tess:406276109,325.64679597528,-64.21582339117
tess:406277015,326.12551166982,-60.97747082634
tess:406344319,328.26694128229,-61.3698293099
tess:406352710,5.25322066941,-16.1246140274
tess:406376496,198.07518509624,-54.64832805669
tess:406403791,341.67907233557,-17.98533008148
tess:406413428,33.33898078239,5.77277861622
tess:406479277,53.55800076506,-19.66429572157
tess:406518236,289.16574618716,85.08193386087
tess:406855226,274.65771368311,70.70543737308
tess:406855227,274.63288518783,70.70468834733
tess:406864355,226.98999781629,-81.908529856
tess:406926092,287.33901267339,56.44858239571
tess:406930062,287.52622164197,57.56817572775
tess:407090552,233.91633651869,-80.20459401001
tess:407219359,237.15969015751,-83.21626137879
tess:407459603,6.16856040717,75.47258837872
tess:407624075,11.79482482825,-31.73553570835
tess:407633545,82.22505101479,-75.95195597509
tess:407695932,328.27450159009,41.35207836107
tess:408047845,16.95276244537,-8.23370294582
tess:408119797,34.89552232469,-6.16261042031
tess:408129361,35.42337616164,-8.80308113936
tess:408284548,64.54162227342,34.66145443306
tess:408350711,144.96427870256,-21.57151170006
tess:408569579,43.13140739207,71.82112269493
tess:409011538,92.70876730063,-15.60086211874
tess:409141581,312.08056394325,-28.02410581173
tess:409142439,312.10397606073,-29.96875926016
tess:409344103,191.16750732434,20.33554216962
tess:409369632,203.68182878336,12.7693155241
tess:409369670,203.63298312688,12.97037037583
tess:409374901,218.69918368471,35.56927769486
tess:409525054,35.30451227924,46.00199140947
tess:409794137,126.43377948278,-13.55984098896
tess:409797086,126.48402382263,-16.31282376707
tess:409891396,302.18168428321,-66.18204347419
tess:409973553,145.39430372595,-17.88650745178
tess:410150263,339.93051459404,-71.73631228238
tess:410153553,340.49215556875,-69.16897803537
tess:410213494,354.618833986,-67.81737839195
tess:410214984,354.91362478891,-69.19430415635
tess:410214986,354.91450400453,-69.19575259524
tess:410224756,355.02419087728,-71.11834365319
tess:410421717,319.1471008898,-60.08683644994
tess:410423827,167.03808491465,-21.39674259438
tess:410441676,319.68490708425,-61.3527347299
tess:410454384,167.32317916086,-23.69718506776
tess:410486022,120.023039284,-63.48829248456
tess:411190141,194.08439715915,3.39183339848
tess:411217318,194.17948848071,6.03233441644
tess:411256274,196.13371067727,0.2522410763
tess:411831248,274.79195564151,-52.54468292231
tess:411831424,274.88304049816,-52.46050104186
tess:412052352,337.45182880109,-62.73933422825
tess:412052353,337.43474683171,-62.73751893308
tess:412064070,0.47959725851,-67.12870358293
tess:412076331,189.90814247511,-57.52794293749
tess:413145172,231.61690111053,-55.8324846371
tess:413302872,160.24705401975,-20.24453097219
tess:415732597,141.62480879928,78.42975548649
tess:415818811,16.20260024497,40.68084197755
tess:416024319,209.31723873415,23.36232161791
tess:416193373,285.60105681542,70.29627372836
tess:416282321,289.73558077361,49.85978360674
tess:416520176,157.68960926013,57.9569101529
tess:416537441,173.32839026731,57.80600926909
tess:416613949,50.34948789262,8.05199292142
tess:416614942,50.41832061023,8.1991110922
tess:416635004,299.07829383116,48.02196658312
tess:416717393,53.46808832239,9.52149827601
tess:416741712,54.14289280889,7.43875209316
tess:416948214,88.87904031206,53.6025888765
tess:417170117,203.78828132997,24.80664220688
tess:417520136,230.8146337202,29.03161161664
tess:417671464,82.10161375095,69.55773852131
tess:417735733,299.49322523724,66.71427607911
tess:417930869,186.48125733707,62.40316481416
tess:417931249,186.27139714721,60.69735598748
tess:418011251,212.57090996125,29.15694230766
tess:418024443,215.99601943776,22.55120948124
tess:418025121,216.11734299817,21.76275953373
tess:418282828,223.91503036011,-59.21880891796
tess:418341831,82.78346557959,77.87997282392
tess:418633250,208.43235234815,-78.41369779153
tess:418696793,327.59941120564,37.86074673029
tess:418741410,212.6305416415,-80.71696434055
tess:418795175,219.53488373499,-79.44429933204
tess:419010038,342.31603661487,-20.97832049542
tess:419636283,341.85911303374,-84.22209060874
tess:419667825,338.07555770114,-68.80349749161
tess:419737943,324.14812035941,-67.2263198548
tess:419940635,30.59804967037,4.3221889027
tess:420135755,291.92219872842,76.92381315133
tess:420137030,291.92854744148,74.16022668241
tess:420175275,291.97310393639,73.77059711708
tess:420574964,78.08725323096,71.22360621661
tess:420645189,48.36960451669,75.26831593291
tess:420757801,67.33547554921,80.32690722778
tess:421334320,288.99396427415,57.72159744233
tess:421919895,342.36962986457,-72.51559607345
tess:421951793,329.7751452395,-20.26772924364
tess:422092542,188.81557805523,-49.33107940667
tess:422246096,193.65676440318,6.78411099953
tess:422251657,193.9847030426,8.1996734737
tess:422252144,194.08818159366,6.89312126395
tess:422268732,194.34176849487,9.94432952436
tess:422269693,162.99457053007,-13.46301599771
tess:422271223,163.16367795046,-17.03024708456
tess:422332089,196.60192502768,11.68454555134
tess:422338209,196.8539641442,11.13486073836
tess:422426637,318.9131610928,68.35659819437
tess:422480495,199.56175794317,-22.71915905289
tess:422517126,328.75600824573,68.83524777598
tess:422679674,30.02242465447,3.00652244859
tess:422848239,37.09977033438,5.63604482818
tess:423521905,169.06086023933,-21.61062682202
tess:423612207,353.71639239974,-10.60480646177
tess:423671819,21.47313085902,-12.42519783266
tess:423785333,70.9954852066,-27.30939887915
tess:423785607,71.04515905602,-28.2326671547
tess:423831323,71.50122729545,-28.78642918349
tess:423831579,71.47112835321,-29.7777581059
tess:423987361,235.84192458012,-63.66420780213
tess:424384395,277.20080017072,73.96387950218
tess:424426624,281.4266596126,76.59845467562
tess:424464086,279.74492957365,65.45167267762
tess:424481065,236.64974393537,-61.4609823736
tess:424731749,255.16723506216,60.4345240157
tess:424734088,199.43723762139,19.69675779508
tess:424911242,292.70401818073,-52.72989332909
tess:425077999,41.29099463406,-12.51474414368
tess:425142527,44.52100244094,-7.08469650887
tess:425154966,44.58191130331,-9.76966768052
tess:425162657,58.83501618424,-1.72922291124
tess:425933644,3.69864933387,-60.06327410338
tess:425934574,4.60884801322,-63.47749480103
tess:425935521,5.01782133374,-64.87480824956
tess:425937691,5.36552241914,-63.85227509708
tess:425938795,8.25959926238,-63.29726646786
tess:425940082,8.71334162769,-61.91614716037
tess:425976940,18.31392460668,-64.19307161323
tess:426011964,19.43138947704,-75.97069963825
tess:426017403,42.84094855272,-72.09517997298
tess:426018060,43.44178032793,-73.82301086893
tess:426054659,74.54439601941,2.78762288435
tess:426400173,86.50785686112,37.28464930412
tess:426422372,243.41097909123,-76.26999240225
tess:426541180,244.9302687769,-72.21479362679
tess:428643392,179.33923173338,-19.64583903103
tess:428679607,45.95293802436,83.58757555178
tess:428863377,47.05672088002,83.61129464112
tess:428888308,51.84090447636,83.2413502067
tess:428986692,345.64790269712,76.50379759581
tess:428988656,349.86099370155,79.00351972286
tess:429355128,183.591118953,-21.41385947329
tess:430829746,219.45927251266,-54.96145337268
tess:431107890,335.02927284857,49.5032677207
tess:431374523,348.59331479097,48.39756594058
tess:431383040,49.33201574335,-77.37140574847
tess:431479577,50.08446918006,-75.9519645172
tess:431584706,357.67238927563,50.81550914769
tess:431903438,129.22494963021,0.37317333272
tess:433448211,182.88092547707,-58.2814532875
tess:434096244,352.53213892891,-17.28385330661
tess:434097152,352.47544982544,-12.37588331323
tess:434101013,352.98927611614,-15.69965288462
tess:434101076,353.00509902718,-15.26593277544
tess:434101713,353.12858970791,-12.26429598617
tess:434103039,353.194142,-16.752356
tess:434105094,354.40972759591,-12.84115578874
tess:434106919,354.45609176305,-12.86182969202
tess:434106981,354.4424112629,-12.52532305091
tess:434109088,354.72559000616,-12.77181534696
tess:434109160,354.70551487739,-12.39511484613
tess:434210589,9.84085629816,21.25047668048
tess:434230605,63.60687591993,14.62503322683
tess:435003773,192.39135302332,-61.49184210348
tess:435864514,12.24065587414,22.84435702056
tess:436665985,73.0678891066,15.99076986055
tess:436667770,73.12315940755,13.05930241827
tess:436683453,73.62041011074,12.45093112195
tess:436804673,140.61798566301,-54.82520801724
tess:436843265,40.31084786188,24.7232980246
tess:436852681,40.94780178168,25.3751780644
tess:436998675,194.03915044912,-61.45707528506
tess:437031784,132.5143388822,8.29721579129
tess:437242640,165.39957454153,-23.86066241326
tess:437257153,170.07820183428,-19.55438377778
tess:438775149,201.4493005831,-48.24940200414
tess:439399707,1.06300227938,-17.42488438892
tess:439401460,13.46118048711,-16.49865860185
tess:439871677,43.59629303834,-3.94195415608
tess:439915469,46.44564300566,-1.69132265404
tess:439971546,196.27202645279,-64.23202320328
tess:440100539,4.35804798287,42.28232330179
tess:440461932,90.59099230133,47.84042199494
tess:440479034,91.02624380932,47.1645338088
tess:440759258,108.48257272852,15.37043274089
tess:440801931,109.37173446388,13.49209062356
tess:440868439,224.32409392571,-26.55257317224
tess:441012617,323.40511322242,-21.66691486711
tess:441024908,324.10376247003,-20.82126430276
tess:441051650,358.97980748594,-13.35664456244
tess:441054134,359.3465315813,-16.0956900994
tess:441054736,359.33574785007,-12.98023653395
tess:441056236,359.55704337456,-17.40912831732
tess:441079957,323.37909379038,-27.8902634083
tess:441082917,323.55153277181,-24.26932036575
tess:441084134,323.64822998376,-26.61904270216
tess:441110177,324.13778868165,-25.82953832973
tess:441113616,324.35846225783,-27.63519364239
tess:441120034,324.79229599075,-27.30657389246
tess:441125193,325.1014297978,-28.07639437914
tess:441128300,39.59398997822,-12.91374256237
tess:441199393,335.59402962708,-28.80676248464
tess:441200447,335.63789187607,-24.12195392001
tess:441204482,336.03310428521,-29.68496931359
tess:441322912,309.14851755409,-30.88439172546
tess:441353842,309.46245978501,-32.78204679845
tess:441357671,309.66628580958,-33.04811526078
tess:441386522,310.04723987637,-34.71582029928
tess:441387674,310.10728966338,-32.85169145468
tess:441391560,310.18169318726,-33.04221888259
tess:441398770,310.46316702859,-32.43616940596
tess:441399186,310.52303396108,-33.15620971436
tess:441402511,310.61446823337,-33.32865216415
tess:441407368,310.70255673807,-34.44575275787
tess:441415362,311.01886086035,-35.20098464399
tess:441417015,311.17799771581,-33.75547960236
tess:441417906,311.12168769875,-32.28551534733
tess:441418264,311.16866570392,-31.62680064989
tess:441420236,311.28971819202,-31.34090046067
tess:441423591,311.43864541019,-34.82379638465
tess:441429443,311.63858401888,-35.09234954002
tess:441432810,311.72223812273,-30.88956637034
tess:441451897,311.95196896132,-32.9133925033
tess:441453170,311.81924982993,-35.15408575138
tess:441459551,312.17782044571,-33.99456486805
tess:441461724,352.92562907338,-18.68420306327
tess:441469231,353.7487068643,-21.77499275391
tess:441490000,353.87903667742,-19.14466342591
tess:441494132,23.24658234127,-23.93805477503
tess:441570820,109.42659251548,76.73898595963
tess:441583922,111.88051272851,73.03115651173
tess:441599867,115.58348330357,72.85501504692
tess:441658601,210.16495410894,57.47281718359
tess:441695910,213.70451368724,59.23920684512
tess:441700135,202.57964319222,22.15788373572
tess:441732717,258.03188163337,73.82009090949
tess:441736393,258.87439874739,74.52817391361
tess:441736964,258.69514681728,76.39082238042
tess:441765316,261.66690309768,77.91620449359
tess:441767504,262.07961285058,72.65302279119
tess:441794179,263.40237233334,73.4475001737
tess:441798189,264.22835122777,74.34018034396
tess:441801208,265.27791971542,72.42034488068
tess:441806298,265.84757384195,76.95473136302
tess:441807438,266.20769492324,74.87414600509
tess:441808796,266.49544388632,72.63608362598
tess:441812768,267.44877671859,73.10316878301
tess:441819689,206.89004420701,-28.71889119299
tess:442868242,79.85071977534,-17.74808016026
tess:442923821,80.6335572193,-13.45438296324
tess:442925218,80.7016420326,-16.59590757133
tess:442956468,81.18629983628,-17.52418160424
tess:443581557,167.61432569137,-3.99432813526
tess:443666964,186.83071278094,-28.05191234869
tess:443956255,123.88834728641,11.43094748582
tess:443968828,130.93012705298,8.00129317676
tess:444002676,131.52818873029,7.70164621579
tess:444013020,133.32428614476,8.52300312902
tess:444038730,133.68663888169,8.72606459359
tess:444048197,294.12067573615,-28.78339634903
tess:444049705,294.05897415253,-27.78337873839
tess:444061369,232.03121969309,53.46538872574
tess:444066372,236.79209290783,33.95183830406
tess:444151146,319.01208535158,-22.54812416085
tess:444153368,340.75824544306,-20.12177975964
tess:445028381,128.37620969189,54.16119252178
tess:445073515,198.28341905112,29.68120255898
tess:445330462,112.09177400423,-49.14379557402
tess:445392997,112.48609089053,-51.18037463559
tess:445854352,197.64888575551,81.52198849573
tess:445864316,218.0947521405,31.63670327138
tess:445864318,218.09001151269,31.63502579328
tess:445866313,208.99251622915,16.00274903133
tess:445867282,220.43876709892,42.52251748689
tess:445868960,220.80075466751,44.46271941371
tess:445924571,47.92780772244,11.14170919583
tess:445926740,49.49022175776,8.39779417118
tess:445926881,49.49570829659,8.98850121819
tess:446175986,201.82528970174,46.82016136948
tess:446215698,147.61392187214,-50.18181931756
tess:446850121,218.73342924732,-70.50192220146
tess:447078987,238.60070365695,-68.29583560679
tess:448165364,208.53093489757,-67.56246420791
tess:448695927,182.10613991411,-32.03038557713
tess:449002272,67.04976328162,1.56763366327
tess:450055382,75.35228052219,6.58002811435
tess:450102551,72.92300119143,6.32229346723
tess:450325956,159.71666566851,36.58225749384
tess:450333701,173.30588378924,38.85736010946
tess:450335187,192.83268581936,28.85750607497
tess:450337136,193.25643677382,26.79422638337
tess:450337305,193.26068165682,25.53785407406
tess:450347395,219.72738658904,33.00553351201
tess:450659539,186.88591466918,-61.24100625492
tess:451707675,172.14243106164,-59.87266174754
tess:452445291,139.12294772787,-73.50980112735
tess:452465967,139.29304405207,-77.73392562793
tess:452479048,139.85274319699,-77.64343076143
tess:452479049,139.84991593809,-77.64586166272
tess:452531346,141.55365887116,-77.02096008473
tess:452632430,144.11504238412,-74.06062985074
tess:452652139,144.5927002999,-75.9995536203
tess:452731549,194.3963792523,-19.21442169844
tess:452749710,74.57073695527,0.45388208295
tess:453057271,145.637250468,1.90266226213
tess:453079788,113.75726312735,-70.27827549198
tess:453080267,113.68992248059,-69.56035262894
tess:453082318,113.6849468035,-66.64350531396
tess:453096666,113.91359554695,-69.59384257927
tess:453101762,116.02583156005,-66.82702088845
tess:453106107,91.58528063888,-41.11148142283
tess:453207964,116.88561554392,9.63256014967
tess:453449005,81.63244628793,-21.3726212858
tess:453450733,169.47335832564,-7.62031711024
tess:453678369,157.17185172123,-75.56660839833
tess:453684455,157.51473294496,-74.54226287937
tess:453810549,52.68129302833,3.09637027236
tess:453856222,82.83509090676,-42.84552156605
tess:454002062,154.53805957667,-71.96421807789
tess:454149284,65.36430979425,5.82341221906
tess:454154667,65.73803445696,0.71192591052
tess:454960088,178.98783791134,-77.00840789203
tess:455007634,76.14916648598,4.0463303654
tess:455030750,76.57713054737,3.1412995231
tess:455209615,125.25961798864,4.99180378011
tess:455250360,146.01851961188,5.4293031641
tess:455274743,146.5475511199,1.57929994418
tess:455282754,147.33523203633,2.36934187119
tess:455760329,357.71018742007,37.22093688195
tess:456338505,135.40432285109,49.73682817682
tess:456894770,21.98906280708,18.99026957754
tess:457573832,157.76002195254,-56.26550219219
tess:458387660,117.23633193899,48.64518099325
tess:458445966,188.43566660794,41.35747823532
tess:458454269,205.51218926684,44.54007673764
tess:458454647,205.40500335101,46.91882872166
tess:458478250,232.1466359352,66.35876227354
tess:458478404,223.14316793192,36.30210209476
tess:458479571,233.19733086187,65.40738464906
tess:458480234,233.19782447455,61.82422475166
tess:458481879,235.16754781995,65.84067802477
tess:458494003,240.26108668863,33.30351173539
tess:458616184,124.74219879566,8.68032792464
tess:458623298,124.93652869631,11.45924516285
tess:458683811,131.85187718751,7.56764650441
tess:459056725,133.06829409429,8.06291785213
tess:459216483,193.78451495505,69.81693590518
tess:459221645,201.05568660571,54.0886342706
tess:459244649,215.99441875187,56.29904795859
tess:459277530,235.79348749962,21.70144749789
tess:459754932,133.61593030003,58.7005930805
tess:459822405,199.08299788941,27.73440264392
tess:459823447,200.09411346701,27.68276101167
tess:459824212,200.29815766762,26.76500896852
tess:459914323,135.61842729209,86.65582604158
tess:459968648,254.76284225011,61.10828549748
tess:459969935,254.70905903499,65.6778316862
tess:459970695,255.02886194403,63.13894062396
tess:459981342,255.98685262568,62.20730014314
tess:459985588,256.4259930841,64.14570307713
tess:459986001,256.4885213267,65.60021128048
tess:460049532,156.18802847307,-65.03227265357
tess:460055375,266.19739803363,27.61943852104
tess:460105389,156.62345217558,-61.99943139022
tess:460765494,158.62458192696,-62.59924096803
tess:461196559,181.3601563782,-40.85558888547
tess:461314413,224.0585745416,-38.85554991056
tess:461495292,328.90435635254,84.91041012555
tess:461629834,197.84037473927,14.32854347957
tess:461662295,124.44693063927,51.01058011574
tess:461683405,228.20908112071,-45.13457282624
tess:461782701,231.98595720139,-39.53166090855
tess:461839928,79.90550192322,-42.64056988237
tess:461874418,149.73149902098,-57.54893431062
tess:462161832,150.34268937759,-59.66400857979
tess:462460228,151.46120518244,-59.40225878635
tess:462541612,190.02933284046,20.80911419165
tess:462544047,158.75735238691,79.93445016747
tess:462620035,259.94758377173,56.62087330759
tess:462667862,263.40312755066,20.81659696046
tess:464317477,280.28990188803,-64.32735386664
tess:464382788,281.31228672027,-60.12330531388
tess:464804595,70.39768970307,1.95503443002
tess:464964668,162.05534911356,-63.62755630008
tess:465250214,162.7755279237,-62.60920154594
tess:466131889,295.90440542949,-66.26991059661
tess:467113954,90.61388601582,52.14399075095
tess:467291908,309.12045999312,63.40562723405
tess:467324320,311.20517222826,76.91508801072
tess:467578950,48.26164009012,32.8964490174
tess:467603533,48.60323864201,31.88065560983
tess:468269135,5.67746788076,78.00353922044
tess:468319961,9.946867335,82.4937632014
tess:468330671,11.34597168015,79.73043536873
tess:468462490,12.99619169757,75.10206421036
tess:468605404,16.80976065589,74.53746006589
tess:468809479,91.5312522746,67.6399948703
tess:468834548,92.47824583752,68.02448292483
tess:468834559,92.52010703316,68.00986340846
tess:468899939,57.13097850906,8.52688438303
tess:468986285,128.96361079956,6.62276961261
tess:469390625,307.21511635549,56.92049531785
tess:469437015,307.72137810976,58.41276240502
tess:470122267,329.58221124267,82.8710664628
tess:470248385,352.8787394641,81.41180912155
tess:470268145,354.31059075487,79.25212591196
tess:470268614,354.32944630646,79.92073121353
tess:470671606,269.32769690201,13.95471218512
tess:470969737,110.4075902217,49.54794847236
tess:470988035,111.84334625444,52.43706584256
tess:471000657,278.58376260213,18.69006516174
tess:471012589,339.6239,-65.3783
tess:471012663,357.10690435481,-12.98763319909
tess:471015484,348.9325,-12.3636
tess:600473085,16.99489939289,39.25254906465
tess:620711218,29.46936388251,33.17218385782
tess:642484189,54.73823683385,42.53835119686
tess:647735065,59.04820073694,59.64203233209
tess:664915372,61.89315037056,38.07454009919
tess:703209706,86.62450871776,74.60999193729
tess:703284348,82.95413711664,80.39472349768
tess:741315096,115.38357295904,33.40868088513
tess:950823027,189.33056162628,79.21553500152
tess:999145364,195.0826547556,-27.1278913173
tess:1000841721,218.40131366901,35.58571785501
tess:1001379863,203.85288864857,59.91630777093
tess:1005005438,214.97866848197,-72.17763746806
tess:1101794352,231.12861350669,37.34729904113
tess:1400133900,265.55528509889,38.07081457561
tess:1400807589,265.71542312744,58.68511651055
tess:1400994843,261.25040946312,67.30670837267
tess:1401020353,262.40640619177,69.87711786543
tess:1401020355,262.4068891455,69.87761560577
tess:1507128971,265.81529975585,21.60930074178
tess:1551578464,279.04572000472,64.10040577397
tess:1718205142,289.34352437656,71.346986063
tess:1980393697,314.56872164461,63.29430672504
