{
  "field": {
    "ra": 160.0,
    "dec": 40.0,
    "radius_deg": 1.0
  },
  "band": "r",
  "variable_only": true,
  "n_searched": 3854,
  "n_candidates": 4,
  "n_resists_mundane": 2,
  "n_secular_faders": 0,
  "n_secular_faders_raw": 43,
  "top_faders": [],
  "selection": {
    "depth_min": 0.1,
    "n_dips_min": 3,
    "asym_min": 1.5,
    "period_power_max": 0.4
  },
  "top_candidates": [
    {
      "source_id": "1711215300007434",
      "ra": 160.8125259,
      "dec": 39.1207418,
      "score": 0.8052521289637057,
      "max_depth": 0.8758791514411034,
      "n_dips": 3,
      "n_dip_events": 1,
      "max_event_depth": 0.8758791514411034,
      "out_of_dip_rms": 0.0,
      "asymmetry": 6.71694831214123,
      "best_period_d": 0.15192832440135812,
      "period_power": 0.1491595701209814,
      "hr_class": "main_sequence",
      "resists_mundane": true
    },
    {
      "source_id": "1711215300008262",
      "ra": 160.6934158,
      "dec": 39.04465585,
      "score": 0.7294663319665327,
      "max_depth": 0.9551043301171039,
      "n_dips": 4,
      "n_dip_events": 1,
      "max_event_depth": 0.9551043301171039,
      "out_of_dip_rms": 0.016209668664260664,
      "asymmetry": 9.509230777597844,
      "best_period_d": 0.13798831082309443,
      "period_power": 0.2396822068022847,
      "hr_class": "main_sequence",
      "resists_mundane": true
    },
    {
      "source_id": "1711215300006927",
      "ra": 160.9722616,
      "dec": 39.1675597,
      "score": 0.7782641955116735,
      "max_depth": 0.7958035290825735,
      "n_dips": 4,
      "n_dip_events": 1,
      "max_event_depth": 0.7958035290825735,
      "out_of_dip_rms": 0.0,
      "asymmetry": 3.4653396617106433,
      "best_period_d": 0.30474976007295496,
      "period_power": 0.13218728063655052,
      "hr_class": "giant",
      "resists_mundane": false
    },
    {
      "source_id": "1711215300007056",
      "ra": 160.77548095,
      "dec": 39.1537543,
      "score": 0.7157482026721199,
      "max_depth": 0.6643856885311576,
      "n_dips": 3,
      "n_dip_events": 1,
      "max_event_depth": 0.6643856885311576,
      "out_of_dip_rms": 0.0,
      "asymmetry": 2.3194830775596973,
      "best_period_d": 0.30729379482723096,
      "period_power": 0.11140260660487333,
      "hr_class": "unknown",
      "resists_mundane": false
    }
  ],
  "occurrence_limit": {
    "k_candidates": 4,
    "n_eff": 3854.0,
    "confidence": 0.95,
    "f_upper": 0.002375069804524539,
    "f_point": 0.0010378827192527244
  }
}