source_id,verdict,is_candidate,w1_slope_mag_yr,w1_slope_sigma,w1_rise_mag,w1_reasons,w2_slope_mag_yr,w2_slope_sigma,w2_rise_mag,w2_reasons
1018597059555482880,NOT_RISING,False,-0.000665353175240857,1.0578495655057845,0.004870251886012866,slope_not_significant;tau_not_significant;endpoint_rise_not_significant;impulsive_shape;not_monotonic,-0.0011316026456971821,2.099612991911964,0.012823806973276675,slope_not_significant;tau_not_significant;endpoint_rise_not_significant;not_monotonic
1019542570836217344,SCAN_SYSTEMATIC,False,-0.006424471903071688,5.7862394643614286,0.03954832523026042,scan_systematic,-0.004818669154492781,7.608326677999936,0.043502467252231725,scan_systematic;not_monotonic
1021496884034715392,ONE_BAND_ONLY,False,-0.0041867410110779935,5.806050626378359,0.04727234196521124,,-0.0028873457477474594,5.72049047012439,0.00809470904424181,endpoint_rise_not_significant;not_monotonic
1023910312058492928,NOT_RISING,False,-0.01598183323052275,4.244918695225316,0.16139371994242335,slope_not_significant;tau_not_significant;endpoint_rise_not_significant;impulsive_shape;not_monotonic,-0.004277142632890363,2.2256403607364206,0.009419332768231037,slope_not_significant;tau_not_significant;endpoint_rise_not_significant;impulsive_shape;not_monotonic
1047559604579391872,NOT_RISING,False,-0.010422957301597757,1.9552510110390056,0.2265540621400266,slope_not_significant;tau_not_significant;endpoint_rise_not_significant;impulsive_shape;not_monotonic,-0.0097963392723608,2.8500649589247784,0.10499879291555736,slope_not_significant;tau_not_significant;endpoint_rise_not_significant;impulsive_shape;not_monotonic
1060764086394899584,NOT_RISING,False,-0.0016338356671694587,2.566553207826283,0.0014171842824630687,slope_not_significant;tau_not_significant;endpoint_rise_not_significant;impulsive_shape;not_monotonic,-0.0011172208515218408,2.598387929355351,-0.0016438249345256395,slope_not_significant;tau_not_significant;endpoint_rise_not_significant;not_monotonic
1060862183447889024,SCAN_SYSTEMATIC,False,-0.003663061206589182,6.000636293029864,0.03944745607782707,scan_systematic;not_monotonic,-0.0029704071390466123,3.654863233561696,0.019072609777555982,slope_not_significant;endpoint_rise_not_significant;not_monotonic
1066786283378721536,NOT_RISING,False,-0.0025221542267766556,5.134551819615676,0.024500996814438736,not_monotonic,-0.0019971832395444256,2.8651393473477573,0.023117106646548535,slope_not_significant;tau_not_significant;not_monotonic
1077769545547349504,NOT_RISING,False,-0.0032315995705848996,6.805936392595102,0.024478668809924997,not_monotonic,-0.0013038083293987724,3.310763680382625,0.008484078525146543,slope_not_significant;endpoint_rise_not_significant;not_monotonic
108327974377682176,IMPULSIVE_SHAPE,False,-0.00484013498736709,4.752687841031741,0.028515159270636303,slope_not_significant;impulsive_shape;impulsive_strong;not_monotonic,-0.0035234498680522,4.399856643375189,0.027188442819467085,slope_not_significant;endpoint_rise_not_significant;impulsive_shape;impulsive_strong
108757681561231360,IMPULSIVE_SHAPE,False,-0.0018811618397861518,2.5246185957170173,0.016246215797481867,slope_not_significant;tau_not_significant;endpoint_rise_not_significant;impulsive_shape;not_monotonic,-0.0016535578231920251,1.821302812569726,0.012881048281034424,slope_not_significant;tau_not_significant;endpoint_rise_not_significant;impulsive_shape;impulsive_strong;not_monotonic
109221155776309504,NOT_RISING,False,-0.002509918162139721,3.3802978341589074,0.023744046861976287,slope_not_significant;tau_not_significant;endpoint_rise_not_significant;impulsive_shape,-0.002313395987953447,3.9835398451596147,0.030227463284838052,slope_not_significant;tau_not_significant;not_monotonic
1097620815670241408,NOT_RISING,False,-0.0020712882328693567,3.481492957006854,0.027178362477847884,slope_not_significant;tau_not_significant;impulsive_shape;not_monotonic,-0.0010224757549624902,1.3537761056263602,0.025392180081626137,slope_not_significant;tau_not_significant;endpoint_rise_not_significant;impulsive_shape;not_monotonic
1171573585500816000,NOT_RISING,False,-0.0019370605747590086,2.7203296631854683,-0.0006264438846912412,slope_not_significant;tau_not_significant;endpoint_rise_not_significant;impulsive_shape;not_monotonic,-0.0012634043213154526,2.2065456925580724,-0.004797737912815236,slope_not_significant;tau_not_significant;endpoint_rise_not_significant;impulsive_shape;not_monotonic
117899055595252864,IMPULSIVE_SHAPE,False,-0.002242700239465281,1.8392114595169489,0.015196688008137116,slope_not_significant;tau_not_significant;endpoint_rise_not_significant;impulsive_shape;impulsive_strong;not_monotonic,-0.0019492399031531028,2.063559201802956,0.007737611418146884,slope_not_significant;tau_not_significant;endpoint_rise_not_significant;impulsive_shape;impulsive_strong
118546839742137472,IMPULSIVE_SHAPE,False,-0.004091427862979712,4.139438245765471,0.048496851230334315,slope_not_significant,-0.0008349106957805646,0.7921602304466834,0.0014216955017580801,slope_not_significant;tau_not_significant;endpoint_rise_not_significant;impulsive_shape;impulsive_strong;not_monotonic
119590138838120064,IMPULSIVE_SHAPE,False,-0.001969928535777668,2.9244054066273844,0.01943865706473602,slope_not_significant;tau_not_significant;endpoint_rise_not_significant;impulsive_shape;impulsive_strong,-0.00279479005720592,3.504647108874385,0.03275212202900768,slope_not_significant;endpoint_rise_not_significant;impulsive_shape;not_monotonic
1234630719088228608,ONE_BAND_ONLY,False,-0.0068388066512085136,7.380960090099318,0.08212154023941842,,-0.005166951444267686,9.152730525409982,0.045188787696798016,not_monotonic
1263166138206118528,NOT_RISING,False,-0.0013908389971402295,1.603982495392265,0.029521474231932743,slope_not_significant;tau_not_significant;impulsive_shape;not_monotonic,-0.0016751190386907868,1.7369992724906405,0.03903539224677388,slope_not_significant;tau_not_significant;endpoint_rise_not_significant;impulsive_shape;not_monotonic
1368851367667175808,SCAN_SYSTEMATIC,False,-0.0072564966088146665,12.372879910354207,0.06531225797309226,scan_systematic,-0.0054956855342932955,9.089030873325008,0.053103884959726955,scan_systematic;not_monotonic
140437051099791104,NOT_RISING,False,-0.00394388603657921,9.015760685153424,0.03806519085398996,not_monotonic,-0.002179215421291106,3.448593630273508,0.02779695404123217,slope_not_significant;tau_not_significant;endpoint_rise_not_significant;impulsive_shape
1416396312035930240,NOT_RISING,False,-0.0019671011218393465,5.3970221023440565,0.011310327800021724,endpoint_rise_not_significant;not_monotonic,-0.0012932355389557418,3.350481995216267,0.019351621348858927,slope_not_significant;tau_not_significant;endpoint_rise_not_significant;impulsive_shape;not_monotonic
141783540527372032,IMPULSIVE_SHAPE,False,-0.0015665884859691632,0.8215055318349199,0.014432389618782793,slope_not_significant;tau_not_significant;endpoint_rise_not_significant;impulsive_shape;impulsive_strong;not_monotonic,-0.0027498142725200384,1.856829122880566,-0.0034741574421559562,slope_not_significant;tau_not_significant;endpoint_rise_not_significant;impulsive_shape;impulsive_strong;not_monotonic
1418145669395379840,NOT_RISING,False,-0.0016152813982855951,3.5246345461552546,0.01947886068449911,slope_not_significant;endpoint_rise_not_significant;not_monotonic,-0.0015972496224474927,4.358254688309356,0.01892891369395855,slope_not_significant;endpoint_rise_not_significant;not_monotonic
1420926742322768640,NOT_RISING,False,-0.0025296550390834713,5.759372466034174,0.013134829595921715,endpoint_rise_not_significant;not_monotonic,-0.002822793154238473,6.259832488838116,0.02228896067591357,endpoint_rise_not_significant
1420954543647615104,IMPULSIVE_SHAPE,False,-0.001205304279161535,1.8880592893812573,0.008190141380476135,slope_not_significant;tau_not_significant;endpoint_rise_not_significant;impulsive_shape;impulsive_strong;not_monotonic,-0.00045193488747758553,1.0103777940801526,-0.00014438143695016947,slope_not_significant;tau_not_significant;endpoint_rise_not_significant;impulsive_shape;not_monotonic
1421075180688797952,IGNITION_CANDIDATE,True,-0.004476777929887807,12.247816933856143,0.04175632006394281,,-0.003446506531813991,7.40906636254672,0.03809953672614341,
143458646492464256,NOT_RISING,False,-0.0016555659729168876,3.9539051727996326,0.01410227890485416,slope_not_significant;endpoint_rise_not_significant;not_monotonic,-0.002988776735184438,3.7862804458462676,0.026068460275149974,slope_not_significant;impulsive_shape;not_monotonic
1453456996421414016,NOT_RISING,False,-0.00445030576492823,9.935904847722744,0.035538082254257475,not_monotonic,-0.0036905992032071223,4.527350590861373,0.009183413333186508,slope_not_significant;endpoint_rise_not_significant;impulsive_shape;not_monotonic
145784835140102016,NOT_RISING,False,-0.00127029535770259,3.0699069695072905,0.024348521065796547,slope_not_significant;tau_not_significant;not_monotonic,-0.0015327951173440659,3.153267639271516,0.016382010865935825,slope_not_significant;tau_not_significant;endpoint_rise_not_significant;impulsive_shape;not_monotonic
1459215417989975680,IMPULSIVE_SHAPE,False,-0.002017221894541718,2.579322069152856,0.010865661335135002,slope_not_significant;tau_not_significant;endpoint_rise_not_significant;impulsive_shape;not_monotonic,-0.001461251096590051,1.7268791416799094,-0.03837235982314979,slope_not_significant;tau_not_significant;endpoint_rise_not_significant;impulsive_shape;impulsive_strong;not_monotonic
1467522812454038656,NOT_RISING,False,-0.0016142301193774883,3.265936213801515,0.0071291672903317505,slope_not_significant;endpoint_rise_not_significant;impulsive_shape;not_monotonic,-0.0010951524616949239,1.3670941434358836,0.01165797905112953,slope_not_significant;tau_not_significant;endpoint_rise_not_significant;impulsive_shape;not_monotonic
1477335197816466432,IMPULSIVE_SHAPE,False,-0.005645908780075374,2.3204959565191254,0.109219432141618,slope_not_significant;tau_not_significant;impulsive_shape;impulsive_strong;not_monotonic,-0.007811825840302216,4.662492086226556,0.0020093565274432734,slope_not_significant;tau_not_significant;endpoint_rise_not_significant;impulsive_shape;impulsive_strong;not_monotonic
147940663906992512,IMPULSIVE_SHAPE,False,-0.0024553841384851883,1.9200345195524173,-0.0018226474031415307,slope_not_significant;tau_not_significant;endpoint_rise_not_significant;impulsive_shape;impulsive_strong;not_monotonic,-0.0026858464226407162,2.910669824404494,0.017180265075551482,slope_not_significant;tau_not_significant;endpoint_rise_not_significant;impulsive_shape;impulsive_strong;not_monotonic
148009009722512128,SCAN_SYSTEMATIC,False,-0.0050573117440284865,4.480195736754962,0.043051326363293896,slope_not_significant;impulsive_shape,-0.006268407967151689,5.179713855502709,0.06438016761276799,scan_systematic
1490065549602126848,IMPULSIVE_SHAPE,False,-0.0030602575335431266,3.9091028970244177,0.04005479415920199,slope_not_significant;impulsive_shape;impulsive_strong;not_monotonic,-0.0030237004698876746,4.119712689554182,0.020335539437448702,slope_not_significant;endpoint_rise_not_significant;impulsive_shape;not_monotonic
1518775206951955840,NOT_RISING,False,-0.0010807280560698879,1.6366557686204524,0.016929190515554637,slope_not_significant;tau_not_significant;endpoint_rise_not_significant;impulsive_shape,-0.0007127956104286334,1.2165366542903742,0.00983336627147402,slope_not_significant;tau_not_significant;endpoint_rise_not_significant;impulsive_shape;not_monotonic
1518894091646850176,NOT_RISING,False,-0.0012999783680840635,1.8269062246993797,0.008945809936992788,slope_not_significant;tau_not_significant;endpoint_rise_not_significant;impulsive_shape;not_monotonic,-0.0019468293878191906,2.8761064483706966,-0.008048991438583286,slope_not_significant;tau_not_significant;endpoint_rise_not_significant;impulsive_shape;not_monotonic
1535855295455955456,NOT_RISING,False,-0.002333913956240463,5.398932345715291,0.016513711629549732,endpoint_rise_not_significant;not_monotonic,-0.0013111872709902156,2.28188990635243,0.02175459395184376,slope_not_significant;tau_not_significant;endpoint_rise_not_significant;impulsive_shape;not_monotonic
1536064958579187840,NOT_RISING,False,-0.02688224158054594,4.111158435918758,0.21030968826005214,slope_not_significant;tau_not_significant;endpoint_rise_not_significant;not_monotonic,-0.006911820257674516,2.5941386827573476,0.0709961073668115,slope_not_significant;tau_not_significant;endpoint_rise_not_significant;impulsive_shape;not_monotonic
1536919657071114240,NOT_RISING,False,-0.002576968218668145,2.6542803473120236,0.015252914537898121,slope_not_significant;tau_not_significant;endpoint_rise_not_significant;not_monotonic,-0.0016918963323479435,3.3203777463368067,0.015603801276110829,slope_not_significant;tau_not_significant;endpoint_rise_not_significant;impulsive_shape;not_monotonic
1539361981634179584,IMPULSIVE_SHAPE,False,-0.004096162234612182,3.8562874280308255,0.02054871625196597,slope_not_significant;endpoint_rise_not_significant;impulsive_shape;impulsive_strong;not_monotonic,-0.003452732697939635,2.9178060453851087,0.021916775140454092,slope_not_significant;tau_not_significant;endpoint_rise_not_significant;impulsive_shape;not_monotonic
1540926998999031936,NOT_RISING,False,-0.001653252470586054,2.6642575741018386,0.021713438091566672,slope_not_significant;tau_not_significant;impulsive_shape;not_monotonic,-0.0027717224947045693,4.793110279419795,0.03137946512823575,slope_not_significant;tau_not_significant;not_monotonic
1556857445015856384,IMPULSIVE_SHAPE,False,-0.0008894021499835994,1.469642769168429,0.009321201620895891,slope_not_significant;tau_not_significant;endpoint_rise_not_significant;impulsive_shape;not_monotonic,-0.0006391795545745149,0.8421182562726366,-0.002641034087847771,slope_not_significant;tau_not_significant;endpoint_rise_not_significant;impulsive_shape;impulsive_strong;not_monotonic
1557054841712790784,NOT_RISING,False,-0.003387629507215273,3.653171510988436,0.02206900588532079,slope_not_significant;endpoint_rise_not_significant;not_monotonic,-0.002102093500271654,4.01757082493444,0.0036401402917700665,slope_not_significant;tau_not_significant;endpoint_rise_not_significant;not_monotonic
1609838615390487296,NOT_RISING,False,-0.000832228261802171,1.7611216201705004,0.020008274138128,slope_not_significant;tau_not_significant;endpoint_rise_not_significant;impulsive_shape;not_monotonic,-0.0009123452940933592,1.7824229130479166,0.01916986207634963,slope_not_significant;tau_not_significant;endpoint_rise_not_significant;impulsive_shape;not_monotonic
1611412119608275072,NOT_RISING,False,-0.0008616036954992058,2.13448454277599,0.006335266226688674,slope_not_significant;tau_not_significant;endpoint_rise_not_significant;impulsive_shape;not_monotonic,-0.0011331977321263967,3.2308241842467655,0.0009129982377338308,slope_not_significant;endpoint_rise_not_significant;impulsive_shape;not_monotonic
1627485364700374528,IMPULSIVE_SHAPE,False,-0.0017014606725177014,2.7131972290782405,0.022610036630807073,slope_not_significant;tau_not_significant;impulsive_shape;impulsive_strong;not_monotonic,-0.0014910108880370233,1.9380802400405612,0.011786046187662436,slope_not_significant;tau_not_significant;endpoint_rise_not_significant;impulsive_shape;impulsive_strong;not_monotonic
1634887139538069248,IMPULSIVE_SHAPE,False,-0.0038619792345405413,3.0628536938472934,0.0524405561580803,slope_not_significant;tau_not_significant,-0.003718202499428551,2.8849241015585743,0.04038695168848072,slope_not_significant;tau_not_significant;impulsive_shape;impulsive_strong
1635557154438273408,NOT_RISING,False,-0.0010828683222248135,1.678406677380158,0.03091013232298856,slope_not_significant;tau_not_significant;impulsive_shape;not_monotonic,-0.0015046960880984832,2.3617636774509765,0.0341973923500305,slope_not_significant;tau_not_significant;not_monotonic
1643780642419244160,IMPULSIVE_SHAPE,False,-0.0030131714973047723,3.644091287323086,0.013478574501377238,slope_not_significant;endpoint_rise_not_significant;impulsive_shape;impulsive_strong,-0.0023171093577753696,3.193186700029294,0.014308770389590109,slope_not_significant;tau_not_significant;endpoint_rise_not_significant;impulsive_shape;impulsive_strong;not_monotonic
1647357010147247232,NOT_RISING,False,-0.0009726718629245162,2.157840429080172,0.015903161641636743,slope_not_significant;endpoint_rise_not_significant,-0.001937078694722492,2.6651423010569477,0.025062945869972708,slope_not_significant;tau_not_significant;impulsive_shape;not_monotonic
1648510466564126848,NOT_RISING,False,-0.0009075705756556359,1.9273180683376827,0.0028436517029533093,slope_not_significant;tau_not_significant;endpoint_rise_not_significant;impulsive_shape;not_monotonic,-0.0007479308436715189,1.5880866515907235,0.006570844271527321,slope_not_significant;tau_not_significant;endpoint_rise_not_significant;impulsive_shape
1662945920365026176,IMPULSIVE_SHAPE,False,-0.0016127980432029078,2.686425781997053,-0.0007370718909083251,slope_not_significant;tau_not_significant;endpoint_rise_not_significant;impulsive_shape;impulsive_strong;not_monotonic,-0.0011008119566622426,2.0392141553988217,0.0009503576146503434,slope_not_significant;tau_not_significant;endpoint_rise_not_significant;impulsive_shape;impulsive_strong;not_monotonic
1680649912998212608,NOT_RISING,False,-0.0011833173192215014,2.6888459137362264,0.01142872071671519,slope_not_significant;tau_not_significant;endpoint_rise_not_significant;not_monotonic,-0.0012350602741068644,2.8673042618335645,0.010283252133531207,slope_not_significant;tau_not_significant;endpoint_rise_not_significant
1681620403808384256,NOT_RISING,False,-0.0028809910096202693,3.563179756711297,0.007589535791819202,slope_not_significant;endpoint_rise_not_significant;impulsive_shape;not_monotonic,-0.002510156522182158,3.8477150382502128,0.02395232589036489,slope_not_significant;tau_not_significant;impulsive_shape;not_monotonic
1681933970781052416,NOT_RISING,False,-0.0015643682654816384,4.314689828736219,0.01796456371733335,slope_not_significant;endpoint_rise_not_significant;not_monotonic,-0.002063134037243759,5.566500243014709,0.023168030558915476,not_monotonic
1683498575827046656,NOT_RISING,False,-0.004254163633127979,6.412104882394397,0.04406000036413715,not_monotonic,-0.0020759743710043943,4.755076904823978,0.01861243632734144,slope_not_significant;tau_not_significant;endpoint_rise_not_significant;impulsive_shape
1685430349037732864,IMPULSIVE_SHAPE,False,-0.00280296613794509,3.0512511970543867,0.020118420518123514,slope_not_significant;tau_not_significant;endpoint_rise_not_significant;impulsive_shape;impulsive_strong;not_monotonic,-0.0015925468010856633,2.1906307435088115,0.006410591748133854,slope_not_significant;tau_not_significant;endpoint_rise_not_significant;impulsive_shape;impulsive_strong
1687986369974880640,NOT_RISING,False,-0.0038466142794730193,4.924824968500321,0.02973180946178644,slope_not_significant;not_monotonic,-0.002339284473386874,5.178149797441957,0.014438487989083981,endpoint_rise_not_significant;not_monotonic
1703728009230392704,ONE_BAND_ONLY,False,-0.00465343443243172,7.354354367603634,0.051034368832487687,,-0.0035070532307614087,3.933068072985842,0.04386606809940119,slope_not_significant
1707103097611384960,IMPULSIVE_SHAPE,False,-0.001230138511910438,1.6889102512042327,0.019930737841422186,slope_not_significant;tau_not_significant;endpoint_rise_not_significant;impulsive_shape;impulsive_strong;not_monotonic,-0.0016983294493885734,2.030510136593589,0.013625731364768967,slope_not_significant;tau_not_significant;endpoint_rise_not_significant;impulsive_shape;not_monotonic
1707108659592535808,NOT_RISING,False,-0.001882212228170116,2.6827125055717014,0.024393902663012668,slope_not_significant;tau_not_significant;impulsive_shape;not_monotonic,-0.0020297016080636082,2.754883412955817,0.015682199598987978,slope_not_significant;tau_not_significant;endpoint_rise_not_significant;impulsive_shape
1722399670879510144,IMPULSIVE_SHAPE,False,-0.0005799433270408452,0.6380456444145974,0.0060972191867456615,slope_not_significant;tau_not_significant;endpoint_rise_not_significant;impulsive_shape;impulsive_strong;not_monotonic,-0.0004018635480719304,0.5813002670202023,0.011696390654799771,slope_not_significant;tau_not_significant;endpoint_rise_not_significant;impulsive_shape;not_monotonic
1734879475748240640,NOT_RISING,False,-0.003997343123771955,4.448769507012191,0.048114218164585054,slope_not_significant;not_monotonic,-0.004597320869388034,6.573627547027084,0.05402998085298627,not_monotonic
1745510138280862080,NOT_RISING,False,-0.0020050787372599002,3.985393182769907,0.023315254711024025,slope_not_significant;tau_not_significant;not_monotonic,-0.0015094297701744252,3.0143328689705706,-0.0019927152696759265,slope_not_significant;tau_not_significant;endpoint_rise_not_significant;impulsive_shape;not_monotonic
1781459736102718464,NOT_RISING,False,-0.0011575745375134935,2.201158853443879,0.023501857666209602,slope_not_significant;tau_not_significant;endpoint_rise_not_significant,-0.002134817650760217,3.442006982491476,0.02319105798182619,slope_not_significant;tau_not_significant;not_monotonic
1784332553828245632,ONE_BAND_ONLY,False,-0.005232441463428198,6.8815403395047,0.05201531496480882,,-0.004473356172730596,5.0874567519623985,0.026507683157625195,endpoint_rise_not_significant;not_monotonic
1896891139712235008,NOT_RISING,False,-0.03134421634026037,5.4255271583248605,0.2898034688657436,tau_not_significant;endpoint_rise_not_significant,-0.011382208345204915,2.1004737706643577,-0.2694027121067206,slope_not_significant;tau_not_significant;endpoint_rise_not_significant;impulsive_shape;not_monotonic
1897641522038982912,NOT_RISING,False,-0.004044523312497401,6.762947582746088,0.03401998243456639,not_monotonic,-0.0013855574402955335,2.648709133331777,0.01106492488555233,slope_not_significant;tau_not_significant;endpoint_rise_not_significant;not_monotonic
1927823906495544448,NOT_RISING,False,-0.002621444632918136,1.8465013751551456,0.12845854570327475,slope_not_significant;tau_not_significant;not_monotonic,-0.001887677978741388,1.4100174981720028,0.061322061390443494,slope_not_significant;tau_not_significant;impulsive_shape
1933225188648854400,NOT_RISING,False,-0.004027816681402962,5.583874294635094,0.024116672839468833,not_monotonic,-0.0025698403701095145,4.11393143958027,-0.004207490502116329,slope_not_significant;tau_not_significant;endpoint_rise_not_significant;impulsive_shape;not_monotonic
2119762662059744512,NOT_RISING,False,-0.0012772572864307677,3.2560348035948565,0.004961004370747091,slope_not_significant;endpoint_rise_not_significant;impulsive_shape;not_monotonic,-0.0015736871053231337,3.976865166733369,0.014254801772064951,slope_not_significant;endpoint_rise_not_significant;not_monotonic
2158344903033829632,NOT_RISING,False,-0.0012312372003323172,2.993939875681859,0.01725549405193938,slope_not_significant;endpoint_rise_not_significant;impulsive_shape;not_monotonic,-0.0018661729866507114,4.7718119141283495,0.026822542775812863,slope_not_significant;endpoint_rise_not_significant
216332456115572992,IMPULSIVE_SHAPE,False,-0.0017279465348876656,1.5762352144216678,0.0011542366689276662,slope_not_significant;tau_not_significant;endpoint_rise_not_significant;impulsive_shape;impulsive_strong;not_monotonic,-0.0024517705243244955,2.714944980387796,0.008591552057836793,slope_not_significant;tau_not_significant;endpoint_rise_not_significant;impulsive_shape;impulsive_strong;not_monotonic
216829401012198912,IMPULSIVE_SHAPE,False,-0.006204359257780068,4.159084350895356,0.05872685359963015,slope_not_significant;impulsive_shape;impulsive_strong;not_monotonic,-0.002175183856611438,2.7220518142296863,0.01558833180506447,slope_not_significant;tau_not_significant;endpoint_rise_not_significant;impulsive_shape;not_monotonic
216874858942910592,NOT_RISING,False,-0.0012010846450273755,2.4588780783467796,0.02718673185431264,slope_not_significant;tau_not_significant;impulsive_shape;not_monotonic,-0.0010249933112442798,1.9297761096248744,0.022195918221266098,slope_not_significant;tau_not_significant;impulsive_shape
222780782573888512,NOT_RISING,False,-0.003133228664082042,5.516489996987204,0.013259331061830082,endpoint_rise_not_significant;not_monotonic,-0.003475108035002901,4.512297166686444,0.02533931606039097,slope_not_significant;impulsive_shape
2262403645557872000,IMPULSIVE_SHAPE,False,-0.0021228181266061286,3.2568043119662513,0.0033971321218597694,slope_not_significant;tau_not_significant;endpoint_rise_not_significant;impulsive_shape;impulsive_strong;not_monotonic,-0.0024100180475564274,4.11631720958417,0.01294859954871086,slope_not_significant;endpoint_rise_not_significant;impulsive_shape;impulsive_strong;not_monotonic
2276487667956910848,NOT_RISING,False,-0.0034604573485416453,3.321280612711291,0.038340849813447875,slope_not_significant;tau_not_significant,-0.004948611537638092,3.1218930122859843,0.054934360040183705,slope_not_significant;tau_not_significant
2277422630796756096,ONE_BAND_ONLY,False,-0.004045456225936466,8.695763624265268,0.036935537058157664,,-0.0036512355656687675,6.862614497175812,0.038169691692159446,not_monotonic
2288368406491378048,NOT_RISING,False,-0.0011809188846516041,3.2648827461881056,0.008526455916239684,slope_not_significant;endpoint_rise_not_significant;not_monotonic,-0.0010952320575930768,2.966389489042454,0.012335557421598864,slope_not_significant;tau_not_significant;endpoint_rise_not_significant;not_monotonic
2290295678576286080,SCAN_SYSTEMATIC,False,-0.002568801227563925,7.0943447254689875,0.024286701795276144,scan_systematic,-0.0025585209203026218,5.933390439900971,0.023645054120393638,not_monotonic
2293109569348677248,SCAN_SYSTEMATIC,False,-0.003702980854813652,6.077994570665126,0.040807882487868596,scan_systematic;not_monotonic,-0.003311470527216833,5.617914868414111,0.02780528640534463,not_monotonic
2293937261086179456,NOT_RISING,False,-0.009348222785466376,2.574505203750485,0.1323494864656638,slope_not_significant;tau_not_significant;endpoint_rise_not_significant;impulsive_shape;not_monotonic,-0.005688348436788378,3.7152824566353764,0.06917402424605434,slope_not_significant;tau_not_significant;endpoint_rise_not_significant;not_monotonic
2294643044472479872,NOT_RISING,False,-0.0008784050115855403,1.8928988851438102,0.0104345522837761,slope_not_significant;tau_not_significant;endpoint_rise_not_significant;impulsive_shape;not_monotonic,-0.0006441448320715221,1.3811286033856425,0.010583114512826342,slope_not_significant;tau_not_significant;endpoint_rise_not_significant;impulsive_shape;not_monotonic
2295998188257857792,NOT_RISING,False,-0.0017567921256493833,3.9153918387072424,0.005450907169644026,slope_not_significant;tau_not_significant;endpoint_rise_not_significant;impulsive_shape;not_monotonic,-0.0019818196832951766,4.2598512215196305,0.02368871081390367,slope_not_significant;impulsive_shape
2303761294402345600,NOT_RISING,False,-0.002673964673203583,3.937551946994159,0.028385462919638726,slope_not_significant;tau_not_significant;impulsive_shape,-0.0024875541184647782,4.253171518239841,0.032959808085589515,slope_not_significant
2320596123092361088,IMPULSIVE_SHAPE,False,-0.0031793587973478667,2.274803421470249,0.022483926576231994,slope_not_significant;tau_not_significant;endpoint_rise_not_significant;impulsive_shape;impulsive_strong;not_monotonic,-0.0026408821330012886,2.11906922399846,0.0022733619027643925,slope_not_significant;tau_not_significant;endpoint_rise_not_significant;impulsive_shape;impulsive_strong;not_monotonic
2320860074602561408,NOT_RISING,False,-0.004962436931132505,3.798834805581458,0.021012150802992124,slope_not_significant;endpoint_rise_not_significant;not_monotonic,-0.004438036523871768,4.053130400367009,0.02439889606467105,slope_not_significant;endpoint_rise_not_significant;not_monotonic
2320878628861388928,IMPULSIVE_SHAPE,False,-0.0030260679022489773,2.1405767064038446,0.016620289957721468,slope_not_significant;tau_not_significant;endpoint_rise_not_significant;impulsive_shape;impulsive_strong;not_monotonic,-0.004818858845352523,2.863263432860025,0.0538817178244102,slope_not_significant;tau_not_significant;impulsive_shape;not_monotonic
2324785228033780608,NOT_RISING,False,-0.04242849392721273,4.820846471540501,0.5376317453259327,slope_not_significant;tau_not_significant,-0.026054300532914243,1.1804734396504795,0.29897721696339463,slope_not_significant;tau_not_significant;endpoint_rise_not_significant;impulsive_shape
2329038551326960640,NOT_RISING,False,-0.00209518041123105,3.3791479575086374,0.026545196738469556,slope_not_significant;tau_not_significant;endpoint_rise_not_significant;not_monotonic,-0.0009396519948293158,1.1219697802558142,-0.010349673068157372,slope_not_significant;tau_not_significant;endpoint_rise_not_significant;impulsive_shape;not_monotonic
2338039875067011968,NOT_RISING,False,-0.005092696659924977,4.99703376202955,0.03864366795646568,slope_not_significant;endpoint_rise_not_significant;not_monotonic,-0.003263810633061033,2.882792453978566,0.028257511980166683,slope_not_significant;tau_not_significant;endpoint_rise_not_significant;impulsive_shape;not_monotonic
2342601748810281088,IMPULSIVE_SHAPE,False,-0.0033177894529357425,1.1247576220067201,0.04916762531371077,slope_not_significant;tau_not_significant;impulsive_shape;impulsive_strong;not_monotonic,-0.005634744009252003,1.3950515368952527,0.05564789166097128,slope_not_significant;tau_not_significant;impulsive_shape;impulsive_strong;not_monotonic
2392985765345756160,IMPULSIVE_SHAPE,False,-0.0009667731366352489,0.5411713111898849,0.025464205565160825,slope_not_significant;tau_not_significant;impulsive_shape;impulsive_strong;not_monotonic,-0.00038039724334296837,0.2953116613130828,0.0047083883334693155,slope_not_significant;tau_not_significant;endpoint_rise_not_significant;impulsive_shape;impulsive_strong;not_monotonic
2397719407717006464,IMPULSIVE_SHAPE,False,-0.0005333981142942937,0.4413103284382635,0.016444832574093127,slope_not_significant;tau_not_significant;endpoint_rise_not_significant;impulsive_shape;impulsive_strong;not_monotonic,-0.002028300253602026,2.7578377449511344,0.006485361194526362,slope_not_significant;tau_not_significant;endpoint_rise_not_significant;impulsive_shape;not_monotonic
2403278435427652096,NOT_RISING,False,-0.0016482628947588583,1.934254628482049,0.006548408790445492,slope_not_significant;tau_not_significant;endpoint_rise_not_significant;impulsive_shape,-0.0028263928995096183,1.5504474731500857,0.00010781623595157441,slope_not_significant;tau_not_significant;endpoint_rise_not_significant;impulsive_shape;not_monotonic
2409567882456958080,IMPULSIVE_SHAPE,False,-0.0067841125429122335,5.791070805850132,0.03040976634048853,impulsive_shape;impulsive_strong,-0.005147291326309809,4.667884683051843,0.02906751066682567,slope_not_significant;endpoint_rise_not_significant;not_monotonic
2410333589226389504,IMPULSIVE_SHAPE,False,-0.004201307134905448,4.786426991413148,0.026251615955242613,slope_not_significant;impulsive_shape;impulsive_strong,-0.003030084892233248,3.4152275022419336,0.015429359509832707,slope_not_significant;endpoint_rise_not_significant;impulsive_shape;not_monotonic
2443019286782508288,NOT_RISING,False,-0.003225608769320109,3.9536937473966502,0.03791482061338414,slope_not_significant,-0.0002221679704901107,0.26581098403742637,0.004796299262341819,slope_not_significant;tau_not_significant;endpoint_rise_not_significant;impulsive_shape;not_monotonic
2447253299901730560,ONE_BAND_ONLY,False,-0.004492245698554245,8.898219756490898,0.042120268035050756,,-0.0027444953477051884,4.914813682354056,0.027261668748113976,slope_not_significant;endpoint_rise_not_significant;impulsive_shape
2482815319875077632,IMPULSIVE_SHAPE,False,9.151281748561585e-05,-0.10004855642311257,0.001287034082915639,slope_not_significant;tau_not_significant;endpoint_rise_not_significant;impulsive_shape;impulsive_strong;not_monotonic,0.0004178032163794296,-0.5251599905925978,-0.02393567296785548,slope_not_significant;tau_not_significant;endpoint_rise_not_significant;impulsive_shape;not_monotonic
2486346019214896256,NOT_RISING,False,-0.0013661578728690685,1.9445284442187445,0.019055889035342943,slope_not_significant;tau_not_significant;endpoint_rise_not_significant;impulsive_shape;not_monotonic,-0.0022107774841565765,3.551234278206867,0.012004087717849998,slope_not_significant;tau_not_significant;endpoint_rise_not_significant;not_monotonic
2487406983511591168,INSUFFICIENT_EPOCHS,False,0.009799653016397958,-3.579690482384401,-0.08481116672748179,insufficient_epochs;slope_not_significant;tau_not_significant;endpoint_rise_not_significant;impulsive_shape;not_monotonic,-0.013316740903769754,0.2504322049138613,0.10551945781971916,insufficient_epochs;slope_not_significant;tau_not_significant;impulsive_shape
2618813947474110720,NOT_RISING,False,-0.0017045981479265736,2.683062130348441,0.01319850969777292,slope_not_significant;tau_not_significant;endpoint_rise_not_significant;impulsive_shape;not_monotonic,-0.0014083789346309267,2.486636837211423,0.007549338269909001,slope_not_significant;tau_not_significant;endpoint_rise_not_significant;impulsive_shape;not_monotonic
2619235953781073280,NOT_RISING,False,-0.002549894864157652,2.1853583787023623,0.0038154125398008887,slope_not_significant;tau_not_significant;endpoint_rise_not_significant;impulsive_shape;not_monotonic,-0.0031786612890836543,3.9590733560252453,-0.002918224168206862,slope_not_significant;tau_not_significant;endpoint_rise_not_significant;impulsive_shape;not_monotonic
2652644133554470144,NOT_RISING,False,-0.001864103011811284,3.8994231219540283,0.022322626667994783,slope_not_significant;tau_not_significant;not_monotonic,-0.0015381796252393767,3.6524951127384706,0.01997795199946495,slope_not_significant;endpoint_rise_not_significant;not_monotonic
265685336900834176,NOT_RISING,False,-0.001935264624976613,2.989953601502712,0.007541265572172051,slope_not_significant;tau_not_significant;endpoint_rise_not_significant;impulsive_shape,-0.002492277712765319,6.034086958121418,0.02200578029389888,endpoint_rise_not_significant;not_monotonic
2660970597673133056,IMPULSIVE_SHAPE,False,-0.0010668795474595132,1.7542571583474706,0.007018684357948501,slope_not_significant;tau_not_significant;endpoint_rise_not_significant;impulsive_shape;impulsive_strong;not_monotonic,-0.00039456429201467635,0.4328931878604075,-0.001149550831263113,slope_not_significant;tau_not_significant;endpoint_rise_not_significant;impulsive_shape;not_monotonic
2672418708445999616,IMPULSIVE_SHAPE,False,-0.003291999589199998,3.5115545328492557,0.03317557483474509,slope_not_significant;tau_not_significant;impulsive_shape;impulsive_strong;not_monotonic,-0.0033309129100537087,4.56360020198307,0.02511988176006774,slope_not_significant;tau_not_significant;not_monotonic
2682130969531837184,NOT_RISING,False,-0.0018391245038357324,2.7275313351283246,0.03539343883158885,slope_not_significant;tau_not_significant,-0.0033140232091158246,2.62238053056655,0.01724938462707115,slope_not_significant;tau_not_significant;endpoint_rise_not_significant;impulsive_shape;not_monotonic
2695028721962376960,NOT_RISING,False,-0.0014991286925329207,3.812473942646778,0.018430082702366235,slope_not_significant;endpoint_rise_not_significant;not_monotonic,-0.001195270189189396,2.1789715246566828,0.013632730584255626,slope_not_significant;tau_not_significant;endpoint_rise_not_significant;impulsive_shape;not_monotonic
2698456488116738688,NOT_RISING,False,-0.002177344611033187,3.8382351194476696,0.014704339454423732,slope_not_significant;endpoint_rise_not_significant,-0.002074031241321601,2.8536809224644992,0.01744837066182292,slope_not_significant;tau_not_significant;endpoint_rise_not_significant;impulsive_shape;not_monotonic
2698668556422137728,IGNITION_CANDIDATE,True,-0.003897672352731533,6.334093527411208,0.03063485014633649,,-0.003261942357325235,5.575271410539311,0.03028760274811937,
2707143729487414656,NOT_RISING,False,-0.0013034756015412926,2.599730969440881,0.01292255846484025,slope_not_significant;tau_not_significant;endpoint_rise_not_significant;impulsive_shape,-0.0015056023382732898,2.887985462506189,0.012324584484687762,slope_not_significant;tau_not_significant;endpoint_rise_not_significant;not_monotonic
2707829103188825344,NOT_RISING,False,-0.0015006365988578833,3.13633136079324,0.01759695358912161,slope_not_significant;tau_not_significant;endpoint_rise_not_significant;not_monotonic,-0.0018280595807478178,3.4947490021892644,0.022660844665235658,slope_not_significant;endpoint_rise_not_significant;impulsive_shape
2708315426630145280,IMPULSIVE_SHAPE,False,-0.0008372964014328674,0.8455374906787703,0.02990389767192525,slope_not_significant;tau_not_significant;impulsive_shape;impulsive_strong;not_monotonic,-0.001384278752233388,2.27940944244028,0.02868138467990633,slope_not_significant;tau_not_significant;not_monotonic
2721099963722775296,SCAN_SYSTEMATIC,False,-0.003536392288188226,5.692965420026969,0.03263839900544774,scan_systematic;not_monotonic,-0.0028584223530917774,6.007221226317674,0.025922010970910847,scan_systematic
2819925447513086592,NOT_RISING,False,-0.0025719607031662547,5.535941031728389,0.027270428102703193,endpoint_rise_not_significant;not_monotonic,-0.0004230352098641317,0.49340713855325313,-0.03205810235919593,slope_not_significant;tau_not_significant;endpoint_rise_not_significant;impulsive_shape;not_monotonic
2826159850241446784,IMPULSIVE_SHAPE,False,-0.03816998684558817,4.852393422819759,0.4101538204642008,slope_not_significant,-0.007107513615322709,1.139692764259031,-0.15145966137613254,slope_not_significant;tau_not_significant;endpoint_rise_not_significant;impulsive_shape;impulsive_strong;not_monotonic
2834774622627638016,IMPULSIVE_SHAPE,False,-0.0027315067594370175,3.3558126592730257,0.01157243602234459,slope_not_significant;endpoint_rise_not_significant;impulsive_shape;impulsive_strong;not_monotonic,-0.0007155691286993421,0.9089312321830911,-0.0023888498281205983,slope_not_significant;tau_not_significant;endpoint_rise_not_significant;impulsive_shape;impulsive_strong;not_monotonic
2835723844759954688,NOT_RISING,False,-0.0028481706671586414,2.600759408332997,0.005147376942760573,slope_not_significant;tau_not_significant;endpoint_rise_not_significant;impulsive_shape;not_monotonic,-0.0011574971843200592,2.0015676598142536,-0.021615654764630676,slope_not_significant;tau_not_significant;endpoint_rise_not_significant;impulsive_shape;not_monotonic
2868462868628510976,NOT_RISING,False,-0.0057755094280317505,5.276786039816869,0.05348955250978804,not_monotonic,-0.0033228394188896102,4.896437121546824,0.024847838294876468,slope_not_significant;endpoint_rise_not_significant;impulsive_shape;not_monotonic
2874468645954064128,ONE_BAND_ONLY,False,-0.003770889730741612,7.2141670333981365,0.04685624776018216,,-0.0024917988362028708,4.846268768905026,0.027092933614554227,slope_not_significant;not_monotonic
2885815537233926272,NOT_RISING,False,-0.0018754224795055198,3.721465642640332,0.01945164478107486,slope_not_significant;tau_not_significant;endpoint_rise_not_significant;not_monotonic,-0.002206613911303966,3.7114643597040415,0.023150628980818766,slope_not_significant;not_monotonic
2888997352086555904,IMPULSIVE_SHAPE,False,-0.0014343368773327755,1.2300931110320719,0.04103358538054103,slope_not_significant;tau_not_significant;impulsive_shape;impulsive_strong;not_monotonic,-0.0016886173032386695,1.7971909858397888,0.02218627195615852,slope_not_significant;tau_not_significant;endpoint_rise_not_significant;impulsive_shape;impulsive_strong
2889293086355041408,NOT_RISING,False,-0.0015821629725445983,2.6813439124175216,0.03309807859182179,slope_not_significant;tau_not_significant;impulsive_shape,-0.00210461485381537,3.0020959133714658,0.016613937041407567,slope_not_significant;tau_not_significant;endpoint_rise_not_significant;impulsive_shape;not_monotonic
2890847722779358080,IMPULSIVE_SHAPE,False,-0.003061816778276716,3.2951803957462777,0.011660711338125296,slope_not_significant;tau_not_significant;endpoint_rise_not_significant;impulsive_shape;impulsive_strong;not_monotonic,-0.001638670331408863,2.174455316960518,-0.010335474501998121,slope_not_significant;tau_not_significant;endpoint_rise_not_significant;impulsive_shape;not_monotonic
2891071374614015232,NOT_RISING,False,-0.00492512235276955,4.8223158437732865,0.024977053537242,slope_not_significant;endpoint_rise_not_significant,-0.002286207790111373,2.8345426593921306,0.04973215502317352,slope_not_significant;tau_not_significant;not_monotonic
2896173349085130112,NOT_RISING,False,-0.0023782949119406475,3.381752067538872,0.028695671851752813,slope_not_significant;not_monotonic,-0.000858115053642302,1.5486330040537235,0.0014943450893181165,slope_not_significant;tau_not_significant;endpoint_rise_not_significant;impulsive_shape;not_monotonic
2902956030158075392,NOT_RISING,False,-0.003454996423446814,4.122480904681857,0.028431428581708218,slope_not_significant;not_monotonic,-0.0012650915110388183,1.4249398623590332,-0.013407348177389977,slope_not_significant;tau_not_significant;endpoint_rise_not_significant;impulsive_shape;not_monotonic
2905366606322718336,IMPULSIVE_SHAPE,False,-0.002679488455564645,3.1425613596042763,0.004956923548881775,slope_not_significant;tau_not_significant;endpoint_rise_not_significant;impulsive_shape;not_monotonic,-0.001762812658306509,1.648479870289564,0.017314814548901936,slope_not_significant;tau_not_significant;endpoint_rise_not_significant;impulsive_shape;impulsive_strong
2906585346242574720,NOT_RISING,False,-0.0018618618805446865,3.935177240629522,0.029598520583416388,slope_not_significant;not_monotonic,-0.0016452649081841351,3.691138366955926,0.014459864363985275,slope_not_significant;endpoint_rise_not_significant
2924339469735490560,NOT_RISING,False,-0.009964663544547132,2.3643800487551365,0.17882854945740867,slope_not_significant;tau_not_significant;endpoint_rise_not_significant;impulsive_shape;not_monotonic,-0.01226262009652571,4.961184629311077,0.11382369129127579,slope_not_significant;not_monotonic
294332390808824320,NOT_RISING,False,-0.0021184098536605675,3.8830925767414386,0.030717133304790423,slope_not_significant;not_monotonic,-0.00085385192415857,1.7738233030587234,0.01220343642743238,slope_not_significant;tau_not_significant;endpoint_rise_not_significant;impulsive_shape;not_monotonic
2963821317380921216,IMPULSIVE_SHAPE,False,-0.0007861321540592464,0.5733952704785158,-0.002619227174568195,slope_not_significant;tau_not_significant;endpoint_rise_not_significant;impulsive_shape;impulsive_strong;not_monotonic,-0.00021387368116474598,0.19242869141295477,0.0032222612528318706,slope_not_significant;tau_not_significant;endpoint_rise_not_significant;impulsive_shape;impulsive_strong;not_monotonic
2984702108343382400,IMPULSIVE_SHAPE,False,-0.0042619270676576915,5.008972533764647,0.042258706558902404,impulsive_shape;impulsive_strong,-0.004136773143711445,4.78816660858554,0.048525040897050786,slope_not_significant;impulsive_shape;not_monotonic
2996989185142933888,NOT_RISING,False,-0.002346838301282286,3.2803216791277228,0.022509129964547014,slope_not_significant;impulsive_shape,-0.0015000998271729937,3.032184103480559,0.015547217866792806,slope_not_significant;tau_not_significant;endpoint_rise_not_significant;impulsive_shape
3008791510456996352,ONE_BAND_ONLY,False,-0.004023392123410997,4.4707946666523535,0.045205977174672896,slope_not_significant;not_monotonic,-0.002843628638734661,5.977692341143768,0.04419700924856684,
3009379925274262400,IMPULSIVE_SHAPE,False,-0.0022510854094323386,4.049797172049595,0.021732511072928062,slope_not_significant;endpoint_rise_not_significant;impulsive_shape;impulsive_strong;not_monotonic,-0.0026739290766338714,4.678161398247275,0.018175259157194645,slope_not_significant;endpoint_rise_not_significant;impulsive_shape
3009818866635863936,NOT_RISING,False,-0.002309740332760185,3.6916291125773877,0.018025311776884934,slope_not_significant;endpoint_rise_not_significant;impulsive_shape;not_monotonic,-0.0019010035743403653,3.391362564031542,0.020834001190586093,slope_not_significant;endpoint_rise_not_significant;impulsive_shape;not_monotonic
3010324921158209920,IMPULSIVE_SHAPE,False,-0.0022997724997483246,2.247587779419978,-0.010269322102116618,slope_not_significant;tau_not_significant;endpoint_rise_not_significant;impulsive_shape;impulsive_strong;not_monotonic,-0.0012610623271311454,1.1906407984780514,-0.010862653997669725,slope_not_significant;tau_not_significant;endpoint_rise_not_significant;impulsive_shape;impulsive_strong;not_monotonic
3013186297090358144,IMPULSIVE_SHAPE,False,-0.002383479361633852,2.6877556655174364,0.011354963123492823,slope_not_significant;tau_not_significant;endpoint_rise_not_significant;impulsive_shape;impulsive_strong;not_monotonic,-0.002191756915625424,2.8069786144313036,0.015420503242308925,slope_not_significant;tau_not_significant;endpoint_rise_not_significant;impulsive_shape;not_monotonic
3013742787413020032,IMPULSIVE_SHAPE,False,-0.0017360467356962298,2.0159473376008994,0.011055481997280125,slope_not_significant;tau_not_significant;endpoint_rise_not_significant;impulsive_shape;impulsive_strong;not_monotonic,-0.0009678841351736939,0.8338463205598144,0.003933719469719321,slope_not_significant;tau_not_significant;endpoint_rise_not_significant;impulsive_shape;not_monotonic
3015029452238771072,IMPULSIVE_SHAPE,False,-0.00207112114823344,1.63280619187827,0.00026038541966144635,slope_not_significant;tau_not_significant;endpoint_rise_not_significant;impulsive_shape;impulsive_strong;not_monotonic,-0.003497198878284282,2.8462476096625453,-0.004347231659489026,slope_not_significant;tau_not_significant;endpoint_rise_not_significant;not_monotonic
305919357875189376,IMPULSIVE_SHAPE,False,-0.004757365607815592,5.307127391983047,0.04928781763485013,tau_not_significant;not_monotonic,-0.0016834961686876529,1.781808197619654,0.008043877456431758,slope_not_significant;tau_not_significant;endpoint_rise_not_significant;impulsive_shape;impulsive_strong;not_monotonic
3090083696499829376,IMPULSIVE_SHAPE,False,-0.0030314406095970775,1.524576082357684,0.022664027060816494,slope_not_significant;tau_not_significant;endpoint_rise_not_significant;impulsive_shape;not_monotonic,-0.0010948769608254139,1.661598580786784,0.016453052358263776,slope_not_significant;tau_not_significant;endpoint_rise_not_significant;impulsive_shape;impulsive_strong;not_monotonic
313633909412425856,NOT_RISING,False,-0.0014936201381745805,3.4959057661773834,0.024153140008925433,slope_not_significant;tau_not_significant;not_monotonic,-0.001321739392642894,2.6281201363136746,0.02516465128708134,slope_not_significant;tau_not_significant;endpoint_rise_not_significant;impulsive_shape;not_monotonic
3187155832903874048,NOT_RISING,False,-0.0008475567267377526,1.2892639023341093,-0.0003891810430722842,slope_not_significant;tau_not_significant;endpoint_rise_not_significant;impulsive_shape;not_monotonic,-0.0014748756426692395,2.8674129002665896,0.012434389890199071,slope_not_significant;tau_not_significant;endpoint_rise_not_significant;impulsive_shape;not_monotonic
3193022384569264128,NOT_RISING,False,-0.001190034216553587,1.9334216587859452,0.004868524945235819,slope_not_significant;tau_not_significant;endpoint_rise_not_significant;impulsive_shape;not_monotonic,-0.0006517972446710985,1.2763111958109192,0.004024771778492919,slope_not_significant;tau_not_significant;endpoint_rise_not_significant;impulsive_shape;not_monotonic
319654628928331520,NOT_RISING,False,-0.0010847761048990172,2.624981244961899,0.013543505598018868,slope_not_significant;tau_not_significant;endpoint_rise_not_significant;impulsive_shape,-0.0012233318112088026,2.4874910268599097,0.0070167026373084695,slope_not_significant;endpoint_rise_not_significant;impulsive_shape;not_monotonic
3199759126670628992,IMPULSIVE_SHAPE,False,-0.001740532658328152,2.0192800468995804,-0.0006908885937466636,slope_not_significant;tau_not_significant;endpoint_rise_not_significant;impulsive_shape;impulsive_strong;not_monotonic,-0.0013370327204720585,1.9378475453960744,0.008954608081531035,slope_not_significant;tau_not_significant;endpoint_rise_not_significant;impulsive_shape;impulsive_strong
3199798777810222720,SCAN_SYSTEMATIC,False,-0.0055604650220736525,6.454134897871889,0.04597434722508176,scan_systematic,-0.003121846937828494,7.276636976901199,0.025969683752142814,not_monotonic
3206783184908420992,IMPULSIVE_SHAPE,False,-0.0007348264875102414,0.8621079156885434,0.008627277921512189,slope_not_significant;tau_not_significant;endpoint_rise_not_significant;impulsive_shape;not_monotonic,-0.0017871570719905118,1.8036466300820455,0.016012318263076253,slope_not_significant;tau_not_significant;endpoint_rise_not_significant;impulsive_shape;impulsive_strong;not_monotonic
3207355789947907968,IMPULSIVE_SHAPE,False,-0.0025570082620716156,3.908912885365524,0.02720214524524245,slope_not_significant;tau_not_significant;impulsive_shape;impulsive_strong;not_monotonic,-0.0021945429639569493,3.91110401235674,0.01781849186039075,slope_not_significant;tau_not_significant;endpoint_rise_not_significant;impulsive_shape;impulsive_strong
3207404031020515328,IMPULSIVE_SHAPE,False,-0.0038812904093724274,2.3586521714496596,0.0016555530925739248,slope_not_significant;tau_not_significant;endpoint_rise_not_significant;impulsive_shape;impulsive_strong,-0.002544000904293929,2.100528469432732,0.01457524643528707,slope_not_significant;tau_not_significant;endpoint_rise_not_significant
3208557414420866432,NOT_RISING,False,-0.005273046656653249,8.165872270908269,0.037813685774898076,not_monotonic,-0.0034292324656402915,5.367714589811129,0.01764677857382324,tau_not_significant;endpoint_rise_not_significant;impulsive_shape;not_monotonic
3208577313006093056,NOT_RISING,False,-0.0015860633020443812,2.284926754436407,0.014473430738535242,slope_not_significant;tau_not_significant;endpoint_rise_not_significant;not_monotonic,-0.002112301597794842,3.070752973842019,0.017249632744121612,slope_not_significant;tau_not_significant;endpoint_rise_not_significant;impulsive_shape
3244750554068619008,IMPULSIVE_SHAPE,False,-0.007562326717784117,7.916037363892241,0.06722116196199224,not_monotonic,-0.007057559123875702,6.36743383264645,0.047069967313840166,impulsive_shape;impulsive_strong;not_monotonic
3245712321801912064,NOT_RISING,False,-0.0019949165847025635,2.371691778077398,0.030289645010483923,slope_not_significant;tau_not_significant;impulsive_shape,-0.002067406730580163,2.8900249294836375,0.026545685188287038,slope_not_significant;tau_not_significant;impulsive_shape;not_monotonic
3253804830461648640,NOT_RISING,False,-0.02769174047278996,5.46884775616045,0.22541078852794438,tau_not_significant;endpoint_rise_not_significant;impulsive_shape,-0.005097203999436328,1.6536067111261186,0.012341436845336062,slope_not_significant;tau_not_significant;endpoint_rise_not_significant;impulsive_shape;not_monotonic
327667388635096832,IMPULSIVE_SHAPE,False,-0.002536605142812386,3.375017434727474,0.014036820809428363,slope_not_significant;tau_not_significant;endpoint_rise_not_significant;impulsive_shape;impulsive_strong;not_monotonic,-0.0006308300664938787,0.6601999964562569,-0.02644373468088368,slope_not_significant;tau_not_significant;endpoint_rise_not_significant;impulsive_shape;impulsive_strong;not_monotonic
328612865557041152,NOT_RISING,False,-0.0062613648854397685,4.355788439199408,0.064896940685097,slope_not_significant,-0.0026774219066433,2.6216941480030633,0.013488521926475983,slope_not_significant;tau_not_significant;endpoint_rise_not_significant;impulsive_shape;not_monotonic
3289132001622802944,IMPULSIVE_SHAPE,False,-0.0010902477255743254,1.251873014958031,0.015404704440518557,slope_not_significant;tau_not_significant;endpoint_rise_not_significant;impulsive_shape;impulsive_strong;not_monotonic,-0.000743243744046447,0.6760096960372467,0.03296607879433111,slope_not_significant;tau_not_significant;endpoint_rise_not_significant;impulsive_shape;not_monotonic
3305952708461627904,NOT_RISING,False,-0.0018153887036162593,4.246262958505953,0.0182347281499311,slope_not_significant;endpoint_rise_not_significant;impulsive_shape;not_monotonic,-0.0026258721368368973,3.3725355543720394,0.020003176449503002,slope_not_significant;tau_not_significant;endpoint_rise_not_significant;not_monotonic
3307057099171975040,IMPULSIVE_SHAPE,False,-0.0019414550508319215,2.471118185632507,0.013984748458332419,slope_not_significant;tau_not_significant;endpoint_rise_not_significant;impulsive_shape;impulsive_strong;not_monotonic,-0.0004908546627842847,0.7092733877032176,0.0021436395080183246,slope_not_significant;tau_not_significant;endpoint_rise_not_significant;impulsive_shape;not_monotonic
3307504222447587584,NOT_RISING,False,-0.0030762909094622223,2.262076526988238,0.03213144645533017,slope_not_significant;tau_not_significant;endpoint_rise_not_significant;impulsive_shape;not_monotonic,-0.0035702827669332965,4.906581862790817,0.022397874516669525,slope_not_significant;tau_not_significant;endpoint_rise_not_significant;impulsive_shape;not_monotonic
3307804045524927360,IMPULSIVE_SHAPE,False,-0.004254716077334533,2.440911387749045,-0.007939296131974416,slope_not_significant;tau_not_significant;endpoint_rise_not_significant;impulsive_shape;impulsive_strong;not_monotonic,-0.005128124844887456,3.147652862724233,0.014023873429433564,slope_not_significant;tau_not_significant;endpoint_rise_not_significant;impulsive_shape;impulsive_strong;not_monotonic
348532408480052224,IMPULSIVE_SHAPE,False,-0.0012163688447689378,1.2855526881217925,-0.004162418573530502,slope_not_significant;tau_not_significant;endpoint_rise_not_significant;impulsive_shape;impulsive_strong;not_monotonic,-0.00039917681203545385,0.40583404004145135,-0.024084524313954248,slope_not_significant;tau_not_significant;endpoint_rise_not_significant;impulsive_shape;impulsive_strong;not_monotonic
3492014505655381376,NOT_RISING,False,-0.0032831530077339086,7.209187939698478,0.03210024801632194,not_monotonic,-0.00214546030668932,3.5476374430993567,0.016352465650014025,slope_not_significant;tau_not_significant;endpoint_rise_not_significant;not_monotonic
3545233995176166400,NOT_RISING,False,-0.0010195563821412436,1.4609690496780432,-0.002861805321565214,slope_not_significant;tau_not_significant;endpoint_rise_not_significant;impulsive_shape,-0.0015916077572064348,1.9661993270954277,-0.008369355728623518,slope_not_significant;tau_not_significant;endpoint_rise_not_significant;impulsive_shape;not_monotonic
3547435865993126016,ONE_BAND_ONLY,False,-0.02348929476192785,33.64663992910944,0.22006112682421097,,-0.0150968536744342,15.566696292857767,0.1614933103465468,scan_systematic
3582947999922577792,NOT_RISING,False,-0.002356482981303168,5.057224564085482,0.008843640892294502,endpoint_rise_not_significant;not_monotonic,-0.0019401116737533322,2.610160793276083,-0.005696817632289353,slope_not_significant;tau_not_significant;endpoint_rise_not_significant;impulsive_shape;not_monotonic
3598278250031419008,IMPULSIVE_SHAPE,False,-0.02010859762981469,3.180917971830876,0.11544996441331445,slope_not_significant;tau_not_significant;endpoint_rise_not_significant,-0.009951445593566054,2.2458925098540004,0.12600184857544594,slope_not_significant;tau_not_significant;endpoint_rise_not_significant;impulsive_shape;impulsive_strong
3618907149751361536,IMPULSIVE_SHAPE,False,-0.0021462635578932947,1.8233765608056374,0.0034771295426292426,slope_not_significant;tau_not_significant;endpoint_rise_not_significant;impulsive_shape;impulsive_strong,-0.002695726372972655,2.3954185509151205,-0.029267235071392506,slope_not_significant;tau_not_significant;endpoint_rise_not_significant;impulsive_shape;impulsive_strong;not_monotonic
3645157676331437824,IMPULSIVE_SHAPE,False,-0.0019377602509627072,1.6547504185455533,-0.032681560553141864,slope_not_significant;tau_not_significant;endpoint_rise_not_significant;impulsive_shape;impulsive_strong;not_monotonic,-0.001250218224874342,1.304394539428174,-0.011754820393063525,slope_not_significant;tau_not_significant;endpoint_rise_not_significant;impulsive_shape;impulsive_strong;not_monotonic
370022122725268992,NOT_RISING,False,-0.004663994041297146,4.846948535237423,0.051646806956259894,slope_not_significant;not_monotonic,-0.0022322672617729527,2.558209545925386,0.037575593865739165,slope_not_significant;tau_not_significant;endpoint_rise_not_significant;impulsive_shape
3755057853552586240,IMPULSIVE_SHAPE,False,-0.002963760296736179,3.578900750218331,0.03352456020647665,slope_not_significant;tau_not_significant;not_monotonic,-0.00042969159518110867,0.46484677339096603,0.015980115626984315,slope_not_significant;tau_not_significant;endpoint_rise_not_significant;impulsive_shape;impulsive_strong
37589244536949888,IMPULSIVE_SHAPE,False,-0.0035614035263878824,2.9851900201674515,0.012686975302203862,slope_not_significant;tau_not_significant;endpoint_rise_not_significant;impulsive_shape;impulsive_strong;not_monotonic,-0.003066541398240849,3.8788310831498882,0.00937523883403557,slope_not_significant;endpoint_rise_not_significant;impulsive_shape
3786580263509948544,NOT_RISING,False,-0.002639874625108903,5.1163616926678515,0.030649571927019892,not_monotonic,-0.0012795335320875054,2.9812232094915108,0.005374042851423511,slope_not_significant;endpoint_rise_not_significant
3790681377457802112,ONE_BAND_ONLY,False,-0.004740312065360491,6.695170557186606,0.05975136575360551,,-0.003466598541879024,6.306589229577237,0.04316810861709719,scan_systematic;not_monotonic
3800069179534903936,NOT_RISING,False,-0.0012930098087942385,2.471752250486331,0.019780821975261986,slope_not_significant;tau_not_significant;endpoint_rise_not_significant;impulsive_shape,-0.0019308985150690936,2.4592604661233066,0.011726587107894204,slope_not_significant;tau_not_significant;endpoint_rise_not_significant;impulsive_shape
3801558639832554240,NOT_RISING,False,-0.0021283126405196957,3.029025288029329,0.02012328281074538,slope_not_significant;tau_not_significant;endpoint_rise_not_significant;impulsive_shape,-0.004983236823315491,4.921466995753412,0.012691488144820795,slope_not_significant;endpoint_rise_not_significant;not_monotonic
3802562287790310272,NOT_RISING,False,-0.0016168827877656305,1.663866319171055,0.021677074732515678,slope_not_significant;tau_not_significant;impulsive_shape,-0.0020740112795558205,2.933544146203191,0.0327332675452805,slope_not_significant;tau_not_significant;impulsive_shape;not_monotonic
3814667326696654592,NOT_RISING,False,-0.001212613534636779,2.471097996973392,0.007826905001330431,slope_not_significant;tau_not_significant;endpoint_rise_not_significant;impulsive_shape;not_monotonic,-0.0014578023973396293,1.8734057096321137,0.03460770576100991,slope_not_significant;tau_not_significant;endpoint_rise_not_significant;impulsive_shape;not_monotonic
3845423003387469696,IMPULSIVE_SHAPE,False,-0.004840567650210254,5.452542374172116,0.03473548348241273,impulsive_shape;impulsive_strong;not_monotonic,-0.003127579227780523,4.317286491766722,0.041873532859888485,slope_not_significant;impulsive_shape;not_monotonic
3857486741888336768,NOT_RISING,False,-0.016847383354591912,1.9784710771318055,-0.1352413614599266,slope_not_significant;tau_not_significant;endpoint_rise_not_significant;impulsive_shape;not_monotonic,-0.008259433338648092,3.3316143531654663,0.08861167713596085,slope_not_significant;tau_not_significant;endpoint_rise_not_significant;impulsive_shape
3857981968797446656,NOT_RISING,False,-0.0028881331656281754,4.3220228535871446,0.032373115554753085,slope_not_significant,-0.0025560770006605674,4.180168469441105,0.02403773728841685,slope_not_significant;tau_not_significant;endpoint_rise_not_significant;impulsive_shape
3859276849897476992,NOT_RISING,False,-0.001238384837796331,2.5120984641226585,0.01544823341153112,slope_not_significant;tau_not_significant;endpoint_rise_not_significant;impulsive_shape,-0.0012273209185436514,2.449302660508175,0.006710788918415034,slope_not_significant;tau_not_significant;endpoint_rise_not_significant;impulsive_shape;not_monotonic
3863267694853892224,NOT_RISING,False,-0.00279167386307555,3.155750809345804,0.023161953152420978,slope_not_significant;tau_not_significant;impulsive_shape;not_monotonic,-0.0016167337625890969,2.692851670126592,0.010653479028235324,slope_not_significant;tau_not_significant;endpoint_rise_not_significant;impulsive_shape;not_monotonic
3868623214129778432,NOT_RISING,False,-0.0017958884949274443,3.3440497809353626,0.014801121346408763,slope_not_significant;tau_not_significant;endpoint_rise_not_significant;not_monotonic,-0.0011331356859527117,1.54663877708958,-0.002050959828084231,slope_not_significant;tau_not_significant;endpoint_rise_not_significant;impulsive_shape;not_monotonic
3868635824153719680,NOT_RISING,False,-0.0011866431832336143,3.2628934520755877,0.01701506261651531,slope_not_significant;tau_not_significant;endpoint_rise_not_significant;not_monotonic,-0.0021148500395168656,2.8360168613233725,0.012802951564021114,slope_not_significant;tau_not_significant;endpoint_rise_not_significant;not_monotonic
3871771700035108736,NOT_RISING,False,-0.0014125724562201157,3.310208554305421,0.011128933038504485,slope_not_significant;endpoint_rise_not_significant;impulsive_shape;not_monotonic,-0.0009008373603153694,1.8588564359764548,0.01362626980772319,slope_not_significant;tau_not_significant;endpoint_rise_not_significant;impulsive_shape;not_monotonic
3872920719750857856,IMPULSIVE_SHAPE,False,-0.001514792283070399,2.43340400604924,-0.006430408145135402,slope_not_significant;tau_not_significant;endpoint_rise_not_significant;impulsive_shape;impulsive_strong;not_monotonic,-0.0015241596647653445,3.867246541164212,0.003261297369437699,slope_not_significant;tau_not_significant;endpoint_rise_not_significant;impulsive_shape;not_monotonic
3879806209456824576,IMPULSIVE_SHAPE,False,-0.0012512532568217066,2.5673763570345067,0.010224685309824011,slope_not_significant;tau_not_significant;endpoint_rise_not_significant;impulsive_shape,-0.0015200343915251595,2.420460639003388,0.014817417155700952,slope_not_significant;tau_not_significant;endpoint_rise_not_significant;impulsive_shape;impulsive_strong;not_monotonic
3881544434261772544,NOT_RISING,False,-0.002729252539221981,3.7918061423809584,0.0321490999338625,slope_not_significant;tau_not_significant;not_monotonic,-0.0012565049637891254,3.2119799442179904,0.017094769280376454,slope_not_significant;tau_not_significant;endpoint_rise_not_significant;not_monotonic
3881854565259535872,NOT_RISING,False,-0.0011333305086078022,2.3009193471913503,0.014959353228135797,slope_not_significant;tau_not_significant;endpoint_rise_not_significant;impulsive_shape;not_monotonic,-0.002145300654575199,1.3495374725674476,0.045419207637360515,slope_not_significant;tau_not_significant;endpoint_rise_not_significant;impulsive_shape
3886308545129353472,IMPULSIVE_SHAPE,False,-0.0013203936819210442,3.268737685718636,0.018445579236489706,slope_not_significant;endpoint_rise_not_significant;not_monotonic,-0.00097267270495199,1.1543839890856764,0.011177963975503857,slope_not_significant;tau_not_significant;endpoint_rise_not_significant;impulsive_shape;impulsive_strong;not_monotonic
3886842912075791744,NOT_MONOTONIC,False,-0.003751341242072192,6.784882253249126,0.03678209683386591,not_monotonic,-0.0028057551481702023,6.806310726237966,0.035351771579508195,not_monotonic
3906198783491457664,NOT_RISING,False,-0.001433397602652715,2.839572032771749,0.02435067068915231,slope_not_significant;tau_not_significant;endpoint_rise_not_significant;impulsive_shape,-0.0012554226608093187,1.877484082041394,0.01382599462291445,slope_not_significant;tau_not_significant;endpoint_rise_not_significant;impulsive_shape;not_monotonic
3932110596065595904,NOT_RISING,False,-0.0024153910694168484,3.1973307869986654,0.030386203707152504,slope_not_significant;tau_not_significant;impulsive_shape;not_monotonic,-0.0018663493986074628,2.9112519756213207,0.0295900218563947,slope_not_significant;tau_not_significant;endpoint_rise_not_significant;impulsive_shape;not_monotonic
3966436966832210048,NOT_RISING,False,-0.0011512181855812538,3.111392794563722,0.009347606311003176,slope_not_significant;tau_not_significant;endpoint_rise_not_significant;not_monotonic,-0.0005174365954460775,1.0369552894168585,0.012946730936290507,slope_not_significant;tau_not_significant;endpoint_rise_not_significant;impulsive_shape;not_monotonic
3984667114434473088,NOT_RISING,False,-0.0012133745082514684,1.8963575608058412,0.014091097054322432,slope_not_significant;tau_not_significant;endpoint_rise_not_significant;impulsive_shape;not_monotonic,-0.0001567162785781201,0.1818053169464004,0.015385475474353427,slope_not_significant;tau_not_significant;endpoint_rise_not_significant;impulsive_shape;not_monotonic
4017150948526576000,IMPULSIVE_SHAPE,False,-0.002490199035526038,2.9324123119841095,0.021782812651535366,slope_not_significant;tau_not_significant;endpoint_rise_not_significant;impulsive_shape;impulsive_strong;not_monotonic,-0.0021735834396394227,3.576668334304875,0.023145717473020966,slope_not_significant;endpoint_rise_not_significant;impulsive_shape;not_monotonic
4017491762771128320,IMPULSIVE_SHAPE,False,-0.0022375473390404904,2.9426726027821846,0.010736466887102836,slope_not_significant;tau_not_significant;endpoint_rise_not_significant;impulsive_shape;impulsive_strong;not_monotonic,-0.00190386152103807,2.462763340812057,0.0066339174361491615,slope_not_significant;tau_not_significant;endpoint_rise_not_significant;impulsive_shape;not_monotonic
4018927587518106880,NOT_RISING,False,-0.004056762789871861,6.71785766576915,0.03919289445134844,not_monotonic,-0.0033620968023351638,4.7702285499155845,0.05089822609571293,slope_not_significant
4019258570582364288,NOT_RISING,False,-0.0007344834683263753,1.228349059687582,0.008883102704070112,slope_not_significant;tau_not_significant;endpoint_rise_not_significant;impulsive_shape,-0.001034495445712512,1.2782509822709727,0.008798136145133029,slope_not_significant;tau_not_significant;endpoint_rise_not_significant;impulsive_shape;not_monotonic
4019346570167633664,NOT_RISING,False,-0.0017289960403095096,2.7805510149013024,0.013697057388494471,slope_not_significant;tau_not_significant;endpoint_rise_not_significant;impulsive_shape,-0.0014980544098980217,2.4329439088851132,0.00489222238936371,slope_not_significant;tau_not_significant;endpoint_rise_not_significant;impulsive_shape;not_monotonic
4021286658434920704,NOT_RISING,False,-0.001140870596318913,2.8089326985551297,0.013504797531719959,slope_not_significant;tau_not_significant;endpoint_rise_not_significant;not_monotonic,-0.0009192020958638178,1.175731632290787,-0.0009301102649938997,slope_not_significant;tau_not_significant;endpoint_rise_not_significant;impulsive_shape;not_monotonic
4033914274602158208,NOT_RISING,False,-0.0025586107394726942,2.365005518300638,0.017489632320385695,slope_not_significant;tau_not_significant;endpoint_rise_not_significant;impulsive_shape,-0.0029072179310486584,3.3174555613669874,0.03338085344688402,slope_not_significant;impulsive_shape;not_monotonic
4140157433199691648,NOT_RISING,False,-0.001152271047924795,2.578325250787532,0.006091014509383541,slope_not_significant;tau_not_significant;endpoint_rise_not_significant;impulsive_shape;not_monotonic,-0.0005143056315783726,0.920389502769534,-0.008980136605574174,slope_not_significant;tau_not_significant;endpoint_rise_not_significant;impulsive_shape;not_monotonic
4181484540536861696,IMPULSIVE_SHAPE,False,-0.0002513477655381319,0.16157143862473142,0.016432524391241543,slope_not_significant;tau_not_significant;endpoint_rise_not_significant;impulsive_shape;impulsive_strong;not_monotonic,-0.0022006321220212448,3.2518705200632474,0.021205419345418086,slope_not_significant;tau_not_significant;endpoint_rise_not_significant;impulsive_shape;not_monotonic
4186687876236774528,IMPULSIVE_SHAPE,False,-0.003078317733845884,3.2049597040276083,0.015585105770636432,slope_not_significant;tau_not_significant;endpoint_rise_not_significant;not_monotonic,-0.0016622313276776352,1.0921844795242857,-0.01818203905257576,slope_not_significant;tau_not_significant;endpoint_rise_not_significant;impulsive_shape;impulsive_strong;not_monotonic
4191624923962021760,NOT_RISING,False,-0.0020532590341842353,4.015503903448401,0.015809522624971706,slope_not_significant;endpoint_rise_not_significant,-0.0017524517704793883,2.559626003503525,0.001585847463008605,slope_not_significant;tau_not_significant;endpoint_rise_not_significant;impulsive_shape;not_monotonic
4215573829101193728,NOT_RISING,False,-0.001828082700154384,2.9826688530139727,0.03061994826767034,slope_not_significant;tau_not_significant;not_monotonic,-0.0017373290740582696,2.8238946253127812,0.016465446810041584,slope_not_significant;tau_not_significant;endpoint_rise_not_significant;impulsive_shape;not_monotonic
4216939564276875904,NOT_RISING,False,-0.0015040562566737171,2.5540309447372183,0.02538759978155447,slope_not_significant;tau_not_significant,-0.0008339852750468991,1.2772226722320423,0.026746069640637415,slope_not_significant;tau_not_significant;impulsive_shape;not_monotonic
4219940509472709888,NOT_RISING,False,-0.0017332134249644186,2.8006091614592896,0.004439381365971329,slope_not_significant;tau_not_significant;endpoint_rise_not_significant,-0.001019521244536139,1.2802099702420244,-0.0011289316923139836,slope_not_significant;tau_not_significant;endpoint_rise_not_significant;impulsive_shape;not_monotonic
4224749395369133440,NOT_RISING,False,-0.00247648072436222,4.018678454063177,0.03545668140836078,slope_not_significant;not_monotonic,-0.0037691367675537404,5.575427141858706,0.038739026450059555,endpoint_rise_not_significant;not_monotonic
4228680596116158976,NOT_RISING,False,-0.0017239112924691189,2.6183928040121907,0.021247714351924074,slope_not_significant;tau_not_significant;endpoint_rise_not_significant;impulsive_shape;not_monotonic,-0.0028837102345689483,4.940207298745607,0.02989642806446824,slope_not_significant;tau_not_significant;endpoint_rise_not_significant;not_monotonic
4231772899553331200,ONE_BAND_ONLY,False,-0.004048020729028022,8.316686504140641,0.03675464578084764,,-0.005742859713302625,8.646833400335781,0.04523936357845315,scan_systematic
4331315505444794496,NOT_RISING,False,-0.004032077440043138,4.391759230401397,0.033527968846108536,slope_not_significant,-0.0019858709014378096,2.3222225955665508,0.009211003256288208,slope_not_significant;tau_not_significant;endpoint_rise_not_significant;impulsive_shape;not_monotonic
4339316892078314368,NOT_RISING,False,-0.0003902717646438597,0.4593232046314885,-0.003412693746515316,slope_not_significant;tau_not_significant;endpoint_rise_not_significant;impulsive_shape;not_monotonic,-0.001184997120085656,1.4572841745543783,0.018000424660305825,slope_not_significant;tau_not_significant;endpoint_rise_not_significant;impulsive_shape;not_monotonic
4342663461879783168,NOT_RISING,False,-0.004158453269249372,4.832774826128217,0.042798428896245966,slope_not_significant,-0.0026884818182013256,3.7851907716958775,0.03291767981734317,slope_not_significant;tau_not_significant;impulsive_shape;not_monotonic
4347673695848141056,NOT_RISING,False,-0.001428504255521835,3.552927634817684,0.004625630591867491,slope_not_significant;tau_not_significant;endpoint_rise_not_significant;impulsive_shape;not_monotonic,-0.0015798521399507822,2.175580234163943,0.008510258886502697,slope_not_significant;tau_not_significant;endpoint_rise_not_significant;impulsive_shape;not_monotonic
4353422423671512192,SCAN_SYSTEMATIC,False,-0.0036670463024818245,7.823434467704958,0.03268279126537088,scan_systematic,-0.002276823349793766,3.9910360740166677,0.02839879143042978,slope_not_significant
4362530296960516352,ONE_BAND_ONLY,False,-0.0025898373744020833,6.47384595455236,0.03515312094049605,,-0.0020599556394356082,3.46418000876958,0.03714173742433502,slope_not_significant
4366850071987026432,NOT_RISING,False,-0.001344004886943797,2.2878859680924273,0.013280304242817564,slope_not_significant;tau_not_significant;endpoint_rise_not_significant;impulsive_shape,-0.0018062503058298724,2.4298220526341328,0.011322827356435639,slope_not_significant;tau_not_significant;endpoint_rise_not_significant;impulsive_shape;not_monotonic
4369018304620923904,ONE_BAND_ONLY,False,-0.006597078547876214,7.519394275262822,0.04374786160509281,,-0.004747508637180263,4.819056441039454,0.03408153047192641,slope_not_significant;impulsive_shape;impulsive_strong;not_monotonic
4387079367952007168,ONE_BAND_ONLY,False,-0.0390571733871176,5.9108857385647555,0.5535178764952065,,-0.015271067055464577,4.072862640326436,0.32735670090305824,slope_not_significant
4404819094714677248,SCAN_SYSTEMATIC,False,-0.003305713105786129,5.986183066520889,0.024451084459805372,scan_systematic;not_monotonic,-0.0022068537614993444,2.17264544861828,0.03493927805587482,slope_not_significant;tau_not_significant;impulsive_shape;impulsive_strong;not_monotonic
4410988042139738496,NOT_RISING,False,-0.0007758622433221077,1.3574452389417062,0.017276666256542228,slope_not_significant;tau_not_significant;endpoint_rise_not_significant;impulsive_shape;not_monotonic,-0.001735694609635036,4.276640823413187,0.0385233904155875,slope_not_significant
4411316521238116352,NOT_RISING,False,-0.0037913886014018655,4.207471255733856,0.03799390519270851,slope_not_significant;not_monotonic,-0.0028566644027085072,2.865848732249016,0.05805078204006975,slope_not_significant;impulsive_shape;not_monotonic
4423150667969419264,NOT_RISING,False,-0.002091030148409549,2.702384639070334,0.04243180614235342,slope_not_significant;tau_not_significant,-0.0014202625799764022,1.7210031029438955,0.031252832576466716,slope_not_significant;tau_not_significant;endpoint_rise_not_significant;impulsive_shape;not_monotonic
4457573593893527936,NOT_RISING,False,-0.00092020935345586,1.2931897132925223,0.011955070126470346,slope_not_significant;tau_not_significant;endpoint_rise_not_significant;impulsive_shape;not_monotonic,-0.0017076135224783626,3.7796833729483783,0.024151322189204905,slope_not_significant;tau_not_significant;not_monotonic
4467391133217170560,NOT_RISING,False,-0.000810458780059007,1.8783666880906214,0.009087426763974449,slope_not_significant;tau_not_significant;endpoint_rise_not_significant;impulsive_shape;not_monotonic,-0.0019874450294561346,2.291146870933592,0.02497011399454152,slope_not_significant;tau_not_significant;endpoint_rise_not_significant;not_monotonic
4474023215560673664,IMPULSIVE_SHAPE,False,-0.0015014429142413532,1.9289413665714543,0.004942668311089804,slope_not_significant;tau_not_significant;endpoint_rise_not_significant;impulsive_shape;not_monotonic,-0.0015165818199628983,2.01270595297209,0.024979538290867964,slope_not_significant;tau_not_significant;endpoint_rise_not_significant;impulsive_shape;impulsive_strong;not_monotonic
4486339635577854720,ONE_BAND_ONLY,False,-0.0033604541548083447,6.6530340150264555,0.03000448774417208,,-0.0031891384114112317,6.323275845073708,0.040003119812542565,not_monotonic
4490249361483671552,IMPULSIVE_SHAPE,False,-0.000817795420958542,1.0970251929999355,0.005870259309611825,slope_not_significant;tau_not_significant;endpoint_rise_not_significant;impulsive_shape;impulsive_strong;not_monotonic,-0.0017172195531242806,2.478692363278614,0.021833501219090223,slope_not_significant;tau_not_significant;endpoint_rise_not_significant;impulsive_shape;not_monotonic
4491399175769090816,IMPULSIVE_SHAPE,False,-0.0027816261194849035,0.5628463567844421,0.02626018696086785,slope_not_significant;tau_not_significant;endpoint_rise_not_significant;impulsive_shape;impulsive_strong,-0.0011544181932339258,2.8757595410498724,0.0188061117734879,slope_not_significant;tau_not_significant;endpoint_rise_not_significant;impulsive_shape;not_monotonic
4550691744748565760,IMPULSIVE_SHAPE,False,-0.001027693888513276,1.6173079882329975,-0.010410532759655311,slope_not_significant;tau_not_significant;endpoint_rise_not_significant;impulsive_shape;impulsive_strong;not_monotonic,-0.0010922494317106486,2.4307873350093425,0.0011503812780144784,slope_not_significant;tau_not_significant;endpoint_rise_not_significant;impulsive_shape;not_monotonic
4556328116230720128,NOT_RISING,False,-0.0020679846213777775,2.4902647599619905,0.011400596483026604,slope_not_significant;tau_not_significant;endpoint_rise_not_significant;impulsive_shape;not_monotonic,-0.0017557436278419492,2.6392071119332168,0.0039690142649462246,slope_not_significant;tau_not_significant;endpoint_rise_not_significant;impulsive_shape;not_monotonic
4572744241447044352,IGNITION_CANDIDATE,True,-0.005030254093443014,10.351472859137328,0.05679177201302643,,-0.004539748693709824,5.947022923563767,0.04430409802331958,
4590693700052296576,NOT_RISING,False,-0.029661860572843948,6.1046306474613985,0.17349360756857113,endpoint_rise_not_significant;impulsive_shape,-0.014522083177963632,4.568879269735825,0.1197551274812696,slope_not_significant;endpoint_rise_not_significant
4593063967944867968,ONE_BAND_ONLY,False,-0.005617859658148407,5.406032255338924,0.04622405671243612,,-0.005048894426655272,5.9060010374139535,0.02984839012467333,scan_systematic
4599617233342735104,NOT_RISING,False,-0.0016645409206903767,3.5979251342890066,0.008566385895665718,slope_not_significant;tau_not_significant;endpoint_rise_not_significant;impulsive_shape;not_monotonic,-0.0017076512671568185,3.8548948189028707,0.009188639993404024,slope_not_significant;endpoint_rise_not_significant;impulsive_shape;not_monotonic
4604957836197688960,IMPULSIVE_SHAPE,False,-0.0017616745616685775,1.147671785465011,0.04346967411502156,slope_not_significant;tau_not_significant;impulsive_shape;impulsive_strong;not_monotonic,-0.0001061744638777562,0.0874300080785609,0.017674451060081253,slope_not_significant;tau_not_significant;endpoint_rise_not_significant;impulsive_shape;impulsive_strong;not_monotonic
4614613575512315648,NOT_RISING,False,-0.0029438257449296915,5.625251618656766,0.024591612886624148,not_monotonic,-0.0026636971806336725,4.682093183359463,0.023907545805842645,slope_not_significant;not_monotonic
4615124917138819328,SCAN_SYSTEMATIC,False,-0.00368433543516891,6.731042972900199,0.03472033548993636,scan_systematic,-0.0027054776567084176,7.261874726059528,0.02275667742386034,endpoint_rise_not_significant;not_monotonic
4618490350432556544,NOT_RISING,False,-0.0019138189065285257,4.305061281447071,0.017708546053286867,slope_not_significant;endpoint_rise_not_significant,-0.0030963573998494427,5.690583637837523,0.03362957734913152,not_monotonic
4619030382440742144,ONE_BAND_ONLY,False,-0.005903729708616596,5.054227431884737,0.05681871682714501,not_monotonic,-0.004865178677217849,5.427173175008404,0.048965078918806526,
4626795060540495360,ONE_BAND_ONLY,False,-0.0018804971925277057,4.370458460627358,0.013879399064405717,slope_not_significant;endpoint_rise_not_significant,-0.00240193061378258,6.055410372377348,0.02772241133271436,
4629065040951442048,NOT_RISING,False,-0.002601809907779362,5.839709811621878,0.01934739672444863,endpoint_rise_not_significant;not_monotonic,-0.0029826084904106243,7.18330634509568,0.031100150758129885,not_monotonic
4643413319800063616,NOT_RISING,False,-0.0035729388267796798,3.7722796486173507,0.016475269433954054,slope_not_significant;tau_not_significant;endpoint_rise_not_significant;impulsive_shape,-0.0031803681646519685,3.7552468054137473,0.0224005856346281,slope_not_significant;tau_not_significant;not_monotonic
4645179689526241280,IMPULSIVE_SHAPE,False,-0.0011228549420612324,1.1570352791393608,0.012825100402752199,slope_not_significant;tau_not_significant;endpoint_rise_not_significant;impulsive_shape;impulsive_strong;not_monotonic,-0.002139945273571517,1.8635850727545504,0.02397519013969429,slope_not_significant;tau_not_significant;endpoint_rise_not_significant;impulsive_shape;impulsive_strong;not_monotonic
4646037549114081792,IGNITION_CANDIDATE,True,-0.003276746196443846,8.552718090329002,0.033083716948443254,,-0.0029864300064409554,6.549903676336467,0.031409165127008976,
4742293916610997120,SCAN_SYSTEMATIC,False,-0.004794269318770021,8.485445370358324,0.03819969671965673,scan_systematic,-0.003388740120811513,6.1767390810371126,0.027794260757966427,endpoint_rise_not_significant;not_monotonic
4756280494803584256,NOT_RISING,False,-0.0017575225324455782,2.8291547337434793,0.003831895662225193,slope_not_significant;tau_not_significant;endpoint_rise_not_significant;impulsive_shape;not_monotonic,-0.001507832996194794,3.282088213518925,0.0063199364094153054,slope_not_significant;tau_not_significant;endpoint_rise_not_significant;impulsive_shape
4757109457849809920,NOT_RISING,False,-0.0030521404825264234,4.6335171923014595,0.03505144761281187,slope_not_significant;tau_not_significant,-0.0028475826556129125,5.245134703117397,0.030743451349398043,endpoint_rise_not_significant;not_monotonic
4785551933863635584,IMPULSIVE_SHAPE,False,-0.004716026679307386,4.604076456282339,0.03255905903618839,slope_not_significant,-0.0021334392987603194,2.189017181446393,0.0037010390579279573,slope_not_significant;tau_not_significant;endpoint_rise_not_significant;impulsive_shape;impulsive_strong;not_monotonic
4785947380092323712,NOT_RISING,False,-0.0021047768732978577,4.110845097392541,0.006267998937243391,slope_not_significant;endpoint_rise_not_significant;impulsive_shape;not_monotonic,-0.001264814811399754,2.215120545102333,-0.006708106697482563,slope_not_significant;tau_not_significant;endpoint_rise_not_significant;impulsive_shape;not_monotonic
4786964497067583488,NOT_RISING,False,-0.0013924749658552,3.7810826662334946,0.016380643686671803,slope_not_significant;endpoint_rise_not_significant;not_monotonic,-0.0016656534729521566,2.6325327199427813,0.006128761963775986,slope_not_significant;tau_not_significant;endpoint_rise_not_significant;impulsive_shape;not_monotonic
4787733051398426240,IGNITION_CANDIDATE,True,-0.010885184836165934,10.223121174880667,0.0796094799955096,,-0.007124595190505416,10.07318377867061,0.060064448398154724,
4787876988639117056,IMPULSIVE_SHAPE,False,-0.0013151248096233852,2.419072899599822,0.02352905271200001,slope_not_significant;tau_not_significant;impulsive_shape;not_monotonic,-0.0004986044362856878,0.6187151255706813,0.005315248792886251,slope_not_significant;tau_not_significant;endpoint_rise_not_significant;impulsive_shape;impulsive_strong;not_monotonic
4794480758554415232,SCAN_SYSTEMATIC,False,-0.0038994116263187627,5.381834430346045,0.02835911567087024,scan_systematic,-0.004042530871829899,6.14312882147619,0.03547400274053736,scan_systematic
4801261549842412800,NOT_RISING,False,-0.0015344960046848703,2.6848906804345263,0.014746123575898551,slope_not_significant;tau_not_significant;endpoint_rise_not_significant;impulsive_shape;not_monotonic,-0.0017544236974397637,2.466128267503589,0.017132747755621125,slope_not_significant;tau_not_significant;endpoint_rise_not_significant;impulsive_shape;not_monotonic
4818445370396544000,NOT_RISING,False,-0.0013648583513324675,3.540854739648628,0.017487805505504994,slope_not_significant;tau_not_significant;endpoint_rise_not_significant;impulsive_shape;not_monotonic,-0.0022551414895746677,3.1780413169605572,0.02401168434539258,slope_not_significant;tau_not_significant;impulsive_shape;not_monotonic
4819771278340598144,NOT_RISING,False,-0.0033031643632869916,5.508477799822916,0.04368136829985225,tau_not_significant;not_monotonic,-0.002963336081325955,3.6284568131456187,0.026822369309327243,slope_not_significant;endpoint_rise_not_significant
4824027895872485760,NOT_RISING,False,-0.0008909523252557013,1.4598066673584422,-0.0033681766152184878,slope_not_significant;tau_not_significant;endpoint_rise_not_significant;impulsive_shape;not_monotonic,-0.0022704404565992344,3.0031663911062356,0.02262616890538105,slope_not_significant;tau_not_significant;endpoint_rise_not_significant;impulsive_shape
4829241509428615936,NOT_RISING,False,-0.0014603374271921835,2.2713752329693775,0.024544025023370608,slope_not_significant;tau_not_significant;not_monotonic,-0.001328485257409434,3.5395441667880307,0.005427100854683786,slope_not_significant;tau_not_significant;endpoint_rise_not_significant;not_monotonic
4840151173037430016,NOT_RISING,False,-0.002840865260152932,3.910700777187952,0.02306198167044471,slope_not_significant,-0.0018841194186425547,2.783425298409218,0.009303617951740506,slope_not_significant;tau_not_significant;endpoint_rise_not_significant;impulsive_shape
4867872438154507904,IGNITION_CANDIDATE,True,-0.005876001968857837,10.967416024203917,0.052890435492058074,,-0.004220670883607062,7.572459355010215,0.03980283504304083,
4881764767572022656,IMPULSIVE_SHAPE,False,-0.017080416972200904,2.8369263213813296,0.1661249654910062,slope_not_significant;tau_not_significant;endpoint_rise_not_significant;impulsive_shape;not_monotonic,0.0014924027429354149,-0.754121177029574,-0.06274332719623121,slope_not_significant;tau_not_significant;endpoint_rise_not_significant;impulsive_shape;impulsive_strong;not_monotonic
4885473003678535680,NOT_RISING,False,-0.0014560083013395264,3.6223277755667764,0.010865593518921912,slope_not_significant;tau_not_significant;endpoint_rise_not_significant;not_monotonic,-0.0018232322846494717,2.875115630708874,0.010112779552327922,slope_not_significant;tau_not_significant;endpoint_rise_not_significant;impulsive_shape;not_monotonic
4888272811256158208,NOT_RISING,False,-0.00324899893755532,4.718405422377173,0.012174425372226239,slope_not_significant;endpoint_rise_not_significant;not_monotonic,-0.0015773219419401834,3.19599652210301,0.006292996769850845,slope_not_significant;tau_not_significant;endpoint_rise_not_significant;not_monotonic
4943931975343385728,NOT_RISING,False,-0.041145358663367826,5.214031700919662,0.33454852598715323,endpoint_rise_not_significant;not_monotonic,-0.014181052532796485,2.370221829108648,0.18118739377849558,slope_not_significant;tau_not_significant;impulsive_shape;not_monotonic
497274925602481664,NOT_RISING,False,-0.0013714710960959246,3.4965440927737736,0.006991288683590113,slope_not_significant;tau_not_significant;endpoint_rise_not_significant;impulsive_shape;not_monotonic,-0.0015533255402161248,3.580420881755498,0.01783675166482368,slope_not_significant;tau_not_significant;endpoint_rise_not_significant;not_monotonic
497372541619581696,SCAN_SYSTEMATIC,False,-0.0038564730968202853,7.361384842271202,0.030453375601551258,scan_systematic;not_monotonic,-0.002977340561672294,5.600667062348901,0.02965479084552136,impulsive_shape
497696588308548608,IMPULSIVE_SHAPE,False,-0.0016932506095959552,3.174118172100213,0.020834213747633612,slope_not_significant;endpoint_rise_not_significant;impulsive_shape;not_monotonic,-0.0012413552168112595,1.3883355675551292,0.01597290991725764,slope_not_significant;tau_not_significant;endpoint_rise_not_significant;impulsive_shape;impulsive_strong
50284278808685568,NOT_RISING,False,-0.002408971401874613,4.10152618614314,0.019088817401350155,slope_not_significant;endpoint_rise_not_significant;impulsive_shape,-0.0020889370412370016,4.63229916225843,0.021910824845763344,slope_not_significant;endpoint_rise_not_significant;impulsive_shape;not_monotonic
5051632270316527616,IMPULSIVE_SHAPE,False,-0.0024047163216722647,4.884078308182553,0.014087139342281674,slope_not_significant;endpoint_rise_not_significant;impulsive_shape;impulsive_strong;not_monotonic,-0.003225794996344622,5.353534279232741,0.030114872765578227,tau_not_significant;impulsive_shape;not_monotonic
5128686148268863488,NOT_RISING,False,-0.0042966245824119925,6.576630174668438,0.05321201053337887,not_monotonic,-0.003727588344636149,5.487692612798468,0.03500868489696174,endpoint_rise_not_significant;not_monotonic
5151193907203226752,NOT_RISING,False,-0.0026411922292563267,3.4701233691204108,0.01840120719001348,slope_not_significant;tau_not_significant;endpoint_rise_not_significant;not_monotonic,-0.0012251547107368177,1.358375644732493,0.038277147889518304,slope_not_significant;tau_not_significant;impulsive_shape
5151193907203695488,NOT_RISING,False,-0.0026411922292563267,3.4701233691204108,0.01840120719001348,slope_not_significant;tau_not_significant;endpoint_rise_not_significant;not_monotonic,-0.0012251547107368177,1.358375644732493,0.038277147889518304,slope_not_significant;tau_not_significant;impulsive_shape
5151785719337411456,NOT_RISING,False,-0.0026451425229259886,6.968212854565334,0.03298448996794434,not_monotonic,-0.0026830743860675778,3.0078638202894807,0.013905691257093622,slope_not_significant;tau_not_significant;endpoint_rise_not_significant;impulsive_shape;not_monotonic
5175031314998705408,IMPULSIVE_SHAPE,False,-0.0031165099025833977,3.8253030991980683,0.01670755486559905,slope_not_significant;endpoint_rise_not_significant;impulsive_shape;impulsive_strong;not_monotonic,-0.00298703778725116,3.266162116291714,0.014771087064939792,slope_not_significant;tau_not_significant;endpoint_rise_not_significant;impulsive_shape;not_monotonic
5183169870002984192,IMPULSIVE_SHAPE,False,-0.002643589898336624,2.516042031012935,0.008460399401583274,slope_not_significant;tau_not_significant;endpoint_rise_not_significant;impulsive_shape;impulsive_strong;not_monotonic,-0.0018975913970532957,1.7972964543643728,0.007966659804413467,slope_not_significant;tau_not_significant;endpoint_rise_not_significant;impulsive_shape;not_monotonic
5201526525870539776,IMPULSIVE_SHAPE,False,-0.0015860278284785777,1.5318833255672755,0.016613223540819178,slope_not_significant;tau_not_significant;endpoint_rise_not_significant;impulsive_shape;impulsive_strong;not_monotonic,-0.0014822745633832684,1.6207001417059022,0.027641468629301613,slope_not_significant;tau_not_significant;impulsive_shape;impulsive_strong;not_monotonic
5206590051790308608,IMPULSIVE_SHAPE,False,-0.001707998645122331,2.411281865755886,0.007553298567346545,slope_not_significant;tau_not_significant;endpoint_rise_not_significant;impulsive_shape;impulsive_strong;not_monotonic,-0.0023774079703154406,5.0571112721450495,0.022844403545544623,not_monotonic
5208654316153809920,IMPULSIVE_SHAPE,False,-0.001636230559720557,1.9545559337118388,0.02466997489804612,slope_not_significant;tau_not_significant;impulsive_shape;impulsive_strong;not_monotonic,-0.0009961921690299913,1.9296834607567057,0.015671934641398266,slope_not_significant;tau_not_significant;endpoint_rise_not_significant;impulsive_shape;not_monotonic
5209217197387906048,SCAN_SYSTEMATIC,False,-0.0018795250438755342,5.321171570363929,0.03073450692544455,scan_systematic;not_monotonic,-0.001169649495573048,3.454673994712107,0.01990835714936523,slope_not_significant;tau_not_significant;endpoint_rise_not_significant;not_monotonic
5274394386959177984,IMPULSIVE_SHAPE,False,-0.0021262042848104318,2.288394738452298,0.0016567725362577335,slope_not_significant;tau_not_significant;endpoint_rise_not_significant;impulsive_shape;impulsive_strong;not_monotonic,-0.0008016829801713414,1.261843328781837,-0.005242381109811234,slope_not_significant;tau_not_significant;endpoint_rise_not_significant;impulsive_shape;impulsive_strong;not_monotonic
53119025944191616,IMPULSIVE_SHAPE,False,-0.0021131662014987757,1.2978517880602556,0.038683903517867435,slope_not_significant;tau_not_significant;impulsive_shape;not_monotonic,-0.0017302065900637671,1.408942240645499,0.030737771726945695,slope_not_significant;tau_not_significant;impulsive_shape;impulsive_strong;not_monotonic
5378886199626744448,NOT_RISING,False,-0.001953611824768803,3.9210808140325293,0.017259093625604294,slope_not_significant;tau_not_significant;endpoint_rise_not_significant;impulsive_shape,-0.0013183076952576573,2.416543940011236,0.02097191510008045,slope_not_significant;tau_not_significant;endpoint_rise_not_significant;impulsive_shape
5400259541737473024,IMPULSIVE_SHAPE,False,-0.0074370683623491834,0.5773536844778482,-0.12097549440002453,slope_not_significant;tau_not_significant;endpoint_rise_not_significant;impulsive_shape;impulsive_strong;not_monotonic,-0.00781885265034235,1.38861194927448,-0.019301461079971105,slope_not_significant;tau_not_significant;endpoint_rise_not_significant;impulsive_shape;impulsive_strong;not_monotonic
5401795662560500352,IMPULSIVE_SHAPE,False,-0.024479901314216578,1.9253370693107408,0.3300001612968897,slope_not_significant;tau_not_significant;impulsive_shape;impulsive_strong;not_monotonic,-0.012607559120936841,1.1636091290374837,0.18415566096311942,slope_not_significant;tau_not_significant;impulsive_shape;impulsive_strong;not_monotonic
5440805476122049792,NOT_RISING,False,-0.000677490051619864,1.397150981488756,0.011621971432015599,slope_not_significant;tau_not_significant;endpoint_rise_not_significant;impulsive_shape;not_monotonic,-0.0005734280315189688,0.8024494876890556,-0.002934401936663278,slope_not_significant;tau_not_significant;endpoint_rise_not_significant;impulsive_shape;not_monotonic
5478826553849104256,NOT_RISING,False,-0.002756874635635863,5.131774653946081,0.025484054954246105,tau_not_significant,-0.002288384218805278,4.072369419253044,0.031824198524656566,slope_not_significant;tau_not_significant;not_monotonic
5484858710859725696,NOT_RISING,False,-0.0026239700555051714,6.843957566724774,0.017870274616443638,endpoint_rise_not_significant;not_monotonic,-0.002747951715137288,5.798151460531106,0.015622077230267095,endpoint_rise_not_significant;not_monotonic
5486966341508992256,ONE_BAND_ONLY,False,-0.001549946909321441,3.6019881639691618,0.014097375427979841,slope_not_significant;tau_not_significant;endpoint_rise_not_significant;not_monotonic,-0.0021167606765943106,5.536533899796203,0.022310388462065234,
5488045409093243776,NOT_RISING,False,-0.002349196144519221,4.1524250477027085,0.018255870803161045,slope_not_significant;endpoint_rise_not_significant;not_monotonic,-0.001425833174549711,2.6949927566664202,0.0003904239719147995,slope_not_significant;tau_not_significant;endpoint_rise_not_significant;not_monotonic
5490438010816910336,SCAN_SYSTEMATIC,False,-0.003375406554733687,7.204276907659508,0.02489199771754791,scan_systematic,-0.0032147681794752955,6.104425565189515,0.032928710339682254,not_monotonic
5490476979058092032,NOT_MONOTONIC,False,-0.0027240244184610356,7.526745434975685,0.02342370033015584,not_monotonic,-0.0027019239963381155,7.052956196469096,0.032639892220316824,not_monotonic
5498490425958477440,NOT_RISING,False,-0.0017564155718250184,4.222668669660024,0.014761642635134464,slope_not_significant;endpoint_rise_not_significant;not_monotonic,-0.001307941081799384,1.8863051763769816,0.010288892394006766,slope_not_significant;tau_not_significant;endpoint_rise_not_significant;impulsive_shape;not_monotonic
5498602919742073088,IGNITION_CANDIDATE,True,-0.004966422960658933,8.409373381797266,0.04609058071383387,,-0.002994870848319845,5.862845004897185,0.03873219423483043,
5503545430667704704,NOT_RISING,False,-0.0014950416166173968,4.082530697456824,0.025833267162004958,slope_not_significant;not_monotonic,-0.0010980844891344847,1.4459130755768015,0.00833519126767257,slope_not_significant;tau_not_significant;endpoint_rise_not_significant;impulsive_shape;not_monotonic
5504494373625210880,NOT_RISING,False,-0.002636521531124757,5.927557796630874,0.02575943367127742,not_monotonic,-0.0021338125138117506,3.8793284592614627,0.017365848205482592,slope_not_significant;tau_not_significant;endpoint_rise_not_significant;not_monotonic
5553803626136040704,NOT_RISING,False,-0.0019496967218712354,4.734642138945526,0.01228158993979278,slope_not_significant;endpoint_rise_not_significant;impulsive_shape,-0.001940083896018847,4.074637946479839,0.024374311327456155,slope_not_significant;impulsive_shape;not_monotonic
5688848083799897984,NOT_RISING,False,-0.0010332919014472888,1.6112203836906889,0.019765435847572732,slope_not_significant;tau_not_significant;endpoint_rise_not_significant;impulsive_shape,-0.0018439796525150376,4.471212372529468,0.02400594059298733,slope_not_significant
5734957714522508032,IMPULSIVE_SHAPE,False,-0.00866807113256416,2.2169394518198184,-0.03440987689345487,slope_not_significant;tau_not_significant;endpoint_rise_not_significant;impulsive_shape;not_monotonic,-0.0024016273799413778,1.6700128636344511,0.04443624862460904,slope_not_significant;tau_not_significant;impulsive_shape;impulsive_strong;not_monotonic
5736853169490474496,ONE_BAND_ONLY,False,-0.0065144700983596,13.490636121918861,0.06860110617310156,scan_systematic,-0.006834680809807214,11.14976844425803,0.06738374317692752,
5742355812870218496,NOT_RISING,False,-0.001168940691643314,3.0032719474781246,0.012192059627658125,slope_not_significant;tau_not_significant;endpoint_rise_not_significant;impulsive_shape,-0.0011677132622501484,3.0214744121298196,0.00915205594563595,slope_not_significant;tau_not_significant;endpoint_rise_not_significant;impulsive_shape
5747379623232417792,IGNITION_CANDIDATE,True,-0.005927943412468096,6.936513284417734,0.05174173471987409,,-0.006973786205117134,6.4278913676475335,0.07321533559518478,
5756669873715467008,NOT_RISING,False,-0.0031324969365712635,5.709072434462044,0.023697526773569066,endpoint_rise_not_significant;not_monotonic,-0.00251730446617932,4.08493431267403,0.01417356775143297,slope_not_significant;endpoint_rise_not_significant
5774351468097036416,NOT_RISING,False,-0.002150828584744434,3.799477876515401,0.017370092017729988,slope_not_significant;endpoint_rise_not_significant;not_monotonic,-0.0018103320162811375,3.457051326191828,0.01305112957312815,slope_not_significant;tau_not_significant;endpoint_rise_not_significant;not_monotonic
577453272001981952,NOT_RISING,False,-0.0023264801487346866,4.524457236147194,0.016902873206380065,slope_not_significant;endpoint_rise_not_significant,-0.0008074044899336711,1.9528713548309522,0.0053773746704095515,slope_not_significant;tau_not_significant;endpoint_rise_not_significant;impulsive_shape
5777442916838749824,IMPULSIVE_SHAPE,False,-0.0023608468424028877,3.1703992689476883,0.004077416160356506,slope_not_significant;tau_not_significant;endpoint_rise_not_significant;impulsive_shape;impulsive_strong;not_monotonic,-0.0024386702902283236,4.763492028869008,0.01656693536136089,slope_not_significant;tau_not_significant;endpoint_rise_not_significant;impulsive_shape;impulsive_strong;not_monotonic
5780541478045641600,NOT_RISING,False,-0.004540756067447818,9.845651595296596,0.04315887130104734,not_monotonic,-0.0030055732746115324,6.18399710848561,0.01852298659113849,endpoint_rise_not_significant;not_monotonic
579068519007081984,NOT_RISING,False,-0.0029867384702666547,3.9450333110196927,0.035705920109780465,slope_not_significant,-0.0013675649806730325,3.1374839631338443,0.019930773500231425,slope_not_significant;tau_not_significant;endpoint_rise_not_significant;impulsive_shape;not_monotonic
5800996998525340928,IMPULSIVE_SHAPE,False,-0.003280792102805387,2.8562885920738843,0.021649032967669513,slope_not_significant;tau_not_significant;impulsive_shape;impulsive_strong,-0.003592508490720271,2.5434437108774035,0.021338782945193202,slope_not_significant;tau_not_significant;endpoint_rise_not_significant;impulsive_shape;impulsive_strong;not_monotonic
5801204428266268672,IMPULSIVE_SHAPE,False,-0.0050347834654741255,3.735348743701111,0.05555258453941647,slope_not_significant;tau_not_significant;not_monotonic,-0.002626717042177717,2.17745530396688,0.04364750147983365,slope_not_significant;tau_not_significant;impulsive_shape;impulsive_strong;not_monotonic
5802068055991339904,IGNITION_CANDIDATE,True,-0.006905664125416787,11.949500545368327,0.0552387062171622,,-0.007298816578528242,10.788211597512664,0.06686212697923821,
580341890910536832,NOT_RISING,False,-0.0015668206341687202,4.054517024988183,0.017098631424568467,slope_not_significant;endpoint_rise_not_significant;not_monotonic,-0.0014030592259861255,3.3199860414393867,0.012560796215337788,slope_not_significant;tau_not_significant;endpoint_rise_not_significant;impulsive_shape;not_monotonic
587184087346117632,ONE_BAND_ONLY,False,-0.006370334070630074,11.33823351250052,0.06792979079084382,scan_systematic,-0.004559172510964117,7.6503373377017585,0.044749905185877736,
588013290912223616,NOT_RISING,False,-0.0030014542475047847,3.514052479011205,0.033552877347389654,slope_not_significant;tau_not_significant;not_monotonic,-0.0017624787435817045,1.8949934108974231,0.0173869254123602,slope_not_significant;tau_not_significant;endpoint_rise_not_significant;impulsive_shape;not_monotonic
5918037120790616832,IMPULSIVE_SHAPE,False,-0.0015999318830910512,2.7679159040332766,0.024301958205391827,slope_not_significant;tau_not_significant;impulsive_shape,-0.001669719211819421,2.9905618816758097,0.028304834206961615,slope_not_significant;tau_not_significant;impulsive_shape;impulsive_strong;not_monotonic
59587929588114816,ONE_BAND_ONLY,False,-0.003363898844997509,4.791576606569394,0.02257734082110474,slope_not_significant;endpoint_rise_not_significant;not_monotonic,-0.0034752303950794042,6.2470075112191665,0.04138645565572929,
596010447002927232,NOT_RISING,False,-0.0012044093211884205,2.687218968749748,0.008864475098429025,slope_not_significant;tau_not_significant;endpoint_rise_not_significant;impulsive_shape,-0.0016259677848361413,2.6419455760691064,0.021844742974131748,slope_not_significant;tau_not_significant;endpoint_rise_not_significant;impulsive_shape
6007167179767020160,ONE_BAND_ONLY,False,-0.007734286031172884,13.658219981304482,0.06604714176849669,,-0.004797018133577323,9.501252461707816,0.04577493346791073,not_monotonic
6007418280736571776,IMPULSIVE_SHAPE,False,-0.0026745948734360004,2.3587818402437355,0.011186147613182484,slope_not_significant;tau_not_significant;endpoint_rise_not_significant;impulsive_shape;impulsive_strong;not_monotonic,-0.0015787421469087171,2.0434920587514176,0.014164061580354215,slope_not_significant;tau_not_significant;endpoint_rise_not_significant;impulsive_shape;not_monotonic
6007543521980578816,NOT_RISING,False,-0.0018829660073831941,3.9843378273345897,0.019997091104134057,slope_not_significant;endpoint_rise_not_significant;impulsive_shape;not_monotonic,-0.0018299040317972266,3.4653248302568675,0.02614715976413784,slope_not_significant;tau_not_significant;endpoint_rise_not_significant;impulsive_shape;not_monotonic
6015246666091930496,IMPULSIVE_SHAPE,False,-0.005455872155510688,3.492304626014927,0.03346601064995802,slope_not_significant;tau_not_significant;not_monotonic,-0.0025973457910817583,2.0311525395120777,0.021078124660757425,slope_not_significant;tau_not_significant;endpoint_rise_not_significant;impulsive_shape;impulsive_strong;not_monotonic
60186343087140096,NOT_RISING,False,-0.015093680017714883,2.189940007060837,0.29814747415666343,slope_not_significant;tau_not_significant;endpoint_rise_not_significant;impulsive_shape;not_monotonic,-0.012211898848102497,2.4093171083544784,-0.11758075024944503,slope_not_significant;tau_not_significant;endpoint_rise_not_significant;impulsive_shape;not_monotonic
6043830390694963328,NOT_RISING,False,-0.0051646618543879225,3.68757954653861,0.04777685325968406,slope_not_significant,-0.0029320468093023064,4.142615150451885,0.03185113466311229,slope_not_significant;not_monotonic
6103374000518911872,ONE_BAND_ONLY,False,-0.0054213899288809535,5.926276105801005,0.07589931295435193,,-0.006029531044668621,5.625736178888113,0.08154203478515676,not_monotonic
6104233195836826624,NOT_RISING,False,-0.001790556110442939,3.00720125985996,0.026884587746158317,slope_not_significant;tau_not_significant;not_monotonic,-0.0016985149191324229,2.693708494123321,0.022056352050427108,slope_not_significant;tau_not_significant;endpoint_rise_not_significant
6114536929757358592,IMPULSIVE_SHAPE,False,-0.003918604485662871,5.805374343435906,0.028375774414097776,impulsive_shape;impulsive_strong;not_monotonic,-0.002496397773546752,3.1963965271391737,0.004464345738771414,slope_not_significant;tau_not_significant;endpoint_rise_not_significant;impulsive_shape;impulsive_strong;not_monotonic
6117010075010195072,NOT_RISING,False,-0.0034784429248253396,2.803846271261537,0.04721583264025142,slope_not_significant;tau_not_significant;not_monotonic,-0.002861551897894145,2.610858711247132,0.024947928542804476,slope_not_significant;tau_not_significant;endpoint_rise_not_significant;impulsive_shape
6117231076847087872,IMPULSIVE_SHAPE,False,-0.0010365754125248108,0.5885362325576324,0.04728635126751257,slope_not_significant;tau_not_significant;impulsive_shape;impulsive_strong;not_monotonic,-0.001727127217112923,1.4053762869805873,0.03840872223987901,slope_not_significant;tau_not_significant;impulsive_shape;impulsive_strong
6124224142592810880,NOT_RISING,False,-0.002027088732750891,2.0630689985110577,0.04046147000150846,slope_not_significant;tau_not_significant,-0.0018719318410144326,1.9441546436991561,0.044154717590656034,slope_not_significant;tau_not_significant;impulsive_shape
612806212966565248,NOT_RISING,False,-0.02233577063600032,3.064616788504854,0.28391769613033446,slope_not_significant;endpoint_rise_not_significant;not_monotonic,-0.009421736535947557,2.2436284247020923,0.015315226091090928,slope_not_significant;tau_not_significant;endpoint_rise_not_significant;impulsive_shape;not_monotonic
6142008189119669248,IMPULSIVE_SHAPE,False,-0.0016408423197912837,1.4049624785187738,-0.025828125467851848,slope_not_significant;tau_not_significant;endpoint_rise_not_significant;impulsive_shape;impulsive_strong;not_monotonic,-0.0019249229082385806,1.865550330553409,-0.030508461774907403,slope_not_significant;tau_not_significant;endpoint_rise_not_significant;impulsive_shape;impulsive_strong;not_monotonic
6148853718451462784,IMPULSIVE_SHAPE,False,-0.0033020010043981474,3.7154690020112575,0.017886895582503115,slope_not_significant;endpoint_rise_not_significant;not_monotonic,-0.0011832290429016172,1.905158603583329,-0.012858138576691047,slope_not_significant;tau_not_significant;endpoint_rise_not_significant;impulsive_shape;impulsive_strong;not_monotonic
615033101969907840,NOT_RISING,False,-0.0010784120024009596,2.8127341242366057,0.014892749083569967,slope_not_significant;tau_not_significant;endpoint_rise_not_significant;impulsive_shape,-0.0007964073657847209,0.9153260632364497,-0.016677997012001455,slope_not_significant;tau_not_significant;endpoint_rise_not_significant;impulsive_shape;not_monotonic
6154500500933635968,IMPULSIVE_SHAPE,False,-0.0032926856203397852,5.151515953772143,0.025362245921176196,endpoint_rise_not_significant;not_monotonic,-0.0024480860870508816,2.4105776318470915,-0.0033036425143642134,slope_not_significant;tau_not_significant;endpoint_rise_not_significant;impulsive_shape;impulsive_strong;not_monotonic
6180035765135232128,NOT_RISING,False,-0.04824455093841664,8.004822220425854,0.5459307107734817,not_monotonic,-0.02149243972897409,2.9383583445676313,0.18862743019043648,slope_not_significant;tau_not_significant;endpoint_rise_not_significant;impulsive_shape;not_monotonic
6185787516618067328,SCAN_SYSTEMATIC,False,-0.012732908294536372,6.577389048531447,0.1364440617085485,scan_systematic;not_monotonic,-0.0071033089320255,8.808217370359237,0.08069609701074043,endpoint_rise_not_significant;not_monotonic
6185955325287050240,NOT_RISING,False,-0.03868893169309893,4.565665897447454,0.22941701556575822,slope_not_significant;tau_not_significant;not_monotonic,-0.016746894220826307,3.5141801236257164,0.12424487383282212,slope_not_significant;tau_not_significant;endpoint_rise_not_significant;not_monotonic
6191023081751931008,NOT_RISING,False,-0.0051789299176792924,4.429376622988055,0.050559240037959086,slope_not_significant;not_monotonic,-0.001974440791811388,2.3669740791898297,0.02896451938308431,slope_not_significant;tau_not_significant;endpoint_rise_not_significant;impulsive_shape;not_monotonic
6203602250691222016,NOT_RISING,False,-0.0049091243362941114,4.862726555574366,0.06450859077372861,slope_not_significant,-0.0024944705867014994,3.591795648727283,0.033814427707490324,slope_not_significant;impulsive_shape;not_monotonic
6204835795359050752,NOT_RISING,False,-0.0013417087970669615,2.076764216646534,0.010857568355785219,slope_not_significant;tau_not_significant;endpoint_rise_not_significant;impulsive_shape;not_monotonic,-0.0013271530662473784,1.8879567895765001,0.01837361600695253,slope_not_significant;tau_not_significant;endpoint_rise_not_significant;impulsive_shape;not_monotonic
6206177581801525888,IMPULSIVE_SHAPE,False,-0.0019480888778392509,2.6179962087216238,0.02866440010884297,slope_not_significant;tau_not_significant;impulsive_shape;impulsive_strong;not_monotonic,-0.0012057515266410833,2.161002669913897,0.005155469446373573,slope_not_significant;tau_not_significant;endpoint_rise_not_significant;impulsive_shape;not_monotonic
6218444764311222784,NOT_RISING,False,-0.0033997772698560816,2.9670226059596185,0.022073711434597243,slope_not_significant;tau_not_significant;endpoint_rise_not_significant;not_monotonic,-0.00305249100319524,2.856801467793165,0.017850364549998332,slope_not_significant;tau_not_significant;endpoint_rise_not_significant;not_monotonic
6235898137020626048,NOT_RISING,False,-0.0019128613053332987,3.037359605963556,0.008004157219179575,slope_not_significant;tau_not_significant;endpoint_rise_not_significant;impulsive_shape;not_monotonic,-0.0027738638096477877,5.507006204299139,-0.004035896717894616,endpoint_rise_not_significant;not_monotonic
6236381200578851968,NOT_RISING,False,-0.0025135711354458655,3.511958223792319,0.044134819974983586,slope_not_significant;not_monotonic,-0.0009489284947271359,1.715249028841658,0.014976012434752661,slope_not_significant;tau_not_significant;endpoint_rise_not_significant;impulsive_shape;not_monotonic
6236807089535751552,IMPULSIVE_SHAPE,False,-0.0032584550880092374,3.4405275954169894,0.018539010257109467,slope_not_significant;tau_not_significant;endpoint_rise_not_significant;not_monotonic,-0.0009229071080414861,0.9833682029891414,-0.0028371673684635113,slope_not_significant;tau_not_significant;endpoint_rise_not_significant;impulsive_shape;impulsive_strong
6254080073609390336,NOT_RISING,False,-0.00031462975984724445,0.5940022163003692,-0.010669857729512344,slope_not_significant;tau_not_significant;endpoint_rise_not_significant;impulsive_shape;not_monotonic,-0.0014203558942130373,2.1931062511657045,0.019475154413621354,slope_not_significant;tau_not_significant;endpoint_rise_not_significant;impulsive_shape;not_monotonic
6259645251709711872,IMPULSIVE_SHAPE,False,-0.0025066574075959386,3.5058262101758366,0.038287701120628626,slope_not_significant;tau_not_significant;not_monotonic,-0.002517905428422341,1.9725803822729522,0.04360034385499745,slope_not_significant;tau_not_significant;endpoint_rise_not_significant;impulsive_shape;impulsive_strong
6263594628761223680,NOT_RISING,False,-0.0004946271329248596,0.7451327377716069,0.0036844317239808078,slope_not_significant;tau_not_significant;endpoint_rise_not_significant;impulsive_shape;not_monotonic,-0.0016164157889353116,1.7840614668679755,0.0456533652937825,slope_not_significant;tau_not_significant;impulsive_shape
6265161501549945088,NOT_RISING,False,-0.0018116774191934042,3.562000839802689,0.0071465001577184495,slope_not_significant;tau_not_significant;endpoint_rise_not_significant;impulsive_shape,-0.00409187154487854,4.744988008713322,0.04303776362293554,slope_not_significant;tau_not_significant;endpoint_rise_not_significant;impulsive_shape
6306174041175896064,NOT_RISING,False,-0.002302770498770937,2.7930876937900533,0.02212554702994396,slope_not_significant;endpoint_rise_not_significant;impulsive_shape;not_monotonic,-0.0030655120888219735,2.9659274205669854,0.04655538343212129,slope_not_significant;tau_not_significant;not_monotonic
6308507995124365440,NOT_RISING,False,-0.0018207006444514798,2.847188362178154,0.023654647085749048,slope_not_significant;tau_not_significant;endpoint_rise_not_significant;impulsive_shape;not_monotonic,-0.0010979747991434403,2.9319873898327873,0.00505093085706676,slope_not_significant;tau_not_significant;endpoint_rise_not_significant;not_monotonic
6320662683852098560,SCAN_SYSTEMATIC,False,-0.00481233636195233,4.909521456056577,0.01953160249403041,slope_not_significant;endpoint_rise_not_significant;impulsive_shape;not_monotonic,-0.002862492086555036,5.382427929438214,0.03284220304156449,scan_systematic
6326001392624901120,IMPULSIVE_SHAPE,False,-0.0031276940943379193,3.6136575820800227,0.022277873763684397,slope_not_significant;tau_not_significant;impulsive_shape;impulsive_strong;not_monotonic,-0.00237091406896932,2.9962172253903305,0.009681229602524155,slope_not_significant;tau_not_significant;endpoint_rise_not_significant;impulsive_shape;impulsive_strong;not_monotonic
6326401103756828416,NOT_RISING,False,-0.002576982787973818,4.636210363988446,0.027316350597770267,slope_not_significant;endpoint_rise_not_significant,-0.0022208733792909406,3.344939826505503,0.017846645889315838,slope_not_significant;tau_not_significant;endpoint_rise_not_significant;not_monotonic
6326689794278787968,SCAN_SYSTEMATIC,False,-0.012306970272929041,8.584154969817432,0.09875117945292189,scan_systematic;not_monotonic,-0.012865203720803374,7.934677081056614,0.09470174261178776,not_monotonic
6335173591639235968,NOT_RISING,False,-0.001609220933891983,2.762127775546567,0.01551541985691074,slope_not_significant;tau_not_significant;endpoint_rise_not_significant;impulsive_shape,-0.0010515829310683115,1.792281777392343,-0.009122514126339354,slope_not_significant;tau_not_significant;endpoint_rise_not_significant;impulsive_shape;not_monotonic
6350283492745097728,NOT_RISING,False,-0.011399560867640011,2.039243244423993,0.17806474717208776,slope_not_significant;tau_not_significant;impulsive_shape;not_monotonic,-0.007904576183938548,2.0484958054546074,0.2265993620273674,slope_not_significant;tau_not_significant;not_monotonic
6354336533123256832,IMPULSIVE_SHAPE,False,-0.0010998254837872035,1.8988461752894459,0.004263400999105826,slope_not_significant;tau_not_significant;endpoint_rise_not_significant;impulsive_shape;not_monotonic,-0.0016260022904655072,2.4118292329001867,0.011716858446989775,slope_not_significant;tau_not_significant;endpoint_rise_not_significant;impulsive_shape;impulsive_strong;not_monotonic
6354413395858110208,NOT_RISING,False,-0.0016715080745854896,3.9853261563622433,0.022461728596637087,slope_not_significant;not_monotonic,-0.0011560846589824033,2.2504729659077762,0.014077141960642692,slope_not_significant;tau_not_significant;endpoint_rise_not_significant;not_monotonic
6357013294181290240,NOT_RISING,False,-0.0013245135830226695,3.3591341760209144,0.010563804496131368,slope_not_significant;tau_not_significant;endpoint_rise_not_significant;not_monotonic,-0.001199380400845402,1.5328946606598957,0.014896462670026978,slope_not_significant;tau_not_significant;endpoint_rise_not_significant;impulsive_shape;not_monotonic
6357192995613035008,NOT_RISING,False,-0.004374471079906201,3.136288820179186,0.0666077861625487,slope_not_significant;tau_not_significant,-0.001140012558797825,2.9062031951053657,0.014258520696021293,slope_not_significant;tau_not_significant;endpoint_rise_not_significant;impulsive_shape;not_monotonic
6357293326048668800,NOT_RISING,False,-0.002569593343261442,2.1536352815695436,0.02982853046822953,slope_not_significant;tau_not_significant;impulsive_shape;not_monotonic,-0.004203814370826481,3.2872729106214016,0.026163537811680015,slope_not_significant;impulsive_shape;not_monotonic
6367526579551088896,IMPULSIVE_SHAPE,False,-0.0028143565802263553,1.992830343812926,0.013923009731048097,slope_not_significant;tau_not_significant;endpoint_rise_not_significant;impulsive_shape;not_monotonic,-0.0035873134766482156,3.1322236967832517,-0.005983961903545776,slope_not_significant;tau_not_significant;endpoint_rise_not_significant;impulsive_shape;impulsive_strong;not_monotonic
6371268909112212864,IGNITION_CANDIDATE,True,-0.0037218232381573567,8.106005720929122,0.027870907561210245,,-0.003528922144553712,5.668982929521362,0.0279646722418736,
6383068554366896000,NOT_RISING,False,-0.0028804607591405296,4.6406747270081965,0.021766158264162172,slope_not_significant;endpoint_rise_not_significant,-0.0029200975391732963,4.329282952503625,0.024900843703864695,slope_not_significant
6383575021206966400,NOT_RISING,False,-0.0014525496759208397,2.8967628707201443,0.011811042964074758,slope_not_significant;tau_not_significant;endpoint_rise_not_significant;impulsive_shape,-0.0011271875112297183,2.931724279396796,0.010889799096325703,slope_not_significant;tau_not_significant;endpoint_rise_not_significant;impulsive_shape
639225003481260544,NOT_RISING,False,-0.0010133066886917064,1.964439531996473,0.006184165597673541,slope_not_significant;tau_not_significant;endpoint_rise_not_significant;impulsive_shape;not_monotonic,-0.0014396254026141971,2.91949627533177,0.008641741282126247,slope_not_significant;tau_not_significant;endpoint_rise_not_significant;impulsive_shape;not_monotonic
6398439662500103936,NOT_RISING,False,-0.006230262417922739,2.602086055795494,-0.011684117198289101,slope_not_significant;tau_not_significant;endpoint_rise_not_significant;impulsive_shape;not_monotonic,-0.0008804480724962285,1.6399481925501393,-0.0025120765472790296,slope_not_significant;tau_not_significant;endpoint_rise_not_significant;impulsive_shape;not_monotonic
6398816279592436096,ONE_BAND_ONLY,False,-0.00577242296009937,9.95106533329754,0.056498847641519134,,-0.003997407739160189,5.322616304878492,0.029940409235505783,not_monotonic
6408022215574551552,ONE_BAND_ONLY,False,-0.00555251247027884,4.799789202479582,0.022279875534273685,slope_not_significant;tau_not_significant;endpoint_rise_not_significant;impulsive_shape;impulsive_strong;not_monotonic,-0.0059572194211622775,8.545933989287576,0.06100355152317327,
6417633836988108672,NOT_RISING,False,-0.001800758713213016,2.1443070252500847,0.013684884013175136,slope_not_significant;tau_not_significant;endpoint_rise_not_significant;impulsive_shape;not_monotonic,-0.0013395930783567534,2.5144747014801956,0.012064947831065709,slope_not_significant;tau_not_significant;endpoint_rise_not_significant;impulsive_shape
6426032422197449600,NOT_RISING,False,-0.0012412722649008908,3.1643553724697187,0.019703884936728144,slope_not_significant;endpoint_rise_not_significant;not_monotonic,-0.0011210275036182117,2.7937028930842445,0.013063327855959983,slope_not_significant;tau_not_significant;endpoint_rise_not_significant;impulsive_shape;not_monotonic
6432325373922275328,NOT_RISING,False,-0.00124953052193328,1.768649050813438,0.021140056640374993,slope_not_significant;tau_not_significant;endpoint_rise_not_significant;impulsive_shape,-0.001583737101140555,2.9851643621949724,0.023098035900211755,slope_not_significant;tau_not_significant;not_monotonic
6434818825772943104,ONE_BAND_ONLY,False,-0.003993523289875639,7.658903170851518,0.0403241634187399,,-0.0001628168823805884,0.21987433077888438,0.02145344488760159,slope_not_significant;tau_not_significant;endpoint_rise_not_significant;impulsive_shape
6443521529024937728,IMPULSIVE_SHAPE,False,-0.005002387193716999,1.672070324629917,0.009489769818532778,slope_not_significant;tau_not_significant;endpoint_rise_not_significant;impulsive_shape;impulsive_strong;not_monotonic,-0.0014969381368532438,2.7168884560021054,0.013306174798190185,slope_not_significant;tau_not_significant;endpoint_rise_not_significant
6443616426325982848,SCAN_SYSTEMATIC,False,-0.0030551628596166974,5.785824135687862,0.03589646071966435,scan_systematic;not_monotonic,-0.0030599426712298976,6.824063476466284,0.03905865300603928,not_monotonic
6449015268937523712,NOT_RISING,False,-0.008418099432632367,3.765690869232375,0.04528469011794911,slope_not_significant;tau_not_significant;endpoint_rise_not_significant;impulsive_shape;not_monotonic,-0.0015627853538507435,3.5802880229699774,0.01859471681361491,slope_not_significant;endpoint_rise_not_significant
6449124395465377920,NOT_RISING,False,-0.010741309283128341,2.5816650115262956,0.09725935522025697,slope_not_significant;tau_not_significant;endpoint_rise_not_significant;impulsive_shape;not_monotonic,-0.011611402363903484,2.224610456232232,0.16228322433148,slope_not_significant;tau_not_significant;impulsive_shape;not_monotonic
646002702392165376,NOT_RISING,False,-0.0013995304263045762,2.9464771223801325,0.02339584707003972,slope_not_significant;tau_not_significant;not_monotonic,-0.001635899668826741,2.2626986438150367,0.009179891004375662,slope_not_significant;tau_not_significant;endpoint_rise_not_significant;impulsive_shape
6463782435948431616,IMPULSIVE_SHAPE,False,-0.010050831818103583,2.864639813120738,0.18069932575660452,slope_not_significant;endpoint_rise_not_significant;impulsive_shape;not_monotonic,-0.0031937587868024336,3.8755083116781606,0.026989849562045976,slope_not_significant;tau_not_significant;impulsive_shape;impulsive_strong;not_monotonic
6464244780587378560,NOT_RISING,False,-0.0025209917421841832,4.408631029702399,0.02322477903145881,slope_not_significant;not_monotonic,-0.0009879507757794823,1.253218479929192,0.02553945288329551,slope_not_significant;tau_not_significant;endpoint_rise_not_significant;impulsive_shape;not_monotonic
6466984660484509312,NOT_RISING,False,-0.0013479792044083644,3.345677932500648,0.0010287317250163852,slope_not_significant;tau_not_significant;endpoint_rise_not_significant;impulsive_shape;not_monotonic,-0.001339652848936005,2.7523163260677435,0.005524150034508679,slope_not_significant;tau_not_significant;endpoint_rise_not_significant;not_monotonic
6471148992059446400,IMPULSIVE_SHAPE,False,-0.001513173886031686,2.334633430883607,0.016152534436610466,slope_not_significant;tau_not_significant;endpoint_rise_not_significant;impulsive_shape;impulsive_strong,-0.00139707204560849,2.3574804123771185,0.016839836207495296,slope_not_significant;tau_not_significant;endpoint_rise_not_significant;impulsive_shape;not_monotonic
6471607076088611072,NOT_RISING,False,-0.0014824153275495029,2.6000230139372964,0.003659684066496638,slope_not_significant;tau_not_significant;endpoint_rise_not_significant;not_monotonic,-0.0019081475294500778,1.595655671401887,0.0017491898066168687,slope_not_significant;tau_not_significant;endpoint_rise_not_significant;impulsive_shape;not_monotonic
6471650025761724416,NOT_RISING,False,-0.0018715288986017806,3.3300367388783187,0.03138536484718557,slope_not_significant;tau_not_significant;not_monotonic,-0.002056640999330485,3.479139483948475,0.03945293032493069,slope_not_significant;not_monotonic
6472047086897489920,NOT_RISING,False,-0.006257864371867389,2.080996902649958,0.05360416101653964,slope_not_significant;tau_not_significant;endpoint_rise_not_significant;impulsive_shape;not_monotonic,-0.0012138626892527586,1.8242712957282408,-0.00014864959824034685,slope_not_significant;tau_not_significant;endpoint_rise_not_significant;impulsive_shape;not_monotonic
6485829911827429760,NOT_RISING,False,-0.0018692712258080507,4.002249508138514,0.022110623866888446,slope_not_significant;tau_not_significant;not_monotonic,-0.0018402626641497513,2.679555908684684,0.031312356029634,slope_not_significant;tau_not_significant;impulsive_shape;not_monotonic
6562993294268005760,NOT_RISING,False,-0.0016117654839356147,2.8858250988561864,0.00708702132522987,slope_not_significant;tau_not_significant;endpoint_rise_not_significant;impulsive_shape,-0.00183453815260224,2.1956749690966566,-0.011470951181234312,slope_not_significant;tau_not_significant;endpoint_rise_not_significant;not_monotonic
6566801006114116096,NOT_RISING,False,-0.0017171122185521553,3.2036385349886114,0.019463936749200883,slope_not_significant;endpoint_rise_not_significant;impulsive_shape,-0.002549407182516847,3.0613939276752395,0.011672838041379308,slope_not_significant;tau_not_significant;endpoint_rise_not_significant;impulsive_shape;not_monotonic
6571446820698811904,NOT_RISING,False,-0.003179768009905529,3.7676660245163887,0.04195560226350725,slope_not_significant;tau_not_significant;not_monotonic,-0.00218675350330235,4.118982432072095,0.01988549515882987,slope_not_significant;tau_not_significant;endpoint_rise_not_significant
6613819451915809536,NOT_RISING,False,-0.003420560201776085,3.166899745926147,0.013436181072531639,slope_not_significant;tau_not_significant;endpoint_rise_not_significant;impulsive_shape;not_monotonic,-0.0036291285205637507,4.622657906483673,0.03717279434482457,slope_not_significant;not_monotonic
6617815730006011776,IMPULSIVE_SHAPE,False,-5.625441176769497e-05,0.006479462204935644,-0.011291679493410811,slope_not_significant;tau_not_significant;endpoint_rise_not_significant;impulsive_shape;impulsive_strong;not_monotonic,-0.012394146977928247,3.493624284615757,0.11003270618827532,slope_not_significant;tau_not_significant;endpoint_rise_not_significant;impulsive_shape;impulsive_strong;not_monotonic
6617868579579204864,IMPULSIVE_SHAPE,False,-0.0011988071470492249,2.3998264512803957,0.01667155958083022,slope_not_significant;tau_not_significant;endpoint_rise_not_significant;impulsive_shape;not_monotonic,-0.002125530456973445,1.5518780520100919,-0.0024397247384886356,slope_not_significant;tau_not_significant;endpoint_rise_not_significant;impulsive_shape;impulsive_strong;not_monotonic
6635006422507626880,IMPULSIVE_SHAPE,False,-0.005317794833668536,3.8933148411548526,0.027022383261515515,slope_not_significant;tau_not_significant;impulsive_shape;impulsive_strong;not_monotonic,-0.004865582599346914,3.067769125269623,0.03012935136331585,slope_not_significant;tau_not_significant;impulsive_shape;impulsive_strong;not_monotonic
6635559893473759360,IMPULSIVE_SHAPE,False,-0.0017378724138145158,2.230623561005395,0.021922506073870807,slope_not_significant;tau_not_significant;endpoint_rise_not_significant;impulsive_shape;impulsive_strong;not_monotonic,-0.0012768551170768867,2.19502120772504,0.01753436671023678,slope_not_significant;tau_not_significant;endpoint_rise_not_significant;impulsive_shape;not_monotonic
6645797407580518912,IMPULSIVE_SHAPE,False,-0.0016799171235370967,1.6705344888057168,-0.005360504100183405,slope_not_significant;tau_not_significant;endpoint_rise_not_significant;impulsive_shape;impulsive_strong;not_monotonic,-0.002127252809683113,2.7220825470076537,0.005863305423817522,slope_not_significant;tau_not_significant;endpoint_rise_not_significant;impulsive_shape;not_monotonic
6649675659969585152,NOT_RISING,False,-0.0021792362386925594,5.415249589295424,0.029057901793359875,not_monotonic,-0.0018560157440591968,4.259281149505056,0.02781436235288126,slope_not_significant;not_monotonic
6650206419147681792,IMPULSIVE_SHAPE,False,-0.004856790383169081,4.347528706189739,0.03367259423293767,slope_not_significant;impulsive_shape;impulsive_strong,-0.0033794532422739107,3.6714431442282023,0.029826826019906605,slope_not_significant;tau_not_significant;impulsive_shape;impulsive_strong;not_monotonic
6659304568627199104,NOT_RISING,False,-0.00153553540235112,2.2849468862421403,0.022034210816172184,slope_not_significant;tau_not_significant;endpoint_rise_not_significant;not_monotonic,-0.000878423146779387,1.5916270947673985,0.009258968164674641,slope_not_significant;tau_not_significant;endpoint_rise_not_significant;impulsive_shape;not_monotonic
6660353640159670784,NOT_RISING,False,-0.001969111122362952,2.5738406443025985,0.015872128157697674,slope_not_significant;endpoint_rise_not_significant;impulsive_shape,-0.0022784782413068755,3.2771440790949273,0.014345610152691535,slope_not_significant;endpoint_rise_not_significant;impulsive_shape;not_monotonic
6663660077782832256,IMPULSIVE_SHAPE,False,-0.001611606246917215,3.5345758344558735,0.016361505222068473,slope_not_significant;tau_not_significant;endpoint_rise_not_significant;impulsive_shape;not_monotonic,-0.0018112812543032934,1.5650813316576961,0.005538383837437877,slope_not_significant;tau_not_significant;endpoint_rise_not_significant;impulsive_shape;impulsive_strong;not_monotonic
6666470154624206720,SCAN_SYSTEMATIC,False,-0.004196944592560314,5.066422686781407,0.029821608108225206,scan_systematic,-0.003358003259327058,4.853011428410772,0.027062636934964246,slope_not_significant
6666685933781321088,NOT_RISING,False,-0.0014526303411165516,2.4200467723896995,0.012595382669042365,slope_not_significant;tau_not_significant;endpoint_rise_not_significant,-0.0009861965991243013,1.5822812477819406,0.017013739115203208,slope_not_significant;tau_not_significant;endpoint_rise_not_significant;impulsive_shape;not_monotonic
6678820006667314304,IMPULSIVE_SHAPE,False,-0.0013122766689544693,1.6630452060230785,0.01662917197483793,slope_not_significant;tau_not_significant;endpoint_rise_not_significant;impulsive_shape;impulsive_strong;not_monotonic,-0.00109584765241159,0.970688552741174,0.018623335885809666,slope_not_significant;tau_not_significant;endpoint_rise_not_significant;impulsive_shape
6685033621753541760,NOT_RISING,False,-0.0017610521244944576,2.7167356493883266,0.03428275586163121,slope_not_significant;tau_not_significant;impulsive_shape;not_monotonic,-0.00021003998308015415,0.35002040549828745,0.008944478931280031,slope_not_significant;tau_not_significant;endpoint_rise_not_significant;impulsive_shape;not_monotonic
6685112614792277376,NOT_RISING,False,-0.0038005552679105064,3.643937627828518,-0.010662123866743478,slope_not_significant;tau_not_significant;endpoint_rise_not_significant;impulsive_shape;not_monotonic,-0.0010691845582897382,2.443646968654414,0.014269423426721772,slope_not_significant;tau_not_significant;endpoint_rise_not_significant
6685415358447271808,IMPULSIVE_SHAPE,False,-0.001195060618330069,1.8927395430606997,0.024353683992677233,slope_not_significant;tau_not_significant;impulsive_shape;not_monotonic,-0.0020046593344384637,1.4013905975529863,0.02315693789233464,slope_not_significant;tau_not_significant;endpoint_rise_not_significant;impulsive_shape;impulsive_strong;not_monotonic
6685483047131343488,IMPULSIVE_SHAPE,False,-0.0016487605206460957,3.0154759073937094,0.02206689024486863,slope_not_significant;tau_not_significant;endpoint_rise_not_significant;not_monotonic,-0.0030214459786453395,2.247948641662605,0.031992575084160535,slope_not_significant;tau_not_significant;impulsive_shape;impulsive_strong;not_monotonic
668593848116647552,ONE_BAND_ONLY,False,-0.009030038632182838,6.907472148835397,0.059378939665348796,,-0.007130295644468598,5.666074900046397,0.03361718823540549,scan_systematic;not_monotonic
6688513129379344384,NOT_RISING,False,-0.00022950774209933023,0.3872290751195773,0.014577959993413714,slope_not_significant;tau_not_significant;endpoint_rise_not_significant;impulsive_shape;not_monotonic,-0.002312169343326943,3.8625876797424277,0.02933011481684389,slope_not_significant;tau_not_significant;endpoint_rise_not_significant;impulsive_shape;not_monotonic
668982117457244800,SCAN_SYSTEMATIC,False,-0.004339473186295267,5.278867626437398,0.031587966629428976,scan_systematic;not_monotonic,-0.004085975884725687,5.049256125170091,0.02687134717381845,scan_systematic;not_monotonic
6694656337063729024,IMPULSIVE_SHAPE,False,-0.0017810805843500393,4.06044928924895,-0.0016249781456334489,slope_not_significant;tau_not_significant;endpoint_rise_not_significant;impulsive_shape;not_monotonic,-0.0014115648547338919,2.032833811436404,0.01171306557681362,slope_not_significant;tau_not_significant;endpoint_rise_not_significant;impulsive_shape;impulsive_strong;not_monotonic
6702046944990216960,IMPULSIVE_SHAPE,False,-0.001036456266924439,0.9391567808423504,0.017399125976428564,slope_not_significant;tau_not_significant;endpoint_rise_not_significant;impulsive_shape;impulsive_strong,-0.002492360566059992,1.8806948230269922,0.03420835800889854,slope_not_significant;tau_not_significant;not_monotonic
6704967183453731072,NOT_RISING,False,-0.0010525100808490007,1.3019804467572598,0.028434244255423735,slope_not_significant;tau_not_significant;impulsive_shape;not_monotonic,-0.0021170333310695597,4.17992718495125,0.024085679932860593,slope_not_significant;tau_not_significant;endpoint_rise_not_significant;impulsive_shape;not_monotonic
671373830126136576,NOT_RISING,False,-0.003187214139658728,2.9618139055237003,0.01711343457308878,slope_not_significant;tau_not_significant;endpoint_rise_not_significant;impulsive_shape;not_monotonic,-0.0034635126031284796,4.101677517021246,0.025354947160463936,slope_not_significant;endpoint_rise_not_significant;not_monotonic
6713775302380998400,NOT_RISING,False,-0.0016236845164144876,2.76918602009075,0.02559938276008822,slope_not_significant;tau_not_significant;impulsive_shape;not_monotonic,-0.0035454292674745374,2.8269724942828396,-0.023143954666977606,slope_not_significant;tau_not_significant;endpoint_rise_not_significant;not_monotonic
6715915055089041664,NOT_RISING,False,-0.0009790529089433453,1.2600789792129028,-0.004206913168173898,slope_not_significant;tau_not_significant;endpoint_rise_not_significant;impulsive_shape;not_monotonic,-0.00255294679148558,4.155269235286716,0.020925590289030183,slope_not_significant;endpoint_rise_not_significant;impulsive_shape;not_monotonic
6716626610912251648,IMPULSIVE_SHAPE,False,-0.0013922683248052611,2.0913314240099297,0.023568138066137223,slope_not_significant;tau_not_significant;endpoint_rise_not_significant;impulsive_shape;not_monotonic,-0.001719175348839537,1.337961852049473,-0.007135377612831562,slope_not_significant;tau_not_significant;endpoint_rise_not_significant;impulsive_shape;impulsive_strong
671684132922484864,NOT_RISING,False,-0.004127026368273667,4.845941946072796,0.014734377620682082,slope_not_significant;endpoint_rise_not_significant;impulsive_shape,-0.0014151275074546742,1.7618152280323882,0.008329118254899015,slope_not_significant;tau_not_significant;endpoint_rise_not_significant;impulsive_shape;not_monotonic
6717408599896793984,NOT_RISING,False,-0.001267702758855899,2.3564896288584407,0.018109970364646344,slope_not_significant;tau_not_significant;endpoint_rise_not_significant;not_monotonic,-0.0022654107784616843,3.100355728707152,0.03396645365632267,slope_not_significant;tau_not_significant;impulsive_shape;not_monotonic
6717470417365931264,NOT_RISING,False,-0.0007759517296802645,0.7203570008826111,0.0073882912579250615,slope_not_significant;tau_not_significant;endpoint_rise_not_significant;impulsive_shape;not_monotonic,-0.0010855753664007761,1.0317538641835142,0.005036476682830582,slope_not_significant;tau_not_significant;endpoint_rise_not_significant;impulsive_shape;not_monotonic
6719333608539318144,NOT_RISING,False,-0.010607912217403826,4.591693555362272,0.0006111313475347657,slope_not_significant;tau_not_significant;endpoint_rise_not_significant;impulsive_shape;not_monotonic,-0.0015297799200564848,2.312083708487943,0.009644788565580598,slope_not_significant;tau_not_significant;endpoint_rise_not_significant;impulsive_shape;not_monotonic
671968116160432256,NOT_RISING,False,-0.001440150324181572,3.410284883225458,0.013101001151095915,slope_not_significant;tau_not_significant;endpoint_rise_not_significant;impulsive_shape,-0.002942676872619822,4.137231808234731,0.02614270947473507,slope_not_significant;tau_not_significant;endpoint_rise_not_significant;not_monotonic
6748628137355513600,NOT_RISING,False,-0.001379406017798051,2.886838566826424,0.021723083875334837,slope_not_significant;tau_not_significant;endpoint_rise_not_significant;not_monotonic,-0.0015276294243063058,2.081298481293971,0.01938958183686701,slope_not_significant;tau_not_significant;endpoint_rise_not_significant;impulsive_shape;not_monotonic
6749633743816160384,NOT_RISING,False,-0.0026592116493436447,3.3599866520404373,0.02560747725085122,slope_not_significant;tau_not_significant;endpoint_rise_not_significant;impulsive_shape;not_monotonic,-0.0020032697452142005,2.3964350396600493,0.02049541352417883,slope_not_significant;tau_not_significant;endpoint_rise_not_significant;impulsive_shape;not_monotonic
6755067873880480896,NOT_RISING,False,-0.0012182524708283377,1.7269769734541538,0.00247454281068471,slope_not_significant;tau_not_significant;endpoint_rise_not_significant;impulsive_shape;not_monotonic,-0.002106341550618406,1.4715120341785024,0.02837557509995392,slope_not_significant;tau_not_significant;impulsive_shape;not_monotonic
6764766833447831040,NOT_RISING,False,-0.002001034297423626,3.6316994165501773,0.015344247164242653,slope_not_significant;tau_not_significant;endpoint_rise_not_significant,-0.001170283314342907,1.3145164924881436,0.01825069097212939,slope_not_significant;tau_not_significant;endpoint_rise_not_significant;impulsive_shape
6764935647142832256,IMPULSIVE_SHAPE,False,-0.0025590352078929757,2.338122325557917,0.007940689629087672,slope_not_significant;tau_not_significant;endpoint_rise_not_significant;impulsive_shape,-0.002945155597051179,1.950165156264335,0.03339383250140493,slope_not_significant;tau_not_significant;endpoint_rise_not_significant;impulsive_shape;impulsive_strong;not_monotonic
6767319010393952768,NOT_RISING,False,-0.002013252592667762,1.94080667315206,0.021202846811659626,slope_not_significant;tau_not_significant;endpoint_rise_not_significant;impulsive_shape;not_monotonic,-0.00311046006465315,4.652093332510908,0.029734362216911947,slope_not_significant
6781435640180863616,IMPULSIVE_SHAPE,False,-0.0030139778363741923,0.9371033790870891,0.05823228646150724,slope_not_significant;tau_not_significant;endpoint_rise_not_significant;impulsive_shape;impulsive_strong;not_monotonic,-0.011837448843062755,6.0165278555215105,0.056934198355797605,tau_not_significant;endpoint_rise_not_significant;impulsive_shape;not_monotonic
6810035273351899648,IMPULSIVE_SHAPE,False,-0.0028636326488625727,3.6287436237546875,0.03512068983694405,slope_not_significant;impulsive_shape;not_monotonic,-0.0014794792899883408,2.8433221645310764,0.018135434820926832,slope_not_significant;tau_not_significant;endpoint_rise_not_significant;impulsive_shape;impulsive_strong;not_monotonic
6811208933294775424,IMPULSIVE_SHAPE,False,-0.0034453932810768594,2.11296374081458,0.0392625268685487,slope_not_significant;tau_not_significant;endpoint_rise_not_significant;impulsive_shape;impulsive_strong;not_monotonic,-0.0012594425709762437,3.0609685570889846,7.481067418702025e-05,slope_not_significant;tau_not_significant;endpoint_rise_not_significant;impulsive_shape;not_monotonic
6830171561799887872,NOT_RISING,False,-0.03710775279864249,3.7517443191389344,-0.17351796299844313,slope_not_significant;tau_not_significant;endpoint_rise_not_significant;impulsive_shape;not_monotonic,-0.01057870995526966,3.189053623501374,0.1487214228416276,slope_not_significant;tau_not_significant;endpoint_rise_not_significant;impulsive_shape;not_monotonic
6842508803818036352,ONE_BAND_ONLY,False,-0.007437672633404233,9.439829545508385,0.0723057285383426,,-0.005435641599143139,3.6525248505542955,0.03151393559887694,slope_not_significant;tau_not_significant;endpoint_rise_not_significant;impulsive_shape;not_monotonic
6846854657888806912,NOT_RISING,False,-0.0010479781342583611,2.507509222615024,0.012359043458690877,slope_not_significant;tau_not_significant;endpoint_rise_not_significant;not_monotonic,-0.0022064824048172865,3.744900155139585,0.008286785630284399,slope_not_significant;tau_not_significant;endpoint_rise_not_significant;not_monotonic
6847537557688237568,NOT_RISING,False,-0.021704660275509914,3.3016353089823487,0.08322749955995334,slope_not_significant;tau_not_significant;endpoint_rise_not_significant;impulsive_shape;not_monotonic,-0.0002950681499264765,0.31121770898201856,-0.010475087615314571,slope_not_significant;tau_not_significant;endpoint_rise_not_significant;impulsive_shape;not_monotonic
6848918338135305984,IMPULSIVE_SHAPE,False,-0.0036067900072518054,4.251717604177909,0.038686657451606266,slope_not_significant;impulsive_shape;impulsive_strong;not_monotonic,-0.0042950687623507944,6.027703629588868,0.03650030464964438,not_monotonic
6849229701785866240,NOT_RISING,False,-0.001758743972830372,3.94077393871877,0.022207336264299826,slope_not_significant;endpoint_rise_not_significant,-0.0007167679709887617,1.2990448393565805,-0.0032006863857354517,slope_not_significant;tau_not_significant;endpoint_rise_not_significant;impulsive_shape;not_monotonic
6849303442082267008,IMPULSIVE_SHAPE,False,-0.0059154375559703955,4.579384052071054,0.025716780447480048,slope_not_significant;tau_not_significant;impulsive_shape;impulsive_strong,-0.006483245874712891,4.773968967115093,0.035270986758838774,slope_not_significant;endpoint_rise_not_significant;not_monotonic
6850156388227841024,IMPULSIVE_SHAPE,False,-0.001612106153974481,1.8993712049134144,0.015489603593136891,slope_not_significant;tau_not_significant;endpoint_rise_not_significant;impulsive_shape,-0.0019022300479866888,2.726807151598191,0.009296465254287511,slope_not_significant;tau_not_significant;endpoint_rise_not_significant;impulsive_shape;impulsive_strong;not_monotonic
6850343717522528896,NOT_RISING,False,-0.004430911542804278,5.118354629638088,0.050784714408521836,tau_not_significant;not_monotonic,-0.0010214712681123478,1.7088602826374395,0.008973698541520747,slope_not_significant;tau_not_significant;endpoint_rise_not_significant;impulsive_shape;not_monotonic
6850894813364707584,NOT_RISING,False,-0.0016575439942201533,2.8965255284244704,0.014968629100049924,slope_not_significant;endpoint_rise_not_significant;impulsive_shape,-0.0011727891743380603,2.747042106435687,0.01035137457778923,slope_not_significant;tau_not_significant;endpoint_rise_not_significant
6851121140962946688,NOT_RISING,False,-0.0015628473633601883,1.7204346713416077,0.005133105635984236,slope_not_significant;tau_not_significant;endpoint_rise_not_significant;impulsive_shape;not_monotonic,-0.0036476411609118187,1.8629602270932033,0.02318754741815532,slope_not_significant;tau_not_significant;endpoint_rise_not_significant;impulsive_shape
6853434101109684864,NOT_RISING,False,-0.0022260827810258663,1.92150635279199,0.03136226627605865,slope_not_significant;tau_not_significant;endpoint_rise_not_significant;impulsive_shape;not_monotonic,-0.0010132389749288179,0.883044048199986,0.033741911250062984,slope_not_significant;tau_not_significant;endpoint_rise_not_significant;impulsive_shape;not_monotonic
6863810845178530176,NOT_RISING,False,-0.00390818852015628,1.6046389349185315,0.04439336118708148,slope_not_significant;tau_not_significant;endpoint_rise_not_significant;impulsive_shape;not_monotonic,-0.00216003535503586,4.331994398412456,0.030525799882822113,slope_not_significant;tau_not_significant
6864674717719206144,NOT_RISING,False,-0.0018208527720325368,4.095446203517807,0.01503809075032514,slope_not_significant;endpoint_rise_not_significant;impulsive_shape;not_monotonic,-0.0013139102421920769,2.4479028304351216,0.019406947354637438,slope_not_significant;tau_not_significant;endpoint_rise_not_significant;impulsive_shape
6892123338308517632,NOT_RISING,False,-0.0012773940794825669,3.1286212317976885,0.01617624264920714,slope_not_significant;tau_not_significant;endpoint_rise_not_significant,-0.0020118858898847034,3.0519907727860365,0.034232538025390724,slope_not_significant;tau_not_significant;impulsive_shape;not_monotonic
6894413552309651328,IMPULSIVE_SHAPE,False,-0.00313719161866962,3.532597018275495,0.04091511384558899,slope_not_significant;impulsive_shape;impulsive_strong;not_monotonic,-0.0021938472585176297,2.8951589346719326,0.03733907905763445,slope_not_significant;impulsive_shape
6895594255998955648,IMPULSIVE_SHAPE,False,-0.002880062838301633,3.654483532268248,0.02623582406690872,slope_not_significant;tau_not_significant;impulsive_shape,-0.0005018677318870991,0.5056179614460318,0.02507124106639047,slope_not_significant;tau_not_significant;endpoint_rise_not_significant;impulsive_shape;impulsive_strong
6900847756918534400,IMPULSIVE_SHAPE,False,-0.001971284921566353,3.6206012973706305,0.018509386578378084,slope_not_significant;tau_not_significant;endpoint_rise_not_significant;impulsive_shape;impulsive_strong,-0.002188563721526005,3.7274441626347756,0.009162066644622158,slope_not_significant;tau_not_significant;endpoint_rise_not_significant;impulsive_shape;not_monotonic
6902313195462952448,NOT_RISING,False,-0.001658982054981041,3.960306856733953,0.007749391626944657,slope_not_significant;endpoint_rise_not_significant;not_monotonic,-0.0018458089189505496,1.9867627944867179,-0.00726634719114827,slope_not_significant;tau_not_significant;endpoint_rise_not_significant;impulsive_shape;not_monotonic
6904723569765512448,NOT_RISING,False,-0.002516130999070632,2.9180660414630877,0.027661237676809947,slope_not_significant;tau_not_significant;not_monotonic,-0.002706691187418788,2.464646389762654,0.06438820507525023,slope_not_significant;tau_not_significant
6914237987476826624,NOT_RISING,False,-0.018567853969449787,2.9893324902414684,0.167108006413069,slope_not_significant;tau_not_significant;endpoint_rise_not_significant;impulsive_shape;not_monotonic,-0.010393374255412374,3.7143398787761672,0.13941131630493775,slope_not_significant;tau_not_significant;endpoint_rise_not_significant;impulsive_shape;not_monotonic
6915227165689394048,NOT_RISING,False,-0.0025168846818778862,2.861676852979062,0.03957066232297457,slope_not_significant;tau_not_significant;impulsive_shape;not_monotonic,-0.0015518212761979136,2.590538208422994,0.024406248786537077,slope_not_significant;tau_not_significant;not_monotonic
699558470674123520,NOT_RISING,False,-0.0013471918390670255,3.48336839351145,0.01487882282295061,slope_not_significant;tau_not_significant;endpoint_rise_not_significant;impulsive_shape,-0.0022834897576206005,3.1528954401272298,0.021426370692074315,slope_not_significant;tau_not_significant;endpoint_rise_not_significant;not_monotonic
711639423404315264,IMPULSIVE_SHAPE,False,-0.0014128694374398365,2.526788093461827,0.009913656134898474,slope_not_significant;tau_not_significant;endpoint_rise_not_significant;impulsive_shape;impulsive_strong,-0.0009577559967834585,1.8028467903736627,-0.0033715110641399093,slope_not_significant;tau_not_significant;endpoint_rise_not_significant;impulsive_shape;impulsive_strong;not_monotonic
71231280986615040,NOT_RISING,False,-0.0018174415333233884,3.622011751305654,0.030806641414175218,slope_not_significant,-0.0023295657049530677,3.9183523906502815,0.034170510920430885,slope_not_significant;not_monotonic
713121736876142720,NOT_RISING,False,-0.0027220526256145922,4.388782371212015,0.027229000779925627,slope_not_significant;tau_not_significant;impulsive_shape,-0.002334163654626494,4.326477017535707,0.021878665113064244,slope_not_significant;tau_not_significant;endpoint_rise_not_significant;not_monotonic
7324465427953664,IMPULSIVE_SHAPE,False,-0.0017742936849322551,2.2858775568820855,0.029594428424159602,slope_not_significant;tau_not_significant;impulsive_shape;impulsive_strong,-0.0010750638239657596,1.4244908497017406,0.028424698807816284,slope_not_significant;tau_not_significant;impulsive_shape;not_monotonic
742901356478249600,NOT_RISING,False,-0.0014011448619838454,3.4122100403956863,0.007727661963288668,slope_not_significant;tau_not_significant;endpoint_rise_not_significant;impulsive_shape;not_monotonic,-0.0012912248398064302,3.3091128948197936,0.0175203116783873,slope_not_significant;endpoint_rise_not_significant;impulsive_shape
745591376099859328,NOT_RISING,False,-0.0011939932011326424,3.1484123014380305,0.008659705975611942,slope_not_significant;tau_not_significant;endpoint_rise_not_significant;not_monotonic,-0.0012385281336473569,3.1613623413389473,0.006413719327373002,slope_not_significant;tau_not_significant;endpoint_rise_not_significant;impulsive_shape;not_monotonic
747117704397448704,NOT_RISING,False,-0.0030006190409871264,4.034717216774125,0.03464556951405484,slope_not_significant;not_monotonic,-0.0007702014431559059,0.9052265317137584,-0.006872753292682887,slope_not_significant;tau_not_significant;endpoint_rise_not_significant;impulsive_shape;not_monotonic
759254319903023744,NOT_RISING,False,-0.0017856076201087298,3.775533215558826,0.012048419819755907,slope_not_significant;endpoint_rise_not_significant;not_monotonic,-0.0008443407490538511,2.1995170874965964,0.015313607168575771,slope_not_significant;tau_not_significant;endpoint_rise_not_significant;impulsive_shape
761970839473652992,NOT_RISING,False,-0.005841795863081405,2.6925391816113535,0.06498640301335268,slope_not_significant;tau_not_significant;not_monotonic,-0.0009302337078409334,2.364706045527101,0.012475694596405518,slope_not_significant;tau_not_significant;endpoint_rise_not_significant;impulsive_shape;not_monotonic
762930816203745152,SCAN_SYSTEMATIC,False,-0.005128826538448638,7.5319293308284925,0.038908443698350226,scan_systematic;not_monotonic,-0.004451262675142065,5.135242595533418,0.0636081383994096,not_monotonic
765109498494100096,ONE_BAND_ONLY,False,-0.002298280106644379,5.952377776174784,0.024279532450462327,,-0.002022858831768716,3.9248574285336146,0.01776414924129277,slope_not_significant;endpoint_rise_not_significant
765237041842973184,NOT_RISING,False,-0.0023293648400384125,4.27650972107994,0.01701111880983497,slope_not_significant;tau_not_significant;endpoint_rise_not_significant;impulsive_shape;not_monotonic,-0.0016961960953557967,2.2855032410149643,0.007828624722542088,slope_not_significant;tau_not_significant;endpoint_rise_not_significant;impulsive_shape;not_monotonic
769707999719085056,ONE_BAND_ONLY,False,-0.0016444697523691665,4.377039523474979,0.012634433352687324,slope_not_significant;endpoint_rise_not_significant;impulsive_shape,-0.002296688758118353,5.923344917811948,0.026836279745525715,
779937099989595648,NOT_RISING,False,-0.0016777451913476335,2.6928254190895564,0.0197757982145621,slope_not_significant;endpoint_rise_not_significant;impulsive_shape,-0.000580238732244838,0.8733960597315754,0.001301294794147978,slope_not_significant;tau_not_significant;endpoint_rise_not_significant;impulsive_shape;not_monotonic
818355445014195456,NOT_RISING,False,-0.0015992924256843346,3.9074802475051826,0.01137187877337631,slope_not_significant;tau_not_significant;endpoint_rise_not_significant;not_monotonic,-0.0011611756522169926,1.4061034482645756,0.011665052178926771,slope_not_significant;tau_not_significant;endpoint_rise_not_significant;impulsive_shape;not_monotonic
8185314313003392,IMPULSIVE_SHAPE,False,-0.0020757686020304875,3.546332322392532,0.0080304638721298,slope_not_significant;tau_not_significant;endpoint_rise_not_significant;impulsive_shape;not_monotonic,-0.002152225028359059,2.861688873344217,0.015881269363045902,slope_not_significant;tau_not_significant;endpoint_rise_not_significant;impulsive_shape;impulsive_strong;not_monotonic
829777377964973952,NOT_RISING,False,-0.014831632662628578,2.944845786170871,0.2024762272509646,slope_not_significant;tau_not_significant;impulsive_shape,-0.005058504947595845,2.445701504918681,0.211855476800058,slope_not_significant;tau_not_significant;endpoint_rise_not_significant;not_monotonic
833940781819254912,IMPULSIVE_SHAPE,False,-0.003172523677734478,4.544375546747968,0.02480899685934901,slope_not_significant;impulsive_shape;impulsive_strong;not_monotonic,-0.0013477746343656767,1.9170599084675175,0.02310008870660063,slope_not_significant;tau_not_significant;endpoint_rise_not_significant;impulsive_shape;not_monotonic
843476605649876224,NOT_RISING,False,-0.001488798126854365,3.3681751363523804,0.016384724718742305,slope_not_significant;endpoint_rise_not_significant;impulsive_shape,-0.0005911836162474718,0.904142116079453,0.002950359197603447,slope_not_significant;tau_not_significant;endpoint_rise_not_significant;impulsive_shape;not_monotonic
847950381023806720,NOT_RISING,False,-0.001144443306571544,2.9274697323625256,0.013858413124580693,slope_not_significant;tau_not_significant;endpoint_rise_not_significant;impulsive_shape;not_monotonic,-0.001323792092409337,1.9742809397542935,-0.006410825676852028,slope_not_significant;tau_not_significant;endpoint_rise_not_significant;impulsive_shape
854769861377131520,NOT_RISING,False,-0.015797138626544978,3.0597742734187645,0.2748673952249021,slope_not_significant;tau_not_significant,-0.00967506468500636,3.9679725243976955,0.16503438461468534,slope_not_significant;tau_not_significant;not_monotonic
85547914515974912,NOT_RISING,False,-0.002211219396912935,3.5045002560118963,0.022066714904571683,slope_not_significant;tau_not_significant;impulsive_shape;not_monotonic,-0.001868051742739853,2.699701579748389,0.022930396444504453,slope_not_significant;tau_not_significant;endpoint_rise_not_significant;not_monotonic
876173813716937856,NOT_RISING,False,-0.0018365500365920117,3.7667901369578343,0.014539040033117345,slope_not_significant;endpoint_rise_not_significant;impulsive_shape;not_monotonic,-0.0017027179758880937,2.1692387021074615,0.013496064841897137,slope_not_significant;tau_not_significant;endpoint_rise_not_significant;impulsive_shape;not_monotonic
890979734218189312,IMPULSIVE_SHAPE,False,-0.015543164651454937,3.9664561815347503,0.21555203303177173,slope_not_significant;tau_not_significant,-0.013111174578448685,3.560242276700518,0.22713462560858844,slope_not_significant;tau_not_significant;impulsive_shape;impulsive_strong;not_monotonic
927603362735334272,IMPULSIVE_SHAPE,False,-0.0035588275965176205,4.465444194148527,0.005217137078155076,slope_not_significant;endpoint_rise_not_significant;impulsive_shape;not_monotonic,-0.002706123023718518,3.4431623338214177,-0.0028798296125387424,slope_not_significant;tau_not_significant;endpoint_rise_not_significant;impulsive_shape;impulsive_strong;not_monotonic
977076167596529280,IMPULSIVE_SHAPE,False,-0.0025086124377010693,2.7827650115905387,0.04470856194924444,slope_not_significant;impulsive_shape,-0.000476955066445503,0.3841276152333232,0.023655961905351575,slope_not_significant;tau_not_significant;impulsive_shape;impulsive_strong;not_monotonic
979226636245353600,NOT_RISING,False,-0.0031422428118082777,4.544318001860246,0.03902101992336782,slope_not_significant;not_monotonic,-0.0017468897766616531,1.956540921313684,0.022489370354819016,slope_not_significant;tau_not_significant;endpoint_rise_not_significant;impulsive_shape;not_monotonic
979517255208657152,NOT_RISING,False,-0.0010580954149261431,2.813852450995424,0.012775306186991742,slope_not_significant;tau_not_significant;endpoint_rise_not_significant,-0.0016412366685073041,3.788563106121582,0.018210733077337338,slope_not_significant;tau_not_significant;endpoint_rise_not_significant;not_monotonic
980407722189569408,IMPULSIVE_SHAPE,False,-0.0031050832855553934,2.8664153098587613,0.012807769111498502,slope_not_significant;tau_not_significant;endpoint_rise_not_significant;impulsive_shape;impulsive_strong,-0.0036067012779155555,2.9915919527928336,0.017606232876811845,slope_not_significant;tau_not_significant;endpoint_rise_not_significant;impulsive_shape;impulsive_strong;not_monotonic
982172060393432576,NOT_RISING,False,-0.002100520362434112,3.3119071690050914,0.00774073618714155,slope_not_significant;tau_not_significant;endpoint_rise_not_significant;impulsive_shape;not_monotonic,-0.001955905713303712,3.6522523781198304,0.0346550981120437,slope_not_significant;tau_not_significant
988316264512662016,NOT_RISING,False,-0.001776707730251294,3.0384573814714053,0.01762412878242614,slope_not_significant;tau_not_significant;endpoint_rise_not_significant;impulsive_shape,-0.001526709268256275,3.848549598731079,0.011685821121179885,slope_not_significant;endpoint_rise_not_significant
