{
  "name": "K2-3",
  "source_id": 3796690380302214272,
  "ra": 172.3353838821948,
  "dec": -1.4551471562439677,
  "gaia": {
    "parallax": 22.737380384101503,
    "phot_g_mean_mag": 11.474142074584961,
    "bp_rp": 1.841705322265625,
    "phot_variable_flag": "NOT_AVAILABLE",
    "radial_velocity": 30.240659713745117
  },
  "companion": {
    "ruwe": 1.0578644275665283,
    "astrometric_excess_noise": 0.1035245880484581,
    "astrometric_excess_noise_sig": 13.205623626708984,
    "ipd_frac_multi_peak": 0.0,
    "non_single_star": 0.0,
    "companion_flag": true,
    "reasons": [
      "astrometric_excess_noise=0.10mas (sig 13.2)"
    ]
  },
  "ir": {
    "w1mpro": NaN,
    "w2mpro": NaN,
    "w3mpro": NaN,
    "w4mpro": NaN,
    "W1_W2": NaN,
    "W1_W2_sig": NaN,
    "W1_W3": NaN,
    "W1_W3_sig": NaN,
    "W1_W4": NaN,
    "W1_W4_sig": NaN,
    "ir_excess_flag": false,
    "reasons": []
  },
  "lightcurve": {
    "lightcurve_flag": true,
    "reasons": [
      "aperiodic deep dips (score 0.72, max event depth 0.75)"
    ],
    "dip": {
      "n_epochs": 229,
      "max_depth": 0.7495361200372419,
      "n_dips": 7,
      "dip_duty_cycle": 0.03056768558951965,
      "asymmetry": 2.4594879668114347,
      "best_period_d": 0.9974866786512578,
      "period_power": 0.0595865092313671,
      "score": 0.723843000819492,
      "n_dip_events": 1,
      "out_of_dip_rms": 0.005283441473261305,
      "max_event_depth": 0.7495361200372419
    },
    "secular": {
      "n_epochs": 229,
      "baseline_yr": 6.98708708843257,
      "n_seasons": 15,
      "slope_mag_yr": -0.0027134804104886967,
      "slope_sigma": 2.7950085891184617,
      "total_change_mag": -0.018959323940840284,
      "monotonic_frac": 0.6428571428571429,
      "rms_resid_mag": 0.008554306418482528,
      "score": 0.0
    },
    "glint": {
      "n_epochs": 229,
      "max_brighten": 0.049511785841342526,
      "n_glint_epochs": 0,
      "n_glint_events": 0,
      "brighten_sigma": 3.751031417688384,
      "out_of_glint_rms": 0.015285960666380268,
      "score": 0.0
    },
    "n_epochs": {
      "r": 0,
      "g": 229
    }
  },
  "xp": {
    "xp_feature_flag": false,
    "reasons": [
      "no XP spectrum"
    ]
  },
  "verdict": {
    "any_signature_flag": true,
    "channel_flags": {
      "companion": true,
      "ir": false,
      "lightcurve": true,
      "xp": false
    },
    "verdict": "ANOMALY_FLAGGED"
  }
}