{
  "field": {
    "ra": 128.0,
    "dec": 22.0,
    "radius_deg": 1.3
  },
  "band": "r",
  "variable_only": true,
  "n_searched": 2970,
  "n_candidates": 1,
  "n_resists_mundane": 0,
  "n_secular_faders": 1,
  "n_secular_faders_raw": 9,
  "top_faders": [
    {
      "source_id": "1613206400032468",
      "ra": 127.49955865,
      "dec": 20.7947852,
      "secular_slope_mag_yr": 0.027588104907109768,
      "secular_sigma": 6.59581846652022,
      "secular_total_mag": 0.184984600683459,
      "hr_class": "main_sequence"
    }
  ],
  "selection": {
    "depth_min": 0.1,
    "n_dips_min": 3,
    "asym_min": 1.5,
    "period_power_max": 0.4
  },
  "top_candidates": [
    {
      "source_id": "1613206400009294",
      "ra": 128.2935585,
      "dec": 20.7908062,
      "score": 0.43039475195451427,
      "max_depth": 0.16107614468970854,
      "n_dips": 12,
      "n_dip_events": 1,
      "max_event_depth": 0.10161936074024847,
      "out_of_dip_rms": 0.0,
      "asymmetry": 1.705015201711557,
      "best_period_d": 0.9992874128318391,
      "period_power": 0.19636681497580766,
      "hr_class": "unknown",
      "resists_mundane": false
    }
  ],
  "occurrence_limit": {
    "k_candidates": 1,
    "n_eff": 2970.0,
    "confidence": 0.95,
    "f_upper": 0.001597260780602888,
    "f_point": 0.0003367003367003367
  }
}