group,n,ra,dec,dist_pc,vtan_kms,source_ids
1,23,148.58012823254958,31.95577554115923,52.81133884438788,34.674055245874875,"[644921092188239488, 695806833919024768, 648307961663426048, 694917638251005312, 701250481629769600, 702505745951768448, 727941293901945216, 740110521088884096, 740813109018705024, 740129350225463424, 740735868326858368, 741842767298801024, 744772141153246720, 749786562715192320, 745163842170360576, 747090839376823552, 751451124535827584, 798937554273138944, 799093375686189568, 802818555442790784, 797819831983352960, 797843574562367104, 802189050676282752]"
0,5,157.17497190462527,33.21786956747319,80.75438520770109,27.133534285377134,"[735519544647009024, 748464095040526336, 752277235725496192, 749214855324239232, 754405993316189440]"
