{
  "field": {
    "ra": 145.0,
    "dec": 32.0,
    "radius_deg": 1.2
  },
  "band": "r",
  "variable_only": true,
  "n_searched": 4006,
  "n_candidates": 2,
  "n_resists_mundane": 2,
  "n_secular_faders": 1,
  "n_secular_faders_raw": 22,
  "top_faders": [
    {
      "source_id": "1664211200008108",
      "ra": 144.7733196,
      "dec": 30.8294965,
      "secular_slope_mag_yr": 0.01132972376643464,
      "secular_sigma": 9.557416889688652,
      "secular_total_mag": 0.07643335790857395,
      "hr_class": "main_sequence"
    }
  ],
  "selection": {
    "depth_min": 0.1,
    "n_dips_min": 3,
    "asym_min": 1.5,
    "period_power_max": 0.4
  },
  "top_candidates": [
    {
      "source_id": "666201200003927",
      "ra": 144.3716404,
      "dec": 30.82011,
      "score": 0.8741102876843134,
      "max_depth": 0.3221469414146312,
      "n_dips": 48,
      "n_dip_events": 6,
      "max_event_depth": 0.3173093419494152,
      "out_of_dip_rms": 0.005163133924870433,
      "asymmetry": 2.4470632868190756,
      "best_period_d": 0.9985174238369795,
      "period_power": 0.05741369250073305,
      "hr_class": "main_sequence",
      "resists_mundane": true
    },
    {
      "source_id": "1664211200008144",
      "ra": 144.37164460000002,
      "dec": 30.8201059,
      "score": 0.6592778619364931,
      "max_depth": 0.23649689425569276,
      "n_dips": 4,
      "n_dip_events": 1,
      "max_event_depth": 0.23649689425569276,
      "out_of_dip_rms": 0.0,
      "asymmetry": 1.770358489000683,
      "best_period_d": 0.1072235846862365,
      "period_power": 0.18981215801182635,
      "hr_class": "main_sequence",
      "resists_mundane": true
    }
  ],
  "occurrence_limit": {
    "k_candidates": 2,
    "n_eff": 4006.0,
    "confidence": 0.95,
    "f_upper": 0.0015715910189395877,
    "f_point": 0.0004992511233150275
  }
}