{
  "field": {
    "ra": 162.0,
    "dec": 35.0,
    "radius_deg": 1.3
  },
  "band": "r",
  "variable_only": true,
  "n_searched": 4515,
  "n_candidates": 0,
  "n_resists_mundane": 0,
  "n_secular_faders": 2,
  "n_secular_faders_raw": 53,
  "top_faders": [
    {
      "source_id": "669211300026636",
      "ra": 163.4907247,
      "dec": 33.7534114,
      "secular_slope_mag_yr": 0.04357246942169211,
      "secular_sigma": 9.042700370865688,
      "secular_total_mag": 0.3224889388367931,
      "hr_class": "main_sequence"
    },
    {
      "source_id": "669212400004942",
      "ra": 161.9721765,
      "dec": 33.7472276,
      "secular_slope_mag_yr": 0.026090653146901416,
      "secular_sigma": 6.678212364730891,
      "secular_total_mag": 0.1928195052147591,
      "hr_class": "main_sequence"
    }
  ],
  "selection": {
    "depth_min": 0.1,
    "n_dips_min": 3,
    "asym_min": 1.5,
    "period_power_max": 0.4
  },
  "top_candidates": [],
  "occurrence_limit": {
    "k_candidates": 0,
    "n_eff": 4515.0,
    "confidence": 0.95,
    "f_upper": 0.0006635065943641173,
    "f_point": 0.0
  }
}