{
  "field": {
    "ra": 155.0,
    "dec": 18.0,
    "radius_deg": 1.3
  },
  "band": "r",
  "variable_only": true,
  "n_searched": 5600,
  "n_candidates": 1,
  "n_resists_mundane": 1,
  "n_secular_faders": 0,
  "n_secular_faders_raw": 31,
  "top_faders": [],
  "selection": {
    "depth_min": 0.1,
    "n_dips_min": 3,
    "asym_min": 1.5,
    "period_power_max": 0.4
  },
  "top_candidates": [
    {
      "source_id": "1566209100002055",
      "ra": 153.89012005,
      "dec": 16.912816300000003,
      "score": 0.5687825172484906,
      "max_depth": 0.1576701330133754,
      "n_dips": 7,
      "n_dip_events": 1,
      "max_event_depth": 0.1576701330133754,
      "out_of_dip_rms": 0.0,
      "asymmetry": 1.5421297497704272,
      "best_period_d": 0.15971080307076743,
      "period_power": 0.12599189744906406,
      "hr_class": "main_sequence",
      "resists_mundane": true
    }
  ],
  "occurrence_limit": {
    "k_candidates": 1,
    "n_eff": 5600.0,
    "confidence": 0.95,
    "f_upper": 0.0008471186639983173,
    "f_point": 0.00017857142857142857
  }
}