{
  "field": {
    "ra": 130.0,
    "dec": 40.0,
    "radius_deg": 1.3
  },
  "band": "r",
  "variable_only": true,
  "n_searched": 1604,
  "n_candidates": 0,
  "n_resists_mundane": 0,
  "n_secular_faders": 3,
  "n_secular_faders_raw": 19,
  "top_faders": [
    {
      "source_id": "1707210100000302",
      "ra": 130.6496289,
      "dec": 38.7394769,
      "secular_slope_mag_yr": 0.00402805102699005,
      "secular_sigma": 8.564921545804953,
      "secular_total_mag": 0.02695364046889832,
      "hr_class": "main_sequence"
    },
    {
      "source_id": "1707210100000483",
      "ra": 130.9944778,
      "dec": 38.7164855,
      "secular_slope_mag_yr": 0.0033008128880756622,
      "secular_sigma": 8.085500121182157,
      "secular_total_mag": 0.022087337832653795,
      "hr_class": "main_sequence"
    },
    {
      "source_id": "1707210100022232",
      "ra": 130.61028155,
      "dec": 38.750784949999996,
      "secular_slope_mag_yr": 0.003809905992493861,
      "secular_sigma": 6.4089628222665045,
      "secular_total_mag": 0.025535672170009585,
      "hr_class": "main_sequence"
    }
  ],
  "selection": {
    "depth_min": 0.1,
    "n_dips_min": 3,
    "asym_min": 1.5,
    "period_power_max": 0.4
  },
  "top_candidates": [],
  "occurrence_limit": {
    "k_candidates": 0,
    "n_eff": 1604.0,
    "confidence": 0.95,
    "f_upper": 0.0018676635121907665,
    "f_point": 0.0
  }
}