source_id,ra,dec,teff,t_dust_k,tau,anomaly_score,chi_W1,chi_W2
1931870929622075008,346.41197900885,43.56667910435,4823.15,540.5676126878129,0.023892698563638872,0.7238926985636389,1.4945839161598693,6.039428410194051
53278867446391040,59.61145708005,21.95612212653,6777.15,492.08681135225373,0.010779557885615033,0.7107795578856151,1.0920420967992932,6.012203453058396
5573617512863310208,94.7434584898,-39.70879137458,6052.34,512.2871452420701,0.009401005477119122,0.7094010054771192,0.8583902649052058,4.396361470035946
1890542971890672896,342.60121263775,32.52864872838,30927.09,512.2871452420701,0.0001351199155197564,0.7001351199155197,1.071526368478283,3.8735032648989347
