{
  "field": {
    "ra": 150.0,
    "dec": 22.0,
    "radius_deg": 1.0
  },
  "band": "r",
  "variable_only": true,
  "n_searched": 1479,
  "n_candidates": 0,
  "n_resists_mundane": 0,
  "n_secular_faders": 0,
  "n_secular_faders_raw": 7,
  "n_glints": 4,
  "top_glints": [
    {
      "source_id": "1616205300020727",
      "ra": 150.8267564,
      "dec": 21.0301944,
      "glint_max_brighten": 1.8456811690944495,
      "glint_sigma": 15.333174500356128,
      "glint_events": 1,
      "hr_class": "main_sequence"
    },
    {
      "source_id": "1616205300004282",
      "ra": 150.9605825,
      "dec": 21.0398443,
      "glint_max_brighten": 0.9883132196211717,
      "glint_sigma": 51.14974320463176,
      "glint_events": 1,
      "hr_class": "main_sequence"
    },
    {
      "source_id": "1616206400004367",
      "ra": 150.0850754,
      "dec": 21.11002725,
      "glint_max_brighten": 0.9001003589557255,
      "glint_sigma": 5.966554639989459,
      "glint_events": 1,
      "hr_class": "main_sequence"
    },
    {
      "source_id": "571216300006412",
      "ra": 148.9925729,
      "dec": 21.0916998,
      "glint_max_brighten": 0.776331102066276,
      "glint_sigma": 12.999623577547153,
      "glint_events": 2,
      "hr_class": "main_sequence"
    }
  ],
  "top_faders": [],
  "selection": {
    "depth_min": 0.1,
    "n_dips_min": 3,
    "asym_min": 1.5,
    "period_power_max": 0.4
  },
  "top_candidates": [],
  "occurrence_limit": {
    "k_candidates": 0,
    "n_eff": 1479.0,
    "confidence": 0.95,
    "f_upper": 0.0020255120172778833,
    "f_point": 0.0
  }
}