{
  "field": {
    "ra": 152.0,
    "dec": 48.0,
    "radius_deg": 1.3
  },
  "band": "r",
  "variable_only": true,
  "n_searched": 4694,
  "n_candidates": 1,
  "n_resists_mundane": 0,
  "n_secular_faders": 0,
  "n_secular_faders_raw": 32,
  "top_faders": [],
  "selection": {
    "depth_min": 0.1,
    "n_dips_min": 3,
    "asym_min": 1.5,
    "period_power_max": 0.4
  },
  "top_candidates": [
    {
      "source_id": "1750213400000730",
      "ra": 150.11403975000002,
      "dec": 46.828138550000006,
      "score": 0.4196220143119868,
      "max_depth": 0.12192931130491602,
      "n_dips": 5,
      "n_dip_events": 1,
      "max_event_depth": 0.12192931130491602,
      "out_of_dip_rms": 0.011240960305350692,
      "asymmetry": 1.5581137304262542,
      "best_period_d": 2.1388645224189666,
      "period_power": 0.24393900296226467,
      "hr_class": "unknown",
      "resists_mundane": false
    }
  ],
  "occurrence_limit": {
    "k_candidates": 1,
    "n_eff": 4694.0,
    "confidence": 0.95,
    "f_upper": 0.0010106230333171234,
    "f_point": 0.00021303792074989347
  }
}