{
  "field": {
    "ra": 160.0,
    "dec": 18.0,
    "radius_deg": 1.2
  },
  "band": "r",
  "variable_only": true,
  "n_searched": 4489,
  "n_candidates": 0,
  "n_resists_mundane": 0,
  "n_secular_faders": 2,
  "n_secular_faders_raw": 33,
  "top_faders": [
    {
      "source_id": "1567209100010294",
      "ra": 160.4006448,
      "dec": 16.9280769,
      "secular_slope_mag_yr": 0.0048951669693326144,
      "secular_sigma": 7.714977620261274,
      "secular_total_mag": 0.033158340207321,
      "hr_class": "main_sequence"
    },
    {
      "source_id": "1568212200002025",
      "ra": 160.769607,
      "dec": 16.9306375,
      "secular_slope_mag_yr": 0.014444690151014718,
      "secular_sigma": 5.422659382678409,
      "secular_total_mag": 0.09699659900280974,
      "hr_class": "main_sequence"
    }
  ],
  "selection": {
    "depth_min": 0.1,
    "n_dips_min": 3,
    "asym_min": 1.5,
    "period_power_max": 0.4
  },
  "top_candidates": [],
  "occurrence_limit": {
    "k_candidates": 0,
    "n_eff": 4489.0,
    "confidence": 0.95,
    "f_upper": 0.000667349581990196,
    "f_point": 0.0
  }
}