spkid,full_name,pdes,name,kind,class,neo,pha,H,diameter,albedo,rot_per,e,a,q,i,om,w,ma,epoch,moid,n_obs_used,data_arc,condition_code,rms,first_obs,last_obs,A1,A2,A3,DT,sigma_A1,sigma_A2,model_pars,sigma_A3,sigma_DT,a1_snr,a2_snr,a3_snr,a1_state,a2_state,a3_state,nonradial_constrained,nongrav_law,g_1au,outgassing_evidence,beta_implied,amr_implied_m2_kg,s1_a1_significant,s1_a2_zero,s1_a3_zero,s1_quality,s1_no_coma,s1_no_outgassing_evidence,screen_a1_only,screen_a1_only_strict,R,R_lo,R_hi,amr_natural_m2_kg,beta,diameter_m,diameter_source,areal_density_kg_m2,R_valid,R_reason,screen_r_flag,screen_r_strong,screen_r_extreme,screen_r_flag_conservative,screen_negative_a1,screen_albedo,albedo_significant
1000036,    1P/Halley,1P,Halley,cn,HTC,,,,11.0,0.04,,0.9679359956953212,17.92863504856923,0.5748638313743413,162.1905300439129,59.09894720612437,112.2414314637764,274.3823371366792,2439875.5,0.0745097,8518,57852.0,0.0,0.61032,1835-08-21,1994-01-11,4.887055280193952e-10,1.554720285182461e-10,,,4e-11,4.575e-15,"[""A1"", ""A2"", ""S0""]",,,12.217638200484881,33982.95705316854,,significant,significant,not_fitted,False,inverse_square,1.0,True,,,True,False,True,True,False,False,False,False,,,,,,,,,False,outgassing evidence; A1 is not an SRP coefficient,False,False,False,False,False,False,False
1000025,    2P/Encke,2P,Encke,cn,ETc,,,,4.8,0.046,11.083,0.8477496967533629,2.219688710074586,0.3379482792219925,11.41227811179314,334.1935846036774,187.1342463695676,243.1260693210057,2459847.5,0.167006,640,2546.0,1.0,0.44859,2018-11-05,2025-10-25,2.34758107815004e-10,-6.540690743894436e-13,,,6.053e-11,3.998e-12,"[""A1"", ""A2""]",,,3.878376141004527,-0.16359906813142663,,significant,consistent_zero,not_fitted,False,inverse_square,1.0,True,,,True,True,True,True,False,False,False,False,,,,,,,,,False,outgassing evidence; A1 is not an SRP coefficient,False,False,False,False,False,False,False
1000504,    3D/Biela,3D,Biela,cn,JFc,,,,,,,0.751299,3.53465808340135,0.879073,13.2164,250.669,221.6588,0.946956996395976,2390520.5,0.000518224,26,,,,,,3.9e-09,-2.54e-10,,,,,"[""A1"", ""A2""]",,,,,,not_fitted,not_fitted,not_fitted,False,inverse_square,1.0,True,,,False,True,True,False,False,False,False,False,,,,,,,,,False,outgassing evidence; A1 is not an SRP coefficient,False,False,False,False,False,False,False
1000026,    4P/Faye,4P,Faye,cn,JFc,,,,3.54,,,0.5844562720925187,3.797866978557544,1.578179802366524,8.159058773519952,194.7938478821665,205.9963017773023,234.8632735917939,2458523.5,0.589257,3565,3593.0,0.0,0.54304,2013-05-23,2023-03-25,4.029919362510169e-09,3.18949370508015e-10,-7.118916082608842e-10,-37.71083717045718,1.16e-10,6.266e-11,"[""A1"", ""A2"", ""A3"", ""DT""]",4.226e-11,2.172,34.74068415957042,5.090159120779045,-16.84551841601714,significant,significant,significant,True,inverse_square,1.0,True,,,True,False,False,True,False,False,False,False,,,,,,,,,False,outgassing evidence; A1 is not an SRP coefficient,False,False,False,False,False,False,False
1000505,    5D/Brorsen,5D,Brorsen,cn,JFc,,,,,,,0.809796,3.10112826228681,0.589847,29.3821,102.9676,14.9468,0.1743237848212893,2407440.5,0.366559,127,,,,,,1.27e-08,1.343e-09,,,,,"[""A1"", ""A2""]",,,,,,not_fitted,not_fitted,not_fitted,False,inverse_square,1.0,True,,,False,True,True,False,False,False,False,False,,,,,,,,,False,outgassing evidence; A1 is not an SRP coefficient,False,False,False,False,False,False,False
1000017,    6P/d'Arrest,6P,d'Arrest,cn,JFc,,,,3.2,,,0.6126701232429161,3.497239267521772,1.354585254479242,19.51243094515556,138.9371003258597,178.1064598500486,333.9604852803639,2459302.5,0.342594,1093,2913.0,1.0,0.63861,2014-03-10,2022-03-01,1.8322063168533317e-10,-8.47332907547578e-10,,,2.65e-10,1.186e-10,"[""A1"", ""A2""]",,,0.6913986101333327,-7.144459591463558,,consistent_zero,significant,not_fitted,False,inverse_square,1.0,True,,,False,False,True,True,False,False,False,False,,,,,,,,,False,outgassing evidence; A1 is not an SRP coefficient,False,False,False,False,False,False,False
1000069,    7P/Pons-Winnecke,7P,Pons-Winnecke,cn,JFc,,,,5.2,,,0.6375828629443808,3.419231027739371,1.239187920005045,22.33452092031365,93.41492452980958,172.5056606661706,18.31245228732157,2457170.5,0.225642,1692,38253.0,0.0,0.66919,1921-04-28,2026-01-20,6.374707332738455e-11,-5.155154385466807e-12,-1.019115556322086e-10,149.7535166829717,3.592e-13,5.043e-13,"[""A1"", ""A2"", ""A3"", ""DT""]",2.777e-12,5.504,177.46958053280775,-10.222396163923868,-36.69843558956017,significant,significant,significant,True,inverse_square,1.0,True,,,True,False,False,True,False,False,False,False,,,,,,,,,False,outgassing evidence; A1 is not an SRP coefficient,False,False,False,False,False,False,False
1000099,    8P/Tuttle,8P,Tuttle,cn,JFC,,,,4.5,,,0.8197876162331501,5.700291361749948,1.027263094466541,54.98196882510133,270.3421615706648,207.5115175085094,15.1344743300404,2454701.5,0.0952731,1768,20161.0,0.0,0.6884,1967-01-07,2022-03-20,4.2150271253688644e-10,-1.7354806984186668e-11,-4.638590130371208e-11,67.49843041665493,4.261e-11,1.531e-11,"[""A1"", ""A2"", ""A3"", ""DT""]",6.555e-11,12.83,9.892107780729557,-1.1335602210441977,-0.7076415149307717,significant,marginal,consistent_zero,True,inverse_square,1.0,True,,,True,False,True,True,False,False,False,False,,,,,,,,,False,outgassing evidence; A1 is not an SRP coefficient,False,False,False,False,False,False,False
1000093,    9P/Tempel 1,9P,Tempel,cn,JFc,,,,6.0,0.05,40.7,0.5097028326964878,3.146133758958915,1.542540469975507,10.4734281543904,68.75357468050096,179.1972753698572,336.5854438553629,2457470.5,0.529397,3283,6267.0,0.0,0.48717,2008-10-25,2025-12-22,1.8004134317676098e-11,1.179466662405115e-11,,,2.17e-11,1.173e-12,"[""A1"", ""A2""]",,,0.8296836091094976,10.055129261765687,,consistent_zero,significant,not_fitted,False,inverse_square,1.0,True,,,False,False,True,True,False,False,False,False,,,,,,,,,False,outgassing evidence; A1 is not an SRP coefficient,False,False,False,False,False,False,False
1000094,   10P/Tempel 2,10P,Tempel,cn,JFc,,,,10.6,0.022,8.93,0.537370745640941,3.06406290650452,1.417525137745437,12.02887120571768,117.8019416245626,195.5376892393899,42.58813370794872,2457572.5,0.406669,6198,8537.0,0.0,0.58091,2003-03-07,2026-07-21,2.4737965796208357e-10,8.062798206354276e-12,,,1.11e-11,2.829e-13,"[""A1"", ""A2""]",,,22.28645567225978,28.50052388248242,,significant,significant,not_fitted,False,inverse_square,1.0,True,,,True,False,True,True,False,False,False,False,,,,,,,,,False,outgassing evidence; A1 is not an SRP coefficient,False,False,False,False,False,False,False
1000066,   13P/Olbers,13P,Olbers,cn,HTC,,,,,,,0.9297099851338464,16.68192314190269,1.17257262564037,44.62481228001234,85.86269108499772,64.52834113777597,340.1860163773674,2459122.5,0.470701,2481,50377.0,0.0,0.56568,1887-08-27,2025-07-31,3.86165937731734e-09,5.90318676677432e-10,,,1.522e-10,1.253e-13,"[""A1"", ""A2""]",,,25.37226923335966,4711.242431583655,,significant,significant,not_fitted,False,inverse_square,1.0,True,,,True,False,True,True,False,False,False,False,,,,,,,,,False,outgassing evidence; A1 is not an SRP coefficient,False,False,False,False,False,False,False
1000027,   15P/Finlay,15P,Finlay,cn,JFc,,,,,,,0.7201854360264079,3.490479431490757,0.9766869801813776,6.800480403047977,13.75387475146649,347.6257499652587,46.69096226287624,2457327.5,0.00922581,1655,5058.0,0.0,0.75893,2008-04-27,2022-03-03,2.189036832282489e-09,-2.3244587659650629e-10,1.554466161887061e-09,,3.037e-11,3.27e-13,"[""A1"", ""A2"", ""A3""]",4.487e-11,,72.07892104980208,-710.8436593165329,34.64377450160599,significant,significant,significant,True,inverse_square,1.0,True,,,True,False,False,True,False,False,False,False,,,,,,,,,False,outgassing evidence; A1 is not an SRP coefficient,False,False,False,False,False,False,False
1000008,   16P/Brooks 2,16P,Brooks,cn,JFc,,,,,,,0.5689747343717468,3.374530996297229,1.454508119049787,4.30690001028072,159.3430168103752,220.1660462077172,115.7852610429186,2457551.5,0.45996,256,2826.0,1.0,0.67223,2014-05-05,2022-01-29,9.248783534570696e-09,-3.719175198503907e-09,,,1.752e-09,1.508e-09,"[""A1"", ""A2""]",,,5.278986035713868,-2.466296550732034,,significant,marginal,not_fitted,False,inverse_square,1.0,True,,,True,False,True,True,False,False,False,False,,,,,,,,,False,outgassing evidence; A1 is not an SRP coefficient,False,False,False,False,False,False,False
1000044,   17P/Holmes,17P,Holmes,cn,JFc,,,,3.42,,,0.4301548244810638,3.62612397801147,2.066329254703369,19.07035853006311,326.7738104542646,24.7385060050165,133.7855814366874,2457680.5,1.07304,2211,4401.0,0.0,0.61434,2011-01-04,2023-01-22,2.937110442467186e-09,9.770169084052139e-10,,,2.174e-10,9.23e-11,"[""A1"", ""A2""]",,,13.510167628643911,10.58523194371846,,significant,significant,not_fitted,False,inverse_square,1.0,True,,,True,False,True,True,False,False,False,False,,,,,,,,,False,outgassing evidence; A1 is not an SRP coefficient,False,False,False,False,False,False,False
1000005,   19P/Borrelly,19P,Borrelly,cn,JFc,,,,4.8,0.022,,0.6379142835777641,3.606964684326838,1.306030391834187,29.3186623395529,74.30084258786506,351.8616063839783,312.1229200779977,2459279.5,0.324161,2452,3565.0,0.0,0.63085,2014-07-29,2024-05-02,3.1360252122738103e-09,-5.874029692628189e-10,,,1.027e-10,4.89e-11,"[""A1"", ""A2""]",,,30.535785903347712,-12.012330659771347,,significant,significant,not_fitted,False,inverse_square,1.0,True,,,True,False,True,True,False,False,False,False,,,,,,,,,False,outgassing evidence; A1 is not an SRP coefficient,False,False,False,False,False,False,False
1000032,   21P/Giacobini-Zinner,21P,Giacobini-Zinner,cn,JFc,,,,2.0,,,0.7104704806622195,3.500302848566958,1.013441001282255,32.00259232473697,195.4044801966894,172.8124824274951,314.6585273385604,2458070.5,0.017758,1993,4922.0,0.0,0.51504,2011-05-01,2024-10-21,3.468081872351553e-09,-1.542452930830789e-09,-1.9515693136419502e-09,,5.407e-11,2.902e-12,"[""A1"", ""A2"", ""A3""]",3.868e-11,,64.14059316352049,-531.5137597625048,-50.45422217274949,significant,significant,significant,True,inverse_square,1.0,True,,,True,False,False,True,False,False,False,False,,,,,,,,,False,outgassing evidence; A1 is not an SRP coefficient,False,False,False,False,False,False,False
1000009,   23P/Brorsen-Metcalf,23P,Brorsen-Metcalf,cn,HTC,,,,,,,0.9719522579248508,17.0692068346223,0.4787527107248574,19.33394046981863,311.5854622141069,129.6106836788667,0.2664191525503107,2447800.5,0.193872,223,51904.0,0.0,1.2347,1847-08-01,1989-09-09,2.24654685575494e-09,-5.326929396349485e-10,,,2.147e-10,6.488e-14,"[""A1"", ""A2""]",,,10.46365559271048,-8210.433718171216,,significant,significant,not_fitted,False,inverse_square,1.0,True,,,True,False,True,True,False,False,False,False,,,,,,,,,False,outgassing evidence; A1 is not an SRP coefficient,False,False,False,False,False,False,False
1000077,   24P/Schaumasse,24P,Schaumasse,cn,JFc,,,,2.6,,,0.707909552000865,4.055720266663596,1.184637149648941,11.50232943610609,78.28793113152491,58.47910605334581,272.2048656923238,2460321.5,0.263204,3535,9387.0,0.0,0.6091,2000-10-07,2026-06-20,1.497991119794448e-09,-3.472087842024124e-10,,,3.273e-11,1.376e-13,"[""A1"", ""A2""]",,,45.7681368712022,-2523.319652633811,,significant,significant,not_fitted,False,inverse_square,1.0,True,,,True,False,True,True,False,False,False,False,,,,,,,,,False,outgassing evidence; A1 is not an SRP coefficient,False,False,False,False,False,False,False
1000016,   27P/Crommelin,27P,Crommelin,cn,HTC,,,,,,,0.9192598738413604,9.093496941663725,0.7342100902931331,29.22111461111518,250.9593527477335,195.9554453537227,241.8726970763424,2452489.5,0.228681,455,20203.0,0.0,0.83198,1956-10-03,2012-01-26,5.051930438974341e-10,-2.650786438569746e-12,,,2.666e-10,9.531e-14,"[""A1"", ""A2""]",,,1.8949476515282602,-27.812259349173704,,marginal,significant,not_fitted,False,inverse_square,1.0,True,,,False,False,True,True,False,False,False,False,,,,,,,,,False,outgassing evidence; A1 is not an SRP coefficient,False,False,False,False,False,False,False
1000015,   32P/Comas Sola,32P,Comas Sola,cn,JFc,,,,8.4,,,0.5566790266373172,4.498903012564091,1.994458062594219,9.94409070495328,57.66579139522681,53.30068633782455,194.6821886102038,2458831.5,1.02916,2867,4271.0,0.0,0.57047,2013-09-24,2025-06-04,1.1561701930454971e-08,-1.369882211437831e-09,7.382445614369103e-10,,2.366e-10,2.319e-10,"[""A1"", ""A2"", ""A3""]",2.323e-10,,48.86602675593817,-5.907210916075166,3.1779791710585896,significant,significant,significant,True,inverse_square,1.0,True,,,True,False,False,True,False,False,False,False,,,,,,,,,False,outgassing evidence; A1 is not an SRP coefficient,False,False,False,False,False,False,False
1000018,   33P/Daniel,33P,Daniel,cn,JFc,,,,2.6,,,0.4631941403965347,4.02412896319383,2.160176007242465,22.39308248751068,66.49429524360005,19.05548567355807,334.1854604731643,2457411.5,1.18608,773,8897.0,0.0,0.73568,2000-12-22,2025-05-02,5.604937970516518e-09,4.66281070608449e-10,,,7.374e-10,1.357e-11,"[""A1"", ""A2""]",,,7.600946529043285,34.36116953636323,,significant,significant,not_fitted,False,inverse_square,1.0,True,,,True,False,True,True,False,False,False,False,,,,,,,,,False,outgassing evidence; A1 is not an SRP coefficient,False,False,False,False,False,False,False
1000105,   36P/Whipple,36P,Whipple,cn,JFc,,,,4.56,,,0.2582220757080725,4.164639225990031,3.089237440479625,9.935336949932458,182.3911896355827,201.9569858036118,216.0263345583342,2454686.5,2.09516,949,26894.0,0.0,0.63877,1948-07-18,2022-03-06,5.296286751324983e-09,-5.435023969566771e-10,,,9.583e-10,3.326e-11,"[""A1"", ""A2""]",,,5.526752323202528,-16.341022157446698,,significant,significant,not_fitted,False,inverse_square,1.0,True,,,True,False,True,True,False,False,False,False,,,,,,,,,False,outgassing evidence; A1 is not an SRP coefficient,False,False,False,False,False,False,False
1000028,   37P/Forbes,37P,Forbes,cn,JFc,,,,1.92,,,0.5341888564444898,3.457805062214664,1.610684130222245,8.956078215927871,314.5778632046561,330.0246705922038,66.03864279575886,2458673.5,0.601622,1737,5080.0,0.0,0.59939,2011-02-08,2025-01-05,6.081100604114571e-09,-1.2677245276621708e-10,5.354331311674054e-10,-22.68715512480453,1.712e-10,2.086e-11,"[""A1"", ""A2"", ""A3"", ""DT""]",6.045e-11,1.157,35.52044745394025,-6.077298790326801,8.857454609882637,significant,significant,significant,True,inverse_square,1.0,True,,,True,False,False,True,False,False,False,False,,,,,,,,,False,outgassing evidence; A1 is not an SRP coefficient,False,False,False,False,False,False,False
1000101,   40P/Vaisala 1,40P,Vaisala,cn,JFc,,,,4.2,,,0.6325089761047851,4.903830980936918,1.802113868193584,11.50012944933107,134.4841617675708,47.3077175068917,251.9198743921435,2455788.5,0.830382,1268,8325.0,0.0,0.78521,2003-09-25,2026-07-11,1.438239989547843e-09,-1.2073345334469188e-10,,,1.29e-10,1.507e-12,"[""A1"", ""A2""]",,,11.149147205797233,-80.11509843708818,,significant,significant,not_fitted,False,inverse_square,1.0,True,,,True,False,True,True,False,False,False,False,,,,,,,,,False,outgassing evidence; A1 is not an SRP coefficient,False,False,False,False,False,False,False
1000100,   41P/Tuttle-Giacobini-Kresak,41P,Tuttle-Giacobini-Kresak,cn,JFc,,,,1.4,,,0.6612733030060237,3.085209301369051,1.045042756187832,9.228465743613803,141.0589723608447,62.16674348896015,0.2268016883212529,2457857.5,0.133724,4300,2498.0,3.0,0.40933,2016-11-10,2023-09-13,6.596751028860742e-09,-2.075555677867367e-10,,,5.811e-11,7.672e-11,"[""A1"", ""A2""]",,,113.52178676408091,-2.7053645436227414,,significant,marginal,not_fitted,False,inverse_square,1.0,True,,,True,False,True,True,False,False,False,False,,,,,,,,,False,outgassing evidence; A1 is not an SRP coefficient,False,False,False,False,False,False,False
1000065,   42P/Neujmin 3,42P,Neujmin,cn,JFc,,,,2.2,,,0.5856230836073971,4.858228946254294,2.013137929878139,3.98566657907849,150.3518921276295,147.1755724499905,84.4741269142084,2454120.5,0.996644,262,8087.0,0.0,0.69434,2003-03-12,2025-05-02,1.000213183917814e-08,8.860390214999805e-10,,,1.22e-09,2.753e-11,"[""A1"", ""A2""]",,,8.198468720637822,32.18449042862261,,significant,significant,not_fitted,False,inverse_square,1.0,True,,,True,False,True,True,False,False,False,False,,,,,,,,,False,outgassing evidence; A1 is not an SRP coefficient,False,False,False,False,False,False,False
1000111,   43P/Wolf-Harrington,43P,Wolf-Harrington,cn,JFc,,,,3.6,,,0.438593541737691,4.307221488639104,2.41810196088819,9.390117188209087,244.4139994640519,224.0529405148363,158.4291351508512,2459065.5,1.44666,3619,6222.0,0.0,0.73362,2009-05-24,2026-06-06,4.19676439830529e-09,1.33358075861182e-10,,,4.44e-11,1.974e-12,"[""A1"", ""A2""]",,,94.52172068255157,67.55728260444884,,significant,significant,not_fitted,False,inverse_square,1.0,True,,,True,False,True,True,False,False,False,False,,,,,,,,,False,outgassing evidence; A1 is not an SRP coefficient,False,False,False,False,False,False,False
1000045,   45P/Honda-Mrkos-Pajdusakova,45P,Honda-Mrkos-Pajdusakova,cn,JFc,,,,1.6,,,0.8239960779465374,3.026353875026082,0.532650151526285,4.248170541497252,88.93460245064746,326.3441984051743,42.25582356030202,2457979.5,0.0603555,1823,2067.0,1.0,0.64613,2016-11-05,2022-07-04,5.430524989806315e-09,1.803847893505592e-10,,-25.8394082782621,7.585e-10,1.154e-10,"[""A1"", ""A2"", ""DT""]",,4.863,7.159558325387363,1.563126424181622,,significant,marginal,not_fitted,False,inverse_square,1.0,True,,,True,False,True,True,False,False,False,False,,,,,,,,,False,outgassing evidence; A1 is not an SRP coefficient,False,False,False,False,False,False,False
1000109,   46P/Wirtanen,46P,Wirtanen,cn,JFc,,,,1.2,,,0.6587550054889648,3.092661874753647,1.055355384474796,11.7475487582537,82.15763392494087,356.341071857073,0.01247351001231614,2458465.5,0.071335,4224,3693.0,2.0,0.44968,2013-10-30,2023-12-10,4.096574451232726e-09,-1.2468981876487241e-09,6.905971929654712e-10,-14.14793441438829,4.624e-11,3.526e-11,"[""A1"", ""A2"", ""A3"", ""DT""]",2.636e-11,1.643,88.59373813219563,-35.36296618402507,26.198679551042154,significant,significant,significant,True,inverse_square,1.0,True,,,True,False,False,True,False,False,False,False,,,,,,,,,False,outgassing evidence; A1 is not an SRP coefficient,False,False,False,False,False,False,False
1000003,   47P/Ashbrook-Jackson,47P,Ashbrook-Jackson,cn,JFc,,,,5.6,,15.6,0.3185313788274142,4.123476982272926,2.810020173546426,13.04059618026604,356.9207407773484,357.6583346409781,191.9528987403752,2459547.5,1.805,2384,4309.0,0.0,0.6736,2014-04-05,2026-01-21,1.294498092845711e-07,5.5059253021919374e-08,,,8.236e-09,4.436e-09,"[""A1"", ""A2""]",,,15.717558193852732,12.411914567610319,,significant,significant,not_fitted,False,inverse_square,1.0,True,,,True,False,True,True,False,False,False,False,,,,,,,,,False,outgassing evidence; A1 is not an SRP coefficient,False,False,False,False,False,False,False
1000049,   48P/Johnson,48P,Johnson,cn,JFc,,,,5.74,,,0.4270873395277021,3.498855465885151,2.004538593568303,12.20703241174718,110.130728698861,216.5745255384043,33.39788345141388,2458564.5,1.00781,2212,5700.0,0.0,0.69946,2010-07-09,2026-02-15,8.060744765791191e-09,6.265662048396297e-10,3.637131717976669e-10,-77.20733247311709,2.133e-10,3.92e-11,"[""A1"", ""A2"", ""A3"", ""DT""]",1.158e-10,3.762,37.79064587806466,15.983831756113004,3.140873677009213,significant,significant,significant,True,inverse_square,1.0,True,,,True,False,False,True,False,False,False,False,,,,,,,,,False,outgassing evidence; A1 is not an SRP coefficient,False,False,False,False,False,False,False
1000001,   50P/Arend,50P,Arend,cn,JFc,,,,1.9,,,0.5306381315609126,4.087100444595526,1.918329101173581,19.15563907078382,355.3105528598367,49.03972753665283,159.3842733394111,2455743.5,0.976448,1874,9404.0,0.0,0.69176,1999-08-03,2025-05-02,1.044407740484267e-09,2.9717032832611327e-10,,-204.1678327648006,1.648e-10,1.935e-11,"[""A1"", ""A2"", ""DT""]",,48.17,6.33742560973463,15.35763970677588,,significant,significant,not_fitted,False,inverse_square,1.0,True,,,True,False,True,True,False,False,False,False,,,,,,,,,False,outgassing evidence; A1 is not an SRP coefficient,False,False,False,False,False,False,False
1000038,   51P/Harrington,51P,Harrington,cn,JFc,,,,4.8,,,0.5420451652003949,3.710216905850907,1.699111770189654,5.423651904070583,83.71771047129802,269.1635641515291,93.58618630108592,2457925.5,0.703441,99,2701.0,2.0,0.85207,2015-05-25,2022-10-16,3.045762700115345e-07,-8.73900903298596e-08,-2.088313158918197e-08,,1.042e-08,3.661e-09,"[""A1"", ""A2"", ""A3""]",2.112e-09,,29.229968331241313,-23.87055185191467,-9.887846396392979,significant,significant,significant,True,inverse_square,1.0,True,,,True,False,False,True,False,False,False,False,,,,,,,,,False,outgassing evidence; A1 is not an SRP coefficient,False,False,False,False,False,False,False
1000363,   51P/Harrington-A,51P-A,Harrington,cn,JFc,,,,4.8,,,0.5620663599153678,3.580672324457032,1.568096864999769,8.654956945930117,119.1877795469232,233.587839407905,303.4588923007622,2451677.5,0.5817,246,7593.0,2.0,0.85978,1994-09-10,2015-06-25,2.6254565523424294e-08,3.101463228773831e-09,,,1.988e-09,1.045e-10,"[""A1"", ""A2""]",,,13.206521893070569,29.679073959558192,,significant,significant,not_fitted,False,inverse_square,1.0,True,,,True,False,True,True,False,False,False,False,,,,,,,,,False,outgassing evidence; A1 is not an SRP coefficient,False,False,False,False,False,False,False
1000039,   52P/Harrington-Abell,52P,Harrington-Abell,cn,JFc,,,,2.6,,,0.540048863643431,3.859222154814254,1.775053615559263,10.23176237340895,336.8356805332962,139.6607051308085,111.1064688719497,2457578.5,0.803619,1164,3159.0,0.0,0.55692,2013-10-01,2022-05-26,-4.804051500131623e-09,-7.654172418034087e-11,,,3.648e-10,3.743e-10,"[""A1"", ""A2""]",,,-13.16900082272923,-0.20449298471905122,,significant,consistent_zero,not_fitted,False,inverse_square,1.0,True,,,False,True,True,True,False,False,False,False,,,,,,,,,False,outgassing evidence; A1 is not an SRP coefficient,False,False,False,False,True,False,False
1000102,   53P/Van Biesbroeck,53P,Van Biesbroeck,cn,JFc,,,,6.66,,,0.5510377388924215,5.404673552862248,2.426494458841365,6.611054381719058,148.8987884893298,134.2615875332419,226.1122315620693,2455802.5,1.41526,2926,9125.0,0.0,0.62776,2001-02-20,2026-02-14,-2.403111007459342e-09,-1.310558133808455e-10,2.8961030997590304e-09,-85.70234367499891,4.577e-10,1.383e-10,"[""A1"", ""A2"", ""A3"", ""DT""]",5.18e-10,22.05,-5.250406396022159,-0.9476197641420498,5.590932625017434,significant,consistent_zero,significant,True,inverse_square,1.0,True,,,False,True,False,True,False,False,False,False,,,,,,,,,False,outgassing evidence; A1 is not an SRP coefficient,False,False,False,False,True,False,False
1000095,   55P/Tempel-Tuttle,55P,Tempel-Tuttle,cn,HTC,,,,3.6,0.06,,0.905552720972412,10.3383382297577,0.976427915467506,162.486575379434,235.270989149082,172.5002736828059,4.97833968468816,2451040.5,0.00848081,392,48407.0,,0.72806,1865-12-22,1998-07-05,1.5809814806403381e-09,9.186415654543854e-11,,,3.486e-10,1.974e-13,"[""A1"", ""A2""]",,,4.535230868159317,465.3706005341365,,significant,significant,not_fitted,False,inverse_square,1.0,True,,,True,False,True,False,False,False,False,False,,,,,,,,,False,outgassing evidence; A1 is not an SRP coefficient,False,False,False,False,False,False,False
1000087,   56P/Slaughter-Burnham,56P,Slaughter-Burnham,cn,JFc,,,,3.12,,,0.5072970112036211,5.08596642348536,2.505870857769266,8.147198340282092,346.037613920107,44.21746328766183,267.9621196463077,2456516.5,1.51841,1986,4940.0,0.0,0.60349,2004-07-15,2018-01-23,-3.7910107016153075e-08,1.99728018213712e-08,,,2.139e-09,1.681e-09,"[""A1"", ""A2""]",,,-17.72328518754234,11.881500191178583,,significant,significant,not_fitted,False,inverse_square,1.0,True,,,False,False,True,True,False,False,False,False,,,,,,,,,False,outgassing evidence; A1 is not an SRP coefficient,False,False,False,False,True,False,False
1000023,   57P/duToit-Neujmin-Delporte,57P,duToit-Neujmin-Delporte,cn,JFc,,,,,,,0.4998154694580801,3.449980862970434,1.725627058323474,2.848605221168238,188.8086031558214,115.1317783892422,156.1894302845233,2458180.5,0.714164,1389,5426.0,0.0,0.67411,2008-04-02,2023-02-09,1.217493595988294e-08,-5.627361846477444e-11,-6.142100221463437e-10,,1.222e-10,4.826e-12,"[""A1"", ""A2"", ""A3""]",5.557e-11,,99.63122716761816,-11.660509420798682,-11.05290664290703,significant,significant,significant,True,inverse_square,1.0,True,,,True,False,False,True,False,False,False,False,,,,,,,,,False,outgassing evidence; A1 is not an SRP coefficient,False,False,False,False,False,False,False
1000397,   57P/duToit-Neujmin-Delporte-A,57P-A,duToit-Neujmin-Delporte,cn,JFc,,,,,,,0.499040120360139,3.45215357827758,1.72939044107225,2.84481020036925,188.9256753142995,115.2325343233014,23.64084019027458,2452640.5,0.714736,533,4946.0,1.0,0.70651,1989-05-22,2002-12-06,1.8501733926467912e-08,-1.607216552946147e-10,-7.457258926508415e-10,,7.064e-10,1.652e-11,"[""A1"", ""A2"", ""A3""]",1.647e-10,,26.19158256861256,-9.728913758753915,-4.527783197637167,significant,significant,significant,True,inverse_square,1.0,True,,,True,False,False,True,False,False,False,False,,,,,,,,,False,outgassing evidence; A1 is not an SRP coefficient,False,False,False,False,False,False,False
1000048,   58P/Jackson-Neujmin,58P,Jackson-Neujmin,cn,JFc,,,,,,,0.6605032757423075,4.090458371153908,1.388697217719208,13.45736366017694,160.6146449053704,200.4360685931564,357.7397561943111,2452996.5,0.391736,378,9317.0,3.0,0.88238,1995-05-22,2020-11-23,8.94294749561342e-09,-3.6289601625930575e-10,-3.8149958748183525e-09,-10.78211821395645,2.195e-10,4.769e-11,"[""A1"", ""A2"", ""A3"", ""ALN"", ""DT"", ""NK"", ""NM"", ""NN"", ""R0""]",1.112e-10,,40.742357610995086,-7.609478218899261,-34.30751685987727,significant,significant,significant,True,marsden_g,1.0000000023534097,True,,,True,False,False,True,False,False,False,False,,,,,,,,,False,outgassing evidence; A1 is not an SRP coefficient,False,False,False,False,False,False,False
1000082,   61P/Shajn-Schaldach,61P,Shajn-Schaldach,cn,JFc,,,,2.4,,,0.424204833511263,3.692046243238321,2.125862381309525,6.000524921292224,162.9685064253208,221.6569738125677,356.6912766797178,2459852.5,1.13336,895,2569.0,3.0,0.49057,2017-01-27,2024-02-09,-1.85183084012772e-08,1.6673495455556562e-08,-2.946292861621085e-09,,2.849e-09,1.188e-09,"[""A1"", ""A2"", ""A3""]",1.872e-09,,-6.499932748781046,14.034928834643571,-1.5738743918916052,significant,significant,marginal,True,inverse_square,1.0,True,,,False,False,False,True,False,False,False,False,,,,,,,,,False,outgassing evidence; A1 is not an SRP coefficient,False,False,False,False,True,False,False
1000097,   62P/Tsuchinshan 1,62P,Tsuchinshan,cn,JFc,,,,,,,0.5974757354147128,3.437817028091282,1.383804771011221,9.707774690729805,90.24451950426798,30.34869260352236,357.0435185623726,2458054.5,0.411097,3392,7200.0,0.0,0.70606,2004-09-14,2024-06-01,6.295977213822686e-09,-4.6443325443311115e-10,-9.519577392802395e-10,,2.411e-11,1.288e-12,"[""A1"", ""A2"", ""A3""]",2.265e-11,,261.1355128089044,-360.5848248704279,-42.02903926182073,significant,significant,significant,True,inverse_square,1.0,True,,,True,False,False,True,False,False,False,False,,,,,,,,,False,outgassing evidence; A1 is not an SRP coefficient,False,False,False,False,False,False,False
1000106,   63P/Wild 1,63P,Wild,cn,JFc,,,,2.9,,,0.651031958340311,5.595702566660936,1.952721366397762,19.78486758185232,357.9701773415466,169.1406457391811,87.25979354521428,2457565.5,0.963224,2765,24165.0,0.0,0.56375,1960-04-21,2026-06-19,2.1721358868587303e-09,-1.102104578816678e-09,,,3.814e-10,1.306e-12,"[""A1"", ""A2""]",,,5.695164884265155,-843.8779317126172,,significant,significant,not_fitted,False,inverse_square,1.0,True,,,True,False,True,True,False,False,False,False,,,,,,,,,False,outgassing evidence; A1 is not an SRP coefficient,False,False,False,False,False,False,False
1000035,   65P/Gunn,65P,Gunn,cn,JFc,,,,10.8,,,0.2498130479137048,3.884409938340382,2.914033652297285,9.182675618890896,62.02054896706026,213.8113892118183,133.5282943124276,2459081.5,1.90294,3136,4539.0,0.0,0.56345,2014-02-04,2026-07-10,-2.978738580021734e-08,8.005293043711388e-10,4.51405264632493e-08,551.9887765076237,2.327e-09,3.994e-10,"[""A1"", ""A2"", ""A3"", ""DT""]",2.205e-09,17.04,-12.800767425963619,2.004329755561189,20.471894087641406,significant,marginal,significant,True,inverse_square,1.0,True,,,False,False,False,True,False,False,False,False,,,,,,,,,False,outgassing evidence; A1 is not an SRP coefficient,False,False,False,False,True,False,False
1000021,   66P/du Toit,66P,du Toit,cn,JFc,,,,,,,0.7865681713017859,6.022772962563499,1.285451447234088,18.6689713312349,21.99985095509755,257.342734110419,273.4820324828293,2456961.5,0.438277,547,16304.0,0.0,0.70648,1974-03-22,2018-11-10,7.681995007508508e-10,-8.894690955671997e-11,,,1.67e-10,6.203e-13,"[""A1"", ""A2""]",,,4.599997010484136,-143.39337345916488,,significant,significant,not_fitted,False,inverse_square,1.0,True,,,True,False,True,True,False,False,False,False,,,,,,,,,False,outgassing evidence; A1 is not an SRP coefficient,False,False,False,False,False,False,False
1000012,   67P/Churyumov-Gerasimenko,67P,Churyumov-Gerasimenko,cn,JFc,,,,3.4,,12.76129,0.6409081306555051,3.462249489765068,1.243265641416762,7.040294906760007,50.13557380441372,12.79824973415729,8.859927418758764,2457305.5,0.256932,8608,5442.0,0.0,0.55105,2008-06-01,2023-04-26,1.042451026100725e-09,-6.739627582388806e-11,2.960945433454094e-10,45.68888251286532,1.321e-11,2.918e-12,"[""A1"", ""A2"", ""A3"", ""DT""]",1.148e-11,1.18,78.91377941716314,-23.09673606027692,25.792207608485135,significant,significant,significant,True,inverse_square,1.0,True,,,True,False,False,True,False,False,False,False,,,,,,,,,False,outgassing evidence; A1 is not an SRP coefficient,False,False,False,False,False,False,False
1000053,   70P/Kojima,70P,Kojima,cn,JFc,,,,3.0,,,0.4539128537842526,3.674442997880484,2.006566090644989,6.600118680921454,119.2701412323078,1.953402440075936,28.73263225892817,2457156.5,1.02206,2097,19938.0,0.0,0.54652,1970-12-27,2025-07-29,2.507346742048711e-10,-7.495436708696167e-11,,,4.003e-11,9.362e-13,"[""A1"", ""A2""]",,,6.263669103294307,-80.06234467737842,,significant,significant,not_fitted,False,inverse_square,1.0,True,,,True,False,True,True,False,False,False,False,,,,,,,,,False,outgassing evidence; A1 is not an SRP coefficient,False,False,False,False,False,False,False
1000014,   71P/Clark,71P,Clark,cn,JFc,,,,1.36,,,0.494503425961493,3.13884737411695,1.586676594045882,9.444490588438237,59.44353715114411,208.9696562432719,124.1764920998802,2458635.5,0.578653,1360,2842.0,1.0,0.66638,2016-03-04,2023-12-15,2.2968729188176993e-08,-2.53524175150746e-10,1.5697977778839071e-09,28.60334976968827,1.598e-10,8.093e-11,"[""A1"", ""A2"", ""A3"", ""DT""]",5.228e-11,0.4989,143.73422520761574,-3.1326353039756087,30.02673637880465,significant,significant,significant,True,inverse_square,1.0,True,,,True,False,False,True,False,False,False,False,,,,,,,,,False,outgassing evidence; A1 is not an SRP coefficient,False,False,False,False,False,False,False
1000394,   73P/Schwassmann-Wachmann 3,73P,Schwassmann-Wachmann,cn,JFc,,,,,,,0.6856593974322519,3.093156656290727,0.972304727174868,11.23238955855183,69.64422995345592,199.4507127665676,235.0624519183262,2459127.5,0.0133593,515,2740.0,0.0,0.47329,2016-02-13,2023-08-15,4.8397797743598444e-09,6.865981380065398e-10,,,1.506e-10,4.522e-11,"[""A1"", ""A2""]",,,32.13665188817958,15.18350592672578,,significant,significant,not_fitted,False,inverse_square,1.0,True,,,True,False,True,True,False,False,False,False,,,,,,,,,False,outgassing evidence; A1 is not an SRP coefficient,False,False,False,False,False,False,False
1000320,   73P/Schwassmann-Wachmann 3-B,73P-B,Schwassmann-Wachmann,cn,JFc,,,,,,,0.6932855208263886,3.0618412252795815,0.939111036723919,11.39695194703386,69.89247679701043,198.7994525904428,357.4384229893136,2453880.5,0.0407102,1484,3806.0,2.0,0.91193,1995-12-23,2006-05-25,1.49431967818014e-08,1.961498904699281e-09,,,1.25e-10,1.549e-12,"[""A1"", ""A2""]",,,119.5455742544112,1266.3001321493098,,significant,significant,not_fitted,False,inverse_square,1.0,True,,,True,False,True,True,False,False,False,False,,,,,,,,,False,outgassing evidence; A1 is not an SRP coefficient,False,False,False,False,False,False,False
1000081,   73P/Schwassmann-Wachmann 3-C,73P-C,Schwassmann-Wachmann,cn,JFc,,,,,,,0.6922258013072282,3.063468722115394,0.9428566311694347,11.37915705677313,69.84321690348189,198.8705914205202,23.73073531906494,2455980.5,0.0383732,3223,5853.0,0.0,0.85683,1995-12-15,2011-12-24,6.5446317663541185e-09,4.832373496932443e-10,,-12.17581160807467,3.712e-11,1.635e-11,"[""A1"", ""A2"", ""DT""]",,0.3937,176.31012301600535,29.55580120447977,,significant,significant,not_fitted,False,inverse_square,1.0,True,,,True,False,True,True,False,False,False,False,,,,,,,,,False,outgassing evidence; A1 is not an SRP coefficient,False,False,False,False,False,False,False
1000324,   73P/Schwassmann-Wachmann 3-E,73P-E,Schwassmann-Wachmann,cn,JFc,,,,,,,0.6938774627627,3.06229329930756,0.937436994548815,11.4056211759106,69.91710448172594,198.7732444491985,356.7899338999595,2451920.5,0.0410327,129,4021.0,0.0,1.2335,1989-12-09,2000-12-12,1.723191563169948e-08,5.810952472839584e-09,,,2.859e-10,1.005e-12,"[""A1"", ""A2""]",,,60.27252756802896,5782.042261531924,,significant,significant,not_fitted,False,inverse_square,1.0,True,,,True,False,True,True,False,False,False,False,,,,,,,,,False,outgassing evidence; A1 is not an SRP coefficient,False,False,False,False,False,False,False
1003506,   73P/Schwassmann-Wachmann 3-BT,73P-BT,Schwassmann-Wachmann,cn,JFc,,,,,,,0.6856345051905101,3.091868459663292,0.9719767582079062,11.23833447259341,69.65683849488195,199.3494423523701,358.5821923232828,2457821.5,0.0142524,353,250.0,6.0,0.90558,2017-02-10,2017-10-18,-1.058923755691598e-07,3.1133488449942375e-08,,,1.041e-08,2.136e-09,"[""A1"", ""A2""]",,,-10.17217824871852,14.57560320690186,,significant,significant,not_fitted,False,inverse_square,1.0,True,,,False,False,True,False,False,False,False,False,,,,,,,,,False,outgassing evidence; A1 is not an SRP coefficient,False,False,False,False,True,False,False
1000088,   74P/Smirnova-Chernykh,74P,Smirnova-Chernykh,cn,ETc,,,,4.46,,,0.1478530062466036,4.165067320959585,3.549249596336223,6.651003766008631,77.08379981098194,86.55885877455448,148.7886154882709,2456322.5,2.56658,6028,10447.0,0.0,0.65716,1997-07-14,2026-02-19,1.801769873565751e-07,-9.257946479218349e-08,,,1.381e-08,1.635e-09,"[""A1"", ""A2""]",,,13.04684919309016,-56.62352586677889,,significant,significant,not_fitted,False,inverse_square,1.0,True,,,True,False,True,True,False,False,False,False,,,,,,,,,False,outgassing evidence; A1 is not an SRP coefficient,False,False,False,False,False,False,False
1000052,   75D/Kohoutek,75D,Kohoutek,cn,JFc,,,,4.6,,,0.496307395647225,3.54314699923032,1.78465693964704,5.90720925939778,269.6860945460317,175.8017246617871,358.0938421757012,2449520.5,0.800786,81,4784.0,,1.4735,1975-02-09,1988-03-16,3.982196062371616e-08,8.704448179457784e-09,,,4.492e-10,1.563e-11,"[""A1"", ""A2""]",,,88.650847336857,556.9064734138058,,significant,significant,not_fitted,False,inverse_square,1.0,True,,,True,False,True,False,False,False,False,False,,,,,,,,,False,outgassing evidence; A1 is not an SRP coefficient,False,False,False,False,False,False,False
1000104,   76P/West-Kohoutek-Ikemura,76P,West-Kohoutek-Ikemura,cn,JFc,,,,0.66,,,0.5388984430266898,3.470391115154215,1.600202746503951,30.48308281789699,84.12422026077537,0.0712962625842761,335.4883113666506,2456259.5,0.616115,963,7191.0,0.0,0.82853,2006-08-25,2026-05-03,7.659731181251525e-10,-9.156353430431308e-11,,,9.315e-11,2.144e-12,"[""A1"", ""A2""]",,,8.223007172572759,-42.70687234342961,,significant,significant,not_fitted,False,inverse_square,1.0,True,,,True,False,True,True,False,False,False,False,,,,,,,,,False,outgassing evidence; A1 is not an SRP coefficient,False,False,False,False,False,False,False
1000059,   77P/Longmore,77P,Longmore,cn,JFc,,,,8.2,,,0.3541674489049376,3.612859804945568,2.333302464576806,24.34017100840235,14.88690309790401,196.9461725220432,240.9540126841005,2456693.5,1.33855,2629,18332.0,0.0,0.79591,1975-08-11,2025-10-19,9.725493859733362e-10,-4.864141627602729e-10,7.13895749419696e-10,,1.227e-10,2.254e-12,"[""A1"", ""A2"", ""A3""]",1.579e-10,,7.926237864493367,-215.8004271341051,4.521189040023407,significant,significant,significant,True,inverse_square,1.0,True,,,True,False,False,True,False,False,False,False,,,,,,,,,False,outgassing evidence; A1 is not an SRP coefficient,False,False,False,False,False,False,False
1000030,   78P/Gehrels 2,78P,Gehrels,cn,JFc,,,,,,,0.4611784110024278,3.737499617178204,2.013845482605778,6.250290479089117,210.5588694618118,192.7332944278901,201.3296818206431,2457413.5,1.02353,6071,5545.0,0.0,0.61108,2011-05-03,2026-07-08,-1.065295751132996e-09,-9.940943387569979e-10,,,1.557e-10,3.539e-12,"[""A1"", ""A2""]",,,-6.841976564759127,-280.8969592418756,,significant,significant,not_fitted,False,inverse_square,1.0,True,,,False,False,True,True,False,False,False,False,,,,,,,,,False,outgassing evidence; A1 is not an SRP coefficient,False,False,False,False,True,False,False
1000022,   79P/du Toit-Hartley,79P,du Toit-Hartley,cn,JFc,,,,2.8,,,0.5940852746390944,3.031434980645364,1.230504097618105,2.893178304077592,307.8386464761982,253.2696876465822,318.2806934153706,2454391.5,0.234063,215,9595.0,1.0,0.88891,1986-12-27,2013-04-04,-3.9744850261119686e-10,-6.695164575829398e-13,,,1.985e-10,1.142e-12,"[""A1"", ""A2""]",,,-2.0022594589984726,-0.5862666003353239,,marginal,consistent_zero,not_fitted,False,inverse_square,1.0,True,,,False,True,True,True,False,False,False,False,,,,,,,,,False,outgassing evidence; A1 is not an SRP coefficient,False,False,False,False,False,False,False
1000067,   80P/Peters-Hartley,80P,Peters-Hartley,cn,JFc,,,,,,,0.599409504610033,4.023467312430257,1.611762763871776,29.93110501293428,259.8443512551739,339.1656041649692,108.0458307441825,2457856.5,0.618749,179,15016.0,0.0,0.831,1982-07-11,2023-08-21,9.974592073385072e-09,-7.900033013474037e-10,-5.467870249462449e-10,,1.894e-10,1.842e-12,"[""A1"", ""A2"", ""A3""]",7.886e-11,,52.66416089432456,-428.88344264245586,-6.933642213368563,significant,significant,significant,True,inverse_square,1.0,True,,,True,False,False,True,False,False,False,False,,,,,,,,,False,outgassing evidence; A1 is not an SRP coefficient,False,False,False,False,False,False,False
1000107,   81P/Wild 2,81P,Wild,cn,JFc,,,,4.0,,,0.5373989073846863,3.449745576963111,1.595856073147981,3.237004173608168,136.1102208500619,41.72523085114398,187.5966814232084,2458808.5,0.601515,2795,3613.0,0.0,0.58722,2014-10-17,2024-09-07,2.756872987168991e-09,3.0703328089597237e-10,-1.044902559601286e-09,-127.4855221524886,8.513e-11,2.485e-11,"[""A1"", ""A2"", ""A3"", ""DT""]",4.512e-11,3.176,32.384270964043125,12.355464019958646,-23.158301409602966,significant,significant,significant,True,inverse_square,1.0,True,,,True,False,False,True,False,False,False,False,,,,,,,,,False,outgassing evidence; A1 is not an SRP coefficient,False,False,False,False,False,False,False
1000033,   84P/Giclas,84P,Giclas,cn,JFc,,,,1.8,,,0.5087378105575096,3.600289925227997,1.768686311295246,7.321007772936352,110.4037250969902,277.9046068852069,222.3420990164371,2458051.5,0.79119,1105,4775.0,0.0,0.60592,2013-06-23,2026-07-20,6.98380893578828e-10,1.1424323023558379e-10,,,2.176e-10,5.401e-12,"[""A1"", ""A2""]",,,3.209471018285055,21.15223666646617,,significant,significant,not_fitted,False,inverse_square,1.0,True,,,True,False,True,True,False,False,False,False,,,,,,,,,False,outgassing evidence; A1 is not an SRP coefficient,False,False,False,False,False,False,False
1000004,   85D/Boethin,85D,Boethin,cn,JFc,,,,,,,0.7811606261503803,5.184887126567299,1.1346574522589408,4.295294591030268,359.3961137217372,37.61838460810365,313.1875107575854,2454252.5,0.149899,51,4042.0,8.0,1.6569,1975-02-05,1986-03-01,0.0,0.0,,,3.862e-09,5.669e-09,"[""A1"", ""A2""]",,,0.0,0.0,,consistent_zero,consistent_zero,not_fitted,False,inverse_square,1.0,True,,,False,True,True,False,False,False,False,False,,,,,,,,,False,outgassing evidence; A1 is not an SRP coefficient,False,False,False,False,False,False,False
1000010,   87P/Bus,87P,Bus,cn,ETc,,,,0.56,,,0.3893476920698341,3.440869358876915,2.101174815284378,2.6023944932398,181.8898060895848,24.75638615410691,126.7935222833317,2457467.5,1.0978,667,7602.0,1.0,0.70867,1999-11-13,2020-09-05,1.2559965452163591e-08,-2.017205026726924e-09,5.855153256434009e-09,,1.286e-09,4.033e-11,"[""A1"", ""A2"", ""A3""]",2.393e-10,,9.76669164242892,-50.01748144624161,24.467836424713784,significant,significant,significant,True,inverse_square,1.0,True,,,True,False,False,True,False,False,False,False,,,,,,,,,False,outgassing evidence; A1 is not an SRP coefficient,False,False,False,False,False,False,False
1000046,   88P/Howell,88P,Howell,cn,JFc,,,,4.4,,,0.5642277582940592,3.105389927736805,1.353242730180917,4.383856893820251,56.68684501686631,235.9088422219787,303.6947226620832,2458806.5,0.3452,3294,4555.0,0.0,0.65466,2014-01-29,2026-07-20,7.452625533157211e-09,-5.11634039926735e-10,-1.468792233842629e-09,27.61835238620866,3.17e-11,9.862e-12,"[""A1"", ""A2"", ""A3"", ""DT""]",5.088e-11,0.4717,235.09859726047986,-51.87933886906662,-28.8677718915611,significant,significant,significant,True,inverse_square,1.0,True,,,True,False,False,True,False,False,False,False,,,,,,,,,False,outgassing evidence; A1 is not an SRP coefficient,False,False,False,False,False,False,False
1000073,   89P/Russell 2,89P,Russell,cn,JFc,,,,2.8,,,0.4084267260796848,3.753207889733363,2.220297479033123,12.07626705838838,41.44312432314534,250.1784362086389,78.77382058235197,2458318.5,1.23919,648,16216.0,0.0,0.59923,1980-08-09,2025-01-01,8.062880258017948e-09,-3.5081671205212846e-10,-3.8778777780254047e-10,,2.205e-10,3.721e-12,"[""A1"", ""A2"", ""A3""]",1.531e-10,,36.56635037649863,-94.28022360981684,-2.5329051456730274,significant,significant,marginal,True,inverse_square,1.0,True,,,True,False,False,True,False,False,False,False,,,,,,,,,False,outgassing evidence; A1 is not an SRP coefficient,False,False,False,False,False,False,False
1000029,   90P/Gehrels 1,90P,Gehrels,cn,JFc,,,,7.8,,,0.5097928579287074,6.068653574431163,2.974897324942635,9.635376173971068,13.2518277429544,29.27002672646282,351.8727795717881,2457800.5,1.98855,577,6092.0,2.0,0.56342,2001-08-10,2018-04-15,2.427605842172205e-07,3.403337921686466e-07,,,4.928e-08,5.317e-08,"[""A1"", ""A2""]",,,4.926148218693598,6.400861240711804,,significant,significant,not_fitted,False,inverse_square,1.0,True,,,True,False,True,True,False,False,False,False,,,,,,,,,False,outgassing evidence; A1 is not an SRP coefficient,False,False,False,False,False,False,False
1000076,   92P/Sanguin,92P,Sanguin,cn,JFc,,,,2.38,,,0.6631297181909496,5.366603016899744,1.807849070660317,18.76475093984337,182.3426766590547,163.0644161601473,35.03954714481404,2452982.5,0.809869,952,14001.0,0.0,0.67503,1977-09-13,2016-01-13,4.075151511066731e-09,-8.485224646869795e-11,-2.5128828597077782e-09,,5.872e-10,2.512e-12,"[""A1"", ""A2"", ""A3""]",2.47e-10,,6.939971919391572,-33.77876053690205,-10.173614816630682,significant,significant,significant,True,inverse_square,1.0,True,,,True,False,False,True,False,False,False,False,,,,,,,,,False,outgassing evidence; A1 is not an SRP coefficient,False,False,False,False,False,False,False
1000060,   93P/Lovas 1,93P,Lovas,cn,JFc,,,,,,18.2,0.6124520409583303,4.389973929696606,1.701325436700058,12.21885725158067,339.9149767281509,74.60867822674217,94.32453105426916,2455332.5,0.757807,3545,16506.0,0.0,0.55265,1980-12-05,2026-02-13,3.8909034396008025e-10,-4.975953098345204e-11,,,8.125e-11,3.468e-13,"[""A1"", ""A2""]",,,4.788804233354834,-143.4819232510151,,significant,significant,not_fitted,False,inverse_square,1.0,True,,,True,False,True,True,False,False,False,False,,,,,,,,,False,outgassing evidence; A1 is not an SRP coefficient,False,False,False,False,False,False,False
1000075,   94P/Russell 4,94P,Russell,cn,ETc,,,,,,20.7,0.3641415593944019,3.511217035145052,2.232636988595144,6.184203048598868,70.9001267699577,92.68686339560657,224.0098461962155,2456781.5,1.2506,2200,27492.0,0.0,0.60429,1950-05-10,2025-08-16,1.35399812981006e-10,1.496240317991082e-11,,,3.863e-11,7.907e-13,"[""A1"", ""A2""]",,,3.5050430489517472,18.922983659935273,,significant,significant,not_fitted,False,inverse_square,1.0,True,,,True,False,True,True,False,False,False,False,,,,,,,,,False,outgassing evidence; A1 is not an SRP coefficient,False,False,False,False,False,False,False
1000061,   96P/Machholz 1,96P,Machholz,cn,JFC,,,,6.4,,,0.9591608428638698,3.035068595409598,0.1239496432868665,58.13790031260349,94.25472309284206,14.7928448266822,342.6718948496791,2457961.5,0.333056,669,4468.0,0.0,0.60062,2012-04-20,2024-07-14,2.654248448328061e-10,-2.42749047255873e-12,1.0315262336640279e-10,,5.954e-11,1.008e-13,"[""A1"", ""A2"", ""A3""]",7.158e-11,,4.457924837635306,-24.082246751574704,1.4410816340654204,significant,significant,marginal,True,inverse_square,1.0,True,,,True,False,False,True,False,False,False,False,,,,,,,,,False,outgassing evidence; A1 is not an SRP coefficient,False,False,False,False,False,False,False
1000128,   97P/Metcalf-Brewington,97P,Metcalf-Brewington,cn,JFc,,,,3.4,,,0.4569418410779376,4.7998502392191,2.606597834011945,17.86018637617331,185.1708679402614,228.218375178932,193.6710446816,2457856.5,1.65569,391,7819.0,1.0,0.70789,2000-09-01,2022-01-28,-4.018312993489705e-08,-1.295911021092564e-08,,,1.358e-08,3.087e-10,"[""A1"", ""A2""]",,,-2.9589933678127434,-41.97962491391526,,marginal,significant,not_fitted,False,inverse_square,1.0,True,,,False,False,True,True,False,False,False,False,,,,,,,,,False,outgassing evidence; A1 is not an SRP coefficient,False,False,False,False,False,False,False
1000091,   98P/Takamizawa,98P,Takamizawa,cn,JFc,,,,5.4,,,0.560585959923109,3.805836858355091,1.672338149803353,10.5459800822991,114.7526749114245,157.9474151951102,281.0842814517737,2455915.5,0.660409,558,5528.0,0.0,0.72773,2006-03-24,2021-05-12,1.409466866436333e-10,6.966672730446185e-10,,,7.828e-10,8.701e-12,"[""A1"", ""A2""]",,,0.18005453071491223,80.0674948907733,,consistent_zero,significant,not_fitted,False,inverse_square,1.0,True,,,False,False,True,True,False,False,False,False,,,,,,,,,False,outgassing evidence; A1 is not an SRP coefficient,False,False,False,False,False,False,False
1000040,  100P/Hartley 1,100P,Hartley,cn,JFc,,,,,,,0.4137581146698033,3.42818791100179,2.009747344211878,25.58407100879231,37.76447817720789,181.8748336121175,303.154223302002,2457114.5,1.00287,644,13577.0,0.0,0.70414,1985-06-13,2022-08-15,2.1407161069509852e-09,-9.588985029471808e-11,-6.447836125914162e-10,,1.286e-10,2.93e-12,"[""A1"", ""A2"", ""A3""]",9.541e-11,,16.64631498406676,-32.726911363385014,-6.758029688621908,significant,significant,significant,True,inverse_square,1.0,True,,,True,False,False,True,False,False,False,False,,,,,,,,,False,outgassing evidence; A1 is not an SRP coefficient,False,False,False,False,False,False,False
1000011,  101P/Chernykh,101P,Chernykh,cn,JFc,,,,5.6,,,0.5977425398460197,5.781815423156746,2.325778387198144,5.033943304065809,116.589096569122,277.4345410958617,224.3961680422579,2456943.5,1.33835,1211,6078.0,0.0,0.66851,2005-07-10,2022-03-01,1.532489839527441e-07,2.360032576126099e-09,,,3.408e-09,1.49e-09,"[""A1"", ""A2""]",,,44.96742486876295,1.583914480621543,,significant,marginal,not_fitted,False,inverse_square,1.0,True,,,True,False,True,True,False,False,False,False,,,,,,,,,False,outgassing evidence; A1 is not an SRP coefficient,False,False,False,False,False,False,False
1000083,  102P/Shoemaker 1,102P,Shoemaker,cn,JFc,,,,3.2,,,0.4731654920192473,3.736625514632678,1.968583264509834,26.2449062377407,339.8733382485834,18.74460239787177,297.4830036280064,2456078.5,0.97612,392,5645.0,1.0,0.89266,2006-07-24,2022-01-06,-5.280947926313086e-09,-1.3252782076964371e-09,,,1.442e-09,2.681e-11,"[""A1"", ""A2""]",,,-3.662238506458451,-49.43223452802824,,significant,significant,not_fitted,False,inverse_square,1.0,True,,,False,False,True,True,False,False,False,False,,,,,,,,,False,outgassing evidence; A1 is not an SRP coefficient,False,False,False,False,True,False,False
1000041,  103P/Hartley 2,103P,Hartley,cn,JFc,,,,1.6,,18.1,0.6935978573940613,3.475652487146584,1.064947369015373,13.59946797122405,219.7421743331336,181.3218438419628,251.7821727285582,2457152.5,0.0732373,8768,6202.0,0.0,0.5507,2008-05-05,2025-04-28,1.384525626808849e-09,1.464430870492432e-10,1.812240220768521e-10,12.23373994658573,9.413e-12,2.06e-12,"[""A1"", ""A2"", ""A3"", ""DT""]",8.672e-12,0.2216,147.08654273970564,71.08887720837048,20.897604021777223,significant,significant,significant,True,inverse_square,1.0,True,,,True,False,False,True,False,False,False,False,,,,,,,,,False,outgassing evidence; A1 is not an SRP coefficient,False,False,False,False,False,False,False
1000056,  104P/Kowal 2,104P,Kowal,cn,JFc,,,,2.0,,,0.6654527191420735,3.207613623415639,1.073098415756543,5.701090049412283,207.2135256417651,227.2458876459766,342.0512077925715,2459486.5,0.111206,1551,2351.0,2.0,0.87936,2016-01-04,2022-06-12,2.154789804840819e-08,-7.202269143310578e-09,-2.15006413309297e-10,49.47347197990436,3.525e-10,4.006e-10,"[""A1"", ""A2"", ""A3"", ""DT""]",9.009e-11,1.693,61.128788789810464,-17.978704801074834,-2.3865735743067713,significant,significant,marginal,True,inverse_square,1.0,True,,,True,False,False,True,False,False,False,False,,,,,,,,,False,outgassing evidence; A1 is not an SRP coefficient,False,False,False,False,False,False,False
1000078,  106P/Schuster,106P,Schuster,cn,JFc,,,,1.88,,,0.5895115222339663,3.753622346183471,1.540818722993421,20.19636734955402,50.32548395195465,355.9827060840591,85.99842911055288,2457493.5,0.551039,745,16272.0,0.0,0.79546,1977-09-05,2022-03-25,7.871885592471314e-10,9.098406673205142e-11,,,2.959e-11,4.872e-13,"[""A1"", ""A2""]",,,26.603195648770917,186.7489054434553,,significant,significant,not_fitted,False,inverse_square,1.0,True,,,True,False,True,True,False,False,False,False,,,,,,,,,False,outgassing evidence; A1 is not an SRP coefficient,False,False,False,False,False,False,False
1000062,  115P/Maury,115P,Maury,cn,JFc,,,,2.22,,,0.5182955789513104,4.271089350627372,2.057402622891182,11.66972861001243,176.0779968908898,121.1138086020009,128.7393187592088,2456992.5,1.07063,1382,12929.0,0.0,0.70013,1985-08-16,2021-01-08,6.1203225132036445e-09,-3.01418579564458e-10,,,2.207e-10,4.014e-12,"[""A1"", ""A2""]",,,27.731411478040982,-75.09182350883358,,significant,significant,not_fitted,False,inverse_square,1.0,True,,,True,False,True,True,False,False,False,False,,,,,,,,,False,outgassing evidence; A1 is not an SRP coefficient,False,False,False,False,False,False,False
1000122,  116P/Wild 4,116P,Wild,cn,ETc,,,,,,,0.3722770309180103,3.484157639631762,2.187085778299347,3.607843739352507,20.99185600370566,173.3107273031766,14.46912304966472,2457494.5,1.18663,4667,5832.0,0.0,0.69217,2007-10-16,2023-10-04,1.68054018731568e-08,-1.700310859844533e-09,6.149771729372975e-09,,1.016e-10,5.502e-12,"[""A1"", ""A2"", ""A3""]",6.885e-11,,165.4074987515433,-309.03505267984974,89.32130325886673,significant,significant,significant,True,inverse_square,1.0,True,,,True,False,False,True,False,False,False,False,,,,,,,,,False,outgassing evidence; A1 is not an SRP coefficient,False,False,False,False,False,False,False
1000121,  117P/Helin-Roman-Alu 1,117P,Helin-Roman-Alu,cn,JFc,,,,9.0,,,0.2538356254306522,4.096078241129448,3.056347658979469,8.697534176751912,58.89811292304974,222.6867274009563,356.5300720096247,2456714.5,2.04617,6500,8085.0,0.0,0.72865,2003-11-30,2026-01-18,2.156588631855281e-07,8.86173324474977e-08,3.109367377401908e-08,-92.75089747743792,1.757e-09,1.961e-10,"[""A1"", ""A2"", ""A3"", ""DT""]",1.559e-09,1.526,122.74266544423911,451.8986866267093,19.944627180255985,significant,significant,significant,True,inverse_square,1.0,True,,,True,False,False,True,False,False,False,False,,,,,,,,,False,outgassing evidence; A1 is not an SRP coefficient,False,False,False,False,False,False,False
1000150,  118P/Shoemaker-Levy 4,118P,Shoemaker-Levy,cn,JFc,,,,4.8,,,0.4550775008145901,3.360765023344376,1.83135647569573,10.09395987747512,142.1149927436538,314.4382735674612,277.1432222184568,2459388.5,0.865232,1771,3212.0,1.0,0.52071,2015-08-15,2024-05-31,-2.336168926779331e-09,2.494998049395835e-09,1.004150424442933e-09,,3.311e-10,1.303e-10,"[""A1"", ""A2"", ""A3""]",1.316e-10,,-7.05578050975334,19.14810475361347,7.630322374186421,significant,significant,significant,True,inverse_square,1.0,True,,,False,False,False,True,False,False,False,False,,,,,,,,,False,outgassing evidence; A1 is not an SRP coefficient,False,False,False,False,True,False,False
1000120,  119P/Parker-Hartley,119P,Parker-Hartley,cn,JFc,,,,,,,0.2959402723151744,4.294991820150148,3.023930771303467,5.183509143535373,243.6781544985683,181.859700412578,55.70102124898162,2457254.5,2.03701,3237,13734.0,0.0,0.69305,1986-09-29,2024-05-06,-2.2492375131122693e-08,8.919359397956587e-09,2.472348781762412e-09,-133.2144663081588,1.012e-09,1.084e-10,"[""A1"", ""A2"", ""A3"", ""DT""]",2.486e-10,4.603,-22.22566712561531,82.28191326528217,9.945087617708818,significant,significant,significant,True,inverse_square,1.0,True,,,False,False,False,True,False,False,False,False,,,,,,,,,False,outgassing evidence; A1 is not an SRP coefficient,False,False,False,False,True,False,False
1000116,  120P/Mueller 1,120P,Mueller,cn,JFc,,,,3.0,,,0.3365387805794772,4.135678841937248,2.743862527603342,8.79119538756936,4.442766953653403,30.00802529800133,125.5745378069671,2454349.5,1.75355,147,12471.0,0.0,0.78776,1987-10-18,2021-12-09,-2.57160395863976e-08,-1.612974346668416e-09,,,4.084e-09,6.199e-11,"[""A1"", ""A2""]",,,-6.296777567678158,-26.019912028850072,,significant,significant,not_fitted,False,inverse_square,1.0,True,,,False,False,True,True,False,False,False,False,,,,,,,,,False,outgassing evidence; A1 is not an SRP coefficient,False,False,False,False,True,False,False
1000164,  123P/West-Hartley,123P,West-Hartley,cn,JFc,,,,,,3.7,0.44911567996019,3.860101503251921,2.126469391903583,15.35865041768654,46.50380560033874,102.9754897573807,263.7192198016159,2457778.5,1.19728,3587,5726.0,0.0,0.70089,2010-09-12,2026-05-17,-3.224722573407314e-09,7.611843949411594e-13,,,3.182e-10,7.67e-12,"[""A1"", ""A2""]",,,-10.134263272807399,0.09924177248255012,,significant,consistent_zero,not_fitted,False,inverse_square,1.0,True,,,False,True,True,True,False,False,False,False,,,,,,,,,False,outgassing evidence; A1 is not an SRP coefficient,False,False,False,False,True,False,False
1000180,  129P/Shoemaker-Levy 3,129P,Shoemaker-Levy,cn,ETc,,,,,,,0.09063771161848871,4.303662816415645,3.913588667158151,3.432831417729866,185.1562747183833,309.1329714845262,335.9224071332235,2456480.5,2.92764,720,8240.0,1.0,0.68893,2002-11-04,2025-05-27,1.21631086498904e-09,-2.5839030691624303e-10,,,2.147e-10,1.249e-11,"[""A1"", ""A2"", ""ALN"", ""NK"", ""NM"", ""NN"", ""R0""]",,,5.66516471816041,-20.687774773117937,,significant,significant,not_fitted,False,marsden_g,1.0000000023534097,True,,,True,False,True,True,False,False,False,False,,,,,,,,,False,outgassing evidence; A1 is not an SRP coefficient,False,False,False,False,False,False,False
1000123,  131P/Mueller 2,131P,Mueller,cn,JFc,,,,,,,0.3432240891528572,3.679162225092328,2.416385121539414,7.355010986140206,214.1983895844863,179.2795177864773,78.5685127965374,2456495.5,1.42328,908,12899.0,0.0,0.73212,1990-09-15,2026-01-08,6.3528540081582885e-09,-4.2034657648981757e-10,-3.4281465356550135e-10,,5.943e-10,2.972e-12,"[""A1"", ""A2"", ""A3""]",,,10.689641608881521,-141.43559101272461,,significant,significant,not_fitted,False,inverse_square,1.0,True,,,True,False,True,True,False,False,False,False,,,,,,,,,False,outgassing evidence; A1 is not an SRP coefficient,False,False,False,False,False,False,False
1000124,  136P/Mueller 3,136P,Mueller,cn,JFc,,,,,,,0.2911278168833193,4.201903779906157,2.97861270570831,9.415794982816095,137.4463313978976,225.1073504180893,41.09340908665458,2457898.5,1.98344,716,6778.0,1.0,0.69427,2007-07-16,2026-02-04,2.526952642579259e-07,-2.0726387343515142e-08,-6.16387546463832e-08,138.2463132152508,3.006e-08,3.303e-09,"[""A1"", ""A2"", ""A3"", ""DT""]",5.032e-09,3.976,8.406362749764666,-6.275018874815363,-12.2493550569124,significant,significant,significant,True,inverse_square,1.0,True,,,True,False,False,True,False,False,False,False,,,,,,,,,False,outgassing evidence; A1 is not an SRP coefficient,False,False,False,False,False,False,False
1003394,  141P/Machholz 2,141P,Machholz,cn,JFc,,,,,,,0.7366874952032558,3.054853775934622,0.8043811995291372,13.97732184065094,241.8772401254153,153.615394204163,267.156737548041,2458696.5,0.0988836,852,2131.0,0.0,0.88262,2015-05-24,2021-03-24,4.749729733917212e-10,-1.435470587746135e-09,,,1.814e-10,5.858e-11,"[""A1"", ""A2""]",,,2.6183736129642847,-24.5044484080938,,marginal,significant,not_fitted,False,inverse_square,1.0,True,,,False,False,True,True,False,False,False,False,,,,,,,,,False,outgassing evidence; A1 is not an SRP coefficient,False,False,False,False,False,False,False
1000152,  141P/Machholz 2-A,141P-A,Machholz,cn,JFc,,,,,,,0.7504734077906811,3.010398055328779,0.751174367939751,12.79337930969478,246.1551562177739,149.244253309364,184.9627925251596,2450594.5,0.105828,411,2006.0,1.0,0.80254,1994-08-15,2000-02-11,2.065306462053333e-09,-1.3086092409722621e-09,1.529188050730791e-09,27.41521862663734,3.969e-10,1.313e-10,"[""A1"", ""A2"", ""A3"", ""DT""]",3.785e-10,4.334,5.2035940087007635,-9.966559337184021,4.040126950411602,significant,significant,significant,True,inverse_square,1.0,True,,,True,False,False,True,False,False,False,False,,,,,,,,,False,outgassing evidence; A1 is not an SRP coefficient,False,False,False,False,False,False,False
1000279,  141P/Machholz 2-D,141P-D,Machholz,cn,JFc,,,,,,,0.7510941447488013,3.009008906875979,0.7489599354244401,12.81198253165266,246.14177171,149.2924228695888,341.692431015803,2451425.5,0.108077,157,9607.0,2.0,1.0095,1994-08-30,2020-12-18,3.775468059063227e-09,-6.327883472415679e-10,-1.1399389676233951e-08,,3.737e-10,1.437e-12,"[""A1"", ""A2"", ""A3""]",9.717e-10,,10.102938343760307,-440.35375590923303,-11.731387955370948,significant,significant,significant,True,inverse_square,1.0,True,,,True,False,False,True,False,False,False,False,,,,,,,,,False,outgassing evidence; A1 is not an SRP coefficient,False,False,False,False,False,False,False
1000135,  145P/Shoemaker-Levy 5,145P,Shoemaker-Levy,cn,JFc,,,,,,,0.54065542407324,4.141663958635278,1.902450874710468,11.26220426393018,26.79636038367086,10.2948115511575,91.23855424002332,2458777.5,0.910058,1434,12608.0,0.0,0.59491,1991-09-12,2026-03-20,1.797686492039179e-09,-1.8263012644484908e-10,,,1.087e-10,1.4e-12,"[""A1"", ""A2""]",,,16.538054204592264,-130.45009031774933,,significant,significant,not_fitted,False,inverse_square,1.0,True,,,True,False,True,True,False,False,False,False,,,,,,,,,False,outgassing evidence; A1 is not an SRP coefficient,False,False,False,False,False,False,False
1000084,  146P/Shoemaker-LINEAR,146P,Shoemaker-LINEAR,cn,JFc,,,,,,,0.6473342710189938,4.030866992349281,1.421548646282335,23.1090423249845,53.37978971181719,316.9903897355078,256.3128173538458,2459676.5,0.495813,660,8982.0,0.0,0.70171,2000-09-27,2025-05-01,3.550783831537325e-09,-4.0904414594182725e-10,,,8.94e-11,8.329e-13,"[""A1"", ""A2""]",,,39.717939950081934,-491.10835147295865,,significant,significant,not_fitted,False,inverse_square,1.0,True,,,True,False,True,True,False,False,False,False,,,,,,,,,False,outgassing evidence; A1 is not an SRP coefficient,False,False,False,False,False,False,False
1000147,  147P/Kushida-Muramatsu,147P,Kushida-Muramatsu,cn,ETc,,,,0.42,,,0.2755544282965962,3.802282190599441,2.754546495346482,2.368740648173417,93.77379230918648,347.0331933212208,219.1170404821836,2453673.5,1.76973,57,5961.0,3.0,0.54401,1999-09-13,2016-01-08,8.726886267576025e-08,-1.142111725189384e-08,6.652161873275098e-08,,7.757e-09,1.49e-09,"[""A1"", ""A2"", ""A3""]",9.021e-09,,11.250336815232727,-7.665179363687141,7.374084772503157,significant,significant,significant,True,inverse_square,1.0,True,,,True,False,False,True,False,False,False,False,,,,,,,,,False,outgassing evidence; A1 is not an SRP coefficient,False,False,False,False,False,False,False
1000328,  148P/Anderson-LINEAR,148P,Anderson-LINEAR,cn,JFc,,,,,,,0.5393215853484362,3.677729717257478,1.694250695663119,3.682207968221038,89.79012295052797,6.596199956239652,227.1481230645178,2456236.5,0.710765,250,21697.0,0.0,0.67149,1963-11-22,2023-04-18,1.6101420658010801e-09,-4.0906304345671976e-11,,,7.112e-11,1.511e-12,"[""A1"", ""A2""]",,,22.63979282622441,-27.072339077215076,,significant,significant,not_fitted,False,inverse_square,1.0,True,,,True,False,True,True,False,False,False,False,,,,,,,,,False,outgassing evidence; A1 is not an SRP coefficient,False,False,False,False,False,False,False
1000139,  149P/Mueller 4,149P,Mueller,cn,JFc,,,,,,11.88,0.3883179911287077,4.326494000317585,2.646438541483854,29.75479752357087,145.2550898345688,43.56707734128755,128.2823511521461,2456417.5,1.72214,494,9974.0,1.0,0.63458,1992-04-09,2019-07-31,-1.739260014906948e-08,-6.743239568503729e-11,,,1.249e-08,3.963e-11,"[""A1"", ""A2""]",,,-1.3925220295491978,-1.7015492224334414,,marginal,marginal,not_fitted,False,inverse_square,1.0,True,,,False,False,True,True,False,False,False,False,,,,,,,,,False,outgassing evidence; A1 is not an SRP coefficient,False,False,False,False,False,False,False
1000115,  151P/Helin,151P,Helin,cn,JFc,,,,8.4,,,0.5708938454732111,5.80724738261301,2.491925592738829,4.734715026806412,143.5540230022388,215.5303829879585,215.4367105750112,2455249.5,1.48965,420,10382.0,1.0,0.55153,1987-08-24,2016-01-26,4.415764952192537e-08,-3.7985728310656287e-10,,,4.489e-08,1.822e-10,"[""A1"", ""A2""]",,,0.9836856654472126,-2.0848368995969424,,consistent_zero,marginal,not_fitted,False,inverse_square,1.0,True,,,False,False,True,True,False,False,False,False,,,,,,,,,False,outgassing evidence; A1 is not an SRP coefficient,False,False,False,False,False,False,False
1000145,  152P/Helin-Lawrence,152P,Helin-Lawrence,cn,JFc,,,,,,,0.3072189676585129,4.49318328768738,3.11279215654358,9.868309378882008,91.899208324856,163.585758284065,97.85804165590253,2457062.5,2.09992,1298,11581.0,0.0,0.73166,1993-04-21,2025-01-04,9.80061061645591e-08,2.40197239761471e-08,-5.973200306525189e-08,115.8441385735064,5.909e-09,1.026e-09,"[""A1"", ""A2"", ""A3"", ""DT""]",5.348e-09,10.48,16.58590390329313,23.411037013788597,-11.16903572648689,significant,significant,significant,True,inverse_square,1.0,True,,,True,False,False,True,False,False,False,False,,,,,,,,,False,outgassing evidence; A1 is not an SRP coefficient,False,False,False,False,False,False,False
1000374,  153P/Ikeya-Zhang,153P,Ikeya-Zhang,cn,COM,,,,,,,0.9900806570176692,51.1193221677278,0.5070700896059622,28.1209574068563,93.36945661875394,34.66817865742473,0.134886581151805,2452402.5,0.331905,1893,403.0,2.0,0.74612,2001-08-25,2002-10-02,7.054283011393982e-09,1.667417038203938e-09,,,3.525e-10,1.685e-10,"[""A1"", ""A2""]",,,20.012150386933282,9.89565007836165,,significant,significant,not_fitted,False,inverse_square,1.0,True,,,True,False,True,True,False,False,False,False,,,,,,,,,False,outgassing evidence; A1 is not an SRP coefficient,False,False,False,False,False,False,False
1000143,  154P/Brewington,154P,Brewington,cn,JFc,,,,,,,0.6719787973347034,4.881936773676542,1.601378771837317,17.88539370633133,343.4283767589826,48.91374183070192,45.70135023151941,2457139.5,0.661149,2636,4261.0,0.0,0.48092,2013-07-06,2025-03-06,3.1288717191323754e-08,-1.9234438008456348e-10,-5.053445155165479e-09,,2.811e-10,4.023e-10,"[""A1"", ""A2"", ""A3""]",8.088e-11,,111.30813657532464,-0.47811180731932257,-62.4807759046177,significant,consistent_zero,significant,True,inverse_square,1.0,True,,,True,True,False,True,False,False,False,False,,,,,,,,,False,outgassing evidence; A1 is not an SRP coefficient,False,False,False,False,False,False,False
1000085,  155P/Shoemaker 3,155P,Shoemaker,cn,JFc,,,,,,,0.7261071562296606,6.594336676631461,1.80614162514164,6.398094461563875,97.276219429292,14.60188647209168,179.6099005232911,2455702.5,0.824738,1966,12550.0,0.0,0.68784,1986-01-10,2020-05-21,5.556701094801683e-09,-8.070877496449357e-10,,,4.38e-10,1.707e-12,"[""A1"", ""A2""]",,,12.686532179912518,-472.81063248092306,,significant,significant,not_fitted,False,inverse_square,1.0,True,,,True,False,True,True,False,False,False,False,,,,,,,,,False,outgassing evidence; A1 is not an SRP coefficient,False,False,False,False,False,False,False
1000042,  161P/Hartley-IRAS,161P,Hartley-IRAS,cn,HTC,,,,,,,0.8350738030118239,7.731548430351353,1.275134879447751,95.69812203674071,1.397414840031342,47.07491615751092,0.00716361623457285,2453542.5,0.448995,355,15595.0,2.0,0.89726,1983-11-04,2026-07-16,8.639740679401343e-09,-3.2879629370967417e-10,,,4.801e-10,4.621e-13,"[""A1"", ""A2""]",,,17.99571064236897,-711.5262793976934,,significant,significant,not_fitted,False,inverse_square,1.0,True,,,True,False,True,True,False,False,False,False,,,,,,,,,False,outgassing evidence; A1 is not an SRP coefficient,False,False,False,False,False,False,False
1000242,  168P/Hergenrother,168P,Hergenrother,cn,JFc,,,,,,,0.609474517807691,3.624037852235573,1.415279129727477,21.92936583545637,356.4776709267675,13.91912965394028,308.1508194637505,2455839.5,0.41995,3377,5193.0,0.0,0.86243,1998-11-21,2013-02-08,2.6445239019826632e-08,2.372857792892454e-09,-1.318294204138918e-09,,1.392e-10,7.879e-13,"[""A1"", ""A2"", ""A3""]",7.656e-11,,189.98016537231777,3011.6230395893567,-17.219098800142607,significant,significant,significant,True,inverse_square,1.0,True,,,True,False,False,True,False,False,False,False,,,,,,,,,False,outgassing evidence; A1 is not an SRP coefficient,False,False,False,False,False,False,False
1001649,  170P/Christensen,170P,Christensen,cn,JFc,,,,,,,0.304211903874903,4.201210590460789,2.923152318157307,10.1243022806187,142.923755502215,225.533341532594,321.8465481048833,2459721.5,1.93265,987,3878.0,1.0,0.50529,2014-06-23,2025-02-03,6.601854470897069e-07,-1.570301509937949e-08,-2.659638332125889e-07,,2.63e-08,1.338e-08,"[""A1"", ""A2"", ""A3""]",8.563e-09,,25.10210825436148,-1.1736184678161055,-31.05965586974062,significant,marginal,significant,True,inverse_square,1.0,True,,,True,False,False,True,False,False,False,False,,,,,,,,,False,outgassing evidence; A1 is not an SRP coefficient,False,False,False,False,False,False,False
1000239,  171P/Spahr,171P,Spahr,cn,JFc,,,,,,,0.5019479298325957,3.558206520292529,1.77217212351485,21.93309362783636,101.6993661062534,347.1579141504955,321.1257750737331,2458232.5,0.793667,681,7491.0,0.0,0.67095,2005-09-01,2026-03-06,6.058475639913205e-09,-1.824798480141716e-09,,,2.415e-10,2.124e-12,"[""A1"", ""A2""]",,,25.086855651814513,-859.1329944170038,,significant,significant,not_fitted,False,inverse_square,1.0,True,,,True,False,True,True,False,False,False,False,,,,,,,,,False,outgassing evidence; A1 is not an SRP coefficient,False,False,False,False,False,False,False
1000291,  175P/Hergenrother,175P,Hergenrother,cn,JFc,,,,,,,0.4326842016707754,3.435910271366503,1.94924617858787,6.069494666785695,123.6900442274217,55.62511489347632,290.0577089887587,2455983.5,0.961177,924,9595.0,0.0,0.65707,2000-01-04,2026-04-12,7.01800954773983e-10,2.063230030650893e-10,,,5.749e-11,8.396e-12,"[""A1"", ""A2""]",,,12.20735701468052,24.573964157347465,,significant,significant,not_fitted,False,inverse_square,1.0,True,,,True,False,True,True,False,False,False,False,,,,,,,,,False,outgassing evidence; A1 is not an SRP coefficient,False,False,False,False,False,False,False
1000341,  180P/NEAT,180P,NEAT,cn,JFc,,,,,,,0.3548543623360987,3.85849688697788,2.489292434573523,16.87082579738614,84.571386155,94.8612249188985,17.34205319919964,2457502.5,1.5621,1053,6092.0,1.0,0.69154,2006-10-23,2023-06-28,9.344716550032976e-09,-9.635250373106463e-10,,,1.684e-09,1.053e-10,"[""A1"", ""A2""]",,,5.549119091468514,-9.150285254612026,,significant,significant,not_fitted,False,inverse_square,1.0,True,,,True,False,True,True,False,False,False,False,,,,,,,,,False,outgassing evidence; A1 is not an SRP coefficient,False,False,False,False,False,False,False
1000136,  181P/Shoemaker-Levy 6,181P,Shoemaker-Levy,cn,JFc,,,,,,,0.7073228278805144,3.839018373459053,1.123593041258743,16.98117916666919,37.6794577153227,333.7988485602352,11.75008853224812,2456908.5,0.156355,88,8252.0,2.0,1.1117,1991-11-11,2014-06-15,-2.912547448601831e-09,-8.638449566027108e-11,,,3.989e-10,7.527e-13,"[""A1"", ""A2""]",,,-7.3014476024112085,-114.76616933741342,,significant,significant,not_fitted,False,inverse_square,1.0,True,,,False,False,True,True,False,False,False,False,,,,,,,,,False,outgassing evidence; A1 is not an SRP coefficient,False,False,False,False,True,False,False
1000231,  188P/LINEAR-Mueller,188P,LINEAR-Mueller,cn,JFc,,,,,,,0.4164388549940305,4.377784067157643,2.554704682819404,10.53767351588789,359.1216608448031,26.66733030574163,159.0681762176021,2455930.5,1.56313,1256,6824.0,0.0,0.72899,2007-05-13,2026-01-17,1.2852832428755532e-08,-2.116614488366319e-09,4.396351900360331e-09,,1.956e-09,2.695e-11,"[""A1"", ""A2"", ""A3""]",1.095e-09,,6.570977724312645,-78.53857099689495,4.014933242338202,significant,significant,significant,True,inverse_square,1.0,True,,,True,False,False,True,False,False,False,False,,,,,,,,,False,outgassing evidence; A1 is not an SRP coefficient,False,False,False,False,False,False,False
1000400,  189P/NEAT,189P,NEAT,cn,JFc,,,,,,,0.5976428477056455,2.91761891049007,1.173924836304942,20.40062928962228,282.2000607653227,15.30741796043059,98.30405134972804,2454804.5,0.166971,1469,7330.0,0.0,0.74615,2002-07-30,2022-08-24,-2.0441205347098678e-10,-4.9176121972809406e-11,,,5.257e-11,8.124e-14,"[""A1"", ""A2""]",,,-3.8883784186986263,-605.3190789366002,,significant,significant,not_fitted,False,inverse_square,1.0,True,,,False,False,True,True,False,False,False,False,,,,,,,,,False,outgassing evidence; A1 is not an SRP coefficient,False,False,False,False,True,False,False
1000233,  190P/Mueller,190P,Mueller,cn,JFc,,,,,,,0.5206778025184362,4.241753145210364,2.033166438736566,2.172645037178136,335.5467374309475,50.42102268453169,17.3916911626413,2457640.5,1.03796,714,10015.0,1.0,0.47475,1998-09-14,2026-02-14,5.859882350423813e-10,-3.403058654861768e-11,,,4.688e-10,5.437e-12,"[""A1"", ""A2""]",,,1.2499749041006427,-6.259074222662806,,marginal,significant,not_fitted,False,inverse_square,1.0,True,,,False,False,True,True,False,False,False,False,,,,,,,,,False,outgassing evidence; A1 is not an SRP coefficient,False,False,False,False,False,False,False
1002466,  191P/McNaught,191P,McNaught,cn,JFc,,,,,,,0.4207224525762403,3.532749442832078,2.04644243290642,8.75900490041878,106.5038970126821,274.2134160137216,132.9065197733843,2455252.5,1.07186,787,7832.0,0.0,0.77967,2000-08-05,2022-01-14,5.996972068984581e-09,-5.654495345875518e-11,1.931766979518136e-10,,4.884e-10,5.378e-12,"[""A1"", ""A2"", ""A3""]",1.633e-10,,12.27881259005852,-10.514122993446481,1.1829558968267826,significant,significant,marginal,True,inverse_square,1.0,True,,,True,False,False,True,False,False,False,False,,,,,,,,,False,outgassing evidence; A1 is not an SRP coefficient,False,False,False,False,False,False,False
1000125,  192P/Shoemaker-Levy 1,192P,Shoemaker-Levy,cn,JFc,,,,,,,0.7720114166459557,6.476024904352533,1.476459743708844,24.54364917386715,51.58676661420097,313.0818329960552,145.9186340768359,2456888.5,0.568545,200,12468.0,0.0,0.60129,1990-11-15,2025-01-03,3.847674603353118e-09,3.228123375602712e-10,,,5.54e-10,2.574e-11,"[""A1"", ""A2""]",,,6.945261016882883,12.541271855488391,,significant,significant,not_fitted,False,inverse_square,1.0,True,,,True,False,True,True,False,False,False,False,,,,,,,,,False,outgassing evidence; A1 is not an SRP coefficient,False,False,False,False,False,False,False
1000350,  193P/LINEAR-NEAT,193P,LINEAR-NEAT,cn,JFc,,,,,,,0.3941781567465035,3.575479347322213,2.166103488709552,10.68695184107915,335.1935008313723,8.435134385403444,33.28857802795006,2457214.5,1.15785,944,7483.0,1.0,0.77785,2001-08-17,2022-02-11,5.795904339902426e-09,-1.414783058654737e-09,,,9.551e-10,1.215e-11,"[""A1"", ""A2""]",,,6.068374348133626,-116.44305009504009,,significant,significant,not_fitted,False,inverse_square,1.0,True,,,True,False,True,True,False,False,False,False,,,,,,,,,False,outgassing evidence; A1 is not an SRP coefficient,False,False,False,False,False,False,False
1000441,  197P/LINEAR,197P,LINEAR,cn,JFc,,,,,,,0.6299409739580523,2.867405607026134,1.061109326203311,25.55606410528775,66.39588610769707,188.7520436037676,238.004767263031,2454004.5,0.0508252,325,7452.0,0.0,0.92517,2003-05-23,2023-10-17,-7.0665369389222e-11,1.693752115696236e-11,-9.790703134495552e-12,,6.624e-11,6.686e-13,"[""A1"", ""A2"", ""A3""]",7.387e-11,,-1.066808112759994,25.332816567398087,-0.13253963902119334,marginal,significant,consistent_zero,True,inverse_square,1.0,True,,,False,False,True,True,False,False,False,False,,,,,,,,,False,outgassing evidence; A1 is not an SRP coefficient,False,False,False,False,False,False,False
1000151,  199P/Shoemaker 4,199P,Shoemaker,cn,JFc,,,,,,,0.5075245602233383,5.947599474494759,2.929046666817249,24.75618188598803,92.6222887409304,191.8266384620244,50.88792658881129,2455678.5,1.91637,863,10776.0,2.0,0.65065,1994-05-14,2023-11-14,-6.125596889116074e-07,-1.451218667104591e-07,5.8910241923063416e-08,566.0425459066372,2.646e-08,9.218e-09,"[""A1"", ""A2"", ""A3"", ""DT""]",3.931e-09,33.92,-23.150403964913355,-15.743313811071719,14.986070191570445,significant,significant,significant,True,inverse_square,1.0,True,,,False,False,False,True,False,False,False,False,,,,,,,,,False,outgassing evidence; A1 is not an SRP coefficient,False,False,False,False,True,False,False
1000364,  202P/Scotti,202P,Scotti,cn,JFc,,,,,,,0.3304394741561227,3.773896046358042,2.52685182127962,2.18533959937087,194.5882395384572,255.5944496847575,299.2074361209208,2454417.5,1.54422,449,34795.0,0.0,0.81977,1929-11-27,2025-03-03,1.047926927415046e-09,2.198240362045618e-10,,,5.349e-10,4.1e-12,"[""A1"", ""A2""]",,,1.959108108833513,53.61561858647849,,marginal,significant,not_fitted,False,inverse_square,1.0,True,,,False,False,True,True,False,False,False,False,,,,,,,,,False,outgassing evidence; A1 is not an SRP coefficient,False,False,False,False,False,False,False
1000292,  203P/Korlevic,203P,Korlevic,cn,JFc,,,,,,,0.3160488592639599,4.653888305539413,3.183032215431798,2.973799075121602,290.519022721446,154.7279209755784,71.16852616349085,2455961.5,2.19933,1174,7856.0,0.0,0.75968,1999-11-03,2021-05-07,7.965394463950473e-08,2.4800742780885552e-08,,,1.765e-08,4.173e-10,"[""A1"", ""A2""]",,,4.512971367677322,59.43144687487552,,significant,significant,not_fitted,False,inverse_square,1.0,True,,,True,False,True,True,False,False,False,False,,,,,,,,,False,outgassing evidence; A1 is not an SRP coefficient,False,False,False,False,False,False,False
1000361,  204P/LINEAR-NEAT,204P,LINEAR-NEAT,cn,JFc,,,,,,,0.4721730964648458,3.656366206927331,1.92992845319303,6.588859308994665,109.0728948523375,355.0477105176086,306.6380463210587,2456989.5,0.946869,1273,5361.0,0.0,0.64475,2008-09-08,2023-05-14,3.678652817217235e-09,-6.115245937284316e-10,,,4.342e-10,8.421e-12,"[""A1"", ""A2""]",,,8.472254300362126,-72.61899937399733,,significant,significant,not_fitted,False,inverse_square,1.0,True,,,True,False,True,True,False,False,False,False,,,,,,,,,False,outgassing evidence; A1 is not an SRP coefficient,False,False,False,False,False,False,False
1002995,  205P/Giacobini-A,205P-A,Giacobini,cn,JFc,,,,,,,0.568714327637854,3.539301441690985,1.526450001972009,15.30462698794076,179.6299185991975,154.219453037641,6.950708178874592,2454766.5,0.532148,1143,163.0,4.0,0.81221,2008-09-11,2009-02-21,1.3790929746178261e-08,-1.7158875679246813e-08,,,3.273e-09,5.859e-09,"[""A1"", ""A2""]",,,4.213544071548506,-2.9286355485999,,significant,marginal,not_fitted,False,inverse_square,1.0,True,,,True,False,True,True,False,False,False,False,,,,,,,,,False,outgassing evidence; A1 is not an SRP coefficient,False,False,False,False,False,False,False
1002996,  205P/Giacobini-B,205P-B,Giacobini,cn,JFc,,,,,,,0.5753279137768729,3.60328142190863,1.530213038690974,15.40528193605396,179.5073325093614,154.0793970125158,2.339584320598842,2454735.5,0.536385,66,19.0,9.0,1.0167,2008-09-17,2008-10-06,7.838648189527286e-06,-2.395403737244474e-07,,,3.708e-06,2.412e-06,"[""A1"", ""A2""]",,,2.113982791134651,-0.09931192940482894,,marginal,consistent_zero,not_fitted,False,inverse_square,1.0,True,,,False,True,True,False,False,False,False,False,,,,,,,,,False,outgassing evidence; A1 is not an SRP coefficient,False,False,False,False,False,False,False
1002997,  205P/Giacobini-C,205P-C,Giacobini,cn,JFc,,,,,,,0.5687302569766289,3.539968956941809,1.5266815023710048,15.30854366194419,179.6270623155098,154.2717704299316,354.0431894928307,2454679.5,0.532358,66,40927.0,3.0,0.99216,1896-09-04,2008-09-24,6.252027599054671e-09,2.271900440689285e-10,,,5.26e-10,9.546e-12,"[""A1"", ""A2""]",,,11.885984028621046,23.799501788071286,,significant,significant,not_fitted,False,inverse_square,1.0,True,,,True,False,True,True,False,False,False,False,,,,,,,,,False,outgassing evidence; A1 is not an SRP coefficient,False,False,False,False,False,False,False
1000339,  207P/NEAT,207P,NEAT,cn,JFc,,,,,,,0.7591366275576407,3.87159533032828,0.9325255079949598,10.18636766892787,198.3425903195204,272.9964819380401,248.3597746412275,2459478.5,0.140212,945,8420.0,0.0,0.6933,2001-05-11,2024-05-30,2.819592937341547e-09,5.258132984179061e-12,,,1.34e-10,2.289e-13,"[""A1"", ""A2""]",,,21.041738338369754,22.971310546872264,,significant,significant,not_fitted,False,inverse_square,1.0,True,,,True,False,True,True,False,False,False,False,,,,,,,,,False,outgassing evidence; A1 is not an SRP coefficient,False,False,False,False,False,False,False
1001663,  213P/Van Ness,213P,Van Ness,cn,JFc,,,,,,,0.4075579526935626,3.347744219833904,1.98334443945669,10.37784244423586,311.315921347357,5.559826742537095,22.6264849180953,2458161.5,0.968429,367,2809.0,3.0,0.54925,2017-04-22,2024-12-30,8.491444700870651e-09,-7.001654007858977e-09,8.761273232601298e-09,,9.944e-09,2.263e-09,"[""A1"", ""A2"", ""A3""]",6.792e-10,,0.8539264582532836,-3.0939699548647708,12.899401108070228,consistent_zero,significant,significant,True,inverse_square,1.0,True,,,False,False,False,True,False,False,False,False,,,,,,,,,False,outgassing evidence; A1 is not an SRP coefficient,False,False,False,False,False,False,False
1000345,  217P/LINEAR,217P,LINEAR,cn,JFc,,,,,,,0.6887993636030325,3.949657808050502,1.229136023415568,12.86135994372874,125.5357027468442,246.9443964108437,154.2396613917055,2456311.5,0.311744,3365,6251.0,0.0,0.59417,2009-03-17,2026-04-28,1.250754451767855e-09,4.5970360035199105e-11,,,2.552e-11,4.012e-13,"[""A1"", ""A2""]",,,49.01075437961814,114.58215362711641,,significant,significant,not_fitted,False,inverse_square,1.0,True,,,True,False,True,True,False,False,False,False,,,,,,,,,False,outgassing evidence; A1 is not an SRP coefficient,False,False,False,False,False,False,False
1000437,  218P/LINEAR,218P,LINEAR,cn,JFc,,,,,,,0.6219656634015625,3.096443215460831,1.170561856771468,2.725397764112088,176.027604982946,59.67362934038918,162.705828126481,2458035.5,0.166788,517,4145.0,2.0,0.73681,2014-12-29,2026-05-05,5.396782903834929e-09,-1.281450669258059e-09,6.341103098212072e-10,,2.011e-10,6.037e-11,"[""A1"", ""A2"", ""A3""]",1.014e-10,,26.836314787841516,-21.226613703131672,6.253553351293957,significant,significant,significant,True,inverse_square,1.0,True,,,True,False,False,True,False,False,False,False,,,,,,,,,False,outgassing evidence; A1 is not an SRP coefficient,False,False,False,False,False,False,False
1000467,  219P/LINEAR,219P,LINEAR,cn,JFc,,,,,,,0.3519661470460788,3.650242163818524,2.365480493634176,11.52887870095732,231.0316166283606,107.4825897357294,221.7500445882206,2456827.5,1.38789,1145,8268.0,0.0,0.71734,2002-06-05,2025-01-23,1.1311802456998811e-08,-1.108811857334e-09,-3.8194600130875335e-10,,9.14e-10,5.732e-12,"[""A1"", ""A2"", ""A3""]",1.742e-10,,12.376151484681412,-193.44240358234472,-2.192571764114543,significant,significant,marginal,True,inverse_square,1.0,True,,,True,False,False,True,False,False,False,False,,,,,,,,,False,outgassing evidence; A1 is not an SRP coefficient,False,False,False,False,False,False,False
1000498,  220P/McNaught,220P,McNaught,cn,JFc,,,,,,,0.5015455092302744,3.114503333556689,1.552438173128612,8.127502442316,150.1107262159877,180.5858902371589,233.4173717138057,2458488.5,0.539775,959,8096.0,0.0,0.75553,2004-05-20,2026-07-20,-2.8181376492955048e-11,-6.071223540621629e-12,,,5.18e-11,4.452e-13,"[""A1"", ""A2""]",,,-0.5440420172385144,-13.637069947487936,,consistent_zero,significant,not_fitted,False,inverse_square,1.0,True,,,False,False,True,True,False,False,False,False,,,,,,,,,False,outgassing evidence; A1 is not an SRP coefficient,False,False,False,False,False,False,False
1000530,  222P/LINEAR,222P,LINEAR,cn,JFc,,,,,,,0.7268241441104772,2.857451014258531,0.7805866264824591,5.146523755949469,7.132797132343198,345.4267483330132,267.1227145852772,2454620.5,0.0628239,239,5283.0,0.0,0.79702,2004-12-07,2019-05-26,8.962845376901919e-11,-4.3704957156622815e-12,,,8.257e-11,3.002e-13,"[""A1"", ""A2""]",,,1.0854844830933654,-14.558613310000936,,marginal,significant,not_fitted,False,inverse_square,1.0,True,,,False,False,True,True,False,False,False,False,,,,,,,,,False,outgassing evidence; A1 is not an SRP coefficient,False,False,False,False,False,False,False
1000412,  223P/Skiff,223P,Skiff,cn,JFc,,,,,,,0.4164245811804548,4.147782069275382,2.420543658249581,27.05423652402845,346.8246686389106,37.86428372577307,47.19257638180999,2455827.5,1.46886,779,9093.0,0.0,0.60112,2001-07-27,2026-06-19,-3.528565863380385e-09,8.830556436793666e-13,6.633297757139979e-10,,7.373e-10,1.357e-11,"[""A1"", ""A2"", ""A3""]",3.648e-10,,-4.785793928360755,0.06507410786141243,1.8183382009703888,significant,consistent_zero,marginal,True,inverse_square,1.0,True,,,False,True,False,True,False,False,False,False,,,,,,,,,False,outgassing evidence; A1 is not an SRP coefficient,False,False,False,False,True,False,False
1000413,  225P/LINEAR,225P,LINEAR,cn,JFc,,,,,,,0.6374248716569151,3.651478847735903,1.323935411859905,21.34308194314826,14.18186996780108,3.875148722901927,174.0991574356421,2458849.5,0.324865,519,7808.0,0.0,0.58357,2002-09-29,2024-02-14,6.752153773108433e-11,-1.9586727108197888e-11,,,8.601e-11,6.907e-13,"[""A1"", ""A2""]",,,0.7850428756084681,-28.357792251625725,,consistent_zero,significant,not_fitted,False,inverse_square,1.0,True,,,False,False,True,True,False,False,False,False,,,,,,,,,False,outgassing evidence; A1 is not an SRP coefficient,False,False,False,False,False,False,False
1000425,  226P/Pigott-LINEAR-Kowalski,226P,Pigott-LINEAR-Kowalski,cn,JFc,,,,,,,0.5281807814224946,3.768515507497562,1.778058041944711,44.00390735608863,54.00694980179039,341.1002390454211,125.3583815040672,2458566.5,0.810558,1679,5328.0,0.0,0.64206,2009-09-10,2024-04-12,4.013138766140027e-09,3.122973329160452e-10,,,4.361e-10,4.389e-12,"[""A1"", ""A2""]",,,9.202336083788184,71.15455295421398,,significant,significant,not_fitted,False,inverse_square,1.0,True,,,True,False,True,True,False,False,False,False,,,,,,,,,False,outgassing evidence; A1 is not an SRP coefficient,False,False,False,False,False,False,False
1003037,  229P/Gibbs,229P,Gibbs,cn,JFc,,,,,,,0.3760591863627675,3.934272517960489,2.454753195926871,26.06939172385766,157.9110095648859,224.2195566472872,286.2466516537077,2457310.5,1.51388,293,8503.0,1.0,0.82528,2001-08-23,2024-12-03,1.3650390415398791e-08,-9.640364423827516e-11,,,2.922e-09,3.829e-11,"[""A1"", ""A2""]",,,4.671591517932509,-2.517723798335732,,significant,marginal,not_fitted,False,inverse_square,1.0,True,,,True,False,True,True,False,False,False,False,,,,,,,,,False,outgassing evidence; A1 is not an SRP coefficient,False,False,False,False,False,False,False
1000427,  231P/LINEAR-NEAT,231P,LINEAR-NEAT,cn,JFc,,,,,,,0.246823709864524,4.026062993966493,3.03233518964741,12.32571536378269,133.0812745065614,42.42823342487095,47.65059918311966,2456088.5,2.05342,576,25635.0,0.0,0.78642,1950-04-20,2020-06-26,1.576719747608054e-07,-7.707151555290993e-09,,,8.773e-09,2.686e-10,"[""A1"", ""A2""]",,,17.97241248840823,-28.693788366682778,,significant,significant,not_fitted,False,inverse_square,1.0,True,,,True,False,True,True,False,False,False,False,,,,,,,,,False,outgassing evidence; A1 is not an SRP coefficient,False,False,False,False,False,False,False
1001676,  238P/Read,238P,Read,cn,ETc,,,,,,,0.2516735764622148,3.166196876070949,2.369348784486682,1.264088307957321,51.62545363512518,324.2068074675905,17.76866597739032,2459837.5,1.37015,119,6241.0,1.0,0.47413,2005-11-22,2022-12-24,1.639511641360351e-09,-1.0221330869662429e-10,1.337924074414479e-10,,4.602e-10,1.159e-11,"[""A1"", ""A2"", ""A3""]",4.024e-10,,3.5626067826170162,-8.819094796947738,0.3324861019916697,significant,significant,consistent_zero,True,inverse_square,1.0,True,,,True,False,True,True,False,False,False,False,,,,,,,,,False,outgassing evidence; A1 is not an SRP coefficient,False,False,False,False,False,False,False
1000422,  240P/NEAT,240P,NEAT,cn,JFc,,,,,,,0.4503342032990769,3.86145543582024,2.122509978555242,23.53697186073975,74.91440512308867,352.0271897107448,292.2141871985815,2460507.5,1.13932,4121,3246.0,0.0,0.65887,2017-07-06,2026-05-26,2.9309239681213812e-08,2.4911634849691262e-08,,,6.269e-10,5.071e-10,"[""A1"", ""A2""]",,,46.75265541747298,49.1256849727692,,significant,significant,not_fitted,False,inverse_square,1.0,True,,,True,False,True,True,False,False,False,False,,,,,,,,,False,outgassing evidence; A1 is not an SRP coefficient,False,False,False,False,False,False,False
1000280,  241P/LINEAR,241P,LINEAR,cn,JFc,,,,,,,0.6099174897439364,4.953748592438926,1.932370686116018,20.86831177850125,305.8066351859011,110.5256754371282,147.10879237776,2457040.5,1.04884,874,8217.0,0.0,0.63757,1999-10-30,2022-04-29,3.9348628979485887e-10,3.236765098765026e-10,,,4.201e-10,1.156e-11,"[""A1"", ""A2""]",,,0.9366491068670766,27.999698086202645,,consistent_zero,significant,not_fitted,False,inverse_square,1.0,True,,,False,False,True,True,False,False,False,False,,,,,,,,,False,outgassing evidence; A1 is not an SRP coefficient,False,False,False,False,False,False,False
1000486,  246P/NEAT,246P,NEAT,cn,JFc,,,,,,,0.2850444639370089,4.027831561939781,2.879720473538091,15.9717159509834,78.78053597811052,176.1717184406548,13.70032018064869,2456433.5,1.86525,4914,8371.0,0.0,0.60202,2002-01-06,2024-12-07,1.2095389637412822e-08,4.49414185851574e-09,,,9.374e-10,5.373e-11,"[""A1"", ""A2""]",,,12.90312527993687,83.6430645545457,,significant,significant,not_fitted,False,inverse_square,1.0,True,,,True,False,True,True,False,False,False,False,,,,,,,,,False,outgassing evidence; A1 is not an SRP coefficient,False,False,False,False,False,False,False
1000298,  252P/LINEAR,252P,LINEAR,cn,JFc,,,,,,,0.6730850153945767,3.046804058107118,0.9960459017518296,10.42219597127401,190.9484957698451,343.3104746438897,16.6305339416182,2457552.5,0.0122062,122,1972.0,3.0,0.5772,2016-04-05,2021-08-29,1.085035621804432e-08,-7.1894347174281615e-09,,,4.742e-10,2.765e-10,"[""A1"", ""A2""]",,,22.881392277613497,-26.00157221493006,,significant,significant,not_fitted,False,inverse_square,1.0,True,,,True,False,True,True,False,False,False,False,,,,,,,,,False,outgassing evidence; A1 is not an SRP coefficient,False,False,False,False,False,False,False
1002422,  255P/Levy,255P,Levy,cn,JFc,,,,,,,0.6720097835717624,3.024533986985813,0.9920175569860368,18.33304278569389,279.7800482749129,179.5929552438922,82.56119098281414,2454456.5,0.00881278,503,5484.0,0.0,0.91265,2006-10-02,2021-10-07,7.190929864643741e-09,-4.020938707747963e-09,,,3.004e-10,7.429e-12,"[""A1"", ""A2""]",,,23.93784908336798,-541.248984755413,,significant,significant,not_fitted,False,inverse_square,1.0,True,,,True,False,True,True,False,False,False,False,,,,,,,,,False,outgassing evidence; A1 is not an SRP coefficient,False,False,False,False,False,False,False
1000588,  257P/Catalina,257P,Catalina,cn,JFc,,,,,,,0.4323743719041483,3.753522591667275,2.130595618667106,20.24031529474932,207.8501443047092,117.8839913161226,76.9268336716797,2457015.5,1.19992,2118,6073.0,0.0,0.63794,2005-04-17,2021-12-02,-1.129259979287306e-09,-3.0539581911130527e-10,,,2.388e-10,4.684e-12,"[""A1"", ""A2""]",,,-4.728894385625234,-65.1997905873837,,significant,significant,not_fitted,False,inverse_square,1.0,True,,,False,False,True,True,False,False,False,False,,,,,,,,,False,outgassing evidence; A1 is not an SRP coefficient,False,False,False,False,True,False,False
1000584,  260P/McNaught,260P,McNaught,cn,JFc,,,,,,,0.5946466774018404,3.674055778345634,1.48929071716337,15.77918215266626,351.8588344882894,15.53316107731896,124.1997183726948,2457070.5,0.490725,6858,7731.0,0.0,0.44911,2005-05-20,2026-07-20,1.3634868237373039e-10,-1.7185452118985588e-11,7.398900129062892e-11,,4.484e-11,2.348e-13,"[""A1"", ""A2"", ""A3""]",2.84e-11,,3.0407823901367173,-73.19187444201698,2.6052465243179195,significant,significant,marginal,True,inverse_square,1.0,True,,,True,False,False,True,False,False,False,False,,,,,,,,,False,outgassing evidence; A1 is not an SRP coefficient,False,False,False,False,False,False,False
1001652,  261P/Larson,261P,Larson,cn,JFc,,,,,,,0.4183477531805609,3.525389382870581,2.050550655460069,6.053412310860345,294.3737868139422,62.54941078304985,212.1059530024276,2457658.5,1.05421,1333,7530.0,0.0,0.7863,2005-07-03,2026-02-13,4.715962571206654e-09,8.465895030465857e-10,,,3.676e-10,3.321e-12,"[""A1"", ""A2""]",,,12.829060313402215,254.92005511791197,,significant,significant,not_fitted,False,inverse_square,1.0,True,,,True,False,True,True,False,False,False,False,,,,,,,,,False,outgassing evidence; A1 is not an SRP coefficient,False,False,False,False,False,False,False
1002425,  266P/Christensen,266P,Christensen,cn,ETc,,,,,,,0.3396456148119091,3.531948266738769,2.332337526198423,3.427132554623115,5.00362962736593,98.00968589465538,207.38078120853,2457931.5,1.35056,520,2801.0,1.0,0.80584,2012-08-15,2020-04-16,2.4665103744309443e-08,1.563291919585549e-08,,,4.008e-09,6.501e-09,"[""A1"", ""A2""]",,,6.153968000077206,2.404694538664127,,significant,marginal,not_fitted,False,inverse_square,1.0,True,,,True,False,True,True,False,False,False,False,,,,,,,,,False,outgassing evidence; A1 is not an SRP coefficient,False,False,False,False,False,False,False
1000765,  273P/Pons-Gambart,273P,Pons-Gambart,cn,HTC,,,,,,,0.9753243653418344,32.83234635549665,0.8101589836385896,136.3960312125772,320.4311716157664,20.19191161075621,0.4627592305599377,2456369.5,0.171823,1140,68223.0,3.0,0.54482,1827-06-21,2014-04-04,4.3584856472648267e-10,7.730155120533185e-10,,,1.21e-09,1.544e-10,"[""A1"", ""A2""]",,,0.36020542539378736,5.006577150604395,,consistent_zero,significant,not_fitted,False,inverse_square,1.0,True,,,False,False,True,True,False,False,False,False,,,,,,,,,False,outgassing evidence; A1 is not an SRP coefficient,False,False,False,False,False,False,False
1002318,  277P/LINEAR,277P,LINEAR,cn,JFc,,,,,,,0.5037934649921938,3.857661621000885,1.914196906189446,16.74833240557595,276.3521452616634,152.1762708303387,155.9913089141343,2457647.5,0.944783,828,5663.0,1.0,0.57634,2005-09-15,2021-03-18,1.2923366367196391e-08,-3.9621518520787044e-10,,,1.102e-09,1.755e-11,"[""A1"", ""A2""]",,,11.72719271070453,-22.57636382950829,,significant,significant,not_fitted,False,inverse_square,1.0,True,,,True,False,True,True,False,False,False,False,,,,,,,,,False,outgassing evidence; A1 is not an SRP coefficient,False,False,False,False,False,False,False
1002452,  284P/McNaught,284P,McNaught,cn,JFc,,,,,,,0.3756843189109366,3.672500473501173,2.292799634413792,11.85991501880888,144.29311624,202.7738446120227,198.9169900952093,2458321.5,1.2903,1370,3931.0,0.0,0.53487,2013-05-01,2024-02-04,4.644110690969326e-09,2.7077938306680142e-09,,,5.133e-10,3.655e-10,"[""A1"", ""A2""]",,,9.047556382172854,7.408464652990464,,significant,significant,not_fitted,False,inverse_square,1.0,True,,,True,False,True,True,False,False,False,False,,,,,,,,,False,outgassing evidence; A1 is not an SRP coefficient,False,False,False,False,False,False,False
1000462,  285P/LINEAR,285P,LINEAR,cn,JFc,,,,,,,0.6178777018277449,4.509071972547168,1.723016944773827,25.02338569636337,185.4833445440662,178.4012909561368,252.0337341381451,2458908.5,0.719837,933,7052.0,0.0,0.75058,2003-09-19,2023-01-09,5.7139641067659065e-09,1.4090592246289301e-09,1.827808881181243e-09,-139.2979045947473,1.001e-09,2.547e-10,"[""A1"", ""A2"", ""A3"", ""DT""]",2.904e-10,13.75,5.708255850914992,5.532230956532902,6.294107717566264,significant,significant,significant,True,inverse_square,1.0,True,,,True,False,False,True,False,False,False,False,,,,,,,,,False,outgassing evidence; A1 is not an SRP coefficient,False,False,False,False,False,False,False
1002414,  287P/Christensen,287P,Christensen,cn,JFc,,,,,,,0.2709686799638636,4.16750344694966,3.03824053918486,16.32034483498736,139.0452359518569,188.8741314278485,253.5143728145052,2459211.5,2.02848,270,4226.0,0.0,0.80366,2013-06-01,2024-12-26,4.50185091146391e-07,6.418740673511134e-08,-4.7592491427814e-07,-44.11856414576771,1.621e-08,2.515e-08,"[""A1"", ""A2"", ""A3"", ""DT""]",1.432e-08,7.718,27.7720599103264,2.5521831703821607,-33.234980047356146,significant,marginal,significant,True,inverse_square,1.0,True,,,True,False,False,True,False,False,False,False,,,,,,,,,False,outgassing evidence; A1 is not an SRP coefficient,False,False,False,False,False,False,False
1000237,  290P/Jager,290P,Jager,cn,JFc,,,,,,,0.6470062091673232,6.103499068208248,2.15449727343054,19.06957545540106,303.48545735,180.9212619999359,265.6183842334354,2455287.5,1.17074,3751,6026.0,0.0,0.5787,1998-10-24,2015-04-24,-2.15142564497228e-08,7.698186467551879e-09,-8.737270833554684e-09,,1.985e-09,1.379e-09,"[""A1"", ""A2"", ""A3""]",5.619e-10,,-10.838416347467405,5.582441238253719,-15.549512072530137,significant,significant,significant,True,inverse_square,1.0,True,,,False,False,False,True,False,False,False,False,,,,,,,,,False,outgassing evidence; A1 is not an SRP coefficient,False,False,False,False,True,False,False
1000453,  291P/NEAT,291P,NEAT,cn,JFc,,,,,,,0.4304927552212946,4.550406662273237,2.591489560853896,5.956693710858719,241.0444704523192,176.0282416580187,317.4216773972076,2456222.5,1.60337,950,7522.0,1.0,0.75081,2003-07-29,2024-03-02,3.5592024643182094e-08,-1.05073517881686e-09,,-224.0215670215804,2.21e-09,3.252e-10,"[""A1"", ""A2"", ""DT""]",,29.01,16.10498852632674,-3.2310429852916975,,significant,significant,not_fitted,False,inverse_square,1.0,True,,,True,False,True,True,False,False,False,False,,,,,,,,,False,outgassing evidence; A1 is not an SRP coefficient,False,False,False,False,False,False,False
1002442,  293P/Spacewatch,293P,Spacewatch,cn,JFc,,,,,,,0.4197411136850421,3.639327933403075,2.111752373571386,9.064844273006912,78.43779030554494,41.15284800494499,358.8233766485638,2456659.5,1.13736,463,5666.0,2.0,0.52795,2006-11-15,2022-05-21,-6.75386376494166e-10,-5.685141503134226e-11,,,1.832e-09,9.374e-12,"[""A1"", ""A2""]",,,-0.3686606858592609,-6.064797848447009,,consistent_zero,significant,not_fitted,False,inverse_square,1.0,True,,,False,False,True,True,False,False,False,False,,,,,,,,,False,outgassing evidence; A1 is not an SRP coefficient,False,False,False,False,False,False,False
1002989,  304P/Ory,304P,Ory,cn,JFc,,,,,,,0.5741759196221194,3.244002219684945,1.381374261941145,2.755646325567597,60.68208309572269,329.661369090363,170.9272654296966,2455772.5,0.386644,1496,6712.0,0.0,0.58371,2002-10-04,2021-02-18,2.465356995306332e-10,2.611746964964379e-10,,,2.513e-11,2.257e-12,"[""A1"", ""A2""]",,,9.8104138293129,115.71763247516077,,significant,significant,not_fitted,False,inverse_square,1.0,True,,,True,False,True,True,False,False,False,False,,,,,,,,,False,outgassing evidence; A1 is not an SRP coefficient,False,False,False,False,False,False,False
1000518,  305P/Skiff,305P,Skiff,cn,JFc,,,,,,,0.6923321065986856,4.646344519191056,1.429531030236255,11.63672020846066,240.1470354653547,147.2735010367484,165.4394760823766,2458657.5,0.451931,1263,7435.0,0.0,0.70906,2004-10-07,2025-02-14,1.120804008323365e-10,-5.89564283238929e-11,,,1.401e-10,4.277e-13,"[""A1"", ""A2""]",,,0.8000028610445146,-137.84528483491442,,consistent_zero,significant,not_fitted,False,inverse_square,1.0,True,,,False,False,True,True,False,False,False,False,,,,,,,,,False,outgassing evidence; A1 is not an SRP coefficient,False,False,False,False,False,False,False
1003007,  335P/Gibbs,335P,Gibbs,cn,JFc,,,,,,,0.5434535467404357,3.587837111089702,1.638014307941045,7.275514351514871,330.8911451235497,162.2991064565882,69.42337963790298,2455332.5,0.652905,430,5290.0,0.0,0.51687,2008-12-01,2023-05-27,2.013816288385663e-09,-7.531342931172018e-11,,,5.8e-10,1.349e-11,"[""A1"", ""A2""]",,,3.4720970489407983,-5.582908029037819,,significant,significant,not_fitted,False,inverse_square,1.0,True,,,True,False,True,True,False,False,False,False,,,,,,,,,False,outgassing evidence; A1 is not an SRP coefficient,False,False,False,False,False,False,False
1002502,  338P/McNaught,338P,McNaught,cn,JFc,,,,,,,0.4103349360419733,3.902905421985593,2.301406975277264,25.35040444006635,9.80528990944566,4.508283061281503,57.39469259790476,2458163.5,1.30083,882,6101.0,0.0,0.91522,2008-05-10,2025-01-22,1.8513172811679622e-08,-2.778168770289834e-09,1.6163689748634041e-09,,1.074e-09,1.385e-11,"[""A1"", ""A2"", ""A3""]",3.574e-10,,17.237591072327394,-200.5898029090133,4.522576874268059,significant,significant,significant,True,inverse_square,1.0,True,,,True,False,False,True,False,False,False,False,,,,,,,,,False,outgassing evidence; A1 is not an SRP coefficient,False,False,False,False,False,False,False
1002483,  346P/Catalina,346P,Catalina,cn,JFc,,,,,,,0.5040617619222416,4.481605403210306,2.222599487427881,22.17216794534828,102.5566321999475,335.7629863477637,158.1274677030455,2455855.5,1.25449,553,10072.0,0.0,0.7096,1998-01-29,2025-08-27,5.783735472558313e-09,3.105734726537883e-10,-5.758374151907377e-09,,1.422e-09,2.039e-11,"[""A1"", ""A2"", ""A3""]",1.102e-09,,4.067324523599376,15.23165633417304,-5.22538489283791,significant,significant,significant,True,inverse_square,1.0,True,,,True,False,False,True,False,False,False,False,,,,,,,,,False,outgassing evidence; A1 is not an SRP coefficient,False,False,False,False,False,False,False
1000513,  355P/LINEAR-NEAT,355P,LINEAR-NEAT,cn,JFc,,,,,,,0.5081234888195154,3.471870001421487,1.707731303571385,11.04421568606865,51.44154080812134,336.4011339094478,358.6892311351122,2455667.5,0.72064,962,4984.0,2.0,0.82274,2004-07-16,2018-03-09,7.678421540338035e-09,-9.540694191847187e-10,,,4.9e-10,2.122e-10,"[""A1"", ""A2""]",,,15.670248041506195,-4.496085858551926,,significant,significant,not_fitted,False,inverse_square,1.0,True,,,True,False,True,True,False,False,False,False,,,,,,,,,False,outgassing evidence; A1 is not an SRP coefficient,False,False,False,False,False,False,False
1002315,  378P/McNaught,378P,McNaught,cn,JFc,,,,,,,0.4688377597638858,6.364350737876641,3.380502795578923,19.10864911123748,94.51629123889784,194.1585031319015,350.2701763656725,2458985.5,2.36754,828,8263.0,1.0,0.55293,2003-05-30,2026-01-12,5.730228733914634e-07,-3.969801604367592e-07,,,1.18e-07,5.973e-08,"[""A1"", ""A2""]",,,4.856126045690368,-6.646244105755217,,significant,significant,not_fitted,False,inverse_square,1.0,True,,,True,False,True,True,False,False,False,False,,,,,,,,,False,outgassing evidence; A1 is not an SRP coefficient,False,False,False,False,False,False,False
1003034,  398P/Boattini,398P,Boattini,cn,JFc,,,,,,,0.5825607645161234,3.127892623391735,1.305705105384303,11.01521220754506,127.464460926232,320.2311403347754,352.0284271184776,2459165.5,0.345999,1644,4041.0,2.0,0.60539,2014-07-25,2025-08-17,-1.151903002510988e-09,-9.595452918079523e-10,7.52430237674011e-10,,3.344e-10,5.785e-12,"[""A1"", ""A2"", ""A3""]",1.003e-10,,-3.4446860122936247,-165.8678118942009,7.501796985782762,significant,significant,significant,True,inverse_square,1.0,True,,,False,False,False,True,False,False,False,False,,,,,,,,,False,outgassing evidence; A1 is not an SRP coefficient,False,False,False,False,True,False,False
1003266,  399P/PANSTARRS,399P,PANSTARRS,cn,JFc,,,,,,,0.4420240312908053,3.811261219285702,2.126592170834726,13.34576010328339,207.5637818609249,213.3198107114529,191.1919367074073,2458086.5,1.15141,411,8512.0,1.0,0.63007,1998-11-16,2022-03-07,6.809577267578067e-09,-6.861583206538907e-11,1.1733149627872371e-08,276.7372744527646,4.64e-10,1.684e-10,"[""A1"", ""A2"", ""A3"", ""DT""]",4.242e-10,9.393,14.675813076676869,-0.40745743506763105,27.659475784706203,significant,consistent_zero,significant,True,inverse_square,1.0,True,,,True,True,False,True,False,False,False,False,,,,,,,,,False,outgassing evidence; A1 is not an SRP coefficient,False,False,False,False,False,False,False
1003155,  404P/Bressi,404P,Bressi,cn,JFc,,,,,,,0.1328693694377672,4.769610636662565,4.135875478905542,9.73812859727112,260.353617201068,167.8531306851951,320.1676217698349,2459821.5,3.14992,785,5255.0,2.0,0.56888,2011-10-24,2026-03-14,9.953900550732168e-08,2.031151486533186e-08,2.736873148368438e-09,529.8277222008675,2.114e-09,8.101e-10,"[""A1"", ""A2"", ""A3"", ""ALN"", ""DT"", ""NK"", ""NM"", ""NN"", ""R0""]",4.532e-10,18.42,47.08562228350127,25.07284886474739,6.038996355623208,significant,significant,significant,True,marsden_g,1.0000000023534097,True,,,True,False,False,True,False,False,False,False,,,,,,,,,False,outgassing evidence; A1 is not an SRP coefficient,False,False,False,False,False,False,False
1003148,  408P/Novichonok-Gerke,408P,Novichonok-Gerke,cn,JFc,,,,,,,0.2712855613187461,4.783354511225871,3.485699497661404,19.23565073674917,189.7957820203316,224.8064170944749,275.1023720168238,2458949.5,2.53042,1766,5068.0,1.0,0.64398,2011-09-07,2025-07-23,3.663092519852214e-09,2.156932138715402e-09,1.8060612666461471e-09,,5.676e-10,1.142e-10,"[""A1"", ""A2"", ""A3"", ""ALN"", ""NK"", ""NM"", ""NN"", ""R0""]",1.699e-10,,6.453651373946818,18.887321705038545,10.63014282899439,significant,significant,significant,True,marsden_g,1.0000000023534097,True,,,True,False,False,True,False,False,False,False,,,,,,,,,False,outgassing evidence; A1 is not an SRP coefficient,False,False,False,False,False,False,False
1003058,  418P/LINEAR,418P,LINEAR,cn,JFc,,,,,,,0.6637173442150731,5.102109398919403,1.715750898773854,5.780389972268752,277.8629046106664,306.8874999605916,56.18060004775545,2455962.5,0.715478,775,4636.0,0.0,0.5183,2010-01-14,2022-09-24,2.713032555186997e-09,,,,,,null,,,,,,not_fitted,not_fitted,not_fitted,False,inverse_square,1.0,True,,,False,True,True,True,False,False,False,False,,,,,,,,,False,outgassing evidence; A1 is not an SRP coefficient,False,False,False,False,False,False,False
1003118,  430P/Scotti,430P,Scotti,cn,ETc,,,,,,,0.4996693993150876,3.106780844644647,1.554417526197436,4.474475753610604,54.6918870759665,94.57182891447428,224.1840359032387,2456799.5,0.574358,314,3989.0,4.0,0.80881,2011-01-11,2021-12-13,1.27504160031031e-08,-7.102628398821402e-09,-3.566791226341387e-09,,,,null,,,,,,not_fitted,not_fitted,not_fitted,False,inverse_square,1.0,True,,,False,True,True,True,False,False,False,False,,,,,,,,,False,outgassing evidence; A1 is not an SRP coefficient,False,False,False,False,False,False,False
1002506,  465P/Hill,465P,Hill,cn,JFc,,,,,,,0.6138078164268469,6.01291914403128,2.322142373882255,25.85434269401349,217.9388485858579,141.5102893131704,71.47530545383536,2455766.5,1.37243,706,5685.0,0.0,0.54369,2008-06-12,2024-01-05,-3.6667590027530526e-08,-2.9012832353446592e-08,,,,,null,,,,,,not_fitted,not_fitted,not_fitted,False,inverse_square,1.0,True,,,False,True,True,True,False,False,False,False,,,,,,,,,False,outgassing evidence; A1 is not an SRP coefficient,False,False,False,False,False,False,False
1000352,  473P/NEAT,473P,NEAT,cn,HTC,,,,,,,0.8224954438756285,7.927206246854233,1.407115226154206,56.94853830371601,22.18497813897631,43.10650071099184,108.6887030067196,2454679.5,0.551557,520,8330.0,0.0,0.70193,2001-08-18,2024-06-08,3.5150325692254422e-09,3.410590618008194e-09,6.27496403655327e-09,,,,null,,,,,,not_fitted,not_fitted,not_fitted,False,inverse_square,1.0,True,,,False,True,True,True,False,False,False,False,,,,,,,,,False,outgassing evidence; A1 is not an SRP coefficient,False,False,False,False,False,False,False
1003461,  476P/PANSTARRS,476P,PANSTARRS,cn,JFc,,,,,,,0.3483286658820808,4.755518568558965,3.099035129995358,18.86311136753288,59.24837566144922,47.23805711873755,189.0720506451101,2458822.5,2.15309,97,3722.0,2.0,0.62679,2015-01-14,2025-03-24,5.361472211040854e-06,1.477113965653358e-06,2.683838167685998e-06,,,,null,,,,,,not_fitted,not_fitted,not_fitted,False,inverse_square,1.0,True,,,False,True,True,True,False,False,False,False,,,,,,,,,False,outgassing evidence; A1 is not an SRP coefficient,False,False,False,False,False,False,False
1003138,  479P/Elenin,479P,Elenin,cn,JFc,,,,,,,0.7785636870561866,5.61999832233671,1.244471707248658,15.39335215481404,295.8457663685918,263.4937166027053,328.314622722651,2460007.5,0.383025,990,4803.0,0.0,0.50915,2011-06-12,2024-08-05,4.397773282049035e-09,-5.047585326337629e-09,,,5.722e-10,5.131e-10,"[""A1"", ""A2""]",,,7.685727511445359,-9.837429987015453,,significant,significant,not_fitted,False,inverse_square,1.0,True,,,True,False,True,True,False,False,False,False,,,,,,,,,False,outgassing evidence; A1 is not an SRP coefficient,False,False,False,False,False,False,False
1003116,  492P/LINEAR,492P,LINEAR,cn,JFc,,,,,,,0.6916488052807365,5.745756598838225,1.771710911817859,11.45741750897378,11.48892705594008,41.02304666153523,81.4662955387128,2456627.5,0.799096,802,5313.0,0.0,0.65246,2010-08-10,2025-02-25,3.020416993060475e-09,-8.416022498020342e-10,-1.139911330726313e-09,,8.499e-10,1.379e-09,"[""A1"", ""A2"", ""A3""]",2.645e-10,,3.553849856524856,-0.610298948369858,-4.309683670042771,significant,consistent_zero,significant,True,inverse_square,1.0,True,,,True,True,False,True,False,False,False,False,,,,,,,,,False,outgassing evidence; A1 is not an SRP coefficient,False,False,False,False,False,False,False
1003573,  503P/PANSTARRS,503P,PANSTARRS,cn,JFc,,,,,,,0.4830301207993969,3.648086637604309,1.885950908355634,10.59478409114562,268.6260248706173,17.91507765323891,47.0228211659297,2458767.5,0.872974,123,5181.0,1.0,0.40264,2011-03-26,2025-06-01,1.549708911008491e-09,-6.073198125365649e-10,,,2.139e-09,1.733e-11,"[""A1"", ""A2""]",,,0.7245015946743764,-35.04442080418724,,consistent_zero,significant,not_fitted,False,inverse_square,1.0,True,,,False,False,True,True,False,False,False,False,,,,,,,,,False,outgassing evidence; A1 is not an SRP coefficient,False,False,False,False,False,False,False
1000548,     C/1985 R1 (Hartley-Good),1985 R1,Hartley-Good,cu,COM,,,,,,,0.9998872234733124,6158.910454459494,0.6945805292340071,79.92954402939705,358.3958786394755,87.0325122072075,359.9999243145656,2446371.5,0.221129,165,187.0,,0.72989,1985-09-13,1986-03-19,1.249796339677921e-08,-2.346072889374764e-09,,,2.487e-09,1.479e-09,"[""A1"", ""A2""]",,,5.025317007148858,-1.5862561794285086,,significant,marginal,not_fitted,False,inverse_square,1.0,True,,,True,False,True,False,False,False,False,False,,,,,,,,,False,outgassing evidence; A1 is not an SRP coefficient,False,False,False,False,False,False,False
1000552,     C/1986 P1 (Wilson),1986 P1,Wilson,cu,HYP,,,,,,,1.000314965394949,-3808.82467931473,1.199647969411932,147.1191679685332,111.665560720663,238.3084262128502,-0.00034290551422475,2446824.5,0.391011,671,980.0,,0.53256,1986-08-05,1989-04-11,1.768004048189671e-08,2.433213491155255e-11,,,1.28e-09,6.406e-10,"[""A1"", ""A2""]",,,13.812531626481805,0.03798335140735646,,significant,consistent_zero,not_fitted,False,inverse_square,1.0,True,,,True,True,True,False,False,False,False,False,,,,,,,,,False,outgassing evidence; A1 is not an SRP coefficient,False,False,False,False,False,False,False
1000551,     C/1987 U3 (McNaught),1987 U3,McNaught,cu,COM,,,,,,,0.9985580735770364,583.3631261167292,0.8411667057302886,97.12648071037728,261.3417854412032,17.40914219226905,0.00189292323344447,2447168.5,0.151911,106,504.0,,0.59436,1986-12-21,1988-05-08,7.990843235918434e-08,4.598667365202149e-09,,,1.347e-08,4.664e-09,"[""A1"", ""A2""]",,,5.932326084571963,0.9859921451977164,,significant,consistent_zero,not_fitted,False,inverse_square,1.0,True,,,True,True,True,False,False,False,False,False,,,,,,,,,False,outgassing evidence; A1 is not an SRP coefficient,False,False,False,False,False,False,False
1000555,     C/1989 Q1 (Okazaki-Levy-Rudenko),1989 Q1,Okazaki-Levy-Rudenko,cu,HYP,,,,,,,1.000055680059212,-11536.09603364094,0.6423305102281119,90.14594204719144,275.5100708685986,150.5710892592149,-2.77743150476048e-05,2447807.5,0.288329,225,122.0,,0.67488,1989-08-24,1989-12-24,3.8325948570328484e-08,2.633739271020486e-09,,,6.343e-09,3.047e-09,"[""A1"", ""A2""]",,,6.042243192547451,0.864371273718571,,significant,consistent_zero,not_fitted,False,inverse_square,1.0,True,,,True,True,True,False,False,False,False,False,,,,,,,,,False,outgassing evidence; A1 is not an SRP coefficient,False,False,False,False,False,False,False
1001263,     C/1993 A1 (Mueller),1993 A1,Mueller,cu,HYP,,,,,,,1.001840877206201,-1052.462704953726,1.937454603926041,124.878071290721,144.7205386005745,130.6660656711199,-0.00421166359749276,2449219.5,1.13461,714,629.0,,0.8668,1992-11-26,1994-08-17,1.599884466587848e-07,-2.243940958661508e-08,,,,,"[""A1"", ""A2""]",,,,,,not_fitted,not_fitted,not_fitted,False,inverse_square,1.0,True,,,False,True,True,False,False,False,False,False,,,,,,,,,False,outgassing evidence; A1 is not an SRP coefficient,False,False,False,False,False,False,False
1000483,     C/1993 Y1 (McNaught-Russell),1993 Y1,McNaught-Russell,cu,COM,,,,,,,0.9935569221319066,134.6615172022624,0.8676346411697747,51.58646888894948,166.3590730828903,353.4675579575653,0.01759975665071276,2449470.5,0.121186,377,265.0,,0.8562,1993-12-17,1994-09-08,1.690531819140415e-08,8.655670166711991e-10,,,9.473e-10,5.05e-10,"[""A1"", ""A2""]",,,17.845791398083133,1.713994092418216,,significant,marginal,not_fitted,False,inverse_square,1.0,True,,,True,False,True,False,False,False,False,False,,,,,,,,,False,outgassing evidence; A1 is not an SRP coefficient,False,False,False,False,False,False,False
1000131,     C/1996 B2 (Hyakutake),1996 B2,Hyakutake,cu,COM,,,,4.2,,,0.9998916470450124,2124.755444393889,0.2302235310262354,124.9220493922234,188.045131992156,130.1751209780967,359.9995230582502,2450157.5,0.100967,977,306.0,,0.71366,1996-01-01,1996-11-02,2.687692871249691e-08,6.515068724785844e-10,,,5.417e-10,9.876e-11,"[""A1"", ""A2""]",,,49.615892029715546,6.59686991169081,,significant,significant,not_fitted,False,inverse_square,1.0,True,,,True,False,True,False,False,False,False,False,,,,,,,,,False,outgassing evidence; A1 is not an SRP coefficient,False,False,False,False,False,False,False
1000227,     C/1998 P1 (Williams),1998 P1,Williams,cu,COM,,,,,,,0.9993594130639354,1789.224616887551,1.146153915263378,145.7285193610125,156.3730919994927,294.4529323278361,0.00075745687824749,2451162.5,0.410331,403,240.0,,0.86749,1998-08-11,1999-04-08,2.405600989457476e-07,1.49879266815697e-08,,,3.919e-09,1.363e-09,"[""A1"", ""A2""]",,,61.383031116546974,10.996277829471534,,significant,significant,not_fitted,False,inverse_square,1.0,True,,,True,False,True,False,False,False,False,False,,,,,,,,,False,outgassing evidence; A1 is not an SRP coefficient,False,False,False,False,False,False,False
1000230,     C/1998 T1 (LINEAR),1998 T1,LINEAR,cu,COM,,,,,,,0.9991140852305892,1656.736958753315,1.46772774078811,170.159948252212,153.3578520536524,226.3516935918178,359.9992509549964,2451303.5,0.474469,376,585.0,,0.95241,1998-10-01,2000-05-08,2.765360155503047e-09,8.084248561706769e-10,,,9.435e-10,8.801e-10,"[""A1"", ""A2""]",,,2.930959359303706,0.9185602274408328,,marginal,consistent_zero,not_fitted,False,inverse_square,1.0,True,,,False,True,True,False,False,False,False,False,,,,,,,,,False,outgassing evidence; A1 is not an SRP coefficient,False,False,False,False,False,False,False
1000268,     C/1999 J3 (LINEAR),1999 J3,LINEAR,cu,COM,,,,,,,0.9993863899472998,1591.905150759834,0.976809003451493,101.6560362757572,228.9789608121327,161.9805624642706,359.9998111978429,2451429.5,0.0106254,187,292.0,,0.8093,1999-05-12,2000-02-28,2.256582782611191e-08,-5.6802732668166535e-09,,,1.38e-09,1.308e-09,"[""A1"", ""A2""]",,,16.352049149356457,-4.342716564844536,,significant,significant,not_fitted,False,inverse_square,1.0,True,,,True,False,True,False,False,False,False,False,,,,,,,,,False,outgassing evidence; A1 is not an SRP coefficient,False,False,False,False,False,False,False
1001439,     P/1999 J6 (SOHO),1999 J6,SOHO,cu,JFC,,,,,,,0.984234205313902,3.098992106746036,0.04885807328879616,26.62913842970726,81.59821778765323,21.94712532373169,144.8376068423972,2454119.5,0.00987416,267,4000.0,5.0,0.12245,1999-05-10,2010-04-22,4.947518080569714e-07,-1.888659014002649e-09,,,6.029e-07,9.975e-12,"[""A1"", ""A2""]",,,0.8206200166809943,-189.33924952407511,,consistent_zero,significant,not_fitted,False,inverse_square,1.0,True,,,False,False,True,False,False,False,False,False,,,,,,,,,False,outgassing evidence; A1 is not an SRP coefficient,False,False,False,False,False,False,False
1000273,     C/1999 S4 (LINEAR),1999 S4,LINEAR,cu,HYP,,,,,,,1.000108293667131,-7064.946187139971,0.7650889306889462,149.3849284408427,83.18058544347436,151.0499937079533,-0.00027246807265689,2451587.5,0.173605,1230,300.0,,0.72106,1999-09-27,2000-07-23,9.141289699030304e-08,-1.679661485752839e-08,,,2.049e-09,9.527e-10,"[""A1"", ""A2""]",,,44.613419712202564,-17.630539369715954,,significant,significant,not_fitted,False,inverse_square,1.0,True,,,True,False,True,False,False,False,False,False,,,,,,,,,False,outgassing evidence; A1 is not an SRP coefficient,False,False,False,False,False,False,False
1000275,     C/1999 T1 (McNaught-Hartley),1999 T1,McNaught-Hartley,cu,COM,,,,,,,0.9998557718824566,8123.927278997458,1.171698738509632,79.9752134092422,182.4830068979577,344.7580005145944,359.9999657138752,2451866.5,0.193966,661,787.0,,0.757,1999-10-07,2001-12-02,2.4467898286339394e-08,-7.218831694088474e-10,,,6.297e-10,4.857e-10,"[""A1"", ""A2""]",,,38.856436853008404,-1.4862737685996446,,significant,marginal,not_fitted,False,inverse_square,1.0,True,,,True,False,True,False,False,False,False,False,,,,,,,,,False,outgassing evidence; A1 is not an SRP coefficient,False,False,False,False,False,False,False
1000322,     C/2000 WM1 (LINEAR),2000 WM1,LINEAR,cu,HYP,,,,,,,1.000242782046336,-2287.433616121887,0.5553478141797995,72.55022904813463,237.8957290233648,276.7709061580807,1.195333663304688e-05,2452298.5,0.0125737,2130,981.0,,0.7253,2000-11-16,2003-07-25,5.7658438162199414e-09,-8.002985625969952e-11,,,2.053e-10,6.498e-11,"[""A1"", ""A2""]",,,28.084967443838,-1.2316075139996847,,significant,marginal,not_fitted,False,inverse_square,1.0,True,,,True,False,True,False,False,False,False,False,,,,,,,,,False,outgassing evidence; A1 is not an SRP coefficient,False,False,False,False,False,False,False
1000366,     C/2001 A2-A (LINEAR),2001 A2-A,LINEAR,cu,COM,,,,,,,0.999692137817885,2530.53002441112,0.779054495221844,36.4866097334356,295.1277176090811,295.322728284241,359.999964975135,2452049.5,0.0508206,436,136.0,,0.6254,2001-01-03,2001-05-19,-2.1148357042877883e-08,1.92001727747633e-08,,,6.524e-09,2.554e-09,"[""A1"", ""A2""]",,,-3.241624316811447,7.517687069210376,,significant,significant,not_fitted,False,inverse_square,1.0,True,,,False,False,True,False,False,False,False,False,,,,,,,,,False,outgassing evidence; A1 is not an SRP coefficient,False,False,False,False,True,False,False
1000340,     C/2001 A2-B (LINEAR),2001 A2-B,LINEAR,cu,COM,,,,,,,0.999303580246131,1118.60290263091,0.779017158127398,36.4758214872215,295.1246666062354,295.326808388447,0.00109279271736829,2452095.5,0.0510793,1717,333.0,,0.75407,2001-01-03,2001-12-02,5.252125837664723e-09,-3.083455246456309e-09,6.608764277387061e-10,,1.589e-10,1.522e-10,"[""A1"", ""A2"", ""A3""]",7.325e-11,,33.053026039425575,-20.25923289393107,9.02220379165469,significant,significant,significant,True,inverse_square,1.0,True,,,True,False,False,False,False,False,False,False,,,,,,,,,False,outgassing evidence; A1 is not an SRP coefficient,False,False,False,False,False,False,False
1000351,     C/2001 Q4 (NEAT),2001 Q4,NEAT,cu,HYP,,,,,,,1.000688051701856,-1398.092298471224,0.961959785314794,99.6426335150403,210.2784398134271,1.204370507121934,-1.820758099498258e-05,2453140.5,0.0426109,2617,1811.0,,0.7443,2001-08-24,2006-08-09,1.63501329755828e-08,4.804120709323461e-10,4.3216236951751226e-10,,1.605e-10,7.703e-11,"[""A1"", ""A2"", ""A3""]",6.418e-11,,101.86998738680873,6.236687925903493,6.733598777150394,significant,significant,significant,True,inverse_square,1.0,True,,,True,False,False,False,False,False,False,False,,,,,,,,,False,outgassing evidence; A1 is not an SRP coefficient,False,False,False,False,False,False,False
1000418,     C/2002 T7 (LINEAR),2002 T7,LINEAR,cu,HYP,,,,,,,1.000486281134781,-1263.766984784838,0.61454604345993,160.5827153342453,94.85657322180674,157.7390844456747,-0.00348955533612116,2452959.5,0.255445,4397,1242.0,,0.61784,2002-10-12,2006-03-07,1.213167390300054e-08,9.573108853444812e-10,-1.803296794025546e-09,,2.241e-10,5.701e-11,"[""A1"", ""A2"", ""A3""]",7.014e-11,,54.13509104417912,16.79198185133277,-25.70996284610131,significant,significant,significant,True,inverse_square,1.0,True,,,True,False,False,False,False,False,False,False,,,,,,,,,False,outgassing evidence; A1 is not an SRP coefficient,False,False,False,False,False,False,False
1000419,     C/2002 V1 (NEAT),2002 V1,NEAT,cu,COM,,,,,,,0.9999017748627322,1010.516972044071,0.09925816829043008,81.7060566720839,64.08842957735027,152.1696864278609,359.998334078724,2452634.5,0.151118,1510,350.0,,0.63675,2002-11-06,2003-10-22,-3.628851637454017e-09,4.2835800176784264e-10,,,4.973e-10,4.223e-11,"[""A1"", ""A2""]",,,-7.297107656251793,10.143452563766106,,significant,significant,not_fitted,False,inverse_square,1.0,True,,,False,False,True,False,False,False,False,False,,,,,,,,,False,outgassing evidence; A1 is not an SRP coefficient,False,False,False,False,True,False,False
1000423,     C/2002 X5 (Kudo-Fujikawa),2002 X5,Kudo-Fujikawa,cu,COM,,,,,,,0.9998408993971803,1193.800858137598,0.1899344361763081,94.15227885413908,119.065023882042,187.5844737725108,359.9997848904668,2452659.5,0.741465,514,129.0,,0.68994,2002-12-14,2003-04-22,2.5946341973037313e-08,5.808922262341384e-09,,,3.099e-09,2.065e-10,"[""A1"", ""A2""]",,,8.372488535991389,28.130374151774255,,significant,significant,not_fitted,False,inverse_square,1.0,True,,,True,False,True,False,False,False,False,False,,,,,,,,,False,outgassing evidence; A1 is not an SRP coefficient,False,False,False,False,False,False,False
1000442,     C/2003 K4 (LINEAR),2003 K4,LINEAR,cu,HYP,,,,,,,1.000300703408358,-3404.074214087312,1.023616718479539,134.2525183648013,18.67572241685174,198.4427076902601,-0.00059907426366369,2453171.5,0.0478619,3625,1269.0,,0.63379,2003-05-28,2006-11-17,8.137537648623226e-09,-3.5616035120304342e-09,-5.620606749073437e-10,,3.362e-10,1.053e-10,"[""A1"", ""A2"", ""A3""]",7.566e-11,,24.20445463600008,-33.82339517597753,-7.428769163459473,significant,significant,significant,True,inverse_square,1.0,True,,,True,False,False,False,False,False,False,False,,,,,,,,,False,outgassing evidence; A1 is not an SRP coefficient,False,False,False,False,False,False,False
1000459,     C/2003 T4 (LINEAR),2003 T4,LINEAR,cu,HYP,,,,,,,1.000474480851945,-1790.885861225155,0.8497410491703915,86.76119282625949,93.9028754712548,181.6792730367811,-0.00215432337067434,2453298.5,0.167229,955,816.0,,1.0255,2003-10-15,2006-01-08,1.101830156580467e-07,-2.30376326188037e-09,3.699861548838912e-09,,6.265e-10,3.19e-10,"[""A1"", ""A2"", ""A3""]",1.939e-10,,175.8707352881831,-7.221828407148496,19.081286997622033,significant,significant,significant,True,inverse_square,1.0,True,,,True,False,False,False,False,False,False,False,,,,,,,,,False,outgassing evidence; A1 is not an SRP coefficient,False,False,False,False,False,False,False
1000507,     C/2004 Q2 (Machholz),2004 Q2,Machholz,cu,COM,,,,,,,0.9995013165564024,2416.445813892907,1.205041519739395,38.58894877332359,93.62289508735844,19.50470293910827,0.00053176633456968,2453459.5,0.249261,3612,743.0,,0.52171,2004-08-27,2006-09-09,1.2241709184565261e-08,-1.087129091581906e-09,-2.2856955537311403e-09,,1.559e-10,1.85e-10,"[""A1"", ""A2"", ""A3""]",1.04e-10,,78.522829920239,-5.876373468010303,-21.977841862799426,significant,significant,significant,True,inverse_square,1.0,True,,,True,False,False,False,False,False,False,False,,,,,,,,,False,outgassing evidence; A1 is not an SRP coefficient,False,False,False,False,False,False,False
1002417,     C/2006 S3 (LONEOS),2006 S3,LONEOS,cu,HYP,,,,,,,1.003516117945851,-1459.323142327953,5.131152289534899,166.0326766102831,38.37086932894204,140.1301749831621,0.00010023688967298,2456039.5,4.13091,5568,5180.0,,0.60293,2006-09-19,2020-11-24,2.934914523677969e-07,-5.93056541020741e-08,-6.976783778556207e-08,955.1779968162834,7.674e-09,8.808e-09,"[""A1"", ""A2"", ""A3"", ""ALN"", ""DT"", ""NK"", ""NM"", ""NN"", ""R0""]",1.995e-09,14.06,38.24491169765401,-6.73315782266963,-34.97134726093337,significant,significant,significant,True,marsden_g,1.0000000023534097,True,,,True,False,False,False,False,False,False,False,,,,,,,,,False,outgassing evidence; A1 is not an SRP coefficient,False,False,False,False,False,False,False
1002480,     P/2007 T2 (Kowalski),2007 T2,Kowalski,cu,JFc,,,,,,,0.7750089844606387,3.092645037475934,0.6958173476844763,9.8964223084264,3.997656530187372,358.553635866107,8.875746723701628,2454411.5,0.156333,50,160.0,6.0,0.27926,2007-08-11,2008-01-18,1.310515543179985e-08,2.359307158954154e-09,,,4.691e-09,3.1e-09,"[""A1"", ""A2""]",,,2.793680543977798,0.761066825469082,,marginal,consistent_zero,not_fitted,False,inverse_square,1.0,True,,,False,True,True,False,False,False,False,False,,,,,,,,,False,outgassing evidence; A1 is not an SRP coefficient,False,False,False,False,False,False,False
1002487,     C/2007 W1 (Boattini),2007 W1,Boattini,cu,HYP,,,,,,,1.000100764012639,-8432.18101196496,0.8496603940633058,9.88893054892604,334.5290781226416,306.5507681804394,-3.931721132178036e-05,2454611.5,0.0178649,1639,597.0,,0.73537,2007-03-21,2008-11-07,4.057253060316333e-08,-2.447038250608994e-09,,27.22501968185557,1.759e-10,2.219e-10,"[""A1"", ""A2"", ""DT""]",,0.5478,230.65679706175857,-11.027662237985552,,significant,significant,not_fitted,False,inverse_square,1.0,True,,,True,False,True,False,False,False,False,False,,,,,,,,,False,outgassing evidence; A1 is not an SRP coefficient,False,False,False,False,False,False,False
1002491,     C/2008 A1 (McNaught),2008 A1,McNaught,cu,HYP,,,,,,,1.000230471730961,-4655.992023392321,1.073074540971431,82.54917530843085,277.8836993312148,348.4732575918569,-9.692929957973991e-06,2454735.5,0.0666484,906,636.0,,0.67461,2008-01-10,2009-10-07,5.1230118836665443e-08,7.982808790551488e-09,,,6.863e-10,3.716e-10,"[""A1"", ""A2""]",,,74.64682913691598,21.482262622582045,,significant,significant,not_fitted,False,inverse_square,1.0,True,,,True,False,True,False,False,False,False,False,,,,,,,,,False,outgassing evidence; A1 is not an SRP coefficient,False,False,False,False,False,False,False
1003031,     C/2009 P1 (Garradd),2009 P1,Garradd,cu,HYP,,,,,,,1.000997435576857,-1554.52203651031,1.550535584223489,106.1772916768743,325.9972285528648,90.74706541748093,-0.0005094017214925,2455887.5,1.25341,9048,1978.0,,0.45847,2008-09-27,2014-02-26,1.9899843360682262e-08,-1.008284109247567e-09,,,3.346e-10,1.498e-10,"[""A1"", ""A2""]",,,59.47353066551781,-6.73086855305452,,significant,significant,not_fitted,False,inverse_square,1.0,True,,,True,False,True,False,False,False,False,False,,,,,,,,,False,outgassing evidence; A1 is not an SRP coefficient,False,False,False,False,False,False,False
1003113,     C/2010 X1 (Elenin),2010 X1,Elenin,cu,HYP,,,,,,,1.000067251452369,-7173.388484905965,0.4824207940167428,1.83956811421481,323.2351474030079,343.7981179505746,-0.00026559421583595,2455651.5,0.0306307,2235,271.0,,0.59392,2010-12-10,2011-09-07,-4.7790027412305865e-08,6.325626323697817e-08,,,1.175e-08,7.967e-09,"[""A1"", ""A2""]",,,-4.067236375515393,7.93978451574974,,significant,significant,not_fitted,False,inverse_square,1.0,True,,,False,False,True,False,False,False,False,False,,,,,,,,,False,outgassing evidence; A1 is not an SRP coefficient,False,False,False,False,True,False,False
1003119,     C/2011 A3 (Gibbs),2011 A3,Gibbs,cu,COM,,,,,,,0.9979938825751232,1168.845517257402,2.344841359159311,26.07435262883368,124.895271952043,141.1610776277263,359.9960022203701,2455749.5,1.38479,1747,995.0,,0.53514,2011-01-15,2013-10-06,8.038421668714042e-08,4.798933022351108e-08,-5.092356199325596e-09,,6.208e-09,7.375e-09,"[""A1"", ""A2"", ""A3""]",1.67e-09,,12.948488512748135,6.507027826916756,-3.0493150894165244,significant,significant,significant,True,inverse_square,1.0,True,,,True,False,False,False,False,False,False,False,,,,,,,,,False,outgassing evidence; A1 is not an SRP coefficient,False,False,False,False,False,False,False
1003123,     C/2011 F1 (LINEAR),2011 F1,LINEAR,cu,HYP,,,,,,,1.000042540832777,-42756.08490456973,1.818879458128998,56.6107679212758,85.11890675851191,192.5649188491038,-3.31143531047603e-05,2456003.5,0.816003,4591,1239.0,,0.50575,2011-03-17,2014-08-07,5.705165627439185e-08,-2.4955072379329283e-08,-1.3952479413169e-09,,1.079e-09,1e-09,"[""A1"", ""A2"", ""A3""]",3.145e-10,,52.87456559257817,-24.95507237932928,-4.436400449338315,significant,significant,significant,True,inverse_square,1.0,True,,,True,False,False,False,False,False,False,False,,,,,,,,,False,outgassing evidence; A1 is not an SRP coefficient,False,False,False,False,False,False,False
1003190,     C/2012 K1 (PANSTARRS),2012 K1,PANSTARRS,cu,HYP,,,,,,,1.000152915493971,-6896.600670785898,1.054597098294,142.4282581726916,317.7376491689354,203.1066008825931,-0.00034359221106059,2456697.5,0.107091,7829,1546.0,,0.4386,2012-05-14,2016-08-07,2.2102870116492393e-08,-1.588305374135966e-09,-2.629981597806596e-09,4.100959433357811,2.859e-10,2.165e-10,"[""A1"", ""A2"", ""A3"", ""DT""]",6.318e-11,0.6181,77.30979404159633,-7.336283483307002,-41.626805916533655,significant,significant,significant,True,inverse_square,1.0,True,,,True,False,False,False,False,False,False,False,,,,,,,,,False,outgassing evidence; A1 is not an SRP coefficient,False,False,False,False,False,False,False
1003203,     C/2012 S1 (ISON),2012 S1,ISON,cu,HYP,,,,,,,1.00000509491957,-2446.893404476403,0.01246672509220626,62.16289620932959,295.6865414817095,345.5411966905318,-0.00172438691819167,2456413.5,0.0229938,6684,784.0,,0.57181,2011-09-30,2013-11-22,8.537814652708544e-08,5.695189309362105e-09,,,2.168e-09,6.145e-10,"[""A1"", ""A2""]",,,39.381063896257125,9.268005385455012,,significant,significant,not_fitted,False,inverse_square,1.0,True,,,True,False,True,False,False,False,False,False,,,,,,,,,False,outgassing evidence; A1 is not an SRP coefficient,False,False,False,False,False,False,False
1003219,     C/2012 V1 (PANSTARRS),2012 V1,PANSTARRS,cu,COM,,,,,,,0.9993932445880024,3443.236544894067,2.089202408402069,157.8399660169482,85.36942026042149,123.33528642,359.9988900337456,2456267.5,1.16281,98,345.0,,0.52644,2012-09-02,2013-08-13,1.749323605639034e-06,4.473003836566251e-07,2.02146580145803e-07,,1.894e-07,1.137e-07,"[""A1"", ""A2"", ""A3""]",2.848e-08,,9.236133081515492,3.934040313602683,7.097843403995892,significant,significant,significant,True,inverse_square,1.0,True,,,True,False,False,False,False,False,False,False,,,,,,,,,False,outgassing evidence; A1 is not an SRP coefficient,False,False,False,False,False,False,False
1003224,     C/2012 X1 (LINEAR),2012 X1,LINEAR,cu,COM,,,,,,,0.989572081770421,153.3297479812039,1.59891007410995,44.36732616876064,113.1464275550719,132.11367729,359.9659286091901,2456644.5,0.751503,2560,1038.0,,0.4579,2012-12-08,2015-10-12,3.586023282829287e-08,2.1971893435784304e-09,5.347680062923145e-09,25.99367220215736,7.037e-10,8.5e-10,"[""A1"", ""A2"", ""A3"", ""DT""]",1.632e-10,2.322,50.959546437818496,2.584928639504036,32.76764744438202,significant,marginal,significant,True,inverse_square,1.0,True,,,True,False,False,False,False,False,False,False,,,,,,,,,False,outgassing evidence; A1 is not an SRP coefficient,False,False,False,False,False,False,False
1003283,     C/2013 US10 (Catalina),2013 US10,Catalina,cu,HYP,,,,,,,1.000280139519764,-2937.712794545054,0.8229694514684749,148.8782967756639,186.1445797203693,340.358754276709,4.505297720035011e-05,2457349.5,0.138599,4397,1555.0,,0.45246,2013-08-14,2017-11-16,7.57004723178409e-09,6.54192695849941e-11,1.620117010589126e-10,,2.399e-10,6.338e-11,"[""A1"", ""A2"", ""A3""]",6.052e-11,,31.555011387178364,1.032175285342286,2.676994399519375,significant,marginal,marginal,True,inverse_square,1.0,True,,,True,False,False,False,False,False,False,False,,,,,,,,,False,outgassing evidence; A1 is not an SRP coefficient,False,False,False,False,False,False,False
1003291,     C/2013 X1 (PANSTARRS),2013 X1,PANSTARRS,cu,HYP,,,,,,,1.001026030109369,-1280.894657827026,1.314236485860392,163.2319318726818,130.9548639714141,164.4606649991445,-0.00263863973734794,2457376.5,0.309751,539,1565.0,,0.45785,2013-10-17,2018-01-29,1.9299455423086392e-08,-1.0935330497183261e-08,-5.358334627605692e-09,44.52164467457923,1.316e-09,1.003e-09,"[""A1"", ""A2"", ""A3"", ""DT""]",2.263e-10,4.245,14.665239683196345,-10.902622629295376,-23.67801426250858,significant,significant,significant,True,inverse_square,1.0,True,,,True,False,False,False,False,False,False,False,,,,,,,,,False,outgassing evidence; A1 is not an SRP coefficient,False,False,False,False,False,False,False
1003306,     C/2014 E2 (Jacques),2014 E2,Jacques,cu,COM,,,,,,,0.9990362488564763,688.8878784649253,0.6639164806301531,156.3927539375293,56.39159704902931,344.037051387196,0.00166180320852165,2456871.5,0.276173,4812,452.0,,0.46067,2014-03-13,2015-06-08,2.0822467291386212e-08,-2.816946132111392e-09,,,3.665e-10,1.03e-10,"[""A1"", ""A2""]",,,56.81437187281368,-27.348991573897006,,significant,significant,not_fitted,False,inverse_square,1.0,True,,,True,False,True,False,False,False,False,False,,,,,,,,,False,outgassing evidence; A1 is not an SRP coefficient,False,False,False,False,False,False,False
1003330,     C/2014 Q1 (PANSTARRS),2014 Q1,PANSTARRS,cu,COM,,,,,,,0.9997222580500504,1132.604359313414,0.3145717432769556,43.10672117116223,8.762539044504756,120.0501133884542,359.9963925908708,2457070.5,0.0909385,704,636.0,,0.59866,2014-08-16,2016-05-13,7.869664884523303e-09,2.760675065676407e-09,-5.480229192631268e-09,,1.355e-09,9.727e-11,"[""A1"", ""A2"", ""A3""]",1.34e-09,,5.807870763485832,28.38156744809712,-4.089723278083036,significant,significant,significant,True,inverse_square,1.0,True,,,True,False,False,False,False,False,False,False,,,,,,,,,False,outgassing evidence; A1 is not an SRP coefficient,False,False,False,False,False,False,False
1003331,     C/2014 Q2 (Lovejoy),2014 Q2,Lovejoy,cu,COM,,,,,,,0.9977738520356274,579.6372296596467,1.290358238881392,80.30130181438155,94.97505909428632,12.39526184803142,0.00416209162828649,2457111.5,0.320031,7892,802.0,,0.4628,2014-07-01,2016-09-10,1.300556773870139e-09,-1.52381340579343e-09,-2.406663208628065e-09,,2.282e-10,2.323e-10,"[""A1"", ""A2"", ""A3""]",1.288e-10,,5.699197080938383,-6.55967888847796,-18.68527335891355,significant,significant,significant,True,inverse_square,1.0,True,,,True,False,False,False,False,False,False,False,,,,,,,,,False,outgassing evidence; A1 is not an SRP coefficient,False,False,False,False,False,False,False
1003343,     C/2014 S2 (PANSTARRS),2014 S2,PANSTARRS,cu,COM,,,,,,,0.9876262546848744,169.7661182744818,2.100642710665925,64.670380588373,8.122248442298307,87.80660986760738,0.01390323890189547,2457397.5,1.76753,2941,942.0,,0.5984,2014-09-02,2017-04-01,7.685285841777872e-08,2.0369453145673763e-08,-1.1846522238322591e-08,,2.045e-09,1.317e-09,"[""A1"", ""A2"", ""A3""]",9.269e-10,,37.58085986199448,15.466555159964892,-12.78079861724306,significant,significant,significant,True,inverse_square,1.0,True,,,True,False,False,False,False,False,False,False,,,,,,,,,False,outgassing evidence; A1 is not an SRP coefficient,False,False,False,False,False,False,False
1003353,     C/2014 W2 (PANSTARRS),2014 W2,PANSTARRS,cu,COM,,,,,,,0.9983173510807816,1586.896021893264,2.670188876150907,81.99856218826473,69.96277817409009,85.00945362146287,359.9996494578734,2457435.5,2.41248,3410,1053.0,,0.48927,2014-10-24,2017-09-11,1.670226521450191e-07,2.8363646603226013e-08,,,1.144e-08,1.035e-08,"[""A1"", ""A2""]",,,14.599882180508661,2.7404489471715956,,significant,marginal,not_fitted,False,inverse_square,1.0,True,,,True,False,True,False,False,False,False,False,,,,,,,,,False,outgassing evidence; A1 is not an SRP coefficient,False,False,False,False,False,False,False
1003365,     C/2014 Y1 (PANSTARRS),2014 Y1,PANSTARRS,cu,HYP,,,,,,,1.002103296016681,-1065.45922931295,2.240976152949842,14.92128860669347,19.51642360791671,182.2659694463042,-0.00775532791195287,2457131.5,1.23865,305,559.0,,0.67527,2014-11-17,2016-05-29,1.5254521131355113e-08,-2.9603124626563883e-08,,,1.636e-08,2.936e-08,"[""A1"", ""A2""]",,,0.9324279420143713,-1.0082808115314674,,consistent_zero,marginal,not_fitted,False,inverse_square,1.0,True,,,False,False,True,False,False,False,False,False,,,,,,,,,False,outgassing evidence; A1 is not an SRP coefficient,False,False,False,False,False,False,False
1003377,     C/2015 D1 (SOHO),2015 D1,SOHO,cu,JFC,,,,,,,0.9943230680445668,4.989016899800109,0.02832230946467193,69.61561804949724,95.88102600738615,234.9554132197588,0.02225918898427705,2457073.5,0.515838,417,3.0,9.0,0.53771,2015-02-18,2015-02-21,1.240169374432594e-06,,,,9.704e-08,,"[""A1""]",,,12.779981187475206,,,significant,not_fitted,not_fitted,False,inverse_square,1.0,True,,,True,True,True,False,False,False,False,False,,,,,,,,,False,outgassing evidence; A1 is not an SRP coefficient,False,False,False,False,False,False,False
1003443,     C/2015 ER61 (PANSTARRS),2015 ER61,PANSTARRS,cu,COM,,,,,,,0.997278605169853,382.9403597760523,1.042131915349179,6.348648626051271,235.2217409789212,68.1922585903011,359.9986921361895,2457873.5,0.101706,2826,1421.0,,0.54013,2015-01-21,2018-12-12,5.568113494849294e-09,-3.4773934612966352e-09,-4.6286864399870044e-10,,3.642e-10,1.757e-10,"[""A1"", ""A2"", ""A3""]",6.01e-11,,15.288614757960719,-19.791653166173223,-7.701641331093184,significant,significant,significant,True,inverse_square,1.0,True,,,True,False,False,False,False,False,False,False,,,,,,,,,False,outgassing evidence; A1 is not an SRP coefficient,False,False,False,False,False,False,False
1003383,     C/2015 G2 (MASTER),2015 G2,MASTER,cu,HYP,,,,,,,1.000395105483913,-1973.798170638304,0.7798584813568049,147.5627212046803,110.058839611536,257.4587835853224,0.00094651339927154,2457250.5,0.145728,562,314.0,,0.60761,2015-03-30,2016-02-07,1.209407455040085e-08,5.904124770839543e-09,-4.3331748684705495e-09,,1.534e-09,1.021e-09,"[""A1"", ""A2"", ""A3""]",3.827e-10,,7.884012092829758,5.782688316199356,-11.322641412256466,significant,significant,significant,True,inverse_square,1.0,True,,,True,False,False,False,False,False,False,False,,,,,,,,,False,outgassing evidence; A1 is not an SRP coefficient,False,False,False,False,False,False,False
1003387,     C/2015 H2 (PANSTARRS),2015 H2,PANSTARRS,cu,HYP,,,,,,,1.003512106761469,-1414.285459979799,4.967121526642287,33.70531410514059,350.6918929538623,287.9076321077583,0.00303399675518175,2457808.5,4.13369,204,1982.0,,0.50833,2014-05-19,2019-10-22,1.435861415390717e-07,-1.1810738238441341e-08,3.5107316186127436e-08,,2.279e-08,2.094e-08,"[""A1"", ""A2"", ""A3"", ""ALN"", ""NK"", ""NM"", ""NN"", ""R0""]",3.907e-09,,6.300401120626226,-0.5640276140611911,8.985747680094047,significant,consistent_zero,significant,True,marsden_g,1.0000000023534097,True,,,True,True,False,False,False,False,False,False,,,,,,,,,False,outgassing evidence; A1 is not an SRP coefficient,False,False,False,False,False,False,False
1003402,     C/2015 O1 (PANSTARRS),2015 O1,PANSTARRS,cu,COM,,,,,,,0.9999942726886238,651202.2977610121,3.729638328146878,127.2110782162259,299.8558487296183,89.5938608233934,359.9999999868159,2458161.5,3.22225,3677,1740.0,,0.45891,2015-06-15,2020-03-20,8.216986809823566e-08,-3.691365570317524e-08,6.356848766048048e-09,,1.35e-09,1.397e-09,"[""A1"", ""A2"", ""A3"", ""ALN"", ""NK"", ""NM"", ""NN"", ""R0""]",3.276e-10,,60.86656896165604,-26.423518756746773,19.40430026266193,significant,significant,significant,True,marsden_g,1.0000000023534097,True,,,True,False,False,False,False,False,False,False,,,,,,,,,False,outgassing evidence; A1 is not an SRP coefficient,False,False,False,False,False,False,False
1003415,     C/2015 V2 (Johnson),2015 V2,Johnson,cu,HYP,,,,,,,1.001702614530096,-961.4331512716,1.636950053071025,49.87481167153636,69.8521003063327,164.8980978916873,-0.00480543687847231,2457771.5,0.642464,5890,1750.0,,0.41158,2015-01-11,2019-10-27,2.2850159898780613e-08,-4.300876681666961e-09,-4.358242715115092e-09,,4.005e-10,3.157e-10,"[""A1"", ""A2"", ""A3""]",1.745e-10,,57.05408214427119,-13.623302761061009,-24.97560295194895,significant,significant,significant,True,inverse_square,1.0,True,,,True,False,False,False,False,False,False,False,,,,,,,,,False,outgassing evidence; A1 is not an SRP coefficient,False,False,False,False,False,False,False
1003481,     C/2016 R2 (PANSTARRS),2016 R2,PANSTARRS,cu,COM,,,,,,,0.9963073873895084,704.7487057333195,2.602363958018401,58.22406306808122,80.56902872443624,33.19189859773018,0.0010228992908455,2458267.5,1.72033,4319,1762.0,,0.50046,2016-08-30,2021-06-27,4.784269367433301e-08,-3.8792896073250465e-08,,,7.783e-09,5.016e-09,"[""A1"", ""A2""]",,,6.147076149856484,-7.733830955592198,,significant,significant,not_fitted,False,inverse_square,1.0,True,,,True,False,True,False,False,False,False,False,,,,,,,,,False,outgassing evidence; A1 is not an SRP coefficient,False,False,False,False,False,False,False
1003508,     C/2017 E4 (Lovejoy),2017 E4,Lovejoy,cu,COM,,,,,,,0.9989624088491836,475.6907860911563,0.4935725501731164,88.18683741206246,223.171811393429,87.24405447283101,359.9977851515154,2457843.5,0.0299165,642,46.0,,0.70509,2017-03-09,2017-04-24,1.753110760527948e-07,-7.617056952215633e-08,,,1.134e-08,1.269e-08,"[""A1"", ""A2""]",,,15.459530516119473,-6.002408945796401,,significant,significant,not_fitted,False,inverse_square,1.0,True,,,True,False,True,False,False,False,False,False,,,,,,,,,False,outgassing evidence; A1 is not an SRP coefficient,False,False,False,False,False,False,False
1003517,     C/2017 K2 (PANSTARRS),2017 K2,PANSTARRS,cu,HYP,,,,,,,1.000615793969248,-2918.645453121991,1.797284268405429,87.5548419754834,88.24113626594688,236.1923232376015,-0.0029173956635735,2459466.5,1.09027,3118,4727.0,,0.51441,2013-05-12,2026-04-21,2.2864372547090393e-08,5.428821688754682e-09,-1.1163394825855211e-08,-64.74580055125773,9.804e-10,3.883e-10,"[""A1"", ""A2"", ""A3"", ""DT""]",2e-10,2.802,23.32147342624479,13.980998425842602,-55.816974129276055,significant,significant,significant,True,inverse_square,1.0,True,,,True,False,False,False,False,False,False,False,,,,,,,,,False,outgassing evidence; A1 is not an SRP coefficient,False,False,False,False,False,False,False
1003524,     C/2017 M4 (ATLAS),2017 M4,ATLAS,cu,HYP,,,,,,,1.001084869605387,-2997.319774147885,3.251701120598155,105.6570866675482,65.86835265112381,167.6526261665539,-0.00129338966725473,2458286.5,2.2552,3296,1628.0,,0.52482,2017-06-16,2021-11-30,9.034130643042674e-06,1.083464003339007e-06,2.157776785072682e-06,,2.195e-07,2.458e-07,"[""A1"", ""A2"", ""A3""]",8.069e-08,,41.15777058333792,4.407908882583429,26.741563825414325,significant,significant,significant,True,inverse_square,1.0,True,,,True,False,False,False,False,False,False,False,,,,,,,,,False,outgassing evidence; A1 is not an SRP coefficient,False,False,False,False,False,False,False
1003538,     C/2017 T1 (Heinze),2017 T1,Heinze,cu,HYP,,,,,,,1.000345786802034,-1679.227553118097,0.5806547254801013,96.83375647604691,102.3159450857234,96.91627909591816,-0.00099844339404638,2458101.5,0.0140842,1005,262.0,,0.64919,2017-09-28,2018-06-17,4.6847883187325164e-08,-1.6140694462853462e-08,,,1.315e-09,1.294e-09,"[""A1"", ""A2""]",,,35.62576668237655,-12.473488765729105,,significant,significant,not_fitted,False,inverse_square,1.0,True,,,True,False,True,False,False,False,False,False,,,,,,,,,False,outgassing evidence; A1 is not an SRP coefficient,False,False,False,False,False,False,False
1003539,     C/2017 T2 (PANSTARRS),2017 T2,PANSTARRS,cu,COM,,,,,,5.6759,0.9996775001442036,5008.050240707847,1.615095480449734,57.23144008937928,64.3787798536482,92.99331641725108,359.9995996751246,2458830.5,1.20234,6922,1434.0,,0.50487,2017-09-15,2021-08-19,3.5940463650225135e-08,-7.516440827692269e-10,-3.174887178834374e-10,-46.74263689398133,6.037e-10,5.212e-10,"[""A1"", ""A2"", ""A3"", ""DT""]",1.278e-10,1.915,59.533648584106565,-1.442141371391456,-2.4842622682585085,significant,marginal,marginal,True,inverse_square,1.0,True,,,True,False,False,False,False,False,False,False,,,,,,,,,False,outgassing evidence; A1 is not an SRP coefficient,False,False,False,False,False,False,False
1003543,     C/2017 T3 (ATLAS),2017 T3,ATLAS,cu,COM,,,,,,,0.9993860864428707,1344.198875028869,0.8252219128579639,88.10720207390392,230.0867537472919,246.8935996072179,359.9958972326007,2458113.5,0.160585,542,535.0,,0.49615,2017-09-11,2019-02-28,5.1051821112997046e-08,1.059675457308884e-08,,,2.075e-09,8.561e-10,"[""A1"", ""A2""]",,,24.603287283372072,12.377940162467983,,significant,significant,not_fitted,False,inverse_square,1.0,True,,,True,False,True,False,False,False,False,False,,,,,,,,,False,outgassing evidence; A1 is not an SRP coefficient,False,False,False,False,False,False,False
1003574,     C/2018 L2 (ATLAS),2018 L2,ATLAS,cu,COM,,,,,,,0.9929812976392138,243.8785560967669,1.711710997421499,67.42359017314774,243.0182586407085,56.23081761810727,0.00683704112117277,2458481.5,0.985359,731,996.0,,0.55101,2017-04-29,2020-01-20,-2.68845020714355e-08,-1.795780426319288e-09,,,1.577e-09,1.316e-09,"[""A1"", ""A2""]",,,-17.047877026909003,-1.3645747920359332,,significant,marginal,not_fitted,False,inverse_square,1.0,True,,,False,False,True,False,False,False,False,False,,,,,,,,,False,outgassing evidence; A1 is not an SRP coefficient,False,False,False,False,True,False,False
1003618,     C/2019 F1 (ATLAS-Africano),2019 F1,ATLAS-Africano,cu,HYP,,,,,,,1.003488984557926,-1030.647736183455,3.595914036205476,54.17570785856012,38.72625952342182,251.1138245243264,-0.00729188223361934,2459143.5,2.98563,1964,1818.0,,0.402,2019-02-08,2024-01-31,1.2643035046727041e-08,-4.324932353293351e-09,8.223211786569419e-09,,2.406e-09,1.409e-09,"[""A1"", ""A2"", ""A3"", ""ALN"", ""NK"", ""NM"", ""NN"", ""R0""]",2.53e-10,,5.2547942837602,-3.069504863941342,32.50281338564988,significant,significant,significant,True,marsden_g,1.0000000023534097,True,,,True,False,False,False,False,False,False,False,,,,,,,,,False,outgassing evidence; A1 is not an SRP coefficient,False,False,False,False,False,False,False
1003625,     C/2019 J3 (ATLAS),2019 J3,ATLAS,cu,HYP,,,,,,,1.000677947687315,-3501.039615289575,2.373521710384135,131.4149075211576,270.5170347609708,16.55239858554766,-0.00010890604528773,2458674.5,1.38004,270,284.0,,0.56791,2019-05-14,2020-02-22,3.401660400565797e-07,,,,4.306e-08,,"[""A1""]",,,7.899815142976769,,,significant,not_fitted,not_fitted,False,inverse_square,1.0,True,,,True,True,True,False,False,False,False,False,,,,,,,,,False,outgassing evidence; A1 is not an SRP coefficient,False,False,False,False,False,False,False
1003634,     C/2019 N1 (ATLAS),2019 N1,ATLAS,cu,COM,,,,,,,0.9998702832601744,13141.15886217436,1.704628285132169,82.424794991277,13.57671390791099,193.4453993526031,359.9998529161252,2458960.5,0.721788,1995,1179.0,,0.44494,2019-06-10,2022-09-01,3.351471027313348e-08,1.2921768546647632e-08,-3.5859408026741202e-09,,1.184e-09,9.521e-10,"[""A1"", ""A2"", ""A3""]",2.908e-10,,28.30634313609247,13.571860672878511,-12.331295745096698,significant,significant,significant,True,inverse_square,1.0,True,,,True,False,False,False,False,False,False,False,,,,,,,,,False,outgassing evidence; A1 is not an SRP coefficient,False,False,False,False,False,False,False
1003639,     C/2019 Q4 (Borisov),2019 Q4,Borisov,cu,HYP,,,,,,,3.356475782676596,-0.8514922551937886,2.006520878500843,44.05264247909138,308.1477292269942,209.1236864378081,34.4294703072178,2458853.5,1.09292,964,584.0,,0.39958,2019-02-24,2020-09-30,4.8595882640274854e-08,1.8798986909513612e-08,2.835503220128475e-09,-65.13009704907404,4.051e-09,5.999e-09,"[""A1"", ""A2"", ""A3"", ""ALN"", ""DT"", ""NK"", ""NM"", ""NN"", ""R0""]",7.186e-10,10.96,11.996021387379622,3.13368676604661,3.9458714446541543,significant,significant,significant,True,marsden_g,1.0000000023534097,True,,,True,False,False,False,False,False,False,False,,,,,,,,,False,outgassing evidence; A1 is not an SRP coefficient,False,False,False,False,False,False,False
1003655,     C/2019 Y4 (ATLAS),2019 Y4,ATLAS,cu,COM,,,,,,,0.9992249320647086,326.2341628816291,0.2528536390461703,45.38020761988551,120.5685991173249,177.4098125486481,359.9837723438816,2458903.5,0.631181,1259,148.0,,0.42675,2019-12-20,2020-05-16,5.1977399404282414e-08,9.227583019259356e-09,,,3.035e-09,2.96e-09,"[""A1"", ""A2""]",,,17.125996508824517,3.1174266956957286,,significant,significant,not_fitted,False,inverse_square,1.0,True,,,True,False,True,False,False,False,False,False,,,,,,,,,False,outgassing evidence; A1 is not an SRP coefficient,False,False,False,False,False,False,False
1003671,     C/2020 F8 (SWAN),2020 F8,SWAN,cu,COM,,,,,,,0.9998407116426576,2701.498704560393,0.4303172910122318,110.7960782484968,260.0286579914294,68.19814176753111,359.999764526754,2458963.5,0.193521,376,213.0,,0.73408,2019-10-22,2020-05-22,1.159557082522533e-07,-2.111621586788248e-09,,,5.749e-09,2.48e-09,"[""A1"", ""A2""]",,,20.169717907854114,-0.8514603172533257,,significant,consistent_zero,not_fitted,False,inverse_square,1.0,True,,,True,True,True,False,False,False,False,False,,,,,,,,,False,outgassing evidence; A1 is not an SRP coefficient,False,False,False,False,False,False,False
1003683,     C/2020 J1 (SONEAR),2020 J1,SONEAR,cu,HYP,,,,,,,1.000363082822468,-9240.74431196632,3.355155526494848,142.2956282769738,226.5828900647736,341.755562981693,0.00021346959926024,2459515.5,2.36434,1423,1117.0,,0.91952,2020-05-01,2023-05-23,1.8935127814392713e-08,-2.4393208713398262e-08,-1.651927622019348e-08,,1.853e-09,1.925e-09,"[""A1"", ""A2"", ""A3"", ""ALN"", ""NK"", ""NM"", ""NN"", ""R0""]",5.259e-10,,10.218633467022512,-12.671796734232863,-31.411439855853736,significant,significant,significant,True,marsden_g,1.0000000023534097,True,,,True,False,False,False,False,False,False,False,,,,,,,,,False,outgassing evidence; A1 is not an SRP coefficient,False,False,False,False,False,False,False
1003687,     C/2020 K1 (PANSTARRS),2020 K1,PANSTARRS,cu,COM,,,,,,,0.9999344087000472,46857.29456637366,3.073430862883086,89.66414629969941,94.355503643,213.9791961659248,359.9999725908258,2459791.5,2.18962,3655,2106.0,,0.43367,2020-04-17,2026-01-22,1.544323225600553e-08,-2.0449122887692242e-08,1.683766305761214e-09,,8.48e-10,6.41e-10,"[""A1"", ""A2"", ""A3"", ""ALN"", ""NK"", ""NM"", ""NN"", ""R0""]",1.598e-10,,18.21135879245935,-31.901907781111145,10.53671029888119,significant,significant,significant,True,marsden_g,1.0000000023534097,True,,,True,False,False,False,False,False,False,False,,,,,,,,,False,outgassing evidence; A1 is not an SRP coefficient,False,False,False,False,False,False,False
1003696,     C/2020 K8 (Catalina-ATLAS),2020 K8,Catalina-ATLAS,cu,HYP,,,,,,,1.000152233626527,-3117.411049030006,0.4745747893689997,31.41395025946461,181.5167921815602,260.0644167865724,-0.00035968225121954,2459043.5,0.0601002,291,316.0,,0.65233,2020-05-25,2021-04-06,9.16856030696096e-09,7.003702781260743e-10,,,4.052e-09,1.442e-09,"[""A1"", ""A2""]",,,2.2627246562095165,0.48569367415123044,,marginal,consistent_zero,not_fitted,False,inverse_square,1.0,True,,,False,True,True,False,False,False,False,False,,,,,,,,,False,outgassing evidence; A1 is not an SRP coefficient,False,False,False,False,False,False,False
1003720,     C/2020 R4 (ATLAS),2020 R4,ATLAS,cu,COM,,,,,,,0.9893645328999318,96.71291123891044,1.028586985633252,164.4633463260304,323.2724390283404,46.70793010918349,0.01146596920075773,2459286.5,0.117597,2399,549.0,3.0,0.58438,2020-08-29,2022-03-01,2.1952668046104243e-08,5.948561183948305e-09,-7.129546196531724e-10,,9.783e-10,4.917e-10,"[""A1"", ""A2"", ""A3""]",1.025e-10,,22.439607529494268,12.097948309839955,-6.955654825884609,significant,significant,significant,True,inverse_square,1.0,True,,,True,False,False,True,False,False,False,False,,,,,,,,,False,outgassing evidence; A1 is not an SRP coefficient,False,False,False,False,False,False,False
1003724,     C/2020 S3 (Erasmus),2020 S3,Erasmus,cu,COM,,,,,,,0.997954821581056,194.8334837255616,0.3984692362032009,19.86146326582576,222.9925450229118,349.885700357918,0.0320115300726594,2459284.5,0.315259,861,436.0,,0.60811,2020-09-17,2021-11-27,1.71309282924588e-08,6.3050232422207535e-09,,,1.677e-09,3.227e-10,"[""A1"", ""A2""]",,,10.2152225953839,19.53834286402465,,significant,significant,not_fitted,False,inverse_square,1.0,True,,,True,False,True,False,False,False,False,False,,,,,,,,,False,outgassing evidence; A1 is not an SRP coefficient,False,False,False,False,False,False,False
1003729,     C/2020 S4 (PANSTARRS),2020 S4,PANSTARRS,cu,HYP,,,,,,,1.000613955481748,-5488.353501969862,3.369604718304783,20.57260658030936,117.7211229262381,21.0020743955128,-0.00060915764061301,2459733.5,2.39276,1527,1332.0,,0.46609,2020-09-16,2024-05-10,6.342319573939114e-08,-4.6891735986748514e-09,2.661396023389447e-09,,1.955e-09,1.83e-09,"[""A1"", ""A2"", ""A3"", ""ALN"", ""NK"", ""NM"", ""NN"", ""R0""]",4.302e-10,,32.44153234751465,-2.5623899446310663,6.186415675010337,significant,marginal,significant,True,marsden_g,1.0000000023534097,True,,,True,False,False,False,False,False,False,False,,,,,,,,,False,outgassing evidence; A1 is not an SRP coefficient,False,False,False,False,False,False,False
1003744,     C/2020 V2 (ZTF),2020 V2,ZTF,cu,HYP,,,,,,,1.00089953037377,-2476.803383928579,2.227959873700067,131.6110418896687,212.3712351547342,162.4243172377264,-0.00170757486242233,2459859.5,1.26014,5767,1990.0,,0.43504,2020-04-18,2025-09-29,5.3524645879464655e-08,8.75285548522694e-09,-5.690488016393999e-09,-195.458719156052,1.092e-09,1.926e-09,"[""A1"", ""A2"", ""A3"", ""DT""]",3.31e-10,8.824,49.01524347936324,4.544577095133406,-17.19180669605438,significant,significant,significant,True,inverse_square,1.0,True,,,True,False,False,False,False,False,False,False,,,,,,,,,False,outgassing evidence; A1 is not an SRP coefficient,False,False,False,False,False,False,False
1003750,     C/2020 Y2 (ATLAS),2020 Y2,ATLAS,cu,COM,,,,,,,0.9970051197724124,1045.948256499135,3.132489752468919,101.2977662870016,26.51501603137798,266.1058095623662,0.00225229686428947,2459825.5,2.89301,1775,1679.0,,0.41534,2020-03-25,2024-10-29,6.77874095213042e-07,6.713635938466235e-08,6.277878854606165e-07,132.0223323060234,1.508e-07,1.233e-07,"[""A1"", ""A2"", ""A3"", ""DT""]",3.392e-08,28.18,4.495186307778793,0.5444960209623873,18.507897566645532,significant,consistent_zero,significant,True,inverse_square,1.0,True,,,True,True,False,False,False,False,False,False,,,,,,,,,False,outgassing evidence; A1 is not an SRP coefficient,False,False,False,False,False,False,False
1003751,     C/2021 A1 (Leonard),2021 A1,Leonard,cu,HYP,,,,,,,1.00010048049546,-6122.881779196637,0.6152301948171482,132.6858126158049,255.8891037387722,225.0877130387106,-0.00036266407886569,2459406.5,0.231957,2422,651.0,,0.64878,2020-04-11,2022-01-22,5.8119425749535014e-08,-2.033043894243856e-08,1.102413667510234e-08,,9.533e-10,6.694e-10,"[""A1"", ""A2"", ""A3""]",3.479e-10,,60.966564302459894,-30.371136752970664,31.687659313315148,significant,significant,significant,True,inverse_square,1.0,True,,,True,False,False,False,False,False,False,False,,,,,,,,,False,outgassing evidence; A1 is not an SRP coefficient,False,False,False,False,False,False,False
1003756,     C/2021 A4 (NEOWISE),2021 A4,NEOWISE,cu,COM,,,,,,,0.9732474830770552,42.81751843845139,1.145476386623166,111.5698337246359,307.0847624825824,204.6655661643786,359.887299781102,2459261.5,0.208722,683,185.0,4.0,0.55852,2021-01-03,2021-07-07,9.227921642326857e-09,7.797588860367303e-10,,,1.713e-09,3.349e-09,"[""A1"", ""A2""]",,,5.3869945372602785,0.23283334907038827,,significant,consistent_zero,not_fitted,False,inverse_square,1.0,True,,,True,True,True,True,False,False,False,False,,,,,,,,,False,outgassing evidence; A1 is not an SRP coefficient,False,False,False,False,False,False,False
1003767,     C/2021 C5 (PANSTARRS),2021 C5,PANSTARRS,cu,COM,,,,,,,0.9992663513664388,4418.763332469708,3.241819680896153,50.78462257776069,323.6899055509774,270.9173596510743,359.9988388692249,2459640.5,2.7167,456,1289.0,,0.50149,2020-12-22,2024-07-03,3.268493114698205e-08,-1.250701912972862e-11,,,3.477e-09,3.799e-09,"[""A1"", ""A2"", ""ALN"", ""NK"", ""NM"", ""NN"", ""R0""]",,,9.400325322686815,-0.0032921871886624427,,significant,consistent_zero,not_fitted,False,marsden_g,1.0000000023534097,True,,,True,True,True,False,False,False,False,False,,,,,,,,,False,outgassing evidence; A1 is not an SRP coefficient,False,False,False,False,False,False,False
1003771,     C/2021 D2 (ZTF),2021 D2,ZTF,cu,HYP,,,,,,,1.001337298945449,-2203.174194977699,2.946302527584091,83.83124161474777,305.6773850754461,125.0292497116251,-0.0008289876830546,2459527.5,2.28966,654,792.0,,0.69015,2021-02-19,2023-04-22,2.444411837715542e-08,-3.023333410511991e-09,,,2.302e-09,2.124e-09,"[""A1"", ""A2"", ""ALN"", ""NK"", ""NM"", ""NN"", ""R0""]",,,10.618643951848576,-1.4234149767005608,,significant,marginal,not_fitted,False,marsden_g,1.0000000023534097,True,,,True,False,True,False,False,False,False,False,,,,,,,,,False,outgassing evidence; A1 is not an SRP coefficient,False,False,False,False,False,False,False
1003774,     C/2021 E3 (ZTF),2021 E3,ZTF,cu,HYP,,,,,,,1.000863478588981,-2058.429777777335,1.77741004003154,112.5556370939057,104.4684177708492,228.8457371347236,-0.00109656121856336,2459638.5,0.981097,1491,1040.0,,0.40273,2021-03-09,2024-01-13,9.546687727424762e-09,8.234140323485429e-09,4.258112821265192e-09,,9.31e-10,4.979e-10,"[""A1"", ""A2"", ""A3""]",1.834e-10,,10.254229567588359,16.537739151406765,23.217627160660804,significant,significant,significant,True,inverse_square,1.0,True,,,True,False,False,False,False,False,False,False,,,,,,,,,False,outgassing evidence; A1 is not an SRP coefficient,False,False,False,False,False,False,False
1003834,     C/2021 F1 (Lemmon-PANSTARRS),2021 F1,Lemmon-PANSTARRS,cu,COM,,,,,,,0.9957013407361426,231.5714202771654,0.9954466310190568,107.3249916812853,203.4516043710536,146.8260951145685,359.9902455364062,2459641.5,0.0813316,403,220.0,,0.57901,2022-01-07,2022-08-15,9.908378269767849e-09,1.1149919520051551e-08,5.106348015464202e-09,,6.931e-09,1.943e-09,"[""A1"", ""A2"", ""A3""]",1.114e-09,,1.4295741263551938,5.73850721567244,4.583795346018134,marginal,significant,significant,True,inverse_square,1.0,True,,,False,False,False,False,False,False,False,False,,,,,,,,,False,outgassing evidence; A1 is not an SRP coefficient,False,False,False,False,False,False,False
1003815,     C/2021 S3 (PANSTARRS),2021 S3,PANSTARRS,cu,HYP,,,,,,,1.000245443526856,-5378.855449717077,1.320205252026958,58.53281775651208,215.6208058322318,6.853897773317597,8.317220794325296e-05,2460388.5,0.317998,4855,1847.0,,0.42266,2020-12-06,2025-12-27,1.082095411113189e-08,-1.202347796446726e-09,,,2.584e-10,1.356e-10,"[""A1"", ""A2""]",,,41.87675739602125,-8.866871655211844,,significant,significant,not_fitted,False,inverse_square,1.0,True,,,True,False,True,False,False,False,False,False,,,,,,,,,False,outgassing evidence; A1 is not an SRP coefficient,False,False,False,False,False,False,False
1003822,     C/2021 T4 (Lemmon),2021 T4,Lemmon,cu,COM,,,,,,,0.9999181935018592,18131.78672789139,1.483297977245064,160.777408841796,257.8823122014759,329.8139299963154,359.9999561892108,2460048.5,0.497528,1259,1325.0,,0.69157,2021-08-07,2025-03-24,9.208681711965129e-09,-3.958461008290925e-09,,,1.56e-09,5.566e-10,"[""A1"", ""A2""]",,,5.9030010974135445,-7.111859519027893,,significant,significant,not_fitted,False,inverse_square,1.0,True,,,True,False,True,False,False,False,False,False,,,,,,,,,False,outgassing evidence; A1 is not an SRP coefficient,False,False,False,False,False,False,False
1003842,     C/2022 A3 (Lemmon-ATLAS),2022 A3,Lemmon-ATLAS,cu,COM,,,,,,,0.9959695986283124,918.8817374826392,3.703462215168753,88.34808727320068,325.4832027304363,234.8463126475691,359.9923625610274,2460000.5,3.05961,1015,1278.0,,0.44639,2021-04-30,2024-10-29,1.185596612246112e-07,-3.4385207961294585e-08,,,3.458e-09,4.851e-09,"[""A1"", ""A2"", ""ALN"", ""NK"", ""NM"", ""NN"", ""R0""]",,,34.285616317122965,-7.0882721008646845,,significant,significant,not_fitted,False,marsden_g,1.0000000023534097,True,,,True,False,True,False,False,False,False,False,,,,,,,,,False,outgassing evidence; A1 is not an SRP coefficient,False,False,False,False,False,False,False
1003853,     C/2022 L1 (Catalina),2022 L1,Catalina,cu,COM,,,,,,,0.9971050495010448,549.7630999686003,1.591536960561175,123.4692843,300.0249516990333,59.85128489776088,359.9977639112174,2459821.5,0.871803,415,253.0,,0.57771,2022-05-31,2023-02-08,9.082263395354077e-09,,,,2.66e-09,,"[""A1""]",,,3.414384735095518,,,significant,not_fitted,not_fitted,False,inverse_square,1.0,True,,,True,True,True,False,False,False,False,False,,,,,,,,,False,outgassing evidence; A1 is not an SRP coefficient,False,False,False,False,False,False,False
1003854,     C/2022 L2 (ATLAS),2022 L2,ATLAS,cu,HYP,,,,,,,1.001333863834949,-2018.432959399895,2.69231472781247,129.3135945079197,39.24258859873488,199.9421165509222,-0.00345987393306036,2460063.5,1.72081,2512,1335.0,,0.34539,2022-05-20,2026-01-14,4.273897959271567e-08,-1.224341116331216e-08,4.632030296156029e-09,14.93721138283141,1.218e-09,1.581e-09,"[""A1"", ""A2"", ""A3"", ""ALN"", ""DT"", ""NK"", ""NM"", ""NN"", ""R0""]",2.982e-10,7.678,35.08947421405228,-7.744093082423884,15.533300791938393,significant,significant,significant,True,marsden_g,1.0000000023534097,True,,,True,False,False,False,False,False,False,False,,,,,,,,,False,outgassing evidence; A1 is not an SRP coefficient,False,False,False,False,False,False,False
1003861,     C/2022 N2 (PANSTARRS),2022 N2,PANSTARRS,cu,HYP,,,,,,,1.003237371489646,-1181.677832677433,3.825530125456706,5.503041801753047,319.7410485410164,75.38916001231075,-0.00256636270580956,2460782.5,2.83885,3883,1435.0,,0.4319,2022-06-02,2026-05-07,1.04981246376287e-07,-3.726320358149547e-09,,,3.358e-09,3.14e-09,"[""A1"", ""A2"", ""ALN"", ""NK"", ""NM"", ""NN"", ""R0""]",,,31.26302750931715,-1.1867262287100468,,significant,marginal,not_fitted,False,marsden_g,1.0000000023534097,True,,,True,False,True,False,False,False,False,False,,,,,,,,,False,outgassing evidence; A1 is not an SRP coefficient,False,False,False,False,False,False,False
1003869,     C/2022 P1 (NEOWISE),2022 P1,NEOWISE,cu,HTC,,,,,,,0.9134554258806822,18.43193375947093,1.595183857408888,154.606663519525,205.0816478570986,249.934454360369,359.483424654563,2459870.5,0.762866,696,312.0,3.0,0.43862,2022-08-08,2023-06-16,1.8684459664862532e-08,,,,2e-09,,"[""A1""]",,,9.342229832431265,,,significant,not_fitted,not_fitted,False,inverse_square,1.0,True,,,True,True,True,True,False,False,False,False,,,,,,,,,False,outgassing evidence; A1 is not an SRP coefficient,False,False,False,False,False,False,False
1003902,     C/2022 W3 (Leonard),2022 W3,Leonard,cu,COM,,,,,,,0.99503340941403,281.4200821461501,1.397698330689954,103.5580362207789,132.2686526647467,116.5213234814192,359.993574876583,2460087.5,0.740546,876,301.0,,0.71693,2022-11-13,2023-09-10,1.776761119905865e-08,,,,1.384e-09,,"[""A1""]",,,12.837869363481685,,,significant,not_fitted,not_fitted,False,inverse_square,1.0,True,,,True,True,True,False,False,False,False,False,,,,,,,,,False,outgassing evidence; A1 is not an SRP coefficient,False,False,False,False,False,False,False
1003913,     C/2023 A3 (Tsuchinshan-ATLAS),2023 A3,Tsuchinshan-ATLAS,cu,HYP,,,,,,,1.000095309222603,-4106.948101038317,0.3914300307809727,139.1121095087364,21.55947863619833,308.4917712569641,-0.00049708403620181,2460448.5,0.275055,7261,1509.0,,0.49312,2022-04-09,2026-05-27,1.421874404477621e-08,1.348623228469571e-09,,,1.796e-10,1.993e-11,"[""A1"", ""A2""]",,,79.16895347870941,67.66799942145364,,significant,significant,not_fitted,False,inverse_square,1.0,True,,,True,False,True,False,False,False,False,False,,,,,,,,,False,outgassing evidence; A1 is not an SRP coefficient,False,False,False,False,False,False,False
1003917,     C/2023 C2 (ATLAS),2023 C2,ATLAS,cu,COM,,,,,,,0.9990071209920092,2385.465255561166,2.368478376537903,48.32200171488333,301.004609884475,357.445236515201,0.00101697162401729,2460751.5,1.35413,1945,1259.0,,0.41016,2023-02-01,2026-07-14,3.450336397151504e-08,-2.613242278953651e-09,5.481330891068208e-09,31.66842740555986,6.966e-10,6.251e-10,"[""A1"", ""A2"", ""A3"", ""ALN"", ""DT"", ""NK"", ""NM"", ""NN"", ""R0""]",1.527e-10,5.227,49.53109958586713,-4.180518763323709,35.89607656233273,significant,significant,significant,True,marsden_g,1.0000000023534097,True,,,True,False,False,False,False,False,False,False,,,,,,,,,False,outgassing evidence; A1 is not an SRP coefficient,False,False,False,False,False,False,False
1003914,     C/2023 E1 (ATLAS),2023 E1,ATLAS,cu,HTC,,,,,,,0.9469027481696692,19.33442932973791,1.026605063116829,38.31298256859169,164.5742121655385,105.8946154935637,0.01034747545645432,2460127.5,0.365288,3004,325.0,3.0,0.49369,2022-12-25,2023-11-15,3.398198470221811e-09,-2.955949016903367e-10,2.071892878788232e-09,,4.838e-10,2.209e-10,"[""A1"", ""A2"", ""A3""]",1.93e-10,,7.0239736879326395,-1.3381389845646747,10.735196263151462,significant,marginal,significant,True,inverse_square,1.0,True,,,True,False,False,True,False,False,False,False,,,,,,,,,False,outgassing evidence; A1 is not an SRP coefficient,False,False,False,False,False,False,False
1003931,     C/2023 H2 (Lemmon),2023 H2,Lemmon,cu,COM,,,,,,,0.9962818400033832,240.5504923955616,0.8944052179916347,113.753483427741,217.0448055074881,150.6503488589907,359.9941379110513,2460224.5,0.0361333,724,292.0,,0.63662,2023-03-26,2024-01-12,1.6220571018624133e-08,-9.67506584995374e-09,5.940368027059056e-09,,8.149e-10,7.133e-10,"[""A1"", ""A2"", ""A3""]",3.318e-10,,19.90498345640463,-13.563810248077584,17.903459997164124,significant,significant,significant,True,inverse_square,1.0,True,,,True,False,False,False,False,False,False,False,,,,,,,,,False,outgassing evidence; A1 is not an SRP coefficient,False,False,False,False,False,False,False
1003941,     C/2023 P1 (Nishimura),2023 P1,Nishimura,cu,COM,,,,,,,0.9961027387711852,57.77177579480033,0.2251517019248526,132.4764184218047,66.83455164961916,116.2979941884782,359.9783592964844,2460195.5,0.0788546,638,495.0,4.0,0.51053,2023-01-19,2024-05-28,-7.987650804739556e-09,-5.951626743283608e-10,,,6.459e-10,6.492e-11,"[""A1"", ""A2""]",,,-12.366698877131995,-9.167632075298227,,significant,significant,not_fitted,False,inverse_square,1.0,True,,,False,False,True,True,False,False,False,False,,,,,,,,,False,outgassing evidence; A1 is not an SRP coefficient,False,False,False,False,True,False,False
1003947,     C/2023 Q1 (PANSTARRS),2023 Q1,PANSTARRS,cu,HYP,,,,,,,1.005293371166661,-486.5933635796767,2.575719280661231,36.64301411395495,7.131719366158106,84.40943564168897,0.00026359085717122,2460648.5,1.87477,1450,659.0,,0.59676,2023-07-25,2025-05-14,4.568522764872012e-07,-1.139415973470546e-07,1.103527414621073e-07,,3.251e-08,1.824e-08,"[""A1"", ""A2"", ""A3""]",5.546e-09,,14.052669224460203,-6.246798100167466,19.897717537343546,significant,significant,significant,True,inverse_square,1.0,True,,,True,False,False,False,False,False,False,False,,,,,,,,,False,outgassing evidence; A1 is not an SRP coefficient,False,False,False,False,False,False,False
1003943,     C/2023 R1 (PANSTARRS),2023 R1,PANSTARRS,cu,HYP,,,,,,,1.002230805386415,-1600.235615135805,3.569814229778185,149.3168571706666,62.56299135178575,144.2731510134894,-0.00425676996072166,2460867.5,2.60912,4209,1081.0,,0.47174,2023-07-29,2026-07-14,4.4708842468275815e-08,-2.4269366578807743e-08,,,2.342e-09,2.129e-09,"[""A1"", ""A2"", ""ALN"", ""NK"", ""NM"", ""NN"", ""R0""]",,,19.09002667304689,-11.399420657025713,,significant,significant,not_fitted,False,marsden_g,1.0000000023534097,True,,,True,False,True,False,False,False,False,False,,,,,,,,,False,outgassing evidence; A1 is not an SRP coefficient,False,False,False,False,False,False,False
1003972,     C/2024 B1 (Lemmon),2024 B1,Lemmon,cu,HYP,,,,,,,1.000880029430223,-1856.4474750404,1.633728413698577,70.90380175667595,79.18746605665984,66.21182582180695,0.00176564467376949,2460734.5,1.03943,763,674.0,,0.51601,2023-10-13,2025-08-17,6.041072396311096e-09,-7.317236773462309e-09,-3.840217735189796e-09,,1.612e-09,1.369e-09,"[""A1"", ""A2"", ""A3""]",3.125e-10,,3.7475635212847993,-5.344950163230322,-12.288696752607347,significant,significant,significant,True,inverse_square,1.0,True,,,True,False,False,False,False,False,False,False,,,,,,,,,False,outgassing evidence; A1 is not an SRP coefficient,False,False,False,False,False,False,False
1003985,     C/2024 E1 (Wierzchos),2024 E1,Wierzchos,cu,HYP,,,,,,,1.00005833991638,-9700.877367674342,0.5659483744431996,75.23858877073566,108.0823316923767,243.6346411331722,-0.00025042076801543,2460818.5,0.199809,2233,783.0,,0.48036,2024-02-15,2026-04-08,6.565640906657674e-08,-1.1670944003028682e-08,-8.633071289514275e-09,18.79499706560437,1.068e-09,8.797e-10,"[""A1"", ""A2"", ""A3"", ""DT""]",7.083e-10,0.3413,61.476038451850876,-13.266959194076028,-12.188438923498905,significant,significant,significant,True,inverse_square,1.0,True,,,True,False,False,False,False,False,False,False,,,,,,,,,False,outgassing evidence; A1 is not an SRP coefficient,False,False,False,False,False,False,False
1003999,     C/2024 J2 (Wierzchos),2024 J2,Wierzchos,cu,COM,,,,,,,0.9876079964487848,146.138176283451,1.81094479947265,79.29696650995243,189.0591980273468,143.1535987927307,359.9794830105968,2460717.5,0.941531,451,614.0,,0.77026,2024-03-12,2025-11-16,1.456104115451455e-07,-1.9911491861059823e-08,,,2.259e-09,2.156e-09,"[""A1"", ""A2""]",,,64.45790683716046,-9.235385835370975,,significant,significant,not_fitted,False,inverse_square,1.0,True,,,True,False,True,False,False,False,False,False,,,,,,,,,False,outgassing evidence; A1 is not an SRP coefficient,False,False,False,False,False,False,False
1004054,     C/2025 A6 (Lemmon),2025 A6,Lemmon,cu,COM,,,,,,,0.9955372422561862,118.7390235581552,0.529903496877043,143.6637063462897,108.0979822272832,132.9690756696865,359.992733303959,2460978.5,0.30839,2093,609.0,,0.58209,2024-11-12,2026-07-14,2.1100545956238343e-08,3.330112365674536e-09,,,3.026e-10,8.002e-11,"[""A1"", ""A2""]",,,69.73081941916173,41.616000570789005,,significant,significant,not_fitted,False,inverse_square,1.0,True,,,True,False,True,False,False,False,False,False,,,,,,,,,False,outgassing evidence; A1 is not an SRP coefficient,False,False,False,False,False,False,False
1004075,     C/2025 K1 (ATLAS),2025 K1,ATLAS,cu,HYP,,,,,,,1.000257336371865,-1298.737992659966,0.3342125230343228,147.8648029225567,97.55697033586225,271.0238868183916,-0.00032513449701055,2460941.5,0.160968,2407,278.0,,0.54898,2025-04-08,2026-01-11,6.8494979041876404e-09,-1.886530500565139e-09,-2.349813606325228e-09,,3.64e-10,3.318e-11,"[""A1"", ""A2"", ""A3""]",3.054e-10,,18.81730193458143,-56.85745932987158,-7.694216130730937,significant,significant,significant,True,inverse_square,1.0,True,,,True,False,False,False,False,False,False,False,,,,,,,,,False,outgassing evidence; A1 is not an SRP coefficient,False,False,False,False,False,False,False
1004079,     C/2025 L1 (ATLAS),2025 L1,ATLAS,cu,HYP,,,,,,,1.001481017927805,-1134.13067551679,1.679667862914056,114.1368125785532,208.1093291909421,341.2498962165931,-0.00208337777823169,2460972.5,0.705466,135,597.0,,0.7321,2024-10-01,2026-05-21,8.098912848900972e-08,-4.5799642871514835e-09,,-246.6045640762876,2.873e-08,6.574e-09,"[""A1"", ""A2"", ""DT""]",,24.57,2.8189741903588486,-0.6966784738593678,,marginal,consistent_zero,not_fitted,False,inverse_square,1.0,True,,,False,True,True,False,False,False,False,False,,,,,,,,,False,outgassing evidence; A1 is not an SRP coefficient,False,False,False,False,False,False,False
1004083,     C/2025 N1 (ATLAS),2025 N1,ATLAS,cu,HYP,,,,,,,6.141351449317625,-0.2638374502507929,1.356481057231181,175.1164570850441,322.1696089290778,128.0228697185194,818.22024580252,2461090.5,0.364723,782,280.0,,0.425,2025-05-15,2026-02-19,5.3202063109583656e-08,1.1481660246488431e-08,-6.854491622221589e-09,9.47881547776126,1.22e-09,2.139e-09,"[""A1"", ""A2"", ""A3"", ""ALN"", ""DT"", ""NK"", ""NM"", ""NN"", ""R0""]",1.776e-10,1.426,43.608248450478406,5.367770101210112,-38.59511048548192,significant,significant,significant,True,marsden_g,1.0000000023534097,True,,,True,False,False,False,False,False,False,False,,,,,,,,,False,outgassing evidence; A1 is not an SRP coefficient,False,False,False,False,False,False,False
