{
  "field": {
    "ra": 165.0,
    "dec": 50.0,
    "radius_deg": 1.2
  },
  "band": "r",
  "variable_only": true,
  "n_searched": 1344,
  "n_candidates": 4,
  "n_resists_mundane": 2,
  "n_secular_faders": 0,
  "n_secular_faders_raw": 6,
  "top_faders": [],
  "selection": {
    "depth_min": 0.1,
    "n_dips_min": 3,
    "asym_min": 1.5,
    "period_power_max": 0.4
  },
  "top_candidates": [
    {
      "source_id": "753211100006876",
      "ra": 165.5824453,
      "dec": 48.8479709,
      "score": 0.7378923682475631,
      "max_depth": 0.7600926818057209,
      "n_dips": 11,
      "n_dip_events": 2,
      "max_event_depth": 0.7600926818057209,
      "out_of_dip_rms": 0.0,
      "asymmetry": 1.8560973208056917,
      "best_period_d": 0.9971371646443441,
      "period_power": 0.04491157000259484,
      "hr_class": "main_sequence",
      "resists_mundane": true
    },
    {
      "source_id": "753211100006464",
      "ra": 165.8627078,
      "dec": 48.8928324,
      "score": 0.6930248974172357,
      "max_depth": 0.5249685538711715,
      "n_dips": 7,
      "n_dip_events": 1,
      "max_event_depth": 0.5249685538711715,
      "out_of_dip_rms": 0.0,
      "asymmetry": 1.7079967450815214,
      "best_period_d": 0.9971371646443441,
      "period_power": 0.06484969095885176,
      "hr_class": "main_sequence",
      "resists_mundane": true
    },
    {
      "source_id": "753211100007136",
      "ra": 165.8563912,
      "dec": 48.8245024,
      "score": 0.7103215435846373,
      "max_depth": 0.8280041120456861,
      "n_dips": 8,
      "n_dip_events": 1,
      "max_event_depth": 0.8280041120456861,
      "out_of_dip_rms": 0.0,
      "asymmetry": 1.8802011795839877,
      "best_period_d": 0.9971371646443441,
      "period_power": 0.041635090634673314,
      "hr_class": "giant",
      "resists_mundane": false
    },
    {
      "source_id": "753211100006874",
      "ra": 165.8345936,
      "dec": 48.8502645,
      "score": 0.6910949895748013,
      "max_depth": 0.7020563375466977,
      "n_dips": 6,
      "n_dip_events": 1,
      "max_event_depth": 0.7020563375466977,
      "out_of_dip_rms": 0.0,
      "asymmetry": 1.5433082579879513,
      "best_period_d": 0.9971371646443441,
      "period_power": 0.03834501968158602,
      "hr_class": "giant",
      "resists_mundane": false
    }
  ],
  "occurrence_limit": {
    "k_candidates": 4,
    "n_eff": 1344.0,
    "confidence": 0.95,
    "f_upper": 0.0068106540376767655,
    "f_point": 0.002976190476190476
  }
}