{
  "field": {
    "ra": 210.0,
    "dec": 45.0,
    "radius_deg": 3.0
  },
  "band": "r",
  "variable_only": false,
  "n_searched": 279,
  "n_candidates": 2,
  "n_resists_mundane": 1,
  "selection": {
    "depth_min": 0.1,
    "n_dips_min": 3,
    "asym_min": 1.5,
    "period_power_max": 0.4
  },
  "top_candidates": [
    {
      "source_id": 1499691670824605568,
      "ra": 210.1048455022667,
      "dec": 44.72700021780751,
      "score": 0.8045244906031692,
      "max_depth": 0.5180115403057938,
      "n_dips": 44,
      "n_dip_events": 4,
      "max_event_depth": 0.4217605470657194,
      "out_of_dip_rms": 0.0,
      "asymmetry": 1.8374955018957706,
      "best_period_d": 1.045399629699521,
      "period_power": 0.019084131701923687,
      "hr_class": "main_sequence",
      "resists_mundane": true
    },
    {
      "source_id": 1503754297569649920,
      "ra": 206.82040715750298,
      "dec": 46.0595729738105,
      "score": 0.7611228210427337,
      "max_depth": 0.8428658777203754,
      "n_dips": 21,
      "n_dip_events": 2,
      "max_event_depth": 0.7729479726889019,
      "out_of_dip_rms": 0.0022442656880739733,
      "asymmetry": 2.2717907817803873,
      "best_period_d": 1.0331364586996767,
      "period_power": 0.028172762666225697,
      "hr_class": "giant",
      "resists_mundane": false
    }
  ],
  "occurrence_limit": {
    "k_candidates": 2,
    "n_eff": 279.0,
    "confidence": 0.95,
    "f_upper": 0.022565568537175586,
    "f_point": 0.007168458781362007
  }
}