{
  "field": {
    "ra": 125.0,
    "dec": 25.0,
    "radius_deg": 1.3
  },
  "band": "r",
  "variable_only": true,
  "n_searched": 2403,
  "n_candidates": 0,
  "n_resists_mundane": 0,
  "n_secular_faders": 3,
  "n_secular_faders_raw": 20,
  "top_faders": [
    {
      "source_id": "1613211100007182",
      "ra": 125.61573809999999,
      "dec": 23.77956765,
      "secular_slope_mag_yr": 0.0038980626219466633,
      "secular_sigma": 8.158990355258066,
      "secular_total_mag": 0.026137429378429226,
      "hr_class": "main_sequence"
    },
    {
      "source_id": "1613211100007936",
      "ra": 126.16555935,
      "dec": 23.7209861,
      "secular_slope_mag_yr": 0.002899500073371831,
      "secular_sigma": 7.114699001107879,
      "secular_total_mag": 0.0194418319433411,
      "hr_class": "main_sequence"
    },
    {
      "source_id": "1613211100007590",
      "ra": 125.91467130000001,
      "dec": 23.7495535,
      "secular_slope_mag_yr": 0.0031872490544729956,
      "secular_sigma": 7.055788262239248,
      "secular_total_mag": 0.0213712567375715,
      "hr_class": "main_sequence"
    }
  ],
  "selection": {
    "depth_min": 0.1,
    "n_dips_min": 3,
    "asym_min": 1.5,
    "period_power_max": 0.4
  },
  "top_candidates": [],
  "occurrence_limit": {
    "k_candidates": 0,
    "n_eff": 2403.0,
    "confidence": 0.95,
    "f_upper": 0.001246663451333329,
    "f_point": 0.0
  }
}