{
  "field": {
    "ra": 175.0,
    "dec": 28.0,
    "radius_deg": 1.2
  },
  "band": "r",
  "variable_only": true,
  "n_searched": 4237,
  "n_candidates": 1,
  "n_resists_mundane": 0,
  "n_secular_faders": 0,
  "n_secular_faders_raw": 54,
  "top_faders": [],
  "selection": {
    "depth_min": 0.1,
    "n_dips_min": 3,
    "asym_min": 1.5,
    "period_power_max": 0.4
  },
  "top_candidates": [
    {
      "source_id": "1668204100004417",
      "ra": 174.17134045,
      "dec": 27.146045649999998,
      "score": 0.5918488319503681,
      "max_depth": 0.2518963184297789,
      "n_dips": 4,
      "n_dip_events": 1,
      "max_event_depth": 0.22318215785134043,
      "out_of_dip_rms": 0.0,
      "asymmetry": 1.5746620905714892,
      "best_period_d": 1.4728912528790035,
      "period_power": 0.3754363116130707,
      "hr_class": "unknown",
      "resists_mundane": false
    }
  ],
  "occurrence_limit": {
    "k_candidates": 1,
    "n_eff": 4237.0,
    "confidence": 0.95,
    "f_upper": 0.001119628161055128,
    "f_point": 0.0002360160490913382
  }
}