{
  "field": {
    "ra": 158.0,
    "dec": 30.0,
    "radius_deg": 1.3
  },
  "band": "r",
  "variable_only": true,
  "n_searched": 4142,
  "n_candidates": 0,
  "n_resists_mundane": 0,
  "n_secular_faders": 3,
  "n_secular_faders_raw": 33,
  "top_faders": [
    {
      "source_id": "621215300001295",
      "ra": 156.56074059999997,
      "dec": 28.83874455,
      "secular_slope_mag_yr": 0.0189962732897102,
      "secular_sigma": 7.256374247571911,
      "secular_total_mag": 0.1412235059221014,
      "hr_class": "main_sequence"
    },
    {
      "source_id": "1666208100007423",
      "ra": 158.65316105,
      "dec": 28.85040015,
      "secular_slope_mag_yr": 0.004950929806969657,
      "secular_sigma": 6.662189843289668,
      "secular_total_mag": 0.0266345050457971,
      "hr_class": "main_sequence"
    },
    {
      "source_id": "1665205300000564",
      "ra": 156.913431,
      "dec": 28.70998595,
      "secular_slope_mag_yr": 0.008960375380755956,
      "secular_sigma": 6.566912318383374,
      "secular_total_mag": 0.06009375484889636,
      "hr_class": "main_sequence"
    }
  ],
  "selection": {
    "depth_min": 0.1,
    "n_dips_min": 3,
    "asym_min": 1.5,
    "period_power_max": 0.4
  },
  "top_candidates": [],
  "occurrence_limit": {
    "k_candidates": 0,
    "n_eff": 4142.0,
    "confidence": 0.95,
    "f_upper": 0.0007232574296364051,
    "f_point": 0.0
  }
}