{
  "field": {
    "ra": 143.0,
    "dec": 28.0,
    "radius_deg": 1.3
  },
  "band": "r",
  "variable_only": true,
  "n_searched": 4409,
  "n_candidates": 2,
  "n_resists_mundane": 1,
  "n_secular_faders": 0,
  "n_secular_faders_raw": 21,
  "top_faders": [],
  "selection": {
    "depth_min": 0.1,
    "n_dips_min": 3,
    "asym_min": 1.5,
    "period_power_max": 0.4
  },
  "top_candidates": [
    {
      "source_id": "1664204200007555",
      "ra": 142.9853241,
      "dec": 26.8542557,
      "score": 0.404779730360132,
      "max_depth": 0.12640594077799583,
      "n_dips": 8,
      "n_dip_events": 1,
      "max_event_depth": 0.12640594077799583,
      "out_of_dip_rms": 0.014263597782352574,
      "asymmetry": 1.5057412006094877,
      "best_period_d": 0.6816108251763393,
      "period_power": 0.2865358247539003,
      "hr_class": "main_sequence",
      "resists_mundane": true
    },
    {
      "source_id": "1664204400000889",
      "ra": 143.4837218,
      "dec": 26.7071777,
      "score": 0.4847060858356994,
      "max_depth": 0.11495809943726076,
      "n_dips": 4,
      "n_dip_events": 2,
      "max_event_depth": 0.11495809943726076,
      "out_of_dip_rms": 0.0,
      "asymmetry": 1.6517013292128995,
      "best_period_d": 0.10972992548997915,
      "period_power": 0.20544784213844094,
      "hr_class": "unknown",
      "resists_mundane": false
    }
  ],
  "occurrence_limit": {
    "k_candidates": 2,
    "n_eff": 4409.0,
    "confidence": 0.95,
    "f_upper": 0.0014279413975667925,
    "f_point": 0.0004536176003628941
  }
}