{
  "field": {
    "ra": 160.0,
    "dec": 25.0,
    "radius_deg": 3.0
  },
  "band": "r",
  "variable_only": false,
  "n_searched": 311,
  "n_candidates": 3,
  "n_resists_mundane": 3,
  "selection": {
    "depth_min": 0.1,
    "n_dips_min": 3,
    "asym_min": 1.5,
    "period_power_max": 0.4
  },
  "top_candidates": [
    {
      "source_id": 724146024570408064,
      "ra": 160.1879554128484,
      "dec": 24.73727851628109,
      "score": 0.8276303199443893,
      "max_depth": 0.4657151052814784,
      "n_dips": 32,
      "n_dip_events": 5,
      "max_event_depth": 0.40652714970548975,
      "out_of_dip_rms": 0.0,
      "asymmetry": 1.8423656379437063,
      "best_period_d": 0.16549444438435287,
      "period_power": 0.04303872777411018,
      "hr_class": "main_sequence",
      "resists_mundane": true
    },
    {
      "source_id": 724402275203766784,
      "ra": 158.91707217040445,
      "dec": 24.964731767154227,
      "score": 0.7500073650879951,
      "max_depth": 0.7384417734756655,
      "n_dips": 27,
      "n_dip_events": 2,
      "max_event_depth": 0.33409060222585274,
      "out_of_dip_rms": 0.0,
      "asymmetry": 1.9841931883726698,
      "best_period_d": 0.36161455120142927,
      "period_power": 0.03014742071455024,
      "hr_class": "main_sequence",
      "resists_mundane": true
    },
    {
      "source_id": 724761029527242240,
      "ra": 160.62307865207333,
      "dec": 26.14958576596666,
      "score": 0.6279349649377864,
      "max_depth": 0.24091883405052805,
      "n_dips": 15,
      "n_dip_events": 2,
      "max_event_depth": 0.24091883405052805,
      "out_of_dip_rms": 0.01242671762192736,
      "asymmetry": 1.5327170287763556,
      "best_period_d": 0.9972743642176972,
      "period_power": 0.2224930130767092,
      "hr_class": "main_sequence",
      "resists_mundane": true
    }
  ],
  "occurrence_limit": {
    "k_candidates": 3,
    "n_eff": 311.0,
    "confidence": 0.95,
    "f_upper": 0.024931371472452495,
    "f_point": 0.00964630225080386
  }
}