{
  "field": {
    "ra": 178.0,
    "dec": 48.0,
    "radius_deg": 1.3
  },
  "band": "r",
  "variable_only": true,
  "n_searched": 4177,
  "n_candidates": 1,
  "n_resists_mundane": 1,
  "n_secular_faders": 0,
  "n_secular_faders_raw": 47,
  "top_faders": [],
  "selection": {
    "depth_min": 0.1,
    "n_dips_min": 3,
    "asym_min": 1.5,
    "period_power_max": 0.4
  },
  "top_candidates": [
    {
      "source_id": "1753213300009403",
      "ra": 177.2694282,
      "dec": 46.8600946,
      "score": 0.6230016153068627,
      "max_depth": 0.2528973446156293,
      "n_dips": 3,
      "n_dip_events": 1,
      "max_event_depth": 0.2528973446156293,
      "out_of_dip_rms": 0.0,
      "asymmetry": 1.7606399621950979,
      "best_period_d": 0.12225179186145706,
      "period_power": 0.3087892747494771,
      "hr_class": "main_sequence",
      "resists_mundane": true
    }
  ],
  "occurrence_limit": {
    "k_candidates": 1,
    "n_eff": 4177.0,
    "confidence": 0.95,
    "f_upper": 0.001135710921328843,
    "f_point": 0.00023940627244433804
  }
}