{
  "field": {
    "ra": 30.0,
    "dec": -20.0,
    "radius_deg": 10.0
  },
  "n_searched": 22295,
  "n_ir_excess": 183,
  "excess_z_min": 4.0,
  "clustering": {
    "S_obs": 0.24270670558184892,
    "S_null_mean": 0.24056007049487915,
    "S_null_std": 0.011397362163129927,
    "z": 0.18834490439498913,
    "p_value": 0.6147704590818364,
    "over_clustered": false,
    "n_anom": 183
  },
  "clustering_velocity": {
    "z": 0.35217011917605723,
    "p_value": 0.6487025948103793,
    "over_clustered": false,
    "n_anom": 183
  },
  "clustering_phase_space": {
    "z": 0.1893901663219473,
    "p_value": 0.5888223552894212,
    "over_clustered": false,
    "n_anom": 183
  },
  "n_groups": 3,
  "top_groups": [
    {
      "group": 0,
      "n": 19,
      "ra": 29.941834685039513,
      "dec": -19.353290380929476,
      "dist_pc": 30.688036163191175,
      "vtan_kms": 22.57388484591548,
      "source_ids": [
        2461043306017773696,
        2450585266810809216,
        2451580320537911680,
        5025218255804948864,
        5038817840251308288,
        5037084872486444928,
        2462426800883134336,
        5135642002423826688,
        5125414998097353600,
        5125186299678747008,
        5123079601040591232,
        5135093346121603712,
        5135466183642594304,
        5143341366956993408,
        5137855525488932864,
        5145956864601439488,
        5143341362661301632,
        5146358426863612160,
        5149607655522233728
      ]
    },
    {
      "group": 1,
      "n": 4,
      "ra": 34.29742220618465,
      "dec": -24.561204424465487,
      "dist_pc": 66.8017606561797,
      "vtan_kms": 53.0093322426171,
      "source_ids": [
        5118214227727488512,
        5071037241796380672,
        5121585605256463232,
        5122528470836031232
      ]
    },
    {
      "group": 2,
      "n": 4,
      "ra": 32.484043146306675,
      "dec": -23.90333315407793,
      "dist_pc": 87.01313295414828,
      "vtan_kms": 35.89389281235031,
      "source_ids": [
        5024549924533768960,
        5122978205452526976,
        5129618705928520704,
        5134682575449602560
      ]
    }
  ]
}