{
  "field": {
    "ra": 133.0,
    "dec": 20.0,
    "radius_deg": 1.3
  },
  "band": "r",
  "variable_only": true,
  "n_searched": 4380,
  "n_candidates": 2,
  "n_resists_mundane": 1,
  "n_secular_faders": 0,
  "n_secular_faders_raw": 29,
  "top_faders": [],
  "selection": {
    "depth_min": 0.1,
    "n_dips_min": 3,
    "asym_min": 1.5,
    "period_power_max": 0.4
  },
  "top_candidates": [
    {
      "source_id": "1614203300008739",
      "ra": 132.2159655,
      "dec": 18.8349531,
      "score": 0.5084743147752968,
      "max_depth": 0.13811881519679647,
      "n_dips": 4,
      "n_dip_events": 1,
      "max_event_depth": 0.13811881519679647,
      "out_of_dip_rms": 0.0,
      "asymmetry": 1.5991950631513117,
      "best_period_d": 0.20354779859726566,
      "period_power": 0.19071123375506838,
      "hr_class": "main_sequence",
      "resists_mundane": true
    },
    {
      "source_id": "1614204400008259",
      "ra": 131.6875985,
      "dec": 18.8720428,
      "score": 0.6149102057713404,
      "max_depth": 0.19459937924491622,
      "n_dips": 10,
      "n_dip_events": 2,
      "max_event_depth": 0.19459937924491622,
      "out_of_dip_rms": 0.0,
      "asymmetry": 1.6885602833493856,
      "best_period_d": 0.9959204919524476,
      "period_power": 0.38054001394922093,
      "hr_class": "unknown",
      "resists_mundane": false
    }
  ],
  "occurrence_limit": {
    "k_candidates": 2,
    "n_eff": 4380.0,
    "confidence": 0.95,
    "f_upper": 0.0014373958040803626,
    "f_point": 0.00045662100456621003
  }
}