source_id,ra,dec,dist_pc,period_yr,a0_au,mass_function,m1_msun,m2_msun,phot_g_mean_mag,bp_rp,ruwe,rank_score,simbad_id,simbad_otype,bp_rp_excess,companion_luminous_flag
6281177228434199296,223.20970977619407,-19.373621697700553,226.65991834835853,0.4214845618249239,1.1838375166926511,9.339270474044646,1.0958943260834195,11.247811301363903,11.258724,0.91192055,6.456141,0.7733400816516415,GALEX J145250.3-192225,**,1.2115976,False
