{
  "n_candidates": 8,
  "n_in_literature": 7,
  "n_known_bh": 1,
  "n_novel_absent": 1,
  "lit_ids_total": 101380,
  "lit_catalogs_loaded": 1,
  "crossmatch_coverage_ok": true,
  "novel_source_ids": [
    3027759739607108992
  ],
  "novel": [
    {
      "source_id": 3027759739607108992,
      "ra": 111.47395941354232,
      "dec": -17.09822082684648,
      "dist_pc": 851.9753605443145,
      "period_yr": 4.911844109234269,
      "a0_au": 4.211556179858274,
      "m1_msun": 0.8202352214302898,
      "m2_msun": 4.368229799415348,
      "ruwe": 4.9288964,
      "amrf": 1.5570411020232666,
      "tclass": 3,
      "simbad_id": NaN,
      "simbad_otype": NaN,
      "lit_matches": "",
      "match_kind": "",
      "in_literature": false,
      "known_gaia_bh": false,
      "novel_candidate": true
    }
  ]
}