{
  "n_searched": 8000,
  "n_candidates": 7047,
  "selection": {
    "sig_min": 20.0,
    "plx_min": 1.0
  },
  "top_candidates": [
    {
      "source_id": 2050100594630067712,
      "ra": 290.6787050558981,
      "dec": 36.09011392433673,
      "dist_pc": 105.49420644457942,
      "parallax_over_error": 35.75010681152344,
      "phot_g_mean_mag": 13.51622486114502,
      "bp_rp": 1.8617544174194336,
      "ruwe": 24.798559188842773,
      "gaia_significance": 91.38911437988281,
      "accel_significance": 220.07052487244087,
      "accel_total_mas_yr2": 17.334962729940393,
      "accel_m_s2": 0.00027470804808890046,
      "implied_companion_msun": 0.4168272413592076,
      "abs_g": 8.400081813129951,
      "dark_companion": true,
      "rank_score": 0.277804412032477
    },
    {
      "source_id": 1172340086840027264,
      "ra": 218.535565151594,
      "dec": 7.622598062928111,
      "dist_pc": 50.78404199558314,
      "parallax_over_error": 32.93678665161133,
      "phot_g_mean_mag": 9.300188064575195,
      "bp_rp": 1.1232118606567383,
      "ruwe": 38.76036071777344,
      "gaia_significance": 120.33036804199219,
      "accel_significance": 209.74051605576483,
      "accel_total_mas_yr2": 29.581520542486235,
      "accel_m_s2": 0.00022566677329235622,
      "implied_companion_msun": 0.3424146443188506,
      "abs_g": 5.771551743513562,
      "dark_companion": false,
      "rank_score": 0.2598586424262464
    },
    {
      "source_id": 4565081019061253632,
      "ra": 254.57036073902492,
      "dec": 21.67151069212197,
      "dist_pc": 102.1832081340559,
      "parallax_over_error": 41.063819885253906,
      "phot_g_mean_mag": 9.726714134216309,
      "bp_rp": 0.8611717224121094,
      "ruwe": 20.87858009338379,
      "gaia_significance": 71.09700775146484,
      "accel_significance": 201.47737838649584,
      "accel_total_mas_yr2": 16.002990695147478,
      "accel_m_s2": 0.0002456408251382795,
      "implied_companion_msun": 0.3727221980568017,
      "abs_g": 4.679816466078456,
      "dark_companion": false,
      "rank_score": 0.25049440420782576
    },
    {
      "source_id": 2270797862786144768,
      "ra": 316.81584865275806,
      "dec": 70.06132528325772,
      "dist_pc": 206.49839108194104,
      "parallax_over_error": 31.002737045288086,
      "phot_g_mean_mag": 12.84365463256836,
      "bp_rp": 1.3408279418945312,
      "ruwe": 16.992971420288086,
      "gaia_significance": 74.2706527709961,
      "accel_significance": 144.7805757743718,
      "accel_total_mas_yr2": 13.467609909690484,
      "accel_m_s2": 0.00041776019959261667,
      "implied_companion_msun": 0.6338868946770337,
      "abs_g": 6.2690712714187775,
      "dark_companion": true,
      "rank_score": 0.2275266237096862
    },
    {
      "source_id": 635130112940983552,
      "ra": 137.94628033589362,
      "dec": 17.99738857573397,
      "dist_pc": 30.078248035441742,
      "parallax_over_error": 58.98384475708008,
      "phot_g_mean_mag": 13.890531539916992,
      "bp_rp": 2.8406248092651367,
      "ruwe": 35.71995544433594,
      "gaia_significance": 132.71963500976562,
      "accel_significance": 189.6717769290214,
      "accel_total_mas_yr2": 43.42549347767664,
      "accel_m_s2": 0.0001962082028610311,
      "implied_companion_msun": 0.2977157913631432,
      "abs_g": 11.499268858161194,
      "dark_companion": true,
      "rank_score": 0.2241453820542664
    },
    {
      "source_id": 6902689365878552832,
      "ra": 312.50474406210265,
      "dec": -9.650595651777888,
      "dist_pc": 87.62888637447303,
      "parallax_over_error": 45.96102523803711,
      "phot_g_mean_mag": 11.605778694152832,
      "bp_rp": 1.4937267303466797,
      "ruwe": 13.938239097595215,
      "gaia_significance": 140.60935974121094,
      "accel_significance": 191.46873904263566,
      "accel_total_mas_yr2": 16.631021957663965,
      "accel_m_s2": 0.00021892032826861146,
      "implied_companion_msun": 0.33217795089908214,
      "abs_g": 6.892542231515507,
      "dark_companion": false,
      "rank_score": 0.2215422581231594
    },
    {
      "source_id": 4141841816292976896,
      "ra": 260.4768058894523,
      "dec": -12.104746279314057,
      "dist_pc": 168.7975184053555,
      "parallax_over_error": 22.925268173217773,
      "phot_g_mean_mag": 12.695995330810547,
      "bp_rp": 1.3151893615722656,
      "ruwe": 16.556198120117188,
      "gaia_significance": 72.03285217285156,
      "accel_significance": 108.12529757089872,
      "accel_total_mas_yr2": 18.41407726918408,
      "accel_m_s2": 0.00046691290755304047,
      "implied_companion_msun": 0.708468574416711,
      "abs_g": 6.559165043259956,
      "dark_companion": true,
      "rank_score": 0.2143093664410177
    },
    {
      "source_id": 2990261754529453312,
      "ra": 78.98333371785591,
      "dec": -10.494810621802621,
      "dist_pc": 232.08472152618248,
      "parallax_over_error": 25.83411979675293,
      "phot_g_mean_mag": 11.974538803100586,
      "bp_rp": 1.0119695663452148,
      "ruwe": 10.60637378692627,
      "gaia_significance": 67.24507904052734,
      "accel_significance": 131.37891274860104,
      "accel_total_mas_yr2": 13.586923848377607,
      "accel_m_s2": 0.00047368273282542616,
      "implied_companion_msun": 0.7187407437703339,
      "abs_g": 5.146306047293932,
      "dark_companion": false,
      "rank_score": 0.21369535031421025
    },
    {
      "source_id": 5047799093607270272,
      "ra": 45.84468291493327,
      "dec": -35.53470696815666,
      "dist_pc": 129.01184649435177,
      "parallax_over_error": 34.90606689453125,
      "phot_g_mean_mag": 11.549182891845703,
      "bp_rp": 1.0886764526367188,
      "ruwe": 15.783472061157227,
      "gaia_significance": 81.5589599609375,
      "accel_significance": 185.60531380127478,
      "accel_total_mas_yr2": 12.310207706402057,
      "accel_m_s2": 0.00023856945206047594,
      "implied_companion_msun": 0.3619924762552448,
      "abs_g": 5.996034936050765,
      "dark_companion": false,
      "rank_score": 0.21054728969247993
    },
    {
      "source_id": 1831875367909530752,
      "ra": 305.5342606385686,
      "dec": 23.74632623147223,
      "dist_pc": 124.77675877088957,
      "parallax_over_error": 31.477153778076172,
      "phot_g_mean_mag": 9.2926664352417,
      "bp_rp": 0.6033010482788086,
      "ruwe": 16.6661434173584,
      "gaia_significance": 89.94280242919922,
      "accel_significance": 136.62712332835937,
      "accel_total_mas_yr2": 16.59906153540432,
      "accel_m_s2": 0.0003111265664979974,
      "implied_companion_msun": 0.4720867456528015,
      "abs_g": 3.811997934692391,
      "dark_companion": false,
      "rank_score": 0.20443164623264318
    },
    {
      "source_id": 1971349723564625152,
      "ra": 322.8934288187597,
      "dec": 45.5165018903013,
      "dist_pc": 106.28784690082804,
      "parallax_over_error": 37.505428314208984,
      "phot_g_mean_mag": 8.377691268920898,
      "bp_rp": 0.792759895324707,
      "ruwe": 14.054040908813477,
      "gaia_significance": 69.0587158203125,
      "accel_significance": 165.97334280101236,
      "accel_total_mas_yr2": 15.287698349402554,
      "accel_m_s2": 0.0002440875203944793,
      "implied_companion_msun": 0.3703652968453058,
      "abs_g": 3.245273221264207,
      "dark_companion": false,
      "rank_score": 0.20443116896281166
    },
    {
      "source_id": 6606871814033940608,
      "ra": 339.9326013420709,
      "dec": -32.072484120288834,
      "dist_pc": 40.31378967467112,
      "parallax_over_error": 35.107032775878906,
      "phot_g_mean_mag": 10.437832832336426,
      "bp_rp": 1.7949714660644531,
      "ruwe": 41.07280349731445,
      "gaia_significance": 72.57172393798828,
      "accel_significance": 238.00265034184986,
      "accel_total_mas_yr2": 28.35576500754724,
      "accel_m_s2": 0.00017171761799036312,
      "implied_companion_msun": 0.260555092934641,
      "abs_g": 7.410564703957975,
      "dark_companion": false,