{
  "field": {
    "ra": 270.0,
    "dec": 55.0,
    "radius_deg": 10.0
  },
  "n_searched": 34522,
  "n_ir_excess": 388,
  "excess_z_min": 4.0,
  "clustering": {
    "S_obs": 0.1872002137256802,
    "S_null_mean": 0.1825975468278607,
    "S_null_std": 0.006531183639116197,
    "z": 0.7047217092861173,
    "p_value": 0.7564870259481038,
    "over_clustered": false,
    "n_anom": 388
  },
  "clustering_velocity": {
    "z": 2.2474754251668108,
    "p_value": 0.9920159680638723,
    "over_clustered": false,
    "n_anom": 388
  },
  "clustering_phase_space": {
    "z": 1.7288354595052444,
    "p_value": 0.9540918163672655,
    "over_clustered": false,
    "n_anom": 388
  },
  "n_groups": 8,
  "top_groups": [
    {
      "group": 0,
      "n": 14,
      "ra": 265.137367059372,
      "dec": 57.38831357195392,
      "dist_pc": 54.07851478398257,
      "vtan_kms": 22.83427754567301,
      "source_ids": [
        1414760857209318528,
        1418299497944257280,
        1435460984668422784,
        1418298742029999488,
        1418749885395122688,
        1418917694061771392,
        1435686899947703552,
        1436811970924990080,
        1440518669436791296,
        2149564787289902848,
        1439526806868726144,
        1631010158460327168,
        2159690911424892672,
        2124002172736996352
      ]
    },
    {
      "group": 2,
      "n": 10,
      "ra": 263.0026363175207,
      "dec": 54.38392580513674,
      "dist_pc": 24.33294734579554,
      "vtan_kms": 22.398104688092538,
      "source_ids": [
        1416124285987232256,
        1362295082910131200,
        1412645602995521920,
        1368236912466084352,
        1422556635168141568,
        1415665858357999360,
        1416050859226670848,
        1420972548150735744,
        1439069444391326208,
        2158285185808357504
      ]
    },
    {
      "group": 3,
      "n": 8,
      "ra": 259.7636642158577,
      "dec": 53.44079971842041,
      "dist_pc": 76.21352428151843,
      "vtan_kms": 29.369291762985284,
      "source_ids": [
        1418735518728114560,
        1419192816781936640,
        1415615688844228224,
        1418718308795145344,
        1416539695224097536,
        1417422942362426624,
        1419194569128636800,
        1432390254850383360
      ]
    },
    {
      "group": 1,
      "n": 7,
      "ra": 275.72649904922804,
      "dec": 47.47156075363525,
      "dist_pc": 70.15617861974756,
      "vtan_kms": 17.517395706014582,
      "source_ids": [
        1349885513642697344,
        1349919942100408448,
        2121060532456394624,
        2143787918839367808,
        2119793929420734208,
        2118352950713453824,
        2122193373030643200
      ]
    },
    {
      "group": 4,
      "n": 6,
      "ra": 257.59531127896986,
      "dec": 55.18776793879567,
      "dist_pc": 202.96491037496708,
      "vtan_kms": 28.05366616849581,
      "source_ids": [
        1432158154817688320,
        1420349984050565376,
        1420357714991734016,
        1420314421721396608,
        1432349194962866304,
        1432202199706158336
      ]
    },
    {
      "group": 5,
      "n": 6,
      "ra": 274.5275023848556,
      "dec": 55.88672204422277,
      "dist_pc": 85.05474506518766,
      "vtan_kms": 47.430649044270474,
      "source_ids": [
        1421431319377595136,
        2146901220372712192,
        2149826608496952064,
        2154119308050437504,
        2145706360470276992,
        2152139190687051008
      ]
    },
    {
      "group": 6,
      "n": 4,
      "ra": 274.1610257310067,
      "dec": 52.01743041451108,
      "dist_pc": 102.51115985436448,
      "vtan_kms": 22.20485066787206,
      "source_ids": [
        2124974244094442240,
        2148480290868511360,
        2116673824658311168,
        2147750627464713088
      ]
    },
    {
      "group": 7,
      "n": 4,
      "ra": 279.45964497463143,
      "dec": 61.01462515997075,
      "dist_pc": 112.70028502579683,
      "vtan_kms": 28.41976518312211,
      "source_ids": [
        2156503702094828288,
        2156562659107944448,
        2157180623299744128,
        2157500993499556096
      ]
    }
  ]
}