oid,expid,hjd,mjd,mag,magerr,catflags,filtercode,ra,dec,chi,sharp,filefracday,field,ccdid,qid,limitmag,magzp,magzprms,clrcoeff,clrcounc,exptime,airmass,programid
460115100017432,45013356,2458204.6336933239,58204.133564800002,14.6564884,0.0112154856,32768,zg,95.527689499999994,7.6605414999999999,0.996999979,0,20180327133565,460,0xf,0x1,19.7700005,26.3393173,0.0263191387,-0.12947908,1.46580915e-05,30,1.20500004,1
460115100017432,45017901,2458204.6791403401,58204.179016200003,14.6552467,0.0112142805,32768,zg,95.527693600000006,7.6605603999999996,2.20600009,-0.00899999961,20180327179005,460,0xf,0x1,19.4500008,26.3148136,0.0313795432,-0.139924541,2.09765694e-05,30,1.38800001,1
460115100017432,45113106,2458205.6310977302,58205.1310648,14.6469669,0.0112062767,32768,zg,95.527690500000006,7.6606053999999997,1.75300002,-0.0170000009,20180328131053,460,0xf,0x1,19.4500008,26.373518,0.0318319574,-0.131288677,2.19096346e-05,30,1.20599997,1
460115100017432,45115118,2458205.6512115882,58205.151180599998,14.6520653,0.0112111988,32768,zg,95.527648299999996,7.6606389000000004,0.98299998,0.00100000005,20180328151111,460,0xf,0x1,18.9699993,26.3705807,0.0425373204,-0.128435984,4.09389904e-05,30,1.26800001,1
460115100017432,45213148,2458206.631418603,58206.131481500001,14.6360569,0.0111958031,0,zg,95.527670599999993,7.6605587000000002,1.33700001,0.00899999961,20180329131481,460,0xf,0x1,19.7900009,26.2972221,0.0236198474,-0.0904824883,1.18885218e-05,30,1.21399999,1
460115100017432,45215209,2458206.65203002,58206.152094899997,14.6312065,0.0111911744,0,zg,95.527687900000004,7.6605438000000001,1.11800003,0.00600000005,20180329152083,460,0xf,0x1,19.8199997,26.2952442,0.0229602512,-0.0956418142,1.11374275e-05,30,1.28299999,1
460115100017432,45318326,2458207.6831003078,58207.183263899999,14.690238,0.0112486575,0,zg,95.5277016,7.6605512999999998,1.02900004,-0.00800000038,20180330183229,460,0xf,0x1,18.8999996,25.9466801,0.0489201844,-0.0993262678,5.34470237e-05,30,1.46899998,1
460115100017432,45323986,2458207.7396920337,58207.239861100003,14.3907804,0.0109810587,32768,zg,95.5276657,7.6605743999999998,0.486999989,-0.00100000005,20180330239850,460,0xf,0x1,17.9899998,25.3358212,0.183742568,-0.01614758,0.0020709997,30,2.19899988,1
460115100017432,45419053,2458208.6902725012,58208.190532400004,14.5263271,0.0110950116,32768,zg,95.527689100000003,7.6605540999999997,0.474999994,0.00999999978,20180331190521,460,0xf,0x1,16.5300007,24.0229282,0.0609075017,0.0939337984,0.0129570952,30,1.54799998,1
460115100017432,45620225,2458210.7018050775,58210.202256899996,14.758338,0.0113181993,32768,zg,95.527684600000001,7.6604789000000002,0.808000028,-0.00200000009,20180402202222,460,0xf,0x1,18.4400005,25.0256481,0.110015415,-0.0677603483,0.00038847563,30,1.72300005,1
460115100017432,46220255,2458216.7015388664,58216.202557899996,14.5571413,0.0111225033,0,zg,95.527653599999994,7.6605536000000001,0.88499999,-0.00800000038,20180408202546,460,0xf,0x1,19.1100006,26.0995216,0.0488650165,-0.0387390479,5.54073777e-05,30,1.95700002,1
460115100017432,48014917,2458234.6465603751,58234.149178200001,14.6556025,0.011214626,0,zg,95.5276748,7.6605486999999997,0.796000004,-0.00200000009,20180426149167,460,0xf,0x1,19.2900009,26.0584278,0.0337338001,-0.102174677,2.39820529e-05,30,1.88999999,1
460115100017432,48214350,2458236.6407250343,58236.1435069,14.6486998,0.0112079466,0,zg,95.527678199999997,7.6605585999999999,1.09599996,0.00200000009,20180428143507,460,0xf,0x1,18.8700008,26.1381226,0.0400750637,-0.0977132842,3.52527386e-05,30,1.88699996,1
460115100017432,61347541,2458367.9734798945,58367.475416699999,14.5902576,0.0111527462,0,zg,95.527710400000004,7.6605026000000001,0.416000009,0.0170000009,20180906475417,460,0xf,0x1,20.8899994,26.1472168,0.0183648132,-0.0369664095,6.84961378e-06,30,1.99600005,1
460115100017432,61451883,2458369.01698686,58368.518831000001,14.5963411,0.0111583825,0,zg,95.527697099999997,7.6604976999999996,0.465000004,0.00400000019,20180907518831,460,0xf,0x1,20.2299995,26.285183,0.0209029894,-0.0609641522,8.90876436e-06,30,1.46899998,1
460115100017432,61549864,2458369.9968892052,58369.498645799998,14.5658903,0.0111304224,0,zg,95.527711800000006,7.6604951000000003,0.518999994,-0.00899999961,20180908498634,460,0xf,0x1,21.1200008,26.2106495,0.0158609208,-0.0442493074,5.14808744e-06,30,1.61800003,1
460115100017432,61647736,2458370.975692491,58370.477361099998,14.551939,0.0111178188,0,zg,95.527722199999999,7.6605027999999997,0.437999994,-0.0130000003,20180909477350,460,0xf,0x1,20.9699993,26.2087269,0.0158873964,-0.0357398614,5.09241272e-06,30,1.83700001,1
460115100017432,61750512,2458372.0035516908,58371.505127299999,14.5571089,0.0111224744,0,zg,95.527699799999994,7.6605046999999997,0.638000011,-0.0199999996,20180910505069,460,0xf,0x1,21.0499992,26.2578545,0.0174047705,-0.0320751257,6.15913814e-06,30,1.51100004,1
460115100017432,61847665,2458372.9751678407,58372.476655099999,14.5703325,0.0111344624,0,zg,95.527721700000001,7.6605065000000003,0.423000008,-0.0299999993,20180911476655,460,0xf,0x1,21.0300007,26.2171307,0.0165942498,-0.0385686606,5.56629675e-06,30,1.773,1
460115100017432,61951839,2458374.0169992461,58373.518391199999,14.6154404,0.0111762416,0,zg,95.527705499999996,7.6604928000000001,0.241999999,0.00400000019,20180912518391,460,0xf,0x1,20.5900002,26.2962875,0.0162950009,-0.0605024844,5.45034163e-06,30,1.38300002,1
460115100017432,62046384,2458374.9625374828,58374.463842600002,14.5931635,0.0111554358,0,zg,95.527724300000003,7.6605128999999996,0.656000018,-0.0140000004,20180913463843,460,0xf,0x1,20.5300007,26.2080002,0.0198307913,-0.0289537758,8.18070657e-06,30,1.875,1
460115100017432,62146341,2458375.9622015571,58375.463414400001,14.6108303,0.0111719081,0,zg,95.527709000000002,7.6604919999999996,0.381000012,-0.00899999961,20180914463403,460,0xf,0x1,21.0200005,26.2077713,0.0159189422,-0.0361065418,5.06514561e-06,30,1.84099996,1
460115100017432,62248424,2458376.9831295218,58376.484247699998,14.6505671,0.0112097515,0,zg,95.527697799999999,7.6605051,0.624000013,-0.0350000001,20180915484248,460,0xf,0x1,21.1499996,26.2575436,0.0168183278,-0.0494380146,5.79138714e-06,30,1.57299995,1
460115100017432,62351792,2458378.016906274,58377.517928200003,14.6722584,0.0112308832,0,zg,95.527692000000002,7.6605109999999996,1.204,0.0480000004,20180916517928,460,0xf,0x1,20.9699993,26.2772713,0.0185605995,-0.0700600296,7.06108085e-06,30,1.32799995,1
460115100017432,62449802,2458378.9970904305,58378.498020799998,14.608757,0.0111699644,0,zg,95.527712199999996,7.6605210000000001,0.703999996,-0.0350000001,20180917498021,460,0xf,0x1,20.9500008,26.2676067,0.0169822797,-0.0306161996,5.86641409e-06,30,1.42400002,1
460115100017432,62549821,2458379.9973809924,58379.498217599998,14.614768,0.0111756083,0,zg,95.527704499999999,7.6605036000000002,0.634000003,0.0299999993,20180918498206,460,0xf,0x1,21.2700005,26.2936134,0.0153906588,-0.0545282774,4.87501165e-06,30,1.40600002,1
460115100017432,62650403,2458381.0032973792,58380.504039400003,14.7150221,0.0112735564,32768,zg,95.527647400000006,7.6604704000000003,2.07299995,0.0320000015,20180919504039,460,0xf,0x1,20.7999992,26.3920937,0.0207739472,-0.162460357,8.87347778e-06,30,1.35699999,1
460115100017432,62948385,2458383.9833937869,58383.4838542,14.5405912,0.0111076599,0,zg,95.527705900000001,7.6605106999999997,0.55400002,0.0410000011,20180922483843,460,0xf,0x1,21.1599998,26.2211456,0.0170688946,-0.032014709,5.77441915e-06,30,1.42799997,1
460115100017432,63044336,2458384.9429987068,58384.443368100001,14.6226835,0.0111830803,0,zg,95.527756600000004,7.6604979000000002,2.227,-0.00899999961,20180923443356,460,0xf,0x1,19.1399994,26.0995979,0.0504919253,-0.0347010456,5.11152211e-05,30,1.77999997,1
460115100017432,63048280,2458384.9824352912,58384.482800899998,14.5734215,0.0111372797,0,zg,95.527718300000004,7.6604973999999997,1.02400005,-0.0309999995,20180923482755,460,0xf,0x1,20.25,26.2431259,0.0226018168,-0.0473166183,1.04571736e-05,30,1.41700006,1
460115100017432,63149672,2458385.9964552871,58385.496724500001,14.5861616,0.0111489668,0,zg,95.527707100000001,7.6604995999999996,0.560000002,-0.0320000015,20180924496690,460,0xf,0x1,20.1900005,26.2807426,0.0192176681,-0.045170106,7.41986378e-06,30,1.32500005,1
460115100017432,63250231,2458387.0021413127,58386.502314799996,14.6045532,0.0111660305,0,zg,95.5277143,7.6605080000000001,0.331,0,20180925502268,460,0xf,0x1,19.7800007,26.279295,0.0242518503,-0.0355049707,1.1761379e-05,30,1.28799999,1
460115100017432,63351750,2458388.0174232624,58387.517500000002,14.6424799,0.0112019582,0,zg,95.5277083,7.6604926000000004,0.222000003,0.00700000022,20180926517500,460,0xf,0x1,20.1599998,26.3064442,0.0198433418,-0.0568257868,8.05448326e-06,30,1.22500002,1
460115100017432,63445743,2458388.9574434622,58388.457430599999,14.6565619,0.0112155555,0,zg,95.527710099999993,7.6604957000000002,0.579999983,0.0109999999,20180927457396,460,0xf,0x1,20.2000008,26.2684803,0.0201683622,-0.0656066611,8.17652563e-06,30,1.52199996,1
460115100017432,63544387,2458389.9439842752,58389.4438773,14.7569294,0.0113167241,32768,zg,95.527716999999996,7.6604945999999998,0.499000013,-0.0250000004,20180928443866,460,0xf,0x1,20.0900002,26.1340313,0.0680541471,-0.040635772,9.15989222e-05,30,1.61899996,1
460115100017432,63647273,2458390.9729366973,58390.472731499998,14.6533909,0.0112124812,0,zg,95.5277131,7.6604919000000002,0.291000009,-0.00800000038,20180929472650,460,0xf,0x1,20.1599998,26.2590981,0.0201083757,-0.047488302,8.11346581e-06,30,1.37899995,1
460115100017432,66941888,2458423.9220673568,58423.4188889,14.5784063,0.0111418394,0,zg,95.527716799999993,7.6605153000000001,0.610000014,-0.00800000038,20181101418831,460,0xf,0x1,20.25,26.3056145,0.0219037011,-0.0399636701,1.0122546e-05,30,1.24000001,1
460115100017432,67139692,2458425.9002563464,58425.396921300002,14.6738768,0.011232473,0,zg,95.527712300000005,7.6604938000000002,0.991999984,0.0160000008,20181103396910,460,0xf,0x1,21.0799999,26.2772026,0.0189043414,-0.103995062,7.44340605e-06,30,1.29799998,1
460115100017432,67244274,2458426.9461594638,58426.4427431,14.6786003,0.0112371258,0,zg,95.527733499999997,7.6604944000000001,0.757000029,-0.0219999999,20181104442732,460,0xf,0x1,21.2600002,26.3250008,0.0179048982,-0.0939657241,6.69245219e-06,30,1.17200005,1
460115100017432,67337922,2458427.8827127251,58427.3792245,14.6331072,0.0111929858,0,zg,95.527728600000003,7.6604856999999997,1.30599999,0.0320000015,20181105379213,460,0xf,0x1,19.5799999,25.9332733,0.032710094,-0.0582857765,2.28984245e-05,30,1.35500002,1
460115100017432,67343174,2458427.9352399576,58427.4317477,14.6537952,0.0112128733,0,zg,95.527716100000006,7.6604923999999999,0.261999995,-0.00200000009,20181105431748,460,0xf,0x1,20.7000008,25.8489056,0.0185120702,-0.0650330037,7.13730651e-06,30,1.18400002,1
460115100017432,67432848,2458428.8320439528,58428.328483800004,14.6592722,0.0112181902,0,zg,95.527723699999996,7.6604893000000001,0.470999986,-0.0179999992,20181106328438,460,0xf,0x1,21.25,26.2381992,0.0192177612,-0.0533635244,7.57172165e-06,30,1.74199998,1
460115100017432,67545765,2458429.9612951172,58429.4576505,14.6480265,0.0112072965,0,zg,95.527715599999993,7.6604926000000004,0.526000023,-0.0179999992,20181107457650,460,0xf,0x1,21.6200008,26.3102055,0.0212742351,-0.0587349273,9.30304031e-06,30,1.15400004,1
460115100017432,67641937,2458430.9230904253,58430.419374999998,14.6245661,0.0111848637,0,zg,95.5277095,7.6605084000000003,0.578000009,-0.0329999998,20181108419375,460,0xf,0x1,21.4099998,26.3113861,0.0184559394,-0.0493353158,7.0381052e-06,30,1.19200003,1
460115100017432,67744028,2458431.9440789055,58431.440289400001,14.5949183,0.0111570628,0,zg,95.527705900000001,7.6605246999999999,0.726000011,-0.00499999989,20181109440278,460,0xf,0x1,20.4599991,26.2532845,0.0209735818,-0.0433074832,9.10137169e-06,30,1.15999997,1
460115100017432,67842136,2458432.925225297,58432.4213657,14.5891132,0.0111516891,0,zg,95.527698400000006,7.6604926999999998,0.535000026,-0.00899999961,20181110421354,460,0xf,0x1,21.1599998,26.3174362,0.0194255207,-0.0706282705,7.84941585e-06,30,1.17900002,1
460115100017432,68043756,2458434.9415696091,58434.437569399997,14.5620155,0.0111269085,0,zg,95.527720900000006,7.6605151999999999,1.02600002,-0.00200000009,20181112437558,460,0xf,0x1,20.3500004,26.3113594,0.0242863577,-0.0411456041,1.22515139e-05,30,1.15600002,1
460115100017432,68343523,2458437.9394318778,58437.4352315,14.629468,0.0111895185,0,zg,95.527726900000005,7.6604767999999996,0.800999999,-0.00200000009,20181115435220,460,0xf,0x1,20.5900002,26.3369637,0.0226455107,-0.0677345619,1.08697095e-05,30,1.15400004,1
460115100017432,68445206,2458438.9563259794,58438.452060199998,14.6579914,0.0112169459,0,zg,95.527710099999993,7.6604909000000001,0.690999985,-0.00100000005,20181116452060,460,0xf,0x1,21.2600002,26.3324299,0.0194187276,-0.0905781388,7.91928505e-06,30,1.15699995,1
460115100017432,68643516,2458440.939551576,58440.435162000002,14.7064838,0.0112649268,32768,zg,95.5277119,7.6604920999999999,1.06700003,0.0480000004,20181118435162,460,0xf,0x1,21.2999992,26.0780735,0.0545002557,-0.0867608264,6.17103433e-05,30,1.153,1
460115100017432,68745452,2458441.9589767382,58441.454525499998,14.6770906,0.0112356367,0,zg,95.527700999999993,7.6604872000000004,0.314999998,-0.0170000009,20181119454514,460,0xf,0x1,21.1299992,26.3045483,0.0195001885,-0.0669389889,7.94089647e-06,30,1.16600001,1
460115100017432,68949929,2458444.0038647885,58443.499294000001,14.6397123,0.011199302,0,zg,95.5277107,7.6604878000000003,0.828999996,-0.0140000004,20181121499294,460,0xf,0x1,20.4599991,26.3071575,0.021902848,-0.0688874498,9.95064329e-06,30,1.28499997,1
460115100017432,71033343,2458464.8388819494,58464.333437499998,14.6793432,0.0112378588,0,zg,95.527721799999995,7.6604837000000003,0.970000029,0.00100000005,20181212333426,460,0xf,0x1,21.1399994,26.3311348,0.0189073142,-0.101403952,7.39453617e-06,30,1.17999995,1
460115100017432,71124901,2458465.7544834288,58465.249016200003,14.6851053,0.0112435594,0,zg,95.527723199999997,7.6604869000000004,0.759000003,0.00200000009,20181213249005,460,0xf,0x1,20.4200001,26.2933846,0.0226358883,-0.0991191044,1.07366168e-05,30,1.528,1
460115100017432,71230813,2458466.8136285506,58466.308136599997,14.7022009,0.0112606194,0,zg,95.527712699999995,7.6605002000000004,0.670000017,-0.00300000003,20181214308125,460,0xf,0x1,20.2800007,25.783844,0.0214031562,-0.103449233,9.65373602e-06,30,1.22099996,1
460115100017432,71342332,2458467.9288377273,58467.423321800001,14.6996803,0.0112580908,32768,zg,95.527712600000001,7.6605024000000004,0.813000023,0.00800000038,20181215423310,460,0xf,0x1,18.9699993,24.2514324,0.0530200526,-0.0744817629,6.24476816e-05,30,1.24800003,1
460115100017432,71439866,2458468.904204221,58468.398669000002,14.640274,0.0111998413,0,zg,95.527717100000004,7.6605043000000004,0.425999999,-0.00400000019,20181216398657,460,0xf,0x1,21.1800003,26.309866,0.0178262051,-0.0528638177,6.5485965e-06,30,1.19200003,1
460115100017432,71517660,2458469.6821581628,58469.1766088,14.5639248,0.0111286398,0,zg,95.527710299999995,7.6605005000000004,0.741999984,-0.0170000009,20181217176562,460,0xf,0x1,20.0900002,26.0578117,0.033948943,-0.0373535901,2.37817858e-05,30,2.50200009,1
460115100017432,71824657,2458472.7521698908,58472.246574099998,14.6182976,0.0111789349,0,zg,95.527699299999995,7.6604983000000004,0.745999992,-0.00300000003,20181220246562,460,0xf,0x1,19.7800007,26.3063831,0.0249279253,-0.0976507217,1.27409185e-05,30,1.40999997,1
460115100017432,72228967,2458476.7953086356,58476.2896759,14.6650724,0.0112238443,0,zg,95.527705900000001,7.6604926999999998,1.13,0.023,20181224289664,460,0xf,0x1,19.7299995,26.3631191,0.0238576308,-0.108358517,1.20208506e-05,30,1.20000005,1
460115100017432,72628776,2458480.7934083091,58480.287766200003,14.6491594,0.0112083917,0,zg,95.527698200000003,7.6605626999999998,0.746999979,-0.00300000003,20181228287766,460,0xf,0x1,20.0799999,26.2791271,0.0246959031,-0.0419731699,1.28418997e-05,30,1.18299997,1
460115100017432,72728465,2458481.7902930193,58481.284652800001,14.6566534,0.0112156458,0,zg,95.527694400000001,7.6605077000000001,0.674000025,-0.00700000022,20181229284653,460,0xf,0x1,20.7299995,26.3157387,0.0198130142,-0.0632695258,8.29648434e-06,30,1.18299997,1
460115100017432,72848469,2458482.9903347041,58482.484699100001,14.5245647,0.0110934563,32768,zg,95.527678300000005,7.6605078000000004,0.601000011,-0.00200000009,20181230484687,460,0xf,0x1,19.1900005,25.6355381,0.0753358975,-0.0548133366,0.000119311626,30,2.20799994,1
460115100017432,73321341,2458487.7190084234,58487.213414400001,14.6113319,0.0111723794,0,zg,95.527732599999993,7.6605356000000002,0.657999992,-0.0160000008,20190104213403,460,0xf,0x1,20.5699997,26.2909927,0.0248405878,-0.0413503498,1.28268766e-05,30,1.36500001,1
460115100017432,73423578,2458488.7413670374,58488.235786999998,14.6697283,0.0112283994,0,zg,95.527704999999997,7.6604944000000001,0.973999977,0.0160000008,20190105235775,460,0xf,0x1,21.0300007,26.2263489,0.0185558498,-0.105956152,7.1387426e-06,30,1.25800002,1
460115100017432,73720680,2458491.7123349304,58491.206805599999,14.6434212,0.0112028625,0,zg,95.527697399999994,7.6604963000000001,1.03799999,-0.0189999994,20190108206806,460,0xf,0x1,20.8299999,26.2958469,0.0188745949,-0.0820867866,7.40656515e-06,30,1.32599998,1
460115100017432,73823282,2458492.7383324997,58492.2328241,14.7326679,0.0112915672,32768,zg,95.527718899999996,7.6604963000000001,0.504999995,-0.00400000019,20190109232813,460,0xf,0x1,17.9799995,23.7572231,0.0603427179,-0.0809765682,0.000250473473,30,1.21899998,1
460115100017432,73826211,2458492.7676258855,58492.262118099999,14.6701918,0.0112288538,32768,zg,95.527710099999993,7.6604923999999999,1.22399998,-0.00300000003,20190109262118,460,0xf,0x1,19.0300007,24.2136383,0.0462612063,-0.0805722028,4.92845975e-05,30,1.15999997,1
460115100017432,73923148,2458493.7369678286,58493.231481499999,14.6530237,0.0112121264,0,zg,95.527721,7.6604967000000004,0.456,0.00100000005,20190110231470,460,0xf,0x1,20.8700008,26.2054844,0.0193802826,-0.0616231561,7.7491286e-06,30,1.21500003,1
460115100017432,74122951,2458495.7349511185,58495.229513899998,14.6040239,0.011165536,0,zg,95.527714000000003,7.6605185999999996,0.675000012,-0.0109999999,20190112229502,460,0xf,0x1,20.7999992,26.291441,0.0176178385,-0.0529636368,6.49983167e-06,30,1.20599997,1
460115100017432,74126748,2458495.7729246323,58495.267488400001,14.5783796,0.0111418143,0,zg,95.527716299999994,7.6605502999999997,1.07599998,-0.00400000019,20190112267488,460,0xf,0x1,20.6000004,26.301775,0.0189719684,-0.0458012894,7.47769218e-06,30,1.14600003,1
460115100017432,75123126,2458505.7363565005,58505.231261599998,14.653801,0.0112128789,0,zg,95.527709200000004,7.6605119999999998,0.593999982,-0.00200000009,20190122231250,460,0xf,0x1,19.1700001,26.3044319,0.0319524035,-0.0482219011,2.14183328e-05,30,1.15400004,1
460115100017432,75320464,2458507.709650211,58507.204641199998,14.6462135,0.0112055503,0,zg,95.527707399999997,7.6605040000000004,0.644999981,-0.023,20190124204630,460,0xf,0x1,20.5200005,26.3195858,0.0178348161,-0.0685094893,6.60986552e-06,30,1.18700004,1
460115100017432,75420805,2458508.7130187023,58508.2080556,14.6099596,0.0111710913,0,zg,95.527709799999997,7.6605005000000004,0.670000017,-0.00999999978,20190125208044,460,0xf,0x1,20.75,26.3132572,0.0188660268,-0.0650129169,7.38470953e-06,30,1.176,1
460115100017432,75521274,2458509.7176587367,58509.212743099997,14.5687103,0.0111329863,0,zg,95.527695800000004,7.6605160999999997,0.90200001,-0.00600000005,20190126212743,460,0xf,0x1,20.5300007,26.300436,0.0201480407,-0.0491751917,8.37853531e-06,30,1.16400003,1
460115100017432,75619307,2458510.6979465829,58510.193078700002,14.5734386,0.0111372964,0,zg,95.527713199999994,7.6605017999999996,0.333999991,0.00100000005,20190127193079,460,0xf,0x1,20.4300003,26.2505417,0.0206635091,-0.050451573,8.81907272e-06,30,1.19500005,1
460115100017432,75718723,2458511.6920518279,58511.187233800003,14.6080523,0.0111693032,0,zg,95.527719200000007,7.6604942999999999,0.694000006,-0.00600000005,20190128187222,460,0xf,0x1,21.25,26.2641563,0.0184588879,-0.0659542605,7.07229992e-06,30,1.20200002,1
460115100017432,76818725,2458522.6914317692,58522.187256899997,14.5579386,0.0111232232,0,zg,95.527709200000004,7.6605235,0.975000024,-0.0379999988,20190208187245,460,0xf,0x1,20.9500008,26.2684307,0.0173083898,-0.031635873,6.30887416e-06,30,1.15199995,1
460115100017432,76924899,2458523.7530975314,58523.248993100002,14.5454359,0.0111119868,0,zg,95.527721200000002,7.6605511000000002,1.21500003,-0.0359999985,20190209248993,460,0xf,0x1,20.7900009,26.2598324,0.0185090285,-0.0237750597,7.06102674e-06,30,1.17999995,1
460115100017432,77024315,2458524.747196944,58524.243159700003,14.5646648,0.0111293113,0,zg,95.527716499999997,7.6605594999999997,0.5,-0.0130000003,20190210243160,460,0xf,0x1,20.8500004,26.2875195,0.0180705376,-0.031467244,6.68291477e-06,30,1.17499995,1
460115100017432,78024942,2458534.752720857,58534.249421300003,14.5837889,0.011146782,0,zg,95.527711100000005,7.6605504,1.23699999,-0.0240000002,20190220249387,460,0xf,0x1,19.2399998,26.2470989,0.0330407955,-0.0168970115,2.29259203e-05,30,1.26499999,1
460115100017432,78521541,2458539.7183133108,58539.215416699997,14.5977573,0.0111596985,0,zg,95.5277174,7.6605134000000001,0.523000002,-0.0299999993,20190225215405,460,0xf,0x1,21.2199993,26.2613811,0.0175671801,-0.0528501421,6.27588042e-06,30,1.20200002,1
460115100017432,79323225,2458547.7344608232,58547.232256900003,14.5730734,0.011136963,0,zg,95.527692400000007,7.6605134000000001,0.405999988,-0.0250000004,20190305232245,460,0xf,0x1,21.0100002,26.2342834,0.0174621586,-0.0368885733,6.41381257e-06,30,1.34500003,1
460115100017432,80412802,2458558.6292224783,58558.128020800003,14.6430445,0.0112025002,0,zg,95.527693900000003,7.6605325999999998,0.888999999,-0.0179999992,20190316128021,460,0xf,0x1,19.6599998,26.2728233,0.0266941935,-0.0485970937,1.47159853e-05,30,1.14699996,1
460115100017432,80516703,2458559.6681406354,58559.167036999999,14.6144361,0.0111752972,0,zg,95.527698900000004,7.6604947000000001,0.50999999,-0.0179999992,20190317167037,460,0xf,0x1,19.8799992,26.2756443,0.0221039709,-0.0683883727,1.01884016e-05,30,1.21899998,1
460115100017432,80617285,2458560.6738672545,58560.172858799997,14.6027794,0.0111643746,0,zg,95.527700999999993,7.6604890000000001,0.925000012,-0.023,20190318172836,460,0xf,0x1,19.9099998,26.2859612,0.0224568248,-0.058899533,1.04655055e-05,30,1.245,1
460115100017432,80820259,2458562.7034082455,58562.202592599999,14.633811,0.0111936582,0,zg,95.527696700000007,7.6604893000000001,0.876999974,0.0109999999,20190320202477,460,0xf,0x1,19.3199997,26.1937141,0.0315681584,-0.0785647482,2.07673183e-05,30,1.40900004,1
460115100017432,81314861,2458567.6489541726,58567.148611099998,14.7181082,0.0112766894,32768,zg,95.5277289,7.6604950000000001,1.88300002,0.0209999997,20190325148611,460,0xf,0x1,20.8899994,26.2399025,0.0188008044,-0.129229128,7.46232945e-06,30,1.22899997,1
460115100017432,81417760,2458568.677848639,58568.177604199998,14.6267796,0.0111869629,0,zg,95.527686900000006,7.6605322999999999,0.98299998,-0.0379999988,20190326177604,460,0xf,0x1,20.5300007,26.0278625,0.0202619843,-0.0223284867,8.41320525e-06,30,1.35899997,1
460115100017432,82016703,2458574.6667078361,58574.167036999999,14.6771278,0.011235672,32768,zg,95.527697000000003,7.6604957000000002,0.442000002,-0.0170000009,20190401167037,460,0xf,0x1,18.1299992,23.6284027,0.0734047219,-0.0824479833,0.000321475818,30,1.39199996,1
460115100017432,82118780,2458575.6873743003,58575.187800899999,14.6203032,0.0111808283,32768,zg,95.5276949,7.6604998999999996,1.09599996,0.0500000007,20190402187801,460,0xf,0x1,19.7600002,25.2292881,0.0323619843,-0.0507257059,2.17552952e-05,30,1.56400001,1
460115100017432,82718623,2458581.6852440285,58581.186238399998,14.6717834,0.0112304166,0,zg,95.5276839,7.6604991,0.83099997,0.00300000003,20190408186238,460,0xf,0x1,20.1100006,25.8910255,0.0229955018,-0.0529999211,1.10588207e-05,30,1.71700001,1
460115100017432,83215070,2458586.6492510159,58586.150706,14.5736561,0.0111374948,0,zg,95.527707100000001,7.6604941000000002,0.529999971,-0.00999999978,20190413150694,460,0xf,0x1,19.7700005,26.131815,0.0250879731,-0.0543187484,1.29051205e-05,30,1.505,1
460115100017432,83318708,2458587.6855335184,58587.187083299999,14.5751438,0.0111388536,0,zg,95.527657899999994,7.6604915,1.25899994,-0.023,20190414187072,460,0xf,0x1,19.6000004,26.0409145,0.0385920815,-0.0372527279,3.10556898e-05,30,1.95700002,1
460115100017432,83418468,2458588.6830470315,58588.184687499997,15.1864443,0.0118495738,32768,zg,95.527685599999998,7.6604967000000004,0.638000011,-0.0460000001,20190415184688,460,0xf,0x1,17.8600006,24.4792557,0.298207313,-0.0791106746,0.0101465005,30,1.96300006,1
460115100017432,96948216,2458723.9794388469,58723.482164399997,14.6166601,0.0111773899,0,zg,95.527719500000003,7.6604944000000001,0.862999976,-0.0439999998,20190828482164,460,0xf,0x1,20.9200001,25.9515057,0.0205801502,-0.0332586616,8.66124265e-06,30,2.3900001,1
460115100017432,97248253,2458726.9800581569,58726.482534700001,14.4902191,0.0110635655,0,zg,95.527769800000002,7.6605315000000003,1.46800005,-0.0799999982,20190831482535,460,0xf,0x1,20.5,26.0096664,0.0285792742,-0.00797381066,1.6565411e-05,30,2.18499994,1
460115100017432,97948518,2458733.9833153724,58733.485185199999,14.6340342,0.0111938715,0,zg,95.527741199999994,7.6604944000000001,0.360000014,-0.00800000038,20190907485185,460,0xf,0x1,20.5699997,26.098875,0.0198681112,-0.0357673354,8.03770035e-06,30,1.81099999,1
460115100017432,98249575,2458736.9941526046,58736.495752299998,14.6457129,0.0112050679,0,zg,95.527732,7.6605049000000003,0.921999991,-0.0140000004,20190910495752,460,0xf,0x1,20.7999992,26.1595993,0.0210650284,-0.0651887953,9.19301692e-06,30,1.597,1
460115100017432,98552268,2458740.0213617468,58739.522685199998,14.581172,0.0111443764,0,zg,95.527713000000006,7.6605059999999998,0.474000007,-0.00100000005,20190913522685,460,0xf,0x1,20.1100006,26.1700325,0.0206864141,-0.0427327678,8.71096563e-06,30,1.347,1
460115100017432,98852038,2458743.0193358962,58742.520381900002,14.6497021,0.0112089152,32768,zg,95.527716900000001,7.6604910999999998,0.616999984,-0.0379999988,20190916520382,460,0xf,0x1,18.6200008,25.079483,0.0495046452,-0.03295606,6.48248388e-05,30,1.31799996,1
460115100017432,99548265,2458749.9822600698,58749.482650500002,14.6312895,0.0111912536,0,zg,95.527716799999993,7.6604899,0.493999988,-0.0109999999,20190923482593,460,0xf,0x1,20.4899998,26.1499557,0.0190265905,-0.0447084419,7.47371405e-06,30,1.421,1
460115100017432,100246082,2458756.9610968186,58756.460821799999,14.6548891,0.0112139331,0,zg,95.527710900000002,7.6604923999999999,0.788999975,-0.0390000008,20190930460822,460,0xf,0x1,21.0300007,26.1700554,0.0168083366,-0.0570160486,5.83143265e-06,30,1.43799996,1
460115100017432,100338696,2458757.8873309661,58757.386967600003,14.604435,0.0111659206,0,zg,95.527728699999997,7.6605205999999999,0.874000013,-0.00100000005,20191001386887,460,0xf,0x1,19.9699993,25.9994068,0.0267032888,-0.0287488997,1.46722405e-05,30,2.45499992,2
460115100017432,100947914,2458763.980086179,58763.479143500001,14.6160822,0.011176846,0,zg,95.527720000000002,7.6604969000000001,0.398999989,-0.0309999995,20191007479132,460,0xf,0x1,21.2299995,26.1907139,0.0176731031,-0.053558778,6.41221413e-06,30,1.25300002,1
460115100017432,101247775,2458766.9789795629,58766.477754599997,14.6074705,0.0111687584,0,zg,95.527728199999999,7.6604979999999996,0.535000026,-0.0160000008,20191010477755,460,0xf,0x1,21.2299995,26.1980896,0.0162228905,-0.055805441,5.40443762e-06,30,1.23000002,1
460115100017432,101952280,2458774.0246766554,58773.522800899998,14.6823931,0.0112408735,0,zg,95.527711100000005,7.6605230000000004,0.508000016,-0.0130000003,20191017522523,460,0xf,0x1,19.8299999,26.2035065,0.0238199122,-0.0350579731,1.17976379e-05,30,1.14100003,1
460115100017432,102252410,2458777.0262547769,58776.524108799997,14.6474934,0.0112067834,0,zg,95.527700100000004,7.6605043999999998,0.755999982,-0.0170000009,20191020524109,460,0xf,0x1,20.0100002,26.2245636,0.0220764671,-0.0503058992,1.0113763e-05,30,1.14300001,1
460115100017432,103047458,2458784.9774177358,58784.474583299998,14.6601896,0.0112190833,0,zg,95.527720000000002,7.6604861,0.453000009,-0.00400000019,20191028474583,460,0xf,0x1,19.8799992,26.2162819,0.025522694,-0.0573628806,1.34592792e-05,30,1.14699996,1
460115100017432,103343918,2458787.9422686463,58787.439189800003,14.6424599,0.0112019386,0,zg,95.527721999999997,7.6605005000000004,0.453000009,-0.00200000009,20191031439190,460,0xf,0x1,20.5300007,26.2177811,0.0199519638,-0.055566255,8.35775791e-06,30,1.18299997,1
460115100017432,103653045,2458791.0337767871,58790.530451400002,14.6412754,0.0112008015,0,zg,95.527722900000001,7.6604950000000001,0.856999993,0.0359999985,20191103530451,460,0xf,0x1,20.8700008,26.2182865,0.0184872895,-0.0665883571,7.11504163e-06,30,1.21000004,1
460115100017432,103952295,2458794.0265067019,58793.522951400002,14.667079,0.0112258056,0,zg,95.527726299999998,7.6604785,0.838999987,0.00400000019,20191106522951,460,0xf,0x1,21.1000004,26.2093658,0.0179467034,-0.0775846541,6.76214722e-06,30,1.21200001,1
460115100017432,104229069,2458796.7944540572,58796.290694399999,14.5964861,0.0111585176,0,zg,95.527732799999995,7.6604884999999996,1.14100003,-0.00999999978,20191109290694,460,0xf,0x1,19.3299999,26.035408,0.0348192155,-0.0348055661,2.46069103e-05,30,2.20099998,1
460115100017432,104654905,2458801.0531086973,58800.549050900001,14.6558428,0.0112148589,0,zg,95.527711600000004,7.6604918,0.611000001,-0.0370000005,20191113549028,460,0xf,0x1,19.6000004,26.1871109,0.0265241768,-0.0456870086,1.45290041e-05,30,1.40199995,1
460115100017432,105039513,2458804.899447633,58804.395138899999,14.6384392,0.0111980829,0,zg,95.527708099999998,7.6605043999999998,0.430999994,-0.00300000003,20191117395139,460,0xf,0x1,19.5900002,26.2247372,0.0259187333,-0.0625363067,1.3914022e-05,30,1.17900002,1
460115100017432,105741864,2458811.923363897,58811.418645799997,14.6498127,0.0112090213,0,zg,95.527724500000005,7.6605014999999996,0.601999998,-0.023,20191124418380,460,0xf,0x1,20.7600002,26.1992836,0.0193996709,-0.0484341197,7.89298792e-06,30,1.14100003,1
460115100017432,107719214,2458831.6984922369,58831.192141200001,14.6293058,0.0111893639,0,zg,95.527698000000001,7.6604796000000004,0.546999991,-0.00499999989,20191214192095,460,0xf,0x1,19.4300003,28.1595974,0.0259949509,-0.0265626721,1.37835741e-05,180,2.26900005,2
460115100017432,107736609,2458831.8724546349,58831.366099500003,14.6703997,0.0112290578,0,zg,95.527697200000006,7.6605118000000001,0.252999991,-0.00600000005,20191214366100,460,0xf,0x1,20.0599995,28.315836,0.0163536426,-0.0403769203,5.61532033e-06,180,1.14100003,2
460115100017432,108444184,2458838.9474472082,58838.441840300002,14.6585388,0.0112174768,32768,zg,95.527691200000007,7.6605027999999997,0.546000004,0.00800000038,20191221441840,460,0xf,0x1,19.5100002,25.5686016,0.0291398559,-0.0470732637,1.75431105e-05,30,1.38100004,1
460115100017432,109225006,2458846.7557103829,58846.250069399997,14.6483021,0.0112075647,0,zg,95.527716799999993,7.6605032,0.85799998,-0.0260000005,20191229250069,460,0xf,0x1,20.9899998,26.3398972,0.0185577925,-0.0651070848,7.20763364e-06,30,1.26100004,1
460115100017432,109944379,2458853.9493766217,58853.443796300002,14.6623917,0.0112212282,0,zg,95.527704,7.6605067,0.910000026,-0.0320000015,20200105443785,460,0xf,0x1,20.8899994,26.2625217,0.0174901988,-0.0436457358,6.38374195e-06,30,1.75100005,1
460115100017432,110611011,2458860.6155623347,58860.110115700001,14.6465931,0.0112059154,0,zg,95.527737400000007,7.6604986000000004,0.352999985,-0.00100000005,20200112110116,460,0xf,0x1,18.9300003,26.1209068,0.0414159447,-0.0289499089,3.60952581e-05,30,2.33899999,1
460115100017432,111322355,2458867.7287773653,58867.223553199998,14.6803255,0.0112388292,0,zg,95.527702199999993,7.6604988000000001,0.490999997,0.0219999999,20200119223542,460,0xf,0x1,21.1599998,26.2895126,0.0172224678,-0.0613861531,6.18381728e-06,30,1.17799997,1
460115100017432,111721186,2458871.7169277021,58871.2118634,14.674058,0.0112326499,0,zg,95.527694100000005,7.6604935999999997,0.211999997,0.00100000005,20200123211863,460,0xf,0x1,20.9799995,26.3662224,0.0190028772,-0.061570704,7.57258613e-06,30,1.17900002,1
460115100017432,112020527,2458874.7102061254,58874.2052778,14.6689558,0.0112276422,32768,zg,95.527711699999998,7.6604918,0.726999998,-0.0280000009,20200126205278,460,0xf,0x1,20.3400002,25.573988,0.0232528169,-0.0757495537,1.13097849e-05,30,1.176,1
460115100017432,112217646,2458876.6813014043,58876.176469899998,14.6509438,0.0112101156,0,zg,95.527712699999995,7.6604906000000001,0.633000016,-0.0170000009,20200128176470,460,0xf,0x1,21.2099991,26.3369389,0.018673718,-0.0665024668,7.23503945e-06,30,1.23300004,1
460115100017432,112321032,2458877.7151025855,58877.2103241,14.6792746,0.0112377899,0,zg,95.527706300000006,7.6604964999999998,0.524999976,-0.0199999996,20200129210324,460,0xf,0x1,20.9799995,26.335556,0.0194423962,-0.0582282431,7.8072444e-06,30,1.15699995,1
460115100017432,112516686,2458879.6715373527,58879.166863400002,14.6833382,0.0112418085,0,zg,95.527700400000001,7.6605141000000003,0.646000028,-0.00100000005,20200131166863,460,0xf,0x1,20.1299992,26.3356743,0.0235169567,-0.0528001897,1.14912737e-05,30,1.23800004,1
460115100017432,113221045,2458886.7147060772,58886.210451400002,14.7029266,0.0112613477,0,zg,95.527711800000006,7.6605232000000001,0.746999979,-0.0520000011,20200207210451,460,0xf,0x1,19.6100006,26.3591099,0.0277864635,-0.0484166332,1.60610562e-05,30,1.14100003,1
460115100017432,113625391,2458890.7578974902,58890.253912,14.6527405,0.0112118535,0,zg,95.527694100000005,7.6604979999999996,0.765999973,-0.0140000004,20200211253912,460,0xf,0x1,19.7000008,26.3370972,0.031420093,-0.0469184406,2.03267755e-05,30,1.20099998,1
460115100017432,113918935,2458893.6931299246,58893.1893519,14.663413,0.0112222247,0,zg,95.5277143,7.6605176999999998,0.978999972,-0.00899999961,20200214189352,460,0xf,0x1,21.0900002,26.3197479,0.0180385485,-0.0466038845,6.74437115e-06,30,1.14100003,1
460115100017432,114219085,2458896.6944124708,58896.190856499998,14.6591759,0.0112180961,0,zg,95.527711600000004,7.6605100999999998,0.243000001,-0.00200000009,20200217190856,460,0xf,0x1,21.0599995,26.3472195,0.0178166963,-0.0509077348,6.53002917e-06,30,1.14100003,1
460115100017432,114419630,2458898.699710215,58898.196307899998,14.6889925,0.0112474188,0,zg,95.527723699999996,7.6605029,0.56400001,-0.0299999993,20200219196308,460,0xf,0x1,21.2999992,26.3319378,0.019372873,-0.0604146197,7.66696394e-06,30,1.14600003,1
460115100017432,114519206,2458899.6953847161,58899.192060200003,14.7050409,0.0112634748,0,zg,95.527702300000001,7.6605211000000004,0.851999998,-0.0340000018,20200220192049,460,0xf,0x1,21.0100002,26.3352413,0.0187339429,-0.0435319208,7.23371568e-06,30,1.14499998,1
460115100017432,114924621,2458903.7492133509,58903.246215300001,14.6630392,0.0112218596,0,zg,95.527694400000001,7.6604926999999998,0.47299999,0.0390000008,20200224246181,460,0xf,0x1,21.2099991,26.2932835,0.0185573883,-0.0636080056,7.17739294e-06,30,1.29200006,1
460115100017432,115214922,2458906.6519799847,58906.149224499997,14.6927795,0.0112511907,0,zg,95.527718899999996,7.6605040000000004,0.279000014,-0.00700000022,20200227149225,460,0xf,0x1,20.6399994,26.3490982,0.018521728,-0.0522417575,7.07938852e-06,30,1.14199996,1
460115100017432,115517052,2458909.673016795,58909.170520799998,14.7267141,0.0112854643,32768,zg,95.527808300000004,7.6604717999999998,1.35699999,-0.00899999961,20200301170243,460,0xf,0x1,18.9699993,26.4269028,0.0455941781,-0.10966716,5.6877856e-05,30,1.14900005,1
460115100017432,115925309,2458913.7552255816,58913.253090300001,14.6254148,0.0111856684,0,zg,95.527703200000005,7.6605251000000001,1.028,-0.0340000018,20200305252998,460,0xf,0x1,19.4099998,26.1872158,0.029328486,-0.0341581218,1.78188548e-05,30,1.48800004,1
460115100017432,116318853,2458917.6903084959,58917.1885301,14.6288309,0.0111889131,0,zg,95.527705699999999,7.6604918,1.01699996,0.00800000038,20200309188495,460,0xf,0x1,19.25,25.9733944,0.0325320698,-0.0484926477,2.19452759e-05,30,1.22300005,1
460115100017432,118713061,2458941.6301211854,58941.130613399997,14.6661377,0.0112248845,0,zg,95.527687700000001,7.6605143,0.633000016,-0.00700000022,20200402130613,460,0xf,0x1,19.9099998,26.3043995,0.0235819649,-0.0479232781,1.16809906e-05,30,1.24699998,1
460115100017432,133850332,2459093.000910142,59092.503321800003,14.6548223,0.0112138689,0,zg,95.527728699999997,7.6604736000000004,0.458000004,-0.0250000004,20200831503322,460,0xf,0x1,20.9500008,26.2062759,0.0160711221,-0.0422540903,5.53416476e-06,30,1.79700005,1
460115100017432,134148965,2459095.9874972356,59095.489652800003,14.597106,0.0111590931,0,zg,95.5277174,7.6604926000000004,0.555999994,-0.00600000005,20200903489653,460,0xf,0x1,19.7299995,26.1218987,0.0251008347,-0.0368662588,1.32245741e-05,30,1.87399995,1
460115100017432,136350290,2459118.0027783043,59117.502905100002,14.668519,0.0112272156,0,zg,95.527716299999994,7.6604916999999997,0.549000025,-0.00100000005,20200925502905,460,0xf,0x1,21.2800007,26.3168621,0.0161224045,-0.0485090911,5.41602685e-06,30,1.27900004,1
460115100017432,136448436,2459118.984330182,59118.484363399999,14.6567802,0.0112157688,0,zg,95.527720900000006,7.6604891999999998,0.699999988,-0.0240000002,20200926484363,460,0xf,0x1,21.1700001,26.339613,0.0163929481,-0.0515151173,5.54941607e-06,30,1.35099995,1
460115100017432,136550312,2459120.0031889929,59119.503125000003,14.6466694,0.011205988,0,zg,95.527728800000006,7.6604863999999999,0.595000029,-0.00999999978,20200927503113,460,0xf,0x1,21.2399998,26.2495174,0.0162089709,-0.0532184131,5.42849148e-06,30,1.25699997,1
460115100017432,136646311,2459120.9632689846,59120.463113400001,14.6047831,0.0111662457,0,zg,95.527725899999993,7.6605023000000001,0.601000011,-0.0549999997,20200928463113,460,0xf,0x1,21.1900005,26.2884464,0.0155897746,-0.0460156202,4.9366754e-06,30,1.44599998,1
460115100017432,136743000,2459121.930247833,59121.43,14.6033792,0.0111649344,0,zg,95.527716600000005,7.6604915,0.423999995,-0.00300000003,20200929430000,460,0xf,0x1,20.0900002,26.1999722,0.0215257965,-0.0420781337,9.3836461e-06,30,1.72300005,1
460115100017432,136942350,2459123.9239448789,59123.423506899999,14.6079025,0.0111691644,0,zg,95.527731900000006,7.6604861,0.488000005,-0.0120000001,20201001423495,460,0xf,0x1,19.4300003,26.1678963,0.0298105013,-0.0394734815,1.84405671e-05,30,1.73599994,1
460115100017432,137144137,2459125.9420074569,59125.441377299998,14.6184521,0.0111790812,0,zg,95.527717199999998,7.6604770999999996,0.797999978,0.00600000005,20201003441377,460,0xf,0x1,19.8999996,26.3028297,0.0245530326,-0.0477157161,1.24635899e-05,30,1.50600004,1
460115100017432,137343298,2459127.9338053842,59127.432986100001,14.6866541,0.0112450961,32768,zg,95.527719899999994,7.6604858,0.717000008,-0.0160000008,20201005432975,460,0xf,0x1,18.1499996,24.8618736,0.150646672,-0.0560930856,0.00118931092,30,1.52999997,1
460115100017432,137543930,2459129.9403146766,59129.439305599997,14.6973524,0.0112557588,0,zg,95.527721900000003,7.6604954999999997,0.488999993,-0.00899999961,20201007439306,460,0xf,0x1,19.9200001,26.3064327,0.0226245765,-0.0496013314,1.04695637e-05,30,1.44299996,1
460115100017432,138144065,2459135.9422298181,59135.440659699998,14.6023808,0.0111640031,0,zg,95.527719399999995,7.6604973000000003,0.419,-0.023,20201013440660,460,0xf,0x1,21.2299995,26.3047543,0.016607888,-0.0470173657,5.74079877e-06,30,1.33800006,1
460115100017432,138346101,2459137.9627744849,59137.461018499998,14.5837164,0.0111467149,0,zg,95.527723899999998,7.6604996999999999,0.730000019,0.00899999961,20201015461019,460,0xf,0x1,21.2700005,26.2562389,0.0179600157,-0.0489075184,6.68576558e-06,30,1.23500001,1
460115100017432,138543986,2459139.9417972439,59139.4398611,14.630353,0.0111903613,0,zg,95.527713399999996,7.6604900999999996,0.467999995,-0.023,20201017439850,460,0xf,0x1,20.9200001,25.8756275,0.0187120028,-0.0433242619,7.20931166e-06,30,1.29200006,1
460115100017432,138744158,2459141.9437018777,59141.441585599998,14.6607838,0.0112196617,0,zg,95.527722299999994,7.6604995999999996,0.547999978,-0.0120000001,20201019441586,460,0xf,0x1,21.2399998,26.330143,0.0161180776,-0.0480551422,5.50081131e-06,30,1.26400006,1
460115100017432,138942328,2459143.9255792685,59143.423286999998,14.6480589,0.0112073291,0,zg,95.527722699999998,7.6604942999999999,0.345999986,-0.00600000005,20201021423287,460,0xf,0x1,21.4500008,26.331461,0.0173180811,-0.0471177734,6.28613452e-06,30,1.31400001,1
460115100017432,139144146,2459145.943938816,59145.441469899997,14.6429214,0.0112023829,0,zg,95.527710499999998,7.6604904999999999,0.689999998,-0.0189999994,20201023441470,460,0xf,0x1,21.2099991,26.3133717,0.0165724661,-0.0573843718,5.71760438e-06,30,1.22500002,1
460115100017432,139545861,2459149.9614229454,59149.458611100003,14.611495,0.0111725321,0,zg,95.527725200000006,7.6604964999999998,0.432000011,-0.0140000004,20201027458600,460,0xf,0x1,20.9300003,26.3486042,0.0175566804,-0.0565439947,6.43512476e-06,30,1.16400003,1
460115100017432,139739362,2459151.8965952024,59151.393622700001,14.606555,0.0111679025,0,zg,95.527715099999995,7.6605052000000002,0.421999991,0,20201029393576,460,0xf,0x1,19.4400005,26.3815727,0.0329948105,-0.0522258691,2.26137254e-05,30,1.35300004,1
460115100017432,139943769,2459153.9408356333,59153.4376968,14.6744404,0.011233028,0,zg,95.527704,7.6604925000000001,0.587000012,-0.00999999978,20201031437697,460,0xf,0x1,20.0599995,26.4175262,0.0225688759,-0.0686368942,1.05621921e-05,30,1.18099999,1
460115100017432,140141568,2459155.9189791051,59155.415682899999,14.6674643,0.0112261828,0,zg,95.527710600000006,7.6604998999999996,0.666999996,0.00999999978,20201102415683,460,0xf,0x1,20.0799999,26.3946953,0.0233216938,-0.0527914725,1.13192073e-05,30,1.22099996,1
460115100017432,140339766,2459157.9011122091,59157.397662000003,14.6664534,0.0112251937,0,zg,95.527706499999994,7.6604859000000003,0.537,0.0209999997,20201104397662,460,0xf,0x1,19.8299999,26.3691711,0.0246084873,-0.0510519557,1.26358309e-05,30,1.26199996,1
460115100017432,141138104,2459165.8850711472,59165.381041699999,14.6276741,0.0111878132,0,zg,95.5277131,7.6604970000000003,0.252000004,-0.00600000005,20201112381030,460,0xf,0x1,21.3199997,26.3781338,0.0164068416,-0.0472391285,5.58251031e-06,30,1.24399996,1
460115100017432,141340824,2459167.9124057824,59167.408240700002,14.6515064,0.0112106595,0,zg,95.527715400000005,7.6605046000000003,0.488000005,0.00100000005,20201114408229,460,0xf,0x1,20.5799999,26.4138031,0.0178619437,-0.0484154485,6.59737316e-06,30,1.16499996,1
460115100017432,141546974,2459169.9740432324,59169.469745399998,14.6620531,0.0112208975,0,zg,95.5277119,7.6605078000000004,0.59799999,-0.00700000022,20201116469745,460,0xf,0x1,20.9500008,26.4234543,0.0171392057,-0.0696720183,6.07582069e-06,30,1.16199994,1
460115100017432,141740287,2459171.9072878119,59171.402870400001,14.6454868,0.0112048509,0,zg,95.527714599999996,7.6604852000000001,0.763000011,-0.0170000009,20201118402870,460,0xf,0x1,21.3500004,26.4097309,0.0165651161,-0.0601816289,5.68499945e-06,30,1.15799999,1
460115100017432,142238284,2459176.8875498008,59176.382847200002,14.621911,0.0111823482,0,zg,95.527712800000003,7.6604957000000002,0.513000011,-0.0309999995,20201123382847,460,0xf,0x1,21.3400002,26.3788757,0.0159600396,-0.0566368662,5.29855197e-06,30,1.16700006,1
460115100017432,142725495,2459181.7599017927,59181.254953700001,14.6356697,0.0111954324,0,zg,95.527717199999998,7.6605027999999997,1.03199995,-0.00499999989,20201128254942,460,0xf,0x1,18.9400005,26.2750416,0.0400550067,-0.0437631905,3.39707985e-05,30,1.86899996,1
460115100017432,142933771,2459183.8427625145,59183.337719900002,14.7269773,0.0112857334,32768,zg,95.527713599999998,7.6605014000000002,0.583000004,-0.00300000003,20201130337708,460,0xf,0x1,17.6000004,25.5979195,0.0496939234,-0.12396951,0.000279849715,30,1.22500002,1
460115100017432,143140056,2459185.9056968885,59185.400567099998,14.6216965,0.0111821461,0,zg,95.527690800000002,7.6605182000000003,1.00600004,0.0189999994,20201202400544,460,0xf,0x1,19.3400002,26.3956337,0.031067526,-0.0414346233,1.9843952e-05,30,1.13999999,1
460115100017432,143337983,2459187.8850453277,59187.379838000001,14.60497,0.0111664208,0,zg,95.527702300000001,7.6604986000000004,0.930999994,-0.0120000001,20201204379826,460,0xf,0x1,19.6700001,26.4050598,0.024685571,-0.0528423004,1.27935427e-05,30,1.14100003,1
460115100017432,143832562,2459192.8309993488,59192.325624999998,14.6369915,0.0111966971,0,zg,95.527719000000005,7.6604919000000002,0.395999998,-0.00200000009,20201209325625,460,0xf,0x1,19.8600006,25.9011936,0.0249369144,-0.0535419174,1.28660949e-05,30,1.19299996,1
460115100017432,144240151,2459196.9069986641,59196.4015162,14.6138372,0.0111747328,0,zg,95.527686099999997,7.6605226000000002,0.469999999,0.00400000019,20201213401481,460,0xf,0x1,20.25,26.3913708,0.0229257178,-0.0389531776,1.11237669e-05,30,1.16999996,1
460115100017432,144435973,2459198.8652584739,59198.359733800004,14.6289053,0.0111889839,0,zg,95.527707699999993,7.6605027000000003,0.510999978,0.00899999961,20201215359722,460,0xf,0x1,21.1100006,26.3972797,0.0157583151,-0.051157888,5.12986435e-06,30,1.13900006,1
460115100017432,144641589,2459200.9214532776,59200.415891199998,14.639677,0.0111992685,32768,zg,95.527702899999994,7.6604926000000004,0.842999995,0.0179999992,20201217415891,460,0xf,0x1,20.25,25.8376865,0.0213649794,-0.0867959708,9.49949026e-06,30,1.23000002,1
460115100017432,144833738,2459202.8429749408,59202.337384300001,14.6009712,0.0111626899,0,zg,95.5277052,7.6605381000000001,1.10399997,0.00200000009,20201219337384,460,0xf,0x1,20.1599998,26.4001312,0.0228480361,-0.0383187793,1.09124285e-05,30,1.14100003,3
460115100017432,144934188,2459203.847489683,59203.341886599999,14.6327667,0.0111926617,0,zg,95.527707000000007,7.6605021000000004,0.675000012,0.00200000009,20201220341887,460,0xf,0x1,20.7800007,26.4029999,0.0197228678,-0.0502453558,8.00509406e-06,30,1.13900006,1
460115100017432,144934282,2459203.8484271937,59203.3428241,14.6501741,0.0112093706,0,zg,95.527713800000001,7.6605144000000003,0.358999997,0,20201220342824,460,0xf,0x1,20.7399998,26.4053059,0.0186125766,-0.0575345792,7.18952651e-06,30,1.13900006,3
460115100017432,145032550,2459204.8311229129,59204.325509299997,14.6627188,0.0112215467,0,zg,95.527709999999999,7.6604998000000002,0.569999993,-0.0109999999,20201221325486,460,0xf,0x1,21.2099991,26.3964176,0.0167909116,-0.0594580024,5.76493403e-06,30,1.14499998,3
460115100017432,145129989,2459205.8055182253,59205.299895800003,14.6815081,0.011239998,0,zg,95.527706600000002,7.6604885999999999,0.751999974,-0.00499999989,20201222299896,460,0xf,0x1,21.0900002,26.4059486,0.0174626838,-0.0763907284,6.34007529e-06,30,1.17299998,3
460115100017432,145131165,2459205.8172776247,59205.311655099998,14.7122002,0.0112706982,32768,zg,95.527712100000002,7.6604815999999998,0.623000026,-0.0419999994,20201222311655,460,0xf,0x1,20.0499992,25.2966957,0.0379968621,-0.0666788816,2.99486892e-05,30,1.15600002,1
460115100017432,145624991,2459210.7555613532,59210.249919000002,14.6362734,0.0111960098,0,zg,95.527719399999995,7.6604966000000001,0.493999988,-0.0219999999,20201227249919,460,0xf,0x1,19.8799992,26.3882446,0.0229870342,-0.0518919304,1.08562481e-05,30,1.273,3
460115100017432,146121112,2459215.7167433808,59215.211122699999,14.6202936,0.0111808199,0,zg,95.527708799999999,7.6605109000000002,0.757000029,0.00300000003,20210101211123,460,0xf,0x1,19.0400009,26.3356762,0.0373890288,-0.0529186912,2.98506748e-05,30,1.39699996,1
460115100017432,146121665,2459215.7222757377,59215.216655099997,14.6120882,0.011173089,0,zg,95.527732799999995,7.6605091999999999,1.04799998,-0.00200000009,20210101216655,460,0xf,0x1,18.9300003,26.3402042,0.0439699069,-0.0557554252,4.08665692e-05,30,1.36500001,3
460115100017432,146225984,2459216.7654603068,59216.259849499998,14.6427288,0.0112021975,0,zg,95.527708099999998,7.6604967000000004,0.823000014,-0.0160000008,20210102259850,460,0xf,0x1,20.3600006,26.3854198,0.0200604424,-0.0551637076,8.40826397e-06,30,1.19299996,3
460115100017432,146325585,2459217.761456185,59217.2558565,14.5119734,0.0110824127,32768,zg,95.527711999999994,7.6605043000000004,0.846000016,-0.00800000038,20210103255845,460,0xf,0x1,18.6000004,25.1051865,0.133447602,-0.0614638478,0.000471532927,30,1.19599998,3
460115100017432,146424935,2459218.754938825,59218.249351899998,14.6607208,0.0112196002,0,zg,95.527704700000001,7.6604951000000003,1.05499995,-0.00899999961,20210104249340,460,0xf,0x1,21.0599995,26.3968468,0.0180960856,-0.0655943379,6.91154992e-06,30,1.20500004,3
460115100017432,146631668,2459220.8222448677,59220.316689799998,14.6387129,0.0111983456,0,zg,95.5277143,7.6605023000000001,0.547999978,-0.0149999997,20210106316690,460,0xf,0x1,20.8999996,26.3897419,0.0179918054,-0.0542903617,6.67588483e-06,30,1.14600003,3
460115100017432,146731988,2459221.8254213189,59221.319884299999,14.6320391,0.0111919679,0,zg,95.527709599999994,7.6604928000000001,0.284999996,-0.0250000004,20210107319873,460,0xf,0x1,21.1100006,26.3919621,0.0160592645,-0.0585351884,5.4021084e-06,30,1.15199995,1
460115100017432,146732082,2459221.8263588012,59221.3208218,14.6299095,0.0111899395,0,zg,95.527717699999997,7.6604992999999997,0.508000016,-0.0109999999,20210107320822,460,0xf,0x1,20.9300003,26.3988266,0.0175540801,-0.0568807796,6.31526063e-06,30,1.153,3
460115100017432,146829555,2459222.8010734543,59222.295555600002,14.6233463,0.011183707,0,zg,95.5277174,7.6605049999999997,0.708000004,-0.0289999992,20210108295556,460,0xf,0x1,21.0200005,26.3953419,0.0172405094,-0.0445211902,6.10836105e-06,30,1.13900006,3
460115100017432,146931950,2459223.8249983252,59223.319502300001,14.637661,0.0111973379,0,zg,95.527706600000002,7.6604996999999999,0.568000019,-0.00100000005,20210109319502,460,0xf,0x1,20.3199997,26.3887367,0.0200726073,-0.0480426438,8.40391749e-06,30,1.15799999,3
460115100017432,146932090,2459223.8263987936,59223.320902799998,14.6253061,0.011185565,0,zg,95.527696700000007,7.6605027999999997,0.754000008,-0.00600000005,20210109320903,460,0xf,0x1,20.4500008,26.3912868,0.0187330004,-0.0527398847,7.31393902e-06,30,1.15999997,1
460115100017432,147031657,2459224.8220471977,59224.316574099998,14.6300278,0.0111900512,0,zg,95.527724199999994,7.6605125999999997,0.578999996,-0.0189999994,20210110316574,460,0xf,0x1,20.8600006,26.3924332,0.0186892487,-0.0444154143,7.22671257e-06,30,1.15799999,3
460115100017432,147121347,2459225.7189232484,59225.213472199997,14.6275215,0.0111876689,0,zg,95.527705400000002,7.6604935999999997,0.379000008,-0.00899999961,20210111213461,460,0xf,0x1,20.7900009,26.3565731,0.0185834914,-0.0605471134,7.30484544e-06,30,1.25699997,3
460115100017432,147122909,2459225.7345478605,59225.229097199997,14.6126642,0.0111736292,0,zg,95.527717999999993,7.6604938999999996,0.263000011,-0.0109999999,20210111229097,460,0xf,0x1,20.9200001,26.3666649,0.0172992293,-0.0595979579,6.20308492e-06,30,1.20799994,1
460115100017432,147233181,2459226.8372388226,59226.331817099999,14.6117163,0.0111727389,0,zg,95.527695199999997,7.6604950000000001,0.625999987,-0.0140000004,20210112331806,460,0xf,0x1,20.5699997,26.3836803,0.0187084787,-0.0590090565,7.30234888e-06,30,1.19500005,3
460115100017432,147321533,2459227.7207326922,59227.215335599998,14.6521807,0.0112113105,0,zg,95.527722900000001,7.6604979999999996,0.83099997,-0.0430000015,20210113215336,460,0xf,0x1,21.0100002,26.3671627,0.0169550851,-0.0737625211,5.89873116e-06,30,1.23199999,1
460115100017432,147322958,2459227.7349799904,59227.229583300003,14.6233244,0.0111836875,0,zg,95.527712699999995,7.6604941999999996,0.973999977,-0.0469999984,20210113229583,460,0xf,0x1,21.2199993,26.3892097,0.0162487254,-0.060186822,5.46400224e-06,30,1.19400001,3
460115100017432,147426856,2459228.773930884,59228.268564799997,14.6413326,0.0112008573,0,zg,95.527712899999997,7.6605064,0.799000025,-0.0209999997,20210114268542,460,0xf,0x1,21.0900002,26.3784389,0.0174446125,-0.0592654385,6.32327465e-06,30,1.13999999,3
460115100017432,147521685,2459229.7221885012,59229.216851899997,14.6586819,0.0112176156,0,zg,95.527746500000006,7.6604913999999997,0.95599997,0.00300000003,20210115216852,460,0xf,0x1,19.9400005,26.4021263,0.0359563753,-0.0509014316,2.79430606e-05,30,1.21200001,3
460115100017432,147521827,2459229.7236120561,59229.218275500003,14.6302385,0.0111902524,0,zg,95.527722600000004,7.6605052999999996,0.437000006,-0.00400000019,20210115218252,460,0xf,0x1,20.0499992,26.4045887,0.0236653257,-0.0563792959,1.18980752e-05,30,1.20799994,1
460115100017432,147631874,2459230.8240505368,59230.318749999999,14.648468,0.0112077231,0,zg,95.527709299999998,7.6605116999999998,0.509000003,-0.00200000009,20210116318738,460,0xf,0x1,21.0300007,26.3970585,0.0165827479,-0.0543750003,5.6296517e-06,30,1.19000006,3
460115100017432,147723230,2459231.7375723692,59231.232303199999,14.6236658,0.0111840097,0,zg,95.527697900000007,7.6605077000000001,1.051,-0.00700000022,20210117232303,460,0xf,0x1,20.4400005,26.3817844,0.0196303818,-0.0445058011,8.02069098e-06,30,1.16700006,1
460115100017432,147724949,2459231.7547592698,59231.2494907,14.6272812,0.0111874398,0,zg,95.5277064,7.6605036000000002,0.638999999,-0.00600000005,20210117249491,460,0xf,0x1,20.3500004,26.3904819,0.0203392413,-0.0497433804,8.50859124e-06,30,1.14699996,3
460115100017432,147825504,2459232.7602787814,59232.255046300001,14.6311979,0.011191166,0,zg,95.527707599999999,7.6604991,0.855000019,-0.0350000001,20210118255046,460,0xf,0x1,21.25,26.3971291,0.0160565954,-0.0518075675,5.39342273e-06,30,1.14199996,3
460115100017432,147929783,2459233.803028971,59233.297835600002,14.6141634,0.0111750402,0,zg,95.527707599999999,7.6605046000000003,0.963,-0.0149999997,20210119297836,460,0xf,0x1,20.8099995,26.3720798,0.0277615022,-0.046358563,1.59589908e-05,30,1.16600001,3
460115100017432,147929877,2459233.8039664342,59233.298773100003,14.5950165,0.0111571532,0,zg,95.527703700000004,7.6604998999999996,0.754000008,-0.0320000015,20210119298773,460,0xf,0x1,20.9400005,26.3698769,0.0179145318,-0.0423898324,6.6476714e-06,30,1.16700006,1
460115100017432,149521537,2459249.7197666015,59249.215370400001,14.6315622,0.0111915125,0,zg,95.527728699999997,7.6604801,1.40900004,-0.00800000038,20210204215370,460,0xf,0x1,19.7700005,25.9597664,0.0249486808,-0.0461551808,1.28976717e-05,30,1.13900006,1
460115100017432,149716467,2459251.6689503514,59251.1646759,14.6259403,0.0111861667,0,zg,95.527716299999994,7.6604938999999996,0.638999999,-0.0120000001,20210206164676,460,0xf,0x1,20.9200001,26.4016647,0.0170214381,-0.0642101541,5.99236637e-06,30,1.19200003,1
460115100017432,149920101,2459253.7051606169,59253.201018500004,14.6308546,0.0111908391,0,zg,95.527712300000005,7.6604919999999996,0.551999986,-0.0390000008,20210208201007,460,0xf,0x1,21.3299999,26.3736324,0.0171922334,-0.0611783937,6.06459935e-06,30,1.13999999,1
460115100017432,150119138,2459255.6953967209,59255.191388899999,14.648118,0.0112073859,0,zg,95.527712399999999,7.6604916000000003,0.56400001,-0.0390000008,20210210191389,460,0xf,0x1,21.5799999,26.3980789,0.0162719898,-0.0619119704,5.58379952e-06,30,1.14199996,1
460115100017432,150816898,2459262.6724825809,59262.168981499999,14.6372242,0.0111969197,0,zg,95.5277186,7.6605106000000003,0.66900003,-0.00700000022,20210217168981,460,0xf,0x1,20.3799992,26.3620911,0.0190021489,-0.0458777696,7.56579129e-06,30,1.14400005,1
460115100017432,151023607,2459264.7394174542,59264.236076399997,14.6178617,0.0111785233,0,zg,95.527711199999999,7.6605015999999999,0.981000006,-0.0270000007,20210219236076,460,0xf,0x1,20.6900005,26.394062,0.017668169,-0.0474237129,6.49035746e-06,30,1.21500003,1
460115100017432,151214822,2459266.6514185779,59266.1482292,14.6169395,0.0111776544,0,zg,95.527717600000003,7.6605081000000004,1.22599995,0.00200000009,20210221148229,460,0xf,0x1,19.3099995,26.3721867,0.0354641117,-0.0460224859,2.65082181e-05,30,1.15199995,1
460115100017432,151418584,2459268.688868959,59268.185844899999,14.6638412,0.0112226419,0,zg,95.527704700000001,7.6605062999999998,0.731999993,-0.0120000001,20210223185845,460,0xf,0x1,20,26.4100418,0.0222321842,-0.0531891994,1.04033979e-05,30,1.14699996,1
460115100017432,151624620,2459270.7490569297,59270.2462037,14.650938,0.01121011,0,zg,95.527712699999995,7.6605102,0.82099998,-0.00200000009,20210225246181,460,0xf,0x1,19.1399994,26.3491306,0.0425509773,-0.053244561,3.76488642e-05,30,1.31099999,1
460115100017432,151818711,2459272.6898073046,59272.187118100002,14.6117706,0.0111727919,0,zg,95.527697000000003,7.6604986999999998,0.298999995,-0.00100000005,20210227187118,460,0xf,0x1,19.6700001,26.3858356,0.0251362268,-0.0549253039,1.30931085e-05,30,1.15999997,1
460115100017432,152024307,2459274.7455909718,59274.243078699998,14.6263466,0.0111865532,0,zg,95.5276645,7.6605046999999997,0.572000027,0.00800000038,20210301242951,460,0xf,0x1,18.7600002,26.3457565,0.0471130721,-0.0308209676,5.17475819e-05,30,1.34899998,1
460115100017432,152620626,2459280.7082445663,59280.206261599997,14.6396551,0.011199249,0,zg,95.527703299999999,7.6604951000000003,0.430999994,0.0189999994,20210307206262,460,0xf,0x1,21.3999996,26.3649178,0.0167769101,-0.0513877533,5.80391861e-06,30,1.25899994,1
460115100017432,153620748,2459290.7085423646,59290.207488400003,14.6154175,0.0111762201,0,zg,95.527700400000001,7.6604869999999998,0.418000013,0.0320000015,20210317207488,460,0xf,0x1,20.9599991,26.3302345,0.0172273815,-0.0470574126,6.25129405e-06,30,1.39400005,1
460115100017432,153815000,2459292.6508696079,59292.150000000001,14.6315641,0.0111915153,0,zg,95.527701199999996,7.6604985000000001,0.526000023,-0.00800000038,20210319149988,460,0xf,0x1,20.9899998,26.3473129,0.0171680134,-0.0552268028,6.21143909e-06,30,1.19099998,1
460115100017432,154015406,2459294.6547410772,59294.154062499998,14.6401911,0.0111997621,0,zg,95.527692700000003,7.6605058000000001,0.540000021,-0.00800000038,20210321154062,460,0xf,0x1,19.8199997,26.3016701,0.023165293,-0.054440517,1.11707459e-05,30,1.21500003,1
460115100017432,154217394,2459296.6744322493,59296.173946800001,14.555728,0.0111212293,0,zg,95.527698400000006,7.6605746999999997,0.439999998,0.0109999999,20210323173935,460,0xf,0x1,19.1900005,26.3040352,0.0354548991,-0.0260126088,2.61645037e-05,30,1.30499995,1
460115100017432,154719574,2459301.6957449974,59301.195740700001,14.6512718,0.0112104313,0,zg,95.527697799999999,7.6604926000000004,0.529999971,0.00499999989,20210328195741,460,0xf,0x1,19.5100002,26.277256,0.0286659729,-0.0518858358,1.69433661e-05,30,1.523,1
460115100017432,154919771,2459303.6975325579,59303.197719900003,14.61726,0.0111779561,0,zg,95.527685399999996,7.6605071999999996,0.56099999,-0.0179999992,20210330197720,460,0xf,0x1,19.6299992,26.2854099,0.0266712941,-0.0413780622,1.47452492e-05,30,1.58899999,1
460115100017432,155615570,2459310.6548572411,59310.155705999998,14.574214,0.0111380033,0,zg,95.527703200000005,7.6605173999999998,0.31099999,-0.00100000005,20210406155706,460,0xf,0x1,20.4899998,26.297493,0.019657217,-0.0380923077,8.1051985e-06,30,1.41100001,1
460115100017432,155819494,2459312.6939017209,59312.194942100003,14.6179323,0.0111785904,0,zg,95.527696599999999,7.6605030999999997,0.398999989,-0.00700000022,20210408194942,460,0xf,0x1,20.2700005,26.2528858,0.0205595773,-0.0412845537,8.74068428e-06,30,1.84099996,1
460115100017432,156019503,2459314.6938078399,59314.195034700002,14.6259689,0.0111861946,0,zg,95.527684800000003,7.6604881000000002,0.188999996,-0.00700000022,20210410195035,460,0xf,0x1,20.7399998,26.200758,0.0194407105,-0.0363849849,7.76052821e-06,30,1.92499995,1
460115100017432,156219476,2459316.6933568399,59316.194768499998,14.6113796,0.0111724231,0,zg,95.527702500000004,7.6604941999999996,0.555999994,-0.0270000007,20210412194757,460,0xf,0x1,20.7900009,26.0970516,0.0220647287,-0.0324505046,1.01097867e-05,30,2.01200008,1
460115100017432,156518539,2459319.6837090384,59319.185393500004,14.6463051,0.0112056378,0,zg,95.527685099999999,7.6605052999999996,0.565999985,-0.00100000005,20210415185394,460,0xf,0x1,20.0900002,26.2005692,0.0209198371,-0.0315736309,9.02423653e-06,30,1.99100006,1
460115100017432,156716285,2459321.6609966364,59321.162858800002,14.6124277,0.0111734075,0,zg,95.527694499999996,7.6604986999999998,0.61500001,-0.0199999996,20210417162859,460,0xf,0x1,20.6499996,26.1977463,0.0190981906,-0.0392671488,7.60290959e-06,30,1.74199998,1
460115100017432,171244960,2459466.9479563609,59466.449606499998,14.5762882,0.0111399004,0,zg,95.527707800000002,7.6604830000000002,0.560000002,-0.0410000011,20210909449606,460,0xf,0x1,20.7199993,26.0587845,0.0239507183,-0.0337815396,1.18649486e-05,30,2.3440001,1
460115100017432,171549655,2459469.9951782492,59469.496550900003,14.6419373,0.0112014376,0,zg,95.527708799999999,7.660482,0.736999989,-0.00800000038,20210912496551,460,0xf,0x1,21.0599995,26.3311939,0.0175138861,-0.0567319915,6.28785301e-06,30,1.52699995,1
460115100017432,171844620,2459472.9451034837,59472.446203699998,14.6136389,0.0111745466,0,zg,95.527764099999999,7.6604606000000004,1.06299996,0.00800000038,20210915446192,460,0xf,0x1,20.0100002,26.189846,0.0323747322,-0.0322717205,2.14116917e-05,30,2.05999994,1
460115100017432,172146881,2459475.9680016944,59475.468819399997,14.6167698,0.0111774933,0,zg,95.527747199999993,7.6604890000000001,0.814999998,-0.0209999997,20210918468819,460,0xf,0x1,20.8799992,26.197506,0.0171336699,-0.044528503,6.13337397e-06,30,1.63100004,1
460115100017432,172346581,2459477.9651805949,59477.465810200003,14.6628532,0.011221678,0,zg,95.5276949,7.6604956,1.88900006,0.0390000008,20210920465799,460,0xf,0x1,19.7399998,26.3324089,0.0306471959,-0.0634211004,1.95711236e-05,30,1.60699999,1
460115100017432,172548346,2459479.9830219923,59479.4834606,14.5960407,0.0111581041,0,zg,95.527719099999999,7.6604893000000001,0.772000015,-0.00700000022,20210922483461,460,0xf,0x1,20.0799999,26.3184185,0.0220537353,-0.0488869064,9.93745107e-06,30,1.42200005,1
460115100017432,173042246,2459484.9224968189,59484.422465299998,14.6515999,0.011210748,0,zg,95.527722900000001,7.6604874000000001,0.649999976,0.00800000038,20210927422454,460,0xf,0x1,19.6900005,26.1217251,0.0280747842,-0.0364046991,1.61634944e-05,30,1.90600002,1
460115100017432,173346186,2459487.9621850993,59487.4618634,14.6908083,0.0112492265,0,zg,95.527773100000005,7.6604928000000001,0.379000008,-0,20210930461863,460,0xf,0x1,19.6800003,26.2848091,0.0549792685,-0.0387021974,6.29288406e-05,30,1.421,1
460115100017432,174248422,2459496.985402362,59496.484224500004,14.6703386,0.0112289982,0,zg,95.527710600000006,7.6604853000000004,0.809000015,-0.0460000001,20211009484213,460,0xf,0x1,20.9500008,26.249733,0.0198326278,-0.0533685386,8.06463049e-06,30,1.21399999,1
460115100017432,174644206,2459500.9436070649,59500.442060200003,14.6091681,0.0111703491,0,zg,95.527714000000003,7.6605065999999997,0.286000013,-0.00100000005,20211013442060,460,0xf,0x1,20.4300003,26.3333149,0.0218600277,-0.0322307386,9.94331003e-06,30,1.33200002,1
460115100017432,174946394,2459503.965771121,59503.463946800002,14.6226234,0.0111830235,0,zg,95.527720799999997,7.6604954999999997,0.595000029,-0.0109999999,20211016463935,460,0xf,0x1,21,26.3409195,0.0180230495,-0.0610997975,6.72347687e-06,30,1.21700001,1
460115100017432,175539784,2459509.9002024052,59509.397847200002,14.6505136,0.0112096993,0,zg,95.527709700000003,7.6604941999999996,0.63499999,0.0359999985,20211022397847,460,0xf,0x1,20.1700001,26.3428974,0.0219659843,-0.0430563763,9.90592707e-06,30,1.44700003,1
460115100017432,176346936,2459517.9724030583,59517.4693634,14.6363058,0.0111960405,0,zg,95.527711999999994,7.6604976000000002,0.70599997,-0.0560000017,20211030469317,460,0xf,0x1,21.1399994,26.4024563,0.0162664242,-0.0551547892,5.44858176e-06,30,1.14400005,1
460115100017432,176734122,2459521.8445757553,59521.341226899996,14.683363,0.0112418337,0,zg,95.527720599999995,7.6604847999999999,0.939999998,-0.0419999994,20211103341215,460,0xf,0x1,21.3899994,26.3270378,0.0181603506,-0.0603904612,6.80079438e-06,30,1.65199995,1
460115100017432,176944567,2459523.9491823432,59523.445671300004,14.6330318,0.0111929141,0,zg,95.527708799999999,7.6605052000000002,0.503000021,-0.00499999989,20211105445660,460,0xf,0x1,21.2600002,26.3893337,0.0164961834,-0.0488563292,5.61191791e-06,30,1.14999998,1
460115100017432,177147913,2459525.9827953074,59525.4791319,14.6224594,0.0111828679,0,zg,95.527713300000002,7.6604878999999997,0.546999991,0.00499999989,20211107479120,460,0xf,0x1,21.5100002,26.4195766,0.0151821207,-0.0725020021,4.77317144e-06,30,1.14499998,1
460115100017432,177538053,2459529.8844755567,59529.380532399999,14.614212,0.0111750858,0,zg,95.527725200000006,7.6605074999999996,0.287999988,-0.0120000001,20211111380532,460,0xf,0x1,20.9899998,26.3894329,0.0172020085,-0.0460474677,6.05950436e-06,30,1.25699997,1
460115100017432,177737827,2459531.8823551824,59531.378275499999,14.6051445,0.0111665828,0,zg,95.527713199999994,7.6604901999999999,0.970000029,0.0209999997,20211113378264,460,0xf,0x1,21.2399998,26.3850861,0.0166753978,-0.0573976375,5.80520691e-06,30,1.24600005,1
460115100017432,178240195,2459536.9063575813,59536.401956000002,14.6722193,0.011230845,0,zg,95.527707100000001,7.6604881000000002,0.60799998,-0.0270000007,20211118401956,460,0xf,0x1,19.9599991,26.378952,0.0219564009,-0.0595013835,9.94853963e-06,30,1.15999997,1
460115100017432,179629418,2459550.7993050721,59550.294189799999,14.6204624,0.0111809801,0,zg,95.527712100000002,7.6604761000000003,0.558000028,0.0270000007,20211202294178,460,0xf,0x1,21.25,26.334528,0.0186967161,-0.057028044,7.27594761e-06,30,1.39400005,1
460115100017432,186824258,2459622.7464637179,59622.242580999999,14.7077026,0.0112661552,0,zg,95.527689600000002,7.6604989000000003,0.883000016,-0.0120000001,20220212242569,460,0xf,0x1,19.5300007,26.3721619,0.0271455441,-0.0617493466,1.52995108e-05,30,1.18299997,1
460115100017432,187321290,2459627.7164227022,59627.212905100001,14.6415873,0.0112011004,0,zg,95.527696300000002,7.6604828999999999,0.569000006,-0.0109999999,20220217212905,460,0xf,0x1,19.8199997,26.4048767,0.0241949409,-0.0899953842,1.2112564e-05,30,1.15699995,1
460115100017432,187519065,2459629.6940248483,59629.190659699998,14.5958376,0.0111579159,0,zg,95.527705400000002,7.6604986000000004,0.736999989,-0.0179999992,20220219190648,460,0xf,0x1,20.1499996,26.3916569,0.0204652958,-0.06312114,8.70645181e-06,30,1.14199996,1
460115100017432,188220645,2459636.7092530103,59636.206458300003,14.7219992,0.0112806493,0,zg,95.527699200000001,7.6604983999999998,0.781000018,0.0170000009,20220226206447,460,0xf,0x1,21.0900002,26.3603878,0.0197313577,-0.0709296092,8.05789932e-06,30,1.18700004,1
460115100017432,188417357,2459638.6762036621,59638.173576399997,14.6805248,0.0112390257,32768,zg,95.527706100000003,7.6604960000000002,0.305999994,-0.00100000005,20220228173565,460,0xf,0x1,19.6100006,25.7255478,0.0289741606,-0.078343749,1.73834524e-05,30,1.14699996,1
460115100017432,188620465,2459640.707104085,59640.204652799999,14.6475401,0.0112068281,0,zg,95.527707300000003,7.6604842,1.17900002,-0.00800000038,20220302204653,460,0xf,0x1,20.9599991,26.3846874,0.0167036653,-0.0925277323,5.7956313e-06,30,1.20899999,1
460115100017432,192015406,2459674.6533323945,59674.154062499998,14.6943579,0.0112527665,0,zg,95.527691599999997,7.6604925000000001,0.397000015,-0.0280000009,20220405154062,460,0xf,0x1,20.9599991,26.2929077,0.0181523468,-0.0494848266,6.86707654e-06,30,1.38100004,1
460115100017432,192220357,2459676.7026529061,59676.203576400003,14.665616,0.011224376,0,zg,95.527664599999994,7.6605034999999999,1.454,0.0390000008,20220407203565,460,0xf,0x1,19.4400005,26.1377373,0.0305100288,-0.0380550027,1.93910819e-05,30,1.91900003,1
460115100017432,192415931,2459678.658210454,59678.159317099999,14.6264248,0.0111866267,0,zg,95.527699900000002,7.6604998999999996,0.400999993,-0,20220409159306,460,0xf,0x1,20.3500004,26.2270031,0.0201270562,-0.0452935696,8.44113765e-06,30,1.48800004,1
460115100017432,192817553,2459682.6740543661,59682.175532399997,14.5722256,0.0111361882,0,zg,95.527680799999999,7.6604926999999998,1.05400002,-0.00100000005,20220413175521,460,0xf,0x1,19.1800003,26.1802158,0.0346927494,-0.0427296162,2.46855034e-05,30,1.755,1
460115100017432,193116144,2459685.659697698,59685.161446799997,14.6567917,0.011215779,0,zg,95.527691200000007,7.6605014999999996,0.592000008,-0.00200000009,20220416161447,460,0xf,0x1,19.5900002,26.2419186,0.0263727475,-0.0399710499,1.44842625e-05,30,1.68499994,1
460115100017432,193318121,2459687.679285604,59687.181215299999,14.6966524,0.0112550594,0,zg,95.527681299999998,7.6604994,0.488000005,0.00600000005,20220418181215,460,0xf,0x1,19.7900009,26.1082325,0.023894649,-0.0462405942,1.18426542e-05,30,2.05100012,1
460115100017432,207447471,2459828.9727721964,59828.4747106,14.6510315,0.0112101994,0,zg,95.527732400000005,7.6604958999999999,0.774999976,-0.0280000009,20220906474630,460,0xf,0x1,20.5799999,26.1283913,0.0254764408,-0.0406513214,1.34839511e-05,30,2.00200009,1
460115100017432,208547034,2459839.9694118882,59839.470347199996,14.6870384,0.0112454779,0,zg,95.527718699999994,7.6604916000000003,0.685000002,-0.0289999992,20220917470336,460,0xf,0x1,20.5100002,26.3093319,0.0180366971,-0.0573763959,6.70632198e-06,30,1.65100002,1
460115100017432,208548295,2459839.9820172787,59839.482951400001,14.6761274,0.0112346876,0,zg,95.527720200000005,7.6604926999999998,0.453999996,-0.0189999994,20220917482951,460,0xf,0x1,20.4300003,26.3236427,0.0183338188,-0.0514113605,7.0732608e-06,30,1.53199995,1
460115100017432,208748629,2459841.9855502453,59841.486296299998,14.6727791,0.0112313926,0,zg,95.527721600000007,7.6604894999999997,0.47299999,0.0109999999,20220919486296,460,0xf,0x1,20.9799995,26.3370152,0.0169809181,-0.0556314625,5.96892778e-06,30,1.46399999,1
460115100017432,208947069,2459843.9701357125,59843.470694399999,14.6823044,0.011240785,0,zg,95.527710099999993,7.6604827999999996,0.654999971,-0.0240000002,20220921470683,460,0xf,0x1,21.0100002,26.3302689,0.0188371409,-0.0564949289,7.44716453e-06,30,1.54400003,1
460115100017432,209250179,2459847.0015231543,59846.501794000003,14.622921,0.0111833038,0,zg,95.527699900000002,7.6604861,0.95599997,-0.0549999997,20220924501782,460,0xf,0x1,21.0300007,26.3676987,0.0190959852,-0.0644205511,7.7578934e-06,30,1.29900002,1
460115100017432,209444664,2459848.9465579782,59848.446643499999,14.6055517,0.0111669637,0,zg,95.527722100000005,7.6604919999999996,0.541000009,-0.0450000018,20220926446632,460,0xf,0x1,21.0200005,26.2733746,0.0172271039,-0.0473484918,6.27274403e-06,30,1.64199996,1
460115100017432,209647434,2459850.9744483656,59850.474340300003,14.6618786,0.011220728,0,zg,95.527736399999995,7.6604882999999999,0.439999998,0.0250000004,20220928474340,460,0xf,0x1,21.1800003,26.3050194,0.0192208458,-0.0481548719,7.71233135e-06,30,1.38199997,1
460115100017432,209950769,2459854.0080944858,59853.507696799999,14.6882057,0.0112466374,0,zg,95.5277241,7.6604910000000004,0.889999986,0.0340000018,20221001507697,460,0xf,0x1,21.6599998,26.3792076,0.0159805566,-0.069842197,5.46121055e-06,30,1.21200001,1
460115100017432,210245583,2459856.9565117657,59856.455833300002,14.6740408,0.0112326341,0,zg,95.527722299999994,7.6604842,0.912,-0.0579999983,20221004455833,460,0xf,0x1,21.25,26.3206348,0.0160497054,-0.0583018251,5.46183855e-06,30,1.39499998,1
460115100017432,210446437,2459858.9652440441,59858.464375000003,14.6087141,0.0111699235,0,zg,95.527721499999998,7.6604872999999998,0.229000002,-0.00200000009,20221006464375,460,0xf,0x1,21.3999996,26.3107853,0.0156180141,-0.0526815616,5.17363014e-06,30,1.32000005,1
460115100017432,210648243,2459860.9834902696,59860.482430600001,14.5921135,0.0111544635,0,zg,95.527711499999995,7.6604926999999998,0.474000007,-0.0240000002,20221008482419,460,0xf,0x1,20.5,26.3293152,0.0184198245,-0.0399395116,7.06254741e-06,30,1.22899997,1
460115100017432,210842322,2459862.9244711357,59862.423229200002,14.6511326,0.0112102972,0,zg,95.5277186,7.6604888999999998,0.601999998,-0.00400000019,20221010423218,460,0xf,0x1,19.8500004,26.3227901,0.0225377809,-0.0684317425,1.04226137e-05,30,1.50699997,1
460115100017432,211046250,2459864.9639322399,59864.462500000001,14.6852636,0.0112437159,0,zg,95.527711400000001,7.6604869999999998,0.731999993,-0.0209999997,20221012462500,460,0xf,0x1,20.0699997,26.3365345,0.0214921385,-0.0676755309,9.77349737e-06,30,1.25899994,1
460115100017432,211247959,2459866.9812138481,59866.479594900004,14.6878281,0.0112462621,0,zg,95.527699699999999,7.6604858,0.791999996,-0.00600000005,20221014479583,460,0xf,0x1,20.3999996,26.3741798,0.0194442794,-0.069088541,8.08545883e-06,30,1.19299996,1
460115100017432,212045809,2459874.9604286388,59874.458090300002,14.617135,0.0111778378,0,zg,95.527723800000004,7.6604808000000002,0.925000012,0.0309999995,20221022458067,460,0xf,0x1,21.5599995,26.3663349,0.0164382569,-0.0726522878,5.57981775e-06,30,1.19299996,1
460115100017432,212442347,2459878.9261536337,59878.423472199996,14.6716661,0.0112303011,0,zg,95.527719399999995,7.6604903000000002,0.462000012,-0.0120000001,20221026423472,460,0xf,0x1,20.8899994,26.3588009,0.0159739591,-0.0643044338,5.33624279e-06,30,1.26199996,1
460115100017432,212641828,2459880.9211366209,59880.418287,14.6634531,0.0112222638,0,zg,95.5277344,7.6604961999999999,0.661000013,0.0120000001,20221028418275,460,0xf,0x1,20.8500004,26.3523598,0.0203956068,-0.0571285076,8.74211946e-06,30,1.26100004,1
460115100017432,212842340,2459882.9264182127,59882.423402799999,14.6799517,0.0112384595,32768,zg,95.527712800000003,7.6604918,0.973999977,-0.0340000018,20221030423391,460,0xf,0x1,20.3700008,25.8339844,0.0190052893,-0.0629473701,7.55151177e-06,30,1.22599995,1
460115100017432,213338054,2459887.8839538684,59887.380544,14.6157894,0.0111765694,0,zg,95.527730700000006,7.6604967999999998,0.456,-0.00899999961,20221104380532,460,0xf,0x1,19.9300003,26.3237591,0.0227549318,-0.0421698801,1.07741998e-05,30,1.34300005,1
460115100017432,213540246,2459889.9060293003,59889.402465300001,14.6314993,0.0111914529,0,zg,95.527724599999999,7.6605172000000001,0.764999986,-0.0309999995,20221106402465,460,0xf,0x1,19.7299995,26.3503571,0.0238914285,-0.0402813181,1.21074481e-05,30,1.23199999,1
460115100017432,214137520,2459895.8792023342,59895.3752083,14.6377516,0.0111974245,0,zg,95.527710900000002,7.6604944000000001,0.349000007,-0,20221112375197,460,0xf,0x1,19.9799995,26.337162,0.0220309086,-0.0409115106,1.01243304e-05,30,1.26900005,1
460115100017432,214541313,2459899.9173982786,59899.4131366,14.575222,0.0111389263,0,zg,95.527711100000005,7.6605109000000002,0.836000025,0.0120000001,20221116413125,460,0xf,0x1,18.7299995,26.3988323,0.0538820364,-0.0272482913,7.72818239e-05,30,1.153,1
460115100017432,214737950,2459901.8838870353,59901.379502299998,14.5920086,0.0111543667,32768,zg,95.527718899999996,7.6605077000000001,0.662999988,-0.0240000002,20221118379502,460,0xf,0x1,20,25.4113369,0.0770383999,0.0110799745,0.000123961829,30,1.204,1
460115100017432,214936041,2459903.8649203735,59903.360416700001,14.6490946,0.0112083275,0,zg,95.527723899999998,7.6605353999999997,0.811999977,-0.00200000009,20221120360417,460,0xf,0x1,20.25,26.3512459,0.0213876572,-0.0342185609,9.48995421e-06,30,1.24399996,1
460115100017432,215138256,2459905.8871891261,59905.382569399997,14.6060696,0.011167448,0,zg,95.527722100000005,7.6605214000000004,0.577000022,-0.0370000005,20221122382569,460,0xf,0x1,20.6499996,26.1400795,0.0215364248,-0.0369884968,9.72927501e-06,30,1.17400002,1
460115100017432,215441681,2459908.9216003907,59908.416817099998,14.6455774,0.0112049375,0,zg,95.527708200000006,7.6604913000000003,0.324000001,-0.023,20221125416817,460,0xf,0x1,21.0400009,26.3855839,0.0161271635,-0.0575440712,5.41340842e-06,30,1.13900006,1
460115100017432,217831844,2459932.8240326708,59932.318449099999,14.6221972,0.0111826193,0,zg,95.527712899999997,7.6605014000000002,0.578000009,0.0130000003,20221219318449,460,0xf,0x1,21.1700001,26.3594894,0.0159086529,-0.0469391011,5.29333602e-06,30,1.15900004,1
460115100017432,218031993,2459934.8255392038,59934.319930600002,14.6142206,0.0111750932,0,zg,95.527700600000003,7.6604979000000002,0.312000006,-0.00400000019,20221221319919,460,0xf,0x1,21.0100002,26.3523426,0.016521344,-0.0420595556,5.76185994e-06,30,1.15100002,1
460115100017432,218233732,2459936.8429533583,59936.337326399997,14.60007,0.0111618498,0,zg,95.527707399999997,7.660488,0.976999998,0.0379999988,20221223337326,460,0xf,0x1,21.1000004,26.3760662,0.0158350281,-0.0523425154,5.25881023e-06,30,1.13900006,1
460115100017432,219722681,2459951.7323653316,59951.226817100003,14.6085081,0.0111697298,32768,zg,95.527722299999994,7.6605280999999996,0.294,-0,20230107226817,460,0xf,0x1,18.7000008,26.3396893,0.0437949002,-0.0252934806,4.72917418e-05,30,1.25300002,1
460115100017432,220229078,2459956.7962236824,59956.290786999998,14.6496305,0.0112088462,0,zg,95.527702500000004,7.6604951000000003,0.360000014,0.00300000003,20230112290775,460,0xf,0x1,20.5699997,26.2696133,0.0186257493,-0.0451065935,7.15840679e-06,30,1.13999999,1
460115100017432,220431163,2459958.8170123068,59958.311631899996,14.3277845,0.0109317107,32768,zg,95.527712600000001,7.6605030000000003,0.846000016,-0.0170000009,20230114311620,460,0xf,0x1,16.6700001,22.4265499,0.148147807,0.55628258,0.0827341825,30,1.16400003,1
460115100017432,221325548,2459967.7605390297,59967.255486100003,14.6286497,0.0111887408,0,zg,95.527726700000002,7.6605600999999997,0.552999973,0.00800000038,20230123255475,460,0xf,0x1,19.9200001,26.3424644,0.0255285818,-0.0322874524,1.36704275e-05,30,1.13900006,1
460115100017432,222523562,2459979.7400514586,59979.235625000001,14.6285324,0.0111886282,0,zg,95.527709400000006,7.6605239000000003,0.588999987,-0.0329999998,20230204235625,460,0xf,0x1,19.3999996,26.3139687,0.029441243,-0.0269060601,1.81402393e-05,30,1.14400005,1
460115100017432,222712501,2459981.6293213023,59981.125011600001,14.6327457,0.0111926403,0,zg,95.5277119,7.6605188000000002,0.532999992,-0.00100000005,20230206125012,460,0xf,0x1,18.8299999,26.317667,0.0421780124,-0.0446082912,3.84665618e-05,30,1.33700001,1
460115100017432,223020849,2459984.712604946,59984.208495400002,14.6268959,0.0111870747,0,zg,95.527714900000007,7.6605211999999998,0.550000012,-0.00400000019,20230209208495,460,0xf,0x1,19.8199997,26.3520565,0.0252896156,-0.0378145613,1.34709699e-05,30,1.13900006,1
460115100017432,223919192,2459993.6953841047,59993.1919213,14.614377,0.0111752404,32768,zg,95.527707599999999,7.6605296999999997,0.745000005,-0.0370000005,20230218191921,460,0xf,0x1,19.6100006,25.638464,0.0309675448,-0.0209338795,2.0085401e-05,30,1.14100003,1
460115100017432,225925478,2460013.7565320893,60013.254780099996,14.6024647,0.0111640813,0,zg,95.527685099999999,7.6605122999999997,0.239999995,-0.00300000003,20230310254780,460,0xf,0x1,19.3999996,26.1584473,0.0294856168,-0.0371958688,1.77653346e-05,30,1.59800005,1
460115100017432,226615891,2460020.6600199076,60020.158911999999,14.6367016,0.0111964196,0,zg,95.527695899999998,7.6604935999999997,0.799000025,-0.0430000015,20230317158912,460,0xf,0x1,21.1200008,26.3129292,0.0161713567,-0.042741444,5.52984011e-06,30,1.19599998,1
460115100017432,227615922,2460030.6593777067,60030.159224499999,14.6557856,0.011214803,0,zg,95.527695600000001,7.6604966000000001,0.730000019,-0.0280000009,20230327159213,460,0xf,0x1,20.7600002,26.2963982,0.0177603643,-0.0499613956,6.64395066e-06,30,1.28299999,1
460115100017432,228216443,2460036.6640114924,60036.164432899997,14.6434307,0.0112028718,0,zg,95.527692299999998,7.6604958999999999,0.549000025,-0.0140000004,20230402164421,460,0xf,0x1,20.1800003,26.2716446,0.0204572603,-0.0433611274,8.93537344e-06,30,1.38900006,1
460115100017432,229515804,2460049.6564091202,60049.158044000003,14.624444,0.0111847473,0,zg,95.527695699999995,7.6604884999999996,0.50999999,-0.00100000005,20230415158032,460,0xf,0x1,20.4200001,26.1734352,0.0185496435,-0.0384376906,7.22882214e-06,30,1.61399996,1
460115100017432,229720630,2460051.7044882388,60051.2063079,14.5937748,0.0111560021,0,zg,95.5276827,7.6604882999999999,0.460999995,-0.0299999993,20230417206308,460,0xf,0x1,20.5699997,26.0641785,0.0199267156,-0.01282073,8.22411403e-06,30,2.57599998,1
460115100017432,243948590,2460193.9839422144,60193.485902799999,14.6055422,0.0111669544,0,zg,95.527733299999994,7.6604992000000003,0.788999975,-0.0590000004,20230906485868,460,0xf,0x1,20.2199993,26.2362595,0.0208852664,-0.028037427,9.05549405e-06,30,1.83599997,1
460115100017432,245547811,2460209.9776259442,60209.4781134,14.6499863,0.011209189,32768,zg,95.527728999999994,7.6605017000000002,0.980000019,-0.0549999997,20230922478056,460,0xf,0x1,17.8299999,23.5365372,0.0609473698,-0.0281144846,0.000357965473,30,1.46899998,1
460115100017432,245843605,2460212.9358468121,60212.436053199999,14.6015902,0.0111632654,0,zg,95.527723899999998,7.6604856999999997,0.43599999,0.0199999996,20230925436042,460,0xf,0x1,21.0900002,26.2710323,0.017096689,-0.0510949306,6.04312982e-06,30,1.80799997,1
460115100017432,246150464,2460216.0047274339,60215.504641200001,14.6721134,0.0112307407,0,zg,95.527716900000001,7.6604821999999997,0.630999982,0.0179999992,20230928504618,460,0xf,0x1,20.3600006,26.3570499,0.0191523694,-0.0531183183,7.54958774e-06,30,1.24800003,1
460115100017432,246743134,2460221.9319938193,60221.431342600001,14.6361599,0.0111959008,0,zg,95.5277253,7.6605544999999999,1.30900002,0.00100000005,20231004431343,460,0xf,0x1,19.0100002,26.2735577,0.0495956801,-0.0476315133,5.31330479e-05,30,1.58399999,1
460115100017432,246942910,2460223.9299497097,60223.429108800003,14.6172934,0.0111779878,0,zg,95.527717100000004,7.6604901999999999,0.616999984,-0.0299999993,20231006429109,460,0xf,0x1,20.1100006,26.2740536,0.0214156602,-0.0502510704,9.53600647e-06,30,1.55499995,1
460115100017432,247143523,2460225.9362621396,60225.4352315,14.6099558,0.0111710867,0,zg,95.527717499999994,7.6604865000000002,0.958000004,-0.00899999961,20231008435231,460,0xf,0x1,20.7299995,26.2898445,0.017228974,-0.0562528223,6.1775927e-06,30,1.46300006,1
460115100017432,247744776,2460231.9493585662,60231.447766199999,14.6432209,0.0112026706,0,zg,95.527729800000003,7.6604989999999997,0.458999991,0.00800000038,20231014447766,460,0xf,0x1,21,26.3313198,0.0168536194,-0.054437384,5.89368892e-06,30,1.29900002,1
460115100017432,247950427,2460234.0060521173,60233.504270799996,14.6796865,0.0112381978,0,zg,95.527720799999997,7.6605043000000004,0.521000028,-0.00400000019,20231016504259,460,0xf,0x1,21.0200005,26.3598785,0.0159615874,-0.0488374196,5.35701292e-06,30,1.148,1
460115100017432,248149178,2460235.993744358,60235.4917824,14.6282845,0.0111883944,0,zg,95.527716499999997,7.6605023000000001,0.592999995,-0.0130000003,20231018491771,460,0xf,0x1,21.1000004,26.3551216,0.0159416795,-0.0389604978,5.33631419e-06,30,1.15499997,1
460115100017432,248344388,2460237.9460261799,60237.443888900001,14.5749998,0.0111387223,0,zg,95.5277186,7.6605055999999996,0.432000011,-0.023,20231020443877,460,0xf,0x1,20.75,26.3388252,0.0294183809,-0.0442936234,1.79176295e-05,30,1.25,1
460115100017432,249039973,2460244.9024759787,60244.399733799997,14.6454802,0.0112048434,0,zg,95.527706800000004,7.6604865999999996,0.246000007,-0.0109999999,20231027399734,460,0xf,0x1,19.7399998,26.3381557,0.0225099158,-0.0482179224,1.0480966e-05,30,1.36000001,1
460115100017432,249246072,2460246.9636438331,60246.4607292,14.6769762,0.011235524,0,zg,95.5277028,7.6604976000000002,1.04400003,-0.0460000001,20231029460718,460,0xf,0x1,19.5,26.3581867,0.0274206791,-0.0459704436,1.55399193e-05,30,1.15600002,1
460115100017432,249537831,2460249.8814628618,60249.378310200002,14.5981932,0.0111601036,0,zg,95.5277435,7.6604980999999999,0.437999994,-0.00600000005,20231101378287,460,0xf,0x1,18.9300003,26.1910038,0.039905034,-0.0407405347,3.32698255e-05,30,1.40499997,1
460115100017432,249736782,2460251.8711347794,60251.367824100002,14.6273365,0.0111874919,0,zg,95.527716100000006,7.6604891000000004,0.528999984,-0.00700000022,20231103367812,460,0xf,0x1,20.2800007,26.3248959,0.0200389642,-0.0559772775,8.43190355e-06,30,1.43799996,1
460115100017432,249944125,2460253.9447214324,60253.441250000003,14.657177,0.0112161543,0,zg,95.527705400000002,7.6604868000000002,0.959999979,-0.0359999985,20231105441250,460,0xf,0x1,20.7700005,26.3838768,0.0160242338,-0.061799299,5.4043544e-06,30,1.15699995,1
460115100017432,250339569,2460257.8994602929,60257.395694400002,14.6685648,0.0112272603,0,zg,95.527702099999999,7.6604958999999999,0.444000006,-0.00300000003,20231109395671,460,0xf,0x1,20.5599995,26.356554,0.0199234877,-0.0604097173,8.26886753e-06,30,1.23000002,1
460115100017432,250543711,2460259.9410294332,60259.437118100002,14.6801548,0.0112386597,0,zg,95.527710600000006,7.6604969000000001,0.518999994,-0.0270000007,20231111437106,460,0xf,0x1,20.7800007,26.3532619,0.0174331237,-0.0444939584,6.36567438e-06,30,1.14499998,1
460115100017432,250746207,2460261.9661226855,60261.462071800001,14.627265,0.0111874249,0,zg,95.527706899999998,7.6604977999999999,0.412999988,-0.0280000009,20231113462060,460,0xf,0x1,21.1000004,26.3402958,0.0158419013,-0.0464010686,5.23024391e-06,30,1.14300001,1
460115100017432,253444155,2460288.9469357417,60288.441550900003,14.5760059,0.0111396415,32768,zg,95.527705499999996,7.6605141000000003,0.505999982,-0.0299999993,20231210441516,460,0xf,0x1,20.6100006,26.3407612,0.0188825093,-0.0386016965,7.59125942e-06,30,1.24399996,1
460115100017432,253635943,2460290.8648709017,60290.359432899997,14.5998907,0.0111616831,0,zg,95.527702300000001,7.6604912000000001,0.931999981,0.0179999992,20231212359421,460,0xf,0x1,21.2800007,26.3514328,0.016178241,-0.0531458221,5.49735478e-06,30,1.14100003,1
460115100017432,254142613,2460295.9316834975,60295.426134300003,14.6786203,0.0112371445,32768,zg,95.527704700000001,7.6604948999999998,0.81400001,-0.0289999992,20231217426123,460,0xf,0x1,19.6800003,25.4694462,0.0286189802,-0.0599295385,1.69307059e-05,30,1.25699997,1
460115100017432,255245488,2460306.9605265534,60306.454884300001,14.6491766,0.0112084076,32768,zg,95.527695100000003,7.6604983000000004,0.977999985,0.0209999997,20231228454873,460,0xf,0x1,18.2600002,25.7856274,0.0534500368,-0.0534753762,0.000120674296,30,1.62600005,1
460115100017432,255433587,2460308.8415172729,60308.335879600003,14.6969709,0.011255377,32768,zg,95.527703099999997,7.6605023000000001,0.619000018,-0.0240000002,20231230335868,460,0xf,0x1,18.7700005,25.5650959,0.0491602719,-0.042606283,5.4957276e-05,30,1.14499998,1
460115100017432,256025328,2460314.7588709798,60314.253287,14.5899067,0.011152423,0,zg,95.527713700000007,7.6605008000000003,0.759000003,-0.0120000001,20240105253275,460,0xf,0x1,20.6200008,26.3467388,0.0196151286,-0.0455777384,8.37912467e-06,30,1.19400001,1
460115100017432,256728636,2460321.7918092082,60321.286365699998,14.6745625,0.0112331463,0,zg,95.527704,7.6604899,0.707000017,-0.0379999988,20240112286366,460,0xf,0x1,20.4400005,26.121645,0.0224812776,-0.0430936813,1.07878532e-05,30,1.13900006,1
460115100017432,257021814,2460324.7235088297,60324.218148100001,14.6546926,0.0112137431,0,zg,95.527707100000001,7.6604926000000004,0.465999991,-0.0209999997,20240115218148,460,0xf,0x1,20.9400005,26.3293095,0.0167863127,-0.0514362305,6.04484876e-06,30,1.21399999,1
460115100017432,257230646,2460326.8117631939,60326.306469900002,14.5970821,0.0111590717,0,zg,95.527702899999994,7.6604985000000001,0.611999989,-0.0209999997,20240117306458,460,0xf,0x1,20.9899998,26.2027893,0.0170677435,-0.0501440503,6.13609018e-06,30,1.16799998,1
460115100017432,258536748,2460339.8722074693,60339.367488399999,14.6014385,0.0111631257,0,zg,95.527691599999997,7.6604887000000002,0.620999992,0.00400000019,20240130367442,460,0xf,0x1,20.1700001,26.2635098,0.0195266604,-0.0486443825,8.02500472e-06,30,1.65400004,1
460115100017432,258724048,2460341.7451024726,60341.240486100003,14.5970154,0.0111590093,0,zg,95.527713700000007,7.6605208999999999,1.00800002,-0.0160000008,20240201240475,460,0xf,0x1,20.5,26.3010254,0.0225559212,-0.0330886655,1.06413718e-05,30,1.14199996,1
460115100017432,260023203,2460354.7358141807,60354.232037000002,14.6176224,0.0111782979,0,zg,95.527699200000001,7.6605040000000004,0.529999971,-0.0240000002,20240214232037,460,0xf,0x1,20.6499996,26.1021957,0.019517161,-0.0475789793,8.03348939e-06,30,1.171,1
460115100017432,260326666,2460357.7702190843,60357.266666700001,14.6270866,0.0111872563,0,zg,95.527693499999998,7.6604979999999996,0.393000007,-0.0270000007,20240217266667,460,0xf,0x1,20.4899998,26.3147507,0.0179308616,-0.0458636396,6.82291557e-06,30,1.29499996,1
460115100017432,262417164,2460378.6734265969,60378.171643499998,14.5884409,0.0111510688,0,zg,95.527700999999993,7.6604906000000001,0.573000014,-0.00400000019,20240309171632,460,0xf,0x1,20.8899994,26.2802601,0.0177136455,-0.0485504195,6.69967312e-06,30,1.17999995,1
460115100017432,263414981,2460388.6506628757,60388.149814800003,14.6335659,0.0111934245,0,zg,95.527689499999994,7.6605061000000001,0.630999982,-0.00600000005,20240319149803,460,0xf,0x1,19.5799999,26.3247662,0.0318098813,-0.0476865582,2.14229876e-05,30,1.19200003,1
460115100017432,263817114,2460392.6716099358,60392.171145799999,14.5763826,0.0111399852,0,zg,95.527691599999997,7.6605037999999999,0.745000005,-0.0179999992,20240323171146,460,0xf,0x1,19.2999992,26.0878105,0.0339868814,-0.0310777128,2.42927508e-05,30,1.29499996,1
460115100017432,264321998,2460397.7199687627,60397.2199884,14.6630392,0.0112218596,0,zg,95.527693999999997,7.6605027000000003,0.713999987,-0.0170000009,20240328219977,460,0xf,0x1,19.9200001,26.1744213,0.0222904757,-0.0355043299,1.03807843e-05,30,1.78199995,1
460115100017432,264916494,2460403.6643549209,60403.164942099997,14.5913944,0.0111537986,0,zg,95.527699499999997,7.6604932000000003,0.349000007,-0.0149999997,20240403164942,460,0xf,0x1,20.6100006,26.2378025,0.0185085554,-0.0412759222,7.2600651e-06,30,1.42200005,1
460115100017432,265415187,2460408.6508173868,60408.151875000003,14.5449047,0.0111115118,32768,zg,95.527687799999995,7.6604960000000002,0.908999979,0.00700000022,20240408151863,460,0xf,0x1,17.6499996,23.8295002,0.0873362496,-0.0115125729,0.000829693221,30,1.426,1
460115100017432,281048564,2460564.9842039971,60564.485648100002,14.6612635,0.0112201283,0,zg,95.527716900000001,7.6604994,0.513999999,-0.0240000002,20240911485648,460,0xf,0x1,20.6700001,26.270359,0.0192952361,-0.031676963,7.72803742e-06,30,1.648,1
460115100017432,281249179,2460566.9905341431,60566.491794000001,14.582243,0.0111453598,32768,zg,95.527720500000001,7.6604989000000003,0.481000006,-0.0189999994,20240913491794,460,0xf,0x1,20.6000004,25.9656773,0.0207389891,-0.0234639198,8.96442543e-06,30,1.53799999,1
460115100017432,281748511,2460571.9843210923,60571.485115700001,14.6195993,0.0111801634,0,zg,95.527712399999999,7.6604874000000001,0.188999996,0.00300000003,20240918485116,460,0xf,0x1,19.8899994,26.2765522,0.0233135298,-0.033462774,1.12815806e-05,30,1.48300004,1
460115100017432,283745736,2460591.9584640698,60591.457361100001,14.635767,0.0111955246,0,zg,95.527710200000001,7.6604805999999996,0.702000022,0.00100000005,20241008457350,460,0xf,0x1,21.0599995,26.2834854,0.0166189261,-0.0525768325,5.7353227e-06,30,1.32099998,1
460115100017432,283949966,2460594.0009590043,60593.499664399998,14.5962572,0.0111583052,0,zg,95.527723499999993,7.6605024000000004,1.15900004,0.00499999989,20241010499653,460,0xf,0x1,20.3500004,26.3438244,0.0209364109,-0.057228446,9.07141657e-06,30,1.17200005,1
460115100017432,284145767,2460595.9591505574,60595.457673600002,14.585413,0.0111482767,0,zg,95.527723199999997,7.6605018999999999,0.474000007,-0.00499999989,20241012457674,460,0xf,0x1,20.8999996,26.3082237,0.0182425138,-0.0321220458,6.84210499e-06,30,1.273,1
460115100017432,284346001,2460597.9616734902,60597.4600116,14.6273985,0.0111875506,0,zg,95.527709599999994,7.6604823,0.656000018,-0.00800000038,20241014459942,460,0xf,0x1,21.25,26.3395176,0.0157835297,-0.0511134528,5.22001164e-06,30,1.24399996,1
460115100017432,284845614,2460602.9582608393,60602.456145800003,14.6796799,0.0112381913,0,zg,95.527723300000005,7.6604863999999999,0.402999997,-0.00200000009,20241019456146,460,0xf,0x1,19.3199997,26.3403816,0.0343644768,-0.0552519225,2.44300008e-05,30,1.21500003,1
460115100017432,285037192,2460604.874206413,60604.3719213,14.6552525,0.0112142861,0,zg,95.527717499999994,7.6604770999999996,0.526000023,0.00499999989,20241021371921,460,0xf,0x1,20.1100006,26.2669334,0.0240679868,-0.0504323021,1.18924254e-05,30,1.69799995,1
460115100017432,285240167,2460606.9041410913,60606.401678200004,14.5767889,0.0111403586,0,zg,95.527713500000004,7.6604915,0.606000006,-0.0280000009,20241023401667,460,0xf,0x1,20.2099991,26.3142052,0.0197297428,-0.0407525226,7.98112251e-06,30,1.40100002,1
460115100017432,285445704,2460608.9596886612,60608.457048600001,14.6077461,0.0111690173,0,zg,95.527710799999994,7.6604852000000001,0.629000008,0.0120000001,20241025457049,460,0xf,0x1,20.9400005,26.3517303,0.0168249439,-0.0515810028,5.87796148e-06,30,1.17499995,1
460115100017432,285942259,2460613.9256473021,60613.4225926,14.671876,0.0112305069,0,zg,95.527718500000006,7.6604932999999997,0.389999986,-0.0120000001,20241030422593,460,0xf,0x1,20.8299999,26.3219147,0.0167864859,-0.0467864051,5.88656758e-06,30,1.22500002,1
460115100017432,286438104,2460618.8844890054,60618.381041699999,14.5888405,0.0111514386,0,zg,95.527736899999994,7.6605217000000003,0.501999974,-0.00200000009,20241104381042,460,0xf,0x1,20.3600006,26.2951908,0.0214749258,-0.0320375562,9.75456805e-06,30,1.33399999,1
460115100017432,286743444,2460621.9381214688,60621.434444400002,14.6382656,0.0111979162,32768,zg,95.527720500000001,7.6605067,0.776000023,0.00999999978,20241107434433,460,0xf,0x1,18.6000004,25.5165577,0.0990676805,-0.0281164888,0.000349122332,30,1.15600002,1
460115100017432,287046155,2460624.9654458533,60624.4615509,14.6390381,0.0111986566,0,zg,95.527703299999999,7.6605109000000002,0.510999978,0.00400000019,20241110461539,460,0xf,0x1,20.8799992,26.3235817,0.0173476934,-0.0371365584,6.39631571e-06,30,1.13999999,1
460115100017432,287443752,2460628.9416882903,60628.437523100001,14.6799068,0.0112384157,0,zg,95.527699499999997,7.6604939999999999,0.675999999,-0.00300000003,20241114437512,460,0xf,0x1,20.2199993,26.3470497,0.0194905959,-0.0532091781,7.85305565e-06,30,1.13999999,1
460115100017432,287740331,2460631.9076645174,60631.403310200003,14.5774536,0.0111409668,0,zg,95.527716400000003,7.6605202999999999,0.666999996,-0.0299999993,20241117403310,460,0xf,0x1,19.2299995,26.3190117,0.0323850773,-0.0205391515,2.24552059e-05,30,1.16100001,1
460115100017432,288041814,2460634.9226832162,60634.418148099998,14.5979948,0.0111599201,0,zg,95.527702099999999,7.6605071000000002,0.676999986,-0.0439999998,20241120417593,460,0xf,0x1,20.0400009,26.3216724,0.0212358143,-0.0370161571,9.5023679e-06,30,1.14100003,1
460115100017432,288132498,2460635.8295755205,60635.324988400003,14.599597,0.0111614093,32768,zg,95.527710799999994,7.6605080000000001,1.05400002,-0.0520000011,20241121324745,460,0xf,0x1,18.2900009,24.788229,0.114166625,0.0220892932,0.000554046477,30,1.38600004,1
460115100017432,288327677,2460637.7814661125,60637.276770800003,14.6374159,0.0111971032,0,zg,95.527722900000001,7.6605005000000004,0.513000011,-0.0410000011,20241123276771,460,0xf,0x1,20.7299995,26.243866,0.0178438518,-0.03820391,6.64538311e-06,30,1.75899994,1
460115100017432,288631903,2460640.8238928821,60640.319039399998,14.6732349,0.0112318415,0,zg,95.527706100000003,7.6604932999999997,0.59799999,-0.00400000019,20241126319039,460,0xf,0x1,21.0400009,26.308073,0.017435642,-0.0450275354,6.45064301e-06,30,1.34300005,1
460115100017432,289037270,2460644.8777516996,60644.372708299998,14.6144857,0.0111753428,0,zg,95.527704700000001,7.6604884000000002,0.745000005,-0.00300000003,20241130372697,460,0xf,0x1,20.8700008,26.2845211,0.0169137754,-0.0482624583,5.9461081e-06,30,1.15499997,1
460115100017432,289242258,2460646.9277110514,60646.422580999999,14.6186733,0.0111792888,0,zg,95.5277064,7.6604888000000004,0.477999985,0.00300000003,20241202422581,460,0xf,0x1,21.1299992,26.341074,0.0172830746,-0.0529425889,6.26745168e-06,30,1.15699995,1
460115100017432,289437504,2460648.8802528814,60648.375046300003,14.6472979,0.0112065943,0,zg,95.527697700000004,7.6604894999999997,0.490999997,-0.0149999997,20241204375035,460,0xf,0x1,21.3999996,26.319067,0.0168886892,-0.0496754609,5.92173228e-06,30,1.14300001,1
460115100017432,289638918,2460650.8944690768,60650.3891898,14.6574087,0.0112163788,0,zg,95.527706899999998,7.6604919000000002,0.455000013,-0.0209999997,20241206389178,460,0xf,0x1,21.1299992,26.3209133,0.0164688155,-0.0466544293,5.67522147e-06,30,1.13999999,1
460115100017432,289825891,2460652.76425295,60652.258911999998,14.6781235,0.0112366555,0,zg,95.527705800000007,7.6604827000000002,0.423999995,0.00499999989,20241208258623,460,0xf,0x1,20.6499996,26.2805214,0.0179294292,-0.0475608408,6.63688934e-06,30,1.523,1
460115100017432,290426381,2460658.7693204563,60658.263819400003,14.6028748,0.0111644641,0,zg,95.527711499999995,7.6604910000000004,0.26699999,-0.00200000009,20241214263808,460,0xf,0x1,19.2999992,26.3235703,0.0300321933,-0.0543402731,1.85930658e-05,30,1.37600005,1
460115100017432,290635636,2460660.8619087171,60660.356365699998,14.6254759,0.0111857271,0,zg,95.527712800000003,7.6605030999999997,1.18599999,-0.0590000004,20241216356343,460,0xf,0x1,19.2399998,26.3242397,0.0303938109,-0.0336172879,1.96449073e-05,30,1.13900006,1
460115100017432,290939747,2460663.9030678808,60663.397476899998,14.6670189,0.0112257469,0,zg,95.527705800000007,7.6604853999999998,0.556999981,-0.0170000009,20241219397454,460,0xf,0x1,20.2999992,26.3496666,0.0198210329,-0.0560754836,8.34829916e-06,30,1.19500005,1
460115100017432,291143162,2460665.937234804,60665.431620399999,14.6602373,0.011219129,0,zg,95.527692599999995,7.6604909000000001,0.356000006,0.00600000005,20241221431609,460,0xf,0x1,20.6599998,26.3018723,0.0189551935,-0.0407527797,7.52932237e-06,30,1.33500004,1
460115100017432,291335915,2460667.8647853085,60667.359155099999,14.6399918,0.0111995703,0,zg,95.527698700000002,7.6605062000000004,0.930000007,-0.00400000019,20241223359120,460,0xf,0x1,19.8999996,26.2447262,0.0286428053,-0.0433623455,1.84757628e-05,30,1.14999998,1
460115100017432,291725548,2460671.7611289034,60671.255486100003,14.6116819,0.0111727072,0,zg,95.527724899999996,7.6605068000000003,0.31400001,-0.0170000009,20241227255475,460,0xf,0x1,20.4699993,26.2166061,0.0215523206,-0.034251336,9.72629641e-06,30,1.25300002,1
460115100017432,292138048,2460675.8861140218,60675.380486100003,14.663435,0.0112222452,0,zg,95.527700699999997,7.6604973000000003,0.88499999,-0.0179999992,20241231380486,460,0xf,0x1,20.9200001,26.3422031,0.0166764855,-0.0571399182,5.8279943e-06,30,1.23800004,1
460115100017432,292333708,2460677.8426940241,60677.337083300001,14.6551819,0.0112142181,0,zg,95.527702000000005,7.6604992999999997,0.624000013,-0.0179999992,20250102337083,460,0xf,0x1,20.9099998,26.2734165,0.0170063544,-0.042358499,6.00119711e-06,30,1.15600002,1
460115100017432,292625692,2460680.7624942493,60680.256921300002,14.6131792,0.0111741144,32768,zg,95.527708500000003,7.6605235,0.839999974,-0.0390000008,20250105256910,460,0xf,0x1,19.4300003,25.2497787,0.0363316573,-0.0364683494,2.76349238e-05,30,1.18200004,1
460115100017432,292931133,2460683.8168490976,60683.311330999997,14.6685886,0.0112272836,0,zg,95.527720299999999,7.6604910000000004,1.11300004,0.00499999989,20250108311319,460,0xf,0x1,18.5699997,26.0859547,0.0570744537,-0.0376318954,9.49214082e-05,30,1.14600003,1
460115100017432,294025489,2460694.7600921006,60694.254895799997,14.6072273,0.0111685311,32768,zg,95.527702599999998,7.6605261999999996,0.871999979,-0.0329999998,20250119254896,460,0xf,0x1,19.9400005,25.7096043,0.0389254615,-0.0256905835,3.33872958e-05,30,1.13999999,1
460115100017432,294327462,2460697.7797037037,60697.274629599997,14.6163368,0.0111770853,32768,zg,95.527706100000003,7.6605207000000002,0.626999974,-0.00200000009,20250122274618,460,0xf,0x1,18.9300003,25.3879242,0.0419313945,-0.0365216434,3.74123338e-05,30,1.148,1
460115100017432,294533696,2460699.8419502079,60699.3369676,14.6285229,0.0111886207,0,zg,95.527686900000006,7.6605267000000001,0.60799998,-0.00100000005,20250124336968,460,0xf,0x1,19.8999996,26.3178291,0.0250093583,-0.0264145546,1.31321185e-05,30,1.32599998,1
460115100017432,295229783,2460706.8024632242,60706.297835600002,14.6313696,0.0111913299,0,zg,95.527697599999996,7.6604979999999996,0.418000013,-0.0109999999,20250131297836,460,0xf,0x1,20.9300003,26.3242588,0.0171529781,-0.0519666672,6.18734884e-06,30,1.245,1
460115100017432,296039146,2460714.8956010561,60714.391469900002,14.6440058,0.011203425,32768,zg,95.527644300000006,7.6605252999999998,0.751999974,0.00400000019,20250208391458,460,0xf,0x1,17.1800003,24.7944851,0.175323576,0.0685700327,0.00792494137,30,2.60100007,1
460115100017432,296335929,2460717.8632227019,60717.359294000002,14.6308556,0.01119084,0,zg,95.5276985,7.6605239000000003,0.904999971,-0.0189999994,20250211359294,460,0xf,0x1,18.25,26.0507545,0.0475526713,-0.0113971429,8.60972432e-05,30,2.023,1
460115100017432,296826011,2460722.7636882318,60722.260115700003,14.6415634,0.0112010781,0,zg,95.527695499999993,7.6604901999999999,0.700999975,-0.0120000001,20250216260035,460,0xf,0x1,19.6900005,26.149416,0.0248652045,-0.0613947138,1.30235321e-05,30,1.26600003,1
460115100017432,297424946,2460728.7525710231,60728.249467599999,14.6777668,0.0112363026,0,zg,95.527696800000001,7.6604977999999999,0.358999997,0.00400000019,20250222249468,460,0xf,0x1,20.7399998,26.2982159,0.018007312,-0.048428908,6.7255678e-06,30,1.28900003,1
460115100017432,297623947,2460730.7424193341,60730.239479199998,14.6597824,0.0112186875,0,zg,95.5276973,7.6604853999999998,0.638000011,-0.0219999999,20250224239479,460,0xf,0x1,20.7399998,26.323288,0.0173052959,-0.0513133965,6.36119239e-06,30,1.27100003,1
460115100017432,297817261,2460732.6753939958,60732.172615700001,14.6491117,0.0112083452,0,zg,95.527696399999996,7.6604842,0.635999978,-0.0250000004,20250226172604,460,0xf,0x1,21.1499996,26.3285294,0.0167318732,-0.0592521168,5.86013903e-06,30,1.14300001,1
460115100017432,298516611,2460739.6682803254,60739.166111099999,14.6852541,0.0112437066,0,zg,95.527698099999995,7.6605008000000003,1.40600002,0.0439999998,20250305166111,460,0xf,0x1,20.6100006,26.2363224,0.017478168,-0.0682920143,6.45118735e-06,30,1.15400004,1
460115100017432,298922232,2460743.7241282794,60743.222326399999,14.659936,0.0112188365,0,zg,95.527679899999995,7.6605027000000003,0.68900001,-0.0560000017,20250309222280,460,0xf,0x1,19.7199993,26.2618752,0.024704,-0.0366091803,1.29143082e-05,30,1.35399997,1
460115100017432,299716797,2460751.6690354771,60751.1679745,14.6816149,0.0112401033,0,zg,95.527693400000004,7.6604983000000004,0.856000006,-0.00300000003,20250317167882,460,0xf,0x1,20.9699993,26.3247108,0.0166958384,-0.058653824,5.89511637e-06,30,1.22300005,1
460115100017432,300214108,2460756.6416757382,60756.141087999997,14.6753626,0.0112339342,0,zg,95.527689800000005,7.6605017000000002,0.948000014,-0.0489999987,20250322141088,460,0xf,0x1,20.8799992,26.280344,0.0171202086,-0.0556650497,6.0978e-06,30,1.18900001,1
460115100017432,300423653,2460758.7369264821,60758.236539400001,14.627882,0.0111880107,0,zg,95.527683199999998,7.6604938000000002,0.588,-0.0350000001,20250324236528,460,0xf,0x1,20.3500004,26.1837482,0.0188494138,-0.0381173678,7.39298594e-06,30,1.84899998,1
460115100017432,300623710,2460760.7373017785,60760.237106499997,14.2507286,0.0108742137,32768,zg,95.527684800000003,7.6604804,1,0.00400000019,20250326237095,460,0xf,0x1,19.6499996,25.2766266,0.204789475,-0.0102301454,0.000872915203,30,1.94099998,1
460115100017432,301717408,2460771.6732378788,60771.174085600003,14.6336412,0.0111934962,0,zg,95.527683600000003,7.6604856000000003,0.296999991,-0.00300000003,20250406174074,460,0xf,0x1,19.9200001,26.2382545,0.0225992966,-0.0422254056,1.06641e-05,30,1.54700005,1
460115100017432,301914988,2460773.6488510412,60773.149884300001,14.6389332,0.0111985551,0,zg,95.527688100000006,7.6604923999999999,0.509000003,-0.0260000005,20250408149884,460,0xf,0x1,19.9400005,26.1255932,0.0244055744,-0.0424215645,1.25162524e-05,30,1.40799999,1
460115100017432,302120511,2460775.7038908666,60775.205115700002,14.6768732,0.0112354225,0,zg,95.527662199999995,7.6604767000000002,0.308999985,-0.00400000019,20250410205104,460,0xf,0x1,19.0499992,26.058445,0.0362149924,-0.0363596603,2.79573778e-05,30,2.102,1
460115100017432,302715547,2460781.6537058591,60781.155474500003,14.6731491,0.0112317568,0,zg,95.527694100000005,7.6604842,1.30400002,0.0439999998,20250416155475,460,0xf,0x1,20.6000004,26.2232647,0.0173054952,-0.0604940727,6.28335465e-06,30,1.62800002,1
460115100017432,317750643,2460932.0051532602,60931.506435199997,14.6917696,0.0112501839,0,zg,95.527725200000006,7.6604988000000001,0.611999989,-0.0260000005,20250913506343,460,0xf,0x1,20.0300007,26.2639332,0.0219852384,-0.0409590267,1.0026597e-05,30,1.43299997,1
460115100017432,318150887,2460936.0079673929,60935.508877300002,14.7022867,0.0112607051,32768,zg,95.527715299999997,7.6604986999999998,0.514999986,-0.00499999989,20250917508854,460,0xf,0x1,19.9300003,25.6379337,0.0453625433,-0.0310656521,4.27248124e-05,30,1.35399997,1
460115100017432,318750533,2460942.0049921833,60941.505335599999,14.6692343,0.011227916,0,zg,95.527706100000003,7.6604897999999997,0.486000001,-0.023,20250923505324,460,0xf,0x1,21.0900002,26.2774105,0.0177509114,-0.0447134264,6.49156209e-06,30,1.29299998,1
460115100017432,318947574,2460943.9755848916,60943.4757407,14.7049904,0.0112634236,0,zg,95.527720900000006,7.6604752999999999,0.540000021,-0.0189999994,20250925475741,460,0xf,0x1,20.9099998,26.3078632,0.0167196468,-0.0594414584,5.77661558e-06,30,1.41999996,1
460115100017432,319543480,2460949.9352160692,60949.434803199998,14.6456079,0.0112049673,0,zg,95.527708000000004,7.6604805999999996,0.469000012,-0.0140000004,20251001434792,460,0xf,0x1,21,26.2706985,0.016770022,-0.0458185747,5.84245163e-06,30,1.61699998,1
460115100017432,320048600,2460954.9868999436,60954.486006899999,14.6835804,0.0112420479,0,zg,95.527699999999996,7.6604884000000002,0.164000005,-0.00300000003,20251006485995,460,0xf,0x1,20.2700005,26.318964,0.0212631933,-0.0430172272,9.43303439e-06,30,1.23300004,1
460115100017432,320543542,2460959.9367864192,60959.435428199999,14.7138433,0.0112723624,0,zg,95.527710600000006,7.6604796999999998,0.518000007,-0.00999999978,20251011435417,460,0xf,0x1,20.2099991,26.2915668,0.020784555,-0.0434613042,9.01478052e-06,30,1.39900005,1
460115100017432,320748679,2460961.9883427811,60961.486793999997,14.6767778,0.0112353284,0,zg,95.527703799999998,7.6604777000000004,0.788999975,-0.00600000005,20251013486771,460,0xf,0x1,20.7399998,26.3532295,0.0168942213,-0.0562828667,5.95876509e-06,30,1.18200004,1
460115100017432,321237146,2460966.8734650458,60966.371469899997,14.6658421,0.0112245949,0,zg,95.527739100000005,7.6605385000000004,1.01999998,0.0209999997,20251018371470,460,0xf,0x1,19.5599995,26.238699,0.0377254337,-0.0362087004,3.01393047e-05,30,1.81500006,1
460215100021128,46218050,2458216.6794923577,58216.1805093,13.1626463,0.00999137014,0,zr,95.527684500000007,7.6605194000000001,0.453999996,-0.00100000005,20180408180486,460,0xf,0x1,20.2299995,26.1248112,0.0166880302,0.0780862644,5.9637955e-06,30,1.66199994,1
460215100021128,46417795,2458218.6767480774,58218.177951400001,13.2040405,0.0100146988,0,zr,95.527687499999999,7.6605808,1.755,-0.00700000022,20180410177940,460,0xf,0x1,19.9099998,26.0977287,0.0205793306,0.0629230365,8.97842529e-06,30,1.69400001,1
460215100021128,46513690,2458219.6356174853,58219.136909699999,13.1996965,0.0100122327,0,zr,95.527702099999999,7.6605197,0.90200001,0.00300000003,20180411136875,460,0xf,0x1,19.9400005,26.1506195,0.0183937792,0.0664582402,7.25115251e-06,30,1.38100004,1
460215100021128,46519505,2458219.6937602502,58219.195057899997,13.1858578,0.0100044049,0,zr,95.527688499999996,7.6605205999999999,0.49000001,0.00200000009,20180411195046,460,0xf,0x1,19.7700005,26.1066952,0.0214292239,0.0757865757,9.8085975e-06,30,1.96800005,1
460215100021128,47314489,2458227.6428786009,58227.144895799996,13.1962299,0.0100102667,0,zr,95.527682799999994,7.6605414999999999,1.12199998,-0.00499999989,20180419144861,460,0xf,0x1,19.9899998,26.1390514,0.0164592676,0.0736762062,5.69753183e-06,30,1.60500002,1
460215100021128,61351561,2458368.0136801903,58367.515613399999,13.1902304,0.0100068739,0,zr,95.527697900000007,7.6605094999999999,0.866999984,-0.00700000022,20180906515602,460,0xf,0x1,20.4099998,26.2084312,0.0177850425,0.0641421005,6.43637532e-06,30,1.51499999,1
460215100021128,61447373,2458368.9718902009,58368.473738399996,13.1749487,0.00999826472,0,zr,95.527698799999996,7.6605021000000004,0.773999989,-0.00600000005,20180907473738,460,0xf,0x1,21.0400009,26.1549625,0.0139186606,0.0795123875,4.00524141e-06,30,1.97800004,1
460215100021128,61550351,2458370.0017623492,58369.503518500002,13.1944876,0.0100092813,0,zr,95.527680799999999,7.6605132999999999,0.643999994,-0.0199999996,20180908503507,460,0xf,0x1,20.7600002,26.1667843,0.0157733727,0.0754601806,5.2020423e-06,30,1.57099998,1
460215100021128,61651700,2458371.0153373033,58370.517002300003,13.1833258,0.0100029772,0,zr,95.527715799999996,7.6605018999999999,0.540000021,0.0260000005,20180909516991,460,0xf,0x1,20.6800003,26.2128124,0.0139451232,0.0749913827,4.08149936e-06,30,1.44400001,1
460215100021128,61747534,2458371.973768861,58371.475347200001,13.1749468,0.00999826379,0,zr,95.527705400000002,7.6605005999999998,0.416000009,0,20180910475336,460,0xf,0x1,21.0100002,26.1750031,0.0133789508,0.0810597241,3.71580518e-06,30,1.82700002,1
460215100021128,61851886,2458373.0173823298,58372.518865700004,13.2034512,0.0100143636,0,zr,95.527701300000004,7.6604945999999998,0.550000012,0.0140000004,20180911518854,460,0xf,0x1,20.3299999,26.2131805,0.0156109054,0.0705099478,5.08860694e-06,30,1.39699996,1
460215100021128,61949725,2458373.9958629925,58373.497256900002,13.2083035,0.0100171221,0,zr,95.527699299999995,7.6605046999999997,0.731000006,-0.00300000003,20180912497245,460,0xf,0x1,20.8700008,26.2097149,0.0136356289,0.0715048388,3.80902134e-06,30,1.53100002,1
460215100021128,62050460,2458375.0033051786,58374.504606499999,13.2166691,0.0100218896,0,zr,95.527693900000003,7.6605002999999998,0.326999992,-0.0219999999,20180913504560,460,0xf,0x1,20.7399998,26.2055454,0.0142686972,0.0823137164,4.27195573e-06,30,1.454,1
460215100021128,62151978,2458376.0185725223,58375.519780100003,13.2463388,0.0100389291,0,zr,95.527692000000002,7.6605033999999996,1.13600004,0.00800000038,20180914519780,460,0xf,0x1,20.5699997,26.213871,0.0142639624,0.071912773,4.19506296e-06,30,1.34599996,1
460215100021128,62250592,2458377.0048097549,58376.505925899997,13.2538557,0.0100432765,0,zr,95.527689600000002,7.6605055999999996,0.65200001,-0.0170000009,20180915505891,460,0xf,0x1,21,26.1934071,0.0152969994,0.0807371363,4.81364896e-06,30,1.40900004,1
460215100021128,62346113,2458377.9601070271,58377.4611343,13.2419271,0.0100363819,0,zr,95.527718500000006,7.6604935000000003,0.527999997,-0.00400000019,20180916461134,460,0xf,0x1,20.7800007,26.1142082,0.0151453475,0.0825636387,4.70367195e-06,30,1.79799998,1
460215100021128,62450469,2458379.0037693623,58378.504699099998,13.2412815,0.0100360103,0,zr,95.527694699999998,7.6604899,0.583999991,-0.0179999992,20180917504699,460,0xf,0x1,20.7700005,26.2248173,0.0166152772,0.0733020827,5.84102645e-06,30,1.38300002,1
460215100021128,62550481,2458380.0039788168,58379.504814799999,13.2200232,0.0100238062,0,zr,95.527701300000004,7.6605064,0.287999988,0.0130000003,20180918504780,460,0xf,0x1,20.8799992,26.2095222,0.0138435764,0.0793801025,3.99498003e-06,30,1.36699998,1
460215100021128,62647651,2458380.9757715571,58380.476516199997,13.2135887,0.0100201331,0,zr,95.527738900000003,7.6604767000000002,0.880999982,0.0120000001,20180919476505,460,0xf,0x1,20.3799992,26.2172947,0.0193149615,0.0619512498,7.49975288e-06,30,1.54499996,1
460215100021128,62850082,2458383.00026828,58382.5008218,13.187973,0.010005598,0,zr,95.527698799999996,7.6604742000000003,1.36800003,0.0680000037,20180921500718,460,0xf,0x1,20.9699993,26.2116756,0.0169765167,0.0684230551,5.97248936e-06,30,1.34500003,1
460215100021128,63151928,2458386.0190153457,58385.519282399997,13.2062054,0.0100159282,0,zr,95.527706899999998,7.6604945999999998,0.404000014,0.0140000004,20180924519271,460,0xf,0x1,20.3299999,26.2166882,0.0145504083,0.0748481601,4.3367786e-06,30,1.23599994,1
460215100021128,63245785,2458386.957681044,58386.4578588,13.2176418,0.0100224456,0,zr,95.527731500000002,7.6605029,1.16900003,-0.0240000002,20180925457859,460,0xf,0x1,19.5499992,26.1763096,0.0264340676,0.0787452161,1.43162515e-05,30,1.56500006,1
460215100021128,63349861,2458387.9985325509,58387.498611100003,13.2345705,0.0100321472,0,zr,95.527714599999996,7.6604676999999999,0.620999992,-0.0199999996,20180926498611,460,0xf,0x1,20.0499992,26.2122841,0.0200425051,0.0726234019,8.18634908e-06,30,1.29200006,1
460215100021128,63450145,2458389.0014753942,58388.501458300001,13.2510929,0.0100416774,0,zr,95.527705499999996,7.6604951999999997,0.493999988,-0.0199999996,20180927501458,460,0xf,0x1,20.5400009,26.2035847,0.0145424437,0.0716283843,4.4092244e-06,30,1.26999998,1
460215100021128,63552414,2458390.0242581898,58389.524143499999,13.2182865,0.0100228144,0,zr,95.527701199999996,7.6604951999999997,0.79400003,0.0379999988,20180928524144,460,0xf,0x1,20.6100006,26.1946354,0.018159477,0.0810639486,6.80636367e-06,30,1.19400001,1
460215100021128,63652591,2458391.0261247028,58390.525914400001,13.2674818,0.0100511955,0,zr,95.5277064,7.6604935000000003,0.462000012,-0.00200000009,20180929525914,460,0xf,0x1,20.3600006,26.2149696,0.014170628,0.0708900094,4.15403838e-06,30,1.18400002,1
460215100021128,66937850,2458423.8816820988,58423.378506900001,13.1815834,0.0100019965,0,zr,95.527705699999999,7.6605178,0.460000008,0.0120000001,20181101378484,460,0xf,0x1,20.8400002,26.1910057,0.0149423163,0.0802199766,4.73158025e-06,30,1.421,1
460215100021128,67145038,2458425.953721148,58425.450381900002,13.2181807,0.0100227529,0,zr,95.527723300000005,7.6604950000000001,0.833000004,0.00600000005,20181103450382,460,0xf,0x1,20.7900009,26.2266407,0.0165059585,0.0680145249,5.68609767e-06,30,1.16600001,1
460215100021128,67241826,2458426.9216783685,58426.418263899999,13.2436237,0.0100373616,0,zr,95.527698099999995,7.6604909000000001,0.772000015,-0.0769999996,20181104418206,460,0xf,0x1,20.8799992,26.2112923,0.0195452906,0.0671325997,8.15395833e-06,30,1.21800005,1
460215100021128,67345524,2458427.9587371531,58427.455243099997,13.255826,0.0100444201,0,zr,95.5277143,7.6605026000000001,0.479000002,0.00100000005,20181105455231,460,0xf,0x1,20.6900005,26.2101803,0.0152953928,0.0696941614,4.92126355e-06,30,1.15699995,1
460215100021128,67444099,2458428.946126597,58428.4409954,13.8822784,0.0104636895,256,zr,95.527722600000004,7.6608574999999997,5.4369998,0.163000003,20181106440961,460,0xf,0x1,21.5400009,28.754303,0.0195876416,0.0689502731,8.37420066e-06,300,1.16700006,3
460215100021128,67539010,2458429.893743787,58429.3901042,13.2227049,0.0100253401,0,zr,95.527706100000003,7.6604928000000001,0.833000004,0.0399999991,20181107390069,460,0xf,0x1,21.3099995,26.198143,0.0213311147,0.0746655762,9.69585471e-06,30,1.28199995,1
460215100021128,67541592,2458429.9195674155,58429.415925900001,13.2422028,0.0100365421,0,zr,95.5277028,7.6604967000000004,0.709999979,-0.00400000019,20181107415926,460,0xf,0x1,21.3400002,26.1995735,0.0192767251,0.0775172338,7.85521115e-06,30,1.204,1
460215100021128,67644089,2458430.9446082027,58430.4408912,13.2483692,0.0100401025,0,zr,95.527716600000005,7.6604963000000001,1.00399995,-0.0480000004,20181108440880,460,0xf,0x1,21.1100006,26.2304401,0.0159255136,0.0652614757,5.52575784e-06,30,1.16199994,1
460215100021128,67739502,2458431.8988093301,58431.395023099998,13.1979456,0.0100112399,0,zr,95.527715299999997,7.6605002999999998,0.833999991,0.00200000009,20181109395023,460,0xf,0x1,19.7199993,26.1455536,0.024224177,0.0689943731,1.23069758e-05,30,1.24600005,1
460215100021128,67835440,2458432.8582645119,58432.354409699998,13.1765289,0.00999915227,0,zr,95.527722600000004,7.6605046999999997,0.555000007,0.0140000004,20181110354410,460,0xf,0x1,20.6100006,26.1851807,0.0161050651,0.0755428746,5.59683849e-06,30,1.41799998,1
460215100021128,67840239,2458432.9062540447,58432.402395800003,13.1832075,0.0100029102,0,zr,95.527712600000001,7.6605005999999998,0.633000016,-0.0149999997,20181110402396,460,0xf,0x1,20.8799992,26.2092628,0.0133961393,0.0763431415,3.8230537e-06,30,1.21700001,1
460215100021128,68045665,2458434.9606566178,58434.456655100003,13.1727972,0.00999705587,0,zr,95.527715900000004,7.6605033000000002,0.865999997,-0.00200000009,20181112456644,460,0xf,0x1,20.0499992,26.2087059,0.017116027,0.0764247254,6.21868594e-06,30,1.15400004,1
460215100021128,68138789,2458435.8919583275,58435.387893500003,13.1958628,0.0100100599,0,zr,95.527685599999998,7.6605124,1,-0.00499999989,20181113387882,460,0xf,0x1,19.8199997,26.232872,0.0235383529,0.0757084116,1.17190484e-05,30,1.23399997,1
460215100021128,68337810,2458437.882298552,58437.378101900002,13.2212267,0.0100244936,0,zr,95.527707800000002,7.6605005999999998,0.588,0.00800000038,20181115378090,460,0xf,0x1,20.6100006,26.2273331,0.0166491661,0.0717468113,5.76560615e-06,30,1.24699998,1
460215100021128,68434924,2458438.8535068976,58438.349247700004,13.2404451,0.0100355279,32768,zr,95.527692400000007,7.6605001000000001,1.65799999,-0.00800000038,20181116349236,460,0xf,0x1,16.1100006,22.1701908,0.0678384975,0.0744487867,0.00186888303,30,1.35399997,1
460215100021128,68742041,2458441.9248658991,58441.420416699999,13.2660351,0.0100503527,0,zr,95.527707500000005,7.6605039000000001,0.592999995,-0.0199999996,20181119420405,460,0xf,0x1,20.0100002,26.0291767,0.01717587,0.0681894198,6.25140228e-06,30,1.15499997,1
460215100021128,68845074,2458442.9552508872,58442.450740699998,13.3562937,0.0101038953,32768,zr,95.527702500000004,7.6604948999999998,1.24399996,-0.0199999996,20181120450741,460,0xf,0x1,18.75,24.9318676,0.0865056738,0.0506773368,0.000155078073,30,1.16499996,1
460215100021128,68939833,2458443.9028983368,58443.3983333,13.2371874,0.0100336522,0,zr,95.527704799999995,7.6605017000000002,0.697000027,0.0160000008,20181121398333,460,0xf,0x1,20.6200008,26.2183475,0.0206034593,0.0702538118,9.04744775e-06,30,1.16900003,1
460215100021128,69443930,2458448.944141815,58448.439305599997,13.2403193,0.0100354552,0,zr,95.527696300000002,7.6605086,0.497000009,-0.0209999997,20181126439248,460,0xf,0x1,19.7299995,26.2144184,0.0211519245,0.0637624338,9.54890311e-06,30,1.16999996,1
460215100021128,69532918,2458449.8340701647,58449.329189800002,13.2257977,0.0100271106,0,zr,95.527691000000004,7.6604950000000001,0.874000013,-0.00400000019,20181127329178,460,0xf,0x1,20.2600002,26.2167797,0.0184849054,0.0653655529,7.38840527e-06,30,1.30799997,1
460215100021128,69540410,2458449.9089928539,58449.404108800001,13.2378645,0.0100340415,0,zr,95.527711199999999,7.6604980999999999,1.44500005,0.0469999984,20181127404109,460,0xf,0x1,20.2099991,26.2088356,0.0173749272,0.0635870844,6.35937931e-06,30,1.15400004,1
460215100021128,69635789,2458450.8628235166,58450.357893499997,13.2336178,0.0100315986,0,zr,95.527717199999998,7.6604941999999996,0.779999971,-0.0260000005,20181128357894,460,0xf,0x1,20.4099998,26.2227001,0.0166335329,0.0682884231,5.80838832e-06,30,1.20599997,1
460215100021128,70733712,2458461.8440522798,58461.337129599997,13.7189074,0.0103419358,256,zr,95.527699100000007,7.6608663999999997,1,0.0109999999,20181209337106,460,0xf,0x1,21.8099995,28.7386379,0.0149672432,0.0666736141,4.77067442e-06,300,1.18700004,3
460215100021128,70750894,2458462.0143121327,58461.508946800001,13.2228508,0.010025424,32768,zr,95.527699999999996,7.6604951999999997,1.36500001,-0.0199999996,20181209508912,460,0xf,0x1,19.2800007,25.531908,0.0219799709,0.0716684163,1.02775675e-05,30,1.68799996,1
460215100021128,70831878,2458462.8241740847,58462.318784700001,13.2494068,0.0100407023,32768,zr,95.527686700000004,7.6604890000000001,0.630999982,0.0170000009,20181210318773,460,0xf,0x1,20.1599998,25.7749519,0.0275825318,0.0540628433,1.61956086e-05,30,1.222,1
460215100021128,71031158,2458464.8170294804,58464.3115856,13.2144375,0.0100206165,0,zr,95.527712899999997,7.6604872000000004,0.448000014,-0.00800000038,20181212311574,460,0xf,0x1,20.5,26.1995945,0.0186385065,0.0733392015,7.26248163e-06,30,1.22599995,1
460215100021128,71133692,2458465.8439531955,58465.336921299997,13.4477654,0.010160286,256,zr,95.527723899999998,7.6604973999999997,10.6890001,-0.54400003,20181213336887,460,0xf,0x1,21.1499996,28.7290306,0.0131970979,0.0703107342,3.64712787e-06,300,1.171,3
460215100021128,71232991,2458466.8354114457,58466.329919000003,13.2543116,0.0100435419,0,zr,95.527705299999994,7.6604932000000003,0.444000006,-0.0140000004,20181214329907,460,0xf,0x1,20.7999992,26.1616058,0.0134499213,0.0733106434,3.83112047e-06,30,1.17700005,1
460215100021128,71446292,2458468.9684645985,58468.462928200002,13.2592325,0.0100463964,0,zr,95.527697000000003,7.6605049000000003,0.202000007,-0.0149999997,20181216462917,460,0xf,0x1,20.7999992,26.1953449,0.0165211111,0.0705310106,5.85018552e-06,30,1.45200002,1
460215100021128,71729050,2458471.796092371,58471.290509300001,13.1958666,0.0100100618,0,zr,95.527715999999998,7.6604925000000001,0.118000001,0.00100000005,20181219290498,460,0xf,0x1,19.9400005,26.2206059,0.016328318,0.066118136,5.61578736e-06,30,1.23199999,1
460215100021128,71744446,2458471.9516153042,58471.444467599998,13.3570395,0.0101043452,256,zr,95.527672999999993,7.6605727999999997,3.2650001,0.00499999989,20181219444433,460,0xf,0x1,20.6299992,28.7122803,0.014019235,0.0823366642,4.21170216e-06,300,1.38800001,3
460215100021128,71838296,2458472.8901230185,58472.382962999996,15.2609453,0.0121653434,256,zr,95.527352899999997,7.6604736000000004,3.39899993,0.125,20181220382928,460,0xf,0x1,21.1599998,28.7066383,0.0119955298,0.0747093409,3.22406299e-06,300,1.18400002,3
460215100021128,72631584,2458480.8214869821,58480.315844899997,13.2686892,0.0100518987,0,zr,95.527704600000007,7.6604983999999998,0.57099998,-0.0130000003,20181228315845,460,0xf,0x1,20.4400005,26.1994171,0.014736698,0.0741794184,4.61645914e-06,30,1.15499997,1
460215100021128,72732512,2458481.8307674113,58481.325127299999,13.2486467,0.0100402636,0,zr,95.527701399999998,7.6604913999999997,0.653999984,-0.00800000038,20181229325116,460,0xf,0x1,20.6000004,26.2182789,0.0161272548,0.0706304386,5.65956498e-06,30,1.153,1
460215100021128,72821421,2458482.7198498989,58482.214212999999,13.2076635,0.0100167571,32768,zr,95.527708000000004,7.6605052999999996,0.368999988,-0.00400000019,20181230214201,460,0xf,0x1,19.0200005,25.4775066,0.0492678769,0.0582261719,5.09748679e-05,30,1.44200003,1
460215100021128,73244049,2458486.9461010937,58486.440497700001,13.2248125,0.0100265462,0,zr,95.527687400000005,7.660558,0.518000007,-0.00499999989,20190103440486,460,0xf,0x1,19.3899994,26.1817207,0.0300640445,0.0866061598,1.9149662e-05,30,1.68599999,1
460215100021128,73326040,2458487.7659985423,58487.260405100002,13.238884,0.0100346291,0,zr,95.527726200000004,7.6605037999999999,0.754000008,0.0120000001,20190104260347,460,0xf,0x1,20.5799999,26.2242317,0.0157132335,0.0629198626,5.26925805e-06,30,1.19799995,1
460215100021128,73426216,2458488.7677440643,58488.262164400003,13.227891,0.0100283111,32768,zr,95.527711100000005,7.6605226999999996,2.05599999,0.128000006,20190105262164,460,0xf,0x1,19.3799992,25.2600117,0.024654936,0.0597412698,1.26800032e-05,30,1.18900001,1
460215100021128,73622685,2458490.7323996034,58490.226851899999,13.2120905,0.0100192782,0,zr,95.527715599999993,7.6605033000000002,0.711000025,-0.023,20190107226852,460,0xf,0x1,20.5300007,26.1351871,0.0150330281,0.0769981146,4.75241541e-06,30,1.255,1
460215100021128,73725267,2458491.7582020545,58491.2526736,13.2291126,0.0100290123,0,zr,95.527702199999993,7.6605058000000001,1.05499995,-0.00499999989,20190108252674,460,0xf,0x1,20.3799992,26.1983547,0.0191927105,0.0815566033,7.82759162e-06,30,1.17900002,1
460215100021128,73827853,2458492.7840375379,58492.278530099997,13.2579689,0.0100456625,32768,zr,95.5277107,7.6604958999999999,1.01999998,-0.0419999994,20190109278530,460,0xf,0x1,18.6200008,24.4688606,0.0362497978,0.0685261488,2.79058186e-05,30,1.14499998,1
460215100021128,74025532,2458494.7623486016,58494.255324099999,13.9132586,0.0104879783,256,zr,95.527683199999998,7.6608787999999999,3.59599996,-0.119999997,20190111255301,460,0xf,0x1,21.7900009,28.7283382,0.0109312842,0.0694944263,2.53403323e-06,300,1.16100001,3
460215100021128,74127714,2458495.782577178,58495.2771412,13.2096148,0.0100178681,0,zr,95.527717100000004,7.6604999999999999,0.421999991,-0.00800000038,20190112277141,460,0xf,0x1,20.7099991,26.1959896,0.0136737023,0.0782622024,3.92737775e-06,30,1.14199996,1
460215100021128,75112872,2458505.6338260421,58505.128726900002,13.2349844,0.0100323847,0,zr,95.527687700000001,7.6604821999999997,0.685000002,-0.00100000005,20190122128634,460,0xf,0x1,19.2299995,26.1559162,0.0240474157,0.0823865384,1.21010389e-05,30,1.602,1
460215100021128,75224777,2458506.7528291964,58506.247777800003,13.2508774,0.0100415535,0,zr,95.527701399999998,7.6605257,0.149000004,-0.00400000019,20190123247778,460,0xf,0x1,19.7700005,26.2156696,0.0171955805,0.0786433369,6.21993786e-06,30,1.14199996,1
460215100021128,75323247,2458507.7374846642,58507.232476899997,13.247324,0.010039499,0,zr,95.527707000000007,7.6605005999999998,0.967000008,0.00800000038,20190124232477,460,0xf,0x1,20.5599995,26.2174454,0.0145992599,0.0688379407,4.48831042e-06,30,1.148,1
460215100021128,75328236,2458507.7873666119,58507.282361099999,13.2475958,0.0100396555,0,zr,95.527705900000001,7.6605053999999999,1.11600006,-0.0299999993,20190124282350,460,0xf,0x1,20.6499996,26.2154427,0.0153548997,0.0713887289,5.0194808e-06,30,1.16299999,1
460215100021128,75422938,2458508.7343487148,58508.229386600004,13.2123528,0.0100194272,0,zr,95.527713899999995,7.6604972,0.593999982,0,20190125229387,460,0xf,0x1,20.75,26.2151966,0.0138927102,0.0760198757,4.09798895e-06,30,1.148,1
460215100021128,75526876,2458509.7736745477,58509.268761599997,13.1985111,0.0100115603,0,zr,95.527705600000004,7.6605249000000004,0.470999986,0,20190126268750,460,0xf,0x1,20.3299999,26.2162876,0.0166102499,0.0759563223,5.81770473e-06,30,1.153,1
460215100021128,75623496,2458510.7398311207,58510.234965299998,13.1461926,0.00998220034,0,zr,95.527702000000005,7.6605584000000002,1.06400001,0.00700000022,20190127234965,460,0xf,0x1,19.2600002,25.8858318,0.0280304514,0.0877274796,1.6482707e-05,30,1.14199996,1
460215100021128,75720484,2458511.7096666382,58511.204849499998,13.1865578,0.0100047989,0,zr,95.527719899999994,7.6605257,0.382999986,-0.00800000038,20190128204838,460,0xf,0x1,20.25,26.1382904,0.016082434,0.0800288841,5.45446483e-06,30,1.16700006,1
460215100021128,75940017,2458513.9048754559,58513.400173599999,13.2548618,0.0100438604,0,zr,95.527695699999995,7.6604960000000002,0.446999997,-0.0199999996,20190130400174,460,0xf,0x1,20.7399998,26.1252823,0.0149268089,0.0733818784,4.69604947e-06,30,2.16400003,1
460215100021128,76039209,2458514.8967424803,58514.392094900002,13.3572063,0.0101044467,32768,zr,95.527695100000003,7.6604888000000004,1.63399994,-0.0450000018,20190131392083,460,0xf,0x1,18.2199993,24.5232983,0.0816100836,0.0528278984,0.000145779137,30,2.05699992,1
460215100021128,76918990,2458523.6940157926,58523.189907400003,13.1966019,0.0100104772,0,zr,95.527704499999999,7.6605087999999997,0.712000012,-0.0299999993,20190209189896,460,0xf,0x1,21.2199993,26.2019386,0.0188492276,0.0741607025,7.67335496e-06,30,1.14699996,1
460215100021128,77220519,2458526.7090980252,58526.205196800001,13.2497845,0.0100409202,0,zr,95.527676499999998,7.6605214000000004,0.851000011,-0.00700000022,20190212205162,460,0xf,0x1,19.5799999,26.1231289,0.0241647232,0.0544025935,1.22268048e-05,30,1.14199996,1
460215100021128,78414936,2458538.6523483675,58538.1493634,13.217761,0.0100225136,32768,zr,95.527723300000005,7.6606059000000002,1.30799997,-0.0250000004,20190224149352,460,0xf,0x1,19.3899994,25.5485954,0.0241303444,0.0768880919,1.2281017e-05,30,1.14699996,1
460215100021128,78519734,2458539.7002476216,58539.197349499998,13.2089634,0.0100174965,0,zr,95.527710499999998,7.6605105,1.14600003,-0.0469999984,20190225197338,460,0xf,0x1,20.8099995,26.1962166,0.0145730581,0.0733681992,4.53370785e-06,30,1.16700006,1
460215100021128,78620813,2458540.7109500892,58540.208136599998,13.2222977,0.0100251073,0,zr,95.527722100000005,7.6605052999999996,2.56900001,-0.0149999997,20190226208137,460,0xf,0x1,20.8099995,26.2082253,0.0165978335,0.0703812018,5.83620749e-06,30,1.19200003,1
460215100021128,79314922,2458547.6514358614,58547.149224499997,13.1976271,0.0100110592,0,zr,95.527702899999994,7.6605032,0.662,0.00200000009,20190305149225,460,0xf,0x1,20.9699993,26.2006149,0.0148819499,0.0749664605,4.7027047e-06,30,1.14199996,1
460215100021128,80218184,2458556.6832246878,58556.1818403,13.2329874,0.0100312373,0,zr,95.527704499999999,7.6605116999999998,1.17400002,0.00899999961,20190314181782,460,0xf,0x1,19.3700008,26.1701031,0.0314717293,0.0700753033,2.07266785e-05,30,1.23899996,1
460215100021128,80517136,2458559.6724689244,58559.1713657,13.2165098,0.0100217983,0,zr,95.527702000000005,7.6605080000000001,0.485000014,-0.0209999997,20190317171366,460,0xf,0x1,19.9799995,26.1725121,0.0157101881,0.0690360889,5.24462484e-06,30,1.23099995,1
460215100021128,80614620,2458560.647214693,58560.146203700002,13.2293091,0.0100291241,0,zr,95.527709700000003,7.6604979000000002,0.74000001,-0.023,20190318146204,460,0xf,0x1,20.1800003,26.2030392,0.0170819964,0.0614994057,6.1706437e-06,30,1.17700005,1
460215100021128,82014442,2458574.6440943116,58574.1444213,13.2128925,0.0100197364,32768,zr,95.527693799999994,7.6605018999999999,0.869000018,0.0170000009,20190401144410,460,0xf,0x1,18.3700008,24.0892506,0.0481797643,0.0644785762,5.08506528e-05,30,1.28100002,1
460215100021128,82817245,2458582.6713670343,58582.172453699997,13.262372,0.0100482209,0,zr,95.527697399999994,7.6605058000000001,0.602999985,0.00600000005,20190409172454,460,0xf,0x1,20.1399994,25.8969841,0.017026078,0.075829275,6.11040332e-06,30,1.59899998,1
460215100021128,83213527,2458586.6338242437,58586.1352778,13.1953526,0.0100097703,0,zr,95.527714500000002,7.6605078999999998,0.360000014,-0.0160000008,20190413135266,460,0xf,0x1,19.6299992,26.0842819,0.0183921717,0.0742970854,7.24410256e-06,30,1.398,1
460215100021128,83518695,2458589.6852249536,58589.186955999998,13.1466465,0.00998245273,32768,zr,95.527697399999994,7.6605113999999999,0.823000014,-0.0219999999,20190416186944,460,0xf,0x1,18.6299992,25.4985523,0.0497877784,0.0835961998,5.14578496e-05,30,2.05100012,1
460215100021128,84416462,2458598.6620573215,58598.164629600004,13.1907196,0.0100071505,0,zr,95.5277265,7.6604931000000001,0.926999986,-0.0209999997,20190425164502,460,0xf,0x1,20.1100006,25.5611572,0.0213744305,0.070136182,9.72567977e-06,20,2.0940001,3
460215100021128,84416496,2458598.6623929897,58598.164965299999,13.2031965,0.0100142192,0,zr,95.527694800000006,7.6605268999999998,0.776000023,0.00300000003,20190425164965,460,0xf,0x1,20.2099991,25.5666752,0.0187427811,0.07076253,7.48246293e-06,20,2.0999999,3
460215100021128,84416530,2458598.6627285625,58598.1653009,13.1980257,0.0100112855,0,zr,95.527705800000007,7.6604929999999998,0.559000015,-0.0120000001,20190425165289,460,0xf,0x1,20.2099991,25.5614872,0.0192564148,0.0756923705,8.03075454e-06,20,2.10700011,3
460215100021128,84715971,2458601.6568899821,58601.159710599997,13.2034941,0.0100143878,32768,zr,95.527690699999994,7.6605011000000003,0.495999992,-0.0189999994,20190428159676,460,0xf,0x1,19.0699997,25.0411491,0.0265349876,0.0832473636,1.46385091e-05,20,2.16000009,3
460215100021128,84716004,2458601.6572256549,58601.1600463,13.1937618,0.0100088716,32768,zr,95.527696899999995,7.6604970000000003,0.324000001,0.0410000011,20190428160046,460,0xf,0x1,19.2600002,24.9703865,0.0244216211,0.077114746,1.23678428e-05,20,2.16700006,3
460215100021128,84716038,2458601.6591815953,58601.160381900001,13.1551914,0.00998720806,33024,zr,95.527666400000001,7.6604682999999998,3.37299991,0.0299999993,20190428160382,460,0xf,0x1,20.1800003,27.8416939,0.0236232746,0.0778399408,1.20236682e-05,300,2.17499995,3
460215100021128,96950406,2458724.0013387636,58723.504062499997,13.2648907,0.0100496868,0,zr,95.527698099999995,7.6604815999999998,1.43499994,0.0109999999,20190828504062,460,0xf,0x1,20.7700005,26.0218544,0.0151672419,0.0768576041,4.90774528e-06,30,1.93599999,1
460215100021128,97250474,2458727.002270753,58726.504745400001,13.161808,0.00999090262,0,zr,95.527739299999993,7.6605021000000004,0.382999986,0.00499999989,20190831504745,460,0xf,0x1,20.6499996,26.0535011,0.0159951877,0.0830724463,5.35784875e-06,30,1.80499995,1
460215100021128,97951694,2458734.0150774275,58733.516944399998,13.2737656,0.0100548612,0,zr,95.527713599999998,7.6604875999999997,0.395000011,-0.0209999997,20190907516944,460,0xf,0x1,20.4799995,26.1068821,0.0151450559,0.0735218078,4.71890871e-06,30,1.48599994,1
460215100021128,98251736,2458737.0157633801,58736.517361099999,13.2595367,0.0100465743,0,zr,95.527721999999997,7.6604957999999996,0.801999986,-0.00100000005,20190910517361,460,0xf,0x1,20.6100006,26.1231689,0.0140050976,0.0743623823,4.11455312e-06,30,1.426,1
460215100021128,98547392,2458739.9725956228,58739.473923600002,13.1793156,0.0100007188,0,zr,95.527717100000004,7.6604799999999997,1.05799997,0.057,20190913473924,460,0xf,0x1,20.0900002,26.0622234,0.0168526117,0.0797219723,5.85911948e-06,30,1.745,1
460215100021128,99149789,2458745.9971262417,58745.497893500004,13.2616453,0.010047799,0,zr,95.527715400000005,7.6605002000000004,0.425999999,-0.0209999997,20190919497894,460,0xf,0x1,20.1100006,26.0977631,0.0158614125,0.0757935792,5.26691747e-06,30,1.39400005,1
460215100021128,100252052,2458757.0208015535,58756.520520799997,13.2509956,0.0100416215,0,zr,95.527715000000001,7.6604931000000001,0.971000016,0.0659999996,20190930520521,460,0xf,0x1,20.6599998,26.1277962,0.0139557738,0.0759457722,4.13630778e-06,30,1.19000006,1
460215100021128,100345024,2458757.9506125692,58757.4502431,13.2259493,0.0100271972,0,zr,95.527725899999993,7.6605096000000001,0.526000023,-0.00999999978,20191001449919,460,0xf,0x1,20.6599998,26.099123,0.015180273,0.0785049349,4.78061065e-06,30,1.495,2
460215100021128,100950366,2458764.0046140091,58763.503668999998,13.2050562,0.0100152763,0,zr,95.527709999999999,7.6605030999999997,0.795000017,0.0260000005,20191007503669,460,0xf,0x1,20.8999996,26.110796,0.0149799762,0.0817536339,4.70707209e-06,30,1.18499994,1
460215100021128,101252474,2458767.0259747803,58766.524745399998,13.2083988,0.0100171752,0,zr,95.527719300000001,7.6605122000000003,0.588,-0.00899999961,20191010524745,460,0xf,0x1,20.6700001,26.1164455,0.0151208807,0.0842080638,4.78282072e-06,30,1.14600003,1
460215100021128,101546119,2458769.962695098,58769.461192100003,13.2123804,0.010019443,0,zr,95.527705499999996,7.6605036999999996,0.61500001,0.0340000018,20191013461157,460,0xf,0x1,20.2099991,26.0959053,0.017312862,0.074508734,6.28695534e-06,30,1.25800002,1
460215100021128,101951168,2458774.0135645461,58773.511689799998,13.3011761,0.010070961,0,zr,95.527709000000002,7.6605071999999996,0.638999999,-0.00400000019,20191017511690,460,0xf,0x1,20.1800003,26.1109085,0.0157219246,0.0754939392,5.23199787e-06,30,1.14300001,1
460215100021128,102248137,2458776.9835194615,58776.481377299999,13.2553978,0.0100441715,0,zr,95.527704999999997,7.6605091999999999,0.231999993,-0.00100000005,20191020481377,460,0xf,0x1,19.7800007,26.1244812,0.0167151988,0.0744521171,5.95537358e-06,30,1.16299999,1
460215100021128,102749967,2458782.0022579362,58781.499675899999,13.2442961,0.0100377481,0,zr,95.527721200000002,7.6605131999999996,0.855000019,0.00400000019,20191025499676,460,0xf,0x1,19.4699993,26.1491032,0.0274873339,0.0810257718,1.61839962e-05,30,1.14100003,1
460215100021128,103351688,2458788.019971753,58787.516886600002,13.2397985,0.0100351544,0,zr,95.527713800000001,7.6605159,0.340999991,-0.00400000019,20191031516887,460,0xf,0x1,19.8600006,26.1301174,0.0176182669,0.0872759148,6.57205328e-06,30,1.16499996,1
460215100021128,103648315,2458790.9864813979,58790.483159700001,13.2625265,0.0100483103,0,zr,95.527698000000001,7.6605210000000001,0.674000025,0.050999999,20191103483160,460,0xf,0x1,20.5200005,26.1388988,0.0165514145,0.0798648223,5.84813142e-06,30,1.14199996,1
460215100021128,104641777,2458800.9218267594,58800.417777800001,13.2497883,0.0100409221,0,zr,95.527701899999997,7.6604998999999996,0.634000003,0.0359999985,20191113417627,460,0xf,0x1,20.0599995,26.1316509,0.0181577615,0.0698474646,6.91954483e-06,30,1.15999997,1
460215100021128,105035622,2458804.8605331667,58804.356226900003,13.2550001,0.0100439414,0,zr,95.527721799999995,7.6605048,0.823000014,-0.0340000018,20191117356192,460,0xf,0x1,19.5699997,26.1228981,0.0198579282,0.0773047656,8.32373189e-06,30,1.29499996,1
460215100021128,105139620,2458805.9005747363,58805.396203700002,13.2561255,0.0100445934,0,zr,95.527715099999995,7.6605154999999998,0.546999991,0.0309999995,20191118396192,460,0xf,0x1,20.2299995,26.1420937,0.0154202422,0.0799553171,5.03547608e-06,30,1.17200005,1
460215100021128,105740920,2458811.913918992,58811.409201399998,13.2707853,0.0100531224,32768,zr,95.527721200000002,7.6605135999999998,0.393000007,0.00400000019,20191124409201,460,0xf,0x1,20.0200005,25.7584,0.0501851924,0.085782066,5.28575983e-05,30,1.14199996,1
460215100021128,106935599,2458823.8612478995,58823.355995400001,13.2599659,0.010046823,32768,zr,95.527709799999997,7.6605204999999996,0.57099998,0.00700000022,20191206355995,460,0xf,0x1,18.7800007,24.8377628,0.0303573329,0.0803735554,1.89199836e-05,30,1.15900004,1
460215100021128,107727388,2458831.7802418973,58831.273888900003,13.5648088,0.0102358693,256,zr,95.527727100000007,7.6606120999999998,6.4460001,0.455000013,20191214273889,460,0xf,0x1,19.2900009,28.0512981,0.0251785554,0.0738461539,1.34293059e-05,180,1.33500004,2
460215100021128,107933027,2458833.8358065011,58833.3302778,13.2559986,0.0100445207,32768,zr,95.5277052,7.6605144999999997,0.393999994,-0.0199999996,20191216330278,460,0xf,0x1,19.4699993,25.9997826,0.0201844051,0.0839090198,8.49672779e-06,30,1.15699995,1
460215100021128,108140843,2458835.9140032763,58835.408437500002,13.2784634,0.0100576077,0,zr,95.527706499999994,7.6605036999999996,0.629999995,-0.00200000009,20191218408380,460,0xf,0x1,19.8400002,26.2511826,0.0179342348,0.0816939473,6.86673047e-06,30,1.21200001,1
460215100021128,109645201,2458850.9576300839,58850.452013900001,13.2327394,0.0100310938,0,zr,95.527715400000005,7.6605375000000002,1.125,0.0160000008,20200102452014,460,0xf,0x1,19.2600002,26.2001419,0.0301171225,0.0934710428,1.92635562e-05,30,1.75100005,1
460215100021128,110018836,2458854.6939371885,58854.188368100004,13.270874,0.0100531727,0,zr,95.5277636,7.6605245000000002,1.03999996,0.064000003,20200106188067,460,0xf,0x1,18.5699997,26.2729721,0.04243581,0.0854098424,4.02379446e-05,30,1.47300005,3
460215100021128,110018881,2458854.6943884818,58854.188819399998,13.2386999,0.0100345239,0,zr,95.527751100000003,7.6605376999999999,0.855000019,0.0140000004,20200106188819,460,0xf,0x1,18.8799992,26.2706985,0.0354306102,0.0872227103,2.69752218e-05,30,1.47000003,3
460215100021128,110018927,2458854.6948398752,58854.189270800001,13.248291,0.0100400569,0,zr,95.527735199999995,7.6605442999999998,0.995000005,0.00200000009,20200106189271,460,0xf,0x1,19.0400009,26.2483063,0.0320170373,0.0783720762,2.18760579e-05,30,1.46599996,3
460215100021128,110018972,2458854.6952912686,58854.189722199997,13.2524958,0.0100424904,0,zr,95.527740100000003,7.6605499000000004,0.596000016,0.00499999989,20200106189722,460,0xf,0x1,19.0799999,26.2465115,0.0338543989,0.0901533514,2.43891282e-05,30,1.46300006,3
460215100021128,110019017,2458854.6957426611,58854.1901736,13.239295,0.0100348657,0,zr,95.527729300000004,7.6605230999999998,0.921999991,0.00800000038,20200106190174,460,0xf,0x1,19.1100006,26.2512817,0.0301041268,0.0903363004,1.90200408e-05,30,1.46000004,3
460215100021128,110019062,2458854.6961940546,58854.190625000003,13.2416553,0.0100362254,0,zr,95.527750400000002,7.6605262999999999,1.35300004,0.0179999992,20200106190625,460,0xf,0x1,19.1000004,26.2396851,0.0330964513,0.0806670561,2.31465256e-05,30,1.45700002,3
460215100021128,110019107,2458854.6966454466,58854.191076399999,13.2507095,0.0100414557,0,zr,95.527732099999994,7.6604956,0.656000018,-0,20200106191076,460,0xf,0x1,18.6900005,26.2647552,0.0390472263,0.0817450136,3.33378011e-05,30,1.454,3
460215100021128,110019152,2458854.6970968409,58854.191527800001,13.2356243,0.0100327525,0,zr,95.527732400000005,7.6605401000000004,0.51700002,0.0390000008,20200106191528,460,0xf,0x1,19.0799999,26.2556229,0.0289337896,0.0779389143,1.78059527e-05,30,1.45000005,3
460215100021128,110019197,2458854.6975482339,58854.191979199997,13.2607355,0.01004727,0,zr,95.527745800000005,7.6605166000000002,1.26199996,0.0120000001,20200106191979,460,0xf,0x1,18.7299995,26.263813,0.0378613286,0.0801841021,3.09895513e-05,30,1.44700003,3
460215100021128,110019241,2458854.6979880272,58854.192418999999,13.2376394,0.010033912,0,zr,95.527722499999996,7.6605318999999996,1.32000005,0.0250000004,20200106192419,460,0xf,0x1,18.9599991,26.2446442,0.03412617,0.0944307372,2.46920936e-05,30,1.44400001,3
460215100021128,110019287,2458854.6984394207,58854.192870400002,13.2535048,0.0100430744,0,zr,95.5277514,7.6605135999999998,0.736999989,0.00200000009,20200106192870,460,0xf,0x1,18.9500008,26.2605591,0.0353704654,0.0803157538,2.64808805e-05,30,1.44099998,3
460215100021128,110019332,2458854.6988908132,58854.193321799998,13.2543764,0.0100435792,0,zr,95.527743700000002,7.6604973000000003,1.43400002,0.0160000008,20200106193322,460,0xf,0x1,18.8700008,26.2724342,0.0416691713,0.0846445188,3.69624941e-05,30,1.43799996,3
460215100021128,110019377,2458854.6993421088,58854.1937731,13.2449408,0.0100381207,0,zr,95.527785800000004,7.6605591000000004,0.583000004,0.0140000004,20200106193773,460,0xf,0x1,18.4500008,26.2650051,0.0449338593,0.0865476578,4.60326664e-05,30,1.43499994,3
460215100021128,110019422,2458854.6997935004,58854.194224500003,13.2511606,0.0100417165,0,zr,95.527716699999999,7.6605289000000001,1.26999998,-0.00800000038,20200106194225,460,0xf,0x1,18.9500008,26.2782078,0.0323582143,0.0853529871,2.24483101e-05,30,1.43200004,3
460215100021128,110019467,2458854.7002448943,58854.194675899998,13.2670546,0.0100509459,0,zr,95.527742200000006,7.6605407999999997,0.643999994,-0.00200000009,20200106194676,460,0xf,0x1,19.0200005,26.2601757,0.0302308835,0.0814686939,1.95440607e-05,30,1.42900002,3
460215100021128,110019512,2458854.7006962867,58854.195127300001,13.2587738,0.01004613,0,zr,95.527750299999994,7.6605059999999998,0.93900001,0.0140000004,20200106195127,460,0xf,0x1,18.8999996,26.2748699,0.0353445671,0.0887226462,2.64755563e-05,30,1.426,3
460215100021128,110019557,2458854.7011476806,58854.195578699997,13.2667542,0.0100507718,0,zr,95.527737599999995,7.6605480999999997,1.01800001,0,20200106195579,460,0xf,0x1,19.1800003,26.2658749,0.0295702443,0.0739637539,1.85179688e-05,30,1.42299998,3
460215100021128,110019603,2458854.7015990731,58854.1960301,13.2410688,0.0100358883,0,zr,95.527730300000002,7.6605245999999996,1.71899998,0.0189999994,20200106196019,460,0xf,0x1,19.3500004,26.2541084,0.0262002293,0.0863851383,1.45343984e-05,30,1.41999996,3
460215100021128,110019648,2458854.7020504656,58854.196481500003,13.2609472,0.0100473929,0,zr,95.527716100000006,7.6605081999999998,0.375,0.00300000003,20200106196481,460,0xf,0x1,19.5200005,26.2570858,0.021110639,0.079122819,9.58029887e-06,30,1.41700006,3
460215100021128,110019693,2458854.7025018595,58854.196932899999,13.2661886,0.0100504421,0,zr,95.527716699999999,7.6605270000000001,0.809000015,0.00200000009,20200106196921,460,0xf,0x1,19.4500008,26.2573433,0.0241497811,0.0816714466,1.22742713e-05,30,1.41499996,3
460215100021128,110019737,2458854.7029416529,58854.1973727,13.2618494,0.0100479173,0,zr,95.527716299999994,7.6605251000000001,1.34300005,0.00400000019,20200106197373,460,0xf,0x1,19.1599998,26.2669907,0.0309943873,0.0783969834,2.03463951e-05,30,1.41199994,3
460215100021128,110019783,2458854.7034045453,58854.197835600004,13.2724237,0.010054077,0,zr,95.527726299999998,7.6605015999999999,1.12399995,0.0140000004,20200106197824,460,0xf,0x1,19.1700001,26.2575989,0.0286121778,0.0848612338,1.73381795e-05,30,1.40900004,3
460215100021128,110019827,2458854.7038444392,58854.198275499999,13.2455721,0.0100384858,0,zr,95.527721999999997,7.6605188999999996,1.33800006,0.00499999989,20200106198275,460,0xf,0x1,19.2800007,26.2566509,0.0232658423,0.089547947,1.1438271e-05,30,1.40600002,3
460215100021128,110019872,2458854.7042958327,58854.198726900002,13.2680559,0.0100515289,0,zr,95.527703299999999,7.6605303999999999,1.61600006,0.00899999961,20200106198727,460,0xf,0x1,19.1900005,26.2632046,0.0273611639,0.0849490017,1.5824502e-05,30,1.403,3
460215100021128,110019917,2458854.704747126,58854.199178199997,13.2924128,0.010065794,0,zr,95.527740499999993,7.6605071000000002,1.23899996,-0.00800000038,20200106199178,460,0xf,0x1,19.1299992,26.2656384,0.0315054022,0.0763880834,2.11966089e-05,30,1.40100002,3
460215100021128,110019962,2458854.7051985194,58854.1996296,13.2730961,0.0100544691,0,zr,95.527720900000006,7.6605276,0.809000015,0.00600000005,20200106199630,460,0xf,0x1,19.1800003,26.2642612,0.0293686148,0.0757136494,1.83757256e-05,30,1.398,3
460215100021128,110020008,2458854.7056499128,58854.200081000003,13.238224,0.0100342482,0,zr,95.527727999999996,7.6605384000000001,1.796,0.0340000018,20200106200081,460,0xf,0x1,19.0100002,26.2582684,0.0325658694,0.0819533914,2.25202348e-05,30,1.39499998,3
460215100021128,110020053,2458854.7061013049,58854.200532399998,13.2882814,0.0100633651,0,zr,95.527698299999997,7.6605046999999997,0.386999995,-0.00200000009,20200106200532,460,0xf,0x1,19.0599995,26.2624817,0.0306174327,0.0833898634,1.99434417e-05,30,1.39199996,3
460215100021128,110020098,2458854.7065526987,58854.200983800001,13.2658825,0.0100502642,0,zr,95.527741500000005,7.6605084999999997,0.606000006,-0.0140000004,20200106200984,460,0xf,0x1,19.0799999,26.2540493,0.0311191455,0.0942965522,2.04317785e-05,30,1.38999999,3
460215100021128,110020143,2458854.7070040922,58854.201435199997,13.2502098,0.010041167,0,zr,95.527730899999995,7.6605334999999997,1.046,-0.0149999997,20200106201424,460,0xf,0x1,19.25,26.2623024,0.026785247,0.0832238346,1.504796e-05,30,1.38699996,3
460215100021128,110020188,2458854.7074554851,58854.2018866,13.2968149,0.0100683887,0,zr,95.527747000000005,7.6605052000000002,1.08800006,0.00300000003,20200106201875,460,0xf,0x1,19.2900009,26.2690792,0.0299178585,0.0815401003,1.87623318e-05,30,1.38399994,3
460215100021128,110020232,2458854.7078952794,58854.202326400002,13.2790928,0.0100579755,0,zr,95.527773699999997,7.6605235,0.897000015,0.00800000038,20200106202326,460,0xf,0x1,18.8999996,26.2703018,0.035329964,0.0872399807,2.67714058e-05,30,1.38199997,3
460215100021128,110020277,2458854.7083466719,58854.202777799997,13.2644911,0.0100494539,0,zr,95.527722400000002,7.6605281999999999,1.04200006,0.00200000009,20200106202778,460,0xf,0x1,18.6200008,26.2806549,0.0458368398,0.0874633417,4.65519588e-05,30,1.37899995,3
460215100021128,110020322,2458854.7087980649,58854.2032292,13.2584343,0.0100459326,0,zr,95.527719200000007,7.6605271999999998,0.783999979,0.0260000005,20200106203229,460,0xf,0x1,18.9899998,26.2565899,0.0294379033,0.087266393,1.83971515e-05,30,1.37699997,3
460215100021128,110020368,2458854.7092494587,58854.203680600003,13.2543631,0.0100435717,0,zr,95.527736000000004,7.6605311,0.838999987,0.00899999961,20200106203681,460,0xf,0x1,18.8600006,26.2724953,0.0356120989,0.092900455,2.73492424e-05,30,1.37399995,3
460215100021128,110020413,2458854.709700752,58854.204131899998,13.2621393,0.0100480868,0,zr,95.527736500000003,7.6605352,0.458000004,0.00400000019,20200106204132,460,0xf,0x1,18.5699997,26.274332,0.0424633287,0.0907791555,3.98653901e-05,30,1.37199998,3
460215100021128,110020458,2458854.7101521455,58854.204583300001,13.2627287,0.0100484276,0,zr,95.527743900000004,7.6605410000000003,0.531000018,0.0130000003,20200106204583,460,0xf,0x1,18.6299992,26.2879238,0.0404387824,0.0763323456,3.60599624e-05,30,1.36899996,3
460215100021128,110020503,2458854.7106035394,58854.205034699997,13.2521858,0.0100423116,0,zr,95.527806900000002,7.6605296999999997,0.652999997,0.0450000018,20200106205023,460,0xf,0x1,18.75,26.2643223,0.0384128541,0.0932725742,3.19740138e-05,30,1.36699998,3
460215100021128,110020548,2458854.7110549319,58854.2054861,13.247242,0.0100394506,0,zr,95.527759099999997,7.6605400000000001,0.91900003,0.0109999999,20200106205475,460,0xf,0x1,19.0699997,26.2603512,0.0299654026,0.0892222524,1.91116487e-05,30,1.36399996,3
460215100021128,110020592,2458854.7114947243,58854.205925900002,13.2539263,0.0100433193,0,zr,95.527728400000001,7.6605233999999998,0.50999999,0.00600000005,20200106205926,460,0xf,0x1,19.0499992,26.2640934,0.0327215455,0.0884454995,2.27684905e-05,30,1.36199999,3
460215100021128,110020637,2458854.7119461182,58854.206377299997,13.2628813,0.010048517,0,zr,95.527732700000001,7.6605391000000003,0.843999982,0,20200106206377,460,0xf,0x1,19.1800003,26.2630768,0.0270956103,0.0894642174,1.54717e-05,30,1.35899997,3
460215100021128,110020682,2458854.7123975102,58854.2068287,13.2803202,0.0100586945,0,zr,95.527728600000003,7.6605075999999999,1.06200004,0.023,20200106206829,460,0xf,0x1,18.7600002,26.2755699,0.0368949808,0.0874728337,2.93577377e-05,30,1.35699999,3
460215100021128,110020728,2458854.7128489045,58854.207280100003,13.2816772,0.0100594889,0,zr,95.527715499999999,7.6605448000000003,0.593999982,0.0209999997,20200106207280,460,0xf,0x1,18.8600006,26.2379322,0.0353096202,0.0800764263,2.65761373e-05,30,1.35399997,3
460215100021128,110020773,2458854.713300297,58854.207731499999,13.2603579,0.0100470511,0,zr,95.527722299999994,7.6605128000000002,0.936999977,0.0149999997,20200106207731,460,0xf,0x1,18.9300003,26.2565346,0.0368482694,0.0677306578,2.89235759e-05,30,1.352,3
460215100021128,110020818,2458854.7137516909,58854.208182900002,13.2546082,0.0100437133,0,zr,95.527730700000006,7.6605416000000002,1.074,-0.00200000009,20200106208171,460,0xf,0x1,19.1299992,26.2687778,0.0300456211,0.0860296637,1.90393821e-05,30,1.35000002,3
460215100021128,110020863,2458854.7142030834,58854.208634299997,13.2475176,0.0100396108,0,zr,95.527739699999998,7.6605124,1.24300003,0.00400000019,20200106208623,460,0xf,0x1,19.1900005,26.2696648,0.0290876497,0.0879569948,1.80270963e-05,30,1.347,3
460215100021128,110020907,2458854.7146428777,58854.209074099999,13.2201042,0.0100238519,0,zr,95.527735899999996,7.6605461999999998,1.63699996,0.0270000007,20200106209074,460,0xf,0x1,19.0900002,26.264204,0.031133486,0.0893977433,2.07633948e-05,30,1.34500003,3
460215100021128,110020952,2458854.7150942707,58854.209525500002,13.2841644,0.0100609483,0,zr,95.527731799999998,7.6605416000000002,0.713999987,0.00100000005,20200106209525,460,0xf,0x1,19.2900009,26.2734642,0.0259753168,0.0842893049,1.42647978e-05,30,1.34300005,3
460215100021128,110020997,2458854.7155456636,58854.209976899998,13.2720575,0.0100538637,0,zr,95.5277289,7.6605379999999998,0.273999989,0.00300000003,20200106209977,460,0xf,0x1,19.5599995,26.2683201,0.0218036845,0.0797214434,1.01491769e-05,30,1.34000003,3
460215100021128,110021042,2458854.7159969565,58854.2104282,13.2747641,0.0100554442,0,zr,95.527733699999999,7.6605148999999999,0.519999981,0.00100000005,20200106210428,460,0xf,0x1,19.6000004,26.2650356,0.0205912571,0.0822355673,8.93014749e-06,30,1.33800006,3
460215100021128,110021087,2458854.7164483489,58854.210879600003,13.2544165,0.0100436024,0,zr,95.527727299999995,7.6605011000000003,0.69599998,0.00200000009,20200106210880,460,0xf,0x1,19.5900002,26.2646236,0.0213277172,0.0834406018,9.72135967e-06,30,1.33599997,3
460215100021128,110021133,2458854.7168997433,58854.211330999999,13.2820568,0.0100597125,0,zr,95.527737799999997,7.6605359999999996,0.219999999,0.00100000005,20200106211331,460,0xf,0x1,19.4899998,26.2643509,0.0221549738,0.0807804614,1.04472347e-05,30,1.33399999,3
460215100021128,110021178,2458854.7173511363,58854.211782400002,13.2553291,0.0100441314,0,zr,95.527727299999995,7.6605360999999998,1.10099995,-0.00499999989,20200106211771,460,0xf,0x1,19.5699997,26.2645664,0.0203999653,0.0845552459,8.8638908e-06,30,1.33099997,3
460215100021128,110021222,2458854.7177909291,58854.212222200003,13.2914,0.0100651989,0,zr,95.527724800000001,7.6605093000000002,0.865999997,-0.00300000003,20200106212222,460,0xf,0x1,19.5900002,26.2587605,0.020907091,0.0843478069,9.47858825e-06,30,1.329,3
460215100021128,110021267,2458854.7182423216,58854.212673599999,13.2668743,0.0100508407,0,zr,95.527718699999994,7.6604953,0.745000005,-0.00300000003,20200106212674,460,0xf,0x1,19.3999996,26.2631588,0.0249468405,0.0799288303,1.3372528e-05,30,1.32700002,3
460215100021128,110021312,2458854.7186937155,58854.213125000002,13.2586269,0.0100460444,0,zr,95.527719500000003,7.66052,0.602999985,-0.00200000009,20200106213125,460,0xf,0x1,19.4500008,26.262886,0.0210729335,0.0827162489,9.58313922e-06,30,1.32500005,3
460215100021128,110021357,2458854.7191451085,58854.213576399998,13.2717705,0.0100536952,0,zr,95.527738299999996,7.6605083,0.634000003,-0.00100000005,20200106213576,460,0xf,0x1,19.6000004,26.2621098,0.0229959134,0.0836088732,1.13610749e-05,30,1.32299995,3
460215100021128,110021402,2458854.7195965014,58854.214027800001,13.27283,0.0100543145,0,zr,95.5277119,7.6605201999999997,0.603999972,-0.00100000005,20200106214028,460,0xf,0x1,19.6499996,26.270134,0.0206629988,0.0743570402,8.90332285e-06,30,1.32099998,3
460215100021128,110021447,2458854.7200478949,58854.214479200004,13.2750111,0.0100555886,0,zr,95.527722100000005,7.6605150000000002,0.620000005,0.00100000005,20200106214479,460,0xf,0x1,19.6299992,26.2713604,0.0228555761,0.0774027333,1.12872422e-05,30,1.31900001,3
460215100021128,110021493,2458854.7204992878,58854.214930599999,13.2629738,0.010048571,0,zr,95.527718800000002,7.6605182999999997,1.01800001,0,20200106214919,460,0xf,0x1,19.3199997,26.2672462,0.023038337,0.0864870176,1.11451836e-05,30,1.31599998,3
460215100021128,110021537,2458854.7209390816,58854.215370400001,13.2639074,0.010049114,0,zr,95.527722199999999,7.6605184,0.754000008,0.0170000009,20200106215370,460,0xf,0x1,19.3299999,26.2772102,0.0261121336,0.0792624578,1.45553404e-05,30,1.31400001,3
460215100021128,110021582,2458854.7213904741,58854.215821799997,13.2702303,0.0100527974,0,zr,95.527699100000007,7.6605125000000003,0.330000013,0.00499999989,20200106215822,460,0xf,0x1,19.2700005,26.263525,0.025179524,0.0868619159,1.33116446e-05,30,1.31200004,3
460215100021128,110021627,2458854.721841767,58854.216273099999,13.27386,0.0100549161,0,zr,95.527708000000004,7.6605021999999998,0.864000022,0.00400000019,20200106216273,460,0xf,0x1,19.1599998,26.2652054,0.0274559986,0.0862264782,1.6034428e-05,30,1.30999994,3
460215100021128,110021672,2458854.7222931613,58854.216724500002,13.2601585,0.0100469347,0,zr,95.527726799999996,7.6605258999999997,0.783999979,0.00600000005,20200106216725,460,0xf,0x1,19.1700001,26.2644615,0.0272770822,0.082972154,1.57393388e-05,30,1.30799997,3
460215100021128,110021717,2458854.7227445543,58854.217175899998,13.2601004,0.0100469012,0,zr,95.527727900000002,7.6605242999999996,0.952000022,0.00700000022,20200106217176,460,0xf,0x1,19.0100002,26.2613525,0.0315343142,0.0946816206,2.10206381e-05,30,1.30599999,3
460215100021128,110021762,2458854.7231959472,58854.2176273,13.2782459,0.0100574801,0,zr,95.527739199999999,7.6605011000000003,0.589999974,0,20200106217616,460,0xf,0x1,19.2000008,26.2705936,0.0274252519,0.0810308754,1.61034404e-05,30,1.30400002,3
460215100021128,110021806,2458854.7236357401,58854.218067100002,13.268158,0.0100515885,0,zr,95.527713399999996,7.6605150000000002,1.06400001,0,20200106218067,460,0xf,0x1,19.3099995,26.2664852,0.0253856219,0.0796415135,1.38410742e-05,30,1.30200005,3
460215100021128,110021851,2458854.724087134,58854.218518499998,13.2796354,0.0100582941,0,zr,95.527723199999997,7.6605303999999999,0.463,0.00400000019,20200106218519,460,0xf,0x1,19.25,26.2679863,0.028666269,0.0791040212,1.73119533e-05,30,1.29999995,3
460215100021128,110021896,2458854.724538527,58854.218969900001,13.2548437,0.0100438502,0,zr,95.527742399999994,7.6605135999999998,1.50899994,-0.00200000009,20200106218970,460,0xf,0x1,19.4099998,26.2711067,0.0251602661,0.0889849365,1.33958511e-05,30,1.29799998,3
460215100021128,110021942,2458854.7249899204,58854.219421299997,13.2514439,0.0100418814,0,zr,95.527720299999999,7.6605362000000001,1.50100005,0.0120000001,20200106219421,460,0xf,0x1,19.2199993,26.2697468,0.0269933417,0.0796334147,1.54963e-05,30,1.296,3
460215100021128,110021987,2458854.7254413124,58854.2198727,13.2578745,0.0100456076,0,zr,95.527734600000002,7.6604859000000003,0.847000003,0.0390000008,20200106219861,460,0xf,0x1,18.7099991,26.2661972,0.0395105518,0.0889704227,3.39060352e-05,30,1.29400003,3
460215100021128,110022031,2458854.7258811076,58854.220312500001,13.27526,0.0100557348,0,zr,95.527728499999995,7.6605612000000001,1.27699995,-0,20200106220312,460,0xf,0x1,19.1200008,26.2606373,0.0287002046,0.0876551345,1.75050063e-05,30,1.29299998,3
460215100021128,110022076,2458854.7263325001,58854.220763899997,13.2815094,0.0100593911,0,zr,95.527726099999995,7.6605366999999998,0.277999997,0,20200106220764,460,0xf,0x1,19.3400002,26.2738953,0.0248546526,0.0733058527,1.31966135e-05,30,1.29100001,3
460215100021128,110022121,2458854.7267838926,58854.2212153,13.2628565,0.0100485031,0,zr,95.527721299999996,7.6605160999999997,0.391000003,-0.00300000003,20200106221215,460,0xf,0x1,19.6200008,26.2681828,0.0213324595,0.0794554129,9.61392197e-06,30,1.28900003,3
460215100021128,110022166,2458854.727235287,58854.221666700003,13.2629824,0.0100485757,0,zr,95.5277873,7.6605186999999999,0.862999976,0.00600000005,20200106221667,460,0xf,0x1,19.1599998,26.2553215,0.0280386563,0.0846655965,1.66329955e-05,30,1.28699994,3
460215100021128,110022211,2458854.7276866785,58854.222118099999,13.3020992,0.0100715067,0,zr,95.527709400000006,7.6605087999999997,0.273999989,0.00100000005,20200106222118,460,0xf,0x1,19.4899998,26.2625484,0.0228981134,0.080451563,1.12065654e-05,30,1.28499997,3
460215100021128,110022256,2458854.7281379723,58854.222569400001,13.309413,0.0100758346,0,zr,95.527734800000005,7.6605191000000001,1.16100001,0.0160000008,20200106222569,460,0xf,0x1,19.8099995,26.2738857,0.0215587169,0.0725337937,1.00197858e-05,30,1.28299999,3
460215100021128,110022302,2458854.7285893653,58854.223020799996,13.2677231,0.0100513352,0,zr,95.527712600000001,7.6605306000000004,0.721000016,-0.0130000003,20200106223021,460,0xf,0x1,19.7199993,26.2680645,0.0217279587,0.0780183598,9.87068961e-06,30,1.28100002,3
460215100021128,110022347,2458854.7290407582,58854.223472199999,13.29811,0.0100691514,0,zr,95.527717699999997,7.6605163999999997,0.324000001,-0.00300000003,20200106223472,460,0xf,0x1,19.7299995,26.270586,0.0223076046,0.0743456781,1.06642337e-05,30,1.27999997,3
460215100021128,110022392,2458854.7294921516,58854.223923600002,13.2874489,0.0100628762,0,zr,95.527722499999996,7.6605166999999996,0.367000014,-0.00200000009,20200106223912,460,0xf,0x1,19.6499996,26.2638645,0.0199594628,0.0793382898,8.37424159e-06,30,1.278,3
460215100021128,110022437,2458854.7299435441,58854.224374999998,13.2601004,0.0100469012,0,zr,95.527723800000004,7.6605040000000004,1.30499995,-0.00700000022,20200106224363,460,0xf,0x1,19.4400005,26.273407,0.0257819742,0.0734762177,1.3941979e-05,30,1.27600002,3
460215100021128,110022482,2458854.7303949376,58854.224826400001,13.2802114,0.0100586303,0,zr,95.527715099999995,7.6605122999999997,0.713999987,-0.00200000009,20200106224815,460,0xf,0x1,19.6000004,26.2765923,0.0216312762,0.0722700208,9.95686514e-06,30,1.27400005,3
460215100021128,110022526,2458854.7308347309,58854.225266200003,13.2848778,0.0100613656,0,zr,95.527712199999996,7.6605243999999999,0.428000003,-0.00300000003,20200106225266,460,0xf,0x1,19.6100006,26.2692738,0.0196784604,0.0757978857,8.20998412e-06,30,1.273,3
460215100021128,110022571,2458854.7312861239,58854.225717599998,13.2721481,0.0100539159,0,zr,95.527704,7.6605156000000001,0.796000004,-0.00200000009,20200106225718,460,0xf,0x1,19.6700001,26.2674923,0.020883698,0.0846232697,9.22562231e-06,30,1.27100003,3
460215100021128,110022616,2458854.7317375168,58854.226169000001,13.3049021,0.0100731654,0,zr,95.527711600000004,7.6605141999999997,0.549000025,0.00400000019,20200106226169,460,0xf,0x1,19.7199993,26.271389,0.020120468,0.0730662271,8.64991671e-06,30,1.26900005,3
460215100021128,110022662,2458854.7321889102,58854.226620399997,13.2864752,0.0100623043,0,zr,95.527726299999998,7.6605160999999997,0.810000002,-0.00200000009,20200106226620,460,0xf,0x1,19.6499996,26.264904,0.0186667535,0.0795393139,7.40426231e-06,30,1.26699996,3
460215100021128,110022707,2458854.7326403037,58854.2270718,13.2759275,0.0100561241,0,zr,95.527736000000004,7.6605192000000004,0.541999996,-0,20200106227072,460,0xf,0x1,19.4699993,26.2653236,0.0269060396,0.0732332468,1.51871609e-05,30,1.26600003,3
460215100021128,110022752,2458854.7330915965,58854.227523100002,13.2905846,0.0100647192,0,zr,95.527713899999995,7.6605208999999999,0.426999986,-0.00100000005,20200106227523,460,0xf,0x1,19.4899998,26.2610378,0.022629058,0.0893786475,1.07569895e-05,30,1.26400006,3
460215100021128,110022797,2458854.7335429895,58854.227974499998,13.2754183,0.010055827,0,zr,95.527701500000006,7.6605176999999998,0.52700001,-0.0109999999,20200106227975,460,0xf,0x1,19.9200001,26.2648125,0.0189213697,0.0852582529,7.4361642e-06,30,1.26199996,3
460215100021128,110022842,2458854.7339943829,58854.228425900001,13.2830143,0.0100602731,0,zr,95.527721600000007,7.6605169999999996,0.145999998,0,20200106228414,460,0xf,0x1,19.7700005,26.2694321,0.0188384205,0.0803544521,7.49384526e-06,30,1.26100004,3
460215100021128,110022886,2458854.7344341758,58854.228865700003,13.287178,0.0100627169,0,zr,95.527707699999993,7.6605119000000004,0.58099997,-0.00600000005,20200106228866,460,0xf,0x1,19.9500008,26.2696095,0.0192018021,0.0771060064,7.9435822e-06,30,1.25899994,3
460215100021128,110022931,2458854.7348855687,58854.229317099998,13.2852783,0.0100616002,0,zr,95.527709799999997,7.6605109999999996,0.58099997,-0.0160000008,20200106229317,460,0xf,0x1,20.1800003,26.2737141,0.016108254,0.0781765357,5.50955883e-06,30,1.25800002,3
460215100021128,110022976,2458854.7353369617,58854.229768500001,13.2891798,0.0100638932,0,zr,95.527704,7.6605062999999998,0.444999993,-0.00400000019,20200106229769,460,0xf,0x1,20.1700001,26.2706165,0.0170109607,0.0746578574,6.17390424e-06,30,1.25600004,3
460215100021128,110023021,2458854.7357883547,58854.230219899997,13.3083849,0.0100752264,0,zr,95.527712100000002,7.6605049999999997,0.675000012,-0.00999999978,20200106230220,460,0xf,0x1,19.8799992,26.1828709,0.0231767688,0.0773768052,1.1496345e-05,30,1.25399995,3
460215100021128,110023067,2458854.7362397476,58854.2306713,13.2792072,0.0100580435,32768,zr,95.527709099999996,7.6604991,0.430000007,-0.0240000002,20200106230671,460,0xf,0x1,19.3999996,25.9796143,0.0236610416,0.0727044493,1.1763238e-05,30,1.25300002,3
460215100021128,110023112,2458854.736691141,58854.231122700003,13.2510004,0.0100416243,32768,zr,95.527710499999998,7.6605078999999998,0.765999973,-0.0109999999,20200106231123,460,0xf,0x1,19.4400005,26.119318,0.0312794484,0.0780270249,2.04873213e-05,30,1.25100005,3
460215100021128,110023157,2458854.7371425345,58854.231574099998,13.2886953,0.0100636082,0,zr,95.527712100000002,7.6605109999999996,0.508000016,0.00300000003,20200106231574,460,0xf,0x1,19.9200001,26.2671719,0.0174240172,0.076502502,6.3998059e-06,30,1.25,3
460215100021128,110023202,2458854.7375939265,58854.232025500001,13.2913427,0.0100651653,0,zr,95.527715499999999,7.6604725,1.00699997,-0.00600000005,20200106232025,460,0xf,0x1,19.6200008,26.2698269,0.0204138719,0.0726683214,8.87688202e-06,30,1.24800003,3
460215100021128,110023247,2458854.7380453208,58854.232476899997,13.281456,0.0100593595,0,zr,95.5277162,7.6605259999999999,0.163000003,0.00100000005,20200106232465,460,0xf,0x1,19.6299992,26.2689095,0.0199320503,0.0751887038,8.56154838e-06,30,1.24699998,3
460215100021128,110023292,2458854.7384966142,58854.232928199999,13.2822037,0.0100597981,0,zr,95.527734800000005,7.6605118000000001,0.433999985,0.00499999989,20200106232917,460,0xf,0x1,19.2099991,26.2526588,0.0262073651,0.0789167583,1.45352724e-05,30,1.245,3
460215100021128,110023336,2458854.7389365071,58854.233368100002,13.2912321,0.0100651002,0,zr,95.527732,7.6605023000000001,0.644999981,-0,20200106233368,460,0xf,0x1,19.3799992,26.2697163,0.027117189,0.0804092214,1.59938045e-05,30,1.24399996,3
460215100021128,110023381,2458854.7393878,58854.233819399997,13.2839556,0.0100608263,0,zr,95.527727600000006,7.6605058000000001,0.493000001,-0.00200000009,20200106233819,460,0xf,0x1,19.2600002,26.2734566,0.0320963189,0.0809167996,2.17863399e-05,30,1.24199998,3
460215100021128,110023427,2458854.7398391939,58854.2342708,13.2899265,0.0100643327,0,zr,95.527731599999996,7.6605309000000004,0.465999991,0.00499999989,20200106234271,460,0xf,0x1,19.4200001,26.2664471,0.0217353199,0.0819216594,1.01545038e-05,30,1.24100006,3
460215100021128,110023472,2458854.7402905864,58854.234722200003,13.2809887,0.0100590857,0,zr,95.527703900000006,7.6605264000000002,0.666000009,0.00100000005,20200106234722,460,0xf,0x1,19.5599995,26.2734928,0.0235521793,0.0703369603,1.17992595e-05,30,1.23899996,3
460215100021128,110023517,2458854.7407419798,58854.235173599998,13.2573328,0.0100452946,0,zr,95.527722299999994,7.6605382999999998,0.537999988,0.00300000003,20200106235174,460,0xf,0x1,19.3099995,26.2687511,0.0242238641,0.0854770988,1.24016842e-05,30,1.23800004,3
460215100021128,110023562,2458854.7411933723,58854.235625000001,13.2924395,0.0100658108,0,zr,95.5276839,7.6605375999999996,0.582000017,-0.00700000022,20200106235625,460,0xf,0x1,19.3999996,26.2679672,0.0235089492,0.080250062,1.17489335e-05,30,1.23599994,3
460215100021128,110023607,2458854.7416447657,58854.236076399997,13.2885094,0.0100634973,0,zr,95.527724500000005,7.6605192999999998,0.44600001,-0.00100000005,20200106236076,460,0xf,0x1,19.3600006,26.2710247,0.0225583222,0.0760462955,1.08754402e-05,30,1.23500001,3
460215100021128,110023652,2458854.7420961587,58854.2365278,13.2770052,0.0100567536,0,zr,95.527715900000004,7.6605185000000002,0.47299999,0,20200106236528,460,0xf,0x1,19.5699997,26.2734966,0.0211506039,0.0762929767,9.61356454e-06,30,1.23300004,3
460215100021128,110023697,2458854.7425475521,58854.236979200003,13.2624025,0.0100482386,0,zr,95.527721600000007,7.6605312999999997,0.448000014,0.00100000005,20200106236968,460,0xf,0x1,19.5400009,26.2658482,0.0207352992,0.085704647,9.24446977e-06,30,1.23199999,3
460215100021128,110023741,2458854.742987345,58854.237418999997,13.2773619,0.0100569632,0,zr,95.527737500000001,7.660514,0.474000007,0.00400000019,20200106237419,460,0xf,0x1,19.6100006,26.2698841,0.0189809483,0.0826429129,7.61106503e-06,30,1.23099995,3
460215100021128,110023787,2458854.7434387393,58854.2378704,13.2635603,0.0100489119,0,zr,95.527732200000003,7.6605575999999997,0.453000009,0.00100000005,20200106237870,460,0xf,0x1,19.3299999,26.2700386,0.0250592139,0.088514328,1.32213127e-05,30,1.22899997,3
460215100021128,110023833,2458854.7439016309,58854.238333300003,13.2537441,0.0100432131,0,zr,95.527711199999999,7.6605214000000004,0.676999986,0.0120000001,20200106238322,460,0xf,0x1,19.5100002,26.278204,0.0242732577,0.0786965042,1.23598365e-05,30,1.22800004,3
460215100021128,110023877,2458854.7443414242,58854.238773099998,13.2539673,0.0100433426,0,zr,95.527726099999995,7.6605113999999999,1.22099996,-0.00300000003,20200106238773,460,0xf,0x1,19.6299992,26.2714272,0.0234693885,0.0745230839,1.17676118e-05,30,1.227,3
460215100021128,110023922,2458854.7447928172,58854.239224500001,13.24827,0.0100400457,0,zr,95.527729399999998,7.6604992999999997,1.48699999,0.00100000005,20200106239225,460,0xf,0x1,19.5100002,26.2747002,0.0256660953,0.0760493875,1.39654121e-05,30,1.22500002,3
460215100021128,110023967,2458854.7452442106,58854.239675899997,13.2763481,0.0100563699,0,zr,95.527723600000002,7.6605236999999997,0.321999997,0.00200000009,20200106239676,460,0xf,0x1,19.5900002,26.2788658,0.026191026,0.0776693672,1.47014644e-05,30,1.22399998,3
460215100021128,110024012,2458854.7456956031,58854.2401273,13.2634745,0.0100488625,0,zr,95.527708500000003,7.6605188000000002,0.521000028,-0.00100000005,20200106240127,460,0xf,0x1,19.4400005,26.278965,0.0243766662,0.0748340636,1.26507912e-05,30,1.22300005,3
460215100021128,110024057,2458854.7461469965,58854.240578700003,13.2741985,0.0100551145,0,zr,95.527710600000006,7.6605191000000001,0.460000008,0.00100000005,20200106240579,460,0xf,0x1,19.7199993,26.2817097,0.0228192937,0.0765322447,1.10241363e-05,30,1.22099996,3
460215100021128,110024103,2458854.7465983895,58854.241030099998,13.2681398,0.0100515783,0,zr,95.527703599999995,7.6605220000000003,0.370999992,-0.00100000005,20200106241019,460,0xf,0x1,19.5900002,26.2726326,0.0213551763,0.083318606,9.68617587e-06,30,1.22000003,3
460215100021128,110024146,2458854.7470381828,58854.2414699,13.2920895,0.0100656049,0,zr,95.527702099999999,7.6605252000000004,0.688000023,0,20200106241470,460,0xf,0x1,19.5100002,26.2876568,0.0238092151,0.0689982846,1.21913663e-05,30,1.21899998,3
460215100021128,110024192,2458854.7474895762,58854.241921300003,13.2777443,0.0100571867,0,zr,95.527738400000004,7.6605194000000001,0.505999982,0.00999999978,20200106241921,460,0xf,0x1,19.4500008,26.2753086,0.0236946288,0.0795358121,1.18739135e-05,30,1.21800005,3
460215100021128,110024237,2458854.7479409687,58854.242372699999,13.2686806,0.010051894,0,zr,95.527713000000006,7.6605268999999998,1.20899999,-0.0109999999,20200106242373,460,0xf,0x1,19.6200008,26.2761745,0.0234551597,0.0797657743,1.19163742e-05,30,1.21599996,3
460215100021128,110024282,2458854.7483923612,58854.242824100002,13.280859,0.0100590102,0,zr,95.527715700000002,7.6605033000000002,0.648000002,-0.00300000003,20200106242824,460,0xf,0x1,19.6900005,26.2774334,0.0237017944,0.0715799406,1.20971954e-05,30,1.21500003,3
460215100021128,110024327,2458854.748843756,58854.243275499997,13.2765455,0.0100564854,0,zr,95.527743299999997,7.6605392999999999,0.647000015,0,20200106243264,460,0xf,0x1,19.1299992,26.2731056,0.028500881,0.0791345984,1.73532571e-05,30,1.21399999,3
460215100021128,110024372,2458854.7492951476,58854.2437269,13.2845097,0.0100611504,0,zr,95.527749799999995,7.6604777999999998,0.430999994,0.00899999961,20200106243715,460,0xf,0x1,18.7800007,26.2740955,0.037018273,0.0854025409,2.99020539e-05,30,1.21300006,3
460215100021128,110024416,2458854.7497349409,58854.244166700002,13.2855101,0.0100617371,0,zr,95.5277198,7.6605013,0.734000027,0.0189999994,20200106244167,460,0xf,0x1,18.7299995,26.2750568,0.0395991392,0.077890411,3.43268002e-05,30,1.21099997,3
460215100021128,110024461,2458854.7501863358,58854.244618099998,13.2768927,0.0100566885,0,zr,95.527745999999993,7.6605556999999997,0.574999988,0.00100000005,20200106244618,460,0xf,0x1,18.8799992,26.2704124,0.0341312438,0.087582238,2.52398659e-05,30,1.21000004,3
460215100021128,110024506,2458854.7506376277,58854.2450694,13.2835798,0.0100606056,0,zr,95.527726099999995,7.6605346000000001,0.824999988,-0.00499999989,20200106245069,460,0xf,0x1,18.8500004,26.2511616,0.03266491,0.0847305804,2.29472098e-05,30,1.20899999,3
460215100021128,110024552,2458854.7510890216,58854.245520800003,13.2550287,0.0100439582,0,zr,95.527721499999998,7.6605572999999998,1.10699999,0.00700000022,20200106245521,460,0xf,0x1,18.9599991,26.2765217,0.0334594026,0.081728451,2.4122759e-05,30,1.20799994,3
460215100021128,110024597,2458854.7515404136,58854.245972199999,13.2779865,0.0100573283,0,zr,95.5277253,7.6605316999999999,0.772000015,-0.0250000004,20200106245972,460,0xf,0x1,18.7000008,26.2465515,0.0412375741,0.0831547901,3.70135676e-05,30,1.20700002,3
460215100021128,110024642,2458854.7519918066,58854.246423600001,13.291481,0.0100652464,0,zr,95.527727900000002,7.6605217999999997,0.689999998,0.00300000003,20200106246424,460,0xf,0x1,18.7299995,26.2600765,0.038109038,0.0834607184,3.18557431e-05,30,1.20599997,3
460215100021128,110024687,2458854.752443199,58854.246874999997,13.300766,0.0100707198,0,zr,95.527751199999997,7.6604918,0.26699999,-0.00400000019,20200106246863,460,0xf,0x1,18.7399998,26.2734318,0.0377246961,0.0783363506,3.12340089e-05,30,1.204,3
460215100021128,110024732,2458854.7528945939,58854.2473264,13.2550907,0.0100439945,0,zr,95.527746500000006,7.6605572000000004,1.72599995,0.0160000008,20200106247315,460,0xf,0x1,18.5400009,26.2875729,0.0439215302,0.0826535225,4.26990446e-05,30,1.20299995,3
460215100021128,110024777,2458854.7533459859,58854.247777800003,13.2505054,0.0100413375,32768,zr,95.527763500000006,7.6605116999999998,0.628000021,0.0439999998,20200106247778,460,0xf,0x1,18.3099995,26.2679729,0.0511423871,0.0923060402,6.00371422e-05,30,1.20200002,3
460215100021128,110024822,2458854.7537973784,58854.248229199999,13.2321377,0.0100307483,32768,zr,95.527702500000004,7.6605357999999999,0.791999996,0.0120000001,20200106248229,460,0xf,0x1,18.1200008,26.2885895,0.0558392256,0.0838500261,8.00145936e-05,30,1.20099998,3
460215100021128,110024868,2458854.7542487727,58854.248680600002,13.2327881,0.0100311218,32768,zr,95.527795699999999,7.6605207999999996,1.12,0.00899999961,20200106248681,460,0xf,0x1,18.2199993,26.2521992,0.0548846126,0.0911869332,7.17021903e-05,30,1.20000005,3
460215100021128,110024913,2458854.7547000651,58854.249131899996,13.2673655,0.0100511266,32768,zr,95.527763399999998,7.6605198000000003,0.81400001,0.00999999978,20200106249132,460,0xf,0x1,18.1399994,26.2958851,0.0570378266,0.0895135924,8.20916975e-05,30,1.199,3
460215100021128,110024958,2458854.7551514586,58854.249583299999,13.2538834,0.0100432932,0,zr,95.527734499999994,7.6605493999999998,0.397000015,0.00899999961,20200106249583,460,0xf,0x1,18.5499992,26.2793617,0.0447231531,0.0988823324,4.44426114e-05,30,1.19799995,3
460215100021128,110025003,2458854.755602851,58854.250034700002,13.274332,0.0100551918,0,zr,95.527732999999998,7.6605325999999998,0.984000027,-0.00100000005,20200106250023,460,0xf,0x1,18.7700005,26.2738743,0.0373137631,0.0918338671,3.04329242e-05,30,1.19700003,3
460215100021128,110025048,2458854.756054244,58854.250486099998,13.2505255,0.0100413496,0,zr,95.527733699999999,7.6605270000000001,0.930999994,0.0340000018,20200106250486,460,0xf,0x1,18.5400009,26.2839928,0.0441358909,0.0875476003,4.38557472e-05,30,1.19599998,3
460215100021128,110025093,2458854.7565056379,58854.250937500001,13.28652,0.0100623304,0,zr,95.527768499999993,7.6605406,0.48300001,0.0160000008,20200106250937,460,0xf,0x1,18.5200005,26.2861004,0.0469571985,0.0842494816,5.12680235e-05,30,1.19500005,3
460215100021128,110025138,2458854.7569570309,58854.251388899997,13.2747879,0.0100554582,0,zr,95.527768699999996,7.6605366000000004,1.17400002,-0.00300000003,20200106251377,460,0xf,0x1,18.5699997,26.2873306,0.0454570651,0.0913795978,4.58194445e-05,30,1.19400001,3
460215100021128,110025182,2458854.7573968242,58854.251828699998,13.3091583,0.0100756846,0,zr,95.527756400000001,7.6605561,0.944999993,-0.00700000022,20200106251829,460,0xf,0x1,18.8099995,26.2768383,0.0387461782,0.0837194622,3.25454566e-05,30,1.19299996,3
460215100021128,110025228,2458854.7578482172,58854.252280100001,13.2820587,0.0100597134,0,zr,95.527733999999995,7.6605562999999997,1.19799995,-0.0109999999,20200106252280,460,0xf,0x1,19.1900005,26.2766132,0.0272770841,0.0800314397,1.57088725e-05,30,1.19200003,3
460215100021128,110228910,2458856.7946411581,58856.289108800003,13.3086433,0.0100753792,0,zr,95.527709200000004,7.6605002999999998,0.680000007,0.0419999994,20200108288981,460,0xf,0x1,19.0699997,26.0053139,0.0247869715,0.0737585351,1.28288839e-05,30,1.14100003,1
460215100021128,110534775,2458859.8532203231,58859.347754599999,13.2840033,0.0100608543,0,zr,95.527698299999997,7.6604956,0.286000013,-0.00899999961,20200111347743,460,0xf,0x1,19.5100002,26.2611523,0.0187594909,0.0690200627,7.46325486e-06,30,1.22599995,1
460215100021128,110625203,2458860.7574800961,58860.252036999998,13.301218,0.0100709861,0,zr,95.527677199999999,7.6605021999999998,1.09099996,-0.0189999994,20200112252014,460,0xf,0x1,19.4300003,26.2532444,0.0193162616,0.078300111,7.90515151e-06,30,1.16299999,1
460215100021128,110626038,2458860.7658247836,58860.2603819,13.2905941,0.0100647248,0,zr,95.527703500000001,7.6604992999999997,0.476000011,-0.00999999978,20200112260382,460,0xf,0x1,19.7999992,26.2525921,0.0154945804,0.0779743567,5.15320062e-06,30,1.15199995,1
460215100021128,110721104,2458861.7164593157,58861.2110417,13.2963734,0.010068127,0,zr,95.527702700000006,7.6605093999999996,0.425000012,-0.00700000022,20200113211042,460,0xf,0x1,19.75,26.2470856,0.0169354957,0.0769322738,6.0660177e-06,30,1.255,1
460215100021128,110921368,2458863.7190402281,58863.213680599998,13.3144855,0.0100788446,32768,zr,95.527707899999996,7.6605027999999997,0.711000025,-0.0120000001,20200115213669,460,0xf,0x1,18.9500008,24.8366737,0.0342691951,0.0693916678,2.44415769e-05,30,1.22800004,1
460215100021128,111325238,2458867.7576074046,58867.252384300002,13.2902184,0.0100645032,0,zr,95.527702599999998,7.6605071999999996,0.455000013,0.0260000005,20200119252384,460,0xf,0x1,20.9300003,26.246994,0.0141503569,0.0776892155,4.24479549e-06,30,1.14400005,1
460215100021128,111725028,2458871.7553520496,58871.250289399999,13.2822599,0.0100598307,0,zr,95.527707300000003,7.6605043999999998,0.66900003,0.0450000018,20200123250289,460,0xf,0x1,20.8299999,26.2636051,0.0140555222,0.0829192996,4.24544533e-06,30,1.14100003,1
460215100021128,111921863,2458873.7236089334,58873.218634299999,13.3187246,0.0100813657,0,zr,95.527702000000005,7.6604994,0.717999995,-0.0520000011,20200125218634,460,0xf,0x1,20.6700001,26.0661659,0.0170411412,0.0755888522,6.12576196e-06,30,1.15999997,1
460215100021128,112023021,2458874.7351470413,58874.230219899997,13.1931906,0.0100085475,32768,zr,95.527703399999993,7.6605040000000004,0.950999975,0.0350000001,20200126230208,460,0xf,0x1,20.5799999,25.871397,0.0256424434,0.0819498748,1.37268316e-05,30,1.14600003,1
460215100021128,112122798,2458875.7328649126,58875.227986099999,13.2517662,0.0100420676,0,zr,95.527723899999998,7.6605135000000004,0.261000007,-0.00600000005,20200127227986,460,0xf,0x1,20.7800007,26.244091,0.0150629338,0.0827606097,4.80945118e-06,30,1.14499998,1
460215100021128,112325368,2458877.7584568285,58877.253680599999,13.2465534,0.0100390539,0,zr,95.527695499999993,7.6604941999999996,0.939999998,-0.00800000038,20200129253681,460,0xf,0x1,20.2299995,26.2379398,0.0266914088,0.0872284472,1.51232371e-05,30,1.14600003,1
460215100021128,112418078,2458878.6855143094,58878.180786999998,13.2534294,0.0100430306,0,zr,95.527708899999993,7.6605238,0.463999987,0.00100000005,20200130180764,460,0xf,0x1,19.7600002,26.2684002,0.0220073517,0.0812429339,1.01658106e-05,30,1.20599997,1
460215100021128,112622916,2458880.7337816814,58880.229166700003,13.2780733,0.0100573795,0,zr,95.527712300000005,7.6605039000000001,0.630999982,0.0199999996,20200201229167,460,0xf,0x1,20.5900002,26.259346,0.0137704248,0.0808360726,4.0188811e-06,30,1.14100003,1
460215100021128,112815172,2458882.6562287896,58882.1517245,13.2888002,0.0100636687,0,zr,95.527703799999998,7.6605046999999997,0.254000008,-0.00300000003,20200203151725,460,0xf,0x1,20.4200001,26.2559223,0.0140239429,0.0755580962,4.17459614e-06,30,1.26199996,1
460215100021128,113616468,2458890.6686791489,58890.164687500001,13.2457943,0.0100386143,0,zr,95.527707899999996,7.6605013,0.330000013,0.00499999989,20200211164688,460,0xf,0x1,19.8600006,26.2331295,0.0204688627,0.0778821111,8.78211449e-06,30,1.171,1
460215100021128,113925458,2458893.7583565861,58893.254583299997,13.3054132,0.0100734653,0,zr,95.527700300000006,7.6605072999999999,1.57099998,0.075000003,20200214254514,460,0xf,0x1,21.0599995,26.2402439,0.0168962032,0.0717800334,6.10333473e-06,30,1.22500002,1
460215100021128,114216063,2458896.6641948516,58896.160636599998,13.3001242,0.0100703407,0,zr,95.527700699999997,7.6605105,0.377999991,-0.0109999999,20200217160637,460,0xf,0x1,21,26.2478275,0.0140898321,0.0767820925,4.2461229e-06,30,1.15400004,1
460215100021128,114523255,2458899.7358792187,58899.232557900003,13.2809572,0.010059067,0,zr,95.527698299999997,7.6604916000000003,0.975000024,0.0689999983,20200220232558,460,0xf,0x1,21.1200008,26.2396545,0.0173568204,0.0825270861,6.38863048e-06,30,1.20899999,1
460215100021128,114619885,2458900.7020990732,58900.198854200004,13.3171005,0.010080399,32768,zr,95.527701899999997,7.6604983999999998,1.00199997,0.0149999997,20200221198854,460,0xf,0x1,20.4500008,25.8598537,0.0360083915,0.0626582801,2.75922648e-05,30,1.153,1
460215100021128,114916847,2458903.6714766785,58903.168472199999,13.2590399,0.0100462856,0,zr,95.527711400000001,7.6605075999999999,0.189999998,0.00200000009,20200224168472,460,0xf,0x1,20.7600002,26.2399349,0.0133932438,0.0797796324,3.77937681e-06,30,1.14100003,1
460215100021128,115217040,2458906.6731587895,58906.170405099998,13.283761,0.0100607108,0,zr,95.527721,7.6605116000000004,0.501999974,-0.0199999996,20200227170405,460,0xf,0x1,20.3999996,26.178236,0.0145963756,0.0802891254,4.54886822e-06,30,1.14400005,1
460215100021128,115512746,2458909.6299650315,58909.1274653,13.2962704,0.0100680664,0,zr,95.527709000000002,7.6605312000000003,0.372999996,0.00100000005,20200301127465,460,0xf,0x1,19.4500008,26.2566795,0.0286457911,0.082580708,1.73312928e-05,30,1.15199995,1
460215100021128,115917019,2458913.6723395525,58913.170196799998,13.2885542,0.0100635244,0,zr,95.527669599999996,7.6605119000000004,0.783999979,-0.0450000018,20200305170139,460,0xf,0x1,19.3199997,26.0944614,0.0251816846,0.0704454109,1.32305386e-05,30,1.16100001,1
460215100021128,116016486,2458914.6669144854,58914.164861099998,13.2932005,0.0100662569,32768,zr,95.527716400000003,7.6604985000000001,1.13800001,-0.0289999992,20200306164850,460,0xf,0x1,18.6000004,25.568512,0.0346670486,0.0615351163,2.49318146e-05,30,1.15799999,1
460215100021128,116312920,2458917.6309852512,58917.129201399999,13.2892981,0.0100639621,32768,zr,95.527698599999994,7.6605278999999999,0.321999997,-0.00300000003,20200309129167,460,0xf,0x1,17.2800007,24.7048683,0.049648203,0.0707691014,0.000112201174,30,1.14100003,1
460215100021128,134146925,2459095.9671019441,59095.4692593,13.2043371,0.0100148674,0,zr,95.527716299999994,7.6604827000000002,1.15699995,-0.0370000005,20200903469259,460,0xf,0x1,19.6800003,26.0758209,0.0191626586,0.0796004757,7.83373071e-06,30,2.25300002,1
460215100021128,134246288,2459096.9608110916,59096.462881899999,13.2291393,0.0100290272,0,zr,95.527718699999994,7.6604920999999999,0.508000016,-0.0260000005,20200904462882,460,0xf,0x1,19.7900009,26.1501427,0.0198262464,0.0779911131,8.49716253e-06,30,2.34200001,1
460215100021128,136341424,2459117.9141123779,59117.414247699999,13.2745275,0.0100553064,0,zr,95.527710900000002,7.6604828999999999,0.448000014,-0.0379999988,20200925414248,460,0xf,0x1,20.7800007,26.1572723,0.0149899162,0.0824922621,4.61683294e-06,30,2.14299989,1
460215100021128,136450638,2459119.0063577979,59118.506388900001,13.2728729,0.0100543397,0,zr,95.527707500000005,7.6604977999999999,0.69599998,-0.0149999997,20200926506389,460,0xf,0x1,21.0799999,26.2760239,0.013013239,0.0774541721,3.6459312e-06,30,1.255,1
460215100021128,136547765,2459119.9777120482,59119.477650499997,13.256834,0.010045005,0,zr,95.527709200000004,7.6604995000000002,0.93900001,-0.063000001,20200927477650,460,0xf,0x1,21.1900005,26.2590485,0.0149746109,0.0712544397,4.65571338e-06,30,1.37300003,1
460215100021128,136651831,2459121.0184710873,59120.518310200001,13.2374525,0.010033804,0,zr,95.5277119,7.6604885999999999,0.762000024,0.0359999985,20200928518310,460,0xf,0x1,20.9300003,26.2670975,0.0130390748,0.0735546276,3.55947577e-06,30,1.20299995,1
460215100021128,136850473,2459123.0050842296,59122.5047338,13.2174597,0.0100223413,0,zr,95.527704999999997,7.6605059000000004,0.921999991,-0.0149999997,20200930504734,460,0xf,0x1,20.3500004,26.2150497,0.0148282312,0.0748236999,4.64882351e-06,30,1.22500002,1
460215100021128,136950218,2459124.0026330384,59123.502187500002,13.2210865,0.0100244135,0,zr,95.527714700000004,7.6604893000000001,0.777999997,-0.0280000009,20201001502176,460,0xf,0x1,20.0400009,26.2267551,0.015972456,0.0676001012,5.41070176e-06,30,1.22500002,1
460215100021128,137039363,2459124.8941646875,59124.393634300002,13.186017,0.0100044943,0,zr,95.527712800000003,7.6604878999999997,1.13100004,-0.0309999995,20201002393634,460,0xf,0x1,19.9099998,26.1578617,0.0193778668,0.0759457797,7.90378454e-06,30,2.17400002,1
460215100021128,137148275,2459125.9833887229,59125.482754600001,13.2488813,0.0100403987,0,zr,95.527708000000004,7.6604931000000001,1.02499998,-0.0540000014,20201003482743,460,0xf,0x1,20.3400002,26.2636547,0.0165360719,0.0683672875,5.93936011e-06,30,1.27199996,1
460215100021128,137241701,2459126.917736765,59126.417013899998,13.2504158,0.0100412862,0,zr,95.527722600000004,7.6604869000000004,0.690999985,-0.0799999982,20201004417014,460,0xf,0x1,20.0400009,26.1789417,0.0166281667,0.0703952834,6.20489891e-06,30,1.71500003,1
460215100021128,137349687,2459127.9977003825,59127.496874999997,13.2521257,0.0100422753,32768,zr,95.527713399999996,7.6604903999999996,0.474000007,-0.0379999988,20201005496875,460,0xf,0x1,19.0100002,25.6534729,0.154055893,0.0165417138,0.000529314682,30,1.20899999,1
460215100021128,137549813,2459129.9991512648,59129.498136599999,13.3118238,0.0100772651,0,zr,95.527703700000004,7.6604901999999999,0.546000004,-0.0309999995,20201007498137,460,0xf,0x1,20.3999996,26.270525,0.0151918232,0.0679146126,4.85056989e-06,30,1.19400001,1
460215100021128,137748057,2459131.9817799055,59131.4805787,13.2671318,0.0100509906,32768,zr,95.527704,7.6604919999999996,0.38499999,-0.0179999992,20201009480567,460,0xf,0x1,19.3600006,25.9689198,0.033273831,0.072133854,2.32245839e-05,30,1.22500002,1
460215100021128,138140206,2459135.9036267204,59135.402060200002,13.2121048,0.0100192865,0,zr,95.527710600000006,7.6605021000000004,0.694999993,-0,20201013402060,460,0xf,0x1,20.8999996,26.2133598,0.0154126426,0.0758759603,5.13833356e-06,30,1.61399996,1
460215100021128,138338148,2459137.8832301437,59137.381481500001,13.2076693,0.0100167608,0,zr,95.527716499999997,7.6605021000000004,0.488000005,0.00300000003,20201015381470,460,0xf,0x1,20.8799992,26.133852,0.0141908219,0.0841593668,4.23726487e-06,30,1.78600001,1
460215100021128,138546946,2459139.9714064403,59139.4694676,13.2396393,0.0100350631,0,zr,95.527703000000002,7.6605036999999996,0.782000005,0.0219999999,20201017469468,460,0xf,0x1,20.9500008,26.043623,0.0173346344,0.0828454047,6.11403175e-06,30,1.19700003,1
460215100021128,138738149,2459141.8836039579,59141.381493100002,13.2711782,0.0100533506,0,zr,95.527720500000001,7.6604861,0.757000029,0.0140000004,20201019381493,460,0xf,0x1,20.75,26.0646706,0.0222617388,0.0838584006,1.05526706e-05,30,1.65699995,1
460215100021128,138944233,2459143.9446319598,59143.442338000001,13.2548733,0.0100438669,0,zr,95.527719099999999,7.6605084000000003,0.485000014,0.00600000005,20201021442257,460,0xf,0x1,21.1200008,26.2595291,0.0181754995,0.0793168023,6.89172202e-06,30,1.23899996,1
460215100021128,139139145,2459145.8939228393,59145.391458300001,13.2462578,0.0100388825,0,zr,95.527719000000005,7.6604891999999998,0.763000011,0.0160000008,20201023391458,460,0xf,0x1,21,26.2407932,0.0131137827,0.0740992576,3.61321577e-06,30,1.46800005,1
460215100021128,139542053,2459149.9233410382,59149.4205324,13.2136612,0.0100201741,0,zr,95.527714900000007,7.6605004000000001,0.203999996,-0.00700000022,20201027420532,460,0xf,0x1,20.2900009,26.2347126,0.0159708131,0.0796877816,5.47987338e-06,30,1.25800002,1
460215100021128,139735798,2459151.8609556439,59151.357986100003,13.2506599,0.0100414269,0,zr,95.527700899999999,7.6605463,1.03100002,0.0179999992,20201029357940,460,0xf,0x1,19.8299999,26.2765083,0.0263536572,0.0767181888,1.46215489e-05,30,1.61300004,1
460215100021128,139946373,2459153.9668793348,59153.463738400002,13.2570753,0.0100451447,0,zr,95.527702399999995,7.6605154999999998,0.648999989,-0.0149999997,20201031463727,460,0xf,0x1,20.0699997,26.3140602,0.0171217583,0.0740836114,6.16073839e-06,30,1.14600003,1
460215100021128,140145782,2459155.9611236309,59155.457824099998,13.2912111,0.010065088,0,zr,95.527709299999998,7.6604939999999999,0.611999989,-0.0209999997,20201102457824,460,0xf,0x1,20.3999996,26.3127289,0.0154715888,0.0695419908,5.09815527e-06,30,1.14600003,1
460215100021128,140345659,2459157.9600519505,59157.456597199998,13.2772655,0.0100569064,0,zr,95.527691200000007,7.6604994,1.10099995,-0.0160000008,20201104456505,460,0xf,0x1,19.5799999,26.2947636,0.020281978,0.0693853796,8.7963781e-06,30,1.14300001,1
460215100021128,140546189,2459159.9655046104,59159.461898100002,13.2355442,0.0100327069,0,zr,95.527703099999997,7.6604995000000002,0.335000008,-0.00899999961,20201106461887,460,0xf,0x1,20.6700001,26.2878017,0.0226142947,0.0740623027,1.08271815e-05,30,1.13900006,1
460215100021128,141140277,2459165.9068087377,59165.402777800002,13.2353973,0.0100326212,0,zr,95.527706300000006,7.6605040000000004,0.700999975,0.0340000018,20201112402778,460,0xf,0x1,21.1000004,26.3050308,0.0155022694,0.0756943896,5.11030385e-06,30,1.18499994,1
460215100021128,141347212,2459167.9762988761,59167.472129599999,13.2755728,0.0100559164,0,zr,95.527709200000004,7.6604973000000003,0.418000013,-0.00600000005,20201114472130,460,0xf,0x1,20.7000008,26.319788,0.0134434812,0.0723099485,3.82897724e-06,30,1.15799999,1
460215100021128,141540600,2459169.9103007093,59169.406006899997,13.2619791,0.0100479936,0,zr,95.527707699999993,7.6604939999999999,0.656000018,-0.0270000007,20201116406007,460,0xf,0x1,20.8299999,26.3193512,0.0134582166,0.073297441,3.85937255e-06,30,1.16100001,1
460215100021128,141747892,2459171.983345611,59171.4789236,13.2568779,0.0100450302,0,zr,95.527706300000006,7.6604916999999997,0.927999973,-0.0430000015,20201118478912,460,0xf,0x1,20.9099998,26.325201,0.0138981687,0.0660244673,4.10060238e-06,30,1.18799996,1
460215100021128,142036481,2459174.8694058806,59174.364814799999,13.2371969,0.0100336568,0,zr,95.527701300000004,7.6605030999999997,1.14499998,0.064000003,20201121364630,460,0xf,0x1,20.9099998,26.263916,0.0150184268,0.0684108362,4.75309344e-06,30,1.21800005,1
460215100021128,142241524,2459176.9199474496,59176.415243099997,13.2057848,0.0100156888,0,zr,95.527709900000005,7.6605002000000004,0.508000016,0.0120000001,20201123415243,460,0xf,0x1,21.1000004,26.292408,0.0129666934,0.0771070793,3.56075248e-06,30,1.13900006,1
460215100021128,142535776,2459179.8626227886,59179.357766200003,13.2573347,0.0100452956,0,zr,95.527702700000006,7.6604991,0.574999988,0.00100000005,20201126357755,460,0xf,0x1,19.8400002,26.2967033,0.0178654548,0.074889034,6.68866051e-06,30,1.20099998,1
460215100021128,142739763,2459181.902593751,59181.397638900002,13.2734098,0.0100546526,0,zr,95.527706499999994,7.6605185000000002,0.335000008,0,20201128397627,460,0xf,0x1,19.5599995,26.3065662,0.0222256277,0.0748038813,1.04252522e-05,30,1.13999999,1
460215100021128,143135888,2459185.8640169869,59185.358888900002,13.2417326,0.0100362701,0,zr,95.527697900000007,7.6605094999999999,1.03799999,-0.0240000002,20201202358877,460,0xf,0x1,19.7700005,26.302187,0.0187428594,0.0735186487,7.44133013e-06,30,1.16600001,1
460215100021128,143341951,2459187.9247227167,59187.4195139,13.2061996,0.0100159245,0,zr,95.527699299999995,7.6605205999999999,0.469000012,-0.00400000019,20201204419502,460,0xf,0x1,19.5400009,26.3036575,0.0207622275,0.0753471181,9.08205129e-06,30,1.15999997,1
460215100021128,143534795,2459189.8532298133,59189.347951399999,13.2104521,0.010018345,0,zr,95.527710200000001,7.6604903999999996,0.828999996,-0.00600000005,20201206347951,460,0xf,0x1,20.75,26.3144627,0.0138399173,0.076329492,4.1038561e-06,30,1.16600001,1
460215100021128,143835273,2459192.8581066648,59192.352731500003,13.2627373,0.0100484332,0,zr,95.527709999999999,7.6604996999999999,0.275000006,0.00200000009,20201209352731,460,0xf,0x1,19.8500004,25.9577274,0.0194850173,0.0808917955,7.98381916e-06,30,1.14999998,1
460215100021128,144035936,2459194.8647950967,59194.359363399999,13.2605658,0.0100471713,0,zr,95.527705800000007,7.6604964000000004,0.601999998,-0.0199999996,20201211359352,460,0xf,0x1,20.6800003,26.2888851,0.0133909527,0.0776938796,3.8153612e-06,30,1.14100003,1
460215100021128,144235851,2459196.8639999726,59196.358518499997,13.23874,0.0100345463,0,zr,95.527721499999998,7.6605527000000002,0.907999992,-0.00300000003,20201213358472,460,0xf,0x1,20.0699997,26.3081188,0.0184471775,0.0807475373,7.30662987e-06,30,1.13999999,1
460215100021128,144426785,2459198.7733816057,59198.267858799998,13.2591953,0.010046375,0,zr,95.527710900000002,7.6604951000000003,0.416999996,0.00100000005,20201215267766,460,0xf,0x1,20.3799992,26.2648411,0.0165645983,0.07168556,5.86497299e-06,30,1.33899999,1
460215100021128,144634497,2459200.8505378221,59200.3449769,13.2524376,0.0100424569,32768,zr,95.527697200000006,7.6604906000000001,0.912999988,-0.0350000001,20201217344977,460,0xf,0x1,19.1299992,24.7380695,0.0304983873,0.0682781637,1.92914395e-05,30,1.13999999,1
460215100021128,144831861,2459202.8242014884,59202.318611100003,13.2207956,0.0100242477,0,zr,95.527709799999997,7.6605032,0.662999988,-0.0320000015,20201219318600,460,0xf,0x1,20.7900009,26.3113327,0.0137766367,0.0782158971,4.04397815e-06,30,1.15699995,3
460215100021128,144928650,2459203.7921070294,59203.286504600001,13.2355852,0.0100327302,0,zr,95.527702199999993,7.6605189999999999,0.754999995,-0.0120000001,20201220286505,460,0xf,0x1,20.3099995,26.2910633,0.018709803,0.0752188787,7.32418312e-06,30,1.21599996,1
460215100021128,144928791,2459203.7935191463,59203.287916699999,13.2381201,0.0100341886,0,zr,95.527708899999993,7.6605170999999999,0.786000013,0.00100000005,20201220287917,460,0xf,0x1,20.3500004,26.2957687,0.0176475216,0.0759117529,6.63324317e-06,30,1.21200001,3
460215100021128,145036031,2459204.8659264548,59204.360312500001,13.2575054,0.0100453952,0,zr,95.527710099999993,7.6605011000000003,0.782999992,-0.00999999978,20201221360312,460,0xf,0x1,21,26.3034782,0.0150002185,0.0702920184,4.82657106e-06,30,1.14600003,3
460215100021128,145122151,2459205.7271379298,59205.221516199999,13.2464027,0.0100389663,0,zr,95.527712699999995,7.6604976000000002,0.528999984,0.0179999992,20201222221505,460,0xf,0x1,20.8199997,26.2641869,0.0144002736,0.0774013922,4.39313362e-06,30,1.51499999,1
460215100021128,145122247,2459205.7280986388,59205.222476900002,13.2621355,0.010048084,0,zr,95.527707800000002,7.6605002999999998,0.717000008,-0.0199999996,20201222222465,460,0xf,0x1,20.8199997,26.2679691,0.0140640307,0.0780140907,4.22799758e-06,30,1.50800002,3
460215100021128,145231212,2459206.8177594859,59206.312129600003,13.2727661,0.0100542773,32768,zr,95.527705800000007,7.6604941999999996,0.563000023,-0.0140000004,20201223312118,460,0xf,0x1,17.4899998,23.6324711,0.0557388812,0.0686735511,0.000120550547,30,1.15199995,3
460215100021128,145328158,2459207.7872209917,59207.281585600002,13.185771,0.0100043556,32768,zr,95.527682100000007,7.6605064,0.725000024,-0.00899999961,20201224281586,460,0xf,0x1,16.4500008,23.9452591,0.0813605264,0.0848405585,0.00124679098,30,1.20000005,3
460215100021128,145633951,2459210.8451562519,59210.339513899999,13.2601557,0.0100469328,0,zr,95.527703099999997,7.6605002000000004,0.444000006,-0.0320000015,20201227339502,460,0xf,0x1,20.2399998,26.3104038,0.0151105747,0.0702643842,4.84296879e-06,30,1.14300001,3
460215100021128,146129398,2459215.7996015032,59215.293981499999,13.1942759,0.0100091621,0,zr,95.527692500000001,7.6605221999999999,0.869000018,0.00200000009,20210101293935,460,0xf,0x1,18.8600006,26.1881905,0.0278430544,0.0794443488,1.61908265e-05,30,1.14600003,1
460215100021128,146129491,2459215.8005389948,59215.294919,13.2205858,0.0100241276,0,zr,95.5277119,7.6605023000000001,0.740999997,-0.00300000003,20210101294907,460,0xf,0x1,18.7399998,26.1734848,0.0317209437,0.0833320841,2.13351232e-05,30,1.14499998,3
460215100021128,146229149,2459216.7971035871,59216.291493099998,13.2519236,0.0100421589,0,zr,95.527699400000003,7.6605040999999998,0.601000011,-0.00200000009,20210102291424,460,0xf,0x1,20.4699993,26.2927284,0.014812761,0.0731033236,4.69692759e-06,30,1.14600003,3
460215100021128,146332216,2459217.8277632929,59217.3221644,13.2556305,0.0100443065,0,zr,95.527697500000002,7.6605071999999996,0.813000023,-0.0379999988,20210103322164,460,0xf,0x1,20.2199993,26.2770538,0.0149588669,0.0785448179,4.75932666e-06,30,1.14400005,1
460215100021128,146332310,2459217.8287007818,59217.323101900001,13.2625742,0.0100483382,0,zr,95.527709400000006,7.6605059999999998,0.671000004,-0.0460000001,20210103323102,460,0xf,0x1,20.2999992,26.288908,0.0153675927,0.069930993,5.09384108e-06,30,1.14499998,3
460215100021128,146431079,2459218.8163846927,59218.310798600003,13.2528095,0.010042672,0,zr,95.527706199999997,7.6605163999999997,0.560000002,-0.0340000018,20210104310787,460,0xf,0x1,20.6299992,26.2906761,0.0152553217,0.0785114616,4.95703398e-06,30,1.13999999,3
460215100021128,146529890,2459219.8044721554,59219.298900499998,13.2373085,0.010033722,0,zr,95.527704999999997,7.6605242999999996,0.763999999,-0.0340000018,20210105298900,460,0xf,0x1,20.3299999,26.2795372,0.0148784555,0.0836671218,4.62331764e-06,30,1.13900006,3
460215100021128,146529983,2459219.8054096405,59219.299837999999,13.2469482,0.0100392811,0,zr,95.5277095,7.6604954999999997,0.388000011,-0.0109999999,20210105299838,460,0xf,0x1,20.4500008,26.2831745,0.0138729019,0.0788690671,4.02062869e-06,30,1.13900006,1
460215100021128,146629163,2459220.7971873991,59220.2916319,13.240303,0.0100354459,0,zr,95.527724899999996,7.6605109999999996,0.349000007,-0.00100000005,20210106291632,460,0xf,0x1,20.5400009,26.2937164,0.0155076925,0.0739433318,5.15936472e-06,30,1.13999999,3
460215100021128,146723274,2459221.7382817417,59221.232743100001,13.2197447,0.010023647,0,zr,95.527706300000006,7.6605049000000003,0.672999978,-0.0240000002,20210107232720,460,0xf,0x1,20.9300003,26.266243,0.0149143878,0.0755212381,4.71490284e-06,30,1.22899997,3
460215100021128,146724802,2459221.7535591619,59221.248020799998,13.2175274,0.0100223804,0,zr,95.527707199999995,7.6604861,0.741999984,-0.0199999996,20210107248021,460,0xf,0x1,20.5699997,26.279665,0.0137917316,0.0752597228,3.980776e-06,30,1.18900001,1
460215100021128,146827078,2459222.7763053584,59222.270787000001,13.242116,0.0100364909,0,zr,95.527703599999995,7.6604926999999998,0.792999983,-0.0270000007,20210108270787,460,0xf,0x1,20.8299999,26.300581,0.0131367752,0.0745486468,3.658899e-06,30,1.14999998,3
460215100021128,146928768,2459223.7931819335,59223.287685199997,13.2355585,0.0100327134,0,zr,95.527692000000002,7.6605032,0.160999998,0.00300000003,20210109287685,460,0xf,0x1,20.5799999,26.2676182,0.0147344582,0.0761988461,4.5599877e-06,30,1.13900006,3
460215100021128,146928862,2459223.7941194135,59223.288622699998,13.24335,0.0100372033,0,zr,95.527707399999997,7.6605068999999997,0.282000005,0.00600000005,20210109288623,460,0xf,0x1,20.75,26.2664051,0.0143972663,0.0780276135,4.41036855e-06,30,1.13900006,1
460215100021128,147127572,2459225.7811786886,59225.275729200002,13.228837,0.010028854,0,zr,95.527707699999993,7.6604985000000001,0.246999994,0.00100000005,20210111275729,460,0xf,0x1,20.7800007,26.2892017,0.0141429612,0.0762897879,4.22351695e-06,30,1.14100003,1
460215100021128,147127666,2459225.7821161649,59225.276666700003,13.230052,0.0100295516,0,zr,95.527711499999995,7.6605013,0.569000006,0.0189999994,20210111276667,460,0xf,0x1,20.7800007,26.2923164,0.0134931486,0.0755642876,3.83976021e-06,30,1.14100003,3
460215100021128,147229017,2459226.7955964627,59226.290173599999,13.2255516,0.0100269699,0,zr,95.527711800000006,7.6605015999999999,0.141000003,0.00100000005,20210112290162,460,0xf,0x1,20.6399994,26.2991238,0.0155023998,0.0758301243,5.1512443e-06,30,1.14100003,3
460215100021128,147327348,2459227.7788792411,59227.273483800003,13.2223682,0.0100251473,0,zr,95.527701300000004,7.6605131000000002,0.652999997,-0.00499999989,20210113273484,460,0xf,0x1,20.7000008,26.227829,0.0134589076,0.0771354958,3.85513067e-06,30,1.13999999,1
460215100021128,147328002,2459227.7854183535,59227.2800231,13.212368,0.0100194365,0,zr,95.527702300000001,7.6605014999999996,0.656000018,0.0289999992,20210113280023,460,0xf,0x1,20.6700001,26.1034317,0.0149789378,0.078107208,4.72672991e-06,30,1.13900006,3
460215100021128,147423357,2459228.7389435368,59228.233576400002,13.2406178,0.0100356275,0,zr,95.527704900000003,7.6605011000000003,1.125,-0.0540000014,20210114233576,460,0xf,0x1,20.8700008,26.3005257,0.0142929899,0.0693949386,4.32744582e-06,30,1.17999995,3
460215100021128,147525519,2459229.7605321896,59229.255196799997,13.2384367,0.0100343712,0,zr,95.527701899999997,7.6605409,0.714999974,0.0130000003,20210115255197,460,0xf,0x1,19.5900002,26.3091259,0.0279890113,0.079005301,1.65544971e-05,30,1.14699996,3
460215100021128,147533354,2459229.8388745701,59229.333541699998,13.2411547,0.0100359377,0,zr,95.527706699999996,7.6605214000000004,0.414000005,0.00600000005,20210115333495,460,0xf,0x1,19.8700008,26.3089905,0.0204631127,0.0772591233,8.87925944e-06,30,1.22000003,1
460215100021128,147623282,2459230.738127524,59230.2328241,13.2498608,0.010040964,0,zr,95.527706100000003,7.6605040000000004,1.09800005,0.0130000003,20210116232813,460,0xf,0x1,20.8099995,26.3023319,0.0133610629,0.0744073689,3.8299122e-06,30,1.171,3
460215100021128,147731084,2459231.8161113062,59231.310844899999,13.2514553,0.0100418888,0,zr,95.527704999999997,7.6604874000000001,0.531000018,-0.00700000022,20210117310845,460,0xf,0x1,20.2800007,26.2448673,0.0178426076,0.0698129162,6.81299116e-06,30,1.17900002,1
460215100021128,147735194,2459231.8572093369,59231.351944399998,13.2652636,0.0100499028,0,zr,95.527695399999999,7.6604842,0.347000003,-0.00600000005,20210117351806,460,0xf,0x1,20.3299999,26.2540035,0.0167341977,0.0670778304,5.9901854e-06,30,1.30700004,3
460215100021128,147831163,2459232.816862294,59232.311631899996,13.2551947,0.0100440541,0,zr,95.527710299999995,7.6604938999999996,0.504000008,-0.0320000015,20210118311609,460,0xf,0x1,21.0699997,26.3087959,0.0139567237,0.06464196,4.19419393e-06,30,1.18599999,3
460215100021128,147925502,2459233.7602181155,59233.255023099999,13.2296286,0.0100293076,0,zr,95.527704900000003,7.6605249000000004,0.927999973,0.0450000018,20210119255023,460,0xf,0x1,20.9599991,26.2792721,0.0148345418,0.0792558789,4.71738986e-06,30,1.13999999,1
460215100021128,147925596,2459233.7611555792,59233.2559606,13.206399,0.0100160381,0,zr,95.527708899999993,7.6604956,0.187000006,0.0189999994,20210119255961,460,0xf,0x1,21.0200005,26.2819328,0.014132251,0.0790364817,4.17686124e-06,30,1.13999999,3
460215100021128,149531253,2459249.8169249129,59249.312534700002,13.2377348,0.010033967,0,zr,95.527703700000004,7.6605122000000003,0.317000002,-0.00100000005,20210204312535,460,0xf,0x1,19.8299999,26.1283607,0.0185150448,0.077889882,7.31189584e-06,30,1.35500002,1
460215100021128,149722887,2459251.7331476654,59251.228877299996,13.2314844,0.010030373,0,zr,95.527704,7.6604967999999998,0.224000007,-0.0109999999,20210206228877,460,0xf,0x1,21.0799999,26.3015862,0.0135436039,0.0762985572,3.86331521e-06,30,1.14400005,1
460215100021128,149927813,2459253.7822735826,59253.278136599998,13.2294884,0.0100292284,0,zr,95.527708399999995,7.6604913999999997,0.665000021,-0.0359999985,20210208278137,460,0xf,0x1,21,26.2924614,0.0135361133,0.0778422207,3.89622255e-06,30,1.25199997,1
460215100021128,150126309,2459255.7670931784,59255.263090300003,13.2478971,0.0100398296,0,zr,95.527704400000005,7.6605081000000004,0.404000014,-0.00800000038,20210210263090,460,0xf,0x1,20.7800007,26.2806282,0.0143684475,0.0816984177,4.42445844e-06,30,1.222,1
460215100021128,150321109,2459257.7149662315,59257.211099499997,13.2313023,0.0100302687,0,zr,95.527704299999996,7.6604994,0.637000024,0.0199999996,20210212211100,460,0xf,0x1,21.2299995,26.3080406,0.0132645676,0.0723325461,3.72147224e-06,30,1.14300001,1
460215100021128,150818951,2459262.6930134119,59262.189513899997,13.2433271,0.0100371903,0,zr,95.527706199999997,7.6605137000000001,0.741999984,-0.0179999992,20210217189514,460,0xf,0x1,20.5599995,26.2240238,0.0140613038,0.0826329291,4.17629462e-06,30,1.13999999,1
460215100021128,151019975,2459264.703100814,59264.199756900001,13.2417021,0.0100362534,0,zr,95.527711100000005,7.6605043999999998,0.828000009,-0.0549999997,20210219199757,460,0xf,0x1,20.7399998,26.3175316,0.0140520828,0.0705987513,4.27430768e-06,30,1.14900005,1
460215100021128,151221434,2459266.7175243651,59266.214340300001,13.2280626,0.0100284098,0,zr,95.527695699999995,7.6605056999999999,0.620000005,-0.00700000022,20210221214340,460,0xf,0x1,19.9599991,26.2990646,0.0177769084,0.0742928013,6.70049258e-06,30,1.17799997,1
460215100021128,151423188,2459268.7349068644,59268.231886599999,13.2526751,0.0100425947,0,zr,95.527692200000004,7.6604977999999999,0.778999984,-0.0130000003,20210223231829,460,0xf,0x1,20.2600002,26.2991333,0.0149742756,0.076047793,4.76204059e-06,30,1.23500001,1
460215100021128,151632777,2459270.8306241203,59270.327777799997,13.1924601,0.0100081339,0,zr,95.527706600000002,7.6605166000000002,0.704999983,-0.0160000008,20210225327662,460,0xf,0x1,19.1499996,26.1701469,0.0247507915,0.0787377059,1.25404258e-05,30,2.15799999,1
460215100021128,151821085,2459272.7135436721,59272.210856500002,13.2126656,0.010019606,0,zr,95.527704999999997,7.6605084999999997,0.456999987,-0.0189999994,20210227210856,460,0xf,0x1,19.8999996,26.2885551,0.0170704816,0.0746684894,6.25099119e-06,30,1.20599997,1
460215100021128,152025799,2459274.7605086667,59274.257997699999,13.235054,0.0100324247,0,zr,95.527684399999998,7.6604980999999999,0.444000006,-0.00400000019,20210301257998,460,0xf,0x1,18.6700001,26.2680359,0.0377035402,0.0845929012,3.02501539e-05,30,1.43799996,1
460215100021128,152415217,2459278.6543437429,59278.152175900002,13.233201,0.0100313593,0,zr,95.527703299999999,7.6604986999999998,0.301999986,-0.00499999989,20210305152164,460,0xf,0x1,20.2600002,26.2934761,0.0166593753,0.0754233524,5.83444307e-06,30,1.14199996,1
460215100021128,152629097,2459280.7929474181,59280.290972199997,13.2532425,0.0100429235,0,zr,95.527697200000006,7.6604896,0.646000028,-0.0219999999,20210307290926,460,0xf,0x1,20.7700005,26.2253532,0.0141691212,0.076422669,4.22973017e-06,30,1.97599995,1
460215100021128,153819495,2459292.6958190058,59292.194953699996,13.2412653,0.010036001,0,zr,95.527703200000005,7.6605034999999999,0.824000001,-0.00700000022,20210319194954,460,0xf,0x1,20.6100006,26.2313194,0.0151266987,0.0756930411,4.96117991e-06,30,1.35399997,1
460215100021128,154019146,2459294.6921448829,59294.191469899997,13.2401037,0.0100353314,0,zr,95.527697200000006,7.6605081999999998,0.841000021,-0.0149999997,20210321191470,460,0xf,0x1,19.5799999,26.2069378,0.0202417281,0.0741800442,8.6391201e-06,30,1.36500001,1
460215100021128,154215229,2459296.652779235,59296.152291699997,13.2115326,0.0100189606,0,zr,95.527700100000004,7.6605147999999996,0.52700001,-0.00100000005,20210323152280,460,0xf,0x1,19.2700005,26.2439003,0.023081515,0.0782385245,1.1247057e-05,30,1.22500002,1
460215100021128,154415061,2459298.6509095412,59298.150613400001,13.2181921,0.0100227594,0,zr,95.527694499999996,7.6605287999999998,0.573000014,0.00300000003,20210325150602,460,0xf,0x1,19.2700005,26.1796322,0.023405049,0.0691251531,1.15066186e-05,30,1.23699999,1
460215100021128,154717656,2459301.6765686492,59301.176562499997,13.2406158,0.0100356266,0,zr,95.527689699999996,7.6605153000000001,0.711000025,-0.023,20210328176551,460,0xf,0x1,19.7800007,26.2307053,0.0172028802,0.0740830302,6.20904711e-06,30,1.38900006,1
460215100021128,154915496,2459303.6547820834,59303.154965299997,13.2390585,0.0100347297,0,zr,95.527704400000005,7.6604934,0.601000011,-0.0240000002,20210330154965,460,0xf,0x1,20.5,26.2634811,0.0139392186,0.0721953809,4.14638316e-06,30,1.30499995,1
460215100021128,155220821,2459306.7077429178,59306.208217599997,13.2536726,0.0100431712,0,zr,95.527700100000004,7.6604992000000003,1.03799999,-0.0329999998,20210402208218,460,0xf,0x1,20.6000004,26.1498337,0.0155584365,0.076917693,5.22234495e-06,30,1.79799998,1
460215100021128,155417177,2459308.6711095916,59308.1717708,13.2129688,0.0100197783,0,zr,95.527696399999996,7.6605100000000004,0.331999987,0.0250000004,20210404171771,460,0xf,0x1,20.6900005,26.23666,0.0144859469,0.0787412971,4.40375788e-06,30,1.48500001,1
460215100021128,155617251,2459310.6716612424,59310.172511600002,13.1927166,0.0100082792,0,zr,95.527701300000004,7.6605169999999996,1.05599999,-0.00600000005,20210406172512,460,0xf,0x1,19.9699993,26.2111931,0.0166341551,0.0773904771,5.82714893e-06,30,1.53400004,1
460215100021128,155818438,2459312.6833472201,59312.184386599998,13.2289896,0.0100289406,0,zr,95.527698099999995,7.6605071999999996,0.319999993,-0.0120000001,20210408184387,460,0xf,0x1,20.3400002,26.2288628,0.0176696926,0.0755800158,6.72129954e-06,30,1.70599997,1
460215100021128,156015603,2459314.6548069003,59314.156030099999,13.2452393,0.0100382939,0,zr,95.527698400000006,7.6605087999999997,0.667999983,-0.0320000015,20210410156019,460,0xf,0x1,20.4899998,26.2354565,0.0147382701,0.0765661597,4.52502309e-06,30,1.49000001,1
460215100021128,156216188,2459316.6604779973,59316.161886599999,13.2317581,0.0100305295,0,zr,95.527703599999995,7.6605049000000003,0.699000001,-0.0469999984,20210412161875,460,0xf,0x1,20.6000004,26.1594658,0.0153026981,0.0795455128,4.9500668e-06,30,1.58500004,1
460215100021128,156516099,2459319.6593131712,59319.160995400001,13.2548809,0.0100438716,0,zr,95.527696399999996,7.6604958999999999,0.317999989,-0.0140000004,20210415160995,460,0xf,0x1,20.3500004,26.1231346,0.0147319259,0.0809002742,4.55397503e-06,30,1.65799999,1
460215100021128,156720569,2459321.7038283646,59321.2056944,13.2253809,0.0100268722,0,zr,95.527696300000002,7.6605033999999996,0.150000006,0.0160000008,20210417205683,460,0xf,0x1,20.1299992,26.0292549,0.0181443635,0.0772023052,6.99131124e-06,30,2.60100007,1
460215100021128,170947857,2459463.976660456,59463.478576399997,13.2328262,0.0100311441,0,zr,95.527721099999994,7.6604863999999999,0.947000027,-0.0120000001,20210906478576,460,0xf,0x1,20.7299995,26.1867867,0.0173778683,0.0783025101,6.38245274e-06,30,1.92499995,1
460215100021128,171247851,2459466.976871002,59466.4785185,13.21103,0.0100186737,0,zr,95.5277174,7.6604868000000002,0.31099999,-0.023,20210909478507,460,0xf,0x1,20.8500004,26.16609,0.0153680062,0.0729138553,4.99934458e-06,30,1.80599999,1
460215100021128,171547686,2459469.9754889235,59469.476863399999,13.256424,0.0100447666,0,zr,95.527717199999998,7.6604929999999998,0.470999986,-0.0260000005,20210912476863,460,0xf,0x1,20.9799995,26.2295151,0.0136897927,0.0757149011,4.04524599e-06,30,1.72300005,1
460215100021128,171849782,2459472.9967287369,59472.497824099999,13.2525501,0.0100425221,0,zr,95.5277052,7.6604823,0.435000002,-0.0170000009,20210915497812,460,0xf,0x1,20.7399998,26.2474842,0.0162160639,0.0745558664,5.60647231e-06,30,1.454,1
460215100021128,172350074,2459478.0001144195,59477.500740700001,13.2284517,0.0100286324,0,zr,95.527720900000006,7.6604881999999996,0.256000012,-0.00800000038,20210920500637,460,0xf,0x1,20.1299992,26.2863235,0.0164114293,0.0716097206,5.62200103e-06,30,1.35300004,1
460215100021128,172545540,2459479.9549638075,59479.455405100001,13.2145405,0.0100206751,0,zr,95.527712699999995,7.6604995999999996,0.744000018,-0.0710000023,20210922455405,460,0xf,0x1,20.1599998,26.2284603,0.0161530543,0.0739076138,5.43679744e-06,30,1.65699995,1
460215100021128,173049515,2459484.9951890176,59484.495150499999,13.232379,0.0100308862,0,zr,95.527707500000005,7.6604945999999998,0.61500001,0.0430000015,20210927495116,460,0xf,0x1,20.2800007,26.1943512,0.0172577444,0.0750260055,6.31839521e-06,30,1.28900003,1
460215100021128,173350178,2459488.0021079439,59487.501782400002,13.2663593,0.0100505408,0,zr,95.527685899999994,7.6605075999999999,0.72299999,-0.0350000001,20210930501771,460,0xf,0x1,20.3199997,26.2697277,0.0177253708,0.0766569972,6.68533949e-06,30,1.23500001,1
460215100021128,173546347,2459489.963984855,59489.463472199997,13.2271338,0.0100278761,0,zr,95.527707599999999,7.6605059999999998,0.874000013,0.0240000002,20211002463472,460,0xf,0x1,20.7399998,26.2555962,0.013702983,0.0786307231,3.98368365e-06,30,1.37800002,2
460215100021128,174246068,2459496.9618585389,59496.460682899997,13.2547379,0.0100437887,0,zr,95.527707000000007,7.6604942999999999,0.569999993,0.00800000038,20211009460671,460,0xf,0x1,20.7900009,26.285244,0.0135162948,0.0781370848,3.85230942e-06,30,1.296,1
460215100021128,174942099,2459503.9228157811,59503.420995400003,13.2222252,0.0100250654,0,zr,95.527727499999997,7.6605059999999998,0.391000003,-0.0170000009,20211016420984,460,0xf,0x1,20.4599991,26.2404919,0.0150036672,0.076350905,4.75333445e-06,30,1.403,1
460215100021128,175544225,2459509.9446160276,59509.442256900002,13.2831106,0.010060329,0,zr,95.527707399999997,7.6604903999999996,0.561999977,-0.0260000005,20211022442257,460,0xf,0x1,20.3199997,26.2894764,0.0180511903,0.073339209,6.84326596e-06,30,1.23300004,1
460215100021128,175739820,2459511.9007352972,59511.398205999998,13.2522898,0.0100423712,0,zr,95.527717100000004,7.6605040000000004,0.481999993,-0.0209999997,20211024397859,460,0xf,0x1,20.2000008,26.2726021,0.0149169602,0.0771403164,4.74408898e-06,30,1.40900004,1
460215100021128,176343684,2459517.9398772963,59517.436840299997,13.2408943,0.0100357868,0,zr,95.527712399999999,7.6604967000000004,1.02199996,-0.0329999998,20211030436840,460,0xf,0x1,20.9699993,26.3222904,0.0148556679,0.0637678355,4.7320741e-06,30,1.19000006,1
460215100021128,176744818,2459521.9515401633,59521.4481829,13.2754431,0.0100558419,0,zr,95.5277174,7.6604926000000004,0.626999974,-0.0130000003,20211103448171,460,0xf,0x1,21.0200005,26.3127022,0.0127075808,0.0741903856,3.36043263e-06,30,1.153,1
460215100021128,176949793,2459524.0014548111,59523.4979398,13.2637033,0.0100489957,0,zr,95.527704600000007,7.6605040999999998,0.736000001,-0.0130000003,20211105497940,460,0xf,0x1,21.2000008,26.3008823,0.0156403296,0.0749063119,5.16251521e-06,30,1.15799999,1
460215100021128,177536168,2459529.8656316367,59529.361689799996,13.2382803,0.0100342808,0,zr,95.527702599999998,7.6605023000000001,0.718999982,-0.00700000022,20211111361678,460,0xf,0x1,20.6499996,26.2962227,0.0146260373,0.0758089572,4.58113846e-06,30,1.33800006,1
460215100021128,177740047,2459531.904555683,59531.400474499998,13.2238264,0.0100259818,0,zr,95.527703799999998,7.6604907000000004,0.703000009,0.0480000004,20211113400475,460,0xf,0x1,21.1499996,26.297369,0.0150503116,0.0773888454,4.76230252e-06,30,1.18599999,1
460215100021128,178239611,2459536.9005123237,59536.396111100003,13.2755747,0.0100559173,0,zr,95.527710200000001,7.6604840999999997,0.601999998,-0.0160000008,20211118396100,460,0xf,0x1,19.9599991,26.1788979,0.0171891656,0.0638911873,6.21473328e-06,30,1.16799998,1
460215100021128,178427534,2459538.7798605268,59538.275347199997,13.2558565,0.0100444378,0,zr,95.527700800000005,7.6604913000000003,1.12600005,-0.0460000001,20211120275312,460,0xf,0x1,19.5599995,26.1864109,0.0186845809,0.0731210709,7.09902542e-06,30,1.90100002,1
460215100021128,179635380,2459550.8589256629,59550.353807899999,13.2271967,0.0100279124,0,zr,95.527715000000001,7.6604957999999996,0.888000011,0.0109999999,20211202353796,460,0xf,0x1,21.0499992,26.3073502,0.0147964424,0.0679059178,4.57746455e-06,30,1.17499995,1
460215100021128,186827881,2459622.7826995356,59622.278819400002,13.3135347,0.0100782793,0,zr,95.527692999999999,7.6604928000000001,0.606000006,-0.00200000009,20220212278808,460,0xf,0x1,19.5100002,26.2779884,0.0199385174,0.0675316826,8.19154957e-06,30,1.29499996,1
460215100021128,187032427,2459624.828003786,59624.324270800003,13.302063,0.0100714844,0,zr,95.527709200000004,7.6604861,1.06900001,0.00200000009,20220214324259,460,0xf,0x1,19.7700005,26.2539539,0.0167685132,0.0729345083,5.89747651e-06,30,1.64499998,1
460215100021128,187331932,2459627.8228381299,59627.319328700003,13.2462034,0.0100388508,0,zr,95.527684199999996,7.6605017999999996,1.05299997,0.00100000005,20220217319317,460,0xf,0x1,18.7199993,26.1991062,0.0354303569,0.0726506114,2.63133206e-05,30,1.67999995,1
460215100021128,187523874,2459629.7421113779,59629.238749999997,13.2290831,0.0100289956,0,zr,95.527701800000003,7.6605087999999997,1.00199997,0.00999999978,20220219238738,460,0xf,0x1,20.1499996,26.2885704,0.0162311494,0.0647082701,5.53928703e-06,30,1.22000003,1
460215100021128,188215065,2459636.6534591252,59636.150659699997,13.296814,0.0100683877,0,zr,95.527698400000006,7.6605067,0.584999979,0.00100000005,20220226150648,460,0xf,0x1,20.8799992,26.2746925,0.0143049136,0.0778706074,4.32159914e-06,30,1.14100003,1
460215100021128,188421236,2459638.7149850153,59638.212361099999,13.2441788,0.010037682,32768,zr,95.527681400000006,7.6605040000000004,1.11500001,-0.0160000008,20220228212350,460,0xf,0x1,19.3299999,25.8292637,0.0220545568,0.0813213661,1.01633805e-05,30,1.21500003,1
460215100021128,191715194,2459671.6514995061,59671.151944400001,13.2288733,0.0100288745,0,zr,95.527697700000004,7.6604951999999997,0.657000005,0.00899999961,20220402151933,460,0xf,0x1,20.8299999,26.219223,0.0139506543,0.0791638419,4.12925556e-06,30,1.32599998,1
460215100021128,192020593,2459674.7052024389,59674.205937500003,13.3030729,0.0100720823,0,zr,95.527698799999996,7.6605165,0.504999995,-0.0179999992,20220405205926,460,0xf,0x1,20.2199993,26.1662769,0.0161316898,0.0839185417,5.63570393e-06,30,1.87199998,1
460215100021128,192215468,2459676.6537686507,59676.154687499999,13.2840586,0.0100608859,0,zr,95.527684800000003,7.6604988000000001,0.921000004,-0.0160000008,20220407154676,460,0xf,0x1,19.9599991,26.1891174,0.0166640375,0.0775442347,5.75162858e-06,30,1.41799998,1
460215100021128,192419688,2459678.6957764123,59678.196886600002,13.2460556,0.0100387651,0,zr,95.527698000000001,7.6605043999999998,0.950999975,0.00600000005,20220409196875,460,0xf,0x1,20.0799999,26.1111526,0.0170988683,0.0763493925,6.17641535e-06,30,1.89999998,1
460215100021128,192816223,2459682.6607569987,59682.162233800002,13.2107067,0.0100184912,0,zr,95.527702599999998,7.6605042000000001,1.00600004,0.0270000007,20220413162234,460,0xf,0x1,19.8199997,26.1725521,0.0172292888,0.0797866434,6.36144114e-06,30,1.60800004,1
460215100021128,193119959,2459685.6978423251,59685.199594899997,13.2731438,0.010054498,0,zr,95.527694100000005,7.6605078999999998,0.39199999,-0.00899999961,20220416199595,460,0xf,0x1,19.3299999,26.1563377,0.0231760889,0.0787829533,1.11308427e-05,30,2.32999992,1
460215100021128,208944834,2459843.9477840732,59843.448344900004,13.2916746,0.01006536,0,zr,95.527738600000006,7.6604954999999997,0.671000004,0.00300000003,20220921448333,460,0xf,0x1,20.4599991,26.2460423,0.0196101032,0.0785825551,8.11066093e-06,30,1.78100002,1
460215100021128,209247626,2459846.9759883047,59846.476261600001,13.2037678,0.0100145433,0,zr,95.527713300000002,7.6604953,1.028,0.0170000009,20220924476250,460,0xf,0x1,20.9899998,26.2575607,0.0156634655,0.0713653564,5.2523219e-06,30,1.43900001,1
460215100021128,209449950,2459848.9994218634,59848.499502300001,13.2302532,0.0100296661,0,zr,95.527706699999996,7.6604970000000003,0.870999992,-0.0469999984,20220926499502,460,0xf,0x1,21,26.2630634,0.0134358965,0.0771601796,3.86748206e-06,30,1.28499997,1
460215100021128,209650230,2459851.0024139564,59850.502303200003,13.2901144,0.0100644417,0,zr,95.527708599999997,7.6604926999999998,0.936999977,-0.0289999992,20220928502280,460,0xf,0x1,21.1299992,26.2571049,0.0148631977,0.0676851198,4.69391443e-06,30,1.25399995,1
460215100021128,209944243,2459853.9428220172,59853.4424306,13.2682705,0.0100516547,0,zr,95.527705299999994,7.6604950000000001,0.666999996,0.00899999961,20221001442431,460,0xf,0x1,21.2999992,26.2403755,0.0183333363,0.0806483254,6.97235146e-06,30,1.55200005,1
460215100021128,210248077,2459856.9814563547,59856.4807755,13.2713633,0.0100534577,0,zr,95.527704099999994,7.6604976000000002,0.818000019,-0.00800000038,20221004480718,460,0xf,0x1,21.0900002,26.2615547,0.0148826949,0.0747180358,4.64609275e-06,30,1.273,1
460215100021128,210448520,2459858.9860793296,59858.485208300001,13.226469,0.0100274952,0,zr,95.527713399999996,7.6605002000000004,0.407000005,-0.0270000007,20221006485208,460,0xf,0x1,21.1499996,26.257225,0.0135727283,0.0769056976,3.89970728e-06,30,1.23800004,1
460215100021128,210644252,2459860.943578986,59860.442523099999,13.2161341,0.010021585,0,zr,95.527702000000005,7.6604982000000001,0.995999992,0.00499999989,20221008442523,460,0xf,0x1,20.4200001,26.2481022,0.0153453834,0.0701179802,5.01278964e-06,30,1.40900004,1
460215100021128,210848295,2459862.984198967,59862.482951400001,13.2558575,0.0100444378,0,zr,95.527713599999998,7.6604846000000002,0.833000004,0.00999999978,20221010482951,460,0xf,0x1,20.1599998,26.2738018,0.0145157827,0.0657967478,4.437185e-06,30,1.21200001,1
460215100021128,211037045,2459864.8718750053,59864.370451399998,13.2873325,0.0100628072,0,zr,95.527711100000005,7.6604849000000002,0.86500001,-0.050999999,20221012370451,460,0xf,0x1,19.7099991,26.1315002,0.0213910937,0.0679738596,9.57545035e-06,30,2.11400008,1
460215100021128,211249893,2459867.0005559358,59866.498935199998,13.2854042,0.0100616748,0,zr,95.527703299999999,7.6604901999999999,0.800999999,-0.0489999987,20221014498935,460,0xf,0x1,20.4300003,26.277317,0.0149824172,0.0688638762,4.68549433e-06,30,1.15900004,1
460215100021128,211644074,2459870.9427210446,59870.440740700004,13.2674246,0.010051162,0,zr,95.527713700000007,7.6604935000000003,0.670000017,0.0130000003,20221018440729,460,0xf,0x1,20.7199993,26.2726707,0.0143584944,0.0713047311,4.35508082e-06,30,1.27999997,1
460215100021128,211845858,2459872.9607493561,59872.458588000001,13.1961832,0.0100102406,0,zr,95.527707300000003,7.6605051,0.75,0.0199999996,20221020458588,460,0xf,0x1,20.9500008,26.2828846,0.0135759981,0.0713772774,3.96529958e-06,30,1.20500004,1
460215100021128,212049993,2459875.0022726245,59874.499930600003,13.211628,0.0100190146,0,zr,95.527717800000005,7.6604891999999998,0.43900001,0.023,20221022499931,460,0xf,0x1,21.0900002,26.2813454,0.0124238301,0.0732746199,3.31547176e-06,30,1.13999999,1
460215100021128,212446792,2459878.9706134349,59878.4679282,13.283164,0.0100603616,0,zr,95.527703000000002,7.6605052999999996,1.08000004,-0.0799999982,20221026467928,460,0xf,0x1,20.7600002,26.2832432,0.0132222176,0.0762140825,3.67547182e-06,30,1.15600002,1
460215100021128,212645993,2459880.9627837176,59880.459930600002,13.2557554,0.0100443792,0,zr,95.527702700000006,7.6604992000000003,0.584999979,-0.0390000008,20221028459919,460,0xf,0x1,20.7900009,26.2814541,0.0133927027,0.0748566613,3.81993232e-06,30,1.15999997,1
460215100021128,213343895,2459887.9423727067,59887.438958300001,13.2327118,0.010031078,32768,zr,95.527711699999998,7.6604836000000001,0.572000027,-0.0140000004,20221104438299,460,0xf,0x1,20.6499996,26.2829151,0.0134179378,0.0706180856,3.84200621e-06,30,1.16299999,1
460215100021128,213544156,2459889.9451294532,59889.441562499997,13.2669163,0.0100508658,0,zr,95.527715299999997,7.6605067,0.737999976,0.0160000008,20221106441562,460,0xf,0x1,20.1800003,26.2885342,0.0149988383,0.0765830055,4.8952229e-06,30,1.15199995,1
460215100021128,214139269,2459895.8966920446,59895.392696800001,13.2644205,0.010049413,0,zr,95.527704200000002,7.6604986999999998,0.819000006,-0.0399999991,20221112392697,460,0xf,0x1,20.1599998,26.2688427,0.0156037537,0.0742892176,5.16356886e-06,30,1.21300006,1
460215100021128,214333881,2459897.8429460027,59897.3388194,13.1850471,0.0100039486,0,zr,95.527717600000003,7.6604980999999999,0.913999975,-0.00300000003,20221114338808,460,0xf,0x1,19.6399994,26.2453613,0.021160217,0.0759875402,9.4425468e-06,30,1.42700005,1
460215100021128,214536430,2459899.8685641433,59899.3643056,13.208231,0.0100170802,32768,zr,95.527703000000002,7.6605387,0.85799998,-0.00400000019,20221116364294,460,0xf,0x1,18.3600006,26.3101616,0.0532479808,0.0946832374,6.78881333e-05,30,1.26900005,1
460215100021128,214737319,2459901.8775787461,59901.373194400003,13.1464434,0.00998234004,32768,zr,95.5277083,7.6604960999999996,1.19799995,-0.0500000007,20221118373171,460,0xf,0x1,18.4899998,24.0450001,0.125505015,0.0567712821,0.000338596175,30,1.22099996,1
460215100021128,214935265,2459903.8571537132,59903.352650499997,13.2804184,0.0100587523,0,zr,95.527713000000006,7.6605040999999998,0.358999997,0.00700000022,20221120352512,460,0xf,0x1,20.6200008,26.2891121,0.0143304039,0.0746910125,4.27182385e-06,30,1.27199996,1
460215100021128,215135839,2459905.8630095618,59905.358391200003,13.2248898,0.0100265918,0,zr,95.527707800000002,7.6604909000000001,0.759000003,0.0350000001,20221122358391,460,0xf,0x1,20.8700008,26.1556911,0.0156934243,0.0781019852,5.26156009e-06,30,1.23300004,1
460215100021128,215442024,2459908.9250265681,59908.420243100001,13.2340994,0.0100318752,0,zr,95.527715599999993,7.6605219,0.363999993,0.0170000009,20221125420232,460,0xf,0x1,20.6399994,26.2918053,0.0156219937,0.0835933015,5.26060967e-06,30,1.13999999,1
460215100021128,215640033,2459910.9052187405,59910.400335600003,13.197113,0.0100107677,0,zr,95.527708200000006,7.6605112000000002,0.469999999,0.0109999999,20221127400336,460,0xf,0x1,20.7700005,26.2902699,0.0156240119,0.0806823522,5.16932641e-06,30,1.14100003,1
460215100021128,216039928,2459914.9043492773,59914.399282400002,13.253231,0.010042917,0,zr,95.527706699999996,7.6605258000000003,1.12800002,-0.0170000009,20221201399236,460,0xf,0x1,20.7800007,26.3020115,0.0137807308,0.0780776814,4.03757622e-06,30,1.13900006,1
460215100021128,216933910,2459923.8444979251,59923.339108799999,13.2145815,0.0100206994,0,zr,95.527692900000005,7.6605108,1.08200002,-0.0350000001,20221210338947,460,0xf,0x1,19.6900005,26.2825432,0.0174015984,0.0769904852,6.41111637e-06,30,1.16499996,1
460215100021128,217429376,2459928.7992744567,59928.293761599998,13.2744818,0.0100552794,0,zr,95.527698700000002,7.6605026000000001,0.667999983,0.00600000005,20221215293657,460,0xf,0x1,20.7000008,26.2228756,0.0144618545,0.0781089738,4.55962299e-06,30,1.23899996,1
460215100021128,217833797,2459932.843558351,59932.337974499998,13.2449522,0.0100381272,32768,zr,95.527704900000003,7.660514,0.896000028,0.00999999978,20221219337963,460,0xf,0x1,20.9599991,26.2792244,0.0151689006,0.0813883692,4.87404259e-06,30,1.14199996,1
460215100021128,218038381,2459934.8894286868,59934.383819399998,13.2388134,0.0100345882,0,zr,95.527698900000004,7.6605315000000003,0.680999994,0.0199999996,20221221383692,460,0xf,0x1,20.3899994,26.2764645,0.016097229,0.0793042779,5.64548691e-06,30,1.17499995,1
460215100021128,218230498,2459936.8106151153,59936.304988399999,13.2263746,0.0100274412,0,zr,95.527704099999994,7.6605024000000004,0.515999973,-0.0209999997,20221223304988,460,0xf,0x1,21.1200008,26.2798615,0.0162781011,0.0767470524,5.72406088e-06,30,1.16299999,1
460215100021128,219729458,2459951.8001303379,59951.294583299998,13.2299805,0.0100295106,0,zr,95.527696700000007,7.6605657000000003,0.884000003,0.00999999978,20230107294572,460,0xf,0x1,19.0900002,26.286026,0.0254231356,0.0819403976,1.35731034e-05,30,1.13900006,1
460215100021128,220225006,2459956.7555071441,59956.250069399997,13.2658901,0.0100502679,0,zr,95.527703299999999,7.6604852000000001,0.310000002,-0.00200000009,20230112250058,460,0xf,0x1,20.5499992,26.2928333,0.0152925961,0.074362129,4.93942389e-06,30,1.16299999,1
460215100021128,221323324,2459967.7382945959,59967.233240699999,13.2375374,0.0100338534,0,zr,95.527693200000002,7.6605299000000002,0.662,0.00200000009,20230123233241,460,0xf,0x1,19.6700001,26.2786255,0.0237759035,0.087539494,1.19832139e-05,30,1.148,1
460215100021128,221529839,2459969.8033519015,59969.298391199998,13.25348,0.0100430595,0,zr,95.527709200000004,7.6605227999999999,0.527999997,-0.0199999996,20230125298345,460,0xf,0x1,20.5499992,26.2787914,0.0157888755,0.0808685347,5.39041775e-06,30,1.19599998,1
460215100021128,221730940,2459971.8142735567,59971.309409699999,13.2470341,0.0100393305,0,zr,95.527703500000001,7.6605083,0.925999999,-0.023,20230127309410,460,0xf,0x1,20.4099998,26.2731953,0.0154613014,0.0823209584,5.030176e-06,30,1.24199998,1
460215100021128,222519224,2459979.6966744815,59979.192245400001,13.2761574,0.0100562582,0,zr,95.527692299999998,7.6605295,0.699999988,0.00300000003,20230204192222,460,0xf,0x1,19.7900009,26.2573948,0.0211488698,0.0783371627,9.45517604e-06,30,1.15600002,1
460215100021128,223016486,2459984.6689735549,59984.164861099998,13.256629,0.0100448858,0,zr,95.527728100000004,7.6605027999999997,0.616999984,-0.0179999992,20230209164861,460,0xf,0x1,20.2399998,26.2723961,0.0249914341,0.0747743994,1.33130216e-05,30,1.17799997,1
460215100021128,223322002,2459987.7239260017,59987.220023100002,13.2223129,0.0100251157,0,zr,95.527709099999996,7.6604961999999999,0.51700002,-0.0260000005,20230212220023,460,0xf,0x1,21.0200005,26.2694283,0.0140686706,0.0791687891,4.15518389e-06,30,1.14900005,1
460215100021128,223916944,2459993.6729089334,59993.169444400002,13.2806711,0.0100589003,0,zr,95.527716799999993,7.6605420999999998,0.847000003,0.00800000038,20230218169444,460,0xf,0x1,19.7900009,25.9286366,0.0201760586,0.0858347714,8.74174475e-06,30,1.14300001,1
460215100021128,225920349,2460013.7052521408,60013.203495399997,13.2326803,0.0100310603,0,zr,95.527698700000002,7.6604961999999999,0.827000022,-0.0140000004,20230310203472,460,0xf,0x1,20.3700008,26.2690811,0.0153744966,0.0692138076,5.08271069e-06,30,1.27400005,1
460215100021128,227617484,2460030.675001198,60030.174849499999,13.2660999,0.0100503908,0,zr,95.527696000000006,7.6604989999999997,0.685000002,-0.0109999999,20230327174838,460,0xf,0x1,20.7299995,26.2407112,0.015771484,0.0757001117,5.33368393e-06,30,1.35599995,1
460215100021128,228218687,2460036.6864514356,60036.186874999999,13.2681961,0.0100516109,0,zr,95.527697099999997,7.6605093000000002,0.672999978,0.0250000004,20230402186875,460,0xf,0x1,20.0699997,26.2056141,0.0172404312,0.075050503,6.34488288e-06,30,1.55200005,1
460215100021128,228917262,2460043.6715439395,60043.172627300002,13.2760286,0.0100561827,0,zr,95.527707599999999,7.6605125999999997,0.545000017,-0.00800000038,20230409172627,460,0xf,0x1,20.1000004,25.9638729,0.0163930841,0.0810431167,5.7917764e-06,30,1.59599996,1
460215100021128,229122075,2460045.7194784121,60045.220752300003,13.2502003,0.0100411614,0,zr,95.527697799999999,7.6604992999999997,0.666000009,0.00800000038,20230411220741,460,0xf,0x1,20.3899994,26.1276493,0.0151249599,0.0758548528,4.87711714e-06,30,2.51699996,1
460215100021128,229718664,2460051.6848256243,60051.186643499997,13.2297173,0.0100293597,0,zr,95.5276937,7.6605027999999997,0.575999975,-0,20230417186644,460,0xf,0x1,20.6299992,26.1705093,0.0139595084,0.0822179615,4.1133344e-06,30,2.08899999,1
460215100021128,243947472,2460193.9727606182,60193.474722200001,13.2545547,0.0100436835,0,zr,95.527713000000006,7.6604963000000001,0.660000026,-0.0540000014,20230906474711,460,0xf,0x1,20.4899998,26.199976,0.0148187866,0.0776813924,4.6847349e-06,30,2.01399994,1
460215100021128,244244561,2460196.9439165853,60196.445613399999,13.2747784,0.0100554526,0,zr,95.527719500000003,7.6604900000000002,1.17299998,-0.0489999987,20230909445602,460,0xf,0x1,20.2399998,26.0733128,0.0223437734,0.0751494989,1.04235896e-05,30,2.49099994,1
460215100021128,245043215,2460204.9311898886,60204.4321528,13.2798424,0.0100584161,0,zr,95.527714599999996,7.6605004000000001,0.933000028,-0.0410000011,20230917432153,460,0xf,0x1,20.7600002,26.1723518,0.0218243971,0.0705916658,1.00425768e-05,30,2.27099991,1
460215100021128,245247245,2460206.9716822589,60206.4724537,13.2577314,0.0100455256,0,zr,95.527718300000004,7.6604944000000001,0.81400001,-0.0520000011,20230919472454,460,0xf,0x1,20.7800007,26.2559185,0.0129594775,0.0781799033,3.5421026e-06,30,1.58299994,1
460215100021128,245549128,2460209.9907985036,60209.491284700001,13.2800884,0.0100585585,32768,zr,95.527723199999997,7.6605198999999997,1.06400001,0.0250000004,20230922491285,460,0xf,0x1,17.2099991,23.0777645,0.0622740276,0.0811860114,0.000224193456,30,1.38300002,1
460215100021128,245845731,2460212.9571104576,60212.457314799998,13.2210102,0.0100243697,0,zr,95.527714200000005,7.6604824000000002,1.06299996,-0.0649999976,20230925457315,460,0xf,0x1,20.9099998,26.2611351,0.0134940809,0.0711397454,3.79894868e-06,30,1.57099998,1
460215100021128,246144684,2460215.9469209779,60215.446840299999,13.3073664,0.0100746229,0,zr,95.527704900000003,7.6604837999999997,1.23500001,-0.104999997,20230928446840,460,0xf,0x1,20.2900009,26.2516479,0.0186532717,0.0626596287,7.53831409e-06,30,1.59300005,1
460215100021128,246343341,2460217.9336846326,60217.433414400002,13.2602577,0.0100469925,0,zr,95.527740300000005,7.6604869000000004,0.326000005,0.00100000005,20230930433414,460,0xf,0x1,19.2999992,26.2267151,0.021125745,0.0749058425,9.28935242e-06,30,1.67400002,1
460215100021128,246750273,2460222.0033895555,60221.502731499997,13.303997,0.010072629,0,zr,95.527724199999994,7.6605110999999999,0.684000015,0.00100000005,20231004502732,460,0xf,0x1,19.6499996,26.2807636,0.0259710494,0.0644198135,1.4484689e-05,30,1.20500004,1
460215100021128,246948415,2460223.985001266,60223.484155099999,13.2391224,0.010034767,0,zr,95.527710099999993,7.6604812000000004,1.16700006,-0.0109999999,20231006483947,460,0xf,0x1,20.5200005,26.2653484,0.0152786896,0.0675581247,4.99020553e-06,30,1.24300003,1
460215100021128,247146356,2460225.9645981342,60225.463564799997,13.20755,0.0100166928,0,zr,95.527704,7.6604983000000004,0.686999977,0.0949999988,20231008463553,460,0xf,0x1,20.8600006,26.2464409,0.0143794408,0.0765345097,4.43138379e-06,30,1.30200005,1
460215100021128,247746635,2460231.9679482952,60231.466354199998,13.26548,0.0100500295,0,zr,95.527700300000006,7.6604926000000004,0.84799999,-0.0299999993,20231014466343,460,0xf,0x1,20.8899994,26.2626915,0.0131668188,0.0749026984,3.66471636e-06,30,1.23099995,1
460215100021128,247948513,2460233.9869184643,60233.485138900003,13.2827854,0.010060139,0,zr,95.527722299999994,7.6604922000000002,1.42200005,-0.0410000011,20231016485139,460,0xf,0x1,20.7000008,26.2877655,0.0166545436,0.0658039898,5.80273536e-06,30,1.17299998,1
460215100021128,248145613,2460235.9580930243,60235.456134300002,13.2663116,0.0100505138,0,zr,95.527709200000004,7.6604941999999996,0.603999972,0.0399999991,20231018456134,460,0xf,0x1,21.0200005,26.2884178,0.0133899953,0.0697197542,3.74075421e-06,30,1.22800004,1
460215100021128,248338732,2460237.8894585897,60237.387326399999,13.1894474,0.0100064324,0,zr,95.527714799999998,7.6604856000000003,0.42899999,-0.00999999978,20231020387326,460,0xf,0x1,20.9200001,26.2371387,0.0126832668,0.0769979432,3.46448928e-06,30,1.58800006,1
460215100021128,248543649,2460239.9388070046,60239.436493100002,13.2492867,0.0100406324,0,zr,95.527725899999993,7.6604711999999999,0.866999984,-0.0170000009,20231022436458,460,0xf,0x1,21.0300007,26.2971439,0.0123870904,0.0682157874,3.24220946e-06,30,1.25699997,1
460215100021128,249034144,2460244.8441840014,60244.341446799997,13.2597523,0.0100466991,0,zr,95.527713800000001,7.6604872999999998,0.850000024,-0.0170000009,20231027341447,460,0xf,0x1,19.8400002,26.2152176,0.0162633061,0.0751469433,5.65031996e-06,30,1.91400003,1
460215100021128,249250511,2460247.00803401,60246.505115699998,13.3005257,0.0100705782,0,zr,95.527707399999997,7.6604994,0.391000003,0.00600000005,20231029505116,460,0xf,0x1,20.0699997,26.2811794,0.0154030388,0.0693524033,5.07633968e-06,30,1.14499998,1
460215100021128,249545825,2460249.9614114212,60249.458252299999,13.2274132,0.0100280372,0,zr,95.527710400000004,7.6605112000000002,0.834999979,-0.00600000005,20231101458252,460,0xf,0x1,18.4099998,25.9417095,0.0361425467,0.0749589726,2.71271638e-05,30,1.14999998,1
460215100021128,249742862,2460251.9319381863,60251.428622699998,13.2351389,0.0100324731,0,zr,95.527717600000003,7.6605103999999997,1.23599994,-0.0460000001,20231103428611,460,0xf,0x1,20.2099991,26.2913437,0.0149054956,0.0670417249,4.7086387e-06,30,1.18700004,1
460215100021128,249938124,2460253.8847168144,60253.381249999999,13.2527657,0.010042646,0,zr,95.527707399999997,7.6605118000000001,0.444000006,-0.0170000009,20231105381250,460,0xf,0x1,20.4200001,26.2652054,0.0140204662,0.0800561383,4.18317359e-06,30,1.329,1
460215100021128,250350450,2460258.0082760672,60257.504502299998,13.2606649,0.010047229,0,zr,95.527687999999998,7.6604901999999999,0.652999997,-0.00100000005,20231109504491,460,0xf,0x1,20.0200005,26.2787342,0.0216268096,0.0751952752,1.00777661e-05,30,1.18499994,1
460215100021128,250546254,2460259.9664594154,60259.462546299997,13.2973003,0.0100686736,0,zr,95.527710200000001,7.6605100000000004,0.319999993,0.00100000005,20231111462546,460,0xf,0x1,20.5100002,26.2673702,0.0147672575,0.0792194158,4.66661504e-06,30,1.14100003,1
460215100021128,250745675,2460261.9608098264,60261.456759300003,13.2502241,0.0100411754,0,zr,95.527702500000004,7.6604976999999996,0.493000001,-0.0219999999,20231113456759,460,0xf,0x1,21.0900002,26.2700787,0.0151235843,0.0751877502,4.89410513e-06,30,1.14100003,1
460215100021128,251442969,2460268.9341917802,60268.429699100001,13.2345247,0.0100321202,0,zr,95.527710600000006,7.6605150000000002,0.536000013,-0.00100000005,20231120429421,460,0xf,0x1,20.0799999,26.2750206,0.020607613,0.0827813223,9.03543514e-06,30,1.13900006,1
460215100021128,253440217,2460288.9075596035,60288.402175900002,13.2055492,0.0100155557,0,zr,95.527714700000004,7.6605214999999998,0.444999993,0.00899999961,20231210402164,460,0xf,0x1,20.5699997,26.2630253,0.0145049896,0.0795097724,4.56849875e-06,30,1.15600002,1
460215100021128,253639883,2460290.9042700264,60290.398830999999,13.2285967,0.0100287162,0,zr,95.527702500000004,7.6605005000000004,0.532999992,-0.00700000022,20231212398831,460,0xf,0x1,21.1499996,26.2729969,0.0165998917,0.0739239305,6.10431835e-06,30,1.15900004,1
460215100021128,254132237,2460295.827920075,60295.3223727,13.8906412,0.0104702059,0,zr,95.5277241,7.6608254000000002,3.34200001,0.0799999982,20231217322373,460,0xf,0x1,18.4300003,26.0538273,0.0294330548,0.0720788017,1.83853881e-05,30,1.16199994,1
460215100021128,255439059,2460308.8962277276,60308.390590299998,13.2436981,0.0100374045,32768,zr,95.527696300000002,7.6604976999999996,0.584999979,0.00700000022,20231230390590,460,0xf,0x1,18.9699993,25.5422306,0.0536682606,0.0691332296,6.08979535e-05,30,1.25600004,1
460215100021128,256019393,2460314.6995199765,60314.193935199997,13.190794,0.0100071914,0,zr,95.527716900000001,7.6604995999999996,0.674000025,-0.00499999989,20240105193935,460,0xf,0x1,20.1499996,26.2414322,0.0202649068,0.0835849494,8.92597018e-06,30,1.45099998,1
460215100021128,257023447,2460324.7398394356,60324.2344792,13.2697716,0.0100525292,0,zr,95.5277016,7.6605105,0.521000028,-0.00300000003,20240115234468,460,0xf,0x1,20.8400002,26.256649,0.014479572,0.0775545165,4.49109848e-06,30,1.17700005,1
460215100021128,257222504,2460326.7303423518,60326.225046300002,13.2118616,0.0100191478,0,zr,95.527697200000006,7.6604885999999999,0.449999988,0.00499999989,20240117225046,460,0xf,0x1,20.9099998,26.2632751,0.0127342362,0.0766906142,3.5237922e-06,30,1.18400002,1
460215100021128,258021285,2460334.7178349853,60334.212858799998,13.2893906,0.010064017,0,zr,95.527723300000005,7.6605349,0.65200001,-0.00800000038,20240125212859,460,0xf,0x1,18.2800007,25.9151707,0.0355434939,0.0880724043,2.71585141e-05,30,1.16700006,1
460215100021128,258523775,2460339.7424806757,60339.237754599999,13.2019558,0.0100135142,0,zr,95.527699299999995,7.6604934,0.349999994,-0.0199999996,20240130237743,460,0xf,0x1,20.7299995,26.2690754,0.0137620978,0.0775839537,4.0352711e-06,30,1.13900006,1
460215100021128,258717663,2460341.6812518458,60341.176631900002,13.1859665,0.0100044664,32768,zr,95.5277064,7.6605021000000004,0.388000011,0.00300000003,20240201176620,460,0xf,0x1,19.4599991,25.4319897,0.0404141881,0.0672000349,3.45456428e-05,30,1.20099998,1
460215100021128,259819350,2460352.6974294162,60352.193506900003,13.1927662,0.0100083072,0,zr,95.527733799999993,7.6605537999999997,2.39899993,-0.0350000001,20240212193507,460,0xf,0x1,20.4699993,26.2654419,0.0182485916,0.0818396136,7.15675742e-06,30,1.13999999,1
460215100021128,260019598,2460354.6997635984,60354.195983799997,13.2162342,0.0100216409,0,zr,95.527703000000002,7.6605271000000004,0.686999977,0.0179999992,20240214195984,460,0xf,0x1,20.4899998,26.0577793,0.0166616738,0.0803999826,5.94546009e-06,30,1.13900006,1
460215100021128,261021858,2460364.7215908621,60364.218588000003,13.246397,0.0100389626,32768,zr,95.527704299999996,7.6605002999999998,0.56400001,0.0120000001,20240224218565,460,0xf,0x1,15.8400002,23.4017773,0.0762359202,0.165385559,0.00984709058,30,1.20000005,1
460215100021128,261424284,2460368.7455124217,60368.242847200003,13.2266512,0.0100275995,0,zr,95.527689300000006,7.6605053999999999,0.479999989,-0.00899999961,20240228242836,460,0xf,0x1,20.2800007,26.1932487,0.013854445,0.0814091191,4.09368658e-06,30,1.32299995,1
460215100021128,262415249,2460378.6542848591,60378.152499999997,13.196188,0.0100102443,0,zr,95.527698999999998,7.6604910999999998,0.751999974,0.0140000004,20240309152488,460,0xf,0x1,20.8500004,26.2085743,0.0150607591,0.07457982,4.89604417e-06,30,1.15199995,1
460215100021128,263419157,2460388.6924181781,60388.191574099998,13.2604113,0.0100470819,0,zr,95.527685899999994,7.6604935999999997,0.485000014,0.0359999985,20240319191574,460,0xf,0x1,19.7199993,26.165205,0.0238411091,0.0684690922,1.22947631e-05,30,1.34000003,1
460215100021128,263615180,2460390.6524628201,60390.151805599999,13.2060938,0.0100158649,0,zr,95.527698999999998,7.6604991,0.55400002,-0.0109999999,20240321151806,460,0xf,0x1,20.0699997,26.1726894,0.0192535799,0.0747493878,8.04052615e-06,30,1.21000004,1
460215100021128,281046773,2460564.9662857419,60564.467731500001,13.2971611,0.0100685908,0,zr,95.527719200000007,7.6604868000000002,0.50999999,-0.0419999994,20240911467731,460,0xf,0x1,20.6399994,26.2119293,0.0156185525,0.0798771158,5.14259818e-06,30,1.87199998,1
460215100021128,281247556,2460566.9743057317,60566.475567100002,13.2281809,0.0100284778,0,zr,95.527712600000001,7.6604904999999999,0.748000026,0.00999999978,20240913475556,460,0xf,0x1,20.4099998,25.94701,0.0172261596,0.0831530243,6.30243358e-06,30,1.699,1
460215100021128,281745042,2460571.9496303005,60571.450428199998,13.2517643,0.0100420667,0,zr,95.527709400000006,7.6604899,0.934000015,0.0399999991,20240918450428,460,0xf,0x1,19.7399998,26.1977692,0.0187278334,0.0772842318,7.35871026e-06,30,1.84599996,1
460215100021128,283750010,2460592.0012112148,60591.5001042,13.2468119,0.0100392019,0,zr,95.527704900000003,7.6604875999999997,0.828999996,0.0489999987,20241008500104,460,0xf,0x1,20.7000008,26.0036049,0.0147692394,0.0739053786,4.57141141e-06,30,1.18200004,1
460215100021128,283944267,2460593.9439628483,60593.442673600002,13.1902084,0.0100068618,0,zr,95.527704799999995,7.6604937,0.531000018,-0.00400000019,20241010442674,460,0xf,0x1,20.7900009,26.2481728,0.0136351446,0.0792164207,3.88819262e-06,30,1.36800003,1
460215100021128,284150238,2460596.0038654236,60595.502384300002,13.2166395,0.0100218719,0,zr,95.527713199999994,7.6604804,0.906000018,0.00899999961,20241012502384,460,0xf,0x1,20.9400005,26.284235,0.0126546677,0.0730788261,3.39114604e-06,30,1.15999997,1
460215100021128,284542017,2460599.9220147622,60599.420173600003,13.2689533,0.0100520533,0,zr,95.527697099999997,7.6604852000000001,0.898999989,-0.00899999961,20241016420174,460,0xf,0x1,20.2600002,26.2507572,0.0150916288,0.0708647668,4.77285948e-06,30,1.40400004,1
460215100021128,284848346,2460602.98557809,60602.4834606,13.2481546,0.0100399777,0,zr,95.527718300000004,7.6604918,0.721000016,-0.00899999961,20241019483449,460,0xf,0x1,19.4899998,26.2477531,0.0201775786,0.0830680355,8.70803706e-06,30,1.15900004,1
460215100021128,285244203,2460606.9445034242,60606.442037000001,13.1868439,0.0100049609,0,zr,95.527700100000004,7.6605040000000004,0.944999993,-0,20241023441933,460,0xf,0x1,20.2399998,26.274456,0.0152690755,0.0808209926,4.96483153e-06,30,1.22399998,1
460215100021128,285442390,2460608.9265377144,60608.423900499998,13.2218561,0.010024854,0,zr,95.527705499999996,7.6604878999999997,0.677999973,-0.00300000003,20241025423900,460,0xf,0x1,21.0599995,26.2669525,0.0167327244,0.0739265606,5.98778934e-06,30,1.26600003,1
460215100021128,285639248,2460610.8952923934,60610.392488400001,13.2768688,0.0100566754,32768,zr,95.527704099999994,7.6604907999999998,0.649999976,-0.00800000038,20241027392488,460,0xf,0x1,19.4099998,25.1652355,0.0244560894,0.0792938694,1.2583926e-05,30,1.38999999,1
460215100021128,285947809,2460613.981149537,60613.478090299999,13.2576799,0.0100454958,0,zr,95.527698799999996,7.6605255999999997,1.31700003,-0.0140000004,20241030478090,460,0xf,0x1,20.2999992,26.2641754,0.0179900732,0.083512865,6.90804427e-06,30,1.13999999,1
460215100021128,286433781,2460618.8412564499,60618.337812500002,13.19874,0.0100116897,0,zr,95.527728100000004,7.6605055000000002,0.591000021,-0.0149999997,20241104337812,460,0xf,0x1,20.1000004,26.2031517,0.0212418735,0.0788321048,9.73969327e-06,30,1.653,1
460215100021128,286750287,2460622.0065525007,60621.5028704,13.2144556,0.0100206267,0,zr,95.527712399999999,7.6604925000000001,0.846000016,0.00300000003,20241107502836,460,0xf,0x1,19.5799999,26.2706928,0.0207128972,0.0818681121,8.9956684e-06,30,1.17499995,1
460215100021128,286843686,2460622.9406137425,60622.436863399998,13.2340193,0.0100318296,0,zr,95.527696300000002,7.6605150000000002,0.537999988,-0.00999999978,20241108436852,460,0xf,0x1,20.1100006,26.2725887,0.0169017594,0.0790083781,6.06935555e-06,30,1.14999998,1
460215100021128,287335914,2460627.8632372171,60627.359143499998,13.2725649,0.0100541599,0,zr,95.527706600000002,7.6605068000000003,0.368000001,-0.0179999992,20241113359097,460,0xf,0x1,20.4099998,26.2461624,0.0181210302,0.0796708465,7.02501893e-06,30,1.32099998,1
460215100021128,287439162,2460628.895782568,60628.391620399998,13.287694,0.0100630205,0,zr,95.527700999999993,7.6604904999999999,0.736999989,-0.0410000011,20241114391609,460,0xf,0x1,20.3299999,26.2678547,0.0146510983,0.0740715936,4.4936769e-06,30,1.19799995,1
460215100021128,287737496,2460631.8793178517,60631.374965299998,13.1987886,0.0100117177,0,zr,95.527710799999994,7.6604969000000001,0.526000023,-0.0329999998,20241117374954,460,0xf,0x1,19.6299992,26.2524281,0.0181410275,0.0801484883,7.05186812e-06,30,1.22000003,1
460215100021128,288139226,2460635.8968594712,60635.3922685,13.2451029,0.0100382157,0,zr,95.527705499999996,7.6605033000000002,0.837000012,0.00100000005,20241121392257,460,0xf,0x1,20.4699993,26.2559643,0.0144829322,0.0727024823,4.44841817e-06,30,1.16100001,1
460215100021128,288335902,2460637.8637276208,60637.359027799997,13.2589722,0.0100462455,0,zr,95.527705299999994,7.6604975,0.34799999,-0.00100000005,20241123359016,460,0xf,0x1,20.7099991,26.2631645,0.0136121484,0.0791152194,3.954774e-06,30,1.21899998,1
460215100021128,289040113,2460644.9061789475,60644.401134300002,13.1959047,0.0100100823,0,zr,95.527704900000003,7.6604960999999996,0.691999972,-0.0130000003,20241130401134,460,0xf,0x1,20.7600002,26.2678375,0.015359384,0.0814121291,5.00411261e-06,30,1.13900006,1
460215100021128,289441923,2460648.9244443397,60648.419236100002,13.2731047,0.0100544747,0,zr,95.527715900000004,7.6604755000000004,0.976999998,-0.0350000001,20241204419225,460,0xf,0x1,21.1599998,26.2532196,0.0156260729,0.0704669729,5.25306223e-06,30,1.15999997,1
460215100021128,289642238,2460650.9276647153,60650.4223843,13.2752104,0.010055705,0,zr,95.527699699999999,7.6605074000000002,0.333000004,0.0170000009,20241206422384,460,0xf,0x1,20.7999992,26.2492294,0.014383438,0.0771043301,4.36507207e-06,30,1.17299998,1
460215100021128,289836261,2460652.8679599627,60652.362615700004,13.2752829,0.0100557478,0,zr,95.527705900000001,7.6605062000000004,0.681999981,-0.0120000001,20241208362604,460,0xf,0x1,20.5400009,26.2403717,0.0165976342,0.0762504265,6.13057409e-06,30,1.14400005,1
460215100021128,290437858,2460658.884091578,60658.378588,13.2653208,0.0100499364,32768,zr,95.527717999999993,7.6605347999999998,0.58099997,-0.00400000019,20241214378576,460,0xf,0x1,18.0300007,25.5727081,0.0447481573,0.078896746,4.73138316e-05,30,1.14600003,1
460215100021128,290638034,2460660.8858906529,60660.3803472,13.2520781,0.0100422492,0,zr,95.527696300000002,7.6604900000000002,0.555999994,-0.023,20241216380347,460,0xf,0x1,19.3799992,26.2475185,0.0190220997,0.0778560564,7.55873452e-06,30,1.15199995,1
460215100021128,290945931,2460663.9649088569,60663.459317100001,13.2708483,0.0100531587,0,zr,95.527699799999994,7.6604956,0.748000026,0.00200000009,20241219459016,460,0xf,0x1,20.2099991,26.2366886,0.0147337979,0.0764562413,4.71112298e-06,30,1.46899998,1
460215100021128,291137435,2460665.8799657677,60665.374351899998,13.2794952,0.0100582121,0,zr,95.527696000000006,7.6604814000000001,1.14699996,0.0540000014,20241221374329,460,0xf,0x1,20.7800007,26.2709713,0.0146360816,0.0711142123,4.61570426e-06,30,1.16199994,1
460215100021128,291339980,2460667.9054336608,60667.399803200002,13.2292967,0.0100291176,32768,zr,95.5277466,7.6605922,1.74399996,0.0130000003,20241223399722,460,0xf,0x1,18.6100006,25.662487,0.0368450135,0.085171707,2.88413157e-05,30,1.23000002,1
460215100021128,291738153,2460671.887182184,60671.381539399998,13.3038836,0.0100725619,32768,zr,95.527705800000007,7.6604986000000004,0.486999989,-0.0250000004,20241227381528,460,0xf,0x1,19.5300007,25.4167576,0.0320719816,0.0644887835,2.18218993e-05,30,1.20899999,1
460215100021128,292127460,2460675.7802351797,60675.274606500003,13.2660542,0.0100503638,0,zr,95.527699200000001,7.6604986999999998,0.393000007,-0.0289999992,20241231274606,460,0xf,0x1,21.0300007,26.2743282,0.013163548,0.0756974444,3.68226051e-06,30,1.17400002,1
460215100021128,292327461,2460677.7802294735,60677.274618099997,13.2658291,0.0100502325,0,zr,95.527703200000005,7.6604916999999997,0.504000008,0.00300000003,20250102274340,460,0xf,0x1,20.9699993,26.272953,0.0138305081,0.0782992616,4.03520244e-06,30,1.16499996,1
460215100021128,292532334,2460679.8289314993,60679.323344900004,13.2637033,0.0100489957,0,zr,95.527716699999999,7.6605220999999997,0.393999994,-0.0160000008,20250104323333,460,0xf,0x1,20.6700001,26.2706032,0.0164710265,0.0835305303,5.77002174e-06,30,1.14699996,1
460215100021128,292623247,2460680.7380502145,60680.232476899997,13.2537518,0.0100432169,32768,zr,95.527702300000001,7.6605175000000001,0.68599999,-0.0209999997,20250105232465,460,0xf,0x1,17.5699997,23.9773426,0.0558419302,0.0862367973,9.67168598e-05,30,1.24800003,1
460215100021128,292926173,2460683.7672552112,60683.261736100001,13.2017193,0.0100133801,0,zr,95.5277016,7.6605220000000003,0.686999977,0.00200000009,20250108261725,460,0xf,0x1,19.2900009,26.1987095,0.0252524447,0.0909703001,1.34378297e-05,30,1.15999997,1
460215100021128,293425491,2460688.760315639,60688.254918999999,13.2489195,0.0100404201,0,zr,95.527707399999997,7.6605300999999999,0.851000011,-0.00899999961,20250113254907,460,0xf,0x1,18.8400002,26.2593956,0.0279879924,0.0848060921,1.64227877e-05,30,1.15199995,1
460215100021128,293831240,2460692.8176747994,60692.312407400001,13.2592936,0.0100464318,0,zr,95.527698400000006,7.6605039000000001,0.582000017,0.00400000019,20250117312396,460,0xf,0x1,20.4099998,26.239975,0.0156123415,0.0743153691,5.25443738e-06,30,1.18200004,1
460215100021128,294029342,2460694.798620726,60694.293425900003,13.2259092,0.0100271748,0,zr,95.527700199999998,7.6605163999999997,0.663999975,-0.0410000011,20250119293356,460,0xf,0x1,20.5300007,26.2621689,0.0142176514,0.0795455426,4.29263218e-06,30,1.15900004,1
460215100021128,294323731,2460697.7423904999,60697.237314799997,13.2367868,0.0100334212,32768,zr,95.527715700000002,7.6604999999999999,0.497000009,-0.00400000019,20250122237303,460,0xf,0x1,18.5699997,25.3480186,0.0358256251,0.0809727013,2.70078672e-05,30,1.14600003,1
460215100021128,294523141,2460699.7363994764,60699.231412000001,13.2279186,0.0100283269,0,zr,95.5276906,7.6605295,0.913999975,0.0120000001,20250124231412,460,0xf,0x1,19.3700008,26.2979641,0.0285767596,0.0907549784,1.74416891e-05,30,1.14600003,1
460215100021128,295225952,2460706.7641552826,60706.259525499998,13.2431955,0.0100371148,32768,zr,95.527694699999998,7.6605146,1.47300005,-0.0359999985,20250131259479,460,0xf,0x1,19.8999996,25.7356434,0.0442775674,0.0783047304,4.11735709e-05,30,1.15799999,1
460215100021128,296821078,2460722.7143632672,60722.210787000004,13.2255383,0.0100269616,0,zr,95.527695899999998,7.6605106999999997,0.178000003,-0.00600000005,20250216210787,460,0xf,0x1,20.1499996,26.2410889,0.0157959051,0.0785947517,5.41579902e-06,30,1.15199995,1
460215100021128,297032663,2460724.8300464973,60724.326631900003,13.2584476,0.010045941,0,zr,95.5276858,7.6604999999999999,0.657000005,-0.00400000019,20250218326620,460,0xf,0x1,19.8199997,26.1123543,0.0199628565,0.0833576545,8.51129334e-06,30,1.81099999,1
460215100021128,297230518,2460726.8084446685,60726.305185199999,13.2676754,0.0100513082,0,zr,95.527700600000003,7.6605043999999998,0.541999996,-0.00100000005,20250220305174,460,0xf,0x1,20.4699993,26.2170486,0.0141778402,0.0806517377,4.27187706e-06,30,1.62399995,1
460215100021128,297421540,2460728.7185113048,60728.215405100003,13.2861967,0.0100621404,0,zr,95.527696500000005,7.6604896,1.03499997,-0.0379999988,20250222215405,460,0xf,0x1,20.6800003,26.2634296,0.0158850402,0.073753193,5.27262682e-06,30,1.18499994,1
460215100021128,297621645,2460730.7194003551,60730.216458299998,13.2662268,0.0100504644,0,zr,95.527700300000006,7.6604931000000001,1.01100004,-0.0309999995,20250224216435,460,0xf,0x1,20.3999996,26.2620106,0.0147288013,0.0719797462,4.59718194e-06,30,1.199,1
460215100021128,297824319,2460732.7459667004,60732.243194399998,13.2442455,0.0100377202,0,zr,95.527699699999999,7.6604950000000001,0.30399999,0.023,20250226243183,460,0xf,0x1,20.8199997,26.2431469,0.0140529089,0.0751388595,4.28483963e-06,30,1.30900002,1
460215100021128,298519349,2460739.6956621669,60739.193495400003,13.2983885,0.0100693153,32768,zr,95.527695699999995,7.6604891999999998,1.67299998,0.00899999961,20250305193484,460,0xf,0x1,19.4599991,25.4837189,0.0211591683,0.0648727864,9.48023808e-06,30,1.20299995,1
460215100021128,298916548,2460743.667293218,60743.165486099999,13.2674351,0.0100511676,0,zr,95.527701800000003,7.6604931000000001,0.694999993,0.00600000005,20250309165486,460,0xf,0x1,19.8899994,26.2422905,0.0160175841,0.0735355541,5.53379277e-06,30,1.16799998,1
460215100021128,299723535,2460751.7364133531,60751.235358799997,13.3068132,0.0100742951,32768,zr,95.527700100000004,7.6605021000000004,0.811999977,-0.00200000009,20250317235359,460,0xf,0x1,19.6499996,25.7886353,0.0377480015,0.074961938,3.03582565e-05,30,1.60800004,1
460215100021128,300024767,2460754.7484420124,60754.247673600003,13.2477465,0.010039743,32768,zr,95.527687799999995,7.6604887000000002,0.465000004,0,20250320247674,460,0xf,0x1,18.7000008,24.9040871,0.0496707186,0.0662474632,5.18251072e-05,30,1.852,1
460215100021128,300225682,2460756.7574052801,60756.256828700003,13.2370253,0.0100335581,0,zr,95.527682999999996,7.6605051,0.488999993,-0.00200000009,20250322256829,460,0xf,0x1,19.5300007,26.1182804,0.0199673735,0.092714712,8.45473096e-06,30,2.09899998,1
460215100021128,301719171,2460771.6908636033,60771.191713,13.2474527,0.0100395726,0,zr,95.527706800000004,7.6605154999999998,0.463999987,-0.0170000009,20250406191701,460,0xf,0x1,19.8199997,26.1820717,0.0168222953,0.0769586414,6.08830578e-06,30,1.727,1
460215100021128,301920309,2460773.7020520135,60773.203090299998,13.2465382,0.0100390436,0,zr,95.527693499999998,7.6604947000000001,0.370999992,-0.0329999998,20250408203090,460,0xf,0x1,19.6800003,26.0757408,0.0178005155,0.0778171644,6.74029479e-06,30,1.96599996,1
460215100021128,302115210,2460775.65088664,60775.152106499998,13.2924109,0.010065794,0,zr,95.527693499999998,7.6604897999999997,1.24100006,0.00800000038,20250410152106,460,0xf,0x1,20.25,26.1769848,0.019147573,0.0731799603,7.8690191e-06,30,1.46000004,1
460215100021128,314949751,2460903.9939055294,60903.497511599999,13.3033257,0.0100722322,8,zr,95.527696500000005,7.6604723000000003,0.67900002,0.0130000003,20250816497477,460,0xf,0x1,20.2000008,26.1298714,0.0170967896,0.0773781091,6.19338152e-06,30,2.92000008,1
460215100021128,314950049,2460903.9968918427,60903.500497699999,13.2899199,0.0100643281,8,zr,95.527718100000001,7.6604678000000002,1.01199996,-0.0659999996,20250816500405,460,0xf,0x1,20.1000004,26.1403103,0.0173529759,0.0804646164,6.36525692e-06,30,2.80200005,1
460215100021128,314950443,2460904.000827326,60903.504432900001,13.2992144,0.0100698033,8,zr,95.527708099999998,7.6604910000000004,0.59799999,0.0120000001,20250816504329,460,0xf,0x1,19.8500004,26.1516056,0.0174100697,0.0780517235,6.32528236e-06,30,2.66100001,1
460215100021128,315049718,2460904.9936526339,60904.497187499997,13.289093,0.010063841,0,zr,95.527712600000001,7.6604745000000003,0.514999986,-0.0149999997,20250817497083,460,0xf,0x1,20.3799992,26.1276703,0.0149451206,0.0844220445,4.75619936e-06,30,2.82399988,1
460215100021128,315050112,2460904.9975881213,60904.5011227,13.2956791,0.010067719,0,zr,95.527707199999995,7.6604916999999997,0.430999994,-0.0170000009,20250817501019,460,0xf,0x1,20.2099991,26.1452026,0.0151226968,0.0782965422,4.84445127e-06,30,2.68099999,1
460215100021128,315050505,2460905.0015236083,60904.505057900002,13.3035984,0.0100723924,0,zr,95.527708899999993,7.6604764000000003,0.55400002,-0.023,20250817504954,460,0xf,0x1,20,26.1670971,0.0159425698,0.0730749667,5.29761974e-06,30,2.55299997,1
460215100021128,318142329,2460935.9223805973,60935.423298599999,13.2535477,0.0100430986,0,zr,95.527709099999996,7.6604368999999997,1.64400005,-0.0219999999,20250917423264,460,0xf,0x1,20.0100002,26.0554924,0.0395917296,0.0757517964,3.27263697e-05,30,2.46700001,1
460215100021128,318743145,2460941.9311077963,60941.431458300001,13.2882814,0.0100633651,0,zr,95.527706100000003,7.6604903999999996,0.180999994,-0.00200000009,20250923431458,460,0xf,0x1,20.5699997,26.1516438,0.0165532157,0.0764837041,5.8945111e-06,30,1.93799996,1
460215100021128,318950439,2460944.0042450442,60943.504398099998,13.2973461,0.0100687016,0,zr,95.527707199999995,7.6604916000000003,0.398999989,-0.0219999999,20250925504363,460,0xf,0x1,20.7900009,26.253603,0.0149675068,0.0814711303,4.70684608e-06,30,1.27400005,1
460215100021128,319746473,2460951.9653400853,60951.4647338,13.2238169,0.0100259772,0,zr,95.527709599999994,7.6604922000000002,0.441000015,0.0149999997,20251003464711,460,0xf,0x1,20.8400002,26.2487564,0.0144524546,0.0794999972,4.37420067e-06,30,1.35599995,1
460215100021128,320046034,2460954.9612378003,60954.460347200002,13.3072767,0.0100745698,0,zr,95.527703799999998,7.6604877,0.86500001,0.0680000037,20251006460312,460,0xf,0x1,20.3600006,26.2541752,0.0145653253,0.0711715147,4.52170525e-06,30,1.33599997,1
460215100021128,320248680,2460956.9878875073,60956.486805599998,13.3036013,0.0100723952,0,zr,95.5277143,7.6604957999999996,0.277999997,-0.0160000008,20251008486806,460,0xf,0x1,20.0100002,26.2563801,0.0155710969,0.0782321244,5.11570079e-06,30,1.21500003,1
460215100021128,320551562,2460960.0169907347,60959.515625,13.3302832,0.0100882584,0,zr,95.527698999999998,7.6604865000000002,0.80400002,0.0209999997,20251011515613,460,0xf,0x1,20.3600006,26.2702732,0.014502313,0.0723346695,4.41194379e-06,30,1.14900005,1
460215100021128,320746180,2460961.963352059,60961.461805600004,13.2849417,0.0100614028,0,zr,95.527702300000001,7.6604805999999996,0.421000004,0.0209999997,20251013461806,460,0xf,0x1,20.6499996,26.2747765,0.013433909,0.0728408322,3.82098506e-06,30,1.25,1
460215100021128,321245873,2460966.9607414827,60966.458738399997,13.2970543,0.0100685284,0,zr,95.527702099999999,7.6604958999999999,0.68900001,-0.0209999997,20251018458727,460,0xf,0x1,20.7999992,26.2682571,0.0135701541,0.0765691698,3.88398894e-06,30,1.21700001,1
460215100021128,321444601,2460968.9481995967,60968.446018499999,13.3172865,0.0100805108,0,zr,95.527700199999998,7.6604907000000004,0.50999999,-0.0350000001,20251020446019,460,0xf,0x1,20.8999996,26.2725582,0.0135749644,0.078788653,3.92510583e-06,30,1.23899996,1
1507108100009533,63044381,2458384.9434500556,58384.443819400003,14.5551271,0.0121790459,0,zg,95.527704200000002,7.6604960999999996,0.823000014,-0.0379999988,20180923443819,1507,0x8,0x1,19.8400002,26.1103306,0.0265432689,-0.0274357926,1.3699565e-05,30,1.73699999,2
1507108100009533,66945391,2458423.9570932733,58423.453911999997,14.5994568,0.0122033125,0,zg,95.527708000000004,7.6605087999999997,0.940999985,-0.00600000005,20181101453900,1507,0x8,0x1,20.1800003,26.2611637,0.0224589948,-0.0449999534,9.86174837e-06,30,1.13399994,2
1507108100009533,67337178,2458427.87527005,58427.371782399998,14.6756372,0.0122480579,0,zg,95.527748000000003,7.6604527999999998,1.24199998,0.0240000002,20181105371782,1507,0x8,0x1,19.5200005,26.2484379,0.036131978,-0.0811866298,2.66989991e-05,30,1.36399996,2
1507108100009533,67636224,2458430.8659566157,58430.3622454,14.6178617,0.0122137638,0,zg,95.527715400000005,7.6604888999999998,0.653999984,-0.0370000005,20181108362164,1507,0x8,0x1,21.4799995,26.254488,0.0136776082,-0.048135832,3.71869578e-06,30,1.37199998,2
1507108100009533,68345120,2458437.9554051161,58437.451203700002,14.5663061,0.0121850464,0,zg,95.527715000000001,7.6605122999999997,1.11500001,0.00200000009,20181115451134,1507,0x8,0x1,20.4500008,26.2850361,0.0221020691,-0.0166189037,9.55558608e-06,30,1.11600006,2
1507108100009533,68441243,2458438.9166938532,58438.412430600001,14.6219549,0.0122161191,0,zg,95.527707199999995,7.6604855000000001,0.377999991,-0.0309999995,20181116412407,1507,0x8,0x1,20.8099995,25.9237537,0.0168923214,-0.0537844822,5.68908899e-06,30,1.13499999,2
1507108100009533,68543012,2458439.9344547633,58439.430127300002,14.6354923,0.0122239869,0,zg,95.527708599999997,7.6604977999999999,1.55900002,-0.0199999996,20181117430127,1507,0x8,0x1,21.3199997,26.101305,0.0165267568,-0.0489620902,5.47460422e-06,30,1.11699998,2
1507108100009533,68927954,2458443.7841067505,58443.279548600003,14.623064,0.0122167589,0,zg,95.5277107,7.6604831999999998,1.17499995,-0.0790000036,20181121279549,1507,0x8,0x1,19.9300003,26.1748409,0.0217054375,-0.0398217551,9.22887375e-06,30,1.80499995,2
1507108100009533,78616572,2458540.6685462664,58540.165729200002,14.6923494,0.0122584095,0,zg,95.527722199999999,7.6605018999999999,1.47599995,0.0299999993,20190226165625,1507,0x8,0x1,21.0599995,26.2394009,0.023058299,-0.113652147,1.05727595e-05,30,1.10500002,1
1507108100009533,100449800,2458758.9984787637,58758.498009299998,14.6592274,0.0122380834,0,zg,95.527714599999996,7.6604941999999996,0.796000004,-0.0109999999,20191002497986,1507,0x8,0x1,21.2399998,26.1812057,0.0141340308,-0.0619577393,4.03168178e-06,30,1.20599997,2
1507108100009533,100449846,2458758.9989301059,58758.4984606,14.6422625,0.0122279683,0,zg,95.527721900000003,7.6604907000000004,0.763000011,-0.074000001,20191002498461,1507,0x8,0x1,21.1800003,26.1662045,0.0152866412,-0.0437692367,4.694155e-06,30,1.20500004,3
1507108100009533,101343040,2458767.9317191537,58767.4304051,14.6185732,0.0122141717,0,zg,95.527733999999995,7.6605064,0.787999988,0.00100000005,20191011430394,1507,0x8,0x1,19.3299999,26.1435795,0.0310068503,-0.0612487346,1.91490526e-05,30,1.41100001,2
1507108100009533,101343084,2458767.932158995,58767.430844900002,14.5919905,0.0121991364,0,zg,95.527733400000002,7.6604983000000004,0.861999989,-0.00499999989,20191011430845,1507,0x8,0x1,19.3999996,26.1279259,0.0302817877,-0.0386264585,1.81598716e-05,30,1.40799999,3
1507108100009533,101443153,2458768.9329467798,58768.4315394,14.6321363,0.0122220255,0,zg,95.527719200000007,7.6604919000000002,1.33099997,-0.0879999995,20191012431539,1507,0x8,0x1,20.0699997,26.1258659,0.0191983264,-0.0483510345,7.32926401e-06,30,1.38600004,2
1507108100009533,101443199,2458768.933398122,58768.431990700003,14.6207542,0.0122154271,0,zg,95.527719500000003,7.6604913999999997,0.890999973,-0.0419999994,20191012431991,1507,0x8,0x1,20.2199993,26.1254425,0.0182103347,-0.0453641489,6.66100323e-06,30,1.38300002,3
1507108100009533,102352351,2458778.02575333,58777.523518499998,14.597291,0.012202098,0,zg,95.527716400000003,7.6604956,0.586000025,-0.0460000001,20191021523495,1507,0x8,0x1,20.3400002,26.1929932,0.0172508508,-0.0392795317,5.90428863e-06,30,1.10599995,2
1507108100009533,102547263,2458779.9750452423,58779.472638899999,14.6053686,0.0122066448,0,zg,95.527711999999994,7.6604961999999999,0.870000005,-0.064000003,20191023472639,1507,0x8,0x1,20.9500008,26.1866703,0.0155358091,-0.0565484464,4.90287357e-06,30,1.13199997,2
1507108100009533,102547309,2458779.9754966814,58779.473090300002,14.6142416,0.0122116916,0,zg,95.527713399999996,7.6604859000000003,0.940999985,-0.0500000007,20191023473090,1507,0x8,0x1,20.9799995,26.194561,0.0154414084,-0.0646884665,4.83857912e-06,30,1.13199997,3
1507108100009533,103047829,2458784.9811333464,58784.478298599999,14.6820431,0.012252003,0,zg,95.527729800000003,7.6604907000000004,0.778999984,0.00800000038,20191028478299,1507,0x8,0x1,19.8299999,26.1369553,0.0279864445,-0.0783140436,1.60911659e-05,30,1.11099994,2
1507108100009533,103047875,2458784.981584785,58784.478750000002,14.6568689,0.0122366659,0,zg,95.527721700000001,7.6604837000000003,1.22800004,0.0140000004,20191028478750,1507,0x8,0x1,19.8400002,26.1107025,0.0256551709,-0.0661741495,1.33246594e-05,30,1.11099994,3
1507108100009533,103147534,2458785.9782649726,58785.475347200001,14.704607,0.0122661293,0,zg,95.527734600000002,7.6604939999999999,0.944000006,-0.00800000038,20191029475347,1507,0x8,0x1,20.7999992,26.2095165,0.0180519409,-0.0916604027,6.6436337e-06,30,1.11099994,2
1507108100009533,103147579,2458785.9787164102,58785.475798599997,14.6953239,0.012260274,0,zg,95.527729500000007,7.6604790999999999,0.907000005,-0.00899999961,20191029475799,1507,0x8,0x1,20.6200008,26.2042122,0.0196542256,-0.0807500035,7.77000878e-06,30,1.11099994,3
1507108100009533,103250706,2458787.0100630098,58786.507060199998,14.6633749,0.0122405868,32768,zg,95.527730599999998,7.6605074000000002,0.709999979,0.00800000038,20191030507049,1507,0x8,0x1,19.6200008,25.9595966,0.0405278429,-0.0736072809,3.31166411e-05,30,1.11000001,2
1507108100009533,103250751,2458787.0105144479,58786.507511600001,14.6643047,0.0122411503,0,zg,95.527716400000003,7.6605034999999999,0.832000017,0.00499999989,20191030507512,1507,0x8,0x1,19.8700008,26.1035156,0.0255004857,-0.0532147363,1.31150582e-05,30,1.11099994,3
1507108100009533,112217692,2458876.6817527818,58876.176921300001,14.6372299,0.0122250076,0,zg,95.527716600000005,7.6604918,1.09200001,-0.0689999983,20200128176921,1507,0x8,0x1,21.3400002,26.3029995,0.015738653,-0.0624968596,4.9812902e-06,30,1.20299995,2
1507108100009533,112219162,2458876.6964511448,58876.191620400001,14.6300859,0.0122208297,0,zg,95.527715999999998,7.6604948999999998,0.610000014,-0.0529999994,20200128191620,1507,0x8,0x1,21.3600006,26.3098774,0.0157858301,-0.0613520518,5.06535116e-06,30,1.16299999,3
1507108100009533,112520043,2458879.705111925,58879.200439799999,14.6291723,0.012220297,0,zg,95.527715799999996,7.6604948000000004,0.748000026,-0.0340000018,20200131200440,1507,0x8,0x1,20.7399998,26.3292007,0.0162765849,-0.06664069,5.36873358e-06,30,1.13100004,2
1507108100009533,112520089,2458879.7055632994,58879.200891200002,14.6229219,0.012216676,0,zg,95.527699100000007,7.6604922999999996,0.326000005,-0.0240000002,20200131200891,1507,0x8,0x1,20.7000008,26.3239288,0.0163598973,-0.0620489605,5.38190716e-06,30,1.13100004,3
1507108100009533,114018730,2458894.6910084789,58894.1873032,14.6657829,0.0122420471,0,zg,95.527711999999994,7.6604897000000003,0.991999984,-0.0689999983,20200215187199,1507,0x8,0x1,21.3999996,26.3035717,0.0162579305,-0.0608054437,5.36063408e-06,30,1.10599995,2
1507108100009533,114419540,2458898.6988074835,58898.195405099999,14.6842661,0.0122533776,0,zg,95.5277095,7.6604918,1.16100001,-0.0399999991,20200219195405,1507,0x8,0x1,21.4599991,26.2979107,0.0168957934,-0.0624807961,5.73661328e-06,30,1.10699999,2
1507108100009533,114419585,2458898.6992588486,58898.195856500002,14.6829252,0.0122525487,0,zg,95.527708799999999,7.6604920999999999,1.10899997,-0.0430000015,20200219195856,1507,0x8,0x1,21.4799995,26.297554,0.0170325879,-0.0621236749,5.7770344e-06,30,1.10699999,3
1507108100009533,114912177,2458903.6247791122,58903.121770799997,14.6290607,0.0122202346,0,zg,95.527708899999993,7.6604821999999997,0.238999993,-0.00700000022,20200224121771,1507,0x8,0x1,20.9200001,26.2873077,0.0160594564,-0.067659229,5.27107204e-06,30,1.15499997,2
1507108100009533,133850379,2459093.0013846834,59092.5037963,14.6682148,0.0122435233,0,zg,95.527718399999998,7.6604878000000003,0.991999984,-0.0390000008,20200831503785,1507,0x8,0x1,20.8299999,26.1768646,0.0161454249,-0.0443511307,5.24572488e-06,30,1.75300002,2
1507108100009533,133850425,2459093.001847723,59092.504259300003,14.6613731,0.0122393779,0,zg,95.527719200000007,7.6604827000000002,0.958000004,-0.0560000017,20200831504259,1507,0x8,0x1,20.9500008,26.1760025,0.0148534933,-0.0440146029,4.47673392e-06,30,1.74699998,3
1507108100009533,136743234,2459121.9325975589,59121.432349499999,14.6038942,0.0122058121,0,zg,95.527722800000006,7.6604862000000002,0.763000011,-0.0500000007,20200929432350,1507,0x8,0x1,20.1299992,26.1619148,0.0199764036,-0.0233261473,7.8327439e-06,30,1.66100001,2
1507108100009533,136743281,2459121.9330606051,59121.432812500003,14.5913448,0.0121987779,0,zg,95.5277095,7.6604847999999999,0.458999991,-0.0109999999,20200929432812,1507,0x8,0x1,20.1900005,26.1713352,0.0191200096,-0.0393782072,7.33014667e-06,30,1.65499997,3
1507108100009533,138843177,2459142.9339753175,59142.431770800002,14.6781416,0.0122495964,0,zg,95.527719700000006,7.6604922999999996,0.605000019,-0.0289999992,20201020431771,1507,0x8,0x1,21.4799995,26.3116779,0.0140488436,-0.0571389794,4.09025324e-06,30,1.26199996,2
1507108100009533,138843223,2459142.934438359,59142.432233799998,14.6951675,0.0122601744,0,zg,95.527718300000004,7.6604891999999998,0.742999971,0.00100000005,20201020432234,1507,0x8,0x1,21.4500008,26.3227444,0.0146913333,-0.0670135766,4.49291656e-06,30,1.25999999,3
1507108100009533,139037363,2459144.8760100482,59144.373634299998,14.679637,0.0122505175,0,zg,95.5277131,7.6604947000000001,1,-0.0700000003,20201022373634,1507,0x8,0x1,21.4899998,26.1746769,0.0146217961,-0.0554265715,4.37614972e-06,30,1.61500001,2
1507108100009533,139037410,2459144.8764845892,59144.374108800002,14.6433859,0.0122286333,0,zg,95.527719200000007,7.6604900000000002,0.526000023,0.00499999989,20201022374097,1507,0x8,0x1,21.6100006,26.165369,0.0153645538,-0.0544606522,4.88371461e-06,30,1.61000001,3
1507108100009533,139145862,2459145.9610931114,59145.458622700004,14.6536713,0.0122347493,0,zg,95.527719000000005,7.6604958999999999,0.750999987,-0.0359999985,20201023458623,1507,0x8,0x1,21.2900009,26.3003559,0.0148908803,-0.0559867285,4.58908062e-06,30,1.153,2
1507108100009533,139531283,2459149.8156351009,59149.312835600002,14.6452112,0.0122297127,32768,zg,95.527774100000002,7.6604416999999998,0.426999986,0.0140000004,20201027312639,1507,0x8,0x1,18.3899994,25.9537601,0.0748261809,-0.0423819236,0.000183727912,30,2.41899991,2
1507108100009533,139532059,2459149.8233904671,59149.320590299998,14.6009274,0.0122041404,0,zg,95.527709700000003,7.6604700000000001,1.26199996,-0,20201027320579,1507,0x8,0x1,19.0699997,26.1053791,0.0397854708,-0.0280225296,3.09263523e-05,30,2.22300005,3
1507108100009533,139834748,2459152.8505389225,59152.347488400002,14.6405115,0.0122269364,0,zg,95.527717600000003,7.6604776000000001,1.29700005,-0.00300000003,20201030347477,1507,0x8,0x1,19.3799992,26.2920742,0.0413533524,-0.0350665934,3.42884778e-05,30,1.66100001,2
1507108100009533,139834795,2459152.8510019626,59152.347951399999,14.6451778,0.0122296922,0,zg,95.527700199999998,7.6604906000000001,0.68599999,-0.0270000007,20201030347951,1507,0x8,0x1,19.6599998,26.298748,0.0293776691,-0.0460228883,1.70605654e-05,30,1.65499997,3
1507108100009533,139939309,2459153.8962255209,59153.3930903,14.7151728,0.0122728711,0,zg,95.527703099999997,7.6604980999999999,0.800000012,0.00100000005,20201031392812,1507,0x8,0x1,19.6499996,26.3920345,0.0268800221,-0.0973996222,1.4985425e-05,30,1.29900002,2
1507108100009533,139939356,2459153.8967000609,59153.393564799997,14.7392244,0.012288522,0,zg,95.527692799999997,7.6605204000000002,1.005,-0.0189999994,20201031393565,1507,0x8,0x1,19.6700001,26.3991375,0.026235953,-0.10759034,1.38790028e-05,30,1.29700005,3
1507108100009533,140035042,2459154.8536400441,59154.350428199999,14.6751938,0.012247785,0,zg,95.527725399999994,7.6604825999999999,1.03299999,-0.0810000002,20201101350417,1507,0x8,0x1,19.7999992,26.3087749,0.0223615076,-0.0411360972,1.00562065e-05,30,1.574,2
1507108100009533,140035089,2459154.8541030819,59154.350891200003,14.6664362,0.012242442,0,zg,95.527719599999998,7.6604874000000001,1.06200004,-0.0810000002,20201101350891,1507,0x8,0x1,19.8099995,26.3059998,0.0212376136,-0.0400873274,9.09126447e-06,30,1.57000005,3
1507108100009533,212547662,2459879.979391038,59879.476620399997,14.7219191,0.0122772176,0,zg,95.527719500000003,7.6604812999999998,0.546999991,-0.00400000019,20221027476609,1507,0x8,0x1,21,26.3723583,0.0160627328,-0.0926253721,5.25077803e-06,30,1.11300004,2
1507108100009533,212745847,2459881.9614082645,59881.4584722,14.707552,0.0122680012,0,zg,95.527725700000005,7.6604881000000002,0.745999992,-0.0350000001,20221029458472,1507,0x8,0x1,21.2999992,26.3718052,0.0147383334,-0.0888100937,4.44381931e-06,30,1.12699997,2
1507108100009533,212949233,2459883.9954403918,59883.492337999996,14.6889238,0.0122562721,0,zg,95.527732900000004,7.6604986000000004,1.00800002,0.00400000019,20221031492222,1507,0x8,0x1,20.9599991,26.3773727,0.0164418109,-0.0875297412,5.4999864e-06,30,1.10399997,2
1507108100009533,214543716,2459899.9414276155,59899.437164399998,14.597682,0.0122023169,32768,zg,95.527677699999998,7.6604738000000001,0.855000019,0.023,20221116437153,1507,0x8,0x1,18.5599995,26.3960342,0.0543553978,-0.0375984646,8.78772116e-05,30,1.10399997,2
1507108100009533,214742962,2459901.9340174184,59901.429629600003,14.6704197,0.0122448653,0,zg,95.527715400000005,7.6604850000000004,0.699000001,0.0160000008,20221118429618,1507,0x8,0x1,21.0900002,26.3871784,0.0145163899,-0.0786425099,4.33026798e-06,30,1.10500002,2
1507108100009533,215438771,2459908.8925016797,59908.387719899998,14.7021017,0.0122645441,0,zg,95.527742500000002,7.6604899,0.432999998,-0.00300000003,20221125387697,1507,0x8,0x1,20.5699997,26.3957272,0.0176231507,-0.0947564542,6.27555528e-06,30,1.12300003,2
1507108100009533,215536697,2459909.8718110225,59909.3669792,14.651021,0.012233166,0,zg,95.527719200000007,7.6604863999999999,1.37699997,-0.0780000016,20221126366979,1507,0x8,0x1,21.2399998,26.3734035,0.0144290803,-0.0709279478,4.22766334e-06,30,1.153,2
1507108100009533,215645320,2459910.9580917144,59910.453205999998,14.6206188,0.0122153489,0,zg,95.527708700000005,7.6604856000000003,0.388999999,-0.00700000022,20221127453206,1507,0x8,0x1,21.1499996,26.3766727,0.0146264872,-0.0716516227,4.37218887e-06,30,1.13600004,2
1507108100009533,216830162,2459922.8069785601,59922.301620400001,14.6350975,0.0122237559,0,zg,95.527707100000001,7.6604885999999999,0.859000027,-0.0320000015,20221209301609,1507,0x8,0x1,19.7299995,26.3640518,0.0255863033,-0.062352106,1.33119829e-05,30,1.24000001,2
1507108100009533,218235189,2459936.8575251652,59936.351898100002,14.607234,0.0122077018,0,zg,95.527685399999996,7.6605008000000003,1.44700003,-0.0209999997,20221223351806,1507,0x8,0x1,21.1299992,26.3556347,0.0139249153,-0.0524993315,3.97658096e-06,30,1.10500002,2
1507108100009533,221426998,2459968.774996317,59968.269988400003,14.6765938,0.0122486437,0,zg,95.527715299999997,7.6604989000000003,0.537,-0.0260000005,20230124269988,1507,0x8,0x1,20.9099998,26.3665085,0.0150204198,-0.0559858233,4.67858172e-06,30,1.10800004,2
1507108100009533,222920839,2459983.7125669634,59983.208391200002,14.6835794,0.0122529529,0,zg,95.527699499999997,7.6604805999999996,0.330000013,-0.0299999993,20230208208391,1507,0x8,0x1,19.9699993,26.2293663,0.0214082003,-0.0724094585,9.41051167e-06,30,1.10399997,2
1507108100009533,246244693,2460216.9471090115,60216.446932899999,14.7168779,0.0122739663,0,zg,95.527720000000002,7.6604844999999999,1.05799997,-0.00200000009,20230929446933,1507,0x8,0x1,19.4799995,26.3267918,0.0265470352,-0.0759206563,1.44925316e-05,30,1.53499997,2
1507108100009533,249142525,2460245.9280830133,60245.425254599999,14.6923428,0.0122584058,0,zg,95.527716699999999,7.6604782,0.546999991,0.00100000005,20231028425255,1507,0x8,0x1,19.3600006,26.3593636,0.0287852529,-0.0658167526,1.67155958e-05,30,1.21099997,2
1507108100009533,249445466,2460248.9577425257,60248.4546644,14.6905632,0.0122572938,0,zg,95.527714099999997,7.6604856999999997,0.532999992,-0.00999999978,20231031454653,1507,0x8,0x1,19.6700001,26.3831882,0.0265028141,-0.0745172426,1.43078769e-05,30,1.12600005,2
1507108100009533,250045722,2460254.9607708347,60254.457222199999,14.7174273,0.0122743202,0,zg,95.527724599999999,7.6604811000000002,0.842999995,-0.00200000009,20231106457188,1507,0x8,0x1,21.1100006,26.3987255,0.0149731655,-0.0882448927,4.60716819e-06,30,1.10800004,2
1507108100009533,250439143,2460258.8952726065,60258.391435199999,14.702096,0.0122645404,0,zg,95.527724300000003,7.6604897000000003,0.56400001,-0.0170000009,20231110391424,1507,0x8,0x1,20.75,26.3347435,0.0158749409,-0.0709260479,5.20416324e-06,30,1.20599997,2
1507108100009533,253436525,2460288.8706372222,60288.365254600001,14.6253691,0.0122180916,32768,zg,95.527715400000005,7.6604913999999997,0.437999994,-0.00899999961,20231210365243,1507,0x8,0x1,20.7000008,26.369812,0.0153370509,-0.0668506622,4.81046709e-06,30,1.10699999,2
1507108100009533,254236186,2460296.8674284741,60296.361863400001,14.7094259,0.0122691942,0,zg,95.527710200000001,7.6604827000000002,0.867999971,-0.0370000005,20231218361852,1507,0x8,0x1,21.0699997,26.3650303,0.0165595673,-0.0766761154,5.56215446e-06,30,1.10399997,2
1507108100009533,255222685,2460306.7324943393,60306.226851899999,14.6791935,0.0122502437,32768,zg,95.527703399999993,7.6604815000000004,0.723999977,-0.0540000014,20231228226840,1507,0x8,0x1,19.4200001,26.2025967,0.0350055657,-0.05758797,2.41055423e-05,30,1.352,2
1507108100009533,255426964,2460308.7752791299,60308.2696412,14.7381229,0.0122877955,32768,zg,95.527703900000006,7.6604824999999996,0.813000023,-0.0240000002,20231230269641,1507,0x8,0x1,20.2600002,26.3697567,0.0185169373,-0.0773815736,6.96593361e-06,30,1.16499996,2
1507108100009533,257326048,2460327.7657462754,60327.2604861,14.6297369,0.0122206276,0,zg,95.527703599999995,7.6604817000000001,0.759000003,-0.0189999994,20240118260486,1507,0x8,0x1,20.7800007,26.3692284,0.0150185144,-0.0677974075,4.56607631e-06,30,1.10599995,2
1507108100009533,258130075,2460335.8056774372,60335.300752299998,14.7282782,0.0122813452,0,zg,95.527705800000007,7.660488,0.397000015,-0.00800000038,20240126300741,1507,0x8,0x1,19.5200005,26.3560982,0.0261203479,-0.0644611269,1.37486786e-05,30,1.15600002,2
1507208100012813,67538547,2458429.889113741,58429.385474499999,13.2377472,0.00991142821,0,zr,95.527704400000005,7.6605058000000001,0.300000012,0.0109999999,20181107385475,1507,0x8,0x1,21.3400002,26.2815933,0.0157424826,0.0850612,5.20014237e-06,30,1.26900005,2
1507208100012813,67835395,2458432.8578130808,58432.353958300002,13.1699762,0.00991476607,0,zr,95.527710900000002,7.6605103000000003,0.922999978,-0,20181110353947,1507,0x8,0x1,20.6900005,26.2848301,0.0171521083,0.0878671706,6.00978365e-06,30,1.38900006,2
1507208100012813,68139207,2458435.8961369107,58435.392071800001,13.1807356,0.00991417095,0,zr,95.527697399999994,7.6605296000000003,0.67900002,0.00700000022,20181113392072,1507,0x8,0x1,19.5799999,26.3277798,0.0264657978,0.0911332518,1.38418054e-05,30,1.19099998,2
1507208100012813,68235348,2458436.8576131705,58436.353483799998,13.1675558,0.00991490297,0,zr,95.527688100000006,7.6605305000000001,1.26400006,0.0109999999,20181114353472,1507,0x8,0x1,19.25,25.9435406,0.0325951166,0.0950027257,2.06716268e-05,30,1.329,2
1507208100012813,68531386,2458439.8181858389,58439.313865700002,13.2659979,0.0099103367,32768,zr,95.527709700000003,7.6605029,0.64200002,0.00100000005,20181117313796,1507,0x8,0x1,18.9899998,24.766222,0.163195655,0.00354717951,0.000516063126,30,1.54499996,2
1507208100012813,68735678,2458441.8612277661,58441.356782399998,13.2449951,0.00991113111,0,zr,95.527708500000003,7.6604947000000001,0.421999991,-0.0219999999,20181119356667,1507,0x8,0x1,20.7299995,26.2481003,0.0176478494,0.0822193921,6.28062253e-06,30,1.25300002,2
1507208100012813,68832726,2458442.8317714175,58442.327268499997,13.5159216,0.00990918931,32768,zr,95.527691200000007,7.6605036999999996,0.833000004,-0.0680000037,20181120327245,1507,0x8,0x1,17.1200008,23.888216,0.276898146,-0.0530376732,0.00548575539,30,1.38499999,2
1507208100012813,69539210,2458449.8969899667,58449.392106500003,13.2317953,0.00991168059,0,zr,95.527704999999997,7.6605033999999996,0.351999998,-0.00600000005,20181127392106,1507,0x8,0x1,19.2299995,25.9308929,0.0239686146,0.071480915,1.14821632e-05,30,1.12399995,2
1507208100012813,75328189,2458507.7869036323,58507.281898100002,13.2166462,0.00991236139,0,zr,95.527695100000003,7.6605081000000004,0.843999982,-0.023,20190124281898,1507,0x8,0x1,20.6100006,26.290554,0.0151276812,0.0966883749,4.5041902e-06,30,1.12,2
1507208100012813,75425392,2458508.7588845729,58508.253923600001,13.1891756,0.00991372019,0,zr,95.527699799999994,7.6605144999999997,0.805000007,-0.00499999989,20190125253854,1507,0x8,0x1,20.3700008,26.2920208,0.0147854015,0.0988247618,4.34615185e-06,30,1.10500002,2
1507208100012813,75624785,2458510.7527239821,58510.247858800001,13.1825352,0.00991407223,0,zr,95.527712600000001,7.6605062999999998,0.444999993,-0.00499999989,20190127247755,1507,0x8,0x1,19.4599991,25.8393898,0.0216729883,0.102821164,9.40154132e-06,30,1.10500002,2
1507208100012813,76918747,2458523.6915854542,58523.187476899999,13.1748247,0.00991449412,0,zr,95.527699499999997,7.6604969000000001,0.345999986,-0.00400000019,20190209187465,1507,0x8,0x1,21.2600002,26.2859364,0.0144057479,0.0897470266,4.21654659e-06,30,1.11600006,2
1507208100012813,78625037,2458540.7531803092,58540.250370399997,13.2146997,0.00991245173,0,zr,95.5276985,7.6604926000000004,0.382999986,0.0419999994,20190226250370,1507,0x8,0x1,21.1299992,26.2656212,0.0138988253,0.0883131325,3.94405515e-06,30,1.26900005,1
1507208100012813,79311476,2458547.6169829299,58547.114768500003,13.198144,0.00991325825,0,zr,95.527698700000002,7.6605036000000002,0.597000003,-0.0109999999,20190305114769,1507,0x8,0x1,20.9599991,26.2881584,0.0158380419,0.0877757818,5.01349587e-06,30,1.125,1
1507208100012813,98651755,2458741.0163261266,58740.517557899999,13.1876688,0.00991379842,0,zr,95.527709799999997,7.6604852000000001,0.351000011,0.0160000008,20190914517500,1507,0x8,0x1,20.25,26.1820965,0.0147349508,0.0872910991,4.482853e-06,30,1.33000004,2
1507208100012813,98651800,2458741.0167775694,58740.518009300002,13.2018528,0.00991307199,0,zr,95.527701699999994,7.660482,0.393000007,-0.0240000002,20190914518009,1507,0x8,0x1,20.2600002,26.1803646,0.0143536879,0.0870478824,4.23332949e-06,30,1.32799995,3
1507208100012813,100746762,2458761.968379382,58761.4676273,13.2225256,0.00991209131,0,zr,95.527704400000005,7.6604938000000002,0.398999989,0.0189999994,20191005467616,1507,0x8,0x1,20.8099995,26.1933594,0.0148870572,0.0950184092,4.51167853e-06,30,1.29299998,2
1507208100012813,100746807,2458761.9688308244,58761.468078700003,13.2322483,0.00991166197,0,zr,95.527716499999997,7.6604944000000001,0.407999992,-0.0170000009,20191005468067,1507,0x8,0x1,20.8099995,26.1961327,0.0141242892,0.0972717404,4.03719969e-06,30,1.29100001,3
1507208100012813,101543440,2458769.9359101998,58769.434409699999,13.2088327,0.00991273019,0,zr,95.527704999999997,7.6605157999999998,0.861000001,-0.0529999994,20191013434398,1507,0x8,0x1,19.9300003,26.1645355,0.0168410745,0.103245214,5.76642242e-06,30,1.352,2
1507208100012813,101543486,2458769.9363616407,58769.434861100002,13.213026,0.00991252996,0,zr,95.527714700000004,7.6605128999999996,0.822000027,-0.0520000011,20191013434850,1507,0x8,0x1,19.8799992,26.1677532,0.0159888808,0.0977361128,5.10621658e-06,30,1.35000002,3
1507208100012813,101639517,2458770.8967629015,58770.395173600002,13.2209358,0.00991216395,0,zr,95.527715599999993,7.6605037999999999,1.23399997,-0.0460000001,20191014395162,1507,0x8,0x1,19.6499996,26.1336498,0.018604435,0.0970476866,6.92177127e-06,30,1.64199996,2
1507208100012813,101639561,2458770.8972027423,58770.395613399996,13.2255383,0.00991195533,0,zr,95.527714500000002,7.6604951000000003,0.419,-0.00200000009,20191014395613,1507,0x8,0x1,19.6200008,26.1402874,0.0197921563,0.0958520994,7.76535217e-06,30,1.63699996,3
1507208100012813,101740571,2458771.9073999324,58771.405717599999,13.2577,0.00991063844,0,zr,95.527716100000006,7.6604976999999996,0.779999971,-0,20191015405718,1507,0x8,0x1,19.1599998,26.1586304,0.0258466825,0.0928070843,1.33575286e-05,30,1.51499999,2
1507208100012813,101740616,2458771.9078513738,58771.406169000002,13.2031946,0.00991300587,0,zr,95.527721099999994,7.6605115000000001,1.27600002,-0.00999999978,20191015406169,1507,0x8,0x1,19.1100006,26.1568985,0.0253741778,0.101851329,1.2713178e-05,30,1.51100004,3
1507208100012813,102946581,2458783.9685598104,58783.465810200003,13.2186155,0.00991227012,0,zr,95.527720099999996,7.6604935999999997,0.750999987,-0.0260000005,20191027465775,1507,0x8,0x1,20.25,26.1464806,0.0147551671,0.0949222147,4.3411751e-06,30,1.12699997,2
1507208100012813,102946626,2458783.9690112486,58783.466261599999,13.2213726,0.00991214346,0,zr,95.527723800000004,7.6604919999999996,0.620999992,-0.0199999996,20191027466262,1507,0x8,0x1,20.1100006,26.1442471,0.0145568792,0.0974138901,4.24775908e-06,30,1.12600005,3
1507208100012813,103849107,2458792.9945534486,58792.491076400001,13.2068233,0.00991282798,0,zr,95.527698900000004,7.6604992000000003,0.547999978,-0.0260000005,20191105491076,1507,0x8,0x1,20.7800007,26.196907,0.0152015891,0.0924638733,4.75961679e-06,30,1.11099994,2
1507208100012813,103849152,2458792.9950048826,58792.491527799997,13.2047729,0.00991292764,0,zr,95.527705900000001,7.6604954999999997,0.324999988,-0.0199999996,20191105491528,1507,0x8,0x1,20.7999992,26.1968479,0.0142683201,0.0960990638,4.19340586e-06,30,1.11099994,3
1507208100012813,104535903,2458799.8630159935,58799.359039399998,13.2557459,0.00991071109,0,zr,95.527707100000001,7.6605052000000002,0.949000001,0.0379999988,20191112359039,1507,0x8,0x1,19.9599991,26.2024002,0.0152475564,0.08704485,4.73210457e-06,30,1.31700003,2
1507208100012813,107932937,2458833.8349036826,58833.329375000001,13.2068272,0.00991282798,0,zr,95.527719300000001,7.6604966000000001,0.75999999,-0.0350000001,20191216329340,1507,0x8,0x1,19.8700008,26.3017864,0.0177399386,0.0889786109,6.30267323e-06,30,1.12600005,2
1507208100012813,107932982,2458833.8353550914,58833.329826399997,13.219327,0.00991223659,0,zr,95.527721799999995,7.6605074000000002,0.660000026,-0.0209999997,20191216329815,1507,0x8,0x1,19.8700008,26.2293262,0.0161859002,0.0947697982,5.30337093e-06,30,1.12600005,3
1507208100012813,110625947,2458860.7649221066,58860.259479200002,13.2412949,0.00991128106,0,zr,95.527706199999997,7.6604948999999998,0.275000006,-0.00700000022,20200112259479,1507,0x8,0x1,20.0100002,26.3447742,0.0155383395,0.0862619802,4.92851495e-06,30,1.12199998,2
1507208100012813,110625993,2458860.7653734949,58860.259930599997,13.2479849,0.00991101097,0,zr,95.527701899999997,7.6604947000000001,0.572000027,-0.0219999999,20200112259931,1507,0x8,0x1,20.0200005,26.3334923,0.0160767771,0.0872594342,5.24708685e-06,30,1.12100005,3
1507208100012813,110721059,2458861.7160079284,58861.210590299997,13.2283535,0.00991183054,0,zr,95.527713199999994,7.6605165,0.630999982,-0.0109999999,20200113210590,1507,0x8,0x1,19.7399998,26.3187084,0.0167206656,0.103799388,5.70518387e-06,30,1.227,2
1507208100012813,110721149,2458861.716910704,58861.211493100003,13.239048,0.00991137419,0,zr,95.527708500000003,7.6605214000000004,0.275999993,-0.00499999989,20200113211493,1507,0x8,0x1,19.7600002,26.3164482,0.0184712764,0.100242496,6.99653765e-06,30,1.22399998,3
1507208100012813,110835403,2458862.8594247061,58862.354039400001,13.2155075,0.00991241354,0,zr,95.527700699999997,7.6605103999999997,1.11800003,0.0120000001,20200114354039,1507,0x8,0x1,20.1000004,26.3166256,0.0175641384,0.102890246,6.17823753e-06,30,1.21399999,2
1507208100012813,110835449,2458862.8598759929,58862.354490700003,13.2244349,0.00991200563,0,zr,95.527703200000005,7.6605184,0.626999974,-0,20200114354491,1507,0x8,0x1,20.0599995,26.3106022,0.0174001157,0.10471303,6.11260566e-06,30,1.21500003,3
1507208100012813,111921773,2458873.7227061749,58873.217731500001,13.2438307,0.00991117768,0,zr,95.527706600000002,7.6604972,0.437000006,-0.0240000002,20200125217731,1507,0x8,0x1,20.7900009,26.1052303,0.0147985434,0.0939346775,4.48227274e-06,30,1.13,2
1507208100012813,111921818,2458873.7231575544,58873.218182899996,13.2453804,0.00991111621,0,zr,95.527706300000006,7.6604951999999997,0.56400001,0.00300000003,20200125218183,1507,0x8,0x1,20.9300003,26.1397858,0.0252207685,0.0903126597,1.31332845e-05,30,1.12899995,3
1507208100012813,112122664,2458875.7315223771,58875.226643499998,13.2174559,0.00991232228,0,zr,95.527700100000004,7.6604958999999999,0.386999995,-0.0109999999,20200127226632,1507,0x8,0x1,20.6900005,26.3093662,0.0154171428,0.100894354,4.87645593e-06,30,1.11300004,2
1507208100012813,112122753,2458875.7324135336,58875.227534700003,13.2142096,0.00991247501,0,zr,95.527708700000005,7.6604944000000001,0.644999981,-0.00600000005,20200127227535,1507,0x8,0x1,20.6399994,26.3061161,0.0147073129,0.103342533,4.35990387e-06,30,1.11300004,3
1507208100012813,112418123,2458878.6859656866,58878.1812384,13.227561,0.00991186593,0,zr,95.527720200000005,7.6605314,0.294,0.00200000009,20200130181238,1507,0x8,0x1,19.7099991,26.3381596,0.0217465218,0.103367634,9.48472552e-06,30,1.17499995,2
1507208100012813,112815037,2458882.6548747686,58882.150370399999,13.2383022,0.00991140492,0,zr,95.527709000000002,7.6605053999999999,0.785000026,-0.0450000018,20200203150370,1507,0x8,0x1,20.4699993,26.3255444,0.0158029739,0.0966414213,5.12556971e-06,30,1.23800004,2
1507208100012813,112815127,2458882.6557774162,58882.151273099997,13.2369823,0.00991145987,0,zr,95.527714700000004,7.6604969000000001,0.467000008,-0.0160000008,20200203151273,1507,0x8,0x1,20.3999996,26.3212185,0.0150766056,0.0993013978,4.59861576e-06,30,1.23500001,3
1507208100012813,113620359,2458890.707588471,58890.203599499997,13.2223682,0.00991209783,0,zr,95.527681700000002,7.6605182999999997,0.167999998,0.00200000009,20200211203600,1507,0x8,0x1,19.8400002,26.3099289,0.0166293383,0.0998782292,5.615399e-06,30,1.10500002,2
1507208100012813,113620405,2458890.7080398411,58890.2040509,13.2193899,0.0099122338,0,zr,95.527698599999994,7.6605067,0.921999991,-0.0149999997,20200211204051,1507,0x8,0x1,19.8999996,26.3179379,0.0169331674,0.09098465,5.82772191e-06,30,1.10500002,3
1507208100012813,114216614,2458896.6697036363,58896.166145800002,13.2268829,0.00991189573,0,zr,95.527702500000004,7.6605097000000004,0.612999976,-0.0320000015,20200217166146,1507,0x8,0x1,20.7800007,26.3243523,0.0145393917,0.0965821818,4.29344163e-06,30,1.11600006,2
1507208100012813,114216659,2458896.6701550023,58896.166597199997,13.2287683,0.00991181284,0,zr,95.527703500000001,7.6605040999999998,0.833000004,-0.057,20200217166597,1507,0x8,0x1,20.8899994,26.3212452,0.0152047267,0.100120477,4.6356563e-06,30,1.11600006,3
1507208100012813,114618012,2458900.6833736654,58900.180127300002,13.2511864,0.00991088524,0,zr,95.527695399999999,7.6605018999999999,0.754999995,0.00100000005,20200221180127,1507,0x8,0x1,20.3199997,25.8274307,0.0171929505,0.0810831338,5.93114964e-06,30,1.10500002,2
1507208100012813,114619840,2458900.7016477091,58900.198402800001,13.2418079,0.00991125964,0,zr,95.527698900000004,7.6605030999999997,0.469000012,-0.00499999989,20200221198368,1507,0x8,0x1,20.6100006,26.0830936,0.0161141772,0.0898228288,5.24505504e-06,30,1.11199999,3
1507208100012813,212942031,2459883.9234090522,59883.420312499999,13.2097225,0.00991268829,0,zr,95.527706899999998,7.6605053999999999,0.398000002,-0.00400000019,20221031420312,1507,0x8,0x1,21.0200005,26.3647671,0.0135959825,0.0916934237,3.81486552e-06,30,1.199,2
1507208100012813,213438910,2459888.8925960674,59888.389108800002,13.2341251,0.00991158187,32768,zr,95.527698200000003,7.6605093000000002,0.967000008,-0.0370000005,20221105389097,1507,0x8,0x1,19.2800007,25.7700977,0.0235488135,0.0873296559,1.17837371e-05,30,1.26199996,2
1507208100012813,214344060,2459897.9447352928,59897.440601900002,13.1950378,0.00991341658,0,zr,95.527711800000006,7.6604996999999999,0.34799999,-0.0250000004,20221114440451,1507,0x8,0x1,20.3999996,26.3593159,0.0142166885,0.0924333036,4.1884764e-06,30,1.10500002,2
1507208100012813,214641591,2459900.9202394495,59900.4159144,13.2082748,0.0099127572,0,zr,95.527731399999993,7.6605290999999998,0.958000004,0.0109999999,20221117415856,1507,0x8,0x1,19.2999992,26.3933277,0.0290544853,0.104053974,1.74903671e-05,30,1.11600006,2
1507208100012813,214745777,2459901.9621673413,59901.457777800002,13.2316608,0.00991168618,0,zr,95.527696899999995,7.6604937,0.64200002,0.00200000009,20221118457778,1507,0x8,0x1,21.0900002,26.3852253,0.0140904756,0.0868434906,4.1080325e-06,30,1.11099994,2
1507208100012813,215236835,2459906.8730307706,59906.368356500003,13.2253408,0.00991196465,0,zr,95.527704099999994,7.6604973999999997,0.683000028,0.0179999992,20221123368345,1507,0x8,0x1,21.0699997,26.3801003,0.0131657254,0.0926786512,3.53025962e-06,30,1.16900003,2
1507208100012813,215539619,2459909.9010254014,59909.396192100001,13.20959,0.00991269387,0,zr,95.527702700000006,7.6604896,0.578000009,-0.00499999989,20221126396192,1507,0x8,0x1,21.1100006,26.3796806,0.0137402778,0.088453643,3.87293949e-06,30,1.11199999,2
1507208100012813,218328444,2459937.7900775727,59937.2844444,13.1954041,0.00991339702,0,zr,95.527721400000004,7.6604935000000003,1.17900002,-0.0329999998,20221224284444,1507,0x8,0x1,20.5799999,26.372282,0.0156722087,0.0941168442,5.09044548e-06,30,1.16700006,2
1507208100012813,246141548,2460215.9155637547,60215.415486099999,13.2576799,0.00991063844,0,zr,95.527711100000005,7.660488,0.404000014,-0.0189999994,20230928415486,1507,0x8,0x1,20.2299995,26.3123322,0.0150430752,0.0878950879,4.73605542e-06,30,1.95500004,2
1507208100012813,246341332,2460217.9135900973,60217.413321799999,13.2615385,0.00991049688,0,zr,95.527722400000002,7.6604907999999998,0.90200001,-0.057,20230930413322,1507,0x8,0x1,19.7000008,26.3001709,0.018316552,0.0892446861,7.05012371e-06,30,1.90100002,2
1507208100012813,248840898,2460242.911554018,60242.408981499997,13.2643499,0.00991039444,0,zr,95.527699200000001,7.6604928000000001,0.504000008,-0.0219999999,20231025408970,1507,0x8,0x1,20.9300003,26.3522873,0.0178321805,0.0830743611,6.5279196e-06,30,1.31200004,2
1507208100012813,249149726,2460246.0001029535,60245.497268500003,13.2698002,0.00991020165,0,zr,95.527708799999999,7.6604944000000001,0.620000005,-0.0309999995,20231028497257,1507,0x8,0x1,19.9300003,26.3788872,0.0142381452,0.0885575786,4.23040001e-06,30,1.10399997,2
1507208100012813,249344307,2460247.9460742981,60247.443078700002,13.2504873,0.00991091318,32768,zr,95.527703900000006,7.6605414999999999,0.93599999,0.00499999989,20231030443079,1507,0x8,0x1,18.0900002,26.3816738,0.0535123572,0.102571748,6.70849549e-05,30,1.14999998,2
1507208100012813,249431447,2460248.8175458419,60248.314479200002,13.2262726,0.00991192367,0,zr,95.527727400000003,7.6605347999999998,0.980000019,0,20231031314468,1507,0x8,0x1,18.9099998,26.2916317,0.0290782321,0.101892218,1.74124325e-05,30,2.16300011,2
1507208100012813,249638656,2460250.889795708,60250.386562500003,13.1981497,0.00991325732,0,zr,95.527707399999997,7.6604995000000002,0.720000029,-0.0329999998,20231102386551,1507,0x8,0x1,20.4500008,26.3609581,0.0163616799,0.0895325616,5.53352584e-06,30,1.31500006,2
1507208100012813,249745806,2460251.9613849032,60251.4580671,13.2010269,0.0099131139,0,zr,95.527707000000007,7.6605037999999999,0.958000004,-0.0320000015,20231103458067,1507,0x8,0x1,20.4400005,26.3831673,0.0154460603,0.092155166,4.93734115e-06,30,1.11300004,2
1507208100012813,250343234,2460257.9361180579,60257.432349499999,13.243679,0.0099111842,0,zr,95.527695899999998,7.6605147000000002,0.763999999,-0.00600000005,20231109432338,1507,0x8,0x1,20.2399998,26.3759403,0.0178258736,0.0870965421,6.70298959e-06,30,1.12300003,2
1507208100012813,250836114,2460262.8652570681,60262.361145800001,13.1974325,0.00991329458,0,zr,95.527708000000004,7.6604881000000002,0.653999984,-0.0160000008,20231114361134,1507,0x8,0x1,21.2600002,26.3549347,0.0181827415,0.0885471925,6.97059841e-06,30,1.27999997,2
1507208100012813,250940465,2460263.9088329733,60263.404652800004,13.189045,0.00991372578,0,zr,95.527723699999996,7.6604853999999998,0.941999972,0.0419999994,20231115404653,1507,0x8,0x1,21.0699997,26.3751221,0.0129580339,0.08033593,3.4599932e-06,30,1.13999999,2
1507208100012813,251443017,2460268.934666309,60268.430173599998,13.2251043,0.00991197582,0,zr,95.527695399999999,7.6605128999999996,0.65200001,0.0170000009,20231120430162,1507,0x8,0x1,20.1599998,26.3623562,0.0175437219,0.0957935601,6.41702582e-06,30,1.10399997,2
1507208100012813,253234809,2460286.8534103525,60286.348090300002,13.2428255,0.00991121866,0,zr,95.527711699999998,7.6604998000000002,0.683000028,-0.0370000005,20231208348044,1507,0x8,0x1,20.7700005,26.3750553,0.0136943823,0.0920751244,3.85134763e-06,30,1.13,2
1507208100012813,253525137,2460289.7567852773,60289.251377300003,13.1774559,0.0099143479,0,zr,95.527689499999994,7.6604852000000001,0.652999997,0.0120000001,20231211251377,1507,0x8,0x1,20.6599998,26.1725292,0.0169025287,0.090280965,5.73572788e-06,30,1.50300002,2
1507208100012813,254132812,2460295.8336724713,60295.328125,13.2432289,0.00991120283,0,zr,95.527708000000004,7.6605227999999999,0.423999995,-0.00499999989,20231217328032,1507,0x8,0x1,19.8799992,26.0717087,0.018802695,0.103452779,7.12545898e-06,30,1.12300003,2
1507208100012813,255324722,2460307.7528632721,60307.2472222,13.2614088,0.00991050061,0,zr,95.527695600000001,7.6604894000000003,0.846000016,-0.0250000004,20231229247222,1507,0x8,0x1,19.4599991,26.095974,0.0188369378,0.0936814472,7.13092049e-06,30,1.24199998,2
1507208100012813,255440285,2460308.9084961694,60308.4028588,13.2730513,0.00991009176,0,zr,95.527693600000006,7.6605008999999997,0.638000011,-0.0209999997,20231230402859,1507,0x8,0x1,20.3700008,26.3547039,0.0168521907,0.0914718956,5.75336844e-06,30,1.24000001,2
1507208100012813,255728738,2460311.7930026008,60311.287384299998,13.2676334,0.00991027895,0,zr,95.5277016,7.6604804,0.476999998,0.0109999999,20240102287361,1507,0x8,0x1,20.75,26.3743343,0.0133220293,0.0850111693,3.65042138e-06,30,1.12,2
1507208100012813,256128862,2460315.7941912124,60315.288622699998,13.201437,0.00991309341,0,zr,95.527700899999999,7.6604931000000001,0.726999998,-0.0500000007,20240106288623,1507,0x8,0x1,20.9500008,26.3706093,0.0131246177,0.0899171904,3.45744274e-06,30,1.10899997,2
1507208100012813,256830824,2460322.8136569518,60322.308240699997,13.2788897,0.00990989804,0,zr,95.527696599999999,7.6605040999999998,0.666999996,-0.00300000003,20240113308160,1507,0x8,0x1,20.0900002,26.3537865,0.0163288526,0.0939165503,5.37907681e-06,30,1.11399996,2
1507208100012813,258428539,2460338.7901697587,60338.285393500002,13.181632,0.00991412159,0,zr,95.527701100000002,7.6604910000000004,0.984000027,-0.0489999987,20240129285382,1507,0x8,0x1,19.8799992,26.2079029,0.020729214,0.0964999273,8.6314667e-06,30,1.14199996,2
1507208100012813,258720319,2460341.7078128634,60341.203194399997,13.2300253,0.00991175883,0,zr,95.527704499999999,7.6604957000000002,0.352999985,0.0109999999,20240201203183,1507,0x8,0x1,20.75,26.3582458,0.0170221813,0.0853442475,6.00404883e-06,30,1.12300003,2
1507208100012813,315149767,2460905.9942110656,60905.497673600003,13.3068333,0.00990908034,0,zr,95.527703099999997,7.6604823,0.648999989,-0.0120000001,20250818497604,1507,0x8,0x1,20.4400005,26.2545986,0.0159048587,0.0906431973,5.17281842e-06,30,2.6329999,1
1507208100012813,315150163,2460905.9981696578,60905.501631899999,13.2782049,0.00990991946,0,zr,95.527714599999996,7.6604863999999999,0.474000007,0.0109999999,20250818501551,1507,0x8,0x1,20.2999992,26.2649136,0.0172209162,0.0890108645,6.04046227e-06,30,2.5079999,1
1507208100012813,315150557,2460906.00211675,60905.505578700002,13.2902699,0.00990954228,0,zr,95.527715700000002,7.6604761999999997,0.787,-0.074000001,20250818505509,1507,0x8,0x1,20.1200008,26.2640724,0.017049361,0.0914707929,5.938497e-06,30,2.39499998,1
1507208100012813,315750114,2460911.9981385609,60911.501145800001,13.2289095,0.00991180725,0,zr,95.527716499999997,7.6604805999999996,0.802999973,-0.0769999996,20250824501134,1507,0x8,0x1,20.5699997,26.1956234,0.0184825528,0.0843867511,7.06087303e-06,30,2.11400008,1
1507208100012813,315750509,2460912.0020856764,60911.505092599997,13.2301989,0.00991175044,0,zr,95.527710099999993,7.6604814000000001,0.906000018,-0.064000003,20250824505081,1507,0x8,0x1,20.4699993,26.211956,0.0180068631,0.0863058791,6.72718079e-06,30,2.03699994,1
1507208100012813,315750903,2460912.006032791,60911.5090394,13.2440271,0.00991117023,0,zr,95.527716699999999,7.6604703000000001,0.753000021,-0.0430000015,20250824509028,1507,0x8,0x1,20.2999992,26.2239017,0.0164868757,0.0895313099,5.55841507e-06,30,1.96700001,1
