oid,expid,hjd,mjd,mag,magerr,catflags,filtercode,ra,dec,chi,sharp,filefracday,field,ccdid,qid,limitmag,magzp,magzprms,clrcoeff,clrcounc,exptime,airmass,programid
382116300013072,45053042,2458205.0318706939,58204.5304282,15.8606586,0.0185369477,0,zg,263.52611860000002,-7.6707266000000001,1.671,0.0120000001,20180327530417,382,0x10,0x3,20.1499996,26.1728687,0.0477574319,-0.0631183386,4.49069557e-05,30,1.38699996,1
382116300013072,45344622,2458207.9479407407,58207.4462269,15.8567638,0.0185307413,0,zg,263.52609289999998,-7.6707422000000003,1.61099994,0.105999999,20180330446181,382,0x10,0x3,19.9400005,26.1481171,0.0487694889,-0.0647113845,5.5817105e-05,30,1.72599995,1
382116300013072,45346959,2458207.971310915,58207.469594900002,15.8438168,0.018510351,0,zg,263.52609389999998,-7.6707399000000001,1.48899996,0.0659999996,20180330469583,382,0x10,0x3,19.9699993,26.1671371,0.0490633771,-0.0547422282,5.51953162e-05,30,1.55999994,1
382116300013072,45744640,2458211.9484802,58211.446400499997,15.7857103,0.0184233561,0,zg,263.52611139999999,-7.6707374000000002,0.934000015,0.00200000009,20180403446227,382,0x10,0x3,18.9300003,26.0935783,0.0507624522,-0.0207966045,0.000139582728,30,1.63699996,1
382116300013072,45746598,2458211.9680652763,58211.465983800001,15.806859,0.0184541792,0,zg,263.52616169999999,-7.6706759,0.566999972,-0.023,20180403465822,382,0x10,0x3,18.1499996,26.1328316,0.0563300252,-0.0480949879,0.000780540227,30,1.52100003,1
382116300013072,47648098,2458230.9846541081,58230.4809838,15.8526869,0.0185242798,32768,zg,263.526073,-7.6707082,1.87600005,0.0280000009,20180422480764,382,0x10,0x3,20.0300007,25.5008335,0.0607333593,-0.0558086671,7.95957312e-05,30,1.37300003,1
382116300013072,49247853,2458246.9832596122,58246.478530100001,15.8110733,0.0184604358,0,zg,263.52608400000003,-7.6707513000000001,1.41400003,0.104999997,20180508478519,382,0x10,0x3,20.7399998,26.1081181,0.038833376,-0.0386210829,2.61478635e-05,30,1.42900002,1
382116300013072,49537760,2458249.8824919211,58249.377604200003,15.7556095,0.0183811057,0,zg,263.52610700000002,-7.6706873,1.18700004,-0.0109999999,20180511377604,382,0x10,0x3,20.5300007,26.0534573,0.0470113941,-0.0240861662,3.90104324e-05,30,1.45899999,1
382116300013072,50840031,2458262.9057655167,58262.400312500002,15.795928,0.0184381288,0,zg,263.52608930000002,-7.6706918000000002,2.8039999,0.112999998,20180524400312,382,0x10,0x3,20.5400009,26.1102066,0.0440573096,-0.040235851,3.41701925e-05,30,1.37600005,1
382116300013072,51944673,2458273.9524700274,58273.446736099999,15.8533335,0.0185253024,0,zg,263.52609389999998,-7.6707196,1.61300004,0.0500000007,20180604446725,382,0x10,0x3,20.3199997,26.1213398,0.046070233,-0.0686554313,4.02461665e-05,30,1.62100005,1
382116300013072,52237736,2458276.883137743,58276.3773611,15.8493176,0.0185189676,0,zg,263.52611760000002,-7.6707241000000002,2.20300007,0.0439999998,20180607377350,382,0x10,0x3,21.0900002,26.1365509,0.0335216708,-0.0631792992,1.96702022e-05,30,1.39100003,1
382116300013072,52533525,2458279.8410605183,58279.335254600002,15.8718748,0.0185550172,0,zg,263.52608450000002,-7.6707435999999998,2.01099992,0.0759999976,20180610335243,382,0x10,0x3,21.0599995,26.1471272,0.0334406272,-0.0677360073,1.90510582e-05,30,1.38,1
382116300013072,52835749,2458282.863321377,58282.357499999998,15.885108,0.0185766984,0,zg,263.52607560000001,-7.6707073000000001,1.59800005,0.0469999984,20180613357500,382,0x10,0x3,20.8999996,26.0158463,0.0366681591,-0.0784778967,2.38209905e-05,30,1.38699996,1
382116300013072,53735341,2458291.8591952198,58291.3534144,15.9117794,0.0186216291,0,zg,263.52609480000001,-7.6707438000000003,2.10500002,0.075000003,20180622353414,382,0x10,0x3,20.5900002,26.165205,0.0407530554,-0.0784124658,2.93588982e-05,30,1.42799997,1
382116300013072,54729373,2458301.7993263481,58301.293738400003,15.8703232,0.0185524952,0,zg,263.52608909999998,-7.6707308000000003,2.69400001,0.0719999969,20180702293738,382,0x10,0x3,20.4599991,26.144537,0.047324162,-0.0730305463,4.0861185e-05,30,1.38199997,1
382116300013072,55323006,2458307.7354701576,58307.230069400001,15.8328018,0.0184932966,0,zg,263.52609580000001,-7.6707390999999996,2.40799999,0.0549999997,20180708229757,382,0x10,0x3,21.2299995,25.9728546,0.0331877246,-0.0599723868,1.88298945e-05,30,1.43400002,1
382116300013072,57729584,2458331.7999818549,58331.2958449,15.7841711,0.0184211526,0,zg,263.5260864,-7.6707248999999997,3.15899992,0.115999997,20180801295822,382,0x10,0x3,20.3199997,25.9160728,0.0461810045,-0.0352135263,3.95869247e-05,30,1.69500005,1
382116300013072,58016966,2458334.6736026164,58334.169664399997,15.956933,0.0187015459,32768,zg,263.52608880000003,-7.6706735999999998,0.867999971,-0.0560000017,20180804169653,382,0x10,0x3,20.5900002,26.1434917,0.0445338637,-0.110608123,3.47546629e-05,30,1.41299999,1
382116300013072,59015776,2458344.660947693,58344.157766199998,15.8221607,0.0184770748,0,zg,263.52608789999999,-7.6707270000000003,2.75099993,0.075000003,20180814157766,382,0x10,0x3,20.8700008,26.0249252,0.0375856236,-0.0473149754,2.54516763e-05,30,1.398,1
382116300013072,59319228,2458347.6952137048,58347.192280099996,15.8191147,0.0184724759,0,zg,263.5260758,-7.6707478,2.72399998,0.189999998,20180817192268,382,0x10,0x3,20.8400002,26.0449238,0.0382130295,-0.0463550761,2.54690804e-05,30,1.42700005,1
382116300013072,60825401,2458362.7556261332,58362.2540162,15.7958193,0.0184379704,0,zg,263.52609009999998,-7.6707554,1.48099995,0.0240000002,20180901253958,382,0x10,0x3,20.1399994,25.982172,0.0477053896,-0.0224527325,4.54420224e-05,30,2.19899988,1
382116300013072,61123015,2458365.7314850325,58365.2301505,15.8832989,0.0185737088,0,zg,263.52609389999998,-7.6707533999999997,2.12700009,0.112000003,20180904230139,382,0x10,0x3,20.9099998,25.9900227,0.0350610912,-0.0626507252,2.17683391e-05,30,1.95200002,1
382116300013072,78648023,2458540.9788850071,58540.480231499998,15.9541397,0.018696459,32768,zg,263.52605360000001,-7.6707577999999996,1.59300005,-0.0149999997,20190226480232,382,0x10,0x3,19.5300007,26.1337566,0.0500297844,-0.117212042,0.00011067967,30,2.59800005,1
382116300013072,80445996,2458558.9603295559,58558.459965299997,15.8966951,0.0185960159,0,zg,263.52609410000002,-7.6707548000000001,1.35300004,0.00999999978,20190316459838,382,0x10,0x3,20.5200005,26.0350742,0.044441741,-0.0610336848,3.53493233e-05,30,2.00999999,1
382116300013072,82050297,2458575.0048545981,58574.502974499999,15.9019146,0.0186048187,32768,zg,263.52607239999998,-7.6707343000000003,0.874000013,0.023,20190401502940,382,0x10,0x3,19.0499992,24.3704395,0.0575391985,-0.0580644198,0.000193861735,30,1.41100001,1
382116300013072,82748048,2458581.9829918426,58581.480486100001,15.871932,0.0185551085,0,zg,263.52612040000002,-7.6707400999999997,1.90199995,0.064000003,20190408479850,382,0x10,0x3,20.6000004,25.8672256,0.0412730202,-0.0743488669,3.02013832e-05,30,1.41900003,1
382116300013072,83748101,2458591.9843600295,58591.481018500002,15.8441267,0.0185108352,0,zg,263.52611239999999,-7.6707428999999996,1.06200004,0.0179999992,20190418480799,382,0x10,0x3,19.3500004,25.9114647,0.0518097803,-0.0447227471,9.63193161e-05,30,1.375,1
382116300013072,84446565,2458598.9695315347,58598.465659699999,15.839159,0.018503109,0,zg,263.52612099999999,-7.6707609000000003,3.25699997,0.25,20190425465150,382,0x10,0x3,20.5900002,26.1022663,0.0416829325,-0.0569059774,3.11265212e-05,30,1.37199998,2
382116300013072,84536927,2458599.8735547774,58599.369270800002,15.826376,0.018483473,0,zg,263.52611630000001,-7.6707464999999999,2.171,0.0930000022,20190426369248,382,0x10,0x3,21.3999996,27.2045765,0.0240956564,-0.0416360721,1.00753186e-05,90,1.75899994,2
382116300013072,88348211,2458637.9878307609,58637.482118100001,15.8187428,0.0184719153,0,zg,263.52609430000001,-7.6707459,2.27399993,0.119000003,20190603482118,382,0x10,0x3,19.8500004,25.8563309,0.0506707579,-0.01552267,6.51920491e-05,30,1.91499996,1
382116300013072,88635440,2458640.8601697753,58640.354409699998,15.8601856,0.0185361914,0,zg,263.52611350000001,-7.6707688999999997,1.94200003,0.137999997,20190606354294,382,0x10,0x3,21.3099995,26.0635471,0.0313697569,-0.0570616201,1.72051314e-05,30,1.37100005,1
382116300013072,88931642,2458643.8222187683,58643.316423600001,15.8016825,0.018446546,0,zg,263.52608570000001,-7.6707299000000004,1.61000001,0.0500000007,20190609316424,382,0x10,0x3,20.7000008,26.0420494,0.0390966013,-0.0256148949,2.70730525e-05,30,1.40699995,1
382116300013072,89533623,2458649.8420618628,58649.336238399999,15.8937807,0.0185911283,0,zg,263.52609919999998,-7.6707532,1.03400004,0.0780000016,20190615336215,382,0x10,0x3,19.4699993,26.0284996,0.0510438047,-0.050786864,9.03274849e-05,30,1.37100005,1
382116300013072,89931581,2458653.8216207791,58653.315810200002,15.9016619,0.0186043903,0,zg,263.52610090000002,-7.6707574999999997,1.50999999,0.0590000004,20190619315810,382,0x10,0x3,19.6499996,26.071373,0.0495906398,-0.0588706993,7.08931984e-05,30,1.37199998,1
382116300013072,90344085,2458657.9466272038,58657.440856499998,15.8465214,0.018514581,0,zg,263.5260864,-7.6707229000000003,1.88100004,0.0379999988,20190623440845,382,0x10,0x3,19.8400002,25.9206066,0.0510525703,-0.0407484025,6.26268084e-05,30,2.10700011,1
382116300013072,91333956,2458667.8451265632,58667.339560200002,15.847888,0.0185167212,0,zg,263.52610479999998,-7.6707663000000004,2.18199992,0.136000007,20190703339537,382,0x10,0x3,21.1100006,26.0694427,0.0328545012,-0.0544364899,1.90621795e-05,30,1.46700001,1
382116300013072,91627958,2458670.7850598674,58670.279583299998,15.8859053,0.0185780153,0,zg,263.52608429999998,-7.6707700000000001,2.18300009,0.335000008,20190706279549,382,0x10,0x3,21.1900005,26.0748539,0.0322610252,-0.0595017113,1.84269848e-05,30,1.37,1
382116300013072,91931138,2458673.8167593023,58673.311388900001,15.8314943,0.0184912905,0,zg,263.52609239999998,-7.6707267999999997,2.61400008,0.150000006,20190709311331,382,0x10,0x3,21.0799999,26.0551243,0.0331081711,-0.0439699143,1.91319377e-05,30,1.42799997,1
382116300013072,92231996,2458676.8252170919,58676.319965299997,15.8173409,0.0184698086,0,zg,263.5260864,-7.6707359999999998,2.05200005,0.0460000001,20190712319931,382,0x10,0x3,19.9400005,25.9999409,0.050619591,-0.027466394,5.85587295e-05,30,1.48699999,1
382116300013072,92622335,2458680.7284353012,58680.223356499999,15.8727684,0.0185564645,0,zg,263.52610859999999,-7.6707590000000003,2.421,0.128999993,20190716223356,382,0x10,0x3,19.6299992,26.11833,0.0520374812,-0.0536731258,8.11592909e-05,30,1.39100003,1
382116300013072,93028749,2458684.7923764172,58684.287499999999,15.8263187,0.0184833836,0,zg,263.52609660000002,-7.6707175000000003,1.23699999,0.0109999999,20190720287500,382,0x10,0x3,19.8199997,26.0659904,0.0485948622,-0.0362990424,5.67508614e-05,30,1.44700003,1
382116300013072,93520950,2458689.7141044671,58689.2095023,15.0172777,0.0178186856,32768,zg,263.52611819999998,-7.6707511000000004,0.991999984,0.128999993,20190725209213,382,0x10,0x3,16.6700001,21.5102177,0.155852184,0.96856606,0.392368555,30,1.37699997,1
382116300013072,94117155,2458695.6757803084,58695.171550899999,15.8403587,0.0185049679,32768,zg,263.5261284,-7.6707725,0.702000022,-0.0390000008,20190731171551,382,0x10,0x3,17.7199993,22.5898476,0.0954130292,-0.000315813522,0.0224027447,30,1.41199994,1
382116300013072,95726796,2458711.7709939731,58711.267962999998,15.8185053,0.0184715595,0,zg,263.52609690000003,-7.6707611,1.66400003,0.140000001,20190816267928,382,0x10,0x3,19.75,26.0099335,0.049918361,-0.032216996,6.71534435e-05,30,1.778,1
382116300013072,96416884,2458718.6712903366,58718.168842599996,15.817564,0.0184701439,0,zg,263.52610609999999,-7.6707559999999999,2.53299999,0.282000005,20190823168843,382,0x10,0x3,21.1499996,26.0322266,0.0340386368,-0.0466293134,2.02162755e-05,30,1.38600004,1
382116300013072,97025954,2458724.7614552355,58724.259548599999,15.6986799,0.0183062255,32768,zg,263.5260945,-7.6707293999999999,1.41100001,0.0260000005,20190829259549,382,0x10,0x3,20.3199997,25.8648148,0.0689163208,0.023309214,8.81695596e-05,30,2.1329999,1
382116300013072,97415997,2458728.6615269589,58728.159976900002,15.8314648,0.0184912458,0,zg,263.52611189999999,-7.6707486999999999,3.51799989,0.208000004,20190902159977,382,0x10,0x3,20.7999992,25.9532471,0.0403807126,-0.0529144704,2.8425713e-05,30,1.42499995,2
382116300013072,97515276,2458729.6542244623,58729.152766200001,15.7900019,0.0184295345,32768,zg,263.5260925,-7.6707628999999997,1.69700003,0.158999994,20190903152766,382,0x10,0x3,20.5699997,25.6755428,0.0868419781,-0.0857450962,0.000139504948,30,1.41299999,2
382116300013072,98112792,2458735.6288273642,58735.127928200003,15.8421192,0.0185077041,0,zg,263.52609169999999,-7.6707285000000001,2.03600001,0.0869999975,20190909127928,382,0x10,0x3,19.8600006,25.9788952,0.0510436296,-0.0263567492,6.35352335e-05,30,1.39499998,1
382116300013072,99420569,2458748.705352189,58748.2056944,15.7949162,0.0184366573,32768,zg,263.52605249999999,-7.6707130000000001,0.867999971,-0.0179999992,20190922205694,382,0x10,0x3,19.3999996,25.5421982,0.0602000132,-0.0282016136,0.000131130189,30,2.36199999,1
382116300013072,99720513,2458751.7045132369,58751.205138899997,15.7937908,0.01843502,0,zg,263.52606270000001,-7.6707621000000001,1.46000004,-0.00200000009,20190925205116,382,0x10,0x3,19.6100006,25.6912346,0.0587641373,-0.0354326218,9.63062266e-05,30,2.54999995,1
382116300013072,100315038,2458757.649201307,58757.150381899999,15.7904558,0.0184301902,0,zg,263.52608500000002,-7.6707422999999997,1.82700002,0.0399999991,20191001150382,382,0x10,0x3,20.4300003,25.9172955,0.0454364307,-0.0222923364,3.82713661e-05,30,1.86399996,2
382116300013072,101811385,2458772.6113528418,58772.113854199997,15.8213711,0.018475879,0,zg,263.5260882,-7.6707475000000001,2.0079999,0.0500000007,20191016113854,382,0x10,0x3,20.0900002,25.8951817,0.0497863293,-0.0351402536,5.07350633e-05,30,1.91700006,1
382116300013072,102110939,2458775.6066509751,58775.109398100001,15.8284941,0.0184866991,0,zg,263.52609230000002,-7.6707650999999997,1.68299997,0.0399999991,20191019109398,382,0x10,0x3,20.5499992,25.8623543,0.0423713252,-0.0363508575,3.21398038e-05,30,1.96599996,1
382116300013072,102411252,2458778.609537371,58778.112523099997,15.7991972,0.018442899,0,zg,263.52606969999999,-7.6707532,1.62300003,0.0350000001,20191022112523,382,0x10,0x3,19.9500008,25.8468933,0.0487554371,-0.0166033171,5.1134255e-05,30,2.1400001,1
382116300013072,102910831,2458783.6049467041,58783.108310199998,15.8200169,0.0184738338,0,zg,263.52608079999999,-7.6707475000000001,1.44599998,0.0810000002,20191027108241,382,0x10,0x3,20.0699997,25.8496628,0.0487850048,-0.0279516391,4.81943171e-05,30,2.32200003,1
382116300013072,113856887,2458893.0663635456,58892.5688773,15.8425703,0.0185084064,0,zg,263.52611480000002,-7.6707301000000001,0.927999973,0.00499999989,20200213568600,382,0x10,0x3,19.25,26.1263657,0.0565506518,-0.0444802009,0.000126326413,30,1.73599994,1
382116300013072,114654843,2458901.0466179876,58900.548437500001,15.8641253,0.0185425021,32768,zg,263.52609890000002,-7.6707248000000003,2.648,0.160999998,20200221548438,382,0x10,0x3,19.8400002,24.9919186,0.0553381108,-0.052910272,8.385408e-05,30,1.72300005,1
382116300013072,116046216,2458914.9616399421,58914.4621644,15.9103165,0.0186191238,32768,zg,263.52611580000001,-7.6707359999999998,2.40700006,0.144999996,20200306462130,382,0x10,0x3,18.9200001,24.6854496,0.101457216,-0.0687853247,0.000898548053,30,2.44300008,1
382116300013072,118748100,2458941.9830441833,58941.481006900001,15.8028231,0.0184482224,0,zg,263.52610499999997,-7.6707070999999996,1.23500001,0.00100000005,20200402480972,382,0x10,0x3,20.5499992,26.0954742,0.0436778925,-0.0300772469,3.36431767e-05,30,1.46000004,1
382116300013072,119046096,2458944.9632655005,58944.460960600001,15.8605118,0.018536713,0,zg,263.52610049999998,-7.6707248999999997,1.96899998,0.0949999988,20200405460926,382,0x10,0x3,20.0100002,26.1014366,0.047756616,-0.0371197239,4.89332015e-05,30,1.50899994,1
382116300013072,120939939,2458963.9032468679,58963.399398100002,15.8265648,0.018483758,0,zg,263.526073,-7.6707222000000002,2.046,0.0540000014,20200424399387,382,0x10,0x3,20.7099991,26.0690632,0.0395273678,-0.0274653342,2.75359725e-05,30,1.55900002,1
382116300013072,120943888,2458963.9427405521,58963.438888899997,15.8856525,0.018577598,0,zg,263.52609480000001,-7.6707533999999997,1.31099999,0.0460000001,20200424438275,382,0x10,0x3,20.8500004,26.1273975,0.0371988565,-0.0537082404,2.43234554e-05,30,1.40799999,1
382116300013072,121644074,2458970.9450736893,58970.440740700004,15.8327045,0.0184931457,0,zg,263.52610720000001,-7.6707462,1.84300005,0.061999999,20200501440741,382,0x10,0x3,21.4300003,26.1771336,0.027622195,-0.0385312811,1.37361403e-05,30,1.37600005,1
382116300013072,121944129,2458973.9458177886,58973.4412963,15.8643255,0.0185428225,0,zg,263.52610929999997,-7.6707311999999996,1.64600003,0.0270000007,20200504441296,382,0x10,0x3,20.3899994,26.1590004,0.0446690693,-0.0325636417,3.71220704e-05,30,1.37100005,1
382116300013072,122245578,2458976.9604865056,58976.455786999999,15.8440304,0.0185106844,0,zg,263.52609460000002,-7.6707245999999998,1.10800004,0.0270000007,20200507455787,382,0x10,0x3,19.3299999,26.1791553,0.04924706,-0.0347559601,8.9823312e-05,30,1.37899995,1
382116300013072,122731471,2458981.8196720704,58981.314710600003,15.8212004,0.0184756219,0,zg,263.52612019999998,-7.6707422000000003,0.282999992,0.00300000003,20200512314711,382,0x10,0x3,20.0699997,26.0819836,0.0479595773,-0.0406194031,4.92675608e-05,30,1.84899998,1
382116300013072,123833743,2458992.8428643853,58992.337430599997,15.8093462,0.0184578653,0,zg,263.52610110000001,-7.6707114000000001,1.24100006,-0.00800000038,20200523337431,382,0x10,0x3,20.7099991,26.1220379,0.0404257663,-0.0398298129,2.86239574e-05,30,1.477,1
382116300013072,124131682,2458995.8223593412,58995.316828700001,15.8276491,0.018485412,0,zg,263.52609200000001,-7.6707368999999996,2.53699994,0.157000005,20200526316817,382,0x10,0x3,21.1100006,26.1302052,0.0326604284,-0.0447936282,1.8821238e-05,30,1.53299999,1
382116300013072,124435690,2458998.8625251707,58998.3569097,15.8203201,0.0184742939,0,zg,263.52608780000003,-7.6707273999999996,1.87699997,0.0590000004,20200529356910,382,0x10,0x3,21.3299999,26.135828,0.0301710088,-0.0359209366,1.61000407e-05,30,1.38399994,1
382116300013072,124840071,2459002.906423673,59002.400717600001,16.1610298,0.0191284157,32768,zg,263.52608370000002,-7.6707913999999997,0.809000015,-0.105999999,20200602400718,382,0x10,0x3,17.7800007,23.6057987,0.0604712777,-0.327299774,0.0394856445,30,1.40400004,1
382116300013072,125729585,2459011.8016716414,59011.295856500001,15.8130636,0.0184634011,0,zg,263.52613309999998,-7.6707557,2.13700008,0.0829999968,20200611295856,382,0x10,0x3,20.9099998,25.8964577,0.0382365249,-0.0259924866,2.61739842e-05,30,1.44000006,1
382116300013072,126329783,2459017.8036533901,59017.297835600002,15.8564577,0.0185302552,0,zg,263.52610399999998,-7.6707489999999998,2.58100009,0.216000006,20200617297836,382,0x10,0x3,21.4599991,26.1999893,0.02908496,-0.0447631329,1.51239883e-05,30,1.39499998,1
382116300013072,126833686,2459022.8426389755,59022.3368634,15.8269558,0.0184843522,0,zg,263.52610420000002,-7.6707219999999996,1.53699994,0.0149999997,20200622336863,382,0x10,0x3,21.1399994,26.1964397,0.0335967205,-0.0430316366,2.01359035e-05,30,1.38800001,1
382116300013072,127131476,2459025.8205001662,59025.3147685,15.8355141,0.0184974708,32768,zg,263.52609619999998,-7.6707276000000002,3.20300007,0.0670000017,20200625314549,382,0x10,0x3,21.25,26.1679382,0.0329793282,-0.0589696206,1.96981655e-05,30,1.37300003,1
382116300013072,127435431,2459028.8599895765,59028.354317099998,15.8268938,0.0184842609,0,zg,263.52610140000002,-7.6707578999999999,0.898000002,-0.0130000003,20200628354306,382,0x10,0x3,20.4099998,26.104763,0.0449114032,-0.0457565933,3.71232782e-05,30,1.47899997,1
382116300013072,127837464,2459032.8802134907,59032.374641199996,15.8614025,0.0185381379,0,zg,263.52609860000001,-7.6707571999999997,1.21399999,0.074000001,20200702374595,382,0x10,0x3,19.6599998,26.139204,0.0472848862,-0.0463395044,6.29395581e-05,30,1.65499997,1
382116300013072,128221714,2459036.7225949508,59036.217141200003,15.868084,0.0185488779,0,zg,263.52611480000002,-7.6707495999999997,2.44400001,0.116999999,20200706217141,382,0x10,0x3,19.9699993,26.2386913,0.0488997623,-0.0552342348,5.62880596e-05,30,1.477,1
382116300013072,128533633,2459039.841672407,59039.336330999999,15.8391085,0.018503027,0,zg,263.52610390000001,-7.6707323000000001,2.72600007,0.137999997,20200709336319,382,0x10,0x3,20.3999996,26.2026596,0.0440572388,-0.0486882254,3.71121823e-05,30,1.53400004,1
382116300013072,128831407,2459042.8192950888,59042.314074100002,15.8102942,0.0184592754,0,zg,263.52609519999999,-7.67075,1.71700001,0.159999996,20200712314074,382,0x10,0x3,20.9099998,26.055727,0.0368250683,-0.0309772175,2.41202542e-05,30,1.47099996,1
382116300013072,129126479,2459045.7698809113,59045.264791699999,15.8143501,0.0184653234,0,zg,263.52609630000001,-7.6707238000000002,2.71000004,0.128000006,20200715264792,382,0x10,0x3,21.2099991,26.1948776,0.0321159214,-0.0312117022,1.81440355e-05,30,1.37600005,1
382116300013072,129425208,2459048.7570267492,59048.252083300002,15.8632612,0.0185411144,0,zg,263.52611919999998,-7.6707606999999998,3.39899993,0.238000005,20200718251852,382,0x10,0x3,21.2399998,26.2678909,0.0322036855,-0.070193477,1.85440331e-05,30,1.37300003,1
382116300013072,131020944,2459064.7134157019,59064.209444400003,15.8668108,0.0185468234,0,zg,263.52610550000003,-7.6707327999999997,0.75999999,0.0250000004,20200803209444,382,0x10,0x3,19.3400002,26.1404381,0.0536568984,-0.048112832,0.00011329168,30,1.37399995,1
382116300013072,131322952,2459067.7332798997,59067.229525499999,15.8683338,0.0185492784,0,zg,263.52610329999999,-7.6707406000000002,2.04099989,0.0500000007,20200806229502,382,0x10,0x3,20.3999996,26.216177,0.0443863943,-0.045035664,3.57423669e-05,30,1.41900003,1
382116300013072,136019278,2459114.6923774662,59114.192789399996,15.7922335,0.0184327625,0,zg,263.52609910000001,-7.6707561000000002,1.87399995,0.0359999985,20200922192789,382,0x10,0x3,19.9899998,25.7544918,0.0518659912,-0.0244308971,5.94710509e-05,30,2.14700007,1
382116300013072,137414899,2459128.6472900705,59128.148993100003,15.7931461,0.0184340831,0,zg,263.52605010000002,-7.6708331999999997,2.11899996,0.127000004,20201006148993,382,0x10,0x3,20.3099995,25.7440777,0.0561236478,0.000278784166,5.95009988e-05,30,2.05900002,1
382116300013072,137715391,2459131.6519425288,59131.153912000002,15.8203983,0.0184744112,0,zg,263.52606969999999,-7.6706988000000003,1.44500005,-0.00700000022,20201009153912,382,0x10,0x3,19.7999992,25.8972607,0.0484995432,-0.0177212954,5.72955942e-05,30,2.29500008,1
382116300013072,150952303,2459264.0210098349,59263.5230324,15.820241,0.0184741747,0,zg,263.52613919999999,-7.6707622999999998,0.48300001,-0.00700000022,20210218523032,382,0x10,0x3,19.4300003,26.1335125,0.0548902974,-0.0351418965,0.000105172498,30,2.10400009,1
382116300013072,151152118,2459266.0193357458,59265.521180600001,15.8411446,0.0185061879,0,zg,263.52611680000001,-7.6707346999999997,1.745,0.0120000001,20210220521181,382,0x10,0x3,20.5,26.1431522,0.0435745642,-0.0464359671,3.34205688e-05,30,2.046,1
382116300013072,151549788,2459269.9963977262,59269.497881900003,15.8421602,0.0185077675,0,zg,263.52610759999999,-7.6707216999999996,2.22300005,0.0700000003,20210224497882,382,0x10,0x3,20.0900002,26.0901508,0.0489354134,-0.0270237774,4.80250055e-05,30,2.26300001,1
382116300013072,151752740,2459272.0261104861,59271.527407399997,15.8895063,0.0185839925,32768,zg,263.52609419999999,-7.6707624000000001,0.805000007,0.0320000015,20210226527384,382,0x10,0x3,17.3700008,24.5247059,0.136088893,0.049435325,0.0787080526,30,1.76800001,1
382116300013072,152148515,2459275.9842237346,59275.485150499997,15.8622589,0.0185395088,0,zg,263.52612570000002,-7.6707311000000002,0.856000006,-0.00300000003,20210302485150,382,0x10,0x3,19.1000004,26.1303196,0.0545742139,-0.0570018068,0.000140203701,30,2.19300008,1
382116300013072,153750131,2459292.0019264161,59291.501319399998,15.8168087,0.0184690095,0,zg,263.52609819999998,-7.6707223000000004,2.52800012,0.164000005,20210318501319,382,0x10,0x3,21.0599995,26.1545601,0.0324156135,-0.0439833477,1.84149267e-05,30,1.55499995,1
382116300013072,154345677,2459297.9579458246,59297.456770800003,15.8454437,0.0185128935,0,zg,263.52610970000001,-7.6707115999999997,0.772000015,-0.00700000022,20210324456759,382,0x10,0x3,19.5900002,26.1402283,0.0533917993,-0.0510187186,8.30704157e-05,30,1.76600003,1
382116300013072,154748085,2459301.9824095992,59301.480856499998,15.8751869,0.018560404,0,zg,263.5261003,-7.6707128999999998,1.83299994,0.0199999996,20210328480856,382,0x10,0x3,19.6000004,26.178648,0.0499529578,-0.0447001867,7.45870566e-05,30,1.51900005,1
382116300013072,154939815,2459303.8998906454,59303.398159700002,15.867053,0.0185472127,0,zg,263.52607460000002,-7.6707723000000003,0.907000005,0.0289999992,20210330398021,382,0x10,0x3,18.9099998,25.9784698,0.0534251891,-0.022309795,0.000148350315,30,2.41599989,1
382116300013072,155447825,2459308.9804460891,59308.478252300003,15.8374958,0.018500533,0,zg,263.52610249999998,-7.6707204999999998,1.50800002,0.0299999993,20210404478252,382,0x10,0x3,20.3700008,26.1160259,0.0449024141,-0.0357933715,3.77945653e-05,30,1.45000005,1
382116300013072,155646157,2459310.9639446288,59310.461574100002,15.8269224,0.0184843056,32768,zg,263.52610399999998,-7.6707139,1.16299999,0.00999999978,20210406461574,382,0x10,0x3,20.5100002,26.0142097,0.0463140793,-0.028531706,3.8462571e-05,30,1.49399996,1
382116300013072,156048140,2459314.9841212919,59314.481400500001,15.8772974,0.0185638517,0,zg,263.52609200000001,-7.6707551,1.98000002,0.111000001,20210410481389,382,0x10,0x3,21.0699997,26.1680431,0.0326464213,-0.0575019792,1.87837813e-05,30,1.398,1
382116300013072,156238002,2459316.8829051554,59316.380023099999,15.8542833,0.0185268056,0,zg,263.52610149999998,-7.6707508000000004,2.023,0.216999993,20210412380023,382,0x10,0x3,21.2000008,26.0045376,0.0313053466,-0.0259800944,1.75361256e-05,30,2.0769999,1
382116300013072,156544018,2459319.9433211652,59319.440185200001,15.8384323,0.0185019802,0,zg,263.52609819999998,-7.6707432999999998,0.675000012,0.00600000005,20210415440185,382,0x10,0x3,20.6800003,26.1333408,0.0383768305,-0.0379049778,2.5699017e-05,30,1.48000002,1
382116300013072,157040121,2459324.904745108,59324.4012153,15.8334122,0.0184942354,0,zg,263.52610370000002,-7.6707285000000001,1.16199994,0.0179999992,20210420401204,382,0x10,0x3,20.7999992,26.1067905,0.0376510769,-0.0383273177,2.52833288e-05,30,1.61699998,1
382116300013072,157435337,2459328.8572059199,59328.353379599997,15.8531227,0.0185249671,0,zg,263.52610909999999,-7.6707463999999996,1.98300004,0.0450000018,20210424353368,382,0x10,0x3,19.6399994,26.0655746,0.0489276499,-0.0376210809,6.44980391e-05,30,1.98500001,1
382116300013072,158142953,2459335.9338521794,59335.429537000004,15.8755322,0.0185609665,0,zg,263.52610279999999,-7.6707381000000003,2.00099993,0.160999998,20210501429525,382,0x10,0x3,19.3999996,25.784935,0.0502132364,-0.0654766113,0.000102382248,30,1.38800001,1
382116300013072,158341746,2459337.9219073751,59337.417465300001,15.8636742,0.0185417775,0,zg,263.52608959999998,-7.6707793000000004,1.26300001,0.0170000009,20210503417350,382,0x10,0x3,19.8899994,26.130394,0.0494118705,-0.05332518,5.70693264e-05,30,1.39999998,1
382116300013072,158939891,2459343.9037060756,59343.398911999997,15.8444843,0.0185113959,0,zg,263.5261046,-7.6707336000000002,2.0999999,0.150999993,20210509398900,382,0x10,0x3,21.2199993,26.0490761,0.0318645127,-0.0315191969,1.78476676e-05,30,1.40499997,1
382116300013072,159244074,2459346.9456957309,59346.440740700004,15.7989416,0.0184425283,0,zg,263.52610129999999,-7.6706985999999997,2.44000006,0.101999998,20210512440729,382,0x10,0x3,21.0599995,26.1163158,0.0338300355,-0.029429676,2.03414347e-05,30,1.37399995,1
382116300013072,159445871,2459348.9637700887,59348.458715300003,15.848259,0.0185173023,0,zg,263.52609660000002,-7.6707538,1.94799995,0.0439999998,20210514458692,382,0x10,0x3,21.4200001,26.1167316,0.0287249759,-0.0443274714,1.46885368e-05,30,1.41400003,1
382116300013072,159844305,2459352.9482904463,59352.443055600001,15.8360758,0.0184983388,0,zg,263.52609339999998,-7.6706960999999998,2.12899995,0.0199999996,20210518443056,382,0x10,0x3,20.8400002,26.08078,0.0379100554,-0.0353976786,2.55934119e-05,30,1.403,1
382116300013072,160037644,2459354.8817607574,59354.376446800001,15.8153448,0.0184668116,0,zg,263.52611200000001,-7.6707102999999996,1.36199999,0.0140000004,20210520376447,382,0x10,0x3,20.5300007,26.1509781,0.0403536223,-0.0268516168,2.88610463e-05,30,1.38999999,1
382116300013072,160441829,2459358.9237601133,59358.418298600001,15.9096565,0.0186179914,0,zg,263.52609519999999,-7.6707498000000003,1.18099999,0.00700000022,20210524418299,382,0x10,0x3,19.6000004,26.1651688,0.0552444309,-0.0599393249,8.51210061e-05,30,1.38699996,1
382116300013072,160945811,2459363.9637245075,59363.458113399996,15.8724318,0.0185559187,0,zg,263.52609089999999,-7.6707513000000001,1.26300001,-0.00600000005,20210529458079,382,0x10,0x3,19.7600002,26.1792698,0.0465029702,-0.0488418192,5.74140395e-05,30,1.58200002,1
382116300013072,161539444,2459369.9001816381,59369.394444400001,15.8296366,0.0184884463,0,zg,263.5261036,-7.6707565000000004,2.43600011,0.0810000002,20210604394236,382,0x10,0x3,21.1000004,26.1389999,0.03159412,-0.0432027653,1.78611499e-05,30,1.398,1
382116300013072,161737703,2459371.8828040329,59371.377036999998,15.813983,0.0184647758,0,zg,263.52608429999998,-7.6707466999999996,1.26100004,0.0590000004,20210606377025,382,0x10,0x3,21.0699997,26.1734867,0.03392113,-0.0224497914,2.03143409e-05,30,1.37899995,1
382116300013072,162036548,2459374.8712862288,59374.365486100003,15.8354588,0.0184973869,0,zg,263.52610049999998,-7.6707501999999996,2.352,0.128000006,20210609365486,382,0x10,0x3,21.1000004,26.1790371,0.0316721611,-0.0449998304,1.78221417e-05,30,1.375,1
382116300013072,162235627,2459376.8620873559,59376.356273099998,15.8185854,0.0184716769,0,zg,263.52609410000002,-7.6707460000000003,2.31599998,0.0979999974,20210611356273,382,0x10,0x3,21.2700005,26.1868744,0.0297459047,-0.0393883139,1.5729649e-05,30,1.37199998,1
382116300013072,163625185,2459390.7575886408,59390.2518519,15.8582726,0.0185331404,0,zg,263.52611189999999,-7.6707390999999996,2.02600002,0.111000001,20210625251840,382,0x10,0x3,19.3899994,26.1847382,0.0472755879,-0.0333926864,7.93972795e-05,30,1.45899999,1
382116300013072,163829086,2459392.796567888,59392.290868099997,15.9366064,0.0186649635,0,zg,263.52610340000001,-7.6707710000000002,2.57999992,0.165000007,20210627290845,382,0x10,0x3,20.1900005,26.1960831,0.0471966416,-0.0646262392,4.65022313e-05,30,1.36899996,1
382116300013072,164033616,2459394.8418252263,59394.336169000002,15.8528204,0.018524494,0,zg,263.52609719999998,-7.6707305999999997,3.329,0.0460000001,20210629336157,382,0x10,0x3,20.3799992,25.9320946,0.0477235243,-0.0473028347,4.37029048e-05,30,1.42200005,1
382116300013072,164527449,2459399.7800152879,59399.274490700001,15.8532972,0.0185252465,0,zg,263.52610340000001,-7.6707182999999999,2.66300011,0.0860000029,20210704274491,382,0x10,0x3,21.1399994,26.1437893,0.0320184082,-0.0457543284,1.85050758e-05,30,1.36800003,1
382116300013072,164726878,2459401.774245623,59401.268784699998,15.876442,0.0185624529,0,zg,263.526095,-7.6707396000000001,1.99399996,0.0469999984,20210706268785,382,0x10,0x3,20.8999996,26.2047253,0.0359300673,-0.0584027208,2.35130337e-05,30,1.36800003,1
382116300013072,164927357,2459403.7789673251,59403.273576400003,15.8464003,0.0185143892,0,zg,263.52609969999997,-7.6707299000000004,2.84800005,0.180999994,20210708273576,382,0x10,0x3,21.1599998,26.1248455,0.0318093672,-0.0469400138,1.8001243e-05,30,1.36699998,1
382116300013072,165221212,2459406.7174072163,59406.212129599997,15.8240833,0.0184799843,0,zg,263.52610600000003,-7.6707406999999996,1.41100001,0.023,20210711212118,382,0x10,0x3,20.5799999,25.996254,0.0415390283,-0.025897054,3.09618699e-05,30,1.44500005,1
382116300013072,165433915,2459408.8443428841,59408.339155100002,15.8615246,0.0185383316,0,zg,263.52612379999999,-7.6707292000000002,3.70799994,0.162,20210713339120,382,0x10,0x3,20.4799995,25.6986561,0.0477241538,-0.0473723747,4.26439874e-05,30,1.60800004,1
382116300013072,165832077,2459412.8257780708,59412.320775499997,15.7827244,0.0184190813,0,zg,263.526094,-7.6707485999999996,3.26699996,0.177000001,20210717320775,382,0x10,0x3,20.8500004,25.8919792,0.0384047255,-0.0401965342,2.65906165e-05,30,1.56099999,1
382116300013072,166125185,2459415.7567043579,59415.2518519,15.8633947,0.0185413286,0,zg,263.52609740000003,-7.6707507000000001,2.26900005,0.0920000002,20210720251632,382,0x10,0x3,19.9400005,26.1669674,0.0491410941,-0.0557853356,5.86276437e-05,30,1.37399995,1
382116300013072,166431546,2459418.8201464731,59418.315462999999,15.8664484,0.0185462385,32768,zg,263.52610240000001,-7.6707352999999996,2.2750001,0.234999999,20210723315463,382,0x10,0x3,18.3899994,25.5287075,0.0727846101,-0.0315665081,0.000598357525,30,1.63199997,1
382116300013072,166931679,2459423.821176345,59423.316793999998,15.9246168,0.0186438542,32768,zg,263.52611309999998,-7.6707424,1.83099997,0.104999997,20210728316794,382,0x10,0x3,19.8500004,25.7312241,0.0818443149,-0.0726075619,0.000177883485,30,1.75600004,1
382116300013072,167123146,2459425.7357290252,59425.231469899998,15.8570261,0.0185311586,0,zg,263.52609840000002,-7.6707330000000002,2.21600008,0.199000001,20210730231458,382,0x10,0x3,20.9200001,26.0786457,0.0358610526,-0.043938335,2.27288001e-05,30,1.38100004,1
382116300013072,167325141,2459427.7555364724,59427.251411999998,15.8386211,0.0185022745,0,zg,263.52609239999998,-7.6707380000000001,2.87400007,0.166999996,20210801251366,382,0x10,0x3,20.9500008,26.0861492,0.036107026,-0.0437127352,2.30170317e-05,30,1.43700004,1
382116300013072,167529564,2459429.7996316077,59429.2956481,15.8723392,0.0185557678,0,zg,263.52610019999997,-7.6707419000000003,2.72000003,0.108999997,20210803295637,382,0x10,0x3,20.8500004,26.0948181,0.0353076942,-0.0535710976,2.19381709e-05,30,1.71300006,1
382116300013072,168023288,2459434.7365066493,59434.232881900003,15.8230677,0.0184784457,0,zg,263.5260897,-7.6707342000000001,1.949,0.0680000037,20210808232882,382,0x10,0x3,21.1100006,26.1191406,0.0324991867,-0.0349130742,1.88664617e-05,30,1.43900001,1
382116300013072,168223128,2459436.7347572553,59436.231284699999,15.9019766,0.018604923,0,zg,263.52611919999998,-7.6707665,3.11500001,0.0810000002,20210810231238,382,0x10,0x3,20.6299992,26.0677319,0.0435369723,-0.0822652653,3.36873491e-05,30,1.45200002,1
382116300013072,168619171,2459440.6948730452,59440.191713,15.8061371,0.01845311,0,zg,263.52609990000002,-7.6707478,2.03299999,0.0820000023,20210814191713,382,0x10,0x3,20.6800003,25.9366856,0.0409691818,-0.0289239846,3.03692832e-05,30,1.38300002,1
382116300013072,169227343,2459446.7760923225,59446.2734375,15.9095974,0.0186178926,0,zg,263.52609469999999,-7.6707508000000004,1.04999995,0.0309999995,20210820273426,382,0x10,0x3,19.0699997,25.969532,0.0514724739,-0.0392840728,0.000135444614,30,1.98099995,1
382116300013072,169416962,2459448.6721214373,59448.169629600001,15.9505453,0.0186899398,0,zg,263.52611000000002,-7.6707634000000002,2.9519999,0.245000005,20210822169618,382,0x10,0x3,19.9799995,26.1486416,0.0496200025,-0.0596503727,5.92602446e-05,30,1.38300002,1
382116300013072,169623358,2459450.7358996389,59450.233588000003,15.8705893,0.0185529292,0,zg,263.52607369999998,-7.6707359999999998,1.28100002,0.0340000018,20210824233576,382,0x10,0x3,19.25,25.7852058,0.051832065,-0.0342900082,0.000112409194,30,1.67400002,1
382116300013072,169827572,2459452.777859976,59452.275729200002,15.8636189,0.0185416862,0,zg,263.52609009999998,-7.6707672000000002,1.45799994,0.0860000029,20210826275729,382,0x10,0x3,19.7999992,25.922842,0.0489613339,-0.0259627439,6.02582368e-05,30,2.30299997,1
382116300013072,170019082,2459454.692780925,59454.190821800003,15.8414965,0.0185067374,0,zg,263.52611200000001,-7.6707394000000004,3.42600012,0.386999995,20210828190810,382,0x10,0x3,20.9799995,26.153923,0.0359595865,-0.0410367921,2.2982982e-05,30,1.48500001,1
382116300013072,170321155,2459457.7132353517,59457.2115509,15.9957561,0.0187742524,32768,zg,263.52608609999999,-7.6707352000000002,1.93900001,0.0549999997,20210831211539,382,0x10,0x3,19.9200001,25.1417809,0.202725679,0.031223096,0.00103134697,30,1.65100002,1
382116300013072,170817141,2459462.6726370878,59462.171412000003,15.8798504,0.0185680334,0,zg,263.5260945,-7.6707590000000003,3.55699992,0.243000001,20210905171412,382,0x10,0x3,20.8899994,26.1896915,0.0382880494,-0.0580101982,2.60169491e-05,30,1.49600005,1
382116300013072,171316939,2459467.6701526255,59467.169398099999,15.9686127,0.0187230222,32768,zg,263.5260882,-7.6707520999999996,2.06500006,0.0710000023,20210910169375,382,0x10,0x3,19.8600006,25.5734367,0.0798343197,-0.0826985314,0.000159608462,30,1.55400002,1
382116300013072,171514966,2459469.6502311691,59469.1496644,15.8349657,0.0184966233,0,zg,263.52610220000003,-7.6707473000000004,2.35400009,0.123999998,20210912149664,382,0x10,0x3,20.7999992,26.1565475,0.0366767123,-0.0422907546,2.40621412e-05,30,1.48500001,1
382116300013072,172216699,2459476.6668902077,59476.166990700003,15.8691473,0.0185505934,0,zg,263.52609419999999,-7.6707410999999999,1.59300005,0.0560000017,20210919166991,382,0x10,0x3,19.6900005,26.1307812,0.0519387424,-0.0472577028,7.72432613e-05,30,1.71000004,1
382116300013072,172313827,2459477.6380827916,59477.138275500001,15.8887539,0.0185827408,0,zg,263.52610850000002,-7.6707751000000002,1.699,0.063000001,20210920138252,382,0x10,0x3,20.1599998,26.2077541,0.0492266528,-0.048409868,5.12279512e-05,30,1.53400004,2
382116300013072,172415046,2459478.6501742667,59478.150462999998,15.860178,0.0185361821,0,zg,263.5260773,-7.6707479999999997,1.96099997,0.0799999982,20210921150463,382,0x10,0x3,19.5699997,26.1129627,0.0508302078,-0.0369672664,7.84606891e-05,30,1.62399995,1
382116300013072,172616627,2459480.6657935767,59480.166273100003,15.9022598,0.0186054036,0,zg,263.52610010000001,-7.6707282000000001,1.06099999,0.0130000003,20210923166273,382,0x10,0x3,19.5,26.0887718,0.0518740602,-0.0554450378,8.42557929e-05,30,1.80700004,1
382116300013072,173117341,2459485.6724647349,59485.1734144,15.8072233,0.0184547156,32768,zg,263.52608709999998,-7.6707292999999996,1.83500004,0.0309999995,20210928173414,382,0x10,0x3,20.0300007,25.2416077,0.0517800637,-0.0137568517,6.02243417e-05,30,2.07800007,1
382116300013072,173712899,2459491.6274951138,59491.128993099999,15.8160391,0.0184678547,0,zg,263.52608950000001,-7.6707264000000004,2.352,0.103,20211004128993,382,0x10,0x3,20.7399998,26.0507107,0.0380588472,-0.0316539295,2.57610373e-05,30,1.73699999,1
382116300013072,187450959,2459629.0075479853,59628.509594900002,15.9157915,0.0186285339,0,zg,263.5260715,-7.6707435000000004,0.915000021,0.00400000019,20220218509595,382,0x10,0x3,19.2299995,26.091526,0.0543181561,-0.0276707467,0.000123704653,30,2.38000011,1
382116300013072,188350265,2459638.0014197673,59637.502650499999,15.9020395,0.0186050292,32768,zg,263.52610970000001,-7.6707656000000002,0.684000015,0.0289999992,20220227502639,382,0x10,0x3,19.0400009,24.5023251,0.065734081,-0.0474214815,0.000242254057,30,2.04900002,1
382116300013072,188750521,2459642.0043649883,59641.505219899998,15.924861,0.0186442789,0,zg,263.52609109999997,-7.6707511000000004,1.50300002,0.0419999994,20220303505208,382,0x10,0x3,20.9599991,26.1689339,0.0352367386,-0.0644644126,2.22278286e-05,30,1.86800003,1
382116300013072,191943707,2459673.9392389506,59673.437071799999,15.8647814,0.0185435545,0,zg,263.52610709999999,-7.6707492000000004,1.36800003,0.0120000001,20220404437072,382,0x10,0x3,20.4200001,25.9935894,0.0466246903,-0.0499179885,3.99619239e-05,30,1.67999995,1
382116300013072,192148693,2459675.9892830788,59675.486932899999,15.8531704,0.0185250435,0,zg,263.52609580000001,-7.6707080999999997,1.55900002,0.0430000015,20220406486921,382,0x10,0x3,20.8400002,26.1440754,0.0370337777,-0.0426105149,2.4259265e-05,30,1.41100001,1
382116300013072,192348048,2459677.9830116322,59677.480486100001,15.8716764,0.0185546912,0,zg,263.5261084,-7.6707311000000002,1.579,0.0439999998,20220408480475,382,0x10,0x3,20.7299995,26.1623955,0.039388001,-0.0475476459,2.74829781e-05,30,1.41299999,1
382116300013072,192945952,2459683.9625594895,59683.459525500002,15.8531828,0.0185250659,0,zg,263.52610620000002,-7.6707128000000004,2.61100006,0.0869999975,20220414459514,382,0x10,0x3,20.3500004,26.1613693,0.0457448959,-0.0349727236,3.88335138e-05,30,1.426,1
382116300013072,193139943,2459685.902625619,59685.399432899998,15.8608561,0.0185372662,0,zg,263.52612479999999,-7.6706957999999998,0.652999997,-0.00800000038,20220416399433,382,0x10,0x3,18.8400002,26.1476669,0.0513800234,-0.0324592665,0.00014373631,30,1.722,1
382116300013072,193946106,2459693.9648801088,59693.461064800002,15.8404484,0.0185051057,0,zg,263.52610279999999,-7.6707188000000004,0.904999971,-0,20220424461053,382,0x10,0x3,20.2199993,26.0796185,0.0498596467,-0.0374908224,4.83813201e-05,30,1.37300003,1
382116300013072,194343974,2459697.9438434406,59697.439745399999,15.860157,0.0185361449,0,zg,263.52609960000001,-7.6707492999999998,1.99100006,0.128999993,20220428439745,382,0x10,0x3,21.2399998,26.1282444,0.0307737384,-0.050135605,1.66168065e-05,30,1.38600004,1
382116300013072,194645813,2459700.9624371645,59700.458136599998,15.8595629,0.0185351986,0,zg,263.52610249999998,-7.6707293999999999,1.41100001,0.0189999994,20220501458125,382,0x10,0x3,20.7000008,26.1413765,0.03987775,-0.0400697812,2.81726461e-05,30,1.36699998,1
382116300013072,195842140,2459712.92639169,59712.421400500003,15.9143734,0.0186260883,0,zg,263.52611350000001,-7.6707326,1.505,0.0649999976,20220513421389,382,0x10,0x3,20.1100006,26.1727715,0.046423465,-0.0525390878,4.44096113e-05,30,1.36699998,1
382116300013072,196032069,2459714.8257776271,59714.320694399998,15.8815365,0.0185708068,0,zg,263.526118,-7.6707282000000001,1.50899994,0.0689999983,20220515320694,382,0x10,0x3,19.4300003,26.123291,0.0497620702,-0.0415587947,8.50643773e-05,30,1.71800005,1
382116300013072,196939795,2459723.9034036263,59723.397951400002,15.876009,0.0185617469,0,zg,263.52609669999998,-7.6707348,1.88100004,0.0680000037,20220524397940,382,0x10,0x3,20.8600006,26.1119022,0.0350173861,-0.0402760282,2.16527369e-05,30,1.36800003,1
382116300013072,197135582,2459725.8613376552,59725.355821800003,15.86654,0.0185463876,0,zg,263.5260973,-7.6706982999999997,2.023,0.0350000001,20220526355810,382,0x10,0x3,20.8299999,26.1510391,0.0364089943,-0.0385461785,2.36748292e-05,30,1.39900005,1
382116300013072,197335682,2459727.862403552,59727.356828700002,15.9291391,0.0186517742,32768,zg,263.52610700000002,-7.6707203000000002,1.61600006,0.0480000004,20220528356817,382,0x10,0x3,20.2999992,25.6253529,0.063515842,-0.0340025872,7.56312293e-05,30,1.38699996,1
382116300013072,197637623,2459730.8818905661,59730.3762384,15.8522844,0.0185236428,0,zg,263.52610320000002,-7.6707390999999996,2.07399988,0.129999995,20220531376227,382,0x10,0x3,21.25,26.1775684,0.029784929,-0.0397445485,1.5647478e-05,30,1.36699998,1
382116300013072,197840039,2459732.9060895196,59732.4003935,15.8481665,0.0185171589,0,zg,263.52610370000002,-7.6707264000000004,2.4849999,0.104000002,20220602400370,382,0x10,0x3,20.9799995,26.1702385,0.0344339162,-0.0450870022,2.09865029e-05,30,1.398,1
382116300013072,198031432,2459734.8200602587,59734.314328699998,15.8322067,0.0184923839,0,zg,263.52610620000002,-7.6707055000000004,1.86600006,0.182999998,20220604314329,382,0x10,0x3,21.1299992,26.1499996,0.0329093039,-0.0339382216,1.91275449e-05,30,1.44400001,1
382116300013072,198331687,2459737.8226506421,59737.316874999997,15.8817215,0.0185711104,0,zg,263.52609469999999,-7.6707448999999999,2.01799989,0.215000004,20220607316863,382,0x10,0x3,21.0699997,26.1963406,0.0325770862,-0.0459138416,1.9264402e-05,30,1.41299999,1
382116300013072,198535387,2459739.8596747047,59739.353877299996,15.8929853,0.0185897965,0,zg,263.52610559999999,-7.6707248000000003,2.20000005,0.0890000015,20220609353866,382,0x10,0x3,20.7299995,26.1656895,0.0378795378,-0.0444512181,2.55361119e-05,30,1.36699998,1
382116300013072,198723373,2459741.7395499987,59741.233738399998,15.8563566,0.0185300913,0,zg,263.52613000000002,-7.6707394000000004,2.24099994,0.0989999995,20220611233727,382,0x10,0x3,19.7299995,26.0294838,0.0504394323,-0.0307701901,7.06688807e-05,30,1.85000002,1
382116300013072,198936127,2459743.867094079,59743.361273100003,15.9161158,0.0186290946,0,zg,263.52610879999997,-7.6707212,1.23899996,0.0379999988,20220613361273,382,0x10,0x3,19.2399998,26.2408848,0.0531373732,-0.0638196245,0.000116718533,30,1.38199997,1
382116300013072,199333303,2459747.8388516186,59747.333032399998,15.8441677,0.0185108986,0,zg,263.52610540000001,-7.6707150999999998,1.77600002,0.148000002,20220617333021,382,0x10,0x3,20.2199993,26.171423,0.0464954302,-0.0221044328,4.35435213e-05,30,1.36800003,1
382116300013072,200831646,2459762.8220579335,59762.316469899997,15.8753462,0.0185606629,0,zg,263.52610229999999,-7.6707447000000002,1.93099999,0.0529999994,20220702316458,382,0x10,0x3,21.0300007,26.2042751,0.0316377729,-0.0468394831,1.79448725e-05,30,1.39400005,1
382116300013072,201031553,2459764.8210631604,59764.315532400004,15.8448458,0.0185119566,0,zg,263.52610340000001,-7.6707333999999996,2.18000007,0.0689999983,20220704315532,382,0x10,0x3,21.0900002,26.1829319,0.0325187072,-0.0375309922,1.87877886e-05,30,1.403,1
382116300013072,201229348,2459766.7989519592,59766.2934838,15.8540735,0.018526474,0,zg,263.52610559999999,-7.6707258999999999,2.19000006,0.0920000002,20220706293472,382,0x10,0x3,21.1299992,26.1861801,0.0321391895,-0.0378459506,1.82496024e-05,30,1.37600005,1
382116300013072,201527248,2459769.7778513059,59769.272488399998,15.8633671,0.0185412839,0,zg,263.52607949999998,-7.6707139,1.24899995,0.0370000005,20220709272442,382,0x10,0x3,20.1800003,26.2031994,0.0457631163,-0.030121088,4.05830287e-05,30,1.36800003,1
382116300013072,201533765,2459769.8430109364,59769.337650499998,15.9011507,0.0186035242,0,zg,263.52609699999999,-7.6707451999999998,1.88199997,0.0610000007,20220709337650,382,0x10,0x3,20.5,26.2019997,0.0450181887,-0.0549883395,3.681815e-05,30,1.52999997,1
382116300013072,201727319,2459771.7784793573,59771.273194399997,15.8619766,0.0185390562,0,zg,263.52609469999999,-7.6707447999999996,1.676,0.115000002,20220711273183,382,0x10,0x3,19.9500008,26.1946354,0.0502028167,-0.0375445411,6.08158443e-05,30,1.37100005,1
382116300013072,202827407,2459782.7788306093,59782.274074100002,15.9134665,0.0186245274,0,zg,263.52609469999999,-7.6707216999999996,2.25300002,0.0670000017,20220722274062,382,0x10,0x3,20.7199993,26.1114101,0.0406120308,-0.0587350726,2.91822307e-05,30,1.42200005,1
382116300013072,203429420,2459788.7986011291,59788.2942014,15.8893108,0.0185836703,0,zg,263.52609860000001,-7.6707653999999996,2.01099992,0.061999999,20220728294190,382,0x10,0x3,21.0499992,26.0400486,0.034905538,-0.0427492559,2.17159395e-05,30,1.57799995,1
382116300013072,203621231,2459790.7165915682,59790.212314800003,15.908102,0.0186153352,0,zg,263.52611680000001,-7.6707555000000003,3.3900001,0.122000001,20220730212303,382,0x10,0x3,20.7700005,26.1191635,0.0407612622,-0.0756866559,2.97268216e-05,30,1.36699998,1
382116300013072,203825357,2459792.7577175666,59792.253576399999,15.8460989,0.0185139179,0,zg,263.52610620000002,-7.6707361000000001,2.4749999,0.0670000017,20220801253576,382,0x10,0x3,20.7000008,25.8898125,0.0396754332,-0.0461937338,2.83533791e-05,30,1.44200003,1
382116300013072,204723059,2459801.7340820557,59801.230590300001,15.8990164,0.0185999218,32768,zg,263.52609799999999,-7.6707426999999999,1.20799994,0.0920000002,20220810230590,382,0x10,0x3,19.3799992,26.0857658,0.0907359123,-0.0537865385,0.000353147596,30,1.44700003,1
382116300013072,205123733,2459805.740514697,59805.237337999999,15.8619776,0.0185390562,0,zg,263.5261107,-7.6707561999999996,3.0079999,0.0879999995,20220814237326,382,0x10,0x3,20.4300003,26.1094799,0.0464112721,-0.0666659325,4.18238997e-05,30,1.51999998,1
382116300013072,205318969,2459807.6927172518,59807.189699100003,15.9116135,0.018621346,0,zg,263.52610490000001,-7.6707676999999999,2.72600007,0.26699999,20220816189491,382,0x10,0x3,21.1000004,26.1336136,0.033252731,-0.0582505204,1.97304489e-05,30,1.38699996,1
382116300013072,205523379,2459809.7366450913,59809.233796300003,15.8756447,0.018561149,0,zg,263.52609799999999,-7.6707536999999997,3.50699997,0.174999997,20220818233796,382,0x10,0x3,20.9099998,26.06633,0.037498232,-0.0553676523,2.51425736e-05,30,1.55900002,1
382116300013072,205823403,2459812.7366338703,59812.234039399998,15.8796968,0.01856778,0,zg,263.52609519999999,-7.6707434000000001,2.74499989,0.107000001,20220821234028,382,0x10,0x3,20.9699993,26.0644188,0.0365712643,-0.0617910363,2.38111006e-05,30,1.61199999,1
382116300013072,206219019,2459816.6924464279,59816.190196800002,15.8229837,0.018478319,0,zg,263.52608309999999,-7.6707320000000001,2.82399988,0.159999996,20220825190197,382,0x10,0x3,20.9799995,26.0680866,0.0346473344,-0.035801325,2.15447362e-05,30,1.449,1
382116300013072,206924202,2459823.743638163,59823.242025500003,15.8732014,0.0185571704,0,zg,263.5261089,-7.6707523999999996,1.71500003,0.0140000004,20220901242014,382,0x10,0x3,20.3999996,26.0195484,0.046464704,-0.0426451266,4.00470308e-05,30,1.99100006,1
382116300013072,207123225,2459825.7336857198,59825.232256900003,15.86063,0.0185369011,0,zg,263.52609410000002,-7.6707555999999997,1.46700001,0.0329999998,20220903232257,382,0x10,0x3,20.0699997,25.9659309,0.0517983064,-0.0242200829,5.6431476e-05,30,1.93200004,1
382116300013072,207419002,2459828.6911762101,59828.190023100004,15.9190731,0.0186342075,0,zg,263.52611239999999,-7.6707358000000001,2.14299989,0.0670000017,20220906190012,382,0x10,0x3,19.6399994,26.1158085,0.0495027639,-0.0570380129,7.01321405e-05,30,1.61000001,1
382116300013072,207614951,2459830.6504829936,59830.149513900004,15.899107,0.0186000746,0,zg,263.52610440000001,-7.6707559999999999,1.65499997,0.0970000029,20220908149514,382,0x10,0x3,19.7299995,26.1219711,0.0517430156,-0.0486030914,7.19079908e-05,30,1.44099998,1
382116300013072,208617006,2459840.6700879461,59840.170069400003,15.8322754,0.0184924863,0,zg,263.5260945,-7.6707321000000004,3.94300008,0.231999993,20220918170058,382,0x10,0x3,21.1200008,26.1521797,0.0322861299,-0.0475111529,1.85091267e-05,30,1.70700002,1
382116300013072,208620686,2459840.7068784125,59840.206863400002,15.8196287,0.0184732508,0,zg,263.52608509999999,-7.6707470000000004,2.96000004,0.172000006,20220918206863,382,0x10,0x3,20.9500008,26.044054,0.0361047685,-0.0316654071,2.34451982e-05,30,2.171,1
382116300013072,208813741,2459842.6372505324,59842.137418999999,15.8626003,0.0185400564,0,zg,263.52609919999998,-7.6707519,2.21600008,0.0659999996,20220920137419,382,0x10,0x3,20.8600006,26.1679726,0.0362017527,-0.0395388417,2.31079612e-05,30,1.52600002,1
382116300013072,209413270,2459848.63197301,59848.1327083,15.8321123,0.0184922405,0,zg,263.5261089,-7.6707369999999999,1.98099995,0.0680000037,20220926132708,382,0x10,0x3,20.6399994,26.0198536,0.0430036038,-0.0130097196,3.30385155e-05,30,1.59200001,1
382116300013072,209616688,2459850.6659608344,59850.166886600004,15.8375931,0.018500682,0,zg,263.52610279999999,-7.6707443,2.47000003,0.0710000023,20220928166875,382,0x10,0x3,20.4699993,26.0058708,0.0497174151,-0.034038838,4.57989663e-05,30,1.97099996,1
382116300013072,210116880,2459855.6674201251,59855.168807900001,15.842617,0.0185084809,32768,zg,263.52609310000003,-7.6707508000000004,1.58599997,0.063000001,20221003168438,382,0x10,0x3,19.6200008,25.8188667,0.0564772971,-0.0206581913,9.26421199e-05,30,2.22300005,1
382116300013072,210313092,2459857.6293599494,59857.130925899997,15.8658924,0.0185453426,32768,zg,263.52609860000001,-7.6707498999999997,2.34599996,0.0839999989,20221005130926,382,0x10,0x3,19.6599998,25.7512875,0.0492625758,-0.0298532192,7.33821216e-05,30,1.77400005,1
382116300013072,210514937,2459859.6476278007,59859.149375000001,15.8677425,0.0185483247,0,zg,263.5261041,-7.6707390999999996,1.65100002,0.063000001,20221007149363,382,0x10,0x3,19.6499996,25.9513741,0.0507750064,-0.022821784,7.40286268e-05,30,2.07500005,1
382116300013072,210815069,2459862.6486820821,59862.150694399999,15.8853893,0.0185771622,0,zg,263.52611460000003,-7.670757,1.43200004,0.0590000004,20221010150683,382,0x10,0x3,19.2999992,25.9711113,0.0514766835,-0.0322278626,0.000106141153,30,2.24399996,1
382116300013072,226248172,2460016.9817985743,60016.481724500001,15.8557844,0.0185291842,0,zg,263.52611000000002,-7.6707083000000003,1.09000003,0.0140000004,20230313481713,382,0x10,0x3,19.6599998,26.0660477,0.0508916005,-0.0203987937,6.84449406e-05,30,1.83299994,1
382116300013072,227848128,2460032.9828828708,60032.481284699999,15.8944273,0.0185922086,32768,zg,263.52610320000002,-7.6706937999999996,1.01300001,0.00300000003,20230329481273,382,0x10,0x3,18.7000008,24.163229,0.0689886883,-0.0571888834,0.000487509998,30,1.50999999,1
382116300013072,228944090,2460043.94348899,60043.440902800001,15.8796482,0.0185677037,0,zg,263.52611159999998,-7.6707270000000003,1.38999999,0.0170000009,20230409440891,382,0x10,0x3,19.6399994,26.1361771,0.0486380979,-0.0284505002,6.6902503e-05,30,1.56500006,1
382116300013072,229244234,2460046.9451928954,60046.442349500001,15.7490616,0.018372165,32768,zg,263.52613229999997,-7.6706808999999998,1.11800003,0.0949999988,20230412442350,382,0x10,0x3,17.8999996,23.999258,0.145393059,0.120512255,0.00953572989,30,1.51400006,1
382116300013072,229648019,2460050.9833750804,60050.480196800003,15.845603,0.0185131412,0,zg,263.52609719999998,-7.6707267000000003,2.13000011,0.00899999961,20230416479734,382,0x10,0x3,20.9099998,26.1118641,0.0358425975,-0.0365130901,2.26710436e-05,30,1.37699997,1
382116300013072,229946295,2460053.9663679535,60053.462951399997,15.8559389,0.0185294319,0,zg,263.52610629999998,-7.6707331999999999,1.75199997,0.064000003,20230419462951,382,0x10,0x3,20.8099995,26.15061,0.0373406745,-0.0453431308,2.4417026e-05,30,1.38900006,1
382116300013072,230144958,2460055.9531538966,60055.449583299996,15.8065557,0.0184537265,0,zg,263.52609109999997,-7.6707391999999999,1.88199997,0.144999996,20230421449583,382,0x10,0x3,21,26.1487961,0.0347090699,-0.0277022328,2.11023325e-05,30,1.40400004,1
382116300013072,230547893,2460059.9828059594,60059.478935200001,15.8645554,0.0185431931,0,zg,263.52610329999999,-7.6707410999999999,1.66600001,0.0250000004,20230425478935,382,0x10,0x3,20.7999992,26.0690231,0.0379826427,-0.0390126482,2.54518436e-05,30,1.36800003,1
382116300013072,230739922,2460061.9032321922,60061.399224499997,15.882679,0.0185726862,0,zg,263.52609339999998,-7.6707406999999996,1.65499997,0.0719999969,20230427399213,382,0x10,0x3,20.9799995,26.1240005,0.0354819,-0.0457357727,2.24959749e-05,30,1.52400005,1
382116300013072,230945850,2460063.9626568747,60063.458506900002,15.880373,0.0185688939,0,zg,263.52609489999998,-7.6707017000000004,1.76900005,0.0390000008,20230429458495,382,0x10,0x3,20.7900009,26.1355171,0.0383026898,-0.0382282026,2.59122462e-05,30,1.36699998,1
382116300013072,232145347,2460075.9583489331,60075.453472200003,15.855545,0.018528806,0,zg,263.52609990000002,-7.6707314000000002,2.46499991,0.170000002,20230511453472,382,0x10,0x3,20.5300007,26.1337299,0.0433118716,-0.0435592979,3.33832686e-05,30,1.38499999,1
382116300013072,232435627,2460078.8612976512,60078.356273099998,15.867259,0.0185475461,0,zg,263.52610600000003,-7.6707324000000003,1.89900005,0.0890000015,20230514356262,382,0x10,0x3,20.9799995,26.072382,0.0378018357,-0.0283953846,2.53082071e-05,30,1.50699997,1
382116300013072,232735086,2460081.8560328791,60081.350868100002,15.8645058,0.0185431112,0,zg,263.52610570000002,-7.6707039999999997,1.40199995,0.0209999997,20230517350868,382,0x10,0x3,20.7800007,26.0844631,0.0398482382,-0.0372827463,2.79850046e-05,30,1.495,1
382116300013072,232942212,2460083.9273838825,60083.422129600003,15.8670073,0.0185471401,0,zg,263.52610879999997,-7.6707342000000001,2.62100005,0.135000005,20230519422130,382,0x10,0x3,21.2900009,26.0791969,0.032237947,-0.0452774838,1.83030807e-05,30,1.37300003,1
382116300013072,233342208,2460087.9274925967,60087.4220833,15.839941,0.0185043197,0,zg,263.5261026,-7.6707485999999996,2.90300012,0.210999995,20230523422072,382,0x10,0x3,21.5300007,26.1392975,0.0292967893,-0.0526775382,1.54124464e-05,30,1.38699996,1
382116300013072,233739866,2460091.9042086257,60091.398669000002,15.8657236,0.0185450744,0,zg,263.52610750000002,-7.6707229999999997,1.94000006,0.0879999995,20230527398657,382,0x10,0x3,21.0799999,26.1113834,0.0346439071,-0.0279079415,2.11598908e-05,30,1.37199998,1
382116300013072,233946041,2460093.966014375,60093.4604167,15.8636141,0.0185416788,0,zg,263.52609899999999,-7.6707574000000003,2.29299998,0.118000001,20230529460405,382,0x10,0x3,21.2399998,26.0637608,0.0321318172,-0.0388746187,1.8146422e-05,30,1.58800006,1
382116300013072,234040641,2460094.9120341577,60094.406411999997,15.8695469,0.0185512416,0,zg,263.526096,-7.6707393000000001,1.74100006,0.0649999976,20230530406412,382,0x10,0x3,21.2199993,26.1719131,0.0312105659,-0.0545728467,1.73332392e-05,30,1.39199996,1
382116300013072,234543311,2460099.9388422151,60099.433113400002,15.8935127,0.0185906757,0,zg,263.5260993,-7.6707264999999998,0.166999996,0.00700000022,20230604433113,382,0x10,0x3,18.6800003,26.0763569,0.0526007228,-0.0232168715,0.000199963179,30,1.52600002,1
382116300013072,234742052,2460101.9262809125,60101.420520799998,15.9224148,0.0186400134,0,zg,263.5261064,-7.6707472000000001,0.799000025,0.0209999997,20230606420521,382,0x10,0x3,19.2600002,26.1351757,0.0533930659,-0.0590338297,0.000112313981,30,1.49300003,1
382116300013072,235742469,2460111.9305216754,60111.424699100004,16.00494,0.018792009,32768,zg,263.5260778,-7.6707321999999998,2.05299997,0.104999997,20230616424676,382,0x10,0x3,20.0400009,25.0551624,0.0790582076,-0.032011386,0.000144460282,30,1.68400002,1
382116300013072,236039901,2460114.9048265093,60114.399016199997,15.8810291,0.0185699686,0,zg,263.52609699999999,-7.6707542000000002,1.45299995,0.00999999978,20230619398970,382,0x10,0x3,20.3799992,26.1453209,0.0462109521,-0.0416433401,3.89833913e-05,30,1.56400001,1
382116300013072,236331483,2460117.8206225825,60117.314837999998,15.8730783,0.0185569674,0,zg,263.52609719999998,-7.6707371000000002,2.03699994,0.145999998,20230622314826,382,0x10,0x3,20.8999996,26.1696262,0.0349918529,-0.0410410948,2.16025601e-05,30,1.36699998,1
382116300013072,236527457,2460119.780331485,60119.274571800001,15.8615923,0.0185384415,0,zg,263.52610779999998,-7.6707194999999997,2.72199988,0.180000007,20230624274572,382,0x10,0x3,21.1100006,26.159193,0.0312315263,-0.0386492945,1.72861492e-05,30,1.40499997,1
382116300013072,236737895,2460121.8846844914,60121.378958300003,15.8941746,0.0185917839,0,zg,263.5260988,-7.6707450000000001,2.38599992,0.127000004,20230626378947,382,0x10,0x3,20.8299999,26.1625366,0.0370967798,-0.049583029,2.44277508e-05,30,1.55799997,1
382116300013072,236927293,2460123.7786299763,60123.272939800001,15.8586531,0.0185337495,0,zg,263.52610700000002,-7.6707207999999998,2.43499994,0.0489999987,20230628272928,382,0x10,0x3,20.5200005,26.1649876,0.0438860729,-0.0399577618,3.46965098e-05,30,1.38699996,1
382116300013072,237137723,2460125.8828773894,60125.377233799998,15.9547758,0.0186976139,0,zg,263.5261059,-7.6707543999999999,1.69200003,0.159999996,20230630377234,382,0x10,0x3,19.9300003,26.1061211,0.0484237373,-0.0613135844,5.51933517e-05,30,1.61600006,1
382116300013072,237442657,2460128.9321381552,60128.426574099998,15.9283047,0.0186503101,0,zg,263.52606489999999,-7.6707559999999999,0.995000005,0.00899999961,20230703426574,382,0x10,0x3,18.3400002,25.9997749,0.0554865077,-0.0659753159,0.000358060992,30,2.34599996,1
382116300013072,238035987,2460134.8652421301,60134.359872699999,15.8650875,0.0185440481,0,zg,263.52610900000002,-7.6707606000000004,2.11999989,0.0759999976,20230709359873,382,0x10,0x3,20.7399998,26.1406898,0.0376259424,-0.0323754624,2.54225852e-05,30,1.66799998,1
382116300013072,238233597,2460136.8412652775,60136.335972200002,15.8788643,0.0185664184,0,zg,263.52611389999998,-7.6707343000000003,2.18099999,0.0460000001,20230711335752,382,0x10,0x3,20.7199993,26.1389732,0.0388695374,-0.0446425639,2.68478034e-05,30,1.546,1
382116300013072,238423118,2460138.7363951504,60138.2311806,15.8453474,0.0185127426,0,zg,263.52609649999999,-7.6707029999999996,3.07200003,0.0659999996,20230713231157,382,0x10,0x3,20.8600006,25.9352341,0.03868277,-0.0335962661,2.65080744e-05,30,1.38900006,1
382116300013072,238632377,2460140.8288949435,60140.323773099997,15.8370438,0.0184998326,0,zg,263.52609539999997,-7.6707390000000002,2.73200011,0.122000001,20230715323762,382,0x10,0x3,20.7299995,26.1023731,0.0388883911,-0.0378367677,2.74608065e-05,30,1.53999996,1
382116300013072,238925298,2460143.7579679433,60143.2529861,15.8630276,0.01854074,0,zg,263.52611200000001,-7.6707286000000003,3.16300011,0.211999997,20230718252975,382,0x10,0x3,21.1499996,26.1981945,0.0331840925,-0.0602509454,2.02493975e-05,30,1.36899996,1
382116300013072,239125040,2460145.7552847387,60145.2504051,15.8538036,0.0185260456,0,zg,263.52609289999998,-7.6707055000000004,2.94199991,0.141000003,20230720250394,382,0x10,0x3,21.1299992,26.1814079,0.033393763,-0.0473504476,1.98716298e-05,30,1.37100005,1
382116300013072,239329542,2460147.8001976847,60147.295428199999,15.9084864,0.0186159927,0,zg,263.5260907,-7.6707586000000001,2.58299994,0.116999999,20230722295428,382,0x10,0x3,20.8799992,26.148365,0.0379638448,-0.071941115,2.58014279e-05,30,1.495,1
382116300013072,239533593,2460149.8405916533,60149.3359375,15.8298216,0.0184887275,0,zg,263.52610650000003,-7.6707577999999996,2.25399995,0.148000002,20230724335926,382,0x10,0x3,20.8500004,26.0291252,0.0366089605,-0.0241592098,2.39755154e-05,30,1.82599998,1
382116300013072,239927366,2460153.7780859722,60153.273669000002,15.9740534,0.0187331419,32768,zg,263.52613170000001,-7.6707565000000004,3.07500005,0.207000002,20230728273657,382,0x10,0x3,20.1800003,26.2429733,0.0503704362,-0.105309457,5.53794598e-05,30,1.472,1
382116300013072,240222942,2460156.7336480366,60156.229421299999,15.9323978,0.018657513,0,zg,263.52611880000001,-7.6707542000000002,2.6730001,0.118000001,20230731229306,382,0x10,0x3,19.7000008,26.176012,0.0515183099,-0.0665629357,7.73816864e-05,30,1.38,1
382116300013072,240821030,2460162.7141127368,60162.210300899998,15.8503399,0.0185205769,0,zg,263.52611280000002,-7.6707352000000002,2.27600002,0.105999999,20230806210289,382,0x10,0x3,20.9799995,26.1992435,0.0344767794,-0.045688808,2.10975741e-05,30,1.37699997,1
382116300013072,241131564,2460165.8192296112,60165.315648099997,15.8590498,0.0185343791,0,zg,263.52608400000003,-7.6707317000000002,1.35500002,0.0500000007,20230809315590,382,0x10,0x3,20.2000008,25.9536324,0.0481418781,-0.0212477315,4.55565278e-05,30,2.15100002,1
382116300013072,241727429,2460171.7774079479,60171.274294000003,15.8899088,0.018584663,0,zg,263.52614089999997,-7.6707456000000001,2.24499989,0.0769999996,20230815274294,382,0x10,0x3,20.6200008,26.0886707,0.0439923964,-0.0526245385,3.49068905e-05,30,1.80900002,1
382116300013072,241922923,2460173.7321899091,60173.2292361,15.8920822,0.0185882878,0,zg,263.52611259999998,-7.6707539999999996,2.6960001,0.218999997,20230817229225,382,0x10,0x3,21.0599995,26.1343269,0.034222085,-0.0544302277,2.12641753e-05,30,1.51699996,1
382116300013072,242923292,2460183.7350189066,60183.232928199999,15.8791075,0.0185668152,0,zg,263.52610729999998,-7.6707383,2.24799991,0.063000001,20230827232650,382,0x10,0x3,19.9899998,26.1675987,0.0478609651,-0.0450786315,5.00566675e-05,30,1.72599995,1
382116300013072,243115501,2460185.6569295349,60185.1550116,15.8995676,0.0186008494,0,zg,263.52610540000001,-7.6707535,1.96899998,0.100000001,20230829154803,382,0x10,0x3,20.1200008,26.2146702,0.0498918407,-0.0458745956,5.31006372e-05,30,1.38699996,1
382116300013072,243324528,2460187.7470172746,60187.245289400002,15.8449583,0.0185121354,0,zg,263.52608700000002,-7.6707485999999996,2.34500003,0.109999999,20230831244965,382,0x10,0x3,19.5400009,26.0381813,0.0515346937,-0.0223830957,8.34748862e-05,30,1.98699999,1
382116300013072,244015237,2460194.6534601762,60194.152372700002,15.8298454,0.0184887648,0,zg,263.52609969999997,-7.6707115000000003,2.6500001,0.075000003,20230907152361,382,0x10,0x3,20.8299999,26.1652279,0.0382551104,-0.0341633111,2.62684589e-05,30,1.43900001,1
382116300013072,244419065,2460198.6913661421,60198.190659699998,15.8831682,0.0185734928,32768,zg,263.52611000000002,-7.6707340999999998,2.6500001,0.187999994,20230911190660,382,0x10,0x3,20.4799995,25.9451466,0.0448690467,-0.0439778715,3.64989428e-05,30,1.71399999,1
382116300013072,244817377,2460202.6741011837,60202.173773100003,15.862258,0.0185395088,0,zg,263.52610179999999,-7.6707178999999996,2.32399988,0.0979999974,20230915173762,382,0x10,0x3,20.5300007,26.0674286,0.0417399593,-0.0365183353,3.12961201e-05,30,1.66499996,1
382116300013072,245014148,2460204.64162231,60204.141481500003,15.8682899,0.0185492095,0,zg,263.52611860000002,-7.6707397999999998,3.74900007,0.254999995,20230917141481,382,0x10,0x3,21.3299999,26.1935387,0.0313337371,-0.0667251125,1.75811583e-05,30,1.50199997,1
382116300013072,245718930,2460211.6887774984,60211.189305599997,15.8651085,0.0185440835,0,zg,263.52611150000001,-7.6707321000000004,1.62300003,0.0610000007,20230924188947,382,0x10,0x3,19.8600006,26.0560055,0.0518017784,-0.0322572701,6.40138023e-05,30,2.13599992,1
382116300013072,245916501,2460213.6642975011,60213.165011600002,15.875144,0.0185603332,0,zg,263.52608550000002,-7.6707296999999999,0.64200002,-0.00300000003,20230926164884,382,0x10,0x3,19.2000008,26.1100082,0.054032743,-0.0458115265,0.00012496917,30,1.86899996,1
382116300013072,246117221,2460215.6713085794,60215.172210600002,15.9000082,0.0186015964,0,zg,263.52610979999997,-7.6707580000000002,2.64100003,0.171000004,20230928172199,382,0x10,0x3,19.75,26.1159725,0.051199194,-0.0537128784,6.98121657e-05,30,2.03800011,1
382116300013072,246913134,2460223.629710055,60223.131342599998,15.8388815,0.0185026769,0,zg,263.5260955,-7.6707356999999998,1.421,0.0390000008,20231006131343,382,0x10,0x3,20.3500004,26.0929909,0.0452809446,-0.0395563021,3.78336663e-05,30,1.79900002,1
382116300013072,247312524,2460227.623255684,60227.125243100003,15.8491344,0.0185186807,0,zg,263.5261107,-7.6707343999999997,2.24499989,0.0900000036,20231010125243,382,0x10,0x3,20.4899998,26.0790882,0.0449515395,-0.0370183848,3.63071049e-05,30,1.85099995,1
382116300013072,260353612,2460358.0339458305,60357.536122700003,15.8429527,0.0185090043,0,zg,263.52611250000001,-7.6707352000000002,0.999000013,0.00100000005,20240217536111,382,0x10,0x3,20.4099998,26.1084232,0.0489711426,-0.031567201,4.24980281e-05,30,1.97899997,1
382116300013072,261448513,2460368.9839519318,60368.485138900003,15.8838644,0.018574642,0,zg,263.5261193,-7.6707267000000003,1.505,0.0560000017,20240228485139,382,0x10,0x3,19.6299992,25.9663811,0.0520086847,-0.0279058535,7.39993702e-05,30,2.34800005,1
382116300013072,263346652,2460387.9671531664,60387.466527800003,15.8285103,0.018486727,0,zg,263.52610499999997,-7.6707301000000001,0.721000016,0.00899999961,20240318466528,382,0x10,0x3,20.3099995,26.0950108,0.0485952497,-0.03365409,4.23335478e-05,30,1.82700002,1
382116300013072,263544275,2460389.9435691689,60389.442754600001,15.8506689,0.0185210947,0,zg,263.5260773,-7.6707241000000002,1.67999995,0.0340000018,20240320442755,382,0x10,0x3,20.0100002,26.0171318,0.0509574823,-0.0281694178,5.42775088e-05,30,2.06800008,1
382116300013072,263750505,2460392.0060691396,60391.505057900002,15.8818083,0.0185712539,0,zg,263.52610720000001,-7.6706994000000002,1.60000002,0.0410000011,20240322505058,382,0x10,0x3,20.0200005,26.1566467,0.0532272384,-0.0467080176,5.94216654e-05,30,1.48099995,1
382116300013072,264241825,2460396.9197271662,60396.418252299998,15.8429451,0.018508995,0,zg,263.52613070000001,-7.6707153999999997,0.73299998,-0.00100000005,20240327417546,382,0x10,0x3,19.1200008,26.045269,0.0545198619,-0.033708822,0.000118779593,30,2.16000009,1
382116300013072,264450243,2460399.0040996042,60398.502430599998,15.8406038,0.0185053498,0,zg,263.52612549999998,-7.6707023000000003,1.58500004,0.00499999989,20240329502431,382,0x10,0x3,19.5300007,26.1542377,0.0511485972,-0.027589757,7.69659309e-05,30,1.42400002,1
382116300013072,265042306,2460404.9252762618,60404.423067099997,15.8386641,0.0185023397,0,zg,263.5260998,-7.6707032000000002,1.778,0.0430000015,20240404423056,382,0x10,0x3,20.8899994,26.0941448,0.0358356982,-0.0374536626,2.20610345e-05,30,1.796,1
382116300013072,265448438,2460408.9869546015,60408.484386600001,15.8308172,0.018490253,0,zg,263.52610060000001,-7.6707177,1.454,-0.00400000019,20240408484387,382,0x10,0x3,20.6700001,26.0734329,0.0432627909,-0.0373138227,3.22118831e-05,30,1.40100002,1
382116300013072,266046135,2460414.9644284905,60414.461354200001,15.8475161,0.0185161382,0,zg,263.52610279999999,-7.6707147999999998,1.39699996,0.0240000002,20240414461354,382,0x10,0x3,20.5200005,26.156332,0.0422578901,-0.0428501368,3.10641444e-05,30,1.41700006,1
382116300013072,266341427,2460417.9175842074,60417.4142708,15.8339272,0.0184950288,0,zg,263.52609339999998,-7.6707065999999999,1.90199995,0.0949999988,20240417414259,382,0x10,0x3,20.5599995,26.1285133,0.043586608,-0.0397417769,3.3043576e-05,30,1.58099997,1
382116300013072,266645949,2460420.9630422983,60420.459490699999,15.8660936,0.0185456667,0,zg,263.52610770000001,-7.6707501000000002,2.01999998,0.0890000015,20240420459491,382,0x10,0x3,20.6900005,26.1531391,0.0385825112,-0.0455477536,2.61254372e-05,30,1.38699996,1
382116300013072,266837270,2460422.8764048605,60422.372708299998,15.8520432,0.0185232628,0,zg,263.52609050000001,-7.6707141999999999,1.73099995,0.0460000001,20240422372697,382,0x10,0x3,19.8500004,26.1076298,0.0514786281,-0.0390763953,6.66960477e-05,30,1.80900002,1
382116300013072,267546469,2460429.968899461,60429.464699099997,15.8777275,0.0185645521,0,zg,263.52611020000001,-7.6707282000000001,2.31900001,0.129999995,20240429464699,382,0x10,0x3,20.4500008,26.1928329,0.0431826599,-0.0506330244,3.33949356e-05,30,1.36800003,1
382116300013072,267842210,2460432.9265001146,60432.422106500002,15.871645,0.0185546409,0,zg,263.52610609999999,-7.6707378999999998,2.69899988,0.0649999976,20240502422095,382,0x10,0x3,20.9099998,26.078392,0.0357858054,-0.0466354191,2.19514295e-05,30,1.39499998,1
382116300013072,268041894,2460434.9234649213,60434.418946799997,15.8581467,0.0185329411,0,zg,263.52611259999998,-7.6707336000000002,2.26699996,0.0799999982,20240504418935,382,0x10,0x3,21.3700008,26.1249619,0.0308506619,-0.0425419509,1.6357224e-05,30,1.39100003,1
382116300013072,268241885,2460436.9234920107,60436.418854199997,15.8415861,0.0185068753,0,zg,263.52610110000001,-7.6707403999999997,0.467999995,-0.00200000009,20240506418843,382,0x10,0x3,20.3700008,26.1523762,0.0446396209,-0.0391239226,3.49158836e-05,30,1.38199997,1
382116300013072,268344082,2460437.9455187875,60437.440821800003,15.8775263,0.0185642261,0,zg,263.52610709999999,-7.6707352999999996,2.33200002,0.200000003,20240507440822,382,0x10,0x3,21.0699997,26.145216,0.0334727652,-0.0478273928,1.91656618e-05,30,1.36699998,1
382116300013072,268445318,2460438.9579371577,60438.453182899997,15.8609314,0.0185373854,0,zg,263.52610129999999,-7.6707226999999998,2.09500003,0.182999998,20240508453183,382,0x10,0x3,21.0499992,26.1419926,0.0323084816,-0.0453354828,1.8090208e-05,30,1.37600005,1
382116300013072,268643898,2460440.94384414,60440.438981500003,15.8855038,0.018577354,0,zg,263.5261021,-7.6707510000000001,1.64199996,0.023,20240510438970,382,0x10,0x3,20.9599991,26.139246,0.0346732773,-0.0466417596,2.09668488e-05,30,1.36899996,1
382116300013072,268843993,2460442.9448970361,60442.439930599998,15.875268,0.0185605343,0,zg,263.52609860000001,-7.6707495999999997,2.07599998,0.0649999976,20240512439884,382,0x10,0x3,21.1200008,26.1564121,0.0314185284,-0.0515926145,1.71478478e-05,30,1.37399995,1
382116300013072,269037682,2460444.8818903342,60444.376828699998,15.8270864,0.0184845533,0,zg,263.5261026,-7.6707447999999996,2.27999997,0.127000004,20240514376829,382,0x10,0x3,21.1299992,26.143755,0.0323640555,-0.0372582078,1.79913368e-05,30,1.42400002,1
382116300013072,269239947,2460446.9046346233,60446.399479200001,15.9006796,0.0186027307,0,zg,263.52610379999999,-7.6707533999999997,1.95899999,0.209000006,20240516399468,382,0x10,0x3,21.2600002,26.1427383,0.0316971466,-0.052130077,1.74676516e-05,30,1.37300003,1
382116300013072,269435662,2460448.8618609975,60448.356620400002,15.8373671,0.0185003337,0,zg,263.52612269999997,-7.6706383000000002,1.60800004,-0.0280000009,20240518356620,382,0x10,0x3,19.9799995,26.1109657,0.0543014593,-0.0420313515,6.59481448e-05,30,1.45299995,1
382116300013072,269741613,2460451.9214969375,60451.416134300001,15.880023,0.0185683183,0,zg,263.52610920000001,-7.6707438000000003,1.64199996,0.0780000016,20240521416123,382,0x10,0x3,19.8999996,26.0761585,0.0494524837,-0.0319145173,5.72650788e-05,30,1.375,1
382116300013072,270241280,2460456.9183330364,60456.412800899998,15.8950481,0.0185932498,0,zg,263.5261016,-7.6707348,2.59599996,0.157000005,20240526412789,382,0x10,0x3,19.9699993,26.1930599,0.0510927141,-0.0565535463,5.85792332e-05,30,1.38800001,1
382116300013072,270641621,2460460.9218559694,60460.4162153,15.8412218,0.0185063072,0,zg,263.52609869999998,-7.6707343000000003,2.26099992,0.138999999,20240530416204,382,0x10,0x3,20.7399998,26.1279411,0.0387935825,-0.0427868553,2.63203983e-05,30,1.41900003,1
382116300013072,270935069,2460463.8563988912,60463.350694399996,15.8799591,0.018568214,0,zg,263.52611000000002,-7.670725,1.63199997,0.0219999999,20240602350694,382,0x10,0x3,20.6700001,26.1578083,0.0407906994,-0.0627797768,2.9427958e-05,30,1.37600005,1
382116300013072,271440025,2460468.9060371136,60468.400254599997,15.8637133,0.018541839,0,zg,263.52609560000002,-7.6707457000000003,2.95000005,0.165000007,20240607400243,382,0x10,0x3,21.1599998,26.1474876,0.0328388065,-0.0575546697,1.8939525e-05,30,1.43499994,1
382116300013072,271639600,2460470.9018090568,60470.396006900002,15.8734131,0.018557515,0,zg,263.52610670000001,-7.6707435999999998,1.55599999,0.0199999996,20240609396007,382,0x10,0x3,20.9300003,26.1491394,0.0369671211,-0.0606883615,2.3844681e-05,30,1.43900001,1
382116300013072,272137438,2460475.8802100052,60475.3743866,15.8773499,0.0185639393,0,zg,263.52609819999998,-7.6707482999999996,1.75800002,0.0450000018,20240614374387,382,0x10,0x3,21.0799999,26.1648426,0.0322139822,-0.0524480306,1.84230557e-05,30,1.41600001,1
382116300013072,272327383,2460477.7796520805,60477.273830999999,15.7700491,0.0184011403,0,zg,263.526096,-7.6706687999999996,2.421,0.0759999976,20240616273831,382,0x10,0x3,20.2700005,26.1223488,0.0524559766,0.00443963381,5.14844287e-05,30,1.46599996,1
382116300013072,273439928,2460488.9049753337,60488.399282400002,15.9039087,0.0186081976,0,zg,263.52610709999999,-7.6707399000000001,2.58699989,0.131999999,20240627399271,382,0x10,0x3,20.4599991,26.1226559,0.0455548093,-0.0485497862,3.73497169e-05,30,1.74199998,1
382116300013072,273632250,2460490.828151207,60490.322500000002,15.8722773,0.0185556654,0,zg,263.52610870000001,-7.6707432000000004,2.39400005,0.0879999995,20240629322454,382,0x10,0x3,21.0200005,26.2001686,0.0343444347,-0.0557754897,2.05354918e-05,30,1.39199996,1
382116300013072,274520934,2460499.7147249621,60499.209340300004,15.8360491,0.0184982978,0,zg,263.5261112,-7.6707330000000002,1.28499997,-0.0120000001,20240708209340,382,0x10,0x3,20.2900009,26.0634136,0.0477002151,-0.0251451097,4.22045705e-05,30,1.48399997,1
382116300013072,274723087,2460501.7361871479,60501.2308796,15.8429184,0.0185089502,0,zg,263.5261021,-7.6707209000000001,2.30800009,0.120999999,20240710230880,382,0x10,0x3,21,26.0483494,0.03559516,-0.0316001549,2.24064152e-05,30,1.40100002,1
382116300013072,275331587,2460507.8209197181,60507.315879599999,15.8746099,0.0185594615,0,zg,263.52609849999999,-7.6707314000000002,2.56500006,0.128999993,20240716315880,382,0x10,0x3,20.4500008,26.099247,0.0458141305,-0.0533664264,3.81316895e-05,30,1.52400005,1
382116300013072,275721170,2460511.7165436144,60511.211701400003,15.892663,0.0185892582,0,zg,263.5261107,-7.6707329,1.21200001,0.0450000018,20240720211690,382,0x10,0x3,19.3999996,26.0973701,0.0499778055,-0.0421684533,8.87832066e-05,30,1.38600004,1
382116300013072,275923152,2460513.7362595298,60513.231527800002,15.8211546,0.0184755549,0,zg,263.52610240000001,-7.6707217999999999,2.11299992,0.0879999995,20240722231516,382,0x10,0x3,19.8099995,26.0922012,0.0483926311,-0.0236877464,6.37539488e-05,30,1.36699998,1
382116300013072,276136204,2460515.8666580566,60515.3620486,15.8775864,0.0185643248,32768,zg,263.5261127,-7.6707288,1.398,0.0489999987,20240724361991,382,0x10,0x3,19.1800003,25.5838299,0.0561719388,-0.0194938648,0.000135792652,30,2.23900008,1
382116300013072,276321045,2460517.714950318,60517.210451400002,15.8236141,0.0184792764,0,zg,263.52610090000002,-7.6707234,2.94199991,0.129999995,20240726210440,382,0x10,0x3,21.0100002,25.9600697,0.0347398147,-0.0331042074,2.12382947e-05,30,1.37,1
382116300013072,276718972,2460521.6939689121,60521.189722199997,15.8525581,0.0185240768,0,zg,263.52610909999999,-7.6707226000000004,2.01999998,0.0599999987,20240730189711,382,0x10,0x3,20.9200001,26.1494141,0.0364614762,-0.0444243439,2.31365466e-05,30,1.37899995,1
382116300013072,277229435,2460526.7982483152,60526.294351899996,15.8405447,0.0185052566,0,zg,263.5260892,-7.6707188999999998,3.00900006,0.0970000029,20240804294340,382,0x10,0x3,20.8400002,26.0759277,0.0376205407,-0.0323588662,2.49359309e-05,30,1.73099995,1
382116300013072,278420890,2460538.7118771169,60538.208900500002,15.8791075,0.0185668152,0,zg,263.52609510000002,-7.6707324000000003,1.722,0.0989999995,20240816208808,382,0x10,0x3,19.9500008,26.1837521,0.0515478589,-0.0437747836,6.0823244e-05,30,1.43499994,1
382116300013072,278622859,2460540.7314079925,60540.228599499998,15.843585,0.0185099933,0,zg,263.52610600000003,-7.6707445999999999,2.60599995,0.199000001,20240818228600,382,0x10,0x3,20.0599995,26.1740665,0.0483442023,-0.0438101403,5.22458249e-05,30,1.53799999,1
382116300013072,279016798,2460544.6704581371,60544.167986100001,15.9118309,0.0186217166,0,zg,263.52610049999998,-7.6707587000000004,3.27200007,0.303000003,20240822167975,382,0x10,0x3,20.9300003,26.1877289,0.0355944,-0.0453470014,2.22330673e-05,30,1.38100004,1
382116300013072,279218688,2460546.6891821399,60546.1868866,15.8478279,0.0185166299,0,zg,263.52609419999999,-7.6707200999999996,2.39400005,0.119999997,20240824186840,382,0x10,0x3,20.8400002,26.1554413,0.037730325,-0.0409412719,2.4539846e-05,30,1.43400002,1
382116300013072,279428015,2460548.7822603341,60548.280150500002,15.7527361,0.0183771718,32768,zg,263.52606800000001,-7.6707155,1.87399995,0.144999996,20240826280139,382,0x10,0x3,19.8400002,25.8357887,0.0695947334,0.0356878825,0.000116745156,30,2.41599989,1
382116300013072,279615199,2460550.6539325314,60550.151990699997,15.8849268,0.0185763985,0,zg,263.52609619999998,-7.6707577000000002,2.00300002,0.0549999997,20240828151771,382,0x10,0x3,20.8500004,26.190033,0.0371528268,-0.0515956916,2.44037383e-05,30,1.38199997,1
382116300013072,279814869,2460552.6504526371,60552.148692100003,15.8829184,0.0185730811,0,zg,263.52608880000003,-7.6707333000000002,2.98600006,0.125,20240830148472,382,0x10,0x3,20.8999996,26.1730213,0.0365840942,-0.0500784665,2.37251115e-05,30,1.38499999,1
382116300013072,280024513,2460554.7467070394,60554.245138899998,15.8828354,0.0185729451,0,zg,263.52609310000003,-7.6707514999999997,2.25099993,0.0900000036,20240901245139,382,0x10,0x3,20.4200001,26.0063057,0.0471333824,-0.0472483225,3.99592209e-05,30,2.05699992,1
382116300013072,280221151,2460556.7129023368,60556.211516199997,15.8594103,0.0185349546,0,zg,263.52609690000003,-7.6707371999999996,2.54399991,0.0680000037,20240903211516,382,0x10,0x3,20.5499992,26.0048656,0.0439129137,-0.0365262926,3.41475643e-05,30,1.72300005,1
382116300013072,280423315,2460558.7343572555,60558.233159700001,15.8576651,0.0185321774,0,zg,263.52608149999998,-7.6707590999999997,1.13999999,0.00700000022,20240905233160,382,0x10,0x3,20.1900005,25.9300556,0.0509563088,-0.0264638625,5.02540934e-05,30,2.03999996,1
382116300013072,280715564,2460561.6565710725,60561.155648100001,15.9658508,0.0187179148,0,zg,263.52611280000002,-7.6707409000000002,3.18499994,0.202000007,20240908155637,382,0x10,0x3,20.7700005,26.0900536,0.0399464443,-0.0683336854,2.85362439e-05,30,1.46700001,1
382116300013072,281222133,2460566.7217740077,60566.221331000001,15.8484344,0.0185175817,32768,zg,263.52608939999999,-7.6707358000000001,2.10899997,0.111000001,20240913221100,382,0x10,0x3,18.9699993,25.4688416,0.053879194,-0.00322516961,0.000159047573,30,2.21099997,1
382116300013072,281413393,2460568.6341964207,60568.1339352,15.8860683,0.0185782835,0,zg,263.52610559999999,-7.6707220999999999,3.74399996,0.115999997,20240915133924,382,0x10,0x3,20.3299999,26.2120323,0.0462018698,-0.0592126995,4.01659308e-05,30,1.45799994,1
382116300013072,281714768,2460571.6476597888,60571.147685199998,15.9058514,0.0186115,0,zg,263.52610559999999,-7.6707239999999999,2.07399988,0.0599999987,20240918147674,382,0x10,0x3,19.5900002,26.1677494,0.0511493832,-0.0499918014,7.41802942e-05,30,1.55900002,1
382116300013072,297050784,2460725.005820232,60724.507847200002,15.8662224,0.0185458716,0,zg,263.52609949999999,-7.6707359000000004,1.25399995,0.0240000002,20250218507847,382,0x10,0x3,19.7000008,25.9046803,0.0522572659,-0.0354985371,7.04440026e-05,30,2.40700006,1
382116300013072,297651388,2460731.0124030132,60730.513888900001,15.8485155,0.0185177084,0,zg,263.52610670000001,-7.6707141999999999,1.71399999,0.0649999976,20250224513877,382,0x10,0x3,20.5599995,26.0540676,0.0447182767,-0.0321555696,3.47489149e-05,30,1.995,1
382116300013072,297848997,2460732.9886733708,60732.489976899997,15.8860521,0.0185782611,0,zg,263.52609860000001,-7.6707652,0.913999975,0.00200000009,20250226489931,382,0x10,0x3,20.0100002,26.0376377,0.053838972,-0.0493954644,6.31071089e-05,30,2.31800008,1
382116300013072,298550559,2460740.0049470062,60739.505590300003,15.8626204,0.0185400881,32768,zg,263.52609539999997,-7.6707213000000003,1.85599995,0.0680000037,20250305505579,382,0x10,0x3,20.1000004,25.5501614,0.0508116744,-0.0371280387,5.47380077e-05,30,1.79700005,1
382116300013072,299049515,2460744.9949845583,60744.495150499999,15.8820648,0.0185716767,0,zg,263.52609169999999,-7.6707188999999998,2.15799999,0.063000001,20250310495150,382,0x10,0x3,20.1599998,26.1186848,0.0487012677,-0.0447519608,4.61949894e-05,30,1.76499999,1
382116300013072,300249479,2460756.9957771054,60756.494791700003,15.8954687,0.0185939558,0,zg,263.52610729999998,-7.6707153999999997,1.58099997,0.0900000036,20250322494757,382,0x10,0x3,20.2099991,26.1114464,0.0485430062,-0.0402552485,4.48733481e-05,30,1.53199995,1
382116300013072,300447719,2460758.9783727438,60758.477199100002,15.8892555,0.0185835771,0,zg,263.52610270000002,-7.6706951999999999,1.62300003,0.0320000015,20250324477199,382,0x10,0x3,20.5900002,26.1391888,0.0428974032,-0.0457656085,3.17439553e-05,30,1.602,1
382116300013072,300749690,2460761.9983678251,60761.496909699999,15.9276867,0.0186492242,32768,zg,263.5261112,-7.6707349000000002,0.907999992,0.00999999978,20250327496910,382,0x10,0x3,19.5,24.5377674,0.0588709824,-0.0572521947,0.000132084504,30,1.46200001,1
382116300013072,301748150,2460771.983874246,60771.4815046,15.8909378,0.0185863804,0,zg,263.52611230000002,-7.6707147999999998,1.45700002,0.0280000009,20250406481458,382,0x10,0x3,20.6399994,26.1497231,0.0412996598,-0.0505765118,2.96458093e-05,30,1.42400002,1
382116300013072,301949599,2460773.998541872,60773.495995400001,15.8685532,0.0185496323,0,zg,263.5261003,-7.6707067000000002,2.5999999,0.164000005,20250408495775,382,0x10,0x3,20.7600002,26.0305634,0.0394023769,-0.0425123908,2.672142e-05,30,1.38300002,1
382116300013072,302148230,2460775.9850212256,60775.482303199999,15.8952808,0.0185936391,0,zg,263.52611109999998,-7.6707289999999997,2.56500006,0.165000007,20250410482292,382,0x10,0x3,20.4500008,26.1211967,0.0453455001,-0.0459714532,3.7075064e-05,30,1.39600003,1
382116300013072,303344912,2460787.9528032402,60787.449120400001,15.8526392,0.0185242053,0,zg,263.5261046,-7.6707315999999999,2.25099993,0.123999998,20250422449109,382,0x10,0x3,20.9400005,26.1423397,0.0360934883,-0.0388129912,2.22819581e-05,30,1.39699996,1
382116300013072,304345841,2460797.9627940045,60797.458414399996,15.8865232,0.0185790416,0,zg,263.52607599999999,-7.6707219000000002,2.13000011,0.063000001,20250502458403,382,0x10,0x3,21.0200005,26.1034317,0.0358751789,-0.0395930372,2.21820828e-05,30,1.36800003,1
382116300013072,304941851,2460803.9232560559,60803.418518500002,15.865943,0.0185454246,0,zg,263.52609919999998,-7.6707003,2.38599992,0.0680000037,20250508418507,382,0x10,0x3,20.5400009,26.1489983,0.0427816398,-0.0353106968,3.19883111e-05,30,1.37699997,1
382116300013072,305134369,2460805.8485354376,60805.343692100003,15.9175234,0.0186315253,0,zg,263.5261107,-7.6707428000000002,1.66900003,0.0329999998,20250510343681,382,0x10,0x3,19.8899994,26.1642208,0.050113041,-0.0549635775,5.86892493e-05,30,1.63800001,1
382116300013072,305743027,2460811.9354226142,60811.430277799998,15.901475,0.0186040755,0,zg,263.52611569999999,-7.6707505999999999,2.7750001,0.114,20250516430278,382,0x10,0x3,20.2000008,26.1852665,0.0470461883,-0.0573989004,4.55691443e-05,30,1.37399995,1
382116300013072,306235599,2460816.8613459244,60816.355995400001,15.9044743,0.0186091568,0,zg,263.52611050000002,-7.6707280999999998,2.94799995,0.145999998,20250521355984,382,0x10,0x3,21.0300007,26.1540947,0.0352897905,-0.0562935323,2.1762753e-05,30,1.43099999,1
382116300013072,306435510,2460818.8605280854,60818.355104200004,15.92875,0.0186510887,0,zg,263.52608859999998,-7.6707289000000003,3.00900006,0.0949999988,20250523355058,382,0x10,0x3,21.0699997,26.2084789,0.034152925,-0.0656322539,2.01843268e-05,30,1.41799998,1
382116300013072,306637891,2460820.8844040502,60820.378912,15.8955269,0.0185940564,0,zg,263.52609430000001,-7.6707163999999999,1.68200004,0.0289999992,20250525378866,382,0x10,0x3,20.9599991,26.1153469,0.0354763269,-0.0460616313,2.16549979e-05,30,1.37100005,1
382116300013072,306843655,2460822.9421058479,60822.436550899998,15.9423714,0.018675236,0,zg,263.52609439999998,-7.6707597999999999,2.4749999,0.0350000001,20250527436551,382,0x10,0x3,21.3199997,26.11339,0.032026574,-0.0617014281,1.77408565e-05,30,1.454,1
382116300013072,307038234,2460824.8879579552,60824.382349500003,15.8860807,0.0185783077,0,zg,263.52608859999998,-7.6707562999999999,2.17499995,0.0649999976,20250529382350,382,0x10,0x3,21.4200001,26.1289272,0.0292755906,-0.042160701,1.48394629e-05,30,1.36699998,1
382116300013072,307534057,2460829.8462967924,60829.340578700001,15.919652,0.0186352115,0,zg,263.52608770000001,-7.6707270000000003,3.08500004,0.27700001,20250603340579,382,0x10,0x3,21.1700001,26.1384144,0.03198817,-0.0677833259,1.80142706e-05,30,1.38600004,1
382116300013072,307835787,2460832.8636363093,60832.357870400003,15.8981199,0.0185984112,0,zg,263.5261051,-7.6707261999999998,1.63699996,0.0659999996,20250606357870,382,0x10,0x3,20.1399994,26.0439816,0.0495682731,-0.0350235142,4.78825932e-05,30,1.36699998,1
382116300013072,308037833,2460834.884123187,60834.378333300003,15.8904724,0.0185856037,0,zg,263.52609949999999,-7.6707424,2.13100004,0.101999998,20250608378322,382,0x10,0x3,20.2399998,26.1504269,0.0502056293,-0.047261063,5.02709809e-05,30,1.38900006,1
382116300013072,308227318,2460836.7789893919,60836.273182899997,15.8868656,0.0185796078,0,zg,263.52611259999998,-7.6707169000000004,0.759000003,0.00499999989,20250610273183,382,0x10,0x3,18.8099995,26.0995731,0.048068326,-0.0332008526,0.000125084553,30,1.54799998,1
382116300013072,308428966,2460838.7954823347,60838.289664399999,15.9087877,0.0186165087,0,zg,263.52611100000001,-7.6707253,0.749000013,-0.00100000005,20250612289664,382,0x10,0x3,19.0599995,26.107542,0.0515329167,-0.0398765877,0.000127806605,30,1.45099998,1
382116300013072,308624512,2460840.7509501399,60840.245127299997,15.9289026,0.0186513569,0,zg,263.5261051,-7.6707492999999998,2.11999989,0.0759999976,20250614245116,382,0x10,0x3,20.4300003,26.1586971,0.0475749597,-0.0586799756,4.18707386e-05,30,1.66100001,1
382116300013072,308826980,2460842.775624753,60842.269803199997,15.8823662,0.0185721722,0,zg,263.5260988,-7.6707261000000004,1.19400001,0.0900000036,20250616269803,382,0x10,0x3,20.8700008,26.149044,0.0368293822,-0.0346818529,2.41038051e-05,30,1.48500001,1
382116300013072,309521346,2460849.7192281499,60849.213460600004,15.849741,0.0185196362,0,zg,263.52611289999999,-7.6707130000000001,1.38300002,0.0379999988,20250623213461,382,0x10,0x3,20.6000004,26.0424213,0.042350322,-0.0305394288,3.11739459e-05,30,1.71899998,1
382116300013072,309940893,2460853.914633052,60853.408935200001,15.8483629,0.01851747,0,zg,263.52608759999998,-7.6707143999999996,2.26900005,0.115999997,20250627408854,382,0x10,0x3,20.6900005,25.9828186,0.0407004431,-0.0232313294,2.86811992e-05,30,1.83200002,1
382116300013072,310139848,2460855.9041389688,60855.398483800003,15.8471251,0.0185155254,0,zg,263.5260811,-7.6707596000000002,0.574000001,-0.00499999989,20250629398472,382,0x10,0x3,20.1700001,26.0916443,0.0524153821,-0.0489036441,5.31342703e-05,30,1.77999997,1
382116300013072,310434458,2460858.8501640572,60858.344583300001,15.9063911,0.0186124183,0,zg,263.52609380000001,-7.6707516,2.13199997,0.0759999976,20250702344502,382,0x10,0x3,21.1299992,26.1222305,0.0329764187,-0.0446130559,1.88250506e-05,30,1.477,1
382116300013072,310625172,2460860.7572500287,60860.251724499998,15.87012,0.0185521692,0,zg,263.52609200000001,-7.6707270000000003,1.68700004,0.0320000015,20250704251701,382,0x10,0x3,20.5799999,26.1058655,0.0424487405,-0.0351248682,3.16622718e-05,30,1.39300001,1
382116300013072,310825310,2460862.7585635809,60862.253101900002,15.861105,0.0185376611,0,zg,263.52610829999998,-7.6707103999999999,2.46600008,0.125,20250706253102,382,0x10,0x3,20.4400005,26.1758881,0.0447339304,-0.0400842689,3.71815404e-05,30,1.38199997,1
382116300013072,311041129,2460864.9166823947,60864.411296300001,15.9421463,0.0186748318,0,zg,263.52607810000001,-7.6707345,2.17400002,0.127000004,20250708411296,382,0x10,0x3,19.7299995,25.9618435,0.0539605655,-0.0262276437,7.73787688e-05,30,2.33899999,1
382116300013072,311223031,2460866.7356297546,60866.230312500003,15.8880987,0.018581653,0,zg,263.52609790000002,-7.6707099000000003,1.76100004,0.064000003,20250710229919,382,0x10,0x3,19.4500008,26.1577148,0.0495292209,-0.028580552,8.03432122e-05,30,1.403,1
382116300013072,311421635,2460868.721590763,60868.216354199998,15.9183741,0.0186329968,0,zg,263.52610909999999,-7.6707421,1.82000005,0.0790000036,20250712216354,382,0x10,0x3,20.1900005,26.2051067,0.0490828231,-0.0602195449,5.03467018e-05,30,1.42400002,1
382116300013072,311621165,2460870.7168049556,60870.2116551,15.8566856,0.0185306165,0,zg,263.52610220000003,-7.6707160999999999,2.33299994,0.0370000005,20250714211632,382,0x10,0x3,20.8999996,25.9772377,0.0363951623,-0.0327986181,2.26923894e-05,30,1.42200005,1
382116300013072,311821412,2460872.7191776405,60872.2141204,15.860919,0.018537363,0,zg,263.52610399999998,-7.6707147000000004,2.5309999,0.126000002,20250716214120,382,0x10,0x3,20.8400002,25.8774929,0.0389515795,-0.0318282545,2.58234377e-05,30,1.403,1
382116300013072,312120983,2460875.7147464002,60875.209838000002,15.8775492,0.0185642652,0,zg,263.52608429999998,-7.6707399000000001,1.80499995,0.172000006,20250719209826,382,0x10,0x3,21.0300007,26.1021118,0.0353905745,-0.0434029773,2.13685562e-05,30,1.39499998,1
382116300013072,312325759,2460877.7623923062,60877.257592599999,15.836813,0.0184994768,0,zg,263.52609710000002,-7.6707276999999996,2.69799995,0.148000002,20250721257593,382,0x10,0x3,21.2299995,26.0366974,0.0330726728,-0.0408068486,1.91618528e-05,30,1.38300002,1
382116300013072,312518855,2460879.693245363,60879.188553200001,15.8907452,0.0185860544,0,zg,263.5260925,-7.6707482000000002,2.36899996,0.268000007,20250723188090,382,0x10,0x3,21.2299995,26.1614227,0.0309074726,-0.0434674174,1.64309804e-05,30,1.41799998,1
382116300013072,312721199,2460881.7165650385,60881.211990700001,15.8529387,0.0185246766,0,zg,263.5261026,-7.6707489999999998,2.66100001,0.218999997,20250725211991,382,0x10,0x3,21.2000008,26.1835289,0.0322821327,-0.0518588386,1.7890974e-05,30,1.37100005,1
382116300013072,313119212,2460885.696457386,60885.1921296,15.8699093,0.0185518283,0,zg,263.5260978,-7.6706782000000002,1.62199998,0.0219999999,20250729192130,382,0x10,0x3,20.4599991,26.1746082,0.0447283499,-0.0309157055,3.49386246e-05,30,1.38,1
382116300013072,313319182,2460887.6960255243,60887.191828700001,15.85783,0.0185324363,0,zg,263.52611409999997,-7.6707276999999996,2.75500011,0.157000005,20250731191817,382,0x10,0x3,21.0200005,26.1987877,0.0337238908,-0.0523750111,1.98742364e-05,30,1.37399995,1
382116300013072,314630474,2460900.8079783255,60900.304745399997,15.8846312,0.0185759105,0,zg,263.52608720000001,-7.6707397000000004,3.16700006,0.0879999995,20250813304688,382,0x10,0x3,19.9799995,25.947113,0.0497336127,-0.0280615631,5.46864321e-05,30,2.17499995,1
382116300013072,314823021,2460902.7332976442,60902.230219899997,15.9197836,0.0186354406,0,zg,263.5260925,-7.6707568000000004,2.27900004,0.181999996,20250815230208,382,0x10,0x3,21.1000004,26.1955814,0.0339670703,-0.0586503819,1.99702918e-05,30,1.50199997,1
382116300013072,315416931,2460908.6718972553,60908.169317100001,15.8778248,0.0185647141,0,zg,263.52609269999999,-7.6707156999999997,2.29200006,0.123999998,20250821169317,382,0x10,0x3,20.75,26.1413326,0.0400191508,-0.0365571454,2.80518234e-05,30,1.37899995,1
382116300013072,316315420,2460917.6559840604,60917.154201400001,15.7961817,0.0184384976,0,zg,263.52608409999999,-7.6707185999999998,2.93099999,0.167999998,20250830154190,382,0x10,0x3,20.6800003,26.0760384,0.0395906642,-0.0212455485,2.7641423e-05,30,1.39300001,1
382116300013072,316515395,2460919.6555577773,60919.153958299998,15.8867369,0.0185793955,0,zg,263.52611680000001,-7.6707429999999999,2.33599997,0.0869999975,20250901153738,382,0x10,0x3,20.3700008,26.1548405,0.0453858599,-0.0502647683,3.94220733e-05,30,1.403,1
382116300013072,316718790,2460921.6893165917,60921.1879051,15.8782644,0.018565435,0,zg,263.52610779999998,-7.6707460000000003,3.4059999,0.224999994,20250903187894,382,0x10,0x3,20.0900002,26.0968723,0.0492634587,-0.0561883785,5.29586796e-05,30,1.551,1
382116300013072,316917228,2460923.673506821,60923.1722801,15.9639559,0.0187144186,0,zg,263.52611000000002,-7.6707478,2.63599992,0.143999994,20250905172280,382,0x10,0x3,19.8999996,26.1059742,0.0499150045,-0.0636689737,5.90890122e-05,30,1.5,1
382116300013072,317123543,2460925.7364731119,60925.235439800002,15.8824892,0.0185723752,0,zg,263.5260968,-7.6707391999999999,2.47600007,0.140000001,20250907235428,382,0x10,0x3,19.4099998,25.9910316,0.0536380932,-0.0322352946,0.00010075084,30,2.1559999,1
382116300013072,317317986,2460927.6807112666,60927.179861099998,15.8784952,0.0185658112,0,zg,263.52609899999999,-7.6707437000000001,1.91999996,0.0680000037,20250909179850,382,0x10,0x3,20.1000004,26.164238,0.0488889068,-0.0426661819,5.20108806e-05,30,1.60099995,1
382116300013072,317519215,2460929.6928125862,60929.192152800002,15.8885937,0.0185824782,0,zg,263.52610420000002,-7.6707464999999999,1.65999997,0.0710000023,20250911192141,382,0x10,0x3,20.0900002,25.970499,0.0503553897,-0.0295365881,5.21041111e-05,30,1.73899996,1
382116300013072,317913960,2460933.6398913399,60933.139606500001,15.8300772,0.0184891187,0,zg,263.52609690000003,-7.6707394000000004,3.79500008,0.172999993,20250915139606,382,0x10,0x3,20.9799995,26.1069641,0.035577625,-0.0489206202,2.22202889e-05,30,1.477,1
382116300013072,318113633,2460935.6364258151,60935.136331000002,15.8782806,0.018565461,0,zg,263.52608859999998,-7.6707590999999997,2.53500009,0.115000002,20250917136319,382,0x10,0x3,20.7999992,26.0751305,0.0389976576,-0.0431731269,2.66229072e-05,30,1.48599994,1
382116300013072,318513246,2460939.6321802321,60939.132465299997,15.8203945,0.0184744075,0,zg,263.526096,-7.6707153000000003,3.7420001,0.0759999976,20250921132465,382,0x10,0x3,21.0599995,26.1650314,0.0338403881,-0.044301156,1.97101181e-05,30,1.51800001,1
382116300013072,318813039,2460942.6298247366,60942.130393500003,15.9037075,0.0186078567,0,zg,263.52608600000002,-7.6707305999999997,2.01999998,0.122000001,20250924130394,382,0x10,0x3,20.5499992,26.1416836,0.0430002362,-0.0467953607,3.25885412e-05,30,1.54999995,1
382116300013072,319016559,2460944.6648300034,60944.165590299999,15.882658,0.0185726527,0,zg,263.5260634,-7.6707184000000002,1.11300004,0.00700000022,20250926165590,382,0x10,0x3,20.0400009,26.0851517,0.0509554744,-0.0437881835,5.34756982e-05,30,1.89199996,1
382116300013072,319513958,2460949.6383603727,60949.139583299999,15.917429,0.0186313596,0,zg,263.52609269999999,-7.6707384000000003,2.31100011,0.109999999,20251001139583,382,0x10,0x3,20.25,26.1181927,0.0486429669,-0.0546835251,4.60807933e-05,30,1.75800002,1
382116300013072,319712869,2460951.6272868798,60951.128692099999,15.8865805,0.0185791366,0,zg,263.52609560000002,-7.6707311999999996,2.75699997,0.105999999,20251003128669,382,0x10,0x3,20.2099991,26.153326,0.0457674116,-0.0484709442,4.1258736e-05,30,1.70899999,1
382116300013072,319913039,2460953.6288067079,60953.130393500003,15.8753948,0.0185607448,0,zg,263.52610629999998,-7.6707437000000001,2.02399993,0.148000002,20251005130394,382,0x10,0x3,19.8600006,26.091116,0.049912408,-0.0339339152,5.83125293e-05,30,1.77499998,1
382116300013072,320114929,2460955.6475261743,60955.149294000003,15.8744097,0.0185591355,0,zg,263.5260566,-7.6707315999999999,1.27400005,0.0209999997,20251007149282,382,0x10,0x3,18.6200008,26.0220833,0.0569524765,-0.0116444668,0.00021488333,30,2.08400011,1
382116300013072,320311497,2460957.6130351066,60957.114976899997,15.8947697,0.0185927823,0,zg,263.5261003,-7.6707428000000002,1.89999998,0.0450000018,20251009114942,382,0x10,0x3,19.8799992,26.0876255,0.0497523174,-0.0403662995,5.83026667e-05,30,1.73300004,1
382216300062581,46348354,2458217.9861561754,58217.483541699999,14.2803431,0.0124428757,0,zr,263.52609169999999,-7.6707406999999996,1.93499994,0.0939999968,20180409483414,382,0x10,0x3,20.6000004,26.0533123,0.0179179478,0.0935091004,5.55925726e-06,30,1.40600002,1
382216300062581,46350478,2458218.0073964153,58217.504780099996,14.273387,0.0124426307,0,zr,263.52610240000001,-7.6707391999999999,2.96499991,0.338,20180409504769,382,0x10,0x3,20.5200005,26.0503273,0.0184705723,0.0879699737,5.89896354e-06,30,1.37699997,1
382216300062581,49239835,2458246.9030814823,58246.398356500002,14.2471037,0.0124419434,0,zr,263.52611350000001,-7.6706998000000004,2.66000009,0.123000003,20180508398322,382,0x10,0x3,20.4099998,26.0881443,0.0238966998,0.0814742669,9.9822264e-06,30,1.42200005,1
382216300062581,49539863,2458249.9035231257,58249.3986343,14.2568674,0.0124421557,0,zr,263.52619379999999,-7.6705641,4.68300009,0.204999998,20180511398634,382,0x10,0x3,20.0300007,26.071207,0.0279219486,0.0993788987,1.48349336e-05,30,1.403,1
382216300062581,50333854,2458257.8438041937,58257.338541700003,14.2922096,0.0124433534,0,zr,263.5260945,-7.6707573,1.18099999,0.0390000008,20180519338542,382,0x10,0x3,20.8400002,26.0298576,0.0200385824,0.085793227,7.0349929e-06,30,1.53199995,1
382216300062581,50339749,2458257.9027649444,58257.397499999999,14.2435503,0.0124418791,0,zr,263.5261041,-7.6707388999999999,3.26699996,0.108999997,20180519397500,382,0x10,0x3,20.9599991,26.0370083,0.0187608115,0.0863558874,6.23228243e-06,30,1.37699997,1
382216300062581,50833478,2458262.840230885,58262.334780099998,14.1564856,0.0124423355,0,zr,263.52610049999998,-7.6707209000000001,3.36800003,0.203999996,20180524334780,382,0x10,0x3,20.5400009,26.0615845,0.024659669,0.0757276937,1.06367115e-05,30,1.48699999,1
382216300062581,51939053,2458273.8962654043,58273.390532400001,14.3170538,0.012444607,0,zr,263.52607130000001,-7.6707077999999997,3.01799989,0.123000003,20180604390521,382,0x10,0x3,20.4200001,26.0997028,0.0199293606,0.0863027498,7.1242489e-06,30,1.398,1
382216300062581,52243693,2458276.9427102413,58276.436932899996,14.3139868,0.0124444347,0,zr,263.52611100000001,-7.6707074999999998,1.95299995,0.064000003,20180607436921,382,0x10,0x3,20.5699997,26.0779953,0.0180313215,0.0815600529,5.7169409e-06,30,1.61199999,1
382216300062581,52537745,2458279.8832599297,58279.377453699999,14.3176403,0.0124446414,0,zr,263.52610470000002,-7.6707691999999996,1.704,0.0900000036,20180610377442,382,0x10,0x3,20.25,25.9466572,0.0197825488,0.0873555392,6.77182788e-06,30,1.40499997,1
382216300062581,53133280,2458285.8386231819,58285.332800900003,14.3307934,0.0124454498,0,zr,263.52611330000002,-7.6707159000000003,2.5150001,0.120999999,20180616332789,382,0x10,0x3,21.0200005,26.1363049,0.0186808147,0.0799453557,6.06352842e-06,30,1.37699997,1
382216300062581,53431349,2458288.8193043661,58288.313495399998,14.2999954,0.0124437083,0,zr,263.5261003,-7.6707197000000003,2.30999994,0.0930000022,20180619313183,382,0x10,0x3,20.8999996,26.1136837,0.0164023656,0.0885238051,4.80447852e-06,30,1.37899995,1
382216300062581,53727186,2458291.7776451698,58291.271863399998,14.3191833,0.0124447308,0,zr,263.52609260000003,-7.6707533999999997,1.80499995,0.0430000015,20180622271852,382,0x10,0x3,20.3099995,26.0945473,0.0198751632,0.0823903009,6.9617804e-06,30,1.43599999,1
382216300062581,54431332,2458298.818983607,58298.3133218,14.3153868,0.0124445129,0,zr,263.52607949999998,-7.6707327000000003,2.06800008,0.31400001,20180629313137,382,0x10,0x3,19.7099991,26.0627728,0.02536688,0.0800069124,1.10666688e-05,30,1.38999999,1
382216300062581,55035354,2458304.859039743,58304.353541700002,14.3249035,0.0124450754,0,zr,263.52608420000001,-7.6707318999999998,1.97300005,0.136000007,20180705353530,382,0x10,0x3,20.6100006,26.0522366,0.0188872553,0.081812717,6.36908953e-06,30,1.57700002,1
382216300062581,55318997,2458307.6953790807,58307.189976900001,14.3583641,0.0124474699,0,zr,263.52607860000001,-7.6707286000000003,2.03200006,0.230000004,20180708189965,382,0x10,0x3,20.6700001,25.9818363,0.0196273644,0.0803355724,6.69497649e-06,30,1.61199999,1
382216300062581,57715814,2458331.6622943822,58331.158148100003,14.3307896,0.0124454498,0,zr,263.52609899999999,-7.6706972000000002,3.65300012,0.158999994,20180801158056,382,0x10,0x3,20.1299992,26.0084915,0.0233437326,0.0802587271,9.334688e-06,30,1.45899999,1
382216300062581,58320662,2458337.7103389427,58337.2066204,14.3602381,0.0124476235,0,zr,263.52609080000002,-7.6707473000000004,2.08699989,0.128999993,20180807206609,382,0x10,0x3,20.9099998,26.1037807,0.0166329667,0.0809782445,4.82381483e-06,30,1.40100002,1
382216300062581,61113094,2458365.6322929231,58365.130949099999,14.2957115,0.012443509,0,zr,263.5260892,-7.6707352999999996,2.3599999,0.0189999994,20180904130938,382,0x10,0x3,20.4099998,26.0485401,0.0183884278,0.086307168,6.04860725e-06,30,1.38300002,1
382216300062581,75755766,2458512.0539438934,58511.557661999999,14.3180552,0.0124446638,0,zr,263.52610989999999,-7.6707444999999996,1.96200001,0.0860000029,20190128557650,382,0x10,0x3,19.6399994,25.7741814,0.0324799381,0.0947414562,1.87904116e-05,30,2.64899993,2
382216300062581,75756261,2458512.0588979353,58511.562615700001,14.2834196,0.0124429921,0,zr,263.52610279999999,-7.6707429999999999,1.71000004,0.0500000007,20190128562604,382,0x10,0x3,19.6599998,25.8294086,0.0274287723,0.100784257,1.33015083e-05,30,2.51099992,2
382216300062581,75756756,2458512.0638519763,58511.567569400002,14.3085632,0.0124441404,0,zr,263.52610829999998,-7.6707318999999998,1.472,0.0610000007,20190128567569,382,0x10,0x3,19.7999992,25.9696503,0.0294695292,0.0886165798,1.5157284e-05,30,2.38899994,2
382216300062581,75757254,2458512.0688292193,58511.572546299998,14.333065,0.0124456007,0,zr,263.5260912,-7.6707628999999997,1.22300005,0.0450000018,20190128572535,382,0x10,0x3,19.2399998,25.8852539,0.0384606831,0.0772926733,2.67540472e-05,30,2.28200006,2
382216300062581,75855975,2458513.056107406,58512.559756900002,14.2960625,0.0124435257,32768,zr,263.5261059,-7.6707441999999997,2.09100008,0.0960000008,20190129559641,382,0x10,0x3,20.1900005,25.9002018,0.0289201904,0.074278079,1.48090603e-05,30,2.5150001,2
382216300062581,75856476,2458513.0611193567,58512.5647685,14.3617182,0.0124477465,32768,zr,263.52610040000002,-7.6707698999999998,2.40799999,0.166999996,20190129564653,382,0x10,0x3,18.5699997,24.8581161,0.254028738,-0.131245002,0.00182883325,30,2.39100003,2
382216300062581,75856979,2458513.0661429088,58512.5697917,14.3041477,0.0124439122,32768,zr,263.5261021,-7.6707467999999999,3.06500006,0.0359999985,20190129569676,382,0x10,0x3,20.2999992,26.0263138,0.0206548665,0.0859351158,7.57862335e-06,30,2.28200006,2
382216300062581,75857481,2458513.0711663608,58512.574814799998,14.3052673,0.012443969,0,zr,263.52610620000002,-7.6707248000000003,3.34599996,0.224000007,20190129574699,382,0x10,0x3,19.9200001,25.9874401,0.0251238719,0.080460526,1.11016116e-05,30,2.18499994,2
382216300062581,78654302,2458541.0416801623,58540.543020800003,14.3318186,0.0124455178,0,zr,263.52611969999998,-7.6707394000000004,1.79999995,0.00300000003,20190226542523,382,0x10,0x3,19.6499996,26.1844788,0.03436267,0.0672911704,2.12645318e-05,30,1.65199995,1
382216300062581,82046024,2458574.9621192627,58574.460243100002,14.3000507,0.012443711,32768,zr,263.52609360000002,-7.6707175000000003,1.77900004,0.057,20190401460197,382,0x10,0x3,19.7000008,25.1891994,0.0316751748,0.0748720691,1.77662005e-05,30,1.58399999,1
382216300062581,82752270,2458582.0252177385,58581.522708299999,14.3252087,0.012445095,0,zr,263.52611450000001,-7.6707269,2.69000006,0.108000003,20190408522500,382,0x10,0x3,19.5,25.4942989,0.032742396,0.0720994398,1.90363226e-05,30,1.37100005,1
382216300062581,83143865,2458585.9415036007,58585.438657400002,14.2719088,0.0124425823,0,zr,263.5260935,-7.6707305000000003,3.29999995,0.187999994,20190412438021,382,0x10,0x3,20.9099998,25.9701233,0.0164209586,0.0924358368,4.76473633e-06,30,1.53600001,1
382216300062581,83438284,2458588.8859386374,58588.382847200002,14.298665,0.0124436468,0,zr,263.52608930000002,-7.6707001000000004,2.30599999,0.0649999976,20190415382847,382,0x10,0x3,20.1200008,25.9910717,0.0217269845,0.0900964066,8.25950247e-06,30,1.94400001,1
382216300062581,83745969,2458591.9630389363,58591.4596991,14.3506222,0.0124468589,0,zr,263.52610550000003,-7.6707387000000002,1.96200001,0.0719999969,20190418459144,382,0x10,0x3,19.6499996,26.0342484,0.0276723243,0.0768769234,1.35651635e-05,30,1.40400004,1
382216300062581,84437687,2458598.8807403748,58598.376875000002,14.2751608,0.0124426903,0,zr,263.52610829999998,-7.6707346000000003,3.06900001,0.169,20190425376875,382,0x10,0x3,20.4300003,26.0139942,0.0185717549,0.0827661604,6.08194114e-06,30,1.71500003,1
382216300062581,84449600,2458598.9998809285,58598.496006900001,14.225153,0.0124416519,0,zr,263.52608459999999,-7.6707248000000003,5.13999987,0.301999986,20190425495602,382,0x10,0x3,20.6299992,26.0566483,0.0192902554,0.0831943601,6.54805262e-06,30,1.38699996,2
382216300062581,84543990,2458599.944196451,58599.439907400003,14.2565565,0.0124421492,0,zr,263.5261003,-7.6707225000000001,3.79399991,0.192000002,20190426439306,382,0x10,0x3,21.4099998,27.2379398,0.0139952581,0.0956578404,3.45760441e-06,90,1.39999998,2
382216300062581,85233160,2458606.8360151285,58606.331608799999,14.3044786,0.0124439299,0,zr,263.52609760000001,-7.6707377000000001,1.72899997,0.0120000001,20190503331609,382,0x10,0x3,20.5200005,25.9390659,0.0212606713,0.0910882801,8.13741462e-06,30,1.972,1
382216300062581,86335585,2458617.8608826487,58617.355856499998,14.299427,0.0124436822,0,zr,263.52610440000001,-7.6707242999999998,1.72000003,0.0729999989,20190514355833,382,0x10,0x3,20.3400002,25.9879913,0.0213174187,0.0891464502,8.16722331e-06,30,1.51300001,1
382216300062581,88034951,2458634.8551601213,58634.349513900001,14.2639771,0.0124423429,0,zr,263.52608959999998,-7.6707367,2.07200003,0.0979999974,20190531349514,382,0x10,0x3,21.0200005,26.0074005,0.0337719731,0.0693994239,2.05355991e-05,30,1.39100003,1
382216300062581,88333412,2458637.8398303231,58637.334120400003,14.2756615,0.012442708,0,zr,263.52609899999999,-7.6707451999999998,2.55599999,0.141000003,20190603333935,382,0x10,0x3,21.0699997,25.9861298,0.0165587012,0.0942332968,4.89173772e-06,30,1.40400004,1
382216300062581,88533399,2458639.8397378493,58639.333993100001,14.332777,0.0124455811,0,zr,263.52611020000001,-7.6707644999999998,2.51099992,0.164000005,20190605333889,382,0x10,0x3,20.9400005,26.0258656,0.0174885113,0.0876866207,5.46049614e-06,30,1.39400005,3
382216300062581,88533445,2458639.8402007562,58639.334455999997,14.3033037,0.0124438703,0,zr,263.5261185,-7.6707447999999996,1.60000002,0.0540000014,20190605334444,382,0x10,0x3,20.9899998,26.0412674,0.0196068585,0.0794317871,6.96440884e-06,30,1.39300001,3
382216300062581,88533490,2458639.8406521636,58639.3349074,14.3030825,0.0124438591,0,zr,263.52610240000001,-7.6707405,1.91700006,0.0979999974,20190605334896,382,0x10,0x3,20.9099998,26.0220547,0.0175575074,0.0941860378,5.51987387e-06,30,1.39199996,3
382216300062581,88533535,2458639.8411035701,58639.335358800003,14.3105459,0.0124442447,0,zr,263.52610049999998,-7.6707063,2.33400011,0.120999999,20190605335347,382,0x10,0x3,20.9200001,26.0325603,0.0175942741,0.0868311077,5.56287023e-06,30,1.39100003,3
382216300062581,88533579,2458639.8415433774,58639.335798599997,14.3174953,0.0124446331,0,zr,263.52610179999999,-7.6707245999999998,1.55900002,0.104999997,20190605335799,382,0x10,0x3,20.9200001,26.0515232,0.0195165519,0.0833780989,6.75186811e-06,30,1.39100003,3
382216300062581,88533625,2458639.8419947848,58639.33625,14.2972088,0.0124435779,0,zr,263.5261031,-7.6707359000000004,2.05599999,0.174999997,20190605336250,382,0x10,0x3,20.8799992,26.0261574,0.017977912,0.0906234309,5.80520464e-06,30,1.38999999,3
382216300062581,88533671,2458639.8424577923,58639.336712999997,14.3024702,0.0124438293,0,zr,263.5261089,-7.6707307,1.92499995,-0.0199999996,20190605336701,382,0x10,0x3,20.8799992,26.0414391,0.0195894968,0.0855379999,6.84999077e-06,30,1.38900006,3
382216300062581,88533716,2458639.8429091992,58639.3371644,14.2947779,0.012443468,0,zr,263.52610040000002,-7.6707244000000001,1.78100002,0.0719999969,20190605337164,382,0x10,0x3,20.8099995,26.0307274,0.0178434383,0.0874090418,5.73607304e-06,30,1.38900006,3
382216300062581,88533761,2458639.843360506,58639.337615700002,14.2815876,0.0124429213,0,zr,263.52610709999999,-7.6707191999999997,1.91999996,0.0920000002,20190605337616,382,0x10,0x3,20.9200001,26.0294838,0.0172729138,0.0879181176,5.34535184e-06,30,1.38800001,3
382216300062581,88533806,2458639.8438119134,58639.338067099998,14.2781668,0.0124427965,0,zr,263.52610570000002,-7.6707184000000002,2.57800007,0.142000005,20190605338067,382,0x10,0x3,20.9599991,26.0350399,0.0187336281,0.083107017,6.33686477e-06,30,1.38699996,3
382216300062581,88533851,2458639.8442633203,58639.338518500001,14.2927732,0.0124433776,0,zr,263.52610600000003,-7.6707064000000003,2.47099996,0.122000001,20190605338518,382,0x10,0x3,20.8500004,26.0387039,0.0186198186,0.0873459503,6.21260915e-06,30,1.38699996,3
382216300062581,88533896,2458639.8447147277,58639.338969900004,14.296093,0.0124435257,0,zr,263.52609699999999,-7.6707092000000001,1.82200003,0.0469999984,20190605338970,382,0x10,0x3,20.8600006,26.029047,0.0187802389,0.087287426,6.30929617e-06,30,1.38600004,3
382216300062581,88533942,2458639.8451661346,58639.339421299999,14.3024321,0.0124438275,0,zr,263.52611380000002,-7.6707172000000003,1.72399998,0.00899999961,20190605339421,382,0x10,0x3,20.9099998,26.0374107,0.0185412262,0.0817049593,6.17667592e-06,30,1.38499999,3
382216300062581,88533987,2458639.845617542,58639.339872700002,14.3005028,0.0124437334,0,zr,263.52610320000002,-7.6707153999999997,1.93700004,0.0209999997,20190605339873,382,0x10,0x3,20.8899994,26.0294743,0.0182469282,0.0847704113,5.92174592e-06,30,1.38499999,3
382216300062581,88534032,2458639.846068949,58639.340324099998,14.287714,0.0124431625,0,zr,263.52609990000002,-7.6707049999999999,1.88699996,0.0419999994,20190605340324,382,0x10,0x3,20.9300003,26.0296249,0.0185641851,0.0913235694,6.16988655e-06,30,1.38399994,3
382216300062581,88534077,2458639.8465203564,58639.340775500001,14.311079,0.0124442736,0,zr,263.52610929999997,-7.6707181000000002,2.46099997,0.0979999974,20190605340775,382,0x10,0x3,21.0300007,26.0330925,0.0167303346,0.0864145979,5.04362833e-06,30,1.38399994,3
382216300062581,88534122,2458639.8469717642,58639.341226899996,14.3279524,0.0124452673,0,zr,263.52610320000002,-7.6707448999999999,2.25300002,0.209999993,20190605341227,382,0x10,0x3,21.0200005,26.028019,0.0168080498,0.0884299874,5.04526633e-06,30,1.38300002,3
382216300062581,88534167,2458639.847423071,58639.341678199999,14.3041,0.0124439104,0,zr,263.52610820000001,-7.6707191000000003,2.2650001,0.0710000023,20190605341678,382,0x10,0x3,20.9799995,26.0290852,0.0178370047,0.0901278406,5.66443941e-06,30,1.38300002,3
382216300062581,88534212,2458639.847874478,58639.342129600001,14.2941227,0.0124434372,0,zr,263.52609610000002,-7.6707017999999998,2.25,0.0480000004,20190605342130,382,0x10,0x3,21,26.0270691,0.0172463134,0.092740424,5.38180166e-06,30,1.38199997,3
382216300062581,88534258,2458639.8483258858,58639.342580999997,14.3114634,0.0124442959,0,zr,263.52611100000001,-7.6707394000000004,1.66400003,0.0590000004,20190605342581,382,0x10,0x3,20.9300003,26.0284653,0.0174011402,0.0901643336,5.41953068e-06,30,1.38100004,3
382216300062581,88534303,2458639.8487772932,58639.3430324,14.2891188,0.0124432221,0,zr,263.52610240000001,-7.6707453000000001,1.89900005,0.112000003,20190605343032,382,0x10,0x3,20.9799995,26.0420418,0.0198627543,0.0811818391,7.07070558e-06,30,1.38100004,3
382216300062581,88534348,2458639.8492286997,58639.343483800003,14.3060513,0.01244401,0,zr,263.52610449999997,-7.6707286000000003,1.72800004,0.0219999999,20190605343484,382,0x10,0x3,20.9699993,26.0420322,0.0187445655,0.0875148848,6.28715816e-06,30,1.38,3
382216300062581,88534393,2458639.8496801071,58639.343935199999,14.2939939,0.0124434317,0,zr,263.52609439999998,-7.6707207999999998,1.56299996,0.00800000038,20190605343935,382,0x10,0x3,20.9500008,26.0469265,0.0183782671,0.087132901,6.03371063e-06,30,1.38,3
382216300062581,88534438,2458639.8501315145,58639.344386600002,14.2897558,0.0124432473,0,zr,263.52609699999999,-7.6707358000000001,1.63,0.0359999985,20190605344387,382,0x10,0x3,20.8299999,26.0266819,0.0209111068,0.0882428288,7.8458952e-06,30,1.37899995,3
382216300062581,88534484,2458639.8505944218,58639.344849499998,14.2829981,0.0124429762,0,zr,263.52609990000002,-7.6707293999999999,1.86099994,0.115999997,20190605344838,382,0x10,0x3,20.8500004,26.0268974,0.0179192871,0.0878079161,5.74122396e-06,30,1.37899995,3
382216300062581,88534530,2458639.8510458288,58639.3453009,14.2770405,0.0124427564,0,zr,263.52610149999998,-7.6707244000000001,1.824,0.107000001,20190605345289,382,0x10,0x3,21,26.0339165,0.0180379767,0.0829683617,5.87157365e-06,30,1.37899995,3
382216300062581,88534575,2458639.8514972357,58639.345752300003,14.2951612,0.0124434847,0,zr,263.52610390000001,-7.6707277999999999,1.72800004,0.115999997,20190605345741,382,0x10,0x3,20.8400002,26.0461082,0.0189502202,0.0825420469,6.4704227e-06,30,1.37800002,3
382216300062581,88534620,2458639.8519486431,58639.346203699999,14.3013363,0.0124437744,0,zr,263.52610579999998,-7.6707232999999997,1.55799997,0.107000001,20190605346204,382,0x10,0x3,20.8700008,26.033308,0.0182064716,0.0903751552,5.99655277e-06,30,1.37800002,3
382216300062581,88534665,2458639.85240005,58639.346655100002,14.2995157,0.0124436859,0,zr,263.52610229999999,-7.6707248000000003,1.74899995,-0.00300000003,20190605346655,382,0x10,0x3,20.8999996,26.0364799,0.0180218406,0.0872654468,5.87642489e-06,30,1.37699997,3
382216300062581,88534710,2458639.8528514579,58639.347106499998,14.2950945,0.012443481,0,zr,263.52609219999999,-7.6707302999999998,2.34699988,0.128000006,20190605347106,382,0x10,0x3,20.9300003,26.0310421,0.0173013695,0.0877334252,5.36100015e-06,30,1.37699997,3
382216300062581,88534755,2458639.8533028644,58639.347557900001,14.3048563,0.0124439485,0,zr,263.52610329999999,-7.6707143999999996,1.93499994,0.137999997,20190605347558,382,0x10,0x3,20.8700008,26.0318413,0.0185964555,0.0879031047,6.19284447e-06,30,1.37600005,3
382216300062581,88534800,2458639.8537542713,58639.348009300003,14.2897005,0.0124432463,0,zr,263.52610750000002,-7.6707099999999997,2.329,0.101999998,20190605348009,382,0x10,0x3,20.8899994,26.0396271,0.0184238534,0.0855926275,6.04654269e-06,30,1.37600005,3
382216300062581,88534846,2458639.8542055786,58639.348460599998,14.3017311,0.0124437939,0,zr,263.52610249999998,-7.6707177,1.86099994,0.0149999997,20190605348461,382,0x10,0x3,20.9400005,26.0397148,0.0192365646,0.0825744495,6.60480737e-06,30,1.37600005,3
382216300062581,88534891,2458639.8546569855,58639.348912000001,14.2910938,0.012443305,0,zr,263.52610140000002,-7.6707121000000003,2.33800006,0.0439999998,20190605348912,382,0x10,0x3,21.0200005,26.0430355,0.0195999015,0.0817071795,6.88946784e-06,30,1.375,3
382216300062581,88534936,2458639.8551083924,58639.349363399997,14.299304,0.0124436766,0,zr,263.526093,-7.6706991000000002,2.85599995,0.0909999982,20190605349363,382,0x10,0x3,21,26.0442677,0.018139286,0.0886631683,5.85104135e-06,30,1.375,3
382216300062581,88534981,2458639.8555598008,58639.3498148,14.3069725,0.0124440575,0,zr,263.52609899999999,-7.6707426999999999,1.86399996,0.0160000008,20190605349815,382,0x10,0x3,20.9899998,26.028965,0.0181388818,0.087884143,5.87130853e-06,30,1.375,3
382216300062581,88535026,2458639.8560112081,58639.350266200003,14.2944918,0.012443454,0,zr,263.52609569999998,-7.6707459,1.755,0.138999999,20190605350266,382,0x10,0x3,20.9300003,26.044445,0.0177164041,0.0871710777,5.6367885e-06,30,1.37399995,3
382216300062581,88535071,2458639.8564626151,58639.350717599998,14.3150997,0.0124444962,0,zr,263.5261036,-7.6707416000000004,1.60399997,0.00800000038,20190605350718,382,0x10,0x3,20.9599991,26.0361233,0.0182888638,0.0842817873,6.01175043e-06,30,1.37399995,3
382216300062581,88535116,2458639.856914022,58639.351169000001,14.2864494,0.0124431122,0,zr,263.52610470000002,-7.6707333999999996,1.89900005,0.0599999987,20190605351169,382,0x10,0x3,21,26.0303497,0.0171408597,0.0893322825,5.28078363e-06,30,1.37399995,3
382216300062581,88535162,2458639.8573654294,58639.351620399997,14.2915134,0.0124433236,0,zr,263.52611339999999,-7.6707482999999996,1.70700002,0.0659999996,20190605351620,382,0x10,0x3,21.0200005,26.0344448,0.0185352918,0.0880823135,6.2621607e-06,30,1.37399995,3
382216300062581,88535207,2458639.8578168363,58639.3520718,14.2793932,0.0124428393,0,zr,263.5261041,-7.6707438000000003,1.74899995,0.0939999968,20190605352072,382,0x10,0x3,20.9699993,26.028286,0.0168690085,0.089838028,5.04237732e-06,30,1.37300003,3
382216300062581,88535252,2458639.8582681436,58639.352523100002,14.2952461,0.0124434885,0,zr,263.52609710000002,-7.6707324999999997,1.70000005,0.0109999999,20190605352523,382,0x10,0x3,20.9899998,26.0331917,0.0177717973,0.0870337412,5.73828629e-06,30,1.37300003,3
382216300062581,88535297,2458639.858719551,58639.352974499998,14.2854757,0.0124430731,0,zr,263.5261003,-7.6707453000000001,2.04500008,0.0879999995,20190605352975,382,0x10,0x3,20.9599991,26.0413818,0.0178937297,0.0874048024,5.71602141e-06,30,1.37300003,3
382216300062581,88535343,2458639.8591825576,58639.353437500002,14.2997971,0.0124436999,0,zr,263.52611280000002,-7.6707292999999996,1.148,-0.0289999992,20190605353426,382,0x10,0x3,20.9899998,26.0437603,0.0193196349,0.0830813274,6.67554923e-06,30,1.37300003,3
382216300062581,88535387,2458639.8596223649,58639.353877299996,14.2857504,0.0124430833,0,zr,263.52608859999998,-7.6707337999999998,1.79400003,0.137999997,20190605353877,382,0x10,0x3,20.9699993,26.034668,0.0177322961,0.0892267078,5.62167452e-06,30,1.37199998,3
382216300062581,88535432,2458639.8600737718,58639.354328699999,14.2958679,0.0124435164,0,zr,263.52609159999997,-7.6707277999999999,1.80700004,0.108999997,20190605354329,382,0x10,0x3,20.9400005,26.0378265,0.0179484282,0.0872221813,5.80247524e-06,30,1.37199998,3
382216300062581,88535479,2458639.8605367788,58639.354791700003,14.3189068,0.012444715,0,zr,263.52610600000003,-7.6707288,1.67299998,0.162,20190605354792,382,0x10,0x3,20.9500008,26.0399456,0.0188017897,0.0856421664,6.32449246e-06,30,1.37199998,3
382216300062581,88535524,2458639.8609881862,58639.355243099999,14.2947197,0.0124434652,0,zr,263.52609330000001,-7.6707254999999996,1.55299997,0.0590000004,20190605355243,382,0x10,0x3,20.9500008,26.0526733,0.0193913803,0.0888188854,6.80892617e-06,30,1.37199998,3
382216300062581,88535569,2458639.861439493,58639.355694400001,14.2999725,0.0124437092,0,zr,263.52610179999999,-7.6707274999999999,1.23500001,0.0329999998,20190605355694,382,0x10,0x3,20.9400005,26.0329475,0.0188816506,0.0902630687,6.42875921e-06,30,1.37199998,3
382216300062581,88535614,2458639.8618909004,58639.356145799997,14.3094521,0.012444187,0,zr,263.526093,-7.6707175000000003,1.76900005,0.0260000005,20190605356146,382,0x10,0x3,20.8799992,26.0624638,0.0183828678,0.0813168138,6.04870456e-06,30,1.37199998,3
382216300062581,88535659,2458639.8623423078,58639.3565972,14.2861204,0.0124430992,0,zr,263.52609719999998,-7.6707381000000003,1.61800003,0.0700000003,20190605356597,382,0x10,0x3,20.9300003,26.0600395,0.0197406821,0.0859485269,6.99933844e-06,30,1.37100005,3
382216300062581,88535704,2458639.8627937152,58639.357048600003,14.2715225,0.0124425702,0,zr,263.52609469999999,-7.6707466000000002,1.84399998,0.143999994,20190605357049,382,0x10,0x3,20.9500008,26.044384,0.018717384,0.0885638073,6.28815542e-06,30,1.37100005,3
382216300062581,88535749,2458639.8632451212,58639.357499999998,14.2939167,0.0124434289,0,zr,263.52610249999998,-7.6707096999999997,1.79700005,0.202999994,20190605357500,382,0x10,0x3,21.0100002,26.0438671,0.0194576867,0.0853712335,6.82804557e-06,30,1.37100005,3
382216300062581,88535795,2458639.8636965286,58639.357951400001,14.2942715,0.0124434438,0,zr,263.52610609999999,-7.6707235999999996,1.97099996,0.0390000008,20190605357951,382,0x10,0x3,20.9099998,26.0442238,0.0176438224,0.0880123228,5.62697414e-06,30,1.37100005,3
382216300062581,88535840,2458639.8641479355,58639.358402799997,14.2904863,0.0124432789,0,zr,263.5261112,-7.6707105000000002,2.00999999,0.100000001,20190605358403,382,0x10,0x3,20.8999996,26.0514126,0.0198696107,0.0829837918,7.15849183e-06,30,1.37100005,3
382216300062581,88535885,2458639.8645993425,58639.3588542,14.2934875,0.0124434102,0,zr,263.5261041,-7.6707143999999996,2.50200009,0.0460000001,20190605358854,382,0x10,0x3,20.9200001,26.0384369,0.017929649,0.0875855908,5.80394135e-06,30,1.37100005,3
382216300062581,88535930,2458639.8650507494,58639.359305600003,14.2956161,0.0124435052,0,zr,263.52611030000003,-7.6707121000000003,2.10700011,0.182999998,20190605359294,382,0x10,0x3,20.9599991,26.0405731,0.0181763321,0.0862923935,5.96066457e-06,30,1.37100005,3
382216300062581,88535974,2458639.8654905567,58639.359745399997,14.2909174,0.0124432975,0,zr,263.52610320000002,-7.6707137000000003,2.08400011,0.0799999982,20190605359745,382,0x10,0x3,20.9099998,26.0498562,0.0179047994,0.0883236676,5.78011623e-06,30,1.37100005,3
382216300062581,88536020,2458639.8659534641,58639.360208300001,14.2860508,0.0124430954,0,zr,263.52610609999999,-7.6707251000000003,2.47099996,0.0320000015,20190605360197,382,0x10,0x3,20.9400005,26.0399704,0.0184927359,0.087744154,6.10681263e-06,30,1.37100005,3
382216300062581,88536065,2458639.866404871,58639.360659700003,14.2985582,0.0124436412,0,zr,263.52609999999999,-7.6707042999999997,2.31399989,0.063000001,20190605360660,382,0x10,0x3,20.8899994,26.051527,0.0186390504,0.0871333182,6.24147742e-06,30,1.37100005,3
382216300062581,88536111,2458639.8668562779,58639.361111099999,14.3056908,0.0124439914,0,zr,263.52610959999998,-7.6707109000000004,2.46799994,0.112000003,20190605361111,382,0x10,0x3,20.9500008,26.0336876,0.0181511622,0.0874912068,5.86664555e-06,30,1.37100005,3
382216300062581,88536156,2458639.8673076853,58639.361562500002,14.3038101,0.0124438964,0,zr,263.52611089999999,-7.6707198999999999,2.2650001,0.119999997,20190605361562,382,0x10,0x3,20.9599991,26.0417995,0.0179413687,0.0923225209,5.7924176e-06,30,1.37100005,3
382216300062581,88536201,2458639.8677590932,58639.362013899998,14.3154125,0.0124445138,0,zr,263.52610069999997,-7.6707381999999997,1.898,0.162,20190605362014,382,0x10,0x3,20.9400005,26.031435,0.0182201229,0.0858873874,5.91073785e-06,30,1.37100005,3
382216300062581,88536246,2458639.8682104992,58639.362465300001,14.3012276,0.0124437679,0,zr,263.5261079,-7.6706995999999998,2.25900006,0.0529999994,20190605362465,382,0x10,0x3,20.9799995,26.0562077,0.0196549688,0.0799870268,6.94587516e-06,30,1.37100005,3
382216300062581,88536291,2458639.8686619066,58639.362916700004,14.3189926,0.0124447197,0,zr,263.52610979999997,-7.6707219000000002,2.29399991,0.128000006,20190605362917,382,0x10,0x3,20.9599991,26.0420418,0.0175323803,0.0895024762,5.56696841e-06,30,1.37100005,3
382216300062581,88536336,2458639.869113314,58639.363368099999,14.314764,0.0124444775,0,zr,263.52610970000001,-7.6707302999999998,1.60699999,0.0670000017,20190605363368,382,0x10,0x3,20.9799995,26.0397968,0.0193567239,0.087889038,6.66104597e-06,30,1.37100005,3
382216300062581,88536381,2458639.8695646212,58639.363819400001,14.3148899,0.012444485,0,zr,263.52610440000001,-7.6707334999999999,1.32599998,0.0359999985,20190605363819,382,0x10,0x3,20.9300003,26.0379105,0.0171668306,0.0902160853,5.2845794e-06,30,1.37100005,3
382216300062581,88536427,2458639.8700160286,58639.364270799997,14.3030825,0.0124438591,0,zr,263.52610069999997,-7.6707416000000004,2.05800009,0.177000001,20190605364271,382,0x10,0x3,20.8799992,26.0360565,0.0176302101,0.0913510248,5.61443721e-06,30,1.37100005,3
382216300062581,88536472,2458639.8704674351,58639.3647222,14.303669,0.012443888,0,zr,263.52610390000001,-7.670731,1.44599998,-0.00700000022,20190605364722,382,0x10,0x3,20.9699993,26.0576458,0.0188048258,0.0872692391,6.35956849e-06,30,1.37100005,3
382216300062581,88536518,2458639.8709304431,58639.365185199997,14.2893457,0.0124432314,0,zr,263.52609619999998,-7.6707359000000004,1.83700001,0.119000003,20190605365174,382,0x10,0x3,20.8299999,26.0482769,0.0190717448,0.0872025117,6.49906087e-06,30,1.37100005,3
382216300062581,88536563,2458639.87138185,58639.3656366,14.3091459,0.0124441711,0,zr,263.52609769999998,-7.6707333999999996,1.63300002,0.0489999987,20190605365637,382,0x10,0x3,20.8700008,26.052145,0.0175478365,0.0946312398,5.50735922e-06,30,1.37100005,3
382216300062581,88536608,2458639.8718332569,58639.366088000002,14.3022299,0.0124438172,0,zr,263.52609810000001,-7.6707336000000002,1.81900001,0.119999997,20190605366088,382,0x10,0x3,20.8999996,26.0412006,0.0180806573,0.0844866484,5.87759587e-06,30,1.37100005,3
382216300062581,88536653,2458639.8722846638,58639.366539399998,14.3086319,0.0124441441,0,zr,263.5261026,-7.6707334999999999,1.78499997,0.0909999982,20190605366539,382,0x10,0x3,20.8899994,26.040638,0.0178967938,0.0888053924,5.72540785e-06,30,1.37199998,3
382216300062581,88536699,2458639.8727359711,58639.3669907,14.2986536,0.0124436459,0,zr,263.5260968,-7.6707380000000001,1.69299996,0.075000003,20190605366991,382,0x10,0x3,20.9300003,26.057621,0.0186246838,0.0849424601,6.3188445e-06,30,1.37199998,3
382216300062581,88536744,2458639.873187378,58639.367442100003,14.283308,0.0124429874,0,zr,263.52610290000001,-7.6707270000000003,1.83000004,0.0989999995,20190605367442,382,0x10,0x3,20.8600006,26.0382042,0.0186484754,0.0902051404,6.33136733e-06,30,1.37199998,3
382216300062581,88536789,2458639.873638785,58639.367893499999,14.2819519,0.0124429362,0,zr,263.52609289999998,-7.6707234,2.34899998,0.0960000008,20190605367894,382,0x10,0x3,20.8899994,26.0488529,0.0192477629,0.0832004771,6.65139351e-06,30,1.37199998,3
382216300062581,88536834,2458639.8740901914,58639.368344900002,14.2808456,0.0124428943,0,zr,263.52610329999999,-7.6707137999999997,2.32200003,0.0450000018,20190605368345,382,0x10,0x3,20.8600006,26.0387421,0.019159181,0.0928796381,6.55860413e-06,30,1.37199998,3
382216300062581,88536879,2458639.8745415988,58639.368796299997,14.2979231,0.0124436114,0,zr,263.52610299999998,-7.6707274999999999,1.96399999,0.0649999976,20190605368796,382,0x10,0x3,20.8400002,26.0588875,0.0186980292,0.0879327431,6.33884974e-06,30,1.37199998,3
382216300062581,88536924,2458639.8749930067,58639.3692477,14.2934427,0.0124434074,0,zr,263.5261003,-7.6707394000000004,2.31399989,0.0329999998,20190605369248,382,0x10,0x3,20.8500004,26.0613899,0.0191599336,0.0862401202,6.64816889e-06,30,1.37300003,3
382216300062581,88536969,2458639.8754444132,58639.369699100003,14.3080759,0.0124441134,0,zr,263.52610820000001,-7.6707251000000003,1.66100001,0.0189999994,20190605369699,382,0x10,0x3,20.9300003,26.0400696,0.0191732738,0.084557876,6.57615055e-06,30,1.37300003,3
382216300062581,88537015,2458639.8758958201,58639.370150499999,14.2869387,0.0124431318,0,zr,263.52611000000002,-7.6707235999999996,2.29500008,0.123000003,20190605370150,382,0x10,0x3,20.9099998,26.0328598,0.0181918312,0.090305917,5.90405625e-06,30,1.37300003,3
382216300062581,88537060,2458639.876347227,58639.370601900002,14.2834234,0.012442993,0,zr,263.52610019999997,-7.6707223999999998,2.21300006,0.0939999968,20190605370602,382,0x10,0x3,20.9500008,26.0353413,0.0183228105,0.0889111906,5.98757788e-06,30,1.37300003,3
382216300062581,88537105,2458639.8767985343,58639.371053199997,14.2919655,0.0124433422,0,zr,263.52610120000003,-7.6707263000000001,1.676,0.0149999997,20190605371053,382,0x10,0x3,20.9200001,26.0699062,0.0202190969,0.0786936209,7.36924903e-06,30,1.37399995,3
382216300062581,88537150,2458639.8772499417,58639.3715046,14.2783747,0.0124428039,0,zr,263.52609439999998,-7.6707343999999997,1.88699996,0.0949999988,20190605371505,382,0x10,0x3,20.9799995,26.0652618,0.0205796212,0.0777514651,7.6455226e-06,30,1.37399995,3
382216300062581,88537195,2458639.8777013486,58639.371956000003,14.303381,0.012443874,0,zr,263.52609510000002,-7.6707349999999996,1.36099994,0.0579999983,20190605371956,382,0x10,0x3,20.8700008,26.0863781,0.030051792,0.062046431,1.6253065e-05,30,1.37399995,3
382216300062581,88537240,2458639.8781527556,58639.372407399998,14.2979155,0.0124436114,0,zr,263.52609919999998,-7.6707216999999996,1.46599996,-0.0199999996,20190605372407,382,0x10,0x3,20.8400002,26.0738907,0.0219622105,0.0828083232,8.66614846e-06,30,1.375,3
382216300062581,88537285,2458639.8786041625,58639.372858800001,14.2778587,0.0124427853,0,zr,263.5261041,-7.6707293999999999,1.69299996,0.0890000015,20190605372859,382,0x10,0x3,20.8799992,26.0577545,0.0202219766,0.0818062723,7.370204e-06,30,1.375,3
382216300062581,88537331,2458639.8790555694,58639.373310199997,14.2949257,0.0124434736,0,zr,263.52609439999998,-7.6707114000000001,2.28299999,0.0309999995,20190605373310,382,0x10,0x3,20.9300003,26.0428886,0.0183744188,0.0864887387,6.10193774e-06,30,1.375,3
382216300062581,88537376,2458639.8795069763,58639.3737616,14.2813416,0.0124429129,0,zr,263.52610299999998,-7.6707087999999999,2.66599989,0.195999995,20190605373762,382,0x10,0x3,21.0200005,26.0452518,0.0186991114,0.0871030837,6.25369057e-06,30,1.37600005,3
382216300062581,88537421,2458639.8799583837,58639.374213000003,14.2822905,0.0124429492,0,zr,263.52609890000002,-7.6707184000000002,2.57800007,0.104999997,20190605374213,382,0x10,0x3,21.0499992,26.0372047,0.018038284,0.0900920853,5.85299949e-06,30,1.37600005,3
382216300062581,88537466,2458639.8804097907,58639.374664399998,14.3076448,0.012444092,0,zr,263.52610179999999,-7.6707182999999999,1.94799995,0.0340000018,20190605374664,382,0x10,0x3,20.9699993,26.0446587,0.0203362945,0.0816291422,7.46417209e-06,30,1.37600005,3
382216300062581,88537511,2458639.8808610975,58639.375115700001,14.2890406,0.0124432184,0,zr,263.5261036,-7.6707248000000003,2.38700008,0.153999999,20190605375116,382,0x10,0x3,21,26.0509815,0.0179348551,0.0894630328,5.75844024e-06,30,1.37699997,3
382216300062581,88537556,2458639.8813125049,58639.375567100004,14.3041191,0.0124439113,0,zr,263.52610779999998,-7.6707289000000003,2.46700001,0.104999997,20190605375567,382,0x10,0x3,20.8999996,26.0341187,0.0183138587,0.0890107453,5.99247051e-06,30,1.37699997,3
382216300062581,88537601,2458639.8817639123,58639.376018499999,14.321805,0.0124448873,0,zr,263.52610079999999,-7.6707441000000003,1.72599995,0.111000001,20190605376019,382,0x10,0x3,20.9899998,26.0428734,0.0179151855,0.0873320103,5.80530013e-06,30,1.37699997,3
382216300062581,88537646,2458639.8822153187,58639.376469900002,14.2884283,0.0124431932,0,zr,263.52610420000002,-7.6707162999999996,2.11400008,0.123000003,20190605376470,382,0x10,0x3,20.9400005,26.0603771,0.0188050047,0.0894858688,6.34804928e-06,30,1.37800002,3
382216300062581,88537692,2458639.8826667247,58639.376921299998,14.2821817,0.0124429455,0,zr,263.52609869999998,-7.6706794,2.773,0.135000005,20190605376921,382,0x10,0x3,20.9500008,26.0820942,0.0215895269,0.0841501653,8.31250054e-06,30,1.37800002,3
382216300062581,88537737,2458639.8831181326,58639.377372700001,14.2833557,0.0124429893,0,zr,263.52609159999997,-7.6707127000000002,2.40199995,0.120999999,20190605377373,382,0x10,0x3,20.9899998,26.0442848,0.0187302716,0.0878898054,6.33458694e-06,30,1.37899995,3
382216300062581,88537782,2458639.8835695405,58639.377824100004,14.3027859,0.0124438461,0,zr,263.52610010000001,-7.6707483999999999,1.50199997,-0.0109999999,20190605377824,382,0x10,0x3,20.9799995,26.0347786,0.0188235939,0.0830837488,6.33893524e-06,30,1.37899995,3
382216300062581,88537827,2458639.8840209474,58639.378275499999,14.3066378,0.0124440398,0,zr,263.52609660000002,-7.6707372999999999,1.64400005,0.136000007,20190605378275,382,0x10,0x3,21.0400009,26.0336456,0.0184947718,0.084604919,6.19998855e-06,30,1.38,3
382216300062581,88537872,2458639.8844723548,58639.378726900002,14.2518053,0.0124420403,0,zr,263.52610040000002,-7.6707519,2.23300004,0.150000006,20190605378727,382,0x10,0x3,21.0499992,26.0305958,0.01798301,0.0911026523,5.7996117e-06,30,1.38,3
382216300062581,88537917,2458639.8849236616,58639.379178199997,14.2821455,0.0124429436,0,zr,263.52610320000002,-7.6707507000000001,2.11199999,0.126000002,20190605379178,382,0x10,0x3,21.0100002,26.0340576,0.0175956469,0.0874086246,5.54104918e-06,30,1.38100004,3
382216300062581,88537962,2458639.8853750685,58639.3796296,14.2934351,0.0124434084,0,zr,263.52609769999998,-7.6707348,2.35500002,0.138999999,20190605379630,382,0x10,0x3,21.0400009,26.0413914,0.0179706644,0.0837803185,5.89026422e-06,30,1.38100004,3
382216300062581,88538008,2458639.8858264755,58639.380081000003,14.3073406,0.0124440761,0,zr,263.5260892,-7.6707406999999996,1.92400002,0.0410000011,20190605380081,382,0x10,0x3,21.0200005,26.0373516,0.0169219412,0.0901383534,5.13149553e-06,30,1.38199997,3
382216300062581,88538053,2458639.8862778824,58639.380532399999,14.291749,0.0124433339,0,zr,263.52609969999997,-7.6707394999999998,2.06399989,0.112999998,20190605380532,382,0x10,0x3,20.9500008,26.0436878,0.0177718308,0.0893436074,5.76461707e-06,30,1.38199997,3
382216300062581,88538098,2458639.8867292893,58639.380983800002,14.2718763,0.0124425814,0,zr,263.5260945,-7.6707261000000004,2.0710001,0.162,20190605380984,382,0x10,0x3,21.0200005,26.0397358,0.0189089924,0.0836077929,6.36216328e-06,30,1.38300002,3
382216300062581,88538143,2458639.8871806967,58639.381435199997,14.305213,0.0124439662,0,zr,263.5260897,-7.6707375000000004,2.24799991,0.163000003,20190605381435,382,0x10,0x3,20.9699993,26.0372047,0.0186025593,0.0879216939,6.1575538e-06,30,1.38300002,3
382216300062581,88538188,2458639.8876321032,58639.3818866,14.2940817,0.0124434354,0,zr,263.5260993,-7.6707291,1.67900002,0.00600000005,20190605381887,382,0x10,0x3,21,26.0370197,0.0184363369,0.0874095857,6.16223952e-06,30,1.38399994,3
382216300062581,88538233,2458639.8880835101,58639.382338000003,14.2983294,0.01244363,0,zr,263.52610110000001,-7.6707356000000004,3.10299993,0.206,20190605382338,382,0x10,0x3,21.1100006,26.0272732,0.016035106,0.0920030549,4.6710652e-06,30,1.38399994,3
382216300062581,88538278,2458639.8885349175,58639.382789399999,14.2949476,0.0124434736,0,zr,263.52610700000002,-7.6707486999999999,2.63800001,0.141000003,20190605382789,382,0x10,0x3,21.0200005,26.0388775,0.0173567962,0.0850325897,5.4416937e-06,30,1.38499999,3
382216300062581,88538324,2458639.8889862243,58639.383240700001,14.278389,0.0124428039,0,zr,263.52609790000002,-7.6707350999999999,3.23399997,0.119000003,20190605383241,382,0x10,0x3,21.0100002,26.0252533,0.0168726221,0.0920389295,5.09950723e-06,30,1.38600004,3
382216300062581,88538369,2458639.8894376312,58639.383692099997,14.2762794,0.0124427294,0,zr,263.52610470000002,-7.6707302999999998,2.20499992,0.155000001,20190605383692,382,0x10,0x3,21.0400009,26.025135,0.0168912001,0.0914371759,5.13011673e-06,30,1.38600004,3
382216300062581,88538414,2458639.8898890382,58639.384143499999,14.2892246,0.0124432258,0,zr,263.52609360000002,-7.6707194000000003,1.71000004,0.101000004,20190605384144,382,0x10,0x3,21,26.047121,0.0190815832,0.0836373419,6.58415183e-06,30,1.38699996,3
382216300062581,88538459,2458639.8903404446,58639.384594900002,14.2836809,0.0124430014,0,zr,263.52610240000001,-7.6707098,2.45600009,0.150000006,20190605384595,382,0x10,0x3,20.9899998,26.0415554,0.018927766,0.0850949436,6.50509401e-06,30,1.38800001,3
382216300062581,88538504,2458639.890791852,58639.385046299998,14.2728233,0.012442613,0,zr,263.5261016,-7.6707321999999998,2.56299996,0.0520000011,20190605385046,382,0x10,0x3,20.9699993,26.0426655,0.0178214498,0.0873631462,5.63764479e-06,30,1.38800001,3
382216300062581,88538549,2458639.891243259,58639.385497700001,14.2744751,0.012442668,0,zr,263.52610340000001,-7.6707276999999996,2.28699994,0.0810000002,20190605385498,382,0x10,0x3,20.9500008,26.049324,0.0197345912,0.0836551487,6.93976745e-06,30,1.38900006,3
382216300062581,88538594,2458639.8916946659,58639.385949099997,14.2865992,0.0124431178,0,zr,263.52611050000002,-7.6707245000000004,2.12899995,0.103,20190605385949,382,0x10,0x3,20.9599991,26.0624866,0.0210337173,0.0782654136,8.01404713e-06,30,1.38999999,3
382216300062581,88538640,2458639.8921460742,58639.3864005,14.3001165,0.0124437148,0,zr,263.52604880000001,-7.6707317000000002,2.20499992,0.0160000008,20190605386400,382,0x10,0x3,20.7399998,26.0580654,0.0198588744,0.0873512551,7.08410744e-06,30,1.38999999,3
382216300062581,88538685,2458639.8925974797,58639.386851900003,14.2807865,0.0124428915,0,zr,263.52610520000002,-7.670725,2.29399991,0.0710000023,20190605386852,382,0x10,0x3,20.9899998,26.0436592,0.0204160828,0.082601212,7.52332244e-06,30,1.39100003,3
382216300062581,88538730,2458639.893048787,58639.387303199997,14.2901831,0.0124432668,0,zr,263.52610809999999,-7.6707232000000003,2.16000009,0.101000004,20190605387303,382,0x10,0x3,20.9899998,26.0420933,0.0177951586,0.0909553915,5.72301178e-06,30,1.39199996,3
382216300062581,88538775,2458639.893500194,58639.3877546,14.3245955,0.0124450568,0,zr,263.5261036,-7.6707260000000002,2.20300007,0.162,20190605387755,382,0x10,0x3,21,26.0406303,0.0195237212,0.0827671364,6.92793537e-06,30,1.39199996,3
382216300062581,88538820,2458639.8939516009,58639.388206000003,14.2769651,0.0124427546,0,zr,263.52610750000002,-7.6707238000000002,2.27800012,0.0689999983,20190605388206,382,0x10,0x3,20.9599991,26.0748119,0.0223010238,0.0791070834,9.0042231e-06,30,1.39300001,3
382216300062581,88538865,2458639.8944030073,58639.388657399999,14.3269691,0.0124452049,0,zr,263.5261041,-7.6707095000000001,1.84200001,0.0179999992,20190605388657,382,0x10,0x3,20.9200001,26.0660133,0.0267502312,0.0670596212,1.28232641e-05,30,1.39400005,3
382216300062581,88538910,2458639.8948544147,58639.389108800002,14.2888689,0.0124432109,0,zr,263.52609569999998,-7.6707155,2.5710001,0.0790000036,20190605389109,382,0x10,0x3,20.9599991,26.065773,0.0219332259,0.0771940872,8.68404913e-06,30,1.39499998,3
382216300062581,88538956,2458639.8953058221,58639.389560199998,14.3180714,0.0124446666,0,zr,263.52610779999998,-7.6707435999999998,1.73000002,0.0780000016,20190605389560,382,0x10,0x3,20.9699993,26.055069,0.0198457912,0.0862875879,7.10979111e-06,30,1.39600003,3
382216300062581,88539001,2458639.8957572291,58639.3900116,14.3032932,0.0124438703,0,zr,263.5260993,-7.6707362000000003,2.02699995,0.0350000001,20190605390012,382,0x10,0x3,21.0699997,26.0592327,0.0222138707,0.0783171877,8.79812251e-06,30,1.39600003,3
382216300062581,88539046,2458639.8962086365,58639.390463000003,14.2889719,0.0124432156,0,zr,263.52609360000002,-7.6707460000000003,1.829,0.136000007,20190605390463,382,0x10,0x3,21.0300007,26.0368652,0.0195646156,0.0907726809,6.8665754e-06,30,1.39699996,3
382216300062581,88539091,2458639.8966600429,58639.390914399999,14.2947416,0.0124434652,0,zr,263.5260955,-7.6707282000000001,2.08400011,0.128000006,20190605390914,382,0x10,0x3,21.0100002,26.0416584,0.0205119364,0.0835617632,7.63612843e-06,30,1.398,3
382216300062581,88539136,2458639.8971113502,58639.391365700001,14.3299074,0.012445393,0,zr,263.52610140000002,-7.6707372999999999,1.66999996,0.0120000001,20190605391366,382,0x10,0x3,21.0200005,26.0559521,0.0199158546,0.0801052004,7.05581851e-06,30,1.39900005,3
382216300062581,88539181,2458639.8975627571,58639.391817099997,14.3204708,0.0124448072,0,zr,263.52610479999998,-7.6707394999999998,2.37700009,0.187999994,20190605391817,382,0x10,0x3,21.0400009,26.036478,0.0181939229,0.0838750899,6.00615567e-06,30,1.39999998,3
382216300062581,88539226,2458639.8980141645,58639.3922685,14.3066015,0.0124440379,0,zr,263.52610529999998,-7.6707561000000002,1.91400003,0.0320000015,20190605392268,382,0x10,0x3,21.0200005,26.0325546,0.0198385753,0.0826231092,7.16125078e-06,30,1.40100002,3
382216300062581,88539271,2458639.8984655701,58639.392719900003,14.3076696,0.0124440929,0,zr,263.52609840000002,-7.6707006,2.66700006,0.0460000001,20190605392720,382,0x10,0x3,20.9799995,26.0526485,0.0203949623,0.0792680755,7.5580856e-06,30,1.40199995,3
382216300062581,88539317,2458639.898916977,58639.393171299998,14.2793522,0.0124428384,0,zr,263.5261016,-7.6706979999999998,2.25300002,0.131999999,20190605393171,382,0x10,0x3,20.9899998,26.0742092,0.0205772072,0.0797945336,7.61001775e-06,30,1.40199995,3
382216300062581,88539362,2458639.8993683849,58639.393622700001,14.3180771,0.0124446657,0,zr,263.52609660000002,-7.6707327999999997,2.43000007,0.163000003,20190605393623,382,0x10,0x3,20.9799995,26.0340862,0.0197901074,0.0815597475,7.11480834e-06,30,1.403,3
382216300062581,88539407,2458639.8998197927,58639.394074099997,14.3162956,0.0124445632,0,zr,263.52609710000002,-7.6707644999999998,1.78699994,0.0189999994,20190605394074,382,0x10,0x3,21.0699997,26.0232868,0.0175495706,0.0934076682,5.57463454e-06,30,1.40400004,3
382216300062581,88539452,2458639.9002711992,58639.3945255,14.3040218,0.0124439066,0,zr,263.52610659999999,-7.6707507000000001,1.58500004,0.00700000022,20190605394525,382,0x10,0x3,21.0200005,26.0299644,0.0175615661,0.0880693272,5.58541706e-06,30,1.40499997,3
382216300062581,88539497,2458639.9007226061,58639.394976900003,14.3025837,0.0124438349,0,zr,263.52609369999999,-7.6707443,2.02200007,0.140000001,20190605394977,382,0x10,0x3,21.0200005,26.0315208,0.017483471,0.0858251229,5.51302537e-06,30,1.40600002,3
382216300062581,88539542,2458639.901173912,58639.395428199998,14.2858133,0.0124430861,0,zr,263.52611889999997,-7.6707159000000003,2.52900004,0.115999997,20190605395428,382,0x10,0x3,21.0300007,26.0376854,0.0194811951,0.0876189545,6.81623305e-06,30,1.40699995,3
382216300062581,88539587,2458639.9016253189,58639.395879600001,14.2961292,0.0124435285,0,zr,263.52609710000002,-7.6707064000000003,2.92600012,0.100000001,20190605395880,382,0x10,0x3,20.9799995,26.0360527,0.0184784308,0.0862187296,6.1820574e-06,30,1.40799999,3
382216300062581,88539633,2458639.9020767258,58639.396331000004,14.2890234,0.0124432174,0,zr,263.52610090000002,-7.6707051000000002,2.10800004,0.0370000005,20190605396331,382,0x10,0x3,20.9599991,26.0419178,0.0190687031,0.0842949077,6.56522388e-06,30,1.40900004,3
382216300062581,88539678,2458639.9025281337,58639.396782399999,14.2954311,0.0124434968,0,zr,263.52610709999999,-7.6707491000000001,2.13599992,0.125,20190605396782,382,0x10,0x3,21.0400009,26.02034,0.0179469641,0.0859619081,5.81392624e-06,30,1.40999997,3
382216300062581,88539723,2458639.9029795406,58639.397233800002,14.3159266,0.0124445437,0,zr,263.52609009999998,-7.6707407999999999,2.21399999,0.0340000018,20190605397234,382,0x10,0x3,20.9400005,26.0289059,0.0189365018,0.0853679106,6.53175721e-06,30,1.41100001,3
382216300062581,88539768,2458639.9034309476,58639.397685199998,14.2799311,0.0124428608,0,zr,263.52610420000002,-7.6707403000000003,2.05100012,0.0579999983,20190605397685,382,0x10,0x3,21.0900002,26.0207672,0.0182910655,0.0853388458,6.003821e-06,30,1.41199994,3
382216300062581,88539813,2458639.903882355,58639.398136600001,14.2888451,0.01244321,0,zr,263.52610149999998,-7.6707535,2.10400009,0.128000006,20190605398137,382,0x10,0x3,21.0499992,26.0267277,0.0176122617,0.0830975324,5.59152295e-06,30,1.41299999,3
382216300062581,88627486,2458640.7806200162,58640.274861099999,14.2807341,0.0124428906,0,zr,263.5261051,-7.6707188999999998,3.5,0.131999999,20190606274861,382,0x10,0x3,20.8199997,25.989397,0.0185290966,0.0884483382,6.24920631e-06,30,1.61699998,1
382216300062581,88927432,2458643.7801234513,58643.274328699998,14.2968893,0.012443563,0,zr,263.52610129999999,-7.6707051000000002,1.94599998,0.0450000018,20190609274329,382,0x10,0x3,20.6299992,26.0295143,0.0195772517,0.0896245763,6.79777258e-06,30,1.56900001,1
382216300062581,89229343,2458646.7992538586,58646.293437499997,14.3039923,0.0124439057,32768,zr,263.5261041,-7.6707289999999997,1.82599998,0.0939999968,20190612293438,382,0x10,0x3,18.7900009,24.9739532,0.0449454933,0.0888341889,4.2054191e-05,30,1.44700003,1
382216300062581,89939879,2458653.9046063144,58653.398796300004,14.2957726,0.0124435127,0,zr,263.526095,-7.6707153999999997,1.64199996,0.0879999995,20190619398796,382,0x10,0x3,19.4500008,26.0054607,0.0298729483,0.084762089,1.60549953e-05,30,1.56799996,1
382216300062581,90333690,2458657.8426818042,58657.336909700003,14.2980595,0.0124436179,0,zr,263.52608329999998,-7.6707387000000002,1.76300001,0.023,20190623336794,382,0x10,0x3,20.3999996,26.0206795,0.018505631,0.0924775973,6.2050658e-06,30,1.38999999,1
382216300062581,90425703,2458658.7627967102,58658.257037000003,14.2822342,0.0124429464,0,zr,263.52609569999998,-7.6707163999999999,1.86199999,0.0649999976,20190624256944,382,0x10,0x3,20.9400005,26.0085926,0.0181800053,0.0939847678,5.89086221e-06,30,1.45899999,2
382216300062581,90425748,2458658.7632481041,58658.257488399999,14.2951155,0.0124434819,0,zr,263.5260897,-7.6707337999999998,2.39100003,0.112999998,20190624257488,382,0x10,0x3,20.8899994,25.9975319,0.019287657,0.0979022756,6.62703724e-06,30,1.45799994,2
382216300062581,90426842,2458658.7741854521,58658.268425900002,14.2732458,0.012442627,0,zr,263.52608750000002,-7.6707244000000001,1.73699999,0.101000004,20190624268391,382,0x10,0x3,21.0300007,26.0136604,0.0173255373,0.09381973,5.35831532e-06,30,1.42400002,2
382216300062581,90427355,2458658.7793126809,58658.273553200001,14.2674952,0.0124424454,0,zr,263.52610420000002,-7.6707291,2.88899994,0.104999997,20190624273495,382,0x10,0x3,21.0400009,26.0098209,0.0178277791,0.0918995291,5.73281704e-06,30,1.41100001,2
382216300062581,90428056,2458658.7863264824,58658.280567100002,14.2744856,0.012442668,0,zr,263.52610420000002,-7.6707216999999996,2.875,0.115000002,20190624280486,382,0x10,0x3,21.1599998,26.0128765,0.0160182919,0.0925622657,4.66374968e-06,30,1.39699996,2
382216300062581,90428873,2458658.7944976669,58658.288738399999,14.2684822,0.0124424752,0,zr,263.52609810000001,-7.6707193,2.4460001,0.130999997,20190624288738,382,0x10,0x3,21.0400009,26.0259361,0.0198580269,0.0891312063,7.05307411e-06,30,1.38399994,2
382216300062581,90429350,2458658.7992661018,58658.293506900001,14.3748569,0.0124488911,0,zr,263.52616899999998,-7.6707647000000003,2.38400006,0.0120000001,20190624293345,382,0x10,0x3,20.5200005,26.0855885,0.0267594904,0.0660745874,1.28856673e-05,30,1.37899995,2
382216300062581,90429718,2458658.8029466472,58658.2971875,14.2773895,0.0124427686,0,zr,263.52610520000002,-7.6707139,2.01799989,0.0680000037,20190624297188,382,0x10,0x3,20.9200001,26.0288277,0.0177946519,0.0926603675,5.73060834e-06,30,1.375,2
382216300062581,90429814,2458658.8039072338,58658.298148100002,14.2869358,0.0124431308,0,zr,263.52610040000002,-7.6707318999999998,2.40499997,0.0799999982,20190624298125,382,0x10,0x3,20.9500008,26.0263443,0.0192096103,0.0912665576,6.69199881e-06,30,1.375,2
382216300062581,90430306,2458658.8088261634,58658.303067100001,14.2741718,0.0124426568,0,zr,263.5260988,-7.6707222000000002,1.65999997,0.0670000017,20190624303032,382,0x10,0x3,20.8999996,26.0206394,0.0187094696,0.0923704132,6.21370191e-06,30,1.37199998,2
382216300062581,90430398,2458658.8097405504,58658.303981500001,14.2770367,0.0124427574,0,zr,263.5260945,-7.6707207000000004,1.70899999,0.0460000001,20190624303970,382,0x10,0x3,20.8700008,26.0435295,0.0200723317,0.0889676809,7.26570306e-06,30,1.37199998,2
382216300062581,90431434,2458658.820099202,58658.314340299999,14.2877464,0.0124431644,0,zr,263.52609749999999,-7.6707181000000002,2.18000007,0.0610000007,20190624314306,382,0x10,0x3,20.7900009,26.0162678,0.0197779257,0.0977008268,6.99860493e-06,30,1.37100005,2
382216300062581,90431479,2458658.8205505954,58658.314791700002,14.2946548,0.0124434615,0,zr,263.52609749999999,-7.6707128000000004,2.47199988,0.0759999976,20190624314792,382,0x10,0x3,21.0300007,26.0342102,0.0173064992,0.0913310274,5.34992023e-06,30,1.37199998,2
382216300062581,90625797,2458660.7637026724,58660.257974499997,14.265276,0.0124423802,0,zr,263.52609669999998,-7.6707065999999999,2.3829999,0.0329999998,20190626257975,382,0x10,0x3,21.0699997,26.0473423,0.0192073938,0.09155339,6.62946513e-06,30,1.43799996,2
382216300062581,90625843,2458660.764165665,58660.258437500001,14.269165,0.0124424957,0,zr,263.52610190000001,-7.6707101,2.38899994,0.0410000011,20190626258426,382,0x10,0x3,21.0599995,26.052248,0.0189227201,0.0904299691,6.50890979e-06,30,1.43700004,2
382216300062581,90626745,2458660.7731817118,58660.267453699998,14.2767372,0.0124427453,0,zr,263.52608759999998,-7.6707482999999996,2.17400002,0.138999999,20190626267442,382,0x10,0x3,21.1000004,26.0399284,0.0175861344,0.0941237658,5.52173924e-06,30,1.41199994,2
382216300062581,90628186,2458660.787591164,58660.2818634,14.2424335,0.0124418605,0,zr,263.5261064,-7.6707343000000003,3.30999994,0.131999999,20190626281782,382,0x10,0x3,21.2900009,26.0474434,0.0166510027,0.0905864164,5.07077266e-06,30,1.38600004,2
382216300062581,90628738,2458660.7931119688,58660.287384299998,14.2645969,0.0124423597,0,zr,263.52609799999999,-7.6707464999999999,1.96399999,0.0790000036,20190626287350,382,0x10,0x3,21.1599998,26.0508537,0.017785944,0.0883409604,5.69294934e-06,30,1.37899995,2
382216300062581,90628884,2458660.794570243,58660.288842599999,14.2119894,0.0124415979,32768,zr,263.52609480000001,-7.6707197999999996,3.31900001,0.112000003,20190626288796,382,0x10,0x3,21.1299992,25.9800224,0.0286663789,0.0820323229,1.47123028e-05,30,1.37800002,2
382216300062581,90629136,2458660.7970932988,58660.291365700003,14.2925892,0.0124433702,0,zr,263.526093,-7.6707178999999996,3.33500004,0.0960000008,20190626291366,382,0x10,0x3,21.2099991,26.036829,0.0158259664,0.0925518423,4.57133592e-06,30,1.37600005,2
382216300062581,90629451,2458660.8002414447,58660.2945139,14.2755127,0.0124427024,0,zr,263.52608770000001,-7.6707407999999999,2.54900002,0.061999999,20190626294479,382,0x10,0x3,21.2099991,26.0357361,0.0161701087,0.0905903056,4.77214599e-06,30,1.37300003,2
382216300062581,90629731,2458660.8030422959,58660.297314800002,14.4704046,0.0124603994,32768,zr,263.52609109999997,-7.6707283999999998,2.48600006,0.0700000003,20190626297292,382,0x10,0x3,20.4200001,25.3735142,0.202649146,0.0737505108,0.000726581435,30,1.37199998,2
382216300062581,90630523,2458660.8109588586,58660.305231500002,14.3018112,0.0124437977,0,zr,263.52610629999998,-7.6707488000000001,2.14400005,0.153999999,20190626305220,382,0x10,0x3,21.1100006,26.0132408,0.017795641,0.0914169326,5.68922178e-06,30,1.37100005,2
382216300062581,90631299,2458660.8187249224,58660.312997699999,14.2855644,0.0124430759,0,zr,263.52609289999998,-7.6707482000000002,2.51600003,0.0850000009,20190626312998,382,0x10,0x3,21.1800003,26.0289555,0.0167729463,0.0900622979,5.09353958e-06,30,1.37300003,2
382216300062581,90631344,2458660.8191763144,58660.313449100002,14.2861042,0.0124430982,0,zr,263.52610800000002,-7.6707475000000001,2.7809999,0.063000001,20190626313449,382,0x10,0x3,21.0799999,25.9485035,0.0224466082,0.0850026459,9.11086863e-06,30,1.37300003,2
382216300062581,90723966,2458661.7453747969,58661.239664399996,14.2922821,0.0124433562,0,zr,263.5261003,-7.6707321999999998,1.08200002,0.0500000007,20190627239664,382,0x10,0x3,20.5100002,26.0251865,0.0203702133,0.10125649,7.55648489e-06,30,1.495,2
382216300062581,90724011,2458661.7458260884,58661.240115699999,14.2867975,0.0124431252,0,zr,263.52611080000003,-7.670706,1.40799999,0.0560000017,20190627240116,382,0x10,0x3,20.5699997,26.0256824,0.0198585391,0.0995776504,7.21499555e-06,30,1.49300003,2
382216300062581,90724831,2458661.7540204376,58661.248310199997,14.2840242,0.0124430154,0,zr,263.52611289999999,-7.6707367,1.36000001,0.023,20190627248310,382,0x10,0x3,20.7600002,26.0399075,0.018912103,0.0963400751,6.58726185e-06,30,1.46099997,2
382216300062581,90725746,2458661.763175366,58661.257465299997,14.2900085,0.0124432584,0,zr,263.52609719999998,-7.6706938999999998,2.19700003,0.063000001,20190627257407,382,0x10,0x3,20.7600002,26.0548954,0.0195305366,0.088138558,7.01603403e-06,30,1.43099999,2
382216300062581,90725842,2458661.7641359479,58661.2584259,14.2716036,0.012442573,0,zr,263.52608739999999,-7.6706884999999998,2.20799994,0.0860000029,20190627258391,382,0x10,0x3,20.7399998,26.055418,0.0193813425,0.0946261808,6.8915374e-06,30,1.42900002,2
382216300062581,90726699,2458661.7727005901,58661.266990700002,14.2904348,0.0124432771,0,zr,263.52610989999999,-7.6707381000000003,1.46000004,-0.00100000005,20190627266991,382,0x10,0x3,20.5,26.038208,0.0219422486,0.0931000337,8.73766749e-06,30,1.40699995,2
382216300062581,90727401,2458661.7797259581,58661.274016199997,14.2870464,0.0124431355,0,zr,263.52610120000003,-7.6707323000000001,2.00900006,0.0340000018,20190627273981,382,0x10,0x3,20.6100006,26.0257893,0.0187630355,0.0968362987,6.36067352e-06,30,1.39400005,2
382216300062581,90728173,2458661.7874457128,58661.281736099998,14.2968855,0.012443563,0,zr,263.52609289999998,-7.6707421,1.78299999,0.0839999989,20190627281701,382,0x10,0x3,20.7900009,26.0536499,0.0175898131,0.0902605951,5.57309386e-06,30,1.38199997,2
382216300062581,90728362,2458661.7893322776,58661.283622700001,14.3062372,0.0124440184,0,zr,263.52610470000002,-7.6707478,1.47899997,0.0260000005,20190627283565,382,0x10,0x3,20.9599991,26.0439968,0.0171772726,0.0958289132,5.351038e-06,30,1.38,2
382216300062581,90729384,2458661.7995519843,58661.293842599996,14.2845097,0.012443034,0,zr,263.5260935,-7.6707540999999999,2.47600007,0.0860000029,20190627293808,382,0x10,0x3,21.0499992,26.0581818,0.0171820074,0.0851576775,5.38044969e-06,30,1.37199998,2
382216300062581,90729428,2458661.7999917762,58661.294282399998,14.2667732,0.012442424,0,zr,263.526094,-7.6707574000000003,2.35500002,0.116999999,20190627294282,382,0x10,0x3,21.0599995,26.0553761,0.017597476,0.088478677,5.66104882e-06,30,1.37199998,2
382216300062581,90730377,2458661.8094822951,58661.3037731,14.2371302,0.0124417813,0,zr,263.52610470000002,-7.6707321000000004,3.06299996,0.0670000017,20190627303773,382,0x10,0x3,21.0599995,26.0446644,0.0170228872,0.0876044333,5.22521941e-06,30,1.37100005,1
382216300062581,90825665,2458662.7623455045,58662.256655099998,14.2919378,0.0124433413,0,zr,263.5261069,-7.6707212,1.97300005,0.0540000014,20190628256597,382,0x10,0x3,20.7199993,26.0611954,0.0195841044,0.0921773836,6.93313132e-06,30,1.426,2
382216300062581,90825710,2458662.762796896,58662.257106500001,14.2921677,0.0124433506,0,zr,263.52610629999998,-7.6707501000000002,1.56099999,0.0350000001,20190628257106,382,0x10,0x3,20.7399998,26.0554562,0.017613681,0.0914665386,5.60215267e-06,30,1.42499995,2
382216300062581,90827273,2458662.7784215794,58662.272731500001,14.2945309,0.0124434568,0,zr,263.5260993,-7.67075,1.51100004,0.0359999985,20190628272697,382,0x10,0x3,20.8600006,26.0589771,0.0184129085,0.0942135602,6.14014198e-06,30,1.39100003,2
382216300062581,90827613,2458662.7818243094,58662.276134300002,14.2938404,0.0124434261,0,zr,263.52609230000002,-7.6707276000000002,1.94700003,0.172999993,20190628276100,382,0x10,0x3,20.7900009,26.066309,0.0186616164,0.0924528241,6.26759402e-06,30,1.38600004,2
382216300062581,90828071,2458662.7864075159,58662.280717599999,14.2771778,0.0124427611,0,zr,263.52608620000001,-7.6707447000000002,2.08699989,0.109999999,20190628280694,382,0x10,0x3,20.8099995,26.0716019,0.019126948,0.0914348289,6.56181874e-06,30,1.38,2
382216300062581,90828638,2458662.7920786985,58662.2863889,14.3009377,0.0124437558,0,zr,263.52608500000002,-7.6706893999999997,1.94299996,0.0289999992,20190628286331,382,0x10,0x3,20.7399998,26.0764484,0.0226247534,0.0840950012,9.22368963e-06,30,1.375,2
382216300062581,90828684,2458662.7925300905,58662.286840300003,14.2956905,0.012443509,0,zr,263.52610970000001,-7.6707207999999998,2.16700006,0.0670000017,20190628286840,382,0x10,0x3,20.8299999,26.0711803,0.0194139276,0.0938387215,6.77253638e-06,30,1.375,2
382216300062581,90829175,2458662.7974489909,58662.291759300002,14.2798004,0.0124428552,0,zr,263.52610650000003,-7.670757,1.94299996,0.133000001,20190628291725,382,0x10,0x3,21,26.0581856,0.0166337974,0.0930393636,5.04020318e-06,30,1.37199998,2
382216300062581,90830087,2458662.8065691027,58662.300879599999,14.2769499,0.0124427537,0,zr,263.52610279999999,-7.6707425999999996,3.63100004,0.261000007,20190628300822,382,0x10,0x3,20.9500008,26.0763187,0.0175667051,0.0841778591,5.58227248e-06,30,1.37100005,2
382216300062581,90830184,2458662.8075297829,58662.301840300002,14.2531958,0.012442071,0,zr,263.52610570000002,-7.6707447999999996,2.62899995,0.143000007,20190628301806,382,0x10,0x3,21.0300007,26.0654755,0.0174585264,0.0872711539,5.59806494e-06,30,1.37100005,2
382216300062581,90831733,2458662.8230271619,58662.317338000001,14.2518425,0.0124420412,0,zr,263.52609719999998,-7.6707368999999996,3.21399999,0.130999997,20190628317303,382,0x10,0x3,21.0200005,26.0531731,0.0166692175,0.0960438997,5.12189308e-06,30,1.38199997,2
382216300062581,90831778,2458662.823478552,58662.317789399996,14.2624283,0.0124422992,0,zr,263.52609480000001,-7.6707254999999996,2.68499994,0.0890000015,20190628317789,382,0x10,0x3,21.0900002,26.0547962,0.0169879291,0.0926379114,5.23248264e-06,30,1.38199997,2
382216300062581,90923302,2458663.7386904787,58663.233020799998,14.3039751,0.0124439048,0,zr,263.52611389999998,-7.6707426999999999,1.80200005,0.156000003,20190629232986,382,0x10,0x3,20.6299992,25.9879284,0.0178904198,0.101368919,5.81490349e-06,30,1.50100005,2
382216300062581,90923347,2458663.7391418675,58663.233472200001,14.2861176,0.0124430982,0,zr,263.52610870000001,-7.6706839999999996,1.73099995,0.00999999978,20190629233472,382,0x10,0x3,20.5799999,25.9870052,0.0194704942,0.0962497592,6.89428043e-06,30,1.49899995,2
382216300062581,90926342,2458663.7690949193,58663.263425899997,14.3084106,0.0124441311,0,zr,263.52610490000001,-7.6707352999999996,1.24100006,0.0130000003,20190629263426,382,0x10,0x3,20.5900002,26.0093517,0.0195987113,0.0906175375,6.95665312e-06,30,1.403,2
382216300062581,90926686,2458663.7725323443,58663.2668634,14.2939653,0.0124434307,0,zr,263.52610650000003,-7.6707386,1.66900003,0.0359999985,20190629266782,382,0x10,0x3,20.3600006,26.0018883,0.0200286452,0.0899496749,7.38033532e-06,30,1.39699996,2
382216300062581,90927179,2458663.777462835,58663.271794,14.2759867,0.0124427201,0,zr,263.52609969999997,-7.6707039000000004,1.71800005,0.063000001,20190629271759,382,0x10,0x3,20.4500008,25.9997787,0.0200822428,0.0938927084,7.36373977e-06,30,1.38800001,2
382216300062581,90927425,2458663.7799280817,58663.2742593,14.2904072,0.0124432771,0,zr,263.52611250000001,-7.6707122999999999,1.37,0.0309999995,20190629274259,382,0x10,0x3,20.4899998,26.0162773,0.020755453,0.0868795514,7.82987263e-06,30,1.38499999,2
382216300062581,90927799,2458663.7836663998,58663.277997700003,14.2965937,0.012443549,0,zr,263.52610800000002,-7.6707270000000003,1.72899997,0.0469999984,20190629277998,382,0x10,0x3,20.5599995,26.0084763,0.0180454683,0.0920928717,5.96023119e-06,30,1.38,2
382216300062581,90928332,2458663.7889903826,58663.283321800001,14.260498,0.0124422479,0,zr,263.52609589999997,-7.6707261000000004,3.11999989,0.0590000004,20190629283252,382,0x10,0x3,20.9099998,26.0192871,0.0172772016,0.0892676562,5.50245841e-06,30,1.375,2
382216300062581,90928377,2458663.7894416731,58663.283773100004,14.2929201,0.0124433842,0,zr,263.52611339999999,-7.6707314000000002,3.03699994,0.175999999,20190629283773,382,0x10,0x3,20.8600006,26.0148373,0.0171501562,0.0966387689,5.37974302e-06,30,1.375,2
382216300062581,90929700,2458663.8026705808,58663.297002300002,14.2919216,0.0124433404,0,zr,263.52611359999997,-7.6707371999999996,3.98099995,0.223000005,20190629296944,382,0x10,0x3,20.9300003,26.0368252,0.0166130252,0.0864592716,4.98890722e-06,30,1.37100005,2
382216300062581,90929745,2458663.8031219714,58663.297453699997,14.3414402,0.0124461781,0,zr,263.52609580000001,-7.6707749999999999,2.49099994,0.435000002,20190629297454,382,0x10,0x3,20.9699993,26.0265369,0.016199233,0.0912667736,4.77186359e-06,30,1.37100005,2
382216300062581,91127894,2458665.7845682721,58665.278946799997,14.2659483,0.0124423988,0,zr,263.52609380000001,-7.6707549000000004,2.61100006,0.0480000004,20190701278866,382,0x10,0x3,21.1000004,26.0526981,0.0166262407,0.0886671469,5.07137611e-06,30,1.375,2
382216300062581,91127939,2458665.7850195603,58665.2793981,14.2437191,0.0124418829,0,zr,263.52609039999999,-7.6707390999999996,3.4849999,0.153999999,20190701279387,382,0x10,0x3,21.1299992,26.0583801,0.0177420899,0.0829626024,5.77873061e-06,30,1.37399995,2
382216300062581,91133974,2458665.8453653264,58665.339745400001,14.2848368,0.012443047,0,zr,263.5260978,-7.6707308000000003,2.79699993,0.0489999987,20190701339699,382,0x10,0x3,20.9300003,26.0515804,0.0165866427,0.0883019269,5.00723627e-06,30,1.449,2
382216300062581,91134019,2458665.8458167147,58665.340196800003,14.2637606,0.0124423364,0,zr,263.52609869999998,-7.670731,2.78200006,0.126000002,20190701340197,382,0x10,0x3,20.8999996,26.0574207,0.0186566375,0.0844741017,6.29320175e-06,30,1.45099998,2
382216300062581,91228516,2458666.7907573842,58666.285162,14.2370205,0.0124417786,0,zr,263.52610550000003,-7.6707517000000003,2.31599998,0.0520000011,20190702285046,382,0x10,0x3,21.1700001,26.0684109,0.0176364053,0.0835782066,5.6581257e-06,30,1.37100005,2
382216300062581,91228562,2458666.7912203716,58666.285624999997,14.27178,0.0124425795,0,zr,263.52609360000002,-7.6707514000000003,2.3440001,0.0810000002,20190702285613,382,0x10,0x3,21.0900002,26.0563087,0.0175676048,0.0908339694,5.61616253e-06,30,1.37100005,2
382216300062581,91230550,2458666.8111041379,58666.3055093,14.2289133,0.0124416845,0,zr,263.5260925,-7.6707498000000003,2.36100006,0.0860000029,20190702305475,382,0x10,0x3,21.0499992,26.0644741,0.0192663707,0.0942306444,6.69621159e-06,30,1.38100004,2
382216300062581,91230596,2458666.8115554256,58666.305960600002,14.2564392,0.0124421464,0,zr,263.52609799999999,-7.6707483999999999,2.76900005,0.104000002,20190702305961,382,0x10,0x3,21.0200005,26.0651093,0.0180481765,0.0888047516,5.93966661e-06,30,1.38100004,2
382216300062581,91323031,2458667.7358819526,58667.230312500003,14.2869978,0.0124431336,0,zr,263.52608989999999,-7.6707160999999999,2.39899993,0.143000007,20190703229954,382,0x10,0x3,20.7099991,26.0665112,0.0196466073,0.085349679,6.96931556e-06,30,1.46599996,2
382216300062581,91323076,2458667.7363333409,58667.230763899999,14.2639713,0.0124423429,0,zr,263.52609159999997,-7.6707393000000001,1.90600002,0.100000001,20190703230752,382,0x10,0x3,20.7999992,26.0653934,0.0210477524,0.0827997178,7.90510785e-06,30,1.46399999,2
382216300062581,91324210,2458667.7476756251,58667.242106500002,14.2885075,0.012443196,0,zr,263.5261026,-7.6707207000000004,1.94500005,0.0900000036,20190703242083,382,0x10,0x3,20.5900002,26.0591106,0.0199871734,0.0901592299,7.09197548e-06,30,1.42700005,2
382216300062581,91324612,2458667.751691713,58667.246122700002,14.2794819,0.012442844,0,zr,263.52610179999999,-7.6707279000000002,1.93700004,0.050999999,20190703246123,382,0x10,0x3,20.7000008,26.0590954,0.0189651754,0.086015366,6.48816331e-06,30,1.41700006,2
382216300062581,91324771,2458667.753288867,58667.247719899999,14.1891432,0.0124417134,0,zr,263.52607999999998,-7.6707035000000001,2.14199996,0.128000006,20190703247662,382,0x10,0x3,20.7700005,26.0933533,0.0207994804,0.0798911974,7.76116394e-06,30,1.41299999,2
382216300062581,91326787,2458667.7734388029,58667.267870399999,14.2555304,0.012442125,0,zr,263.5260864,-7.6707292000000002,2.23900008,0.131999999,20190703267836,382,0x10,0x3,20.8899994,26.0770473,0.0205805637,0.0770870671,7.52499182e-06,30,1.37899995,2
382216300062581,91327012,2458667.7756956401,58667.270127299998,14.3078976,0.0124441059,0,zr,263.52608950000001,-7.6707402,2.46199989,0.231000006,20190703270116,382,0x10,0x3,20.8600006,26.0546227,0.0178038664,0.08959537,5.63392769e-06,30,1.37600005,2
382216300062581,91327644,2458667.7820149614,58667.276446800002,14.2764454,0.012442735,0,zr,263.52609769999998,-7.6707118000000003,2.20799994,0.0719999969,20190703276389,382,0x10,0x3,20.8299999,26.0550423,0.0171476305,0.0890104547,5.26852773e-06,30,1.37199998,2
382216300062581,91327881,2458667.7843874958,58667.278819400002,14.2988424,0.0124436542,0,zr,263.52610770000001,-7.6707608,2.06800008,0.143999994,20190703278785,382,0x10,0x3,20.8299999,26.055645,0.0161430538,0.0880819336,4.67654945e-06,30,1.37100005,2
382216300062581,91328200,2458667.787570307,58667.282002300002,14.0240936,0.0124500319,1,zr,263.52609719999998,-7.6708116000000004,1.82299995,0.157000005,20190703281979,382,0x10,0x3,20.8400002,26.0526848,0.0168988407,0.0866811126,5.0791773e-06,30,1.37,2
382216300062581,91329716,2458667.8027319754,58667.297164399999,14.2915258,0.0124433236,0,zr,263.5260968,-7.6707489000000004,1.69099998,0.0790000036,20190703297106,382,0x10,0x3,20.6299992,26.0443821,0.0185388681,0.0902234837,6.1830865e-06,30,1.37399995,2
382216300062581,91329761,2458667.8031832622,58667.297615700001,14.2623692,0.0124422973,0,zr,263.52610609999999,-7.6707258999999999,2.26300001,0.0900000036,20190703297616,382,0x10,0x3,20.8600006,26.0621223,0.0185090713,0.0839892253,6.18253807e-06,30,1.375,2
382216300062581,91421891,2458668.724452876,58668.218911999997,14.2661724,0.0124424063,0,zr,263.52609219999999,-7.6707400999999997,2.171,0.149000004,20190704218900,382,0x10,0x3,20.8899994,26.0461197,0.0185542572,0.0907102898,6.18927061e-06,30,1.50199997,2
382216300062581,91421936,2458668.7249042629,58668.2193634,14.2582493,0.0124421911,0,zr,263.52610170000003,-7.6707231,2.06900001,0.0670000017,20190704219352,382,0x10,0x3,20.8500004,26.0411797,0.0166838523,0.0920481235,5.05306843e-06,30,1.5,2
382216300062581,91422165,2458668.7271958953,58668.221655100002,14.3093758,0.0124441832,0,zr,263.52611000000002,-7.6707025,1.28100002,0.0309999995,20190704221644,382,0x10,0x3,20.5200005,26.0484924,0.0210775752,0.0923410282,8.07510514e-06,30,1.49000001,2
382216300062581,91422975,2458668.7352974582,58668.2297569,14.2783394,0.0124428021,0,zr,263.52610650000003,-7.6707139,2.63700008,0.120999999,20190704229699,382,0x10,0x3,20.9400005,26.0543633,0.0183552112,0.0886172652,6.13306702e-06,30,1.45799994,2
382216300062581,91423065,2458668.7362002325,58668.230659699999,14.2429075,0.0124418698,0,zr,263.52610329999999,-7.6707340999999998,2.68400002,0.136999995,20190704230660,382,0x10,0x3,21.0400009,26.0497875,0.0173801351,0.0909692943,5.47287436e-06,30,1.45500004,2
382216300062581,91424094,2458668.7464893297,58668.2409491,14.2454376,0.0124419136,0,zr,263.5261046,-7.6707207999999998,3.26600003,0.0769999996,20190704240949,382,0x10,0x3,21.1200008,26.0512447,0.0181529149,0.0903349221,5.98725364e-06,30,1.42299998,2
382216300062581,91424340,2458668.7489429577,58668.243402799999,14.2797995,0.0124428552,0,zr,263.52610720000001,-7.6707257999999996,2.70000005,0.0850000009,20190704243322,382,0x10,0x3,21.0699997,26.0458126,0.0169546176,0.0925759003,5.17681701e-06,30,1.41700006,2
382216300062581,91424385,2458668.7493943451,58668.243854200002,14.2819862,0.0124429371,0,zr,263.526096,-7.6707551,2.3210001,0.0799999982,20190704243854,382,0x10,0x3,21.0900002,26.0520058,0.0169647373,0.086937651,5.22809341e-06,30,1.41600001,2
382216300062581,91425163,2458668.7571718148,58668.251631899999,14.2570295,0.0124421595,0,zr,263.52610340000001,-7.6707200999999996,2.2579999,0.0379999988,20190704251574,382,0x10,0x3,20.9599991,26.0539265,0.018236611,0.0932521597,5.99267651e-06,30,1.39900005,2
382216300062581,91425984,2458668.7653891719,58668.259849499998,14.2415867,0.0124418465,0,zr,263.52610149999998,-7.6707260000000002,3.16599989,0.167999998,20190704259850,382,0x10,0x3,21.1499996,26.0663528,0.0173226986,0.0881240442,5.41696045e-06,30,1.38499999,2
382216300062581,91427398,2458668.7795207538,58668.273981500002,14.2801828,0.0124428701,0,zr,263.5261046,-7.6707536999999997,2.92199993,0.165000007,20190704273912,382,0x10,0x3,20.9300003,26.0490417,0.0161018223,0.0901194438,4.66959591e-06,30,1.37199998,2
382216300062581,91427443,2458668.7799721402,58668.274432899998,14.280447,0.0124428794,0,zr,263.52610920000001,-7.6707464999999999,2.28800011,0.101000004,20190704274433,382,0x10,0x3,20.8899994,26.0443192,0.0155798243,0.0915846303,4.39026826e-06,30,1.37199998,2
382216300062581,91521037,2458669.7158811265,58669.210370399996,14.2820196,0.012442939,0,zr,263.52611039999999,-7.6707441000000003,2.56699991,0.167999998,20190705210139,382,0x10,0x3,20.7999992,26.0400352,0.0172312874,0.0881538987,5.32204604e-06,30,1.52999997,2
382216300062581,91521082,2458669.716332511,58669.210821799999,14.2801237,0.0124428673,0,zr,263.5261064,-7.6706912999999997,2.50699997,0.0989999995,20190705210822,382,0x10,0x3,20.7199993,26.025135,0.0179778133,0.0933793932,5.82826033e-06,30,1.52699995,2
382216300062581,91523141,2458669.7369220783,58669.231412000001,14.2555294,0.012442125,0,zr,263.5261003,-7.6707158,2.44700003,0.0729999989,20190705231412,382,0x10,0x3,20.8799992,26.0454731,0.0189143177,0.0923426673,6.47342631e-06,30,1.44299996,2
382216300062581,91523681,2458669.7423270117,58669.236817099998,14.2902098,0.0124432677,0,zr,263.52609840000002,-7.6707353999999999,1.73699999,0.0489999987,20190705236794,382,0x10,0x3,20.8700008,26.0572777,0.0213818047,0.0835310891,8.34066668e-06,30,1.42700005,2
382216300062581,91524162,2458669.747130163,58669.241620399996,14.2698231,0.0124425162,0,zr,263.52610170000003,-7.6707279000000002,2.56599998,0.064000003,20190705241609,382,0x10,0x3,20.9099998,26.0508327,0.0173227433,0.0878151134,5.42534463e-06,30,1.41400003,2
382216300062581,91524206,2458669.7475699494,58669.242060199998,14.261137,0.0124422647,0,zr,263.5261041,-7.6707226000000004,3.0539999,0.0860000029,20190705242060,382,0x10,0x3,20.9899998,26.0451183,0.0173258837,0.0897655487,5.44971135e-06,30,1.41299999,2
382216300062581,91524509,2458669.7506022551,58669.245092600002,14.2710056,0.0124425534,0,zr,263.52609810000001,-7.6707188999999998,2.19000006,0.0960000008,20190705245035,382,0x10,0x3,20.7999992,26.0619774,0.0206070486,0.0839448124,7.6437409e-06,30,1.40600002,2
382216300062581,91526305,2458669.7685646978,58669.2630556,14.3147459,0.0124444766,0,zr,263.5261079,-7.6707567000000001,1.83299994,0.0289999992,20190705263032,382,0x10,0x3,20.9200001,26.0468788,0.0159902908,0.0919256136,4.60779893e-06,30,1.37800002,2
382216300062581,91526396,2458669.7694789679,58669.263969899999,14.2758703,0.0124427155,0,zr,263.52608889999999,-7.6707175999999997,1.98000002,0.0610000007,20190705263958,382,0x10,0x3,20.8899994,26.0528316,0.0181683488,0.0907539427,5.88852163e-06,30,1.37699997,2
382216300062581,91526920,2458669.7747103055,58669.269201399999,14.2895927,0.0124432417,0,zr,263.52609469999999,-7.6707489999999998,1.89699996,0.0579999983,20190705269178,382,0x10,0x3,20.8799992,26.0486126,0.0167525932,0.0915949121,5.00100168e-06,30,1.37300003,2
382216300062581,91526965,2458669.7751616915,58669.269652800001,14.3061628,0.0124440147,0,zr,263.52609269999999,-7.6707521999999999,1.95000005,0.00499999989,20190705269653,382,0x10,0x3,20.9300003,26.0562515,0.0176996477,0.0908775479,5.55246879e-06,30,1.37300003,2
382216300062581,91621776,2458670.7232447783,58670.217766200003,14.278307,0.0124428002,0,zr,263.52609510000002,-7.6706960000000004,1.847,0.0500000007,20190706217731,382,0x10,0x3,20.4400005,26.0033226,0.019042192,0.100465395,6.54162932e-06,30,1.48300004,2
382216300062581,91621821,2458670.7236961643,58670.218217599999,14.2896805,0.0124432454,0,zr,263.52610959999998,-7.6707001999999997,2.03800011,0.0930000022,20190706218218,382,0x10,0x3,20.6299992,26.022728,0.0197736807,0.0865503475,7.17269859e-06,30,1.48099995,2
382216300062581,91622210,2458670.7275849385,58670.222106499998,14.2899294,0.0124432556,0,zr,263.52610090000002,-7.6706941999999998,2.16499996,0.050999999,20190706222106,382,0x10,0x3,20.6900005,26.0229645,0.0190109126,0.0874014646,6.53331836e-06,30,1.46599996,2
382216300062581,91622600,2458670.7314852122,58670.226006899997,14.2874451,0.0124431523,0,zr,263.52608609999999,-7.6707117,1.71399999,0.050999999,20190706226007,382,0x10,0x3,20.6700001,26.0074692,0.0185368825,0.0965623781,6.19914863e-06,30,1.45200002,2
382216300062581,91622696,2458670.7324458822,58670.2269676,14.3029261,0.0124438526,0,zr,263.52608859999998,-7.6707421,1.37,0.115999997,20190706226944,382,0x10,0x3,20.6200008,26.0140114,0.0185205229,0.0917903408,6.18858348e-06,30,1.449,2
382216300062581,91624736,2458670.7528387206,58670.247361100002,14.2989492,0.0124436598,0,zr,263.52610340000001,-7.6707321999999998,3.07500005,0.243000001,20190706247326,382,0x10,0x3,20.8799992,26.0199566,0.0162291508,0.0928585827,4.7498811e-06,30,1.39600003,2
382216300062581,91625127,2458670.7567505934,58670.251273100002,14.2997751,0.0124436989,0,zr,263.52609369999999,-7.6707463999999996,2.0150001,0.101000004,20190706251273,382,0x10,0x3,20.7199993,26.0256939,0.018102631,0.0941751972,5.88520652e-06,30,1.38999999,2
382216300062581,91625364,2458670.7591232159,58670.253645800003,14.286356,0.0124431085,0,zr,263.52609769999998,-7.6707390999999996,2.0150001,0.063000001,20190706253565,382,0x10,0x3,20.8400002,26.0313263,0.0172934011,0.0903498977,5.44544446e-06,30,1.38600004,2
382216300062581,91625954,2458670.7650258234,58670.259548599999,14.2827435,0.012442966,0,zr,263.52610290000001,-7.6707286999999997,2.77900004,0.0920000002,20190706259537,382,0x10,0x3,20.8999996,26.0405788,0.018011326,0.0868125632,5.820556e-06,30,1.37899995,2
382216300062581,91626490,2458670.770384449,58670.2649074,14.3048477,0.0124439485,0,zr,263.52610709999999,-7.6707479999999997,1.92900002,0.0649999976,20190706264907,382,0x10,0x3,20.7700005,26.0367165,0.0190957952,0.0882054269,6.56053317e-06,30,1.37399995,2
382216300062581,91627201,2458670.7774907155,58670.272013900001,14.2779551,0.012442789,0,zr,263.5261069,-7.6707248999999997,2.85500002,0.0579999983,20190706272014,382,0x10,0x3,21.0100002,26.0367241,0.0181916393,0.0883762762,5.88835746e-06,30,1.37,2
382216300062581,91627246,2458670.7779421005,58670.272465299997,14.2605715,0.0124422507,0,zr,263.5261107,-7.6707225000000001,3.375,0.194999993,20190706272454,382,0x10,0x3,21.0499992,26.0402794,0.0182180386,0.0856660753,5.87192744e-06,30,1.37,2
382216300062581,91721107,2458671.7165217875,58671.211076400003,14.3018761,0.0124438005,0,zr,263.52609189999998,-7.6706886000000001,1.48300004,0.0140000004,20190707211076,382,0x10,0x3,20.2600002,26.0185585,0.0232717171,0.0911747888,9.78358366e-06,30,1.5,2
382216300062581,91721152,2458671.7169731716,58671.211527799998,14.2786989,0.0124428151,0,zr,263.52610499999997,-7.6706567999999997,1.21899998,-0.00100000005,20190707211516,382,0x10,0x3,20.1800003,26.0392895,0.022840362,0.0952246264,9.27751353e-06,30,1.49800003,2
382216300062581,91722873,2458671.7341831904,58671.228738400001,14.2977276,0.0124436021,0,zr,263.52608839999999,-7.6706851,2.01200008,0.112999998,20190707228738,382,0x10,0x3,20.5400009,26.0335426,0.0202879086,0.0973396525,7.3733022e-06,30,1.43499994,2
382216300062581,91724166,2458671.7471110513,58671.2416667,14.2925749,0.0124433693,0,zr,263.52607239999998,-7.6706941000000004,1.93900001,0.0189999994,20190707241632,382,0x10,0x3,20.5300007,26.048275,0.0242821295,0.0864068568,1.05255467e-05,30,1.40199995,2
382216300062581,91724959,2458671.7550389832,58671.2495949,14.3178892,0.0124446563,0,zr,263.52609039999999,-7.6707485999999996,2.07800007,0.0370000005,20190707249514,382,0x10,0x3,20.9799995,26.04986,0.0161173325,0.0910702795,4.70684699e-06,30,1.38800001,2
382216300062581,91725804,2458671.7634877958,58671.258044000002,14.2838106,0.012443007,0,zr,263.52609849999999,-7.6707561999999996,2.64499998,0.152999997,20190707258009,382,0x10,0x3,21.1399994,26.0556602,0.0169137921,0.0897954926,5.13919304e-06,30,1.37699997,2
382216300062581,91725993,2458671.7653743308,58671.259930599997,14.2966986,0.0124435546,0,zr,263.52609890000002,-7.6707416999999998,1.89300001,0.0140000004,20190707259896,382,0x10,0x3,21,26.0644054,0.0196226425,0.084279567,6.81897018e-06,30,1.37600005,2
382216300062581,91726320,2458671.7686496195,58671.263206000003,14.3000231,0.0124437101,0,zr,263.52611189999999,-7.6707466000000002,1.61000001,0.0219999999,20190707263183,382,0x10,0x3,21.1100006,26.0449085,0.0172894429,0.094161205,5.44566456e-06,30,1.37300003,2
382216300062581,91726473,2458671.7701773671,58671.264733800002,14.324254,0.0124450354,0,zr,263.52610049999998,-7.6707597999999999,1.977,0.175999999,20190707264734,382,0x10,0x3,21.0499992,26.0412083,0.0178266279,0.094131276,5.6812919e-06,30,1.37199998,2
382216300062581,91726729,2458671.7727351785,58671.267291700002,14.2753115,0.0124426959,0,zr,263.52609239999998,-7.6707367,2.0150001,0.114,20190707267257,382,0x10,0x3,21.0799999,26.0479603,0.017210599,0.0874113813,5.25721543e-06,30,1.37100005,2
382216300062581,91726774,2458671.7731865635,58671.267743099997,14.2719135,0.0124425832,0,zr,263.52610390000001,-7.6707384999999997,1.84200001,0.00100000005,20190707267732,382,0x10,0x3,21.0799999,26.0465488,0.0174959488,0.0882370248,5.45223475e-06,30,1.37100005,2
382216300062581,91823374,2458672.7391596953,58672.233749999999,14.242918,0.0124418689,0,zr,263.52609059999997,-7.6707109000000004,2.33899999,0.105999999,20190708233715,382,0x10,0x3,20.8899994,26.0144653,0.0204795599,0.0845334381,7.50250865e-06,30,1.41400003,2
382216300062581,91823420,2458672.7396110808,58672.234201400002,14.3039579,0.0124439038,0,zr,263.52609819999998,-7.6707652,3.08699989,0.221000001,20190708234201,382,0x10,0x3,21.0699997,26.0017586,0.0196818039,0.0917289406,7.07030676e-06,30,1.41299999,2
382216300062581,91825269,2458672.7581058233,58672.252696800002,14.2679663,0.0124424594,0,zr,263.52609169999999,-7.6707397999999998,2.01699996,0.0700000003,20190708252674,382,0x10,0x3,20.9699993,26.0146008,0.0201542638,0.0930635706,7.28692703e-06,30,1.38,2
382216300062581,91825555,2458672.7609645203,58672.255555600001,14.2535229,0.0124420775,0,zr,263.52609139999998,-7.6707010000000002,3.46700001,0.0820000023,20190708255521,382,0x10,0x3,21.0200005,26.0020809,0.0189382415,0.0920392051,6.44026386e-06,30,1.37699997,2
382216300062581,91826001,2458672.7654203619,58672.260011600003,14.2076187,0.0124415997,0,zr,263.52608839999999,-7.6707270000000003,3.63599992,0.101000004,20190708259977,382,0x10,0x3,21.1700001,25.9952164,0.0175710861,0.0932797864,5.67236975e-06,30,1.37399995,2
382216300062581,91826241,2458672.7678276761,58672.262418999999,14.2536526,0.0124420812,0,zr,263.52609100000001,-7.6707343000000003,2.27900004,0.0879999995,20190708262419,382,0x10,0x3,21.1100006,26.0082855,0.0187662896,0.0853849947,6.36490677e-06,30,1.37199998,2
382216300062581,91827451,2458672.7799221445,58672.274513900004,14.322237,0.0124449125,0,zr,263.52609410000002,-7.6707539999999996,2.3210001,0.228,20190708274514,382,0x10,0x3,20.9500008,26.0071983,0.016411582,0.0911189616,4.83786016e-06,30,1.37,2
382216300062581,91827697,2458672.7823873553,58672.276979200004,14.2708635,0.0124425488,0,zr,263.52609660000002,-7.6707257999999996,2.91799998,0.0949999988,20190708276956,382,0x10,0x3,21.0200005,26.0026054,0.0164196882,0.0898036435,4.87813804e-06,30,1.37100005,2
382216300062581,91828325,2458672.788660231,58672.283252300003,14.276124,0.0124427238,0,zr,263.5260973,-7.6707476000000003,2.57500005,0.112999998,20190708283252,382,0x10,0x3,20.9899998,26.0039177,0.0167434029,0.0882274657,5.08226731e-06,30,1.37399995,2
382216300062581,91829420,2458672.7996089365,58672.2942014,14.2687559,0.0124424826,0,zr,263.5260912,-7.6707302000000004,2.50200009,0.0549999997,20190708294190,382,0x10,0x3,21.1700001,26.0064468,0.017190367,0.0890878215,5.31029309e-06,30,1.38600004,2
382216300062581,91829465,2458672.8000603216,58672.294652800003,14.284462,0.012443033,0,zr,263.5261031,-7.6707517999999997,2.33400011,0.248999998,20190708294653,382,0x10,0x3,21.0499992,26.0122261,0.0180482734,0.0923747569,5.84024747e-06,30,1.38699996,2
382216300062581,91923929,2458673.7446670928,58673.239293999999,14.2189884,0.0124416165,0,zr,263.52609919999998,-7.6707407999999999,2.8440001,0.0850000009,20190709239259,382,0x10,0x3,21.0599995,26.0544586,0.0186854433,0.0868844911,6.16566967e-06,30,1.39600003,2
382216300062581,91923974,2458673.7451184755,58673.239745400002,14.2123423,0.0124415979,0,zr,263.52609560000002,-7.6707206000000001,3.03299999,0.112999998,20190709239745,382,0x10,0x3,21.0799999,26.0487785,0.0218021385,0.0934810266,8.42800091e-06,30,1.39499998,2
382216300062581,91924714,2458673.7525140024,58673.247141200001,14.2359295,0.0124417637,0,zr,263.52610550000003,-7.6707261999999998,3.5539999,0.0970000029,20190709247106,382,0x10,0x3,21,26.0484924,0.0178877357,0.0879596248,5.66498784e-06,30,1.38399994,2
382216300062581,91924866,2458673.7540417453,58673.248669000001,14.2371292,0.0124417804,0,zr,263.52608909999998,-7.6707308999999997,3.40499997,0.120999999,20190709248600,382,0x10,0x3,21.0499992,26.0457592,0.0189150143,0.0916191339,6.44484908e-06,30,1.38199997,2
382216300062581,91925304,2458673.7584165819,58673.253043999997,14.2655458,0.0124423867,0,zr,263.52608609999999,-7.6706960000000004,2.55800009,0.159999996,20190709253021,382,0x10,0x3,20.6900005,26.0721474,0.0211860333,0.0880967155,7.9342708e-06,30,1.37699997,2
382216300062581,91926791,2458673.7732887301,58673.267916700002,14.241334,0.0124418428,0,zr,263.52608659999999,-7.6707352000000002,3.81999993,0.223000005,20190709267859,382,0x10,0x3,21.0499992,26.0539761,0.0181248467,0.0929165035,5.93567574e-06,30,1.37,2
382216300062581,91927418,2458673.7795615969,58673.274189800002,14.2614508,0.0124422731,0,zr,263.52610010000001,-7.6707456000000001,2.23699999,0.150999993,20190709274190,382,0x10,0x3,20.8600006,26.0420818,0.01723231,0.0936807171,5.29675162e-06,30,1.37100005,2
382216300062581,91928048,2458673.7858576626,58673.280486099997,14.3051023,0.0124439606,0,zr,263.52610390000001,-7.6707621000000001,1.67799997,0.00999999978,20190709280428,382,0x10,0x3,20.8899994,26.048008,0.0161968973,0.0899590626,4.6843702e-06,30,1.37399995,2
382216300062581,91928298,2458673.7883575684,58673.282986099999,14.3135719,0.0124444114,0,zr,263.5261041,-7.6707270000000003,1.54499996,0.0680000037,20190709282951,382,0x10,0x3,20.7099991,26.0553875,0.0193942841,0.0862728879,6.72195938e-06,30,1.37600005,2
382216300062581,91929204,2458673.7974197292,58673.2920486,14.2662525,0.0124424081,0,zr,263.52609419999999,-7.6707454999999998,2.60700011,0.158000007,20190709292014,382,0x10,0x3,20.8899994,26.0429325,0.0160083473,0.0892351419,4.58204568e-06,30,1.38699996,2
382216300062581,91929250,2458673.7978711124,58673.292500000003,14.2472067,0.0124419462,0,zr,263.52610629999998,-7.6707263000000001,3.11599994,0.137999997,20190709292488,382,0x10,0x3,21.0300007,26.0518208,0.0170246325,0.0910443142,5.17319722e-06,30,1.38800001,2
382216300062581,92023189,2458674.7372336108,58674.231898099999,14.3331003,0.0124456026,0,zr,263.52611020000001,-7.6707627,1.86099994,0.0199999996,20190710231840,382,0x10,0x3,20.7399998,26.0490761,0.0171363838,0.0868374109,5.24456163e-06,30,1.40499997,2
382216300062581,92023234,2458674.7376849926,58674.232349500002,14.2700071,0.0124425218,0,zr,263.52609539999997,-7.6707545000000001,2.54500008,0.151999995,20190710232350,382,0x10,0x3,20.6700001,26.0487442,0.0182837043,0.0862450078,6.02103637e-06,30,1.40400004,2
382216300062581,92025376,2458674.7590962676,58674.253761599997,14.254879,0.0124421082,0,zr,263.52609940000002,-7.6707215,3.72900009,0.180999994,20190710253657,382,0x10,0x3,20.7900009,26.0525951,0.0197189748,0.0864803642,6.89991066e-06,30,1.37399995,2
382216300062581,92027456,2458674.7798940642,58674.2745602,14.2885876,0.0124431998,0,zr,263.52610759999999,-7.6707381000000003,1.75999999,0.0450000018,20190710274525,382,0x10,0x3,20.5900002,26.048336,0.0198276527,0.0851343125,6.96720781e-06,30,1.37199998,2
382216300062581,92029614,2458674.8014788246,58674.296145799999,14.2569065,0.0124421567,0,zr,263.52609990000002,-7.6707372999999999,3.86299992,0.164000005,20190710296111,382,0x10,0x3,20.7600002,26.0506878,0.0165963918,0.0856020749,5.0063145e-06,30,1.39900005,2
382216300062581,92029659,2458674.8019302068,58674.296597200002,14.2745161,0.0124426689,0,zr,263.52610870000001,-7.6707200000000002,3.58800006,0.223000005,20190710296597,382,0x10,0x3,20.7999992,26.0473671,0.0184792783,0.0855445117,6.14439705e-06,30,1.39900005,2
382216300062581,92227249,2458676.7777537801,58676.272499999999,14.3160925,0.012444552,0,zr,263.52610540000001,-7.6706912000000003,1.551,0.0590000004,20190712272477,382,0x10,0x3,19.7800007,26.0368958,0.0300684869,0.0763369426,1.61120097e-05,30,1.37399995,1
382216300062581,92627249,2458680.7775764852,58680.272499999999,14.2991066,0.0124436663,0,zr,263.52610129999999,-7.6707608,2.10599995,0.0599999987,20190716272500,382,0x10,0x3,19.75,26.0537319,0.02295251,0.0913406238,9.25684526e-06,30,1.38600004,1
382216300062581,93121701,2458685.7218409432,58685.217013900001,14.2310953,0.0124417059,0,zr,263.52609519999999,-7.6707428999999996,2.15499997,0.128999993,20190721216991,382,0x10,0x3,21.0799999,26.0457821,0.0185965206,0.0934255719,6.21609161e-06,30,1.38,2
382216300062581,93121746,2458685.7222923194,58685.217465299997,14.2783852,0.012442803,0,zr,263.52609489999998,-7.6707473999999998,2.16400003,0.0270000007,20190721217465,382,0x10,0x3,21.1100006,26.0462608,0.0204837061,0.0854012966,7.5762814e-06,30,1.38,2
382216300062581,93123824,2458685.7430666033,58685.238240699997,14.3271608,0.0124452179,0,zr,263.52610149999998,-7.6707726000000003,2.96799994,0.331999987,20190721238137,382,0x10,0x3,21.0499992,26.0472679,0.0204747934,0.0856233835,7.5465955e-06,30,1.37,2
382216300062581,93125478,2458685.7596051111,58685.254780099996,14.2308893,0.0124417031,0,zr,263.52610579999998,-7.6707432999999998,2.89400005,0.133000001,20190721254745,382,0x10,0x3,20.8299999,26.0457401,0.0190916583,0.0869782791,6.6624807e-06,30,1.38100004,2
382216300062581,93128045,2458685.7852750211,58685.280451400002,14.3100348,0.0124442186,0,zr,263.52609819999998,-7.6707478,1.76499999,0.0610000007,20190721280428,382,0x10,0x3,20.5499992,26.0349007,0.0174961686,0.0869271085,5.40187966e-06,30,1.43299997,2
382216300062581,93128090,2458685.7857263959,58685.280902799997,14.293767,0.0124434223,0,zr,263.5261031,-7.6707175000000003,2.8039999,0.180000007,20190721280903,382,0x10,0x3,20.5300007,26.0385628,0.0188043173,0.0861827731,6.33847549e-06,30,1.43499994,2
382216300062581,93831666,2458692.8210799135,58692.316666699997,14.2849245,0.0124430507,0,zr,263.52609589999997,-7.6707412000000001,1.80599999,0.0579999983,20190728316667,382,0x10,0x3,20.5200005,25.9235687,0.0193358362,0.0907384604,6.65232665e-06,30,1.74699998,1
382216300062581,94025168,2458694.7559794863,58694.251689800003,14.2940378,0.0124434335,0,zr,263.52609649999999,-7.6707210999999997,2.16100001,0.114,20190730251644,382,0x10,0x3,20.7800007,26.0628605,0.0191847309,0.0821102634,6.62870343e-06,30,1.42200005,2
382216300062581,94025214,2458694.7564308573,58694.252141199999,14.2981567,0.0124436216,0,zr,263.52609719999998,-7.6707478,1.90400004,0.0719999969,20190730252141,382,0x10,0x3,20.9500008,26.0489845,0.0173895974,0.0912711248,5.39239863e-06,30,1.42299998,2
382216300062581,94027037,2458694.7746588644,58694.270370400001,14.2845364,0.0124430358,0,zr,263.52611030000003,-7.6707317000000002,2.71300006,0.127000004,20190730270266,382,0x10,0x3,20.8799992,26.034174,0.0170806944,0.0862984061,5.166135e-06,30,1.48500001,2
382216300062581,94027082,2458694.775110234,58694.270821799997,14.2765646,0.0124427397,0,zr,263.52609260000003,-7.6707450000000001,2.68700004,0.118000001,20190730270822,382,0x10,0x3,20.9500008,26.0341702,0.0166073609,0.0878912583,4.88291289e-06,30,1.48699999,2
382216300062581,94416840,2458698.6724290941,58698.168402800002,14.2974424,0.012443589,0,zr,263.5260973,-7.6707255999999999,2.852,0.0970000029,20190803168403,382,0x10,0x3,20.1000004,25.5491676,0.0220924765,0.0856767744,8.61928402e-06,30,1.40100002,1
382216300062581,94716868,2458701.67249372,58701.1686806,14.333787,0.0124456482,32768,zr,263.5260925,-7.6707386,0.786000013,0.0340000018,20190806168669,382,0x10,0x3,16.6399994,22.2896481,0.136159584,0.124708958,0.008660472,30,1.38699996,1
382216300062581,95731239,2458711.8154230905,58711.3123958,14.3205109,0.0124448091,0,zr,263.5260882,-7.6707576,1.28499997,0.0149999997,20190816312315,382,0x10,0x3,19.2800007,25.935358,0.0325240046,0.0859989375,1.91666149e-05,30,2.49900007,1
382216300062581,96014387,2458714.6466695257,58714.143877299997,14.2542334,0.0124420943,0,zr,263.52609660000002,-7.6707209000000001,2.13000011,0.0450000018,20190819143796,382,0x10,0x3,20.3600006,26.0310879,0.0224475842,0.0905649289,9.03396358e-06,30,1.375,1
382216300062581,96920309,2458723.7050923351,58723.203090299998,14.25805,0.0124421846,0,zr,263.52609489999998,-7.6707251999999997,3.34200001,0.101000004,20190828202940,382,0x10,0x3,20.7999992,25.9709034,0.0198619887,0.0824443102,7.11349367e-06,30,1.54100001,2
382216300062581,96920354,2458723.7055436941,58723.203541700001,14.3095694,0.0124441935,0,zr,263.52609050000001,-7.6707552000000003,3.39700007,0.244000003,20190828203542,382,0x10,0x3,20.7800007,25.9826355,0.0176841486,0.0756877065,5.55297038e-06,30,1.54299998,2
382216300062581,96922817,2458723.7301710611,58723.228171299997,14.2689791,0.0124424892,0,zr,263.5261026,-7.6707359999999998,2.72900009,0.0939999968,20190828228056,382,0x10,0x3,20.8500004,25.9407616,0.0204457194,0.0808166489,7.51930884e-06,30,1.71300006,2
382216300062581,96922862,2458723.7306224182,58723.2286227,14.1742754,0.0124419304,0,zr,263.5260826,-7.6707381999999997,3.17199993,0.123000003,20190828228623,382,0x10,0x3,20.8400002,25.9656773,0.024218969,0.0901084617,1.04390356e-05,30,1.71700001,2
382216300062581,97019832,2458724.7002340271,58724.198321800002,14.2373476,0.0124417832,0,zr,263.5260983,-7.6707327000000003,3.12800002,0.223000005,20190829198299,382,0x10,0x3,20.8899994,26.0137959,0.0195534676,0.0898353681,6.78961578e-06,30,1.52999997,2
382216300062581,97019877,2458724.7006852855,58724.198773099997,14.2221212,0.0124416323,0,zr,263.52609310000003,-7.6707403000000003,2.26600003,0.134000003,20190829198773,382,0x10,0x3,20.8799992,26.004509,0.0191456806,0.0912751406,6.53619009e-06,30,1.53299999,2
382216300062581,97024031,2458724.7422208935,58724.240312499998,14.2507515,0.0124420179,0,zr,263.52607740000002,-7.6707422000000003,2.67199993,0.0450000018,20190829240231,382,0x10,0x3,20.6700001,25.9761238,0.0207831673,0.0851292983,7.76331217e-06,30,1.86099994,2
382216300062581,97024076,2458724.7426722548,58724.240763900001,14.293828,0.0124434251,0,zr,263.52610700000002,-7.6707432999999998,2.05500007,0.119999997,20190829240764,382,0x10,0x3,20.5699997,26.0153713,0.022852404,0.0841093957,9.33176125e-06,30,1.86699998,2
382216300062581,97421246,2458728.7140104817,58728.212465299999,14.2672777,0.0124424379,0,zr,263.52608880000003,-7.6707574999999997,2.22300005,0.112000003,20190902212465,382,0x10,0x3,20.4799995,25.8727188,0.0191632714,0.0927086174,6.61546437e-06,30,1.69500005,2
382216300062581,98123498,2458735.7358773914,58735.2349884,14.3281622,0.0124452803,0,zr,263.52609580000001,-7.6707656999999996,1.67999995,0.165000007,20190909234988,382,0x10,0x3,19.4599991,25.9018784,0.0282187536,0.0893594846,1.42179306e-05,30,2.23300004,1
382216300062581,98811671,2458742.6169494237,58742.116713000003,14.2706404,0.0124425422,32768,zr,263.52609580000001,-7.6707242999999998,3.39400005,0.109999999,20190916116620,382,0x10,0x3,19.8500004,25.5635891,0.036604017,0.10837359,2.41871585e-05,30,1.41199994,1
382216300062581,99413649,2458748.6361575094,58748.136493099999,14.3050814,0.0124439597,0,zr,263.52609369999999,-7.6707574999999997,1.88300002,0.100000001,20190922136493,382,0x10,0x3,20.3500004,25.9788628,0.0250337478,0.0826412439,1.09990151e-05,30,1.54999995,1
382216300062581,99713164,2458751.6310248272,58751.131643499997,14.2975578,0.0124435937,0,zr,263.52608220000002,-7.6707239999999999,2.01999998,0.0549999997,20190925131644,382,0x10,0x3,20.0599995,25.9233704,0.0224135593,0.087004073,8.98232156e-06,30,1.56900001,1
382216300062581,101110709,2458765.6051950133,58765.107094899999,14.2858543,0.0124430871,0,zr,263.5260925,-7.6707108000000002,2.15499997,0.0790000036,20191009107083,382,0x10,0x3,20.0699997,25.9806328,0.0219956376,0.0814451873,8.65511993e-06,30,1.66100001,1
382216300062581,102109075,2458775.5880066981,58775.090752299999,14.2616014,0.0124422777,0,zr,263.52609059999997,-7.6707381000000003,2.38800001,0.163000003,20191019090741,382,0x10,0x3,19.9400005,25.9312649,0.0230955295,0.092965439,9.50514823e-06,30,1.75399995,1
382216300062581,102908599,2458783.5826335577,58783.085995399997,14.2620687,0.0124422899,0,zr,263.52609669999998,-7.6707345,2.70300007,0.0430000015,20191027085856,382,0x10,0x3,19.9300003,25.9795609,0.026062699,0.0810873955,1.2029268e-05,30,1.94500005,1
382216300062581,103408208,2458788.5783702228,58788.082083300003,14.2974033,0.0124435872,0,zr,263.52607280000001,-7.6707052999999998,1.43299997,-0.00400000019,20191101081991,382,0x10,0x3,18.8099995,25.9312649,0.0394374616,0.0895400643,3.07149057e-05,30,2.08800006,2
382216300062581,103408685,2458788.583138498,58788.0868519,14.2564201,0.0124421455,0,zr,263.52609719999998,-7.6707137000000003,1.94099998,0.0209999997,20191101086748,382,0x10,0x3,19.2600002,25.9141006,0.0364036076,0.0982132405,2.39084256e-05,30,2.16899991,2
382216300062581,103409159,2458788.587883471,58788.0915972,14.2713318,0.0124425637,0,zr,263.52606120000002,-7.6706925000000004,0.800000012,0.00200000009,20191101091505,382,0x10,0x3,19.0499992,25.9000435,0.0371917039,0.0958677083,2.54432089e-05,30,2.25900006,2
382216300062581,103409636,2458788.5926516447,58788.096365700003,14.286418,0.0124431113,0,zr,263.52606639999999,-7.6707286000000003,1.597,0.00400000019,20191101096262,382,0x10,0x3,19.3199997,25.8871746,0.0323894322,0.103314765,1.88311315e-05,30,2.3599999,2
382216300062581,103608009,2458790.576247185,58790.080092600001,14.286171,0.012443101,0,zr,263.52608889999999,-7.6707223999999998,2.50999999,0.0399999991,20191103080035,382,0x10,0x3,19.25,25.9288254,0.0325562917,0.0860717222,1.89969705e-05,30,2.14599991,2
382216300062581,103608519,2458790.5813510474,58790.085196799999,14.2848291,0.012443047,0,zr,263.52608249999997,-7.6707302999999998,1.51800001,0.0439999998,20191103085139,382,0x10,0x3,19.3199997,25.8914623,0.0349954888,0.103786707,2.21122882e-05,30,2.24000001,2
382216300062581,103609027,2458790.5864317138,58790.090277800002,14.294755,0.0124434661,0,zr,263.52610700000002,-7.6707242000000004,1.25600004,-0.0149999997,20191103090220,382,0x10,0x3,19.4099998,25.902422,0.0342845991,0.0844293386,2.07201847e-05,30,2.34599996,2
382216300062581,103609535,2458790.591512376,58790.095358799997,14.2930994,0.0124433925,0,zr,263.52608500000002,-7.6707409999999996,2.23000002,0.00899999961,20191103095301,382,0x10,0x3,19.3999996,25.8887501,0.0376621336,0.0791241527,2.49246677e-05,30,2.46499991,2
382216300062581,103808057,2458792.5766056785,58792.080578699999,14.27777,0.0124427825,0,zr,263.52609260000003,-7.6707397000000004,2.30299997,0.123999998,20191105080544,382,0x10,0x3,19.3400002,25.8523178,0.0349900424,0.0801580697,2.18601344e-05,30,2.25699997,2
382216300062581,103808540,2458792.5814317712,58792.085405099999,14.2500448,0.012442003,0,zr,263.52608459999999,-7.6707346999999997,2.34200001,0.0399999991,20191105085370,382,0x10,0x3,19.2900009,25.8484745,0.0347923487,0.0949987024,2.1928101e-05,30,2.35899997,2
382216300062581,103809023,2458792.5862578657,58792.090231499998,14.2584276,0.0124421949,0,zr,263.52610659999999,-7.6707327999999997,1.87800002,0.128999993,20191105090197,382,0x10,0x3,19.4500008,25.8059082,0.033619862,0.0886198655,2.05378656e-05,30,2.47300005,2
382216300062581,103809505,2458792.5910839587,58792.095057899998,14.3042297,0.0124439169,0,zr,263.52610370000002,-7.6707257999999996,1.73800004,0.147,20191105095023,382,0x10,0x3,19.4099998,25.7929382,0.0373419859,0.0905008316,2.46518539e-05,30,2.602,2
382216300062581,104007736,2458794.5732657509,58794.077361099997,14.2506218,0.0124420151,0,zr,263.52608889999999,-7.6707394000000004,2.61199999,0.133000001,20191107077326,382,0x10,0x3,19.0699997,25.871048,0.0372074544,0.0944020376,2.57490083e-05,30,2.30299997,2
382216300062581,104008237,2458794.578277044,58794.082372700002,14.3057041,0.0124439923,0,zr,263.52607899999998,-7.6707495000000003,0.938000023,0.0370000005,20191107082338,382,0x10,0x3,19.2900009,25.855341,0.0336626619,0.0826818496,2.03593027e-05,30,2.41499996,2
382216300062581,104008736,2458794.5832651402,58794.087361099999,14.2875929,0.0124431588,0,zr,263.52607810000001,-7.6707137000000003,1.20099998,0.063000001,20191107087326,382,0x10,0x3,19.3700008,25.8521633,0.0349016599,0.0794347301,2.18872392e-05,30,2.53999996,2
382216300062581,104009234,2458794.588253235,58794.092349500002,14.2791834,0.0124428328,0,zr,263.52607310000002,-7.6707460000000003,1.56500006,0.0450000018,20191107092315,382,0x10,0x3,19.3099995,25.7818012,0.0352468491,0.10945347,2.20834936e-05,30,2.68400002,2
382216300062581,112155800,2458876.0542069622,58875.558009300003,14.3065147,0.0124440333,32768,zr,263.52610199999998,-7.6707511999999998,0.592000008,0.00300000003,20200127557986,382,0x10,0x3,19.0100002,26.0691299,0.0567629077,0.0607230403,6.30094073e-05,30,2.74099994,2
382216300062581,112156299,2458876.0591956978,58875.562997699999,14.2533207,0.0124420738,0,zr,263.52612690000001,-7.6707125999999999,0.47299999,-0.00300000003,20200127562974,382,0x10,0x3,19.4200001,26.0127316,0.0323987566,0.107668467,1.87437363e-05,30,2.58999991,2
382216300062581,112156799,2458876.0641960353,58875.567997700004,14.245575,0.0124419155,0,zr,263.52611539999998,-7.6707238000000002,1.14300001,0.0140000004,20200127567963,382,0x10,0x3,19.1200008,26.0289688,0.041833695,0.0961837545,3.22966735e-05,30,2.45900011,2
382216300062581,112157300,2458876.0692079719,58875.573009300002,14.2817411,0.0124429278,0,zr,263.52613229999997,-7.6707210999999997,0.781000018,0.00499999989,20200127572974,382,0x10,0x3,18.8199997,26.0492897,0.0435799845,0.0981816351,3.73716102e-05,30,2.34200001,2
382216300062581,112355965,2458878.0559858009,58877.559652800002,14.2629919,0.012442315,0,zr,263.52612579999999,-7.6706839999999996,1.43499994,-0.023,20200129559537,382,0x10,0x3,19.5100002,26.0365982,0.037681628,0.0913122222,2.5459849e-05,30,2.53299999,2
382216300062581,112356457,2458878.0609051427,58877.564571800001,14.2642593,0.0124423504,0,zr,263.52613389999999,-7.6707299000000004,0.867999971,-0.0109999999,20200129564456,382,0x10,0x3,19.5200005,26.0288868,0.0341504626,0.0997157469,2.07642679e-05,30,2.41000009,2
382216300062581,112356950,2458878.0658359886,58877.569502300001,14.2737856,0.0124426438,32768,zr,263.52612219999997,-7.6706839000000002,1.54900002,0.0140000004,20200129569387,382,0x10,0x3,19.0799999,26.0624657,0.0532236435,0.0833993107,5.2589472e-05,30,2.29999995,2
382216300062581,112357600,2458878.0723410416,58877.576006900003,14.3058653,0.0124440007,0,zr,263.52612679999999,-7.6707010000000002,0.426999986,-0.00400000019,20200129575891,382,0x10,0x3,18.8400002,26.0717239,0.0416874923,0.0853561386,3.33822973e-05,30,2.17400002,2
382216300062581,112555885,2458880.055327124,58879.558854199997,14.2863884,0.0124431085,0,zr,263.526116,-7.6707156000000003,0.690999985,-0.00600000005,20200131558796,382,0x10,0x3,18.9400005,26.0020485,0.0418262184,0.093861334,3.36169905e-05,30,2.41599989,2
382216300062581,112556388,2458880.0603621891,58879.563888899997,14.2637253,0.0124423355,0,zr,263.52609059999997,-7.6707044,1.09599996,-0.0379999988,20200131563819,382,0x10,0x3,18.9099998,26.0063152,0.0416251533,0.094879128,3.34911783e-05,30,2.30299997,2
382216300062581,112556893,2458880.0654088506,58879.568935199997,14.2834253,0.0124429921,0,zr,263.52613439999999,-7.6706706999999996,1.12699997,-0.00400000019,20200131568866,382,0x10,0x3,18.6100006,26.0071182,0.0466662012,0.0905553102,4.6872552e-05,30,2.20300007,2
382216300062581,113852229,2458893.0197739964,58892.522291699999,14.2970943,0.0124435723,0,zr,263.52611530000001,-7.6707212,2.88599992,0.256999999,20200213522280,382,0x10,0x3,19.9699993,26.0376606,0.0259032715,0.0930027291,1.2007622e-05,30,2.44199991,1
382216300062581,114651807,2458901.0162564395,58900.518078699999,14.2202168,0.0124416221,32768,zr,263.52609439999998,-7.6707292999999996,2.51799989,0.163000003,20200221518079,382,0x10,0x3,19.5599995,25.1185875,0.0462454706,0.114073202,3.82794024e-05,30,2.08999991,1
382216300062581,116055204,2458915.0515327863,58914.552048600002,14.1930962,0.0124416742,0,zr,263.52609919999998,-7.6707133000000001,3.92499995,0.202000007,20200306552026,382,0x10,0x3,20.6800003,26.0755138,0.0204600729,0.0970790386,7.3473816e-06,30,1.47000003,1
382216300062581,119050304,2458945.0053526522,58944.503043999997,14.2808867,0.0124428952,0,zr,263.52610979999997,-7.6706940000000001,0.893000007,-0.0209999997,20200405503032,382,0x10,0x3,20.1000004,26.0747013,0.0235383939,0.0933171809,9.94101083e-06,30,1.38600004,1
382216300062581,120143894,2458955.9421844967,58955.438946800001,14.3127575,0.0124443658,0,zr,263.52609969999997,-7.6707315999999999,1.796,0.0329999998,20200416438542,382,0x10,0x3,20.2700005,26.0836964,0.0200476572,0.0929419324,7.21960487e-06,30,1.47500002,1
382216300062581,121341650,2458967.9206365976,58967.416504599998,14.2828922,0.0124429716,0,zr,263.52610140000002,-7.6707321999999998,2.08400011,0.023,20200428416435,382,0x10,0x3,20.8700008,26.1001682,0.0176210999,0.0874766856,5.61593151e-06,30,1.43900001,1
382216300062581,121643777,2458970.9421105995,58970.437777799998,14.3094683,0.012444187,0,zr,263.52608950000001,-7.6707729000000002,3.40700006,0.217999995,20200501437778,382,0x10,0x3,21.0699997,26.1649971,0.0160813965,0.0822328404,4.77195636e-06,30,1.37899995,1
382216300062581,121935598,2458973.8605000544,58973.3559838,14.3020678,0.0124438088,0,zr,263.52613480000002,-7.6707288,1.176,0.0179999992,20200504355984,382,0x10,0x3,19.7700005,26.1040287,0.0238284618,0.0905470923,1.01049254e-05,30,1.66700006,1
382216300062581,122233567,2458976.840363902,58976.335671300003,14.2559967,0.0124421353,0,zr,263.52609230000002,-7.6707017000000004,3.11199999,0.150000006,20200507335671,382,0x10,0x3,19.5900002,26.0979919,0.0292658601,0.0796362534,1.54278405e-05,30,1.77199996,1
382216300062581,122743033,2458981.9353029598,58981.430335600002,14.3211269,0.0124448454,0,zr,263.52610229999999,-7.6707175000000003,1.88,0.0299999993,20200512430127,382,0x10,0x3,20.3299999,26.129324,0.0181769412,0.0893123895,5.9660988e-06,30,1.37100005,1
382216300062581,123248086,2458986.9860727475,58986.480868099999,14.2888222,0.0124432091,0,zr,263.52609560000002,-7.6707447999999996,2.34699988,0.144999996,20200517480868,382,0x10,0x3,20.7999992,26.1297779,0.017944606,0.0853430107,5.8029309e-06,30,1.53400004,1
382216300062581,123841849,2458992.9239320047,58992.418495400001,14.2891264,0.0124432212,0,zr,263.52610240000001,-7.6707128999999998,1.72899997,0.0430000015,20200523418275,382,0x10,0x3,20.6599998,26.0952415,0.0181688592,0.0962469652,6.01716829e-06,30,1.38699996,1
382216300062581,124148008,2458995.9856165317,58995.480081000002,14.3224192,0.0124449236,0,zr,263.52609280000001,-7.6707304000000001,2.95300007,0.0839999989,20200526479722,382,0x10,0x3,20.4200001,26.1036034,0.0199736301,0.0800904632,7.16521799e-06,30,1.69000006,1
382216300062581,125733763,2459011.8434542636,59011.337638899997,14.2719736,0.0124425851,0,zr,263.52611289999999,-7.6707106999999999,2.3829999,0.169,20200611337639,382,0x10,0x3,20.3899994,26.0189075,0.0199734867,0.0950679481,7.15802162e-06,30,1.37100005,1
382216300062581,126025445,2459014.7602796177,59014.254456000002,14.2694216,0.0124425041,0,zr,263.52611430000002,-7.6706918999999996,1.25800002,0.0189999994,20200614254456,382,0x10,0x3,20.2299995,26.1403294,0.0221714973,0.0998332947,8.80215248e-06,30,1.59399998,1
382216300062581,126327484,2459017.7806673832,59017.274849499998,14.2864838,0.0124431131,0,zr,263.52609419999999,-7.670731,1.90699995,0.141000003,20200617274850,382,0x10,0x3,21.0699997,26.1714153,0.017792942,0.0887775645,5.71351302e-06,30,1.45599997,1
382216300062581,126825106,2459022.7568414258,59022.251064800002,14.2959538,0.0124435192,0,zr,263.52610090000002,-7.6707315999999999,1.59399998,0.120999999,20200622250694,382,0x10,0x3,20.9599991,26.1781597,0.0182364881,0.0884469375,6.15914041e-06,30,1.495,1
382216300062581,127119240,2459025.6981411055,59025.192407399998,14.3831778,0.0124496697,32768,zr,263.5261003,-7.6707476999999997,2.90300012,0.195999995,20200625192292,382,0x10,0x3,19.8999996,25.3271694,0.0847223848,0.0122818928,0.000131145483,30,1.87399995,1
382216300062581,127423030,2459028.7359760753,59028.230300900002,14.2734604,0.0124426335,0,zr,263.52610420000002,-7.6707428000000002,2.23000002,0.0850000009,20200628229757,382,0x10,0x3,20.6599998,26.1115437,0.0173851289,0.0848418027,5.53306245e-06,30,1.51499999,1
382216300062581,127823057,2459032.7361550331,59032.2305787,14.2813425,0.0124429138,0,zr,263.52611020000001,-7.6707334999999999,2.53200006,0.231000006,20200702230023,382,0x10,0x3,20.0100002,26.1661358,0.0210106578,0.0873102322,7.84163694e-06,30,1.46800005,1
382216300062581,128229113,2459036.7965855584,59036.291134300001,14.3112984,0.0124442857,0,zr,263.52611300000001,-7.6707279000000002,2.63199997,0.125,20200706291134,382,0x10,0x3,20,26.1948814,0.0237267539,0.0794188753,1.02255553e-05,30,1.37800002,1
382216300062581,128527100,2459039.7763508288,59039.271006900002,14.3335953,0.0124456352,0,zr,263.52609840000002,-7.6707536000000003,2.93199992,0.347000003,20200709271007,382,0x10,0x3,20.8099995,26.1999989,0.0164288841,0.0859117433,5.01234626e-06,30,1.37,1
382216300062581,128824789,2459042.7531173187,59042.247893500004,14.2898836,0.0124432528,0,zr,263.52609769999998,-7.6707020000000004,2.75399995,0.199000001,20200712247894,382,0x10,0x3,20.9799995,26.1201229,0.0170037411,0.0897771418,5.29292629e-06,30,1.37300003,1
382216300062581,129424263,2459048.7475828286,59048.242638900003,14.2450247,0.0124419061,0,zr,263.52610770000001,-7.6707229999999997,3.81800008,0.155000001,20200718242419,382,0x10,0x3,21.1700001,26.1942139,0.0179269444,0.08579503,5.89310093e-06,30,1.37,1
382216300062581,129735395,2459051.8587375563,59051.353958300002,14.3068075,0.0124440482,0,zr,263.52609200000001,-7.6706954999999999,2.852,0.0450000018,20200721353958,382,0x10,0x3,20.5300007,26.1185265,0.0253003072,0.0857768357,1.14431323e-05,30,1.97800004,1
382216300062581,131029304,2459064.7970093871,59064.293043999998,14.3130579,0.0124443816,0,zr,263.52610720000001,-7.6707339000000001,1.58899999,0.0280000009,20200803293044,382,0x10,0x3,19.0400009,26.0868301,0.0372151583,0.0902940705,2.5562209e-05,30,1.70099998,1
382216300062581,131327400,2459067.7777557098,59067.274004600004,14.3098497,0.0124442084,0,zr,263.52609200000001,-7.6707542999999996,2.01600003,0.116999999,20200806274005,382,0x10,0x3,20.3899994,26.1575413,0.018816106,0.083924979,6.32490446e-06,30,1.61899996,1
382216300062581,134115115,2459095.6525467918,59095.151157400003,14.2978525,0.0124436086,0,zr,263.52609990000002,-7.6707285000000001,1.80799997,0.0879999995,20200903151157,382,0x10,0x3,20.1700001,26.1224384,0.0297108777,0.0711021796,1.60031577e-05,30,1.41400003,1
382216300062581,136016924,2459114.6688380153,59114.169247700003,14.2908659,0.0124432947,0,zr,263.52609180000002,-7.6707647000000003,1.85899997,0.160999998,20200922169236,382,0x10,0x3,19.9500008,25.9593735,0.0266430974,0.090882428,1.26386522e-05,30,1.82299995,1
382216300062581,137709822,2459131.5962646669,59131.098229199997,14.2948294,0.0124434698,0,zr,263.52609289999998,-7.6707286999999997,2.60899997,0.224000007,20201009098229,382,0x10,0x3,20.1900005,26.0472317,0.0212079287,0.0901578888,8.10110123e-06,30,1.61399996,1
382216300062581,139808275,2459152.5791271501,59152.0827546,14.3340902,0.0124456696,0,zr,263.52608909999998,-7.6707540999999999,1.93200004,0.148000002,20201030082755,382,0x10,0x3,19.6000004,26.1135731,0.0325297862,0.0895301476,1.90266546e-05,30,2.03800011,2
382216300062581,139808745,2459152.5838259244,59152.087453699998,14.2956734,0.012443508,0,zr,263.52612090000002,-7.6707508999999998,2.31200004,0.0680000037,20201030087454,382,0x10,0x3,19.7399998,26.1069851,0.0269216318,0.0864417627,1.30155086e-05,30,2.11299992,2
382216300062581,139809215,2459152.5885246946,59152.092152800004,14.3221931,0.0124449106,0,zr,263.52608609999999,-7.6707032999999996,1.74899995,0.0900000036,20201030092153,382,0x10,0x3,19.6299992,26.0795879,0.0334102809,0.0954302251,2.01053354e-05,30,2.1960001,2
382216300062581,139809685,2459152.5932234647,59152.096851900002,14.343461,0.0124463234,0,zr,263.52607719999997,-7.6707609999999997,1.90999997,0.0540000014,20201030096852,382,0x10,0x3,19.6000004,26.0899239,0.0327240974,0.0752887428,1.92879525e-05,30,2.28800011,2
382216300062581,139810155,2459152.5979221384,59152.101550899999,14.3081503,0.012444118,0,zr,263.52610429999999,-7.6707365000000003,2.33699989,0.104999997,20201030101551,382,0x10,0x3,19.6399994,26.1034508,0.0329360813,0.0740218163,1.91234576e-05,30,2.39100003,2
382216300062581,140008112,2459154.5773599539,59154.081122700001,14.5524435,0.0124750119,32768,zr,263.52605019999999,-7.6707257000000002,0.707000017,0.00999999978,20201101081123,382,0x10,0x3,16.7900009,24.4246998,0.329771876,0.362329751,0.0130470404,30,2.09899998,2
382216300062581,140208045,2459156.5765580325,59156.080451399997,14.2970457,0.0124435695,0,zr,263.52607769999997,-7.6707200999999996,2.45099998,0.0379999988,20201103080451,382,0x10,0x3,19.9699993,26.0822926,0.0242791995,0.0868781134,1.04831488e-05,30,2.18199992,2
382216300062581,140208516,2459156.5812683259,59156.085162000003,14.2933273,0.0124434019,0,zr,263.52608379999998,-7.6707251000000003,3.72099996,0.196999997,20201103085150,382,0x10,0x3,20.2299995,26.087532,0.0217764955,0.0828321651,8.42635836e-06,30,2.27200007,2
382216300062581,140208986,2459156.5859671198,59156.089861100001,14.3393106,0.0124460272,0,zr,263.52609219999999,-7.6707631999999997,2.12700009,0.138999999,20201103089850,382,0x10,0x3,20.2099991,26.0776768,0.024816161,0.0797376633,1.0910755e-05,30,2.37400007,2
382216300062581,140209457,2459156.5906775123,59156.0945718,14.3335228,0.0124456305,0,zr,263.52608600000002,-7.6707554,2.14499998,0.0769999996,20201103094572,382,0x10,0x3,20.0300007,26.0568447,0.0261304881,0.086125575,1.20430786e-05,30,2.48699999,2
382216300062581,140209927,2459156.5953762066,59156.099270799998,14.2962961,0.012443536,0,zr,263.52609210000003,-7.6707561999999996,3.70700002,0.204999998,20201103099271,382,0x10,0x3,20,26.0364475,0.023248991,0.0922214687,9.56762233e-06,30,2.61500001,2
382216300062581,140407934,2459158.5753212348,59158.079340299999,14.3849039,0.0124498373,0,zr,263.52611450000001,-7.6707083999999996,2.77900004,0.0529999994,20201105079340,382,0x10,0x3,19.2999992,26.0864849,0.0451336317,0.0813329592,3.63408944e-05,30,2.2650001,2
382216300062581,140408406,2459158.5800431389,59158.084062499998,14.3072853,0.0124440733,0,zr,263.52611400000001,-7.670712,1.96300006,0.00600000005,20201105084062,382,0x10,0x3,19.6200008,26.0655365,0.0340453088,0.0864252225,2.0602889e-05,30,2.36599994,2
382216300062581,140408878,2459158.5847650408,59158.088784699998,14.3001957,0.0124437185,0,zr,263.52607289999997,-7.6706934999999996,2.22199988,0.0340000018,20201105088785,382,0x10,0x3,19.5799999,26.0353909,0.0395351499,0.0921865627,2.74808754e-05,30,2.47900009,2
382216300062581,140409349,2459158.5894754436,59158.093495399997,14.305191,0.0124439653,0,zr,263.52605690000001,-7.6707234,1.05700004,-0.00800000038,20201105093495,382,0x10,0x3,19.4500008,26.0483894,0.0464677252,0.0791859403,3.82394719e-05,30,2.60599995,2
382216300062581,140409820,2459158.59418575,59158.098206000002,14.2957745,0.0124435117,0,zr,263.52609139999998,-7.6707488000000001,1.33500004,-0.00999999978,20201105098206,382,0x10,0x3,19.3299999,26.0029144,0.0498078018,0.0986321867,4.47070088e-05,30,2.74900007,2
382216300062581,149455013,2459249.0468848599,59248.550138899998,14.3165932,0.0124445809,0,zr,263.52611940000003,-7.6707188999999998,2.50200009,0.0790000036,20210203550139,382,0x10,0x3,19.9899998,26.1190872,0.0228362996,0.0853411779,9.25956738e-06,30,2.37299991,1
382216300062581,149455315,2459249.0499058892,59248.553159700001,14.3021803,0.0124438154,0,zr,263.52612069999998,-7.6707337999999998,2.23900008,0.0599999987,20210203553160,382,0x10,0x3,19.9899998,26.1236153,0.0232136622,0.0865294561,9.60089164e-06,30,2.30699992,1
382216300062581,149455618,2459249.0529270205,59248.556180599997,14.3025684,0.012443834,0,zr,263.52610559999999,-7.6707267999999997,2.7349999,0.118000001,20210203556181,382,0x10,0x3,20.0699997,26.1270084,0.0226441417,0.0858018324,9.18508613e-06,30,2.24600005,1
382216300062581,149455918,2459249.0559364506,59248.559189799998,14.3045883,0.0124439346,0,zr,263.5261016,-7.6707022,2.84100008,0.155000001,20210203559190,382,0x10,0x3,20.0499992,26.1200428,0.022158755,0.085567303,8.89529383e-06,30,2.18799996,1
382216300062581,149456219,2459249.058945979,59248.562199100001,14.3074865,0.0124440836,0,zr,263.52610149999998,-7.6707248000000003,3.10400009,0.145999998,20210203562199,382,0x10,0x3,20.2299995,26.1339569,0.019829547,0.0858462304,7.03927935e-06,30,2.13499999,1
382216300062581,149554866,2459250.0454905741,59249.548669000003,14.2702484,0.0124425301,0,zr,263.52612329999999,-7.6706618999999998,0.771000028,0,20210204548287,382,0x10,0x3,19.5400009,26.1096077,0.0308802724,0.0998608544,1.69558261e-05,30,2.34500003,1
382216300062581,149555163,2459250.0484537026,59249.551631900002,14.3013744,0.0124437762,0,zr,263.52611400000001,-7.6707188000000004,1.39900005,0.0130000003,20210204551505,382,0x10,0x3,19.8799992,26.1158562,0.0249451082,0.0943434015,1.12312409e-05,30,2.28200006,1
382216300062581,149555460,2459250.0514285308,59249.554606500002,14.3010244,0.0124437585,0,zr,263.52612729999998,-7.6707304000000001,1.65699995,0.0149999997,20210204554468,382,0x10,0x3,19.9899998,26.1295109,0.0273811705,0.0874961019,1.33823405e-05,30,2.22300005,1
382216300062581,149555755,2459250.0543801589,59249.5575579,14.3185472,0.0124446936,0,zr,263.52611580000001,-7.6707494000000001,1.722,0.0439999998,20210204557431,382,0x10,0x3,20.1000004,26.1441078,0.0232458226,0.0810967013,9.68675795e-06,30,2.16799998,1
382216300062581,149556053,2459250.0573548898,59249.560532399999,14.3155947,0.0124445241,0,zr,263.52610570000002,-7.6707299000000004,1.42799997,0.0170000009,20210204560394,382,0x10,0x3,20.0499992,26.1361408,0.0230476987,0.0889980048,9.41673716e-06,30,2.1170001,1
382216300062581,149654688,2459251.0437848018,59250.546886600001,14.3045626,0.0124439336,0,zr,263.52611730000001,-7.6707530000000004,2.26399994,0.0189999994,20210205546759,382,0x10,0x3,19.8600006,26.1210403,0.0358962268,0.0806296617,2.28860481e-05,30,2.32500005,1
382216300062581,149654989,2459251.0467942362,59250.549895800003,14.2682438,0.0124424677,0,zr,263.5261405,-7.6707098,1.74899995,-0.00100000005,20210205549757,382,0x10,0x3,19.8500004,26.1175747,0.0378516912,0.0960239545,2.59178432e-05,30,2.26200008,1
382216300062581,149655288,2459251.0497805742,59250.552881900003,14.3124628,0.012444349,0,zr,263.52608040000001,-7.6707193,1.41700006,-0.00300000003,20210205552755,382,0x10,0x3,19.6200008,26.0919743,0.039466653,0.11225453,2.79010619e-05,30,2.204,1
382216300062581,149655589,2459251.0527901077,59250.555891199998,14.3606443,0.0124476571,0,zr,263.52611400000001,-7.6706817000000003,3.45000005,0.0240000002,20210205555752,382,0x10,0x3,19.9899998,26.1203518,0.045476526,0.0959841907,3.66446984e-05,30,2.14899993,1
382216300062581,149655888,2459251.055788043,59250.558888899999,14.3113279,0.0124442875,0,zr,263.52609919999998,-7.6707035000000001,1.77400005,0.00300000003,20210205558762,382,0x10,0x3,19.9899998,26.1338482,0.0275681689,0.0879053473,1.35856426e-05,30,2.09800005,1
382216300062581,149754785,2459252.0448348657,59251.547858799997,14.2618256,0.0124422833,32768,zr,263.52613430000002,-7.6706805999999998,1.66700006,0.00300000003,20210206547488,382,0x10,0x3,19.1800003,26.1231232,0.0498088859,0.0771836042,4.62684657e-05,30,2.24799991,1
382216300062581,149755079,2459252.0477748984,59251.550798600001,14.2806921,0.0124428887,0,zr,263.52612829999998,-7.6707007000000003,1.42200005,0.00300000003,20210206550671,382,0x10,0x3,19.6499996,26.1070633,0.0293882303,0.0926396623,1.52615903e-05,30,2.19199991,1
382216300062581,149755372,2459252.0507034315,59251.553726899998,14.282711,0.0124429651,0,zr,263.52610299999998,-7.6707368999999996,0.481999993,0.00300000003,20210206553611,382,0x10,0x3,19.1299992,26.0870876,0.0428213626,0.101483628,3.39550425e-05,30,2.1400001,1
382216300062581,149755666,2459252.0536434632,59251.556666700002,14.2813673,0.0124429138,0,zr,263.52611669999999,-7.6707359999999998,0.943000019,0.00200000009,20210206556539,382,0x10,0x3,19.3400002,26.1177464,0.037832465,0.0883372948,2.59850658e-05,30,2.08999991,1
382216300062581,149755960,2459252.0565834963,59251.559606499999,14.3084049,0.012444132,0,zr,263.52612040000002,-7.6707200000000002,1.403,0.00700000022,20210206559479,382,0x10,0x3,19.6399994,26.1198959,0.0299083553,0.0904240236,1.58284383e-05,30,2.04399991,1
382216300062581,151948853,2459273.9874158213,59273.488530100003,14.2927647,0.0124433776,0,zr,263.52607899999998,-7.6706699,1.09399998,-0.00700000022,20210228488518,382,0x10,0x3,18.8899994,26.0151577,0.0455684811,0.0933408365,3.96178184e-05,30,2.23200011,1
382216300062581,152152237,2459276.0214494746,59275.522372699998,14.3392439,0.0124460226,0,zr,263.52611539999998,-7.6707302999999998,1.60399997,0.0350000001,20210302522373,382,0x10,0x3,19.8199997,26.15382,0.0240076594,0.0880267024,9.95848677e-06,30,1.71399999,1
382216300062581,154150023,2459296.0012208438,59295.500231500002,14.3062868,0.0124440202,0,zr,263.52611139999999,-7.6707175999999997,0.996999979,0.0130000003,20210322500220,382,0x10,0x3,20.2299995,26.0689774,0.0206772164,0.0905889422,7.56316149e-06,30,1.50399995,1
382216300062581,154343710,2459297.9382796483,59297.437106500001,14.3121338,0.0124443313,0,zr,263.52611280000002,-7.6706969999999997,1.29499996,0.00700000022,20210324437095,382,0x10,0x3,19.6100006,26.0618153,0.0373057835,0.096583575,2.42839451e-05,30,1.99800003,1
382216300062581,154741939,2459301.9209454292,59301.419398099999,14.2673416,0.0124424407,0,zr,263.5260935,-7.6707136,0.90200001,-0.0130000003,20210328419387,382,0x10,0x3,18.9699993,26.0704746,0.0393004157,0.107500702,2.82016354e-05,30,2.10299993,1
382216300062581,154946040,2459303.9621418398,59303.460405099999,14.2873011,0.0124431457,0,zr,263.5261079,-7.6706865000000004,2.29299998,0.150999993,20210330460405,382,0x10,0x3,19.6100006,26.1057339,0.0294399001,0.0828926414,1.53802357e-05,30,1.60500002,1
382216300062581,155448156,2459308.9837565864,59308.481562499997,14.3122969,0.0124443406,0,zr,263.52610759999999,-7.6706937000000002,1.48099995,0.0579999983,20210404481562,382,0x10,0x3,20.1299992,26.1047974,0.0226989202,0.0845664591,9.19870126e-06,30,1.43900001,1
382216300062581,155648510,2459310.9874768197,59310.485104200001,14.3107004,0.012444254,0,zr,263.5260988,-7.6707198999999999,1.61699998,0.023,20210406485093,382,0x10,0x3,20.7299995,26.129179,0.0170365032,0.0946037918,5.26516214e-06,30,1.41400003,1
382216300062581,156248090,2459316.9837933988,59316.480902800002,14.3117285,0.0124443099,0,zr,263.52612199999999,-7.6707333999999996,2.88899994,0.129999995,20210412480903,382,0x10,0x3,20.8500004,26.1312599,0.0200733673,0.0824116021,7.31132013e-06,30,1.38900006,1
382216300062581,156546190,2459319.9650474465,59319.461909700003,14.3355923,0.0124457711,0,zr,263.52608859999998,-7.6707266000000001,1.52100003,0.0109999999,20210415461910,382,0x10,0x3,19.9699993,25.8534889,0.0242877975,0.0852325037,1.03629836e-05,30,1.40999997,1
382216300062581,157035412,2459324.8576465435,59324.354120399999,14.3206749,0.0124448193,0,zr,263.52609960000001,-7.6707051000000002,1.78999996,0.0309999995,20210420354109,382,0x10,0x3,20.3199997,26.0700817,0.020332234,0.0865340158,7.48355069e-06,30,2.14499998,1
382216300062581,157745334,2459331.9573923205,59331.453344900001,14.3019695,0.0124438051,0,zr,263.52610529999998,-7.6706848000000001,0.519999981,0.00100000005,20210427453322,382,0x10,0x3,18.7399998,26.1352329,0.043065425,0.0893371329,3.81546997e-05,30,1.37199998,1
382216300062581,158146105,2459335.9653704278,59335.461053200001,14.3537855,0.0124471048,0,zr,263.52610829999998,-7.6707175000000003,2.31900001,0.0649999976,20210501461053,382,0x10,0x3,19.4300003,25.9244194,0.031448938,0.0745687038,1.76520771e-05,30,1.36800003,1
382216300062581,158345938,2459337.9638312995,59337.4593866,14.329174,0.0124453465,0,zr,263.52609269999999,-7.6707261000000004,1.23899996,0.023,20210503459213,382,0x10,0x3,20.1599998,26.0847588,0.0200964157,0.0903303772,7.25398968e-06,30,1.37,1
382216300062581,158544017,2459339.9447398162,59339.4401736,14.2999153,0.0124437055,0,zr,263.52610179999999,-7.6707102000000003,2.68799996,0.0869999975,20210505440150,382,0x10,0x3,20.8600006,26.1223545,0.0178847592,0.0873968601,5.74703472e-06,30,1.36800003,1
382216300062581,158742069,2459341.925377158,59341.420694400003,14.3104506,0.012444241,0,zr,263.52610879999997,-7.6707099000000003,1.56099999,0.0250000004,20210507420694,382,0x10,0x3,20.6200008,26.1158009,0.0187382028,0.0918389335,6.46719809e-06,30,1.37699997,1
382216300062581,159240787,2459346.9128237618,59346.407870399999,14.3088818,0.0124441572,0,zr,263.52609039999999,-7.6707203000000002,2.78900003,0.152999997,20210512407801,382,0x10,0x3,20.9699993,26.1243114,0.0163677912,0.0874016061,4.83930489e-06,30,1.37699997,1
382216300062581,160435631,2459358.8617788339,59358.356319400002,14.3202791,0.0124447951,0,zr,263.52610390000001,-7.6706984,1.66100001,0.0250000004,20210524356319,382,0x10,0x3,19.8400002,26.1102123,0.0232665613,0.0886117443,9.4856714e-06,30,1.40799999,1
382216300062581,160938805,2459363.8936649212,59363.3880556,14.3491621,0.0124467472,0,zr,263.52610759999999,-7.6707672000000002,2.09200001,0.0719999969,20210529388056,382,0x10,0x3,20.3099995,26.1968708,0.0196764451,0.0752948895,7.0136125e-06,30,1.36899996,1
382216300062581,161237824,2459366.8839207338,59366.378240700004,14.3040962,0.0124439094,0,zr,263.52609940000002,-7.6707223000000004,2.42499995,0.0399999991,20210601378241,382,0x10,0x3,20.6000004,26.0985012,0.0174591523,0.0908741355,5.46645151e-06,30,1.36899996,1
382216300062581,161542024,2459369.9259807547,59369.420243100001,14.3515339,0.0124469278,0,zr,263.52610449999997,-7.6707603999999998,2.10100007,0.0549999997,20210604420208,382,0x10,0x3,20.8700008,26.1251011,0.0166754238,0.0825388208,5.12990573e-06,30,1.47399998,1
382216300062581,161733474,2459371.8405118641,59371.334745400003,14.2871008,0.0124431374,0,zr,263.52608300000003,-7.6707232999999997,1.76499999,0.123000003,20210606334699,382,0x10,0x3,20.8299999,26.1455078,0.0192948729,0.0904598981,6.74989178e-06,30,1.38199997,1
382216300062581,162042291,2459374.9287173003,59374.422916700001,14.2674074,0.0124424426,32768,zr,263.52608770000001,-7.6707253,3.61800003,0.155000001,20210609422917,382,0x10,0x3,20,25.6006451,0.0270752236,0.0969833359,1.33526673e-05,30,1.55200005,1
382216300062581,162231590,2459376.8217168329,59376.315902800001,14.2990427,0.0124436636,0,zr,263.52609430000001,-7.6707494000000001,1.96300006,0.119999997,20210611315903,382,0x10,0x3,21.0200005,26.1694145,0.0188761372,0.0861720443,6.48780178e-06,30,1.39100003,1
382216300062581,162431462,2459378.8204515562,59378.314629599998,14.3264179,0.0124451714,0,zr,263.52609769999998,-7.6706823999999996,2.773,0.180000007,20210613314618,382,0x10,0x3,20.8899994,26.1939774,0.0241904538,0.0792092159,1.05473046e-05,30,1.38399994,1
382216300062581,162635577,2459380.8615989401,59380.3557755,14.3300924,0.0124454042,0,zr,263.52610850000002,-7.6707118000000003,2.4749999,0.210999995,20210615355764,382,0x10,0x3,20.4599991,25.9565926,0.0221836995,0.0820053667,8.93291508e-06,30,1.38300002,1
382216300062581,162833591,2459382.8417329164,59382.335914399999,14.318037,0.0124446638,0,zr,263.52611289999999,-7.6707215,2.30500007,0.207000002,20210617335914,382,0x10,0x3,20.6299992,25.9714489,0.0183122326,0.0917319581,6.07629181e-06,30,1.36899996,1
382216300062581,163031952,2459384.8253328181,59384.319525500003,14.3194981,0.0124447504,0,zr,263.52609949999999,-7.6707473999999998,2.07299995,0.0250000004,20210619319525,382,0x10,0x3,20.3299999,26.0229244,0.0193412881,0.086797975,6.82658811e-06,30,1.36699998,1
382216300062581,163236262,2459386.8684165496,59386.362627299997,14.3308134,0.0124454517,0,zr,263.52609710000002,-7.6707397000000004,1.14100003,0.00899999961,20210621362616,382,0x10,0x3,19.8199997,26.1242943,0.0250691138,0.0844819993,1.13870983e-05,30,1.43499994,1
382216300062581,164031649,2459394.8221497824,59394.316493099999,14.2862988,0.0124431057,0,zr,263.52609530000001,-7.6707312999999999,3.15499997,0.137999997,20210629316493,382,0x10,0x3,20.4099998,25.9125977,0.0266094878,0.0819473937,1.28052479e-05,30,1.38199997,1
382216300062581,164231575,2459396.8213602379,59396.315752299997,14.292963,0.0124433869,0,zr,263.52608800000002,-7.6707143000000002,2.19199991,0.0989999995,20210701315741,382,0x10,0x3,20.8199997,26.0943031,0.0215558354,0.0872054547,8.45311934e-06,30,1.38900006,1
382216300062581,164733134,2459401.836801413,59401.331342600002,14.2600698,0.0124422368,0,zr,263.52609410000002,-7.6707302999999998,2.38199997,0.128000006,20210706331343,382,0x10,0x3,20.9899998,26.143301,0.0179709848,0.089645192,5.89878573e-06,30,1.46800005,1
382216300062581,164929431,2459403.7997072665,59403.294317100001,14.2661285,0.0124424044,0,zr,263.52609690000003,-7.6707353999999999,3.00200009,0.115999997,20210708294317,382,0x10,0x3,20.9400005,26.1073704,0.0179950688,0.0890224054,5.94554422e-06,30,1.38499999,1
382216300062581,165227116,2459406.7764442167,59406.271169,14.3369331,0.0124458615,0,zr,263.52609940000002,-7.6707464999999999,2.21300006,0.156000003,20210711271169,382,0x10,0x3,20.8999996,26.0314198,0.0176784974,0.0856548175,5.71856663e-06,30,1.37,1
382216300062581,165424638,2459408.7515807664,59408.246388899999,14.2740135,0.0124426521,0,zr,263.52609489999998,-7.6707276999999996,4.30100012,0.363999993,20210713246377,382,0x10,0x3,20.6100006,25.8852749,0.0194101054,0.0807065964,6.93677384e-06,30,1.37,1
382216300062581,165623112,2459410.7362252474,59410.231122700003,14.3625402,0.0124478145,0,zr,263.52610129999999,-7.6707634000000002,3.59800005,0.328000009,20210715231123,382,0x10,0x3,20.7900009,25.9341488,0.0196294412,0.0829742178,7.03951946e-06,30,1.37899995,1
382216300062581,166118928,2459415.6941381753,59415.189282400002,14.3193855,0.012444743,0,zr,263.52609519999999,-7.6706807000000001,2.50500011,0.222000003,20210720189271,382,0x10,0x3,19.8999996,26.153862,0.0271403231,0.0809785947,1.32093364e-05,30,1.44000006,1
382216300062581,166425122,2459418.7559140706,59418.2512269,14.2969074,0.0124435639,0,zr,263.52610149999998,-7.6707391999999999,2.29999995,0.156000003,20210723251215,382,0x10,0x3,18.5900002,25.7292938,0.0404829867,0.0746423379,3.88465633e-05,30,1.38199997,1
382216300062581,166927435,2459423.7787369555,59423.2743519,14.3701897,0.0124484729,32768,zr,263.52608980000002,-7.6707543999999999,1.92700005,0.0649999976,20210728274352,382,0x10,0x3,20.1200008,25.8298874,0.0335275233,0.0645190626,2.03781547e-05,30,1.48099995,1
382216300062581,167321123,2459427.7153656054,59427.211238399999,14.3085461,0.0124441395,0,zr,263.52607269999999,-7.6707345,2.43199992,0.0390000008,20210801211238,382,0x10,0x3,20.3899994,26.0930519,0.0222149584,0.0920183808,8.83267967e-06,30,1.36800003,1
382216300062581,168019013,2459434.6937668743,59434.190138899998,14.2524023,0.0124420533,0,zr,263.52609790000002,-7.6707234,3.30999994,0.197999999,20210808190139,382,0x10,0x3,20.9699993,26.1405354,0.0180886053,0.092569232,5.96763857e-06,30,1.36800003,1
382216300062581,168621203,2459440.7151953992,59440.212036999998,14.3272972,0.0124452263,0,zr,263.52609380000001,-7.6707571000000003,1.06299996,0.0109999999,20210814212025,382,0x10,0x3,19.8799992,25.967823,0.023227891,0.0903987885,9.72355974e-06,30,1.426,1
382216300062581,169421052,2459448.7130090781,59448.210520799999,14.3131456,0.0124443863,0,zr,263.52611619999999,-7.6707339000000001,3.50600004,0.210999995,20210822210475,382,0x10,0x3,19.9099998,26.0766296,0.0234108195,0.0784118995,9.9430099e-06,30,1.5,1
382216300062581,169627653,2459450.7788472231,59450.276539400002,14.325386,0.0124451052,0,zr,263.526071,-7.6707377000000001,1.48199999,0.0299999993,20210824276528,382,0x10,0x3,18.9300003,25.5877609,0.0410558507,0.0944948643,3.25936417e-05,30,2.21000004,1
382216300062581,169823457,2459452.736706282,59452.2345718,14.2550812,0.0124421138,0,zr,263.52609169999999,-7.6707274999999999,2.81399989,0.0890000015,20210826234572,382,0x10,0x3,20.3600006,26.0352993,0.0320647657,0.0918653384,1.85830577e-05,30,1.72800004,1
382216300062581,170621325,2459460.7146598217,59460.213252299996,14.3282261,0.012445285,0,zr,263.52610229999999,-7.6707302000000004,2.46099997,0.191,20210903213252,382,0x10,0x3,20.6599998,26.1277409,0.0181263443,0.0865952894,5.8855162e-06,30,1.73300004,1
382216300062581,171117024,2459465.6711865389,59465.170243100001,14.2880592,0.0124431774,0,zr,263.52608839999999,-7.6707391999999999,2.87100005,0.142000005,20210908170231,382,0x10,0x3,20.6499996,26.0273838,0.0192400478,0.0820397437,6.73822979e-06,30,1.52999997,1
382216300062581,171517062,2459469.6711897654,59469.170624999999,14.3304482,0.0124454284,0,zr,263.52609719999998,-7.6707136,1.71800005,0.0320000015,20210912170613,382,0x10,0x3,20.3400002,26.1339455,0.0210620947,0.0930633321,8.10663641e-06,30,1.59500003,1
382216300062581,171914804,2459473.6482306086,59473.148044000001,14.2691526,0.0124424947,0,zr,263.52609589999997,-7.6707445999999999,2.37199998,0.0829999968,20210916148044,382,0x10,0x3,20.3799992,26.1615238,0.0215803422,0.0821886584,8.3446912e-06,30,1.528,1
382216300062581,172216998,2459476.6698876219,59476.169988399997,14.3307877,0.0124454498,0,zr,263.52610909999999,-7.6707428000000002,1.91100001,0.0280000009,20210919169988,382,0x10,0x3,19.8400002,26.1243401,0.026305886,0.0773219839,1.24530725e-05,30,1.73699999,1
382216300062581,172419108,2459478.6907953816,59478.191088,14.3471918,0.0124465981,0,zr,263.52607840000002,-7.6707207000000004,1.37899995,0.0149999997,20210921191088,382,0x10,0x3,19.3600006,26.0807991,0.0345885567,0.0775952414,2.15629061e-05,30,2.05599999,1
382216300062581,172616973,2459480.6692539449,59480.169733800001,14.3298845,0.0124453912,0,zr,263.52608229999998,-7.6706947999999997,2.46799994,0.0610000007,20210923169734,382,0x10,0x3,19.7399998,26.0893784,0.0301311072,0.0990768,1.64988214e-05,30,1.84500003,1
382216300062581,172915586,2459483.6551071042,59483.155868100002,14.2866096,0.0124431187,32768,zr,263.52607330000001,-7.6707368999999996,2.704,0.0710000023,20210926155856,382,0x10,0x3,20.25,25.6940517,0.0304157902,0.0800362602,1.66627142e-05,30,1.78499997,2
382216300062581,173312983,2459487.6287066815,59487.129838000001,14.3270655,0.0124452114,0,zr,263.52606409999999,-7.6707375999999998,2.14899993,0.201000005,20210930129838,382,0x10,0x3,20.3400002,26.0451851,0.0210797451,0.0894086584,7.93552135e-06,30,1.653,1
382216300062581,173515063,2459489.649319117,59489.150636600003,14.2972536,0.0124435807,0,zr,263.52608470000001,-7.6707546999999998,2.65100002,0.152999997,20211002150625,382,0x10,0x3,20.2600002,26.0277367,0.0226225797,0.0889586136,9.25581389e-06,30,1.90999997,1
382216300062581,173714876,2459491.6472618035,59491.148761600001,14.3070831,0.0124440622,0,zr,263.52609969999997,-7.6707168000000001,2.59299994,0.156000003,20211004148762,382,0x10,0x3,20.4300003,26.0635509,0.0202306807,0.0926205665,7.44587442e-06,30,1.95700002,1
382216300062581,176309319,2459517.5895838263,59517.093194399997,14.2794075,0.0124428412,0,zr,263.52609180000002,-7.6707400000000003,2.48900008,0.133000001,20211030093194,382,0x10,0x3,20.3999996,26.0956326,0.0201134905,0.092248477,7.31276714e-06,30,2.2019999,2
382216300062581,176309622,2459517.5926161124,59517.096226900001,14.3303452,0.0124454219,0,zr,263.5260753,-7.6707331999999999,2.93799996,0.26699999,20211030096215,382,0x10,0x3,20.3999996,26.1027565,0.0216604639,0.0835743845,8.44607803e-06,30,2.26099992,2
382216300062581,176309924,2459517.5956367017,59517.099247700004,14.3001623,0.0124437166,0,zr,263.52609219999999,-7.6707305999999997,2.69700003,0.0869999975,20211030099236,382,0x10,0x3,20.3600006,26.0904408,0.0224570986,0.0840811208,9.02413649e-06,30,2.32399988,2
382216300062581,176310226,2459517.5986572891,59517.102268499999,14.3163118,0.0124445641,0,zr,263.5260801,-7.6706947000000003,2.875,0.165999994,20211030102269,382,0x10,0x3,20.2000008,26.0866375,0.0264896937,0.0898051485,1.27326293e-05,30,2.39199996,2
382216300062581,176310528,2459517.6016779775,59517.105289400002,14.33741,0.0124458941,0,zr,263.52609949999999,-7.6707277999999999,2.67700005,0.202000007,20211030105289,382,0x10,0x3,20.3099995,26.0948105,0.0216905139,0.0840039924,8.36514118e-06,30,2.46399999,2
382216300062581,177207576,2459526.5715803797,59526.0757639,14.2608328,0.0124422573,0,zr,263.5260912,-7.6707386,2.5480001,0.112000003,20211108075764,382,0x10,0x3,19.7600002,26.1091156,0.0256080199,0.0898646936,1.1763128e-05,30,2.34800005,2
382216300062581,177207821,2459526.5740339337,59526.078217599999,14.3010788,0.0124437613,0,zr,263.5260801,-7.6707555000000003,2.47199988,0.131999999,20211108078218,382,0x10,0x3,20.0400009,26.1255169,0.0271764193,0.0688289329,1.32369723e-05,30,2.40400004,2
382216300062581,177208067,2459526.57648749,59526.080671299998,14.2989578,0.0124436598,0,zr,263.52610520000002,-7.6707633,2.62899995,0.112999998,20211108080660,382,0x10,0x3,20.2099991,26.1033859,0.0205329135,0.087541163,7.57803855e-06,30,2.46300006,2
382216300062581,177208311,2459526.5789294452,59526.083113399996,14.3358049,0.0124457842,0,zr,263.52609990000002,-7.6707713999999996,2.07599998,0.0710000023,20211108083113,382,0x10,0x3,20.2099991,26.0893726,0.021117622,0.0828333497,8.06460048e-06,30,2.52600002,2
382216300062581,177208556,2459526.5813830001,59526.085567100003,14.314147,0.0124444421,0,zr,263.52609819999998,-7.6707611,2.4059999,0.0659999996,20211108085556,382,0x10,0x3,20.2299995,26.0936394,0.0213303994,0.0843427181,8.16911233e-06,30,2.59299994,2
382216300062581,177307531,2459527.571071614,59527.075312499997,14.3300686,0.0124454033,0,zr,263.52609210000003,-7.6707381999999997,1.92499995,0.0930000022,20211109075301,382,0x10,0x3,19.6299992,26.0966473,0.030369075,0.0827258006,1.64829198e-05,30,2.39899993,2
382216300062581,177307775,2459527.5735135721,59527.077754600003,14.3156891,0.0124445306,0,zr,263.52608679999997,-7.6707540999999999,2.76799989,0.238999993,20211109077755,382,0x10,0x3,19.9400005,26.0862083,0.0224893466,0.0918895081,9.10638391e-06,30,2.45900011,2
382216300062581,177308020,2459527.5759671303,59527.080208300002,14.3067684,0.0124440463,0,zr,263.5260907,-7.6707682000000004,4.329,0.326000005,20211109080197,382,0x10,0x3,19.9799995,26.0842495,0.0232985467,0.0914629847,9.81852099e-06,30,2.52099991,2
382216300062581,177308265,2459527.5784091898,59527.0826505,14.3032913,0.0124438703,0,zr,263.52609460000002,-7.6707488000000001,2.90499997,0.0469999984,20211109082650,382,0x10,0x3,20.1200008,26.0887661,0.0231767632,0.0794214755,9.58198507e-06,30,2.58800006,2
382216300062581,177308510,2459527.580862748,59527.085104199999,14.3420744,0.0124462228,0,zr,263.52608839999999,-7.6707371999999996,2.65799999,0.0970000029,20211109085093,382,0x10,0x3,20.1599998,26.0827465,0.0224764682,0.0818365961,8.95337052e-06,30,2.65899992,2
382216300062581,177507442,2459529.5700697531,59529.0744213,14.3498802,0.0124468021,0,zr,263.52608839999999,-7.6707409999999996,1.88800001,0.115000002,20211111074410,382,0x10,0x3,18.8899994,26.075573,0.0384127125,0.0808380768,2.87679759e-05,30,2.51300001,2
382216300062581,177507682,2459529.5724770199,59529.076828700003,14.3538828,0.0124471113,0,zr,263.5260748,-7.6707267000000003,2.48399997,0.0670000017,20211111076829,382,0x10,0x3,19.2800007,26.0815887,0.0350291207,0.0751975253,2.20596758e-05,30,2.57800007,2
382216300062581,177507924,2459529.5748958928,59529.0792477,14.3698196,0.0124484403,0,zr,263.52616540000002,-7.6706767999999999,2.1500001,0.075000003,20211111079248,382,0x10,0x3,19.3700008,26.0635929,0.0363593772,0.0817162395,2.35629923e-05,30,2.64700007,2
382216300062581,177508165,2459529.57730316,59529.081655100003,14.3393278,0.0124460282,0,zr,263.52616310000002,-7.6706764999999999,2.34599996,0.074000001,20211111081655,382,0x10,0x3,19.4200001,26.0439892,0.0321514681,0.0889079273,1.82527347e-05,30,2.72099996,2
382216300062581,177508407,2459529.5797220203,59529.084074099999,14.3470516,0.0124465879,0,zr,263.52607289999997,-7.6707565000000004,1.68599999,0.0160000008,20211111084062,382,0x10,0x3,19.4200001,26.0407887,0.0319381654,0.0866341814,1.80790903e-05,30,2.79999995,2
382216300062581,177607400,2459530.5695997886,59530.074004599999,14.3418007,0.0124462042,0,zr,263.52606630000002,-7.6707302999999998,1.94599998,0.0280000009,20211112074005,382,0x10,0x3,18.9099998,26.0902424,0.0419384874,0.0710461289,3.42029998e-05,30,2.57500005,2
382216300062581,177607643,2459530.5720302584,59530.076435199997,14.3209524,0.0124448361,0,zr,263.52607860000001,-7.6707362000000003,0.638000011,-0.00200000009,20211112076435,382,0x10,0x3,18.5200005,26.0422974,0.0463221557,0.0977519527,4.87823818e-05,30,2.64499998,2
382216300062581,177607886,2459530.5744606275,59530.078865700001,14.309226,0.0124441748,0,zr,263.52606470000001,-7.6707384000000003,2.01099992,0.00100000005,20211112078866,382,0x10,0x3,19.1000004,26.0455112,0.0386224277,0.0908259526,2.7142114e-05,30,2.7190001,2
382216300062581,177608129,2459530.5768910977,59530.081296299999,14.322607,0.0124449357,0,zr,263.52607740000002,-7.6707267000000003,1.523,0.00700000022,20211112081296,382,0x10,0x3,19.1000004,26.0329418,0.0401051231,0.0922159106,2.98200121e-05,30,2.7980001,2
382216300062581,187652288,2459631.0210136063,59630.522881899997,14.3184757,0.0124446889,0,zr,263.52609269999999,-7.6707377000000001,3.10899997,0.130999997,20220220522870,382,0x10,0x3,19.9899998,26.1551075,0.0250489786,0.0789727047,1.11254722e-05,30,2.03200006,1
382216300062581,188552445,2459640.0234143715,59639.524455999999,14.2988577,0.0124436552,0,zr,263.5260912,-7.6707193,0.959999979,-0,20220301524444,382,0x10,0x3,19.4899998,26.1353931,0.0334728286,0.0976611376,2.00755258e-05,30,1.72599995,1
382216300062581,191939231,2459673.8944778889,59673.392314800003,14.307807,0.0124441003,0,zr,263.52611610000002,-7.6706991999999996,0.513999999,0.00200000009,20220404392303,382,0x10,0x3,19.7999992,25.8723354,0.0292040948,0.0980029181,1.51552222e-05,30,2.26099992,1
382216300062581,192537951,2459679.8822038267,59679.379513899999,14.311348,0.0124442894,0,zr,263.52610759999999,-7.6707209000000001,1.67900002,0.0579999983,20220410379502,382,0x10,0x3,20.2099991,26.0596695,0.0214987695,0.0974907577,8.31697889e-06,30,2.19199991,1
382216300062581,192941819,2459683.9212249541,59683.418194400001,14.3164787,0.0124445744,0,zr,263.52610349999998,-7.6707280999999998,2.2650001,0.116999999,20220414418194,382,0x10,0x3,20.1399994,26.1302872,0.0209691375,0.0834378153,7.81630206e-06,30,1.61800003,1
382216300062581,193135562,2459685.8588141343,59685.355624999997,14.3368568,0.0124458568,0,zr,263.526115,-7.6706981000000001,1.98500001,0.0469999984,20220416355613,382,0x10,0x3,19.2600002,26.0925217,0.0330694392,0.0840968043,1.97315585e-05,30,2.34299994,1
382216300062581,193437665,2459688.8800849696,59688.376655100001,14.3249941,0.012445081,0,zr,263.52611560000003,-7.6707532,1.43299997,0.0189999994,20220419376655,382,0x10,0x3,19.1499996,26.0954952,0.0334395356,0.0874677896,2.07708399e-05,30,1.87,1
382216300062581,193939892,2459693.9027343364,59693.398923599998,14.3159199,0.0124445427,0,zr,263.52612210000001,-7.6706664,1.38699996,0.0170000009,20220424398924,382,0x10,0x3,20.0900002,26.0656357,0.0249104127,0.0916594714,1.10085202e-05,30,1.56700003,1
382216300062581,194143953,2459695.9434950729,59695.439536999998,14.2316694,0.0124417134,32768,zr,263.52611130000003,-7.6707597999999999,2.05100012,0.273000002,20220426439525,382,0x10,0x3,20.0699997,25.4979858,0.0921921656,0.141386047,0.000151644359,30,1.39499998,1
382216300062581,194641928,2459700.9235804216,59700.419282399998,14.3297215,0.0124453809,0,zr,263.52610490000001,-7.6706576999999996,2.35100007,0.0649999976,20220501419282,382,0x10,0x3,20.4799995,26.125391,0.0210093912,0.0831043869,7.88456236e-06,30,1.40999997,1
382216300062581,194841925,2459702.9236856182,59702.419259299997,14.3247538,0.0124450671,0,zr,263.52609769999998,-7.6707090999999998,2.24600005,0.0909999982,20220503419259,382,0x10,0x3,20.6200008,26.0832272,0.0185521636,0.087132737,6.20258243e-06,30,1.398,1
382216300062581,195435365,2459708.85843476,59708.353657400003,14.3260345,0.0124451462,0,zr,263.52610049999998,-7.6707267999999997,1.09000003,0.00600000005,20220509353542,382,0x10,0x3,19.7700005,26.1336269,0.0275799464,0.0864245445,1.37253792e-05,30,1.59300005,1
382216300062581,195443978,2459708.9445622372,59708.439780100001,14.3222237,0.0124449115,0,zr,263.52610190000001,-7.6706921000000001,1.33500004,-0.00499999989,20220509439780,382,0x10,0x3,20.1000004,26.1429539,0.0230815709,0.0917153135,9.58137753e-06,30,1.36800003,1
382216300062581,195639730,2459710.9021907984,59710.397303199999,14.3441429,0.0124463737,0,zr,263.52609319999999,-7.6706779999999997,2.15499997,0.0680000037,20220511397257,382,0x10,0x3,20.3099995,26.1531143,0.0231806003,0.0835295022,9.68028417e-06,30,1.398,1
382216300062581,195839795,2459712.9029414207,59712.397951400002,14.3312502,0.0124454796,0,zr,263.5261026,-7.6707067999999996,1.64300001,0.0460000001,20220513397951,382,0x10,0x3,20.1800003,26.1500378,0.0223893262,0.0804852918,8.84441488e-06,30,1.38699996,1
382216300062581,196037670,2459714.8817872936,59714.376701399997,14.345459,0.0124464696,0,zr,263.52611100000001,-7.6707349999999996,1.83599997,0.0390000008,20220515376655,382,0x10,0x3,19.7000008,26.1561432,0.026123412,0.0824364871,1.22316542e-05,30,1.421,1
382216300062581,196431496,2459718.8202255964,59718.3149653,14.3430595,0.0124462945,0,zr,263.52610859999999,-7.6707168000000001,2.32500005,0.0680000037,20220519314965,382,0x10,0x3,19.7900009,26.0945587,0.0253346115,0.0828735083,1.16388419e-05,30,1.67400002,1
382216300062581,196437631,2459718.8815822648,59718.376319399998,14.3025923,0.0124438358,0,zr,263.5260978,-7.6707248999999997,2.58800006,0.122000001,20220519375891,382,0x10,0x3,20.1100006,26.1479664,0.0222084336,0.0787682533,9.05819707e-06,30,1.39600003,1
382216300062581,196733552,2459721.8408997487,59721.335520799999,14.3121777,0.0124443332,0,zr,263.52610149999998,-7.6706801000000002,2.33400011,0.0520000011,20220522335509,382,0x10,0x3,20.6900005,26.1388073,0.0234857555,0.0869185552,9.9902054e-06,30,1.49899995,1
382216300062581,196739800,2459721.9033905747,59721.398009299999,14.3007326,0.0124437446,0,zr,263.5260988,-7.6707213999999997,2.77600002,0.178000003,20220522398009,382,0x10,0x3,20.8700008,26.1633492,0.0208212622,0.0831963122,7.83957785e-06,30,1.36699998,1
382216300062581,197141645,2459725.9219760303,59725.416458300002,14.2919827,0.0124433432,0,zr,263.52610429999999,-7.6707308000000003,3.47600007,0.0500000007,20220526416458,382,0x10,0x3,21.1700001,26.1533222,0.0168869141,0.0808373913,5.26429085e-06,30,1.39199996,1
382216300062581,197639810,2459730.9037545705,59730.398101899998,14.314497,0.0124444626,0,zr,263.52610220000003,-7.6707410999999999,2.1789999,0.0149999997,20220531398056,382,0x10,0x3,21.2000008,26.1772728,0.0167852174,0.089295879,5.09279016e-06,30,1.38399994,1
382216300062581,198044267,2459734.9484073129,59734.442673600002,14.3395824,0.0124460468,32768,zr,263.52610659999999,-7.6707464999999999,2.33500004,0.0850000009,20220604442662,382,0x10,0x3,20.3500004,25.705225,0.0224708635,0.0772824064,9.08931543e-06,30,1.58399999,1
382216300062581,198529288,2459739.7986787395,59739.292881900001,14.360815,0.012447671,0,zr,263.52611480000002,-7.6707179999999999,1.69400001,0.141000003,20220609292882,382,0x10,0x3,20.5,26.1694813,0.0231617317,0.0730820894,9.97814095e-06,30,1.472,1
382216300062581,198731474,2459741.8205575249,59741.314745399999,14.3275661,0.012445244,0,zr,263.52610759999999,-7.6707247000000001,2.73000002,0.103,20220611314734,382,0x10,0x3,20,26.1160259,0.0243984088,0.0821902975,1.071734e-05,30,1.39400005,1
382216300062581,199334105,2459747.846872387,59747.341053199998,14.278965,0.0124428254,0,zr,263.52613159999999,-7.6706599000000004,1.977,0.0469999984,20220617341053,382,0x10,0x3,20.2000008,26.2152596,0.0291196611,0.0792544186,1.54587251e-05,30,1.37199998,1
382216300062581,199535325,2459749.8590610181,59749.353252300003,14.3086166,0.0124441432,0,zr,263.52609949999999,-7.6707172999999997,2.07500005,0.075000003,20220619353252,382,0x10,0x3,20.5200005,26.1752472,0.0193164367,0.0795447454,6.68967141e-06,30,1.39600003,1
382216300062581,199738098,2459751.8867754582,59751.380983800002,14.3350668,0.0124457357,0,zr,263.52609139999998,-7.6707424,2.87800002,0.165000007,20220621380602,382,0x10,0x3,20.5799999,26.1487103,0.0184446555,0.0794933066,6.16008356e-06,30,1.50199997,1
382216300062581,199933614,2459753.8419148652,59753.3361458,14.2495136,0.0124419928,0,zr,263.52611309999998,-7.6707101,2.96199989,0.0850000009,20220623336134,382,0x10,0x3,20.8400002,26.1168156,0.0235863551,0.0900958776,9.93201229e-06,30,1.38600004,1
382216300062581,200237212,2459756.877851563,59756.3721296,14.3177052,0.0124446452,0,zr,263.52609589999997,-7.6707457000000003,2.08100009,0.063000001,20220626372130,382,0x10,0x3,20.8299999,26.1711597,0.0183235798,0.0826233774,6.11619498e-06,30,1.52499998,1
382216300062581,200429431,2459758.8000017833,59758.294317100001,14.2901173,0.0124432631,0,zr,263.52609760000001,-7.6707238999999996,2.58500004,0.0850000009,20220628294306,382,0x10,0x3,20.9699993,26.1124554,0.0180155449,0.0837100074,5.989888e-06,30,1.36699998,1
382216300062581,200631133,2459760.8169703418,59760.311330999997,14.2763386,0.0124427313,0,zr,263.5260912,-7.6707424,3.171,0.114,20220630311331,382,0x10,0x3,21.2199993,26.168623,0.0180087276,0.0800289884,5.88641024e-06,30,1.37800002,1
382216300062581,201031219,2459764.8177299616,59764.312199100001,14.3411074,0.0124461539,0,zr,263.5260935,-7.6707244000000001,2.96799994,0.270999998,20220704312188,382,0x10,0x3,20.9599991,26.1967239,0.0187789593,0.0870922133,6.44333704e-06,30,1.39600003,1
382216300062581,201227091,2459766.7763833106,59766.270914399996,14.3889828,0.0124502378,0,zr,263.52610399999998,-7.6707765999999999,1.94200003,0.0590000004,20220706270868,382,0x10,0x3,21.0699997,26.1827755,0.0166421067,0.0817003772,5.08008497e-06,30,1.36800003,1
382216300062581,201926743,2459773.7726321658,59773.267430599997,14.3064184,0.0124440277,0,zr,263.52611400000001,-7.6707286000000003,4.4920001,0.287,20220713267431,382,0x10,0x3,19.7399998,26.1519909,0.0255130623,0.0762963966,1.20302993e-05,30,1.37,1
382216300062581,202127456,2459775.7796721831,59775.2745602,14.3048515,0.0124439485,0,zr,263.52609580000001,-7.6707424,2.14499998,0.0450000018,20220715274549,382,0x10,0x3,20.2700005,26.1302338,0.0229738075,0.0776742995,9.65485742e-06,30,1.38300002,1
382216300062581,202133366,2459775.8387782322,59775.333669,14.2962914,0.012443536,0,zr,263.52609210000003,-7.6707641999999998,2.1400001,0.123999998,20220715333646,382,0x10,0x3,20.0699997,26.1066208,0.0280535035,0.0679434612,1.43791967e-05,30,1.60300004,1
382216300062581,203027259,2459784.7772357292,59784.272592599998,14.2836723,0.0124430014,0,zr,263.52609610000002,-7.6707416999999998,3.23099995,0.119999997,20220724272593,382,0x10,0x3,20.9500008,26.0660191,0.0188863669,0.0810991526,6.48209198e-06,30,1.43299997,1
382216300062581,203227329,2459786.777823145,59786.273298599997,14.2835712,0.0124429977,0,zr,263.5260973,-7.6707289000000003,3.28200006,0.143999994,20220726273275,382,0x10,0x3,21.0699997,26.0759392,0.0185141619,0.0806811824,6.19193452e-06,30,1.45299995,1
382216300062581,203427258,2459788.7769821016,59788.272580999997,14.3552713,0.0124472212,0,zr,263.52609749999999,-7.6707039000000004,2.11599994,0.104999997,20220728272558,382,0x10,0x3,20.6299992,26.0839348,0.0189442821,0.0806515068,6.43262501e-06,30,1.47099996,1
382216300062581,203625415,2459790.7584291254,59790.254155100003,14.3245115,0.0124450522,0,zr,263.52609699999999,-7.6707568000000004,1.36000001,0.155000001,20220730254144,382,0x10,0x3,20.25,25.8820705,0.0233444069,0.0865065381,9.98030282e-06,30,1.42700005,1
382216300062581,204025296,2459794.7569668186,59794.252962999999,14.3505325,0.0124468515,0,zr,263.52608309999999,-7.6707352999999996,2.43300009,0.204999998,20220803252940,382,0x10,0x3,20.5799999,26.0531559,0.0251754113,0.0860505998,1.13969927e-05,30,1.45899999,1
382216300062581,204333328,2459797.8370707529,59797.333287000001,14.301486,0.0124437809,0,zr,263.52608550000002,-7.6707118000000003,2.91000009,0.228,20220806333275,382,0x10,0x3,20.5599995,26.0768166,0.0237173941,0.0862860531,1.02575186e-05,30,2.35100007,1
382216300062581,204720046,2459801.703957079,59801.200463000001,14.2809353,0.012442898,0,zr,263.52609319999999,-7.670712,3.03900003,0.0890000015,20220810200451,382,0x10,0x3,19.8899994,26.1032562,0.0248644371,0.0858468711,1.11118197e-05,30,1.37899995,1
382216300062581,205119069,2459805.6938748634,59805.1906944,14.2285271,0.0124416808,0,zr,263.52609089999999,-7.6707291,3.26300001,0.125,20220814190683,382,0x10,0x3,20.7700005,26.1156807,0.0227151178,0.0718617886,9.32259809e-06,30,1.38100004,1
382216300062581,205327836,2459807.7813789197,59807.2783681,14.2970133,0.0124435686,0,zr,263.52607899999998,-7.6707333999999996,2.2249999,0.203999996,20220816278368,382,0x10,0x3,20.2900009,26.0683613,0.0254896488,0.0823243931,1.17500522e-05,30,1.89400005,1
382216300062581,205517350,2459809.6763607566,59809.173506899999,14.2879229,0.0124431718,0,zr,263.5260955,-7.6706805999999998,2.39100003,0.0850000009,20220818173461,382,0x10,0x3,20.6200008,26.1363182,0.0274890307,0.0755683333,1.35676901e-05,30,1.37399995,1
382216300062581,206023262,2459814.7350488226,59814.2326273,14.3372393,0.0124458838,0,zr,263.52609719999998,-7.6707321000000004,2.18799996,0.0680000037,20220823232616,382,0x10,0x3,20.6399994,26.0937977,0.0181929749,0.0883158743,5.98651877e-06,30,1.63999999,1
382216300062581,206421168,2459818.7137594731,59818.211689800002,14.3396406,0.0124460505,0,zr,263.52609180000002,-7.6707666000000003,2.125,0.0729999989,20220827211690,382,0x10,0x3,20.9099998,26.1182346,0.0179755669,0.0868434608,5.90874652e-06,30,1.574,1
382216300062581,206615510,2459820.6569987969,59820.155104199999,14.3423243,0.0124462415,0,zr,263.52609260000003,-7.6706782999999996,1.53299999,0.00899999961,20220829155104,382,0x10,0x3,20.2199993,26.1150303,0.022134589,0.0868094638,8.76179001e-06,30,1.38900006,1
382216300062581,206916886,2459823.6704851403,59823.168865699998,14.3077478,0.0124440975,0,zr,263.52608529999998,-7.6707101,2.74900007,0.0860000029,20220901168866,382,0x10,0x3,20.6299992,26.1411781,0.0222782008,0.0754879192,8.95813537e-06,30,1.44200003,1
382216300062581,207118634,2459825.6877757129,59825.186342599998,14.3857069,0.0124499146,0,zr,263.52609180000002,-7.6707650000000003,2.53699994,0.257999986,20220903186331,382,0x10,0x3,20.2999992,26.0853939,0.0218253564,0.0827296227,8.71694283e-06,30,1.53900003,1
382216300062581,209015157,2459844.6512145107,59844.151574099997,14.3182774,0.0124446778,0,zr,263.52609669999998,-7.6707387000000002,3.24799991,0.119999997,20220922151562,382,0x10,0x3,20.6200008,26.1717625,0.0176862236,0.0817262381,5.67048983e-06,30,1.64699996,1
382216300062581,209418795,2459848.6872108723,59848.187951400003,14.2934885,0.0124434102,0,zr,263.52607949999998,-7.6707388999999999,2.81399989,0.119000003,20220926187940,382,0x10,0x3,20.4300003,26.0098076,0.0222529378,0.0836860463,9.11658481e-06,30,2.2249999,1
382216300062581,209613228,2459850.6313575916,59850.132280099999,14.3454552,0.0124464696,0,zr,263.52609489999998,-7.6707587999999998,2.10599995,0.0850000009,20220928132269,382,0x10,0x3,20.75,26.1280746,0.0177056789,0.0873943791,5.69424174e-06,30,1.62600005,1
382216300062581,209916994,2459853.6687377328,59853.169942100001,14.2842665,0.0124430247,0,zr,263.52609530000001,-7.6707501999999996,2.33699989,0.0700000003,20221001169942,382,0x10,0x3,20.6399994,26.1105671,0.0206802785,0.0874929875,7.7803943e-06,30,2.14499998,1
382216300062581,210114890,2459855.6475145621,59855.148900499997,14.2903652,0.0124432743,0,zr,263.5260945,-7.6707254999999996,3.48699999,0.137999997,20221003148900,382,0x10,0x3,19.9899998,25.9847164,0.0248177741,0.0934286788,1.12282351e-05,30,1.91400003,1
382216300062581,210514443,2459859.6426861477,59859.144432900001,14.3643932,0.0124479719,0,zr,263.526116,-7.6707416000000004,1.94299996,0.0460000001,20221007144433,382,0x10,0x3,19.8899994,26.0450497,0.0261526667,0.0836349949,1.22163392e-05,30,2.00099993,1
382216300062581,210813002,2459862.6280126092,59862.130023099999,14.3193159,0.0124447392,0,zr,263.52611860000002,-7.6707064000000003,2.83599997,0.111000001,20221010130023,382,0x10,0x3,19.8700008,26.0768471,0.0245751608,0.0801935419,1.08156746e-05,30,1.91700006,1
382216300062581,212809334,2459882.589751638,59882.0933449,14.2907143,0.0124432892,32768,zr,263.52609740000003,-7.6707160999999999,0.922999978,0.00200000009,20221030093333,382,0x10,0x3,19.3899994,26.0773144,0.0450420044,0.0749071538,3.64462721e-05,30,2.19199991,2
382216300062581,212809939,2459882.5958044115,59882.099398099999,14.3023329,0.0124438228,32768,zr,263.52609790000002,-7.6706976999999998,1.676,-0.0140000004,20221030099398,382,0x10,0x3,19.0400009,26.026947,0.0528201722,0.0907513723,5.30306606e-05,30,2.31200004,2
382216300062581,212810241,2459882.5988250971,59882.102419000003,14.2843485,0.0124430284,0,zr,263.5260677,-7.6706576999999996,0.838999987,-0.00200000009,20221030102419,382,0x10,0x3,19.1000004,26.0258732,0.0496200286,0.107061408,4.54844812e-05,30,2.37899995,2
382216300062581,212810543,2459882.6018456826,59882.105439799998,14.2746344,0.0124426736,0,zr,263.52607239999998,-7.6707799999999997,1.51199996,-0,20221030105440,382,0x10,0x3,19.4400005,26.0111122,0.0381500795,0.098405093,2.57400388e-05,30,2.45000005,2
382216300062581,212909271,2459883.5890578046,59883.0927199,14.3296404,0.0124453763,0,zr,263.52611180000002,-7.6707121999999996,2.579,0.115999997,20221031092708,382,0x10,0x3,19.8500004,26.0513477,0.028042173,0.0906255692,1.41219452e-05,30,2.23200011,2
382216300062581,212909574,2459883.5920783947,59883.095740700002,14.3047552,0.0124439439,0,zr,263.52609710000002,-7.6706954999999999,1.93099999,0.115999997,20221031095729,382,0x10,0x3,19.7099991,26.0363483,0.0289709494,0.101128742,1.47601932e-05,30,2.29299998,2
382216300062581,212909877,2459883.5951105836,59883.098773099999,14.3349886,0.0124457302,0,zr,263.52609030000002,-7.6707190000000001,1.82200003,0.0879999995,20221031098750,382,0x10,0x3,19.7700005,26.037693,0.0281030126,0.0862575248,1.40912307e-05,30,2.35800004,2
382216300062581,212910179,2459883.598131272,59883.101794000002,14.3321352,0.0124455392,0,zr,263.5260682,-7.6707472000000001,1.86300004,0.0520000011,20221031101771,382,0x10,0x3,19.5900002,26.0128136,0.0313370042,0.0998575613,1.73672288e-05,30,2.42799997,2
382216300062581,212910481,2459883.6011518626,59883.104814799997,14.3717442,0.0124486107,32768,zr,263.52607169999999,-7.6707583000000001,1.59200001,0.0469999984,20221031104803,382,0x10,0x3,19.6200008,26.0285683,0.0370257683,0.0732596666,2.42871138e-05,30,2.50300002,2
382216300062581,214007680,2459894.5724679325,59894.076805600002,14.305582,0.0124439858,0,zr,263.52609059999997,-7.6707402,2.39400005,0.142000005,20221111076806,382,0x10,0x3,19.5400009,26.068058,0.0313297622,0.0872002468,1.75392615e-05,30,2.55699992,2
382216300062581,214007925,2459894.5749214953,59894.079259300001,14.317297,0.012444621,0,zr,263.5260657,-7.6707193,2.19899988,0.0790000036,20221111079259,382,0x10,0x3,19.5799999,26.0417919,0.0294964891,0.0878780559,1.54087757e-05,30,2.62700009,2
382216300062581,214008171,2459894.5773750604,59894.081713,14.3269672,0.0124452049,0,zr,263.52608579999998,-7.6707272,1.85699999,0.155000001,20221111081713,382,0x10,0x3,19.6200008,26.0344887,0.0279919058,0.0922957137,1.38490632e-05,30,2.70000005,2
382216300062581,214008416,2459894.5798286251,59894.084166699999,14.2678413,0.0124424547,0,zr,263.52609580000001,-7.670706,2.56900001,0.105999999,20221111084167,382,0x10,0x3,19.7700005,26.0351315,0.0265230834,0.0959015563,1.2429653e-05,30,2.77900004,2
382216300062581,214107410,2459895.5697176103,59895.0741088,14.4187679,0.0124534741,32768,zr,263.52608909999998,-7.6707460999999997,1.42799997,0.0189999994,20221112074109,382,0x10,0x3,18.8600006,26.0596981,0.0535094626,0.04662304,5.75276135e-05,30,2.55800009,2
382216300062581,214107653,2459895.5721480795,59895.076539399997,14.2900181,0.0124432594,32768,zr,263.5261031,-7.6707467999999999,1.91299999,0.0489999987,20221112076539,382,0x10,0x3,17.75,24.9924431,0.0795686394,0.136281565,0.000239808825,30,2.62700009,2
382216300062581,214107896,2459895.5745784463,59895.078969900002,14.3136854,0.0124444179,32768,zr,263.52607810000001,-7.6707723000000003,2.18199992,0.0179999992,20221112078970,382,0x10,0x3,19.0499992,25.9012012,0.0798588544,0.103709556,0.000118538344,30,2.70000005,2
382216300062581,214108141,2459895.5770204151,59895.081412,14.3542318,0.0124471392,0,zr,263.52609080000002,-7.6707567000000001,2.27800012,0.0549999997,20221112081412,382,0x10,0x3,19.4699993,26.014904,0.035073027,0.0877796263,2.20728616e-05,30,2.77800012,2
382216300062581,214108384,2459895.5794508858,59895.083842599997,14.3340645,0.0124456678,0,zr,263.52609649999999,-7.6706704999999999,1.73899996,0.023,20221112083843,382,0x10,0x3,19.3099995,25.9156628,0.0402586944,0.0866756216,2.94130587e-05,30,2.86199999,2
382216300062581,221456822,2459969.0642478853,59968.568229199998,14.3203936,0.0124448026,0,zr,263.526138,-7.6707130000000001,1.71500003,-0.00400000019,20230124568218,382,0x10,0x3,19.3999996,26.0883827,0.037063051,0.0884962976,2.33244245e-05,30,2.6500001,1
382216300062581,221457060,2459969.0666207359,59968.570601899999,14.2945614,0.0124434577,32768,zr,263.52615359999999,-7.6707118999999997,1.26600003,-0.00300000003,20230124570602,382,0x10,0x3,19.2000008,26.109457,0.0477863476,0.0743185654,4.04356106e-05,30,2.58200002,1
382216300062581,221457297,2459969.0689934865,59968.572974499999,14.3116703,0.0124443062,0,zr,263.5261605,-7.6707349999999996,0.985000014,0.00300000003,20230124572963,382,0x10,0x3,18.9500008,26.0846424,0.0463657528,0.100629285,3.9433955e-05,30,2.51699996,1
382216300062581,221457534,2459969.0713663413,59968.5753472,14.3007898,0.0124437474,0,zr,263.52612090000002,-7.6707063,0.768999994,-0.0120000001,20230124575336,382,0x10,0x3,18.7000008,26.0787144,0.0504107438,0.108396403,5.1365314e-05,30,2.45700002,1
382216300062581,221556665,2459970.0627372353,59969.566655100003,14.3181057,0.0124446675,0,zr,263.52611250000001,-7.6707014999999998,2.88000011,0.136000007,20230125566644,382,0x10,0x3,19.9899998,26.0925999,0.0239803549,0.0918365195,1.01229307e-05,30,2.61599994,1
382216300062581,221556910,2459970.0651910943,59969.569108800002,14.3340921,0.0124456687,0,zr,263.52612340000002,-7.6707109000000004,1.79799998,0.104999997,20230125569109,382,0x10,0x3,19.9200001,26.0916653,0.0234809201,0.0917675644,9.63926595e-06,30,2.5480001,1
382216300062581,221557157,2459970.0676565557,59969.571574100002,14.3466539,0.012446559,0,zr,263.52611680000001,-7.6707070000000002,2.23699999,0.101999998,20230125571562,382,0x10,0x3,19.7000008,26.1012802,0.0256418884,0.0897326395,1.15142939e-05,30,2.48300004,1
382216300062581,221557402,2459970.070110416,59969.574027800001,14.3325911,0.012445569,0,zr,263.52610959999998,-7.6707121000000003,2.06900001,0.115000002,20230125574028,382,0x10,0x3,19.4699993,26.1121788,0.0302126259,0.0868244022,1.64802277e-05,30,2.42199993,1
382216300062581,221557649,2459970.072575877,59969.576493100001,14.3551579,0.0124472119,32768,zr,263.52610099999998,-7.6707103999999999,1.30799997,0.0680000037,20230125576482,382,0x10,0x3,19.1399994,26.1138535,0.0362930894,0.0780991018,2.37841305e-05,30,2.36500001,1
382216300062581,222354990,2459978.0465404219,59977.549907400004,14.304328,0.0124439215,0,zr,263.52609769999998,-7.6707134000000003,1.88199997,-0.00400000019,20230202549907,382,0x10,0x3,20.1599998,26.0540714,0.0255552717,0.0816585794,1.14119939e-05,30,2.47900009,1
382216300062581,222355247,2459978.0491101127,59977.552476899997,14.3307962,0.0124454498,0,zr,263.52610600000003,-7.6707182999999999,2.25999999,0.0350000001,20230202552477,382,0x10,0x3,19.9799995,26.073637,0.0296685472,0.0827666745,1.53413821e-05,30,2.41599989,1
382216300062581,222355505,2459978.0516913058,59977.555057899997,14.3300705,0.0124454033,0,zr,263.52609030000002,-7.6707329,1.47300005,0.0799999982,20230202555046,382,0x10,0x3,20.1499996,26.0599136,0.0258221868,0.0929369107,1.16597676e-05,30,2.35599995,1
382216300062581,222355762,2459978.0542608942,59977.557627299997,14.3397188,0.0124460561,0,zr,263.52614460000001,-7.6706979999999998,1.78999996,0.0359999985,20230202557627,382,0x10,0x3,20.1299992,26.066597,0.028465353,0.0861734301,1.41190467e-05,30,2.30100012,1
382216300062581,222356020,2459978.0568420896,59977.560208299998,14.3593903,0.0124475537,0,zr,263.52609369999999,-7.6707299999999998,1.94000006,0.128999993,20230202560208,382,0x10,0x3,20.1200008,26.0613499,0.0267876219,0.093556352,1.26898694e-05,30,2.24799991,1
382216300062581,222454968,2459979.0463946345,59978.549687500003,14.3309145,0.0124454591,32768,zr,263.5260705,-7.6706842000000002,0.740999997,0.00499999989,20230203549676,382,0x10,0x3,18.5799999,25.3980999,0.0492002368,0.0812164098,5.239233e-05,30,2.41700006,1
382216300062581,222455565,2459979.0523672844,59978.555659700003,14.3241186,0.0124450279,32768,zr,263.52609360000002,-7.6706780999999999,1.76300001,0.0240000002,20230203555660,382,0x10,0x3,18.2700005,24.6122608,0.0594970994,0.0789214671,9.67767628e-05,30,2.28500009,1
382216300062581,222554886,2459980.045647962,59979.548865700002,14.3135719,0.0124444114,0,zr,263.52606630000002,-7.6707172999999997,2.96199989,0.108999997,20230204548715,382,0x10,0x3,19.3299999,26.0111713,0.030822441,0.0978485048,1.70681578e-05,30,2.37299991,1
382216300062581,222555137,2459980.048159752,59979.551377299998,14.3381577,0.0124459472,0,zr,263.52609639999997,-7.6707171000000001,1.76999998,0.0670000017,20230204551238,382,0x10,0x3,19.6000004,26.0168495,0.0275649391,0.089016147,1.33115182e-05,30,2.31699991,1
382216300062581,222555388,2459980.0506715449,59979.553888900002,14.3290062,0.0124453343,0,zr,263.52610270000002,-7.6706871000000003,2.4749999,0.120999999,20230204553750,382,0x10,0x3,19.5599995,26.0186634,0.0273298956,0.0934720188,1.31969973e-05,30,2.2650001,1
382216300062581,222555640,2459980.0531833358,59979.556400499998,14.32481,0.0124450708,0,zr,263.52611239999999,-7.6707163999999999,2.02999997,0.0439999998,20230204556262,382,0x10,0x3,19.5499992,26.0204544,0.0269267242,0.0944906399,1.284062e-05,30,2.21600008,1
382216300062581,222555891,2459980.0556950294,59979.558912,14.330514,0.0124454331,0,zr,263.52609790000002,-7.6707190000000001,1.46800005,0.0350000001,20230204558773,382,0x10,0x3,19.6399994,26.0261879,0.0264790803,0.0952360183,1.23506325e-05,30,2.16899991,1
382216300062581,224250535,2459997.0035553603,59996.505358800001,14.3331137,0.0124456026,0,zr,263.52611150000001,-7.6707058999999997,1.75699997,0.0439999998,20230221505359,382,0x10,0x3,20.2800007,26.0567894,0.0222763084,0.0867526978,8.85527061e-06,30,2.30900002,1
382216300062581,226247016,2460016.9702349519,60016.470161999998,14.3363409,0.0124458214,0,zr,263.52611810000002,-7.6706924000000001,1.43499994,0.0329999998,20230313470150,382,0x10,0x3,19.5900002,26.0712986,0.027078338,0.0909696817,1.30669596e-05,30,1.97599995,1
382216300062581,226748179,2460021.9823490377,60021.481793999999,14.3170557,0.0124446079,0,zr,263.52610090000002,-7.6707155,1.65600002,-0.00600000005,20230318481794,382,0x10,0x3,20.1800003,26.1010189,0.0252677575,0.0947208777,1.13083606e-05,30,1.70000005,1
382216300062581,227843954,2460032.9411428613,60032.439548599999,14.3241205,0.012445027,0,zr,263.526115,-7.6706652999999996,1.93900001,0.0540000014,20230329439537,382,0x10,0x3,20.3199997,26.0981312,0.0212855432,0.0929140747,7.9444535e-06,30,1.81599998,1
382216300062581,228948069,2460043.983284059,60043.480694400001,14.3432217,0.0124463066,0,zr,263.5260968,-7.6707200000000002,2.19700003,0.210999995,20230409480694,382,0x10,0x3,19.9699993,26.1583252,0.0249832589,0.0819512755,1.10771034e-05,30,1.40799999,1
382216300062581,229237842,2460046.8812638461,60046.378425900002,14.2912331,0.0124433106,0,zr,263.52611130000003,-7.6707019000000001,2.12100005,0.104000002,20230412378414,382,0x10,0x3,20.2600002,26.0475254,0.022482371,0.0862142891,9.23854077e-06,30,2.12700009,1
382216300062581,229945775,2460053.9611707451,60053.4577546,14.3228598,0.0124449516,0,zr,263.52609710000002,-7.6707070000000002,1.12899995,0.0419999994,20230419457743,382,0x10,0x3,20.3700008,26.1299534,0.0206446685,0.0894915313,7.62866603e-06,30,1.39900005,1
382216300062581,230146112,2460055.9646941796,60055.461122699999,14.2810669,0.0124429027,0,zr,263.5261122,-7.6706513999999997,2.87899995,0.103,20230421461111,382,0x10,0x3,20.6800003,26.1578693,0.0202605482,0.0907299668,7.53137101e-06,30,1.38300002,1
382216300062581,230343972,2460057.9434431605,60057.439722199997,14.32127,0.0124448538,0,zr,263.52610379999999,-7.6707004000000003,2.52200007,0.057,20230423439711,382,0x10,0x3,20.7999992,26.0630035,0.021318065,0.0748645067,8.18923218e-06,30,1.41499996,1
382216300062581,230545813,2460059.9620058537,60059.458136599998,14.3296461,0.0124453763,0,zr,263.52610920000001,-7.6707215,1.50100005,0.0390000008,20230425458137,382,0x10,0x3,20.4500008,26.041481,0.0194748361,0.0911326706,6.82627888e-06,30,1.37399995,1
382216300062581,230946092,2460063.9650760386,60063.460925899999,14.3598509,0.0124475909,0,zr,263.5261041,-7.6707234,1.57099998,0.0700000003,20230429460926,382,0x10,0x3,20.7399998,26.1196938,0.0183279291,0.0953645259,6.07339916e-06,30,1.36699998,1
382216300062581,231341829,2460067.9227082375,60067.418298600001,14.3364573,0.0124458289,0,zr,263.52608859999998,-7.6706406999999999,2.29399991,0.112999998,20230503418287,382,0x10,0x3,19.7700005,26.0616474,0.0270371027,0.0858963206,1.30379212e-05,30,1.40100002,1
382216300062581,232443460,2460078.9396348917,60078.434606499999,14.3350487,0.0124457348,0,zr,263.52610120000003,-7.6707454999999998,1.83800006,0.112999998,20230514434606,382,0x10,0x3,20.8299999,26.124733,0.0201509204,0.0845504776,7.33271327e-06,30,1.37199998,1
382216300062581,232744579,2460081.9509676215,60081.445798599998,14.337779,0.0124459201,0,zr,263.52610149999998,-7.6706892,1.19500005,0.0839999989,20230517445787,382,0x10,0x3,20.6100006,26.1405602,0.0217035729,0.0850959569,8.55167673e-06,30,1.39999998,1
382216300062581,232944166,2460083.9469217919,60083.441666699997,14.3076897,0.0124440938,0,zr,263.52610249999998,-7.6707114000000001,1.75600004,0.115000002,20230519441667,382,0x10,0x3,20.9899998,26.0863018,0.0228884909,0.0810040534,9.46500586e-06,30,1.403,1
382216300062581,233140141,2460085.9067459526,60085.401411999999,14.3083143,0.0124441264,0,zr,263.52610140000002,-7.6706991999999996,2.68899989,0.0780000016,20230521401400,382,0x10,0x3,21.1200008,26.1289692,0.0194049925,0.0835583508,6.80232415e-06,30,1.36699998,1
382216300062581,233339137,2460087.8967855009,60087.391377300002,14.2532673,0.0124420719,0,zr,263.52610179999999,-7.6707166999999998,4.34200001,0.202999994,20230523391366,382,0x10,0x3,21.3199997,26.112484,0.0184819754,0.0890085101,6.34653361e-06,30,1.36800003,1
382216300062581,233537803,2460089.8835088005,60089.378032400004,14.3794155,0.012449312,0,zr,263.52610479999998,-7.6707562999999999,2.01200008,0.184,20230525378032,382,0x10,0x3,20.9099998,26.1234303,0.0173608493,0.0900231823,5.43829492e-06,30,1.37199998,1
382216300062581,233737951,2460091.885052958,60091.379513899999,14.3289652,0.0124453316,0,zr,263.52610170000003,-7.6707479999999997,1.995,0.171000004,20230527379514,382,0x10,0x3,21.0400009,26.1338406,0.0186741669,0.0852008909,6.23596588e-06,30,1.36800003,1
382216300062581,233937879,2460093.8843918289,60093.3787963,14.3224115,0.0124449236,0,zr,263.52610529999998,-7.6707121999999996,2.74799991,0.219999999,20230529378796,382,0x10,0x3,20.8899994,26.1252995,0.0197404586,0.0864889771,7.0360129e-06,30,1.36699998,1
382216300062581,234537500,2460099.8807278289,60099.375,14.3481512,0.0124466708,0,zr,263.5260988,-7.6707372999999999,2.37700009,0.138999999,20230604375000,382,0x10,0x3,19.1499996,26.1457882,0.0334715843,0.0777604729,2.12581726e-05,30,1.37100005,1
382216300062581,234736827,2460101.8740348867,60101.368275499997,14.3546066,0.0124471691,0,zr,263.52611159999998,-7.6707200000000002,3.06200004,0.115000002,20230606368264,382,0x10,0x3,19.6100006,26.1255188,0.0263891332,0.0850139558,1.2370112e-05,30,1.37,1
382216300062581,234935899,2460103.8647777657,60103.358993100002,14.3258972,0.0124451378,0,zr,263.52610090000002,-7.6706855999999997,2.38899994,0.233999997,20230608358993,382,0x10,0x3,20.3799992,26.0728111,0.0215611327,0.0776843205,8.40758821e-06,30,1.36800003,1
382216300062581,235533542,2460109.8412509644,60109.3354282,14.3273382,0.0124452282,0,zr,263.5260998,-7.6706826000000001,2.31299996,0.0810000002,20230614335428,382,0x10,0x3,20.8099995,26.1283092,0.020569725,0.0843111128,7.45110765e-06,30,1.36699998,1
382216300062581,236033822,2460114.8440399268,60114.338229200002,14.2963762,0.0124435397,0,zr,263.52609480000001,-7.6707201999999999,2.12400007,0.172999993,20230619338218,382,0x10,0x3,20.8799992,26.1780949,0.0190754961,0.0863295346,6.51011851e-06,30,1.37399995,1
382216300062581,236333627,2460117.84205744,60117.336273100002,14.3256378,0.0124451211,0,zr,263.52610679999998,-7.6707397999999998,3.30500007,0.131999999,20230622336262,382,0x10,0x3,20.8600006,26.147562,0.0171987955,0.0853574201,5.34795163e-06,30,1.38100004,1
382216300062581,236531649,2460119.8222521883,60119.316493099999,14.3038311,0.0124438964,0,zr,263.52609919999998,-7.6707378000000004,2.08100009,0.0719999969,20230624316493,382,0x10,0x3,20.9699993,26.1747818,0.0167563185,0.0909809321,5.06415972e-06,30,1.36800003,1
382216300062581,236729263,2460121.7983666267,60121.292638899999,14.3441782,0.0124463756,0,zr,263.5261051,-7.6706804999999996,1.59800005,0.0309999995,20230626292627,382,0x10,0x3,20.2900009,26.1770401,0.0200616624,0.088124603,7.23233597e-06,30,1.37100005,1
382216300062581,237130315,2460125.8088050745,60125.303159700001,14.3348618,0.0124457218,0,zr,263.52609639999997,-7.6707055000000004,2.70000005,0.101000004,20230630302951,382,0x10,0x3,20,26.1296711,0.0229807124,0.0809326842,9.38738685e-06,30,1.37,1
382216300062581,237433988,2460128.8454508795,60128.339884300003,14.375905,0.0124489861,0,zr,263.52610490000001,-7.6707687,1.71200001,0.0939999968,20230703339803,382,0x10,0x3,19.2700005,26.133606,0.0331154242,0.0856014118,2.04664775e-05,30,1.46500003,1
382216300062581,238021136,2460134.7167406664,60134.211365700001,14.2685118,0.0124424761,0,zr,263.52609280000001,-7.6707368000000002,3.13700008,0.120999999,20230709210914,382,0x10,0x3,21.1499996,26.1758785,0.0178373065,0.0917459577,5.80999949e-06,30,1.47300005,1
382216300062581,238427462,2460138.7798422887,60138.274629599997,14.2880011,0.0124431746,0,zr,263.52610010000001,-7.6707201999999999,2.1559999,0.174999997,20230713274630,382,0x10,0x3,20.6700001,25.9954853,0.0278256331,0.080103755,1.38706782e-05,30,1.37600005,1
382216300062581,238627120,2460140.77632797,60140.271203700002,14.3734379,0.0124487625,0,zr,263.52609619999998,-7.6707508000000004,2.38100004,0.224999994,20230715271204,382,0x10,0x3,20.7199993,26.149128,0.0176299661,0.0801291615,5.68313999e-06,30,1.37800002,1
382216300062581,238933628,2460143.8412623503,60143.336284700003,14.3028879,0.0124438507,0,zr,263.52610870000001,-7.6707292000000002,1.96899998,0.0930000022,20230718336285,382,0x10,0x3,20.8299999,26.124361,0.0198077578,0.0782926157,7.1288473e-06,30,1.676,1
382216300062581,239325347,2460147.7582440157,60147.253472199998,14.3531084,0.0124470517,0,zr,263.5260983,-7.6707451999999998,2.56399989,0.0700000003,20230722253472,382,0x10,0x3,20.8899994,26.1397495,0.016609285,0.0788186193,4.98261534e-06,30,1.38,1
382216300062581,239719472,2460151.6992667974,60151.194722200002,14.2854595,0.0124430722,0,zr,263.52611439999998,-7.6707377000000001,3.36100006,0.160999998,20230726194722,382,0x10,0x3,20.7600002,26.1229229,0.0189713649,0.0855385438,6.62938101e-06,30,1.38999999,1
382216300062581,239923126,2460153.735681239,60153.231261599998,14.3139877,0.0124444338,0,zr,263.52609109999997,-7.6707274999999999,1.92200005,0.152999997,20230728231250,382,0x10,0x3,20.0799999,26.1264381,0.0241248682,0.0791449547,1.06186044e-05,30,1.37300003,1
382216300062581,240235400,2460156.8582230099,60156.354004599998,14.3122082,0.012444336,0,zr,263.5261064,-7.6707251999999997,3.58100009,0.216999993,20230731353982,382,0x10,0x3,19.1399994,25.9276409,0.0360175371,0.078393504,2.50148569e-05,30,2.43499994,1
382216300062581,240629173,2460160.7956852033,60160.2917361,14.3448133,0.0124464231,0,zr,263.52611760000002,-7.6707672999999996,2.29999995,0.0320000015,20230804291736,382,0x10,0x3,20.2700005,26.1553898,0.0203263462,0.08451657,7.46880369e-06,30,1.69099998,1
382216300062581,241121057,2460165.7141682287,60165.210578699996,14.2867727,0.0124431243,0,zr,263.526095,-7.6706978000000001,2.47399998,0.0590000004,20230809210556,382,0x10,0x3,20.8400002,26.1333714,0.0208014958,0.0884417444,7.89131445e-06,30,1.38900006,1
382216300062581,241527388,2460169.777163405,60169.273888900003,14.1608734,0.0124422209,32768,zr,263.5261069,-7.6707090999999998,1.04999995,0.00100000005,20230813273889,382,0x10,0x3,19.4500008,25.6158237,0.119718522,0.185643122,0.000258520449,30,1.75100005,1
382216300062581,241723131,2460171.7344368603,60171.231319400002,14.32967,0.0124453781,0,zr,263.52610019999997,-7.6707462,2.28399992,0.126000002,20230815231296,382,0x10,0x3,20.7800007,26.1203232,0.017929811,0.0900274217,5.70718294e-06,30,1.50100005,1
382216300062581,241923400,2460173.7369580101,60173.234004600003,14.2959642,0.0124435211,0,zr,263.52610170000003,-7.6707349000000002,2.89499998,0.112000003,20230817233993,382,0x10,0x3,20.8899994,26.1203289,0.0176064465,0.0838406458,5.76435559e-06,30,1.54200006,1
382216300062581,242927672,2460183.7788112485,60183.2767245,14.3393364,0.0124460291,0,zr,263.52609159999997,-7.6707511000000004,1.91299999,0.0710000023,20230827276331,382,0x10,0x3,19.7900009,26.0801048,0.0254647583,0.0916341171,1.15096127e-05,30,2.35100007,1
382216300062581,243119425,2460185.6961736716,60185.194259299999,14.3372927,0.0124458866,0,zr,263.52612599999998,-7.6707292999999996,3.625,0.214000002,20230829194236,382,0x10,0x3,20.1599998,26.1769009,0.0240340345,0.0752336904,1.04921901e-05,30,1.50699997,1
382216300062581,243318993,2460187.6916635833,60187.189930599998,14.3603773,0.0124476356,0,zr,263.5261706,-7.6707596000000002,7.22100019,0.40200001,20230831189884,382,0x10,0x3,19.9200001,26.1950645,0.0307709724,0.0739148185,1.69903142e-05,30,1.51199996,1
382216300062581,244019028,2460194.6913732933,60194.190289400001,14.3113661,0.0124442894,0,zr,263.5260882,-7.6707311000000002,3.01200008,0.194999993,20230907190278,382,0x10,0x3,20.6900005,26.1570606,0.0170305539,0.0879028738,5.2181158e-06,30,1.62600005,1
382216300062581,244619103,2460200.6915467214,60200.191030100003,14.3510561,0.0124468924,0,zr,263.52609189999998,-7.6707124000000002,3.05800009,0.0790000036,20230913190949,382,0x10,0x3,20.6100006,26.1437531,0.0183683243,0.0859786123,6.09247854e-06,30,1.76800001,1
382216300062581,244814976,2460202.6500988826,60202.149768499999,14.3063822,0.0124440258,0,zr,263.52608980000002,-7.6707251999999997,3.55500007,0.0590000004,20230915149757,382,0x10,0x3,20.7700005,26.1101265,0.018325815,0.0902218223,6.06026515e-06,30,1.51600003,1
382216300062581,245014886,2460204.6490058005,60204.148865700001,14.2899733,0.0124432575,0,zr,263.526096,-7.6707422999999997,2.2579999,0.0460000001,20230917148854,382,0x10,0x3,21.0699997,26.12953,0.0178506598,0.0893231034,5.71123155e-06,30,1.53900003,1
382216300062581,245220827,2460206.7082195831,60206.208275500001,14.3081369,0.0124441162,0,zr,263.526096,-7.6707394999999998,2.50399995,0.193000004,20230919208264,382,0x10,0x3,20.3899994,26.0975723,0.0188709069,0.092029579,6.34742128e-06,30,2.2349999,1
382216300062581,245713045,2460211.6299288995,60211.1304514,14.2935276,0.0124434112,0,zr,263.52609169999999,-7.6707128000000004,3.87100005,0.172000006,20230924130127,382,0x10,0x3,20.4699993,26.1773643,0.0185668711,0.0831781849,6.29110173e-06,30,1.54299998,1
382216300062581,245916947,2460213.6687646774,60213.169479199998,14.3010826,0.0124437613,0,zr,263.52608459999999,-7.6707331999999999,1.00300002,0.00400000019,20230926169479,382,0x10,0x3,19.2600002,26.0915928,0.0340855271,0.105422251,2.08088059e-05,30,1.92400002,1
382216300062581,246712995,2460221.6285022576,60221.129953700001,14.3233442,0.0124449795,0,zr,263.52608750000002,-7.6707223000000004,2.421,0.00499999989,20231004129942,382,0x10,0x3,20.1200008,26.0672607,0.0233255401,0.0875607729,9.64640731e-06,30,1.73199999,1
382216300062581,249309349,2460247.5899204356,60247.093495399997,14.3097105,0.0124442,32768,zr,263.52611530000001,-7.6707327000000003,1.36300004,-0.00200000009,20231030093495,382,0x10,0x3,18.4799995,26.0455093,0.0496773869,0.0986220464,5.75317681e-05,30,2.18199992,2
382216300062581,249309653,2460247.5929642171,60247.096539400001,14.3258114,0.0124451313,32768,zr,263.5260667,-7.6706909000000003,1.255,-0.00300000003,20231030096528,382,0x10,0x3,18.8400002,26.0846539,0.0448255688,0.0841754451,3.99445416e-05,30,2.24000001,2
382216300062581,249309957,2460247.5959964045,60247.099571799998,14.3474178,0.0124466168,32768,zr,263.52609569999998,-7.6706988000000003,0.802999973,-0.00499999989,20231030099572,382,0x10,0x3,18.7299995,26.0983276,0.0439846814,0.069122456,4.03774357e-05,30,2.30100012,2
382216300062581,249310260,2460247.5990285873,60247.102604200001,14.3214884,0.0124448678,32768,zr,263.52605879999999,-7.6707003,0.363000005,-0.00100000005,20231030102604,382,0x10,0x3,18.3400002,26.0682774,0.0481407344,0.0779067278,5.99883133e-05,30,2.3670001,2
382216300062581,249310563,2460247.6020607743,60247.105636599998,14.3046198,0.0124439374,32768,zr,263.5260864,-7.6707349999999996,1.074,0.00200000009,20231030105637,382,0x10,0x3,18.3999996,26.0653343,0.0531757325,0.0796838626,7.03703263e-05,30,2.43799996,2
382216300062581,249409288,2460248.589237805,60248.092881899996,14.2870083,0.0124431346,32768,zr,263.52607640000002,-7.6706946,1.50899994,0.00700000022,20231031092859,382,0x10,0x3,18.8799992,26.0877171,0.0455958135,0.0877133384,4.13150265e-05,30,2.22199988,2
382216300062581,249409590,2460248.5922584939,60248.0959028,14.287447,0.0124431523,0,zr,263.52606509999998,-7.6706839000000002,1.02600002,0,20231031095891,382,0x10,0x3,18.9899998,26.0811386,0.0404702574,0.100649782,3.15586476e-05,30,2.28200006,2
382216300062581,249409892,2460248.5952790841,60248.098923600002,14.3227129,0.0124449423,32768,zr,263.52606689999999,-7.6706681999999997,1.16199994,-0.00899999961,20231031098912,382,0x10,0x3,19.0200005,26.0925255,0.042956192,0.08818385,3.43152096e-05,30,2.34599996,2
382216300062581,249410195,2460248.5983112743,60248.101955999999,14.2899675,0.0124432566,32768,zr,263.52608729999997,-7.6706709999999996,0.395000011,0.00899999961,20231031101933,382,0x10,0x3,18.7099991,26.077631,0.0444720834,0.0882390887,4.14496899e-05,30,2.41599989,2
382216300062581,249410497,2460248.6013319627,60248.104976900002,14.3357534,0.0124457814,32768,zr,263.52607690000002,-7.6706934999999996,1.028,-0.0120000001,20231031104965,382,0x10,0x3,18.7600002,26.0905914,0.0469606221,0.0743706003,4.56480375e-05,30,2.49000001,2
382216300062581,249509319,2460249.5894822539,60249.093194399997,14.2859192,0.0124430908,0,zr,263.5260384,-7.6707118999999997,0.61500001,-0.00700000022,20231101093113,382,0x10,0x3,19.0100002,26.0045662,0.0465473868,0.103416197,4.10843895e-05,30,2.28200006,2
382216300062581,249510096,2460249.5972479214,60249.100960600001,14.2676172,0.0124424482,32768,zr,263.52604120000001,-7.6707897999999997,0.708999991,0.0130000003,20231101100880,382,0x10,0x3,18.7900009,26.0331573,0.0569124855,0.0661841482,6.75658084e-05,30,2.45799994,2
382216300062581,249510483,2460249.6011250634,60249.104837999999,14.3447886,0.0124464212,32768,zr,263.52612640000001,-7.670687,0.939999998,-0.0140000004,20231101104757,382,0x10,0x3,19.0599995,26.0636101,0.0500638559,0.0890243128,4.58790164e-05,30,2.55900002,2
382216300062581,249510871,2460249.6050020922,60249.108715299997,14.3668289,0.0124481795,32768,zr,263.52606250000002,-7.6707305000000003,1.11699998,0.00100000005,20231101108634,382,0x10,0x3,19.2700005,26.0577221,0.0452199653,0.0902895182,3.64909756e-05,30,2.67000008,2
382216300062581,250307552,2460257.571309275,60257.075520799997,14.3095484,0.0124441916,32768,zr,263.5260662,-7.6707175000000003,0.862999976,0.00400000019,20231109075509,382,0x10,0x3,18.4200001,26.068325,0.048120901,0.0815015584,5.52359343e-05,30,2.37199998,2
382216300062581,250307796,2460257.5737513322,60257.077963000003,14.3292818,0.012445352,0,zr,263.52607060000003,-7.6707220999999999,1.43499994,0.0170000009,20231109077963,382,0x10,0x3,18.9799995,26.0631294,0.0382251814,0.0815903768,2.73169608e-05,30,2.43000007,2
382216300062581,250308042,2460257.576216389,60257.080428200003,14.3136196,0.0124444142,0,zr,263.5260887,-7.6707343999999997,1.33500004,0.00300000003,20231109080417,382,0x10,0x3,19.1499996,26.0343971,0.0367979258,0.099859409,2.47332373e-05,30,2.49000001,2
382216300062581,250308288,2460257.5786699466,60257.082881900002,14.2941809,0.01244344,32768,zr,263.52610499999997,-7.6707305000000003,0.64200002,-0.0130000003,20231109082870,382,0x10,0x3,18.8299999,26.0318756,0.0446503833,0.0905337483,3.94880008e-05,30,2.55500007,2
382216300062581,250308532,2460257.5811120044,60257.0853241,14.3375597,0.0124459052,32768,zr,263.52611409999997,-7.6707251999999997,0.748000026,-0.00100000005,20231109085324,382,0x10,0x3,19.1000004,26.0484352,0.0407661311,0.0738255903,2.97987899e-05,30,2.62400007,2
382216300062581,250407509,2460258.5708243158,60258.075092599996,14.3489122,0.0124467276,32768,zr,263.52607699999999,-7.6707388999999999,2.18600011,0.00300000003,20231110075093,382,0x10,0x3,18.5799999,25.9778595,0.0463267826,0.0818599015,4.55444751e-05,30,2.42600012,2
382216300062581,250407754,2460258.5732778753,60258.077546300003,14.3885355,0.012450194,32768,zr,263.52607640000002,-7.6707457999999997,1.273,0.0109999999,20231110077535,382,0x10,0x3,18.7900009,25.9446278,0.0572730526,0.0536668636,6.61240629e-05,30,2.48699999,2
382216300062581,250407998,2460258.5757198366,60258.079988400001,14.3138371,0.0124444263,32768,zr,263.52609159999997,-7.6707304000000001,1.29700005,0.0160000008,20231110079988,382,0x10,0x3,18.1299992,25.3416309,0.0586366057,0.108787306,9.7534401e-05,30,2.55100012,2
382216300062581,250408243,2460258.5781618948,60258.082430599999,14.2426319,0.0124418642,32768,zr,263.52606079999998,-7.6707514999999997,0.762000024,0.00400000019,20231110082431,382,0x10,0x3,17.9200001,25.270153,0.0582099818,0.105872616,0.000107024738,30,2.61999989,2
382216300062581,250408488,2460258.5806154562,60258.084884299999,14.2959003,0.0124435183,32768,zr,263.5260791,-7.6707282000000001,1.352,0.00499999989,20231110084873,382,0x10,0x3,18.4200001,25.5176563,0.0482444614,0.101414971,5.3189211e-05,30,2.69300008,2
382216300062581,250507751,2460259.5731877526,60259.0775116,14.3399115,0.0124460701,0,zr,263.52610329999999,-7.6707204000000004,2.36800003,0.119000003,20231111077512,382,0x10,0x3,19.5300007,26.0377922,0.029816132,0.0848049447,1.57193244e-05,30,2.55800009,2
382216300062581,250507996,2460259.5756413136,60259.079965299999,14.2954865,0.0124434987,0,zr,263.52606450000002,-7.6706985000000003,2.32800007,0.0890000015,20231111079965,382,0x10,0x3,19.5499992,26.0272045,0.0306948181,0.0887052342,1.65351776e-05,30,2.62700009,2
382216300062581,250508241,2460259.5780948768,60259.082418999998,14.3199244,0.0124447746,0,zr,263.52607829999999,-7.6707380000000001,2.22199988,0.150000006,20231111082419,382,0x10,0x3,19.6100006,26.0287724,0.0297224633,0.0763965324,1.56183596e-05,30,2.70099998,2
382216300062581,250508487,2460259.5805484406,60259.084872699998,14.2941694,0.0124434391,0,zr,263.52609059999997,-7.6707207000000004,2.78299999,0.104999997,20231111084873,382,0x10,0x3,19.6599998,25.9909439,0.0310913678,0.0916702524,1.68446113e-05,30,2.77999997,2
382216300062581,250508733,2460259.5830136025,60259.087337999998,14.3012104,0.0124437679,0,zr,263.52606980000002,-7.6706854,2.29200006,0.0500000007,20231111087326,382,0x10,0x3,19.6000004,25.9940453,0.0314592272,0.0863245428,1.71614502e-05,30,2.86500001,2
382216300062581,250607418,2460260.5698120762,60260.074189799998,14.3164272,0.0124445716,32768,zr,263.52602159999998,-7.6707293999999999,0.537999988,-0.00700000022,20231112074178,382,0x10,0x3,17.9300003,26.0391922,0.0492033921,0.0996684805,8.19498891e-05,30,2.54200006,2
382216300062581,250607662,2460260.5722425478,60260.076620400003,14.3276291,0.0124452477,32768,zr,263.52607599999999,-7.6707008999999999,0.728999972,-0.00400000019,20231112076620,382,0x10,0x3,18.3600006,26.0594368,0.0454472192,0.0798249245,5.25463256e-05,30,2.6099999,2
382216300062581,250607906,2460260.5746845128,60260.079062500001,14.3505087,0.0124468496,32768,zr,263.52604919999999,-7.6707162999999996,0.964999974,0.00100000005,20231112079051,382,0x10,0x3,18.6499996,26.07341,0.0483239181,0.0748525783,5.12841798e-05,30,2.68099999,2
382216300062581,250608149,2460260.5771149835,60260.081493099999,14.3808012,0.0124494443,32768,zr,263.52608830000003,-7.6706741000000003,1.48399997,-0.0219999999,20231112081481,382,0x10,0x3,18.8500004,26.0588188,0.04634507,0.0769410804,4.331132e-05,30,2.75900006,2
382216300062581,250608392,2460260.5795453507,60260.083923600003,14.3497124,0.0124467881,32768,zr,263.52607599999999,-7.6706639000000001,0.79400003,-0.00200000009,20231112083912,382,0x10,0x3,18.7399998,26.0556221,0.0521383137,0.0717701539,5.64988222e-05,30,2.83999991,2
382216300062581,261451466,2460369.0134802116,60368.514664399998,14.3239517,0.0124450168,0,zr,263.52611050000002,-7.6707178999999996,2.38700008,0.115000002,20240228514653,382,0x10,0x3,19.9400005,26.0590038,0.023903776,0.0913113654,9.89823548e-06,30,1.86899996,1
382216300062581,263548351,2460389.9843369909,60389.483518499997,14.3380051,0.0124459369,0,zr,263.52611460000003,-7.6707435000000004,1.91999996,0.284000009,20240320483518,382,0x10,0x3,20.5900002,26.1091557,0.0188143384,0.0884569138,6.15579984e-06,30,1.62899995,1
382216300062581,263744405,2460391.9450562983,60391.444050899998,14.3186607,0.0124447001,0,zr,263.52611419999999,-7.6706905000000001,1.97599995,0.0759999976,20240322444051,382,0x10,0x3,19.8299999,26.0456314,0.025070399,0.0924271122,1.10061565e-05,30,1.96800005,1
382216300062581,264248097,2460396.9824529793,60396.480972199999,14.2977285,0.0124436021,0,zr,263.52609969999997,-7.6706747000000002,1.10500002,0.0240000002,20240327480961,382,0x10,0x3,19.5200005,26.131649,0.0298419185,0.0884492919,1.54291465e-05,30,1.52900004,1
382216300062581,264444667,2460398.948342009,60398.446678200002,14.325696,0.0124451257,0,zr,263.52612620000002,-7.6707223999999998,1.37199998,0.00300000003,20240329446678,382,0x10,0x3,19.4599991,26.0988007,0.0290432554,0.0955470949,1.4667392e-05,30,1.727,1
382216300062581,265047787,2460404.9800845031,60404.477870399998,14.3105192,0.0124442438,0,zr,263.52609999999999,-7.6707244000000001,1.98699999,0.118000001,20240404477870,382,0x10,0x3,20.7900009,26.1615887,0.0184466876,0.0860519856,5.97571579e-06,30,1.449,1
382216300062581,265444200,2460408.9445665982,60408.442002299998,14.276741,0.0124427462,0,zr,263.52610229999999,-7.6707030999999999,2.45000005,0.143999994,20240408442002,382,0x10,0x3,20.75,26.0857582,0.0214931592,0.0887610987,8.06494063e-06,30,1.56200004,1
382216300062581,266044660,2460414.9496818706,60414.446608799997,14.2845087,0.0124430349,0,zr,263.52611969999998,-7.6706798999999997,1.95700002,0.0869999975,20240414446609,382,0x10,0x3,20.2900009,26.1075745,0.0201076511,0.0984765515,7.03161959e-06,30,1.46399999,1
382216300062581,266337535,2460417.8786690808,60417.375358800004,14.3304396,0.0124454275,0,zr,263.52608900000001,-7.6707092000000001,1.96500003,0.0379999988,20240417375359,382,0x10,0x3,20.3400002,26.098381,0.0194141343,0.088545613,6.57911096e-06,30,1.93799996,1
382216300062581,266641605,2460420.9196014502,60420.416053200002,14.3274517,0.0124452356,0,zr,263.52610579999998,-7.6707162000000002,2.13100004,0.0780000016,20240420416053,382,0x10,0x3,20.4799995,26.1253433,0.0178762395,0.0876809582,5.60840635e-06,30,1.52600002,1
382216300062581,266839815,2460422.9018581817,60422.398159700002,14.2955942,0.0124435043,0,zr,263.52609139999998,-7.6707245999999998,2.33899999,0.131999999,20240422398125,382,0x10,0x3,20.0900002,26.1312866,0.0222450569,0.0856457874,8.61992066e-06,30,1.597,1
382216300062581,267539145,2460429.8956537312,60429.391458300001,14.3227215,0.0124449423,0,zr,263.52609489999998,-7.6707241000000002,1.875,0.0659999996,20240429391447,382,0x10,0x3,20.1499996,26.1465816,0.0217074063,0.0855932236,8.22969741e-06,30,1.52600002,1
382216300062581,267846152,2460432.9659239207,60432.461527799998,14.2919378,0.0124433413,0,zr,263.52610240000001,-7.6707285000000001,1.80400002,0.0930000022,20240502461528,382,0x10,0x3,20.7299995,26.079813,0.0190419629,0.0929880962,6.39108566e-06,30,1.37,1
382216300062581,268038004,2460434.8845620309,60434.380046300001,14.3010416,0.0124437585,0,zr,263.52610729999998,-7.6707193,1.85399997,0.206,20240504380046,382,0x10,0x3,20.9300003,26.0948601,0.0178621989,0.0940359309,5.53326663e-06,30,1.51499999,1
382216300062581,268247843,2460436.9830787894,60436.478437500002,14.3242617,0.0124450363,0,zr,263.52610620000002,-7.6707134999999997,1.99800003,0.0579999983,20240506478438,382,0x10,0x3,20.4699993,26.1313457,0.0192803852,0.0869642794,6.44602551e-06,30,1.40999997,1
382216300062581,268339715,2460437.9018472824,60437.397152799997,14.3283768,0.0124452952,0,zr,263.5260988,-7.6707011999999999,2.50900006,0.0970000029,20240507397153,382,0x10,0x3,20.6100006,26.1271248,0.0185440611,0.0872367769,5.99738223e-06,30,1.421,1
382216300062581,268439649,2460438.9012441849,60438.396493100001,14.3409452,0.0124461427,0,zr,263.52611039999999,-7.6707238999999996,2.62599993,0.136000007,20240508396412,382,0x10,0x3,20.7399998,26.1259747,0.018813638,0.0837583169,6.24226823e-06,30,1.41499996,1
382216300062581,268639866,2460440.9035294903,60440.398669000002,14.3078671,0.0124441031,0,zr,263.52610229999999,-7.6707076000000001,2.29299998,0.0939999968,20240510398669,382,0x10,0x3,20.6800003,26.1285591,0.0195033252,0.089534305,6.64185063e-06,30,1.398,1
382216300062581,268841863,2460442.9235996618,60442.418634299996,14.2871571,0.0124431401,0,zr,263.52609769999998,-7.6707070000000002,2.7750001,0.129999995,20240512418634,382,0x10,0x3,20.8500004,26.135004,0.0180066302,0.0921355933,5.63759932e-06,30,1.36800003,1
382216300062581,269039938,2460444.9044493162,60444.399386600002,14.3093853,0.0124441832,0,zr,263.5261074,-7.6707397000000004,2.26300001,0.231000006,20240514399375,382,0x10,0x3,20.9599991,26.1442337,0.0161394048,0.092293404,4.59625471e-06,30,1.37899995,1
382216300062581,269733570,2460451.8410655935,60451.335705999998,14.330451,0.0124454284,0,zr,263.52610850000002,-7.6707045999999997,1.44799995,-0.00200000009,20240521335706,382,0x10,0x3,19.5699997,26.068428,0.0267063268,0.0834673047,1.24023836e-05,30,1.505,1
382216300062581,270235673,2460456.8622665447,60456.356736100002,14.2976723,0.0124436002,0,zr,263.52609230000002,-7.6707082,2.64199996,0.0930000022,20240526356736,382,0x10,0x3,20.0900002,26.1485901,0.022191219,0.0824949592,8.70612985e-06,30,1.39499998,1
382216300062581,270437646,2460458.882058349,60458.376469900002,14.3104773,0.0124442428,0,zr,263.52609369999999,-7.6707340000000004,2.06999993,0.122000001,20240528376447,382,0x10,0x3,20.5200005,26.1481075,0.0189325586,0.0906352326,6.32529827e-06,30,1.36800003,1
382216300062581,270645866,2460460.9643106642,60460.458669,14.3021193,0.0124438116,0,zr,263.52610299999998,-7.6706972000000002,3.19300008,0.0799999982,20240530458669,382,0x10,0x3,20.6399994,26.0928364,0.0203361884,0.0881331414,7.18347655e-06,30,1.60800004,1
382216300062581,271439547,2460468.9012569604,60468.395474500001,14.3030558,0.0124438582,0,zr,263.52612699999997,-7.6707349000000002,3.88499999,0.237000003,20240607395475,382,0x10,0x3,21.0499992,26.1395206,0.0171021093,0.0836018175,5.28054352e-06,30,1.421,1
382216300062581,271833615,2460472.8419725602,60472.336157400001,14.3371086,0.0124458745,0,zr,263.5260897,-7.6707147000000004,2.3599999,0.101000004,20240611336157,382,0x10,0x3,20.7600002,26.1089458,0.0195103083,0.0885082707,6.68732855e-06,30,1.36800003,1
382216300062581,272131526,2460475.8210895928,60475.315266199999,14.3208647,0.0124448305,0,zr,263.5260945,-7.6707099000000003,1.46899998,0.0309999995,20240614315266,382,0x10,0x3,20.6299992,26.1504116,0.0181636438,0.0907495394,5.94521271e-06,30,1.37899995,1
382216300062581,272333524,2460477.8410640196,60477.335243100002,14.3430061,0.0124462908,0,zr,263.5261084,-7.6707326,1.62699997,0.0320000015,20240616335231,382,0x10,0x3,20.4699993,26.1738739,0.019429164,0.0881360173,6.57182454e-06,30,1.36800003,1
382216300062581,272634954,2460480.8553537652,60480.349548600003,14.3290901,0.0124453399,0,zr,263.5260988,-7.6707437000000001,1.98000002,0.111000001,20240619349537,382,0x10,0x3,19.9799995,26.1109314,0.0252837185,0.0778396949,1.10998444e-05,30,1.39199996,1
382216300062581,272931520,2460483.8209839561,60483.315208300002,14.3653526,0.0124480529,0,zr,263.52610099999998,-7.6707156999999997,2.22799993,0.0370000005,20240622315197,382,0x10,0x3,19.3899994,26.1823177,0.0294975583,0.0744043067,1.55794914e-05,30,1.36699998,1
382216300062581,273137240,2460485.8781544454,60485.372407399998,14.3864279,0.0124499854,0,zr,263.52609289999998,-7.6707403000000003,2.24300003,0.153999999,20240624372396,382,0x10,0x3,20.0400009,26.1212902,0.023983825,0.0738578737,1.02574368e-05,30,1.50600004,1
382216300062581,273433601,2460488.8417127472,60488.336018499998,14.2813654,0.0124429138,0,zr,263.52610220000003,-7.6707340999999998,2.25500011,0.0529999994,20240627336007,382,0x10,0x3,20.9200001,26.1538925,0.0195569862,0.0812894106,6.79168943e-06,30,1.40900004,1
382216300062581,274533348,2460499.8388638878,60499.333483800001,14.3346004,0.0124457031,0,zr,263.5260773,-7.6707483999999999,1.40699995,0.00899999961,20240708333264,382,0x10,0x3,20.0900002,26.0830688,0.0264179725,0.0938725844,1.26562918e-05,30,1.50300002,1
382216300062581,274727199,2460501.777296619,60501.271990699999,14.3096905,0.0124442,0,zr,263.526096,-7.6707260000000002,2.41300011,0.126000002,20240710271979,382,0x10,0x3,20.8500004,26.0841942,0.023105165,0.0863675028,9.61716432e-06,30,1.36899996,1
382216300062581,275027472,2460504.7799024973,60504.274722200003,14.2408676,0.0124418354,0,zr,263.52609280000001,-7.6707469000000001,2.21600008,0.141000003,20240713274722,382,0x10,0x3,20.7999992,26.0161114,0.0256043952,0.0860791653,1.18149183e-05,30,1.37800002,1
382216300062581,275329015,2460507.7951918701,60507.290150499997,14.3105698,0.0124442466,0,zr,263.52609969999997,-7.6707118000000003,3.24000001,0.061999999,20240716290150,382,0x10,0x3,20.5599995,26.114027,0.0182053298,0.0841409415,5.92340621e-06,30,1.42499995,1
382216300062581,275527148,2460509.7764248145,60509.2714815,14.3692465,0.0124483909,32768,zr,263.52608880000003,-7.6706763999999996,1.04799998,-0.023,20240718271343,382,0x10,0x3,18.6599998,26.0500793,0.0446588248,0.0791141242,4.25631333e-05,30,1.39400005,1
382216300062581,275729422,2460511.799062287,60511.294224500001,14.3575649,0.0124474056,0,zr,263.52608429999998,-7.6707535,2.25,0.143000007,20240720294213,382,0x10,0x3,19.3600006,26.0382748,0.0312400926,0.0781856328,1.75042296e-05,30,1.47500002,1
382216300062581,275929097,2460513.7957005794,60513.290972199997,14.3188372,0.0124447113,0,zr,263.5260945,-7.6707102999999996,2.65100002,0.238000005,20240722290949,382,0x10,0x3,19.7800007,26.0861263,0.0265553314,0.0782250017,1.275459e-05,30,1.48399997,1
382216300062581,276125209,2460515.7567108758,60515.252094900003,14.2900934,0.0124432622,0,zr,263.52608789999999,-7.670731,2.51399994,0.137999997,20240724252095,382,0x10,0x3,20.25,26.0575504,0.0251065828,0.0725979879,1.12122161e-05,30,1.38900006,1
382216300062581,276329357,2460517.7980702184,60517.293576399999,14.3607187,0.0124476627,0,zr,263.52609219999999,-7.6707466000000002,1.81400001,0.0560000017,20240726293553,382,0x10,0x3,20.1499996,25.9924164,0.0219732579,0.0849039331,8.58463045e-06,30,1.54999995,1
382216300062581,276535344,2460519.8578144601,60519.353449100003,14.3598585,0.0124475928,0,zr,263.52609439999998,-7.6707071999999998,2.26300001,0.104000002,20240728353322,382,0x10,0x3,20.2900009,26.0784245,0.0206270162,0.086639829,7.72002113e-06,30,2.28500009,1
382216300062581,277025261,2460524.756655708,60524.252615700003,14.3287725,0.0124453194,0,zr,263.5261016,-7.6707621000000001,2.94300008,0.0869999975,20240802252593,382,0x10,0x3,20.9300003,26.0952511,0.0184130967,0.0802712813,6.03409899e-06,30,1.45200002,1
382216300062581,277423178,2460528.7355385344,60528.231782399998,14.3692122,0.0124483872,0,zr,263.52610069999997,-7.6707592,2.727,0.187999994,20240806231771,382,0x10,0x3,20.5699997,26.0419617,0.0185446944,0.0819494799,6.21946947e-06,30,1.42200005,1
382216300062581,277625037,2460530.7539762631,60530.250370399997,14.3254786,0.0124451127,0,zr,263.52609860000001,-7.6707327000000003,2.85599995,0.167999998,20240808250324,382,0x10,0x3,20.6100006,26.073101,0.0203182083,0.084827967,7.29703106e-06,30,1.50999999,1
382216300062581,278219003,2460536.6931761485,60536.190034699997,14.3757772,0.0124489749,0,zr,263.52609719999998,-7.6707624000000001,2.73300004,0.397000015,20240814189988,382,0x10,0x3,20.6100006,26.1926785,0.0193514694,0.0750759318,6.59365514e-06,30,1.38199997,1
382216300062581,278425003,2460538.7530079,60538.250034700002,14.3603935,0.0124476366,0,zr,263.52609719999998,-7.6706846999999998,1.62199998,0.0320000015,20240816250035,382,0x10,0x3,19.6100006,26.1311398,0.0285621323,0.0872283652,1.44095184e-05,30,1.63800001,1
382216300062581,278625402,2460540.7568341373,60540.254027800001,14.3198242,0.012444769,0,zr,263.5260968,-7.6707232000000003,2.96600008,0.118000001,20240818254028,382,0x10,0x3,20.0900002,26.1574478,0.0242235903,0.072759442,1.03186303e-05,30,1.71300006,1
382216300062581,279025283,2460544.7553002234,60544.252835599997,14.3043871,0.0124439253,0,zr,263.52608780000003,-7.6707266000000001,2.38100004,0.120999999,20240822252743,382,0x10,0x3,20.3099995,26.1248398,0.020566307,0.0817540064,7.41908207e-06,30,1.80599999,1
382216300062581,279421170,2460548.713817406,60548.211701400003,14.3259659,0.0124451416,0,zr,263.52608240000001,-7.67075,2.67799997,0.181999996,20240826211690,382,0x10,0x3,20.5,26.1118507,0.019823527,0.0814851895,6.81670508e-06,30,1.56599998,1
382216300062581,279621223,2460550.7141701607,60550.212233799997,14.301054,0.0124437604,0,zr,263.526093,-7.6706820999999996,2.07299995,0.00700000022,20240828212222,382,0x10,0x3,20.1900005,26.1707191,0.0251576062,0.0988260657,1.10404035e-05,30,1.60300004,1
382216300062581,279824950,2460552.7512535681,60552.249502300001,14.3203602,0.0124448007,0,zr,263.5260758,-7.6707124000000002,2.33400011,0.00400000019,20240830249456,382,0x10,0x3,20.1599998,26.0668659,0.0249205083,0.089873217,1.09859457e-05,30,2.03999996,1
382216300062581,280217231,2460556.6737046074,60556.172314800002,14.3659306,0.0124481013,0,zr,263.52611100000001,-7.6707292999999996,3.51099992,0.141000003,20240903172245,382,0x10,0x3,20.7000008,26.0727215,0.0189757999,0.0807844549,6.36932646e-06,30,1.47899997,1
382216300062581,281216848,2460566.6689318758,60566.1684838,14.318841,0.0124447113,0,zr,263.52609610000002,-7.6707454000000004,2.421,0.074000001,20240913168252,382,0x10,0x3,19.9599991,26.0295849,0.0229318962,0.0864923447,9.2549235e-06,30,1.602,1
382216300062581,281416987,2460568.6701304801,60568.169872699997,14.2818108,0.0124429297,0,zr,263.52609910000001,-7.6707428000000002,3.46499991,0.224000007,20240915169873,382,0x10,0x3,20.3500004,26.1553764,0.0196680408,0.0857164785,6.77253001e-06,30,1.65100002,1
382216300062581,281717165,2460571.6716273907,60571.171655099999,14.3416901,0.0124461967,0,zr,263.5260844,-7.6707196,2.21399999,0.0689999983,20240918171644,382,0x10,0x3,19.5400009,26.1177158,0.0275571495,0.0865914449,1.30994104e-05,30,1.73300004,1
382216300062581,284011439,2460594.6122597745,60594.114398099999,14.345561,0.012446478,0,zr,263.52608959999998,-7.6707416000000004,2.26999998,0.158000007,20241011114340,382,0x10,0x3,19.9899998,26.1194057,0.0238166563,0.092562452,9.80873119e-06,30,1.78600001,1
382216300062581,294157209,2460696.0679012258,60695.572094900002,14.47118,0.0124605168,32768,zr,263.5261567,-7.6707181000000002,0.904999971,-0.0270000007,20250120572072,382,0x10,0x3,17.1700001,25.3141975,0.0805490464,0.093761377,0.000473435532,30,2.83500004,1
382216300062581,294157255,2460696.0683642575,60695.572557899999,14.3212214,0.0124448519,0,zr,263.52611289999999,-7.6706481000000002,0.535000026,-0.00100000005,20250120572558,382,0x10,0x3,18.0400009,26.0656681,0.0520235002,0.108904161,8.44283059e-05,30,2.81800008,1
382216300062581,294157303,2460696.0688387849,60695.573032400003,14.367837,0.0124482661,32768,zr,263.52612319999997,-7.6706500000000002,0.308999985,0.00899999961,20250120573032,382,0x10,0x3,17.9500008,26.0884609,0.0566205233,0.0874947831,0.000114194343,30,2.80200005,1
382216300062581,294356983,2460698.0657632686,60697.569838000003,14.3321733,0.012445542,32768,zr,263.52614290000002,-7.6706706999999996,0.449000001,0.0649999976,20250122569826,382,0x10,0x3,16.6000004,24.7990627,0.0762793571,0.141851872,0.000811499369,30,2.72799993,1
382216300062581,294556069,2460700.0567434528,60699.560694400003,14.3238688,0.0124450121,0,zr,263.52609999999999,-7.670712,0.694000006,0.0209999997,20250124560648,382,0x10,0x3,19.4400005,25.7848644,0.0356731676,0.099510178,2.24613668e-05,30,2.85100007,1
382216300062581,294556407,2460700.060123371,60699.564074100002,14.3679771,0.0124482783,32768,zr,263.5260978,-7.6707041,1.91499996,0.0560000017,20250124564028,382,0x10,0x3,18.9099998,25.1141396,0.0665109977,0.105071217,8.57312261e-05,30,2.73799992,1
382216300062581,294556900,2460700.0650541885,60699.569004600002,14.3612051,0.0124477046,0,zr,263.52610700000002,-7.6707029000000002,2.12700009,0.0920000002,20250124568900,382,0x10,0x3,19.7099991,26.0483513,0.0303787533,0.0964834541,1.61089247e-05,30,2.58899999,1
382216300062581,296954109,2460724.0389876077,60723.541099499998,14.4093361,0.0124523891,32768,zr,263.52610449999997,-7.6706963999999997,1.37600005,0.00800000038,20250217541088,382,0x10,0x3,17.7800007,24.64814,0.0502331555,0.101915754,9.4856543e-05,30,1.88800001,1
382216300062581,297250572,2460727.0038797813,60726.505729199998,14.3262358,0.0124451593,0,zr,263.5261089,-7.6707001999999997,2.06399989,0.0839999989,20250220505694,382,0x10,0x3,19.9599991,26.07687,0.0233493485,0.0933615416,9.61474507e-06,30,2.33100009,1
382216300062581,297653186,2460731.0303791771,60730.5318634,14.4093227,0.0124523882,0,zr,263.5261064,-7.6707508999999998,2.63100004,0.301999986,20250224531852,382,0x10,0x3,20.5599995,26.1395512,0.0190004017,0.0852795988,6.32830506e-06,30,1.77999997,1
382216300062581,297851474,2460733.0134441894,60732.514745400003,14.3504629,0.0124468459,0,zr,263.5261107,-7.6707139,2.05100012,0.0769999996,20250226514745,382,0x10,0x3,20.4300003,26.1122475,0.0201007426,0.0879970193,7.07968866e-06,30,1.90999997,1
382216300062581,299748340,2460751.9839087115,60751.483402799997,14.3879976,0.012450139,32768,zr,263.52610540000001,-7.6707074000000004,0.825999975,0.057,20250317483403,382,0x10,0x3,17.2199993,24.4002247,0.0530835427,0.10383223,0.000173586959,30,1.699,1
382216300062581,300048054,2460754.9813371841,60754.480543999998,14.3577919,0.0124474233,0,zr,263.52610779999998,-7.6707453000000001,2.10400009,0.061999999,20250320480544,382,0x10,0x3,20.2399998,26.1139317,0.020936083,0.0829620659,7.5843127e-06,30,1.65600002,1
382216300062581,300450108,2460759.0022639162,60758.501087999997,14.3557949,0.0124472631,0,zr,263.52611519999999,-7.6706706000000002,2.65199995,0.115999997,20250324501076,382,0x10,0x3,20.3099995,26.1688652,0.0223094281,0.0796754435,8.62471188e-06,30,1.477,1
382216300062581,300747748,2460761.978944697,60761.4774884,14.3571987,0.0124473758,32768,zr,263.52611200000001,-7.6707314000000002,1.65600002,0.0850000009,20250327477488,382,0x10,0x3,18.4099998,23.6652126,0.0613501929,0.120442815,0.000102756625,30,1.551,1
382216300062581,301937885,2460773.8813904007,60773.378854199997,14.3603163,0.0124476301,0,zr,263.5261041,-7.6707255999999999,2.17400002,0.215000004,20250408378831,382,0x10,0x3,19.7299995,25.8043175,0.0291749444,0.0813647285,1.46527691e-05,30,2.30100012,1
382216300062581,302639767,2460780.9008030556,60780.397673599997,14.3477526,0.0124466401,0,zr,263.5261122,-7.6707118000000003,2.00399995,0.109999999,20250415397199,382,0x10,0x3,19.5900002,26.0785408,0.0265755448,0.0923796222,1.228157e-05,30,1.75800002,1
382216300062581,303142083,2460785.9243617975,60785.420833299999,14.2889614,0.0124432147,0,zr,263.5260955,-7.6707001000000004,2.47000003,0.123999998,20250420420822,382,0x10,0x3,20.4899998,26.1307716,0.0214781407,0.0867950171,7.9950014e-06,30,1.50600004,1
382216300062581,303346190,2460787.9655935015,60787.461909700003,14.3555031,0.0124472398,0,zr,263.52610709999999,-7.6707394999999998,1.90600002,0.00899999961,20250422461910,382,0x10,0x3,20.7999992,26.146677,0.0169551037,0.0872315019,4.99028192e-06,30,1.37699997,1
382216300062581,303541879,2460789.9226250025,60789.4187963,14.3342924,0.0124456827,0,zr,263.52610010000001,-7.6706908,1.82799995,0.0419999994,20250424418785,382,0x10,0x3,20.6000004,26.1124802,0.0192088429,0.0869033486,6.36386903e-06,30,1.46800005,1
382216300062581,304141914,2460795.9233904756,60795.419143500003,14.3504181,0.0124468422,0,zr,263.52609369999999,-7.6706943000000001,1.39400005,0.0599999987,20250430419144,382,0x10,0x3,20.6200008,26.1365204,0.0223514885,0.0866783708,8.71577231e-06,30,1.41499996,1
382216300062581,304341877,2460797.9231501697,60797.418773099998,14.3377485,0.0124459183,0,zr,263.52610129999999,-7.6706776000000003,2.79699993,0.206,20250502418773,382,0x10,0x3,20.8799992,26.1048679,0.0194309931,0.0863542035,6.5195004e-06,30,1.403,1
382216300062581,305139724,2460805.9020916317,60805.397245400003,14.3523684,0.012446993,0,zr,263.52610970000001,-7.6706889,1.70599997,0.0160000008,20250510397234,382,0x10,0x3,20.0300007,26.1761894,0.0250853579,0.0795456097,1.0939304e-05,30,1.403,1
382216300062581,305335678,2460807.8617310794,60807.356782399998,14.3565378,0.0124473227,0,zr,263.52609669999998,-7.6706871000000003,1.55900002,0.0289999992,20250512356748,382,0x10,0x3,19,25.9791698,0.0375297405,0.0869124159,2.69213979e-05,30,1.52499998,1
382216300062581,305739337,2460811.898522743,60811.393379599998,14.3449059,0.0124464286,0,zr,263.52610809999999,-7.6707166999999998,2.86500001,0.0970000029,20250516393380,382,0x10,0x3,20.0200005,26.1486855,0.0228681415,0.0833193064,9.19330614e-06,30,1.38100004,1
382216300062581,306238260,2460816.8879557461,60816.3826042,14.3133993,0.0124444012,0,zr,263.5260882,-7.6707520000000002,2.96000004,0.0560000017,20250521382604,382,0x10,0x3,21.0599995,26.1479321,0.0183670446,0.0871223062,6.03080161e-06,30,1.37699997,1
382216300062581,306441270,2460818.918134212,60818.412708299998,14.3406353,0.0124461213,0,zr,263.52610099999998,-7.6707348,2.11400008,0.0599999987,20250523412708,382,0x10,0x3,21,26.1712704,0.0176745746,0.0863380283,5.62617879e-06,30,1.37600005,1
382216300062581,306640115,2460820.9066501632,60820.401157400003,14.357048,0.0124473637,0,zr,263.52610320000002,-7.6707207000000004,1.96599996,0.0590000004,20250525401146,382,0x10,0x3,20.7800007,26.0928612,0.0183111951,0.0913816243,5.89799902e-06,30,1.37100005,1
382216300062581,306836674,2460822.8723006337,60822.366747699998,14.3168383,0.0124445958,0,zr,263.5261026,-7.6707536000000003,2.34599996,0.0970000029,20250527366748,382,0x10,0x3,21.2199993,26.0747948,0.0171785317,0.0903834328,5.16344835e-06,30,1.37699997,1
382216300062581,307044152,2460824.9471377712,60824.441527800001,14.385807,0.0124499248,0,zr,263.52609030000002,-7.6707682999999998,2.2750001,0.437999994,20250529441528,382,0x10,0x3,21.1200008,26.1020012,0.0179354381,0.0857643709,5.63792128e-06,30,1.495,1
382216300062581,307531627,2460829.8219907428,60829.316273099997,14.3291378,0.0124453437,0,zr,263.52610079999999,-7.6707144999999999,2.13199997,0.0170000009,20250603316273,382,0x10,0x3,20.8500004,26.1027985,0.0225526951,0.0790181309,9.03059481e-06,30,1.44400001,1
382216300062581,308035253,2460834.8583243252,60834.352534700003,14.3541803,0.0124471346,0,zr,263.52609790000002,-7.6707184000000002,2.99499989,0.134000003,20250608352535,382,0x10,0x3,20.2800007,26.1449661,0.0206409767,0.082581453,7.60000285e-06,30,1.36699998,1
382216300062581,308235568,2460836.8614900019,60836.355682900001,14.3633184,0.0124478796,0,zr,263.52611230000002,-7.6707117,1.602,0.064000003,20250610355671,382,0x10,0x3,19.1599998,26.1061802,0.0345450193,0.083821319,2.1803351e-05,30,1.37,1
382216300062581,308431376,2460838.8195796381,60838.313761600002,14.3578405,0.012447427,0,zr,263.52610190000001,-7.6707175000000003,2.06399989,0.105999999,20250612313681,382,0x10,0x3,19.2099991,26.1167221,0.0333565809,0.082114324,1.98197849e-05,30,1.38999999,1
382216300062581,308629839,2460840.8042141115,60840.298391199998,14.370204,0.0124484748,0,zr,263.52610820000001,-7.6707146000000002,2.79500008,0.164000005,20250614298391,382,0x10,0x3,20.2900009,26.1670227,0.0209037233,0.0779181495,7.67625079e-06,30,1.40999997,1
382216300062581,308833429,2460842.8401154145,60842.334294,14.3573675,0.0124473898,0,zr,263.52609760000001,-7.6707288,2.23600006,0.075000003,20250616334074,382,0x10,0x3,20.3700008,26.1772118,0.0235033128,0.0813553557,9.63856837e-06,30,1.36800003,1
382216300062581,309331504,2460847.8208362549,60847.315046299998,14.3381567,0.0124459481,0,zr,263.52610970000001,-7.6707035000000001,1.03600001,0.00600000005,20250621315035,382,0x10,0x3,20.5100002,26.1250076,0.0197276007,0.0906566307,6.89363424e-06,30,1.36699998,1
382216300062581,309527322,2460849.7789959791,60849.2732292,14.2901974,0.0124432668,0,zr,263.52608709999998,-7.6706868999999998,3.24600005,0.164000005,20250623273218,382,0x10,0x3,20.8799992,26.129034,0.0204727091,0.0846168771,7.40500536e-06,30,1.41100001,1
382216300062581,309732746,2460851.8332012384,60851.327465299997,14.331521,0.0124454983,0,zr,263.52611050000002,-7.6707225000000001,3.17400002,0.156000003,20250625327419,382,0x10,0x3,21.0200005,26.1203365,0.0173614062,0.085106425,5.38964423e-06,30,1.38199997,1
382216300062581,309740055,2460851.9062902811,60851.400555599997,14.3568048,0.0124473451,0,zr,263.526096,-7.6707527999999998,2.00399995,0.0520000011,20250625400347,382,0x10,0x3,20.6399994,26.0486889,0.0202082582,0.0861739665,7.20395974e-06,30,1.699,1
382216300062581,309928556,2460853.7912674481,60853.2855671,14.3585529,0.0124474857,0,zr,263.5261021,-7.6706845000000001,1.59599996,0.00800000038,20250627285567,382,0x10,0x3,20.5200005,26.1354637,0.0233987104,0.0831869096,9.73965234e-06,30,1.37300003,1
382216300062581,310129376,2460855.7994192177,60855.293761599998,14.3769817,0.0124490866,0,zr,263.52612800000003,-7.6707125999999999,1.125,0.00600000005,20250629293715,382,0x10,0x3,20.1000004,26.1489697,0.0338077284,0.0867743865,2.01768216e-05,30,1.36699998,1
382216300062581,310438693,2460858.8925124616,60858.386932900001,14.3510361,0.0124468906,0,zr,263.52611300000001,-7.6707150000000004,2.20499992,0.064000003,20250702386898,382,0x10,0x3,20.75,26.0787945,0.019165067,0.0826994777,6.52034669e-06,30,1.74800003,1
382216300062581,310633643,2460860.8419581335,60860.336435199999,14.3067427,0.0124440454,0,zr,263.52609039999999,-7.6707473999999998,3.19700003,0.186000004,20250704336424,382,0x10,0x3,20.9799995,26.1044254,0.0175854322,0.0820030048,5.45210742e-06,30,1.46700001,1
382216300062581,310829378,2460862.7992450199,60862.293784699999,14.3762674,0.0124490205,0,zr,263.52609849999999,-7.6707513000000001,2.6170001,0.407000005,20250706293565,382,0x10,0x3,20.6100006,26.1722469,0.0187697392,0.0799275935,6.29342276e-06,30,1.37699997,1
382216300062581,311027730,2460864.7826942657,60864.277303199997,14.3701487,0.0124484701,0,zr,263.52609589999997,-7.6707482999999996,1.98000002,0.0359999985,20250708277303,382,0x10,0x3,20.2600002,26.1919765,0.0266397372,0.0718323886,1.26401392e-05,30,1.36899996,1
382216300062581,311227503,2460866.7803502008,60866.275034699996,14.351285,0.0124469101,0,zr,263.5260993,-7.6706979999999998,2.58100009,0.133000001,20250710275035,382,0x10,0x3,19.5,26.1480618,0.0300550722,0.0747822225,1.59678439e-05,30,1.37,1
382216300062581,311429082,2460868.7960552257,60868.290821800001,14.3831577,0.0124496678,0,zr,263.52611039999999,-7.6707162000000002,1.94200003,0.175999999,20250712290810,382,0x10,0x3,20.1700001,26.1629925,0.0217673704,0.0788067877,8.42961708e-06,30,1.398,1
382216300062581,311629068,2460870.7958292034,60870.290682899999,14.3451281,0.0124464454,0,zr,263.5261094,-7.6707400999999997,1.97099996,0.108000003,20250714290613,382,0x10,0x3,19.9200001,25.9907932,0.0255330391,0.0835988969,1.15994553e-05,30,1.40999997,1
382216300062581,311828805,2460872.793109308,60872.288055600002,14.33255,0.0124455653,0,zr,263.52610320000002,-7.6707182999999999,2.67499995,0.123999998,20250716288056,382,0x10,0x3,20.5499992,25.9862747,0.023254279,0.0770347714,9.50608501e-06,30,1.41700006,1
382216300062581,312126927,2460875.7741761203,60875.269270800003,14.3139496,0.0124444319,0,zr,263.52610809999999,-7.6706786999999998,2.56500006,0.173999995,20250719269271,382,0x10,0x3,20.9500008,26.1375446,0.0195398405,0.0817272365,6.79260665e-06,30,1.39400005,1
382216300062581,312321503,2460877.7198367259,60877.215034699999,14.3009806,0.0124437567,0,zr,263.52611159999998,-7.6707182999999999,3.93400002,0.215000004,20250721215023,382,0x10,0x3,21.0499992,26.0756989,0.0182331,0.0831883848,5.9046065e-06,30,1.37899995,1
382216300062581,312523245,2460879.7371433661,60879.232453700002,14.343339,0.0124463141,0,zr,263.52610390000001,-7.6707342000000001,1.94000006,0.074000001,20250723232442,382,0x10,0x3,20.7999992,26.1462784,0.0171883628,0.0889004543,5.20229469e-06,30,1.36699998,1
382216300062581,312725716,2460881.7617360419,60881.257164399998,14.2959261,0.0124435192,0,zr,263.52610670000001,-7.6707231,2.75999999,0.064000003,20250725257141,382,0x10,0x3,20.9599991,26.1615791,0.0180367865,0.0877597183,5.82095754e-06,30,1.40199995,1
382216300062581,313122119,2460885.7255180166,60885.221192099998,14.35501,0.0124472007,0,zr,263.52609519999999,-7.6707296999999999,1.87199998,0.0329999998,20250729221181,382,0x10,0x3,20.9099998,26.182827,0.0183062702,0.082006298,5.94503399e-06,30,1.36899996,1
382216300062581,313323288,2460887.7370759817,60887.232881900003,14.3137255,0.0124444198,0,zr,263.52609960000001,-7.6706995999999998,3.23200011,0.164000005,20250731232870,382,0x10,0x3,20.9099998,26.1845055,0.0184369981,0.0855492502,6.01506963e-06,30,1.38699996,1
382216300062581,314816907,2460902.672156842,60902.169074099998,14.3327703,0.0124455802,0,zr,263.52608770000001,-7.6707463000000002,2.35500002,0.108000003,20250815169074,382,0x10,0x3,20.9699993,26.1716061,0.0167569499,0.086739108,4.89422609e-06,30,1.36699998,1
382216300062581,315024899,2460904.7519047498,60904.248993100002,14.2770014,0.0124427555,0,zr,263.52607849999998,-7.6707169999999998,3.33200002,0.128999993,20250817248981,382,0x10,0x3,20.8199997,26.1476192,0.020219259,0.082566306,7.26935605e-06,30,1.64499998,1
382216300062581,315420969,2460908.7122757677,60908.2096991,14.3384285,0.0124459658,0,zr,263.52610659999999,-7.6707032000000002,2.34800005,0.120999999,20250821209676,382,0x10,0x3,20.7299995,26.1259518,0.0201963801,0.0862670541,7.21824654e-06,30,1.48399997,1
382216300062581,315616884,2460910.6712494539,60910.168842599996,14.2654591,0.0124423848,0,zr,263.5260849,-7.6707330000000002,2.97900009,0.140000001,20250823168843,382,0x10,0x3,20.7800007,26.059967,0.0198622253,0.0887853056,6.92066988e-06,30,1.38499999,1
382216300062581,316119048,2460915.69244686,60915.1904861,14.4054461,0.0124519598,32768,zr,263.52609139999998,-7.6707331999999999,1.99300003,0.122000001,20250828190486,382,0x10,0x3,17.8799992,23.791544,0.0777091607,0.030478958,0.000269432086,30,1.48399997,1
382216300062581,316319064,2460917.6924274219,60917.190648099997,14.3219957,0.0124448976,0,zr,263.52608830000003,-7.6707368999999996,2.53500009,0.0439999998,20250830190637,382,0x10,0x3,20.7000008,26.1018505,0.0192221235,0.0860631168,6.52454719e-06,30,1.50899994,1
382216300062581,316518958,2460919.6911794785,60919.189583300002,14.2805271,0.0124428831,0,zr,263.52608350000003,-7.6707185000000004,2.796,0.158999994,20250901189375,382,0x10,0x3,20.2299995,26.1480789,0.0268593393,0.0802299902,1.27110443e-05,30,1.52999997,1
382216300062581,316716182,2460921.6632426223,60921.161828700002,14.3107033,0.012444254,0,zr,263.52607929999999,-7.6707421,2.57399988,0.108000003,20250903161829,382,0x10,0x3,20.2099991,26.0954151,0.0233215429,0.0889938474,9.46925047e-06,30,1.43900001,1
382216300062581,317122559,2460925.7266245461,60925.225590299997,14.3266916,0.0124451881,0,zr,263.52608629999997,-7.6707352999999996,2.68799996,0.126000002,20250907225579,382,0x10,0x3,19.6399994,26.0752811,0.0294799581,0.0802473202,1.5275953e-05,30,1.99899995,1
382216300062581,317319317,2460927.6940202001,60927.193171300001,14.3850803,0.0124498541,0,zr,263.52609890000002,-7.6707304000000001,2.5079999,0.134000003,20250909193160,382,0x10,0x3,20.1299992,26.1570492,0.0212242845,0.0825516433,7.97707071e-06,30,1.70000005,1
382216300062581,317521413,2460929.7147895824,60929.2141319,14.3693914,0.0124484031,0,zr,263.52608739999999,-7.6707424,2.87400007,0.303000003,20250911214120,382,0x10,0x3,20,25.9693604,0.0224980358,0.0844460502,8.7274575e-06,30,1.99100006,1
382216300062581,317714069,2460931.6411693087,60931.140694399997,14.3627644,0.012447834,0,zr,263.5261046,-7.6707447000000002,2.05900002,0.061999999,20250913140683,382,0x10,0x3,20.5599995,26.086935,0.0191135816,0.0903849229,6.45279943e-06,30,1.46000004,1
382216300062581,317919109,2460933.6913794046,60933.1910995,14.349535,0.012446776,0,zr,263.5260955,-7.6707340000000004,2.11199999,0.119999997,20250915191088,382,0x10,0x3,20.5499992,26.0513744,0.0209568478,0.0838945657,7.78938102e-06,30,1.83899999,1
382216300062581,318119469,2460935.6947883172,60935.1946991,14.3972244,0.0124510787,0,zr,263.52609109999997,-7.6707131999999998,2.26999998,0.128999993,20250917194699,382,0x10,0x3,20.2099991,26.0161591,0.0349884331,0.0800163075,2.14501051e-05,30,1.949,1
382216300062581,318819060,2460942.6900274088,60942.190601900002,14.3239269,0.0124450158,0,zr,263.52610060000001,-7.6707032999999996,1.64100003,0.0189999994,20250924190440,382,0x10,0x3,19.8299999,26.0456467,0.0311073363,0.0872367024,1.69642135e-05,30,2.18400002,1
382216300062581,319014591,2460944.6451559677,60944.145914399996,14.3605642,0.0124476505,0,zr,263.52608149999998,-7.6707352999999996,1.278,-0.0130000003,20250926145903,382,0x10,0x3,20.0300007,26.1163673,0.0232198108,0.0892669261,9.63842922e-06,30,1.69299996,1
382216300062581,319514848,2460949.6472600447,60949.148483800003,14.3452864,0.0124464575,0,zr,263.52608290000001,-7.6707200000000002,2.16899991,0.0979999974,20251001148472,382,0x10,0x3,19.9200001,26.0952396,0.0247824267,0.0884458944,1.06634916e-05,30,1.85099995,1
382216300062581,319716870,2460951.6672947947,60951.168703700001,14.3602352,0.0124476245,0,zr,263.52609080000002,-7.6707248999999997,1.83899999,0.0450000018,20251003168646,382,0x10,0x3,19.9099998,26.0801449,0.0238791369,0.0880868211,9.95484515e-06,30,2.2349999,1
382216300062581,320112841,2460955.6266484568,60955.128414400002,14.3661528,0.0124481218,0,zr,263.52608759999998,-7.6707162999999996,1.23800004,0.00200000009,20251007128414,382,0x10,0x3,19.0900002,26.1182556,0.0408285968,0.0863153413,2.9738485e-05,30,1.81099999,1
382216300062581,320314826,2460957.64631915,60957.148263900002,14.3609962,0.0124476869,0,zr,263.52609619999998,-7.6707352999999996,2.03900003,0.0970000029,20251009147905,382,0x10,0x3,19.5400009,26.0328598,0.0276573934,0.0881891772,1.33424983e-05,30,2.15799999,1
1427107300016164,163932530,2459393.830979465,59393.325300899996,15.8749657,0.019060472,0,zg,263.52609530000001,-7.6707782,1.722,0.0759999976,20210628325289,1427,0x7,0x3,20.5300007,26.2394314,0.0404467992,-0.0547123589,2.88645551e-05,30,1.32200003,2
1427107300016164,163933141,2459393.8370904326,59393.331412,15.8700981,0.0190615263,0,zg,263.52609289999998,-7.6707647000000003,2.67700005,0.145999998,20210628331412,1427,0x7,0x3,20.4099998,26.2444191,0.0431511439,-0.0660786405,3.35284858e-05,30,1.33500004,3
1427107300016164,234037420,2460094.879822752,60094.374201400002,15.9323053,0.0190517921,0,zg,263.52610149999998,-7.6707182999999999,3.05599999,0.0920000002,20230530374201,1427,0x7,0x3,20.8600006,26.2867012,0.0362898558,-0.0813629776,2.31051545e-05,30,1.29400003,2
1427107300016164,272026792,2460474.7737503001,60474.267928200003,15.8905506,0.0190574247,0,zg,263.52608889999999,-7.6707229000000003,2.2980001,0.119000003,20240613267928,1427,0x7,0x3,20.9699993,26.236063,0.0334994271,-0.0726765171,1.96378514e-05,30,1.42299998,2
