oid,expid,hjd,mjd,mag,magerr,catflags,filtercode,ra,dec,chi,sharp,filefracday,field,ccdid,qid,limitmag,magzp,magzprms,clrcoeff,clrcounc,exptime,airmass,programid
535108200017332,44949415,2458203.9963432578,58203.494155100001,19.7021198,0.0847381875,0,zg,253.721563,11.100547799999999,0.992999971,-0.134000003,20180326494155,535,0x8,0x2,21.0699997,26.2787647,0.0269100741,-0.0382529236,7.49359151e-06,30,1.09800005,1
535108200017332,44950130,2458204.0034965971,58203.501307899998,19.8831177,0.0965638012,0,zg,253.72161980000001,11.1005336,0.42899999,0.075000003,20180326501262,535,0x8,0x2,21.1499996,26.2727356,0.0255477186,-0.0368823297,6.73276418e-06,30,1.09000003,1
535108200017332,45246152,2458206.9639386502,58206.461527799998,19.8058395,0.0913573578,0,zg,253.72161159999999,11.100447900000001,0.407000005,-0.122000001,20180329461516,535,0x8,0x2,20.5300007,26.2926369,0.0316039287,-0.0535762757,1.04054407e-05,30,1.14300001,1
535108200017332,45248964,2458206.9920541411,58206.489641200002,19.962389,0.102144174,0,zg,253.72159350000001,11.100544299999999,1.08800006,-0.300000012,20180329489618,535,0x8,0x2,20.5400009,26.3012314,0.0330059491,-0.0553860068,1.14803715e-05,30,1.09399998,1
535108200017332,45548319,2458209.9858260169,58209.483194400003,19.7717113,0.0891325399,0,zg,253.72162230000001,11.100569200000001,0.518000007,0.0430000015,20180401483160,535,0x8,0x2,19.5699997,26.2956829,0.0401077829,-0.0289262868,2.93291723e-05,30,1.09099996,1
535108200017332,47546265,2458229.9665501346,58229.462650499998,19.9415436,0.100653566,0,zg,253.72159239999999,11.100479699999999,0.921000004,0.0430000015,20180421462639,535,0x8,0x2,21.0799999,26.2759304,0.0277578477,-0.0928796828,8.21671165e-06,30,1.07700002,1
535108200017332,47846053,2458232.9645879576,58232.4605324,19.8317642,0.0930779576,0,zg,253.7216415,11.1005077,0.492000014,-0.0410000011,20180424460521,535,0x8,0x2,21.4799995,26.2567596,0.0245176237,-0.0397732444,6.14165583e-06,30,1.079,1
535108200017332,48148121,2458235.9854176785,58235.481215300002,19.7968788,0.0907687545,0,zg,253.72175490000001,11.1003933,0.697000027,-0.00400000019,20180427481157,535,0x8,0x2,20.25,26.2709942,0.035033863,-0.0364095718,1.34027696e-05,30,1.10800004,1
535108200017332,49043694,2458244.9415184581,58244.436944399997,19.9151249,0.0987881422,0,zg,253.72169890000001,11.1003866,0.785000026,0.0439999998,20180506436933,535,0x8,0x2,20.8400002,26.1970139,0.0301628858,-0.0433453396,9.38254288e-06,30,1.08500004,1
535108200017332,49335895,2458247.8636320774,58247.358958299999,19.9304562,0.0998675078,0,zg,253.72163570000001,11.1004912,0.463999987,-0.0219999999,20180509358958,535,0x8,0x2,21.6900005,26.2572365,0.0238355007,-0.0522363596,5.74159367e-06,30,1.12300003,1
535108200017332,49842068,2458252.9255031575,58252.420682900003,19.8175888,0.0921338946,0,zg,253.72163570000001,11.1004924,0.745000005,-0.0659999996,20180514420648,535,0x8,0x2,21.8199997,26.2554131,0.0238822065,-0.0591598488,5.92028346e-06,30,1.09000003,1
535108200017332,50137626,2458255.8811516003,58255.376261600002,19.7505283,0.0877746865,0,zg,253.72162220000001,11.1004845,1.39999998,-0.0890000015,20180517376262,535,0x8,0x2,21.7000008,26.2556171,0.0238812473,-0.0572600923,6.00555859e-06,30,1.079,1
535108200017332,50435587,2458258.8608279005,58258.3558796,19.9446144,0.100872114,0,zg,253.7216205,11.1004615,1.02699995,-0.0109999999,20180520355868,535,0x8,0x2,21.3799992,26.2165546,0.0260007102,-0.0409413353,6.94455912e-06,30,1.08599997,1
535108200017332,51628663,2458270.7916915738,58270.286631900002,19.9958363,0.104569666,0,zg,253.72169790000001,11.1004559,0.423999995,-0.108000003,20180601286620,535,0x8,0x2,20.3600006,26.2167587,0.0374198407,-0.0456380881,1.57799896e-05,30,1.14400005,1
535108200017332,51930909,2458273.8141539567,58273.309097199999,19.8527679,0.0944912657,0,zg,253.72167300000001,11.100468299999999,0.776000023,-0.0670000017,20180604309097,535,0x8,0x2,21.3199997,26.2697105,0.0257890876,-0.0707978606,7.14877569e-06,30,1.09099996,1
535108200017332,52233843,2458276.8434786657,58276.338437500002,20.2054062,0.120652124,0,zg,253.7216712,11.100474800000001,0.772000015,0.0189999994,20180607338391,535,0x8,0x2,21.7000008,26.2702866,0.0237846244,-0.0876989216,6.01346846e-06,30,1.079,1
535108200017332,52533896,2458279.8439831417,58279.338969900004,20.0888748,0.111529037,0,zg,253.72161560000001,11.1004693,0.875999987,-0.180999994,20180610338935,535,0x8,0x2,21.5499992,26.2489643,0.0237797461,-0.0673845559,5.91993785e-06,30,1.08399999,1
535108200017332,52827484,2458282.7798234345,58282.274849499998,20.0538712,0.10887491,0,zg,253.72164069999999,11.1005278,0.70599997,0.0540000014,20180613274815,535,0x8,0x2,21.5300007,26.1525135,0.0239511542,-0.0583326407,6.1097353e-06,30,1.10399997,1
535108200017332,53735019,2458291.8549756156,58291.350196799998,20.2082634,0.120880872,0,zg,253.72157999999999,11.100428900000001,0.917999983,-0.164000005,20180622350162,535,0x8,0x2,21.0300007,26.2478027,0.027466014,-0.0704335496,7.83415635e-06,30,1.15600002,1
535108200017332,54629659,2458300.8010794958,58300.296597200002,19.7542248,0.0880103633,0,zg,253.7215922,11.100439400000001,0.620999992,-0.075000003,20180701296562,535,0x8,0x2,20.6399994,26.1899204,0.0340158567,-0.0621177368,1.22523888e-05,30,1.10000002,1
535108200017332,54928417,2458303.7885395722,58303.284178200003,19.974472,0.103015631,0,zg,253.72163610000001,11.1004784,0.661000013,-0.074000001,20180704284178,535,0x8,0x2,21.3899994,26.2021694,0.0231373478,-0.0689436644,5.60521039e-06,30,1.09599996,1
535108200017332,55229568,2458306.7999117128,58306.295682900003,20.0269051,0.10685952,0,zg,253.7216219,11.100444400000001,0.925000012,0.0540000014,20180707295660,535,0x8,0x2,21.5200005,26.0567684,0.0277280267,-0.06002675,7.9705751e-06,30,1.12600005,1
535108200017332,55725281,2458311.7568006231,58311.252812500003,19.9733391,0.102933638,0,zg,253.72163499999999,11.1004436,1.53100002,0.275000006,20180712252801,535,0x8,0x2,21.4899998,26.0250778,0.0277415384,-0.0492787324,7.92282299e-06,30,1.08700001,1
535108200017332,57216437,2458326.6674872907,58326.164375,19.8138218,0.0918843225,0,zg,253.72154610000001,11.1003098,0.768000007,-0.199000001,20180727164363,535,0x8,0x2,19.7099991,26.2632103,0.0418037362,-0.0913025811,2.77079489e-05,30,1.09599996,1
535108200017332,57516214,2458329.6650534207,58329.162141200002,19.7180748,0.0857287794,0,zg,253.7215539,11.100495499999999,0.823000014,-0.179000005,20180730162106,535,0x8,0x2,20.5799999,26.1153507,0.0316014402,-0.0637784973,1.0583728e-05,30,1.09000003,1
535108200017332,57818998,2458332.6926915073,58332.189988400001,20.0979786,0.112226062,0,zg,253.7216875,11.100470400000001,1.37800002,-0.194000006,20180802189954,535,0x8,0x2,21.5300007,26.1927776,0.0243609194,-0.052643057,6.31688681e-06,30,1.08500004,1
535108200017332,58224667,2458336.7490908299,58336.246678199997,19.9562645,0.101704516,0,zg,253.72155620000001,11.1004872,1.42499995,0.0410000011,20180806246667,535,0x8,0x2,21.1900005,26.2431736,0.0243427735,-0.0511556193,6.18290551e-06,30,1.22300005,1
535108200017332,58918548,2458343.6873782403,58343.185486100003,19.9066181,0.0981931239,0,zg,253.721585,11.1004854,0.920000017,-0.0649999976,20180813185475,535,0x8,0x2,21.2099991,26.1833057,0.0250683948,-0.0510730594,6.474369e-06,30,1.11399996,1
535108200017332,59216356,2458346.6652258849,58346.163564800001,19.8087883,0.0915516913,0,zg,253.72160579999999,11.1004965,0.617999971,-0.100000001,20180816163553,535,0x8,0x2,21.3199997,26.1804447,0.0261152945,-0.051990319,7.05884258e-06,30,1.097,1
535108200017332,60820730,2458362.7076705671,58362.207303199997,20.0530472,0.108813047,0,zg,253.7216119,11.1005822,0.952000022,0.159999996,20180901207292,535,0x8,0x2,20.6100006,26.22505,0.0314396806,-0.0445669182,9.91529942e-06,30,1.37,1
535108200017332,61121195,2458365.712076541,58365.211955999999,19.9381866,0.100415051,0,zg,253.7215975,11.100461299999999,1.15499997,-0.152999997,20180904211944,535,0x8,0x2,21.2399998,26.1252403,0.028504815,-0.0416485034,8.15041039e-06,30,1.46099997,1
535108200017332,61419026,2458368.6901421696,58368.190266199999,19.8229465,0.0924897641,0,zg,253.72164509999999,11.100493800000001,0.577000022,0.00600000005,20180907190231,535,0x8,0x2,21.1599998,26.2099972,0.0315866582,-0.0790723562,1.02876966e-05,30,1.36600006,1
535108200017332,61720864,2458371.7082746052,58371.208645799998,19.8264122,0.0927205607,0,zg,253.72162729999999,11.1005135,0.768999994,-0.00800000038,20180910208646,535,0x8,0x2,21.2800007,26.1794491,0.0227675904,-0.0539448,5.28198916e-06,30,1.57599998,1
535108200017332,62019057,2458374.6899647908,58374.1905787,20.1746674,0.11820507,0,zg,253.7216238,11.100471799999999,0.523999989,0.0209999997,20180913190521,535,0x8,0x2,21.1299992,26.2067108,0.0251919869,-0.0614340641,6.49240019e-06,30,1.48699999,1
535108200017332,63410934,2458388.6076311413,58388.109340299998,19.8732986,0.0958893299,0,zg,253.72159199999999,11.1005292,0.59799999,0.0710000023,20180927109306,535,0x8,0x2,20.7700005,26.2285519,0.0308728367,-0.0555813275,9.63646835e-06,30,1.23300004,1
535108200017332,73855684,2458493.053278788,58492.5568403,19.7200127,0.0858498067,32768,zg,253.72164369999999,11.100423599999999,0.451000005,-0.0430000015,20190109556829,535,0x8,0x2,20.7800007,25.9267216,0.0386657044,-0.0331788026,1.54492154e-05,30,2.16100001,1
535108200017332,80350219,2458558.003500137,58557.502199100003,19.7791634,0.0896144062,0,zg,253.72168629999999,11.1004383,0.904999971,0.0160000008,20190315502199,535,0x8,0x2,20.25,26.013319,0.0399405025,-0.0486149378,1.71642005e-05,30,1.13800001,1
535108200017332,80650216,2458561.0037076771,58560.502164400001,19.7108307,0.0852777511,32768,zg,253.7214941,11.1004057,0.676999986,-0.00999999978,20190318502130,535,0x8,0x2,20.3799992,26.3123684,0.0370783173,-0.151520148,1.52053599e-05,30,1.12100005,1
535108200017332,81443902,2458568.9411923909,58568.439027799999,20.431469,0.139323652,0,zg,253.72170629999999,11.100522099999999,0.598999977,-0.349999994,20190326439028,535,0x8,0x2,20.2600002,26.1853123,0.0359950326,-0.113492742,1.48536328e-05,30,1.245,1
535108200017332,81850086,2458573.0033371351,58572.500868100004,19.9395676,0.100513175,0,zg,253.72161510000001,11.100512200000001,0.927999973,0.074000001,20190330500521,535,0x8,0x2,20.9699993,26.2348385,0.0276290383,-0.0560886785,7.92923856e-06,30,1.08099997,1
535108200017332,82643802,2458580.9410510343,58580.4380208,19.7651463,0.0887098461,0,zg,253.7215903,11.1004731,0.499000013,-0.0109999999,20190407437986,535,0x8,0x2,21.0200005,25.8558521,0.0288898647,-0.0733428746,8.64112371e-06,30,1.14100003,1
535108200017332,82943829,2458583.9415276023,58583.438298599998,19.8825417,0.0965241492,0,zg,253.72161980000001,11.1004839,1.22899997,0.120999999,20190410438160,535,0x8,0x2,20.8799992,26.1609344,0.0280971918,-0.0669777989,8.23611208e-06,30,1.12300003,1
535108200017332,83247850,2458586.9819289888,58586.478506899999,19.9161263,0.0988583565,0,zg,253.72165050000001,11.1005105,0.646000028,-0.050999999,20190413478507,535,0x8,0x2,21.3799992,26.2187042,0.02773799,-0.0635747686,8.11607788e-06,30,1.07599998,1
535108200017332,84442908,2458598.9331769198,58598.429085600001,19.9776993,0.103249289,0,zg,253.72158099999999,11.100499900000001,0.975000024,0.111000001,20190425428993,535,0x8,0x2,21.1800003,26.2127323,0.0256193355,-0.0605437309,6.84068254e-06,30,1.08099997,2
535108200017332,84442953,2458598.9336283389,58598.429537000004,20.1967316,0.119958691,0,zg,253.72164900000001,11.100475599999999,0.829999983,-0.00700000022,20190425429537,535,0x8,0x2,21.2199993,26.2127495,0.0246934015,-0.0547380298,6.34463504e-06,30,1.08099997,2
535108200017332,84528274,2458599.7872234588,58599.282743099997,19.9417343,0.100667119,32768,zg,253.7217177,11.1004372,0.246999994,0,20190426282685,535,0x8,0x2,21.3099995,26.6842213,0.0535979457,-0.0317128301,2.92632067e-05,90,1.83800006,2
535108200017332,84639827,2458600.902462224,58600.398275500003,19.9532738,0.101490334,0,zg,253.72166440000001,11.100515700000001,1.22300005,0.0320000015,20190427398241,535,0x8,0x2,21.8199997,26.223177,0.0226132311,-0.0678011477,5.4307161e-06,30,1.11099994,1
535108200017332,85440087,2458608.9054066534,58608.400879599998,20.0599232,0.109330878,0,zg,253.72174659999999,11.1005254,0.896000028,0.0540000014,20190505400880,535,0x8,0x2,21.3400002,26.1781654,0.0238260217,-0.0617237091,5.8376304e-06,30,1.08200002,1
535108200017332,86245798,2458616.9627742772,58616.457986100002,20.0223103,0.106518716,0,zg,253.72161539999999,11.100512800000001,1.579,-0.150999993,20190513457951,535,0x8,0x2,21.7299995,26.1377525,0.0239304714,-0.0525068864,5.9234826e-06,30,1.148,1
535108200017332,87833804,2458632.8430933761,58632.338043999996,19.8624535,0.0951488093,0,zg,253.72163789999999,11.1005027,0.508000016,-0.0450000018,20190529338009,535,0x8,0x2,21.5900002,26.1810799,0.0232985578,-0.0637538135,5.59075124e-06,30,1.08000004,1
535108200017332,88141870,2458635.9237636044,58635.418703700001,19.8846321,0.0966681987,0,zg,253.7216359,11.1004921,0.893000007,-0.0399999991,20190601418414,535,0x8,0x2,21.7299995,26.1281605,0.0223923083,-0.0501638204,5.18795514e-06,30,1.18299997,1
535108200017332,88435307,2458638.8581363824,58638.353078699998,20.1043682,0.112716988,0,zg,253.72160070000001,11.100478000000001,0.518999994,-0.0320000015,20190604353044,535,0x8,0x2,21.6800003,26.1647129,0.0247091278,-0.0619798526,6.3081834e-06,30,1.08000004,1
535108200017332,88723173,2458641.7367799045,58641.231736100002,20.1461239,0.115958035,32768,zg,253.72158060000001,11.100472399999999,0.550999999,-0.0460000001,20190607231713,535,0x8,0x2,21.1800003,25.6971169,0.0292672254,-0.0688311681,8.67641847e-06,30,1.28199995,1
535108200017332,89033993,2458644.844946614,58644.339930599999,20.1385078,0.115362801,0,zg,253.72168909999999,11.100461299999999,0.232999995,0.00300000003,20190610339907,535,0x8,0x2,21.4899998,26.2032337,0.0235090125,-0.0586428754,5.65420351e-06,30,1.08200002,1
535108200017332,89337142,2458647.8763997382,58647.371423600001,19.7858238,0.0900469348,0,zg,253.72163309999999,11.1004963,0.818000019,-0.0680000037,20190613371389,535,0x8,0x2,20.5599995,26.2026978,0.0315241255,-0.0459213369,1.04126866e-05,30,1.14300001,1
535108200017332,89621204,2458650.7169761225,58650.212048599999,19.7039223,0.0848496035,0,zg,253.72165609999999,11.1004285,0.405000001,0.0469999984,20190616211991,535,0x8,0x2,19.9500008,26.1577282,0.039513398,-0.0454105586,2.09154623e-05,30,1.25899994,1
535108200017332,89931725,2458653.8221189976,58653.317256900002,19.9405174,0.100580677,0,zg,253.72162420000001,11.100452199999999,0.791000009,-0.314999998,20190619317257,535,0x8,0x2,20.2000008,26.1745453,0.0388145857,-0.0435479581,1.75187142e-05,30,1.08399999,1
535108200017332,90033133,2458654.8361689607,58654.331331000001,19.7793827,0.0896286219,0,zg,253.7216569,11.1004738,0.67900002,-0.259000003,20190620331331,535,0x8,0x2,20.4200001,26.1573467,0.0334444568,-0.0336161703,1.17952241e-05,30,1.102,1
535108200017332,90323268,2458657.7374466937,58657.232685199997,19.8600082,0.094982475,0,zg,253.72167719999999,11.1004989,1.52900004,0.0560000017,20190623232685,535,0x8,0x2,21.4300003,26.1692677,0.0249195769,-0.0609290674,6.26327574e-06,30,1.13,1
535108200017332,90620570,2458660.7103778427,58660.205706000001,19.8772583,0.0961608961,0,zg,253.72166240000001,11.1004988,1.45700002,-0.0579999983,20190626205706,535,0x8,0x2,21.7600002,26.1980953,0.0242929403,-0.0737466961,6.01648253e-06,30,1.17999995,1
535108200017332,91223136,2458666.7358216438,58666.231365699998,20.1285591,0.114587881,0,zg,253.7216268,11.1004843,0.552999973,0.0410000011,20190702231366,535,0x8,0x2,21.6900005,26.2115784,0.0231614206,-0.058856912,5.43261967e-06,30,1.09200001,1
535108200017332,92133094,2458675.8349965434,58675.330949100004,19.9075642,0.0982591063,0,zg,253.7216258,11.100467399999999,1.01999998,-0.180999994,20190711330926,535,0x8,0x2,20.7800007,26.1517925,0.0310613308,-0.0366683602,9.66731113e-06,30,1.26600003,1
535108200017332,92718928,2458681.6930187335,58681.189282400002,20.0949974,0.111997552,0,zg,253.7216267,11.100502799999999,0.718999982,-0.375,20190717189282,535,0x8,0x2,20.1399994,26.2324696,0.0362688638,-0.0603434779,1.54588233e-05,30,1.09300005,1
535108200017332,93021304,2458684.7166061364,58684.213043999996,20.2309704,0.122707382,0,zg,253.72155889999999,11.100510099999999,1.63999999,-0.187000006,20190720213044,535,0x8,0x2,21.3500004,26.2176285,0.0229914747,-0.0621090159,5.45626744e-06,30,1.07500005,1
535108200017332,93722898,2458691.7321065613,58691.228981499997,19.9989223,0.104795568,0,zg,253.72161890000001,11.100491,0.453999996,0.0500000007,20190727228947,535,0x8,0x2,21.6700001,26.1343403,0.0222307276,-0.0517101064,5.10924156e-06,30,1.10000002,1
535108200017332,94022965,2458694.7325779451,58694.229652800001,20.0269566,0.106863402,0,zg,253.7216296,11.100476499999999,1.18499994,-0.0790000036,20190730229641,535,0x8,0x2,21.6499996,26.1734142,0.023310611,-0.0523614995,5.59970613e-06,30,1.11399996,1
535108200017332,94518575,2458699.6883320538,58699.1857523,19.9405117,0.10058026,0,zg,253.72160099999999,11.1004606,1.27499998,-0.00899999961,20190804185752,535,0x8,0x2,21.6000004,26.097971,0.0434331223,-0.0617763847,1.95058055e-05,30,1.079,1
535108200017332,95723832,2458711.7399971313,58711.238321800003,20.0645695,0.109681733,0,zg,253.7215276,11.100459000000001,0.393000007,-0.152999997,20190816238322,535,0x8,0x2,20.3199997,26.1598721,0.0377311185,-0.031464994,1.56532769e-05,30,1.29299998,1
535108200017332,96021927,2458714.7207115209,58714.2192708,19.8101883,0.0916441455,0,zg,253.72161800000001,11.1004431,0.717999995,-0.148000002,20190819219271,535,0x8,0x2,20.8099995,26.1466656,0.0289481282,-0.0428443216,8.51665482e-06,30,1.24300003,1
535108200017332,96414993,2458718.6510571102,58718.149930599997,19.8269196,0.0927544236,0,zg,253.7216051,11.1003732,0.781000018,-0.00200000009,20190823149896,535,0x8,0x2,20.8799992,26.1707134,0.027847914,-0.0223562159,7.96388576e-06,30,1.09300005,1
535108200017332,97115878,2458725.6593410559,58725.158784699997,19.8530521,0.0945104733,0,zg,253.72162510000001,11.100477400000001,0.709999979,-0.0820000023,20190830158785,535,0x8,0x2,20.7700005,26.1417828,0.030266989,-0.0410270579,9.30143142e-06,30,1.14300001,1
535108200017332,97415585,2458728.6561668902,58728.155856500001,19.8864212,0.0967915356,0,zg,253.7216383,11.100512500000001,0.989000022,-0.0189999994,20190902155856,535,0x8,0x2,21.3400002,26.0608654,0.0248586684,-0.0466633998,6.34825938e-06,30,1.15699995,2
535108200017332,98213876,2458736.6389379688,58736.138761599999,19.9341068,0.10012579,0,zg,253.72162900000001,11.1004582,0.437999994,-0.0970000029,20190910138762,535,0x8,0x2,20.7700005,27.6659317,0.0232265498,-0.0506154783,5.68895848e-06,120,1.16999996,2
535108200017332,98712884,2458741.6280930378,58741.128842600003,19.9158306,0.098837629,0,zg,253.72160769999999,11.1004323,0.597000003,0.00499999989,20190915128819,535,0x8,0x2,20.7900009,26.1204929,0.030820854,-0.068175599,1.00353154e-05,30,1.18200004,1
535108200017332,99013236,2458744.63137072,58744.132361099997,20.0894508,0.111573137,0,zg,253.72164240000001,11.1004752,1.05200005,-0.195999995,20190918132361,535,0x8,0x2,21.2600002,26.1202755,0.0257733017,-0.0399372913,6.88891532e-06,30,1.22300005,1
535108200017332,99420840,2458748.7070904654,58748.208402800003,19.5192738,0.0740976483,32768,zg,253.7217727,11.100435600000001,0.662,-0.152999997,20190922208403,535,0x8,0x2,19.3600006,25.5615635,0.0646372736,-0.011882687,9.83925493e-05,30,1.99899995,1
535108200017332,100315835,2458757.6563646416,58757.158356499996,19.7303295,0.0864964426,0,zg,253.7217455,11.100522099999999,0.542999983,-0.0240000002,20191001158356,535,0x8,0x2,20.6499996,26.0472698,0.0317109041,-0.0379031077,1.05013014e-05,30,1.63999999,2
535108200017332,100412759,2458758.6255299537,58758.127592600002,19.7922268,0.0904643908,0,zg,253.7215344,11.1005349,1.01999998,0.0670000017,20191002127593,535,0x8,0x2,20.4799995,26.1124153,0.0360813625,-0.114252388,1.38755695e-05,30,1.39699996,1
535108200017332,101110062,2458765.5980727109,58765.100624999999,19.9331169,0.100055717,0,zg,253.7216268,11.100573900000001,0.762000024,0.0549999997,20191009100625,535,0x8,0x2,20.3899994,26.1071625,0.0331715904,-0.0636649355,1.20004452e-05,30,1.347,1
535108200017332,101710880,2458771.6058650399,58771.108807899996,19.9473705,0.101068571,0,zg,253.7218201,11.100501299999999,0.379000008,-0.0920000002,20191015108808,535,0x8,0x2,19.7700005,26.0171356,0.0435380898,-0.0462888889,2.75648326e-05,30,1.52699995,1
535108200017332,102012387,2458774.6207506978,58774.1238773,20.024065,0.106648788,0,zg,253.7214036,11.100552499999999,0.556999981,0.0320000015,20191018123877,535,0x8,0x2,20.0699997,26.0147781,0.0398047604,-0.0444739982,1.91106828e-05,30,1.78600001,1
535108200017332,112355614,2458878.0538096162,58877.556145800001,19.8332291,0.0931759849,0,zg,253.72148379999999,11.1004364,0.757000029,0.0120000001,20200129555949,535,0x8,0x2,20.4200001,26.2131481,0.0405154414,-0.0615348183,1.72879172e-05,30,1.45799994,1
535108200017332,113248292,2458886.9812549502,58886.482928199999,19.7128086,0.0854007602,0,zg,253.72157390000001,11.100387100000001,0.852999985,-0.074000001,20200207482917,535,0x8,0x2,19.8299999,26.1701317,0.0392394289,-0.0353357978,2.17585621e-05,30,2.06599998,1
535108200017332,113747556,2458891.9742853199,58891.475567100002,19.5213375,0.0742105097,0,zg,253.72171030000001,11.100435900000001,1.12699997,-0.133000001,20200212475567,535,0x8,0x2,19.6900005,26.1771736,0.0406877808,-0.0478947163,2.52445607e-05,30,1.95099998,1
535108200017332,114056065,2458895.0596257239,58894.560659700001,19.8765507,0.096112296,0,zg,253.72155960000001,11.1005226,0.358999997,0.0149999997,20200215560660,535,0x8,0x2,20.5400009,26.2872963,0.0329681523,-0.0677126199,1.1271517e-05,30,1.19000006,1
535108200017332,115055070,2458905.0504950117,58904.550706000002,20.1698856,0.117826827,0,zg,253.721675,11.1004094,0.916999996,-0.0799999982,20200225550694,535,0x8,0x2,20.4799995,26.2720642,0.037894275,-0.0632706359,1.51132544e-05,30,1.14100003,1
535108200017332,115454481,2458909.0449375687,58908.5448148,19.8148232,0.0919506103,0,zg,253.72170489999999,11.1004974,0.595000029,-0.0810000002,20200229544815,535,0x8,0x2,21.3299999,26.2597866,0.0342194214,-0.0710946098,1.20430359e-05,30,1.13,1
535108200017332,115754254,2458912.0429197554,58911.542546299999,20.0802517,0.110871263,0,zg,253.72167060000001,11.100440600000001,0.731999993,0.0120000001,20200303542488,535,0x8,0x2,20.5200005,26.2645493,0.035301324,-0.0697675496,1.30574117e-05,30,1.11800003,1
535108200017332,118249982,2458937.0022026165,58936.499826400002,19.7981892,0.0908546075,0,zg,253.72162940000001,11.100478000000001,0.952000022,-0.127000004,20200328499826,535,0x8,0x2,21.3299999,26.2223167,0.0345892608,-0.0716284439,1.23287791e-05,30,1.08399999,1
535108200017332,118944187,2458943.9447508994,58943.441874999997,20.4472771,0.140658766,0,zg,253.72177170000001,11.100612999999999,0.827000022,-0.203999996,20200404441863,535,0x8,0x2,20.5,26.2350559,0.0313247927,-0.0585381798,1.01520345e-05,30,1.14699996,1
535108200017332,119943384,2458953.9373686314,58953.433842600003,20.2579498,0.12489523,0,zg,253.72171460000001,11.1006011,0.785000026,-0.0719999969,20200414433843,535,0x8,0x2,20.7700005,26.2404289,0.0311639626,-0.0630804673,1.00802681e-05,30,1.10699999,1
535108200017332,120246071,2458956.964422164,58956.460717599999,20.1570511,0.116815284,32768,zg,253.7216569,11.100503399999999,1.11399996,-0.116999999,20200417460660,535,0x8,0x2,20.7600002,25.617485,0.059816841,-0.0781947747,3.78522491e-05,30,1.07599998,1
535108200017332,120739511,2458961.899090826,58961.395115699997,19.9177361,0.0989712998,0,zg,253.72168450000001,11.100353999999999,1.38999999,-0.120999999,20200422395104,535,0x8,0x2,20.7199993,26.2153797,0.0368596278,-0.0710196048,1.410604e-05,30,1.14100003,1
535108200017332,121038013,2458964.8842646745,58964.3801389,19.8975601,0.0975625664,0,zg,253.7216933,11.100519,0.805000007,0.00499999989,20200425380139,535,0x8,0x2,21.5599995,26.2431126,0.0235851966,-0.055251617,5.75645026e-06,30,1.15799999,1
535108200017332,121644263,2458970.9470386365,58970.4426389,20.0940247,0.111923024,0,zg,253.72169460000001,11.1005047,0.561999977,-0.0480000004,20200501442639,535,0x8,0x2,21.9799995,26.3131371,0.0282055717,-0.0902028456,8.15190288e-06,30,1.079,1
535108200017332,121946184,2458973.9663598207,58973.461840299999,19.9418201,0.100673229,0,zg,253.7216913,11.1004474,1.625,-0.0689999983,20200504461829,535,0x8,0x2,20.9799995,26.2954884,0.0273124017,-0.0411100797,7.77266541e-06,30,1.10899997,1
535108200017332,122245673,2458976.9613631968,58976.456736100001,19.7447205,0.0874054953,0,zg,253.72155219999999,11.1003896,0.670000017,0.0710000023,20200507456725,535,0x8,0x2,19.5499992,26.2605877,0.0383494385,-0.0267789923,2.81368102e-05,30,1.11399996,1
535108200017332,122543101,2458979.9357411135,58979.431018499999,19.6343365,0.0806414932,0,zg,253.72164409999999,11.100520400000001,0.772000015,-0.291000009,20200510431007,535,0x8,0x2,20.2600002,26.228693,0.0388664491,-0.0338692628,1.67059861e-05,30,1.08899999,1
535108200017332,123340546,2458987.9103843956,58987.405463000003,19.9198723,0.0991213694,0,zg,253.721632,11.100497000000001,1.02900004,-0.064000003,20200518405451,535,0x8,0x2,21.9699993,26.2916527,0.0316165723,-0.0838018805,1.04215505e-05,30,1.08599997,1
535108200017332,123731684,2458991.8218277921,58991.316840300002,19.9871693,0.103937209,0,zg,253.72159970000001,11.100521199999999,1.12,-0.0299999993,20200522316840,535,0x8,0x2,21.2199993,26.2816544,0.0364589766,-0.0707609057,1.3502724e-05,30,1.13300002,1
535108200017332,124131825,2458995.8232855839,58995.3182523,19.9081707,0.0983014926,0,zg,253.7216573,11.100490199999999,1.375,-0.232999995,20200526318252,535,0x8,0x2,21.7900009,26.2858582,0.0270058047,-0.0827719122,7.67977417e-06,30,1.10899997,1
535108200017332,124436119,2458998.8662453289,58998.361192099997,20.2002792,0.12024197,0,zg,253.7216899,11.1005229,0.944999993,-0.116999999,20200529361192,535,0x8,0x2,22.0799999,26.2757874,0.0288530029,-0.080075644,8.60602358e-06,30,1.07700002,1
535108200017332,124739505,2459001.9001182145,59001.395057900001,19.8845196,0.0966603979,0,zg,253.72164129999999,11.100493200000001,0.927999973,-0.157000005,20200601395058,535,0x8,0x2,21.1100006,26.2060165,0.0263206046,-0.0474016927,7.10362292e-06,30,1.12699997,1
535108200017332,125430612,2459008.8111518137,59008.3061227,19.9226074,0.0993138179,0,zg,253.7218359,11.1006079,0.736000001,-0.282999992,20200608306088,535,0x8,0x2,20.0499992,26.3437939,0.0375616997,-0.0420250036,1.6588283e-05,30,1.08200002,1
535108200017332,125727783,2459011.782831179,59011.277835599998,20.146101,0.115956165,0,zg,253.72164119999999,11.1005086,1.14699996,0.108000003,20200611277824,535,0x8,0x2,21.6599998,26.1732979,0.0320508443,-0.0677553117,1.04688361e-05,30,1.10399997,1
535108200017332,126035251,2459014.8574598208,59014.352511600002,19.8672409,0.095475167,0,zg,253.72165380000001,11.100505500000001,0.950999975,0.0890000015,20200614352512,535,0x8,0x2,21.7099991,26.3231449,0.0263523348,-0.0652657747,7.14310772e-06,30,1.11300004,1
535108200017332,126329972,2459017.8046130533,59017.299722199998,20.0217781,0.106479324,0,zg,253.72168260000001,11.1004874,0.558000028,0.00400000019,20200617299722,535,0x8,0x2,22.1200008,26.3329964,0.0303227566,-0.08175008,9.49065543e-06,30,1.07500005,1
535108200017332,126622961,2459020.7344403886,59020.229618099998,20.0149708,0.105975732,0,zg,253.7216894,11.1004728,0.606999993,-0.0839999989,20200620229514,535,0x8,0x2,21.8600006,26.2845287,0.0295661427,-0.0835653096,9.18706064e-06,30,1.15199995,1
535108200017332,126931934,2459023.8240780439,59023.319340299997,20.0310402,0.107166827,0,zg,253.72166669999999,11.1005044,0.906000018,-0.0170000009,20200623319340,535,0x8,0x2,21.7299995,26.3114395,0.0296239704,-0.0714184567,8.96132042e-06,30,1.10000002,1
535108200017332,127224695,2459026.7516022609,59026.246956000003,20.1288948,0.114614025,32768,zg,253.72151149999999,11.1004936,1.04100001,-0.305999994,20200626246956,535,0x8,0x2,20.4099998,25.338213,0.0607061684,-0.0519677326,4.23641686e-05,30,1.09099996,1
535108200017332,128120943,2459035.7137332428,59035.209432900003,19.8553066,0.0946632922,0,zg,253.72164530000001,11.1005892,0.757000029,-0.409000009,20200705208831,535,0x8,0x2,19.8999996,26.3070316,0.0431217365,-0.0583637953,2.52765622e-05,30,1.10800004,1
535108200017332,128519210,2459039.6962228655,59039.192106499999,20.0225201,0.106534243,0,zg,253.7216751,11.1004898,1.06799996,-0.172000006,20200709192106,535,0x8,0x2,21.9300003,26.3010559,0.0223202594,-0.0735514536,5.2696455e-06,30,1.12,1
535108200017332,128830034,2459042.8043076899,59042.300347199998,19.7942619,0.0905974731,0,zg,253.721598,11.100505800000001,0.688000023,-0.115999997,20200712300336,535,0x8,0x2,21.5300007,26.2128258,0.0253044516,-0.0613108948,6.57734245e-06,30,1.16999996,1
535108200017332,129126244,2459045.7662444529,59045.2624421,19.9279881,0.0996930823,0,zg,253.7216339,11.100482100000001,0.893000007,-0.149000004,20200715262442,535,0x8,0x2,21.7900009,26.3224945,0.0272626616,-0.0616983809,7.63242497e-06,30,1.10399997,1
535108200017332,129425396,2459048.7576033664,59048.253969899997,20.0438385,0.108122058,0,zg,253.72167619999999,11.1004934,0.648000002,-0.0520000011,20200718253970,535,0x8,0x2,21.6299992,26.341486,0.0258009266,-0.0747863352,6.89609624e-06,30,1.10399997,1
535108200017332,129729656,2459051.8000151492,59051.2965625,19.9854317,0.103810713,0,zg,253.7216244,11.100475299999999,0.653999984,-0.057,20200721296528,535,0x8,0x2,21.6200008,26.2510052,0.0266015232,-0.0665244386,7.39302595e-06,30,1.24399996,1
535108200017332,130024241,2459054.7456884412,59054.242419000002,19.9195023,0.0990954041,0,zg,253.72166559999999,11.100494100000001,1.20299995,-0.140000001,20200724242106,535,0x8,0x2,21.3999996,26.3163261,0.0290110931,-0.0739125907,8.64197591e-06,30,1.11199999,1
535108200017332,130324559,2459057.7486651456,59057.245590300001,19.635273,0.0806968883,0,zg,253.72157319999999,11.100362499999999,0.97299999,0.179000005,20200727245289,535,0x8,0x2,20.2800007,26.2444096,0.0401506647,-0.0171185769,1.74735724e-05,30,1.13399994,1
535108200017332,130925372,2459063.7563909548,59063.253726900002,20.0171947,0.10614007,0,zg,253.72164309999999,11.1004843,0.916999996,-0.437999994,20200802253727,535,0x8,0x2,20.2099991,26.3094025,0.0381837003,-0.0468453988,1.61529751e-05,30,1.204,1
535108200017332,131229609,2459066.7985456171,59066.296099500003,19.885519,0.0967293531,0,zg,253.7215429,11.1004307,0.833000004,-0.185000002,20200805296076,535,0x8,0x2,20.0599995,26.2228394,0.0387341157,-0.0535503887,1.87042406e-05,30,1.48800004,1
535108200017332,131319244,2459067.6948229335,59067.1924421,19.8490143,0.0942374021,0,zg,253.72160959999999,11.100488500000001,0.802999973,-0.0579999983,20200806192442,535,0x8,0x2,21.3600006,26.3536835,0.0243962556,-0.0737279356,6.15050931e-06,30,1.09099996,3
535108200017332,131418946,2459068.6917751506,59068.189467600001,20.0550137,0.108961008,0,zg,253.72164169999999,11.100498099999999,0.82099998,-0.0989999995,20200807189398,535,0x8,0x2,21.6499996,26.3278008,0.0271772109,-0.0646629557,7.59559225e-06,30,1.09099996,3
535108200017332,131517331,2459069.6755448445,59069.1733102,20.047039,0.108361945,0,zg,253.7216463,11.1005331,0.978999972,-0.0489999987,20200808173310,535,0x8,0x2,21.8500004,26.3339691,0.02596239,-0.0720174387,6.99441489e-06,30,1.08000004,1
535108200017332,131517423,2459069.6764706778,59069.1742361,19.98526,0.103798218,0,zg,253.72166780000001,11.1005217,1.079,-0.119999997,20200808174236,535,0x8,0x2,21.6200008,26.3271885,0.0267456379,-0.0608730875,7.26875578e-06,30,1.08000004,3
535108200017332,131624155,2459070.7437056997,59070.241550899998,19.8538609,0.0945652872,0,zg,253.7215798,11.1004881,0.825999975,-0.116999999,20200809241551,535,0x8,0x2,21.4599991,26.3033371,0.025359096,-0.0541887656,6.688756e-06,30,1.23099995,3
535108200017332,131824762,2459072.7496304926,59072.247627299999,19.9380608,0.100406162,0,zg,253.72163810000001,11.1004904,1.14699996,-0.00899999961,20200811247627,535,0x8,0x2,21.2900009,26.219471,0.0267943833,-0.049737636,7.36221e-06,30,1.28199995,3
535108200017332,131824855,2459072.750556319,59072.248553199999,19.8035851,0.0912089124,0,zg,253.7216032,11.100477100000001,1.44500005,-0.232999995,20200811248553,535,0x8,0x2,21.3899994,26.2110405,0.0256861653,-0.0506501868,6.76147147e-06,30,1.28600001,1
535108200017332,132019103,2459074.6928844401,59074.191030100003,20.2821274,0.126871169,32768,zg,253.72170890000001,11.100531,0.953000009,0.129999995,20200813191030,535,0x8,0x2,21.1800003,25.8796749,0.0452999845,-0.0593461543,2.13803723e-05,30,1.11699998,3
535108200017332,132321181,2459077.7134364056,59077.211817099997,19.9606991,0.102022685,32768,zg,253.7216387,11.100485000000001,0.776000023,-0.107000001,20200816211817,535,0x8,0x2,21.1299992,25.8820515,0.0459194519,-0.0454916768,2.11024944e-05,30,1.19200003,3
535108200017332,132422637,2459078.7279167748,59078.226377300001,19.8954983,0.0974195227,0,zg,253.72164470000001,11.1004947,1.04200006,-0.0189999994,20200817226377,535,0x8,0x2,21.3099995,26.1196556,0.0266980901,-0.0487048104,7.14845737e-06,30,1.25899994,1
535108200017332,132422780,2459078.7293402571,59078.2278009,19.8862095,0.0967769623,0,zg,253.72160679999999,11.1005156,0.809000015,0.0109999999,20200817227789,535,0x8,0x2,21.2399998,26.1053505,0.0273397863,-0.0417855941,7.44035424e-06,30,1.26600003,3
535108200017332,132515960,2459079.6610722295,59079.159606499998,19.99617,0.104594082,0,zg,253.7216488,11.1005053,0.64200002,-0.0209999997,20200818159606,535,0x8,0x2,21.5599995,26.1635799,0.0261255186,-0.0740384832,7.07372374e-06,30,1.09099996,3
535108200017332,132819027,2459082.6915017734,59082.1902778,19.7339096,0.0867218077,32768,zg,253.72159260000001,11.1005404,0.665000021,-0.0920000002,20200821190185,535,0x8,0x2,19.9099998,25.0799236,0.107568979,-0.00242502941,0.000173462671,30,1.16700006,3
535108200017332,133018327,2459084.6843389813,59084.1832755,19.8314095,0.0930542126,0,zg,253.7216229,11.1005088,0.57099998,-0.0839999989,20200823183264,535,0x8,0x2,21.1000004,26.036787,0.0277510304,-0.0387322865,7.80680693e-06,30,1.16299999,3
535108200017332,133220402,2459086.7049275292,59086.204027799999,19.9395962,0.100515187,0,zg,253.72163520000001,11.100496,0.584999979,0.064000003,20200825204028,535,0x8,0x2,20.9599991,26.1557255,0.0280129351,-0.0496442989,8.05187756e-06,30,1.25699997,3
535108200017332,133316942,2459087.6702425247,59087.169421300001,19.7181664,0.0857345089,0,zg,253.72161389999999,11.100485300000001,0.949999988,-0.185000002,20200826169421,535,0x8,0x2,20.5699997,26.133604,0.0313564353,-0.0640066266,1.04976243e-05,30,1.148,3
535108200017332,134117123,2459095.6714042909,59095.171238399998,19.6971321,0.0844305828,0,zg,253.7215812,11.1004691,1.07500005,-0.238999993,20200903171238,535,0x8,0x2,20.3700008,26.1856594,0.0350585431,-0.0396023467,1.37181132e-05,30,1.22300005,1
535108200017332,134319442,2459097.6944210432,59097.194421300002,19.4625969,0.0710608363,0,zg,253.721633,11.1004655,0.958999991,-0.0250000004,20200905194398,535,0x8,0x2,20.0599995,26.1587048,0.045139242,-0.0314389206,2.50587545e-05,30,1.36500001,3
535108200017332,135218685,2459106.6861181762,59106.186851899998,19.6908512,0.0840446055,32768,zg,253.72179080000001,11.100242700000001,0.749000013,0.135000005,20200914186852,535,0x8,0x2,19.7800007,25.1501102,0.0507209226,-0.0108186239,4.35685979e-05,30,1.48800004,1
535108200017332,135520593,2459109.7049613018,59109.205937500003,19.6360245,0.0807413161,0,zg,253.7215722,11.100529399999999,0.597000003,-0.147,20200917205938,535,0x8,0x2,20.5900002,25.5984859,0.0358500481,-0.0192823783,1.35575128e-05,30,1.77900004,1
535108200017332,135917984,2459113.6785590262,59113.179849499997,19.9180374,0.0989924818,0,zg,253.7216138,11.100547799999999,1.00100005,-0.00800000038,20200921179850,535,0x8,0x2,21.0599995,26.0038033,0.0276566707,-0.0357229412,7.87284989e-06,30,1.60000002,1
535108200017332,137417172,2459128.6693217619,59128.171724500004,19.9406605,0.100590847,0,zg,253.72167630000001,11.1004495,0.611000001,-0.074000001,20201006171725,535,0x8,0x2,20.1499996,25.8537712,0.0391253196,-0.0191618875,1.80520692e-05,30,2.06900001,1
535108200017332,138110100,2459135.5981433135,59135.101006899997,19.8561783,0.0947223827,0,zg,253.72158630000001,11.100479,0.76700002,-0.104000002,20201013101007,535,0x8,0x2,20.9599991,26.1880569,0.0295669883,-0.0408335105,9.02005468e-06,30,1.43700004,1
535108200017332,138314513,2459137.642147263,59137.145138899999,19.9703979,0.102721162,0,zg,253.72157340000001,11.1005305,0.479000002,-0.0480000004,20201015145139,535,0x8,0x2,20.7800007,26.0356464,0.030984547,-0.0330758691,9.6926542e-06,30,2.02999997,1
535108200017332,139114535,2459145.6419058489,59145.1453588,19.9857922,0.103836983,0,zg,253.72141740000001,11.100360200000001,0.546999991,-0.273999989,20201023145347,535,0x8,0x2,20.1000004,25.9747639,0.0407384597,-0.0217591189,1.90731243e-05,30,2.55800009,1
535108200017332,149752813,2459252.0264467415,59251.528136599998,20.0910568,0.111695826,0,zg,253.7216214,11.1006713,0.763999999,0.193000004,20210206528137,535,0x8,0x2,20.3999996,26.2995777,0.036133077,-0.0615577362,1.41489363e-05,30,1.48899996,1
535108200017332,149954363,2459254.0421007988,59253.543634299996,19.8863335,0.096785523,0,zg,253.72165509999999,11.100472099999999,0.782000005,0.100000001,20210208543623,535,0x8,0x2,21.3899994,26.3098373,0.0262398813,-0.0708215013,7.25608425e-06,30,1.34200001,1
535108200017332,150253922,2459257.0379273165,59256.539224499997,19.7764015,0.0894355401,0,zg,253.72170829999999,11.100529399999999,1.56700003,-0.211999997,20210211539225,535,0x8,0x2,21.4099998,26.3095493,0.026767347,-0.0629610941,7.41557051e-06,30,1.32099998,1
535108200017332,150254016,2459257.0388648906,59256.540161999998,19.81464,0.0919384509,0,zg,253.72172130000001,11.1005278,0.762000024,-0.0430000015,20210211540162,535,0x8,0x2,21.4400005,26.3117867,0.0272785947,-0.0601722598,7.79262609e-06,30,1.31500006,3
535108200017332,150952444,2459264.0237128907,59263.524444399998,20.0397015,0.107812673,0,zg,253.72185099999999,11.100615700000001,0.555000007,0.231999993,20210218524433,535,0x8,0x2,20.1200008,26.323246,0.0416164845,-0.0467271619,2.0282072e-05,30,1.29799998,1
535108200017332,151151836,2459266.0178008853,59265.518368099998,20.1340714,0.11501684,0,zg,253.72173040000001,11.100478300000001,0.783999979,-0.061999999,20210220518356,535,0x8,0x2,21.2900009,26.3260098,0.0263681561,-0.0672188252,7.1395848e-06,30,1.29999995,1
535108200017332,151352840,2459268.0280020959,59267.528402800002,20.15765,0.116862327,0,zg,253.721689,11.100436699999999,0.569999993,-0.107000001,20210222528403,535,0x8,0x2,21.0400009,26.3538475,0.0281539001,-0.0803916529,8.03793864e-06,30,1.22899997,1
535108200017332,151546491,2459269.9646793115,59269.464918999998,19.7817917,0.0897848979,0,zg,253.7216373,11.1005007,0.782999992,-0.186000004,20210224464907,535,0x8,0x2,20.4099998,26.2703762,0.0356952623,-0.0515659079,1.34156426e-05,30,1.62100005,3
535108200017332,151851734,2459273.0173645816,59272.517349499998,19.8155842,0.0920009837,0,zg,253.7216047,11.1005667,0.324000001,-0.101000004,20210227517350,535,0x8,0x2,19.7999992,26.3077221,0.0401546024,-0.0468737185,2.22700291e-05,30,1.21899998,3
535108200017332,152452488,2459279.0254014023,59278.524884300001,20.0624466,0.10952124,0,zg,253.72167450000001,11.100527700000001,0.583000004,-0.217999995,20210305524873,535,0x8,0x2,20.4699993,26.3387871,0.0329486951,-0.0601482093,1.14604918e-05,30,1.14499998,1
535108200017332,153642631,2459290.9278152543,59290.426319400001,20.0255432,0.10675846,0,zg,253.7217267,11.100576200000001,1.125,0.136000007,20210317426215,535,0x8,0x2,21.3700008,26.286293,0.0265878607,-0.0930642039,7.36472839e-06,30,1.45200002,2
535108200017332,153844824,2459292.9498983715,59292.448240700003,20.1249886,0.114310503,0,zg,253.72166849999999,11.100534400000001,0.741999984,-0.0920000002,20210319448241,535,0x8,0x2,21.5200005,26.239418,0.0248006508,-0.0722410008,6.41980841e-06,30,1.28299999,1
535108200017332,154937883,2459303.8813265925,59303.378831000002,19.5459671,0.0755702257,0,zg,253.72186690000001,11.1004921,0.493000001,0.0289999992,20210330378831,535,0x8,0x2,19.8299999,26.2013226,0.0365537219,-0.0329486243,1.98525595e-05,30,1.55499995,1
535108200017332,155242287,2459306.9255860271,59306.422870399998,19.9655361,0.102370627,0,zg,253.72156440000001,11.100469500000001,0.684000015,-0.0280000009,20210402422870,535,0x8,0x2,20.6499996,26.2908554,0.0304493345,-0.070263803,9.61606565e-06,30,1.22599995,1
535108200017332,155446196,2459308.9648267631,59308.4619676,19.9114914,0.0985336527,0,zg,253.7216511,11.100539599999999,0.35800001,-0.0430000015,20210404461968,535,0x8,0x2,21.2999992,26.3338909,0.0246698,-0.0798175409,6.40404323e-06,30,1.10599995,1
535108200017332,155842290,2459312.9260335336,59312.4229051,20.0480156,0.108435079,0,zg,253.72163,11.1005226,0.67900002,-0.0130000003,20210408422894,535,0x8,0x2,21.4500008,26.3204384,0.0253333077,-0.0758854672,6.76899344e-06,30,1.16999996,1
535108200017332,156041598,2459314.9192426428,59314.415983799998,19.8471432,0.0941111222,0,zg,253.72165680000001,11.100512200000001,0.535000026,-0.0460000001,20210410415984,535,0x8,0x2,21.5499992,26.313343,0.0264780801,-0.0687259957,7.20171965e-06,30,1.17400002,1
535108200017332,156237126,2459316.8746448411,59316.371261599998,19.9898911,0.104135513,0,zg,253.7216861,11.100504300000001,0.745000005,-0.0399999991,20210412371262,535,0x8,0x2,21.7600002,26.2359943,0.0295283031,-0.0820371211,9.02151987e-06,30,1.34399998,1
535108200017332,156543307,2459319.9366494869,59319.4330787,20.0091438,0.105546132,0,zg,253.7216742,11.100482100000001,1.49100006,-0.00999999978,20210415433079,535,0x8,0x2,21.2099991,26.3169022,0.0278261863,-0.0905302092,8.16904776e-06,30,1.10399997,1
535108200017332,156842348,2459322.927228664,59322.423483799997,19.8511925,0.0943846181,0,zg,253.72160389999999,11.100504300000001,1.25100005,-0.206,20210418423472,535,0x8,0x2,21.0100002,26.3036785,0.0362262316,-0.0763516352,1.36100816e-05,30,1.10699999,1
535108200017332,157039981,2459324.9036695696,59324.399814800003,20.0215988,0.106465891,0,zg,253.72168099999999,11.1004834,0.777999997,0.0410000011,20210420399803,535,0x8,0x2,21.6000004,26.2839489,0.0266732424,-0.073101081,7.48729371e-06,30,1.14300001,1
535108200017332,157436047,2459328.8645367469,59328.360474499998,19.7913132,0.0904047564,0,zg,253.72177730000001,11.1004714,0.739000022,-0.34799999,20210424360475,535,0x8,0x2,20.1700001,26.2789059,0.0381328017,-0.0528942235,1.74714023e-05,30,1.23500001,1
535108200017332,158045450,2459334.9588490357,59334.454502300003,19.5767422,0.0773019642,0,zg,253.721564,11.1005146,0.921000004,-0.0379999988,20210430454502,535,0x8,0x2,20.4200001,26.3286839,0.0327640288,-0.0296227355,1.12843654e-05,30,1.08399999,1
535108200017332,158243217,2459336.9366055033,59336.432175900001,19.7926788,0.0904939845,0,zg,253.721655,11.1005433,1.45500004,-0.0560000017,20210502432176,535,0x8,0x2,21.0100002,26.2810555,0.026417993,-0.0495918356,7.1651948e-06,30,1.07500005,1
535108200017332,158538249,2459339.8870443013,59339.3825,20.0142517,0.105922773,0,zg,253.72165910000001,11.1005193,1.495,-0.120999999,20210505382500,535,0x8,0x2,21.5300007,26.2624378,0.0267747175,-0.0599214174,7.40795667e-06,30,1.09899998,1
535108200017332,158737343,2459341.8780530202,59341.373437499999,19.8980179,0.0975943506,0,zg,253.7217283,11.1005202,0.856999993,0.0149999997,20210507373438,535,0x8,0x2,21.5400009,26.2767525,0.0314822048,-0.0676006451,1.03931079e-05,30,1.10399997,1
535108200017332,158938099,2459343.8856776007,59343.380995400003,19.9774036,0.103227861,0,zg,253.72167020000001,11.1004992,1.20799994,-0.115000002,20210509380995,535,0x8,0x2,21.6599998,26.2197495,0.0277094264,-0.0802643448,8.09375433e-06,30,1.08700001,1
535108200017332,159140216,2459345.9069084316,59345.402164400002,20.1641865,0.117377102,0,zg,253.7216655,11.100467999999999,0.925999999,0.0350000001,20210511402164,535,0x8,0x2,21.75,26.2683792,0.0261124447,-0.0737845898,7.12202291e-06,30,1.074,1
535108200017332,159537859,2459349.8834493859,59349.3785995,19.9685555,0.102588251,0,zg,253.7217215,11.100490799999999,1.01900005,0.0309999995,20210515378600,535,0x8,0x2,22.0699997,26.2807655,0.0307687484,-0.0848299861,9.79914239e-06,30,1.07700002,1
535108200017332,160732608,2459361.8311270871,59361.326088000002,20.1377563,0.115304008,0,zg,253.72168540000001,11.1006316,0.404000014,0.128999993,20210527326076,535,0x8,0x2,19.8600006,26.3452282,0.0398472473,-0.0421359688,2.32064413e-05,30,1.09399998,1
535108200017332,161131670,2459365.8217600915,59365.316701399999,20.021656,0.106470138,0,zg,253.7216344,11.100524800000001,1.54100001,-0.155000001,20210531316690,535,0x8,0x2,21.3799992,26.2790337,0.0269341338,-0.0795202553,7.45849138e-06,30,1.09200001,1
535108200017332,161329717,2459367.8022361412,59367.297175899999,19.9430046,0.100757539,0,zg,253.72165440000001,11.1005124,1.28600001,-0.119000003,20210602297176,535,0x8,0x2,21.6800003,26.2111435,0.0255820192,-0.0696744844,6.80171479e-06,30,1.11199999,1
535108200017332,161537480,2459369.8798592216,59369.3748032,19.8386364,0.0935385078,0,zg,253.7216391,11.1004994,0.958999991,-0.145999998,20210604374803,535,0x8,0x2,21.7800007,26.2757893,0.0250347704,-0.0631326213,6.6140442e-06,30,1.10300004,1
535108200017332,161736443,2459371.8694792734,59371.364432900002,20.0162163,0.106067829,0,zg,253.72164470000001,11.1005074,0.546000004,-0.0659999996,20210606364410,535,0x8,0x2,21.8899994,26.2925148,0.0270324666,-0.0689259171,7.62187847e-06,30,1.09599996,1
535108200017332,162036734,2459374.8723709248,59374.367349499997,19.9001255,0.0977408215,0,zg,253.72160819999999,11.1005161,1.17499995,-0.123999998,20210609367350,535,0x8,0x2,21.6499996,26.3002853,0.0244465135,-0.0614070967,6.23252299e-06,30,1.11300004,1
535108200017332,162235388,2459376.858886993,59376.353888899997,19.9401665,0.100555681,0,zg,253.72165100000001,11.1005155,1.49199998,-0.0829999968,20210611353877,535,0x8,0x2,21.7000008,26.3123016,0.0250900071,-0.0620104186,6.57614373e-06,30,1.10000002,1
535108200017332,162435270,2459378.8576774551,59378.352708300001,19.8499641,0.0943016112,0,zg,253.72167640000001,11.100523300000001,1.34000003,0.104000002,20210613352708,535,0x8,0x2,21.6100006,26.3162727,0.0260293074,-0.055823978,6.97982023e-06,30,1.10699999,1
535108200017332,162839546,2459382.9003570569,59382.395463000001,19.8820076,0.0964873806,0,zg,253.7215631,11.1004097,0.639999986,-0.0949999988,20210617395463,535,0x8,0x2,20.7900009,26.0497894,0.0345363356,-0.0314087644,1.24028629e-05,30,1.26600003,1
535108200017332,163927278,2459393.777375143,59393.272789399998,20.0058517,0.105304107,0,zg,253.7215817,11.100512999999999,1.13300002,-0.225999996,20210628272778,535,0x8,0x2,21.2399998,26.278883,0.0245656017,-0.0632224381,6.32149931e-06,30,1.074,1
535108200017332,164329123,2459397.7956725587,59397.291238400001,19.8439102,0.0938931704,0,zg,253.72164799999999,11.1004947,0.870000005,-0.00600000005,20210702291227,535,0x8,0x2,21.5499992,26.2420464,0.0284258407,-0.0572616495,8.42128156e-06,30,1.09300005,1
535108200017332,164629498,2459400.7992965193,59400.294988399997,20.0728493,0.110308632,0,zg,253.7216875,11.1005235,0.537,-0.0920000002,20210705294954,535,0x8,0x2,21.6000004,26.2439919,0.0259092152,-0.0649629161,6.96164625e-06,30,1.11000001,1
535108200017332,165031567,2459404.8197942274,59404.315671299999,19.9245853,0.0994530991,0,zg,253.72163130000001,11.1004962,1.01499999,0.208000004,20210709315660,535,0x8,0x2,21.1800003,26.1017914,0.0271531176,-0.051649224,7.59321483e-06,30,1.18799996,1
535108200017332,165222626,2459406.7302901717,59406.226261600001,19.9913101,0.104239091,0,zg,253.72167300000001,11.1005512,1.62,0.00700000022,20210711226238,535,0x8,0x2,20.9899998,26.1767082,0.0304006524,-0.0612433143,9.6093454e-06,30,1.07599998,1
535108200017332,165434151,2459408.8454355877,59408.341516200002,19.9975014,0.104691513,0,zg,253.7216142,11.100489400000001,0.632000029,0.00200000009,20210713341505,535,0x8,0x2,20.9899998,25.7984867,0.0300679859,-0.0334703363,9.2736509e-06,30,1.35699999,1
535108200017332,165619267,2459410.696493655,59410.192673600002,19.9834824,0.10366898,0,zg,253.7216439,11.1005412,0.740999997,-0.064000003,20210715192662,535,0x8,0x2,21.1800003,26.0599842,0.0259078853,-0.0428879224,6.93508809e-06,30,1.09300005,1
535108200017332,166125326,2459415.7567946515,59415.253263899998,19.8726387,0.0958441943,0,zg,253.7216603,11.1005477,0.995000005,-0.31400001,20210720253264,535,0x8,0x2,20.4200001,26.2555733,0.0356345959,-0.0466391854,1.34517577e-05,30,1.10899997,1
535108200017332,166921180,2459423.7148335855,59423.211805600004,20.0095196,0.105573878,0,zg,253.72168149999999,11.1005506,0.469000012,0.0309999995,20210728211736,535,0x8,0x2,21.3700008,26.222784,0.026284026,-0.0537568815,7.13409736e-06,30,1.08399999,1
535108200017332,167325423,2459427.7569885477,59427.254236100001,19.8524685,0.0944710076,0,zg,253.72161679999999,11.100500500000001,0.912,0.0109999999,20210801254225,535,0x8,0x2,21.4400005,26.2057514,0.0258887224,-0.0690291971,6.9491939e-06,30,1.19299996,1
535108200017332,167525361,2459429.7562227552,59429.253611100001,19.772171,0.0891621485,0,zg,253.72163320000001,11.1005004,1.08200002,0.0439999998,20210803253611,535,0x8,0x2,21.3899994,26.2276802,0.0263499487,-0.0495991521,7.2965754e-06,30,1.21000004,1
535108200017332,168024920,2459434.7514494448,59434.249201400002,19.8428802,0.0938238129,0,zg,253.7216449,11.100504900000001,0.294,-0.0390000008,20210808249201,535,0x8,0x2,21.4699993,26.2235489,0.0247900169,-0.0535742715,6.34291382e-06,30,1.24699998,1
535108200017332,168223363,2459436.7357336683,59436.233634299999,19.944912,0.100893348,0,zg,253.72170370000001,11.100524800000001,0.629999995,0.0199999996,20210810233634,535,0x8,0x2,21.4099998,26.1504993,0.0282970797,-0.0699185804,8.17622004e-06,30,1.20700002,1
535108200017332,168517527,2459439.6771528712,59439.175277800001,19.9110374,0.098501876,0,zg,253.72166340000001,11.1005577,0.941999972,-0.0270000007,20210813175278,535,0x8,0x2,21.0300007,26.0340271,0.0299850907,-0.0548927337,9.38912035e-06,30,1.09200001,1
535108200017332,168724633,2459441.7480455749,59441.246331000002,19.7988625,0.090898782,0,zg,253.72161869999999,11.100495799999999,0.481999993,0.064000003,20210815246319,535,0x8,0x2,20.6200008,26.0411568,0.0349963084,-0.0361524932,1.27166113e-05,30,1.32700002,1
535108200017332,169719086,2459451.6917899484,59451.190868099999,19.9644184,0.102290124,0,zg,253.7216368,11.100436999999999,0.782000005,0.0140000004,20210825190868,535,0x8,0x2,20.8999996,26.1610126,0.0274520572,-0.036652565,7.88041871e-06,30,1.20000005,3
535108200017332,169827718,2459452.7780209822,59452.277187500003,20.0724087,0.110275358,0,zg,253.7215941,11.1005109,0.257999986,-0.064000003,20210826277153,535,0x8,0x2,20.1399994,26.0934181,0.0372572616,-0.0332999118,1.66283426e-05,30,1.93200004,1
535108200017332,169827812,2459452.7789584049,59452.278124999997,19.625658,0.0801299959,0,zg,253.72162639999999,11.100647499999999,0.825999975,-0.136999995,20210826278113,535,0x8,0x2,20.1000004,26.0906239,0.0411617532,-0.0294552036,2.06614404e-05,30,1.94799995,3
535108200017332,170019413,2459454.6948091402,59454.194131900003,19.9104252,0.0984590277,0,zg,253.72161890000001,11.100516499999999,0.439999998,-0.023,20210828194120,535,0x8,0x2,21.3999996,26.2888107,0.0276465546,-0.0656365752,7.90199556e-06,30,1.245,1
535108200017332,170617339,2459460.673578043,59460.173391199998,19.9058037,0.0981363282,0,zg,253.72164380000001,11.1005048,0.93599999,-0.0909999982,20210903173380,535,0x8,0x2,21.6299992,26.278244,0.0255259182,-0.0641527921,6.85019495e-06,30,1.227,1
535108200017332,170719160,2459461.6917119371,59461.1916088,20.2331638,0.122884557,0,zg,253.72160890000001,11.1004798,0.773000002,0.0299999993,20210904191551,535,0x8,0x2,20.4599991,26.2655983,0.0425125584,-0.0385463126,1.86976922e-05,30,1.32599998,2
535108200017332,171015221,2459464.6520706275,59464.152210599997,19.8440285,0.0939011201,0,zg,253.7216411,11.1005112,1.02699995,-0.0199999996,20210907152199,535,0x8,0x2,21.5100002,26.2410965,0.0260046609,-0.056179449,6.99279099e-06,30,1.19000006,1
535108200017332,171221505,2459466.7147488934,59466.215057900001,19.9275074,0.0996591747,0,zg,253.7216057,11.100486699999999,0.869000018,-0.200000003,20210909215046,535,0x8,0x2,21.1299992,26.1275368,0.0250810925,-0.056279704,6.55736994e-06,30,1.61500001,1
535108200017332,171416622,2459468.6657586806,59468.166226900001,19.9891567,0.104082003,0,zg,253.7216847,11.1005524,0.754000008,-0.101999998,20210911166227,535,0x8,0x2,21.3299999,26.2084408,0.0251543056,-0.0452623889,6.48175137e-06,30,1.29299998,1
535108200017332,171621427,2459470.7136361534,59470.214270800003,20.0267868,0.106850654,0,zg,253.72162589999999,11.1005067,0.802999973,0.165000007,20210913214259,535,0x8,0x2,20.7900009,26.1757488,0.0307255108,-0.0490624309,9.68094537e-06,30,1.73199999,1
535108200017332,171714952,2459471.6488152663,59471.149525499997,20.0984955,0.112265758,16,zg,253.7216531,11.1006593,0.514999986,-0.246000007,20210914149525,535,0x8,0x2,20.2900009,26.1435108,0.035906285,-0.0608727895,1.4625889e-05,30,1.25300002,2
535108200017332,171920741,2459473.7065430894,59473.207418999998,19.6703606,0.0827962756,0,zg,253.72155530000001,11.1004813,0.550999999,-0.177000001,20210916207419,535,0x8,0x2,20.3700008,26.1574154,0.0353773236,-0.0295963045,1.36641693e-05,30,1.74899995,1
535108200017332,172613854,2459480.637118855,59480.138541699998,19.9526062,0.101442575,0,zg,253.72152969999999,11.100505200000001,0.83099997,0.0320000015,20210923138542,535,0x8,0x2,20.7199993,26.2247925,0.0310899299,-0.0338149518,9.94399761e-06,30,1.32000005,1
535108200017332,173117483,2459485.6730311974,59485.174837999999,20.0117321,0.105736881,32768,zg,253.7217206,11.100293199999999,1.15699995,-0.0909999982,20210928174826,535,0x8,0x2,20.5,25.4071636,0.0416135602,-0.0153817078,1.8262901e-05,30,1.75199997,1
535108200017332,173519290,2459489.6908022859,59489.192905099997,19.5857391,0.0778151304,0,zg,253.72162180000001,11.1003966,1.102,-0.342000008,20211002192894,535,0x8,0x2,20.1100006,25.9509563,0.040577244,-0.0282272957,1.89802086e-05,30,2.26799989,1
535108200017332,173713277,2459491.6305359313,59491.132777799998,20.0614586,0.109446719,0,zg,253.72164760000001,11.1005526,1.23300004,-0.103,20211004132766,535,0x8,0x2,21.1200008,26.1810188,0.0271437373,-0.0431208536,7.60054309e-06,30,1.48399997,1
535108200017332,174412248,2459498.6197687504,59498.122488399997,19.9145393,0.0987471193,0,zg,253.72156749999999,11.100486099999999,1.46700001,-0.108000003,20211011122477,535,0x8,0x2,20.7399998,26.1921749,0.0319966711,-0.0408063307,1.04468627e-05,30,1.56299996,1
535108200017332,174811943,2459502.6164586381,59502.119432899999,19.6974201,0.0844483376,0,zg,253.72163019999999,11.100350300000001,0.962000012,-0.105999999,20211015119421,535,0x8,0x2,19.7900009,26.1761436,0.0418214351,-0.0415965319,2.55046452e-05,30,1.64400005,1
535108200017332,186750744,2459622.0061217803,59621.507442100003,19.8435059,0.0938658789,0,zg,253.7215946,11.100448399999999,0.787,-0.0399999991,20220211507431,535,0x8,0x2,20.4799995,26.2936993,0.0367683694,-0.0721019581,1.39649646e-05,30,1.55799997,1
535108200017332,186953880,2459624.0376498704,59623.538807899997,19.836895,0.0934216231,0,zg,253.7216617,11.1004898,0.704999983,-0.123000003,20220213538796,535,0x8,0x2,21.3299999,26.3112679,0.0243239012,-0.0621087924,6.11584937e-06,30,1.29700005,1
535108200017332,187646763,2459630.967045649,59630.467638900001,19.7778835,0.0895314515,0,zg,253.72158160000001,11.1005845,0.379999995,-0.0160000008,20220220467627,535,0x8,0x2,20.5799999,26.2554588,0.0315833911,-0.0506937243,1.06402522e-05,30,1.72500002,1
535108200017332,188750762,2459642.0079543167,59641.507627300001,19.8954983,0.0974195227,0,zg,253.72163710000001,11.100516799999999,1.25999999,-0.0549999997,20220303507616,535,0x8,0x2,21.6599998,26.3198166,0.0236226413,-0.0636765957,5.80971664e-06,30,1.21800005,1
535108200017332,191942077,2459673.9236139543,59673.420775500002,19.963644,0.102234453,0,zg,253.72168600000001,11.1004544,1.176,-0.0939999968,20220404420764,535,0x8,0x2,20.8400002,26.176405,0.0310308225,-0.0569425486,1.00310936e-05,30,1.21599996,1
535108200017332,192347658,2459677.9797005327,59677.476585600001,20.1605358,0.11708951,0,zg,253.72163219999999,11.1004802,0.275999993,0.0250000004,20220408476539,535,0x8,0x2,21.0499992,26.2879238,0.028287828,-0.0510734916,8.26223913e-06,30,1.079,1
535108200017332,192945611,2459683.9596071015,59683.4561111,19.8444099,0.0939268097,0,zg,253.72160729999999,11.100539700000001,1.074,-0.119999997,20220414456100,535,0x8,0x2,20.8899994,26.3282318,0.029509699,-0.0656140223,9.25819313e-06,30,1.08200002,1
535108200017332,193945378,2459693.9578386294,59693.453784700003,19.9981918,0.104742043,0,zg,253.72156380000001,11.100521000000001,1.16600001,-0.181999996,20220424453773,535,0x8,0x2,20.7399998,26.2599354,0.0308663733,-0.0652436614,9.90811895e-06,30,1.07500005,1
535108200017332,194344311,2459697.9473594222,59697.443113399997,20.0939445,0.11191681,0,zg,253.72161650000001,11.100518599999999,0.987999976,0.118000001,20220428443113,535,0x8,0x2,21.8099995,26.2784634,0.0295394566,-0.0861501917,9.17855778e-06,30,1.07500005,1
535108200017332,194645481,2459700.9591933973,59700.454814800003,19.9429398,0.100752957,0,zg,253.7216789,11.100527,1.31799996,0.0810000002,20220501454803,535,0x8,0x2,21.3500004,26.2884388,0.0258288328,-0.0648326799,6.88906721e-06,30,1.08599997,1
535108200017332,194844296,2459702.9474230632,59702.442963000001,19.6769047,0.0831931308,0,zg,253.72170510000001,11.1005085,0.398999989,0.0140000004,20220503442963,535,0x8,0x2,21.4500008,26.258131,0.0296739582,-0.0900535807,9.28595273e-06,30,1.08099997,1
535108200017332,195633842,2459710.8431601874,59710.338425900001,19.7759457,0.0894060805,0,zg,253.72169070000001,11.100483799999999,0.52700001,0.0140000004,20220511338403,535,0x8,0x2,20.3899994,26.3147125,0.0339125991,-0.0622423626,1.25805054e-05,30,1.15600002,2
535108200017332,195844300,2459712.9478030587,59712.443009299997,20.1368828,0.11523594,0,zg,253.72157350000001,11.100502499999999,0.80400002,0.0329999998,20220513442998,535,0x8,0x2,20.6399994,26.2744732,0.0303996149,-0.0471024178,9.80887489e-06,30,1.11500001,1
535108200017332,196032622,2459714.8310689116,59714.326226899997,19.5373898,0.0750940815,0,zg,253.7215894,11.1005374,0.404000014,-0.164000005,20220515326227,535,0x8,0x2,19.8899994,26.3094521,0.0393357724,-0.0516447537,2.2272483e-05,30,1.15900004,1
535108200017332,196837671,2459722.8817076855,59722.376712999998,19.9774685,0.103232533,0,zg,253.72164699999999,11.1005164,0.63499999,-0.0710000023,20220523376713,535,0x8,0x2,21.5,26.2967014,0.0263127312,-0.0566375926,7.09075812e-06,30,1.07500005,2
535108200017332,196937846,2459723.8834681092,59723.378460599997,19.9458218,0.100958154,0,zg,253.72159600000001,11.1004953,0.887000024,-0.112999998,20220524378449,535,0x8,0x2,21.4599991,26.2021217,0.0267755017,-0.0693544075,7.48883576e-06,30,1.07700002,1
535108200017332,197133777,2459725.8428063812,59725.337777799999,20.0600853,0.109343089,0,zg,253.72162800000001,11.1005311,1.29799998,-0.166999996,20220526337766,535,0x8,0x2,21.7199993,26.3120556,0.0255606398,-0.076638855,6.83221924e-06,30,1.08500004,1
535108200017332,197335825,2459727.8632970373,59727.3582523,20.1567955,0.116795219,32768,zg,253.72167880000001,11.1005146,0.446999997,-0.0469999984,20220528358241,535,0x8,0x2,21.0100002,25.9049606,0.0313781276,-0.0612051263,1.01884743e-05,30,1.074,1
535108200017332,197635763,2459730.8626971422,59730.357638900001,19.9705505,0.102732182,0,zg,253.72162130000001,11.1005231,1.12899995,-0.0149999997,20220531357627,535,0x8,0x2,21.9799995,26.3228016,0.0261215437,-0.0716326758,7.08311109e-06,30,1.07599998,1
535108200017332,197840275,2459732.9078148445,59732.4027546,20.0216484,0.106469601,0,zg,253.72162760000001,11.100526800000001,1.01100004,0.0289999992,20220602402755,535,0x8,0x2,21.4899998,26.2970371,0.0234172773,-0.0607751198,5.72006229e-06,30,1.14600003,1
535108200017332,198031670,2459734.8217582819,59734.316701399999,20.0603886,0.109365925,0,zg,253.72168809999999,11.1005004,0.953999996,-0.00999999978,20220604316690,535,0x8,0x2,21.8500004,26.3185482,0.0253981352,-0.0694735274,6.75139881e-06,30,1.08200002,1
535108200017332,198229672,2459736.8017725293,59736.296724500004,19.9748688,0.103044361,0,zg,253.72167970000001,11.1005492,1.204,0.104000002,20220606296725,535,0x8,0x2,21.4899998,26.3279095,0.0251880996,-0.0608254075,6.6078569e-06,30,1.097,1
535108200017332,199627376,2459750.7785952231,59750.273761600001,20.1182461,0.113787934,0,zg,253.72161120000001,11.100544299999999,1.39699996,-0.226999998,20220620273750,535,0x8,0x2,21.5900002,26.3146496,0.0257719047,-0.0626428872,6.93796392e-06,30,1.08099997,1
535108200017332,199829574,2459752.800521729,59752.295740699999,20.0403442,0.107860781,0,zg,253.7216597,11.1005114,0.953999996,-0.0329999998,20220622295729,535,0x8,0x2,21.7299995,26.255064,0.0245508701,-0.0806969032,6.43032854e-06,30,1.07599998,1
535108200017332,200325434,2459757.7589699165,59757.254340300002,19.9487267,0.101165384,0,zg,253.7216511,11.100529399999999,1.176,-0.188999996,20220627254329,535,0x8,0x2,21.6599998,26.3014603,0.0239707399,-0.0648252219,6.09079234e-06,30,1.08200002,1
535108200017332,200329478,2459757.7994083483,59757.294780099997,20.0029774,0.105092913,0,zg,253.7216363,11.100550500000001,1.88300002,-0.123999998,20220627294780,535,0x8,0x2,21.6299992,26.3057709,0.0241472106,-0.0500652008,6.11033056e-06,30,1.08200002,1
535108200017332,200345722,2459757.9618448219,59757.457222199999,19.681776,0.0834897235,32768,zg,253.72160400000001,11.100523000000001,1.23099995,-0.0379999988,20220627457211,535,0x8,0x2,20.0699997,25.9674835,0.0443444774,-0.0223824456,2.2628743e-05,30,2.23900008,2
535108200017332,200527549,2459759.7800566363,59759.2754977,19.8537693,0.0945590734,0,zg,253.72161840000001,11.100502199999999,0.920000017,-0.0850000009,20220629275498,535,0x8,0x2,21.6900005,26.291338,0.0246696435,-0.0532859601,6.36694176e-06,30,1.07500005,1
535108200017332,200729484,2459761.7993327519,59761.294849500002,19.8687687,0.0955794528,0,zg,253.72163140000001,11.100512200000001,0.458999991,-0.0170000009,20220701294838,535,0x8,0x2,21.6800003,26.3165016,0.024536645,-0.0515180677,6.28665293e-06,30,1.09300005,1
535108200017332,200935886,2459763.8632664299,59763.3588657,19.9483032,0.101135179,0,zg,253.72162900000001,11.1005251,0.890999973,-0.00999999978,20220703358866,535,0x8,0x2,21.2999992,26.303175,0.0261395443,-0.0748172849,7.07105892e-06,30,1.29700005,1
535108200017332,201129167,2459765.7959971232,59765.291678200003,20.0041103,0.105176061,0,zg,253.72161070000001,11.100551100000001,0.800000012,-0.0359999985,20220705291667,535,0x8,0x2,21.6900005,26.3222599,0.0241617374,-0.0589258894,6.05652031e-06,30,1.10399997,1
535108200017332,201424856,2459768.7527501401,59768.2485648,19.880373,0.096374929,0,zg,253.72163380000001,11.1005544,1.102,0.150999993,20220708248565,535,0x8,0x2,20.8799992,26.3151321,0.0289738253,-0.0422421172,8.61517765e-06,30,1.07500005,2
535108200017332,201427414,2459768.7783276364,59768.274143499999,19.9647598,0.102314755,0,zg,253.72163430000001,11.100539599999999,0.89200002,0.0869999975,20220708274097,535,0x8,0x2,21.1499996,26.2657051,0.0272459928,-0.0507369451,7.6799397e-06,30,1.09099996,1
535108200017332,201522472,2459769.7288612672,59769.224722200001,19.7589912,0.0883150101,0,zg,253.7216913,11.1005331,0.741999984,-0.194999993,20220709224711,535,0x8,0x2,20.7600002,26.3390541,0.028440237,-0.0392459184,8.55375583e-06,30,1.08000004,2
535108200017332,201622783,2459770.73192601,59770.227835600002,19.9366589,0.100306705,0,zg,253.72162650000001,11.100501100000001,0.718999982,0.149000004,20220710227824,535,0x8,0x2,20.6299992,26.3265209,0.0319846459,-0.0322389975,1.08124377e-05,30,1.07700002,1
535108200017332,202622986,2459780.7334083631,59780.229861100001,20.0902119,0.111631259,0,zg,253.7215812,11.100545800000001,0.731999993,0.123000003,20220720229421,535,0x8,0x2,21.3999996,26.2770176,0.0258554518,-0.05547354,6.98073609e-06,30,1.08099997,2
535108200017332,202929144,2459783.7948079994,59783.291446800002,19.9630718,0.102193311,0,zg,253.72163380000001,11.100534100000001,1.20000005,-0.185000002,20220723291435,535,0x8,0x2,21.4899998,26.2523308,0.024724219,-0.04752253,6.2756535e-06,30,1.23800004,1
535108200017332,203123192,2459785.7351601915,59785.231921300001,20.0761452,0.110559016,0,zg,253.72166820000001,11.1005302,0.810000002,0.0320000015,20220725231921,535,0x8,0x2,21.7800007,26.2091122,0.0257056225,-0.0622283481,6.88267164e-06,30,1.097,1
535108200017332,203324942,2459787.7525295047,59787.249421300003,19.8166981,0.0920747668,0,zg,253.72163950000001,11.1005114,0.943000019,0.0989999995,20220727249410,535,0x8,0x2,21.4699993,26.1975117,0.0246019345,-0.0419510789,6.17167643e-06,30,1.13800001,1
535108200017332,203519152,2459789.6945070187,59789.191527800001,19.9050484,0.0980836228,0,zg,253.72162689999999,11.1005105,0.800999999,-0.112000003,20220729191528,535,0x8,0x2,21.6800003,26.2217579,0.0242769439,-0.0647150129,6.17320211e-06,30,1.07500005,1
535108200017332,203725159,2459791.7544362769,59791.251597199996,19.9932404,0.104379989,0,zg,253.72161600000001,11.1005538,0.759000003,0.0710000023,20220731251586,535,0x8,0x2,21.1299992,26.0416012,0.0302981529,-0.0332296863,9.25736731e-06,30,1.17299998,1
535108200017332,204031196,2459794.8145926171,59794.311967599999,19.8237457,0.0925429165,32768,zg,253.72158619999999,11.100471000000001,0.565999985,-0.0879999995,20220803311968,535,0x8,0x2,20.75,25.7908783,0.0328352973,-0.0265736263,1.12308871e-05,30,1.56599998,1
535108200017332,204328568,2459797.7880937983,59797.285682900001,20.0777779,0.110683158,0,zg,253.7216172,11.100542600000001,0.861999989,-0.108000003,20220806285648,535,0x8,0x2,21.1100006,26.2751179,0.0246376358,-0.0513801314,6.20114133e-06,30,1.41600001,1
535108200017332,204919697,2459803.6989485528,59803.196979200002,19.8719616,0.0957978368,0,zg,253.72159579999999,11.1005389,0.298000008,-0.074000001,20220812196968,535,0x8,0x2,20.6399994,26.3009281,0.0338417627,-0.0417152233,1.22784922e-05,30,1.12,1
535108200017332,205217594,2459806.6776889386,59806.175949099998,19.9453697,0.100925967,0,zg,253.72159830000001,11.1005234,0.508000016,-0.00100000005,20220815175926,535,0x8,0x2,21.6399994,26.271841,0.0238810293,-0.0683005378,6.12157919e-06,30,1.09800005,1
535108200017332,205423622,2459808.7378055984,59808.2362269,19.9790154,0.103344694,0,zg,253.72160919999999,11.1005194,0.774999976,-0.0680000037,20220817236215,535,0x8,0x2,21.2399998,26.0982494,0.0254898965,-0.0439289995,6.71827183e-06,30,1.29799998,1
535108200017332,205619554,2459810.6969679147,59810.195544000002,20.0540009,0.108884774,0,zg,253.7216458,11.1005298,0.850000024,-0.00999999978,20220819195532,535,0x8,0x2,21.3999996,26.1418209,0.0248034075,-0.0623183064,6.40668623e-06,30,1.16100001,1
535108200017332,206120518,2459815.7062073266,59815.2051852,20.2334309,0.122906134,0,zg,253.72164570000001,11.1004851,0.587000012,-0.128999993,20220824205104,535,0x8,0x2,21.4099998,26.1773281,0.0249141119,-0.049475383,6.37905805e-06,30,1.24199998,1
535108200017332,206515995,2459819.6606541448,59819.1599537,19.8802662,0.0963675529,0,zg,253.7216325,11.100513899999999,0.513000011,0.0179999992,20220828159942,535,0x8,0x2,21.6900005,26.2990723,0.0232333317,-0.0682953149,5.71767532e-06,30,1.13399994,1
535108200017332,206716693,2459821.6674690843,59821.1669329,19.9436035,0.100800142,0,zg,253.72164069999999,11.100580900000001,0.809000015,-0.0460000001,20220830166539,535,0x8,0x2,21.3199997,26.2674313,0.0250555575,-0.0369114019,6.41868883e-06,30,1.16499996,1
535108200017332,206924486,2459823.7452267213,59823.2448611,19.8994846,0.0976963192,0,zg,253.72153520000001,11.1005121,1.14999998,0.0410000011,20220901244861,535,0x8,0x2,20.6900005,26.1436138,0.0326630957,-0.0357411951,1.10830633e-05,30,1.69700003,1
535108200017332,207121224,2459825.7124494393,59825.212245399998,20.0525589,0.108776316,0,zg,253.72154029999999,11.1005337,0.995999992,0.0469999984,20220903212234,535,0x8,0x2,20.7399998,26.1506615,0.0307827834,-0.037908446,9.72770795e-06,30,1.43799996,1
535108200017332,207615282,2459830.6526227165,59830.152824099998,20.1244411,0.114268117,0,zg,253.72153399999999,11.100633699999999,0.785000026,0.280000001,20220908152824,535,0x8,0x2,20.1100006,26.2146072,0.0366796963,-0.0244878251,1.59355041e-05,30,1.199,1
535108200017332,208714747,2459841.6463868995,59841.147476899998,20.0999622,0.112378314,0,zg,253.7215769,11.100537599999999,0.560000002,0.135000005,20220919147315,535,0x8,0x2,20.9300003,26.3001976,0.0278822761,-0.0569444932,7.97280973e-06,30,1.30499995,1
535108200017332,208920621,2459843.7049627677,59843.206215300001,19.7286453,0.0863905773,0,zg,253.7214879,11.100556900000001,0.783999979,0.0920000002,20220921206204,535,0x8,0x2,20.5599995,26.1690331,0.0332402475,-0.0384894945,1.14272734e-05,30,1.921,1
535108200017332,209120501,2459845.7036030246,59845.205011600003,19.996088,0.104588151,0,zg,253.7216817,11.1004855,1.30299997,-0.163000003,20220923204722,535,0x8,0x2,20.6599998,26.1313992,0.0341984741,-0.0282442365,1.21090752e-05,30,1.99399996,1
535108200017332,209519196,2459849.6902534296,59849.191967600003,19.7233353,0.0860575885,0,zg,253.7214597,11.1004369,0.470999986,0.0520000011,20220927191956,535,0x8,0x2,20.3600006,26.0353394,0.0498868711,-0.0396969691,2.62399644e-05,30,1.95700002,1
535108200017332,209913268,2459853.6306777997,59853.132685199998,20.1298828,0.114690788,0,zg,253.72167440000001,11.1005518,0.63499999,-0.0710000023,20221001132685,535,0x8,0x2,21.2299995,26.2748604,0.0250148922,-0.0665051118,6.53650523e-06,30,1.41600001,1
535108200017332,210120628,2459855.704126853,59855.206284699998,19.4660816,0.0712440386,32768,zg,253.72171660000001,11.100612999999999,0.588,-0.246000007,20221003205729,535,0x8,0x2,19.4500008,25.6831341,0.050512813,-0.00540815759,5.49652214e-05,30,2.72000003,1
535108200017332,210515172,2459859.6492889943,59859.1517245,19.6710911,0.0828404501,0,zg,253.72154399999999,11.100629400000001,0.635999978,-0.361999989,20221007151725,535,0x8,0x2,19.8199997,26.0795059,0.0412478037,-0.0195495859,2.3941484e-05,30,1.76199996,1
535108200017332,211213369,2459866.6307954015,59866.133692099997,19.8467865,0.0940869898,0,zg,253.72165659999999,11.1004782,0.423000008,-0.0359999985,20221014133692,535,0x8,0x2,20.7099991,26.1592178,0.0302920174,-0.0418397561,9.53109975e-06,30,1.77600002,1
535108200017332,211512153,2459869.6184584792,59869.121539400003,19.9129353,0.0986347049,0,zg,253.7216603,11.1005132,0.521000028,0.107000001,20221017121539,535,0x8,0x2,20.6200008,26.1604767,0.0336828791,-0.0424837172,1.15098655e-05,30,1.72500002,1
535108200017332,221453068,2459969.0280143977,59968.530682899996,20.0729675,0.110317692,0,zg,253.72171539999999,11.100505099999999,0.947000027,-0.0829999968,20230124530671,535,0x8,0x2,20.5400009,26.229023,0.0333404765,-0.0554987527,1.17016771e-05,30,1.88399994,1
535108200017332,221853969,2459973.0373066529,59972.539699100002,19.6872387,0.0838233382,0,zg,253.72161059999999,11.1006099,1.17499995,0.0450000018,20230128539688,535,0x8,0x2,20.6100006,26.2571907,0.0317573138,-0.0683435053,1.05188992e-05,30,1.62600005,1
535108200017332,224052571,2459995.0250254376,59994.525717600001,19.9803963,0.10344483,0,zg,253.72167540000001,11.1005223,0.893999994,0.0240000002,20230219525718,535,0x8,0x2,20.9500008,26.3001957,0.0305254608,-0.0763130784,9.90586705e-06,30,1.28400004,1
535108200017332,228945001,2460043.9531734735,60043.450011599998,19.7490273,0.0876791477,0,zg,253.72154230000001,11.1005316,0.312000006,0.101999998,20230409450000,535,0x8,0x2,20.2000008,26.3216076,0.0373843163,-0.047209166,1.57622871e-05,30,1.10599995,1
535108200017332,229146324,2460045.9665333084,60045.463240700003,19.9440498,0.100831963,0,zg,253.72165000000001,11.1005591,1.06900001,-0.201000005,20230411463241,535,0x8,0x2,21.0200005,26.3393002,0.0266466495,-0.0536744483,7.25916652e-06,30,1.08299994,1
535108200017332,229545263,2460049.9561795462,60049.452638900002,20.1229935,0.11415568,0,zg,253.72161929999999,11.1005336,1.21599996,0.0299999993,20230415452616,535,0x8,0x2,21.7600002,26.230629,0.0268046577,-0.0588504449,7.43401006e-06,30,1.08299994,1
535108200017332,229736900,2460051.8726588599,60051.369004599997,20.0337849,0.107371323,0,zg,253.72167239999999,11.1005056,0.995000005,0.0450000018,20230417368993,535,0x8,0x2,21.7600002,26.2903233,0.0274301004,-0.0760285705,7.92552873e-06,30,1.28999996,1
535108200017332,229946446,2460053.9682418718,60053.464467600003,19.9119034,0.0985624343,0,zg,253.72161310000001,11.1005558,1.24800003,0.0309999995,20230419464456,535,0x8,0x2,21.1900005,26.3136272,0.0277620088,-0.0747105628,8.12524195e-06,30,1.074,1
535108200017332,230141966,2460055.9235464297,60055.419664399997,19.9679337,0.102543384,0,zg,253.72165269999999,11.1005375,0.307999998,-0.0500000007,20230421419572,535,0x8,0x2,21.5699997,26.3294964,0.0246222354,-0.0736399814,6.38074926e-06,30,1.102,1
535108200017332,230346559,2460057.9695806396,60057.465590300002,20.0302105,0.107105106,0,zg,253.72164409999999,11.100500800000001,0.843999982,-0.0670000017,20230423465590,535,0x8,0x2,21.6800003,26.28335,0.0237879436,-0.0586909242,5.84858753e-06,30,1.07799995,1
535108200017332,230546435,2460059.968443526,60059.464351900002,20.1353378,0.115115486,0,zg,253.72166730000001,11.100505500000001,0.949999988,-0.189999998,20230425464340,535,0x8,0x2,21.3400002,26.2326508,0.0287686866,-0.065977402,8.5323536e-06,30,1.08000004,1
535108200017332,230743554,2460061.9397310438,60061.435544,20.0581264,0.109195322,0,zg,253.7216434,11.1004811,0.388999999,-0.050999999,20230427435532,535,0x8,0x2,21.5400009,26.2834187,0.0266544763,-0.0634514466,7.42960674e-06,30,1.07500005,1
535108200017332,230945376,2460063.9580416204,60063.453761600002,19.9875717,0.103966556,0,zg,253.7216665,11.1005045,0.888000011,0.0280000009,20230429453762,535,0x8,0x2,21.4799995,26.2784786,0.0262254421,-0.0548766516,7.35581261e-06,30,1.08000004,1
535108200017332,231344387,2460067.9483267888,60067.4438773,19.9025421,0.0979090258,0,zg,253.72152639999999,11.1006146,1.16100001,-0.374000013,20230503443877,535,0x8,0x2,20.1399994,26.2502213,0.0381896421,-0.0599255785,1.71337761e-05,30,1.08099997,1
535108200017332,232145771,2460075.9624499413,60075.457719899998,19.8481045,0.0941759646,0,zg,253.7216257,11.1005372,0.764999986,0.0250000004,20230511457720,535,0x8,0x2,21.0499992,26.2756729,0.0276030377,-0.0593990795,7.85729299e-06,30,1.13199997,1
535108200017332,232433554,2460078.8403546,60078.335544000001,19.977354,0.10322424,0,zg,253.72166970000001,11.1005877,1.10399997,0.115000002,20230514335463,535,0x8,0x2,21.6100006,26.2677574,0.0280080549,-0.0788902491,8.22468519e-06,30,1.14400005,1
535108200017332,232734708,2460081.8519664053,60081.347083300003,20.1907902,0.119485073,0,zg,253.7217723,11.100532599999999,1.17299998,0.211999997,20230517347083,535,0x8,0x2,21.4099998,26.2699299,0.0274099391,-0.0735276341,7.78262074e-06,30,1.10399997,1
535108200017332,233041921,2460084.9241574132,60084.419213000001,19.9182663,0.0990085527,0,zg,253.72165330000001,11.10056,1.523,-0.061999999,20230520419086,535,0x8,0x2,21.1800003,26.1774368,0.0302793086,-0.0785491094,9.81332323e-06,30,1.10599995,1
535108200017332,233228709,2460086.7920702645,60086.287094899999,20.0563145,0.109058827,0,zg,253.7217192,11.100540199999999,0.196999997,0.00899999961,20230522286991,535,0x8,0x2,21.4500008,26.2155342,0.0280809738,-0.0695507005,8.32641399e-06,30,1.22899997,1
535108200017332,233433100,2460088.8360106689,60088.3310069,19.9677219,0.10252808,0,zg,253.72166859999999,11.100508400000001,0.980000019,-0.108000003,20230524331007,535,0x8,0x2,21.8199997,26.2790775,0.0272818208,-0.0623862892,7.7785453e-06,30,1.10000002,1
535108200017332,233833034,2460092.835389805,60092.330347199997,19.992115,0.104297817,0,zg,253.72160400000001,11.1005202,0.894999981,-0.0900000036,20230528330347,535,0x8,0x2,21.3999996,26.2916908,0.0248181745,-0.0548336506,6.42914665e-06,30,1.08700001,1
535108200017332,234041069,2460094.9157484365,60094.410694400001,20.0195007,0.106310569,0,zg,253.72164319999999,11.1005252,0.372000009,-0.00100000005,20230530410683,535,0x8,0x2,21.6800003,26.2909908,0.0248262491,-0.0683989003,6.49871845e-06,30,1.14400005,1
535108200017332,235027219,2460104.7772261887,60104.2721991,20.0997238,0.112360016,0,zg,253.72165799999999,11.1005596,1.05200005,-0.115000002,20230609272153,535,0x8,0x2,21.8600006,26.2953453,0.0269157272,-0.0818917528,7.75224635e-06,30,1.12600005,1
535108200017332,235531285,2460109.8178205537,60109.312858800004,19.884594,0.0966655686,0,zg,253.72158909999999,11.100558100000001,0.751999974,-0.0970000029,20230614312859,535,0x8,0x2,21.1800003,26.2882042,0.0309090037,-0.0719008148,9.93030608e-06,30,1.074,1
535108200017332,235742373,2460111.9286624514,60111.423738400001,19.9589157,0.101894647,0,zg,253.72166039999999,11.100531200000001,0.796999991,0.0320000015,20230616423738,535,0x8,0x2,21.6299992,26.193346,0.0264706537,-0.0554520972,7.35532785e-06,30,1.403,1
535108200017332,236027655,2460114.7814146047,60114.276550900002,20.0403194,0.107858822,0,zg,253.7217417,11.100566600000001,0.788999975,-0.0149999997,20230619276539,535,0x8,0x2,21.4699993,26.3415699,0.0245553311,-0.0676170886,6.29975648e-06,30,1.08200002,1
535108200017332,236231670,2460116.8215152584,60116.316701399999,19.8459129,0.0940281376,0,zg,253.7216171,11.1005249,1.09399998,0.0260000005,20230621316690,535,0x8,0x2,21.1299992,26.2802181,0.0269382056,-0.0559131913,7.46528576e-06,30,1.08700001,1
535108200017332,236426591,2460118.7706755414,60118.265914399999,19.9751625,0.103065573,0,zg,253.72162080000001,11.1005159,1.36500001,-0.165000007,20230623265903,535,0x8,0x2,21.0100002,26.3177681,0.0292440355,-0.0652088895,8.96316942e-06,30,1.08200002,1
535108200017332,236633349,2460120.8381952313,60120.333495400002,20.0586071,0.109231621,0,zg,253.72159669999999,11.100487899999999,0.529999971,-0.0370000005,20230625333484,535,0x8,0x2,21.5,26.3239956,0.0255740229,-0.0649891272,6.79210098e-06,30,1.12899995,1
535108200017332,236832369,2460122.8283277885,60122.323692099999,19.7018738,0.0847230181,0,zg,253.7216617,11.100517399999999,1.13900006,0.0430000015,20230627323692,535,0x8,0x2,20.4899998,26.3103695,0.0308107603,-0.0330987312,9.8023047e-06,30,1.12,1
535108200017332,238037133,2460134.8754755324,60134.371331000002,19.7722607,0.0891680047,0,zg,253.7215583,11.1004693,0.977999985,-0.230000004,20230709371319,535,0x8,0x2,20.4799995,26.2475739,0.0325835459,-0.021362992,1.11476184e-05,30,1.48099995,1
535108200017332,238233836,2460136.8424165086,60136.338368099998,20.0012035,0.104962781,0,zg,253.7216076,11.1005585,0.451999992,0.0520000011,20230711338356,535,0x8,0x2,21.4899998,26.2636375,0.0240751076,-0.0533610135,6.17748628e-06,30,1.301,1
535108200017332,238423495,2460138.7389054275,60138.234953699997,19.8651733,0.095334053,32768,zg,253.72157129999999,11.100574200000001,0.229000002,0.00400000019,20230713234954,535,0x8,0x2,20.9599991,25.729908,0.0402015857,-0.0499384701,1.67321996e-05,30,1.07500005,1
535108200017332,238639626,2460140.9000983005,60140.396261599999,19.7609539,0.0884407759,0,zg,253.7216305,11.100532299999999,1.01999998,-0.195999995,20230715396250,535,0x8,0x2,20.7600002,26.0225735,0.0308766998,-0.0285045598,9.76954652e-06,30,1.98399997,1
535108200017332,238925817,2460143.7618485019,60143.258171300004,19.8575916,0.0948182493,0,zg,253.72164739999999,11.1005216,0.911000013,-0.0170000009,20230718258160,535,0x8,0x2,21.3199997,26.3000412,0.0253496524,-0.0494618639,6.63583432e-06,30,1.10599995,1
535108200017332,239124850,2460145.7520682905,60145.248506900003,19.8118992,0.0917571634,0,zg,253.72161940000001,11.100528000000001,0.813000023,-0.0670000017,20230720248495,535,0x8,0x2,21.3700008,26.3099289,0.0244938396,-0.036229942,6.16746138e-06,30,1.10000002,1
535108200017332,239329638,2460147.7998271524,60147.296388900002,19.9872894,0.103945985,0,zg,253.72169120000001,11.100514199999999,1.06200004,0.158000007,20230722296377,535,0x8,0x2,21.25,26.2294483,0.0246685725,-0.0458686054,6.21197933e-06,30,1.24399996,1
535108200017332,239537505,2460149.8783671572,60149.375057899997,20.0095196,0.105573878,0,zg,253.7216225,11.1005267,0.773999989,-0.174999997,20230724374907,535,0x8,0x2,20.7700005,26.0373631,0.0315904319,-0.0269698147,1.02840204e-05,30,2.046,1
535108200017332,239727353,2460151.7767183804,60151.273530099999,20.0206375,0.106394738,0,zg,253.721587,11.1005728,0.70599997,-0.159999996,20230726273530,535,0x8,0x2,21.1900005,26.2465343,0.0256833043,-0.0583982207,6.96901361e-06,30,1.19799995,1
535108200017332,239927508,2460153.7781383507,60153.275081,19.9950333,0.104511,0,zg,253.72165100000001,11.1005485,0.561999977,-0.187999994,20230728275081,535,0x8,0x2,20.7000008,26.2429981,0.0309497565,-0.0520080365,1.01053556e-05,30,1.22399998,1
535108200017332,240125354,2460155.7564664544,60155.253541700004,19.9991665,0.104813457,0,zg,253.72154370000001,11.1005497,0.523000002,-0.074000001,20230730253542,535,0x8,0x2,20.3899994,26.2434387,0.0347626396,-0.0346280597,1.31848501e-05,30,1.16900003,1
535108200017332,240527784,2460159.780493062,60159.277847199999,19.7703686,0.0890458897,0,zg,253.7215248,11.100486399999999,0.513999999,-0.149000004,20230803277847,535,0x8,0x2,20.1200008,26.2751694,0.0391393639,-0.0347610973,1.76013e-05,30,1.31299996,1
535108200017332,240719096,2460161.6934699025,60161.190960599997,19.8466415,0.0940772593,0,zg,253.72162750000001,11.100534700000001,0.879000008,-0.0610000007,20230805190949,535,0x8,0x2,21.6399994,26.3253269,0.0239518937,-0.0696976632,6.01018155e-06,30,1.08399999,1
535108200017332,241019739,2460164.6996855475,60164.197395800002,19.9821434,0.103571713,0,zg,253.72161370000001,11.1005226,0.734000027,-0.112999998,20230808197338,535,0x8,0x2,21.5699997,26.2866058,0.0231570862,-0.0670725405,5.6338331e-06,30,1.10099995,2
535108200017332,241022650,2460164.7287921798,60164.226504600003,19.9972801,0.104675367,0,zg,253.7216311,11.100573199999999,0.611000001,0.0480000004,20230808226481,535,0x8,0x2,21.2999992,26.2680187,0.0252920333,-0.0612292774,6.71814769e-06,30,1.16199994,2
535108200017332,241217640,2460166.6785427066,60166.1764005,19.9783878,0.103299238,0,zg,253.72163509999999,11.1005023,0.871999979,0.0860000029,20230810176389,535,0x8,0x2,21.7999992,26.3088531,0.0259464122,-0.062747255,7.20860362e-06,30,1.08299994,1
535108200017332,241623472,2460170.7365550441,60170.234722200003,20.0015182,0.104985863,0,zg,253.72163950000001,11.100493699999999,0.488000005,0.00300000003,20230814234722,535,0x8,0x2,21.3600006,26.2724056,0.0256013125,-0.0678645372,6.91647165e-06,30,1.24899995,1
535108200017332,241922640,2460173.7280002027,60173.226400500003,19.9183121,0.0990117341,0,zg,253.72160299999999,11.1005451,0.875,-0.0460000001,20230817226400,535,0x8,0x2,21.5400009,26.255125,0.0234990548,-0.0591397993,5.75775812e-06,30,1.24899995,1
535108200017332,244115499,2460195.6548198527,60195.154999999999,20.0149117,0.105971515,0,zg,253.72169439999999,11.100584899999999,0.90200001,-0.173999995,20230908154988,535,0x8,0x2,21.3299999,26.2129784,0.0246859398,-0.0580785647,6.44064903e-06,30,1.204,1
535108200017332,244419396,2460198.6935412106,60198.1939699,19.7899704,0.090317145,0,zg,253.72151260000001,11.1004837,0.486999989,0.0240000002,20230911193970,535,0x8,0x2,20.9300003,26.0844765,0.0279124007,-0.0375260375,8.01057649e-06,30,1.46000004,1
535108200017332,244818098,2460202.6802316196,60202.180983799997,19.9555264,0.101651639,0,zg,253.72157329999999,11.1005579,0.796000004,0.00600000005,20230915180984,535,0x8,0x2,21.0200005,26.184063,0.0270011947,-0.0379986577,7.45093075e-06,30,1.44400001,1
535108200017332,245021664,2460204.7157276827,60204.216643500004,19.8280468,0.0928295627,0,zg,253.72172449999999,11.100479699999999,1.14400005,-0.0160000008,20230917216644,535,0x8,0x2,20.8700008,26.1104393,0.0333899707,-0.0447173603,1.15934745e-05,30,1.90199995,1
535108200017332,245513929,2460209.6379884984,60209.139294000001,19.8654308,0.0953516066,0,zg,253.7215133,11.100626999999999,0.847000003,0.135000005,20230922139282,535,0x8,0x2,20.1399994,26.1979198,0.0385019071,-0.0578189641,1.71863448e-05,30,1.30200005,1
535108200017332,246013755,2460214.6358675845,60214.137557900001,19.7379551,0.0869771391,0,zg,253.7215692,11.100651900000001,0.513999999,-0.199000001,20230927137546,535,0x8,0x2,20.0400009,26.2734489,0.0377246812,-0.0301381089,1.75874757e-05,30,1.37,1
535108200017332,246913464,2460223.632294436,60223.134641199998,20.0565338,0.109075345,0,zg,253.7215109,11.1005506,0.856999993,0.0350000001,20231006134641,535,0x8,0x2,20.6299992,26.2081852,0.0338617228,-0.0424688607,1.19706338e-05,30,1.53600001,1
535108200017332,247712223,2460231.6193539612,60231.122233800001,19.976181,0.103139281,0,zg,253.72159020000001,11.100554799999999,0.555000007,-0.122000001,20231014122222,535,0x8,0x2,20.9200001,26.1727943,0.0265111178,-0.0420866385,7.35790945e-06,30,1.63,1
535108200017332,259753821,2460352.0368589982,60351.538217599998,20.1151714,0.113550238,0,zg,253.72162399999999,11.1004875,0.847000003,0.0890000015,20240211538206,535,0x8,0x2,20.9599991,26.2980347,0.0289023779,-0.0600578785,8.70902386e-06,30,1.33800006,1
535108200017332,259951668,2460354.0154888714,60353.516689800002,19.4232693,0.0690244585,0,zg,253.721642,11.100514,0.867999971,-0.128000006,20240213516690,535,0x8,0x2,21.2399998,26.2830353,0.0242136847,-0.0598936826,6.1076571e-06,30,1.44500005,1
535108200017332,260153839,2460356.0373531091,60355.538391200003,20.0463238,0.108308315,0,zg,253.7216785,11.1004992,0.777999997,0.00499999989,20240215538391,535,0x8,0x2,21.3299999,26.3086166,0.0257967617,-0.0703198463,7.0822598e-06,30,1.27900004,1
535108200017332,261447791,2460368.977947305,60368.477916700002,19.9830914,0.103640556,0,zg,253.7215228,11.100505699999999,0.683000028,0.134000003,20240228477905,535,0x8,0x2,20.1900005,26.23913,0.036857266,-0.0751228109,1.58075545e-05,30,1.42900002,1
535108200017332,263346939,2460387.9709957419,60387.469398100002,20.0397873,0.107819088,0,zg,253.72163900000001,11.100554900000001,0.455000013,0.0960000008,20240318469352,535,0x8,0x2,21.2299995,26.3046722,0.0259452704,-0.0625433549,7.10680752e-06,30,1.20299995,1
535108200017332,263546784,2460389.969603606,60389.467847200001,19.9866428,0.103898853,0,zg,253.72158640000001,11.1004395,0.476000011,0.0500000007,20240320467836,535,0x8,0x2,20.9599991,26.2827682,0.0288651716,-0.0647700429,8.55496546e-06,30,1.18900001,1
535108200017332,263748601,2460391.9879332897,60391.4860185,20.1005554,0.112423897,0,zg,253.72173129999999,11.100520100000001,0.861999989,-0.188999996,20240322486007,535,0x8,0x2,20.1700001,25.9918003,0.037898533,-0.0551384017,1.69731011e-05,30,1.12600005,1
535108200017332,265042589,2460404.9287636303,60404.4258912,20.0846786,0.111208647,0,zg,253.72162879999999,11.100555200000001,0.906000018,0.151999995,20240404425891,535,0x8,0x2,21.3799992,26.2939167,0.0266966969,-0.0631555244,7.50837944e-06,30,1.19299996,1
535108200017332,265448769,2460408.9908445803,60408.487696800003,20.0776691,0.110674806,0,zg,253.7216158,11.1005617,0.726000011,-0.0289999992,20240408487685,535,0x8,0x2,21.2399998,26.2724895,0.0255969688,-0.0758461803,6.9623261e-06,30,1.07500005,1
535108200017332,266048105,2460414.9845803455,60414.481053199997,20.102272,0.112555824,0,zg,253.72155369999999,11.100565899999999,1.676,-0.057,20240414481030,535,0x8,0x2,21.3099995,26.3196068,0.024794789,-0.0663341954,6.41033739e-06,30,1.07500005,1
535108200017332,266642461,2460420.9284864226,60420.424618099998,19.8930225,0.0972479284,0,zg,253.7215635,11.100513400000001,0.579999983,-0.163000003,20240420424618,535,0x8,0x2,20.9599991,26.3130322,0.026489066,-0.0622287951,7.40749329e-06,30,1.09599996,1
535108200017332,268041945,2460434.9239727114,60434.419456000003,20.0007896,0.104932368,0,zg,253.7216588,11.100536,0.670000017,-0.0260000005,20240504419410,535,0x8,0x2,21.8899994,26.2996731,0.0270194933,-0.0944887772,1.46123812e-05,30,1.074,1
535108200017332,268342005,2460437.9246828058,60437.420057900003,20.0307293,0.107143767,0,zg,253.72165799999999,11.1005383,0.612999976,-0.0670000017,20240507420035,535,0x8,0x2,21.3700008,26.3184776,0.0237846151,-0.0829442069,6.02585806e-06,30,1.07599998,1
535108200017332,268644322,2460440.9479513774,60440.443229199998,19.9664917,0.102439404,0,zg,253.72164749999999,11.100558299999999,0.912999988,0.00600000005,20240510443229,535,0x8,0x2,21.2999992,26.2780819,0.0249549858,-0.0569416657,6.51577557e-06,30,1.10399997,1
535108200017332,268844468,2460442.949467483,60442.444687499999,19.8516769,0.0944174454,0,zg,253.72168199999999,11.100527700000001,0.717000008,-0.063000001,20240512444653,535,0x8,0x2,21.5400009,26.2815285,0.0235797334,-0.0638800934,5.84832014e-06,30,1.11600006,1
535108200017332,269437340,2460448.878322674,60448.373402800004,19.9820614,0.10356573,0,zg,253.72162729999999,11.100538,0.925000012,-0.140000001,20240518373391,535,0x8,0x2,20.8899994,26.326767,0.0277239084,-0.0727728158,8.0992595e-06,30,1.07599998,1
535108200017332,269831841,2460452.8234010264,60452.318414399997,19.6795044,0.0833512917,0,zg,253.721586,11.100451,0.782000005,0.206,20240522318414,535,0x8,0x2,20,26.2123451,0.0408264771,-0.0473269969,2.32606162e-05,30,1.12800002,1
535108200017332,270428146,2460458.7865170063,60458.281469900001,19.9741669,0.102993563,0,zg,253.7216454,11.100595999999999,1.16199994,-0.0549999997,20240528281458,535,0x8,0x2,21.5400009,26.2996407,0.0246859491,-0.0759287849,6.39611198e-06,30,1.18299997,1
535108200017332,270633534,2460460.8404038167,60460.335347200002,19.5253124,0.0744283497,0,zg,253.7216592,11.100578000000001,1.17499995,-0.145999998,20240530335347,535,0x8,0x2,21.3799992,26.2760468,0.0255403984,-0.0574794449,6.80190715e-06,30,1.07799995,1
535108200017332,270829631,2460462.8013796215,60462.296319399997,19.9775753,0.103240311,0,zg,253.72165459999999,11.1005343,1.33899999,0.178000003,20240601296308,535,0x8,0x2,21.8999996,26.2971611,0.025211351,-0.0787123963,6.87134889e-06,30,1.11800003,1
535108200017332,271038032,2460464.8853822923,60464.380324099999,19.9645882,0.102302402,0,zg,253.721642,11.100560700000001,0.847000003,-0.0189999994,20240603380289,535,0x8,0x2,21.6200008,26.2213211,0.0265809223,-0.0697283149,7.42255361e-06,30,1.10800004,1
535108200017332,271640084,2460470.9058633419,60470.400844900003,20.0644302,0.109671108,0,zg,253.72164989999999,11.1005033,1.34399998,-0.0560000017,20240609400833,535,0x8,0x2,21.3299999,26.2740326,0.0278498083,-0.0839416683,8.14100258e-06,30,1.20200002,1
535108200017332,271841625,2460472.9212439442,60472.416250000002,20.0129642,0.105827779,0,zg,253.7216579,11.1005751,1.10300004,-0.0160000008,20240611416250,535,0x8,0x2,21.1399994,26.2273617,0.0267620515,-0.0461038686,7.46331898e-06,30,1.28999996,1
535108200017332,272133700,2460475.8419509847,60475.337002300002,20.0718002,0.110229053,0,zg,253.72165630000001,11.100606900000001,1.153,0.0599999987,20240614336991,535,0x8,0x2,21.2299995,26.3442478,0.0261943843,-0.104421988,7.27021097e-06,30,1.09000003,1
535108200017332,272339434,2460477.8992501441,60477.394340300001,19.8243942,0.0925860927,0,zg,253.7216402,11.100519,0.787999988,-0.177000001,20240616394340,535,0x8,0x2,21.3700008,26.3017864,0.0239946321,-0.0618029684,6.01998954e-06,30,1.25199997,1
535108200017332,272641520,2460480.9200509354,60480.415208300001,19.9088364,0.0983480364,0,zg,253.72159970000001,11.100409900000001,0.790000021,-0.185000002,20240619415197,535,0x8,0x2,20.5699997,26.198267,0.0314480178,-0.0430255234,1.0734163e-05,30,1.41499996,1
535108200017332,273539418,2460489.8987629609,60489.394189799998,20.0292511,0.107033834,0,zg,253.72174770000001,11.1005634,0.769999981,-0.00300000003,20240628394063,535,0x8,0x2,20.1000004,26.2535992,0.0389995873,-0.050408449,1.76942995e-05,30,1.44099998,1
535108200017332,274521501,2460499.719176,60499.215011599998,19.9919147,0.104283199,0,zg,253.72161790000001,11.1005214,1.199,-0.230000004,20240708215012,535,0x8,0x2,21.2299995,26.2512703,0.0254454259,-0.0470221043,6.68188386e-06,30,1.08899999,1
535108200017332,274723184,2460501.7359068766,60501.231840300003,19.903883,0.0980023593,0,zg,253.7216469,11.100589299999999,0.802999973,-0.00800000038,20240710231829,535,0x8,0x2,21.5900002,26.2332554,0.0233439319,-0.0702623129,5.7431298e-06,30,1.07500005,1
535108200017332,275623263,2460510.736216364,60510.232638900001,20.3346024,0.131204054,0,zg,253.7215946,11.1005594,0.497000009,0.0780000016,20240719232639,535,0x8,0x2,20.3799992,26.2990379,0.0339087322,-0.0462943539,1.32776204e-05,30,1.08200002,1
535108200017332,275823763,2460512.7410964854,60512.237638899998,20.0711555,0.110180251,0,zg,253.7215751,11.1004837,0.521000028,0.103,20240721237639,535,0x8,0x2,20.2900009,26.2535381,0.0372771546,-0.0528083146,1.64300654e-05,30,1.09200001,1
535108200017332,276423550,2460518.7385866609,60518.235509300001,20.0247726,0.106701314,0,zg,253.72160070000001,11.1005669,1.06400001,0.00200000009,20240727235498,535,0x8,0x2,21.3799992,26.2202778,0.023644032,-0.046556551,5.85632097e-06,30,1.11300004,1
535108200017332,276630471,2460520.8076496688,60520.304710600001,19.9920082,0.104289979,0,zg,253.72158970000001,11.1005501,0.479999989,-0.147,20240729304699,535,0x8,0x2,21.0699997,26.2294369,0.0267534349,-0.0460861325,7.46595151e-06,30,1.40600002,1
535108200017332,277030986,2460524.8125231294,60524.309861100002,20.0013332,0.104972228,0,zg,253.72164559999999,11.100544299999999,1.14699996,0.104000002,20240802309861,535,0x8,0x2,21.0599995,26.1006947,0.0269643739,-0.037413843,7.48162392e-06,30,1.53400004,1
535108200017332,277219358,2460526.6961157899,60526.193588000002,19.7873573,0.0901468173,0,zg,253.72164720000001,11.100535199999999,0.192000002,-0.0260000005,20240804193588,535,0x8,0x2,21.7399998,26.3028698,0.024247637,-0.0599534847,6.1411688e-06,30,1.08599997,1
535108200017332,277619171,2460530.6939480077,60530.191713,19.9848099,0.103765532,0,zg,253.72162220000001,11.1005535,0.672999978,0.0390000008,20240808191701,535,0x8,0x2,21.5100002,26.2223091,0.0239741057,-0.0526819266,6.03877743e-06,30,1.09599996,1
535108200017332,277824452,2460532.7467800537,60532.244525499998,19.9223976,0.0992990434,32768,zg,253.72161879999999,11.100530300000001,0.646000028,-0.0170000009,20240810244514,535,0x8,0x2,21.6499996,26.8754959,0.0205073021,-0.0473120101,4.40236727e-06,60,1.25300002,1
535108200017332,278026428,2460534.766383166,60534.2642824,19.8194122,0.0922548398,0,zg,253.72163159999999,11.100662399999999,0.84799999,-0.0790000036,20240812264282,535,0x8,0x2,20.4899998,26.3106976,0.0451799519,-0.0223034937,2.1526359e-05,60,1.39100003,1
535108200017332,278316916,2460537.6708692913,60537.169166699998,19.6794338,0.0833470151,0,zg,253.7216583,11.100579,0.381999999,-0.00999999978,20240815169167,535,0x8,0x2,20.8899994,26.3191032,0.0274668839,-0.0501835421,7.84926215e-06,30,1.09200001,1
535108200017332,278516917,2460539.6707239961,60539.169178199998,19.7066612,0.0850191563,32768,zg,253.72149379999999,11.100320099999999,0.762000024,0.0799999982,20240817169178,535,0x8,0x2,19.6900005,25.6762791,0.0529599674,-0.037574511,5.53266327e-05,30,1.09899998,1
535108200017332,279119016,2460545.6912271543,60545.190161999999,20.0235901,0.106613614,0,zg,253.72162599999999,11.1004988,1.04999995,-0.120999999,20240823190139,535,0x8,0x2,20.8099995,26.3031483,0.0297978111,-0.039596267,9.25921086e-06,30,1.18200004,1
535108200017332,279716980,2460551.670381722,60551.169803199999,20.0798607,0.110841498,0,zg,253.72159920000001,11.1005182,1.00199997,-0.115999997,20240829169792,535,0x8,0x2,21.5100002,26.3233585,0.0228793733,-0.0662788525,5.44958448e-06,30,1.16999996,1
535108200017332,279918225,2460553.6826704014,60553.1822569,19.6304131,0.0804098994,0,zg,253.72165519999999,11.100533199999999,0.582000017,-0.0500000007,20240831182257,535,0x8,0x2,21.0599995,26.2511482,0.0268671457,-0.0504269749,7.43570808e-06,30,1.23199999,1
535108200017332,280121547,2460555.715720946,60555.215474500001,19.9781799,0.103284113,0,zg,253.72157759999999,11.100509199999999,0.723999977,0.0670000017,20240902215440,535,0x8,0x2,21.25,26.1631069,0.0251547303,-0.0472597331,6.50676157e-06,30,1.45200002,1
535108200017332,280318620,2460557.6862881994,60557.186203700003,20.0366211,0.107582688,0,zg,253.7216272,11.1005959,0.435000002,-0.0939999968,20240904186204,535,0x8,0x2,21.0400009,26.1797466,0.0266679004,-0.036642503,7.39546522e-06,30,1.301,1
535108200017332,280715753,2460561.6572933351,60561.157534700003,19.8603878,0.0950082466,0,zg,253.72160940000001,11.1004962,0.88499999,-0.103,20240908157523,535,0x8,0x2,21.1399994,26.1589947,0.0263632704,-0.044511795,7.27340239e-06,30,1.22099996,1
535108200017332,281122593,2460565.7253642934,60565.225937499999,19.9006729,0.0977789611,32768,zg,253.72165340000001,11.100519200000001,0.275999993,-0.101999998,20240912225938,535,0x8,0x2,20.2099991,26.1496201,0.0359463505,-0.035111662,1.46360453e-05,30,1.86600006,1
535108200017332,281323278,2460567.7320537842,60567.232789399997,19.613121,0.0793963447,32768,zg,253.72161639999999,11.100554199999999,0.409999996,-0.0890000015,20240914232789,535,0x8,0x2,19.8199997,26.0669041,0.0414481126,-0.0306136049,2.40977552e-05,30,2.07999992,1
535108200017332,281513380,2460569.6329195481,60569.133807899998,20.0691738,0.110030122,0,zg,253.7216536,11.100607,0.58099997,-0.119000003,20240916133808,535,0x8,0x2,20.4099998,26.3010311,0.0337928087,-0.0577335805,1.23653181e-05,30,1.21399999,1
535108200017332,281814412,2460572.6429923722,60572.1441204,19.8588448,0.0949034095,0,zg,253.72153589999999,11.1005162,1.24800003,-0.381999999,20240919144120,535,0x8,0x2,20.4599991,26.2517643,0.0349276438,-0.0415858813,1.33284566e-05,30,1.29499996,1
535108200017332,282212844,2460576.6270092251,60576.128449099997,19.81073,0.091679886,0,zg,253.721599,11.1005995,0.497000009,-0.0309999995,20240923128438,535,0x8,0x2,21.3199997,26.1844406,0.0256562177,-0.0524015762,6.87849843e-06,30,1.27199996,1
535108200017332,284315476,2460597.6518399739,60597.154768499997,19.8851471,0.0967037007,0,zg,253.72164530000001,11.100488800000001,0.310000002,-0.0419999994,20241014154769,535,0x8,0x2,20.0599995,26.1191444,0.0392726809,-0.04758472,2.0197007e-05,30,2.16100001,1
535108200017332,297152658,2460726.0259337011,60725.526585599997,20.1640568,0.11736694,32768,zg,253.7216545,11.1005161,0.575999975,-0.25999999,20250219526586,535,0x8,0x2,20.2000008,25.9296131,0.0409829766,-0.0518111698,2.08974325e-05,30,1.27400005,1
535108200017332,297352858,2460728.0281014941,60727.528588000001,19.8385696,0.0935340226,0,zg,253.72177360000001,11.1006024,0.646000028,-0.129999995,20250221528588,535,0x8,0x2,20.7900009,26.2839832,0.0292788353,-0.0739611089,9.04051285e-06,30,1.24000001,1
535108200017332,297651246,2460731.0122268079,60730.512465300002,19.9158096,0.0988361239,0,zg,253.72162549999999,11.100504900000001,0.670000017,-0.0500000007,20250224512465,535,0x8,0x2,21.3299999,26.2917252,0.0252149422,-0.05333272,6.69825113e-06,30,1.27600002,1
535108200017332,297847478,2460732.9747053604,60732.474780099998,19.8564796,0.0947428495,0,zg,253.7216659,11.100543399999999,0.430999994,-0.112999998,20250226474769,535,0x8,0x2,20.9200001,26.241972,0.027168138,-0.0475853533,7.75366061e-06,30,1.48000002,1
535108200017332,298550751,2460740.0080248998,60739.507511600001,19.9567928,0.101742364,32768,zg,253.72162109999999,11.1005565,1.15100002,-0.226999998,20250305507500,535,0x8,0x2,21.0499992,25.9136314,0.0289104003,-0.0540369712,8.82331278e-06,30,1.19599998,1
535108200017332,299051815,2460745.019089154,60744.518159699997,20.2553349,0.124682337,32768,zg,253.721777,11.100368899999999,0.593999982,0.153999999,20250310518160,535,0x8,0x2,19.9200001,25.1873913,0.0528461635,-0.0535837784,3.84541054e-05,30,1.12899995,1
535108200017332,300146134,2460755.9631567178,60755.4613426,20.2473526,0.124033622,0,zg,253.7217603,11.100433499999999,0.633000016,-0.250999987,20250321461308,535,0x8,0x2,20.5300007,26.2152481,0.0325445719,-0.0639398172,1.09603725e-05,30,1.20500004,1
535108200017332,300444194,2460758.9439907065,60758.441944400001,20.0401497,0.107846178,0,zg,253.72161159999999,11.1005121,1.352,-0.0390000008,20250324441921,535,0x8,0x2,21.2399998,26.2961159,0.025430942,-0.0609641038,6.73560453e-06,30,1.24899995,1
535108200017332,301736217,2460771.8651637589,60771.362175900002,20.0738964,0.110388257,0,zg,253.72163509999999,11.1005015,0.782999992,-0.243000001,20250406362176,535,0x8,0x2,20.5799999,26.2354698,0.0314111225,-0.0538210012,1.04171204e-05,30,1.53199995,1
535108200017332,301935307,2460773.8562003276,60773.353078699998,19.9548244,0.101601347,0,zg,253.72162639999999,11.100473300000001,0.66900003,-0.188999996,20250408353079,535,0x8,0x2,20.1900005,26.0024891,0.0403445959,-0.0560265072,1.94118347e-05,30,1.56700003,1
535108200017332,303339958,2460787.9035431868,60787.399583300001,20.1428127,0.115698949,0,zg,253.7216592,11.100509600000001,1.44500005,0.0219999999,20250422399572,535,0x8,0x2,21.6299992,26.2925739,0.0258847531,-0.0662012026,7.11280973e-06,30,1.13100004,1
535108200017332,304133916,2460795.8435072326,60795.339166700003,20.1064205,0.112874992,0,zg,253.72159350000001,11.100550800000001,0.947000027,-0.0670000017,20250430339120,535,0x8,0x2,21.4599991,26.2669907,0.0261861924,-0.0737824365,7.17761532e-06,30,1.25699997,1
535108200017332,304942184,2460803.9264899832,60803.421840299998,20.0773582,0.110651247,0,zg,253.72169579999999,11.100558299999999,0.773000002,0.0540000014,20250508421840,535,0x8,0x2,21.1599998,26.301157,0.0246575195,-0.0486048386,6.33968966e-06,30,1.07700002,1
535108200017332,305133731,2460805.842025578,60805.337314800003,19.8686008,0.095568046,0,zg,253.72164559999999,11.100562,0.39199999,-0.144999996,20250510337315,535,0x8,0x2,20.5400009,26.3270226,0.0335591063,-0.0633700415,1.19646884e-05,30,1.16499996,1
535108200017332,305742739,2460811.9322689553,60811.427395799998,19.9740906,0.102988034,0,zg,253.72160170000001,11.100591700000001,0.379000008,-0.169,20250516427384,535,0x8,0x2,20.7600002,26.3016872,0.0299921539,-0.0498755313,9.56332769e-06,30,1.10399997,1
535108200017332,306235694,2460816.8619126938,60816.356944400002,20.0552197,0.108976439,0,zg,253.72162299999999,11.100571499999999,1.50600004,-0.196999997,20250521356921,535,0x8,0x2,21.5300007,26.2895603,0.0251732133,-0.0618956313,6.63382798e-06,30,1.08000004,1
535108200017332,306435177,2460818.8567681778,60818.3517708,20.1390705,0.115406714,0,zg,253.7216257,11.1005597,0.987999976,-0.0270000007,20250523351759,535,0x8,0x2,21.8799992,26.3323917,0.0240251385,-0.074454993,6.07222182e-06,30,1.08000004,1
535108200017332,306635923,2460820.8642572029,60820.359236099997,19.9962616,0.104600787,0,zg,253.72167450000001,11.100593,0.986999989,0.061999999,20250525359236,535,0x8,0x2,21.7000008,26.2908573,0.0248307846,-0.0892572403,6.50900756e-06,30,1.07500005,1
535108200017332,306843373,2460822.938778122,60822.433738400003,19.9358845,0.100251749,0,zg,253.72165190000001,11.100573300000001,1.19599998,0.0780000016,20250527433727,535,0x8,0x2,21.9599991,26.2196255,0.0250526387,-0.0639058948,6.68318626e-06,30,1.19000006,1
535108200017332,307038092,2460824.8859776934,60824.380925899997,19.9398708,0.100534678,0,zg,253.72166000000001,11.100579700000001,1.21200001,-0.111000001,20250529380914,535,0x8,0x2,21.8700008,26.2656937,0.0277136769,-0.0700371116,8.01688748e-06,30,1.08899999,1
535108200017332,307533917,2460829.8442368535,60829.339178200004,20.052187,0.108748347,0,zg,253.72173340000001,11.100529699999999,0.75,0.0599999987,20250603339167,535,0x8,0x2,21.4899998,26.2817192,0.024418449,-0.0868444219,6.19225602e-06,30,1.074,1
535108200017332,307835883,2460832.8638771307,60832.358830999998,20.0487099,0.108487308,0,zg,253.7215516,11.1005048,0.75,0.0560000017,20250606358808,535,0x8,0x2,20.6900005,26.2265205,0.0296526775,-0.0621760599,9.36141805e-06,30,1.08899999,1
535108200017332,308038119,2460834.8862228161,60834.381192100001,20.1213913,0.114031486,0,zg,253.7215511,11.1005065,0.344000012,-0.0850000009,20250608381181,535,0x8,0x2,20.6399994,26.2820873,0.0325476155,-0.061600361,1.13400338e-05,30,1.13499999,1
535108200017332,308227460,2460836.7796177287,60836.274606500003,19.5543861,0.0760403201,0,zg,253.72167580000001,11.1005916,0.921000004,-0.312999994,20250610274595,535,0x8,0x2,19.5100002,26.2761345,0.0391717739,-0.0489205085,2.87222319e-05,30,1.11399996,1
535108200017332,308621314,2460840.7181031508,60840.213148100003,20.0197716,0.106330685,0,zg,253.72165810000001,11.100568600000001,0.458999991,-0.0359999985,20250614213137,535,0x8,0x2,21.4400005,26.2713795,0.0245154221,-0.054981485,6.35769447e-06,30,1.27100003,1
535108200017332,308829149,2460842.796410121,60842.291493099998,19.9839916,0.103705972,0,zg,253.721632,11.100521799999999,0.88499999,-0.165999994,20250616291493,535,0x8,0x2,21.1800003,26.3224316,0.0254402254,-0.0635612682,6.85771511e-06,30,1.07700002,1
535108200017332,309030937,2460844.8142495365,60844.309374999997,20.0073929,0.105417356,0,zg,253.72165089999999,11.100577400000001,0.601999998,0.0170000009,20250618309352,535,0x8,0x2,21.6100006,26.2768974,0.0223904029,-0.0622998402,5.24874486e-06,30,1.07700002,1
535108200017332,309229607,2460846.8009038335,60846.296076400002,19.9510498,0.101331323,0,zg,253.72165630000001,11.1005579,0.67900002,-0.122000001,20250620296076,535,0x8,0x2,21.4899998,26.3286705,0.0247982163,-0.0770653188,6.4742394e-06,30,1.07500005,1
535108200017332,309433792,2460848.8427017899,60848.337928200002,19.981699,0.103539422,0,zg,253.721632,11.1005416,1.36500001,-0.0309999995,20250622337917,535,0x8,0x2,21.1599998,26.2785988,0.028902784,-0.0600446835,8.79446361e-06,30,1.12399995,1
535108200017332,309837398,2460852.8786327257,60852.373981500001,19.8629341,0.0951815099,32768,zg,253.7216263,11.100534100000001,0.363999993,0.050999999,20250626373970,535,0x8,0x2,21.2000008,25.9791431,0.0272135995,-0.0360380299,7.59428849e-06,30,1.27999997,1
535108200017332,310029865,2460854.8032430168,60854.298657400002,19.9498711,0.101247095,0,zg,253.72164789999999,11.1005071,1.00300002,0.0560000017,20250628298646,535,0x8,0x2,21.4500008,26.2866154,0.0247341637,-0.0548300557,6.35243987e-06,30,1.08899999,1
535108200017332,310238986,2460856.894370093,60856.389861099997,19.7714386,0.0891149268,0,zg,253.7216324,11.100546899999999,1.10399997,-0.0839999989,20250630389525,535,0x8,0x2,20.6100006,26.2180023,0.0320520289,-0.0395267494,1.07536162e-05,30,1.44400001,1
535108200017332,310433929,2460858.8437268506,60858.339293999998,19.7331619,0.0866747126,0,zg,253.72162890000001,11.100546899999999,0.610000014,-0.0920000002,20250702339190,535,0x8,0x2,21.6000004,26.2515717,0.0243552979,-0.0594086088,6.28068801e-06,30,1.204,1
535108200017332,310625644,2460860.7608003281,60860.256446799998,19.823267,0.0925111026,0,zg,253.72160160000001,11.100524699999999,0.842999995,-0.133000001,20250704256447,535,0x8,0x2,21.1499996,26.2858925,0.0248141699,-0.0603007264,6.32044294e-06,30,1.074,1
535108200017332,310840319,2460862.9074538727,60862.403194400002,20.0327225,0.107292123,0,zg,253.72173950000001,11.100540799999999,0.451000005,-0.0680000037,20250706403183,535,0x8,0x2,20.5200005,26.1868496,0.0338778794,-0.0527956225,1.203579e-05,30,1.73800004,1
535108200017332,311040942,2460864.9135881681,60864.409421299999,19.8324127,0.0931213349,0,zg,253.7215051,11.1005012,0.569999993,-0.266000003,20250708409398,535,0x8,0x2,20,26.1161633,0.041246634,-0.0352959707,2.20693582e-05,30,1.90600002,1
535108200017332,311220151,2460866.7055966714,60866.201516200003,20.0173283,0.106149942,0,zg,253.72168400000001,11.1006155,0.765999973,-0.0649999976,20250710201493,535,0x8,0x2,20.4699993,26.3007202,0.0354263522,-0.0486780182,1.43004954e-05,30,1.10000002,1
535108200017332,311421398,2460868.7179606427,60868.213981499997,19.8272247,0.0927747712,0,zg,253.72161180000001,11.1005533,0.423999995,-0.00100000005,20250712213970,535,0x8,0x2,20.6700001,26.3367367,0.0294540804,-0.0639508516,9.09231312e-06,30,1.08099997,1
535108200017332,313319606,2460887.6988918246,60887.196064800002,19.9518394,0.101387747,0,zg,253.7216181,11.1005558,0.602999985,-0.050999999,20250731196053,535,0x8,0x2,21.4400005,26.3366146,0.0240536723,-0.0678658932,6.09467861e-06,30,1.079,1
535108200017332,315017017,2460904.6717394381,60904.170173600003,20.0528202,0.108796015,0,zg,253.7216037,11.1005705,0.867999971,-0.0879999995,20250817170162,535,0x8,0x2,21.7000008,26.327589,0.0222202353,-0.0633423552,5.25705309e-06,30,1.09899998,1
535108200017332,316118233,2460915.6830176539,60915.182337999999,19.9588165,0.101887546,32768,zg,253.7215592,11.100561600000001,0.648000002,0.135000005,20250828182303,535,0x8,0x2,20.3199997,25.7064686,0.0390017964,-0.0673694238,1.76461017e-05,30,1.199,1
535108200017332,316316682,2460917.6673459196,60917.166828699999,19.8597679,0.0949661061,0,zg,253.72161929999999,11.1005363,0.84799999,-0.140000001,20250830166817,535,0x8,0x2,21.0499992,26.241478,0.0259512309,-0.0392731018,7.11612029e-06,30,1.16700006,1
535108200017332,316517364,2460919.6739983722,60919.173645800001,20.2156982,0.121477477,0,zg,253.72165649999999,11.1005374,0.674000025,-0.0939999968,20250901173600,535,0x8,0x2,20.7299995,26.2542381,0.0310144499,-0.0354469307,1.02297126e-05,30,1.20700002,1
535108200017332,316912763,2460923.6276667388,60923.127638899998,19.8022518,0.0911212787,0,zg,253.72156229999999,11.100601899999999,0.644999981,0.0320000015,20250905127639,535,0x8,0x2,20.1800003,26.2561054,0.0372189693,-0.0431714989,1.61907774e-05,30,1.11399996,1
535108200017332,317123685,2460925.7367066266,60925.236851900001,19.874485,0.0959706903,0,zg,253.72159479999999,11.1004197,0.437000006,0.00700000022,20250907236840,535,0x8,0x2,19.7900009,26.1115093,0.0404880643,-0.0215220619,2.63915863e-05,30,1.81500006,1
535108200017332,317315328,2460927.6529849414,60927.153287000001,19.8022518,0.0911212787,0,zg,253.7216344,11.1005713,0.947000027,-0.243000001,20250909153264,535,0x8,0x2,20.4099998,26.3099041,0.0332289189,-0.0454981066,1.20840859e-05,30,1.21200001,1
535108200017332,317514303,2460929.6425680029,60929.143032400003,19.7510548,0.0878082514,0,zg,253.72156649999999,11.100556900000001,0.709999979,-0.134000003,20250911142963,535,0x8,0x2,21.0699997,26.1341476,0.0271459967,-0.0477445424,7.53417908e-06,30,1.19500005,1
535108200017332,319512431,2460949.6222933787,60949.124317100002,19.9337997,0.100104004,0,zg,253.7215028,11.100589100000001,0.39199999,-0.123999998,20251001124317,535,0x8,0x2,20.6900005,26.2378788,0.0285805296,-0.041478239,8.4704061e-06,30,1.36399996,1
535108200017332,319712240,2460951.6202390641,60951.122407399998,19.9547062,0.101592898,0,zg,253.7215597,11.100577899999999,0.606999993,0.145999998,20251003122396,535,0x8,0x2,20.6800003,26.2546482,0.0308902469,-0.0386353545,1.0040063e-05,30,1.38699996,1
535208200007875,44450096,2458199.0027622553,58198.500960600002,18.4645462,0.0371131562,0,zr,253.72161840000001,11.1004896,0.744000018,-0.0120000001,20180321500949,535,0x8,0x2,21.4899998,26.2781124,0.0258340798,0.095694758,7.11342318e-06,30,1.10800004,1
535208200007875,44452228,2458199.0240834346,58198.522280099998,18.497776,0.037971627,0,zr,253.72164720000001,11.1005004,0.44600001,-0.0209999997,20180321522280,535,0x8,0x2,21.3999996,26.2642784,0.0241865553,0.0936356932,6.22234256e-06,30,1.08299994,1
535208200007875,46238163,2458216.8847418581,58216.381631900003,18.4511433,0.0367739089,0,zr,253.72163990000001,11.100543200000001,0.947000027,0.0359999985,20180408381620,535,0x8,0x2,20.3799992,26.161953,0.0255490337,0.0962559655,6.87030206e-06,30,1.35500002,1
535208200007875,46442383,2458218.9270750531,58218.423831,18.3452816,0.034230426,0,zr,253.72162950000001,11.1005076,1.18099999,-0.0219999999,20180410423831,535,0x8,0x2,21.0499992,26.2097588,0.0199917834,0.0920628682,4.17053843e-06,30,1.15600002,2
535208200007875,46542343,2458219.9267458175,58219.423437500001,18.3371277,0.0340442061,0,zr,253.7216123,11.100549300000001,1.02699995,-0.0250000004,20180411423368,535,0x8,0x2,20.9599991,26.237463,0.0218355972,0.0954396799,4.9865198e-06,30,1.14900005,2
535208200007875,46546785,2458219.9711699625,58219.467858800002,18.298378,0.033177413,0,zr,253.72161460000001,11.100549600000001,0.638000011,-0.0529999994,20180411467847,535,0x8,0x2,20.6100006,26.1716537,0.0247585122,0.0961526409,6.45639147e-06,30,1.08099997,1
535208200007875,46549520,2458219.9985212046,58219.495208300003,18.2033615,0.031174574,0,zr,253.72161489999999,11.1005821,0.670000017,-0.0149999997,20180411495208,535,0x8,0x2,19.8299999,25.7904949,0.0364902616,0.100265518,1.38464939e-05,30,1.07799995,1
535208200007875,46847454,2458222.978047315,58222.474548600003,18.2004681,0.0311161932,0,zr,253.72161510000001,11.100517999999999,0.563000023,0.00800000038,20180414474537,535,0x8,0x2,21.0300007,26.2238045,0.0198345874,0.0938453376,4.1249782e-06,30,1.07599998,1
535208200007875,46848646,2458222.9899693406,58222.486469900003,18.1680717,0.0304730423,0,zr,253.7216109,11.100524399999999,0.781000018,0.0439999998,20180414486424,535,0x8,0x2,20.6800003,26.2243176,0.0231002886,0.0966253281,5.63575531e-06,30,1.07799995,1
535208200007875,46851003,2458223.013535569,58222.510034699997,18.1875401,0.0308573116,0,zr,253.72161850000001,11.100534700000001,1.17200005,-0.00400000019,20180414510012,535,0x8,0x2,20.7900009,26.220768,0.0220586583,0.0918573141,5.19683317e-06,30,1.09800005,2
535208200007875,47247840,2458226.9821374528,58226.478402799999,18.5001602,0.0380341858,0,zr,253.72160600000001,11.1005197,0.60799998,-0.0299999993,20180418478391,535,0x8,0x2,20.9599991,26.2195663,0.0205983147,0.0979820192,4.43027875e-06,30,1.079,1
535208200007875,47543866,2458229.9425673448,58229.438669000003,18.3205318,0.0336693116,0,zr,253.72162979999999,11.100486099999999,1.22000003,-0.0399999991,20180421438657,535,0x8,0x2,21,26.2490864,0.0204422586,0.0894161388,4.42586816e-06,30,1.08299994,1
535208200007875,49037243,2458244.8770023296,58244.3724306,18.3633595,0.0346481241,0,zr,253.7216272,11.100524099999999,0.839999974,-0.101999998,20180506372407,535,0x8,0x2,20.4300003,26.0160751,0.0296795461,0.0925297588,9.30113583e-06,30,1.11300004,1
535208200007875,49243232,2458246.9369697394,58246.432326399998,18.4970722,0.037953198,0,zr,253.72149630000001,11.100622,1.09099996,0.0250000004,20180508432188,535,0x8,0x2,20.3299999,26.2813454,0.0298727434,0.103087164,9.54323878e-06,30,1.08599997,1
535208200007875,49243555,2458246.9401990403,58246.435555600001,18.4820728,0.0375628583,0,zr,253.72161750000001,11.100644900000001,0.994000018,0.0989999995,20180508435544,535,0x8,0x2,20.4300003,26.2763405,0.0299682561,0.105077371,9.36289689e-06,30,1.08899999,1
535208200007875,49839820,2458252.9030256867,58252.398205999998,18.1908035,0.0309223719,0,zr,253.7216282,11.1004919,0.787,-0.0649999976,20180514398206,535,0x8,0x2,21.4400005,26.2391109,0.0195822921,0.0952445865,4.02689102e-06,30,1.07700002,1
535208200007875,50131482,2458255.8197150533,58255.314826399997,18.1419563,0.0299680699,0,zr,253.72161389999999,11.1005398,1.01300001,-0.0540000014,20180517314815,535,0x8,0x2,21.0100002,26.2445278,0.0218710061,0.0962781534,5.04207628e-06,30,1.17900002,1
535208200007875,50735626,2458261.8612563196,58261.356261599998,18.383604,0.0351238698,32768,zr,253.72161800000001,11.1007012,1.50699997,0.158000007,20180523356227,535,0x8,0x2,20.0300007,26.4563656,0.215410531,0.122020453,0.000729936932,30,1.08000004,1
535208200007875,51635394,2458270.8590065525,58270.353946800002,17.7385769,0.0235187784,0,zr,253.72163789999999,11.100497000000001,0.810000002,-0.00400000019,20180601353935,535,0x8,0x2,20.2299995,26.2160397,0.0249440055,0.0900728554,6.76516947e-06,30,1.07799995,1
535208200007875,51936016,2458273.8652185937,58273.360161999997,18.3847733,0.0351516083,0,zr,253.72163190000001,11.100512699999999,0.773999989,-0.108000003,20180604360162,535,0x8,0x2,21.0699997,26.242857,0.0204078928,0.0935453475,4.59699595e-06,30,1.08700001,1
535208200007875,52231489,2458276.819937136,58276.314895800002,18.4802895,0.0375167839,0,zr,253.721644,11.100493699999999,0.841000021,-0.0850000009,20180607314884,535,0x8,0x2,21.5,26.2459698,0.0224781279,0.0869786963,5.3454155e-06,30,1.08099997,1
535208200007875,52527734,2458279.7823634367,58279.2773495,18.558506,0.0396063291,0,zr,253.72163599999999,11.1004953,0.421000004,-0.00499999989,20180610277338,535,0x8,0x2,21.0100002,26.2480469,0.0198244676,0.0879650712,4.15820023e-06,30,1.11300004,1
535208200007875,52716898,2458281.6755340546,58281.168981499999,18.3161888,0.0335721187,0,zr,253.72159809999999,11.1005916,0.880999982,-0.0199999996,20180612168588,535,0x8,0x2,21.0699997,28.7019634,0.0178848989,0.0755225047,3.39652115e-06,300,1.64999998,2
535208200007875,52717575,2458281.6823047702,58281.175752299998,18.3260002,0.0337922201,0,zr,253.72162130000001,11.1005331,1.79200006,0.0520000011,20180612175532,535,0x8,0x2,21.8799992,28.7157555,0.015342094,0.0822068825,2.50688845e-06,300,1.57799995,2
535208200007875,52724208,2458281.7472460051,58281.2420833,18.3850403,0.0351579487,0,zr,253.721643,11.100539100000001,1.37699997,-0.0430000015,20180612241389,535,0x8,0x2,21.3799992,26.9987278,0.0191351213,0.0744146928,3.91169579e-06,60,1.18599999,2
535208200007875,52823770,2458282.7442452898,58282.237708300003,18.4521618,0.0367995389,0,zr,253.72162710000001,11.100558700000001,1.30400002,0.00499999989,20180613237118,535,0x8,0x2,21.9699993,28.7560558,0.0150688952,0.07465332,2.46659192e-06,300,1.19099998,2
535208200007875,52829677,2458282.8033069009,58282.2967708,18.3055038,0.0333345905,0,zr,253.72161389999999,11.100500800000001,1.51699996,-0.108000003,20180613296667,535,0x8,0x2,22.2299995,28.6762085,0.0171306748,0.0977867767,3.26030658e-06,300,1.08200002,2
535208200007875,52831481,2458282.8197881221,58282.314814799996,18.2264977,0.0316466987,0,zr,253.72161589999999,11.1004989,0.792999983,-0.0399999991,20180613314815,535,0x8,0x2,21.1599998,26.1441078,0.0191611145,0.0958591998,3.87360797e-06,30,1.07700002,1
535208200007875,53132907,2458285.8339946666,58285.329074100002,18.2345047,0.0318123698,0,zr,253.72162560000001,11.100488,1.09000003,-0.0729999989,20180616329051,535,0x8,0x2,21.6700001,26.2498188,0.0242061038,0.0906833932,6.15698309e-06,30,1.08899999,1
535208200007875,53429585,2458288.8007132122,58288.295856500001,18.3181953,0.0336169712,0,zr,253.721621,11.100495199999999,0.987999976,-0.0729999989,20180619295845,535,0x8,0x2,21.4799995,26.248909,0.0227149054,0.0939194188,5.59475211e-06,30,1.07799995,1
535208200007875,53729645,2458291.8012386071,58291.296458299999,18.4572716,0.0369285382,0,zr,253.72162929999999,11.100497600000001,0.377999991,0.00600000005,20180622296447,535,0x8,0x2,20.8299999,26.2456589,0.0207997188,0.0893477798,4.58184422e-06,30,1.08000004,1
535208200007875,54027175,2458294.7764523532,58294.271759299998,18.516861,0.038476076,0,zr,253.72162710000001,11.1005053,0.785000026,-0.0799999982,20180625271562,535,0x8,0x2,20.3600006,26.2596512,0.0264500659,0.0869689733,7.44272347e-06,30,1.079,1
535208200007875,54331550,2458297.8201014856,58297.315509300002,18.3403492,0.0341176055,0,zr,253.7216023,11.100514199999999,1.13800001,0.169,20180628315509,535,0x8,0x2,19.8199997,26.229578,0.0313857533,0.101760268,1.04779938e-05,30,1.11600006,1
535208200007875,54929697,2458303.8013400249,58303.2969792,18.2725601,0.0326162875,0,zr,253.72160249999999,11.1004836,1.11399996,-0.0979999974,20180704296944,535,0x8,0x2,21.0599995,26.1955814,0.0199627485,0.0915172398,4.22773064e-06,30,1.11399996,1
535208200007875,55220864,2458306.7128785965,58306.208645799998,18.40485,0.0356323719,0,zr,253.72159569999999,11.1005067,1.16900003,0.0350000001,20180707208634,535,0x8,0x2,21.1100006,26.0854912,0.0204537734,0.0856112689,4.39435053e-06,30,1.10699999,1
535208200007875,56022950,2458314.7333329967,58314.229502299997,18.5585327,0.0396070853,0,zr,253.72161600000001,11.1004965,0.492000014,0.0270000007,20180715229456,535,0x8,0x2,21.1399994,26.1220722,0.021052761,0.0863547102,4.70198893e-06,30,1.08000004,1
535208200007875,57227201,2458326.7751191044,58326.272013900001,18.4677696,0.0371953398,0,zr,253.72167619999999,11.1005068,0.307000011,-0.0370000005,20180727271620,535,0x8,0x2,20.0799999,26.2324409,0.0289461855,0.0802307948,8.89534749e-06,30,1.21399999,1
535208200007875,57529795,2458329.8008543332,58329.297951400004,18.6625099,0.0426135547,0,zr,253.7216023,11.1005653,0.662,0.0890000015,20180730297361,535,0x8,0x2,19.9899998,26.1378193,0.0306724496,0.0996071994,9.70294423e-06,30,1.38300002,1
535208200007875,57825271,2458332.7554185661,58332.252719900003,18.3452682,0.0342301242,0,zr,253.7215904,11.1005301,1.227,0.0540000014,20180802252708,535,0x8,0x2,20.8099995,26.1656399,0.0245736055,0.0982851386,6.31489866e-06,30,1.204,1
535208200007875,58616947,2458340.6716009337,58340.169479199998,18.2617626,0.0323853977,0,zr,253.72158479999999,11.100634599999999,0.407999992,0.0390000008,20180810169444,535,0x8,0x2,20.2999992,26.01548,0.03290914,0.103272386,1.15917192e-05,30,1.08800006,1
535208200007875,58916521,2458343.6671136087,58343.165219900002,18.2355576,0.0318342634,0,zr,253.72162940000001,11.1004851,1.28999996,-0.0329999998,20180813165208,535,0x8,0x2,21.2099991,26.1899357,0.0227209348,0.0926909372,5.44536761e-06,30,1.09099996,1
535208200007875,59218486,2458346.6865205122,58346.184861100002,18.3326569,0.033942651,0,zr,253.7216281,11.1005082,0.681999981,-0.0540000014,20180816184850,535,0x8,0x2,21.1200008,26.1859818,0.0222582798,0.0902643651,5.20004915e-06,30,1.12800002,1
535208200007875,59925113,2458353.7522316235,58353.251134300001,18.2566242,0.0322763212,0,zr,253.72163639999999,11.100503,0.828000009,-0.0590000004,20180823251134,535,0x8,0x2,20.6499996,26.1985893,0.0345090143,0.091819495,1.20846098e-05,30,1.53499997,1
535208200007875,60222753,2458356.7283909824,58356.227534700003,18.2504768,0.0321464539,0,zr,253.72161299999999,11.1004836,0.481000006,-0.057,20180826227523,535,0x8,0x2,20.2900009,26.2277069,0.0284385793,0.0892973989,8.36730487e-06,30,1.41100001,1
535208200007875,60521056,2458359.7111800704,58359.210567100003,18.5650024,0.0397863723,0,zr,253.72161259999999,11.100509499999999,0.916999996,-0.0469999984,20180829210556,535,0x8,0x2,20.8199997,26.2263432,0.0263009332,0.0920405388,7.14477346e-06,30,1.35399997,1
535208200007875,60813469,2458362.6350724748,58362.134699100003,18.5251541,0.0386979133,0,zr,253.72160640000001,11.100490499999999,0.841000021,-0.0320000015,20180901134676,535,0x8,0x2,21.0100002,26.2724648,0.0224805363,0.0908516496,5.29576664e-06,30,1.10800004,1
535208200007875,61113196,2458365.6320947725,58365.131967599998,18.3412113,0.0341372825,0,zr,253.7216209,11.100489100000001,0.846000016,-0.0869999975,20180904131944,535,0x8,0x2,20.8600006,26.1793327,0.023247024,0.0906260759,5.67136794e-06,30,1.11800003,1
535208200007875,61414699,2458368.6468702494,58368.146990699999,18.2106972,0.0313231908,0,zr,253.7216172,11.1004997,0.462000012,-0.0270000007,20180907146632,535,0x8,0x2,21.2800007,26.2211647,0.0219148751,0.0916524604,5.02655894e-06,30,1.17299998,1
535208200007875,61712898,2458371.6286168755,58371.128981499998,18.2566452,0.0322767496,0,zr,253.72162309999999,11.100494899999999,0.862999976,-0.0140000004,20180910128947,535,0x8,0x2,21.1100006,26.2554398,0.022325566,0.0965196416,5.16814362e-06,30,1.14600003,1
535208200007875,62014677,2458374.646160481,58374.146770799998,18.4437904,0.0365894809,0,zr,253.72163309999999,11.100482,0.688000023,-0.0790000036,20180913146725,535,0x8,0x2,21.2000008,26.252037,0.0225851145,0.0924844816,5.30458738e-06,30,1.23000002,1
535208200007875,63416903,2458388.6673256685,58388.169039400003,18.2485352,0.0321055874,0,zr,253.72149959999999,11.1005597,0.675000012,-0.0529999994,20180927169028,535,0x8,0x2,19.6200008,26.1934414,0.0394322276,0.100282729,1.5960215e-05,30,1.64699996,1
535208200007875,73256100,2458487.0571564212,58486.561006900003,18.2042522,0.0311925635,0,zr,253.72166319999999,11.1004503,0.666000009,0.057,20190103561007,535,0x8,0x2,19.5100002,26.1688194,0.0427257158,0.100005753,1.93470387e-05,30,2.523,2
535208200007875,73256577,2458487.061925245,58486.565775499999,18.2914848,0.0330263376,0,zr,253.7216315,11.1005348,0.908999979,-0.0209999997,20190103565764,535,0x8,0x2,20.2199993,26.1861382,0.0369463116,0.0914490297,1.43020534e-05,30,2.38599992,2
535208200007875,73257054,2458487.0666939602,58486.570544000002,18.2015438,0.0311378874,0,zr,253.72162510000001,11.100484099999999,1.06599998,-0.075000003,20190103570532,535,0x8,0x2,19.7999992,26.1901035,0.0379265957,0.097248219,1.49984999e-05,30,2.2650001,2
535208200007875,73257530,2458487.0714510777,58486.575300899996,18.2212677,0.0315390974,0,zr,253.72165219999999,11.1005064,0.834999979,-0.0160000008,20190103575301,535,0x8,0x2,19.7600002,26.1938686,0.0332775079,0.0993096307,1.16452557e-05,30,2.15700006,2
535208200007875,73355995,2458488.0561483111,58487.559953700002,18.2881355,0.0329532512,0,zr,253.72164040000001,11.1004919,1.14300001,0.0140000004,20190104559954,535,0x8,0x2,20.7099991,26.1750412,0.0221328568,0.0951350629,5.09546544e-06,30,2.47300005,2
535208200007875,73356474,2458488.0609402354,58487.564745399999,18.2976398,0.0331611969,0,zr,253.72167279999999,11.100506299999999,1.31599998,-0.0820000023,20190104564745,535,0x8,0x2,20.5599995,26.1855278,0.0255909543,0.0991679803,6.90234765e-06,30,2.34100008,2
535208200007875,73356954,2458488.065743662,58487.569548599997,18.2899818,0.0329935178,0,zr,253.72163190000001,11.100493800000001,0.470999986,-0.0350000001,20190104569537,535,0x8,0x2,20.6299992,26.1938648,0.0224982426,0.0941628441,5.26365648e-06,30,2.22399998,2
535208200007875,73357434,2458488.0705355844,58487.574340300001,18.2520237,0.0321790539,0,zr,253.72165269999999,11.100471900000001,0.55400002,-0.0659999996,20190104574340,535,0x8,0x2,20.2099991,26.2078419,0.0273817461,0.0909572318,7.81583731e-06,30,2.11999989,2
535208200007875,73756238,2458492.0587718775,58491.562384299999,18.2721634,0.032607764,0,zr,253.72162169999999,11.1004808,0.927999973,0.0390000008,20190108562292,535,0x8,0x2,20.0799999,26.1682434,0.0311695915,0.0957604051,1.00685129e-05,30,2.102,2
535208200007875,73756731,2458492.0637026303,58491.567314799999,18.2154675,0.0314203873,0,zr,253.72168669999999,11.100500500000001,1.26699996,-0.0209999997,20190108567222,535,0x8,0x2,19.9699993,26.1795502,0.0333542414,0.0976977944,1.15784296e-05,30,2.00699997,2
535208200007875,73757224,2458492.0686334837,58491.572245399999,18.1934853,0.0309759937,0,zr,253.72166999999999,11.1004536,0.56400001,-0.00200000009,20190108572141,535,0x8,0x2,19.8099995,26.1675892,0.0354406312,0.0890891105,1.32537843e-05,30,1.92200005,2
535208200007875,73757717,2458492.073564244,58491.577175899998,18.2488213,0.0321116038,0,zr,253.72161109999999,11.1005026,0.797999978,-0.0520000011,20190108577072,535,0x8,0x2,19.5200005,26.1889973,0.036092639,0.0981500596,1.37338675e-05,30,1.84500003,2
535208200007875,73856452,2458493.0609643986,58492.564525499998,18.2698669,0.0325584747,0,zr,253.72163259999999,11.1004953,0.833999991,-0.105999999,20190109564502,535,0x8,0x2,20.7299995,26.192131,0.0215144977,0.0973082855,4.87592706e-06,30,2.0079999,2
535208200007875,73856935,2458493.0657910532,58492.569351899998,18.2483768,0.0321022496,0,zr,253.72163080000001,11.1004758,1.33299994,-0.0549999997,20190109569329,535,0x8,0x2,20.8299999,26.2006187,0.0210662317,0.0935633928,4.7491817e-06,30,1.92400002,2
535208200007875,73857417,2458493.0706176087,58492.574178199997,18.3418503,0.0341518745,0,zr,253.7216311,11.1004866,0.81099999,-0.0879999995,20190109574155,535,0x8,0x2,20.7999992,26.1961212,0.0200748742,0.0942900404,4.27582472e-06,30,1.84899998,2
535208200007875,73857900,2458493.0754442629,58492.579004599997,18.3104286,0.0334437862,0,zr,253.72165369999999,11.100496100000001,0.425000012,0.0430000015,20190109578981,535,0x8,0x2,20.3799992,26.2106533,0.0246773586,0.0944399536,6.44246757e-06,30,1.77999997,2
535208200007875,73956443,2458494.0609241668,58493.564432899999,18.4522495,0.0368017554,0,zr,253.7216454,11.100494599999999,0.273999989,0.0209999997,20190110564410,535,0x8,0x2,20.9599991,26.176796,0.019239394,0.0926861539,3.93295295e-06,30,1.96099997,2
535208200007875,73956921,2458494.0657045245,58493.569213000002,18.4271374,0.0361761488,0,zr,253.72163939999999,11.100475700000001,0.824999988,-0.0270000007,20190110569190,535,0x8,0x2,20.8999996,26.1836739,0.0200381074,0.0927758291,4.28291196e-06,30,1.88300002,2
535208200007875,73957398,2458494.0704732831,58493.573981499998,18.4360809,0.0363973901,0,zr,253.72162940000001,11.1004874,0.884000003,-0.0280000009,20190110573958,535,0x8,0x2,20.6100006,26.1816559,0.0225998592,0.0950138122,5.42252155e-06,30,1.81200004,2
535208200007875,73957876,2458494.0752536412,58493.578761600002,18.426012,0.0361484326,0,zr,253.7216268,11.1004915,0.822000027,-0.00200000009,20190110578738,535,0x8,0x2,20.4099998,26.1935978,0.0242110491,0.0945590213,6.1705573e-06,30,1.74699998,2
535208200007875,74056409,2458495.0606419686,58494.564097199996,18.1960411,0.0310272127,0,zr,253.72163370000001,11.100501100000001,0.950999975,-0.0140000004,20190111563993,535,0x8,0x2,20.8899994,26.1884651,0.0213757232,0.0934986547,4.88324895e-06,30,1.921,2
535208200007875,74056907,2458495.0656191432,58494.5690741,18.1740417,0.030590158,0,zr,253.72163939999999,11.100508100000001,1.62,-0.137999997,20190111568970,535,0x8,0x2,20.6900005,26.1834965,0.0229291245,0.100102521,5.54190046e-06,30,1.84300005,2
535208200007875,74057406,2458495.0706078182,58494.574062500003,18.2443695,0.0320181549,0,zr,253.72163750000001,11.100509499999999,0.915000021,-0.0780000016,20190111573958,535,0x8,0x2,20.4699993,26.2008896,0.0230527017,0.0921608359,5.64695756e-06,30,1.773,2
535208200007875,74057905,2458495.0755964918,58494.5790509,18.2030487,0.0311682429,0,zr,253.72164979999999,11.100498,0.648999989,-0.0900000036,20190111578958,535,0x8,0x2,19.9200001,26.1995735,0.0278025065,0.0906417519,8.25500047e-06,30,1.70899999,2
535208200007875,75852854,2458513.0262215934,58512.528541699998,18.1795921,0.0306996107,32768,zr,253.7216626,11.100493999999999,0.382999986,-0.0710000023,20190129528542,535,0x8,0x2,19.5,25.1578064,0.0448243991,0.0889344662,2.13177827e-05,30,1.72599995,1
535208200007875,77254079,2458527.0395427891,58526.540798599999,18.2179966,0.0314720608,0,zr,253.72164530000001,11.100523300000001,1.10099995,-0.0879999995,20190212540787,535,0x8,0x2,20.1299992,25.7803974,0.0275428686,0.0952707231,8.02712566e-06,30,1.30700004,1
535208200007875,78652442,2458541.0243127537,58540.524421299997,18.4437447,0.0365883447,0,zr,253.72161,11.1005111,1.09899998,0.00200000009,20190226524421,535,0x8,0x2,20.6599998,26.2532711,0.0193546843,0.0780367628,3.9814372e-06,30,1.21000004,1
535208200007875,80354185,2458558.0431561726,58557.541851900001,18.3064575,0.033355698,0,zr,253.7216535,11.100501899999999,0.737999976,0.0370000005,20190315541840,535,0x8,0x2,20.0100002,26.1351337,0.031307213,0.0974471793,1.04857872e-05,30,1.08099997,1
535208200007875,80647907,2458560.9806155032,58560.479074100003,18.3540421,0.0344320089,0,zr,253.7216363,11.1004775,0.753000021,-0.104000002,20190318479074,535,0x8,0x2,20.75,26.2387562,0.0207008291,0.0889104903,4.61907985e-06,30,1.17900002,1
535208200007875,81448318,2458568.9853508789,58568.483182900003,18.4616165,0.0370386764,0,zr,253.72167020000001,11.100485600000001,0.583000004,-0.0120000001,20190326483183,535,0x8,0x2,20.3500004,26.1329403,0.0239487998,0.0787337497,6.12084341e-06,30,1.11500001,1
535208200007875,81847785,2458572.9803261356,58572.477858799997,18.2716427,0.0325965732,0,zr,253.72163359999999,11.1005033,1.40199995,-0.023,20190330477859,535,0x8,0x2,21.1800003,26.2069321,0.0196397491,0.0923120975,4.06245817e-06,30,1.10599995,1
535208200007875,82147866,2458575.9813541831,58575.478668999996,18.3580914,0.0345256887,0,zr,253.7216334,11.100475700000001,1.00300002,-0.0670000017,20190402478623,535,0x8,0x2,21.2000008,26.1170788,0.0200244281,0.0922076926,4.26980114e-06,30,1.09399998,1
535208200007875,82648011,2458580.9831487811,58580.480115699997,18.3677521,0.0347506031,0,zr,253.72165000000001,11.1005004,1.61399996,-0.0810000002,20190407479965,535,0x8,0x2,20.7900009,26.1278992,0.0201722737,0.0964587927,4.39779615e-06,30,1.08000004,1
535208200007875,83248769,2458586.9911194607,58586.487696800003,18.2899075,0.032991901,0,zr,253.7216257,11.100497499999999,0.48300001,-0.0590000004,20190413487697,535,0x8,0x2,21.0200005,26.203598,0.0212071631,0.0976083353,4.80228255e-06,30,1.07700002,1
535208200007875,84343074,2458597.9347819588,58597.430740700001,18.2215233,0.0315443575,0,zr,253.72162639999999,11.1004907,1.14600003,-0.074000001,20190424430741,535,0x8,0x2,20.7800007,26.2104664,0.0205306411,0.0922560394,4.56697899e-06,30,1.08200002,1
535208200007875,84448002,2458598.9841169356,58598.480023099997,18.4797783,0.0375035852,0,zr,253.7215995,11.100502199999999,0.700999975,-0.023,20190425479942,535,0x8,0x2,20.8400002,26.2045574,0.02268962,0.0991320536,5.48618164e-06,30,1.097,2
535208200007875,84540515,2458599.9096368877,58599.405150500002,18.2503433,0.0321436487,32768,zr,253.7216085,11.1004764,0.672999978,-0.0379999988,20190426404606,535,0x8,0x2,20.0900002,26.2602348,0.0310695078,0.0918915942,1.01912929e-05,90,1.10399997,2
535208200007875,85139994,2458605.9043506901,58605.399942099997,18.2588634,0.0323237889,0,zr,253.72163810000001,11.1004957,1.00999999,0.0280000009,20190502399942,535,0x8,0x2,21.3099995,26.1785183,0.0186086465,0.0968367383,3.63492745e-06,30,1.09000003,1
535208200007875,85437770,2458608.8822344844,58608.377708300002,18.4696579,0.0372435935,0,zr,253.7216468,11.1004956,0.722000003,-0.0379999988,20190505377685,535,0x8,0x2,21.1700001,26.0083637,0.0188341159,0.0912406892,3.71144506e-06,30,1.10899997,1
535208200007875,85841836,2458612.9230359057,58612.418368099999,18.2486401,0.0321077928,0,zr,253.72164050000001,11.1005175,1.15400004,0.00400000019,20190509418067,535,0x8,0x2,21.4799995,26.1583042,0.0196733959,0.0969308168,4.08380538e-06,30,1.07700002,1
535208200007875,86237662,2458616.8814063827,58616.376620399999,18.4953308,0.0379076116,0,zr,253.72162689999999,11.1005053,0.99000001,-0.0909999982,20190513376620,535,0x8,0x2,21.1000004,26.1513615,0.0189617276,0.0965723619,3.78259369e-06,30,1.08399999,1
535208200007875,87337744,2458627.8824468139,58627.377442099998,18.225481,0.031625744,0,zr,253.72162929999999,11.1004956,0.754000008,-0.0520000011,20190524377396,535,0x8,0x2,21.2700005,26.182497,0.0228419192,0.0888031125,5.56227496e-06,30,1.07700002,1
535208200007875,87833187,2458632.8369243415,58632.331875000003,18.1588573,0.0302935261,0,zr,253.72162560000001,11.1005003,1.01100004,0.0289999992,20190529331863,535,0x8,0x2,21.2199993,26.1740456,0.0188310482,0.0947995558,3.75883042e-06,30,1.08500004,1
535208200007875,87835607,2458632.8611258757,58632.356076399999,18.1682205,0.0304759592,0,zr,253.7216225,11.1005182,0.839999974,-0.0710000023,20190529355775,535,0x8,0x2,21.1399994,26.1727104,0.0189573299,0.0960713997,3.80826827e-06,30,1.07599998,3
535208200007875,87835652,2458632.8615772785,58632.356527800002,18.1652374,0.030417677,0,zr,253.7216043,11.1005132,0.182999998,0.0270000007,20190529356528,535,0x8,0x2,20.8700008,26.1777229,0.0204415955,0.0990998894,4.43332328e-06,30,1.07599998,3
535208200007875,87835697,2458632.8620286803,58632.356979199998,18.1735687,0.0305808745,0,zr,253.7216177,11.100522,0.653999984,0.00499999989,20190529356979,535,0x8,0x2,20.9400005,26.1750546,0.0200926606,0.101770476,4.25617964e-06,30,1.07599998,3
535208200007875,87835743,2458632.8624800816,58632.357430600001,18.18606,0.030827852,0,zr,253.72161489999999,11.100540799999999,1.01999998,-0.0390000008,20190529357431,535,0x8,0x2,20.9799995,26.1745548,0.0195987131,0.101342008,4.12269674e-06,30,1.07599998,3
535208200007875,87835788,2458632.8629313866,58632.357881900003,18.1794701,0.0306972079,0,zr,253.72161130000001,11.1005023,0.890999973,-0.0280000009,20190529357882,535,0x8,0x2,21.0599995,26.1669598,0.0190793891,0.0983522907,3.88024455e-06,30,1.07599998,3
535208200007875,87835833,2458632.8633827884,58632.358333299999,18.1717739,0.0305456053,0,zr,253.72163409999999,11.1005086,0.976000011,-0.0250000004,20190529358333,535,0x8,0x2,21.2000008,26.1732578,0.0195044484,0.0938040018,4.04950424e-06,30,1.07599998,3
535208200007875,87835878,2458632.8638341911,58632.358784700002,18.1597157,0.0303101875,0,zr,253.72161349999999,11.1005026,1.34399998,-0.115999997,20190529358785,535,0x8,0x2,21.1399994,26.1681557,0.0193161983,0.0948306322,3.94924064e-06,30,1.07599998,3
535208200007875,87835923,2458632.8642855929,58632.359236099997,18.21978,0.0315085836,0,zr,253.72163280000001,11.100511300000001,1.68900001,0.0209999997,20190529359236,535,0x8,0x2,21.2700005,26.1692619,0.0184180904,0.0952914804,3.58158036e-06,30,1.07599998,3
535208200007875,87835968,2458632.8647369952,58632.3596875,18.1987934,0.0310825072,0,zr,253.7216378,11.1005176,0.819999993,0.0689999983,20190529359687,535,0x8,0x2,21.2299995,26.1682968,0.0188982245,0.0960001498,3.78504978e-06,30,1.07599998,3
535208200007875,87836013,2458632.8651883975,58632.360138900003,18.2157059,0.0314252526,0,zr,253.72163040000001,11.1005161,1.04200006,-0.0860000029,20190529360139,535,0x8,0x2,21.1399994,26.1712208,0.0186655279,0.0964772031,3.72450336e-06,30,1.07599998,3
535208200007875,87836059,2458632.8656398016,58632.360590299999,18.2092381,0.0312935486,0,zr,253.72162979999999,11.100491999999999,1.43799996,-0.128999993,20190529360590,535,0x8,0x2,21.2700005,26.1717129,0.0189159513,0.09267281,3.83255065e-06,30,1.07599998,3
535208200007875,87836104,2458632.8660912034,58632.361041700002,18.2205124,0.0315236151,0,zr,253.7216306,11.1004988,0.995000005,-0.0309999995,20190529361042,535,0x8,0x2,21.1800003,26.1679878,0.0189518649,0.0954833925,3.8382268e-06,30,1.07700002,3
535208200007875,87836149,2458632.8665426061,58632.361493099997,18.2096062,0.031301029,0,zr,253.72162489999999,11.100494299999999,0.827000022,-0.064000003,20190529361493,535,0x8,0x2,21.1000004,26.1720753,0.0187515412,0.0946393386,3.71117176e-06,30,1.07700002,3
535208200007875,87836194,2458632.8669939083,58632.3619444,18.2301979,0.0317231193,0,zr,253.72161489999999,11.100503,0.60799998,-0.050999999,20190529361944,535,0x8,0x2,21.1499996,26.1706791,0.0189481396,0.0966192484,3.85056728e-06,30,1.07700002,3
535208200007875,87836239,2458632.867445311,58632.362395800003,18.2339954,0.0318017974,0,zr,253.72160489999999,11.100498099999999,1.73099995,-0.0209999997,20190529362396,535,0x8,0x2,21.2299995,26.1694794,0.0185981989,0.0929605439,3.70238445e-06,30,1.07700002,3
535208200007875,87836284,2458632.8678967124,58632.362847199998,18.1904182,0.0309146792,0,zr,253.7216339,11.1005111,0.781000018,-0.0390000008,20190529362847,535,0x8,0x2,21.1000004,26.1688747,0.019772321,0.0967678577,4.14107762e-06,30,1.07700002,3
535208200007875,87836329,2458632.8683481161,58632.363298600001,18.1584778,0.0302861482,0,zr,253.72162040000001,11.1004988,0.912,-0.075000003,20190529363299,535,0x8,0x2,21.1299992,26.173912,0.0198420472,0.0937818736,4.17009232e-06,30,1.07700002,3
535208200007875,87836374,2458632.8687995183,58632.363749999997,18.1802063,0.0307117719,0,zr,253.72161990000001,11.100501400000001,0.716000021,-0.0450000018,20190529363750,535,0x8,0x2,20.9699993,26.1686554,0.0204226021,0.099806726,4.41776456e-06,30,1.07700002,3
535208200007875,87836420,2458632.8692509211,58632.3642014,18.2025757,0.0311586894,0,zr,253.7216209,11.1004933,1.06900001,-0.00700000022,20190529364201,535,0x8,0x2,20.9200001,26.172039,0.0196303092,0.0960923806,4.13994621e-06,30,1.07799995,3
535208200007875,87836466,2458632.8697139216,58632.364664399996,18.1714821,0.0305398721,0,zr,253.7216378,11.100524800000001,0.915000021,0.0260000005,20190529364653,535,0x8,0x2,20.9400005,26.1719189,0.0197227001,0.099172689,4.13891621e-06,30,1.07799995,3
535208200007875,87836510,2458632.8701537247,58632.365104199998,18.2093582,0.0312959924,0,zr,253.72163760000001,11.100506599999999,0.546999991,-0.00300000003,20190529365104,535,0x8,0x2,20.9500008,26.1788197,0.0202638283,0.093476139,4.36934306e-06,30,1.07799995,3
535208200007875,87836555,2458632.8706051279,58632.365555600001,18.2284279,0.0316865221,0,zr,253.72163750000001,11.100494599999999,1.31299996,-0.0949999988,20190529365556,535,0x8,0x2,20.9899998,26.1769028,0.0205525886,0.0954439044,4.47361799e-06,30,1.07799995,3
535208200007875,87836600,2458632.87105643,58632.366006900003,18.180172,0.0307110883,0,zr,253.72163620000001,11.100505500000001,1.153,-0.104999997,20190529366007,535,0x8,0x2,21,26.174614,0.0196740851,0.0978506356,4.1598646e-06,30,1.07799995,3
535208200007875,87836645,2458632.8715078323,58632.366458299999,18.1702709,0.0305161159,0,zr,253.72161610000001,11.1005108,0.736999989,-0.0489999987,20190529366458,535,0x8,0x2,21.1299992,26.1707001,0.0194661617,0.0988804102,4.0289965e-06,30,1.079,3
535208200007875,87836690,2458632.8719592351,58632.366909700002,18.1978645,0.0310638119,0,zr,253.7216377,11.1004942,0.467000008,-0.0140000004,20190529366910,535,0x8,0x2,21.0400009,26.1733131,0.0188593324,0.0967729166,3.78583036e-06,30,1.079,3
535208200007875,87836736,2458632.8724106369,58632.367361099998,18.1665707,0.0304437,0,zr,253.7216214,11.1005112,0.213,0.00300000003,20190529367361,535,0x8,0x2,21.2000008,26.1699982,0.0188573003,0.0949949026,3.77933543e-06,30,1.079,3
535208200007875,87836781,2458632.8728620405,58632.367812500001,18.2250824,0.0316175185,0,zr,253.72162270000001,11.1004909,0.389999986,-0.0340000018,20190529367812,535,0x8,0x2,20.9500008,26.1775475,0.0200982969,0.0919797942,4.29011334e-06,30,1.079,3
535208200007875,87836826,2458632.8733134428,58632.368263900004,18.1858864,0.0308243893,0,zr,253.72162789999999,11.1004877,1.653,-0.118000001,20190529368264,535,0x8,0x2,21.0200005,26.1743202,0.0199260693,0.0995204598,4.18135915e-06,30,1.079,3
535208200007875,87836871,2458632.8737648441,58632.368715299999,18.21735,0.0314588435,0,zr,253.72164090000001,11.100509799999999,0.280000001,-0.0199999996,20190529368715,535,0x8,0x2,21.0200005,26.1778049,0.0198012125,0.0973084345,4.14892565e-06,30,1.08000004,3
535208200007875,87836916,2458632.8742162478,58632.369166700002,18.2122078,0.031353917,0,zr,253.7216177,11.100491,0.400999993,-0.0250000004,20190529369167,535,0x8,0x2,20.9300003,26.1746597,0.0213042442,0.0981060714,4.83892791e-06,30,1.08000004,3
535208200007875,87836961,2458632.8746676492,58632.369618099998,18.2387371,0.0319004431,0,zr,253.72160769999999,11.1005137,1.17299998,-0.0199999996,20190529369618,535,0x8,0x2,20.7800007,26.180172,0.0228167158,0.0920779631,5.54774033e-06,30,1.08000004,3
535208200007875,87837006,2458632.8751189518,58632.3700694,18.23032,0.0317256339,0,zr,253.72163789999999,11.1005004,0.68900001,0.0130000003,20190529370069,535,0x8,0x2,21.1100006,26.1727829,0.0186571293,0.0961539075,3.69869645e-06,30,1.08000004,3
535208200007875,87837052,2458632.8755703536,58632.370520800003,18.2441139,0.0320127904,0,zr,253.72162359999999,11.1005178,0.753000021,0.0460000001,20190529370521,535,0x8,0x2,21.0599995,26.1735802,0.0200090595,0.100016773,4.27980422e-06,30,1.08099997,3
535208200007875,87837097,2458632.8760217554,58632.370972199999,18.1902409,0.0309111364,0,zr,253.72161879999999,11.100529999999999,1.30700004,-0.130999997,20190529370972,535,0x8,0x2,20.9899998,26.1756725,0.0210127756,0.0975268558,4.669193e-06,30,1.08099997,3
535208200007875,87837142,2458632.8764731572,58632.371423600001,18.2151222,0.0314133279,0,zr,253.72164380000001,11.100527700000001,0.84799999,-0.0379999988,20190529371424,535,0x8,0x2,20.8799992,26.1755753,0.0203332137,0.100101955,4.41331804e-06,30,1.08099997,3
535208200007875,87837187,2458632.8769245609,58632.371874999997,18.2213612,0.0315410309,0,zr,253.7216415,11.1005083,0.419,0.0160000008,20190529371875,535,0x8,0x2,20.8500004,26.1758194,0.0222218689,0.100031912,5.22732898e-06,30,1.08200002,3
535208200007875,87837232,2458632.8773759627,58632.3723264,18.1644897,0.0304030962,0,zr,253.7216099,11.100529999999999,0.42899999,0.0309999995,20190529372326,535,0x8,0x2,20.9799995,26.1778698,0.021186104,0.0969904289,4.73880027e-06,30,1.08200002,3
535208200007875,87837277,2458632.8778273663,58632.372777800003,18.1801109,0.0307098869,0,zr,253.72162309999999,11.1005009,0.788999975,-0.0320000015,20190529372778,535,0x8,0x2,21.0200005,26.1725349,0.0203472991,0.096800752,4.38292363e-06,30,1.08200002,3
535208200007875,87837322,2458632.8782787677,58632.373229199999,18.2069874,0.0312479027,0,zr,253.7216248,11.1005187,1.29400003,0.00499999989,20190529373229,535,0x8,0x2,21.0699997,26.1734028,0.0198132377,0.0956936777,4.15408249e-06,30,1.08299994,3
535208200007875,87837368,2458632.8787301704,58632.373680600002,18.1938248,0.0309827961,0,zr,253.72162040000001,11.1005105,1.40699995,-0.0909999982,20190529373681,535,0x8,0x2,21.0300007,26.1732635,0.0200199019,0.0970499367,4.26079941e-06,30,1.08299994,3
535208200007875,87837413,2458632.8791814735,58632.374131899996,18.2204399,0.0315221213,0,zr,253.7216286,11.1004968,0.50999999,-0.0340000018,20190529374132,535,0x8,0x2,21.0599995,26.1738625,0.0196847636,0.0976410881,4.14077567e-06,30,1.08299994,3
535208200007875,87837458,2458632.8796328758,58632.374583299999,18.1856232,0.0308191776,0,zr,253.72162650000001,11.100502799999999,1.19700003,-0.0989999995,20190529374583,535,0x8,0x2,21.1000004,26.1730232,0.0201032665,0.0956235155,4.29128113e-06,30,1.08399999,3
535208200007875,87837503,2458632.8800842771,58632.375034700002,18.2028427,0.031164078,0,zr,253.72164190000001,11.100520599999999,1.21200001,-0.023,20190529375035,535,0x8,0x2,21.0100002,26.1742611,0.0196668766,0.0978555381,4.14023452e-06,30,1.08399999,3
535208200007875,87837548,2458632.8805356799,58632.375486099998,18.2169399,0.0314504653,0,zr,253.72162059999999,11.100511900000001,1.35399997,-0.104999997,20190529375486,535,0x8,0x2,21.1299992,26.1693668,0.0186173879,0.0973348692,3.68375072e-06,30,1.08399999,3
535208200007875,87837593,2458632.8809870831,58632.375937500001,18.2078094,0.0312645733,0,zr,253.72162829999999,11.100501700000001,0.75999999,-0.0520000011,20190529375938,535,0x8,0x2,21.1700001,26.1702633,0.0188335255,0.0948818401,3.76153821e-06,30,1.08500004,3
535208200007875,87837638,2458632.8814384858,58632.376388899997,18.1852131,0.0308110304,0,zr,253.721633,11.100493699999999,0.690999985,-0.0359999985,20190529376389,535,0x8,0x2,21.1000004,26.1726532,0.0198042132,0.0969909802,4.11956853e-06,30,1.08500004,3
535208200007875,87837684,2458632.8818898876,58632.376840299999,18.1650429,0.0304138828,0,zr,253.7216306,11.1005027,1.21700001,-0.0350000001,20190529376840,535,0x8,0x2,21.1700001,26.1714745,0.0193946622,0.0975156054,3.98614429e-06,30,1.08500004,3
535208200007875,87837729,2458632.882341289,58632.377291700002,18.1969604,0.0310456622,0,zr,253.7216335,11.1005185,0.768999994,-0.0649999976,20190529377292,535,0x8,0x2,21.1399994,26.1714153,0.0195378289,0.0988473296,4.06538265e-06,30,1.08599997,3
535208200007875,87837774,2458632.8827926917,58632.377743099998,18.2193871,0.0315005481,0,zr,253.72162019999999,11.1005199,1.04700005,-0.0599999987,20190529377743,535,0x8,0x2,21.1700001,26.1688156,0.0196320489,0.0949756131,4.06072877e-06,30,1.08599997,3
535208200007875,87837819,2458632.8832439948,58632.3781944,18.2216187,0.0315463133,0,zr,253.7216296,11.100501899999999,0.651000023,-0.00600000005,20190529378194,535,0x8,0x2,21.1800003,26.1750546,0.0182803385,0.0946537629,3.55494694e-06,30,1.08700001,3
535208200007875,87837864,2458632.8836953985,58632.378645800003,18.1818542,0.0307443794,0,zr,253.721599,11.100486,1.21599996,-0.105999999,20190529378646,535,0x8,0x2,21.0499992,26.1822624,0.0216704793,0.0951995552,5.02908961e-06,30,1.08700001,3
535208200007875,87837909,2458632.8841467993,58632.379097199999,18.1651077,0.0304151382,0,zr,253.721633,11.1005038,0.829999983,-0.0260000005,20190529379097,535,0x8,0x2,21.1599998,26.1705055,0.0196839906,0.0989188701,4.13986163e-06,30,1.08800006,3
535208200007875,87837954,2458632.8845982016,58632.379548600002,18.2002296,0.0311113913,0,zr,253.72162639999999,11.100507500000001,0.694000006,-0.0560000017,20190529379549,535,0x8,0x2,21.2399998,26.1666508,0.0193265658,0.0955682024,3.98647035e-06,30,1.08800006,3
535208200007875,87837999,2458632.8850496043,58632.379999999997,18.2211761,0.0315372348,0,zr,253.72162789999999,11.1005039,0.303000003,-0.0250000004,20190529380000,535,0x8,0x2,21.2299995,26.169611,0.0196894482,0.0953559801,4.13768566e-06,30,1.08800006,3
535208200007875,87838045,2458632.8855010071,58632.3804514,18.2125893,0.0313616842,0,zr,253.7216282,11.1004951,0.866999984,-0.134000003,20190529380451,535,0x8,0x2,21.1900005,26.1690197,0.0189450979,0.0946704447,3.80065853e-06,30,1.08899999,3
535208200007875,87838090,2458632.8859524089,58632.380902800003,18.2278652,0.0316749066,0,zr,253.7216176,11.1005041,0.555000007,0.00999999978,20190529380903,535,0x8,0x2,21.1200008,26.174305,0.0190876573,0.0956831425,3.89956722e-06,30,1.08899999,3
535208200007875,87838135,2458632.8864038116,58632.381354199999,18.1932278,0.0309708379,0,zr,253.72162940000001,11.100497600000001,0.551999986,-0.00300000003,20190529381354,535,0x8,0x2,21.1499996,26.1696453,0.0185741298,0.0971612334,3.65465144e-06,30,1.09000003,3
535208200007875,87838180,2458632.8868552139,58632.381805600002,18.2060661,0.0312292371,0,zr,253.7216225,11.100500200000001,1.87600005,-0.129999995,20190529381806,535,0x8,0x2,21.1700001,26.1694851,0.0194008611,0.0964892209,4.00614817e-06,30,1.09000003,3
535208200007875,87838225,2458632.8873065161,58632.382256899997,18.2220287,0.0315547362,0,zr,253.7216234,11.1005062,0.968999982,-0.0719999969,20190529382257,535,0x8,0x2,21.0900002,26.1674652,0.0189531446,0.0972897559,3.78829395e-06,30,1.09099996,3
535208200007875,87838270,2458632.8877579174,58632.3827083,18.2020531,0.0311481506,0,zr,253.72164190000001,11.1005155,0.822000027,0.0480000004,20190529382708,535,0x8,0x2,21.2099991,26.1694756,0.0190804508,0.0965828523,3.88991384e-06,30,1.09099996,3
535208200007875,87838315,2458632.8882093201,58632.383159700003,18.1979465,0.0310654677,0,zr,253.72162080000001,11.100514,0.782999992,-0.0329999998,20190529383160,535,0x8,0x2,21.1000004,26.1723614,0.0195497107,0.096636191,4.05867513e-06,30,1.09200001,3
535208200007875,87838361,2458632.8886607224,58632.383611099998,18.1859417,0.030825505,0,zr,253.72163509999999,11.100512500000001,1.28199995,-0.131999999,20190529383611,535,0x8,0x2,21.1599998,26.1693478,0.019198386,0.0927490219,3.92130232e-06,30,1.09200001,3
535208200007875,87838406,2458632.8891121261,58632.384062500001,18.2076206,0.0312607326,0,zr,253.7216109,11.1004968,1.45899999,-0.057,20190529384062,535,0x8,0x2,21.1900005,26.1700478,0.0195233822,0.0964683816,4.03817194e-06,30,1.09300005,3
535208200007875,87838451,2458632.8895635279,58632.384513899997,18.1783867,0.0306757987,0,zr,253.721642,11.1004936,1.33399999,-0.0370000005,20190529384514,535,0x8,0x2,21,26.1727924,0.0193024836,0.0951139927,3.966039e-06,30,1.09300005,3
535208200007875,87838496,2458632.8900149302,58632.3849653,18.2417183,0.0319626778,0,zr,253.72162940000001,11.1004972,0.758000016,0.0209999997,20190529384965,535,0x8,0x2,21.2600002,26.1741619,0.0192167666,0.0920227543,3.92761967e-06,30,1.09399998,3
535208200007875,87838541,2458632.8904663329,58632.385416700003,18.1551285,0.0302212965,0,zr,253.7216071,11.100501700000001,0.888000011,-0.00899999961,20190529385417,535,0x8,0x2,21.1100006,26.1684799,0.019954497,0.0999922529,4.19824028e-06,30,1.09399998,3
535208200007875,87838586,2458632.8909177342,58632.385868099998,18.1833344,0.0307737309,0,zr,253.721644,11.1005109,1.35599995,-0.126000002,20190529385868,535,0x8,0x2,21.2000008,26.1717396,0.0195378512,0.0974613428,4.08331562e-06,30,1.09500003,3
535208200007875,87838631,2458632.8913690378,58632.386319400001,18.1573753,0.030264793,0,zr,253.72162299999999,11.100495,0.726000011,-0.0469999984,20190529386319,535,0x8,0x2,21.2199993,26.1707611,0.0195154548,0.0997252613,4.04036427e-06,30,1.09599996,3
535208200007875,87838677,2458632.8918204396,58632.386770800003,18.1825562,0.0307582989,0,zr,253.72163069999999,11.100503099999999,0.986999989,-0.0540000014,20190529386771,535,0x8,0x2,21.0499992,26.1689262,0.0192455649,0.0979720205,3.92076754e-06,30,1.09599996,3
535208200007875,87838722,2458632.8922718419,58632.387222199999,18.2016869,0.0311407726,0,zr,253.72160450000001,11.100505500000001,0.716000021,-0.0260000005,20190529387222,535,0x8,0x2,21.1200008,26.1700974,0.0196063053,0.0987350196,4.08651385e-06,30,1.097,3
535208200007875,87838767,2458632.8927232441,58632.387673600002,18.1836128,0.0307792407,0,zr,253.7216215,11.1005071,0.703999996,-0.0500000007,20190529387674,535,0x8,0x2,21.2000008,26.1729832,0.0189327616,0.0969937146,3.84707391e-06,30,1.097,3
535208200007875,87838812,2458632.893174646,58632.388124999998,18.2303066,0.0317253619,0,zr,253.72162109999999,11.1005153,0.36500001,0.0160000008,20190529388125,535,0x8,0x2,21.1900005,26.1657085,0.0194888953,0.0953030586,4.02002115e-06,30,1.09800005,3
535208200007875,87838857,2458632.8936260482,58632.388576400001,18.1794128,0.0306960754,0,zr,253.7216225,11.1005108,0.968999982,0.0370000005,20190529388576,535,0x8,0x2,21.0699997,26.1677818,0.0196497459,0.0969601497,4.11153496e-06,30,1.09800005,3
535208200007875,87838902,2458632.8940774505,58632.389027800004,18.2608757,0.0323665366,0,zr,253.72162599999999,11.1005126,1.097,0.00999999978,20190529389028,535,0x8,0x2,21.0900002,26.168293,0.0195332989,0.0971713886,4.02068781e-06,30,1.09899998,3
535208200007875,87838947,2458632.8945288532,58632.389479199999,18.2046108,0.0311998166,0,zr,253.72164409999999,11.1005053,0.836000025,-0.0130000003,20190529389479,535,0x8,0x2,21.2099991,26.1679955,0.0190149825,0.096834749,3.84587747e-06,30,1.10000002,3
535208200007875,87838993,2458632.894980255,58632.389930600002,18.1959209,0.0310247969,0,zr,253.7216205,11.100516499999999,0.808000028,-0.064000003,20190529389931,535,0x8,0x2,21.1800003,26.1653004,0.0191013739,0.0983257592,3.88828585e-06,30,1.10000002,3
535208200007875,87839038,2458632.8954315577,58632.390381899997,18.1847172,0.0308011752,0,zr,253.72162280000001,11.100507,1.13600004,-0.127000004,20190529390370,535,0x8,0x2,21.2299995,26.163084,0.0189955439,0.0977721885,3.80053984e-06,30,1.10099995,3
535208200007875,87839083,2458632.8958829599,58632.3908333,18.1781025,0.030670194,0,zr,253.72165390000001,11.100505800000001,0.541999996,-0.0340000018,20190529390833,535,0x8,0x2,21.2399998,26.1654644,0.0190253593,0.0944518,3.84761734e-06,30,1.102,3
535208200007875,87839133,2458632.8963806629,58632.391330999999,18.2369423,0.0318630487,0,zr,253.7216214,11.100501899999999,0.561999977,-0.00400000019,20190529391296,535,0x8,0x2,21.2199993,26.1638508,0.0182862133,0.098420091,3.514838e-06,30,1.102,3
535208200007875,87839178,2458632.8968320652,58632.391782400002,18.2015362,0.0311377216,0,zr,253.72163309999999,11.100498399999999,0.953000009,-0.0960000008,20190529391782,535,0x8,0x2,21.1499996,26.1634216,0.0190523844,0.095334515,3.84563373e-06,30,1.10300004,3
535208200007875,87839223,2458632.897283467,58632.392233799997,18.2124271,0.0313583836,0,zr,253.72162209999999,11.1005118,0.855000019,-0.0280000009,20190529392234,535,0x8,0x2,21.1700001,26.166296,0.0196735635,0.0944221243,4.08405322e-06,30,1.10399997,3
535208200007875,87839269,2458632.8977464703,58632.392696800001,18.2531509,0.0322028548,0,zr,253.72163660000001,11.100495199999999,0.847000003,-0.0340000018,20190529392685,535,0x8,0x2,21.0200005,26.1650467,0.0198309403,0.0998280793,4.1531157e-06,30,1.10399997,3
535208200007875,87839314,2458632.8981977738,58632.393148100004,18.2069664,0.031247491,0,zr,253.72160890000001,11.1004749,0.646000028,-0.0480000004,20190529393137,535,0x8,0x2,20.9599991,26.166832,0.0205877256,0.0966493115,4.47234106e-06,30,1.10500002,3
535208200007875,87839358,2458632.8986376761,58632.393587999999,18.2324047,0.03176881,0,zr,253.7216253,11.1004744,1.10500002,0.00300000003,20190529393588,535,0x8,0x2,21,26.1672897,0.019402571,0.0963245332,3.99180271e-06,30,1.10599995,3
535208200007875,87839403,2458632.8990890766,58632.394039400002,18.2395115,0.0319165736,0,zr,253.7216244,11.100508,0.851000011,-0.100000001,20190529394039,535,0x8,0x2,21.0100002,26.1633987,0.0192158688,0.096815981,3.89905381e-06,30,1.10599995,3
535208200007875,87839449,2458632.8995403792,58632.394490699997,18.2113686,0.0313368402,0,zr,253.72162639999999,11.100502199999999,1.12,-0.0729999989,20190529394491,535,0x8,0x2,21.0400009,26.1642361,0.0198312849,0.0975356251,4.1518565e-06,30,1.10699999,3
535208200007875,87839494,2458632.8999917805,58632.3949421,18.2054214,0.0312162135,0,zr,253.72163330000001,11.1005173,0.819999993,-0.0700000003,20190529394942,535,0x8,0x2,21.0900002,26.1622849,0.0193778444,0.0961449295,3.97988651e-06,30,1.10800004,3
535208200007875,87839540,2458632.9004547838,58632.395405099996,18.2096996,0.0313029177,0,zr,253.72161800000001,11.100505399999999,0.82099998,-0.0560000017,20190529395394,535,0x8,0x2,21.2000008,26.1605663,0.0188399553,0.097051084,3.74029173e-06,30,1.10899997,3
535208200007875,87839585,2458632.9009061866,58632.395856499999,18.228548,0.0316890106,0,zr,253.72161299999999,11.1004933,1.34399998,-0.0890000015,20190529395845,535,0x8,0x2,21.1599998,26.1604271,0.0188321434,0.100207657,3.73568969e-06,30,1.10899997,3
535208200007875,87839630,2458632.9013575888,58632.396307900002,18.2382507,0.0318903103,0,zr,253.72162660000001,11.1004916,0.490999997,0.0189999994,20190529396308,535,0x8,0x2,21.0100002,26.1681347,0.0235201847,0.0970792621,5.84324698e-06,30,1.11000001,3
535208200007875,87839675,2458632.9018089902,58632.396759299998,18.1884785,0.0308759995,0,zr,253.72163359999999,11.100506899999999,0.81400001,-0.00999999978,20190529396759,535,0x8,0x2,21.1599998,26.1553516,0.0195305794,0.0970870331,4.0146565e-06,30,1.11099994,3
535208200007875,87839721,2458632.9022602933,58632.3972106,18.1975651,0.0310577992,0,zr,253.72161969999999,11.100496700000001,0.805999994,-0.0419999994,20190529397211,535,0x8,0x2,21.1100006,26.1634445,0.0202698577,0.0975963399,4.35761194e-06,30,1.11199999,3
535208200007875,87839766,2458632.9027116951,58632.397662000003,18.2112465,0.0313343704,0,zr,253.72162660000001,11.100509799999999,0.535000026,0.00700000022,20190529397650,535,0x8,0x2,21.1000004,26.1631336,0.0201987084,0.09695182,4.31146009e-06,30,1.11199999,3
535208200007875,87839811,2458632.9031630973,58632.398113399999,18.2137222,0.031384781,0,zr,253.72161310000001,11.1005097,0.58099997,0.0250000004,20190529398102,535,0x8,0x2,21.0799999,26.1615887,0.0187064111,0.0993320495,3.7143916e-06,30,1.11300004,3
535208200007875,87839855,2458632.9036029,58632.398553200001,18.2214737,0.0315433256,0,zr,253.72163800000001,11.100496400000001,1.47599995,-0.0260000005,20190529398553,535,0x8,0x2,21.1900005,26.1563663,0.0192150343,0.100360185,3.88116587e-06,30,1.11399996,3
535208200007875,87839900,2458632.9040543018,58632.399004600004,18.2251511,0.0316189416,0,zr,253.72162370000001,11.100505500000001,0.771000028,-0.0799999982,20190529399005,535,0x8,0x2,21.1200008,26.1650276,0.0193358548,0.0973333344,3.91081403e-06,30,1.11500001,3
535208200007875,87839945,2458632.9045057041,58632.399455999999,18.1880093,0.0308666397,0,zr,253.7216396,11.1005047,1.43900001,-0.0700000003,20190529399456,535,0x8,0x2,20.9300003,26.1658592,0.0211580172,0.0958800837,4.73441924e-06,30,1.11600006,3
535208200007875,87839990,2458632.9049571059,58632.399907400002,18.186615,0.030838903,0,zr,253.72161980000001,11.100517,0.559000015,0.0140000004,20190529399907,535,0x8,0x2,20.9300003,26.164465,0.0210701842,0.0952529684,4.7099993e-06,30,1.11600006,3
535208200007875,87840035,2458632.90540851,58632.400358799998,18.243639,0.0320028551,0,zr,253.72160890000001,11.1004837,0.658999979,-0.0270000007,20190529400359,535,0x8,0x2,21,26.1625252,0.0208546165,0.0972924829,4.57012766e-06,30,1.11699998,3
535208200007875,87840081,2458632.9058599113,58632.400810200001,18.1893978,0.0308943223,0,zr,253.72159959999999,11.1005045,0.772000015,0.0329999998,20190529400810,535,0x8,0x2,20.9899998,26.16325,0.0196037609,0.0965960473,4.08634833e-06,30,1.11800003,3
535208200007875,87840126,2458632.9063113141,58632.401261600004,18.226757,0.0316520333,0,zr,253.72163330000001,11.100488500000001,0.526000023,0.0189999994,20190529401262,535,0x8,0x2,20.8099995,26.167635,0.021526251,0.0979695171,4.85720238e-06,30,1.11899996,3
535208200007875,87840171,2458632.9067627159,58632.401712999999,18.2226315,0.0315671004,0,zr,253.7216368,11.100499900000001,0.667999983,-0.00499999989,20190529401713,535,0x8,0x2,20.8500004,26.1635056,0.0215505268,0.100072876,4.89713921e-06,30,1.12,3
535208200007875,87840216,2458632.9072141182,58632.402164400002,18.1870842,0.03084822,0,zr,253.72159719999999,11.1005086,1.176,-0.0790000036,20190529402164,535,0x8,0x2,20.8199997,26.1649323,0.0202895366,0.0966641158,4.34824096e-06,30,1.12100005,3
535208200007875,87840261,2458632.9076654203,58632.402615699997,18.2500191,0.0321368165,0,zr,253.7216272,11.100498999999999,0.917999983,-0.0209999997,20190529402616,535,0x8,0x2,20.9699993,26.168911,0.0204996336,0.0942671522,4.4300632e-06,30,1.12100005,3
535208200007875,87840306,2458632.9081168221,58632.4030671,18.2068291,0.0312446896,0,zr,253.7216287,11.100512699999999,0.726999998,-0.0299999993,20190529403067,535,0x8,0x2,21.0699997,26.1646919,0.0194843523,0.0952396914,4.0283112e-06,30,1.12199998,3
535208200007875,87840351,2458632.9085682244,58632.403518500003,18.2466583,0.032066159,0,zr,253.72162299999999,11.1005117,1.50100005,-0.128999993,20190529403519,535,0x8,0x2,21.0900002,26.1615467,0.0190076102,0.096179381,3.81843347e-06,30,1.12300003,3
535208200007875,87840396,2458632.9090196276,58632.403969899999,18.2334309,0.0317900963,0,zr,253.7216353,11.1004874,1.48699999,-0.150000006,20190529403970,535,0x8,0x2,21.0400009,26.1623116,0.0213240143,0.0962057337,4.75740171e-06,30,1.12399995,3
535208200007875,87840442,2458632.9094710294,58632.404421300002,18.2506237,0.0321495458,0,zr,253.72161779999999,11.100501700000001,1.02400005,-0.0659999996,20190529404421,535,0x8,0x2,20.9300003,26.1645164,0.0206219945,0.097615324,4.49178015e-06,30,1.125,3
535208200007875,87840488,2458632.9099340313,58632.404884299998,18.2393608,0.0319134444,0,zr,253.7216445,11.100500800000001,0.552999973,0.0149999997,20190529404873,535,0x8,0x2,20.8899994,26.165247,0.0203299895,0.0974397957,4.39187534e-06,30,1.12600005,3
535208200007875,87840533,2458632.9103853353,58632.4053356,18.2323074,0.0317667834,0,zr,253.72161389999999,11.100482299999999,0.781000018,-0.0410000011,20190529405336,535,0x8,0x2,20.9300003,26.1621876,0.0214457586,0.0978279784,4.87331408e-06,30,1.12699997,3
535208200007875,87840578,2458632.9108367357,58632.405787000003,18.1912537,0.0309313666,0,zr,253.72161019999999,11.100516900000001,0.680999994,-0.0670000017,20190529405787,535,0x8,0x2,20.9099998,26.1621056,0.0215633716,0.0950082392,4.90337061e-06,30,1.12800002,3
535208200007875,87840623,2458632.9112881385,58632.406238399999,18.2235985,0.0315870009,0,zr,253.72163689999999,11.100494899999999,0.828000009,-0.0560000017,20190529406227,535,0x8,0x2,20.8500004,26.1574726,0.0208520032,0.100386016,4.59515513e-06,30,1.12899995,3
535208200007875,87840667,2458632.9117279397,58632.406678200001,18.2324848,0.0317704678,0,zr,253.72162270000001,11.1005156,0.273999989,0.00600000005,20190529406678,535,0x8,0x2,20.9899998,26.1613445,0.0211205874,0.096239239,4.70881787e-06,30,1.13,3
535208200007875,87840714,2458632.9121909426,58632.407141199998,18.2260857,0.0316381939,0,zr,253.72163330000001,11.100508400000001,1.13199997,-0.0399999991,20190529407130,535,0x8,0x2,21.0799999,26.1549416,0.0209173225,0.0990477875,4.62750631e-06,30,1.13100004,3
535208200007875,87840758,2458632.9126307461,58632.407580999999,18.2344131,0.0318104848,0,zr,253.72161439999999,11.100490799999999,0.746999979,-0.0769999996,20190529407581,535,0x8,0x2,21.0400009,26.1602745,0.0198167004,0.0950518772,4.14688384e-06,30,1.13199997,3
535208200007875,87840804,2458632.9130937476,58632.408044000003,18.1973038,0.0310525559,0,zr,253.72161850000001,11.1005041,1.046,-0.0439999998,20190529408032,535,0x8,0x2,21.1599998,26.1581402,0.0192901175,0.0927811638,3.9655506e-06,30,1.13300002,3
535208200007875,87840849,2458632.9135451503,58632.408495399999,18.2139473,0.0313893743,0,zr,253.72164660000001,11.1004831,1.34200001,-0.0869999975,20190529408484,535,0x8,0x2,21.0699997,26.1597977,0.0198572855,0.0943177044,4.19667185e-06,30,1.13399994,3
535208200007875,87840894,2458632.9139965521,58632.408946800002,18.2099075,0.0313071534,0,zr,253.72162499999999,11.1005024,0.827000022,-0.0399999991,20190529408947,535,0x8,0x2,20.9799995,26.1677532,0.0234863143,0.0935394615,5.83024121e-06,30,1.13499999,3
535208200007875,87840939,2458632.9144478547,58632.409398099997,18.198864,0.0310839172,0,zr,253.7216181,11.100497600000001,0.851999998,-0.023,20190529409387,535,0x8,0x2,21.0400009,26.1627007,0.0231885482,0.0956454203,5.63015737e-06,30,1.13600004,3
535208200007875,87840984,2458632.9148992561,58632.4098495,18.2180099,0.0314723589,0,zr,253.72164219999999,11.100508899999999,0.911000013,0.0109999999,20190529409838,535,0x8,0x2,21.1100006,26.1578617,0.0189270116,0.0949056149,3.76647586e-06,30,1.13699996,3
535208200007875,87841028,2458632.9153391588,58632.410289400003,18.1861,0.0308286585,0,zr,253.72161850000001,11.100496100000001,0.560000002,-0.0610000007,20190529410289,535,0x8,0x2,21.1399994,26.1599312,0.0198597703,0.0941770598,4.13581347e-06,30,1.13800001,3
535208200007875,87841075,2458632.9158020611,58632.410752299998,18.258709,0.0323204994,0,zr,253.72162850000001,11.1004951,0.637000024,-0.00999999978,20190529410741,535,0x8,0x2,21.1200008,26.159586,0.0187386721,0.0954013243,3.72972545e-06,30,1.13900006,3
535208200007875,87841120,2458632.9162534629,58632.411203700001,18.2134018,0.0313782468,0,zr,253.72165129999999,11.100498200000001,0.893000007,-0.00700000022,20190529411192,535,0x8,0x2,21.1399994,26.1572514,0.0193620063,0.095008105,3.9747556e-06,30,1.13999999,3
535208200007875,87841164,2458632.9166932651,58632.411643500003,18.2348118,0.0318187512,0,zr,253.7216066,11.1005118,0.602999985,-0.0540000014,20190529411644,535,0x8,0x2,21.1900005,26.155674,0.0196439829,0.0950199217,4.07788866e-06,30,1.14100003,3
535208200007875,87841209,2458632.9171446683,58632.412094899999,18.2265224,0.0316471867,0,zr,253.72163699999999,11.100483499999999,0.708999991,-0.0270000007,20190529412095,535,0x8,0x2,21.25,26.1603813,0.0194847751,0.0948251113,3.98901284e-06,30,1.14199996,3
535208200007875,87841254,2458632.9175960696,58632.412546300002,18.1887417,0.0308812503,0,zr,253.7216286,11.100500200000001,0.698000014,-0.00300000003,20190529412546,535,0x8,0x2,21.1900005,26.153574,0.0192697495,0.0952874273,3.91364529e-06,30,1.14300001,3
535208200007875,87841299,2458632.9180474719,58632.412997699998,18.2060776,0.0312294811,0,zr,253.72163900000001,11.1005026,1.51100004,-0.0909999982,20190529412998,535,0x8,0x2,21.2299995,26.1569214,0.0189046636,0.0944380313,3.76892422e-06,30,1.14400005,3
535208200007875,87841344,2458632.9184988737,58632.4134491,18.2217827,0.0315496661,0,zr,253.72164169999999,11.100510099999999,0.44600001,0.0140000004,20190529413449,535,0x8,0x2,21.1800003,26.1556168,0.0189839024,0.095915176,3.80561278e-06,30,1.14499998,3
535208200007875,87841390,2458632.9189502778,58632.413900500003,18.2546692,0.0322349481,0,zr,253.7216062,11.100479699999999,0.414000005,0.0209999997,20190529413900,535,0x8,0x2,21.1700001,26.1585464,0.0184555575,0.0954318792,3.59357546e-06,30,1.14699996,3
535208200007875,87841435,2458632.9194016778,58632.414351899999,18.2163792,0.0314390063,0,zr,253.72165380000001,11.100508400000001,0.337000012,0.0280000009,20190529414352,535,0x8,0x2,21.1800003,26.1582088,0.019830212,0.093858473,4.16593639e-06,30,1.148,3
535208200007875,87841481,2458632.919864581,58632.414814800002,18.2431755,0.031993147,0,zr,253.7216201,11.1005021,0.850000024,-0.074000001,20190529414803,535,0x8,0x2,21.1399994,26.163023,0.0201971717,0.0931693017,4.30649698e-06,30,1.14900005,3
535208200007875,87841526,2458632.9203159837,58632.415266199998,18.199791,0.0311025586,0,zr,253.72160310000001,11.1005021,1.01400006,-0.0260000005,20190529415266,535,0x8,0x2,21.2099991,26.1546097,0.0190602019,0.0942571312,3.87592945e-06,30,1.14999998,3
535208200007875,87841571,2458632.9207673855,58632.415717600001,18.2244549,0.0316046067,0,zr,253.7216215,11.1005012,1.30700004,-0.0599999987,20190529415706,535,0x8,0x2,21.2299995,26.1593132,0.0183961354,0.0944009647,3.57732097e-06,30,1.15100002,3
535208200007875,87841616,2458632.9212187873,58632.416168999996,18.2267303,0.0316514894,0,zr,253.72163080000001,11.100508,1.04299998,-0.0130000003,20190529416169,535,0x8,0x2,21.1399994,26.1595688,0.0194090027,0.0952338278,3.98076054e-06,30,1.15199995,3
535208200007875,87841662,2458632.9216701896,58632.416620399999,18.2252045,0.0316200443,0,zr,253.7216147,11.1005062,1.23000002,-0.0879999995,20190529416620,535,0x8,0x2,21.1399994,26.1540394,0.0202197172,0.0973894075,4.3004211e-06,30,1.153,3
535208200007875,87841707,2458632.9221215928,58632.417071800002,18.2110367,0.0313300975,0,zr,253.72160930000001,11.100494899999999,1.26199996,-0.128000006,20190529417072,535,0x8,0x2,21.1499996,26.1588631,0.0211004373,0.0971564054,4.70611076e-06,30,1.15499997,3
535208200007875,87841752,2458632.9225728936,58632.417523099997,18.2428589,0.0319865085,0,zr,253.72163040000001,11.1005144,0.623000026,0.0219999999,20190529417523,535,0x8,0x2,21.1700001,26.1537075,0.0196645446,0.0960965231,4.08587948e-06,30,1.15600002,3
535208200007875,87841797,2458632.9230242972,58632.4179745,18.1796188,0.030700149,0,zr,253.721619,11.100491,1.14699996,-0.075000003,20190529417975,535,0x8,0x2,21.1100006,26.1614265,0.0205055531,0.0954687297,4.44017451e-06,30,1.15699995,3
535208200007875,87841842,2458632.9234757,58632.418425900003,18.2430649,0.0319908261,0,zr,253.72163080000001,11.100478600000001,0.61500001,-0.0390000008,20190529418426,535,0x8,0x2,21.0799999,26.1539135,0.0199809875,0.097775884,4.158102e-06,30,1.15799999,3
535208200007875,87841887,2458632.9239270999,58632.418877299999,18.1217709,0.0295858234,0,zr,253.72163140000001,11.1005161,0.730000019,-0.0209999997,20190529418877,535,0x8,0x2,21.1100006,26.1555367,0.0210862439,0.0969270468,4.70238911e-06,30,1.15999997,3
535208200007875,87841932,2458632.9243785022,58632.419328700002,18.2217712,0.0315494463,0,zr,253.72161890000001,11.1005197,0.541000009,-0.0540000014,20190529419329,535,0x8,0x2,21.0400009,26.1596069,0.0198570769,0.0962646082,4.13180715e-06,30,1.16100001,3
535208200007875,87841978,2458632.9248299063,58632.419780099997,18.2048092,0.0312038176,0,zr,253.72159690000001,11.1004939,1.15799999,-0.0979999974,20190529419780,535,0x8,0x2,21.1100006,26.1606331,0.0206501503,0.0931975171,4.49319259e-06,30,1.16199994,3
535208200007875,88135861,2458635.8636709498,58635.358611099997,18.3230457,0.0337257497,0,zr,253.72162650000001,11.1004886,1.29700005,0.0489999987,20190601358576,535,0x8,0x2,21.7399998,26.1559772,0.0214657523,0.0949207693,4.81247889e-06,30,1.079,1
535208200007875,88431197,2458638.8170369961,58638.3119792,18.3216362,0.0336941034,0,zr,253.72163409999999,11.1005158,0.934000015,-0.0340000018,20190604311979,535,0x8,0x2,21.2999992,26.1524563,0.0189633649,0.0958296508,3.75111722e-06,30,1.08800006,1
535208200007875,88733312,2458641.8381681354,58641.333124999997,18.4956646,0.0379163437,0,zr,253.72163979999999,11.100502000000001,0.795000017,-0.0529999994,20190607333090,535,0x8,0x2,21.5699997,26.1844444,0.0196451489,0.0970773548,4.00731142e-06,30,1.07599998,1
535208200007875,89029594,2458644.8009655993,58644.2959491,18.3611488,0.0345966741,0,zr,253.72162059999999,11.100507800000001,0.418000013,-0.0260000005,20190610295914,535,0x8,0x2,20.9799995,26.1999493,0.0221931841,0.10049884,5.03366709e-06,30,1.08800006,1
535208200007875,89629285,2458650.7977848081,58650.2928588,18.1947708,0.0310017336,0,zr,253.7215951,11.100431499999999,0.736999989,-0.0649999976,20190616292431,535,0x8,0x2,19.8799992,26.2043686,0.0338220783,0.0963233039,1.19180695e-05,30,1.07799995,1
535208200007875,89922665,2458653.7315192758,58653.226655099999,18.3164864,0.0335787758,0,zr,253.72165620000001,11.1004737,0.907000005,-0.108999997,20190619226644,535,0x8,0x2,20.4799995,26.151104,0.0226559341,0.0858150423,5.29296403e-06,30,1.17400002,1
535208200007875,90930068,2458663.8052494973,58663.300682900001,18.3817215,0.0350792706,0,zr,253.72162950000001,11.1004965,1.10899997,-0.0869999975,20190629300648,535,0x8,0x2,21.2900009,26.1829147,0.0194990188,0.0971445069,3.90664127e-06,30,1.09399998,1
535208200007875,91225247,2458666.7569320109,58666.252476900001,18.4364338,0.0364061557,0,zr,253.7216325,11.100484,1.80900002,-0.133000001,20190702252477,535,0x8,0x2,21.3500004,26.2204285,0.0246564522,0.0958724469,6.22165817e-06,30,1.07700002,1
535208200007875,91532945,2458669.8337836144,58669.329455999999,18.2787876,0.032750465,0,zr,253.72163269999999,11.100501,1.37199998,-0.00200000009,20190705329456,535,0x8,0x2,21.1900005,26.1857567,0.0205191988,0.0984000489,4.44539637e-06,30,1.19500005,1
535208200007875,91821071,2458672.7149158134,58672.210717599999,18.2305527,0.0317304432,0,zr,253.72164599999999,11.1004816,0.646000028,-0.0189999994,20190708210718,535,0x8,0x2,21,26.1674614,0.019963868,0.103454672,4.19201206e-06,30,1.097,1
535208200007875,92123237,2458675.7364251083,58675.232372699997,18.1939049,0.0309843943,0,zr,253.72162560000001,11.1005003,0.693000019,-0.0199999996,20190711232373,535,0x8,0x2,20.7600002,26.193182,0.0224671531,0.0954213366,5.35928257e-06,30,1.07599998,1
535208200007875,92421187,2458678.7157739378,58678.211875000001,18.2976494,0.0331614055,0,zr,253.7216463,11.1004983,0.606999993,0.0689999983,20190714211875,535,0x8,0x2,20.5400009,26.2135696,0.0271055996,0.0935760438,7.71084797e-06,30,1.08000004,1
535208200007875,93017059,2458684.6741549461,58684.170590299997,18.4906044,0.0377842374,0,zr,253.72162729999999,11.1004796,0.661000013,-0.0529999994,20190720170579,535,0x8,0x2,21.0699997,26.2071838,0.0193927307,0.0928364545,4.03096919e-06,30,1.10800004,1
535208200007875,93719162,2458691.6947479113,58691.191620400001,18.3792496,0.0350208096,0,zr,253.7216191,11.100494100000001,0.561999977,0.00100000005,20190727191586,535,0x8,0x2,21.3899994,26.1404552,0.0192599278,0.0957383811,3.93761866e-06,30,1.07500005,1
535208200007875,94018890,2458694.6918284195,58694.188900499998,18.4200153,0.0360012315,0,zr,253.72163950000001,11.1004945,0.524999976,-0.0120000001,20190730188299,535,0x8,0x2,21.3199997,26.1782131,0.028624963,0.101540349,8.69003361e-06,30,1.07599998,1
535208200007875,94316754,2458697.6702688732,58697.167546299999,18.3265896,0.0338055193,0,zr,253.72162710000001,11.1004887,1.07099998,-0.061999999,20190802167546,535,0x8,0x2,21.3099995,26.1800327,0.0203446634,0.0985584334,4.35640368e-06,30,1.07700002,1
535208200007875,94617256,2458700.6750783073,58700.172569399998,18.1783466,0.0306750201,0,zr,253.7216281,11.1004872,1.01900005,-0.0979999974,20190805172569,535,0x8,0x2,21.2900009,26.1777496,0.0213727355,0.0943696052,4.83627264e-06,30,1.07599998,1
535208200007875,95017788,2458704.6800968908,58704.177881900003,18.4806023,0.0375248455,0,zr,253.72164140000001,11.1005216,1.14600003,-0.0829999968,20190809177847,535,0x8,0x2,20.2900009,26.2061996,0.0254426543,0.104506403,6.83650569e-06,30,1.08299994,1
535208200007875,95315428,2458707.6562729697,58707.154282399999,18.3513966,0.0343709476,0,zr,253.72163230000001,11.1005167,0.69599998,0.00899999961,20190812154259,535,0x8,0x2,20.3199997,26.1920815,0.026862314,0.100037061,7.58141368e-06,30,1.07599998,1
535208200007875,95729012,2458711.7917985423,58711.290127300002,18.3831177,0.0351123363,0,zr,253.721619,11.1005065,0.718999982,0.00100000005,20190816290127,535,0x8,0x2,20.0200005,26.1508446,0.027837513,0.0995282382,7.92081482e-06,30,1.71099997,1
535208200007875,97123614,2458725.7366957534,58725.236145800001,18.1437149,0.0300016981,0,zr,253.72160030000001,11.1004884,1.20599997,-0.0949999988,20190830236134,535,0x8,0x2,20.6900005,26.1194515,0.0214918833,0.100909196,4.84939528e-06,30,1.54299998,1
535208200007875,97420968,2458728.7099934253,58728.209687499999,18.3258305,0.0337884054,1,zr,253.72161259999999,11.100477700000001,0.620999992,-0.0260000005,20190902209687,535,0x8,0x2,20.9799995,26.0507145,0.0227540545,0.0951335803,5.35853815e-06,30,1.398,2
535208200007875,97921105,2458733.7109483103,58733.211053200001,18.3834896,0.0351211503,0,zr,253.7214989,11.100330599999999,0.643999994,-0.0649999976,20190907211053,535,0x8,0x2,19.5400009,26.1005268,0.0419909991,0.0999881402,1.88800732e-05,30,1.51400006,1
535208200007875,98220557,2458736.7057495546,58736.205578699999,18.3746109,0.0349114761,0,zr,253.72159310000001,11.1005038,0.349000007,0.00300000003,20190910205579,535,0x8,0x2,20.6599998,27.6267643,0.0184109136,0.0989360437,3.59803016e-06,120,1.53799999,2
535208200007875,98317069,2458737.6702657328,58737.170694400003,18.2752857,0.0326749086,0,zr,253.72164319999999,11.100482599999999,0.532999992,-0.0289999992,20190911170694,535,0x8,0x2,19.7900009,26.1440582,0.0310077388,0.0889187008,1.01788855e-05,30,1.31099999,1
535208200007875,99012031,2458744.6193230869,58744.120312500003,18.4927292,0.0378396511,0,zr,253.7216234,11.100487899999999,0.92900002,-0.0460000001,20190918120289,535,0x8,0x2,20.9099998,26.1513996,0.0224048123,0.0895969123,5.3208837e-06,30,1.17999995,1
535208200007875,99713436,2458751.632824339,58751.1343634,18.2703342,0.0325684883,0,zr,253.72161750000001,11.100512699999999,0.95599997,-0.00200000009,20190925134363,535,0x8,0x2,20.2900009,26.0848446,0.0284204818,0.10180562,8.49051139e-06,30,1.32099998,1
535208200007875,100710755,2458761.6052816212,58761.107557900003,18.2560024,0.0322631449,0,zr,253.72161929999999,11.10051,1.35899997,0.0549999997,20191005107558,535,0x8,0x2,20.5900002,26.137888,0.0265400019,0.0952947214,7.52809228e-06,30,1.324,1
535208200007875,101411751,2458768.614759258,58768.117511600001,18.2531815,0.0322035104,0,zr,253.72162549999999,11.100510099999999,0.69599998,-0.0489999987,20191012117512,535,0x8,0x2,19.9500008,26.1018372,0.0325656272,0.0943746865,1.14199811e-05,30,1.53199995,1
535208200007875,102309020,2458777.5869097081,58777.090208299996,18.4104729,0.0357685648,0,zr,253.72163029999999,11.1005722,0.649999976,0.0410000011,20191021090208,535,0x8,0x2,19.7199993,26.1222496,0.0327825285,0.0891371667,1.12413836e-05,30,1.50800002,1
535208200007875,102708886,2458781.5853496986,58781.088865700003,18.3583508,0.0345317125,0,zr,253.7216201,11.1006284,0.541000009,0.136999995,20191025088866,535,0x8,0x2,18.9500008,26.110714,0.0431312248,0.0978332758,2.19621925e-05,30,1.59800005,1
535208200007875,103208241,2458786.5786565752,58786.082418999998,18.2817936,0.0328154787,0,zr,253.7216579,11.1005281,0.597000003,-0.023,20191030082361,535,0x8,0x2,19.6200008,26.0651207,0.036006771,0.0977986008,1.37005391e-05,30,1.676,2
535208200007875,103208726,2458786.5835058386,58786.087268499999,18.2608757,0.0323665366,0,zr,253.72158039999999,11.100488500000001,0.713,0.0529999994,20191030087211,535,0x8,0x2,19.9300003,26.0590935,0.030879464,0.105976723,1.01333035e-05,30,1.73500001,2
535208200007875,103209211,2458786.5883552115,58786.092118100001,18.3170109,0.033590503,0,zr,253.72160020000001,11.1005392,0.541000009,0.0299999993,20191030092060,535,0x8,0x2,20.0699997,26.0471706,0.0291035473,0.102330439,8.95635731e-06,30,1.79999995,2
535208200007875,103311510,2458787.6112944111,58787.115104199998,18.239109,0.0319081955,0,zr,253.7213758,11.1003545,0.612999976,0.418000013,20191031115104,535,0x8,0x2,18.5100002,26.0319347,0.0457245857,0.103916824,3.34506403e-05,30,2.2750001,1
535208200007875,103408108,2458788.5772351925,58788.081087999999,18.2892151,0.0329767913,0,zr,253.72161560000001,11.100520100000001,0.321999997,-0.0359999985,20191101081076,535,0x8,0x2,19.1800003,26.0956917,0.040571332,0.0977948308,1.80640654e-05,30,1.72599995,2
535208200007875,103408584,2458788.5819918704,58788.085844900001,18.283226,0.0328465365,0,zr,253.72152829999999,11.100449100000001,0.685000002,0.0780000016,20191101085845,535,0x8,0x2,19.2800007,26.0796528,0.0387571007,0.102505542,1.63186396e-05,30,1.78900003,2
535208200007875,103409060,2458788.5867486647,58788.090601900003,18.1608772,0.0303327423,0,zr,253.7216167,11.100549900000001,1.04299998,-0.0170000009,20191101090602,535,0x8,0x2,19.6800003,26.0731182,0.0344714038,0.102480903,1.27866797e-05,30,1.85699999,2
535208200007875,103409535,2458788.5915053496,58788.095358799997,18.1636982,0.0303876624,0,zr,253.7216234,11.100527899999999,0.547999978,-0.0399999991,20191101095359,535,0x8,0x2,19.3899994,26.0638409,0.0390409082,0.101142511,1.63419245e-05,30,1.93299997,2
535208200007875,103607958,2458790.5756450123,58790.079583300001,18.2139206,0.0313888155,0,zr,253.72157569999999,11.100489400000001,0.859000027,0.0120000001,20191103079537,535,0x8,0x2,19.5400009,26.0766392,0.0378217995,0.100385673,1.51342301e-05,30,1.778,2
535208200007875,103608468,2458790.5807489976,58790.084687499999,18.2275333,0.0316680409,0,zr,253.72161080000001,11.1005126,0.38499999,0.0309999995,20191103084630,535,0x8,0x2,19.9099998,26.0622425,0.0337608084,0.0945974067,1.19695405e-05,30,1.85000002,2
535208200007875,103608976,2458790.5858297818,58790.089768500002,18.1946259,0.0309988391,0,zr,253.72161249999999,11.1005357,0.93599999,-0.0270000007,20191103089722,535,0x8,0x2,19.75,26.0562534,0.0405731425,0.096734561,1.74060133e-05,30,1.93099999,2
535208200007875,103609484,2458790.59091056,58790.094849499998,18.2425041,0.0319790989,0,zr,253.7215569,11.100493699999999,0.541000009,-0.061999999,20191103094792,535,0x8,0x2,19.6900005,26.0410976,0.034293931,0.102543324,1.2328047e-05,30,2.01999998,2
535208200007875,103808108,2458792.5770691158,58792.081087999999,18.4494171,0.0367305055,0,zr,253.72162410000001,11.100550399999999,0.648000002,0.0170000009,20191105081030,535,0x8,0x2,19.7800007,26.0288963,0.0328235105,0.0945374891,1.1316165e-05,30,1.87899995,2
535208200007875,103808591,2458792.5818953197,58792.085914399999,18.3536491,0.0344229229,0,zr,253.72161639999999,11.1005062,0.477999985,0.0109999999,20191105085856,535,0x8,0x2,20.1000004,26.0040607,0.0335555375,0.0997904539,1.1746466e-05,30,1.95799994,2
535208200007875,103809074,2458792.5867214249,58792.090740699998,18.4200802,0.0360028073,0,zr,253.72160170000001,11.1005,0.666000009,-0.0140000004,20191105090683,535,0x8,0x2,20.1000004,25.9694977,0.0302835405,0.0995978117,9.71969439e-06,30,2.04500008,2
535208200007875,103809556,2458792.5915476331,58792.095567099997,18.4273815,0.0361821689,0,zr,253.7216268,11.1005167,0.722000003,-0.0140000004,20191105095509,535,0x8,0x2,19.9099998,25.970871,0.0337469131,0.102978796,1.18858052e-05,30,2.14199996,2
535208200007875,104007787,2458794.5737761925,58794.077870399997,18.3039532,0.0333002992,0,zr,253.72156630000001,11.100517,0.361000001,0.023,20191107077812,535,0x8,0x2,19.2800007,26.0163174,0.0379863381,0.109329991,1.53429246e-05,30,1.91499996,2
535208200007875,104008288,2458794.5787875066,58794.082881900002,18.4314117,0.0362816714,0,zr,253.7216612,11.100460699999999,0.389999986,-0.0540000014,20191107082812,535,0x8,0x2,19.6000004,26.0128155,0.0363669246,0.102178961,1.39871363e-05,30,2,2
535208200007875,104008787,2458794.5837758193,58794.087870399999,18.3924789,0.0353351347,0,zr,253.72160109999999,11.1005372,0.832000017,-0.0930000022,20191107087813,535,0x8,0x2,19.7299995,25.9928417,0.0330450572,0.103666328,1.15241519e-05,30,2.09599996,2
535208200007875,104009285,2458794.5887640305,58794.092858800002,18.4159622,0.0359021723,0,zr,253.7216056,11.100503,0.651000023,0.0130000003,20191107092801,535,0x8,0x2,19.7900009,25.9673977,0.0336008593,0.102444172,1.18409207e-05,30,2.2019999,2
535208200007875,104207449,2458796.5703263497,58796.074490699997,18.277195,0.0327160768,0,zr,253.72162610000001,11.100482100000001,0.737999976,0.0350000001,20191109074491,535,0x8,0x2,19.1399994,26.0648975,0.0408277847,0.102602586,1.84563796e-05,30,1.949,2
535208200007875,104207931,2458796.5751525769,58796.079317099997,18.3207016,0.0336731337,0,zr,253.72156749999999,11.100461299999999,0.693000019,-0.0649999976,20191109079317,535,0x8,0x2,19.1800003,26.0554028,0.0416189507,0.0985195637,1.87747319e-05,30,2.03600001,2
535208200007875,104208414,2458796.5799788088,58796.084143499997,18.39328,0.0353542864,0,zr,253.72154900000001,11.100498399999999,0.693000019,0.0520000011,20191109084144,535,0x8,0x2,19.3700008,26.0420303,0.0395784751,0.100200407,1.63996865e-05,30,2.13199997,2
535208200007875,104208896,2458796.5848050416,58796.088969900004,18.324667,0.0337622091,0,zr,253.72160210000001,11.1004763,0.537999988,-0.00800000038,20191109088970,535,0x8,0x2,19.5,26.0294037,0.0370347574,0.0992916599,1.44557644e-05,30,2.23799992,2
535208200007875,104407359,2458798.5693701725,58798.0735995,18.2935696,0.0330719426,0,zr,253.72162030000001,11.100467999999999,0.595000029,-0.0839999989,20191111073600,535,0x8,0x2,18.9300003,26.0708065,0.0435119905,0.101039805,2.19538015e-05,30,2.0309999,2
535208200007875,104407865,2458798.5744279125,58798.078657400001,18.1515579,0.0301523656,0,zr,253.72166100000001,11.100503399999999,0.989000022,-0.128000006,20191111078657,535,0x8,0x2,19.2800007,26.0546265,0.0409732945,0.0997715369,1.81219275e-05,30,2.13100004,2
535208200007875,104408371,2458798.5794856437,58798.083715300003,18.1636963,0.0303876158,0,zr,253.72158580000001,11.1004658,0.523999989,-0.0680000037,20191111083715,535,0x8,0x2,19.3600006,26.0327473,0.0404632576,0.100134261,1.73033368e-05,30,2.24300003,2
535208200007875,104408876,2458798.5845317822,58798.088761600004,18.1950569,0.0310074668,0,zr,253.7216066,11.1004811,0.586000025,-0.0939999968,20191111088762,535,0x8,0x2,19.0699997,26.015089,0.0441017933,0.100362062,2.14599895e-05,30,2.36899996,2
535208200007875,104807119,2458802.566848929,58802.071192099997,18.3961372,0.0354227088,0,zr,253.72161130000001,11.1004866,0.492000014,-0.00100000005,20191115070822,535,0x8,0x2,19.6299992,26.0417557,0.0410146229,0.0993708819,1.80387469e-05,30,2.204,2
535208200007875,104807613,2458802.5717909969,58802.076134299998,18.3991795,0.0354957357,0,zr,253.72160439999999,11.1005176,0.633000016,-0.0149999997,20191115076076,535,0x8,0x2,19.8400002,26.0137081,0.036705073,0.104607888,1.40241227e-05,30,2.32500005,2
535208200007875,104808107,2458802.5767329624,58802.081076399998,18.4033394,0.0355959088,0,zr,253.72161489999999,11.100486399999999,0.806999981,-0.0460000001,20191115081007,535,0x8,0x2,20.3099995,26.0058327,0.0272827651,0.0988947526,7.88717261e-06,30,2.45900011,2
535208200007875,104808600,2458802.5816633306,58802.086006899997,18.3680534,0.0347576626,0,zr,253.7216238,11.100501899999999,0.54400003,-0.063000001,20191115085949,535,0x8,0x2,20.1499996,25.9835396,0.0323348232,0.0975107923,1.09296543e-05,30,2.61100006,2
535208200007875,109555831,2458850.054362576,58849.558310200002,18.3482018,0.034297429,32768,zr,253.72169629999999,11.100533199999999,0.635999978,0.0299999993,20200101558102,535,0x8,0x2,19.2900009,25.506937,0.0458949879,0.100736536,2.27978708e-05,30,2.75500011,2
535208200007875,109556325,2458850.0593048809,58849.563252300002,18.0481873,0.0282500908,32768,zr,253.72175799999999,11.100451899999999,1.12100005,-0.191,20200101563148,535,0x8,0x2,18.4500008,24.3918266,0.0956947729,0.0897029191,0.000181755575,30,2.58400011,2
535208200007875,109557313,2458850.06918961,58849.573136600004,18.365469,0.0346972831,0,zr,253.72168389999999,11.1004972,1.50899994,0.0469999984,20200101573032,535,0x8,0x2,20.0400009,26.0143986,0.0287722517,0.101613671,8.81034794e-06,30,2.3039999,2
535208200007875,109756105,2458852.0571915871,58851.561053199999,18.2548904,0.0322396085,0,zr,253.72169160000001,11.100518299999999,0.894999981,-0.00300000003,20200103561053,535,0x8,0x2,19.5799999,26.0804539,0.0395400412,0.0975005031,1.67117323e-05,30,2.48399997,2
535208200007875,109756578,2458852.0619255994,58851.565787,18.1926079,0.0309584383,32768,zr,253.7217105,11.1004833,1.12699997,0.0109999999,20200103565775,535,0x8,0x2,19.4300003,25.9981613,0.0449108891,0.0957905352,2.15817963e-05,30,2.352,2
535208200007875,109757052,2458852.0666596158,58851.5705208,18.1403904,0.0299381819,0,zr,253.72162760000001,11.100449599999999,0.779999971,0.0179999992,20200103570521,535,0x8,0x2,19.2199993,26.0319519,0.0464663133,0.100384749,2.39853161e-05,30,2.2349999,2
535208200007875,109757525,2458852.0713936347,58851.5752546,18.1156063,0.0294704754,32768,zr,253.7216908,11.1005833,0.308999985,0.00300000003,20200103575255,535,0x8,0x2,19,26.0721664,0.0667846128,0.101850644,5.09877573e-05,30,2.13100004,2
535208200007875,109956017,2458854.0564028439,58853.560173600003,18.3163357,0.033575397,0,zr,253.7216707,11.1004833,1.34599996,-0.0989999995,20200105560174,535,0x8,0x2,20.4099998,26.2135715,0.0238417424,0.100012757,6.07525544e-06,30,2.35599995,2
535208200007875,109956491,2458854.0611484726,58853.564918999997,18.3091755,0.033415962,0,zr,253.7216373,11.1004883,0.675999999,0.0130000003,20200105564919,535,0x8,0x2,20.4599991,26.2144527,0.0240417812,0.10509187,6.14628516e-06,30,2.23799992,2
535208200007875,109956967,2458854.0659055994,58853.569675899998,18.3418007,0.0341507606,0,zr,253.72167390000001,11.1005039,0.902999997,-0.0329999998,20200105569676,535,0x8,0x2,20.2600002,26.2301502,0.0240514688,0.104135215,6.11227279e-06,30,2.1329999,2
535208200007875,109957443,2458854.0706628277,58853.574432900001,18.2785492,0.0327453092,0,zr,253.72164910000001,11.1005026,0.547999978,0.064000003,20200105574433,535,0x8,0x2,19.9599991,26.2339096,0.0289141946,0.0992874205,8.80816242e-06,30,2.03800011,2
535208200007875,110156114,2458856.057470873,58855.561145799998,18.434763,0.0363646708,0,zr,253.72172990000001,11.100514499999999,1.00100005,-0.0379999988,20200107561134,535,0x8,0x2,20,26.2131271,0.0330805071,0.0987566262,1.16365127e-05,30,2.20000005,2
535208200007875,110156594,2458856.0622744192,58855.565949099997,18.4467678,0.0366640314,0,zr,253.72161740000001,11.100498200000001,1.05299997,0.0340000018,20200107565949,535,0x8,0x2,20.3400002,26.1962147,0.0311128106,0.103805296,1.02682425e-05,30,2.09699988,2
535208200007875,110157074,2458856.0670662592,58855.570740700001,18.458725,0.0369653217,0,zr,253.72162420000001,11.100497900000001,0.686999977,-0.00700000022,20200107570741,535,0x8,0x2,20.4099998,26.2262287,0.0225556195,0.101041935,5.3268318e-06,30,2.00600004,2
535208200007875,110157553,2458856.0718581993,58855.575532399998,18.3909893,0.0352995433,0,zr,253.72163259999999,11.100494599999999,0.777999997,-0.115999997,20200107575532,535,0x8,0x2,19.9899998,26.2315102,0.0306321476,0.0936834216,9.80738423e-06,30,1.92299998,2
535208200007875,110556533,2458860.0618666303,58859.565335599997,18.2620125,0.0323907286,0,zr,253.7216468,11.100531,0.505999982,0.0489999987,20200111565243,535,0x8,0x2,19.7999992,26.2369308,0.0297117289,0.0979996473,9.43539453e-06,30,1.91100001,2
535208200007875,110557030,2458860.066832202,58859.570300899999,18.2108917,0.0313271433,0,zr,253.72164359999999,11.1005162,0.760999978,-0.0480000004,20200111570197,535,0x8,0x2,19.7800007,26.234827,0.0312967151,0.100978151,1.04224e-05,30,1.83399999,2
535208200007875,110557526,2458860.0717977723,58859.575266200001,18.1784706,0.0306774694,0,zr,253.72166759999999,11.100512200000001,0.57099998,0.0170000009,20200111575162,535,0x8,0x2,19.4899998,26.2494373,0.0357434563,0.102730051,1.34119309e-05,30,1.76499999,2
535208200007875,110756857,2458862.0652173134,58861.568576400001,18.2317123,0.0317544602,0,zr,253.72162639999999,11.100440300000001,0.653999984,-0.0130000003,20200113568553,535,0x8,0x2,19.3400002,26.2269573,0.0400097482,0.100418344,1.72419641e-05,30,1.78199995,2
535208200007875,110757339,2458862.0700323889,58861.5733912,18.101696,0.0292125307,0,zr,253.72166229999999,11.100508700000001,0.652999997,0.0410000011,20200113573368,535,0x8,0x2,19.3799992,26.2319183,0.0374416001,0.10411042,1.50120131e-05,30,1.71899998,2
535208200007875,110757820,2458862.0748474668,58861.578205999998,18.1478081,0.0300801955,0,zr,253.72160740000001,11.1005181,0.952000022,-0.0500000007,20200113578183,535,0x8,0x2,19.3500004,26.2430611,0.0362729505,0.10344889,1.42217023e-05,30,1.66199994,2
535208200007875,112352015,2458878.0178117137,58877.5201505,18.4093647,0.0357416868,0,zr,253.72163850000001,11.100532899999999,0.825999975,-0.0560000017,20200129520150,535,0x8,0x2,20.6100006,26.2000961,0.0250356756,0.102295294,6.6698617e-06,30,1.84899998,1
535208200007875,113256077,2458887.0591083239,58886.560775500002,18.2719727,0.0326036625,0,zr,253.72162309999999,11.100511300000001,0.574999988,-0.00600000005,20200207560718,535,0x8,0x2,20.6800003,26.2910748,0.0212219711,0.0933790281,4.75290972e-06,30,1.278,1
535208200007875,114054175,2458895.0407237746,58894.541759300002,18.2548523,0.0322388001,0,zr,253.72165179999999,11.100495,0.94599998,0.0280000009,20200215541759,535,0x8,0x2,20.7999992,26.2658043,0.0196586959,0.0936222449,4.14991837e-06,30,1.26400006,1
535208200007875,114551678,2458900.0161535698,58899.516782400002,18.2499943,0.0321362875,0,zr,253.7216727,11.1005027,1.13800001,-0.0410000011,20200220516782,535,0x8,0x2,20.7900009,26.258791,0.022818163,0.0990375057,5.55318593e-06,30,1.32099998,1
535208200007875,115053631,2458905.0361072114,58904.536319400002,18.2674618,0.0325069912,0,zr,253.72162639999999,11.1004863,0.970000029,-0.00100000005,20200225536296,535,0x8,0x2,20.5699997,26.2633514,0.0270940363,0.10049849,7.85722114e-06,30,1.18099999,1
535208200007875,115450185,2458909.0019710581,58908.5018519,18.3698845,0.0348005183,0,zr,253.72165699999999,11.100502799999999,0.58099997,0.0219999999,20200229501840,535,0x8,0x2,21.1200008,26.2404976,0.0218971949,0.0959750116,5.08308722e-06,30,1.27199996,1
535208200007875,115750289,2458912.003263629,58911.502893500001,18.1632385,0.0303786993,0,zr,253.72163689999999,11.100574,0.809000015,-0.0140000004,20200303502882,535,0x8,0x2,19.8999996,26.2354221,0.0350031778,0.0987240523,1.29026921e-05,30,1.23199999,1
535208200007875,116053733,2458915.0379612842,58914.537338000002,18.316761,0.0335849077,0,zr,253.72165319999999,11.1004936,1.02199996,0.137999997,20200306537338,535,0x8,0x2,21.6900005,26.2586651,0.0228308048,0.0934057608,5.58261081e-06,30,1.11199999,1
535208200007875,118250519,2458937.0075734155,58936.505196799997,18.2377434,0.0318797305,0,zr,253.72163639999999,11.1005252,0.967999995,-0.0549999997,20200328505185,535,0x8,0x2,20.9099998,26.2311382,0.0222099312,0.0990471244,5.27538123e-06,30,1.08000004,1
535208200007875,118950016,2458944.0030419645,58943.500161999997,18.3846512,0.0351486951,0,zr,253.72163800000001,11.100510099999999,1.38999999,-0.104000002,20200404500162,535,0x8,0x2,21.1100006,26.2322273,0.0213334486,0.0964680091,4.87751367e-06,30,1.07500005,1
535208200007875,120248449,2458956.9881966282,58956.484490700001,18.3040123,0.033301618,32768,zr,253.72163359999999,11.100498699999999,1.028,-0.00300000003,20200417484491,535,0x8,0x2,20.2700005,25.5071182,0.089349024,0.0850301459,8.57913255e-05,30,1.08099997,1
535208200007875,121042045,2458964.9245791561,58964.420451400001,18.213726,0.0313848518,0,zr,253.72162370000001,11.100507800000001,1.26499999,-0.120999999,20200425420451,535,0x8,0x2,21.4099998,26.2450619,0.0200707782,0.0957266018,4.28367002e-06,30,1.08599997,1
535208200007875,121338124,2458967.8855168745,58967.381249999999,18.282568,0.0328322686,0,zr,253.7216555,11.100514799999999,0.772000015,0.00999999978,20200428381250,535,0x8,0x2,21.2900009,26.239851,0.0223368667,0.0921319947,5.26218082e-06,30,1.13499999,1
535208200007875,121641524,2458970.919641702,58970.415243099997,18.4411831,0.0365243778,0,zr,253.72165519999999,11.100507500000001,0.703999996,-0.00100000005,20200501415243,535,0x8,0x2,21.2199993,26.2906818,0.0188670084,0.100995407,3.78498248e-06,30,1.07799995,1
535208200007875,122533547,2458979.8401942155,58979.335474500003,18.190258,0.0309114959,0,zr,253.7216209,11.1004933,1.17200005,-0.0419999994,20200510335463,535,0x8,0x2,20.3199997,26.2496071,0.0257610437,0.0928646773,6.94766277e-06,30,1.16900003,1
535208200007875,123040018,2458984.9050416532,58984.4001852,18.2229424,0.0315734968,0,zr,253.7216439,11.1004969,0.843999982,0.0219999999,20200515400185,535,0x8,0x2,21.6000004,26.2723217,0.0196084268,0.0920892581,4.0995601e-06,30,1.07700002,1
535208200007875,123333841,2458987.8433344788,58987.338414400001,18.2872829,0.0329346918,0,zr,253.72163430000001,11.100507500000001,0.596000016,-0.0120000001,20200518338391,535,0x8,0x2,21.6800003,26.281992,0.0202097949,0.0935853943,4.37470226e-06,30,1.11199999,1
535208200007875,123727165,2458991.7766419249,58991.271655099998,18.4582844,0.0369541533,0,zr,253.7216344,11.1005038,1.31500006,-0.0390000008,20200522271481,535,0x8,0x2,21.2700005,26.2615051,0.0191500299,0.0955102965,3.83426232e-06,30,1.28999996,1
535208200007875,124127461,2458995.7796509853,58995.274618099997,18.2880974,0.0329524241,0,zr,253.72164129999999,11.100496,0.493000001,0.0140000004,20200526274618,535,0x8,0x2,21.4200001,26.2513733,0.0195396468,0.0948574916,4.04438515e-06,30,1.22800004,1
535208200007875,124632835,2459000.8334157853,59000.328356500002,18.3366756,0.0340339243,32768,zr,253.72163950000001,11.100512500000001,1.20799994,-0.0759999976,20200531328356,535,0x8,0x2,20.6599998,26.0579338,0.0279914942,0.0904251188,8.33192462e-06,30,1.08099997,1
535208200007875,124727553,2459001.7805926753,59001.275532400003,18.3973522,0.0354518443,0,zr,253.72163900000001,11.100513400000001,1.18599999,-0.100000001,20200601275521,535,0x8,0x2,20.8400002,26.2456856,0.0212550778,0.0935991555,4.70805207e-06,30,1.16799998,1
535208200007875,125129384,2459005.7988933814,59005.293842599996,18.3565426,0.0344898179,32768,zr,253.72163979999999,11.100541399999999,0.296000004,-0.0179999992,20200605293843,535,0x8,0x2,18.9300003,26.1560364,0.074271895,0.0733514726,6.29458809e-05,30,1.10399997,1
535208200007875,125731681,2459011.8218121617,59011.3168171,18.4039993,0.0356118456,0,zr,253.7216411,11.100520299999999,1.06599998,-0.0209999997,20200611316806,535,0x8,0x2,21.3700008,26.1825047,0.0207675453,0.0955944508,4.6237019e-06,30,1.07500005,1
535208200007875,126025540,2459014.7603550148,59014.255405099997,18.2630138,0.0324120522,0,zr,253.7216612,11.1005184,0.762000024,-0.0120000001,20200614255382,535,0x8,0x2,20.7900009,26.3205853,0.0215269439,0.100922436,4.93298603e-06,30,1.13,1
535208200007875,126327629,2459017.7811876521,59017.276296299999,18.2351856,0.0318265297,0,zr,253.7216353,11.100514499999999,1.171,-0.109999999,20200617276296,535,0x8,0x2,21.5300007,26.3154926,0.0212076046,0.0986036733,4.6972491e-06,30,1.08599997,1
535208200007875,126627467,2459020.7794970525,59020.2746759,18.2778854,0.0327309743,0,zr,253.72161399999999,11.100505200000001,1.27900004,-0.0240000002,20200620274676,535,0x8,0x2,21.2999992,26.2864475,0.0285475291,0.104306623,8.51530694e-06,30,1.08099997,1
535208200007875,126929743,2459023.8021689928,59023.297430600003,18.4605827,0.0370124131,0,zr,253.72164069999999,11.100500500000001,0.730000019,0.0149999997,20200623297431,535,0x8,0x2,21.5900002,26.3054104,0.0204388276,0.09588366,4.44046827e-06,30,1.079,1
535208200007875,127228987,2459026.7945175413,59026.289872699999,18.387104,0.0352069885,32768,zr,253.72162750000001,11.1005029,1.19700003,-0.0250000004,20200626289861,535,0x8,0x2,20.9200001,26.134758,0.0625406355,0.0952178016,4.11491383e-05,30,1.079,1
535208200007875,127824641,2459032.7508373815,59032.246412,18.1831856,0.0307707787,0,zr,253.72160830000001,11.100506299999999,0.963999987,-0.0890000015,20200702246400,535,0x8,0x2,20.4799995,26.2825298,0.0244476032,0.094453685,6.31419516e-06,30,1.07799995,1
535208200007875,128133172,2459035.8360194382,59035.3317245,18.3177528,0.0336070769,0,zr,253.72162990000001,11.100526800000001,0.675999999,-0.0729999989,20200705331725,535,0x8,0x2,19.8299999,26.2669106,0.031175863,0.0937668905,1.03276989e-05,30,1.21000004,1
535208200007875,128523371,2459039.7378296508,59039.233715299997,18.3439827,0.0342006609,0,zr,253.72162599999999,11.1005199,0.898999989,-0.0890000015,20200709233715,535,0x8,0x2,21.6499996,26.2864513,0.0186419208,0.0884213522,3.68153246e-06,30,1.07599998,1
535208200007875,128824884,2459042.7528057802,59042.248842599998,18.238266,0.031890627,0,zr,253.72162169999999,11.1005029,1.01400006,-0.0659999996,20200712248819,535,0x8,0x2,21.3700008,26.2719231,0.02086295,0.0956957713,4.56623184e-06,30,1.08099997,1
535208200007875,129424502,2459048.7486570841,59048.245023099997,18.4267559,0.0361667499,0,zr,253.72162969999999,11.1005073,0.772000015,0.0320000015,20200718245000,535,0x8,0x2,21.4799995,26.3245449,0.0192236397,0.0922217816,3.87297177e-06,30,1.09200001,1
535208200007875,130019046,2459054.6937357485,59054.190462999999,18.4377785,0.036439579,0,zr,253.7216296,11.1004898,1.64400005,-0.0930000022,20200724190463,535,0x8,0x2,21.6000004,26.3134689,0.0198949631,0.0918903872,4.13965108e-06,30,1.07700002,1
535208200007875,130333372,2459057.8367958479,59057.333726899997,18.2205067,0.0315234885,0,zr,253.72161500000001,11.1005339,1.046,-0.064000003,20200727333727,535,0x8,0x2,20.9099998,26.2322197,0.0231026895,0.100910738,5.58325473e-06,30,1.61000001,1
535208200007875,130918785,2459063.6905275281,59063.187858800004,18.3269787,0.0338142812,0,zr,253.7216225,11.1005094,1.16400003,-0.119000003,20200802187847,535,0x8,0x2,20.5900002,26.3244305,0.0228331871,0.0928683057,5.4774091e-06,30,1.079,1
535208200007875,131224248,2459066.7449384551,59066.242488399999,18.513443,0.0383851193,0,zr,253.72159049999999,11.1005059,0.795000017,-0.0579999983,20200805242488,535,0x8,0x2,20.4599991,26.2943401,0.0236827843,0.101036549,5.84235613e-06,30,1.19400001,1
535208200007875,131318692,2459067.6893025413,59067.186921300003,18.2494278,0.0321243703,0,zr,253.72163599999999,11.100493699999999,1.54200006,-0.00100000005,20200806186921,535,0x8,0x2,21.1900005,26.3257351,0.0189413074,0.096399948,3.81300993e-06,30,1.08599997,3
535208200007875,131619427,2459070.6964291749,59070.194270799999,18.274519,0.0326584056,0,zr,253.7216215,11.1005152,1.00300002,-0.118000001,20200809194271,535,0x8,0x2,21.3600006,26.3275223,0.0212450288,0.0960551724,4.75240086e-06,30,1.10399997,3
535208200007875,131817403,2459072.6760482294,59072.174039400001,18.1965942,0.0310383141,0,zr,253.72160270000001,11.100476799999999,0.787999988,-0.0489999987,20200811173762,535,0x8,0x2,20.9899998,26.2988548,0.0215996206,0.0994165018,4.91444598e-06,30,1.08599997,1
535208200007875,131818885,2459072.6908618975,59072.188854200002,18.182148,0.0307501946,0,zr,253.72162159999999,11.100520899999999,1.079,-0.0590000004,20200811188854,535,0x8,0x2,21.1000004,26.3023987,0.0238099582,0.101096816,6.02303635e-06,30,1.10399997,3
535208200007875,131919871,2459073.7006458933,59073.198715300001,18.2947311,0.0330973715,0,zr,253.72161560000001,11.100502499999999,0.68900001,0.0160000008,20200812198715,535,0x8,0x2,21.0300007,26.3188362,0.0199598856,0.103812054,4.1363005e-06,30,1.12699997,3
535208200007875,132121359,2459075.7153747315,59075.213599499999,18.2704887,0.032571815,0,zr,253.7216258,11.1005071,0.799000025,-0.0329999998,20200814213600,535,0x8,0x2,20.9799995,26.1726437,0.0201914068,0.100202598,4.2539159e-06,30,1.17999995,1
535208200007875,132314766,2459077.6492863623,59077.147662000003,18.2549534,0.0322409421,0,zr,253.7216148,11.1005105,0.421000004,-0.0439999998,20200816147662,535,0x8,0x2,20.8099995,26.2186317,0.0269477088,0.0974959582,7.60109015e-06,30,1.07799995,3
535208200007875,132418708,2459078.6886258945,59078.187083299999,18.3887062,0.0352451168,0,zr,253.72160310000001,11.1005048,1.54400003,-0.0710000023,20200817187083,535,0x8,0x2,21.2700005,26.2416477,0.0243468918,0.0945933238,6.15562203e-06,30,1.13100004,1
535208200007875,132618775,2459080.6891386537,59080.187754600003,18.2629147,0.0324099176,0,zr,253.7215989,11.1005082,1.22099996,-0.0520000011,20200819187755,535,0x8,0x2,20.8999996,26.0796318,0.0228500012,0.096306622,5.39428811e-06,30,1.14600003,3
535208200007875,132817107,2459082.672301928,59082.171076400002,18.2414074,0.0319561735,0,zr,253.72161410000001,11.1004782,1.32799995,-0.145999998,20200821171076,535,0x8,0x2,20.8799992,26.0762539,0.0236808583,0.103876598,5.83823839e-06,30,1.12100005,3
535208200007875,133217153,2459086.6724417862,59086.171539399998,18.4486618,0.0367115214,0,zr,253.7216,11.100499900000001,0.550999999,0.0590000004,20200825171539,535,0x8,0x2,20.7299995,26.2236328,0.0236658212,0.0969960615,5.84489135e-06,30,1.14600003,3
535208200007875,133315256,2459087.6533920066,59087.152569400001,18.2110577,0.0313305371,0,zr,253.7216292,11.100493699999999,0.419,-0.0140000004,20200826152465,535,0x8,0x2,20.2700005,26.2005787,0.0258925911,0.100170903,7.01239514e-06,30,1.11199999,3
535208200007875,133418641,2459088.6871503126,59088.186412000003,18.375309,0.0349279083,0,zr,253.72158279999999,11.100449299999999,0.634000003,-0.0130000003,20200827186412,535,0x8,0x2,19.8700008,26.14221,0.0362604298,0.095507808,1.37703892e-05,30,1.20799994,3
535208200007875,133521163,2459089.7122864639,59089.211631899998,18.1822624,0.0307524595,0,zr,253.7216162,11.100488500000001,0.333999991,0.0140000004,20200828211632,535,0x8,0x2,19.4799995,26.1403122,0.0375539474,0.109720245,1.59562351e-05,30,1.33700001,3
535208200007875,133919060,2459093.6909304224,59093.190601900002,18.400547,0.03552863,0,zr,253.72159579999999,11.1004609,1.01499999,-0.0480000004,20200901190602,535,0x8,0x2,20,26.2685623,0.0323565938,0.100638151,1.11782347e-05,30,1.28299999,3
535208200007875,134028966,2459094.7899025767,59094.289664399999,18.238905,0.0319039449,0,zr,253.72161310000001,11.1005045,0.720000029,-0.061999999,20200902289653,535,0x8,0x2,19.0900002,25.838974,0.0426678471,0.120026477,2.10284597e-05,30,2.73699999,3
535208200007875,134113142,2459095.6315927883,59095.131423600003,18.2429237,0.0319878794,0,zr,253.721632,11.1004922,0.694000006,-0.0729999989,20200903131424,535,0x8,0x2,20.3999996,26.2638416,0.0257093981,0.100285292,7.12688507e-06,30,1.11300004,3
535208200007875,134113236,2459095.6325302105,59095.132361099997,18.2148895,0.0314085819,0,zr,253.7216311,11.1005061,0.763999999,-0.0860000029,20200903132361,535,0x8,0x2,20.4699993,26.2557945,0.0242320336,0.1006473,6.33666104e-06,30,1.11500001,1
535208200007875,134415472,2459098.6546431691,59098.154722200001,18.3124847,0.0334895253,0,zr,253.7216033,11.100488500000001,1.06200004,0.0359999985,20200906154722,535,0x8,0x2,21.1200008,26.2662735,0.0205502138,0.0970065817,4.53105304e-06,30,1.19200003,3
535208200007875,134513057,2459099.630419672,59099.130578700002,18.3812466,0.0350680128,0,zr,253.72162589999999,11.1004848,1.24300003,-0.107000001,20200907130579,535,0x8,0x2,20.7600002,26.1577797,0.0242740437,0.103734367,6.27970667e-06,30,1.13300002,3
535208200007875,134514195,2459099.6417960315,59099.141955999999,18.4012718,0.0355460793,0,zr,253.72160539999999,11.100484,0.973999977,0.0199999996,20200907141956,535,0x8,0x2,20.8400002,26.1749954,0.0237980373,0.105321296,6.04929301e-06,30,1.16199994,1
535208200007875,135220675,2459106.7060239254,59106.206759300003,18.4855003,0.0376515985,32768,zr,253.7215625,11.1005819,0.596000016,-0.00200000009,20200914206759,535,0x8,0x2,19.4699993,25.3978195,0.0413699299,0.121857129,1.88669637e-05,30,1.68499994,1
535208200007875,135516365,2459109.6626846245,59109.1636574,18.3360443,0.0340195522,0,zr,253.72162460000001,11.100491399999999,0.791000009,0.0379999988,20200917163646,535,0x8,0x2,20.0300007,25.9659081,0.0364008471,0.110504128,1.43086181e-05,30,1.37800002,1
535208200007875,135912807,2459113.626792328,59113.1280787,18.260334,0.0323550291,0,zr,253.72163269999999,11.1005059,0.941999972,0.0170000009,20200921128079,535,0x8,0x2,21.0100002,26.175127,0.0204008762,0.0944216475,4.49509298e-06,30,1.24699998,1
535208200007875,138113240,2459135.6295417864,59135.1324074,18.2402534,0.0319320746,0,zr,253.72158379999999,11.1004947,0.648999989,-0.0430000015,20201013132407,535,0x8,0x2,20.6499996,26.1825447,0.0246524736,0.0975534916,6.4177475e-06,30,1.74699998,1
535208200007875,138309158,2459137.5885973242,59137.091585599999,18.2898216,0.0329900272,0,zr,253.72160719999999,11.1004839,0.639999986,-0.0689999983,20201015091586,535,0x8,0x2,20.3600006,26.2405109,0.0284740552,0.0968132541,8.49393655e-06,30,1.40799999,1
535208200007875,138509951,2459139.59640363,59139.099513900001,18.4237862,0.0360937044,0,zr,253.721588,11.1005152,0.400999993,0.0170000009,20201017099502,535,0x8,0x2,20.4899998,26.1923561,0.0253975932,0.101666711,6.83159942e-06,30,1.51300001,1
535208200007875,139109817,2459145.5947209466,59145.0981713,18.2672653,0.0325027853,0,zr,253.72163080000001,11.100523799999999,1.097,-0.127000004,20201023098171,535,0x8,0x2,20.9099998,26.2485905,0.0242634099,0.0947572514,6.30537397e-06,30,1.65799999,1
535208200007875,139608069,2459150.5769913457,59150.0806944,18.2049637,0.0312069543,0,zr,253.7216061,11.1004871,0.646000028,0.0299999993,20201028080694,535,0x8,0x2,19.3099995,26.270359,0.0381741636,0.105091393,1.55943289e-05,30,1.61600006,2
535208200007875,139608538,2459150.5816786224,59150.085381899997,18.2472305,0.032078173,0,zr,253.72167160000001,11.1005436,0.898000002,-0.00999999978,20201028085382,535,0x8,0x2,19.7399998,26.2667236,0.0332906842,0.0982419848,1.18046528e-05,30,1.66799998,2
535208200007875,139609008,2459150.5863774866,59150.090081000002,18.2502403,0.032141462,0,zr,253.72159880000001,11.100505800000001,0.555999994,0.0529999994,20201028090081,535,0x8,0x2,19.8600006,26.2457466,0.0307283346,0.101840109,1.00323632e-05,30,1.72399998,2
535208200007875,139609478,2459150.5910763568,59150.0947801,18.2179737,0.0314715989,0,zr,253.7216019,11.1005024,0.638999999,0.0250000004,20201028094769,535,0x8,0x2,19.7800007,26.2334633,0.0346997939,0.101350933,1.28781057e-05,30,1.78600001,2
535208200007875,139609946,2459150.5957636302,59150.099467599997,18.2126007,0.0313619263,0,zr,253.7216329,11.100529,0.541999996,0.0250000004,20201028099468,535,0x8,0x2,19.8400002,26.2300758,0.0311110318,0.102397144,1.03745215e-05,30,1.85300004,2
535208200007875,139808135,2459152.5775577277,59152.081354200003,18.3104324,0.0334438644,0,zr,253.7216028,11.100543800000001,0.156000003,-0.00400000019,20201030081354,535,0x8,0x2,19.7199993,26.2719841,0.0335878991,0.104289405,1.21959965e-05,30,1.68499994,2
535208200007875,139808605,2459152.5822565043,59152.086053200001,18.2384262,0.0318939574,0,zr,253.7215611,11.1004893,0.861999989,-0.0850000009,20201030086053,535,0x8,0x2,19.8999996,26.2709999,0.0319173373,0.0944099277,1.08351242e-05,30,1.74300003,2
535208200007875,139809075,2459152.5869553881,59152.090752299999,18.1483955,0.0300914887,0,zr,253.72159909999999,11.1005073,0.873000026,-0.0850000009,20201030090752,535,0x8,0x2,19.9699993,26.2519512,0.0308634918,0.101700529,1.01354253e-05,30,1.80599999,2
535208200007875,139809545,2459152.59165427,59152.095451399997,18.2377739,0.0318803713,0,zr,253.7216114,11.100504900000001,0.837000012,-0.0560000017,20201030095451,535,0x8,0x2,19.9799995,26.2474098,0.0309817642,0.0955001637,1.01831229e-05,30,1.875,2
535208200007875,139810015,2459152.5963531528,59152.100150500002,18.2465172,0.0320631824,0,zr,253.72162119999999,11.1005395,0.433999985,-0.0240000002,20201030100150,535,0x8,0x2,20,26.2341766,0.0308281649,0.0959662497,1.00984771e-05,30,1.95200002,2
535208200007875,140008446,2459154.5805823798,59154.084467599998,18.2709789,0.032582324,32768,zr,253.7215119,11.100619399999999,1.051,0.103,20201101084468,535,0x8,0x2,18.8500004,26.1544895,0.0496612787,0.0923772529,2.96545859e-05,30,1.79400003,2
535208200007875,140207903,2459156.575070695,59156.0790394,18.3613033,0.0346002728,0,zr,253.7216051,11.1005108,0.765999973,-0.0860000029,20201103079039,535,0x8,0x2,20.2299995,26.2367592,0.027297128,0.0993736163,7.90956619e-06,30,1.79499996,2
535208200007875,140208376,2459156.5797926984,59156.083761599999,18.3300972,0.0338847041,0,zr,253.7216051,11.1005232,1.05799997,-0.0480000004,20201103083750,535,0x8,0x2,20.5200005,26.2356396,0.0231443234,0.0975010693,5.66420158e-06,30,1.86300004,2
535208200007875,140208846,2459156.5844915006,59156.088460600004,18.3877659,0.0352227278,0,zr,253.72160059999999,11.100492900000001,1.528,-0.114,20201103088449,535,0x8,0x2,20.5799999,26.2173653,0.0235540941,0.0939863324,5.9419217e-06,30,1.93900001,2
535208200007875,140209315,2459156.5891904067,59156.093159700002,18.3777809,0.0349861421,0,zr,253.72161080000001,11.1005343,1.44500005,-0.0419999994,20201103093160,535,0x8,0x2,20.3400002,26.2134247,0.0298628621,0.0948554054,9.55086398e-06,30,2.02200007,2
535208200007875,140209787,2459156.5939009069,59156.097870400001,18.3833542,0.0351179317,0,zr,253.72159120000001,11.100485900000001,0.846000016,-0.0869999975,20201103097870,535,0x8,0x2,20.2700005,26.2090702,0.0290532932,0.095916979,8.86006728e-06,30,2.11299992,2
535208200007875,140407793,2459158.5738924039,59158.077939800001,18.2357025,0.0318372585,0,zr,253.72157369999999,11.100495199999999,0.819000006,-0.150000006,20201105077940,535,0x8,0x2,19.5200005,26.2429943,0.0393938087,0.0998811722,1.64699104e-05,30,1.85800004,2
535208200007875,140408266,2459158.5786144175,59158.082662000001,18.2371597,0.0318675898,0,zr,253.721564,11.1004755,0.998000026,0.0109999999,20201105082662,535,0x8,0x2,19.8099995,26.2215233,0.0391190425,0.100357704,1.61920798e-05,30,1.93299997,2
535208200007875,140408737,2459158.5833249395,59158.0873727,18.2916031,0.0330289155,0,zr,253.7216215,11.1005684,0.731999993,-0.0309999995,20201105087373,535,0x8,0x2,19.6100006,26.207058,0.0423838533,0.104195535,1.8930994e-05,30,2.0150001,2
535208200007875,140409209,2459158.5880469489,59158.092094899999,18.3351917,0.0340001881,0,zr,253.7214998,11.100598700000001,0.972000003,0.00400000019,20201105092095,535,0x8,0x2,19.6499996,26.2016811,0.0445851237,0.102125891,2.07272042e-05,30,2.10700011,2
535208200007875,140409680,2459158.5927574751,59158.096805599998,18.300005,0.0332132205,32768,zr,253.72166050000001,11.1006626,0.911000013,0.0979999974,20201105096806,535,0x8,0x2,19.2800007,26.1976643,0.0595879368,0.096727103,3.84167688e-05,30,2.20799994,2
535208200007875,141007877,2459164.5745204841,59164.078773100002,18.4691277,0.0372300297,0,zr,253.72156380000001,11.100538200000001,0.689999998,0.209000006,20201111078762,535,0x8,0x2,19.1499996,26.2197285,0.0470660143,0.106065266,2.48275264e-05,30,2.17199993,2
535208200007875,141008347,2459164.5792194381,59164.0834722,18.5322018,0.0388876833,0,zr,253.7213792,11.100754500000001,0.861000001,0.280000001,20201111083472,535,0x8,0x2,19.2000008,26.2008629,0.0434469543,0.10121201,2.07162411e-05,30,2.27999997,2
535208200007875,141008818,2459164.58392999,59164.088182899999,18.3741989,0.0349017717,0,zr,253.72161159999999,11.1005231,0.746999979,-0.0299999993,20201111088183,535,0x8,0x2,19.4699993,26.1898136,0.0432798341,0.106352955,2.02858155e-05,30,2.40199995,2
535208200007875,141009288,2459164.588628842,59164.092881899996,18.2628307,0.0324081406,0,zr,253.72164100000001,11.100490199999999,0.887000024,0.119999997,20201111092882,535,0x8,0x2,18.7999992,26.1734066,0.0515209995,0.110236555,3.41390951e-05,30,2.53900003,2
535208200007875,146256265,2459217.0587775325,59216.562650499996,17.9652233,0.0268475097,32768,zr,253.72167899999999,11.1006161,0.717000008,-0.0189999994,20210102562639,535,0x8,0x2,17.8600006,25.1164455,0.0500813015,0.0956767201,7.63183634e-05,30,2.45300007,1
535208200007875,146256509,2459217.0612197444,59216.565092600002,18.1379089,0.0298908725,32768,zr,253.72152750000001,11.1005301,0.676999986,-0.0149999997,20210102565081,535,0x8,0x2,18.1200008,25.4062214,0.0527302921,0.110638104,5.96237587e-05,30,2.38400006,1
535208200007875,146356229,2459218.0584631823,59217.5622917,18.0685406,0.0286106933,32768,zr,253.72163370000001,11.1008137,0.839999974,0.81400001,20210103562292,535,0x8,0x2,17.9500008,25.3356113,0.0989006162,0.0910662934,0.000287822535,30,2.38599992,1
535208200007875,146356475,2459218.0609284816,59217.564756899999,18.2712002,0.0325870812,32768,zr,253.72163399999999,11.1005375,0.961000025,-0.153999999,20210103564745,535,0x8,0x2,18.6299992,25.3504028,0.0773239881,0.09266866,8.82671447e-05,30,2.32200003,1
535208200007875,146356721,2459218.0633822926,59217.567210599998,18.5572357,0.0395712629,0,zr,253.72164799999999,11.100504900000001,0.449999988,-0.0680000037,20210103567211,535,0x8,0x2,19.6000004,25.9455776,0.0388887636,0.0960510746,1.58739185e-05,30,2.26099992,1
535208200007875,146356966,2459218.065836207,59217.569664399998,18.5133038,0.0383814201,0,zr,253.72163509999999,11.1005147,0.48300001,-0.063000001,20210103569664,535,0x8,0x2,19.5100002,25.9746017,0.0409959145,0.102981545,1.80226216e-05,30,2.204,1
535208200007875,146456035,2459219.0565758748,59218.560358800001,18.1974411,0.0310553089,0,zr,253.72163689999999,11.100531800000001,1.33800006,-0.075000003,20210104560359,535,0x8,0x2,20.3600006,26.2173138,0.0244702119,0.101719677,6.36236837e-06,30,2.36500001,1
535208200007875,146456281,2459219.0590296909,59218.5628125,18.1904602,0.0309155136,0,zr,253.7216482,11.1005368,0.731999993,-0.00600000005,20210104562801,535,0x8,0x2,20.25,26.2363453,0.0282481108,0.0956640393,8.48987474e-06,30,2.30200005,1
535208200007875,146456526,2459219.0614835052,59218.565266199999,18.2259178,0.0316347294,0,zr,253.7216607,11.100504600000001,0.65200001,-0.0520000011,20210104565266,535,0x8,0x2,20.2299995,26.2398033,0.0283983983,0.0942262188,8.60245655e-06,30,2.24300003,1
535208200007875,146456771,2459219.063937325,59218.567719899998,18.2085762,0.0312801227,0,zr,253.72163399999999,11.100547300000001,0.833000004,-0.0549999997,20210104567720,535,0x8,0x2,20.2399998,26.2384491,0.0256207902,0.0969973132,7.00868804e-06,30,2.18600011,1
535208200007875,146457017,2459219.0663911416,59218.570173599997,18.3191528,0.0336384028,0,zr,253.7216051,11.100529699999999,0.40200001,-0.0399999991,20210104570174,535,0x8,0x2,20.1000004,26.239109,0.0286814626,0.10066884,8.76566628e-06,30,2.1329999,1
535208200007875,146557021,2459220.0664843852,59219.570219900001,18.5121918,0.0383518822,0,zr,253.72161629999999,11.1005167,0.850000024,-0.0520000011,20210105570208,535,0x8,0x2,20.0300007,26.2480946,0.028231889,0.105230831,8.4201738e-06,30,2.0769999,1
535208200007875,146557260,2459220.0688687963,59219.572604200002,18.3489704,0.0343151018,0,zr,253.72170349999999,11.1005109,0.809000015,-0.0480000004,20210105572569,535,0x8,0x2,19.6499996,26.2487717,0.0336758085,0.103718594,1.20560408e-05,30,2.0309999,1
535208200007875,146557497,2459220.0712416163,59219.574976900003,18.3521709,0.0343888104,0,zr,253.72157960000001,11.1004761,0.976999998,-0.050999999,20210105574942,535,0x8,0x2,19.5799999,26.2579689,0.0350767896,0.100107804,1.31920633e-05,30,1.98800004,1
535208200007875,146557737,2459220.0736375302,59219.577372699998,18.2752056,0.0326731913,0,zr,253.7217062,11.1005498,0.878000021,-0.0500000007,20210105577338,535,0x8,0x2,19.4799995,26.2659168,0.0365985371,0.097708568,1.43526449e-05,30,1.94599998,1
535208200007875,146757005,2459222.0664199102,59221.570057899997,18.1354351,0.0298438296,32768,zr,253.72155889999999,11.100467,0.30399999,-0.0700000003,20210107570046,535,0x8,0x2,18.7099991,24.7758961,0.0711011663,0.0891989246,8.0663558e-05,30,1.97800004,1
535208200007875,146757247,2459222.0688390322,59221.572476900001,18.2446423,0.0320238508,32768,zr,253.72162929999999,11.1005059,0.510999978,-0.074000001,20210107572396,535,0x8,0x2,19.9899998,25.8181934,0.039028503,0.0910582766,1.6083688e-05,30,1.93599999,1
535208200007875,146757488,2459222.071246556,59221.574884299996,18.2773132,0.0327186249,0,zr,253.72161790000001,11.100519800000001,0.680999994,-0.0439999998,20210107574815,535,0x8,0x2,20.2199993,26.1388779,0.0265283957,0.0879215747,7.55092788e-06,30,1.89699996,1
535208200007875,146757730,2459222.0736655802,59221.5773032,18.2526207,0.0321916565,0,zr,253.72161729999999,11.1005345,1.528,-0.172000006,20210107577234,535,0x8,0x2,19.9599991,26.2071438,0.032021448,0.093422249,1.09103357e-05,30,1.86000001,1
535208200007875,146857499,2459223.0714128292,59222.574999999997,18.3483429,0.0343006849,32768,zr,253.72162779999999,11.1004934,0.845000029,-0.0219999999,20210108575000,535,0x8,0x2,19.3099995,25.345314,0.050449349,0.0973583311,2.84848811e-05,30,1.85300004,1
535208200007875,146956064,2459224.057111911,59223.5606481,18.2635384,0.0324232318,0,zr,253.72164240000001,11.100511900000001,0.670000017,-0.063000001,20210109560648,535,0x8,0x2,20.2299995,26.2464085,0.0271543413,0.102726839,7.95293636e-06,30,2.05100012,1
535208200007875,146956298,2459224.0594500392,59223.562986099998,18.2292938,0.0317044072,0,zr,253.7215803,11.1005143,0.671999991,0.00499999989,20210109562986,535,0x8,0x2,19.9799995,26.2521381,0.0305783674,0.0979113728,1.00326297e-05,30,2.00699997,1
535208200007875,146956533,2459224.0617996589,59223.565335599997,18.2688408,0.0325365067,0,zr,253.72169260000001,11.1005213,1.44500005,-0.0729999989,20210109565336,535,0x8,0x2,20.2199993,26.258707,0.0253795367,0.0985039845,6.93073207e-06,30,1.96500003,1
535208200007875,146956766,2459224.0641261833,59223.567662000001,18.2543812,0.0322288461,0,zr,253.72167400000001,11.1005085,0.728999972,0.0390000008,20210109567662,535,0x8,0x2,20.3999996,26.258255,0.0233754609,0.101233177,5.88425428e-06,30,1.926,1
535208200007875,146956999,2459224.0664643086,59223.57,18.243,0.0319894776,0,zr,253.72166229999999,11.1005041,0.675999999,-0.00200000009,20210109570000,535,0x8,0x2,20.3700008,26.2668438,0.0247217119,0.0936663076,6.51161417e-06,30,1.88800001,1
535208200007875,147057101,2459225.0675357757,59224.571018499999,18.4234066,0.0360843986,0,zr,253.7215764,11.1005454,0.477999985,0.00800000038,20210110571007,535,0x8,0x2,19.7199993,26.2637825,0.0326360241,0.0944123268,1.13961205e-05,30,1.83099997,1
535208200007875,147057342,2459225.0699433028,59224.573425900002,18.455883,0.0368934236,0,zr,253.72168429999999,11.1005857,0.583999991,-0.0179999992,20210110573414,535,0x8,0x2,19.6200008,26.2652493,0.0382247418,0.0974387452,1.5885118e-05,30,1.79700005,1
535208200007875,147057584,2459225.0723624369,59224.575844899999,18.416811,0.0359228849,0,zr,253.7216469,11.1005857,1.22099996,0.00600000005,20210110575833,535,0x8,0x2,19.4599991,26.2701569,0.0384114906,0.102517977,1.59274332e-05,30,1.76400006,1
535208200007875,147057825,2459225.0747699654,59224.578252300002,18.2716141,0.0325959586,0,zr,253.72159400000001,11.1004738,0.531000018,-0.00600000005,20210110578252,535,0x8,0x2,19.2600002,26.2738895,0.0403458551,0.099114649,1.7806964e-05,30,1.73300004,1
535208200007875,147257151,2459227.0681427335,59226.571516199998,18.2410851,0.031949427,0,zr,253.72161299999999,11.100520599999999,0.615999997,0.0109999999,20210112571516,535,0x8,0x2,20.1499996,26.240591,0.0261452347,0.099029474,7.42082966e-06,30,1.74899995,1
535208200007875,147257390,2459227.0705271652,59226.5739005,18.1690369,0.0304919444,32768,zr,253.7216593,11.100505500000001,0.959999979,-0.0590000004,20210112573889,535,0x8,0x2,19.8799992,26.1184902,0.0341107883,0.0985463485,1.22008087e-05,30,1.71899998,1
535208200007875,147257628,2459227.072911507,59226.576284700001,18.3642311,0.0346684307,32768,zr,253.72156749999999,11.1005257,0.605000019,-0.174999997,20210112576273,535,0x8,0x2,18.5699997,25.5398178,0.0616584755,0.0932070762,5.61773668e-05,30,1.69000006,1
535208200007875,147257865,2459227.0752843395,59226.578657400001,18.4462166,0.0366501957,32768,zr,253.72161829999999,11.100545800000001,0.841000021,0.0540000014,20210112578657,535,0x8,0x2,18.8799992,25.9218216,0.0507512838,0.101894222,3.04730202e-05,30,1.66199994,1
535208200007875,147356949,2459228.0661734054,59227.5694907,18.4835491,0.0376010388,0,zr,253.72164369999999,11.100512500000001,0.56400001,-0.0799999982,20210113569479,535,0x8,0x2,20.7800007,26.2065449,0.0219428577,0.0934471861,5.13935447e-06,30,1.74000001,1
535208200007875,147357194,2459228.0686272485,59227.571944399999,18.5304489,0.0388403572,0,zr,253.72161310000001,11.1004998,0.518999994,-0.0379999988,20210113571933,535,0x8,0x2,20.3400002,26.213438,0.0242378097,0.0949255526,6.19991397e-06,30,1.70899999,1
535208200007875,147357438,2459228.0710695889,59227.574386599998,18.4379044,0.0364426896,0,zr,253.72164720000001,11.100526199999999,0.504999995,-0.00400000019,20210113574387,535,0x8,0x2,20.4099998,26.2278461,0.0232208297,0.0953390449,5.72859244e-06,30,1.67999995,1
535208200007875,147357684,2459228.0735234297,59227.576840299997,18.4325619,0.0363101363,0,zr,253.72164140000001,11.100499900000001,0.879000008,-0.050999999,20210113576840,535,0x8,0x2,20.1900005,26.2235012,0.0248121247,0.0915528834,6.54599762e-06,30,1.65199995,1
535208200007875,147357929,2459228.0759772779,59227.579294000003,18.521471,0.0385991856,0,zr,253.7216209,11.100599000000001,0.808000028,-0.0839999989,20210113579282,535,0x8,0x2,19.1399994,26.2294445,0.0406884104,0.102508835,1.83251668e-05,30,1.625,1
535208200007875,149454041,2459249.0384994866,59248.540416700002,18.2192993,0.0314987376,0,zr,253.72164960000001,11.100513400000001,0.533999979,-0.0309999995,20210203540417,535,0x8,0x2,20.5400009,26.2966347,0.0213607177,0.0924786776,4.83944132e-06,30,1.45599997,1
535208200007875,149750560,2459252.0039102756,59251.505601899997,18.2489014,0.0321132839,0,zr,253.7216828,11.1005459,0.903999984,0.0130000003,20210206505579,535,0x8,0x2,20.0699997,26.2795315,0.0331845023,0.101083562,1.18670159e-05,30,1.72000003,1
535208200007875,149950711,2459254.0055817184,59253.507118100002,18.228178,0.0316813551,0,zr,253.72162940000001,11.1005094,0.85799998,-0.0299999993,20210208507106,535,0x8,0x2,21.0200005,26.276453,0.0191244856,0.0944902003,3.94549943e-06,30,1.63800001,1
535208200007875,150948722,2459263.9864876242,59263.487222199998,18.2417984,0.031964343,0,zr,253.72161120000001,11.1005623,1,-0.0270000007,20210218487199,535,0x8,0x2,19.7299995,26.3169537,0.0363367684,0.0892766267,1.40564898e-05,30,1.56200004,1
535208200007875,151152612,2459266.0255561396,59265.526122700001,18.3813229,0.0350698195,0,zr,253.72165749999999,11.100539400000001,0.356999993,0.00100000005,20210220526123,535,0x8,0x2,20.9300003,26.3317776,0.019482784,0.0938410312,3.99235523e-06,30,1.26300001,1
535208200007875,151342821,2459267.9278084924,59267.428217599998,18.4675732,0.0371903181,0,zr,253.7216664,11.1004965,0.995999992,-0.0689999983,20210222428206,535,0x8,0x2,20.1000004,26.2593346,0.0396634117,0.100569509,1.6338432e-05,30,2.31999993,1
535208200007875,151551079,2459270.0105627724,59269.5107986,18.2025452,0.0311580878,0,zr,253.72162560000001,11.100502799999999,1.454,-0.0939999968,20210224510799,535,0x8,0x2,20.8700008,26.3204479,0.0205384716,0.0873136073,4.42400824e-06,30,1.28299999,1
535208200007875,151551174,2459270.0115119512,59269.511747700002,18.2419548,0.0319676101,0,zr,253.72163560000001,11.100512800000001,0.527999997,-0.0189999994,20210224511736,535,0x8,0x2,20.8700008,26.3150539,0.0196876712,0.0944509953,4.06845038e-06,30,1.27900004,3
535208200007875,151648414,2459270.983988795,59270.484143499998,18.4393234,0.036478024,0,zr,253.72161550000001,11.1005804,0.713,0.00899999961,20210225484074,535,0x8,0x2,19.6000004,26.2876034,0.0364167318,0.100950219,1.38316173e-05,30,1.42700005,3
535208200007875,151748857,2459271.9885055213,59271.488576399999,18.2695942,0.0325526483,0,zr,253.7216549,11.100507500000001,1.10399997,0.0170000009,20210226488576,535,0x8,0x2,19.5200005,26.0680752,0.0377528518,0.0950214267,1.52411631e-05,30,1.37800002,3
535208200007875,151748951,2459271.9894430991,59271.4895139,18.1466637,0.0300582238,0,zr,253.72166350000001,11.100484700000001,0.786000013,-0.0399999991,20210226489514,535,0x8,0x2,19.5900002,26.0649967,0.0387183726,0.0930238813,1.56041224e-05,30,1.37199998,1
535208200007875,151848475,2459272.9847692312,59272.484756899998,18.5424728,0.0391663462,0,zr,253.72165150000001,11.1005555,0.535000026,-0.0430000015,20210227484757,535,0x8,0x2,20.1499996,26.2913265,0.0266367719,0.0951365903,7.42540078e-06,30,1.38499999,3
535208200007875,151949134,2459273.9914390664,59273.491342599998,18.257019,0.0322846808,0,zr,253.72165820000001,11.100554799999999,0.559000015,-0.050999999,20210228491343,535,0x8,0x2,19.5599995,26.2536755,0.0346722789,0.0967157483,1.27356689e-05,30,1.32799995,3
535208200007875,151949228,2459273.992376646,59273.492280099999,18.1963062,0.0310325231,0,zr,253.72165720000001,11.100582899999999,1.60699999,-0.0219999999,20210228492280,535,0x8,0x2,19.5,26.261652,0.0388438217,0.0950537473,1.59791543e-05,30,1.32299995,1
535208200007875,152050686,2459275.0070447796,59274.506863399998,18.2971478,0.0331503823,0,zr,253.7216722,11.100550500000001,0.533999979,-0.0109999999,20210301506863,535,0x8,0x2,19.9300003,26.3189411,0.029507963,0.096800819,9.21126593e-06,30,1.23899996,3
535208200007875,152448428,2459278.9847960984,59278.484282400001,18.2085152,0.0312788896,0,zr,253.72161370000001,11.100532400000001,1.11800003,-0.0939999968,20210305484282,535,0x8,0x2,20.5699997,26.3167915,0.0272126123,0.0987942889,7.82657298e-06,30,1.29400003,1
535208200007875,152850866,2459283.0095174243,59282.508669000003,18.5022316,0.038088657,0,zr,253.7216401,11.1005229,0.477999985,-0.0450000018,20210309508669,535,0x8,0x2,21.2199993,26.3180885,0.0187910553,0.0876514241,3.77731203e-06,30,1.15900004,1
535208200007875,153638962,2459290.8911224762,59290.389629600002,18.4713154,0.0372860357,0,zr,253.7216358,11.1005162,0.56099999,-0.0260000005,20210317389630,535,0x8,0x2,21.2999992,26.2517853,0.021001922,0.0951322168,4.70704754e-06,30,1.84899998,2
535208200007875,153846497,2459292.9666359187,59292.464976900003,18.4196167,0.0359914862,0,zr,253.72161410000001,11.100532400000001,1.45799994,0.0140000004,20210319464977,535,0x8,0x2,21.0499992,26.2641563,0.0193979461,0.0959656015,4.01471561e-06,30,1.21099997,1
535208200007875,154148443,2459295.9863300147,59295.484432899997,17.8425961,0.0249602534,0,zr,253.7216641,11.1005422,0.749000013,-0.0480000004,20210322484433,535,0x8,0x2,20.7700005,26.2531452,0.0202878043,0.0982197598,4.44294801e-06,30,1.13100004,1
535208200007875,154342318,2459297.9252303927,59297.423182899998,18.4388275,0.0364656746,0,zr,253.72161990000001,11.1005407,0.63499999,-0.00600000005,20210324423183,535,0x8,0x2,20.1299992,26.2659321,0.0315376222,0.0965280384,1.06837306e-05,30,1.34399998,1
535208200007875,154742129,2459301.9236471117,59301.421296300003,18.249115,0.0321177728,0,zr,253.721633,11.1005371,0.638000011,-0.0250000004,20210328421285,535,0x8,0x2,19.4799995,26.3091965,0.0379660204,0.0902075842,1.53375295e-05,30,1.29499996,1
535208200007875,154946180,2459303.9643073496,59303.461805600004,18.2912903,0.0330220945,0,zr,253.7216339,11.100521799999999,0.847000003,0.0460000001,20210330461806,535,0x8,0x2,19.9200001,26.2785969,0.0277433638,0.0957770869,8.26444375e-06,30,1.13300002,1
535208200007875,155249957,2459307.0022928994,59306.499571799999,18.2354965,0.0318329744,0,zr,253.72162729999999,11.100519500000001,0.897000015,-0.0970000029,20210402499560,535,0x8,0x2,20.9099998,26.3014374,0.0222783536,0.0953067169,5.29003137e-06,30,1.07599998,1
535208200007875,155644569,2459310.9486900475,59310.445694399998,18.5031815,0.0381136686,0,zr,253.72165469999999,11.1005185,0.573000014,-0.0370000005,20210406445694,535,0x8,0x2,21.1200008,26.1222134,0.0222013909,0.0944753885,5.26900658e-06,30,1.12600005,1
535208200007875,155841605,2459312.9191811755,59312.416053200002,18.4072933,0.0356914774,0,zr,253.72163230000001,11.1005162,0.962000012,-0.119000003,20210408416053,535,0x8,0x2,21.2600002,26.3083458,0.0178992264,0.0931621715,3.43402758e-06,30,1.19099998,1
535208200007875,156046118,2459314.9644423747,59314.461180600003,18.3074837,0.0333784409,0,zr,253.72162940000001,11.100522700000001,1.24800003,-0.0240000002,20210410461181,535,0x8,0x2,21.3299999,26.2850628,0.0191304218,0.0949997529,3.87730142e-06,30,1.08599997,1
535208200007875,156539297,2459319.8965428779,59319.392974499999,18.2431412,0.0319924243,0,zr,253.7216066,11.1005421,0.537,-0.00600000005,20210415392975,535,0x8,0x2,20.4300003,26.2799988,0.0242246855,0.105734609,6.28713269e-06,30,1.20500004,1
535208200007875,156846379,2459322.9675434502,59322.463796299999,18.4280376,0.0361983627,0,zr,253.72161389999999,11.100509799999999,0.569999993,-0.0149999997,20210418463785,535,0x8,0x2,20.8400002,26.2993221,0.0210165903,0.0948373675,4.65521907e-06,30,1.074,1
535208200007875,157034001,2459324.8438630705,59324.340011599998,18.2747536,0.0326634645,0,zr,253.7216234,11.1005213,1.14199996,-0.00600000005,20210420340012,535,0x8,0x2,20.7900009,26.2681084,0.0205362998,0.0972289443,4.55843428e-06,30,1.40499997,1
535208200007875,157440138,2459328.9054532256,59328.401388899998,18.3805618,0.0350518264,0,zr,253.72163280000001,11.100519,0.81099999,0.00700000022,20210424401389,535,0x8,0x2,20.6299992,26.291172,0.0202062726,0.0934726223,4.44532998e-06,30,1.11699998,1
535208200007875,158037968,2459334.8840310015,59334.379687499997,18.2530575,0.0322008915,0,zr,253.72162130000001,11.1005077,1.15499997,-0.0549999997,20210430379688,535,0x8,0x2,20.4799995,26.3158035,0.0224245153,0.0980754346,5.31013166e-06,30,1.12699997,1
535208200007875,158239134,2459336.8957705409,59336.3913426,18.1986141,0.0310788881,0,zr,253.72162019999999,11.1005339,0.976000011,-0.0130000003,20210502391343,535,0x8,0x2,20.9400005,26.2753181,0.0195299517,0.0997585952,4.03318654e-06,30,1.09800005,1
535208200007875,158533667,2459339.8412207859,59339.336678200001,18.2405815,0.0319389179,0,zr,253.72163750000001,11.1005191,1.02699995,-0.061999999,20210505336678,535,0x8,0x2,21.3799992,26.2572479,0.0203831233,0.0955891982,4.38858706e-06,30,1.21099997,1
535208200007875,158742258,2459341.92719822,59341.422580999999,18.2739677,0.0326465294,0,zr,253.72165419999999,11.1005246,0.662,-0.0260000005,20210507422558,535,0x8,0x2,20.7900009,26.2757702,0.0242035352,0.097653918,6.28760745e-06,30,1.07599998,1
535208200007875,158937340,2459343.8780847574,59343.373402800004,18.3081932,0.0333941616,0,zr,253.72161610000001,11.100543800000001,1.00800002,-0.0489999987,20210509373403,535,0x8,0x2,21.0799999,26.2247524,0.0230264477,0.0996655747,5.66606559e-06,30,1.09599996,1
535208200007875,159144387,2459345.9486225396,59345.4438773,18.3450909,0.0342260525,0,zr,253.72162109999999,11.100532299999999,0.819000006,-0.0659999996,20210511443854,535,0x8,0x2,21.2299995,26.2557526,0.0197143052,0.0964691117,4.12487088e-06,30,1.10800004,1
535208200007875,159942356,2459353.9285005354,59353.423564800003,18.3107738,0.0334514678,0,zr,253.7216282,11.1005523,0.523000002,-0.00700000022,20210519423542,535,0x8,0x2,21.0400009,26.269619,0.0222999826,0.103761502,5.33166485e-06,30,1.11099994,1
535208200007875,160135954,2459355.8645175681,59355.359548599998,18.5306568,0.0388459861,0,zr,253.7218494,11.1004418,0.935000002,0.48300001,20210521359525,535,0x8,0x2,19.2700005,26.2859497,0.0417209901,0.0968538895,1.92824027e-05,30,1.079,1
535208200007875,160435870,2459358.8637140198,59358.358703700003,18.3956909,0.0354119837,0,zr,253.72159049999999,11.100514799999999,0.708999991,-0.0879999995,20210524358692,535,0x8,0x2,20.1299992,26.268362,0.0258140098,0.0930650085,7.0783085e-06,30,1.07500005,1
535208200007875,160737960,2459361.8846459985,59361.379606499999,18.2393055,0.0319123007,0,zr,253.7216325,11.100554000000001,0.887000024,-0.0689999983,20210527379583,535,0x8,0x2,20.0300007,26.322794,0.0280699152,0.0961201563,8.45414615e-06,30,1.08299994,1
535208200007875,160938478,2459363.8898320426,59363.384780100001,18.3186588,0.0336273536,0,zr,253.7216305,11.100527899999999,0.819999993,-0.0979999974,20210529384769,535,0x8,0x2,20.6200008,26.3281384,0.0216887761,0.0985361859,5.03822048e-06,30,1.09399998,1
535208200007875,161133726,2459365.8423272381,59365.337268499999,18.4376373,0.0364360474,0,zr,253.7216262,11.1005117,0.771000028,-0.0160000008,20210531337268,535,0x8,0x2,21.0400009,26.2715454,0.019469196,0.0919576064,4.09644917e-06,30,1.07599998,1
535208200007875,161335651,2459367.8615764063,59367.356516200001,18.3699207,0.0348013826,0,zr,253.7216263,11.100516900000001,0.893000007,-0.0829999968,20210602356516,535,0x8,0x2,21.3899994,26.2757969,0.0192113873,0.0953555182,3.90572359e-06,30,1.07799995,1
535208200007875,161533149,2459369.8365492793,59369.331493099999,18.3323078,0.0339347608,0,zr,253.72163839999999,11.100510099999999,1.33099997,-0.119000003,20210604331482,535,0x8,0x2,21.6900005,26.2860813,0.0200268924,0.0948223397,4.27857958e-06,30,1.07500005,1
535208200007875,161733719,2459371.8422456486,59371.337199100002,18.2779846,0.0327331088,0,zr,253.7216439,11.1005102,1,-0.0839999989,20210606337164,535,0x8,0x2,21.6100006,26.2957211,0.018884629,0.0928713158,3.81339896e-06,30,1.07500005,1
535208200007875,162027733,2459374.78236036,59374.277338,18.2823601,0.0328277498,32768,zr,253.7216315,11.100513899999999,1.39300001,-0.125,20210609277326,535,0x8,0x2,21.0699997,26.0178547,0.0245691296,0.0876903459,6.38381243e-06,30,1.11399996,1
535208200007875,162231825,2459376.823250867,59376.3182523,18.2760086,0.0326904766,0,zr,253.72164169999999,11.1005193,0.968999982,-0.0689999983,20210611318252,535,0x8,0x2,21.5699997,26.3115692,0.0208734199,0.0888843089,4.67850987e-06,30,1.074,1
535208200007875,162430686,2459378.8118332895,59378.306863400001,18.4176674,0.0359437913,0,zr,253.7216344,11.1005185,1.44400001,-0.101999998,20210613306863,535,0x8,0x2,21.3600006,26.3214264,0.0186614599,0.096399419,3.69626991e-06,30,1.07500005,1
535208200007875,162633903,2459380.8439744236,59380.339039400002,18.3930016,0.0353476144,0,zr,253.72161149999999,11.1004866,1.10699999,-0.0939999968,20210615339039,535,0x8,0x2,20.7299995,25.9854927,0.0249674264,0.106678762,6.57165947e-06,30,1.09500003,1
535208200007875,162831781,2459382.8227082388,59382.317812499998,18.3357258,0.0340123214,0,zr,253.72162539999999,11.100516000000001,0.865999997,-0.0399999991,20210617317812,535,0x8,0x2,21.2099991,26.1620083,0.0198714472,0.0964269936,4.18528771e-06,30,1.08000004,1
535208200007875,163032238,2459384.827234922,59384.322384300001,18.2097626,0.0313041992,0,zr,253.72161629999999,11.100522700000001,0.690999985,-0.074000001,20210619322373,535,0x8,0x2,20.5599995,26.1940689,0.0249238331,0.0957608968,6.6382554e-06,30,1.08800006,1
535208200007875,163221223,2459386.7170370389,59386.212233799997,18.3217201,0.0336959735,0,zr,253.72158590000001,11.1005194,0.393000007,-0.0320000015,20210621212234,535,0x8,0x2,19.8500004,26.2584591,0.0292907245,0.0945852622,9.11833922e-06,30,1.19700003,1
535208200007875,163633269,2459390.8373807757,59390.332696799996,18.3092384,0.0334173627,0,zr,253.7216099,11.100535300000001,1.11699998,-0.111000001,20210625332697,535,0x8,0x2,19.9899998,26.3160419,0.0278700255,0.100172661,8.21327103e-06,30,1.13100004,1
535208200007875,163924945,2459393.7540425677,59393.249455999998,18.4622459,0.0370546654,0,zr,253.72161460000001,11.1004898,0.902999997,0.0270000007,20210628249329,535,0x8,0x2,21.1000004,26.2969418,0.0221983138,0.101081789,5.26705298e-06,30,1.08299994,1
535208200007875,164825387,2459402.7580975238,59402.253877299998,18.3155499,0.0335578509,0,zr,253.72163739999999,11.100513100000001,1.15799999,-0.0989999995,20210707253831,535,0x8,0x2,21.4099998,26.2906666,0.0184904281,0.0914677307,3.63471463e-06,30,1.07500005,1
535208200007875,165226869,2459406.7727185227,59406.268692099999,18.2769394,0.0327105448,0,zr,253.7216234,11.1005088,0.843999982,-0.0359999985,20210711268681,535,0x8,0x2,20.9300003,26.201313,0.0226984378,0.108577386,5.4623074e-06,30,1.09599996,1
535208200007875,165423185,2459408.7357771178,59408.231851899996,18.4872055,0.0376958363,0,zr,253.7216282,11.1005082,0.711000025,-0.0410000011,20210713231840,535,0x8,0x2,21.1900005,26.0664291,0.0230668299,0.0954907164,5.66914559e-06,30,1.074,1
535208200007875,165624902,2459410.7528447718,59410.249027799997,18.3603001,0.034576945,0,zr,253.7216382,11.1005307,0.971000016,0.0670000017,20210715249028,535,0x8,0x2,21.0200005,26.0826015,0.0222614016,0.101539053,5.2660871e-06,30,1.08599997,1
535208200007875,165837487,2459412.8785709939,59412.374872699998,18.4007015,0.0355323255,0,zr,253.7215917,11.100537900000001,0.254000008,-0.0270000007,20210717374861,535,0x8,0x2,20.2800007,25.9880562,0.0282675438,0.109691583,8.56143743e-06,30,1.76100004,1
535208200007875,166119023,2459415.6937660165,59415.190231499997,18.3287125,0.0338534266,0,zr,253.7216239,11.100503700000001,0.361999989,-0.00499999989,20210720190220,535,0x8,0x2,20.6900005,26.2691917,0.0227093268,0.0866695121,5.52740994e-06,30,1.08200002,1
535208200007875,166924964,2459423.7526666443,59423.249641199996,18.3964691,0.0354306512,32768,zr,253.72159790000001,11.1005673,0.351999998,-0.0670000017,20210728249641,535,0x8,0x2,19.3299999,25.4063759,0.0629956052,0.0912026316,4.33345958e-05,30,1.14699996,1
535208200007875,167119160,2459425.6945034326,59425.1916088,18.3594551,0.0345573202,0,zr,253.7216162,11.100513400000001,0.769999981,-0.0680000037,20210730191574,535,0x8,0x2,21.5,26.226923,0.022894837,0.0889976323,5.5450555e-06,30,1.07599998,1
535208200007875,167322659,2459427.7293515881,59427.226597200002,18.2631874,0.0324157327,0,zr,253.7216215,11.100535300000001,1.50999999,-0.136999995,20210801226597,535,0x8,0x2,21.1499996,26.25,0.0210573711,0.099241063,4.66748725e-06,30,1.12,1
535208200007875,168220813,2459436.7102379003,59436.208136599998,18.3298302,0.0338786691,0,zr,253.72161990000001,11.1005363,0.930999994,-0.0320000015,20210810208125,535,0x8,0x2,21.0100002,26.2026176,0.0228595231,0.0958422944,5.60970739e-06,30,1.13300002,1
535208200007875,168522942,2459439.7312921681,59439.229421299999,18.282692,0.0328349583,0,zr,253.72158339999999,11.1005205,1.08399999,-0.0250000004,20210813229421,535,0x8,0x2,19.8799992,26.0825768,0.0398181826,0.100631885,1.67247545e-05,30,1.222,1
535208200007875,168717050,2459441.6722298288,59441.170509299998,18.4041824,0.0356162488,0,zr,253.7216402,11.1005179,0.672999978,0.0469999984,20210815170509,535,0x8,0x2,20.7099991,26.1673794,0.0245876592,0.0916113704,6.47536126e-06,30,1.09200001,1
535208200007875,169715829,2459451.659223102,59451.158298599999,18.3533764,0.034416616,0,zr,253.72157989999999,11.100527700000001,1.23899996,-0.057,20210825158287,535,0x8,0x2,21.2199993,26.2446632,0.0196757019,0.0976820886,4.17386627e-06,30,1.11500001,3
535208200007875,169819297,2459452.6938149133,59452.192974500002,18.219101,0.0314946845,0,zr,253.72159550000001,11.1005144,1.35800004,-0.0879999995,20210826192975,535,0x8,0x2,21.0400009,26.2704239,0.0209100489,0.0971332937,4.69083807e-06,30,1.21800005,3
535208200007875,169819392,2459452.6947639361,59452.193923600003,18.2299461,0.031717889,0,zr,253.72160890000001,11.100538800000001,0.713999987,0.0270000007,20210826193912,535,0x8,0x2,20.7399998,26.2795982,0.0234808382,0.106337264,5.8339283e-06,30,1.222,1
535208200007875,170028673,2459454.7874056781,59454.286736100003,18.2657948,0.0324713476,0,zr,253.721587,11.1005305,1.08700001,-0.057,20210828286736,535,0x8,0x2,20.3600006,26.1849518,0.0271410123,0.0987611488,7.88177204e-06,30,2.227,1
535208200007875,170419091,2459458.6912641171,59458.190914400002,18.3517551,0.0343792178,0,zr,253.72160249999999,11.100524800000001,0.894999981,-0.0399999991,20210901190914,535,0x8,0x2,21.1000004,26.2238178,0.0206182972,0.0972974449,4.58294926e-06,30,1.27999997,1
535208200007875,170619363,2459460.69381946,59460.193634299998,18.329134,0.0338629335,0,zr,253.72161149999999,11.1005179,0.699000001,0.0340000018,20210903193634,535,0x8,0x2,20.9799995,26.2813797,0.0196317155,0.100544952,4.16398598e-06,30,1.32200003,1
535208200007875,170819366,2459462.6936897901,59462.193669,18.2152977,0.0314169005,0,zr,253.72160719999999,11.100521000000001,1.16100001,-0.112999998,20210905193669,535,0x8,0x2,20.7999992,26.2839584,0.0252240654,0.101324633,6.79108416e-06,30,1.35399997,1
535208200007875,171022905,2459464.7289045537,59464.229050900001,18.2550564,0.0322431102,0,zr,253.72160489999999,11.100501400000001,1.62899995,-0.101999998,20210907229039,535,0x8,0x2,20.8899994,26.2024136,0.0238742437,0.0961354151,6.0456814e-06,30,1.71200001,1
535208200007875,171214902,2459466.6487242514,59466.149027799998,18.4107876,0.0357762054,0,zr,253.7216148,11.100533799999999,1.33200002,-0.112999998,20210909149028,535,0x8,0x2,21.3500004,26.2321167,0.0212102905,0.0938180909,4.82833229e-06,30,1.19700003,1
535208200007875,171423480,2459468.7343293214,59468.234803200001,18.4480801,0.0366969183,0,zr,253.72161840000001,11.1005179,0.790000021,0.00400000019,20210911234792,535,0x8,0x2,20.8700008,26.1345596,0.0245530959,0.0936028734,6.38030724e-06,30,1.954,1
535208200007875,171616498,2459470.6643577921,59470.1649884,18.3240986,0.0337494165,0,zr,253.7216143,11.100520100000001,0.777999997,-0.0560000017,20210913164977,535,0x8,0x2,20.7199993,26.2883549,0.0217402317,0.0977383032,5.02874627e-06,30,1.31500006,1
535208200007875,171720576,2459471.7050490668,59471.205763899998,18.3614864,0.0346045122,0,zr,253.7215817,11.1004129,0.233999997,0.0120000001,20210914205764,535,0x8,0x2,19.4599991,26.0725689,0.0379625261,0.101625688,1.53424953e-05,30,1.66299999,2
535208200007875,172022736,2459474.7264035675,59474.227361099998,18.2996464,0.0332053192,0,zr,253.7216238,11.1005313,0.453999996,-0.0579999983,20210917227361,535,0x8,0x2,19.9099998,26.1512165,0.0304068327,0.0977643207,9.83475093e-06,30,2.12299991,2
535208200007875,172217759,2459476.6764800628,59476.177592599997,18.3460102,0.0342471264,0,zr,253.72155760000001,11.1004988,0.247999996,0.00100000005,20210919177593,535,0x8,0x2,19.9599991,26.2456131,0.0376439877,0.10452646,1.50962842e-05,30,1.51699996,1
535208200007875,172419298,2459478.6917148307,59478.192986100003,18.568718,0.0398898013,0,zr,253.72168529999999,11.1006389,0.591000021,-0.057,20210921192975,535,0x8,0x2,19.5100002,26.2176151,0.0372032858,0.100381613,1.45078311e-05,30,1.73899996,1
535208200007875,172618649,2459480.685066497,59480.186493100002,18.3743324,0.0349049121,0,zr,253.72156849999999,11.100482,0.458000004,-0.0299999993,20210923186481,535,0x8,0x2,19.8400002,26.2270489,0.0346740186,0.101490535,1.27033554e-05,30,1.72599995,1
535208200007875,173120704,2459485.7052393407,59485.207048600001,18.4054394,0.0356466323,0,zr,253.72160679999999,11.1005451,1.30400002,-0.0469999984,20210928207049,535,0x8,0x2,19.9599991,25.6951332,0.0333787277,0.116435066,1.18986127e-05,30,2.34899998,1
535208200007875,173313313,2459487.6311843265,59487.133136600001,18.2538013,0.0322166011,0,zr,253.72163019999999,11.1005302,1.08099997,-0.0109999999,20210930133137,535,0x8,0x2,20.7600002,26.1914406,0.0218323935,0.101450525,5.09885467e-06,30,1.40499997,1
535208200007875,173515206,2459489.6499603861,59489.152060200002,18.3698502,0.0347997099,0,zr,253.72157530000001,11.1005211,1.44200003,-0.148000002,20211002152049,535,0x8,0x2,20.5,26.1874886,0.0250807703,0.098124288,6.75777346e-06,30,1.61300004,1
535208200007875,173715113,2459491.6488911058,59491.151134300002,18.4163132,0.0359107219,0,zr,253.72161879999999,11.100523799999999,1.31099999,0.0350000001,20211004151123,535,0x8,0x2,20.6700001,26.2178745,0.0241377,0.0958341286,6.24087215e-06,30,1.66299999,1
535208200007875,174815076,2459502.6477876706,59502.150763899997,18.2430439,0.0319903977,0,zr,253.72163209999999,11.1005527,1.06799996,-0.0890000015,20211015150752,535,0x8,0x2,19.5300007,26.1759052,0.0393214971,0.104077145,1.65424517e-05,30,2.11999989,1
535208200007875,175011868,2459504.6155845588,59504.118680599997,18.2394619,0.0319155566,0,zr,253.72159930000001,11.100516499999999,0.400999993,-0.0140000004,20211017118669,535,0x8,0x2,20.0300007,26.2382393,0.0298625566,0.101713717,9.48791239e-06,30,1.69799995,1
535208200007875,175810146,2459512.597927867,59512.101469900001,18.2367496,0.0318590552,0,zr,253.72158680000001,11.100505699999999,0.833999991,-0.0140000004,20211025101470,535,0x8,0x2,20.3700008,26.2812519,0.0263571534,0.0997193903,8.55951021e-06,30,1.75600004,2
535208200007875,175810644,2459512.6029045051,59512.106446799997,18.2754707,0.032678891,1,zr,253.72157379999999,11.1005447,1.16100001,0.0579999983,20211025106447,535,0x8,0x2,20.2600002,26.2549114,0.024977183,0.101355784,6.87112242e-06,30,1.82500005,2
535208200007875,175810944,2459512.6059019482,59512.109444399997,18.2237358,0.0315898173,0,zr,253.7216032,11.100526199999999,0.538999975,-0.0260000005,20211025109444,535,0x8,0x2,20.4599991,26.2401733,0.0225314125,0.0971473157,5.40812835e-06,30,1.87,2
535208200007875,175812157,2459512.6180310082,59512.121574099998,18.2336521,0.031794671,0,zr,253.72160220000001,11.1005114,0.583999991,-0.00800000038,20211025121562,535,0x8,0x2,20.6599998,26.2180576,0.0219277386,0.0978203043,5.1651632e-06,30,2.08200002,1
535208200007875,177507300,2459529.5687645092,59529.073009300002,18.1866341,0.0308392793,0,zr,253.7215539,11.1005906,0.52700001,-0.153999999,20211111072998,535,0x8,0x2,18.9200001,26.2484093,0.0377248712,0.107128479,1.67267335e-05,30,2.03999996,2
535208200007875,177507541,2459529.5711718309,59529.075416699998,18.2394943,0.0319162309,0,zr,253.72162890000001,11.100467399999999,0.356999993,-0.0399999991,20211111075417,535,0x8,0x2,19.2600002,26.2434158,0.0391276367,0.10002172,1.68227234e-05,30,2.08699989,2
535208200007875,177507783,2459529.573590653,59529.077835600001,18.2222824,0.0315599516,0,zr,253.72156000000001,11.1005065,0.672999978,-0.0520000011,20211111077824,535,0x8,0x2,19.3999996,26.2232876,0.0376546793,0.102396026,1.54358368e-05,30,2.13599992,2
535208200007875,177508024,2459529.5759980809,59529.080243099997,18.2761555,0.0326936617,0,zr,253.72162689999999,11.100537900000001,0.728999972,-0.0780000016,20211111080243,535,0x8,0x2,19.6800003,26.2153454,0.0344599299,0.101546995,1.2738943e-05,30,2.18899989,2
535208200007875,177508265,2459529.5784054045,59529.0826505,18.2485085,0.0321050324,0,zr,253.72159189999999,11.1005631,0.458000004,-0.0270000007,20211111082650,535,0x8,0x2,19.7399998,26.210844,0.0342491083,0.0974054709,1.25337947e-05,30,2.24399996,2
535208200007875,177607259,2459530.5683179866,59530.072592600001,18.1934776,0.0309758279,0,zr,253.7215563,11.100506299999999,0.582000017,-0.0350000001,20211112072581,535,0x8,0x2,18.9300003,26.2335339,0.0407469608,0.0944581851,1.91790205e-05,30,2.08500004,2
535208200007875,177607502,2459530.5707484037,59530.075023099998,18.1758976,0.0306266993,0,zr,253.72138279999999,11.100466000000001,0.474999994,0.00100000005,20211112075023,535,0x8,0x2,18.8400002,26.2210655,0.0423958749,0.102454118,2.17956986e-05,30,2.13499999,2
535208200007875,177607745,2459530.5731789437,59530.077453700003,18.3216743,0.0336949565,0,zr,253.72155190000001,11.1006167,0.712000012,0.107000001,20211112077454,535,0x8,0x2,19.1299992,26.2229862,0.0390329957,0.0951445848,1.68466249e-05,30,2.18700004,2
535208200007875,177607988,2459530.575609467,59530.079884300001,18.3140812,0.0335250869,0,zr,253.7216415,11.1004723,0.617999971,-0.0529999994,20211112079884,535,0x8,0x2,19.3899994,26.2144871,0.0383370556,0.102540053,1.57190389e-05,30,2.24300003,2
535208200007875,177608231,2459530.5780398836,59530.082314799998,18.2500248,0.0321369395,0,zr,253.72149379999999,11.100387899999999,0.697000027,-0.0189999994,20211112082315,535,0x8,0x2,19.2199993,26.2095184,0.0405893326,0.100625098,1.79535655e-05,30,2.30200005,2
535208200007875,177707263,2459531.5683358102,59531.072638899997,18.579319,0.0401867293,0,zr,253.72162230000001,11.100433600000001,0.566999972,0.118000001,20211113072639,535,0x8,0x2,18.6499996,26.2309895,0.0485114306,0.114914604,3.22840642e-05,30,2.14199996,2
535208200007875,177707505,2459531.5707547511,59531.075057900001,18.2230377,0.0315754525,0,zr,253.72162739999999,11.1006559,0.437999994,0.252999991,20211113075058,535,0x8,0x2,19.0200005,26.2335434,0.0435489565,0.103707582,2.19659232e-05,30,2.19499993,2
535208200007875,177707747,2459531.5731736701,59531.077476899998,18.7652054,0.0458580703,32768,zr,253.72139530000001,11.1006281,0.791000009,0.352999985,20211113077465,535,0x8,0x2,18.8500004,26.2260151,0.0544112474,0.108244129,3.67587782e-05,30,2.25099993,2
535208200007875,177707988,2459531.5755810002,59531.079884300001,18.6801987,0.0431523584,32768,zr,253.72148250000001,11.100550200000001,0.598999977,0.118000001,20211113079884,535,0x8,0x2,18.9899998,26.1270313,0.0509805717,0.0987648144,3.04318382e-05,30,2.30900002,2
535208200007875,177708230,2459531.5779998372,59531.082303199997,18.4545937,0.0368608497,0,zr,253.72162159999999,11.100581699999999,0.855000019,-0.0460000001,20211113082292,535,0x8,0x2,19.25,26.1894226,0.0449524224,0.106717162,2.17345714e-05,30,2.37199998,2
535208200007875,177807179,2459532.5674638315,59532.071794000003,18.2280159,0.0316780098,0,zr,253.72158830000001,11.1005719,0.575999975,0.0260000005,20211114071759,535,0x8,0x2,19.0100002,26.2124214,0.0384137221,0.109296404,1.70617168e-05,30,2.18300009,2
535208200007875,177807417,2459532.5698479647,59532.074178199997,18.2632713,0.0324175358,0,zr,253.7215966,11.100542600000001,0.584999979,-0.0590000004,20211114074144,535,0x8,0x2,19.4400005,26.2167702,0.036572583,0.100233562,1.43568732e-05,30,2.23699999,2
535208200007875,177807657,2459532.5722437999,59532.0765741,18.2877693,0.0329452828,0,zr,253.72163080000001,11.100545800000001,0.43900001,0.0489999987,20211114076539,535,0x8,0x2,19.4799995,26.212347,0.0388430245,0.106598027,1.61768621e-05,30,2.29500008,2
535208200007875,177807895,2459532.5746279345,59532.078958300001,18.2018738,0.0311445463,0,zr,253.7216391,11.1005456,1.05999994,-0.0989999995,20211114078924,535,0x8,0x2,19.6200008,26.1944237,0.0395003557,0.104876883,1.65451056e-05,30,2.35599995,2
535208200007875,177808134,2459532.5770121659,59532.081342600002,18.2366638,0.0318572707,0,zr,253.72159450000001,11.1005295,0.354000002,-0.0680000037,20211114081308,535,0x8,0x2,19.7600002,26.1822777,0.0373599902,0.09864562,1.47013325e-05,30,2.42000008,2
535208200007875,186752814,2459622.0268294401,59621.528148099998,18.3010769,0.033236824,0,zr,253.7216488,11.1005111,0.691999972,0.00700000022,20220211528137,535,0x8,0x2,20.3500004,26.3219185,0.0306268707,0.0955142155,1.00736152e-05,30,1.39199996,1
535208200007875,186947923,2459623.9780732375,59623.4792361,18.2375622,0.0318759494,0,zr,253.7216358,11.1005103,0.656000018,-0.057,20220213479225,535,0x8,0x2,20.4099998,26.2384739,0.0239087027,0.100495182,6.03230683e-06,30,1.82599998,1
535208200007875,187149309,2459625.992089923,59625.493090299999,18.245533,0.0320425443,0,zr,253.72166820000001,11.100594600000001,0.824000001,0.0399999991,20220215493079,535,0x8,0x2,19.7999992,26.3067169,0.0314949974,0.102910191,1.05236304e-05,30,1.59200001,1
535208200007875,187453734,2459629.0365974503,59628.537349500002,18.2001915,0.0311106239,0,zr,253.72164359999999,11.100548099999999,1.01300001,-0.119000003,20220218537338,535,0x8,0x2,20.2700005,26.3333397,0.0256896447,0.100671038,7.01273802e-06,30,1.24100006,1
535208200007875,187652480,2459631.024214711,59630.524803200002,18.2489357,0.0321140066,0,zr,253.7216234,11.100531399999999,0.458000004,-0.064000003,20220220524792,535,0x8,0x2,20.7700005,26.3203144,0.0208977163,0.0939509794,4.64234608e-06,30,1.27199996,1
535208200007875,188345248,2459637.9524761178,59637.452488399998,18.470068,0.0372540839,0,zr,253.72161120000001,11.1005339,0.995000005,0.0379999988,20220227452465,535,0x8,0x2,20.25,26.068985,0.0289822277,0.106123134,8.99393126e-06,30,1.67700005,1
535208200007875,188551912,2459640.0192810539,59639.5191204,18.4198685,0.0359976441,32768,zr,253.7216038,11.1005936,0.667999983,0.0189999994,20220301519109,535,0x8,0x2,19.8500004,26.3299522,0.0353991017,0.0980456024,1.33667872e-05,30,1.19599998,1
535208200007875,188750038,2459642.0007083067,59641.500381899998,18.2902298,0.0329989269,0,zr,253.72163639999999,11.100543,0.834999979,-0.063000001,20220303500370,535,0x8,0x2,20.9699993,26.3130074,0.0228389669,0.098748669,5.55179849e-06,30,1.24699998,1
535208200007875,191939375,2459673.8965865509,59673.393750000003,17.9729233,0.0269732513,0,zr,253.7216435,11.1005369,1.19599998,-0.0439999998,20220404393750,535,0x8,0x2,20.5400009,26.1515865,0.0263256337,0.10504473,7.44145109e-06,30,1.34500003,1
535208200007875,192144193,2459675.9449108532,59675.441932900001,18.3540688,0.0344326124,0,zr,253.72163610000001,11.100527100000001,1.38,-0.074000001,20220406441921,535,0x8,0x2,21.3600006,26.2693386,0.021203842,0.0902460068,4.81437519e-06,30,1.13600004,1
535208200007875,192344103,2459677.944142662,59677.441030100003,18.4660912,0.0371525176,0,zr,253.72162280000001,11.1005336,0.577000022,0.0390000008,20220408441018,535,0x8,0x2,21.1000004,26.2809906,0.0195059236,0.096799396,4.04288267e-06,30,1.12600005,1
535208200007875,192546545,2459679.9686967265,59679.465451399999,18.3835716,0.0351231024,0,zr,253.72162539999999,11.1005377,1.05999994,-0.0370000005,20220410465451,535,0x8,0x2,21.0499992,26.3032875,0.0218098965,0.102346987,5.07835557e-06,30,1.08299994,1
535208200007875,192941961,2459683.9231118695,59683.419618100001,18.2463837,0.0320603773,0,zr,253.72161109999999,11.1005255,1.28900003,-0.0199999996,20220414419606,535,0x8,0x2,20.7000008,26.2994595,0.0205662046,0.0914184675,4.52401218e-06,30,1.13699996,1
535208200007875,193135077,2459685.8543851073,59685.350775500003,18.345787,0.0342420153,32768,zr,253.72162940000001,11.1005263,0.952000022,-0.0240000002,20220416350752,535,0x8,0x2,19.8899994,26.3045177,0.0295463167,0.0909508765,9.34054879e-06,30,1.41100001,1
535208200007875,193542013,2459689.9239803804,59689.420138900001,18.3687649,0.0347743072,32768,zr,253.7216603,11.1005456,1.00399995,-0.057,20220420420116,535,0x8,0x2,19.3099995,26.2849522,0.0383480377,0.0925772339,1.58920193e-05,30,1.10399997,1
535208200007875,194143752,2459695.9416748467,59695.437523100001,18.335598,0.0340094268,0,zr,253.72163570000001,11.100539400000001,0.944000006,-0.075000003,20220426437512,535,0x8,0x2,20.75,25.9299946,0.022159487,0.0977671668,5.23858216e-06,30,1.07500005,1
535208200007875,194639888,2459700.9032651405,59700.398888900003,18.384758,0.0351512432,0,zr,253.72163750000001,11.100529999999999,1.18299997,-0.114,20220501398889,535,0x8,0x2,21.5300007,26.2730083,0.0202901978,0.0922433734,4.40423037e-06,30,1.09200001,1
535208200007875,194838010,2459702.8845617617,59702.380104199998,18.4093571,0.0357414857,0,zr,253.7216473,11.1005538,0.848999977,-0.0489999987,20220503380093,535,0x8,0x2,20.8500004,26.2491913,0.0212716926,0.100566931,4.83706526e-06,30,1.11199999,2
535208200007875,194840000,2459702.9044583598,59702.400000000001,18.4037151,0.0356049687,0,zr,253.72161740000001,11.1005486,0.643999994,-0.0419999994,20220503399988,535,0x8,0x2,21.0699997,26.2523251,0.0204567928,0.101069219,4.48411402e-06,30,1.08500004,1
535208200007875,195337888,2459707.8835297753,59707.378888899999,18.4584141,0.0369574428,0,zr,253.7216134,11.100631699999999,0.680999994,-0.00100000005,20220508378889,535,0x8,0x2,20.5100002,26.3023148,0.0261137839,0.113302298,7.27916995e-06,30,1.09300005,2
535208200007875,195437668,2459708.881363445,59708.376689800003,18.3405876,0.0341230482,0,zr,253.72164770000001,11.100539700000001,0.523000002,-0.00499999989,20220509376655,535,0x8,0x2,20.6900005,26.3130417,0.0203311387,0.0958659351,4.41871089e-06,30,1.09300005,1
535208200007875,195442186,2459708.9265384972,59708.421863399999,18.3123283,0.0334860533,0,zr,253.72165269999999,11.1005401,0.414999992,0.00400000019,20220509421852,535,0x8,0x2,20.9400005,26.310482,0.0204493292,0.0993378386,4.45331671e-06,30,1.07799995,1
535208200007875,195637827,2459710.8830109788,59710.378275499999,18.3980331,0.0354681872,0,zr,253.72164269999999,11.100523900000001,0.463,-0.0500000007,20220511378275,535,0x8,0x2,20.6200008,26.3079739,0.0231155958,0.0957529992,5.69004442e-06,30,1.08500004,1
535208200007875,195739432,2459711.8990935627,59711.3943287,18.3602314,0.0345753692,0,zr,253.72163850000001,11.1005384,1.37899995,-0.0590000004,20220512394306,535,0x8,0x2,20.1900005,26.2941113,0.0288531184,0.0964419767,8.90708998e-06,30,1.07500005,2
535208200007875,195837706,2459712.8818521923,59712.3770602,18.4569378,0.0369200967,0,zr,253.72161130000001,11.100531200000001,0.305999994,-0.057,20220513377060,535,0x8,0x2,20.75,26.298336,0.0218594503,0.0941439122,5.08820767e-06,30,1.08200002,1
535208200007875,196036364,2459714.8684887346,59714.363645799996,18.2506962,0.0321510807,0,zr,253.7216143,11.100508700000001,0.959999979,-0.0729999989,20220515363472,535,0x8,0x2,20.0400009,26.3022385,0.0280147456,0.0916441903,8.28357042e-06,30,1.08899999,1
535208200007875,196430810,2459718.8130303673,59718.308101900002,18.3142509,0.0335288607,0,zr,253.72165630000001,11.1005372,0.894999981,0.0520000011,20220519308102,535,0x8,0x2,20.4599991,26.2775898,0.0228389818,0.0930105671,5.53005793e-06,30,1.17999995,1
535208200007875,196433916,2459718.8440957712,59718.339166700003,18.3009853,0.0332347974,0,zr,253.7216099,11.1005331,0.757000029,-0.0460000001,20220519339155,535,0x8,0x2,20.6399994,26.2961464,0.022077851,0.0929581299,5.20145977e-06,30,1.10699999,2
535208200007875,196437866,2459718.883598824,59718.378668999998,18.2639618,0.0324322507,0,zr,253.72162470000001,11.100535900000001,0.465999991,-0.0250000004,20220519378669,535,0x8,0x2,20.7099991,26.2930908,0.0210711844,0.0964063928,4.68399321e-06,30,1.074,1
535208200007875,196733350,2459721.8384867632,59721.333506900002,18.3069038,0.03336557,0,zr,253.72162950000001,11.1005337,0.513999999,-0.0320000015,20220522333507,535,0x8,0x2,21.5200005,26.2948074,0.0192219317,0.092803821,3.90957985e-06,30,1.10300004,1
535208200007875,196735642,2459721.861403808,59721.356423600002,18.2852173,0.032889761,0,zr,253.72163169999999,11.100535600000001,1.02600002,-0.0109999999,20220522356412,535,0x8,0x2,21.2900009,26.29492,0.0202219952,0.0976458341,4.3251207e-06,30,1.079,2
535208200007875,196737846,2459721.8834411348,59721.378460599997,18.284935,0.032883618,0,zr,253.72163069999999,11.1005448,0.957000017,-0.0419999994,20220522378449,535,0x8,0x2,21.3799992,26.3016167,0.0204991419,0.0930105671,4.49348454e-06,30,1.07500005,1
535208200007875,196931506,2459723.8200761308,59723.3150694,18.3913746,0.0353087373,0,zr,253.72163929999999,11.100520599999999,0.414000005,0.00400000019,20220524315035,535,0x8,0x2,21.3700008,26.271265,0.0179284178,0.0882596821,3.44188925e-06,30,1.12699997,1
535208200007875,197139603,2459725.9010592191,59725.396030099997,18.3770828,0.0349696986,0,zr,253.72161850000001,11.100544899999999,1.07799995,0.0399999991,20220526396007,535,0x8,0x2,21.1499996,26.3005142,0.0223152023,0.100686014,5.25733094e-06,30,1.097,1
535208200007875,197333217,2459727.8372204592,59727.332175900003,18.4551659,0.0368753001,32768,zr,253.72161700000001,11.1006333,0.653999984,-0.0340000018,20220528332176,535,0x8,0x2,19.6000004,25.1527405,0.0775011256,0.0833444074,6.45793189e-05,30,1.08500004,1
535208200007875,197640001,2459730.90506993,59730.400011600002,18.3370304,0.0340419747,0,zr,253.72163230000001,11.100517699999999,0.522000015,-0.0489999987,20220531400000,535,0x8,0x2,21.6200008,26.3130951,0.0185729694,0.0945511535,3.65100163e-06,30,1.12699997,1
535208200007875,197838309,2459732.8881505611,59732.383090299998,18.4213467,0.0360338539,0,zr,253.72163939999999,11.100537299999999,0.76700002,-0.0649999976,20220602383079,535,0x8,0x2,21.4099998,26.2978745,0.0186088011,0.0944224149,3.72857153e-06,30,1.10599995,1
535208200007875,198025379,2459734.7588533508,59734.2537963,18.2488289,0.0321117528,0,zr,253.72162109999999,11.1005453,0.591000021,-0.0340000018,20220604253796,535,0x8,0x2,20.9500008,25.9813786,0.0231298842,0.0935037211,5.72812814e-06,30,1.21700001,1
535208200007875,198235437,2459736.8594226907,59736.354375000003,18.3178711,0.0336097181,0,zr,253.72162639999999,11.1005208,0.661000013,-0.0390000008,20220606354363,535,0x8,0x2,21.4899998,26.3126812,0.0191446729,0.094985567,3.90555397e-06,30,1.08399999,1
535208200007875,198429974,2459738.8047789712,59738.2997454,18.315424,0.0335550308,0,zr,253.72162119999999,11.1005348,0.550000012,-0.0199999996,20220608299734,535,0x8,0x2,21.0400009,26.2814426,0.0195625499,0.0940625444,4.09308086e-06,30,1.08700001,1
535208200007875,198631662,2459740.8216338465,59740.316620400001,18.4023094,0.0355710648,0,zr,253.7216244,11.100531,0.82099998,0,20220610316551,535,0x8,0x2,21.0499992,26.303112,0.0205622949,0.0858715177,4.56316047e-06,30,1.07500005,1
535208200007875,198836299,2459742.8679850469,59742.362997700002,18.3563652,0.0344857015,0,zr,253.72162979999999,11.1005339,0.901000023,-0.101000004,20220612362986,535,0x8,0x2,19.9200001,26.2986183,0.0294867046,0.105253123,9.2034461e-06,30,1.11899996,1
535208200007875,199431532,2459748.8202035394,59748.315324100004,18.3021622,0.0332607664,0,zr,253.7216325,11.1005275,1.204,-0.136999995,20220618315324,535,0x8,0x2,20.8199997,26.3298435,0.0198709108,0.0975381508,4.20067954e-06,30,1.08000004,1
535208200007875,199827217,2459752.776957572,59752.272175899998,18.4080944,0.0357108749,0,zr,253.72164799999999,11.1005342,1.722,-0.144999996,20220622272049,535,0x8,0x2,21.4500008,26.2449722,0.0201381724,0.0849255174,4.35222819e-06,30,1.079,1
535208200007875,200129621,2459755.8009084738,59755.296215299997,18.4512234,0.0367759168,0,zr,253.72162879999999,11.100536099999999,0.815999985,-0.0520000011,20220625296215,535,0x8,0x2,21.3899994,26.3339443,0.01896457,0.0945281982,3.87048885e-06,30,1.08000004,1
535208200007875,200529680,2459759.8013637578,59759.296805600003,18.2736282,0.0326392464,0,zr,253.7216219,11.1005342,1.08500004,-0.0979999974,20220629296806,535,0x8,0x2,21.5499992,26.2935829,0.0183902904,0.0892822593,3.65065193e-06,30,1.08899999,1
535208200007875,200734026,2459761.8447476663,59761.340266200001,18.2688026,0.0325356908,0,zr,253.72162460000001,11.100577599999999,1.23199999,0.0140000004,20220701340266,535,0x8,0x2,21.0400009,26.3088837,0.0192567389,0.101452351,3.9724514e-06,30,1.19500005,1
535208200007875,200929709,2459763.8014982101,59763.297094900001,18.3226814,0.0337175503,0,zr,253.7216277,11.100524999999999,1.35899997,-0.0799999982,20220703297083,535,0x8,0x2,21.3899994,26.3269806,0.0183835831,0.0946792513,3.59032856e-06,30,1.10399997,1
535208200007875,201132001,2459765.8243292789,59765.320011600001,18.3851795,0.0351612605,0,zr,253.72163119999999,11.100536699999999,1.23500001,-0.114,20220705320000,535,0x8,0x2,21.2000008,26.3249664,0.0196099412,0.096922718,4.07946391e-06,30,1.16600001,1
535208200007875,201824814,2459772.7521371837,59772.2481481,18.3103676,0.0334424376,0,zr,253.72162739999999,11.100509499999999,0.55400002,0.0270000007,20220712248148,535,0x8,0x2,20.1599998,26.3194675,0.0290132929,0.103037506,8.98400231e-06,30,1.079,1
535208200007875,201829878,2459772.8027711664,59772.298784699997,18.3872967,0.035211578,0,zr,253.72162069999999,11.100535799999999,0.958999991,-0.0670000017,20220712298785,535,0x8,0x2,20.3600006,26.3294945,0.0282358341,0.0933492258,8.43729504e-06,30,1.15999997,1
535208200007875,202022894,2459774.7328323158,59774.228946800002,18.3383522,0.034072075,0,zr,253.72161800000001,11.100531200000001,0.653999984,-0.0700000003,20220714228947,535,0x8,0x2,20.3999996,26.2777119,0.0241210889,0.083980836,6.26260271e-06,30,1.074,1
535208200007875,202027019,2459774.7740801061,59774.270196799996,18.2552719,0.0322476774,0,zr,253.7216305,11.100529399999999,0.568000019,0.0350000001,20220714270197,535,0x8,0x2,20.1000004,26.2835217,0.0301596355,0.0944858193,9.55944597e-06,30,1.10899997,1
535208200007875,202125143,2459775.7552656461,59775.2514352,18.4465523,0.0366586186,0,zr,253.72161679999999,11.1005267,0.610000014,0.0109999999,20220715251400,535,0x8,0x2,20.5699997,26.2968636,0.0271125361,0.0936852023,7.74845648e-06,30,1.08800006,2
535208200007875,202220931,2459776.7130949912,59776.209317100001,18.36689,0.0347304605,0,zr,253.72161969999999,11.1005254,0.656000018,-0.00200000009,20220716209086,535,0x8,0x2,21.5900002,26.2981853,0.0217728671,0.0915994048,4.98937516e-06,30,1.07700002,1
535208200007875,202230809,2459776.8118626829,59776.308090300001,18.2977085,0.0331627131,0,zr,253.7216158,11.100528199999999,0.782000005,0.0710000023,20220716308079,535,0x8,0x2,20.7199993,26.2888012,0.0248860754,0.101012766,6.56211432e-06,30,1.22800004,2
535208200007875,202233153,2459776.8353104638,59776.331539400002,18.2922516,0.033043094,0,zr,253.7216124,11.1005184,1.03499997,0.103,20220716331516,535,0x8,0x2,20.4400005,26.2796497,0.0247898754,0.103692293,6.54254654e-06,30,1.34200001,1
535208200007875,202433841,2459778.842072085,59778.338414400001,18.2895699,0.0329845175,0,zr,253.72162539999999,11.1005319,0.615999997,-0.0799999982,20220718338171,535,0x8,0x2,20.6200008,26.1197243,0.0298305601,0.09708938,9.42879433e-06,30,1.42200005,2
535208200007875,202523240,2459779.7360133613,59779.232407399999,18.2769508,0.0327108055,0,zr,253.721622,11.100534100000001,1.17499995,-0.0170000009,20220719232384,535,0x8,0x2,21.3999996,26.2792339,0.0178681482,0.0910667181,3.40402016e-06,30,1.08099997,1
535208200007875,202529763,2459779.8012410207,59779.297638900003,18.2831268,0.0328443944,0,zr,253.72162180000001,11.1005571,0.876999974,0.0270000007,20220719297627,535,0x8,0x2,20.6900005,26.2631187,0.0212214235,0.100513928,4.8569118e-06,30,1.21899998,1
535208200007875,203127644,2459785.7796828183,59785.276446800002,18.4373055,0.0364278071,0,zr,253.72161740000001,11.100538800000001,0.805000007,-0.103,20220725276435,535,0x8,0x2,21.1200008,26.1379452,0.0209545977,0.0972512737,4.68567396e-06,30,1.20099998,1
535208200007875,203329209,2459787.7952002729,59787.292094900004,18.4194088,0.0359863788,0,zr,253.72162359999999,11.100534700000001,1.05799997,-0.109999999,20220727292095,535,0x8,0x2,21.3299999,26.2009888,0.0200140402,0.0948837772,4.26805445e-06,30,1.29100001,1
535208200007875,203719203,2459791.6948801996,59791.192037000001,18.3339233,0.0339713916,0,zr,253.721632,11.100518900000001,0.493999988,-0.0370000005,20220731192002,535,0x8,0x2,20.8400002,25.9722519,0.0257397313,0.0934500918,7.04998638e-06,30,1.07599998,1
535208200007875,204025391,2459794.7565411874,59794.253912,18.2751083,0.0326710828,0,zr,253.7216105,11.1005571,0.726999998,-0.00400000019,20220803253900,535,0x8,0x2,20.8899994,26.2122478,0.0244933069,0.100642018,6.41407905e-06,30,1.20899999,1
535208200007875,204333232,2459797.8347338466,59797.332326399999,18.4155388,0.0358918458,0,zr,253.72161180000001,11.1004953,1.06599998,-0.0799999982,20220806332326,535,0x8,0x2,21.0400009,26.2209969,0.0214755107,0.0925321952,4.90744378e-06,30,1.92900002,1
535208200007875,204719762,2459801.6997482055,59801.197627299996,18.3222275,0.0337073766,0,zr,253.72163979999999,11.1005384,0.541999996,-0.0149999997,20220810197616,535,0x8,0x2,20.1299992,26.2836723,0.0298204385,0.097019054,9.48782053e-06,30,1.11099994,1
535208200007875,205219394,2459806.6956852353,59806.193946799998,18.3593445,0.0345547795,0,zr,253.72164219999999,11.100538200000001,0.740999997,-0.050999999,20220815193935,535,0x8,0x2,21.1599998,26.263298,0.0192924924,0.0909693763,3.99268038e-06,30,1.13,1
535208200007875,205417128,2459808.6728685424,59808.171284700002,18.4098969,0.0357545838,0,zr,253.72160249999999,11.100509499999999,1.23199999,-0.103,20220817171273,535,0x8,0x2,21.0300007,26.2104053,0.0260075834,0.0931250677,7.22497316e-06,30,1.10000002,1
535208200007875,205617765,2459810.6790758423,59810.177650500002,18.4676685,0.0371927544,0,zr,253.72162990000001,11.100536200000001,1.33399999,-0.0599999987,20220819177639,535,0x8,0x2,21.2900009,26.2059822,0.0214667525,0.0916714594,5.00211854e-06,30,1.11899996,1
535208200007875,205917165,2459813.6728412528,59813.171655099999,18.4109612,0.0357804298,0,zr,253.7216147,11.100522099999999,1.18200004,-0.107000001,20220822171644,535,0x8,0x2,21.2099991,26.2420807,0.0186345652,0.0936453417,3.72086606e-06,30,1.12399995,1
535208200007875,206117121,2459815.6722401958,59815.171215299997,18.3702126,0.0348081999,0,zr,253.72164419999999,11.100516900000001,1.26400006,-0.0900000036,20220824171215,535,0x8,0x2,21.1900005,26.2534962,0.0223165993,0.0956070721,5.26306576e-06,30,1.13399994,1
535208200007875,206520539,2459819.7060901998,59819.2053935,18.2768707,0.0327090807,0,zr,253.7216114,11.100523600000001,1.39499998,-0.103,20220828205312,535,0x8,0x2,21.1399994,26.280077,0.0205272604,0.0973130018,4.47904949e-06,30,1.29400003,1
535208200007875,206723989,2459821.7404259429,59821.239895799998,18.361517,0.0346052349,0,zr,253.7216229,11.1005327,0.495000005,-0.00300000003,20220830239896,535,0x8,0x2,21.0900002,26.2410259,0.0188141614,0.0973720029,3.77908736e-06,30,1.58299994,1
535208200007875,206917123,2459823.6716101351,59823.171238399998,18.338789,0.0340820178,0,zr,253.72157369999999,11.100527,1.801,-0.0529999994,20220901171238,535,0x8,0x2,20.8199997,26.2556152,0.021123806,0.10020496,4.77109097e-06,30,1.19599998,1
535208200007875,207116924,2459825.6694553108,59825.169247700003,18.385376,0.0351658985,0,zr,253.72157559999999,11.1005153,0.185000002,0.0240000002,20220903169248,535,0x8,0x2,20.6599998,26.2490139,0.0238601156,0.0992116854,6.04226716e-06,30,1.20799994,1
535208200007875,207416658,2459828.6665470442,59828.166585600004,18.2466507,0.0320659876,0,zr,253.72159239999999,11.1005501,0.75999999,-0.0700000003,20220906166586,535,0x8,0x2,19.7000008,26.2673607,0.0345217809,0.101899959,1.27264384e-05,30,1.23000002,1
535208200007875,208917098,2459843.6697340827,59843.170983800002,18.4008102,0.0355349705,0,zr,253.7216071,11.1005155,1.01100004,-0.0419999994,20220921170764,535,0x8,0x2,21.1399994,26.2965469,0.0201176628,0.0901971012,4.31065018e-06,30,1.50100005,1
535208200007875,209114871,2459845.6473111482,59845.148715299998,18.3295155,0.0338715576,0,zr,253.72161919999999,11.100550999999999,2.86599994,-0.100000001,20220923148634,535,0x8,0x2,21.0200005,26.2976398,0.0223035589,0.0973469391,5.26642316e-06,30,1.37600005,1
535208200007875,209318769,2459847.6861352529,59847.1876968,18.2495155,0.0321262032,0,zr,253.72158669999999,11.1005202,0.788999975,-0.0109999999,20220925187685,535,0x8,0x2,20.4699993,26.2342091,0.0314547457,0.100446664,1.04128258e-05,30,1.80499995,1
535208200007875,209513527,2459849.6335679856,59849.1352778,18.2808018,0.0327939987,0,zr,253.721574,11.100525599999999,1.08399999,-0.0340000018,20220927135116,535,0x8,0x2,20.4099998,26.1654911,0.0330396146,0.100872628,1.15068515e-05,30,1.36000001,1
535208200007875,209917277,2459853.6707674181,59853.172777799999,18.3384781,0.0340749584,0,zr,253.72160940000001,11.100526199999999,0.927999973,-0.00200000009,20221001172766,535,0x8,0x2,21.0300007,26.244318,0.0210020225,0.0945123732,4.63575725e-06,30,1.82599998,1
535208200007875,210317085,2459857.6685589734,59857.170856500001,18.2936821,0.0330743939,0,zr,253.72160700000001,11.1004869,1.03699994,-0.153999999,20221005170845,535,0x8,0x2,19.8400002,26.0123158,0.0322778933,0.0998271778,1.09805378e-05,30,1.97000003,1
535208200007875,210813238,2459862.6297469321,59862.132384299999,18.2684593,0.0325283408,0,zr,253.72159859999999,11.1005433,0.911000013,-0.128999993,20221010132373,535,0x8,0x2,20.2199993,26.238533,0.0263299979,0.0893500522,7.23944868e-06,30,1.62899995,1
535208200007875,212309476,2459877.5912396363,59877.094768499999,18.3250656,0.0337711684,0,zr,253.7216129,11.1005243,0.847000003,-0.0299999993,20221025094757,535,0x8,0x2,20.2999992,26.2550793,0.026958013,0.0970258787,7.73226475e-06,30,1.66499996,2
535208200007875,212309775,2459877.5942255789,59877.097754599999,18.2904243,0.0330031663,0,zr,253.72162829999999,11.100525599999999,0.985000014,-0.0920000002,20221025097755,535,0x8,0x2,20.4599991,26.2463799,0.0240607392,0.0993432179,6.17806336e-06,30,1.70099998,2
535208200007875,212310075,2459877.5972231198,59877.100752300001,18.2748489,0.0326655135,0,zr,253.72160450000001,11.100559799999999,0.790000021,-0.0469999984,20221025100741,535,0x8,0x2,20.3299999,26.2457943,0.0255960505,0.0993173346,6.99255361e-06,30,1.73800004,2
535208200007875,212310373,2459877.6002090601,59877.103738400001,18.3102703,0.0334402621,0,zr,253.72159579999999,11.1005319,1.41999996,-0.075000003,20221025103727,535,0x8,0x2,20.4699993,26.2362175,0.0230716132,0.0981445611,5.7398679e-06,30,1.77699995,2
535208200007875,212310673,2459877.603206601,59877.106736100002,18.2717628,0.0325991586,0,zr,253.721588,11.1005425,1.03900003,-0.111000001,20221025106725,535,0x8,0x2,20.3799992,26.2336884,0.0232897252,0.0982700139,5.835107e-06,30,1.81900001,2
535208200007875,212409461,2459878.5910378899,59878.094618100004,18.3534813,0.0344190411,0,zr,253.72162159999999,11.100543,0.623000026,-0.0549999997,20221026094618,535,0x8,0x2,20.5100002,26.2472973,0.0224004854,0.0998065397,5.28901683e-06,30,1.69599998,2
535208200007875,212409759,2459878.5940122353,59878.097592600003,18.4117908,0.0358005911,0,zr,253.72161940000001,11.100539700000001,0.547999978,0.0460000001,20221026097581,535,0x8,0x2,20.6499996,26.2436581,0.0217860993,0.0968615785,5.10265272e-06,30,1.73300004,2
535208200007875,212410055,2459878.5969750797,59878.100555600002,18.3899174,0.0352739803,0,zr,253.72159439999999,11.1005343,1.15999997,-0.0410000011,20221026100544,535,0x8,0x2,20.5300007,26.2397556,0.0232627131,0.101010442,5.81314134e-06,30,1.77100003,2
535208200007875,212410351,2459878.5999378264,59878.1035185,18.3757534,0.0349383503,0,zr,253.72159529999999,11.1005386,0.671000004,-0.0340000018,20221026103519,535,0x8,0x2,20.5100002,26.2326088,0.023451183,0.0996090472,5.90311265e-06,30,1.81200004,2
535208200007875,212410649,2459878.6029122728,59878.1064931,18.2924671,0.0330478139,0,zr,253.721608,11.1005419,1.05499995,-0.101000004,20221026106481,535,0x8,0x2,20.4699993,26.2272587,0.0244055297,0.0964187011,6.35722108e-06,30,1.85599995,2
535208200007875,212509432,2459879.5906982855,59879.094328699997,18.2791824,0.0327589884,0,zr,253.72161500000001,11.100523799999999,1.01900005,-0.0689999983,20221027094329,535,0x8,0x2,20.5100002,26.2429409,0.0234729834,0.102898918,5.91959451e-06,30,1.72599995,2
535208200007875,212509731,2459879.5936842314,59879.097314799998,18.3329525,0.0339493528,0,zr,253.721575,11.1005269,0.902999997,-0.075000003,20221027097303,535,0x8,0x2,20.2999992,26.2467842,0.0262727533,0.101031139,7.35619278e-06,30,1.76400006,2
535208200007875,212510028,2459879.5966586815,59879.100289399998,18.2650642,0.0324557722,0,zr,253.72158189999999,11.1005387,1.16100001,0.0109999999,20221027100289,535,0x8,0x2,20.2999992,26.2338619,0.0253210589,0.101254135,6.85826853e-06,30,1.80499995,2
535208200007875,212510327,2459879.5996446302,59879.103275499998,18.2806511,0.0327907503,0,zr,253.72157780000001,11.100555999999999,0.541000009,0.0140000004,20221027103264,535,0x8,0x2,20.2199993,26.2284451,0.0266761705,0.103555791,7.48949742e-06,30,1.84800005,2
535208200007875,212510624,2459879.6026189816,59879.106249999997,18.2655315,0.0324657485,0,zr,253.72163889999999,11.1005158,0.218999997,-0.00600000005,20221027106250,535,0x8,0x2,19.9799995,26.2253456,0.0291464813,0.100037083,9.1654374e-06,30,1.89400005,2
535208200007875,212609366,2459880.5899895523,59880.093669000002,18.4564209,0.0369070135,32768,zr,253.72157730000001,11.100543999999999,1.19299996,-0.061999999,20221028093657,535,0x8,0x2,19.7399998,26.2254486,0.0410883501,0.102846801,1.82888507e-05,30,1.75199997,2
535208200007875,212609665,2459880.5929755089,59880.096655100002,18.2627449,0.0324063152,0,zr,253.72163119999999,11.1005828,1.25300002,-0.0469999984,20221028096644,535,0x8,0x2,20.0200005,26.2236519,0.0374548584,0.109044582,1.48851868e-05,30,1.79200006,2
535208200007875,212609962,2459880.5959498575,59880.099629600001,18.3459454,0.0342456475,32768,zr,253.7216176,11.1004971,0.425000012,-0.0170000009,20221028099630,535,0x8,0x2,19.9699993,26.2309246,0.0396985598,0.0968150571,1.69692375e-05,30,1.83500004,2
535208200007875,212610261,2459880.5989358095,59880.102615700001,18.4008369,0.0355356038,32768,zr,253.7215707,11.100584400000001,0.745999992,-0.00700000022,20221028102604,535,0x8,0x2,19.9599991,26.2208519,0.0371574722,0.0994455442,1.47873425e-05,30,1.88,2
535208200007875,212610559,2459880.6019102605,59880.105590300001,18.4220409,0.0360508673,32768,zr,253.7215937,11.1005001,0.824999988,0.0289999992,20221028105590,535,0x8,0x2,19.8600006,26.2100906,0.0425872803,0.102051303,1.93128071e-05,30,1.92799997,2
535208200007875,212710756,2459881.6038413853,59881.107569400003,18.4999886,0.0380296782,0,zr,253.7216028,11.100525899999999,0.899999976,0.0659999996,20221029107569,535,0x8,0x2,20.2700005,26.2023239,0.0271079745,0.0960102305,7.77575406e-06,30,2.00999999,2
535208200007875,212909177,2459883.5879513267,59883.091770799998,18.4567833,0.036916174,0,zr,253.72160489999999,11.1005494,0.338,-0.0489999987,20221031091759,535,0x8,0x2,20.4200001,26.2157383,0.0251899045,0.0950203761,6.74917101e-06,30,1.84000003,2
535208200007875,212909479,2459883.5909720869,59883.094791700001,18.433567,0.036335025,0,zr,253.7215994,11.1005308,0.592999995,0.0140000004,20221031094792,535,0x8,0x2,20.1700001,26.1964779,0.0269065462,0.102943607,7.76103388e-06,30,1.88600004,2
535208200007875,212909781,2459883.5939927492,59883.097812499997,18.3516445,0.0343766622,0,zr,253.72160149999999,11.100571199999999,0.94599998,-0.0359999985,20221031097812,535,0x8,0x2,20.0900002,26.2045403,0.0279394276,0.105477743,8.32763635e-06,30,1.93499994,2
535208200007875,212910083,2459883.5970134083,59883.100833299999,18.4084721,0.0357200392,32768,zr,253.72155979999999,11.100586,1.03199995,-0.0480000004,20221031100833,535,0x8,0x2,19.8899994,26.2023926,0.0343167558,0.100869454,1.26225568e-05,30,1.98699999,2
535208200007875,212910386,2459883.6000456652,59883.103865700003,18.4534206,0.0368312597,0,zr,253.72152510000001,11.1005425,0.497999996,-0.00200000009,20221031103866,535,0x8,0x2,19.9799995,26.1933689,0.0317023098,0.101967454,1.0666563e-05,30,2.04200006,2
535208200007875,214107269,2459895.5684297378,59895.072696800002,18.4154034,0.035888534,32768,zr,253.72150830000001,11.1005039,0.486000001,-0.00800000038,20221112072685,535,0x8,0x2,18.9899998,26.1951485,0.0424082018,0.0917477161,2.1345686e-05,30,2.07299995,2
535208200007875,214107512,2459895.5708601712,59895.075127299999,18.4600201,0.0369981341,32768,zr,253.72161850000001,11.1005868,0.5,-0.0829999968,20221112075127,535,0x8,0x2,19.5499992,26.2189083,0.0395184122,0.0930907801,1.68220413e-05,30,2.12199998,2
535208200007875,214107755,2459895.5732906959,59895.077557899996,18.4343224,0.0363537595,32768,zr,253.72159329999999,11.100591100000001,0.984000027,0.00700000022,20221112077558,535,0x8,0x2,19.5200005,26.1872482,0.0473468341,0.102355294,2.37876593e-05,30,2.17400002,2
535208200007875,214108000,2459895.5757327359,59895.080000000002,18.4626446,0.0370647833,32768,zr,253.721746,11.100774100000001,0.676999986,-0.128999993,20221112079988,535,0x8,0x2,18.7099991,25.5576153,0.054709889,0.0875463113,4.0117553e-05,30,2.22900009,2
535208200007875,214108243,2459895.5781632415,59895.082430599999,18.2948799,0.0331006423,32768,zr,253.72158150000001,11.1004991,0.651000023,-0.0860000029,20221112082419,535,0x8,0x2,19.75,26.1828041,0.0409471877,0.10240946,1.76879948e-05,30,2.28699994,2
535208200007875,214207273,2459896.568435567,59896.072731499997,18.4269905,0.0361725353,32768,zr,253.7215071,11.1004904,0.662999988,0.108000003,20221113072720,535,0x8,0x2,18.8799992,26.2062511,0.0439197458,0.0995812416,2.32306338e-05,30,2.12899995,2
535208200007875,214207515,2459896.5708545018,59896.075150500001,18.3960114,0.0354196727,32768,zr,253.72159679999999,11.1005403,0.300999999,0.0270000007,20221113075139,535,0x8,0x2,19.0900002,26.195282,0.0405733995,0.101599716,1.86611815e-05,30,2.18099999,2
535208200007875,214207756,2459896.5732733379,59896.077569399997,18.3798409,0.0350347795,32768,zr,253.72165860000001,11.100633500000001,0.713,-0.0529999994,20221113077558,535,0x8,0x2,19.2900009,26.196146,0.043733716,0.0901073515,2.06147797e-05,30,2.23600006,2
535208200007875,214207997,2459896.5756807644,59896.0799769,18.4126854,0.0358223319,32768,zr,253.7216445,11.1005916,0.907999992,-0.0469999984,20221113079977,535,0x8,0x2,19.4799995,26.1810188,0.0402438231,0.0971386507,1.69427585e-05,30,2.29399991,2
535208200007875,214208238,2459896.5780880912,59896.082384300003,18.4022579,0.035569828,32768,zr,253.72163610000001,11.100543999999999,0.822000027,-0.0270000007,20221113082384,535,0x8,0x2,19.2900009,26.1736298,0.0438948385,0.100920156,2.11065526e-05,30,2.35599995,2
535208200007875,214307236,2459897.5680376724,59897.072361099999,18.2472153,0.0320778489,32768,zr,253.7215874,11.100540199999999,0.432000011,-0.0320000015,20221114072350,535,0x8,0x2,18.8400002,26.1894741,0.042211581,0.100771435,2.17219895e-05,30,2.18000007,2
535208200007875,214307478,2459897.5704566068,59897.074780100003,18.3170795,0.0335920155,32768,zr,253.7216367,11.100540199999999,0.503000021,-0.0529999994,20221114074769,535,0x8,0x2,19.0699997,26.1744194,0.0435137227,0.101816542,2.10031794e-05,30,2.2349999,2
535208200007875,214307718,2459897.5728639392,59897.077187499999,18.2611618,0.03237262,32768,zr,253.72168160000001,11.100506599999999,0.193000004,0.0149999997,20221114077188,535,0x8,0x2,19.1900005,26.1675129,0.0420462899,0.104132116,1.94292552e-05,30,2.29299998,2
535208200007875,214307960,2459897.5752828657,59897.079606500003,18.2890358,0.0329728685,32768,zr,253.72153359999999,11.1004991,0.368000001,-0.0120000001,20221114079606,535,0x8,0x2,19.2800007,26.1604099,0.047534477,0.104857333,2.41082089e-05,30,2.35400009,2
535208200007875,214308202,2459897.5777018005,59897.0820255,18.2575111,0.0322951153,32768,zr,253.7215989,11.1005053,1.13300002,-0.0590000004,20221114082025,535,0x8,0x2,19.4099998,26.1598759,0.0403533727,0.0889651552,1.73412045e-05,30,2.42000008,2
535208200007875,214407152,2459898.5671782536,59898.071527799999,18.3968582,0.0354399718,32768,zr,253.72163119999999,11.100524099999999,0.957000017,-0.0320000015,20221115071493,535,0x8,0x2,19.5599995,26.2022133,0.0359102897,0.0993835852,1.39796066e-05,30,2.22300005,2
535208200007875,214407391,2459898.5695623886,59898.073912,18.2983685,0.0331772044,0,zr,253.72159479999999,11.100527599999999,1.13900006,-0.100000001,20221115073877,535,0x8,0x2,19.8099995,26.2077293,0.0315593556,0.101379573,1.05482777e-05,30,2.27900004,2
535208200007875,214407629,2459898.5719466261,59898.076296300002,18.4756908,0.0373983011,0,zr,253.7216134,11.100537900000001,0.463999987,-0.0410000011,20221115076262,535,0x8,0x2,19.8400002,26.1981869,0.0341010541,0.102125034,1.23569134e-05,30,2.33899999,2
535208200007875,214407868,2459898.5743308626,59898.078680600003,18.4323864,0.0363057964,0,zr,253.72158060000001,11.1005594,0.778999984,-0.131999999,20221115078657,535,0x8,0x2,19.9799995,26.1858921,0.0300976224,0.097436972,9.73817896e-06,30,2.40300012,2
535208200007875,214408106,2459898.5767149944,59898.081064799997,18.4711056,0.0372806638,0,zr,253.72155129999999,11.1004875,0.730000019,-0.0599999987,20221115081042,535,0x8,0x2,20.0200005,26.1826553,0.0309314132,0.101742975,1.02891117e-05,30,2.47000003,2
535208200007875,214507359,2459899.5692251381,59899.0735995,18.2657833,0.0324711166,32768,zr,253.72165190000001,11.1005462,0.412999988,-0.0979999974,20221116073588,535,0x8,0x2,19.1000004,26.200079,0.0426344126,0.107893281,1.99935621e-05,30,2.33999991,2
535208200007875,214507599,2459899.5716209719,59899.075995400002,18.2682457,0.0325237475,32768,zr,253.7215626,11.100497799999999,0.268000007,-0.0540000014,20221116075984,535,0x8,0x2,19.1800003,26.1965694,0.0475659519,0.0990622491,2.46554137e-05,30,2.40400004,2
535208200007875,214507837,2459899.5740051134,59899.078379600003,18.2856598,0.0328993686,32768,zr,253.72167049999999,11.100453099999999,0.43599999,0.00999999978,20221116078368,535,0x8,0x2,19.1900005,26.1830387,0.048341725,0.101715498,2.51556139e-05,30,2.47099996,2
535208200007875,214508076,2459899.5763893514,59899.080763899998,18.0907154,0.0290112048,32768,zr,253.72154939999999,11.1005091,1.28799999,-0.0979999974,20221116080752,535,0x8,0x2,19.3999996,26.180975,0.0485030413,0.0993037894,2.53523667e-05,30,2.54299998,2
535208200007875,214607092,2459900.5665282048,59900.0709259,17.9427109,0.0264849048,32768,zr,253.7213989,11.1002302,0.630999982,0.338,20221117070926,535,0x8,0x2,17.9599991,26.2217484,0.0464386828,0.10184969,5.99559426e-05,30,2.34200001,2
535208200007875,214607809,2459900.5736924489,59900.078090299998,17.9573517,0.0267198756,32768,zr,253.72148010000001,11.100488,0.725000024,0.754000008,20221117078090,535,0x8,0x2,18.2199993,26.1915112,0.0491501465,0.0994467586,5.28562741e-05,30,2.54500008,2
535208200007875,214608047,2459900.5760766175,59900.080474499999,18.3197899,0.0336526893,32768,zr,253.72173860000001,11.1008342,1.04200006,0.70599997,20221117080475,535,0x8,0x2,18.5699997,26.1922817,0.0508794114,0.0958453119,3.80040983e-05,30,2.62199998,2
535208200007875,214807186,2459902.567423156,59902.0718634,18.3544464,0.0344413444,32768,zr,253.7216233,11.100520400000001,0.49000001,-0.0439999998,20221119071863,535,0x8,0x2,18.8500004,26.162672,0.043731235,0.0924783498,2.31271715e-05,30,2.52099991,2
535208200007875,214807432,2459902.5698884032,59902.0743287,18.270874,0.0325800739,32768,zr,253.72159009999999,11.1005281,0.561999977,0.00600000005,20221119074317,535,0x8,0x2,19.2099991,26.1362286,0.0422381312,0.101985365,1.96563615e-05,30,2.59899998,2
535208200007875,214807677,2459902.5723304506,59902.076770799998,18.2170811,0.0314533375,32768,zr,253.72157910000001,11.100512200000001,1.05900002,-0.0149999997,20221119076771,535,0x8,0x2,19.3999996,26.1145954,0.0412295908,0.108761705,1.85064637e-05,30,2.68099999,2
535208200007875,214807922,2459902.5747840977,59902.079224499998,18.2617664,0.0323854759,32768,zr,253.7215367,11.1005111,0.83099997,-0.0359999985,20221119079225,535,0x8,0x2,19.4300003,26.1094894,0.0410822034,0.102887869,1.81634823e-05,30,2.76999998,2
535208200007875,214808167,2459902.5772377481,59902.081678199997,18.2755814,0.0326812789,32768,zr,253.72160930000001,11.1005135,0.611000001,-0.0209999997,20221119081678,535,0x8,0x2,19.4599991,26.0835056,0.0391785428,0.104313493,1.65898491e-05,30,2.86500001,2
535208200007875,220255601,2459957.0526153231,59956.556018499999,18.4498367,0.0367410481,32768,zr,253.72162700000001,11.1005501,0.904999971,0.0359999985,20230112555972,535,0x8,0x2,19.3600006,26.2190552,0.0412124433,0.0944575518,1.83248121e-05,30,2.00999999,1
535208200007875,220255855,2459957.0551501587,59956.558553199997,18.4591427,0.0369758978,32768,zr,253.7217216,11.1005257,0.887000024,0.0480000004,20230112558495,535,0x8,0x2,19.4200001,26.2383804,0.0383962914,0.0874143466,1.60401923e-05,30,1.96500003,1
535208200007875,220256108,2459957.0576851051,59956.561088000002,18.4256592,0.0361397527,32768,zr,253.72160840000001,11.1004732,1.15600002,0.0780000016,20230112561042,535,0x8,0x2,19.3700008,26.2068748,0.0402193032,0.0913413763,1.7549035e-05,30,1.92200005,1
535208200007875,220256363,2459957.0602315506,59956.563634300001,18.4501305,0.0367484204,0,zr,253.72163649999999,11.100550800000001,1.45099998,-0.0250000004,20230112563576,535,0x8,0x2,20.1200008,26.2303314,0.0266918242,0.091298297,7.61995034e-06,30,1.88199997,1
535208200007875,220256616,2459957.0627663997,59956.566168999998,18.5076103,0.0382305197,0,zr,253.72156430000001,11.100601899999999,0.63499999,0.0280000009,20230112566111,535,0x8,0x2,19.7299995,26.2158318,0.0311950743,0.0953500196,1.03734119e-05,30,1.84300005,1
535208200007875,220355778,2459958.054441981,59957.557789400002,17.9753685,0.0270133652,32768,zr,253.72150110000001,11.1004954,0.940999985,0.119000003,20230113557766,535,0x8,0x2,18.5300007,24.6538544,0.0751613081,0.0935277343,0.000119304561,30,1.93200004,1
535208200007875,220356530,2459958.0619538999,59957.565300900002,18.0661716,0.028568361,32768,zr,253.72169510000001,11.1005032,0.606999993,-0.0329999998,20230113565278,535,0x8,0x2,18.8600006,24.9427357,0.0438222736,0.105539314,2.94404454e-05,30,1.81599998,1
535208200007875,222955431,2459984.0527439411,59983.554317100003,18.3791275,0.0350179374,32768,zr,253.7216377,11.100704500000001,0.481000006,0.075000003,20230208554317,535,0x8,0x2,19.5499992,26.25737,0.0521658026,0.0820397884,2.91528886e-05,30,1.29200006,1
535208200007875,223153603,2459986.0346121546,59985.536030099996,18.2993431,0.0331986547,32768,zr,253.72161940000001,11.1005366,0.814999998,-0.00400000019,20230210536019,535,0x8,0x2,19.6700001,26.3217697,0.0352846123,0.0990453959,1.31133502e-05,30,1.36399996,1
535208200007875,224050409,2459995.0034032492,59994.504097199999,18.4485493,0.0367087089,0,zr,253.7216062,11.100541399999999,0.526000023,-0.00400000019,20230219504097,535,0x8,0x2,20.8700008,26.2895947,0.0235434193,0.0908639282,5.93353616e-06,30,1.41199994,1
535208200007875,226247067,2460016.9718033327,60016.470671299998,18.3839951,0.035133142,0,zr,253.72163710000001,11.1005422,0.469999999,-0.0549999997,20230313470625,535,0x8,0x2,20.5300007,26.2852936,0.0215297062,0.0973543525,4.95950007e-06,30,1.26100004,1
535208200007875,226746479,2460021.9663290624,60021.464791699997,18.2744675,0.0326573029,0,zr,253.7216516,11.1005547,0.963,-0.00899999961,20230318464780,535,0x8,0x2,20.7399998,26.297781,0.0228855871,0.0916328579,5.59073078e-06,30,1.22800004,1
535208200007875,227842581,2460032.9281973504,60032.425810200002,18.351923,0.0343830921,0,zr,253.72164720000001,11.100541099999999,1.45500004,-0.0949999988,20230329425810,535,0x8,0x2,21.3299999,26.2830219,0.0185694974,0.09316881,3.70923067e-06,30,1.26600003,1
535208200007875,228946295,2460043.9661141206,60043.462951399997,18.2729568,0.032624796,0,zr,253.72163180000001,11.100536,1.11399996,-0.112000003,20230409462940,535,0x8,0x2,20.7000008,26.3147583,0.0234615244,0.0882372856,5.7730681e-06,30,1.08899999,1
535208200007875,229144171,2460045.945004229,60045.441713,18.3185291,0.0336244442,0,zr,253.72161209999999,11.1005444,1.03299999,-0.0260000005,20230411441701,535,0x8,0x2,20.9300003,26.3267307,0.0199208539,0.0957874805,4.2336319e-06,30,1.11000001,1
535208200007875,229543207,2460049.9356112015,60049.432071800002,18.455986,0.0368960164,0,zr,253.7216272,11.100551599999999,1.39699996,-0.111000001,20230415432060,535,0x8,0x2,21.4599991,26.2457371,0.0200424995,0.0953257009,4.27885152e-06,30,1.10800004,1
535208200007875,229742392,2460051.9275810914,60051.423923599999,18.3582687,0.0345298052,0,zr,253.7216305,11.100539899999999,1.40699995,-0.0549999997,20230417423912,535,0x8,0x2,21.5799999,26.3196888,0.0191717986,0.0919357985,3.91967069e-06,30,1.11300004,1
535208200007875,229944096,2460053.9447335494,60053.440960599997,18.2664185,0.0324846916,0,zr,253.721632,11.1005623,1.31299996,-0.109999999,20230419440949,535,0x8,0x2,21.0900002,26.3005466,0.0190978274,0.0966685489,3.86189276e-06,30,1.08399999,1
535208200007875,230140061,2460055.9044943964,60055.400613400001,18.3255501,0.0337820947,0,zr,253.7216257,11.1005144,0.625999987,0.0560000017,20230421400602,535,0x8,0x2,21.5100002,26.3072243,0.0206666887,0.0911031887,4.51725964e-06,30,1.13800001,1
535208200007875,230344023,2460057.9442205271,60057.440231499997,18.3822422,0.0350916088,0,zr,253.72162180000001,11.100542900000001,1.24800003,-0.063000001,20230423440185,535,0x8,0x2,21.4099998,26.2831154,0.0199293178,0.0919691548,4.25943972e-06,30,1.07700002,1
535208200007875,230543523,2460059.9393216884,60059.4352315,18.4169655,0.0359266698,0,zr,253.7216147,11.100524699999999,1.39199996,-0.0489999987,20230425435000,535,0x8,0x2,21.3299999,26.2163525,0.0202231929,0.0986114889,4.37343897e-06,30,1.07700002,1
535208200007875,230946381,2460063.9680998703,60063.4638194,18.2997112,0.0332067572,0,zr,253.72161600000001,11.1005433,0.546999991,-0.0149999997,20230429463819,535,0x8,0x2,21.25,26.282156,0.0190817062,0.0953581706,3.94674043e-06,30,1.08899999,1
535208200007875,231340225,2460067.9067047215,60067.402256900001,18.3716564,0.0348420776,0,zr,253.7216124,11.1005518,0.802999973,-0.0399999991,20230503402245,535,0x8,0x2,20.0100002,26.2610035,0.0294377673,0.0951565653,9.22932941e-06,30,1.08399999,1
535208200007875,232441708,2460078.9218960335,60078.417083300003,18.2635765,0.0324240401,0,zr,253.7216378,11.1005264,0.813000023,-0.0439999998,20230514417072,535,0x8,0x2,21.2999992,26.2814617,0.0221549366,0.105730377,5.17893841e-06,30,1.08399999,1
535208200007875,232739450,2460081.8993864562,60081.394502299998,18.3390732,0.0340885147,0,zr,253.72163259999999,11.100531,1.11000001,-0.0839999989,20230517394491,535,0x8,0x2,21.5599995,26.2758999,0.021332439,0.0893342346,4.87371699e-06,30,1.07500005,1
535208200007875,233041704,2460084.9219929762,60084.4170486,18.4525757,0.0368099883,0,zr,253.72164069999999,11.1005501,0.811999977,0.0299999993,20230520417037,535,0x8,0x2,20.5599995,26.2122173,0.027503904,0.104114272,8.11535119e-06,30,1.10300004,1
535208200007875,233237745,2460086.8824304668,60086.377453699999,18.3300133,0.0338828191,0,zr,253.72162520000001,11.100527,1.477,-0.0130000003,20230522377442,535,0x8,0x2,21.6200008,26.2665997,0.0196507219,0.0931199864,4.1533176e-06,30,1.07500005,1
535208200007875,233439064,2460088.8956526094,60088.390648100001,18.3001156,0.0332156569,0,zr,253.72162180000001,11.1005273,0.782000005,-0.0410000011,20230524390648,535,0x8,0x2,21.2900009,26.2971611,0.0214572381,0.105095014,4.94441838e-06,30,1.08399999,1
535208200007875,233633678,2460090.8418084108,60090.336782400002,18.3117619,0.0334734209,0,zr,253.72164609999999,11.100557999999999,0.806999981,0.00400000019,20230526336759,535,0x8,0x2,20.4500008,26.2642269,0.0249859244,0.107790783,6.64500112e-06,30,1.08700001,1
535208200007875,233837401,2460092.8790591042,60092.374016200003,18.3983307,0.0354753435,0,zr,253.72162829999999,11.1005398,1.25399995,-0.0590000004,20230528374005,535,0x8,0x2,21.6900005,26.2876034,0.0194678362,0.0942775458,4.03785816e-06,30,1.08000004,1
535208200007875,234537217,2460099.8772331183,60099.372175899996,18.3668022,0.0347284339,0,zr,253.7216626,11.100528300000001,0.646000028,-0.0520000011,20230604372153,535,0x8,0x2,19.6399994,26.2816448,0.0336872227,0.10359551,1.18707367e-05,30,1.097,1
535208200007875,234736543,2460101.8704887428,60101.3654398,18.2805347,0.0327882208,0,zr,253.7216047,11.100543399999999,0.861000001,-0.0379999988,20230606365417,535,0x8,0x2,20.3199997,26.2770061,0.0233419538,0.093063429,5.7047032e-06,30,1.09500003,1
535208200007875,235533688,2460109.8418479557,60109.336886600002,18.3938637,0.0353682265,0,zr,253.7216263,11.1005479,1.00399995,-0.0549999997,20230614336887,535,0x8,0x2,21.5,26.2714367,0.0193009451,0.096403867,3.9861402e-06,30,1.08800006,1
535208200007875,236034012,2460114.8449895228,60114.340127299998,18.4220123,0.0360501632,0,zr,253.7216262,11.1005529,1.125,-0.0879999995,20230619340116,535,0x8,0x2,21.1700001,26.3180122,0.0184513237,0.0981286541,3.66524387e-06,30,1.11099994,1
535208200007875,236231276,2460116.8175801598,60116.312766199997,18.3477192,0.0342863612,0,zr,253.7216262,11.100553400000001,0.620000005,-0.0370000005,20230621312743,535,0x8,0x2,20.8400002,26.3005638,0.0205414239,0.0993953869,4.50584594e-06,30,1.08299994,1
535208200007875,236429593,2460118.8006977891,60118.295937499999,18.3015461,0.0332471766,0,zr,253.7216209,11.100523799999999,1.64699996,-0.0710000023,20230623295914,535,0x8,0x2,21.2800007,26.3109684,0.0179498363,0.0946785063,3.45048807e-06,30,1.07599998,1
535208200007875,236626320,2460120.7679080172,60120.263206000003,18.3478165,0.0342885777,0,zr,253.7216229,11.100549300000001,0.90200001,-0.0280000009,20230625263194,535,0x8,0x2,21.3199997,26.3348942,0.01778486,0.0927952603,3.36004268e-06,30,1.08000004,1
535208200007875,236827539,2460122.7800308149,60122.2753935,18.4407215,0.0365128703,0,zr,253.72163180000001,11.100537900000001,0.382999986,0.0120000001,20230627275382,535,0x8,0x2,20.7900009,26.3137417,0.0193216465,0.0920864195,4.03988861e-06,30,1.074,1
535208200007875,237043262,2460124.9371895064,60124.432627299997,18.4721336,0.0373069867,0,zr,253.72161070000001,11.1005582,0.943000019,0.0560000017,20230629432616,535,0x8,0x2,20.5100002,26.1729012,0.0252071433,0.0980993658,6.78002607e-06,30,1.86399996,1
535208200007875,237234725,2460126.8517478225,60126.347256900001,18.3579025,0.0345213227,32768,zr,253.72165820000001,11.100588800000001,0.866999984,0.00200000009,20230701347234,535,0x8,0x2,19.8099995,26.2815266,0.0361279994,0.10182552,1.38896385e-05,30,1.21800005,1
535208200007875,237431646,2460128.8208828298,60128.316469899997,18.2503986,0.0321447998,0,zr,253.72163789999999,11.100527899999999,0.134000003,-0.0130000003,20230703316470,535,0x8,0x2,19.8999996,26.3131275,0.0302893184,0.0950106382,9.73763326e-06,30,1.13999999,1
535208200007875,238021280,2460134.7169530634,60134.212800900001,18.335207,0.034000542,0,zr,253.72163019999999,11.1005403,0.500999987,0.0370000005,20230709212789,535,0x8,0x2,21.7099991,26.3316956,0.0213167798,0.0923931301,4.86025192e-06,30,1.09099996,1
535208200007875,238229188,2460136.7959373617,60136.291886600004,18.3131943,0.0335053205,0,zr,253.72162080000001,11.1005562,1.00600004,0.0390000008,20230711291875,535,0x8,0x2,21.4500008,26.3127632,0.0192064513,0.0931640938,3.9487054e-06,30,1.13399994,1
535208200007875,238427656,2460138.7805120554,60138.276562500003,18.355011,0.0344543755,0,zr,253.72162900000001,11.1005509,1.12600005,-0.0419999994,20230713276539,535,0x8,0x2,21.2199993,26.1291561,0.0203508437,0.0898505673,4.44078796e-06,30,1.11399996,1
535208200007875,238626741,2460140.7712627966,60140.267419000003,18.3675442,0.0347457565,0,zr,253.72162760000001,11.1004895,0.963999987,0.0590000004,20230715267407,535,0x8,0x2,21.0300007,26.3146801,0.0219683275,0.101620212,5.14053227e-06,30,1.10800004,1
535208200007875,238933864,2460143.842318336,60143.338645800002,18.3189697,0.0336343199,0,zr,253.72161209999999,11.1005634,0.792999983,-0.0430000015,20230718338646,535,0x8,0x2,21.0599995,26.2584801,0.0207597446,0.0965778828,4.55145891e-06,30,1.41900003,1
535208200007875,239127101,2460145.7745785462,60145.271018500003,18.2807388,0.0327926353,0,zr,253.72158809999999,11.1005311,1.00600004,0.0390000008,20230720271007,535,0x8,0x2,20.9899998,26.3301125,0.0216764957,0.107214518,5.01211707e-06,30,1.14300001,1
535208200007875,239223361,2460146.7371137612,60146.233611099997,18.3159561,0.0335669294,0,zr,253.72160539999999,11.1005506,1.01499999,-0.0450000018,20230721233600,535,0x8,0x2,21.1800003,26.3179893,0.019409854,0.0952045023,4.04250795e-06,30,1.08500004,2
535208200007875,239323519,2460147.7386388141,60147.2351968,18.4218559,0.0360463336,0,zr,253.72161929999999,11.1005387,1.05299997,-0.0960000008,20230722235185,535,0x8,0x2,21.25,26.2888947,0.017610589,0.0912920535,3.37653591e-06,30,1.09000003,1
535208200007875,239720089,2460151.7040842022,60151.200891200002,18.346941,0.0342684872,0,zr,253.72162399999999,11.100538500000001,0.671000004,0.0199999996,20230726200891,535,0x8,0x2,21.1700001,26.2795944,0.0206481051,0.0903864652,4.61278205e-06,30,1.07500005,1
535208200007875,239924822,2460153.7512883432,60153.248229199999,18.3533363,0.0344157107,0,zr,253.7216104,11.100530900000001,0.465999991,0.00300000003,20230728248229,535,0x8,0x2,20.7399998,26.2811108,0.0220378451,0.0944698155,5.23382778e-06,30,1.13999999,1
535208200007875,240129796,2460155.8008847153,60155.297962999997,18.3585625,0.0345366374,0,zr,253.72161180000001,11.100533499999999,1.01600003,-0.0529999994,20230730297963,535,0x8,0x2,20.2399998,26.2134743,0.0294585358,0.0935806111,9.16298904e-06,30,1.36600006,1
535208200007875,240525523,2460159.7578789829,60159.255231499999,18.3437691,0.0341957733,0,zr,253.72161,11.1005652,0.409000009,-0.0289999992,20230803255185,535,0x8,0x2,20.3299999,26.3094082,0.0253430847,0.0981501862,6.87439933e-06,30,1.21099997,1
535208200007875,240734237,2460161.8448709655,60161.342372699997,18.2574043,0.0322928391,0,zr,253.7215932,11.100544899999999,0.888999999,0.00300000003,20230805342373,535,0x8,0x2,20.2999992,26.2023907,0.0268525835,0.0978275463,7.58356055e-06,30,2.04699993,1
535208200007875,240928925,2460163.7916159052,60163.2892593,18.2870903,0.0329304822,0,zr,253.7215879,11.1005451,1.36000001,-0.0989999995,20230807289259,535,0x8,0x2,20.5300007,26.2994003,0.0232452191,0.102362223,5.81001132e-06,30,1.45799994,1
535208200007875,241021208,2460164.7143719541,60164.212083300001,18.2886505,0.0329644755,0,zr,253.72160890000001,11.1005398,1.25300002,-0.0469999984,20230808212060,535,0x8,0x2,21.1299992,26.2805061,0.0190407671,0.0988897979,3.91321782e-06,30,1.12699997,2
535208200007875,241227092,2460166.7730609435,60166.270925899997,18.2850018,0.0328850746,0,zr,253.7216196,11.100539899999999,0.992999971,-0.0439999998,20230810270810,535,0x8,0x2,21.3500004,26.2848206,0.0208603144,0.0962185934,4.62898606e-06,30,1.38499999,1
535208200007875,241628369,2460170.7855211124,60170.283692099998,18.2672157,0.0325017162,0,zr,253.72160239999999,11.1005217,1.21399999,-0.00499999989,20230814283681,535,0x8,0x2,20.8799992,26.2239075,0.0213421471,0.0990134478,4.84255042e-06,30,1.57700002,1
535208200007875,241918696,2460173.6885704282,60173.186967599999,18.290802,0.0330114216,0,zr,253.7216353,11.1005374,1.27100003,-0.0560000017,20230817186968,535,0x8,0x2,21.2399998,26.2998142,0.0212155655,0.0926267132,4.81617553e-06,30,1.12600005,1
535208200007875,242827644,2460182.7773216129,60182.276446800002,18.4436531,0.0365860574,0,zr,253.72159239999999,11.1005334,0.843999982,-0.0289999992,20230826276435,535,0x8,0x2,20.1599998,26.247612,0.0289854184,0.101498485,8.8967663e-06,30,1.898,1
535208200007875,243025011,2460184.7508297632,60184.250115700001,18.2755203,0.0326799676,0,zr,253.72162119999999,11.100528600000001,0.708999991,-0.00800000038,20230828249977,535,0x8,0x2,20.2900009,26.2673435,0.0270904601,0.101827711,7.79602487e-06,30,1.625,1
535208200007875,243225981,2460186.760364539,60186.259814800003,18.1847229,0.030801272,32768,zr,253.7216143,11.100547600000001,0.5,-0.0340000018,20230830259815,535,0x8,0x2,19.8500004,26.2398796,0.0395077728,0.0923374146,1.63712048e-05,30,1.81200004,1
535208200007875,243925535,2460193.7553343689,60193.255358800001,18.3509026,0.034359578,0,zr,253.7215516,11.100565400000001,0.924000025,-0.0670000017,20230906255359,535,0x8,0x2,20.3999996,26.1615295,0.0250512343,0.104447357,6.67571703e-06,30,2.05500007,1
535208200007875,244122729,2460195.7271055551,60195.227291700001,18.3660984,0.0347119756,0,zr,253.72159790000001,11.100549900000001,0.977999985,-0.0450000018,20230908227280,535,0x8,0x2,20.4500008,26.159441,0.0238121506,0.103219703,6.08780783e-06,30,1.70700002,1
535208200007875,244618612,2460200.685531944,60200.186122699997,18.3134499,0.0335110053,0,zr,253.72161199999999,11.100554600000001,0.973999977,-0.0810000002,20230913186123,535,0x8,0x2,20.8600006,26.2887211,0.0212156456,0.103321239,4.81172174e-06,30,1.44200003,1
535208200007875,244815211,2460202.651368279,60202.152118099999,18.3976326,0.0354585648,0,zr,253.72163430000001,11.100562099999999,0.842999995,-0.0560000017,20230915152118,535,0x8,0x2,20.8700008,26.2580624,0.0215849895,0.0980051234,4.93958805e-06,30,1.27100003,1
535208200007875,245015123,2460204.6503278711,60204.151238400002,18.2632618,0.0324173383,0,zr,253.72159339999999,11.1005348,0.620999992,-0.0480000004,20230917151238,535,0x8,0x2,21.2000008,26.2685375,0.02040774,0.100484692,4.45146497e-06,30,1.29299998,1
535208200007875,245218718,2460206.6861145911,60206.1871875,18.3188858,0.0336324237,0,zr,253.72162030000001,11.1005357,1.25699997,0,20230919187176,535,0x8,0x2,20.9500008,26.2822399,0.0198694635,0.098239474,4.25475037e-06,30,1.59500003,1
535208200007875,245815106,2460212.6495259232,60212.151064799997,18.3518467,0.0343813337,0,zr,253.72160919999999,11.100536200000001,0.564999998,-0.0719999969,20230925151053,535,0x8,0x2,20.7299995,26.2812748,0.0211478882,0.0935908258,4.74621311e-06,30,1.42499995,1
535208200007875,246017383,2460214.6721379026,60214.173831,18.3513145,0.0343690813,0,zr,253.7215784,11.1005222,0.851999998,-0.063000001,20230927173819,535,0x8,0x2,20.1299992,26.2664757,0.0264187809,0.100668259,7.38814788e-06,30,1.68799996,1
535208200007875,246713182,2460221.6296234564,60221.131828700003,18.2943649,0.0330893584,0,zr,253.7216023,11.1005599,0.280000001,-0.0170000009,20231004131829,535,0x8,0x2,20.2800007,26.22645,0.0271231961,0.100796878,7.92312039e-06,30,1.46599996,1
535208200007875,246917624,2460223.6739002876,60223.176249999997,18.3001556,0.0332165249,0,zr,253.72158569999999,11.1005363,0.349999994,-0.00400000019,20231006176250,535,0x8,0x2,19.9099998,26.1817703,0.0355226435,0.108976908,1.32975301e-05,30,2.1099999,1
535208200007875,247316479,2460227.6621693354,60227.164791700001,18.3631439,0.0346430987,0,zr,253.72164520000001,11.1005029,0.785000026,-0.140000001,20231010164792,535,0x8,0x2,19.6700001,25.9357147,0.0377928279,0.0981617644,1.53766141e-05,30,2.09899998,1
535208200007875,247713120,2460231.628323284,60231.131203700003,18.3188324,0.0336312503,0,zr,253.72158569999999,11.100568600000001,0.657000005,-0.0410000011,20231014131204,535,0x8,0x2,20.5799999,26.215353,0.0224130191,0.0990747511,5.36325024e-06,30,1.73500001,1
535208200007875,247913130,2460233.6283027134,60233.131307900003,18.2615013,0.032379847,0,zr,253.72160919999999,11.100554499999999,1.24600005,-0.0900000036,20231016131308,535,0x8,0x2,20.1200008,26.2588634,0.0335586555,0.108111568,1.2046251e-05,30,1.80900002,1
535208200007875,248111689,2460235.613772843,60235.116898100001,18.4308701,0.0362682901,0,zr,253.72163710000001,11.100546400000001,0.805000007,0.0140000004,20231018116887,535,0x8,0x2,20.6599998,26.2380848,0.0216381121,0.0967872366,5.06149763e-06,30,1.69299996,1
535208200007875,248810717,2460242.6036599837,60242.107175899997,18.3647785,0.0346811824,0,zr,253.72160940000001,11.100556600000001,1.11199999,-0.0209999997,20231025107164,535,0x8,0x2,20.2199993,26.2103004,0.0276568756,0.0982033536,8.15852309e-06,30,1.81599998,2
535208200007875,248811016,2460242.6066459203,60242.110161999997,18.3352776,0.0340021364,0,zr,253.72157780000001,11.100498099999999,0.563000023,-0.0790000036,20231025110162,535,0x8,0x2,20.2000008,26.2117958,0.026604522,0.0933239684,7.61691217e-06,30,1.86000001,2
535208200007875,248910914,2460243.605575901,60243.109143499998,18.3266754,0.0338074602,0,zr,253.721598,11.1005246,0.754000008,-0.0799999982,20231026109144,535,0x8,0x2,19.7199993,26.2437973,0.0325637795,0.101121411,1.13498618e-05,30,1.88600004,2
535208200007875,249109383,2460245.5901643969,60245.093830999998,18.4534874,0.0368329436,32768,zr,253.721575,11.100505699999999,0.808000028,0.023,20231028093831,535,0x8,0x2,19.4500008,26.2625885,0.036409419,0.0978226066,1.43148909e-05,30,1.74600005,2
535208200007875,249109681,2460245.5931503545,60245.096817099999,18.3870392,0.0352054499,0,zr,253.72163900000001,11.1005693,0.915000021,0.0179999992,20231028096817,535,0x8,0x2,19.8400002,26.2621384,0.0327658616,0.0992836803,1.15964485e-05,30,1.78499997,2
535208200007875,249109980,2460245.5961363004,60245.099803199999,18.4666576,0.0371669568,0,zr,253.72158540000001,11.1005181,0.865999997,-0.138999999,20231028099803,535,0x8,0x2,19.8400002,26.2427845,0.030612966,0.0983588696,9.9670815e-06,30,1.82799995,2
535208200007875,249110280,2460245.5991338482,60245.1028009,18.323143,0.0337279439,32768,zr,253.72152940000001,11.100542799999999,0.658999979,0.0370000005,20231028102789,535,0x8,0x2,19.6299992,26.2482433,0.0366117842,0.0979153365,1.44323594e-05,30,1.87199998,2
535208200007875,249110747,2460245.6038096189,60245.107476899997,18.3309059,0.0339030176,32768,zr,253.72160410000001,11.1005181,0.823000014,-0.0460000001,20231028107465,535,0x8,0x2,19.7600002,26.2415771,0.0333060399,0.096362792,1.21171943e-05,30,1.94799995,2
535208200007875,249309208,2460247.5883215759,60247.092083299998,18.5005875,0.0380454287,32768,zr,253.7214031,11.1004738,1.222,0.233999997,20231030092083,535,0x8,0x2,18.8799992,26.2369823,0.0450895168,0.105252102,2.37696186e-05,30,1.79499996,2
535208200007875,249309512,2460247.591365457,60247.095127300003,18.1476097,0.0300763957,32768,zr,253.72173129999999,11.1006236,0.883000016,0.0370000005,20231030095116,535,0x8,0x2,18.8999996,26.2338295,0.0428223088,0.105128378,2.27046239e-05,30,1.83899999,2
535208200007875,249309815,2460247.5943977041,60247.098159699999,18.2660255,0.0324762873,32768,zr,253.721574,11.100647499999999,0.666999996,-0.00999999978,20231030098148,535,0x8,0x2,18.9200001,26.2293091,0.0445400588,0.0964724794,2.34066156e-05,30,1.88499999,2
535208200007875,249310119,2460247.5974299838,60247.101192100003,18.4228096,0.0360697322,32768,zr,253.72191359999999,11.100725799999999,0.790000021,0.495999992,20231030101192,535,0x8,0x2,18.7099991,26.2212296,0.0450197086,0.104785621,2.73378173e-05,30,1.93400002,2
535208200007875,249310422,2460247.6004621903,60247.104224499999,18.4457664,0.0366389416,32768,zr,253.72130540000001,11.100405800000001,0.782000005,0.145999998,20231030104213,535,0x8,0x2,18.6200008,26.2132015,0.0468468219,0.105445676,3.10931027e-05,30,1.98599994,2
535208200007875,249409192,2460248.5881137592,60248.091921300002,18.2939987,0.0330813378,0,zr,253.72152919999999,11.1005193,0.963,0.00700000022,20231031091921,535,0x8,0x2,19.5300007,26.2563839,0.0338349491,0.105254374,1.21859621e-05,30,1.83200002,2
535208200007875,249409495,2460248.5911460221,60248.094953699998,18.3081875,0.0333940312,32768,zr,253.72157089999999,11.100547799999999,0.569999993,0.0109999999,20231031094942,535,0x8,0x2,19.5699997,26.2565918,0.0375583991,0.105875365,1.48579638e-05,30,1.87800002,2
535208200007875,249409797,2460248.5941666812,60248.0979745,18.3552608,0.0344601646,32768,zr,253.72153069999999,11.100583200000001,0.912999988,-0.0149999997,20231031097975,535,0x8,0x2,19.2900009,26.2547016,0.0389177129,0.0999722704,1.65061865e-05,30,1.926,2
535208200007875,249410099,2460248.5971874334,60248.100995399996,18.2940979,0.0330835059,32768,zr,253.72150070000001,11.1004389,0.683000028,0.0590000004,20231031100995,535,0x8,0x2,18.8600006,26.2395096,0.0427370518,0.107589073,2.2484026e-05,30,1.97800004,2
535208200007875,249410402,2460248.6002197079,60248.1040278,18.2584095,0.0323141478,32768,zr,253.72159819999999,11.100677900000001,0.503000021,0.270000011,20231031104028,535,0x8,0x2,18.7000008,26.2338181,0.0433632359,0.111117676,2.53034923e-05,30,2.03299999,2
535208200007875,250607277,2460260.5685182102,60260.0727778,18.277029,0.0327124782,32768,zr,253.7213663,11.100330700000001,0.600000024,0.105999999,20231112072766,535,0x8,0x2,18.1900005,26.2250843,0.0456139073,0.10738004,4.4553839e-05,30,2.06200004,2
535208200007875,250607520,2460260.5709486459,60260.075208299997,18.4441128,0.0365975276,32768,zr,253.72172119999999,11.100251800000001,0.894999981,0.842999995,20231112075208,535,0x8,0x2,18.3899994,26.2104359,0.0440735295,0.103091441,3.48822214e-05,30,2.1099999,2
535208200007875,250607763,2460260.5733791646,60260.077638900002,18.2360554,0.0318445973,32768,zr,253.7217077,11.1001327,0.463,0.0810000002,20231112077639,535,0x8,0x2,18.7099991,26.2093258,0.0448116995,0.108773448,2.67167579e-05,30,2.16100001,2
535208200007875,250608008,2460260.5758212055,60260.080081,18.3706703,0.034818925,32768,zr,253.7215252,11.1006713,0.672999978,0.437000006,20231112080069,535,0x8,0x2,18.9200001,26.2120571,0.0456163101,0.111431926,2.53577946e-05,30,2.21499991,2
535208200007875,250608251,2460260.5782517185,60260.082511599998,18.3146095,0.0335368626,32768,zr,253.72150189999999,11.100442899999999,0.368000001,-0.0729999989,20231112082500,535,0x8,0x2,19,26.2000256,0.0431833379,0.112037078,2.22394701e-05,30,2.273,2
535208200007875,250707282,2460261.568535307,60261.072824100003,18.3526363,0.0343995355,32768,zr,253.72148379999999,11.100542799999999,0.907999992,0.0170000009,20231113072812,535,0x8,0x2,18.7900009,26.1167164,0.0407237262,0.106236555,2.05197921e-05,30,2.1170001,2
535208200007875,250707523,2460261.5709426352,60261.075231499999,18.361557,0.0346061774,32768,zr,253.72144789999999,11.100570100000001,0.386999995,0.0160000008,20231113075231,535,0x8,0x2,18.9200001,26.014658,0.0438140742,0.107421339,2.24439209e-05,30,2.16799998,2
535208200007875,250707765,2460261.5733615723,60261.077650500003,18.4132214,0.0358353853,32768,zr,253.7215779,11.1006524,0.504000008,0.0209999997,20231113077639,535,0x8,0x2,18.9699993,26.0743809,0.0429202095,0.0998355299,2.16454991e-05,30,2.22199988,2
535208200007875,250708005,2460261.5757688973,60261.080057899999,18.3616791,0.0346090011,32768,zr,253.7215727,11.1005769,0.465999991,-0.0489999987,20231113080058,535,0x8,0x2,19.3199997,26.1378174,0.0410822071,0.100895688,1.82000404e-05,30,2.27999997,2
535208200007875,250708247,2460261.5781878163,60261.082476900003,18.2041283,0.0311900564,32768,zr,253.72152399999999,11.100426499999999,0.550999999,-0.0140000004,20231113082477,535,0x8,0x2,18.9099998,26.0922413,0.0475879125,0.10625764,2.63510374e-05,30,2.33999991,2
535208200007875,250907160,2460263.5672657262,60263.071608799997,18.5368099,0.0390123799,32768,zr,253.72160969999999,11.100508,0.345999986,-0.0810000002,20231115071574,535,0x8,0x2,19.1599998,26.2081223,0.0407971144,0.0993713588,1.85730787e-05,30,2.20900011,2
535208200007875,250907637,2460263.5720341001,60263.0763773,18.3500881,0.0343408287,0,zr,253.7215928,11.1005748,0.611999989,0.0320000015,20231115076343,535,0x8,0x2,19.8299999,26.1764069,0.0320671611,0.095811218,1.1031053e-05,30,2.32399988,2
535208200007875,250907876,2460263.5744183343,60263.078761600002,18.2821007,0.0328221396,0,zr,253.72161109999999,11.1005339,0.49000001,-0.0179999992,20231115078727,535,0x8,0x2,19.8999996,26.1723919,0.0318464935,0.102508634,1.0814977e-05,30,2.38700008,2
535208200007875,250908114,2460263.5768024712,60263.081145800003,18.3558807,0.0344745032,32768,zr,253.7216114,11.100557800000001,0.674000025,0.0299999993,20231115081111,535,0x8,0x2,19.7900009,26.1562824,0.0375386626,0.104269065,1.50149563e-05,30,2.45300007,2
535208200007875,255256601,2460307.0619138768,60306.566018500002,18.3226433,0.0337166935,0,zr,253.72163040000001,11.1005313,0.72299999,-0.109999999,20231228565914,535,0x8,0x2,19.7399998,26.1662769,0.0324921831,0.100271642,1.13792321e-05,30,2.87299991,1
535208200007875,255256842,2460307.0643213675,60306.568425899997,18.4269142,0.036170654,0,zr,253.72160410000001,11.1005188,0.657999992,-0.00200000009,20231228568368,535,0x8,0x2,19.8199997,26.2005787,0.0322146378,0.0974955782,1.10154833e-05,30,2.77999997,1
535208200007875,255257085,2460307.0667520603,60306.570856500002,18.3583298,0.0345312171,32768,zr,253.72162270000001,11.1005608,0.326000005,-0.0219999999,20231228570787,535,0x8,0x2,19.7399998,26.1349583,0.035040129,0.0966644287,1.30774833e-05,30,2.69099998,1
535208200007875,255257327,2460307.0691711516,60306.573275499999,18.4535465,0.0368344449,32768,zr,253.721554,11.1005194,0.252000004,-0.0219999999,20231228573206,535,0x8,0x2,18.8199997,25.7981796,0.141017795,0.09105625,0.000244309078,30,2.6099999,1
535208200007875,255257569,2460307.0715901437,60306.575694400002,18.4173698,0.0359365381,32768,zr,253.72163760000001,11.1005968,0.481999993,-0.0989999995,20231228575625,535,0x8,0x2,19.3799992,26.2129688,0.0396268144,0.100241967,1.68931929e-05,30,2.53299999,1
535208200007875,255756603,2460312.0621236437,60311.566030100003,18.388689,0.0352447182,0,zr,253.7216382,11.100543699999999,1.01400006,0.0399999991,20240102566018,535,0x8,0x2,20.5,26.2297745,0.0235161651,0.0930917114,5.88936291e-06,30,2.41599989,1
535208200007875,255756839,2460312.0644848491,60311.568391200002,18.3178406,0.033609055,0,zr,253.7216119,11.100549300000001,0.755999982,-0.0649999976,20240102568380,535,0x8,0x2,20.3899994,26.2368908,0.0242169704,0.0948149189,6.19850562e-06,30,2.352,1
535208200007875,255757076,2460312.0668576527,60311.570763900003,18.3673019,0.0347401015,0,zr,253.72161929999999,11.100540499999999,0.925000012,-0.0489999987,20240102570752,535,0x8,0x2,20.2299995,26.2373486,0.0262871534,0.0968344584,7.24972733e-06,30,2.29200006,1
535208200007875,255757313,2460312.0692304596,60311.573136600004,18.3453865,0.0342328288,32768,zr,253.72159780000001,11.100563599999999,1.06099999,-0.057,20240102573125,535,0x8,0x2,19.7700005,26.243391,0.0354940668,0.0996766314,1.35070177e-05,30,2.2349999,1
535208200007875,255757550,2460312.0716032586,60311.575509299997,18.3066521,0.0333600044,0,zr,253.72162990000001,11.1004878,0.873000026,-0.0759999976,20240102575498,535,0x8,0x2,19.7600002,26.2466202,0.0333137214,0.100883104,1.18292946e-05,30,2.18099999,1
535208200007875,256456420,2460319.0606252938,60318.564201399997,18.4351501,0.0363742784,0,zr,253.72161170000001,11.100547799999999,0.754999995,0.00499999989,20240109564190,535,0x8,0x2,20.6700001,26.2430897,0.0200162102,0.0943905562,4.28824978e-06,30,2.023,1
535208200007875,256456665,2460319.0630791206,60318.566655100003,18.3555126,0.0344659798,0,zr,253.72165089999999,11.100542300000001,0.728999972,-0.0549999997,20240109566655,535,0x8,0x2,20.5699997,26.2454624,0.0237645656,0.099123843,5.92694005e-06,30,1.97899997,1
535208200007875,256456912,2460319.0655445503,60318.569120400003,18.3895359,0.0352648832,0,zr,253.7216439,11.1005427,1.13600004,-0.120999999,20240109569109,535,0x8,0x2,20.3700008,26.2534904,0.0241878461,0.0986946225,6.24148834e-06,30,1.93599999,1
535208200007875,256457157,2460319.0679983785,60318.571574100002,18.3958035,0.0354146995,0,zr,253.7216574,11.100542900000001,1.02199996,-0.0560000017,20240109571574,535,0x8,0x2,20.2399998,26.2547646,0.0232694037,0.0952200294,5.80971846e-06,30,1.89600003,1
535208200007875,256457403,2460319.0704638097,60318.574039400002,18.4889011,0.0377399288,0,zr,253.72161399999999,11.100530900000001,0.330000013,-0.0489999987,20240109574039,535,0x8,0x2,20.0300007,26.263876,0.0275634043,0.0932906941,8.10991878e-06,30,1.85800004,1
535208200007875,256556071,2460320.0571933277,60319.560717599998,18.2932243,0.0330643728,0,zr,253.72165129999999,11.100563299999999,1.29799998,-0.0579999983,20240110560718,535,0x8,0x2,20.4099998,26.241024,0.0232244898,0.093614541,5.79702601e-06,30,2.03699994,1
535208200007875,256556315,2460320.0596355586,60319.563159700003,18.3589382,0.0345453434,0,zr,253.72163789999999,11.1005459,0.620999992,-0.0240000002,20240110563160,535,0x8,0x2,20.1700001,26.2427769,0.0253930967,0.101002038,7.00141527e-06,30,1.99199998,1
535208200007875,256556560,2460320.0620778906,60319.565601900002,18.3299046,0.0338803679,0,zr,253.72163359999999,11.1005591,0.646000028,-0.023,20240110565602,535,0x8,0x2,20.2600002,26.2447147,0.0231531672,0.101861149,5.76875391e-06,30,1.95000005,1
535208200007875,256556805,2460320.0645317216,60319.568055600001,18.2686176,0.0325317122,0,zr,253.7216449,11.100556900000001,0.81400001,-0.0130000003,20240110568044,535,0x8,0x2,20.2999992,26.2493763,0.0242019705,0.10186816,6.27862846e-06,30,1.90900004,1
535208200007875,256557049,2460320.0669739526,60319.570497699999,18.3218956,0.0336999074,0,zr,253.7216262,11.1005386,1.07599998,-0.0430000015,20240110570486,535,0x8,0x2,20.2199993,26.2546749,0.0238652024,0.100795455,6.13296334e-06,30,1.87100005,1
535208200007875,256755686,2460322.0534464023,60321.556863400001,18.3334846,0.0339614376,0,zr,253.72165229999999,11.1005477,0.374000013,-0.00999999978,20240112556863,535,0x8,0x2,20.7800007,26.2464924,0.0191428866,0.0950729996,3.8645112e-06,30,2.00699997,1
535208200007875,256755939,2460322.0559812454,60321.559398099998,18.320219,0.0336623117,0,zr,253.72161750000001,11.100539599999999,0.884000003,-0.023,20240112559387,535,0x8,0x2,20.7800007,26.2412224,0.0207222346,0.0970302001,4.54811243e-06,30,1.96200001,1
535208200007875,256756192,2460322.0585045856,60321.561921300003,18.4035969,0.0356021188,0,zr,253.72163080000001,11.100535799999999,0.616999984,0.0250000004,20240112561921,535,0x8,0x2,20.6000004,26.2546329,0.0206505861,0.0969648212,4.51848337e-06,30,1.91999996,1
535208200007875,256756445,2460322.0610394264,60321.564456,18.3635368,0.0346522331,0,zr,253.72165319999999,11.100538800000001,0.819000006,-0.0309999995,20240112564456,535,0x8,0x2,20.7399998,26.2545395,0.0198317692,0.0935264826,4.2331344e-06,30,1.87899995,1
535208200007875,256756700,2460322.0635858723,60321.567002299998,18.3486614,0.0343079977,0,zr,253.72163420000001,11.1005827,1.87699997,-0.0540000014,20240112566991,535,0x8,0x2,20.5900002,26.2576427,0.0214646626,0.0952219889,4.89215927e-06,30,1.84099996,1
535208200007875,256855741,2460323.0540574682,60322.557418999997,18.4066849,0.0356767587,0,zr,253.72161629999999,11.1005453,0.428000003,0.0209999997,20240113557419,535,0x8,0x2,20.3600006,26.2634926,0.0241389032,0.0931478515,6.33835634e-06,30,1.949,1
535208200007875,256855995,2460323.0565923126,60322.559953700002,18.3299637,0.0338816866,0,zr,253.72164939999999,11.1005807,0.745000005,-0.0160000008,20240113559942,535,0x8,0x2,20.3400002,26.2607174,0.023051085,0.0977485478,5.74069782e-06,30,1.90699995,1
535208200007875,256856248,2460323.0591271585,60322.562488399999,18.2806377,0.0327904671,0,zr,253.72161919999999,11.1005635,0.628000021,-0.0460000001,20240113562477,535,0x8,0x2,20.3500004,26.2653484,0.0229577627,0.0982674733,5.66724248e-06,30,1.86800003,1
535208200007875,256856502,2460323.0616620011,60322.565023100004,18.4272194,0.0361781716,0,zr,253.72165530000001,11.100573900000001,0.657999992,-0.0289999992,20240113565023,535,0x8,0x2,20.5200005,26.2679977,0.0210848395,0.0958573222,4.80293693e-06,30,1.83000004,1
535208200007875,256856756,2460323.0642084433,60322.567569400002,18.3607674,0.0345878005,0,zr,253.72165580000001,11.1005085,0.952000022,-0.061999999,20240113567558,535,0x8,0x2,20.3099995,26.2735004,0.0280180089,0.0978205055,8.44579517e-06,30,1.79400003,1
535208200007875,256955750,2460324.054195005,60323.557500000003,18.3789558,0.0350138843,0,zr,253.7216473,11.100515100000001,0.64200002,-0.0540000014,20240114557488,535,0x8,0x2,20.3700008,26.2606239,0.0222248267,0.0974996388,5.28321243e-06,30,1.903,1
535208200007875,256956001,2460324.0567067489,60323.560011599999,18.3360348,0.0340193398,0,zr,253.72171370000001,11.1005529,0.894999981,-0.0399999991,20240114560000,535,0x8,0x2,20.2700005,26.2656631,0.0250897761,0.0895300955,6.82192058e-06,30,1.86399996,1
535208200007875,256956251,2460324.059206896,60323.562511600001,18.4054337,0.035646487,0,zr,253.72166920000001,11.100535600000001,0.672999978,0.0120000001,20240114562500,535,0x8,0x2,19.9599991,26.2490692,0.0285047926,0.0990628228,8.73803037e-06,30,1.82700002,1
535208200007875,256956502,2460324.061718544,60323.565023100004,18.394949,0.0353942253,0,zr,253.7216354,11.100535000000001,0.398000002,-0.0160000008,20240114565012,535,0x8,0x2,20.2000008,26.256567,0.0256772153,0.103892356,7.09694632e-06,30,1.79100001,1
535208200007875,256956753,2460324.0642302888,60323.5675347,18.3279953,0.0338372216,0,zr,253.7216789,11.1005647,1.06700003,-0.0299999993,20240114567523,535,0x8,0x2,20.0799999,26.2655659,0.0261627939,0.101212479,7.33607385e-06,30,1.75699997,1
535208200007875,259751828,2460352.0169268004,60351.518286999999,18.3715401,0.0348393321,0,zr,253.72167110000001,11.100552499999999,1.32599998,-0.0109999999,20240211518275,535,0x8,0x2,20.5300007,26.2863445,0.0261917952,0.0993930623,7.18976389e-06,30,1.47500002,1
535208200007875,259954342,2460354.0422271383,60353.543425900003,18.2564468,0.0322725587,0,zr,253.72160880000001,11.1005381,0.397000015,-0.00899999961,20240213543391,535,0x8,0x2,21.1800003,26.305687,0.0187094882,0.0912552327,3.78594405e-06,30,1.28100002,1
535208200007875,260149905,2460355.9980095974,60355.499050899998,18.3276958,0.0338304751,0,zr,253.72166179999999,11.100562800000001,0.848999977,-0.0410000011,20240215499051,535,0x8,0x2,20.4899998,26.2702255,0.0228076652,0.100720108,5.61475326e-06,30,1.54799998,1
535208200007875,261451277,2460369.0128113334,60368.512777800002,18.3641529,0.0346665904,0,zr,253.7216367,11.1005374,0.340999991,0.050999999,20240228512766,535,0x8,0x2,20.7299995,26.2755527,0.0212736521,0.0874650329,4.82449559e-06,30,1.23500001,1
535208200007875,263350241,2460388.0040192963,60387.502418999997,18.3952961,0.0354025364,0,zr,253.72161059999999,11.1005743,1.03100002,-0.0670000017,20240318502407,535,0x8,0x2,20.2900009,26.1346474,0.0285294782,0.0967450961,8.89001149e-06,30,1.11500001,1
535208200007875,263550185,2460390.0036110012,60389.5018519,18.2654381,0.0324637368,0,zr,253.7216181,11.1005462,1.27999997,-0.0289999992,20240320501840,535,0x8,0x2,21.1000004,26.2945328,0.0202309806,0.0927347094,4.39243286e-06,30,1.10699999,1
535208200007875,263745511,2460391.9570280737,60391.455115700002,18.3549614,0.0344532467,0,zr,253.72164480000001,11.100562699999999,0.70599997,-0.0710000023,20240322455104,535,0x8,0x2,20.6399994,26.2750092,0.0209500883,0.0970225632,4.65297944e-06,30,1.21500003,1
535208200007875,264248192,2460396.9842186775,60396.481921300001,18.4101925,0.0357617624,0,zr,253.72164950000001,11.1005672,0.867999971,-0.0989999995,20240327481910,535,0x8,0x2,20.1200008,26.310297,0.0252718255,0.0896394253,6.97352789e-06,30,1.10800004,1
535208200007875,264446275,2460398.9651994784,60398.462754599997,18.3367729,0.0340361223,0,zr,253.7216272,11.100573199999999,0.47299999,0.0439999998,20240329462743,535,0x8,0x2,20.1000004,26.306076,0.0256966017,0.0924636647,7.27908719e-06,30,1.13499999,1
535208200007875,265444059,2460408.9437349611,60408.440590300001,18.3658733,0.0347067155,0,zr,253.7216191,11.1005441,1.14900005,-0.0189999994,20240408440579,535,0x8,0x2,21.2600002,26.265234,0.0194143746,0.0986660793,4.05384253e-06,30,1.12399995,1
535208200007875,266437483,2460418.8785927752,60418.374838000003,18.3307037,0.0338984355,0,zr,253.7216325,11.1005681,1.03499997,-0.0799999982,20240418374792,535,0x8,0x2,20.4099998,26.1695499,0.0234271251,0.0957688764,5.98436236e-06,30,1.24100006,1
535208200007875,266840056,2460422.9045405625,60422.400567099998,18.3355103,0.0340074189,32768,zr,253.7216124,11.1005482,0.925999999,-0.0379999988,20240422400556,535,0x8,0x2,20.2199993,26.2936268,0.0329243354,0.093641974,1.17252521e-05,30,1.12800002,1
535208200007875,267538957,2460429.8938819664,60429.389571799999,18.3359318,0.0340170115,0,zr,253.7216152,11.100543200000001,0.832000017,-0.0549999997,20240429389560,535,0x8,0x2,20.9400005,26.2994766,0.0196150802,0.0929872021,4.11582869e-06,30,1.11199999,1
535208200007875,267847854,2460432.9829823738,60432.478541700002,18.3293915,0.0338687561,0,zr,253.72161460000001,11.1005684,1.02999997,0.0160000008,20240502478542,535,0x8,0x2,20.9799995,26.2609329,0.0220993795,0.101843141,5.27787824e-06,30,1.12899995,1
535208200007875,268244135,2460436.9459450739,60436.441354199997,18.3919582,0.0353226848,0,zr,253.7216272,11.100554799999999,0.876999974,-0.0189999994,20240506441343,535,0x8,0x2,20.9699993,26.3050823,0.0194394086,0.0928340331,4.08999676e-06,30,1.08800006,1
535208200007875,268339517,2460437.899797658,60437.395173600002,18.1425972,0.0299803317,0,zr,253.72163660000001,11.1005415,0.842000008,-0.0960000008,20240507395150,535,0x8,0x2,21.1299992,26.2920094,0.0183585361,0.0931793004,3.63535332e-06,30,1.08000004,1
535208200007875,268638098,2460440.8857041043,60440.380983800002,18.3446617,0.0342162214,0,zr,253.7216263,11.1005641,0.661000013,-0.0179999992,20240510380938,535,0x8,0x2,21.1100006,26.2859936,0.0183743518,0.0963962078,3.61662842e-06,30,1.08399999,1
535208200007875,268843785,2460442.9426385984,60442.437858800004,18.3056984,0.0333388895,0,zr,253.72161850000001,11.1005593,1.125,-0.0989999995,20240512437859,535,0x8,0x2,21.3799992,26.2891693,0.0188834071,0.0970933139,3.84387113e-06,30,1.10399997,1
535208200007875,269041650,2460444.921336344,60444.416504599998,18.3721733,0.0348541886,0,zr,253.721632,11.1005544,1.01800001,-0.0960000008,20240514416493,535,0x8,0x2,21.4599991,26.3036804,0.0190919712,0.092006132,3.91251297e-06,30,1.08500004,1
535208200007875,269230449,2460446.809367104,60446.3044907,18.3034821,0.0332898982,0,zr,253.72162019999999,11.100570100000001,0.957000017,-0.0680000037,20240516304387,535,0x8,0x2,20.6800003,26.2506027,0.0203951281,0.096939005,4.46647846e-06,30,1.21700001,1
535208200007875,269437908,2460448.8840055843,60448.379085599998,18.3776073,0.0349820629,0,zr,253.7216067,11.100569,0.879000008,-0.0659999996,20240518379074,535,0x8,0x2,20.8199997,26.2967777,0.0208541807,0.0896423906,4.70827354e-06,30,1.07500005,1
535208200007875,269638086,2460450.8858245881,60450.380868100001,18.2634373,0.0324210711,0,zr,253.72164140000001,11.100535600000001,0.549000025,-0.0250000004,20240520380856,535,0x8,0x2,20.4300003,26.2948246,0.0221597552,0.0936273113,5.18723027e-06,30,1.07500005,1
535208200007875,270233935,2460456.8443846889,60456.339351900002,18.4037151,0.0356049687,0,zr,253.7216334,11.100543699999999,1.06200004,-0.123999998,20240526339352,535,0x8,0x2,20.7800007,26.3002472,0.0207847971,0.0901908875,4.58714339e-06,30,1.08299994,1
535208200007875,270437541,2460458.8804643834,60458.375416700001,18.3337784,0.0339680873,0,zr,253.72162610000001,11.100552800000001,0.783999979,-0.0419999994,20240528375417,535,0x8,0x2,21.1900005,26.31394,0.0220355242,0.0893066823,5.27114116e-06,30,1.08200002,1
535208200007875,270636077,2460460.8658321984,60460.360775499998,17.8710327,0.0253791027,0,zr,253.72163280000001,11.100547799999999,0.344000012,0.0289999992,20240530360775,535,0x8,0x2,21.3999996,26.2877312,0.0194216445,0.0884979963,4.05134278e-06,30,1.07700002,1
535208200007875,270837857,2460462.8836366539,60462.378576399999,18.310976,0.0334559493,0,zr,253.72164509999999,11.1005407,0.592999995,0.023,20240601378576,535,0x8,0x2,21.5400009,26.2940445,0.019851191,0.0990607888,4.22760559e-06,30,1.097,1
535208200007875,271633243,2460470.8374498016,60470.332430599999,18.3465328,0.0342591032,0,zr,253.72163459999999,11.1005422,0.680000007,-0.0199999996,20240609332419,535,0x8,0x2,21.3700008,26.2853317,0.0185768399,0.0915463045,3.71161991e-06,30,1.07599998,1
535208200007875,271833984,2460472.8448445159,60472.3398495,18.3035316,0.0332909785,0,zr,253.72162119999999,11.1005498,0.674000025,-0.0930000022,20240611339838,535,0x8,0x2,21.3400002,26.2773628,0.01836407,0.0936264619,3.65035999e-06,30,1.08500004,1
535208200007875,272128245,2460475.7874033432,60475.282453699998,18.3296642,0.0338749215,0,zr,253.72163259999999,11.100553400000001,1.16799998,-0.100000001,20240614282442,535,0x8,0x2,21.1599998,26.3072243,0.0176572129,0.0918932632,3.33262574e-06,30,1.08700001,1
535208200007875,272333857,2460477.8434874001,60477.338576399998,18.3339367,0.0339716896,0,zr,253.72162420000001,11.100547000000001,0.921999991,-0.0480000004,20240616338576,535,0x8,0x2,20.9599991,26.3220119,0.0185105316,0.0961838067,3.656741e-06,30,1.09899998,1
535208200007875,272631454,2460480.8193937205,60480.314548599999,18.2777443,0.0327279083,0,zr,253.72161259999999,11.1005503,0.994000018,-0.0610000007,20240619314537,535,0x8,0x2,20.3999996,26.2802887,0.0235661101,0.0941700563,5.89889078e-06,30,1.08200002,1
535208200007875,272833318,2460482.8379767034,60482.333182900002,18.3175507,0.0336025469,0,zr,253.72162950000001,11.1005731,0.958000004,-0.0410000011,20240621333171,535,0x8,0x2,20.3099995,26.332922,0.0254061632,0.0938652456,6.93820903e-06,30,1.11199999,1
535208200007875,273029592,2460484.8006647653,60484.295925899998,18.3928528,0.0353440493,0,zr,253.7216353,11.100546700000001,0.500999987,-0.0309999995,20240623295914,535,0x8,0x2,20.3999996,26.3097839,0.0234023035,0.0897663236,5.89848196e-06,30,1.07700002,1
535208200007875,273343540,2460487.9400457358,60487.435405099997,18.3458176,0.0342426933,0,zr,253.7215971,11.100540199999999,1.30700004,-0.158000007,20240626435370,535,0x8,0x2,20.3700008,26.1847458,0.0259335693,0.105183311,7.18417095e-06,30,1.81400001,1
535208200007875,273535181,2460489.8563918038,60489.351817100003,18.3842373,0.035138879,0,zr,253.7216281,11.1005407,1.98099995,-0.0130000003,20240628351817,535,0x8,0x2,20.7399998,26.3025894,0.0211274121,0.0977921858,4.79348773e-06,30,1.21200001,1
535208200007875,273737495,2460491.8794537494,60491.374953699997,18.4226341,0.0360654294,0,zr,253.72160489999999,11.100558899999999,0.728999972,-0.0260000005,20240630374942,535,0x8,0x2,20.9699993,26.2853603,0.0196004044,0.095702596,4.18749596e-06,30,1.34800005,1
535208200007875,274528309,2460499.7872514632,60499.283090299999,18.4132175,0.0358352996,0,zr,253.72163950000001,11.100554300000001,0.372000009,-0.0280000009,20240708283090,535,0x8,0x2,21.2999992,26.2604942,0.0181620196,0.0920779034,3.55140037e-06,30,1.10500002,1
535208200007875,274727251,2460501.7765761511,60501.2725116,18.3216801,0.0336950645,0,zr,253.72161180000001,11.100535900000001,1.26699996,-0.0979999974,20240710272465,535,0x8,0x2,21.1599998,26.2631855,0.0198123623,0.102762222,4.23044958e-06,30,1.09800005,1
535208200007875,274927714,2460503.7811040096,60503.2771412,18.3534641,0.0344186574,0,zr,253.72161489999999,11.1005266,0.736000001,-0.00600000005,20240712277130,535,0x8,0x2,20.6200008,26.1371555,0.0217058659,0.102445342,5.09353595e-06,30,1.11399996,1
535208200007875,275123346,2460505.7373200078,60505.2334606,18.2718544,0.032601133,0,zr,253.72162789999999,11.1005517,0.675999999,-0.0710000023,20240714233449,535,0x8,0x2,21.1599998,26.2158699,0.0197293181,0.0897524655,4.15968589e-06,30,1.07500005,1
535208200007875,275430782,2460508.811513016,60508.307824099997,18.3006401,0.033227209,0,zr,253.72162650000001,11.100528799999999,1.21700001,-0.0869999975,20240717307824,535,0x8,0x2,20.0799999,26.2261276,0.0269671362,0.102257572,7.79025868e-06,30,1.24300003,1
535208200007875,275628594,2460510.789523405,60510.285949099998,18.2722931,0.0326105505,0,zr,253.7216272,11.1005539,1.028,-0.0930000022,20240719285938,535,0x8,0x2,20.25,26.2727871,0.0257015172,0.0932144448,7.08809876e-06,30,1.18299997,1
535208200007875,275832932,2460512.8327806541,60512.329328699998,18.3559074,0.0344751105,32768,zr,253.7215999,11.100536200000001,0.495999992,0.00300000003,20240721329317,535,0x8,0x2,19.6000004,26.1102047,0.0467357486,0.0898535028,2.33029077e-05,30,1.426,1
535208200007875,276027513,2460514.7784708515,60514.275138899997,18.3244362,0.0337570049,0,zr,253.72161800000001,11.1005532,0.263000011,0.00600000005,20240723275104,535,0x8,0x2,20.2700005,26.2215614,0.0275685154,0.0944923237,8.18542048e-06,30,1.18299997,1
535208200007875,276221399,2460516.7172021135,60516.213993099998,18.3511906,0.034366224,0,zr,253.72162130000001,11.1005456,0.579999983,0.0149999997,20240725213970,535,0x8,0x2,21.25,26.2108746,0.0184094869,0.0922394246,3.61134926e-06,30,1.08000004,1
535208200007875,276427423,2460518.777310886,60518.274236099998,18.2919502,0.0330365002,0,zr,253.72162209999999,11.100557200000001,0.307000011,-0.0240000002,20240727274225,535,0x8,0x2,21.1499996,26.242445,0.0194092933,0.0963433757,4.03268268e-06,30,1.21800005,1
535208200007875,276626748,2460520.7704300177,60520.267488400001,18.3218193,0.0336981937,0,zr,253.72161500000001,11.100555200000001,0.785000026,-0.0149999997,20240729267488,535,0x8,0x2,21.0599995,26.291048,0.018523559,0.0977120623,3.69278746e-06,30,1.21300006,1
535208200007875,277021280,2460524.7154698507,60524.212800900001,18.264122,0.0324356556,0,zr,253.72163280000001,11.100537900000001,0.888000011,-0.0590000004,20240802212801,535,0x8,0x2,21.3899994,26.2395096,0.018915005,0.0896779522,3.82976987e-06,30,1.102,1
535208200007875,277226745,2460526.7699761307,60526.267453699998,18.3336353,0.0339648463,0,zr,253.72162470000001,11.1005676,1.40799999,-0.0260000005,20240804267442,535,0x8,0x2,21.0799999,26.2828426,0.0211149845,0.0992252156,4.76699552e-06,30,1.28400004,1
535208200007875,277423324,2460528.7356203571,60528.233240699999,18.3827629,0.0351039171,0,zr,253.7216128,11.1005634,0.866999984,-0.0160000008,20240806233229,535,0x8,0x2,20.9500008,26.2116528,0.019923307,0.0981296301,4.25052031e-06,30,1.17200005,1
535208200007875,277624937,2460530.7516056802,60530.249374999999,18.3316002,0.0339187235,0,zr,253.72160650000001,11.100569999999999,1.36800003,0.0610000007,20240808249375,535,0x8,0x2,20.9500008,26.2177887,0.0202669576,0.0974505618,4.43504086e-06,30,1.25,1
535208200007875,277820077,2460532.7030333872,60532.200775500001,18.389183,0.0352564752,32768,zr,253.72162510000001,11.100554499999999,0.769999981,-0.0659999996,20240810200764,535,0x8,0x2,21.4899998,26.9487286,0.0223945212,0.0944852084,5.36418611e-06,60,1.11899996,1
535208200007875,277919130,2460533.6934906649,60533.191307900001,18.3082428,0.0333952457,32768,zr,253.7216143,11.100554900000001,0.887000024,-0.0909999982,20240811191285,535,0x8,0x2,20.5400009,26.4775124,0.0292101,0.0861517712,9.29036469e-06,60,1.10699999,1
535208200007875,278019759,2460534.6996985078,60534.197592600001,17.9515018,0.0266255997,32768,zr,253.7214491,11.100605099999999,0.402999997,0.0989999995,20240812197581,535,0x8,0x2,18,24.5601654,0.0519511513,0.110680982,9.33006086e-05,60,1.12399995,1
535208200007875,278321143,2460537.7131344713,60537.211435199999,18.2833672,0.0328495875,0,zr,253.72161220000001,11.1005629,1.48099995,-0.145999998,20240815211435,535,0x8,0x2,20.6900005,26.3157291,0.0228783078,0.0939382091,5.63253616e-06,30,1.17999995,1
535208200007875,278919472,2460543.6959479083,60543.194722200002,18.2874432,0.0329381712,0,zr,253.72161019999999,11.100560700000001,0.852999985,-0.0729999989,20240821194676,535,0x8,0x2,20.3500004,26.2970448,0.0269197747,0.101587005,7.75596982e-06,30,1.17900002,1
535208200007875,279123708,2460545.7381446222,60545.237083300002,18.3314571,0.0339154862,0,zr,253.7215611,11.1005401,0.275999993,0.00600000005,20240823237037,535,0x8,0x2,20.1299992,26.2896137,0.0257852543,0.102117382,7.16890372e-06,30,1.40999997,1
535208200007875,279321449,2460547.7153918906,60547.214490699997,18.348608,0.0343067721,0,zr,253.72160349999999,11.1005553,1.05499995,-0.122000001,20240825214456,535,0x8,0x2,20.9400005,26.2887039,0.0178765561,0.0951644853,3.42911903e-06,30,1.30599999,1
535208200007875,279519525,2460549.6959945355,60549.195254600003,18.368639,0.034771353,0,zr,253.72162069999999,11.1005498,1.57200003,-0.119999997,20240827195255,535,0x8,0x2,20.9899998,26.275425,0.0211106781,0.0938258991,4.79528671e-06,30,1.24100006,1
535208200007875,279721710,2460551.7176811141,60551.2171065,18.3501835,0.0343430229,0,zr,253.7216195,11.100546400000001,0.688000023,-0.0439999998,20240829217106,535,0x8,0x2,21.1100006,26.2883186,0.0193027407,0.0939516053,3.98995599e-06,30,1.38600004,1
535208200007875,280117908,2460555.6793350703,60555.179085600001,18.3051224,0.033326149,0,zr,253.7216134,11.100544599999999,0.917999983,-0.0799999982,20240902178993,535,0x8,0x2,21.0900002,26.2478447,0.0208794624,0.0955414549,4.6278351e-06,30,1.24199998,1
535208200007875,280322959,2460557.7296757903,60557.229594900004,18.3310814,0.0339069813,0,zr,253.72159640000001,11.1005754,0.61500001,-0.0270000007,20240904229595,535,0x8,0x2,20.6399994,26.1864357,0.0233932715,0.0991121009,5.86613533e-06,30,1.63100004,1
535208200007875,280520502,2460559.7049417621,60559.205023100003,18.3296127,0.0338737667,0,zr,253.72157630000001,11.100500500000001,0.456,-0.0379999988,20240906205023,535,0x8,0x2,20.4099998,26.1829243,0.0333572403,0.107874982,1.19160595e-05,30,1.45599997,1
535208200007875,280718413,2460561.6838883343,60561.184131900001,18.3614483,0.0346036255,0,zr,253.72159260000001,11.100520599999999,0.626999974,-0.0579999983,20240908184132,535,0x8,0x2,20.6499996,26.1795826,0.0224072207,0.0976991802,5.398947e-06,30,1.35000002,1
535208200007875,281320055,2460567.6998226205,60567.2005556,18.3509445,0.0343605354,0,zr,253.7216166,11.1005573,0.82099998,-0.111000001,20240914200521,535,0x8,0x2,20.3400002,26.2392254,0.0249249022,0.105963543,6.60697469e-06,30,1.61300004,1
535208200007875,281517106,2460569.6701734294,60569.171064800001,18.319294,0.0336415805,0,zr,253.7216129,11.1005869,1.24800003,0.00700000022,20240916171053,535,0x8,0x2,19.8999996,26.2950554,0.0286145676,0.102110863,8.77915409e-06,30,1.40699995,1
535208200007875,281817413,2460572.6730014803,60572.174131899999,18.3645668,0.0346762389,0,zr,253.7216176,11.100562999999999,0.551999986,-0.0480000004,20240919174132,535,0x8,0x2,20.3799992,26.2546635,0.0255323965,0.0940996408,7.0411952e-06,30,1.49300003,1
535208200007875,282120438,2460575.7030183747,60575.204386600002,18.2599945,0.0323478132,0,zr,253.7215837,11.100545199999999,0.985000014,-0.114,20240922204387,535,0x8,0x2,19.9599991,26.1657391,0.0298483819,0.103902631,9.36552624e-06,30,1.95899999,1
535208200007875,282217640,2460576.6749568693,60576.1764005,18.2867813,0.0329237655,0,zr,253.72159619999999,11.100535300000001,1.18700004,-0.147,20240923176400,535,0x8,0x2,20.6900005,26.2044296,0.0210699681,0.0992674008,4.75661545e-06,30,1.61699998,1
535208200007875,284115369,2460595.6508905659,60595.153692100001,18.3144379,0.033533033,32768,zr,253.72157000000001,11.100557500000001,0.615999997,-0.057,20241012153218,535,0x8,0x2,19.3700008,26.1682758,0.0488367938,0.0879905,2.53190792e-05,30,2.02800012,1
535208200007875,284310958,2460597.6066576499,60597.1095833,18.3809338,0.0350606292,0,zr,253.72161070000001,11.1005748,0.85799998,-0.0299999993,20241014109583,535,0x8,0x2,20.8400002,26.2832794,0.0261819232,0.0864284411,7.37355094e-06,30,1.52499998,1
535208200007875,284513516,2460599.6321114632,60599.135161999999,18.2572327,0.0322891995,0,zr,253.72162320000001,11.1005456,0.81099999,-0.0790000036,20241016135150,535,0x8,0x2,20.1900005,26.2100067,0.0265440252,0.0970359221,7.70308179e-06,30,1.898,1
535208200007875,285214017,2460606.6367225046,60606.140173599997,18.2101021,0.0313111022,0,zr,253.72156319999999,11.1005334,0.894999981,-0.0410000011,20241023140150,535,0x8,0x2,20.0499992,26.1710091,0.0357450433,0.1037011,1.36374792e-05,30,2.40300012,1
535208200007875,292156253,2460676.0585751282,60675.562534700002,18.4499168,0.0367430598,32768,zr,253.72143550000001,11.100490799999999,1.08599997,0.00600000005,20241231562465,535,0x8,0x2,18.7099991,25.1578445,0.0497134887,0.0916099995,3.48019566e-05,30,2.62700009,1
535208200007875,292157047,2460676.0665152641,60675.570474499997,18.3537216,0.0344245993,32768,zr,253.72153220000001,11.100538500000001,0.633000016,-0.109999999,20241231570405,535,0x8,0x2,18.9500008,25.6545982,0.0470069684,0.0967278853,2.61594014e-05,30,2.38899994,1
535208200007875,292256128,2460677.0573670105,60676.561284700001,18.3534431,0.0344181582,0,zr,253.7216516,11.100535799999999,0.470999986,-0.0189999994,20250101561250,535,0x8,0x2,20.4200001,26.2104549,0.0256399158,0.0950023755,7.22606865e-06,30,2.579,1
535208200007875,292256415,2460677.0602375376,60676.564155100001,18.3252983,0.0337764323,0,zr,253.7216268,11.100544299999999,0.898000002,-0.00200000009,20250101564120,535,0x8,0x2,20.4699993,26.2132931,0.0222782586,0.0984027386,5.32894455e-06,30,2.49000001,1
535208200007875,292256702,2460677.0631080633,60676.5670255,18.3187981,0.0336304754,0,zr,253.72162180000001,11.100539100000001,0.514999986,-0.0379999988,20250101566991,535,0x8,0x2,20.3799992,26.2117882,0.0256938599,0.0970424339,7.09614187e-06,30,2.40799999,1
535208200007875,292355980,2460678.0559286647,60677.559803199998,18.3533611,0.0344162621,0,zr,253.7216397,11.100556600000001,0.885999978,-0.0199999996,20250102559792,535,0x8,0x2,20.6399994,26.21315,0.0215895455,0.0964942202,4.9928758e-06,30,2.53999996,1
535208200007875,292356216,2460678.0582899703,60677.562164399998,18.3483658,0.0343012065,0,zr,253.72162660000001,11.100523300000001,0.824000001,-0.0710000023,20250102562164,535,0x8,0x2,20.75,26.2162132,0.021410482,0.0946530923,4.8660313e-06,30,2.46799994,1
535208200007875,292356453,2460678.0606626784,60677.564536999998,18.346077,0.0342486575,0,zr,253.721631,11.1005588,0.845000029,-0.0759999976,20250102564525,535,0x8,0x2,20.6599998,26.2309055,0.0238088109,0.0936551318,6.03321041e-06,30,2.40199995,1
535208200007875,295656471,2460711.0628686496,60710.564710600003,18.2486515,0.0321080424,32768,zr,253.7216244,11.100619699999999,0.577000022,-0.0240000002,20250204564688,535,0x8,0x2,20.1200008,25.7560654,0.0409975238,0.10669589,1.73047083e-05,30,1.28799999,1
535208200007875,296251243,2460717.0110496362,60716.5124306,18.325758,0.03378677,0,zr,253.7216354,11.1005669,0.808000028,-0.0130000003,20250210512361,535,0x8,0x2,20.0400009,26.2715855,0.026206661,0.0933177471,7.46148226e-06,30,1.53199995,1
535208200007875,297150344,2460726.0027952823,60725.503449099997,18.3175392,0.0336023048,0,zr,253.72161919999999,11.100560099999999,0.623000026,-0.0549999997,20250219503438,535,0x8,0x2,20.9599991,26.286871,0.0221774578,0.0898060724,5.31334763e-06,30,1.40799999,1
535208200007875,297653090,2460731.0306658559,60730.530902799997,18.3839493,0.0351320654,0,zr,253.72163879999999,11.100562,0.393000007,-0.0130000003,20250224530891,535,0x8,0x2,21.0699997,26.3098316,0.0199856237,0.0938699916,4.33802325e-06,30,1.20000005,1
535208200007875,297851378,2460733.0137132518,60732.513784700001,18.3570023,0.0345004685,0,zr,253.7216421,11.100570100000001,1.30999994,-0.0860000029,20250226513750,535,0x8,0x2,21.0799999,26.2895947,0.0187945683,0.0957830921,3.8237622e-06,30,1.245,1
535208200007875,298546535,2460739.9658685522,60739.4653588,18.339777,0.0341045484,0,zr,253.7216402,11.100562399999999,0.964999974,-0.074000001,20250305465347,535,0x8,0x2,21.1299992,26.2928391,0.0194330309,0.0928822532,4.12004056e-06,30,1.40699995,1
535208200007875,299044224,2460744.9431685535,60744.442245400001,18.3622684,0.0346227027,0,zr,253.7216219,11.1005653,1.12399995,0.00800000038,20250310442234,535,0x8,0x2,20.2800007,26.2814369,0.0268155821,0.091091305,7.83623727e-06,30,1.47800004,1
535208200007875,300149527,2460755.9970946126,60755.495277800001,18.1574974,0.0302671511,0,zr,253.72162789999999,11.1005647,0.712000012,-0.00200000009,20250321495208,535,0x8,0x2,20.6200008,26.2446365,0.0223269071,0.0948336869,5.32177501e-06,30,1.11500001,1
535208200007875,300449612,2460758.9981732056,60758.496122700002,18.3697262,0.0347968042,0,zr,253.7216157,11.100561799999999,0.986000001,-0.0939999968,20250324496111,535,0x8,0x2,21.0499992,26.3062344,0.0198389459,0.0966113806,4.17649517e-06,30,1.10000002,1
535208200007875,300844089,2460762.9432411706,60762.4408912,18.3764725,0.0349553116,32768,zr,253.7216651,11.1005792,0.734000027,-0.00499999989,20250328440891,535,0x8,0x2,19.5599995,25.9453602,0.036966268,0.094488129,1.46725897e-05,30,1.21000004,1
535208200007875,301741581,2460771.9188017468,60771.4158102,18.4196739,0.0359928831,0,zr,253.72161929999999,11.1005646,1.04499996,-0.0689999983,20250406415775,535,0x8,0x2,20.8700008,26.2886009,0.0199966803,0.0939522833,4.28904286e-06,30,1.21099997,1
535208200007875,301939915,2460773.9022798175,60773.3991551,18.3512516,0.0343676247,0,zr,253.72162510000001,11.100574399999999,1.06500006,-0.0599999987,20250408399144,535,0x8,0x2,20.6100006,26.1927662,0.0224274136,0.0928491876,5.4310317e-06,30,1.25699997,1
535208200007875,302143951,2460775.942772069,60775.439513899997,18.3736362,0.0348885432,0,zr,253.72162270000001,11.100571,0.898999989,-0.0960000008,20250410439491,535,0x8,0x2,20.6399994,26.2728004,0.0207993779,0.0943759754,4.61604031e-06,30,1.11699998,1
535208200007875,302640358,2460780.9071547533,60780.403588000001,18.3971252,0.0354463793,0,zr,253.72161890000001,11.100550399999999,0.764999986,0.0480000004,20250415403576,535,0x8,0x2,20.3199997,26.2895279,0.0244185925,0.0921017975,6.34689513e-06,30,1.16999996,1
535208200007875,303142224,2460785.9260993982,60785.422245399997,18.3568916,0.0344979018,0,zr,253.7216454,11.100578000000001,0.550000012,-0.061999999,20250420422234,535,0x8,0x2,21.1299992,26.2957592,0.0211193878,0.0938936323,4.87271473e-06,30,1.10000002,1
535208200007875,303346332,2460787.9672850375,60787.463321800002,18.3661308,0.0347127244,0,zr,253.7216047,11.1005799,1.20500004,-0.0820000023,20250422463322,535,0x8,0x2,21.1100006,26.299881,0.0185644403,0.0997998044,3.7209868e-06,30,1.07599998,1
535208200007875,303540248,2460789.906551165,60789.402488400003,18.3272133,0.0338195786,0,zr,253.7216358,11.100566799999999,1.28999996,-0.075000003,20250424402488,535,0x8,0x2,21.4200001,26.2512321,0.0193254985,0.0972377881,3.99143983e-06,30,1.11500001,1
535208200007875,304138001,2460795.8843539171,60795.380011599998,18.3463821,0.0342556536,0,zr,253.72161500000001,11.100567699999999,0.671999991,-0.0209999997,20250430380000,535,0x8,0x2,21.3999996,26.2862167,0.0199710187,0.0922215283,4.35919083e-06,30,1.12699997,1
535208200007875,305139820,2460805.9029186587,60805.398205999998,18.3581944,0.034528099,0,zr,253.7215985,11.1005451,0.741999984,0.0649999976,20250510398183,535,0x8,0x2,20.4799995,26.3212318,0.022931261,0.0964959636,5.61439265e-06,30,1.07500005,1
535208200007875,305337877,2460807.8835437656,60807.378773099997,18.4429893,0.0365694612,0,zr,253.7216167,11.1005693,0.518000007,0.0209999997,20250512378762,535,0x8,0x2,19.8700008,26.2847805,0.0292831901,0.0934542045,9.10509516e-06,30,1.08200002,1
535208200007875,305739196,2460811.8968399619,60811.3919676,18.3446808,0.0342166573,0,zr,253.72161299999999,11.1005723,0.559000015,-0.0469999984,20250516391956,535,0x8,0x2,20.7700005,26.302002,0.0207051151,0.0953451097,4.66266556e-06,30,1.07500005,1
535208200007875,306238071,2460816.8856862728,60816.380717599997,18.3719921,0.0348499343,0,zr,253.7216032,11.1005664,1.15100002,-0.0410000011,20250521380706,535,0x8,0x2,21.3799992,26.298008,0.0221821014,0.0934135094,5.23290919e-06,30,1.07500005,1
535208200007875,306438322,2460818.8882269906,60818.383229200001,18.3612785,0.0345996916,0,zr,253.72162449999999,11.100562399999999,1.51100004,-0.0820000023,20250523383229,535,0x8,0x2,21.6100006,26.3163624,0.0205435455,0.0897487253,4.55439931e-06,30,1.07799995,1
535208200007875,306642813,2460820.9331583995,60820.4281366,18.3355293,0.0340078548,0,zr,253.7216172,11.1005649,0.924000025,-0.050999999,20250525428137,535,0x8,0x2,21.3799992,26.2583961,0.0189944152,0.0944690332,3.89722663e-06,30,1.15699995,1
535208200007875,306839586,2460822.9009075551,60822.3958681,18.3132858,0.0335073695,0,zr,253.72160199999999,11.100571800000001,0.481000006,-0.0130000003,20250527395856,535,0x8,0x2,21.5300007,26.2589378,0.022381708,0.101347759,5.47531636e-06,30,1.102,1
535208200007875,307033703,2460824.8420885867,60824.337036999998,18.3248501,0.0337663405,0,zr,253.72162829999999,11.100560400000001,0.460000008,-0.0379999988,20250529337037,535,0x8,0x2,21.6000004,26.2743626,0.019261824,0.0943544582,3.95487541e-06,30,1.079,1
535208200007875,307532988,2460829.8349429728,60829.329884300001,18.3791256,0.0350178815,0,zr,253.72162030000001,11.100544899999999,1.24600005,-0.0869999975,20250603329861,535,0x8,0x2,21.4500008,26.2677402,0.0210461766,0.0854359046,4.79436858e-06,30,1.07599998,1
535208200007875,307831972,2460832.8247685749,60832.319722200002,18.3089657,0.0334113017,0,zr,253.72160940000001,11.1005693,0.947000027,-0.0350000001,20250606319722,535,0x8,0x2,19.9899998,26.2363644,0.0318523198,0.103553593,1.08192644e-05,30,1.07700002,1
535208200007875,308035018,2460834.8552162028,60834.350185199997,18.3052368,0.0333286822,0,zr,253.72161539999999,11.1005784,0.667999983,-0.0529999994,20250608350174,535,0x8,0x2,20.3600006,26.3013325,0.0241170339,0.0996319577,6.23901815e-06,30,1.08599997,1
535208200007875,308234011,2460836.8451261688,60836.340115699997,18.3422241,0.0341604315,0,zr,253.72163040000001,11.100580600000001,0.907999992,-0.0250000004,20250610340116,535,0x8,0x2,19.9599991,26.2781925,0.0298701059,0.100679547,9.63002731e-06,30,1.08200002,1
535208200007875,308431427,2460838.8192555732,60838.314270800001,18.3209591,0.0336789116,0,zr,253.72162169999999,11.1005881,0.600000024,-0.0670000017,20250612314225,535,0x8,0x2,20.3299999,26.3082008,0.023244502,0.0955346003,5.7109296e-06,30,1.074,1
535208200007875,308629650,2460840.8014582642,60840.296504600003,18.3649197,0.0346844606,0,zr,253.72161109999999,11.1005758,1.05299997,-0.103,20250614296505,535,0x8,0x2,20.9699993,26.3099842,0.020752972,0.0915120244,4.60396041e-06,30,1.07700002,1
535208200007875,308829502,2460842.7999400492,60842.2950231,18.3673706,0.0347416885,0,zr,253.72162040000001,11.100552199999999,1.14699996,0.0469999984,20250616295023,535,0x8,0x2,21.0599995,26.3230972,0.0195743684,0.0863549635,4.10614848e-06,30,1.07599998,1
535208200007875,309035217,2460844.8570494642,60844.3521759,18.3253021,0.0337765142,0,zr,253.72163,11.1005413,0.976999998,0.00300000003,20250618352176,535,0x8,0x2,20.8500004,26.2936878,0.0220993478,0.102119669,5.27617749e-06,30,1.13100004,1
535208200007875,309235298,2460846.8578120861,60846.352986099999,18.3048859,0.0333209038,0,zr,253.72162520000001,11.1005945,0.870999992,-0.0209999997,20250620352986,535,0x8,0x2,21,26.3066273,0.0203691758,0.0983195752,4.48314631e-06,30,1.14600003,1
535208200007875,309431261,2460848.8173899972,60848.312615700001,18.3634205,0.0346495397,0,zr,253.7216075,11.100576500000001,1.51499999,0.0179999992,20250622312569,535,0x8,0x2,20.9400005,26.2928581,0.0206017811,0.103489831,4.58200338e-06,30,1.08700001,1
535208200007875,309633052,2460850.8352366132,60850.330520800002,18.3192291,0.033640109,0,zr,253.7216172,11.100583200000001,0.898000002,0.0710000023,20250624330509,535,0x8,0x2,21.0200005,26.25597,0.0248109251,0.106478035,6.71251973e-06,30,1.12,1
535208200007875,309637501,2460850.8797260383,60850.375011600001,18.1227951,0.029605072,0,zr,253.72162449999999,11.100571,0.414000005,-0.0219999999,20250624375012,535,0x8,0x2,21.0599995,26.2305164,0.0203716196,0.103927568,4.48767332e-06,30,1.25999999,1
535208200007875,309832913,2460852.8337846282,60852.329131899998,18.329422,0.0338694528,0,zr,253.7215961,11.100519500000001,1.40199995,0.0209999997,20250626329132,535,0x8,0x2,20.8999996,26.1389275,0.0235548634,0.104169488,6.10590951e-06,30,1.12899995,1
535208200007875,310033685,2460854.8414361463,60854.3368519,18.3225174,0.0337138809,0,zr,253.7216086,11.1005529,0.875999987,-0.0659999996,20250628336806,535,0x8,0x2,21.3600006,26.2727451,0.0200436208,0.0954115093,4.30792215e-06,30,1.16100001,1
535208200007875,310229121,2460856.7957280851,60856.2912153,18.366869,0.0347299874,0,zr,253.7215994,11.100570400000001,1.25199997,0.0560000017,20250630291204,535,0x8,0x2,21.2000008,26.2997952,0.0187171083,0.0969111845,3.80369966e-06,30,1.08700001,1
535208200007875,310430098,2460858.8054182115,60858.3009838,18.345232,0.0342292748,0,zr,253.7216267,11.100559499999999,0.89200002,0.00600000005,20250702300972,535,0x8,0x2,21.3899994,26.2927322,0.0193994269,0.096992299,4.02743171e-06,30,1.10699999,1
535208200007875,310634025,2460860.8446045239,60860.3402546,17.910183,0.0259740502,0,zr,253.72162520000001,11.1005789,0.643000007,-0.0390000008,20250704340255,535,0x8,0x2,21.0200005,26.2504845,0.0205010381,0.101544246,4.51763935e-06,30,1.22800004,1
535208200007875,310834346,2460862.8477228093,60862.343460600001,18.3104401,0.0334440507,0,zr,253.7216162,11.100543699999999,1.16299999,-0.136000007,20250706343333,535,0x8,0x2,20.5200005,26.3218536,0.0244701561,0.101808496,6.41520637e-06,30,1.26499999,1
535208200007875,311027074,2460864.7749142204,60864.270740699998,18.3019714,0.0332565606,0,zr,253.72159669999999,11.1005691,0.856999993,-0.061999999,20250708270255,535,0x8,0x2,20.6200008,26.3332996,0.0224318467,0.0966718048,5.42738462e-06,30,1.08800006,1
535208200007875,311225695,2460866.761033738,60866.256955999997,18.4569588,0.0369206108,32768,zr,253.72159389999999,11.1005354,1.37,-0.0869999975,20250710256956,535,0x8,0x2,20.3899994,26.2835255,0.0314997919,0.0911989436,1.06129937e-05,30,1.08099997,1
535208200007875,311428846,2460868.7924358915,60868.288460600001,18.3052063,0.0333279967,0,zr,253.7216143,11.100573300000001,0.884000003,-0.0850000009,20250712288461,535,0x8,0x2,20.4200001,26.3072319,0.0232125595,0.100116923,5.82667099e-06,30,1.13499999,1
535208200007875,311625631,2460870.7601912809,60870.256319400003,18.342186,0.0341595635,0,zr,253.72161070000001,11.100552199999999,0.782999992,-0.0799999982,20250714256308,535,0x8,0x2,20.8999996,26.1950092,0.0228674617,0.0921194926,5.59495038e-06,30,1.09099996,1
535208200007875,313321540,2460887.7182307839,60887.215405100003,18.3333282,0.0339578986,0,zr,253.72160589999999,11.1005769,1.38999999,-0.133000001,20250731215394,535,0x8,0x2,21.3099995,26.3196678,0.0212713238,0.0941303447,4.85324881e-06,30,1.097,1
535208200007875,315024995,2460904.751513205,60904.249953699997,18.3449097,0.0342219025,0,zr,253.7216008,11.1005766,1.28600001,-0.0430000015,20250817249931,535,0x8,0x2,20.8500004,26.2990284,0.0216111802,0.103892289,5.08020412e-06,30,1.38199997,1
535208200007875,315615871,2460910.6598033044,60910.1587153,18.3813896,0.0350713991,0,zr,253.72161220000001,11.100557500000001,1.02999997,-0.0710000023,20250823158704,535,0x8,0x2,21.2199993,26.2310238,0.0207237471,0.0916395634,4.6024843e-06,30,1.10599995,1
535208200007875,316319537,2460917.6958852573,60917.195370399997,18.3159485,0.0335667394,0,zr,253.7215946,11.100572400000001,1.528,-0.144999996,20250830195370,535,0x8,0x2,20.8500004,26.2517242,0.0229514595,0.0987864435,5.71151304e-06,30,1.27499998,1
535208200007875,316519148,2460919.6918325904,60919.191481499998,18.3479824,0.034292385,0,zr,253.72161890000001,11.1005562,1.26499999,-0.0599999987,20250901191470,535,0x8,0x2,20.8600006,26.2764301,0.0224363338,0.0943839774,5.42239695e-06,30,1.28299999,1
535208200007875,316715995,2460921.6601431323,60921.1599537,18.3607388,0.0345871374,0,zr,253.72159819999999,11.1005872,0.620000005,-0.00700000022,20250903159919,535,0x8,0x2,20.6499996,26.2595768,0.0242813285,0.0924603119,6.37452877e-06,30,1.17900002,1
535208200007875,316924571,2460923.745735649,60923.245717600003,18.315464,0.0335559361,32768,zr,253.7215631,11.100592900000001,0.73299998,-0.123000003,20250905245718,535,0x8,0x2,19.4799995,26.0721493,0.0385933109,0.0985318422,1.61684184e-05,30,1.86500001,1
535208200007875,317114789,2460925.6477555973,60925.147893499998,18.2904587,0.0330039226,0,zr,253.72162410000001,11.100578000000001,1.04799998,-0.0540000014,20250907147685,535,0x8,0x2,20.6399994,26.2794018,0.0244763084,0.0894623622,6.46343233e-06,30,1.176,1
535208200007875,317319552,2460927.6952152494,60927.1955208,18.2317181,0.0317545831,0,zr,253.721577,11.1005664,0.764999986,-0.00400000019,20250909195521,535,0x8,0x2,19.8500004,26.3034096,0.0308733638,0.103185415,1.01386504e-05,30,1.44099998,1
535208200007875,317521600,2460929.7155365008,60929.216006900002,18.2950268,0.0331038535,0,zr,253.72160450000001,11.100594900000001,0.726999998,-0.101000004,20250911216007,535,0x8,0x2,20.1599998,26.1149712,0.0283945035,0.102770671,8.73379668e-06,30,1.68599999,1
535208200007875,318017109,2460934.6702284208,60934.171099500003,18.3713112,0.034833964,0,zr,253.72162270000001,11.100554799999999,0.959999979,-0.075000003,20250916171088,535,0x8,0x2,21.2399998,26.2861748,0.0227395073,0.0852937028,5.53615564e-06,30,1.40199995,1
535208200007875,319014449,2460944.6428383836,60944.144490699997,18.3657665,0.0347042419,32768,zr,253.72162399999999,11.100534400000001,0.93599999,0.0140000004,20250926144491,535,0x8,0x2,20.2399998,26.6338043,0.172697797,0.0518444441,0.000353558687,30,1.40699995,1
535208200007875,319515083,2460949.6488076253,60949.150833300002,18.3450851,0.0342259184,0,zr,253.72159690000001,11.1005634,1.09000003,-0.0710000023,20251001150833,535,0x8,0x2,20.3600006,26.2452469,0.0250953585,0.0997020006,6.87232841e-06,30,1.57200003,1
535208200007875,319717060,2460951.6684300625,60951.170601899998,18.3316631,0.0339201577,0,zr,253.7215836,11.1005807,0.869000018,0.00400000019,20251003170590,535,0x8,0x2,20.2099991,26.2269459,0.0254688319,0.100843623,6.91878586e-06,30,1.88600004,1
535308200010225,47450266,2458229.0065095951,58228.502661999999,16.4912376,0.016164802,0,zi,253.7216147,11.1005255,1.26300001,-0.0160000008,20180420502627,535,0x8,0x2,19.9599991,25.6942387,0.0285913795,0.204320699,2.18886889e-05,30,1.11199999,2
535308200010225,47835421,2458232.8582631736,58232.354212999999,16.3882828,0.0156550296,32768,zi,253.72162349999999,11.1005053,0.569000006,-0.0270000007,20180424354201,535,0x8,0x2,19.2399998,24.7442818,0.042787265,0.179660261,4.63165634e-05,30,1.26800001,2
535308200010225,49532943,2458249.8341676928,58249.329432899998,16.5245705,0.0163425915,0,zi,253.7216023,11.100630199999999,1.74800003,0.0130000003,20180511329433,535,0x8,0x2,19.7000008,25.6785698,0.0331339501,0.201948479,2.79044998e-05,30,1.18499994,2
535308200010225,50148156,2458255.9864547225,58255.481562499997,16.4399548,0.015903635,0,zi,253.72163570000001,11.1005232,0.786000013,-0.0430000015,20180517481262,535,0x8,0x2,20.2800007,25.6719551,0.0221907366,0.186054692,1.25203369e-05,30,1.27400005,2
535308200010225,50933476,2458263.8397870841,58263.334768499997,16.4098358,0.0157569926,0,zi,253.7216177,11.100510999999999,1.04100001,0.00600000005,20180525334144,535,0x8,0x2,20.2700005,25.6848354,0.0273075998,0.194570169,1.93339056e-05,30,1.09300005,2
535308200010225,51327101,2458267.7760685133,58267.271018500003,16.4601593,0.0160047784,0,zi,253.7216205,11.100489,1.11699998,-0.0219999999,20180529271007,535,0x8,0x2,19.6100006,25.6421604,0.0353696942,0.180155277,3.18082348e-05,30,1.21700001,2
535308200010225,51835657,2458272.8616331373,58272.356574099998,16.3639183,0.0155426888,0,zi,253.72161689999999,11.100493800000001,1.09599996,0.116999999,20180603356574,535,0x8,0x2,20.4599991,25.6589184,0.0252472684,0.194663718,1.6774773e-05,30,1.08200002,2
535308200010225,52638731,2458280.8923153412,58280.387314799998,16.3758812,0.0155974645,0,zi,253.72161650000001,11.100498699999999,0.903999984,-0.050999999,20180611387303,535,0x8,0x2,20.7199993,25.6638813,0.022537332,0.198873952,1.28383235e-05,30,1.17499995,2
535308200010225,53219578,2458286.7006900939,58286.195786999997,16.4069481,0.0157431923,0,zi,253.7216584,11.1005009,0.957000017,-0.0179999992,20180617195741,535,0x8,0x2,20.2099991,25.6649494,0.0235873535,0.193894282,1.39913673e-05,30,1.32599998,2
535308200010225,54133247,2458295.8371361089,58295.332476900003,16.3641872,0.0155439088,0,zi,253.72162470000001,11.1004887,0.949999988,0.0719999969,20180626332465,535,0x8,0x2,20.0499992,25.677187,0.0282699112,0.184192032,1.97888567e-05,30,1.13999999,2
535308200010225,54817649,2458302.6809005323,58302.1764931,16.509161,0.0162595939,0,zi,253.72161919999999,11.100513299999999,1.11800003,-0.0370000005,20180703176481,535,0x8,0x2,20.2999992,25.6611614,0.0237126909,0.196369901,1.48285635e-05,30,1.21599996,2
535308200010225,55817375,2458312.6776904101,58312.173750000002,16.5108452,0.0162685998,0,zi,253.7215985,11.100545,2.10700011,-0.109999999,20180713173692,535,0x8,0x2,20.2199993,25.5578442,0.0271260329,0.184093609,1.90355877e-05,30,1.14300001,2
535308200010225,56736049,2458321.8639148339,58321.3604977,16.5028629,0.0162260737,0,zi,253.72162109999999,11.1004942,1.38999999,-0.107000001,20180722360463,535,0x8,0x2,20.1399994,25.6008625,0.0279880743,0.189857945,1.9738467e-05,30,1.76400006,2
535308200010225,57732952,2458331.8322886317,58331.329525499998,16.5248413,0.0163440593,0,zi,253.7216243,11.100486800000001,0.802999973,-0.0149999997,20180801329514,535,0x8,0x2,20.0200005,25.5078411,0.0288228504,0.195331916,2.1136093e-05,30,1.71899998,2
535308200010225,58316605,2458337.6683985246,58337.166053200002,16.5316868,0.0163813829,0,zi,253.7216051,11.1005033,1.14400005,-0.0419999994,20180807166042,535,0x8,0x2,20.75,25.6636868,0.0282790624,0.199424952,2.14542597e-05,30,1.08200002,2
535308200010225,59032753,2458344.8293385888,58344.327534700002,16.4740047,0.016075395,0,zi,253.72162599999999,11.100508,0.453999996,-0.0109999999,20180814327535,535,0x8,0x2,20.0300007,25.4640045,0.02797677,0.202725321,2.06582081e-05,30,2.32500005,2
535308200010225,59418532,2458348.6868261644,58348.185324099999,16.3786201,0.0156101109,0,zi,253.72162320000001,11.100510699999999,1.94099998,-0.0989999995,20180818185324,535,0x8,0x2,20.2000008,25.5866203,0.0271522626,0.197208345,1.86172983e-05,30,1.14100003,2
535308200010225,60827488,2458362.7752460511,58362.274884300001,16.4139404,0.0157766882,0,zi,253.72161940000001,11.1004795,0.596000016,-0.0280000009,20180901274884,535,0x8,0x2,19.9300003,25.6409416,0.0268641263,0.196852416,1.77456695e-05,30,2.20099998,2
535308200010225,80253975,2458557.0409795535,58556.539756899998,16.3867836,0.0156480335,0,zi,253.7216172,11.1005153,0.773999989,0.00600000005,20190314539757,535,0x8,0x2,19.7700005,25.6667824,0.029738754,0.198255435,2.25408421e-05,30,1.08399999,2
535308200010225,82750329,2458582.0064003156,58581.503298600001,16.4456596,0.0159319602,0,zi,253.7216348,11.100521499999999,1.45700002,-0.00999999978,20190408503299,535,0x8,0x2,20.1499996,25.3296585,0.025824178,0.19650735,1.73644439e-05,30,1.07799995,2
535308200010225,83250344,2458587.0068727336,58586.503449099997,16.4017258,0.015718339,0,zi,253.72163950000001,11.1005077,1.10399997,-0.074000001,20190413503438,535,0x8,0x2,20.3199997,25.6257248,0.0233517382,0.200033903,1.38508103e-05,30,1.08599997,2
535308200010225,83731936,2458591.8230744069,58591.319363399998,16.4863262,0.0161391478,0,zi,253.7216257,11.1005038,0.568000019,-0.0390000008,20190418319363,535,0x8,0x2,19.4500008,25.5323257,0.0345027111,0.189101055,2.96309754e-05,30,1.64900005,2
535308200010225,85146106,2458605.9654759089,58605.461064800002,16.4250202,0.0158303101,0,zi,253.7216301,11.100497900000001,0.949000001,-0.0320000015,20190502461030,535,0x8,0x2,20.7199993,25.5780201,0.0227129385,0.189322382,1.31177594e-05,30,1.097,2
535308200010225,86233655,2458616.8413357795,58616.3365509,16.5147934,0.0162897687,0,zi,253.72163430000001,11.100498200000001,0.791999996,-0.0289999992,20190513336539,535,0x8,0x2,20.6800003,25.5797939,0.0225237869,0.187526599,1.26214964e-05,30,1.14900005,2
535308200010225,87345575,2458627.9607579475,58627.455752299997,16.3705063,0.0155727603,0,zi,253.7216368,11.100496700000001,0.686999977,0.0179999992,20190524455729,535,0x8,0x2,20.6800003,25.5925064,0.0244925767,0.19433254,1.52997272e-05,30,1.23899996,2
535308200010225,88229743,2458636.8024911117,58636.297430600003,16.4875832,0.0161456969,0,zi,253.72163800000001,11.1004947,0.950999975,-0.0460000001,20190602297431,535,0x8,0x2,20.7700005,25.6035843,0.0196435843,0.193159387,9.98708492e-06,30,1.11600006,2
535308200010225,88629711,2458640.802167689,58640.297118100003,16.4040947,0.015729595,0,zi,253.72163689999999,11.100497300000001,0.391000003,-0.0120000001,20190606297118,535,0x8,0x2,20.7700005,25.6010933,0.0213161334,0.194664583,1.1464318e-05,30,1.09899998,2
535308200010225,89023420,2458644.7392185549,58644.234201400002,16.5004425,0.0162132569,0,zi,253.72164050000001,11.100502000000001,0.828999996,-0.0209999997,20190610234201,535,0x8,0x2,20.5100002,25.6144428,0.0229702685,0.194164544,1.29928248e-05,30,1.23399997,2
535308200010225,89430800,2458648.8129706252,58648.308009300003,16.4282799,0.0158462115,0,zi,253.72163159999999,11.1005033,0.839999974,-0.0469999984,20190614307998,535,0x8,0x2,20.0900002,25.6162796,0.0240314528,0.19251129,1.41926912e-05,30,1.07599998,2
535308200010225,89430891,2458648.813873311,58648.308912,16.4557552,0.0159825347,0,zi,253.72162839999999,11.1004965,0.611999989,-0.0309999995,20190614308912,535,0x8,0x2,20.2900009,25.6127548,0.0233641677,0.18678987,1.31722709e-05,30,1.07599998,2
535308200010225,89825458,2458652.7594692288,58652.254583299997,16.3948326,0.0156857613,0,zi,253.72163929999999,11.100494599999999,0.469000012,-0.0439999998,20190618254583,535,0x8,0x2,19.9099998,25.5908318,0.0284314454,0.187566847,1.97526988e-05,30,1.11399996,2
535308200010225,89827124,2458652.7761355699,58652.271249999998,16.3978767,0.0157001149,0,zi,253.72162969999999,11.100493699999999,0.898999989,-0.0260000005,20190618271250,535,0x8,0x2,20,25.5948753,0.0293734185,0.191486835,2.09996924e-05,30,1.09000003,2
535308200010225,90517906,2458659.6837665602,58659.179062499999,16.4995804,0.0162086915,0,zi,253.72163309999999,11.1004986,0.976000011,-0.0460000001,20190625179062,535,0x8,0x2,20.5900002,25.5915813,0.0209948551,0.195356622,1.12315656e-05,30,1.29900002,2
535308200010225,90918582,2458663.690392503,58663.185821799998,16.4230499,0.0158207268,32768,zi,253.72163359999999,11.100491399999999,0.93599999,-0.0299999993,20190629185822,535,0x8,0x2,20.6000004,25.4370499,0.0539816692,0.181143701,8.06349999e-05,30,1.22000003,2
535308200010225,91318256,2458667.686987157,58667.1825694,16.4079056,0.0157477632,0,zi,253.72163520000001,11.1004965,0.757000029,0.0179999992,20190703182569,535,0x8,0x2,20.6900005,25.6289043,0.0218532849,0.191537946,1.23415448e-05,30,1.19299996,2
535308200010225,91718350,2458671.6877523405,58671.183506900001,16.4953022,0.0161861386,32768,zi,253.72163990000001,11.100501400000001,0.819000006,-0.0270000007,20190707183507,535,0x8,0x2,20.1800003,24.9843025,0.0536991693,0.167833403,8.02316645e-05,30,1.15600002,2
535308200010225,92119092,2458675.6949803713,58675.190925900002,16.3625793,0.0155366054,0,zi,253.7216311,11.100498399999999,0.354000002,0.0189999994,20190711190926,535,0x8,0x2,20.3600006,25.59058,0.0225671027,0.196203113,1.27765452e-05,30,1.11500001,2
535308200010225,92121939,2458675.7234511557,58675.219398100002,16.392374,0.015674198,0,zi,253.72162900000001,11.1005027,0.991999984,-0.0460000001,20190711219398,535,0x8,0x2,20.6200008,25.6083736,0.0216585044,0.190828651,1.18519856e-05,30,1.08099997,2
535308200010225,93130655,2458685.8100478337,58685.306550900001,16.3876343,0.015651999,0,zi,253.72163939999999,11.1004959,0.606000006,-0.0260000005,20190721306551,535,0x8,0x2,20.6000004,25.5966339,0.0211951882,0.19301255,1.12847783e-05,30,1.27999997,2
535308200010225,93829885,2458692.8019087822,58692.298854200002,16.3544922,0.0155000426,0,zi,253.72162520000001,11.100498999999999,0.876999974,-0.075000003,20190728298530,535,0x8,0x2,20.4500008,25.5674915,0.0218738839,0.194440588,1.17876916e-05,30,1.34000003,2
535308200010225,94218793,2458696.6907306411,58696.187939800002,16.0872688,0.0144646876,0,zi,253.7216248,11.1004989,1.03900003,0.00100000005,20190801187940,535,0x8,0x2,21.0200005,25.6012688,0.0211437661,0.191707924,1.07335663e-05,30,1.07700002,2
535308200010225,94916318,2458703.6654732744,58703.163182900003,16.393383,0.0156789403,0,zi,253.72164230000001,11.100495499999999,0.43900001,-0.023,20190808163183,535,0x8,0x2,20.4300003,25.5623837,0.0223658048,0.190818936,1.23577902e-05,30,1.07500005,2
535308200010225,95822668,2458712.7282877457,58712.226689800002,16.3899059,0.0156626254,0,zi,253.72162040000001,11.1005035,0.839999974,-0.0780000016,20190817226655,535,0x8,0x2,20.5300007,25.6129055,0.0208709594,0.192127198,1.08890463e-05,30,1.25100005,2
535308200010225,96516495,2458719.6659982996,58719.164953699998,16.4955254,0.0161873121,0,zi,253.7216397,11.1005056,0.934000015,-0.0670000017,20190824164954,535,0x8,0x2,20.5599995,25.5785255,0.022322977,0.196968272,1.25452561e-05,30,1.12100005,2
535308200010225,120138925,2458955.892901707,58955.389259299998,16.4766922,0.0160892233,0,zi,253.72163359999999,11.100503399999999,1.61399996,-0.0860000029,20200416389248,535,0x8,0x2,20.8999996,25.6846924,0.0234464668,0.203526288,1.371904e-05,30,1.20700002,2
535308200010225,120843376,2458962.9377902998,58962.433761599998,16.413908,0.0157765355,0,zi,253.7216325,11.1005112,0.851000011,-0.0480000004,20200423433738,535,0x8,0x2,20.7999992,25.6679077,0.0243013818,0.210604861,1.45100275e-05,30,1.08000004,2
535308200010225,121346186,2458967.9661339233,58967.4618634,16.4073296,0.0157450121,0,zi,253.72162299999999,11.1005147,1.32200003,-0.0299999993,20200428461771,535,0x8,0x2,20.9899998,25.6633282,0.0255836509,0.210001022,1.73579665e-05,30,1.08700001,2
535308200010225,121746054,2458971.9649853795,58971.460544000001,16.3788223,0.0156110451,0,zi,253.7216377,11.100515,1.53199995,-0.0309999995,20200502460243,535,0x8,0x2,20.3500004,25.705822,0.0234685168,0.204309851,1.38191344e-05,30,1.09899998,2
535308200010225,122241872,2458976.9233527044,58976.418726900003,16.432518,0.0158669688,0,zi,253.72163130000001,11.1005067,1.20500004,-0.0769999996,20200507418715,535,0x8,0x2,19.9200001,25.7435188,0.0266928487,0.191792488,1.72735272e-05,30,1.07599998,2
535308200010225,122637553,2458980.880282959,58980.375532400001,16.4468193,0.0159377418,0,zi,253.72163280000001,11.1005001,0.802999973,0.00200000009,20200511375521,535,0x8,0x2,20.2700005,25.7188206,0.0223000105,0.191870496,1.23871514e-05,30,1.08800006,2
535308200010225,123839282,2458992.8978260881,58992.392824100003,16.3845711,0.01563772,0,zi,253.72163019999999,11.100508100000001,0.674000025,-0.00200000009,20200523392812,535,0x8,0x2,20.7800007,25.6925697,0.0218797009,0.199579716,1.18354346e-05,30,1.08700001,2
535308200010225,124237366,2458996.8787106588,58996.373669000001,16.4374104,0.0158910528,0,zi,253.7216306,11.1005208,1.03999996,-0.0719999969,20200527373669,535,0x8,0x2,20.9599991,25.69841,0.0230688397,0.195680261,1.37529523e-05,30,1.08000004,2
535308200010225,124731540,2459001.8204654031,59001.315405100002,16.4670029,0.0160395429,0,zi,253.72162,11.1005111,1.17499995,-0.0140000004,20200601315359,535,0x8,0x2,20.5,25.6540031,0.0237172358,0.190563157,1.38620171e-05,30,1.09000003,2
535308200010225,125531605,2459009.821072273,59009.316053199997,16.3996086,0.0157083068,0,zi,253.721608,11.100523900000001,0.541000009,-0.0109999999,20200609315984,535,0x8,0x2,20.1800003,25.7576084,0.0259705037,0.198966652,1.71704669e-05,30,1.07599998,2
535308200010225,126137398,2459015.8789111436,59015.373981500001,16.4555054,0.0159812812,0,zi,253.72163399999999,11.1005152,0.850000024,-0.0170000009,20200615373981,535,0x8,0x2,20.9099998,25.6995068,0.0226631165,0.197342381,1.2674117e-05,30,1.16900003,2
535308200010225,126529646,2459019.8013152666,59019.2964699,16.3719292,0.0155792898,0,zi,253.7216378,11.100514199999999,0.312999994,0.00700000022,20200619296470,535,0x8,0x2,21.0400009,25.7169304,0.0232158769,0.193702027,1.35866785e-05,30,1.07500005,2
535308200010225,126927431,2459023.779056171,59023.274317099997,16.5073509,0.0162499417,0,zi,253.72161800000001,11.1005146,0.841000021,-0.0160000008,20200623274248,535,0x8,0x2,20.8600006,25.7493496,0.0249219947,0.191717014,1.55663856e-05,30,1.07700002,2
535308200010225,127331106,2459027.8156751143,59027.3110648,16.379837,0.0156157389,0,zi,253.72162549999999,11.1004989,1.24399996,-0.063000001,20200627310903,535,0x8,0x2,20.6499996,25.6268368,0.0293932129,0.203398556,2.23291809e-05,30,1.10300004,2
535308200010225,127729038,2459031.7948454064,59031.290381899998,16.4911499,0.0161643401,0,zi,253.7216305,11.1005083,0.876999974,-0.00999999978,20200701290382,535,0x8,0x2,20.3799992,25.6691494,0.0294835735,0.184429944,2.1689797e-05,30,1.09099996,2
535308200010225,128232618,2459036.8304311507,59036.326180600001,16.4772797,0.0160922538,0,zi,253.72162779999999,11.1005038,1.47099996,-0.122000001,20200706326157,535,0x8,0x2,20.3799992,25.7192802,0.0285485908,0.194413677,1.97115151e-05,30,1.20000005,2
535308200010225,128632843,2459040.8324980745,59040.3284375,16.4273262,0.015841553,0,zi,253.72161740000001,11.100516300000001,1.13900006,0.0399999991,20200710328438,535,0x8,0x2,20.7399998,25.7073269,0.0208617561,0.199506402,1.0729118e-05,30,1.25199997,2
535308200010225,129116981,2459045.6736222366,59045.1698148,16.3941383,0.0156824905,0,zi,253.72163370000001,11.1005144,1.26600003,-0.0540000014,20200715169815,535,0x8,0x2,20.4200001,25.7441387,0.0219634529,0.184238121,1.20919676e-05,30,1.13199997,2
535308200010225,129633856,2459050.8420752883,59050.338564799997,16.440115,0.0159044266,0,zi,253.72161600000001,11.100501899999999,0.966000021,-0.00100000005,20200720338403,535,0x8,0x2,20.6800003,25.7071152,0.0208152328,0.199416965,1.06525031e-05,30,1.47800004,2
535308200010225,130029355,2459054.7968193581,59054.293553199997,16.4198303,0.0158051122,0,zi,253.72163879999999,11.100525899999999,3.18799996,-0.0250000004,20200724293252,535,0x8,0x2,20.5499992,25.7518311,0.0211916678,0.185714796,1.12411981e-05,30,1.26699996,2
535308200010225,130625224,2459060.7551180772,59060.252245399999,16.408226,0.0157492962,0,zi,253.72162800000001,11.1005121,0.555999994,-0.0260000005,20200730252141,535,0x8,0x2,20.4099998,25.7182255,0.024257211,0.193632513,1.47466208e-05,30,1.17299998,2
535308200010225,131128766,2459065.7901810389,59065.287662000002,16.4754524,0.0160828382,0,zi,253.72163029999999,11.1005419,0.589999974,0.0199999996,20200804287662,535,0x8,0x2,19.2999992,25.6904526,0.0419944301,0.198619038,4.42537057e-05,30,1.40400004,2
535308200010225,131526853,2459069.7707576044,59069.268530100002,16.4088955,0.0157524925,0,zi,253.7216244,11.1005094,1.59399998,-0.0309999995,20200808268530,535,0x8,0x2,20.8199997,25.7318954,0.022868365,0.199658692,1.35587334e-05,30,1.35099995,2
535308200010225,132423664,2459078.738182154,59078.2366435,16.4849396,0.0161319319,0,zi,253.72161449999999,11.1005036,0.931999981,-0.0140000004,20200817236539,535,0x8,0x2,20.6900005,25.6169395,0.0243406575,0.194486976,1.48841309e-05,30,1.30900002,2
535308200010225,132823658,2459082.7378058252,59082.236585600003,16.3845329,0.0156375431,0,zi,253.7216152,11.1005068,1.40900004,-0.0219999999,20200821236458,535,0x8,0x2,20.5100002,25.4875336,0.0232907254,0.201251328,1.3321529e-05,30,1.37300003,2
535308200010225,133225562,2459086.7565204874,59086.255624999998,16.4762459,0.0160869267,0,zi,253.72161600000001,11.100518299999999,0.43900001,-0.0109999999,20200825255532,535,0x8,0x2,20.5,25.625246,0.0252713151,0.196985647,1.58112762e-05,30,1.62100005,2
535308200010225,133621702,2459090.7175978138,59090.217025500002,16.3849697,0.0156395733,0,zi,253.72163069999999,11.1005012,0.629000008,-0.00600000005,20200829216875,535,0x8,0x2,20.1399994,25.6419697,0.0272098761,0.193693593,1.98315392e-05,30,1.38800001,2
535308200010225,134026847,2459094.7687121406,59094.268472199998,16.3559227,0.0155064864,0,zi,253.7215913,11.100489700000001,1.454,-0.127000004,20200902268426,535,0x8,0x2,19.5599995,25.4969215,0.0368817821,0.195877776,3.44635118e-05,30,2.14599991,2
535308200010225,134424932,2459098.7492418219,59098.249328700003,16.4287834,0.0158486739,0,zi,253.72160439999999,11.100475400000001,1.22599995,-0.0850000009,20200906249329,535,0x8,0x2,19.9300003,25.618782,0.0289986599,0.195114076,2.15187138e-05,30,1.98599994,2
535308200010225,135319170,2459107.6908866665,59107.191701399999,16.3536758,0.0154963695,32768,zi,253.72161399999999,11.100504600000001,0.48300001,-0.0270000007,20200915191701,535,0x8,0x2,19.7399998,24.9786758,0.0323208421,0.208606943,2.73320784e-05,30,1.55499995,2
535308200010225,135718277,2459111.6816445109,59111.182777800001,16.4788246,0.0161002297,0,zi,253.72161349999999,11.100517399999999,0.751999974,-0.0289999992,20200919182778,535,0x8,0x2,20.4300003,25.5188236,0.023313906,0.203906164,1.42661029e-05,30,1.574,2
535308200010225,136214410,2459116.6425883118,59116.144108799999,16.4724712,0.0160675216,0,zi,253.72162109999999,11.1004881,1.47300005,0.00600000005,20200924144109,535,0x8,0x2,19.8600006,25.5524712,0.034924794,0.18044208,3.09347015e-05,30,1.375,2
535308200010225,136613237,2459120.6305497922,59120.132372699998,16.3386269,0.015429277,0,zi,253.72161750000001,11.1005041,0.836000025,-0.0309999995,20200928132292,535,0x8,0x2,20.1399994,25.6756268,0.0245141834,0.196358591,1.47411292e-05,30,1.37,2
535308200010225,137018582,2459124.6837010696,59124.185821799998,16.4145832,0.0157797858,0,zi,253.72162169999999,11.1005007,1.18799996,-0.0680000037,20201002185822,535,0x8,0x2,19.8799992,25.5875835,0.029378185,0.18754372,2.29143916e-05,30,2.13000011,2
535308200010225,137513579,2459129.6333294366,59129.1357986,16.418869,0.015800463,32768,zi,253.72161790000001,11.100501,0.838,0.0370000005,20201007135729,535,0x8,0x2,20.1299992,25.163868,0.0877227783,0.150875613,0.00020687186,30,1.597,2
535308200010225,138514878,2459139.6456714324,59139.148784700003,16.424139,0.0158260241,0,zi,253.72160020000001,11.100491099999999,0.652999997,-0.0170000009,20201017148785,535,0x8,0x2,19.8899994,25.5531387,0.0310783889,0.198078737,2.42343085e-05,30,2.2190001,2
535308200010225,147454545,2459229.0421900703,59228.545451400001,16.3833904,0.0156322252,0,zi,253.72161790000001,11.100529699999999,1.23899996,-0.0149999997,20210114545440,535,0x8,0x2,20.0900002,25.6993904,0.0290112589,0.196469337,2.21218543e-05,30,2.08100009,2
535308200010225,151646526,2459270.9651098945,59270.465266200001,16.4919662,0.0161686167,0,zi,253.72169589999999,11.100524699999999,0.827000022,0.0160000008,20210225465243,535,0x8,0x2,19.5499992,25.7379665,0.0409845971,0.192996517,4.38243987e-05,30,1.58899999,2
535308200010225,151950875,2459274.0088479347,59273.508750000001,16.4098034,0.0157568399,0,zi,253.72163699999999,11.1005077,0.913999975,-0.0370000005,20210228508715,535,0x8,0x2,19.4500008,25.7288036,0.0376439132,0.19286792,3.75913296e-05,30,1.24300003,2
535308200010225,152252457,2459277.0249218699,59276.524571800001,16.3625183,0.0155363223,0,zi,253.7216233,11.100543500000001,0.894999981,-0.0460000001,20210303524549,535,0x8,0x2,19.8500004,25.748518,0.0272756405,0.195758983,1.89400071e-05,30,1.15999997,2
535308200010225,154337525,2459297.8772983584,59297.375254600003,16.4398766,0.0159032457,0,zi,253.7216028,11.100513899999999,0.847000003,0.0189999994,20210324375255,535,0x8,0x2,19.7700005,25.6778774,0.0327757634,0.191215754,2.79860378e-05,30,1.78199995,2
535308200010225,155239924,2459306.9019616237,59306.399247699999,16.4341888,0.0158751812,0,zi,253.72162800000001,11.100515100000001,1.28699994,-0.0480000004,20210402399236,535,0x8,0x2,20.3899994,25.7221889,0.0226861089,0.1880804,1.32146452e-05,30,1.34000003,2
535308200010225,155542277,2459309.9257034552,59309.422777799999,16.3891926,0.0156592838,0,zi,253.7216354,11.1005091,0.952000022,-0.0309999995,20210405422778,535,0x8,0x2,20.8500004,25.7091923,0.0200517047,0.202955693,1.04487135e-05,30,1.19599998,2
535308200010225,155837541,2459312.8785419534,59312.375416700001,16.4465904,0.0159366019,0,zi,253.72163090000001,11.100510399999999,0.63499999,-0.0189999994,20210408375417,535,0x8,0x2,20.5499992,25.6085892,0.0224892609,0.196097836,1.30489907e-05,30,1.38699996,2
535308200010225,156148140,2459315.9847275983,59315.481400500001,16.4508591,0.0159579404,32768,zi,253.7216378,11.1005053,1.05900002,-0.0109999999,20210411481400,535,0x8,0x2,18.7399998,23.6438599,0.0748472363,0.188533112,0.000146406775,30,1.074,2
535308200010225,156548236,2459319.9859348335,59319.482361100003,16.4204159,0.0158079471,0,zi,253.72163370000001,11.100529,0.623000026,-0.0289999992,20210415482361,535,0x8,0x2,20.1399994,25.7334156,0.02241119,0.196922362,1.27580252e-05,30,1.07599998,2
535308200010225,156944144,2459323.9452487994,59323.441446800003,16.4181328,0.0157968998,0,zi,253.7216339,11.100516000000001,1.12300003,-0.0900000036,20210419441447,535,0x8,0x2,21.0499992,25.7191334,0.0216968171,0.206636921,1.22970741e-05,30,1.08200002,2
535308200010225,157540157,2459329.9056880097,59329.401574099997,16.4546623,0.0159770343,0,zi,253.72162839999999,11.1005155,1.25999999,-0.064000003,20210425401574,535,0x8,0x2,20.5200005,25.727663,0.0227041505,0.191047639,1.32319155e-05,30,1.11099994,2
535308200010225,158135989,2459335.8642810485,59335.3598958,16.4726181,0.0160682742,0,zi,253.7216383,11.100501,1.49000001,-0.0700000003,20210501359896,535,0x8,0x2,18.8500004,25.2646179,0.0463293232,0.178274333,5.54142316e-05,30,1.16999996,2
535308200010225,158435922,2459338.8637302392,59338.359224500004,16.4547825,0.0159776378,0,zi,253.7216383,11.100512999999999,0.583999991,-0.0240000002,20210504359225,535,0x8,0x2,20.4099998,25.7087822,0.0203764215,0.194013327,1.05995878e-05,30,1.14900005,2
535308200010225,158739549,2459341.9001139896,59341.395497700003,16.3790665,0.0156121757,0,zi,253.7216162,11.100528000000001,0.862999976,-0.0489999987,20210507395486,535,0x8,0x2,20.3700008,25.7130661,0.023237925,0.201264367,1.41515202e-05,30,1.08000004,2
535308200010225,159035619,2459344.8609047965,59344.3561921,16.3983212,0.0157022178,0,zi,253.7216233,11.100522700000001,0.718999982,-0.0340000018,20210510356169,535,0x8,0x2,20.7999992,25.6933212,0.0201288592,0.193759724,1.04558876e-05,30,1.11899996,2
535308200010225,159837694,2459352.8818600602,59352.376944399999,16.4201965,0.0158068836,0,zi,253.72162850000001,11.100519200000001,0.802999973,-0.0250000004,20210518376933,535,0x8,0x2,20.0599995,25.671196,0.0273389053,0.203980923,1.91504223e-05,30,1.07500005,2
535308200010225,160233540,2459356.8403888713,59356.335405099999,16.4183712,0.0157980528,0,zi,253.7216367,11.1005266,1.23500001,-0.0579999983,20210522335405,535,0x8,0x2,20.4500008,25.7383709,0.0206487812,0.189085409,1.08460608e-05,30,1.09899998,2
535308200010225,160535634,2459359.8613639413,59359.356342599996,16.4429817,0.0159186441,0,zi,253.72162109999999,11.1005299,1.33500004,-0.0689999983,20210525356343,535,0x8,0x2,20.1200008,25.6979828,0.0300187171,0.181825399,2.35993084e-05,30,1.07500005,2
535308200010225,160835670,2459362.8617476602,59362.3567014,16.4111691,0.0157633871,0,zi,253.72162750000001,11.1005167,0.92900002,-0.0199999996,20210528356701,535,0x8,0x2,20.3500004,25.7551689,0.0227120034,0.191283911,1.33174608e-05,30,1.074,2
535308200010225,161137692,2459365.8819801146,59365.376921299998,16.4974537,0.0161974654,0,zi,253.7216348,11.100517999999999,0.374000013,-0.00499999989,20210531376910,535,0x8,0x2,20.6499996,25.6924534,0.0218762085,0.19406794,1.24553908e-05,30,1.09099996,2
535308200010225,161535400,2459369.8590606982,59369.354004599998,16.4153156,0.0157833118,0,zi,253.72162359999999,11.1005258,1.574,-0.116999999,20210604354005,535,0x8,0x2,21.0400009,25.713316,0.0213719402,0.201172888,1.1793175e-05,30,1.08000004,2
535308200010225,162025672,2459374.7617470627,59374.256724500003,16.3995037,0.0157078095,0,zi,253.72162929999999,11.100528000000001,0.963,0.0370000005,20210609256713,535,0x8,0x2,20.8799992,25.6775036,0.0249390341,0.190850019,1.6160473e-05,30,1.16100001,2
535308200010225,162329090,2459377.7958880146,59377.290902799999,16.3803158,0.0156179583,0,zi,253.72162359999999,11.100512500000001,0.317999989,0.00600000005,20210612290903,535,0x8,0x2,21.0799999,25.7303162,0.0232735109,0.202661023,1.42155714e-05,30,1.08500004,2
535308200010225,162631603,2459380.8209655536,59380.316030100003,16.4659843,0.0160343554,32768,zi,253.72162169999999,11.100519999999999,0.56099999,-0.0469999984,20210615316030,535,0x8,0x2,20.2099991,24.9089851,0.0291869231,0.195838839,2.22546023e-05,30,1.07599998,2
535308200010225,163029300,2459384.7978606271,59384.293009300003,16.389513,0.0156607833,0,zi,253.72163080000001,11.100519999999999,0.356000006,-0.0149999997,20210619292998,535,0x8,0x2,20.4699993,25.646513,0.0208874866,0.191415131,1.16550682e-05,30,1.074,2
535308200010225,163735482,2459391.8594774343,59391.354826399998,16.3990059,0.0157054532,0,zi,253.72162460000001,11.100532899999999,1.62800002,-0.0359999985,20210626354757,535,0x8,0x2,20.1100006,25.7240067,0.0257003233,0.19287248,1.70251515e-05,30,1.20099998,2
535308200010225,164025372,2459394.7582774688,59394.253726900002,16.4055519,0.0157365371,0,zi,253.72162460000001,11.1005254,1.00600004,-0.0240000002,20210629253727,535,0x8,0x2,20.8799992,25.6035519,0.0257782824,0.195036918,1.72806558e-05,30,1.07799995,2
535308200010225,165020765,2459404.7117786664,59404.2076505,16.3752022,0.0155943325,0,zi,253.72162159999999,11.100514,0.924000025,-0.104999997,20210709207650,535,0x8,0x2,20.7299995,25.6502018,0.0237694774,0.211444885,1.48223253e-05,30,1.09500003,2
535308200010225,165525368,2459409.7575515104,59409.253680599999,16.3954391,0.0156886149,0,zi,253.7216244,11.100521000000001,0.444000006,0.00800000038,20210714253669,535,0x8,0x2,20.9599991,25.5734406,0.0236663055,0.197658554,1.4286079e-05,30,1.08800006,2
535308200010225,167535053,2459429.8531370619,59429.3505324,16.3730145,0.0155842695,0,zi,253.7216076,11.100526500000001,0.968999982,-0.0489999987,20210803350521,535,0x8,0x2,20.2800007,25.6120148,0.0280317981,0.209418386,2.07714693e-05,30,2.12899995,2
535308200010225,168117428,2459435.6764614438,59435.174282400003,16.4629211,0.0160187744,0,zi,253.72162789999999,11.1005219,0.786000013,-0.0390000008,20210809174282,535,0x8,0x2,21.1800003,25.6479206,0.0269979443,0.192487925,1.91395229e-05,30,1.08099997,2
535308200010225,168617042,2459440.6722264173,59440.170428199999,16.4256916,0.0158335827,0,zi,253.72163420000001,11.100524099999999,0.686999977,0.00899999961,20210814170405,535,0x8,0x2,20.5499992,25.5966911,0.0215438381,0.196224421,1.21853163e-05,30,1.08899999,2
535308200010225,168920994,2459443.711502858,59443.209942100002,16.5082664,0.0162548218,0,zi,253.72158020000001,11.10051,1.602,0.0540000014,20210817209641,535,0x8,0x2,19.3199997,25.5242672,0.0419570692,0.200510129,4.49947038e-05,30,1.19099998,2
535308200010225,170015607,2459454.6567567741,59454.156076400002,16.4137535,0.015775796,0,zi,253.7216348,11.1005257,1.35699999,-0.0689999983,20210828156065,535,0x8,0x2,20.8099995,25.7277546,0.0217833668,0.197736517,1.22676292e-05,30,1.12699997,2
535308200010225,170515468,2459459.6549580717,59459.154687499999,16.4351444,0.0158798881,0,zi,253.72162789999999,11.1005219,1.23500001,-0.0829999968,20210902154676,535,0x8,0x2,20.8099995,25.7061443,0.0219843425,0.196011394,1.27479962e-05,30,1.15600002,2
535308200010225,170815240,2459462.6524316119,59462.152407399997,16.4286957,0.0158482455,0,zi,253.7216166,11.1005185,1.17299998,-0.0599999987,20210905152396,535,0x8,0x2,20.9899998,25.7056961,0.0229139179,0.197848544,1.39982376e-05,30,1.17299998,2
535308200010225,171114972,2459465.6495004538,59465.149722200003,16.4202003,0.0158069078,0,zi,253.72161740000001,11.100524200000001,0.685000002,0.00700000022,20210908149722,535,0x8,0x2,20.9099998,25.6272011,0.0244783033,0.188572899,1.57767645e-05,30,1.19000006,2
535308200010225,172018627,2459474.685318891,59474.1862731,16.4232826,0.0158218574,0,zi,253.72159590000001,11.100524500000001,1.07000005,-0.0909999982,20210917186262,535,0x8,0x2,20.0900002,25.6892834,0.0267903488,0.189335719,1.81805626e-05,30,1.546,2
535308200010225,173219599,2459486.6941124047,59486.195995399998,16.4509048,0.0159581676,0,zi,253.72161650000001,11.100528300000001,0.995000005,-0.0890000015,20210929195984,535,0x8,0x2,20.2099991,25.6719055,0.0249265768,0.195322424,1.59765023e-05,30,2.15199995,2
535308200010225,175113300,2459505.6298529417,59505.1330093,16.4061584,0.0157394223,0,zi,253.7216166,11.1005412,0.58099997,-0.00300000003,20211018132998,535,0x8,0x2,20.0200005,25.6771584,0.0252030604,0.191959411,1.68512925e-05,30,1.94099998,2
535308200010225,187049864,2459624.9975650073,59624.498645799998,16.4538002,0.0159727,0,zi,253.72163689999999,11.100529099999999,1.12100005,-0.0430000015,20220214498646,535,0x8,0x2,20.2199993,25.7518005,0.0228196215,0.192843899,1.36582939e-05,30,1.56400001,2
535308200010225,187552421,2459630.0235420335,59629.524212999997,16.4785042,0.0160985738,0,zi,253.72161130000001,11.1005272,0.572000027,-0.00999999978,20220219524201,535,0x8,0x2,20.1599998,25.7615032,0.0223112591,0.189952508,1.28180263e-05,30,1.28799999,2
535308200010225,191645518,2459670.9578131791,59670.4551852,16.4728985,0.016069714,0,zi,253.7216248,11.1005156,1.43900001,-0.0549999997,20220401455174,535,0x8,0x2,20.9799995,25.7268982,0.0238555782,0.197557554,1.49687085e-05,30,1.13699996,2
535308200010225,191945759,2459673.9604336428,59673.457592600003,16.4150162,0.0157818701,0,zi,253.7216444,11.100539400000001,1.24600005,-0.0219999999,20220404457581,535,0x8,0x2,20.0400009,25.6370163,0.0251942277,0.201707542,1.63867662e-05,30,1.11500001,2
535308200010225,192933994,2459683.8434309554,59683.339942099999,16.4401627,0.0159046613,0,zi,253.7216372,11.1005258,0.50999999,-0.0610000007,20220414339931,535,0x8,0x2,20.1100006,25.698164,0.0245740712,0.188095629,1.53074325e-05,30,1.54200006,2
535308200010225,193346193,2459687.9656649595,59687.461932899998,16.472023,0.016065225,0,zi,253.7216301,11.100524999999999,0.577000022,-0.00700000022,20220418461933,535,0x8,0x2,20.2399998,25.7500229,0.0233076233,0.184009299,1.40553384e-05,30,1.07500005,2
535308200010225,193639914,2459690.903038166,59690.399143499999,16.439621,0.0159019828,0,zi,253.7216262,11.1005311,0.44600001,-0.00800000038,20220421399144,535,0x8,0x2,20.0300007,25.6976223,0.0238417592,0.189859122,1.44443575e-05,30,1.13999999,2
535308200010225,193937986,2459693.8839112795,59693.379861100002,16.429718,0.0158532467,0,zi,253.72163420000001,11.1005249,0.675999999,-0.0170000009,20220424379861,535,0x8,0x2,20.2600002,25.7047176,0.0240238011,0.190795988,1.46852954e-05,30,1.16999996,2
535308200010225,194233356,2459696.8377592107,59696.333564799999,16.4166374,0.0157896858,0,zi,253.72163190000001,11.1005327,0.866999984,-0.0350000001,20220427333565,535,0x8,0x2,20.3299999,25.7126369,0.0223510619,0.194307044,1.29324344e-05,30,1.33000004,2
535308200010225,194541831,2459699.9226444103,59699.418310200002,16.4680805,0.0160450432,0,zi,253.72162309999999,11.1005404,0.971000016,-0.0810000002,20220430418310,535,0x8,0x2,20.6200008,25.6970806,0.0208123531,0.191960931,1.08949962e-05,30,1.07799995,2
535308200010225,197243476,2459726.9398065293,59726.434768500003,16.3629379,0.0155382287,0,zi,253.72162449999999,11.1005267,0.684000015,0.0359999985,20220527434757,535,0x8,0x2,21.0200005,25.7329369,0.0226093959,0.198995203,1.37329198e-05,30,1.19200003,2
535308200010225,198326984,2459737.7748911884,59737.2698495,16.4510059,0.0159586743,0,zi,253.72162589999999,11.1005228,0.744000018,-0.0399999991,20220607269850,535,0x8,0x2,21,25.7420063,0.0214102827,0.195141256,1.20041068e-05,30,1.14199996,2
535308200010225,198630770,2459740.8127218476,59740.307708300003,16.4593887,0.0160008743,0,zi,253.72162169999999,11.1005319,0.878000021,-0.0520000011,20220610307708,535,0x8,0x2,20.3199997,25.7153893,0.0214301888,0.196894661,1.19627075e-05,30,1.07700002,2
535308200010225,199422870,2459748.7335850354,59748.228703699999,16.4291267,0.015850354,0,zi,253.7216349,11.1005444,0.811999977,-0.0240000002,20220618228704,535,0x8,0x2,20.4400005,25.7431259,0.0210859068,0.195955485,1.13611686e-05,30,1.17299998,2
535308200010225,200523439,2459759.7389585217,59759.234398100001,16.3808212,0.0156203005,0,zi,253.72161489999999,11.100523300000001,0.754000008,-0.00400000019,20220629234387,535,0x8,0x2,21.0499992,25.7088223,0.0229436234,0.200748727,1.3503487e-05,30,1.097,2
535308200010225,200924850,2459763.752912215,59763.248506900003,16.4695168,0.0160523839,0,zi,253.72162689999999,11.1005445,1.50100005,-0.130999997,20220703248495,535,0x8,0x2,20.7000008,25.7565174,0.0202113129,0.19602409,1.03565226e-05,30,1.07599998,2
535308200010225,202821182,2459782.7152565317,59782.211828699998,16.3935642,0.0156797953,0,zi,253.7216214,11.100524699999999,0.515999973,0.0410000011,20220722211829,535,0x8,0x2,20.8199997,25.6825638,0.0212474633,0.196227729,1.17319514e-05,30,1.07500005,2
535308200010225,203125228,2459785.7555176779,59785.252280100001,16.4592819,0.0160003416,0,zi,253.72162230000001,11.100535799999999,0.670000017,0.0189999994,20220725252269,535,0x8,0x2,21.1000004,25.5902805,0.0249740481,0.208557695,1.60596064e-05,30,1.13199997,2
535308200010225,203529365,2459789.7966296985,59789.293657399998,16.3927689,0.0156760495,0,zi,253.7216209,11.100534100000001,1.38199997,-0.0189999994,20220729293368,535,0x8,0x2,20.6900005,25.6277695,0.0225152466,0.199696898,1.32667374e-05,30,1.32799995,2
535308200010225,203924787,2459793.7505706456,59793.247870400002,16.4532013,0.0159696937,0,zi,253.7216066,11.1005211,0.921000004,-0.00300000003,20220802247859,535,0x8,0x2,20.9500008,25.6582012,0.022549646,0.197574422,1.30842727e-05,30,1.17900002,2
535308200010225,204420817,2459798.7105146716,59798.208171300001,16.4605732,0.0160068721,0,zi,253.72162639999999,11.100532599999999,0.875999987,-0.0700000003,20220807208160,535,0x8,0x2,20.4200001,25.7275734,0.0217637476,0.192374408,1.22500032e-05,30,1.11500001,2
535308200010225,205018981,2459804.6917081377,59804.189814799996,16.4107151,0.0157612078,0,zi,253.72162209999999,11.1005374,0.698000014,0.0160000008,20220813189815,535,0x8,0x2,20.4899998,25.5737152,0.0254775025,0.187039763,1.67729595e-05,30,1.11099994,2
535308200010225,205427284,2459808.7744229864,59808.272847200002,16.7561417,0.0177698061,32768,zi,253.7216138,11.1004893,1.25899994,-0,20220817272477,535,0x8,0x2,18.8600006,24.5161419,0.363156646,0.0128994109,0.00345318951,30,1.55700004,2
535308200010225,207620667,2459830.7064723712,59830.206678199997,16.4878654,0.0161471702,0,zi,253.7216162,11.100547000000001,1.10599995,-0.0160000008,20220908206667,535,0x8,0x2,19.7399998,25.6068649,0.0313679762,0.196789712,2.54780662e-05,30,1.50300002,2
535308200010225,210315385,2459857.6515578926,59857.153854199998,16.426445,0.0158372521,0,zi,253.72163309999999,11.100536,0.748000026,0.00700000022,20221005153623,535,0x8,0x2,19.9400005,25.5314445,0.0288171005,0.197246477,2.14387601e-05,30,1.71899998,2
535308200010225,211211880,2459866.6159121548,59866.118807899999,16.426115,0.0158356447,0,zi,253.72162549999999,11.100532599999999,0.360000014,-0.0270000007,20221014118426,535,0x8,0x2,20.1700001,25.683115,0.0242570434,0.194966123,1.5235808e-05,30,1.60000002,2
535308200010225,211713142,2459871.628223557,59871.131423600003,16.4420776,0.0159141589,0,zi,253.72161399999999,11.100543500000001,0.708000004,0.0289999992,20221019131412,535,0x8,0x2,20.2399998,25.6800785,0.0243901983,0.196797147,1.54579084e-05,30,1.949,2
535308200010225,212011466,2459874.6112951282,59874.114664399996,16.4395905,0.01590183,0,zi,253.72162030000001,11.1005258,0.481000006,-0.0280000009,20221022114456,535,0x8,0x2,20.2299995,25.6495914,0.0230024233,0.192885682,1.36869985e-05,30,1.81500006,2
535308200010225,212411336,2459878.6097869161,59878.113368099999,16.4604836,0.0160064213,0,zi,253.7216128,11.1005371,1.10800004,-0.00400000019,20221026113183,535,0x8,0x2,20.3899994,25.6764832,0.0246314425,0.190243095,1.54260779e-05,30,1.96700001,2
535308200010225,212811303,2459882.6092574336,59882.113032399997,16.3861122,0.0156448949,0,zi,253.72160059999999,11.1005194,0.586000025,0.00200000009,20221030113032,535,0x8,0x2,19.8799992,25.6451111,0.0315621197,0.195046872,2.61095629e-05,30,2.17400002,2
535308200010225,227648465,2460030.9868944637,60030.484652799998,16.4149685,0.0157816429,0,zi,253.7216282,11.100531999999999,0.67900002,-0.0170000009,20230327484641,535,0x8,0x2,20.1299992,25.7479687,0.0275518242,0.195320591,1.92820298e-05,30,1.10699999,2
535308200010225,228239527,2460036.8979545468,60036.395277800002,16.4056015,0.015736768,0,zi,253.7216301,11.100535799999999,0.535000026,0.0270000007,20230402395266,535,0x8,0x2,20.5200005,25.727602,0.0201740414,0.190915093,1.07105761e-05,30,1.37300003,2
535308200010225,228939795,2460043.9011098156,60043.397951400002,16.4121094,0.015767891,0,zi,253.7216171,11.1005366,0.583000004,-0.0309999995,20230409397650,535,0x8,0x2,20.1399994,25.6921082,0.0253360216,0.189763784,1.61852058e-05,30,1.25699997,2
535308200010225,229241803,2460046.921385725,60046.418032399997,16.4253826,0.0158320777,0,zi,253.7216248,11.100532400000001,0.577000022,0.0189999994,20230412418032,535,0x8,0x2,20.6299992,25.6123829,0.022391662,0.197789416,1.25733641e-05,30,1.15600002,2
535308200010225,229641876,2460050.9223599946,60050.418761599998,16.397604,0.0156988241,0,zi,253.72162180000001,11.1005264,0.584999979,0.0410000011,20230416418762,535,0x8,0x2,20.9899998,25.713604,0.0203195065,0.195095077,1.07640381e-05,30,1.12800002,2
535308200010225,229940299,2460053.9067685069,60053.402997700003,16.4354038,0.0158811603,0,zi,253.72162660000001,11.1005363,0.67900002,0.0179999992,20230419402963,535,0x8,0x2,20.2399998,25.7334042,0.0220854133,0.186865807,1.26807699e-05,30,1.14600003,2
535308200010225,230239891,2460056.9028464416,60056.398911999997,16.4119949,0.0157673415,0,zi,253.72162520000001,11.100538500000001,0.996999979,-0.0590000004,20230422398900,535,0x8,0x2,20.7900009,25.7289963,0.0209372658,0.195197597,1.15625608e-05,30,1.13600004,2
535308200010225,230541471,2460059.9187997612,60059.414710600002,16.436306,0.0158856064,0,zi,253.7216377,11.1006944,2.97199988,-0.0370000005,20230425414688,535,0x8,0x2,19.8600006,25.7233047,0.0330986567,0.200520307,2.8755976e-05,30,1.09399998,2
535308200010225,230840221,2460062.9064427749,60062.402210599997,16.4218674,0.0158149861,0,zi,253.72163280000001,11.100529,0.48300001,0.00499999989,20230428402199,535,0x8,0x2,21.0100002,25.7218666,0.0246942602,0.189111307,1.62330107e-05,30,1.10000002,2
535308200010225,231137732,2460065.8816905208,60065.377326399997,16.4223289,0.015817225,0,zi,253.72163459999999,11.1005378,0.430999994,-0.0370000005,20230501377280,535,0x8,0x2,20.3999996,25.7213287,0.020586228,0.190516725,1.13404458e-05,30,1.12899995,2
535308200010225,231943988,2460073.9445514092,60073.439884300002,16.4024048,0.0157215651,0,zi,253.72161360000001,11.1005565,0.503000021,-0.0299999993,20230509439583,535,0x8,0x2,19.6700001,25.676405,0.0301391128,0.198281795,2.30569603e-05,30,1.09300005,2
535308200010225,232336957,2460077.8743565925,60077.369571800002,16.4464111,0.0159357097,0,zi,253.72161349999999,11.1005202,1.25800002,-0.00499999989,20230513369572,535,0x8,0x2,19.7800007,25.69841,0.0345605649,0.197337627,3.18764432e-05,30,1.08899999,2
535308200010225,232632003,2460080.8248944436,60080.320034700002,16.4402428,0.0159050561,0,zi,253.7216311,11.100541099999999,0.972000003,-0.00200000009,20230516320012,535,0x8,0x2,20.8099995,25.6682434,0.0207312312,0.201356828,1.12814405e-05,30,1.171,2
535308200010225,233031062,2460084.8155674632,60084.310624999998,16.4359589,0.0158839002,0,zi,253.72162299999999,11.1005433,0.899999976,-0.0970000029,20230520310590,535,0x8,0x2,20.7900009,25.6569595,0.0215781536,0.197648048,1.21172125e-05,30,1.16700006,2
535308200010225,233333962,2460087.8446203223,60087.339629599999,16.4748631,0.0160798077,0,zi,253.7216219,11.1005533,0.612999976,-0.0189999994,20230523339560,535,0x8,0x2,21,25.7178631,0.0239588413,0.192736119,1.53535384e-05,30,1.09200001,2
535308200010225,233635650,2460090.8615308041,60090.3565046,16.430521,0.0158571731,0,zi,253.7216517,11.100536399999999,0.787999988,-0.00600000005,20230526356424,535,0x8,0x2,19.4500008,25.7015209,0.0343711525,0.201693624,3.01810633e-05,30,1.07500005,2
535308200010225,234030962,2460094.814683232,60094.3096296,16.4264965,0.0158375036,0,zi,253.72162950000001,11.1005427,0.677999973,0.0520000011,20230530309618,535,0x8,0x2,20.7900009,25.7384968,0.0210222714,0.191406161,1.13035112e-05,30,1.10800004,2
535308200010225,234335754,2460097.8626063312,60097.357546300002,16.4472008,0.0159396473,0,zi,253.72163080000001,11.100528499999999,0.455000013,0.0199999996,20230602357546,535,0x8,0x2,20.3099995,25.7172012,0.0264158677,0.183147058,1.85771005e-05,30,1.07799995,2
535308200010225,235525427,2460109.7592335059,60109.254270799996,16.4246922,0.0158287175,0,zi,253.7216258,11.100529999999999,0.774999976,-0.0299999993,20230614254259,535,0x8,0x2,20.6900005,25.7056923,0.0200932436,0.192255974,1.06031994e-05,30,1.13600004,2
535308200010225,235831449,2460112.8193971193,60112.314490700002,16.4889812,0.0161529966,0,zi,253.72160529999999,11.1005492,1.70599997,-0.0900000036,20230617314190,535,0x8,0x2,20.4599991,25.669981,0.0225818455,0.192670345,1.33179838e-05,30,1.07700002,2
535308200010225,236132927,2460115.8341094637,60115.329270800001,16.4575062,0.0159913655,0,zi,253.72161779999999,11.100549000000001,1.01699996,-0.0579999983,20230620328970,535,0x8,0x2,20.9400005,25.7245064,0.0216015559,0.195256144,1.22733845e-05,30,1.09800005,2
535308200010225,236443333,2460118.938089591,60118.433333300003,16.3868427,0.0156483054,0,zi,253.72159880000001,11.1005366,1.09500003,-0.0390000008,20230623433322,535,0x8,0x2,20.0100002,25.7068424,0.0253071114,0.199142992,1.62138058e-05,30,1.65799999,2
535308200010225,236836125,2460122.8658844046,60122.361250000002,16.4509068,0.0159581807,0,zi,253.72161639999999,11.1005489,1.08399999,-0.108999997,20230627361238,535,0x8,0x2,20.6800003,25.7389069,0.0212739427,0.197657466,1.15964422e-05,30,1.23000002,2
535308200010225,238425288,2460138.7568326956,60138.2528819,16.4350662,0.0158794988,0,zi,253.72161539999999,11.1005491,0.68900001,-0.0240000002,20230713252859,535,0x8,0x2,20.9400005,25.6410656,0.0239149723,0.193162605,1.54290592e-05,30,1.08299994,2
535308200010225,238931385,2460143.817528178,60143.313854200002,16.4098167,0.0157569032,0,zi,253.72162019999999,11.100558899999999,2.18799996,-0,20230718313854,535,0x8,0x2,20.5900002,25.7248173,0.0273755305,0.199188456,2.00051163e-05,30,1.27400005,2
535308200010225,239321196,2460147.7154110358,60147.2119676,16.4744492,0.0160776805,0,zi,253.72161919999999,11.100539700000001,0.927999973,-0.0340000018,20230722211956,535,0x8,0x2,20.9200001,25.7094479,0.0204506498,0.19299306,1.07744881e-05,30,1.07500005,2
535308200010225,239631670,2460150.8199510565,60150.316701399999,16.4348316,0.015878344,0,zi,253.72162069999999,11.100545199999999,0.578999996,-0.0270000007,20230725316458,535,0x8,0x2,21.0200005,25.659832,0.0260566846,0.196488798,1.86928846e-05,30,1.39900005,2
535308200010225,239919920,2460153.7022638055,60153.199201399999,16.4501152,0.0159542151,0,zi,253.72162410000001,11.100536999999999,1.80700004,-0.0450000018,20230728199167,535,0x8,0x2,20.5699997,25.7131157,0.0230744798,0.187498525,1.40784514e-05,30,1.07599998,2
535308200010225,240732469,2460161.8271986637,60161.324699099998,16.4165916,0.0157894585,0,zi,253.7216296,11.100540799999999,1.03600001,-0.0520000011,20230805324479,535,0x8,0x2,20.3299999,25.6965923,0.0212771874,0.188026056,1.17782101e-05,30,1.76499999,2
535308200010225,241117468,2460165.6769046765,60165.174687500003,16.4732895,0.0160717219,0,zi,253.72162019999999,11.1005494,1.13100004,-0.0900000036,20230809174688,535,0x8,0x2,20.7900009,25.6822891,0.018715119,0.194725275,9.1081929e-06,30,1.08000004,2
535308200010225,242018706,2460174.688584262,60174.187060199998,16.4103737,0.0157595687,0,zi,253.721622,11.1005415,0.531000018,-0.0329999998,20230818187060,535,0x8,0x2,20.3299999,25.7353725,0.0237878691,0.20104374,1.46780048e-05,30,1.13199997,2
535308200010225,242718436,2460181.6853269469,60181.184363400003,16.3874588,0.0156511832,0,zi,253.72159679999999,11.100543399999999,0.800000012,-0.064000003,20230825184352,535,0x8,0x2,20.0400009,25.6974602,0.0252535082,0.20276548,1.68035785e-05,30,1.17499995,2
535308200010225,243025207,2460184.7527856994,60184.252071800001,16.4407692,0.0159076676,0,zi,253.72160109999999,11.100529,1.03199995,-0.0189999994,20230828251678,535,0x8,0x2,20.0200005,25.6917706,0.0261870231,0.193810582,1.79630788e-05,30,1.64499998,2
535308200010225,245313684,2460207.635692222,60207.136840300001,16.4679928,0.0160446018,0,zi,253.72161940000001,11.1005371,1.11699998,-0.0219999999,20230920136539,535,0x8,0x2,20.7600002,25.741993,0.0221624672,0.19352977,1.29139707e-05,30,1.26300001,2
535308200010225,246115373,2460215.6519714268,60215.153738399997,16.4584579,0.0159961693,0,zi,253.72162359999999,11.100546100000001,1.16400003,-0.0379999988,20230928153738,535,0x8,0x2,20.2099991,25.7304573,0.0275997147,0.19343476,1.99614697e-05,30,1.51100004,2
535308200010225,247413516,2460228.6324752667,60228.135161999999,16.438549,0.0158966836,0,zi,253.72159830000001,11.1004497,0.943000019,0.153999999,20231011135162,535,0x8,0x2,18.5599995,25.6945477,0.0464877598,0.20403704,5.37226661e-05,30,1.68299997,2
535308200010225,247811818,2460232.615240464,60232.118182899998,16.4692478,0.0160510149,0,zi,253.72164179999999,11.100554600000001,1.023,0.0179999992,20231015117801,535,0x8,0x2,19.7399998,25.6922474,0.0312989913,0.197581291,2.56126605e-05,30,1.61500001,2
535308200010225,248311561,2460237.6123712175,60237.115613399998,16.3921528,0.0156731643,32768,zi,253.72160589999999,11.1005372,1.17700005,-0.108000003,20231020115394,535,0x8,0x2,18.8500004,24.3821526,0.20748888,0.115109786,0.00117726112,30,1.745,2
535308200010225,248911568,2460243.6121149603,60243.115682900003,16.4115524,0.0157652199,0,zi,253.7215903,11.1005407,0.722000003,-0.00200000009,20231026115498,535,0x8,0x2,19.1599998,25.6845512,0.038709566,0.193187907,3.72302165e-05,30,1.99600005,2
535308200010225,256955153,2460324.0482340599,60323.551539400003,16.4379311,0.015893627,0,zi,253.72162929999999,11.1005284,1.11000001,-0.0240000002,20240114551539,535,0x8,0x2,19.7399998,25.6979313,0.0293972492,0.19782117,2.24105534e-05,30,2.00500011,2
535308200010225,257253488,2460327.0317539414,60326.534884300003,16.7676487,0.0178502221,32768,zi,253.72164470000001,11.100619699999999,0.596000016,0.0430000015,20240117534873,535,0x8,0x2,17.6599998,22.7916489,0.257639706,0.2154814,0.00358158047,30,2.17400002,2
535308200010225,260154384,2460356.0428049602,60355.543842599996,16.4152946,0.0157832075,0,zi,253.72162489999999,11.1005419,0.601000011,0.00800000038,20240215543808,535,0x8,0x2,20.5200005,25.732296,0.0205221828,0.195332691,1.11923773e-05,30,1.25399995,2
535308200010225,262055204,2460375.0525868954,60374.552048600002,16.4143734,0.0157787781,0,zi,253.72160890000001,11.100562800000001,1.18599999,-0.0240000002,20240305551748,535,0x8,0x2,20.1000004,25.7473736,0.0226930026,0.197987303,1.35353848e-05,30,1.09399998,2
535308200010225,263541421,2460389.9159651273,60389.414212999996,16.4501381,0.0159543287,0,zi,253.72163140000001,11.100544599999999,0.519999981,-0.0280000009,20240320414201,535,0x8,0x2,20.4200001,25.6921387,0.0218131673,0.191255033,1.26585137e-05,30,1.47800004,2
535308200010225,264338886,2460397.891230877,60397.388865699999,16.4391842,0.0158998184,0,zi,253.72162520000001,11.1005503,0.370000005,0.0390000008,20240328388866,535,0x8,0x2,20.0499992,25.6921844,0.0252984706,0.186219692,1.73969638e-05,30,1.50699997,2
535308200010225,265342202,2460407.9251023768,60407.422025499996,16.4570198,0.0159889106,0,zi,253.7216253,11.100544899999999,1.13100004,-0.0529999994,20240407422014,535,0x8,0x2,20.9500008,25.7250195,0.0239925496,0.194264174,1.56496953e-05,30,1.17900002,2
535308200010225,265851222,2460413.0156284561,60412.512222199999,16.4378605,0.0158932786,0,zi,253.72161500000001,11.100558100000001,1.12600005,-0.105999999,20240412511921,535,0x8,0x2,20.5,25.7148609,0.0237128008,0.200592235,1.51844624e-05,30,1.09399998,2
535308200010225,266348263,2460417.9863429056,60417.482638900001,16.4289398,0.0158494394,0,zi,253.72163359999999,11.100554199999999,0.541999996,-0.0270000007,20240417482639,535,0x8,0x2,20.7700005,25.7489395,0.0188678503,0.188112125,9.3256831e-06,30,1.079,2
535308200010225,266635017,2460420.8540378367,60420.350173600003,16.4315224,0.0158620831,0,zi,253.72162789999999,11.1005492,0.407000005,-0.00600000005,20240420350162,535,0x8,0x2,20.5400009,25.7025223,0.0220238417,0.192113429,1.28323281e-05,30,1.33599997,2
535308200010225,267543998,2460429.9443007926,60429.439988400001,16.4694519,0.0160520542,0,zi,253.7216196,11.100543,1.54100001,-0.0579999983,20240429439977,535,0x8,0x2,20.8500004,25.7514515,0.0221247822,0.194915324,1.29241207e-05,30,1.07500005,2
535308200010225,268345744,2460437.9620682709,60437.4574421,16.4173698,0.0157932173,0,zi,253.72161299999999,11.1005848,1.13300002,-0.0829999968,20240507457141,535,0x8,0x2,20.4500008,25.7313709,0.0220311787,0.205913678,1.29767695e-05,30,1.11399996,1
535308200010225,268647164,2460440.9763665223,60440.471643500001,16.4425354,0.0159164313,0,zi,253.72162,11.1005635,0.99000001,-0.0250000004,20240510471644,535,0x8,0x2,20.5499992,25.7225361,0.0212022103,0.192806527,1.17955942e-05,30,1.16600001,2
535308200010225,268946174,2460443.9665550152,60443.461747699999,16.4488029,0.0159476493,0,zi,253.7216209,11.1005568,0.542999983,-0.00800000038,20240513461736,535,0x8,0x2,20.5300007,25.7118015,0.0200980417,0.194224179,1.04121082e-05,30,1.16100001,2
535308200010225,269519511,2460449.7000511093,60449.1951157,16.4512691,0.0159599949,0,zi,253.72164620000001,11.1005793,1.03400004,-0.0109999999,20240519195093,535,0x8,0x2,19.2199993,25.6662693,0.0393526629,0.193523124,4.08842716e-05,30,2.2650001,2
535308200010225,269822228,2460452.7272652807,60452.222280100003,16.4464989,0.0159361437,0,zi,253.72163169999999,11.1005287,0.694000006,0.023,20240522222257,535,0x8,0x2,19.5499992,25.5695,0.0345011428,0.179571062,3.16481128e-05,30,1.67200005,2
535308200010225,270235291,2460456.8579496075,60456.352916700002,16.4926414,0.0161721632,0,zi,253.72162040000001,11.1005492,0.89200002,-0.0529999994,20240526352836,535,0x8,0x2,20.6399994,25.7356415,0.0225717127,0.187563956,1.38572686e-05,30,1.07500005,2
535308200010225,270539381,2460459.8988723801,60459.3938194,16.4387703,0.0158977732,0,zi,253.72160299999999,11.100578199999999,1.75199997,-0.123000003,20240529393507,535,0x8,0x2,20.4400005,25.7117691,0.022600254,0.198582485,1.34009288e-05,30,1.10800004,2
535308200010225,271541625,2460469.9212783608,60469.416250000002,16.4140816,0.0157773737,0,zi,253.72162019999999,11.1005381,0.834999979,-0.0340000018,20240608416227,535,0x8,0x2,20.5499992,25.6560802,0.0207500327,0.201542541,1.15211287e-05,30,1.25199997,2
535308200010225,272222019,2460476.7251295038,60476.220196800001,16.421299,0.0158122256,0,zi,253.7216262,11.1005416,0.662999988,0.0469999984,20240615220185,535,0x8,0x2,20.7099991,25.7172985,0.0198551752,0.193494678,1.02492413e-05,30,1.22599995,2
535308200010225,272525240,2460479.7572773756,60479.252407400003,16.4456673,0.0159320049,0,zi,253.72163230000001,11.100554199999999,0.649999976,-0.0299999993,20240618252407,535,0x8,0x2,20.1800003,25.7356682,0.0218856037,0.193343684,1.2825255e-05,30,1.11300004,2
535308200010225,272836914,2460482.8739363225,60482.3691435,16.4524765,0.0159660522,0,zi,253.72161489999999,11.1005494,0.823000014,-0.00999999978,20240621368843,535,0x8,0x2,20.2700005,25.748476,0.0227109827,0.186862022,1.36067902e-05,30,1.20500004,2
535308200010225,273129424,2460485.7989567188,60485.294247700003,16.4439545,0.0159234777,0,zi,253.7216133,11.1005529,0.805000007,-0.0250000004,20240624294248,535,0x8,0x2,20.6900005,25.6919556,0.0227887947,0.186182946,1.40301354e-05,30,1.07799995,2
535308200010225,273439377,2460488.8983813417,60488.393773099997,16.4352684,0.015880499,0,zi,253.7216196,11.100553100000001,1.199,-0.0799999982,20240627393773,535,0x8,0x2,20.5200005,25.6862679,0.0219808444,0.199230149,1.28233742e-05,30,1.41799998,2
535308200010225,274031525,2460494.819637314,60494.315254599998,16.4539528,0.0159734637,0,zi,253.7216162,11.1005526,0.728999972,-0.0199999996,20240703315255,535,0x8,0x2,20.8799992,25.7179527,0.0194245931,0.199071124,9.66000243e-06,30,1.14199996,2
535308200010225,274735224,2460501.8563059359,60501.352245399998,16.460186,0.0160049107,0,zi,253.72160339999999,11.100545199999999,0.998000026,-0.0579999983,20240710352245,535,0x8,0x2,20.7299995,25.6801853,0.0232586879,0.202498809,1.40192305e-05,30,1.37699997,2
535308200010225,275431297,2460508.8166631167,60508.312974499997,16.4578915,0.0159933101,0,zi,253.72161850000001,11.100552,0.75999999,-0.0579999983,20240717312951,535,0x8,0x2,19.9899998,25.6418915,0.0254057571,0.197899461,1.68902407e-05,30,1.26600003,2
535308200010225,275723266,2460511.7361801453,60511.232662000002,16.4414997,0.0159112904,0,zi,253.72162520000001,11.1005568,0.908999979,-0.0179999992,20240720232662,535,0x8,0x2,20.1700001,25.6774998,0.0255898964,0.185912162,1.71929478e-05,30,1.08399999,2
535308200010225,282121454,2460575.7131795743,60575.214548600001,16.4301834,0.0158555228,0,zi,253.72160589999999,11.100553700000001,1.13399994,-0.0799999982,20240922214549,535,0x8,0x2,20.2000008,25.6291847,0.0243030265,0.199305087,1.59283863e-05,30,2.15499997,1
1529113200006945,81851640,2458573.0188706778,58572.516400499997,20.0785007,0.136611238,0,zg,253.7216248,11.100502199999999,0.532000005,-0.0540000014,20190330516389,1529,0xd,0x2,21.1299992,26.199192,0.025848778,-0.0423819013,7.07320169e-06,30,1.10899997,1
1529113200006945,94518349,2458699.6860753167,58699.183495400001,19.8444786,0.116501287,0,zg,253.72163689999999,11.1004998,0.606000006,-0.0149999997,20190804183495,1529,0xd,0x2,21.6399994,26.1201591,0.0235610213,-0.0487579815,6.16656644e-06,30,1.12,2
1529113200006945,158143246,2459335.9368536016,59335.4324653,20.2761307,0.154248431,0,zg,253.721678,11.1005941,0.833999991,-0.103,20210501432350,1529,0xd,0x2,20.2900009,26.030302,0.0360855125,-0.0361869708,1.59205883e-05,30,1.11099994,2
1529113200006945,158143292,2459335.9373165248,59335.432928200004,20.1164742,0.139986709,0,zg,253.72163370000001,11.100566300000001,0.693000019,0.0799999982,20210501432928,1529,0xd,0x2,20.4699993,26.0846844,0.0339642689,-0.0378269702,1.33062576e-05,30,1.11099994,3
1529113200006945,159437215,2459348.8769778875,59348.372152800002,19.9229603,0.123076662,0,zg,253.72168060000001,11.100544599999999,1.19799995,-0.0939999968,20210514372072,1529,0xd,0x2,21.4500008,26.1967125,0.05166547,-0.0638002679,2.83593617e-05,30,1.10500002,2
1529113200006945,159437261,2459348.8774408004,59348.372615699998,20.1725559,0.144997194,0,zg,253.72164649999999,11.1005427,0.717000008,-0.0280000009,20210514372616,1529,0xd,0x2,21.7800007,26.1993523,0.0494662859,-0.0696823597,2.59396329e-05,30,1.10500002,3
1529113200006945,195935119,2459713.856009718,59713.351192100003,19.2875404,0.0768749043,32768,zg,253.72166770000001,11.100551299999999,0.68599999,0.061999999,20220514351076,1529,0xd,0x2,19.6800003,26.1484032,0.157421485,-0.0120882634,0.000506315613,30,1.12,2
1529113200006945,198229142,2459736.7964716605,59736.2914236,19.8666,0.118334167,0,zg,253.72166469999999,11.100527700000001,0.374000013,-0.0379999988,20220606291412,1529,0xd,0x2,21.3999996,26.2515678,0.037968304,-0.0525126681,1.525281e-05,30,1.11699998,2
1529113200006945,201522945,2459769.7335948376,59769.229456000001,19.7718773,0.110608637,0,zg,253.72167089999999,11.100562800000001,1.44099998,0.0689999983,20220709229444,1529,0xd,0x2,20.5799999,26.2927494,0.0338430628,-0.0311083496,1.26362138e-05,30,1.10399997,2
1529113200006945,229547201,2460049.975555703,60049.472013899998,20.0607033,0.135036319,0,zg,253.72178690000001,11.100471000000001,1.01600003,0.171000004,20230415472014,1529,0xd,0x2,21.3799992,26.1568317,0.0366968326,-0.0458382741,1.43078214e-05,30,1.10699999,2
1529113200006945,230641475,2460060.9188950839,60060.414756899998,20.0368748,0.132936537,0,zg,253.72168790000001,11.1006787,0.874000013,-0.188999996,20230426414745,1529,0xd,0x2,20.7399998,26.1744385,0.0431289598,-0.0397819057,1.97391237e-05,30,1.10800004,2
1529113200006945,230737208,2460061.8762673195,60061.372083299997,19.9822502,0.128167629,0,zg,253.72172280000001,11.1005731,0.513999999,0.0390000008,20230427372083,1529,0xd,0x2,21.0699997,26.1881981,0.037075419,-0.0390055217,1.48839899e-05,30,1.16600001,2
1529113200006945,232735187,2460081.8567582136,60081.351875,19.8935127,0.120586127,0,zg,253.72164900000001,11.100577599999999,1.30599999,-0.266000003,20230517351806,1529,0xd,0x2,21.2000008,26.1735153,0.0403835364,-0.0413351357,1.75182577e-05,30,1.11199999,2
1529113200006945,233930824,2460093.8132894249,60093.308240699997,19.8967381,0.120857619,0,zg,253.72154080000001,11.1006026,0.842000008,-0.268999994,20230529308241,1529,0xd,0x2,20.3099995,26.2295418,0.0374278538,-0.00853432901,1.6655229e-05,30,1.12300003,2
1529113200006945,234031914,2460094.8241971713,60094.319143499997,19.910099,0.121985637,0,zg,253.72161489999999,11.1005935,0.879999995,0.25,20230530319005,1529,0xd,0x2,20.1700001,26.2318687,0.039894186,-0.0149037614,1.95985067e-05,30,1.11000001,2
1529113200006945,272026369,2460474.7686587758,60474.263692100001,19.9566231,0.125955224,0,zg,253.72167930000001,11.1005728,0.654999971,-0.135000005,20240613263681,1529,0xd,0x2,20.9899998,26.2098122,0.033140678,-0.0351327322,1.15308239e-05,30,1.125,2
1529213200022585,53525038,2458289.7552155782,58289.250381899998,18.5785446,0.0448173918,0,zr,253.72160059999999,11.1005205,1.05799997,-0.0649999976,20180620250266,1529,0xd,0x2,20.8299999,26.1379967,0.019375043,0.0806244165,3.98839302e-06,30,1.12399995,2
1529213200022585,83935961,2458593.86344381,58593.359618100003,18.4255943,0.0404205211,0,zr,253.72162539999999,11.1005219,0.500999987,0.0670000017,20190420359606,1529,0xd,0x2,19.9200001,26.1109848,0.0296484064,0.0757603645,9.46552973e-06,30,1.27100003,1
1529213200022585,85230900,2458606.8134502182,58606.3090046,18.4760475,0.0418051183,0,zr,253.72161460000001,11.100511900000001,0.754999995,-0.0489999987,20190503308947,1529,0xd,0x2,20.9599991,26.0409718,0.0194561314,0.081852138,4.23766232e-06,30,1.34500003,1
1529213200022585,86424775,2458618.7525891806,58618.247754600001,18.3137493,0.0375677496,0,zr,253.7216545,11.1005181,1.10300004,-0.101000004,20190515247755,1529,0xd,0x2,20.5200005,26.0326557,0.0219569728,0.0835603476,5.39612665e-06,30,1.54999995,1
1529213200022585,87831150,2458632.8165538232,58632.311504600002,18.229126,0.0355959423,0,zr,253.72165290000001,11.100512200000001,1.03100002,-0.0799999982,20190529311493,1529,0xd,0x2,20.9899998,26.0704517,0.0186343305,0.0787447393,3.84423993e-06,30,1.12100005,2
1529213200022585,87831195,2458632.8170052255,58632.311955999998,18.2177753,0.0353430882,0,zr,253.72164620000001,11.100520599999999,1.20299995,-0.0879999995,20190529311956,1529,0xd,0x2,21.1100006,26.071106,0.0181162022,0.0786318257,3.63279014e-06,30,1.12,3
1529213200022585,124632554,2459000.8306032815,59000.325543999999,18.2337723,0.035700243,32768,zr,253.7216134,11.100489400000001,1.38,0.0199999996,20200531325532,1529,0xd,0x2,19.4300003,25.2357483,0.0411965027,0.0898771882,1.97950303e-05,30,1.10599995,3
1529213200022585,162231017,2459376.8151722704,59376.310173600003,18.2874146,0.036937464,0,zr,253.7216311,11.1005597,1.72099996,-0.0419999994,20210611310058,1529,0xd,0x2,21.2099991,26.1902142,0.02714107,0.0808593258,8.1232447e-06,30,1.10500002,2
1529213200022585,162231063,2459376.8156352662,59376.310636599999,18.2879906,0.0369511135,0,zr,253.72164190000001,11.1005289,0.824999988,-0.0170000009,20210611310637,1529,0xd,0x2,21.5599995,26.2017899,0.0267312191,0.0836258307,7.79410584e-06,30,1.10500002,3
1529213200022585,162431167,2459378.8166480125,59378.3116782,18.4763985,0.0418149978,0,zr,253.7216536,11.1005368,0.859000027,-0.0520000011,20210613311678,1529,0xd,0x2,21,26.2122135,0.0257798862,0.0789191276,7.32797025e-06,30,1.10800004,2
1529213200022585,162431214,2459378.8171110055,59378.312141199996,18.4334774,0.0406327471,0,zr,253.72165759999999,11.100534,0.639999986,-0.0860000029,20210613312141,1529,0xd,0x2,21.1900005,26.202322,0.0255809966,0.0808312148,7.2273956e-06,30,1.10800004,3
1529213200022585,192047895,2459674.981870221,59674.478958300002,18.4083309,0.0399610177,0,zr,253.7216291,11.1005574,1.04299998,0.0439999998,20220405478854,1529,0xd,0x2,20.4400005,26.1634274,0.026586717,0.0901991874,7.65150708e-06,30,1.10500002,2
1529213200022585,193039076,2459684.8943163874,59684.390763900003,18.3440971,0.0383132324,0,zr,253.72164140000001,11.1005333,0.493000001,-0.0500000007,20220415390764,1529,0xd,0x2,20.3299999,26.193922,0.0231200811,0.0773362815,5.9190811e-06,30,1.20200002,2
1529213200022585,195732821,2459711.8329805736,59711.328217599999,18.3052139,0.0373617932,0,zr,253.72161130000001,11.1006219,1.00999999,0.280000001,20220512328183,1529,0xd,0x2,19.2399998,26.1663837,0.0433148816,0.0885075703,2.11292663e-05,30,1.171,2
1529213200022585,196545658,2459719.9615350249,59719.456585599997,18.4102516,0.040011812,0,zr,253.72164269999999,11.1005392,0.437000006,0.0329999998,20220520456586,1529,0xd,0x2,20.25,26.1828308,0.023675913,0.074215956,6.29644092e-06,30,1.30400002,2
1529213200022585,198528854,2459739.7935660975,59739.2885417,18.2367706,0.035767775,0,zr,253.72163019999999,11.1005427,0.660000026,-0.0170000009,20220609288530,1529,0xd,0x2,21.0699997,26.1867943,0.0226073768,0.0776576176,5.62630385e-06,30,1.11199999,2
1529213200022585,202031096,2459774.8148417058,59774.3109606,18.3562107,0.0386166573,0,zr,253.7216234,11.100538999999999,1.07500005,-0.0160000008,20220714310949,1529,0xd,0x2,19.8099995,26.1508369,0.0291231014,0.0724411234,9.34716172e-06,30,1.32700002,2
1529213200022585,206815334,2459822.6538002007,59822.153344899998,18.3249149,0.0378396101,0,zr,253.72163599999999,11.100542799999999,0.825999975,-0.064000003,20220831153333,1529,0xd,0x2,21,26.1758709,0.0223096702,0.076161094,5.40251494e-06,30,1.21399999,2
1529213200022585,207217868,2459826.6788052721,59826.178680600002,18.2307339,0.0356319845,0,zr,253.7216037,11.1005299,0.476999998,0.0320000015,20220904178681,1529,0xd,0x2,20.6599998,26.1415997,0.0202399362,0.0749717951,4.58883642e-06,30,1.38300002,2
1529213200022585,230343681,2460057.9408059488,60057.436817100002,18.3717613,0.0390111208,0,zr,253.72162520000001,11.1005746,1.65699995,-0.0120000001,20230423436690,1529,0xd,0x2,20.9300003,26.0949516,0.02389092,0.0812843591,6.35324113e-06,30,1.10399997,2
1529213200022585,230440447,2460058.9085176755,60058.404479199999,18.2500687,0.0360695906,0,zr,253.7216358,11.100604499999999,0.799000025,-0.00200000009,20230424404468,1529,0xd,0x2,20.6000004,26.081234,0.0277145598,0.0914616212,8.46802504e-06,30,1.12199998,2
1529213200022585,230836994,2460062.8741727737,60062.369942099998,18.4438381,0.0409139618,0,zr,253.72164319999999,11.100547199999999,1.05900002,-0.104000002,20230428369942,1529,0xd,0x2,21.2800007,26.1508141,0.0226149056,0.0809972435,5.59264981e-06,30,1.16400003,2
1529213200022585,230932885,2460063.8331285715,60063.328854200001,18.3560791,0.0386133194,0,zr,253.7216344,11.1005465,0.737999976,-0.0109999999,20230429328843,1529,0xd,0x2,20.9200001,26.1510849,0.0207903143,0.0850983337,4.79178516e-06,30,1.29700005,2
1529213200022585,231034354,2460064.8478611554,60064.3435417,18.4073772,0.0399358459,0,zr,253.7216277,11.100540199999999,0.99000001,0.00100000005,20230430343530,1529,0xd,0x2,20.8999996,26.1572742,0.0198011212,0.0788920894,4.31765693e-06,30,1.22500002,2
1529213200022585,233238964,2460086.894618148,60086.389641200003,18.3961754,0.0396417901,0,zr,253.721622,11.1005635,0.796999991,0.156000003,20230522389525,1529,0xd,0x2,21.4099998,26.1342983,0.0277955495,0.0839226246,8.70450276e-06,30,1.12399995,2
1529213200022585,233932384,2460093.8288914165,60093.323842600003,18.3511238,0.0384888425,0,zr,253.7216257,11.100564,0.391000003,0.00800000038,20230529323831,1529,0xd,0x2,20.8799992,26.1513081,0.0241755228,0.081158787,6.47301476e-06,30,1.10800004,2
1529213200022585,236626820,2460120.7729078624,60120.268206000001,18.3751774,0.0390985012,0,zr,253.72162109999999,11.1005558,0.595000029,-0.00700000022,20230625268194,1529,0xd,0x2,20.9799995,26.2143879,0.0210740734,0.078044787,4.9339701e-06,30,1.10399997,2
1529213200022585,265547473,2460409.9779463443,60409.474733800002,18.4002037,0.0397471897,0,zr,253.7216153,11.1006003,0.93900001,-0.0270000007,20240409474734,1529,0xd,0x2,20.5100002,26.1703968,0.0248030331,0.0808497444,6.51092478e-06,30,1.10399997,2
1529213200022585,266943781,2460423.9418394505,60423.4378125,18.3672905,0.0388971157,0,zr,253.72161349999999,11.1005456,1.53999996,-0.119000003,20240423437812,1529,0xd,0x2,20.3199997,26.1883144,0.0251698643,0.0771907717,6.87895135e-06,30,1.10399997,2
1529213200022585,291257069,2460667.0664171739,60666.570694399998,18.2553234,0.0361899026,32768,zr,253.72149300000001,11.100615100000001,0.556999981,-0.229000002,20241222570660,1529,0xd,0x2,18.0400009,25.1618595,0.109831423,0.0750001892,0.000350239687,30,2.921,1
1529213200022585,291956143,2460674.0573955798,60673.561435199998,18.2733688,0.0366075411,0,zr,253.72167490000001,11.1005252,0.703999996,-0.0370000005,20241229561412,1529,0xd,0x2,19.9599991,26.0820789,0.0348259024,0.0883314982,1.30861399e-05,30,2.56399989,1
1529213200022585,291956434,2460674.0603007977,60673.564340299999,18.366581,0.0388790816,0,zr,253.72166039999999,11.1005512,1.14499998,-0.0909999982,20241229564306,1529,0xd,0x2,19.9400005,26.0962582,0.0326456986,0.0857846364,1.15671637e-05,30,2.47600007,1
1529213200022585,291956819,2460674.0641550538,60673.568194400003,18.3153744,0.0376071334,0,zr,253.7216262,11.1005719,0.967000008,-0.0900000036,20241229568148,1529,0xd,0x2,19.8500004,26.1031036,0.0384963714,0.0876912698,1.60103755e-05,30,2.36899996,1
1529213200022585,292056090,2460675.0569025078,60674.560902800004,18.2947292,0.0371109881,0,zr,253.7216291,11.100593999999999,0.82099998,-0.0280000009,20241230560868,1529,0xd,0x2,20.0599995,26.0874023,0.0358441956,0.0904108733,1.40133716e-05,30,2.49699998,1
1529213200022585,292056376,2460675.0597614236,60674.563761600002,18.5174904,0.0429901965,0,zr,253.72159250000001,11.1005331,0.671999991,-0.0520000011,20241230563727,1529,0xd,0x2,19.8500004,26.0960445,0.03848188,0.0864915997,1.65652418e-05,30,2.41499996,1
1529213200022585,292056917,2460675.0651782462,60674.569178199999,18.4373302,0.040737018,0,zr,253.72167769999999,11.1005901,1.18099999,-0.178000003,20241230569155,1529,0xd,0x2,19.75,26.1099625,0.0365316086,0.0862536728,1.44200294e-05,30,2.2750001,1
