halo,m_chi_gev,delta_keV,rate_at_event_per_ty,mean_rate_livetime_per_ty,bayes_factor_timing,expected_events_2p84ty_at_1e-45,sigma_n_for_one_event_cm2,energy_density_at_event_per_keV,peak_date,trough_date,fractional_modulation,fraction_of_year_on
shm_lz,50,0.0,188.54511940605445,185.59053560618207,1.0159199055610353,527.0771211215571,1.89725556266248e-48,1.282046318014206e-16,2023-05-31,2023-12-02,0.017043683272580434,1.0
shm_lz,50,10.0,145.53676208686053,140.97437509198966,1.0323632361689405,400.3672252612506,2.49770694728439e-48,9.309264241817933e-18,2023-05-31,2023-12-02,0.03432164953389489,1.0
shm_lz,50,20.0,104.83428522849582,99.67227067588446,1.051789876137138,283.06924871951185,3.532704469042774e-48,4.669034710961777e-19,2023-05-31,2023-12-02,0.054564159091745786,1.0
shm_lz,50,30.0,70.16169523981104,65.35729304354005,1.0735098100386495,185.61471224365374,5.387503974832095e-48,1.474349994173666e-20,2023-05-31,2023-12-02,0.07697842786005722,1.0
shm_lz,50,40.0,43.58145643422989,39.723114975405956,1.0971308886831452,112.81364653015291,8.864175840045373e-48,2.5737152274391493e-22,2023-05-31,2023-12-02,0.10107858474639544,1.0
shm_lz,50,50.0,25.17399156244547,22.419687405405988,1.1228520321106414,63.671912231353005,1.5705512288785713e-47,2.051325990942437e-24,2023-05-31,2023-12-02,0.12703199317075192,1.0
shm_lz,50,60.0,13.552718313594331,11.766001943691004,1.1518541623955258,33.41544552008245,2.992628062968686e-47,5.578755484194748e-27,2023-05-31,2023-12-02,0.1559959867242946,1.0
shm_lz,50,70.0,6.789757719983582,5.7200230953043,1.187015787673559,16.24486559066421,6.155791160098558e-47,3.018699094187512e-30,2023-05-31,2023-12-02,0.19074614311438215,1.0
shm_lz,50,80.0,3.1344455568852054,2.5404700483827782,1.2338053577449348,7.21493493740709,1.3860138846371647e-46,9.653696413918705e-35,2023-05-31,2023-12-02,0.2363193890028896,1.0
shm_lz,50,90.0,1.3018613179509222,0.9980584586668438,1.3043938525303247,2.834486022613836,3.5279764727075445e-46,1.9919569523914865e-38,2023-05-31,2023-12-02,0.30353825840980203,1.0
shm_lz,50,100.0,0.4590769047852867,0.3210161491158846,1.430074175550474,0.9116858634891123,1.0968690423397603e-45,7.919181177157313e-44,2023-05-31,2023-12-02,0.4174361133934047,1.0
shm_lz,50,110.0,0.11992264281557512,0.07005851949529524,1.7117496013261955,0.19896619536663845,5.0259794039750454e-45,3.0936201672757796e-52,2023-05-31,2023-12-02,0.6405348189834852,1.0
shm_lz,50,120.0,0.014889001186505817,0.005626373722027306,2.6462872752684805,0.015978901370557547,6.258252534448852e-44,1.8140832801932811e-66,2023-05-31,2023-12-02,0.9946001732035122,1.0
shm_lz,50,130.0,2.875017968523382e-06,4.71532083324146e-07,6.097184200607203,1.3391511166405745e-06,7.467417138915756e-40,7.849871572306001e-102,2023-05-31,2023-01-01,1.0,0.2328767123287671
shm_lz,50,140.0,0.0,0.0,0.0,0.0,,0.0,,,,0.0
shm_lz,50,150.0,0.0,0.0,0.0,0.0,,0.0,,,,0.0
shm_lz,50,160.0,0.0,0.0,0.0,0.0,,0.0,,,,0.0
shm_lz,50,170.0,0.0,0.0,0.0,0.0,,0.0,,,,0.0
shm_lz,50,180.0,0.0,0.0,0.0,0.0,,0.0,,,,0.0
shm_lz,50,190.0,0.0,0.0,0.0,0.0,,0.0,,,,0.0
shm_lz,50,200.0,0.0,0.0,0.0,0.0,,0.0,,,,0.0
shm_lz,50,210.0,0.0,0.0,0.0,0.0,,0.0,,,,0.0
shm_lz,50,220.0,0.0,0.0,0.0,0.0,,0.0,,,,0.0
shm_lz,50,230.0,0.0,0.0,0.0,0.0,,0.0,,,,0.0
shm_lz,50,240.0,0.0,0.0,0.0,0.0,,0.0,,,,0.0
shm_lz,50,250.0,0.0,0.0,0.0,0.0,,0.0,,,,0.0
shm_lz,50,260.0,0.0,0.0,0.0,0.0,,0.0,,,,0.0
shm_lz,50,270.0,0.0,0.0,0.0,0.0,,0.0,,,,0.0
shm_lz,50,280.0,0.0,0.0,0.0,0.0,,0.0,,,,0.0
shm_lz,50,290.0,0.0,0.0,0.0,0.0,,0.0,,,,0.0
shm_lz,50,300.0,0.0,0.0,0.0,0.0,,0.0,,,,0.0
shm_lz,50,310.0,0.0,0.0,0.0,0.0,,0.0,,,,0.0
shm_lz,50,320.0,0.0,0.0,0.0,0.0,,0.0,,,,0.0
shm_lz,50,330.0,0.0,0.0,0.0,0.0,,0.0,,,,0.0
shm_lz,50,340.0,0.0,0.0,0.0,0.0,,0.0,,,,0.0
shm_lz,50,350.0,0.0,0.0,0.0,0.0,,0.0,,,,0.0
shm_lz,50,360.0,0.0,0.0,0.0,0.0,,0.0,,,,0.0
shm_lz,50,370.0,0.0,0.0,0.0,0.0,,0.0,,,,0.0
shm_lz,50,380.0,0.0,0.0,0.0,0.0,,0.0,,,,0.0
shm_lz,50,390.0,0.0,0.0,0.0,0.0,,0.0,,,,0.0
shm_lz,50,400.0,0.0,0.0,0.0,0.0,,0.0,,,,0.0
shm_lz,50,410.0,0.0,0.0,0.0,0.0,,0.0,,,,0.0
shm_lz,50,420.0,0.0,0.0,0.0,0.0,,0.0,,,,0.0
shm_lz,50,430.0,0.0,0.0,0.0,0.0,,0.0,,,,0.0
shm_lz,50,440.0,0.0,0.0,0.0,0.0,,0.0,,,,0.0
shm_lz,50,450.0,0.0,0.0,0.0,0.0,,0.0,,,,0.0
shm_lz,50,460.0,0.0,0.0,0.0,0.0,,0.0,,,,0.0
shm_lz,100,0.0,140.75351078052466,141.60773002127974,0.9939677075493922,402.16595326043443,2.4865356997349313e-48,3.7332623612252234e-07,2023-12-02,2023-05-31,0.006112909985470018,1.0
shm_lz,100,10.0,120.10611912454883,119.39359638116596,1.0059678472294957,339.07781372251134,2.9491755565534073e-48,3.4611189123825327e-07,2023-05-31,2023-12-02,0.006636405195488424,1.0
shm_lz,100,20.0,97.23627203237625,95.26984041077927,1.0206406519956182,270.5663467666131,3.695951148213516e-48,3.33807436648497e-07,2023-05-31,2023-12-02,0.022125271517713763,1.0
shm_lz,100,30.0,74.44005239691501,71.75542445525787,1.0374135887570577,203.78540545293234,4.907122753846898e-48,3.3535897192981425e-07,2023-05-31,2023-12-02,0.03968480869057661,1.0
shm_lz,100,40.0,53.909899808109394,51.08116086239876,1.0553773426044608,145.07049684921247,6.893200352373568e-48,3.499169358495843e-07,2023-05-31,2023-12-02,0.05835187223886744,1.0
shm_lz,100,50.0,37.05624232673714,34.50787026562444,1.0738490101387481,98.0023515543734,1.0203836786969164e-47,3.766281211617095e-07,2023-05-31,2023-12-02,0.07736226468348284,1.0
shm_lz,100,60.0,24.3135522726445,22.25302694834029,1.092595282838944,63.19859653328641,1.582313619058462e-47,4.1385214770569763e-07,2023-05-31,2023-12-02,0.09647910168646646,1.0
shm_lz,100,70.0,15.319259388789144,13.77953385823723,1.1117400302791438,39.13387615739373,2.5553308238061303e-47,4.5845592143849876e-07,2023-05-31,2023-12-02,0.11583727810978646,1.0
shm_lz,100,80.0,9.312162018927653,8.228339427751193,1.1317182647474557,23.368483974813387,4.2792677568549273e-47,5.048273431529116e-07,2023-05-31,2023-12-02,0.13587490585990045,1.0
shm_lz,100,90.0,5.475715789382911,4.748388164684564,1.153173582165784,13.485422387704162,7.415414743788725e-47,5.434307029198467e-07,2023-05-31,2023-12-02,0.1572229103741821,1.0
shm_lz,100,100.0,3.11491937612493,2.645783205340077,1.177314668049135,7.514024303165819,1.3308447772502927e-46,5.598054203024507e-07,2023-05-31,2023-12-02,0.1810488541793918,1.0
shm_lz,100,110.0,1.7089639905991436,1.4173970827887894,1.2057058754747003,4.025407715120162,2.4842204088888152e-46,5.359811874596158e-07,2023-05-31,2023-12-02,0.20878259010406958,1.0
shm_lz,100,120.0,0.8991582031825829,0.7248008336786712,1.240559007940118,2.058434367647426,4.858061134797777e-46,4.571546921729885e-07,2023-05-31,2023-12-02,0.24236943889843102,1.0
shm_lz,100,130.0,0.44953818098229137,0.34966889695526565,1.2856110019982772,0.9930596673529544,1.0069888375041405e-45,3.2634471519726984e-07,2023-05-31,2023-12-02,0.28500395577797255,1.0
shm_lz,100,140.0,0.2102807410629493,0.15604185326981976,1.347591922657714,0.4431588632862881,2.2565271347263634e-45,1.7816956455944273e-07,2023-05-31,2023-12-02,0.3420237790538069,1.0
shm_lz,100,150.0,0.08971223601767464,0.06236193919976165,1.4385735461224645,0.17710790732732307,5.646275285449813e-45,6.51830108370083e-08,2023-05-31,2023-12-02,0.421909192733341,1.0
shm_lz,100,160.0,0.033450067875377514,0.021126622250294148,1.583313578435937,0.05999960719083538,1.6666775781037858e-44,1.30623968019324e-08,2023-05-31,2023-12-02,0.5387332927118831,1.0
shm_lz,100,170.0,0.010078284385338355,0.005478444443069511,1.8396251874175447,0.01555878221831741,6.427238237339015e-44,1.0299525214770381e-09,2023-05-31,2023-12-02,0.7121006882374029,1.0
shm_lz,100,180.0,0.0020719097786736245,0.0008795230369046091,2.3557197386955298,0.0024978454248090897,4.003450293872488e-43,1.7722205169295e-11,2023-05-31,2023-12-02,0.9287480797360136,1.0
shm_lz,100,190.0,0.00017758306538911959,5.198496945782694e-05,3.4160463541906037,0.0001476373132602285,6.773355447327736e-42,2.0622403774032754e-14,2023-05-31,2023-12-02,0.9999995780460129,0.7123287671232876
shm_lz,100,200.0,4.0823052533009853e-07,7.357708372394544e-08,5.548337942581994,2.0895891777600503e-07,4.785629685697152e-39,3.469281569296473e-20,2023-05-31,2023-01-01,1.0,0.3424657534246575
shm_lz,100,210.0,0.0,0.0,0.0,0.0,,0.0,,,,0.0
shm_lz,100,220.0,0.0,0.0,0.0,0.0,,0.0,,,,0.0
shm_lz,100,230.0,0.0,0.0,0.0,0.0,,0.0,,,,0.0
shm_lz,100,240.0,0.0,0.0,0.0,0.0,,0.0,,,,0.0
shm_lz,100,250.0,0.0,0.0,0.0,0.0,,0.0,,,,0.0
shm_lz,100,260.0,0.0,0.0,0.0,0.0,,0.0,,,,0.0
shm_lz,100,270.0,0.0,0.0,0.0,0.0,,0.0,,,,0.0
shm_lz,100,280.0,0.0,0.0,0.0,0.0,,0.0,,,,0.0
shm_lz,100,290.0,0.0,0.0,0.0,0.0,,0.0,,,,0.0
shm_lz,100,300.0,0.0,0.0,0.0,0.0,,0.0,,,,0.0
shm_lz,100,310.0,0.0,0.0,0.0,0.0,,0.0,,,,0.0
shm_lz,100,320.0,0.0,0.0,0.0,0.0,,0.0,,,,0.0
shm_lz,100,330.0,0.0,0.0,0.0,0.0,,0.0,,,,0.0
shm_lz,100,340.0,0.0,0.0,0.0,0.0,,0.0,,,,0.0
shm_lz,100,350.0,0.0,0.0,0.0,0.0,,0.0,,,,0.0
shm_lz,100,360.0,0.0,0.0,0.0,0.0,,0.0,,,,0.0
shm_lz,100,370.0,0.0,0.0,0.0,0.0,,0.0,,,,0.0
shm_lz,100,380.0,0.0,0.0,0.0,0.0,,0.0,,,,0.0
shm_lz,100,390.0,0.0,0.0,0.0,0.0,,0.0,,,,0.0
shm_lz,100,400.0,0.0,0.0,0.0,0.0,,0.0,,,,0.0
shm_lz,100,410.0,0.0,0.0,0.0,0.0,,0.0,,,,0.0
shm_lz,100,420.0,0.0,0.0,0.0,0.0,,0.0,,,,0.0
shm_lz,100,430.0,0.0,0.0,0.0,0.0,,0.0,,,,0.0
shm_lz,100,440.0,0.0,0.0,0.0,0.0,,0.0,,,,0.0
shm_lz,100,450.0,0.0,0.0,0.0,0.0,,0.0,,,,0.0
shm_lz,100,460.0,0.0,0.0,0.0,0.0,,0.0,,,,0.0
shm_lz,200,0.0,81.06272051598876,82.37686641802198,0.9840471486817115,233.9503006271824,4.2744121179548134e-48,3.34052951712744e-06,2023-12-02,2023-05-31,0.016669366718902682,1.0
shm_lz,200,10.0,72.3224314579476,72.79271468006617,0.993539419100036,206.7313096913879,4.837196656340142e-48,3.2772779030991058e-06,2023-12-02,2023-05-31,0.006533034721835807,1.0
shm_lz,200,20.0,61.653616054567806,61.30323809082854,1.0057154886862605,174.10119617795306,5.743785924238428e-48,3.3464930845066053e-06,2023-05-31,2023-12-02,0.006402741641502444,1.0
shm_lz,200,30.0,50.062301842280746,49.088381233810246,1.0198401451421197,139.4110027040211,7.173034987224552e-48,3.5673271341205655e-06,2023-05-31,2023-12-02,0.021304168170939938,1.0
shm_lz,200,40.0,38.7275182229197,37.40809767761546,1.0352709874924693,106.23899740442789,9.412739431201761e-48,3.96829692460486e-06,2023-05-31,2023-12-02,0.037449122464264385,1.0
shm_lz,200,50.0,28.641829621217298,27.248632440562304,1.0511290679887877,77.38611613119694,1.2922214603775242e-47,4.589533247709752e-06,2023-05-31,2023-12-02,0.05393744146172413,1.0
shm_lz,200,60.0,20.361076753712887,19.08410529791917,1.0669128280241125,54.19885904609044,1.845057290135213e-47,5.487645383456692e-06,2023-05-31,2023-12-02,0.07021306316604317,1.0
shm_lz,200,70.0,13.998746783261314,12.931600445640747,1.0825223716203127,36.72574526561972,2.722885520137111e-47,6.740100383707371e-06,2023-05-31,2023-12-02,0.08618588742243542,1.0
shm_lz,200,80.0,9.358741125820336,8.52293279872583,1.0980658121837426,24.205129148381353,4.131355771207988e-47,8.455031564599126e-06,2023-05-31,2023-12-02,0.10197690869157142,1.0
shm_lz,200,90.0,6.108797010038688,5.48495368170913,1.1137372099257485,15.577268456053929,6.419610747681255e-47,1.078429924903609e-05,2023-05-31,2023-12-02,0.117786818660571,1.0
shm_lz,200,100.0,3.903842065936951,3.4551187094058626,1.1298720519528114,9.812537134712649,1.0191044235261222e-46,1.3941271646901895e-05,2023-05-31,2023-12-02,0.1339613830871313,1.0
shm_lz,200,110.0,2.4455479487315896,2.132372149636382,1.1468673276138084,6.055936904967325,1.65127215770653e-46,1.8232523702996768e-05,2023-05-31,2023-12-02,0.15088336093815458,1.0
shm_lz,200,120.0,1.5025152047774943,1.2895893248101724,1.1651113853618977,3.6624336824608896,2.7304248669100067e-46,2.409380231542197e-05,2023-05-31,2023-12-02,0.16891756512589584,1.0
shm_lz,200,130.0,0.9053470116225895,0.763960593443805,1.1850703025681448,2.169648085380406,4.609042391428513e-46,3.214399046563575e-05,2023-05-31,2023-12-02,0.188491251932768,1.0
shm_lz,200,140.0,0.5347397998101133,0.4428861173710054,1.2073979717051329,1.2577965733336554,7.950411228658437e-46,4.326835996169861e-05,2023-05-31,2023-12-02,0.21019772990723695,1.0
shm_lz,200,150.0,0.3092547226134407,0.25084349303183934,1.2328592576813915,0.7123955202104236,1.4037146102555856e-45,5.874736130655413e-05,2023-05-31,2023-12-02,0.23467456374937842,1.0
shm_lz,200,160.0,0.17491308193027705,0.13858524505974107,1.262133511073822,0.3935820959696646,2.540765980567051e-45,8.040364355059218e-05,2023-05-31,2023-12-02,0.2624149265817014,1.0
shm_lz,200,170.0,0.0967081934588519,0.07463887049955746,1.2956813629625503,0.21197439221874317,4.717550971761098e-45,0.00011071079141574076,2023-05-31,2023-12-02,0.2936179231335885,1.0
shm_lz,200,180.0,0.0523355111842794,0.03925110162610295,1.333351396931876,0.11147312861813237,8.970771811973156e-45,0.00015267990639646422,2023-05-31,2023-12-02,0.32781913988226535,1.0
shm_lz,200,190.0,0.027846502507054182,0.02026932355035277,1.3738249546354269,0.05756487888300186,1.7371703361566294e-44,0.00020902277491715289,2023-05-31,2023-12-02,0.3634702558965724,1.0
shm_lz,200,200.0,0.014698969360583614,0.010390885042335818,1.4146022500196347,0.02951011352023372,3.3886687671138443e-44,0.0002797853956438217,2023-05-31,2023-12-02,0.3982268701878997,1.0
shm_lz,200,210.0,0.007794694550869053,0.005358788742386509,1.4545627613970329,0.015218960028377684,6.570751208593576e-44,0.0003583068958208267,2023-05-31,2023-12-02,0.43169357290409294,1.0
shm_lz,200,220.0,0.004190519738752075,0.0027914659088018536,1.5011896529127666,0.007927763180997263,1.2613898487747287e-43,0.0004289326557037987,2023-05-31,2023-12-02,0.47162632170137736,1.0
shm_lz,200,230.0,0.0022638596853017936,0.0014329832607085141,1.5798228404862642,0.00406967246041218,2.457200204015237e-43,0.0004730503721961233,2023-05-31,2023-12-02,0.5393528211872335,1.0
shm_lz,200,240.0,0.0011772220722881795,0.000675622099490569,1.742426828808332,0.0019187667625532158,5.211680854161479e-43,0.0004807614353815215,2023-05-31,2023-12-02,0.6672897252856699,1.0
shm_lz,200,250.0,0.0005370157422529543,0.0002568786948720609,2.090542162402438,0.000729535493436653,1.3707352267252395e-42,0.0004513647976612443,2023-05-31,2023-12-02,0.8705986108164239,1.0
shm_lz,200,260.0,0.0001775647043781649,6.416955744702378e-05,2.7671174844046003,0.00018224154314954753,5.487223070644213e-42,0.00037341525545497915,2023-05-31,2023-12-02,0.9957585617698089,1.0
shm_lz,200,270.0,2.4546231762892205e-05,6.239992851523726e-06,3.933695494041845,1.772157969832738e-05,5.642837811430452e-41,0.00022096342323810295,2023-05-31,2023-01-01,1.0,0.5753424657534246
shm_lz,200,280.0,2.0334883790960578e-07,3.4678114121232085e-08,5.863895516310763,9.848584410429911e-08,1.0153743505929375e-38,7.684769283381733e-05,2023-05-31,2023-01-01,1.0,0.2876712328767123
shm_lz,200,290.0,0.0,0.0,0.0,0.0,,0.0,,,,0.0
shm_lz,200,300.0,0.0,0.0,0.0,0.0,,0.0,,,,0.0
shm_lz,200,310.0,0.0,0.0,0.0,0.0,,0.0,,,,0.0
shm_lz,200,320.0,0.0,0.0,0.0,0.0,,0.0,,,,0.0
shm_lz,200,330.0,0.0,0.0,0.0,0.0,,0.0,,,,0.0
shm_lz,200,340.0,0.0,0.0,0.0,0.0,,0.0,,,,0.0
shm_lz,200,350.0,0.0,0.0,0.0,0.0,,0.0,,,,0.0
shm_lz,200,360.0,0.0,0.0,0.0,0.0,,0.0,,,,0.0
shm_lz,200,370.0,0.0,0.0,0.0,0.0,,0.0,,,,0.0
shm_lz,200,380.0,0.0,0.0,0.0,0.0,,0.0,,,,0.0
shm_lz,200,390.0,0.0,0.0,0.0,0.0,,0.0,,,,0.0
shm_lz,200,400.0,0.0,0.0,0.0,0.0,,0.0,,,,0.0
shm_lz,200,410.0,0.0,0.0,0.0,0.0,,0.0,,,,0.0
shm_lz,200,420.0,0.0,0.0,0.0,0.0,,0.0,,,,0.0
shm_lz,200,430.0,0.0,0.0,0.0,0.0,,0.0,,,,0.0
shm_lz,200,440.0,0.0,0.0,0.0,0.0,,0.0,,,,0.0
shm_lz,200,450.0,0.0,0.0,0.0,0.0,,0.0,,,,0.0
shm_lz,200,460.0,0.0,0.0,0.0,0.0,,0.0,,,,0.0
shm_lz,500,0.0,34.56234345786291,35.30741950289345,0.9788974653055716,100.2730713882174,9.97276722609202e-48,7.673425483924112e-06,2023-12-02,2023-05-31,0.022170988146813526,1.0
shm_lz,500,10.0,31.60492251782807,32.02910573721861,0.9867563202397616,90.96266029370084,1.0993521921755513e-47,7.64589409255068e-06,2023-12-02,2023-05-31,0.01375686877166282,1.0
shm_lz,500,20.0,27.717785427466648,27.791400596428385,0.997351152968836,78.9275776938566,1.2669842775091726e-47,7.907358379060461e-06,2023-12-02,2023-05-31,0.0024629205554094454,1.0
shm_lz,500,30.0,23.24845954885765,23.01990531089787,1.0099285481357554,65.37653108294994,1.529600888017746e-47,8.510942239751891e-06,2023-05-31,2023-12-02,0.01086314263112896,1.0
shm_lz,500,40.0,18.647036707125338,18.215250060665536,1.0237046784986066,51.73131017229012,1.9330652880615616e-47,9.534032639335777e-06,2023-05-31,2023-12-02,0.02535233686661333,1.0
shm_lz,500,50.0,14.349456722390912,13.823873930904815,1.0380199352303914,39.259801963769675,2.547134600736996e-47,1.1077840295557116e-05,2023-05-31,2023-12-02,0.04029542237016336,1.0
shm_lz,500,60.0,10.651351543452872,10.12247428730563,1.0522478241125783,28.747826975947987,3.4785237883776573e-47,1.3278053063833766e-05,2023-05-31,2023-12-02,0.05506294595871197,1.0
shm_lz,500,70.0,7.672076674418707,7.196111472079414,1.0661419996321648,20.436956580705534,4.89309646498e-47,1.6318184505373272e-05,2023-05-31,2023-12-02,0.06938261606514197,1.0
shm_lz,500,80.0,5.391784336782312,4.9936548254274635,1.0797270787174937,14.181979704213996,7.051201742327009e-47,2.0447701692590943e-05,2023-05-31,2023-12-02,0.08329146883437166,1.0
shm_lz,500,90.0,3.7132034639705314,3.3969536834965046,1.0930980548867857,9.647348461130072,1.0365542449607568e-46,2.6008331254563092e-05,2023-05-31,2023-12-02,0.09689404806420196,1.0
shm_lz,500,100.0,2.514117176651734,2.272332464258545,1.1064037574590049,6.453424198494267,1.549564958450001e-46,3.3465090467246926e-05,2023-05-31,2023-12-02,0.1103512912910342,1.0
shm_lz,500,110.0,1.6773134825418676,1.4978404334330309,1.1198212073214546,4.253866830949807,2.3508023164343374e-46,4.3455528757279684e-05,2023-05-31,2023-12-02,0.12384154592247096,1.0
shm_lz,500,120.0,1.104559472905705,0.9745034273940684,1.13345878716858,2.767589733799154,3.613252310440066e-46,5.683846162897576e-05,2023-05-31,2023-12-02,0.13747088743267563,1.0
shm_lz,500,130.0,0.7191214836576397,0.6267382851275826,1.1474031517178676,1.7799367297623343,5.6181772266339196e-46,7.474909987186874e-05,2023-05-31,2023-12-02,0.15132065523130844,1.0
shm_lz,500,140.0,0.4636016789431996,0.39906228514887243,1.161727620464686,1.1333368898227976,8.82350172291978e-46,9.866103490792442e-05,2023-05-31,2023-12-02,0.16545924048000563,1.0
shm_lz,500,150.0,0.2964440219066472,0.25197347951645743,1.1764889800130145,0.7156046818267391,1.3974195884902247e-45,0.0001304428198340786,2023-05-31,2023-12-02,0.17992876091919863,1.0
shm_lz,500,160.0,0.18838744097132412,0.15810010005334146,1.191570662559758,0.44900428415148974,2.2271502417616343e-45,0.0001723598326882194,2023-05-31,2023-12-02,0.19459146900939236,1.0
shm_lz,500,170.0,0.11930495288189086,0.09887282825678907,1.2066505528903875,0.2807988322492809,3.5612683713450903e-45,0.00022690509378815214,2023-05-31,2023-12-02,0.20911020142513068,1.0
shm_lz,500,180.0,0.07557488864528096,0.061887038877164666,1.2211747405669928,0.17575919041114765,5.689602903044405e-45,0.0002963688135394977,2023-05-31,2023-12-02,0.22293112213317848,1.0
shm_lz,500,190.0,0.048114429881859655,0.0389781624516209,1.2343945136351298,0.11069798136260334,9.033588396922891e-45,0.0003820277005389446,2023-05-31,2023-12-02,0.23533662632512195,1.0
shm_lz,500,200.0,0.030954379425383795,0.02485134615048767,1.2455815969863009,0.07057782306738498,1.4168756651012577e-44,0.00048302165546061697,2023-05-31,2023-12-02,0.2456754541706037,1.0
shm_lz,500,210.0,0.020229847151959874,0.01612623835733778,1.2544678246526642,0.04579851693483929,2.1834768174322524e-44,0.0005953978321436979,2023-05-31,2023-12-02,0.2537984032605972,1.0
shm_lz,500,220.0,0.013477475499424737,0.010681279579658733,1.261784732710399,0.0303348340062308,3.296540207850154e-44,0.0007122562620733977,2023-05-31,2023-12-02,0.26055782390073173,1.0
shm_lz,500,230.0,0.00915401242917834,0.0072103726001391515,1.2695616352755028,0.02047745818439519,4.883418591288093e-44,0.0008257140970468532,2023-05-31,2023-12-02,0.2680335158852398,1.0
shm_lz,500,240.0,0.006310725015162945,0.004926692419812449,1.280925310008126,0.013991806472267353,7.147039962152588e-44,0.0009301646865684944,2023-05-31,2023-12-02,0.2792590318371355,1.0
shm_lz,500,250.0,0.004376743648633025,0.0033678248848956296,1.2995757790918105,0.009564622673103587,1.0455195507210887e-43,0.0010249570380387928,2023-05-31,2023-12-02,0.29763728867525385,1.0
shm_lz,500,260.0,0.0030161091117151782,0.0022686713894534655,1.3294605493490066,0.006443026746047842,1.5520655732391626e-43,0.0011151768884341358,2023-05-31,2023-12-02,0.32653163924974904,1.0
shm_lz,500,270.0,0.002034855683765933,0.0014798468150793273,1.3750448107406674,0.0042027649548252895,2.3793859774429627e-43,0.001210936793587857,2023-05-31,2023-12-02,0.36931248502166886,1.0
shm_lz,500,280.0,0.001321611601239218,0.000916348998719121,1.4422579203846744,0.0026024311563623034,3.842560820697394e-43,0.001326923542959776,2023-05-31,2023-12-02,0.429730786301113,1.0
shm_lz,500,290.0,0.0008102882740889711,0.0005260820052843771,1.5402318763040839,0.0014940728950076309,6.6931138590456295e-43,0.0014838577324743658,2023-05-31,2023-12-02,0.5122210661001495,1.0
shm_lz,500,300.0,0.00045751392794228404,0.00027164600059829117,1.6842284699006245,0.0007714746416991469,1.2962188851697493e-42,0.0017137033668041305,2023-05-31,2023-12-02,0.6211754697758496,1.0
shm_lz,500,310.0,0.0002298106288027456,0.00012093267997051924,1.900318663729014,0.0003434488111162746,2.911642048635451e-42,0.002072230024586015,2023-05-31,2023-12-02,0.7563319022800993,1.0
shm_lz,500,320.0,9.726377650256646e-05,4.3623319549105213e-05,2.229628040871124,0.0001238902275194588,8.071661663894638e-42,0.0026689070917239595,2023-05-31,2023-12-02,0.897210890712954,1.0
shm_lz,500,330.0,3.1493049944611846e-05,1.1599422836872002e-05,2.7150531873450117,3.294236085671649e-05,3.035605141809725e-41,0.0037385183825174753,2023-05-31,2023-12-02,0.9838160129464607,1.0
shm_lz,500,340.0,6.399650683054838e-06,1.8904740201501651e-06,3.3852095373130267,5.3689462172264685e-06,1.8625628932386432e-40,0.005752755485409046,2023-05-31,2023-12-02,0.9998077614282384,0.7808219178082192
shm_lz,500,350.0,5.211641377347093e-07,1.2261752156097558e-07,4.25032353533213,3.482337612331706e-07,2.8716342621656928e-39,0.008798995715262867,2023-05-31,2023-01-01,1.0,0.5616438356164384
shm_lz,500,360.0,7.504067183908959e-09,1.3958764080253595e-09,5.37588223482077,3.9642889987920204e-09,2.522520432553518e-37,0.013060104711860598,2023-05-31,2023-01-01,1.0,0.3835616438356164
shm_lz,500,370.0,0.0,0.0,0.0,0.0,,0.0,,,,0.0
shm_lz,500,380.0,0.0,0.0,0.0,0.0,,0.0,,,,0.0
shm_lz,500,390.0,0.0,0.0,0.0,0.0,,0.0,,,,0.0
shm_lz,500,400.0,0.0,0.0,0.0,0.0,,0.0,,,,0.0
shm_lz,500,410.0,0.0,0.0,0.0,0.0,,0.0,,,,0.0
shm_lz,500,420.0,0.0,0.0,0.0,0.0,,0.0,,,,0.0
shm_lz,500,430.0,0.0,0.0,0.0,0.0,,0.0,,,,0.0
shm_lz,500,440.0,0.0,0.0,0.0,0.0,,0.0,,,,0.0
shm_lz,500,450.0,0.0,0.0,0.0,0.0,,0.0,,,,0.0
shm_lz,500,460.0,0.0,0.0,0.0,0.0,,0.0,,,,0.0
shm_lz,1000,0.0,17.58757362861763,17.99501796193226,0.9773579368369312,51.105851011887616,1.9567231152601143e-47,9.492763214661244e-06,2023-12-02,2023-05-31,0.023818506991457385,1.0
shm_lz,1000,10.0,16.2095498760455,16.46227455783157,0.9846482525304596,46.752859744241654,2.1389065941001943e-47,9.497440983838132e-06,2023-12-02,2023-05-31,0.01600692288234484,1.0
shm_lz,1000,20.0,14.344285861173205,14.420773965200949,0.9946959778849375,40.95499806117069,2.441704425199563e-47,9.85386685253873e-06,2023-12-02,2023-05-31,0.0052851436624878415,1.0
shm_lz,1000,30.0,12.155315963632209,12.073834361931185,1.0067486101977625,34.28968958788457,2.916328529125343e-47,1.0629565268429998e-05,2023-05-31,2023-12-02,0.007501378899791449,1.0
shm_lz,1000,40.0,9.862022112932078,9.668639350453804,1.0200010317345427,27.4589357552888,3.641801739557195e-47,1.1922277533609418e-05,2023-05-31,2023-12-02,0.021462064046053116,1.0
shm_lz,1000,50.0,7.6847668515215055,7.433798753244702,1.033760410606658,21.111988459214952,4.736645256944143e-47,1.3859401018173654e-05,2023-05-31,2023-12-02,0.03585036619499169,1.0
shm_lz,1000,60.0,5.782168524817372,5.520075466295011,1.047479977424706,15.67701432427783,6.37876562025828e-47,1.6607325798086272e-05,2023-05-31,2023-12-02,0.05011190434234562,1.0
shm_lz,1000,70.0,4.225946729699655,3.983592940976198,1.0608379903053213,11.313403952372402,8.839072698277529e-47,2.0389430967240594e-05,2023-05-31,2023-12-02,0.063911228841138,1.0
shm_lz,1000,80.0,3.0164424526098097,2.8090505479713603,1.0738298941570217,7.977703556238663,1.2534935560722705e-46,2.550662006805819e-05,2023-05-31,2023-12-02,0.07724663828145582,1.0
shm_lz,1000,90.0,2.1120585040457707,1.9438577689453556,1.0865293427263831,5.5205560638048095,1.8114117281707168e-46,3.236651508679765e-05,2023-05-31,2023-12-02,0.09020159731717178,1.0
shm_lz,1000,100.0,1.4555384041154682,1.324364239280424,1.0990468943093148,3.761194439556404,2.658729869115568e-46,4.151639603619766e-05,2023-05-31,2023-12-02,0.1028987553634877,1.0
shm_lz,1000,110.0,0.9897031399499844,0.8904083228958553,1.11151604775121,2.528759637024229,3.954507915100903e-46,5.369283453276962e-05,2023-05-31,2023-12-02,0.11547516565259852,1.0
shm_lz,1000,120.0,0.6652845784151641,0.5918919107737236,1.1239967404614488,1.680973026597375,5.9489354330937695e-46,6.986714161724382e-05,2023-05-31,2023-12-02,0.1279910578358225,1.0
shm_lz,1000,130.0,0.4429435957900254,0.38973744409813643,1.1365179366201508,1.1068543412387075,9.034612439436934e-46,9.128752040178008e-05,2023-05-31,2023-12-02,0.14047447944206817,1.0
shm_lz,1000,140.0,0.29266055782964834,0.2546911589788637,1.149080160469707,0.7233228914999729,1.3825084367595153e-45,0.00011951632263159208,2023-05-31,2023-12-02,0.15292592218500106,1.0
shm_lz,1000,150.0,0.1922867262661369,0.1655272195434725,1.1616622740143143,0.47009730350346185,2.127219178981391e-45,0.00015644038860997952,2023-05-31,2023-12-02,0.1653206827402658,1.0
shm_lz,1000,160.0,0.1259259878470465,0.10725212143084074,1.174111860605454,0.3045960248635877,3.283036935389576e-45,0.00020420976078220132,2023-05-31,2023-12-02,0.17749709330044802,1.0
shm_lz,1000,170.0,0.0824384969909491,0.06950225787633131,1.1861268901168054,0.1973864123687809,5.066204851687969e-45,0.00026499642616054667,2023-05-31,2023-12-02,0.1891514090313325,1.0
shm_lz,1000,180.0,0.054145634066454465,0.045223936182513094,1.1972782255824772,0.12843597875833718,7.785980296701611e-45,0.0003405252306765867,2023-05-31,2023-12-02,0.19986276821841736,1.0
shm_lz,1000,190.0,0.03582901231724566,0.02968249088140991,1.2070756615539064,0.08429827410320413,1.1862639071064808e-44,0.0004313628185373441,2023-05-31,2023-12-02,0.2091657598645447,1.0
shm_lz,1000,200.0,0.0239905901961623,0.01974327189050559,1.2151273775295177,0.05607089216903587,1.7834565517261944e-44,0.000536109086192502,2023-05-31,2023-12-02,0.21671530982573994,1.0
shm_lz,1000,210.0,0.01631683539607842,0.013359262798797868,1.2213874105049185,0.037940306348585945,2.6357193608619096e-44,0.0006509096320769193,2023-05-31,2023-12-02,0.22252891420661142,1.0
shm_lz,1000,220.0,0.011298096564239125,0.009212405719231423,1.2264002377417773,0.02616323224261724,3.8221577163203173e-44,0.0007698537953563697,2023-05-31,2023-12-02,0.22721344330639465,1.0
shm_lz,1000,230.0,0.007962931719346852,0.006466659593814269,1.2313825405258463,0.018365313246432525,5.445047337780916e-44,0.0008865089315607308,2023-05-31,2023-12-02,0.23201966411236588,1.0
shm_lz,1000,240.0,0.005695072833848647,0.00459993922577986,1.2380756688982388,0.013063827401214801,7.654724525118957e-44,0.000996091529182159,2023-05-31,2023-12-02,0.23866808943808862,1.0
shm_lz,1000,250.0,0.004109254662303048,0.003291487625756309,1.2484490690919232,0.009347824857147916,1.069767582600073e-43,0.001097222074530522,2023-05-31,2023-12-02,0.249036510507037,1.0
shm_lz,1000,260.0,0.0029679659838145944,0.0023471947193015956,1.264473696795683,0.006666033002816531,1.500142587919202e-43,0.0011924952846048343,2023-05-31,2023-12-02,0.26491648140730506,1.0
shm_lz,1000,270.0,0.002126403283387648,0.0016508073823287659,1.2880989666934775,0.004688292965813695,2.132972506820382e-43,0.0012880453933589817,2023-05-31,2023-12-02,0.28795781917287117,1.0
shm_lz,1000,280.0,0.0014965158427795453,0.0011324789760641348,1.3214513244039192,0.0032162402920221426,3.109220422617339e-43,0.0013928903083300316,2023-05-31,2023-12-02,0.31978636411659495,1.0
shm_lz,1000,290.0,0.001023929664171255,0.0007489173159085645,1.3672132322498827,0.002126925177180323,4.701622843760333e-43,0.0015188428764624517,2023-05-31,2023-12-02,0.36220967243114605,1.0
shm_lz,1000,300.0,0.0006734500945537363,0.0004712150955174117,1.429177674824409,0.0013382508712694492,7.472440492800962e-43,0.001681550606154469,2023-05-31,2023-12-02,0.4174079432661942,1.0
shm_lz,1000,310.0,0.0004202449192118325,0.0002777439194152951,1.5130661369528078,0.000788792731139438,1.267760161221904e-42,0.0019032314780517458,2023-05-31,2023-12-02,0.48798243892775045,1.0
shm_lz,1000,320.0,0.00024477715595711886,0.00015037285036582717,1.6278015304067512,0.0004270588950389491,2.341597404050785e-42,0.0022181284240774916,2023-05-31,2023-12-02,0.5765578154671985,1.0
shm_lz,1000,330.0,0.0001301866968123187,7.283259870393147e-05,1.7874783974348465,0.00020684458031916536,4.8345477481545794e-42,0.0026831090398837768,2023-05-31,2023-12-02,0.6841151402404897,1.0
shm_lz,1000,340.0,6.123944652874577e-05,3.040866621389078e-05,2.0138813750657496,8.636061204744981e-05,1.1579352858807462e-41,0.003398376655653562,2023-05-31,2023-12-02,0.8051780633528561,1.0
shm_lz,1000,350.0,2.4231675682394044e-05,1.0369087502491223e-05,2.336914957711782,2.9448208507075073e-05,3.3957923102851744e-41,0.00454585428706072,2023-05-31,2023-12-02,0.9181768580353631,1.0
shm_lz,1000,360.0,7.3986868150600505e-06,2.6572298897243606e-06,2.784360827669122,7.546532886817184e-06,1.3251118294957284e-40,0.006432720030874248,2023-05-31,2023-12-02,0.9843008757805652,1.0
shm_lz,1000,370.0,1.4783783457516166e-06,4.380649138141877e-07,3.374792865467182,1.244104355232293e-06,8.037910934033222e-40,0.009317200880831645,2023-05-31,2023-12-02,0.9990973791719628,0.8493150684931506
shm_lz,1000,380.0,1.3815523970754542e-07,3.367256967576256e-08,4.102901591350459,9.563009787916567e-08,1.0456958867317689e-38,0.012368777770244966,2023-05-31,2023-12-02,0.9999998669934448,0.6575342465753424
shm_lz,1000,390.0,3.8033755149882504e-09,8.156618332359753e-10,4.662931818078478,2.3164796063901697e-09,4.31689533221631e-37,0.013648596581328928,2023-05-31,2023-01-01,1.0,0.5205479452054794
shm_lz,1000,400.0,5.903295222134967e-11,1.0550831212032266e-11,5.59509966892731,2.9964360642171635e-11,3.337297971886665e-35,0.006780491063721568,2023-05-31,2023-01-01,1.0,0.3150684931506849
shm_lz,1000,410.0,0.0,0.0,0.0,0.0,,0.0,,,,0.0
shm_lz,1000,420.0,0.0,0.0,0.0,0.0,,0.0,,,,0.0
shm_lz,1000,430.0,0.0,0.0,0.0,0.0,,0.0,,,,0.0
shm_lz,1000,440.0,0.0,0.0,0.0,0.0,,0.0,,,,0.0
shm_lz,1000,450.0,0.0,0.0,0.0,0.0,,0.0,,,,0.0
shm_lz,1000,460.0,0.0,0.0,0.0,0.0,,0.0,,,,0.0
shm_lz,3000,0.0,5.925308438246948,6.068591799112875,0.9763893559479693,17.234800709480563,5.802213886058557e-47,1.0761940391876402e-05,2023-12-02,2023-05-31,0.024855760899580543,1.0
shm_lz,3000,10.0,5.489211289917151,5.582471383053095,0.983294120697321,15.854218727870789,6.30746943236035e-47,1.0793510435713084e-05,2023-12-02,2023-05-31,0.017453568157375966,1.0
shm_lz,3000,20.0,4.886116560577914,4.920702653544166,0.9929713101153672,13.97479553606543,7.155739756043311e-47,1.1219798926086712e-05,2023-12-02,2023-05-31,0.0071203434095279865,1.0
shm_lz,3000,30.0,4.168202272225522,4.148826778797754,1.0046701138564726,11.78266805178562,8.487042116479328e-47,1.211824616897339e-05,2023-05-31,2023-12-02,0.005301091331540178,1.0
shm_lz,3000,40.0,3.4071488199612343,3.348304881310926,1.0175742474882603,9.50918586292303,1.0516147380177612e-46,1.3600641585505286e-05,2023-05-31,2023-12-02,0.01890855624843186,1.0
shm_lz,3000,50.0,2.676702523402634,2.596292577639024,1.0309710648392068,7.373470920494828,1.3562133909289097e-46,1.5812259753195692e-05,2023-05-31,2023-12-02,0.0329358911328404,1.0
shm_lz,3000,60.0,2.031798808599373,1.9455343180036693,1.0443397424540013,5.5253174631304205,1.809850758210444e-46,1.894078741468034e-05,2023-05-31,2023-12-02,0.0468441272314532,1.0
shm_lz,3000,70.0,1.4990313468684888,1.41772723446552,1.0573482052304795,4.026345345882077,2.48364189878234e-46,2.3235570059393577e-05,2023-05-31,2023-12-02,0.06030278809248011,1.0
shm_lz,3000,80.0,1.0808023077716262,1.0101357741856904,1.0699574605630642,2.868785598687361,3.48579552427187e-46,2.903104880603717e-05,2023-05-31,2023-12-02,0.07326708975307696,1.0
shm_lz,3000,90.0,0.7648854845855734,0.7067685941983555,1.082229022149939,2.0072228075233296,4.982007957720843e-46,3.677691840736525e-05,2023-05-31,2023-12-02,0.08580820057689273,1.0
shm_lz,3000,100.0,0.5331495333020283,0.4872271801152524,1.0942524453909017,1.3837251915273168,7.226868500502099e-46,4.7071728931815926e-05,2023-05-31,2023-12-02,0.09802770218493147,1.0
shm_lz,3000,110.0,0.3669495166153188,0.3317394467771486,1.1061377239886192,0.942140028847102,1.0614133455551202e-45,6.071134434094057e-05,2023-05-31,2023-12-02,0.11003991194412138,1.0
shm_lz,3000,120.0,0.24990813411358534,0.22354742633281885,1.117919978830445,0.6348746907852055,1.5751139784186573e-45,7.87307812194333e-05,2023-05-31,2023-12-02,0.12188176099961387,1.0
shm_lz,3000,130.0,0.16875291307162066,0.1493916982464206,1.1296003395935956,0.4242724230198345,2.356976192047369e-45,0.00010243609159888479,2023-05-31,2023-12-02,0.13355525306896246,1.0
shm_lz,3000,140.0,0.11322078904796767,0.099216612718824,1.1411474948135043,0.28177518012146013,3.548928615958817e-45,0.0001334234393931766,2023-05-31,2023-12-02,0.14503090955854242,1.0
shm_lz,3000,150.0,0.0756440776646973,0.06563430488635483,1.152508246955221,0.1864014258772477,5.364765828875887e-45,0.00017356032222027505,2023-05-31,2023-12-02,0.15625667113362388,1.0
shm_lz,3000,160.0,0.05045127835568451,0.043360655636985,1.1635266490908749,0.12314426200903739,8.120557009197972e-45,0.00022488697625914122,2023-05-31,2023-12-02,0.16707204749441953,1.0
shm_lz,3000,170.0,0.03369006100102835,0.028698541217017353,1.1739293905660675,0.08150385705632927,1.2269357992577897e-44,0.0002893420090105776,2023-05-31,2023-12-02,0.17720632446426926,1.0
shm_lz,3000,180.0,0.022603463460869097,0.019100962717109524,1.1833677598156997,0.05424673411659105,1.8434289479081392e-44,0.0003682907699408723,2023-05-31,2023-12-02,0.18632100998041518,1.0
shm_lz,3000,190.0,0.01529515154873305,0.012837025791675918,1.191487171323679,0.0364571532483596,2.742945926654312e-44,0.0004618869421726572,2023-05-31,2023-12-02,0.19408241355659242,1.0
shm_lz,3000,200.0,0.010477919038299973,0.008745793407715334,1.1980524293035093,0.024838053277911547,4.0260804210823513e-44,0.0005684420789273367,2023-05-31,2023-12-02,0.20028914836993175,1.0
shm_lz,3000,210.0,0.007289159421482153,0.0060585684271998634,1.203115803521764,0.01720633433324761,5.811813141789945e-44,0.0006841611179219442,2023-05-31,2023-12-02,0.20503624918549082,1.0
shm_lz,3000,220.0,0.005157987271735429,0.004272848507376705,1.207154258530488,0.01213488976094984,8.240701149325698e-44,0.0008036306716843937,2023-05-31,2023-12-02,0.20884119519046498,1.0
shm_lz,3000,230.0,0.0037112839768964206,0.003064420600706827,1.2110883134124573,0.00870295450600739,1.1490350768922553e-43,0.0009211485750682298,2023-05-31,2023-12-02,0.21264799245046725,1.0
shm_lz,3000,240.0,0.002708115754416818,0.0022267805508133197,1.2161574491153577,0.006324056764309828,1.581263478916819e-43,0.00103242829883424,2023-05-31,2023-12-02,0.2176898070079059,1.0
shm_lz,3000,250.0,0.001994751582930272,0.0016300683712668859,1.2237226475230332,0.0046293941743979555,2.1601098595801645e-43,0.0011359217186789905,2023-05-31,2023-12-02,0.22528188851542358,1.0
shm_lz,3000,260.0,0.0014741158570526877,0.0011935142034653337,1.2351054162343735,0.0033895803378415474,2.9502177270617237e-43,0.0012332635769762281,2023-05-31,2023-12-02,0.2366561636096995,1.0
shm_lz,3000,270.0,0.0010853680005823338,0.000867220050046691,1.2515485550915224,0.0024629049421326025,4.060246024493787e-43,0.0013289217078677812,2023-05-31,2023-12-02,0.2529101826776888,1.0
shm_lz,3000,280.0,0.0007904007480820619,0.0006202639135654488,1.2742974898194859,0.0017615495145258744,5.67682027529696e-43,0.0014296086520684383,2023-05-31,2023-12-02,0.2750627569335888,1.0
shm_lz,3000,290.0,0.0005650540004543736,0.0004330688771440708,1.3047670480979743,0.001229915611089161,8.130639134781308e-43,0.0015439608411144845,2023-05-31,2023-12-02,0.30416688901186445,1.0
shm_lz,3000,300.0,0.00039349634210645684,0.00029261151281881077,1.3447739575103985,0.0008310166964054225,1.2033452568709122e-42,0.0016828097337918426,2023-05-31,2023-12-02,0.3414383816187771,1.0
shm_lz,3000,310.0,0.0002647158388927947,0.00018951028251791934,1.3968415611842286,0.0005382092023508909,1.8580135672746075e-42,0.0018602743991805537,2023-05-31,2023-12-02,0.3883624729161143,1.0
shm_lz,3000,320.0,0.00017040693130784335,0.0001163482968823804,1.4646276385129406,0.0003304291631459603,3.026367256688752e-42,0.002095958268985487,2023-05-31,2023-12-02,0.44673743621095374,1.0
shm_lz,3000,330.0,0.0001037695765033929,6.679429222251887e-05,1.553569519947818,0.0001896957899119536,5.271598280932567e-42,0.0024188735810502745,2023-05-31,2023-12-02,0.5185549591747859,1.0
shm_lz,3000,340.0,5.889747442080509e-05,3.5228247725626866e-05,1.671882032836961,0.00010004822354078029,9.995179970310954e-42,0.0028743248414422164,2023-05-31,2023-12-02,0.6054533516222931,1.0
shm_lz,3000,350.0,3.053367540274094e-05,1.6666553783856255e-05,1.8320329324660274,4.733301274615176e-05,2.1126903655235878e-41,0.0035359369959290753,2023-05-31,2023-12-02,0.7071206990088614,1.0
shm_lz,3000,360.0,1.4039952862446367e-05,6.840479450743769e-06,2.0524808185659844,1.9426961640112304e-05,5.147485327480264e-41,0.004525474992841355,2023-05-31,2023-12-02,0.8175256736188611,1.0
shm_lz,3000,370.0,5.471305905833785e-06,2.32055540455256e-06,2.357757067596815,6.5903773489292706e-06,1.517363797328644e-40,0.006035894420376092,2023-05-31,2023-12-02,0.9186601623444338,1.0
shm_lz,3000,380.0,1.6742509569649808e-06,6.041050072791896e-07,2.7714568440768095,1.7156582206728984e-06,5.8286667353115934e-40,0.00829813307697485,2023-05-31,2023-12-02,0.9809724108345014,1.0
shm_lz,3000,390.0,3.4966036611734765e-07,1.0571208900048849e-07,3.307666790273456,3.002223327613873e-07,3.3308647987716044e-39,0.01122522480058486,2023-05-31,2023-12-02,0.9977251441721726,1.0
shm_lz,3000,400.0,3.797594698941377e-08,9.627857671032867e-09,3.944381843498913,2.734311578573334e-08,3.6572276833270195e-38,0.013652896063021665,2023-05-31,2023-12-02,0.9996344871236987,0.7671232876712328
shm_lz,3000,410.0,1.5965498050526394e-09,3.7836166415781495e-10,4.219639451598133,1.0745471262081944e-09,9.306246097635082e-37,0.013194031935862702,2023-05-31,2023-01-01,1.0,0.6164383561643836
shm_lz,3000,420.0,7.55399246213795e-11,1.636668431746595e-11,4.615469031853077,4.6481383461603295e-11,2.1513989591683868e-35,0.006925152074512271,2023-05-31,2023-01-01,1.0,0.410958904109589
shm_lz,3000,430.0,1.896291291309428e-15,1.1554164480241866e-15,1.6412188822066451,3.2813827123886897e-15,3.047495789578436e-31,0.004417102836270095,2023-05-31,2023-01-01,1.0,0.136986301369863
shm_lz,3000,440.0,0.0,0.0,0.0,0.0,,0.0,,,,0.0
shm_lz,3000,450.0,0.0,0.0,0.0,0.0,,0.0,,,,0.0
shm_lz,3000,460.0,0.0,0.0,0.0,0.0,,0.0,,,,0.0
shm_lz,10000,0.0,1.7838686271760027,1.827618096060945,0.9760620290534247,5.190435392813083,1.9266206480185576e-46,1.1211790113884826e-05,2023-12-02,2023-05-31,0.025206434103871987,1.0
shm_lz,10000,10.0,1.6555258158031618,1.6844466570239753,0.9828306577117082,4.783828505948089,2.0903759379263402e-46,1.1253649232799713e-05,2023-12-02,2023-05-31,0.017948942294576335,1.0
shm_lz,10000,20.0,1.4766247796326013,1.487967389477581,0.992377111269245,4.22582738611633,2.366400490671797e-46,1.1705295410420972e-05,2023-12-02,2023-05-31,0.0077530056512623196,1.0
shm_lz,10000,30.0,1.2625712118057648,1.2576019993153147,1.0039513395280506,3.5715896780554934,2.7998736981019537e-46,1.2647653816941408e-05,2023-05-31,2023-12-02,0.004539653923651432,1.0
shm_lz,10000,40.0,1.0347074700167884,1.0176781493733063,1.016733503273082,2.8902059442201895,3.459961052255781e-46,1.4197447352467898e-05,2023-05-31,2023-12-02,0.018023150507101248,1.0
shm_lz,10000,50.0,0.8151756390511803,0.7914281640780557,1.0300058502476828,2.247655985981678,4.449079424239576e-46,1.6506176261570444e-05,2023-05-31,2023-12-02,0.031925897284157394,1.0
shm_lz,10000,60.0,0.6206528101308598,0.5949230676979257,1.043248856583249,1.689581512262109,5.9186253681312035e-46,1.976906486033824e-05,2023-05-31,2023-12-02,0.045708136543924555,1.0
shm_lz,10000,70.0,0.459398419294684,0.43498032015785454,1.0561361008883532,1.2353441092483068,8.094910499136057e-46,2.4244293966410703e-05,2023-05-31,2023-12-02,0.059047858234008474,1.0
shm_lz,10000,80.0,0.3323734885768912,0.31103239595749016,1.0686137292988536,0.883332004519272,1.1320771747019641e-45,3.0277730454079376e-05,2023-05-31,2023-12-02,0.07188426654953065,1.0
shm_lz,10000,90.0,0.2360859453914409,0.218448623225561,1.0807389943935162,0.6203940899605932,1.6118786690303883e-45,3.833324446439074e-05,2023-05-31,2023-12-02,0.08428364123790753,1.0
shm_lz,10000,100.0,0.1652018651899961,0.1512013947624744,1.0925948497334654,0.4294119611254273,2.328766058074263e-45,4.9026401145649516e-05,2023-05-31,2023-12-02,0.09634090903389944,1.0
shm_lz,10000,110.0,0.11417640041961559,0.10339405513053747,1.1042839965553644,0.2936391165707264,3.405540827388841e-45,6.31724090790288e-05,2023-05-31,2023-12-02,0.10816330843542175,1.0
shm_lz,10000,120.0,0.07810586529444556,0.06999775539748582,1.1158338556846206,0.19879362532885972,5.030342388221569e-45,8.182625915063917e-05,2023-05-31,2023-12-02,0.11978051912366657,1.0
shm_lz,10000,130.0,0.052995064084698076,0.04701321046280656,1.1272377181435829,0.13351751771437062,7.48965392046357e-45,0.00010631105526968216,2023-05-31,2023-12-02,0.13118712562565052,1.0
shm_lz,10000,140.0,0.035740390012240844,0.031393754372407504,1.1384554261421396,0.0891582624176373,1.1216010416575592e-44,0.00013823065525197834,2023-05-31,2023-12-02,0.14234546498382022,1.0
shm_lz,10000,150.0,0.02401300071695665,0.02089131336848042,1.1494251363433208,0.059331329966484395,1.685450166994215e-44,0.0001794410087334981,2023-05-31,2023-12-02,0.15319591357413773,1.0
shm_lz,10000,160.0,0.016113408576930204,0.013890960809317537,1.1599923718827234,0.0394503286984618,2.534833125583034e-44,0.00023194014259475459,2023-05-31,2023-12-02,0.1635808135656578,1.0
shm_lz,10000,170.0,0.010830949980223237,0.009258056885531161,1.169894516110638,0.026292881554908495,3.8033107855130267e-44,0.00029758479825884606,2023-05-31,2023-12-02,0.17324131722596112,1.0
shm_lz,10000,180.0,0.0073176666425793235,0.006207668854488845,1.178810728166955,0.01762977954674832,5.672220672688119e-44,0.0003776203065926356,2023-05-31,2023-12-02,0.18186656553461517,1.0
shm_lz,10000,190.0,0.004987868820998483,0.004204112575111932,1.1864260844313104,0.011939679713317887,8.375434048574763e-44,0.0004720692452331827,2023-05-31,2023-12-02,0.18916175096478222,1.0
shm_lz,10000,200.0,0.0034422992651926957,0.0028865003937325576,1.1925511157618205,0.008197661118200463,1.21986013520344e-43,0.0005791570176873045,2023-05-31,2023-12-02,0.19496799241129836,1.0
shm_lz,10000,210.0,0.002412224755617266,0.0020147782902462056,1.1972656084766986,0.0057219703442992235,1.7476497427084641e-43,0.0006951085491145772,2023-05-31,2023-12-02,0.1994019375289019,1.0
shm_lz,10000,220.0,0.0017189497312159237,0.001431231553113169,1.201028392280005,0.0040646976108414,2.460207611343069e-43,0.0008146640227296641,2023-05-31,2023-12-02,0.20295778959841743,1.0
shm_lz,10000,230.0,0.0012450806308238332,0.0010335342283066598,1.2046825317665295,0.0029352372083909137,3.406879679575186e-43,0.0009323404396777251,2023-05-31,2023-12-02,0.2064988211152898,1.0
shm_lz,10000,240.0,0.0009143846378308297,0.0007561025057485073,1.2093395153156252,0.002147331116325761,4.656943646916795e-43,0.0010440099389904577,2023-05-31,2023-12-02,0.21113249975525888,1.0
shm_lz,10000,250.0,0.0006779023787185608,0.0005573926532439915,1.2162025724114052,0.001582995135212936,6.3171388070342075e-43,0.001148109207205334,2023-05-31,2023-12-02,0.2180260131273976,1.0
shm_lz,10000,260.0,0.0005044900035799055,0.00041134817197033247,1.226430644296848,0.0011682288083957441,8.5599669586409e-43,0.001246013536166444,2023-05-31,2023-12-02,0.22826676315666228,1.0
shm_lz,10000,270.0,0.00037446422723380206,0.0003017200202425971,1.241098376344782,0.0008568848574889757,1.167017938594936e-42,0.0013417414543612394,2023-05-31,2023-12-02,0.24281478290696282,1.0
shm_lz,10000,280.0,0.0002753832703505563,0.0002183404446858448,1.2612563409714888,0.0006200868629077992,1.612677287357223e-42,0.0014413842562182343,2023-05-31,2023-12-02,0.26254464082106566,1.0
shm_lz,10000,290.0,0.00019929309369987817,0.00015472297765027547,1.2880639755417953,0.00043941325652678234,2.2757620193441973e-42,0.0015527445882375153,2023-05-31,2023-12-02,0.28834166078372636,1.0
shm_lz,10000,300.0,0.0001409529745429868,0.00010654321871691075,1.3229652364596196,0.0003025827411560265,3.304881158057693e-42,0.001685478811078129,2023-05-31,2023-12-02,0.32120773139818826,1.0
shm_lz,10000,310.0,9.67206667658568e-05,7.07066659399044e-05,1.367914403545239,0.00020080693126932849,4.979907783455786e-42,0.0018518883741511277,2023-05-31,2023-12-02,0.36235790931965284,1.0
shm_lz,10000,320.0,6.387252261150233e-05,4.4801455124196916e-05,1.4256796444320239,0.00012723613255271923,7.859402670744164e-42,0.002068560977734594,2023-05-31,2023-12-02,0.4132817598168117,1.0
shm_lz,10000,330.0,4.020898286948631e-05,2.680086712289842e-05,1.5002866394248908,7.61144626290315e-05,1.3138107600835653e-41,0.0023592518449451036,2023-05-31,2023-12-02,0.47572173233985476,1.0
shm_lz,10000,340.0,2.3844526060748308e-05,1.4924301066250248e-05,1.5976980064192232,4.23850150281507e-05,2.359324396454345e-41,0.0027597878080142494,2023-05-31,2023-12-02,0.5514391412071423,1.0
shm_lz,10000,350.0,1.3113271136195589e-05,7.593721152979499e-06,1.726857079950904,2.1566168074461775e-05,4.636892360976171e-41,0.0033264185666684464,2023-05-31,2023-12-02,0.6414540730021351,1.0
shm_lz,10000,360.0,6.543786670340325e-06,3.4420098230589764e-06,1.901152816735643,9.775307897487492e-06,1.0229856803354767e-40,0.004149483452529059,2023-05-31,2023-12-02,0.7440794876736527,1.0
shm_lz,10000,370.0,2.8694377492699405e-06,1.3409431491979434e-06,2.1398653261223144,3.8082785437221593e-06,2.6258583465447192e-40,0.00537220791415543,2023-05-31,2023-12-02,0.8507959132427123,1.0
shm_lz,10000,380.0,1.0511062365984787e-06,4.2605685403928636e-07,2.467056278131268,1.2100014654715733e-06,8.264452800561447e-40,0.007194676468633362,2023-05-31,2023-12-02,0.9409574801207546,1.0
shm_lz,10000,390.0,2.950527482218624e-07,1.0164329802788718e-07,2.9028254095111197,2.886669663991996e-07,3.464199636258667e-39,0.0097486577202324,2023-05-31,2023-12-02,0.9882581851921286,1.0
shm_lz,10000,400.0,5.404055309307359e-08,1.5635591231362087e-08,3.456252615806321,4.440507909706832e-08,2.251994637401786e-38,0.012572688284319535,2023-05-31,2023-12-02,0.9979656357783994,1.0
shm_lz,10000,410.0,4.811879914063508e-09,1.1918080176571533e-09,4.0374622781298815,3.384734770146315e-09,2.95444124254608e-37,0.014200578812086596,2023-05-31,2023-12-02,0.9998099298394604,0.7808219178082192
shm_lz,10000,420.0,2.0342331490094188e-10,5.1272695465172875e-11,3.967478461106414,1.4561445512109096e-10,6.867450069901465e-36,0.01103923974352421,2023-05-31,2023-01-01,1.0,0.6027397260273972
shm_lz,10000,430.0,1.2959001476302667e-11,2.6117556745277644e-12,4.9617970021816085,7.417386115658851e-12,1.3481838270342959e-34,0.006597761061088423,2023-05-31,2023-01-01,1.0,0.3835616438356164
shm_lz,10000,440.0,0.0,0.0,0.0,0.0,,0.0,,,,0.0
shm_lz,10000,450.0,0.0,0.0,0.0,0.0,,0.0,,,,0.0
shm_lz,10000,460.0,0.0,0.0,0.0,0.0,,0.0,,,,0.0
shm_pp,50,0.0,348.82726202366075,341.78653531364637,1.0205997778805223,970.6737602907556,1.030212251437043e-48,2.657488024626384e-18,2023-06-05,2023-12-02,0.0215582855038488,1.0
shm_pp,50,10.0,264.3623089611381,254.06891871284188,1.0405141656068928,721.5557291444709,1.3858943385920765e-48,1.2065947629361518e-19,2023-06-05,2023-12-02,0.042102476046026314,1.0
shm_pp,50,20.0,183.55156633868035,172.78055872865562,1.062339233587849,490.6967867893819,2.0379183783594297e-48,3.51214147504106e-21,2023-06-05,2023-12-02,0.06458028294348121,1.0
shm_pp,50,30.0,116.80778145410396,107.77986448569125,1.0837625563132087,306.0948151393631,3.2669615770678964e-48,5.757947786961785e-23,2023-05-31,2023-12-02,0.08692454441295638,1.0
shm_pp,50,40.0,68.61710336634081,62.03861091956293,1.1060386805776057,176.1896550115587,5.67570212867717e-48,4.3969344302069e-25,2023-05-31,2023-12-02,0.11051061227429179,1.0
shm_pp,50,50.0,37.21030246234885,32.865359290971114,1.1322043411395595,93.33762038635795,1.0713793600700774e-47,1.1705771734616088e-27,2023-05-31,2023-12-02,0.13884706310351244,1.0
shm_pp,50,60.0,18.497176229435144,15.890111850964296,1.1640683465870405,45.127917656738596,2.2159232065756036e-47,6.376701504152009e-31,2023-05-31,2023-12-02,0.17522903278045734,1.0
shm_pp,50,70.0,8.434462440691004,7.002517461020268,1.2044900262857896,19.88714958929756,5.028372696196536e-47,2.3628713311109853e-35,2023-05-26,2023-12-02,0.21842421002893997,1.0
shm_pp,50,80.0,3.5374693461382303,2.799488161355694,1.2636128971608718,7.95054637825017,1.2577751923259508e-46,9.411279823507076e-39,2023-05-31,2023-12-02,0.271204246665716,1.0
shm_pp,50,90.0,1.3169008600085697,0.9664062456179032,1.3626783415152355,2.744593737554845,3.6435264947113766e-46,6.194162448392883e-44,2023-05-31,2023-12-02,0.35901757328315026,1.0
shm_pp,50,100.0,0.38896786407369155,0.24885248353913056,1.563045940076096,0.7067410532511308,1.4149453967614127e-45,1.0069132395299139e-51,2023-05-31,2023-12-02,0.5293926219134936,1.0
shm_pp,50,110.0,0.06845603835621897,0.03195233684137001,2.1424423101219343,0.09074463662949084,1.101993503024302e-44,2.6702233264408145e-64,2023-05-31,2023-12-02,0.8820534807230075,1.0
shm_pp,50,120.0,0.0013493186791793384,0.00029879566600198466,4.515857600057612,0.0008485796914456363,1.1784397035196596e-42,2.0407304035862435e-89,2023-05-31,2023-01-01,1.0,0.4657534246575342
shm_pp,50,130.0,0.0,0.0,0.0,0.0,,0.0,,,,0.0
shm_pp,50,140.0,0.0,0.0,0.0,0.0,,0.0,,,,0.0
shm_pp,50,150.0,0.0,0.0,0.0,0.0,,0.0,,,,0.0
shm_pp,50,160.0,0.0,0.0,0.0,0.0,,0.0,,,,0.0
shm_pp,50,170.0,0.0,0.0,0.0,0.0,,0.0,,,,0.0
shm_pp,50,180.0,0.0,0.0,0.0,0.0,,0.0,,,,0.0
shm_pp,50,190.0,0.0,0.0,0.0,0.0,,0.0,,,,0.0
shm_pp,50,200.0,0.0,0.0,0.0,0.0,,0.0,,,,0.0
shm_pp,50,210.0,0.0,0.0,0.0,0.0,,0.0,,,,0.0
shm_pp,50,220.0,0.0,0.0,0.0,0.0,,0.0,,,,0.0
shm_pp,50,230.0,0.0,0.0,0.0,0.0,,0.0,,,,0.0
shm_pp,50,240.0,0.0,0.0,0.0,0.0,,0.0,,,,0.0
shm_pp,50,250.0,0.0,0.0,0.0,0.0,,0.0,,,,0.0
shm_pp,50,260.0,0.0,0.0,0.0,0.0,,0.0,,,,0.0
shm_pp,50,270.0,0.0,0.0,0.0,0.0,,0.0,,,,0.0
shm_pp,50,280.0,0.0,0.0,0.0,0.0,,0.0,,,,0.0
shm_pp,50,290.0,0.0,0.0,0.0,0.0,,0.0,,,,0.0
shm_pp,50,300.0,0.0,0.0,0.0,0.0,,0.0,,,,0.0
shm_pp,50,310.0,0.0,0.0,0.0,0.0,,0.0,,,,0.0
shm_pp,50,320.0,0.0,0.0,0.0,0.0,,0.0,,,,0.0
shm_pp,50,330.0,0.0,0.0,0.0,0.0,,0.0,,,,0.0
shm_pp,50,340.0,0.0,0.0,0.0,0.0,,0.0,,,,0.0
shm_pp,50,350.0,0.0,0.0,0.0,0.0,,0.0,,,,0.0
shm_pp,50,360.0,0.0,0.0,0.0,0.0,,0.0,,,,0.0
shm_pp,50,370.0,0.0,0.0,0.0,0.0,,0.0,,,,0.0
shm_pp,50,380.0,0.0,0.0,0.0,0.0,,0.0,,,,0.0
shm_pp,50,390.0,0.0,0.0,0.0,0.0,,0.0,,,,0.0
shm_pp,50,400.0,0.0,0.0,0.0,0.0,,0.0,,,,0.0
shm_pp,50,410.0,0.0,0.0,0.0,0.0,,0.0,,,,0.0
shm_pp,50,420.0,0.0,0.0,0.0,0.0,,0.0,,,,0.0
shm_pp,50,430.0,0.0,0.0,0.0,0.0,,0.0,,,,0.0
shm_pp,50,440.0,0.0,0.0,0.0,0.0,,0.0,,,,0.0
shm_pp,50,450.0,0.0,0.0,0.0,0.0,,0.0,,,,0.0
shm_pp,50,460.0,0.0,0.0,0.0,0.0,,0.0,,,,0.0
shm_pp,100,0.0,264.16339984432284,265.58249548481575,0.9946566672705505,754.2542871768767,1.3258128153874114e-48,2.364342310309342e-07,2023-12-02,2023-05-31,0.005355420855161729,1.0
shm_pp,100,10.0,225.69475309013217,223.55135321501652,1.0095879530331184,634.8858431306469,1.5750863101135804e-48,2.123867695490409e-07,2023-06-05,2023-12-02,0.010234529598875684,1.0
shm_pp,100,20.0,180.74254714781705,175.74738067617213,1.0284224234377006,499.12256112032884,2.003515925538215e-48,2.0057630258670218e-07,2023-06-05,2023-12-02,0.029644553314480068,1.0
shm_pp,100,30.0,134.59472723314826,128.37457936970347,1.0484531119321647,364.58380540995785,2.7428535913040506e-48,2.000984722066124e-07,2023-06-05,2023-12-02,0.05017258187262161,1.0
shm_pp,100,40.0,93.67425016127113,87.78933581921017,1.0670345012540035,249.32171372655685,4.0108821051051665e-48,2.0888086368843152e-07,2023-06-05,2023-12-02,0.06936523770171665,1.0
shm_pp,100,50.0,61.64143039435724,56.84836592185025,1.0843131441824738,161.4493592180547,6.193892653667287e-48,2.2416457941790997e-07,2023-05-31,2023-12-02,0.08744904549613257,1.0
shm_pp,100,60.0,38.69568966641847,35.12319248263292,1.1017133390010605,99.7498666506775,1.0025076058517297e-47,2.4305719281779743e-07,2023-05-31,2023-12-02,0.10589081458473838,1.0
shm_pp,100,70.0,23.283941975066952,20.781753847744852,1.120403126014007,59.020180927595376,1.6943357073519944e-47,2.618384274849255e-07,2023-05-31,2023-12-02,0.12592689391084683,1.0
shm_pp,100,80.0,13.455042825364293,11.790273278532478,1.141198554732654,33.48437611103223,2.98646746973591e-47,2.748144844333504e-07,2023-05-31,2023-12-02,0.14872269470211202,1.0
shm_pp,100,90.0,7.470868746782013,6.415016532112353,1.164590723871757,18.21864695119908,5.488881818055012e-47,2.735979031234488e-07,2023-05-31,2023-12-02,0.17492102115735117,1.0
shm_pp,100,100.0,3.988598202096884,3.346759221699131,1.1917792520705732,9.504796189625532,1.052100413359203e-46,2.484735448134838e-07,2023-05-26,2023-12-02,0.20444748213507952,1.0
shm_pp,100,110.0,2.0478281735351116,1.6714606450673506,1.2251728328623588,4.746948231991276,2.106616611617259e-46,1.9462866228798586e-07,2023-05-31,2023-12-02,0.2371369310574599,1.0
shm_pp,100,120.0,1.0072973658397655,0.7939530850992962,1.2687114449763581,2.254826761682001,4.43493050993436e-46,1.217464761060158e-07,2023-05-31,2023-12-02,0.27587059444229767,1.0
shm_pp,100,130.0,0.4682829695781939,0.3525166025011647,1.3283997583536415,1.0011471511033077,9.98854163344476e-46,5.488014164834698e-08,2023-05-31,2023-12-02,0.3279355466016207,1.0
shm_pp,100,140.0,0.20013564728007924,0.1414366993983335,1.4150192144715543,0.40168022629126715,2.4895425130409033e-45,1.543873251138024e-08,2023-05-31,2023-12-02,0.40313408894889435,1.0
shm_pp,100,150.0,0.07516017348998294,0.04843766492658858,1.5516886209088445,0.13756296839151155,7.269398237714285e-45,2.1714010741203816e-09,2023-05-31,2023-12-02,0.5153723893353512,1.0
shm_pp,100,160.0,0.02292149911377009,0.012778240517999126,1.7937914912059614,0.036290203071117515,2.7555646300471534e-44,1.0562774765813244e-10,2023-05-31,2023-12-02,0.68586157047189,1.0
shm_pp,100,170.0,0.00480010152083628,0.0020972135293418973,2.288799616099437,0.005956086423330988,1.678954818524514e-43,9.085661279413066e-13,2023-05-31,2023-12-02,0.9128023759400749,1.0
shm_pp,100,180.0,0.0004223531680769405,0.00012629299695892383,3.344232683102047,0.00035867211136334366,2.7880617653792865e-42,3.464803637375521e-16,2023-05-31,2023-12-02,0.9999996794822754,0.7123287671232876
shm_pp,100,190.0,7.920005277642837e-07,1.4197523757954453e-07,5.578441292063689,4.0320967472590645e-07,2.480099220535269e-39,4.23595708343575e-23,2023-05-31,2023-01-01,1.0,0.3424657534246575
shm_pp,100,200.0,0.0,0.0,0.0,0.0,,0.0,,,,0.0
shm_pp,100,210.0,0.0,0.0,0.0,0.0,,0.0,,,,0.0
shm_pp,100,220.0,0.0,0.0,0.0,0.0,,0.0,,,,0.0
shm_pp,100,230.0,0.0,0.0,0.0,0.0,,0.0,,,,0.0
shm_pp,100,240.0,0.0,0.0,0.0,0.0,,0.0,,,,0.0
shm_pp,100,250.0,0.0,0.0,0.0,0.0,,0.0,,,,0.0
shm_pp,100,260.0,0.0,0.0,0.0,0.0,,0.0,,,,0.0
shm_pp,100,270.0,0.0,0.0,0.0,0.0,,0.0,,,,0.0
shm_pp,100,280.0,0.0,0.0,0.0,0.0,,0.0,,,,0.0
shm_pp,100,290.0,0.0,0.0,0.0,0.0,,0.0,,,,0.0
shm_pp,100,300.0,0.0,0.0,0.0,0.0,,0.0,,,,0.0
shm_pp,100,310.0,0.0,0.0,0.0,0.0,,0.0,,,,0.0
shm_pp,100,320.0,0.0,0.0,0.0,0.0,,0.0,,,,0.0
shm_pp,100,330.0,0.0,0.0,0.0,0.0,,0.0,,,,0.0
shm_pp,100,340.0,0.0,0.0,0.0,0.0,,0.0,,,,0.0
shm_pp,100,350.0,0.0,0.0,0.0,0.0,,0.0,,,,0.0
shm_pp,100,360.0,0.0,0.0,0.0,0.0,,0.0,,,,0.0
shm_pp,100,370.0,0.0,0.0,0.0,0.0,,0.0,,,,0.0
shm_pp,100,380.0,0.0,0.0,0.0,0.0,,0.0,,,,0.0
shm_pp,100,390.0,0.0,0.0,0.0,0.0,,0.0,,,,0.0
shm_pp,100,400.0,0.0,0.0,0.0,0.0,,0.0,,,,0.0
shm_pp,100,410.0,0.0,0.0,0.0,0.0,,0.0,,,,0.0
shm_pp,100,420.0,0.0,0.0,0.0,0.0,,0.0,,,,0.0
shm_pp,100,430.0,0.0,0.0,0.0,0.0,,0.0,,,,0.0
shm_pp,100,440.0,0.0,0.0,0.0,0.0,,0.0,,,,0.0
shm_pp,100,450.0,0.0,0.0,0.0,0.0,,0.0,,,,0.0
shm_pp,100,460.0,0.0,0.0,0.0,0.0,,0.0,,,,0.0
shm_pp,200,0.0,151.59227928493715,154.26807643963446,0.9826548874112373,438.12133708856186,2.2824727201037004e-48,2.845922899402168e-06,2023-12-02,2023-06-05,0.017928916884338557,1.0
shm_pp,200,10.0,136.2292670757911,137.0660371463937,0.9938951319522802,389.2675454957581,2.5689272367323444e-48,2.7321864036611026e-06,2023-12-02,2023-05-31,0.006066060357284702,1.0
shm_pp,200,20.0,116.2849402971205,115.18481911434043,1.0095509216512986,327.1248862847268,3.05693648489222e-48,2.744460622638568e-06,2023-06-05,2023-12-02,0.010243950934112076,1.0
shm_pp,200,30.0,93.29882300492368,90.76949331160944,1.0278654160228824,257.7853610049708,3.8791962278289234e-48,2.913781903255991e-06,2023-06-05,2023-12-02,0.029069376878057867,1.0
shm_pp,200,40.0,70.32353262957184,67.22506801661277,1.0460909107922862,190.91919316718025,5.237818070623943e-48,3.269989908620602e-06,2023-06-05,2023-12-02,0.047742503411136304,1.0
shm_pp,200,50.0,50.257243031661964,47.297129877075854,1.062585471090516,134.32384885089542,7.44469436034429e-48,3.841601642193852e-06,2023-06-05,2023-12-02,0.06476415323895793,1.0
shm_pp,200,60.0,34.43272954747977,31.951712173003063,1.077648964820514,90.7428625713287,1.102015047424746e-47,4.670197415138919e-06,2023-05-31,2023-12-02,0.08048220547648591,1.0
shm_pp,200,70.0,22.81092229372169,20.887500810272094,1.092084807125594,59.320502301172745,1.6857578092022164e-47,5.822161491088202e-06,2023-05-31,2023-12-02,0.0957426581897186,1.0
shm_pp,200,80.0,14.69621768451603,13.279583655045707,1.1066775936858577,37.71401758032981,2.651534002894356e-47,7.397627216522206e-06,2023-05-31,2023-12-02,0.11127934999769284,1.0
shm_pp,200,90.0,9.235239450454678,8.231211542492188,1.121978144138244,23.376640780677814,4.277774592945619e-47,9.548788515147601e-06,2023-05-31,2023-12-02,0.12773820748213524,1.0
shm_pp,200,100.0,5.668649027976054,4.979065966966242,1.1384964701381486,14.140547346184125,7.071862039837188e-47,1.2501813130716005e-05,2023-05-31,2023-12-02,0.14567984290175023,1.0
shm_pp,200,110.0,3.399926968369675,2.9395419027561243,1.1566179632213753,8.348299003827393,1.1978488067348046e-46,1.65940209044721e-05,2023-05-31,2023-12-02,0.16549623522379445,1.0
shm_pp,200,120.0,1.9932754902425087,1.693979236089405,1.1766823629102072,4.81090103049391,2.0786127040683173e-46,2.2317492704213136e-05,2023-05-31,2023-12-02,0.1872950350769893,1.0
shm_pp,200,130.0,1.14320794384013,0.9532681018275997,1.1992512302135976,2.707281409190383,3.693742352033702e-46,3.0371192643756342e-05,2023-05-31,2023-12-02,0.21092899927239897,1.0
shm_pp,200,140.0,0.6419622324243808,0.5238934277196404,1.2253679822223775,1.4878573347237787,6.721074505343286e-46,4.1737200557734906e-05,2023-05-31,2023-12-02,0.2365082936234633,1.0
shm_pp,200,150.0,0.3529014923694415,0.28091955042208516,1.256236854427549,0.7978115231987218,1.2534288750187884e-45,5.781012561694252e-05,2023-05-31,2023-12-02,0.2647463715387857,1.0
shm_pp,200,160.0,0.18965131260026755,0.1466909287862153,1.2928632613449595,0.4166022377528515,2.4003711679370482e-45,8.05654491418011e-05,2023-05-31,2023-12-02,0.2969323298950639,1.0
shm_pp,200,170.0,0.09945938157973767,0.07446054499369477,1.33573265664601,0.21146794778209313,4.7288490312037675e-45,0.00011267485241423189,2023-05-31,2023-12-02,0.3340188961691602,1.0
shm_pp,200,180.0,0.05090867946337374,0.03677435845451582,1.384352619674926,0.10443917801082493,9.574950885733243e-45,0.000157171864012118,2023-05-31,2023-12-02,0.3754699465918056,1.0
shm_pp,200,190.0,0.025564581165309495,0.017794710757148554,1.436639320200223,0.05053697855030189,1.978749083712339e-44,0.00021574344383527657,2023-05-31,2023-12-02,0.4188684097372408,1.0
shm_pp,200,200.0,0.012743445233824922,0.00855266079086447,1.4899977381818816,0.02428955664605509,4.1169956890193453e-44,0.00028452248177743506,2023-05-31,2023-12-02,0.4619163389449769,1.0
shm_pp,200,210.0,0.006392522857977249,0.004126661525831489,1.5490785512604421,0.011719718733361428,8.53262798153503e-44,0.00034881505876872175,2023-05-31,2023-12-02,0.5098309947732292,1.0
shm_pp,200,220.0,0.0032215925778828515,0.001961740091220661,1.642211724325962,0.005571341859066677,1.794899730255508e-43,0.00038506653212538503,2023-05-31,2023-12-02,0.5862203719828186,1.0
shm_pp,200,230.0,0.0015596276129413538,0.0008473409502299636,1.8406139966657806,0.0024064482986530964,4.155501701655946e-43,0.0003747096610138552,2023-05-31,2023-12-02,0.7319341905093406,1.0
shm_pp,200,240.0,0.0006429639298934984,0.00028123884955275427,2.2861846111089728,0.0007987183327298221,1.2520058185997144e-42,0.0003101713590592848,2023-05-31,2023-12-02,0.9394540891171593,1.0
shm_pp,200,250.0,0.00016903251787287108,5.401330382975758e-05,3.129460815906356,0.00015339778287651152,6.518999044497412e-42,0.00018559253322720257,2023-05-31,2023-11-17,1.0,0.7671232876712328
shm_pp,200,260.0,1.0366628828413366e-05,2.2746734870610826e-06,4.5574140145305995,6.460072703253475e-06,1.5479701946641743e-40,6.345051597947683e-05,2023-05-31,2023-01-01,1.0,0.4657534246575342
shm_pp,200,270.0,0.0,0.0,0.0,0.0,,0.0,,,,0.0
shm_pp,200,280.0,0.0,0.0,0.0,0.0,,0.0,,,,0.0
shm_pp,200,290.0,0.0,0.0,0.0,0.0,,0.0,,,,0.0
shm_pp,200,300.0,0.0,0.0,0.0,0.0,,0.0,,,,0.0
shm_pp,200,310.0,0.0,0.0,0.0,0.0,,0.0,,,,0.0
shm_pp,200,320.0,0.0,0.0,0.0,0.0,,0.0,,,,0.0
shm_pp,200,330.0,0.0,0.0,0.0,0.0,,0.0,,,,0.0
shm_pp,200,340.0,0.0,0.0,0.0,0.0,,0.0,,,,0.0
shm_pp,200,350.0,0.0,0.0,0.0,0.0,,0.0,,,,0.0
shm_pp,200,360.0,0.0,0.0,0.0,0.0,,0.0,,,,0.0
shm_pp,200,370.0,0.0,0.0,0.0,0.0,,0.0,,,,0.0
shm_pp,200,380.0,0.0,0.0,0.0,0.0,,0.0,,,,0.0
shm_pp,200,390.0,0.0,0.0,0.0,0.0,,0.0,,,,0.0
shm_pp,200,400.0,0.0,0.0,0.0,0.0,,0.0,,,,0.0
shm_pp,200,410.0,0.0,0.0,0.0,0.0,,0.0,,,,0.0
shm_pp,200,420.0,0.0,0.0,0.0,0.0,,0.0,,,,0.0
shm_pp,200,430.0,0.0,0.0,0.0,0.0,,0.0,,,,0.0
shm_pp,200,440.0,0.0,0.0,0.0,0.0,,0.0,,,,0.0
shm_pp,200,450.0,0.0,0.0,0.0,0.0,,0.0,,,,0.0
shm_pp,200,460.0,0.0,0.0,0.0,0.0,,0.0,,,,0.0
shm_pp,500,0.0,64.34992343889618,65.88019988226807,0.9767718305939177,187.0997676656413,5.344742072513211e-48,7.284024557267618e-06,2023-12-02,2023-06-05,0.024164157497603797,1.0
shm_pp,500,10.0,59.337113438573006,60.20525644141104,0.9855802789631356,170.98292829360733,5.84853710238736e-48,7.114690151196936e-06,2023-12-02,2023-05-31,0.014787703481594137,1.0
shm_pp,500,20.0,52.358410834613515,52.42543803798723,0.9987214755683081,148.88824402788373,6.716447000427519e-48,7.225384054147064e-06,2023-09-28,2023-05-26,0.0011572704168381885,1.0
shm_pp,500,30.0,43.7653568473752,43.1116060040796,1.0151641496081993,122.43696105158605,8.167468315214655e-48,7.707060269576303e-06,2023-06-05,2023-12-02,0.016032355356986782,1.0
shm_pp,500,40.0,34.53321010570714,33.44899760409733,1.032413901141151,94.9951531956364,1.0526852858909174e-47,8.664728154658877e-06,2023-06-05,2023-12-02,0.03372774705738431,1.0
shm_pp,500,50.0,25.891344254009958,24.691345881428266,1.0485999579911227,70.12342230325628,1.4260570393660944e-47,1.0199766448228593e-05,2023-06-05,2023-12-02,0.05034539533163624,1.0
shm_pp,500,60.0,18.63608179623338,17.528493273977357,1.0631878909923387,49.780920898095694,2.0088017295763881e-47,1.2441850548452189e-05,2023-06-05,2023-12-02,0.0654289081083164,1.0
shm_pp,500,70.0,12.996907534836522,12.072960428820496,1.0765302852985739,34.28720761785021,2.916539635264412e-47,1.558033771071823e-05,2023-05-31,2023-12-02,0.07936857440191634,1.0
shm_pp,500,80.0,8.844588339258115,8.120272576422254,1.089198454364569,23.0615741170392,4.3362174451966108e-47,1.9884577773345326e-05,2023-05-31,2023-12-02,0.09272540157540049,1.0
shm_pp,500,90.0,5.899802002585651,5.3552420841981725,1.101687264520557,15.20888751912281,6.575102871545703e-47,2.57409665863403e-05,2023-05-31,2023-12-02,0.10600414774664438,1.0
shm_pp,500,100.0,3.8685759853021375,3.4714259756045984,1.1144054381365196,9.85884977071706,1.0143171092536766e-46,3.3692570812957043e-05,2023-05-31,2023-12-02,0.11961916328536135,1.0
shm_pp,500,110.0,2.497922506084491,2.2151592954457247,1.1276491542708085,6.291052399065857,1.5895591652495018e-46,4.4495781463623446e-05,2023-05-31,2023-12-02,0.13385312902922916,1.0
shm_pp,500,120.0,1.5904248664442715,1.3931949265935812,1.1415666509301219,3.9566735915257705,2.5273755261029264e-46,5.918260689957472e-05,2023-05-31,2023-12-02,0.14886726956135926,1.0
shm_pp,500,130.0,1.0000159031309381,0.8649104472507516,1.1562074505050084,2.4563456701921345,4.071088251686418e-46,7.912111001042857e-05,2023-05-31,2023-12-02,0.16465322552214684,1.0
shm_pp,500,140.0,0.6222173243051591,0.5310841885519053,1.1715982846368376,1.508279095487411,6.630072663553312e-46,0.00010604927242196198,2023-05-31,2023-12-02,0.18105327934829746,1.0
shm_pp,500,150.0,0.3841077060807175,0.3233997102317577,1.187718151650336,0.9184551770581918,1.0887847605181952e-45,0.00014206642351636574,2023-05-31,2023-12-02,0.19774937311079474,1.0
shm_pp,500,160.0,0.23602565429744646,0.19597410790527445,1.2043716224570402,0.5565664664509794,1.7967305978325175e-45,0.0001895156216721844,2023-05-31,2023-12-02,0.2143155695455099,1.0
shm_pp,500,170.0,0.14492046611877768,0.11867858971683917,1.2211171911003513,0.33704719479582324,2.966943548086139e-45,0.00025071424245866873,2023-05-31,2023-12-02,0.23038542428025416,1.0
shm_pp,500,180.0,0.08928825759276532,0.0721718950496009,1.2371610518388219,0.20496818194086655,4.878806020187565e-45,0.00032749873534010637,2023-05-31,2023-12-02,0.24558360673035098,1.0
shm_pp,500,190.0,0.055458935961106855,0.0443152822565517,1.2514629973480005,0.12585540160860684,7.945626387255621e-45,0.0004204410541225052,2023-05-31,2023-12-02,0.2592574514243981,1.0
shm_pp,500,200.0,0.03490693908691846,0.02763282378095682,1.2632418374474854,0.07847721953791736,1.274255135296729e-44,0.000527680122022504,2023-05-31,2023-12-02,0.2705057324483513,1.0
shm_pp,500,210.0,0.02237871566966338,0.017582809685973345,1.2727610700078247,0.0499351795081643,2.0025961853937103e-44,0.0006438695544645957,2023-05-31,2023-12-02,0.2790347839423882,1.0
shm_pp,500,220.0,0.014657887334829903,0.011434145022713728,1.2819399531589173,0.03247297186450698,3.079484083478672e-44,0.0007606679482075656,2023-05-31,2023-12-02,0.2864353921562626,1.0
shm_pp,500,230.0,0.009792049738629766,0.007565336258145384,1.2943310653359184,0.02148555497313289,4.654289829843693e-44,0.0008698903033253184,2023-05-31,2023-12-02,0.2965494875425505,1.0
shm_pp,500,240.0,0.006617188452448645,0.005033817271821679,1.31454681310948,0.014296041051973568,6.994943539714793e-44,0.0009679950369446181,2023-05-31,2023-12-02,0.31442450633776203,1.0
shm_pp,500,250.0,0.004459785607671355,0.0033090276010636307,1.347763193706161,0.00939763838702071,1.0640971261259876e-43,0.0010586630714088778,2023-05-31,2023-12-02,0.34501188198425764,1.0
shm_pp,500,260.0,0.0029432642805567013,0.0021023414532109178,1.3999934577998439,0.005970649727119006,1.6748595977049988e-43,0.001152478172213863,2023-05-31,2023-12-02,0.3928788365220783,1.0
shm_pp,500,270.0,0.001861804869321634,0.0012584576884777177,1.479433823137709,0.003574019835276718,2.797969922073964e-43,0.0012659101400532783,2023-05-31,2023-12-02,0.46282345484761656,1.0
shm_pp,500,280.0,0.0011007091973475598,0.0006883170977093091,1.5991309833951162,0.0019548205574944377,5.115559053060784e-43,0.0014227615618604716,2023-05-31,2023-12-02,0.5602584301253352,1.0
shm_pp,500,290.0,0.0005886530291299503,0.0003303927700803403,1.7816764845877524,0.0009383154670281665,1.0657396527494114e-42,0.001660968946633131,2023-05-31,2023-12-02,0.6890977674233956,1.0
shm_pp,500,300.0,0.0002713950225223562,0.00013137152018817143,2.065858887326725,0.00037309511733440683,2.6802816588556302e-42,0.0020507292115825053,2023-05-31,2023-12-02,0.8405274477251267,1.0
shm_pp,500,310.0,9.941394455485494e-05,3.970368232762627e-05,2.503897339660145,0.00011275845781045859,8.868514339571322e-42,0.002741169930330186,2023-05-31,2023-12-02,0.9633097838046036,1.0
shm_pp,500,320.0,2.4605029943515423e-05,7.863274519135147e-06,3.1291073310030693,2.2331699634343817e-05,4.4779395047124165e-41,0.004075238458162864,2023-05-31,2023-12-02,0.9986009096212656,0.9041095890410958
shm_pp,500,330.0,2.823928280306777e-06,7.095091041484472e-07,3.980115637411102,2.01500585578159e-06,4.962764734061357e-40,0.006546915003618689,2023-05-31,2023-01-01,1.0,0.6164383561643836
shm_pp,500,340.0,7.056266815288514e-08,1.4043754894418223e-08,5.024487302959888,3.988426390014775e-08,2.507254496418813e-38,0.009908674623313088,2023-05-31,2023-01-01,1.0,0.410958904109589
shm_pp,500,350.0,8.524942390150638e-13,3.2862098882800907e-13,2.594156392917542,9.332836082715457e-13,1.0714856568112387e-33,0.007871334657030167,2023-05-31,2023-01-01,1.0,0.1506849315068493
shm_pp,500,360.0,0.0,0.0,0.0,0.0,,0.0,,,,0.0
shm_pp,500,370.0,0.0,0.0,0.0,0.0,,0.0,,,,0.0
shm_pp,500,380.0,0.0,0.0,0.0,0.0,,0.0,,,,0.0
shm_pp,500,390.0,0.0,0.0,0.0,0.0,,0.0,,,,0.0
shm_pp,500,400.0,0.0,0.0,0.0,0.0,,0.0,,,,0.0
shm_pp,500,410.0,0.0,0.0,0.0,0.0,,0.0,,,,0.0
shm_pp,500,420.0,0.0,0.0,0.0,0.0,,0.0,,,,0.0
shm_pp,500,430.0,0.0,0.0,0.0,0.0,,0.0,,,,0.0
shm_pp,500,440.0,0.0,0.0,0.0,0.0,,0.0,,,,0.0
shm_pp,500,450.0,0.0,0.0,0.0,0.0,,0.0,,,,0.0
shm_pp,500,460.0,0.0,0.0,0.0,0.0,,0.0,,,,0.0
shm_pp,1000,0.0,32.694205389219874,33.529832013564544,0.9750781147962025,95.2247229185233,1.0501474505267141e-47,9.282486525761216e-06,2023-12-02,2023-06-05,0.025967801338991087,1.0
shm_pp,1000,10.0,30.384212968646892,30.907006999762796,0.9830849350401378,87.77589987932633,1.1392648795111104e-47,9.121683961222077e-06,2023-12-02,2023-06-05,0.017422972068369,1.0
shm_pp,1000,20.0,27.081196536708923,27.208123366501216,0.9953349656614477,77.27107036086345,1.2941453966276153e-47,9.298469395089514e-06,2023-12-02,2023-05-31,0.0045259931604775625,1.0
shm_pp,1000,30.0,22.924710512612677,22.674881564099643,1.0110178722568757,64.39666364204298,1.5528754805662398e-47,9.929208961611338e-06,2023-06-05,2023-12-02,0.011757111231247423,1.0
shm_pp,1000,40.0,18.354786459558778,17.858403932931857,1.027795458569036,50.71786716952647,1.9716917445630364e-47,1.1153374031241702e-05,2023-06-05,2023-12-02,0.028996309915958342,1.0
shm_pp,1000,50.0,13.976766205771154,13.3910592170668,1.0437386601918597,38.03060817646971,2.629460973539518e-47,1.31067502503511e-05,2023-06-05,2023-12-02,0.04535262333374688,1.0
shm_pp,1000,60.0,10.222840971953955,9.660660883028605,1.058192715356872,27.436276907801236,3.644809400927353e-47,1.5954685389116003e-05,2023-06-05,2023-12-02,0.06026607640517656,1.0
shm_pp,1000,70.0,7.248113739517204,6.76565920401231,1.0713093167948482,19.214472139394957,5.2044104711558785e-47,1.993406265298515e-05,2023-06-05,2023-12-02,0.07391687506234813,1.0
shm_pp,1000,80.0,5.017944716326486,4.630975360034181,1.0835610916075893,13.151970022497075,7.603423656603932e-47,2.537662696591693e-05,2023-05-31,2023-12-02,0.08678654971558178,1.0
shm_pp,1000,90.0,3.4088499051353445,3.1119693219485964,1.0953995854306342,8.837992874334013,1.1314786221474014e-46,3.275103911956605e-05,2023-05-31,2023-12-02,0.09932831197608953,1.0
shm_pp,1000,100.0,2.2796833177490377,2.058966565714012,1.1071978320145694,5.847465046627794,1.7101427576325496e-46,4.270714135098814e-05,2023-05-31,2023-12-02,0.11191728521139593,1.0
shm_pp,1000,110.0,1.5040632877267126,1.3438390415447983,1.1192287478102512,3.8165028779872268,2.620199779666842e-46,5.6134551233467795e-05,2023-05-31,2023-12-02,0.12480288865932027,1.0
shm_pp,1000,120.0,0.980700833651554,0.86663594625213,1.131617997029446,2.461246087356049,4.062982588930116e-46,7.422400448032415e-05,2023-05-31,2023-12-02,0.13811749889381184,1.0
shm_pp,1000,130.0,0.6330847085119894,0.5532131868509428,1.1443774724816296,1.5711254506566774,6.364864114333033e-46,9.851959224640271e-05,2023-05-31,2023-12-02,0.15184872266990365,1.0
shm_pp,1000,140.0,0.40551872802327144,0.3503550671062609,1.1574507295488312,0.9950083905817809,1.0050166505784945e-45,0.00013092511011100183,2023-05-31,2023-12-02,0.1658370437446275,1.0
shm_pp,1000,150.0,0.2584693377081349,0.2207785746141038,1.1707174854258857,0.6270111519040548,1.5948679652080894e-45,0.00017362844442102038,2023-05-31,2023-12-02,0.17976631227124884,1.0
shm_pp,1000,160.0,0.16450538103888598,0.13895029344761942,1.1839153193361205,0.3946188333912391,2.534090913518475e-45,0.00022886210827853987,2023-05-31,2023-12-02,0.1931631387184583,1.0
shm_pp,1000,170.0,0.10498032870451551,0.0877273184643843,1.1966663354372975,0.24914558443885138,4.0137175308657066e-45,0.00029845229233834087,2023-05-31,2023-12-02,0.20559666222462675,1.0
shm_pp,1000,180.0,0.06745941020492201,0.05582238432254119,1.2084652245440144,0.15853557147601696,6.307732647567228e-45,0.0003832372347300737,2023-05-31,2023-12-02,0.2168365769394581,1.0
shm_pp,1000,190.0,0.043820850963920285,0.035956190658926815,1.2187289632429656,0.10211558147135215,9.792824812739702e-45,0.000482494991956675,2023-05-31,2023-12-02,0.22683767206572747,1.0
shm_pp,1000,200.0,0.028869166013240632,0.023527703448117505,1.2270286420815333,0.06681867779265371,1.4965875306648818e-44,0.0005935274087353519,2023-05-31,2023-12-02,0.2355532705771668,1.0
shm_pp,1000,210.0,0.019335631644294134,0.015675321167330968,1.233507845733435,0.044517912115219944,2.2462868371091384e-44,0.0007115785924058627,2023-05-31,2023-12-02,0.2428958243363915,1.0
shm_pp,1000,220.0,0.013181970813077303,0.010637011032424898,1.2392551603918225,0.03020911133208671,3.310259573699696e-44,0.0008304317554774436,2023-05-31,2023-12-02,0.24916425448670768,1.0
shm_pp,1000,230.0,0.009139690337558345,0.007333465923742299,1.2462988759473668,0.020827043223428127,4.801449679016896e-44,0.000944031975026897,2023-05-31,2023-12-02,0.2556698075903236,1.0
shm_pp,1000,240.0,0.006419540650366809,0.005106269167894014,1.2571880641800224,0.014501804436819,6.895693597005588e-44,0.001048890565147355,2023-05-31,2023-12-02,0.26487629135930063,1.0
shm_pp,1000,250.0,0.004534006612322108,0.0035574603615454,1.274506572534932,0.010103187426788935,9.897866462899292e-44,0.0011460347903056928,2023-05-31,2023-12-02,0.27980186493254644,1.0
shm_pp,1000,260.0,0.003187035176678961,0.0024501786198266634,1.300735852843425,0.006958507280307724,1.4370898236033423e-43,0.0012413978861737086,2023-05-31,2023-12-02,0.30328206800146645,1.0
shm_pp,1000,270.0,0.0022026222951173203,0.0016455167045889164,1.3385596688108858,0.004673267441032522,2.13983045613811e-43,0.0013450173502360743,2023-05-31,2023-12-02,0.33773563760041303,1.0
shm_pp,1000,280.0,0.0014770141547800909,0.0010614810978927791,1.3914653381131474,0.003014606318015493,3.3171827247356704e-43,0.001470477069145668,2023-05-31,2023-12-02,0.3854605485697742,1.0
shm_pp,1000,290.0,0.0009471898679764769,0.0006467305861842038,1.4645818339364816,0.0018367148647631386,5.444503222490984e-43,0.0016359205879872439,2023-05-31,2023-12-02,0.4490590023969604,1.0
shm_pp,1000,300.0,0.0005712351831066262,0.0003647947304543008,1.5659085381941584,0.0010360170344902143,9.652350943168257e-43,0.0018676056508802185,2023-05-31,2023-12-02,0.5315133837520492,1.0
shm_pp,1000,310.0,0.0003171640864260463,0.00018566465265091003,1.708263161014196,0.0005272876135285845,1.8964981811502188e-42,0.002207608515404331,2023-05-31,2023-12-02,0.6351984060367958,1.0
shm_pp,1000,320.0,0.0001573870943621227,8.230952616444764e-05,1.912137047754063,0.00023375905430703128,4.277909161484492e-42,0.0027295322030264483,2023-05-31,2023-12-02,0.7580800601212089,1.0
shm_pp,1000,330.0,6.67081105425059e-05,3.0213709020806168e-05,2.207875587090895,8.580693361908951e-05,1.165406987317782e-41,0.003570992348188618,2023-05-31,2023-12-02,0.8839657596348968,1.0
shm_pp,1000,340.0,2.2373472302179456e-05,8.51138080129602e-06,2.6286536608458015,2.41723214756807e-05,4.1369630178304573e-41,0.004994052823921968,2023-05-31,2023-12-02,0.9721907486600546,1.0
shm_pp,1000,350.0,5.143319003931478e-06,1.6098967374433849e-06,3.1948129866387487,4.572106734339213e-06,2.1871755365845055e-40,0.007404254222913349,2023-05-31,2023-12-02,0.9981145000276956,0.958904109589041
shm_pp,1000,360.0,6.01388534111518e-07,1.532370539267682e-07,3.9245634048728246,4.3519323315202166e-07,2.2978298461977235e-39,0.010664805066591062,2023-05-31,2023-12-02,0.9999949576550113,0.6575342465753424
shm_pp,1000,370.0,2.106395278217409e-08,4.502368299354177e-09,4.67841619824738,1.2786725970165863e-08,7.820610235436433e-38,0.013371670130542766,2023-05-31,2023-01-01,1.0,0.5342465753424658
shm_pp,1000,380.0,1.9400940077157024e-10,3.714035587611959e-11,5.223681792890787,1.0547861068817962e-10,9.480595103364062e-36,0.007646022187182136,2023-05-31,2023-01-01,1.0,0.3424657534246575
shm_pp,1000,390.0,0.0,0.0,0.0,0.0,,0.0,,,,0.0
shm_pp,1000,400.0,0.0,0.0,0.0,0.0,,0.0,,,,0.0
shm_pp,1000,410.0,0.0,0.0,0.0,0.0,,0.0,,,,0.0
shm_pp,1000,420.0,0.0,0.0,0.0,0.0,,0.0,,,,0.0
shm_pp,1000,430.0,0.0,0.0,0.0,0.0,,0.0,,,,0.0
shm_pp,1000,440.0,0.0,0.0,0.0,0.0,,0.0,,,,0.0
shm_pp,1000,450.0,0.0,0.0,0.0,0.0,,0.0,,,,0.0
shm_pp,1000,460.0,0.0,0.0,0.0,0.0,,0.0,,,,0.0
shm_pp,3000,0.0,11.00328352872691,11.296698174514626,0.9740265127690444,32.082622815621534,3.116952144925895e-47,1.0695122559435907e-05,2023-12-02,2023-06-05,0.027089464435939764,1.0
shm_pp,3000,10.0,10.277340742196547,10.470983110491646,0.981506763381074,29.737592033796275,3.362747053841874e-47,1.0555487947268992e-05,2023-12-02,2023-06-05,0.019093834746141455,1.0
shm_pp,3000,20.0,9.218974011523667,9.28248885670345,0.9931575630027376,26.3622683530378,3.793300282844466e-47,1.0791558514357828e-05,2023-12-02,2023-05-31,0.0068016073692638524,1.0
shm_pp,3000,30.0,7.867569761129615,7.802784480700805,1.0083028411958639,22.159907925190286,4.512654129141257e-47,1.1537040867002865e-05,2023-06-05,2023-12-02,0.008951277861749275,1.0
shm_pp,3000,40.0,6.359145924237656,6.205715166833019,1.024724105647752,17.624231073805774,5.674006405228436e-47,1.29561775292736e-05,2023-06-05,2023-12-02,0.02584528811418897,1.0
shm_pp,3000,50.0,4.891849544197456,4.701624277367579,1.0404594785988264,13.352612947723925,7.489170875506124e-47,1.521007415359996e-05,2023-06-05,2023-12-02,0.041991118158117166,1.0
shm_pp,3000,60.0,3.6159050940111714,3.428034871052399,1.0548040583090967,9.735619033788812,1.0271560509191678e-46,1.8489260037621653e-05,2023-06-05,2023-12-02,0.056771488064288535,1.0
shm_pp,3000,70.0,2.5916638421039857,2.427135970207745,1.0677868376208681,6.893066155389995,1.450733211399771e-46,2.3062371444769413e-05,2023-06-05,2023-12-02,0.07025668796548705,1.0
shm_pp,3000,80.0,1.8144769368621496,1.6803736571549492,1.0798056308108588,4.772261186320056,2.0954427282114272e-46,2.9301685949787188e-05,2023-05-31,2023-12-02,0.08284441680374179,1.0
shm_pp,3000,90.0,1.2472595074826767,1.142935996589379,1.0912767742066118,3.245938230313836,3.080773351325648e-46,3.7727024374029237e-05,2023-05-31,2023-12-02,0.09496586726552764,1.0
shm_pp,3000,100.0,0.8446896198285495,0.7661251852994057,1.1025477768342005,2.175795526250312,4.596020112806115e-46,4.9051639935962486e-05,2023-05-31,2023-12-02,0.10696493090653258,1.0
shm_pp,3000,110.0,0.5649625725584055,0.5072041105761192,1.1138761709101292,1.4404596740361786,6.942228359631843e-46,6.423932933258752e-05,2023-05-31,2023-12-02,0.11907275136550485,1.0
shm_pp,3000,120.0,0.3739188409017715,0.33226066734344917,1.1253779867818703,0.9436202952553956,1.0597482960339941e-45,8.456146899410404e-05,2023-05-31,2023-12-02,0.1314063253280978,1.0
shm_pp,3000,130.0,0.24536937993168145,0.2157942474525044,1.1370524600554353,0.6128556627651124,1.6317055723824933e-45,0.00011164103527632526,2023-05-31,2023-12-02,0.1439516626521397,1.0
shm_pp,3000,140.0,0.16001629549171517,0.13928802881371033,1.1488158519762506,0.39557800183093733,2.5279464362818166e-45,0.00014744112980603116,2023-05-31,2023-12-02,0.15655459820711115,1.0
shm_pp,3000,150.0,0.10400656970521202,0.0896209868623775,1.1605157825914716,0.2545236026891521,3.928908711940924e-45,0.00019415821022974807,2023-05-31,2023-12-02,0.16891887141867032,1.0
shm_pp,3000,160.0,0.06761527065943722,0.05769835177164346,1.1718752543754214,0.16386331903146742,6.102647047006081e-45,0.00025393511525772605,2023-05-31,2023-12-02,0.1805847377187247,1.0
shm_pp,3000,170.0,0.044147292778219646,0.0373321860981932,1.182553110125964,0.10602340851886868,9.431879374280189e-45,0.0003283437387042446,2023-05-31,2023-12-02,0.19110260037910629,1.0
shm_pp,3000,180.0,0.029071698578493982,0.024385098949114697,1.192191126193869,0.06925368101548574,1.4439665665950538e-44,0.0004177552006429076,2023-05-31,2023-12-02,0.2002389375776771,1.0
shm_pp,3000,190.0,0.019378948307319982,0.016142882105159073,1.2004639680250593,0.04584578517865177,2.1812255938102095e-44,0.0005208283086147628,2023-05-31,2023-12-02,0.2080959176961322,1.0
shm_pp,3000,200.0,0.013109488143273116,0.010859533780648406,1.207187012635304,0.03084107593704147,3.24242903211738e-44,0.0006343745521527476,2023-05-31,2023-12-02,0.21501974016168038,1.0
shm_pp,3000,210.0,0.009010691765510573,0.0074314350445348005,1.2125103309807146,0.021105275526478832,4.738151836707333e-44,0.000753711103070856,2023-05-31,2023-12-02,0.22136893625455997,1.0
shm_pp,3000,220.0,0.006292222446645672,0.005169693834129896,1.217136381482581,0.014681930488928904,6.811093410053009e-44,0.0008734347065538302,2023-05-31,2023-12-02,0.2274354887898951,1.0
shm_pp,3000,230.0,0.004457798317818405,0.0036467888130801217,1.222390038553753,0.010356880229147545,9.655417248001796e-44,0.0009885651981101163,2023-05-31,2023-12-02,0.23370282156311362,1.0
shm_pp,3000,240.0,0.0031947054888099625,0.0025972470480329674,1.2300352757083628,0.007376181616413627,1.355714991852668e-43,0.0010959613730724515,2023-05-31,2023-12-02,0.24123088066709325,1.0
shm_pp,3000,250.0,0.002304843407659509,0.0018558601757636456,1.2419272948249545,0.005270642899168753,1.897301750717569e-43,0.0011956528420636143,2023-05-31,2023-12-02,0.25173604438426644,1.0
shm_pp,3000,260.0,0.001662699494580714,0.0013198535978194567,1.2597605502062323,0.0037483842178072566,2.6678161626264226e-43,0.0012914654795528838,2023-05-31,2023-12-02,0.26726030460476913,1.0
shm_pp,3000,270.0,0.001189398623692326,0.0009255324563298301,1.2850966117480622,0.0026285121759767175,3.8044335846700585e-43,0.001390697662798895,2023-05-31,2023-12-02,0.28975110480581473,1.0
shm_pp,3000,280.0,0.0008358421433170622,0.0006333848970261513,1.3196433120547737,0.0017988131075542698,5.559221220928479e-43,0.0015034430588843654,2023-05-31,2023-12-02,0.32089960542710605,1.0
shm_pp,3000,290.0,0.0005713040686289047,0.000418334135429287,1.3656644778524771,0.001188068944619175,8.417019942563528e-43,0.0016424484549331425,2023-05-31,2023-12-02,0.36228971448400843,1.0
shm_pp,3000,300.0,0.0003757475457440778,0.0002634122414289154,1.4264619734670807,0.0007480907656581198,1.3367361901871192e-42,0.0018242304091842499,2023-05-31,2023-12-02,0.4156617151651093,1.0
shm_pp,3000,310.0,0.00023493419078465826,0.00015589484096209673,1.5070042686132163,0.0004427413483323547,2.2586550900805528e-42,0.002071978596807597,2023-05-31,2023-12-02,0.4830474330270965,1.0
shm_pp,3000,320.0,0.0001375991963714528,8.52073790043495e-05,1.614874180843292,0.00024198895637235257,4.132419987221577e-42,0.0024210695513010427,2023-05-31,2023-12-02,0.566496337913572,1.0
shm_pp,3000,330.0,7.404424460295654e-05,4.2029136773728045e-05,1.7617360309251173,0.00011936274843738764,8.3778231742423e-42,0.0029290960126022304,2023-05-31,2023-12-02,0.6668446653317773,1.0
shm_pp,3000,340.0,3.5617988682392826e-05,1.8123547590878e-05,1.965287894314918,5.1470875158093516e-05,1.9428463124601747e-41,0.0036940360380867602,2023-05-31,2023-12-02,0.780343539241905,1.0
shm_pp,3000,350.0,1.469056577444871e-05,6.528215696714553e-06,2.2503186869027645,1.854013257866933e-05,5.393704687692003e-41,0.0048843129777582555,2023-05-31,2023-12-02,0.891865151793107,1.0
shm_pp,3000,360.0,4.849872574150054e-06,1.834675053410854e-06,2.6434504383398196,5.210477151686825e-06,1.919210027965026e-40,0.006762847036156523,2023-05-31,2023-12-02,0.9703426709627909,1.0
shm_pp,3000,370.0,1.1314965161907962e-06,3.578772488265747e-07,3.1616888748888115,1.0163713866674722e-06,9.83892318416055e-40,0.009532216619114162,2023-05-31,2023-12-02,0.9967368723930319,1.0
shm_pp,3000,380.0,1.4592031317575446e-07,3.827919479854608e-08,3.8120005904956185,1.0871291322787086e-07,9.198539256361578e-39,0.012526518601391196,2023-05-31,2023-12-02,0.9996184249452917,0.7397260273972602
shm_pp,3000,390.0,6.9824303285324115e-09,1.5995780301553237e-09,4.365170186698799,4.542801605641119e-09,2.2012847727231343e-37,0.013935025064915965,2023-05-31,2023-01-01,1.0,0.6301369863013698
shm_pp,3000,400.0,2.0025359856866558e-10,4.511307872270748e-11,4.438925567451213,1.2812114357248923e-10,7.80511297445775e-36,0.007824066977436378,2023-05-31,2023-01-01,1.0,0.4383561643835616
shm_pp,3000,410.0,1.7654518388162505e-13,3.7178061055990565e-14,4.74863881727845,1.055856933990132e-13,9.47098009027562e-33,0.00473500478857092,2023-05-31,2023-01-01,1.0,0.1780821917808219
shm_pp,3000,420.0,0.0,0.0,0.0,0.0,,0.0,,,,0.0
shm_pp,3000,430.0,0.0,0.0,0.0,0.0,,0.0,,,,0.0
shm_pp,3000,440.0,0.0,0.0,0.0,0.0,,0.0,,,,0.0
shm_pp,3000,450.0,0.0,0.0,0.0,0.0,,0.0,,,,0.0
shm_pp,3000,460.0,0.0,0.0,0.0,0.0,,0.0,,,,0.0
shm_pp,10000,0.0,3.311434510969751,3.4009699266273454,0.9736735644274326,9.65875459162166,1.0353301665490443e-46,1.1196161218139486e-05,2023-12-02,2023-06-05,0.02746625903300843,1.0
shm_pp,10000,10.0,3.0982945125244545,3.1583947405499853,0.9809712740292035,8.969841063161958,1.1148469554347823e-46,1.1067131896374655e-05,2023-12-02,2023-06-05,0.01966150858857963,1.0
shm_pp,10000,20.0,2.7853187163596473,2.806614993275791,0.9924121131800527,7.970786580903247,1.254581326259372e-46,1.1327004971858034e-05,2023-12-02,2023-05-31,0.007581856249117412,1.0
shm_pp,10000,30.0,2.3836270080181157,2.3662019278610864,1.0073641560138447,6.720013475125485,1.4880922541324615e-46,1.2115491283286298e-05,2023-06-05,2023-12-02,0.007979928501186723,1.0
shm_pp,10000,40.0,1.93291144947378,1.8882497479576785,1.0236524334582369,5.362629284199807,1.864756907486318e-46,1.3605713803939887e-05,2023-06-05,2023-12-02,0.024744948722059453,1.0
shm_pp,10000,50.0,1.4921613916402627,1.4357263252515209,1.039307676815674,4.077462763714319,2.452505535793198e-46,1.5967983135243756e-05,2023-06-05,2023-12-02,0.04081095597243655,1.0
shm_pp,10000,60.0,1.1070014204879777,1.0506774564847001,1.0536072832396377,2.9839239764165484,3.351291815419906e-46,1.94019425607971e-05,2023-06-05,2023-12-02,0.05553853603421619,1.0
shm_pp,10000,70.0,0.7964226964178983,0.7467318051637092,1.0665444955077215,2.120718326664934,4.715383403002941e-46,2.4187250790342677e-05,2023-06-05,2023-12-02,0.06896792356777781,1.0
shm_pp,10000,80.0,0.5597610095410903,0.5190236779994865,1.078488387463595,1.4740272455185415,6.784135117178342e-46,3.071010544152572e-05,2023-05-31,2023-12-02,0.08146455518111917,1.0
shm_pp,10000,90.0,0.38634327209008096,0.35449476722545664,1.0898419604720677,1.0067651389202967,9.932803206440461e-46,3.950743047546093e-05,2023-05-31,2023-12-02,0.09345071739127318,1.0
shm_pp,10000,100.0,0.26277853508548304,0.2386848864305126,1.100943335857106,0.6778650774626558,1.4752198236013877e-45,5.1313047514848516e-05,2023-05-31,2023-12-02,0.10525938339020173,1.0
shm_pp,10000,110.0,0.17657673340487773,0.15878564411824653,1.1120446963919628,0.4509512292958201,2.217534702281538e-45,6.711392049751067e-05,2023-05-31,2023-12-02,0.11711589358156155,1.0
shm_pp,10000,120.0,0.11746011630829327,0.10457080085545599,1.1232592210004555,0.296981074429495,3.3672179344122e-45,8.820473034645787e-05,2023-05-31,2023-12-02,0.12913243561438004,1.0
shm_pp,10000,130.0,0.07750592812723274,0.06831222056370863,1.1345836438584216,0.19400670640093248,5.1544609902990116e-45,0.00011622869442765344,2023-05-31,2023-12-02,0.14129503898703322,1.0
shm_pp,10000,140.0,0.050850624871020926,0.044375035169941034,1.1459286663386434,0.12602509988263252,7.934927256009338e-45,0.000153159608478456,2023-05-31,2023-12-02,0.1534526764447203,1.0
shm_pp,10000,150.0,0.033268405623610484,0.028750653500222965,1.1571356325292739,0.08165185594063322,1.2247119045610818e-44,0.0002011852718979232,2023-05-31,2023-12-02,0.1653181832190259,1.0
shm_pp,10000,160.0,0.021780693279126472,0.018649023512697458,1.1679267423464168,0.05296322677606078,1.888102483310169e-44,0.0002624097362802596,2023-05-31,2023-12-02,0.17644349835191517,1.0
shm_pp,10000,170.0,0.014328255001783722,0.0121634952782365,1.177971847238722,0.03454432659019166,2.8948313622183475e-44,0.00033832208325855733,2023-05-31,2023-12-02,0.18638042512027855,1.0
shm_pp,10000,180.0,0.00951074537294987,0.008012747315671895,1.1869518653543565,0.022756202376508182,4.394406340103241e-44,0.0004291600922472087,2023-05-31,2023-12-02,0.1948892269439077,1.0
shm_pp,10000,190.0,0.006392844273583595,0.005351392501857388,1.1946132284942161,0.015197954705274982,6.579832743236924e-44,0.0005334159289680879,2023-05-31,2023-12-02,0.20208461873235747,1.0
shm_pp,10000,200.0,0.004361787762106621,0.003632243926478959,1.2008521042073488,0.010315572751200243,9.694081212152253e-44,0.0006477718537159407,2023-05-31,2023-12-02,0.20838888522775456,1.0
shm_pp,10000,210.0,0.0030235676103265814,0.0025074288422265267,1.2058438346915312,0.007121097911923335,1.4042778408166982e-43,0.0007675566789331767,2023-05-31,2023-12-02,0.21429231055386977,1.0
shm_pp,10000,220.0,0.002128400339440664,0.0017587129783603525,1.210203350762198,0.004994744858543401,2.0021042682280798e-43,0.0008875872626303525,2023-05-31,2023-12-02,0.22017456651074083,1.0
shm_pp,10000,230.0,0.0015189528869916432,0.001250108562087982,1.2150567823122709,0.003550308316329869,2.816656782737534e-43,0.0010031993211694116,2023-05-31,2023-12-02,0.2264181040955492,1.0
shm_pp,10000,240.0,0.0010958441160542425,0.0008968168189448603,1.2219263654572687,0.002546959765803403,3.926249693561861e-43,0.0011114057072672938,2023-05-26,2023-12-02,0.23375258968987983,1.0
shm_pp,10000,250.0,0.0007958104620308358,0.0006457096267043983,1.2324587231144886,0.001833815339840491,5.453111762534291e-43,0.0012119993305866276,2023-05-31,2023-12-02,0.24345041833374856,1.0
shm_pp,10000,260.0,0.0005783535554786024,0.0004633575505595887,1.248179844658051,0.0013159354435892318,7.599156971351773e-43,0.0013081534534770066,2023-05-31,2023-12-02,0.25722491400460695,1.0
shm_pp,10000,270.0,0.0004176013077583804,0.0003287027129890627,1.270452878106533,0.000933515704888938,1.0712192572260706e-42,0.001406325946924243,2023-05-31,2023-12-02,0.27684038265945504,1.0
shm_pp,10000,280.0,0.0002971285547512302,0.00022844339255786533,1.30066600493147,0.0006487792348643375,1.5413563601632598e-42,0.001515659764510776,2023-05-31,2023-12-02,0.30388635437264877,1.0
shm_pp,10000,290.0,0.00020648885359693137,0.00015403163840799845,1.3405613011138948,0.0004374498530787156,2.2859763078262094e-42,0.001647658269301375,2023-05-31,2023-12-02,0.33979398134516875,1.0
shm_pp,10000,300.0,0.00013884312276421225,9.96993574357392e-05,1.3926180301984694,0.00028314617511749935,3.531744688357603e-42,0.0018168132850599065,2023-05-31,2023-12-02,0.38603245143110404,1.0
shm_pp,10000,310.0,8.93969672954372e-05,6.120941931807031e-05,1.4605099720174166,0.00017383475086331967,5.752589715426151e-42,0.0020426483292743844,2023-05-31,2023-12-02,0.44429534759575173,1.0
shm_pp,10000,320.0,5.445224538857943e-05,3.513621147629726e-05,1.5497472009841666,9.978684059268421e-05,1.0021361474724495e-41,0.002353706218249222,2023-05-31,2023-12-02,0.516476588965835,1.0
shm_pp,10000,330.0,3.090000671151202e-05,1.8517741261819462e-05,1.668670399624967,5.259038518356727e-05,1.9014882597065792e-41,0.0027945897599135003,2023-05-31,2023-12-02,0.6041451281212799,1.0
shm_pp,10000,340.0,1.6001984518714442e-05,8.744569765290539e-06,1.8299338844811395,2.483457813342513e-05,4.026643797319388e-41,0.003438265420103823,2023-05-31,2023-12-02,0.7068902754847408,1.0
shm_pp,10000,350.0,7.339864782844366e-06,3.5765256311850812e-06,2.052233239668494,1.015733279256563e-05,9.845104225903887e-41,0.004406696776428506,2023-05-31,2023-12-02,0.8183990813110227,1.0
shm_pp,10000,360.0,2.8471027840468318e-06,1.2062570453188805e-06,2.3602786778287252,3.4257700087056203e-06,2.9190517678033972e-40,0.005896397709535324,2023-05-31,2023-12-02,0.9200388358255355,1.0
shm_pp,10000,370.0,8.641107757691545e-07,3.1112308594582655e-07,2.777392018796109,8.835895640861473e-07,1.13174718290641e-39,0.008151557318487964,2023-05-31,2023-12-02,0.9817597451584777,1.0
shm_pp,10000,380.0,1.7782955959836952e-07,5.360438224061562e-08,3.3174444357952035,1.5223644556334837e-07,6.568729296716808e-39,0.011107167959447292,2023-05-31,2023-12-02,0.9979017691595062,1.0
shm_pp,10000,390.0,1.8794700525573724e-08,4.749373713670398e-09,3.957300827154504,1.348822134682393e-08,7.413875961010011e-38,0.013588950951226761,2023-05-31,2023-12-02,0.9997114588825088,0.7671232876712328
shm_pp,10000,400.0,7.582126649485335e-10,1.7920249923676545e-10,4.231038451906688,5.089350978324138e-10,1.9648870833610454e-36,0.013151725741739582,2023-05-31,2023-01-01,1.0,0.6164383561643836
shm_pp,10000,410.0,3.4445580509307125e-11,7.362034401594811e-12,4.6788127615710815,2.0908177700529263e-11,4.7828175861289257e-35,0.006890430660899299,2023-05-31,2023-01-01,1.0,0.410958904109589
shm_pp,10000,420.0,3.092974082943617e-16,1.5070939281988364e-16,2.052276918559485,4.280146756084695e-16,2.3363684868477724e-30,0.004216633084302077,2023-05-31,2023-01-01,1.0,0.0821917808219178
shm_pp,10000,430.0,0.0,0.0,0.0,0.0,,0.0,,,,0.0
shm_pp,10000,440.0,0.0,0.0,0.0,0.0,,0.0,,,,0.0
shm_pp,10000,450.0,0.0,0.0,0.0,0.0,,0.0,,,,0.0
shm_pp,10000,460.0,0.0,0.0,0.0,0.0,,0.0,,,,0.0
shm_vesc_low,50,0.0,188.40490524529736,185.36107850008656,1.0164210673019438,526.4254629402458,1.8996041612704234e-48,5.1978256143261895e-20,2023-05-31,2023-12-02,0.017574793920306198,1.0
shm_vesc_low,50,10.0,144.88551866571214,140.19090496869453,1.0334872914763333,398.1421701110924,2.511665618643142e-48,1.2364971317414706e-21,2023-05-31,2023-12-02,0.03551056331994578,1.0
shm_vesc_low,50,20.0,103.80979666182044,98.5082820199474,1.0538179585834164,279.7635209366506,3.574447435648478e-48,1.619014307195192e-23,2023-05-31,2023-12-02,0.056721905713294066,1.0
shm_vesc_low,50,30.0,68.87502478755432,63.95577624494714,1.0769164074213833,181.63440453564985,5.505564887646203e-48,9.748014081125978e-26,2023-05-31,2023-12-02,0.08057189810609042,1.0
shm_vesc_low,50,40.0,42.17092965261667,38.232484140390135,1.1030130686189399,108.58025495870798,9.209777600727594e-48,2.0032441917246237e-28,2023-05-31,2023-12-02,0.10722352458047935,1.0
shm_vesc_low,50,50.0,23.779339090966445,20.982402362094284,1.1332991656820461,59.59002270834776,1.6781332755892933e-47,7.731236873962762e-32,2023-05-31,2023-12-02,0.13782296130065147,1.0
shm_vesc_low,50,60.0,12.289981266833783,10.495796179348877,1.1709432097219146,29.80806114935081,3.354797197273527e-47,4.0481661640946493e-36,2023-05-31,2023-12-02,0.17543586706513825,1.0
shm_vesc_low,50,70.0,5.742027286242635,4.695713445036417,1.222823188308524,13.335826183903423,7.498598033671267e-47,1.986589865497377e-39,2023-05-31,2023-12-02,0.2264689423663809,1.0
shm_vesc_low,50,80.0,2.3520163169498933,1.804477693846094,1.3034333009330619,5.124716650522907,1.9513273966043834e-46,1.3523963062532306e-44,2023-05-31,2023-12-02,0.3036748398608723,1.0
shm_vesc_low,50,90.0,0.7848297040886194,0.5387917758727555,1.4566475199390754,1.5301686434786255,6.535227370276254e-46,3.864375491620499e-52,2023-05-31,2023-12-02,0.441972147263568,1.0
shm_vesc_low,50,100.0,0.1745208378327093,0.09442950627274763,1.8481600160931484,0.26817979781460327,3.72884165082157e-45,8.678827952652669e-64,2023-05-31,2023-12-02,0.7325671882897566,1.0
shm_vesc_low,50,110.0,0.011181231001985339,0.0033560553824346436,3.331658667049153,0.009531197286114387,1.0491861305366737e-43,3.1481338948780135e-85,2023-05-31,2023-01-01,1.0,0.6575342465753424
shm_vesc_low,50,120.0,0.0,0.0,0.0,0.0,,0.0,,,,0.0
shm_vesc_low,50,130.0,0.0,0.0,0.0,0.0,,0.0,,,,0.0
shm_vesc_low,50,140.0,0.0,0.0,0.0,0.0,,0.0,,,,0.0
shm_vesc_low,50,150.0,0.0,0.0,0.0,0.0,,0.0,,,,0.0
shm_vesc_low,50,160.0,0.0,0.0,0.0,0.0,,0.0,,,,0.0
shm_vesc_low,50,170.0,0.0,0.0,0.0,0.0,,0.0,,,,0.0
shm_vesc_low,50,180.0,0.0,0.0,0.0,0.0,,0.0,,,,0.0
shm_vesc_low,50,190.0,0.0,0.0,0.0,0.0,,0.0,,,,0.0
shm_vesc_low,50,200.0,0.0,0.0,0.0,0.0,,0.0,,,,0.0
shm_vesc_low,50,210.0,0.0,0.0,0.0,0.0,,0.0,,,,0.0
shm_vesc_low,50,220.0,0.0,0.0,0.0,0.0,,0.0,,,,0.0
shm_vesc_low,50,230.0,0.0,0.0,0.0,0.0,,0.0,,,,0.0
shm_vesc_low,50,240.0,0.0,0.0,0.0,0.0,,0.0,,,,0.0
shm_vesc_low,50,250.0,0.0,0.0,0.0,0.0,,0.0,,,,0.0
shm_vesc_low,50,260.0,0.0,0.0,0.0,0.0,,0.0,,,,0.0
shm_vesc_low,50,270.0,0.0,0.0,0.0,0.0,,0.0,,,,0.0
shm_vesc_low,50,280.0,0.0,0.0,0.0,0.0,,0.0,,,,0.0
shm_vesc_low,50,290.0,0.0,0.0,0.0,0.0,,0.0,,,,0.0
shm_vesc_low,50,300.0,0.0,0.0,0.0,0.0,,0.0,,,,0.0
shm_vesc_low,50,310.0,0.0,0.0,0.0,0.0,,0.0,,,,0.0
shm_vesc_low,50,320.0,0.0,0.0,0.0,0.0,,0.0,,,,0.0
shm_vesc_low,50,330.0,0.0,0.0,0.0,0.0,,0.0,,,,0.0
shm_vesc_low,50,340.0,0.0,0.0,0.0,0.0,,0.0,,,,0.0
shm_vesc_low,50,350.0,0.0,0.0,0.0,0.0,,0.0,,,,0.0
shm_vesc_low,50,360.0,0.0,0.0,0.0,0.0,,0.0,,,,0.0
shm_vesc_low,50,370.0,0.0,0.0,0.0,0.0,,0.0,,,,0.0
shm_vesc_low,50,380.0,0.0,0.0,0.0,0.0,,0.0,,,,0.0
shm_vesc_low,50,390.0,0.0,0.0,0.0,0.0,,0.0,,,,0.0
shm_vesc_low,50,400.0,0.0,0.0,0.0,0.0,,0.0,,,,0.0
shm_vesc_low,50,410.0,0.0,0.0,0.0,0.0,,0.0,,,,0.0
shm_vesc_low,50,420.0,0.0,0.0,0.0,0.0,,0.0,,,,0.0
shm_vesc_low,50,430.0,0.0,0.0,0.0,0.0,,0.0,,,,0.0
shm_vesc_low,50,440.0,0.0,0.0,0.0,0.0,,0.0,,,,0.0
shm_vesc_low,50,450.0,0.0,0.0,0.0,0.0,,0.0,,,,0.0
shm_vesc_low,50,460.0,0.0,0.0,0.0,0.0,,0.0,,,,0.0
shm_vesc_low,100,0.0,141.29450188128317,142.15761150027518,0.9939285022456196,403.7276166607815,2.476917502624588e-48,2.9934084226488855e-07,2023-12-02,2023-05-31,0.006153415252243628,1.0
shm_vesc_low,100,10.0,120.32050061295884,119.58440705078903,1.0061554309656542,339.6197160242408,2.944469807897206e-48,2.668715527191761e-07,2023-05-31,2023-12-02,0.00683437958195421,1.0
shm_vesc_low,100,20.0,97.13090374560869,95.10102290398002,1.0213444690671536,270.0869050473033,3.702511974154612e-48,2.4525449501561537e-07,2023-05-31,2023-12-02,0.02285304909001741,1.0
shm_vesc_low,100,30.0,74.10347198743804,71.33604552658943,1.0387942230385772,202.59436929551399,4.935971337591083e-48,2.3182533641713908e-07,2023-05-31,2023-12-02,0.041164962228499025,1.0
shm_vesc_low,100,40.0,53.385590774427875,50.480805456010245,1.057542372634068,143.3654874950691,6.975179434551108e-48,2.239196846138657e-07,2023-05-31,2023-12-02,0.06065529095850819,1.0
shm_vesc_low,100,50.0,36.40711651750321,33.7967137774886,1.0772383598358417,95.98266712806762,1.0418547743268287e-47,2.1814628052088644e-07,2023-05-31,2023-12-02,0.08094001045705523,1.0
shm_vesc_low,100,60.0,23.609956167095884,21.50496588118065,1.0978839165588887,61.07410310255304,1.6373551950830002e-47,2.101053534909377e-07,2023-05-31,2023-12-02,0.10201526993307616,1.0
shm_vesc_low,100,70.0,14.625335089515124,13.059273050957673,1.1199195416503376,37.08833546471979,2.69626551709566e-47,1.946896922343573e-07,2023-05-31,2023-12-02,0.12431988670734334,1.0
shm_vesc_low,100,80.0,8.6790254212549,7.585812734680812,1.1441127964543785,21.543708166493506,4.641726448723808e-47,1.6750589165036806e-07,2023-05-31,2023-12-02,0.1485874735938681,1.0
shm_vesc_low,100,90.0,4.93674426426746,4.212753359985629,1.1718569406788868,11.964219542359185,8.35825518296042e-47,1.276534153400587e-07,2023-05-31,2023-12-02,0.17616823111785945,1.0
shm_vesc_low,100,100.0,2.6806386621843137,2.2236039570902304,1.205537817846012,6.315035238136254,1.5835224385780757e-46,8.101230741694335e-08,2023-05-31,2023-12-02,0.20924738472500215,1.0
shm_vesc_low,100,110.0,1.377833874282929,1.1036744246800871,1.2484060910284391,3.1344353660914472,3.1903672693910798e-46,3.937675138890174e-08,2023-05-31,2023-12-02,0.25063781515777545,1.0
shm_vesc_low,100,120.0,0.6613581071010282,0.5063341715119507,1.306169214544941,1.4379890470939398,6.954155888884686e-46,1.303570463330188e-08,2023-05-31,2023-12-02,0.3050879564990416,1.0
shm_vesc_low,100,130.0,0.2895537912981237,0.20826047457543376,1.3903444323192724,0.5914597477942318,1.6907321313569743e-45,2.4807655488421574e-09,2023-05-31,2023-12-02,0.38138731710538853,1.0
shm_vesc_low,100,140.0,0.11085224708257464,0.07272063488876732,1.524357525922773,0.20652660308409918,4.841991225666906e-45,2.0908830122673167e-10,2023-05-31,2023-12-02,0.49450356892235753,1.0
shm_vesc_low,100,150.0,0.034292888869296635,0.019433213643718826,1.76465352041147,0.05519032674816146,1.8119117224347883e-44,5.0448850120882715e-12,2023-05-31,2023-12-02,0.668984216795331,1.0
shm_vesc_low,100,160.0,0.0072046087236903155,0.0031747117902568628,2.2693741037536506,0.00901618148432949,1.1091169823256586e-43,1.548184745117717e-14,2023-05-31,2023-12-02,0.90999317696084,1.0
shm_vesc_low,100,170.0,0.0006046746892863873,0.0001784338441964091,3.3887892289133124,0.0005067521175178018,1.9733513989013984e-42,1.0186889833101149e-18,2023-05-31,2023-11-07,1.0,0.6986301369863014
shm_vesc_low,100,180.0,5.12955690870497e-07,8.782471027716029e-08,5.840676151981527,2.494221771871352e-07,4.009266582777542e-39,4.526686576066675e-28,2023-05-31,2023-01-01,1.0,0.2876712328767123
shm_vesc_low,100,190.0,0.0,0.0,0.0,0.0,,0.0,,,,0.0
shm_vesc_low,100,200.0,0.0,0.0,0.0,0.0,,0.0,,,,0.0
shm_vesc_low,100,210.0,0.0,0.0,0.0,0.0,,0.0,,,,0.0
shm_vesc_low,100,220.0,0.0,0.0,0.0,0.0,,0.0,,,,0.0
shm_vesc_low,100,230.0,0.0,0.0,0.0,0.0,,0.0,,,,0.0
shm_vesc_low,100,240.0,0.0,0.0,0.0,0.0,,0.0,,,,0.0
shm_vesc_low,100,250.0,0.0,0.0,0.0,0.0,,0.0,,,,0.0
shm_vesc_low,100,260.0,0.0,0.0,0.0,0.0,,0.0,,,,0.0
shm_vesc_low,100,270.0,0.0,0.0,0.0,0.0,,0.0,,,,0.0
shm_vesc_low,100,280.0,0.0,0.0,0.0,0.0,,0.0,,,,0.0
shm_vesc_low,100,290.0,0.0,0.0,0.0,0.0,,0.0,,,,0.0
shm_vesc_low,100,300.0,0.0,0.0,0.0,0.0,,0.0,,,,0.0
shm_vesc_low,100,310.0,0.0,0.0,0.0,0.0,,0.0,,,,0.0
shm_vesc_low,100,320.0,0.0,0.0,0.0,0.0,,0.0,,,,0.0
shm_vesc_low,100,330.0,0.0,0.0,0.0,0.0,,0.0,,,,0.0
shm_vesc_low,100,340.0,0.0,0.0,0.0,0.0,,0.0,,,,0.0
shm_vesc_low,100,350.0,0.0,0.0,0.0,0.0,,0.0,,,,0.0
shm_vesc_low,100,360.0,0.0,0.0,0.0,0.0,,0.0,,,,0.0
shm_vesc_low,100,370.0,0.0,0.0,0.0,0.0,,0.0,,,,0.0
shm_vesc_low,100,380.0,0.0,0.0,0.0,0.0,,0.0,,,,0.0
shm_vesc_low,100,390.0,0.0,0.0,0.0,0.0,,0.0,,,,0.0
shm_vesc_low,100,400.0,0.0,0.0,0.0,0.0,,0.0,,,,0.0
shm_vesc_low,100,410.0,0.0,0.0,0.0,0.0,,0.0,,,,0.0
shm_vesc_low,100,420.0,0.0,0.0,0.0,0.0,,0.0,,,,0.0
shm_vesc_low,100,430.0,0.0,0.0,0.0,0.0,,0.0,,,,0.0
shm_vesc_low,100,440.0,0.0,0.0,0.0,0.0,,0.0,,,,0.0
shm_vesc_low,100,450.0,0.0,0.0,0.0,0.0,,0.0,,,,0.0
shm_vesc_low,100,460.0,0.0,0.0,0.0,0.0,,0.0,,,,0.0
shm_vesc_low,200,0.0,81.50809400126029,82.84431445009523,0.9838707042516495,235.27785303827042,4.250293799805031e-48,3.229683103343824e-06,2023-12-02,2023-05-31,0.01685382226847644,1.0
shm_vesc_low,200,10.0,72.61974559854318,73.0972724182706,0.9934672416093042,207.5962536678885,4.817042611952888e-48,3.158658572433481e-06,2023-12-02,2023-05-31,0.006606588323964529,1.0
shm_vesc_low,200,20.0,61.77275731783952,61.41398501227784,1.0058418665632909,174.41571743486907,5.733428240911966e-48,3.215716194850615e-06,2023-05-31,2023-12-02,0.006537201556756712,1.0
shm_vesc_low,200,30.0,50.02347210061157,49.015524486612456,1.0205638443035412,139.20408954197936,7.183696996907789e-48,3.4167868025164714e-06,2023-05-31,2023-12-02,0.022051031269406465,1.0
shm_vesc_low,200,40.0,38.57508081048578,37.21384443215763,1.036578762530427,105.68731818732766,9.46187316653763e-48,3.7867010445627374e-06,2023-05-31,2023-12-02,0.038852633944090366,1.0
shm_vesc_low,200,50.0,28.39784445970987,26.96613553878968,1.0530928474664356,76.58382493016269,1.3057587563847937e-47,4.364680400551e-06,2023-05-31,2023-12-02,0.056029960644815364,1.0
shm_vesc_low,200,60.0,20.056429741053524,18.747502040907598,1.0698187789119749,53.242905796177574,1.878184492462078e-47,5.204171896889586e-06,2023-05-31,2023-12-02,0.07328758615107872,1.0
shm_vesc_low,200,70.0,13.666265799493718,12.575320377832579,1.086752892879312,35.71390987304452,2.8000294662633995e-47,6.379470465923392e-06,2023-05-31,2023-12-02,0.09062884250170768,1.0
shm_vesc_low,200,80.0,9.027898429658006,8.176816288111091,1.1040847820910895,23.2221582582355,4.3062319569084854e-47,7.995635166436029e-06,2023-05-31,2023-12-02,0.10824624541691419,1.0
shm_vesc_low,200,90.0,5.802811937021136,5.1712402423046155,1.1221315709817137,14.686322288145107,6.809056620030778e-47,1.0200739717551509e-05,2023-05-31,2023-12-02,0.12646420380682072,1.0
shm_vesc_low,200,100.0,3.635334193386662,3.184597095974867,1.1415366163529757,9.044255752568622,1.1056741730418162e-46,1.3211347343707624e-05,2023-05-31,2023-12-02,0.14591222430042128,1.0
shm_vesc_low,200,110.0,2.2198012323958234,1.908875977130358,1.1628839479309097,5.421207775050217,1.8446074039114593e-46,1.73477732662151e-05,2023-05-31,2023-12-02,0.1671293911687097,1.0
shm_vesc_low,200,120.0,1.3201666331976558,1.1123063328574996,1.186873250830251,3.1589499853152985,3.165608840433062e-46,2.3075231878173216e-05,2023-05-31,2023-12-02,0.1907442486757854,1.0
shm_vesc_low,200,130.0,0.7635098347675077,0.6286346790430104,1.214552521871402,1.7853224884821495,5.601228945758605e-46,3.107634000157327e-05,2023-05-31,2023-12-02,0.21769711621057686,1.0
shm_vesc_low,200,140.0,0.4281834802131085,0.34326413169353936,1.2473877713369241,0.9748701340096517,1.0257776550061995e-45,4.2379383881623153e-05,2023-05-31,2023-12-02,0.2492109924421221,1.0
shm_vesc_low,200,150.0,0.23197517913910437,0.18024976928246264,1.2869651931458774,0.5119093447621939,1.9534708835302614e-45,5.852768893503755e-05,2023-05-31,2023-12-02,0.286465407178223,1.0
shm_vesc_low,200,160.0,0.12097000071375658,0.0906173407447109,1.3349542120702464,0.2573532477149789,3.885709657363676e-45,8.173729131542177e-05,2023-05-31,2023-12-02,0.3304645713545316,1.0
shm_vesc_low,200,170.0,0.06059636827573828,0.04351470835655975,1.3925491072860081,0.12358177173262969,8.091808249549208e-45,0.0001148348911505689,2023-05-31,2023-12-02,0.3814105808089781,1.0
shm_vesc_low,200,180.0,0.02922022662721143,0.02002380010339877,1.459274786819895,0.05686759229365251,1.7584707909492747e-44,0.00016020790020118036,2023-05-31,2023-12-02,0.43768614340121936,1.0
shm_vesc_low,200,190.0,0.013699056323773755,0.00893969465064512,1.532385261367421,0.02538873280783214,3.9387550673325105e-44,0.00021603097978667026,2023-05-31,2023-12-02,0.49605051814233275,1.0
shm_vesc_low,200,200.0,0.006352821549937141,0.003936408382808217,1.6138624177517538,0.011179399807175337,8.945024037499441e-44,0.00026877311929807395,2023-05-31,2023-12-02,0.5589355353982679,1.0
shm_vesc_low,200,210.0,0.002935097623526218,0.0016900324253901768,1.7367108343194029,0.004799692088108102,2.083466984221004e-43,0.0002897661628526645,2023-05-31,2023-12-02,0.6525395436396481,1.0
shm_vesc_low,200,220.0,0.0012866319892722749,0.0006409609647805912,2.007348434569186,0.001820329139976879,5.493512014056434e-43,0.0002512561956256315,2023-05-31,2023-12-02,0.8256386578684491,1.0
shm_vesc_low,200,230.0,0.0004482735243252278,0.00017109482176327323,2.6200297572153235,0.00048590929380769597,2.0579972697450837e-42,0.00015100817579875075,2023-05-31,2023-12-02,0.9898264041262276,1.0
shm_vesc_low,200,240.0,7.243329388833527e-05,1.9188697201996257e-05,3.7747895610547144,5.4495900053669364e-05,1.8350004294179322e-41,4.4033444156727e-05,2023-05-31,2023-01-01,1.0,0.6027397260273972
shm_vesc_low,200,250.0,6.507090943629972e-07,1.12525694764941e-07,5.7827600684651355,3.195729731324324e-07,3.1291757566294435e-39,3.2457912399535177e-06,2023-05-31,2023-01-01,1.0,0.2876712328767123
shm_vesc_low,200,260.0,0.0,0.0,0.0,0.0,,0.0,,,,0.0
shm_vesc_low,200,270.0,0.0,0.0,0.0,0.0,,0.0,,,,0.0
shm_vesc_low,200,280.0,0.0,0.0,0.0,0.0,,0.0,,,,0.0
shm_vesc_low,200,290.0,0.0,0.0,0.0,0.0,,0.0,,,,0.0
shm_vesc_low,200,300.0,0.0,0.0,0.0,0.0,,0.0,,,,0.0
shm_vesc_low,200,310.0,0.0,0.0,0.0,0.0,,0.0,,,,0.0
shm_vesc_low,200,320.0,0.0,0.0,0.0,0.0,,0.0,,,,0.0
shm_vesc_low,200,330.0,0.0,0.0,0.0,0.0,,0.0,,,,0.0
shm_vesc_low,200,340.0,0.0,0.0,0.0,0.0,,0.0,,,,0.0
shm_vesc_low,200,350.0,0.0,0.0,0.0,0.0,,0.0,,,,0.0
shm_vesc_low,200,360.0,0.0,0.0,0.0,0.0,,0.0,,,,0.0
shm_vesc_low,200,370.0,0.0,0.0,0.0,0.0,,0.0,,,,0.0
shm_vesc_low,200,380.0,0.0,0.0,0.0,0.0,,0.0,,,,0.0
shm_vesc_low,200,390.0,0.0,0.0,0.0,0.0,,0.0,,,,0.0
shm_vesc_low,200,400.0,0.0,0.0,0.0,0.0,,0.0,,,,0.0
shm_vesc_low,200,410.0,0.0,0.0,0.0,0.0,,0.0,,,,0.0
shm_vesc_low,200,420.0,0.0,0.0,0.0,0.0,,0.0,,,,0.0
shm_vesc_low,200,430.0,0.0,0.0,0.0,0.0,,0.0,,,,0.0
shm_vesc_low,200,440.0,0.0,0.0,0.0,0.0,,0.0,,,,0.0
shm_vesc_low,200,450.0,0.0,0.0,0.0,0.0,,0.0,,,,0.0
shm_vesc_low,200,460.0,0.0,0.0,0.0,0.0,,0.0,,,,0.0
shm_vesc_low,500,0.0,34.77767370117183,35.53533728394736,0.9786785875501512,100.92035788641049,9.908803545123534e-48,7.571404074113475e-06,2023-12-02,2023-05-31,0.02240089667548009,1.0
shm_vesc_low,500,10.0,31.769879695509193,32.201150015603744,0.9866069901265772,91.45126604431464,1.0934785741680481e-47,7.539907493435771e-06,2023-12-02,2023-05-31,0.013911847293614646,1.0
shm_vesc_low,500,20.0,27.816490356558255,27.891183493578268,0.9973219803656875,79.21096112176228,1.262451541855186e-47,7.796705847985183e-06,2023-12-02,2023-05-31,0.0024892518698482365,1.0
shm_vesc_low,500,30.0,23.274387727728378,23.040109750777756,1.0101682665353933,65.43391169220882,1.5282595433142496e-47,8.395375864392628e-06,2023-05-31,2023-12-02,0.011111749956637414,1.0
shm_vesc_low,500,40.0,18.618475748936387,18.171874133811393,1.0245765302927137,51.608122540024354,1.9376794790867587e-47,9.407952371333087e-06,2023-05-31,2023-12-02,0.02626473085258596,1.0
shm_vesc_low,500,50.0,14.279510382025903,13.737777302871908,1.0394338230421558,39.015287540156216,2.563097859962603e-47,1.0939607725626856e-05,2023-05-31,2023-12-02,0.04180969803116363,1.0
shm_vesc_low,500,60.0,10.550358542779607,10.007088358738189,1.054288536741762,28.420130938816456,3.5186326275301974e-47,1.3134481662631763e-05,2023-05-31,2023-12-02,0.05723476362561721,1.0
shm_vesc_low,500,70.0,7.552337573038274,7.064701382134564,1.0690243174519534,20.06375192526216,4.984112661106547e-47,1.618755278524503e-05,2023-05-31,2023-12-02,0.0724298012395985,1.0
shm_vesc_low,500,80.0,5.265260060895402,4.858607991343272,1.0836972380312786,13.79844669541489,7.247192543290338e-47,2.0368679466007955e-05,2023-05-31,2023-12-02,0.08745921882131204,1.0
shm_vesc_low,500,90.0,3.590108212679843,3.2684072165795945,1.0984274525121476,9.282276495086048,1.0773219269318155e-46,2.6052150813869704e-05,2023-05-31,2023-12-02,0.10245212591524691,1.0
shm_vesc_low,500,100.0,2.4010599498324434,2.1562873706777324,1.1135157504900555,6.123856132724759,1.6329580224071304e-46,3.37647326585451e-05,2023-05-31,2023-12-02,0.11771712772522488,1.0
shm_vesc_low,500,110.0,1.577763348419497,1.3972806132546327,1.1291671361162543,3.9682769416431567,2.5199854110633894e-46,4.425575716348804e-05,2023-05-31,2023-12-02,0.13344762430270002,1.0
shm_vesc_low,500,120.0,1.020072113827295,0.890473001050642,1.1455396318852373,2.528943322983823,3.954220685421018e-46,5.8562631105147206e-05,2023-05-31,2023-12-02,0.14978691781557568,1.0
shm_vesc_low,500,130.0,0.6497400151724906,0.5587750949033732,1.1627934406862703,1.5869212695255797,6.30150984301166e-46,7.810643554506739e-05,2023-05-31,2023-12-02,0.16687923171290445,1.0
shm_vesc_low,500,140.0,0.40823595971600646,0.34563118486285566,1.1811317311485998,0.9815925650105101,1.0187526226722111e-45,0.00010481806891237369,2023-05-31,2023-12-02,0.18489676906958577,1.0
shm_vesc_low,500,150.0,0.2533687899270795,0.21104577467170302,1.2005395053334424,0.5993700000676365,1.6684185059097953e-45,0.00014126490879581917,2023-05-31,2023-12-02,0.20376939481722667,1.0
shm_vesc_low,500,160.0,0.15569897794828613,0.1275533732120988,1.220657470887784,0.3622515799223606,2.7605124599161843e-45,0.00019062754037238067,2023-05-31,2023-12-02,0.22308696360005267,1.0
shm_vesc_low,500,170.0,0.0951084258552496,0.07665879628443995,1.240672048936862,0.21771098144780943,4.5932455650599514e-45,0.00025635605196673263,2023-05-31,2023-12-02,0.2420076247914755,1.0
shm_vesc_low,500,180.0,0.05809640697661372,0.04613519319430405,1.2592644130031827,0.1310239486718235,7.632192512413942e-45,0.00034118852462075165,2023-05-31,2023-12-02,0.259249929691426,1.0
shm_vesc_low,500,190.0,0.035771752373011334,0.028058243312190746,1.274910619848721,0.07968541100662171,1.254934858674321e-44,0.0004452989480263507,2023-05-31,2023-12-02,0.2734509797647965,1.0
shm_vesc_low,500,200.0,0.02239644317064348,0.01740406902025749,1.286850974020794,0.04942755601753127,2.0231629491154969e-44,0.0005641101263252314,2023-05-31,2023-12-02,0.2841369325078407,1.0
shm_vesc_low,500,210.0,0.01435197726970272,0.011069623761570705,1.2965189765100265,0.031437731482860796,3.180891091156432e-44,0.0006877463785226873,2023-05-31,2023-12-02,0.29303122315375524,1.0
shm_vesc_low,500,220.0,0.009418062774469929,0.007198216465920392,1.3083883791296484,0.02044293476321391,4.891665563593405e-44,0.0008044450643151629,2023-05-31,2023-12-02,0.3046504272942397,1.0
shm_vesc_low,500,230.0,0.0062771230926968805,0.004722123726933728,1.3293008518378824,0.013410831384491785,7.456659257951708e-44,0.000907040112001859,2023-05-31,2023-12-02,0.32539179467096757,1.0
shm_vesc_low,500,240.0,0.004178363111716166,0.003056225615445877,1.3671644824253522,0.00867968074786629,1.1521161077794574e-43,0.000997795961670522,2023-05-31,2023-12-02,0.3620063607096769,1.0
shm_vesc_low,500,250.0,0.002714073744279768,0.0018967267202288393,1.430925032759762,0.005386703885449903,1.856422816745344e-43,0.0010885705618249154,2023-05-31,2023-12-02,0.42099950531240443,1.0
shm_vesc_low,500,260.0,0.0016727157778783164,0.0010912131494111464,1.5328955472915329,0.0030990453443276557,3.226800155829769e-43,0.001199130098842551,2023-05-31,2023-12-02,0.5091237656736258,1.0
shm_vesc_low,500,270.0,0.0009450537520082375,0.000557935056994661,1.6938418551772074,0.0015845355618648372,6.310997519191691e-43,0.0013586840323106648,2023-05-31,2023-12-02,0.6329226142570968,1.0
shm_vesc_low,500,280.0,0.00046687474773282427,0.00023925955538555864,1.9513316698280723,0.0006794971372949865,1.4716765459541227e-42,0.0016160626688636163,2023-05-31,2023-12-02,0.7908279270785956,1.0
shm_vesc_low,500,290.0,0.00018685968852714252,7.903522827667158e-05,2.364258225117279,0.00022446004830574726,4.455135813914886e-42,0.0020698388718701647,2023-05-31,2023-12-02,0.9412299395099746,1.0
shm_vesc_low,500,300.0,5.22582553141691e-05,1.7553650621191254e-05,2.977059099665655,4.985236776418316e-05,2.0059227772897444e-41,0.0029532531308000547,2023-05-31,2023-12-02,0.9968435428730553,1.0
shm_vesc_low,500,310.0,7.200319762081977e-06,1.8751140224886365e-06,3.8399370255499288,5.325323823867727e-06,1.8778200783172477e-40,0.004756561566551482,2023-05-31,2023-01-01,1.0,0.6301369863013698
shm_vesc_low,500,320.0,2.2410547452458186e-07,4.581971200777227e-08,4.891027566619525,1.3012798210207324e-07,7.684742234883758e-39,0.007342926692977737,2023-05-31,2023-01-01,1.0,0.4246575342465753
shm_vesc_low,500,330.0,1.288777706858727e-12,8.163345088330884e-13,1.578737261396647,2.318390005085971e-12,4.313338126054066e-34,0.015093225827316446,2023-05-31,2023-01-01,1.0,0.0821917808219178
shm_vesc_low,500,340.0,0.0,0.0,0.0,0.0,,0.0,,,,0.0
shm_vesc_low,500,350.0,0.0,0.0,0.0,0.0,,0.0,,,,0.0
shm_vesc_low,500,360.0,0.0,0.0,0.0,0.0,,0.0,,,,0.0
shm_vesc_low,500,370.0,0.0,0.0,0.0,0.0,,0.0,,,,0.0
shm_vesc_low,500,380.0,0.0,0.0,0.0,0.0,,0.0,,,,0.0
shm_vesc_low,500,390.0,0.0,0.0,0.0,0.0,,0.0,,,,0.0
shm_vesc_low,500,400.0,0.0,0.0,0.0,0.0,,0.0,,,,0.0
shm_vesc_low,500,410.0,0.0,0.0,0.0,0.0,,0.0,,,,0.0
shm_vesc_low,500,420.0,0.0,0.0,0.0,0.0,,0.0,,,,0.0
shm_vesc_low,500,430.0,0.0,0.0,0.0,0.0,,0.0,,,,0.0
shm_vesc_low,500,440.0,0.0,0.0,0.0,0.0,,0.0,,,,0.0
shm_vesc_low,500,450.0,0.0,0.0,0.0,0.0,,0.0,,,,0.0
shm_vesc_low,500,460.0,0.0,0.0,0.0,0.0,,0.0,,,,0.0
shm_vesc_low,1000,0.0,17.70062982990329,18.11498795571612,0.9771262268114242,51.44656579423378,1.9437643398776323e-47,9.397194143249974e-06,2023-12-02,2023-05-31,0.02406232837643058,1.0
shm_vesc_low,1000,10.0,16.299119642084918,16.556093241255518,0.984478608846545,47.01930480516567,2.1267860172405978e-47,9.399563743339675e-06,2023-12-02,2023-05-31,0.01618388772005765,1.0
shm_vesc_low,1000,20.0,14.402049492331631,14.479759657540155,0.9946331868037562,41.12251742741404,2.4317577389689594e-47,9.754357212534177e-06,2023-12-02,2023-05-31,0.005347419473927005,1.0
shm_vesc_low,1000,30.0,12.176810846686909,12.093346107280505,1.0069017076552664,34.34510294467663,2.9116232425065316e-47,1.0530701258544075e-05,2023-05-31,2023-12-02,0.007663396574238439,1.0
shm_vesc_low,1000,40.0,9.853794019843011,9.654083480507705,1.02068663894802,27.41759708464188,3.647292638056001e-47,1.1822832534096593e-05,2023-05-31,2023-12-02,0.02216937916805748,1.0
shm_vesc_low,1000,50.0,7.654907953979625,7.3959265110788435,1.035016768015858,21.004431291463913,4.76090014589633e-47,1.3760470935346314e-05,2023-05-31,2023-12-02,0.037189762855753775,1.0
shm_vesc_low,1000,60.0,5.735840070354379,5.466375501486345,1.0492949247256733,15.524506424221219,6.441428620492613e-47,1.6522816625078366e-05,2023-05-31,2023-12-02,0.05204712127289533,1.0
shm_vesc_low,1000,70.0,4.1690758823659415,3.920594928278746,1.0633783797185816,11.134489596311637,8.981103187085071e-47,2.034937994845547e-05,2023-05-31,2023-12-02,0.0666025533668283,1.0
shm_vesc_low,1000,80.0,2.954962211385087,2.742947974371152,1.0772942975932824,7.789972247214071,1.2837016208339255e-46,2.556756317068162e-05,2023-05-31,2023-12-02,0.08089222155939269,1.0
shm_vesc_low,1000,90.0,2.0511621047856576,1.8798585886984736,1.0911257459029333,5.338798391903665,1.8730806570941296e-46,3.2626106142093144e-05,2023-05-31,2023-12-02,0.09500832277614954,1.0
shm_vesc_low,1000,100.0,1.398753303001808,1.2657203588854993,1.1051045305405751,3.5946458192348176,2.7819152436355115e-46,4.2145233375747605e-05,2023-05-31,2023-12-02,0.1091927240810122,1.0
shm_vesc_low,1000,110.0,0.9389685270845598,0.8388351705496303,1.11937191006109,2.3822918843609497,4.19763844457813e-46,5.498975976207108e-05,2023-05-31,2023-12-02,0.12358007052712729,1.0
shm_vesc_low,1000,120.0,0.621583059107732,0.548131274914653,1.1340040015131703,1.5566928207576143,6.423874939651344e-46,7.232760769327686e-05,2023-05-31,2023-12-02,0.13823893652942507,1.0
shm_vesc_low,1000,130.0,0.4064920773493602,0.3537632316952967,1.1490512323775917,1.0046875780146427,9.953342928516089e-46,9.57071001666343e-05,2023-05-31,2023-12-02,0.1532119807912336,1.0
shm_vesc_low,1000,140.0,0.26308861248817395,0.22591028759481377,1.1645711901356266,0.641585216769271,1.5586394041863082e-45,0.00012714201460622813,2023-05-31,2023-12-02,0.16854487035353338,1.0
shm_vesc_low,1000,150.0,0.16885922161039393,0.1430465224758308,1.1804496795014674,0.40625212383135945,2.4615255929470858e-45,0.00016916969591998268,2023-05-31,2023-12-02,0.18409377436211646,1.0
shm_vesc_low,1000,160.0,0.1077809382907606,0.09009606286749754,1.1962891036567476,0.255872818543693,3.9081915996061124e-45,0.000224727976506588,2023-05-31,2023-12-02,0.19944039177963918,1.0
shm_vesc_low,1000,170.0,0.06869216915343862,0.05670471239887881,1.2114014205774692,0.1610413832128158,6.209584021508946e-45,0.00029671658656231026,2023-05-31,2023-12-02,0.2138939324430008,1.0
shm_vesc_low,1000,180.0,0.04395142728465669,0.03588326102966108,1.2248448447404618,0.10190846132423746,9.81272788349091e-45,0.000387067574677496,2023-05-31,2023-12-02,0.22654868812221007,1.0
shm_vesc_low,1000,190.0,0.028415773978579577,0.022995987320706925,1.2356840166193848,0.06530860399080766,1.5311918168404767e-44,0.0004953170821475652,2023-05-31,2023-12-02,0.23656474844627146,1.0
shm_vesc_low,1000,200.0,0.018685369199686417,0.015025862818264088,1.243547171013312,0.04267345040387001,2.3433774174241864e-44,0.0006172230066459531,2023-05-31,2023-12-02,0.24372217214794167,1.0
shm_vesc_low,1000,210.0,0.012555617002597854,0.010050105877354321,1.2493019631652982,0.02854230069168627,3.5035718066388303e-44,0.0007447059801593737,2023-05-31,2023-12-02,0.24904394931337454,1.0
shm_vesc_low,1000,220.0,0.008627243092846253,0.006872301559109307,1.255364453763056,0.019517336427870433,5.123649959591907e-44,0.0008682694085925224,2023-05-31,2023-12-02,0.2550132843758271,1.0
shm_vesc_low,1000,230.0,0.006033824976536931,0.00476875093475201,1.2652841507334267,0.013543252654695708,7.383750606271682e-44,0.0009812007427427666,2023-05-31,2023-12-02,0.26507923946709877,1.0
shm_vesc_low,1000,240.0,0.00425375703277901,0.003315606972313111,1.282949718799573,0.009416323801369236,1.0619855700529214e-43,0.0010829506427558178,2023-05-31,2023-12-02,0.2828173962454681,1.0
shm_vesc_low,1000,250.0,0.0029827382394958905,0.0022732144700558024,1.3121235496194386,0.006455929094958479,1.5489637282121226e-43,0.0011797805182226801,2023-05-31,2023-12-02,0.3114093775353167,1.0
shm_vesc_low,1000,260.0,0.0020485471030889596,0.0015099324159599475,1.3567144339944415,0.0042882080613262505,2.3319764006290344e-43,0.0012834671298834525,2023-05-31,2023-12-02,0.35373474871343785,1.0
shm_vesc_low,1000,270.0,0.0013552847177469188,0.0009532846093291713,1.4216999881081012,0.0027073282904948462,3.693678389543293e-43,0.001410405384382727,2023-05-31,2023-12-02,0.4128141722592807,1.0
shm_vesc_low,1000,280.0,0.0008478942522897132,0.0005598117701416604,1.514605975639193,0.0015898654272023156,6.289840529205663e-43,0.0015829998288647781,2023-05-31,2023-12-02,0.4921352147049564,1.0
shm_vesc_low,1000,290.0,0.000490594177789863,0.00029773754785730565,1.647740371748431,0.000845574635914748,1.1826277155513228e-42,0.0018349190869905497,2023-05-31,2023-12-02,0.5951246489772667,1.0
shm_vesc_low,1000,300.0,0.0002548300864129763,0.0001383781967758768,1.8415479631210248,0.0003929940788434901,2.5445675999567668e-42,0.0022232628772565237,2023-05-31,2023-12-02,0.7219279194845082,1.0
shm_vesc_low,1000,310.0,0.00011366274252626523,5.341066485377526e-05,2.1280907630984327,0.00015168628818472174,6.59255369728747e-42,0.002855650235332739,2023-05-31,2023-12-02,0.8592524007321961,1.0
shm_vesc_low,1000,320.0,4.0418289843876905e-05,1.5876678723947045e-05,2.545764800475137,4.5089767576009604e-05,2.2177980809376772e-41,0.003949814232515978,2023-05-31,2023-12-02,0.9639301872596854,1.0
shm_vesc_low,1000,330.0,9.962173700880484e-06,3.1949234866714332e-06,3.118125908942932,9.07358270214687e-06,1.1021004963820888e-40,0.005924676751038416,2023-05-31,2023-12-02,0.9975388343772297,1.0
shm_vesc_low,1000,340.0,1.2651516960135376e-06,3.268327120535722e-07,3.8709457448866456,9.28204902232145e-07,1.07734832858047e-39,0.009053214879102886,2023-05-31,2023-12-02,0.9999992833266119,0.6575342465753424
shm_vesc_low,1000,350.0,4.687191251060099e-08,9.93569394413258e-09,4.717527811762027,2.8217370801336525e-08,3.5439162884468124e-38,0.01224628947543889,2023-05-31,2023-01-01,1.0,0.5068493150684932
shm_vesc_low,1000,360.0,2.293499307705913e-10,4.2244962945944254e-11,5.429047980561909,1.1997569476648168e-10,8.335021538707321e-36,0.008838236595924214,2023-05-31,2023-01-01,1.0,0.3287671232876712
shm_vesc_low,1000,370.0,0.0,0.0,0.0,0.0,,0.0,,,,0.0
shm_vesc_low,1000,380.0,0.0,0.0,0.0,0.0,,0.0,,,,0.0
shm_vesc_low,1000,390.0,0.0,0.0,0.0,0.0,,0.0,,,,0.0
shm_vesc_low,1000,400.0,0.0,0.0,0.0,0.0,,0.0,,,,0.0
shm_vesc_low,1000,410.0,0.0,0.0,0.0,0.0,,0.0,,,,0.0
shm_vesc_low,1000,420.0,0.0,0.0,0.0,0.0,,0.0,,,,0.0
shm_vesc_low,1000,430.0,0.0,0.0,0.0,0.0,,0.0,,,,0.0
shm_vesc_low,1000,440.0,0.0,0.0,0.0,0.0,,0.0,,,,0.0
shm_vesc_low,1000,450.0,0.0,0.0,0.0,0.0,,0.0,,,,0.0
shm_vesc_low,1000,460.0,0.0,0.0,0.0,0.0,,0.0,,,,0.0
shm_vesc_low,3000,0.0,5.964113369516788,6.109837046513348,0.9761493349352552,17.351937212097905,5.763045288700055e-47,1.0671051158980593e-05,2023-12-02,2023-05-31,0.025108501800476996,1.0
shm_vesc_low,3000,10.0,5.520575441680015,5.615413328792142,0.9831111475577655,15.947773853769682,6.270467647518236e-47,1.0701440402354114e-05,2023-12-02,2023-05-31,0.017644908651800295,1.0
shm_vesc_low,3000,20.0,4.907191168990274,4.942344241453751,0.992887368676461,14.036257645728652,7.124406129039019e-47,1.1128121394069434e-05,2023-12-02,2023-05-31,0.007205421328215015,1.0
shm_vesc_low,3000,30.0,4.177305095232142,4.157437258031093,1.0047788663948372,11.807121812808305,8.469464581242867e-47,1.2030769694846018e-05,2023-05-31,2023-12-02,0.005417144344262659,1.0
shm_vesc_low,3000,40.0,3.405878262884758,3.34520363822424,1.0181377970438674,9.50037833255684,1.0525896601118512e-46,1.3519269829166108e-05,2023-05-31,2023-12-02,0.019489783683677465,1.0
shm_vesc_low,3000,50.0,2.6679195562075937,2.5849081283230793,1.032113879396699,7.341139084437545,1.3621864243382836e-46,1.574022939344956e-05,2023-05-31,2023-12-02,0.034147585180769685,1.0
shm_vesc_low,3000,60.0,2.0173356316530757,1.9285852934188816,1.046018363064909,5.477182233309623,1.825756305712223e-46,1.8895798367316065e-05,2023-05-31,2023-12-02,0.048635995225924225,1.0
shm_vesc_low,3000,70.0,1.4808073606064718,1.3974039272697991,1.0596845562754524,3.968627153446229,2.51976303476035e-46,2.325468434808606e-05,2023-05-31,2023-12-02,0.06278132850996296,1.0
shm_vesc_low,3000,80.0,1.0607774833787607,0.9884954727571998,1.0731232591485174,2.8073271426304474,3.5621071189551725e-46,2.9181097804976853e-05,2023-05-31,2023-12-02,0.07660362736919808,1.0
shm_vesc_low,3000,90.0,0.7448035132598515,0.6855715315199231,1.0863979599745195,1.9470231495165815,5.136045764264724e-46,3.717016957484719e-05,2023-05-31,2023-12-02,0.09017549956218278,1.0
shm_vesc_low,3000,100.0,0.5142311592857387,0.46760931898611763,1.0997025474186608,1.328010465920574,7.5300611377848e-46,4.789824295351025e-05,2023-05-31,2023-12-02,0.10370185866506451,1.0
shm_vesc_low,3000,110.0,0.34988393342207136,0.3143199265462396,1.1131458869522228,0.8926685913913204,1.1202365689167937e-45,6.229592463232815e-05,2023-05-31,2023-12-02,0.11728745261553894,1.0
shm_vesc_low,3000,120.0,0.2350666962036983,0.2086209277045424,1.126764696093239,0.5924834346809004,1.6878109014787557e-45,8.159958548861654e-05,2023-05-31,2023-12-02,0.1309645534697725,1.0
shm_vesc_low,3000,130.0,0.15625052138015677,0.1369944884256398,1.1405606398900427,0.389064347128817,2.5702689217855927e-45,0.00010741379580550598,2023-05-31,2023-12-02,0.14473032874712022,1.0
shm_vesc_low,3000,140.0,0.10297288057209028,0.08919039676726269,1.1545287867795029,0.25330072681902605,3.947876551947136e-45,0.00014176690396795088,2023-05-31,2023-12-02,0.15857571648753727,1.0
shm_vesc_low,3000,150.0,0.06743507710632836,0.057709555817136396,1.16852531875326,0.16389513852066737,6.101462246080587e-45,0.0001871263990339029,2023-05-31,2023-12-02,0.1723374720996143,1.0
shm_vesc_low,3000,160.0,0.04401480253866723,0.03723229601652264,1.182167291513118,0.1057397206869243,9.457184050644643e-45,0.0002462233014775458,2023-05-31,2023-12-02,0.18562218221345908,1.0
shm_vesc_low,3000,170.0,0.028746698466068626,0.02405859423313491,1.194861935302811,0.06832640762210314,1.463562968992543e-44,0.0003215782723962199,2023-05-31,2023-12-02,0.1978413531231158,1.0
shm_vesc_low,3000,180.0,0.018881114769311987,0.01565761539791264,1.2058742209129163,0.044467627730071894,2.2488269580518576e-44,0.0004146326809937737,2023-05-31,2023-12-02,0.20829093472662927,1.0
shm_vesc_low,3000,190.0,0.012542399661751958,0.01032684416732734,1.214543325969256,0.029328237435209643,3.4096832522211603e-44,0.0005245584545502804,2023-05-31,2023-12-02,0.21637938794988557,1.0
shm_vesc_low,3000,200.0,0.008472310796778956,0.006940669800392047,1.2206762517790997,0.019711502233113413,5.073180055856407e-44,0.0006472595233774319,2023-05-31,2023-12-02,0.222015439533441,1.0
shm_vesc_low,3000,210.0,0.005841429925984062,0.004768656592190712,1.224963427970501,0.01354298472182162,7.383896685556428e-44,0.0007755192853643512,2023-05-31,2023-12-02,0.22599318757560707,1.0
shm_vesc_low,3000,220.0,0.004113198143214774,0.003346446583579886,1.229124099394603,0.009503908297366876,1.0521987046918971e-43,0.0009009936369662283,2023-05-31,2023-12-02,0.23008829780192244,1.0
shm_vesc_low,3000,230.0,0.0029477175958805904,0.00238564802226393,1.235604568809471,0.006775240383229561,1.4759623916448098e-43,0.0010174425136050915,2023-05-31,2023-12-02,0.23671184830767278,1.0
shm_vesc_low,3000,240.0,0.0021345050573381677,0.0017116664018171164,1.247033332588735,0.004861132581160611,2.0571337714085693e-43,0.0011233709025948442,2023-05-31,2023-12-02,0.24834631598599471,1.0
shm_vesc_low,3000,250.0,0.001546394374622109,0.0012216357071848977,1.2658392068332514,0.003469445408405109,2.8823050438476167e-43,0.0012227081200888179,2023-05-31,2023-12-02,0.2671519183962961,1.0
shm_vesc_low,3000,260.0,0.0011083260393672555,0.0008563339350213675,1.294268502088032,0.0024319883754606838,4.111861759251103e-43,0.0013238777229525223,2023-05-31,2023-12-02,0.2949402169934362,1.0
shm_vesc_low,3000,270.0,0.000776632739788523,0.0005818569361628438,1.3347486152011212,0.0016524736987024763,6.051533532940347e-43,0.001438683309757228,2023-05-31,2023-12-02,0.3334146620034797,1.0
shm_vesc_low,3000,280.0,0.0005255994663889714,0.0003780015515302841,1.3904690715187773,0.0010735244063460067,9.315111925622033e-43,0.0015822873205171434,2023-05-31,2023-12-02,0.38447636576106,1.0
shm_vesc_low,3000,290.0,0.0003390318117195006,0.0002312388584231929,1.4661541491397374,0.0006567183579218677,1.5227227744392883e-42,0.001774971610898109,2023-05-31,2023-12-02,0.4504124142509858,1.0
shm_vesc_low,3000,300.0,0.0002052397245997889,0.00013079640543555636,1.5691541668621078,0.00037146179143698004,2.69206691792325e-42,0.0020464090970784667,2023-05-31,2023-12-02,0.5337362610680532,1.0
shm_vesc_low,3000,310.0,0.00011432938337326848,6.681691413837049e-05,1.7110844588917244,0.0001897600361529722,5.2698134985275036e-42,0.0024441361456336618,2023-05-31,2023-12-02,0.6361191413901901,1.0
shm_vesc_low,3000,320.0,5.702111758251179e-05,2.9852527641223775e-05,1.9100934523135833,8.478117850107552e-05,1.1795070765468472e-41,0.003050018073660105,2023-05-31,2023-12-02,0.7550348196260986,1.0
shm_vesc_low,3000,330.0,2.443113995318716e-05,1.1142960659491564e-05,2.1925178325364305,3.164600827295604e-05,3.159956198502853e-41,0.004011704552655128,2023-05-31,2023-12-02,0.8760540806175079,1.0
shm_vesc_low,3000,340.0,8.401122002968668e-06,3.2463350620769043e-06,2.587878897994556,9.219591576298408e-06,1.0846467457091977e-40,0.005590818077410516,2023-05-31,2023-12-02,0.9651435955286657,1.0
shm_vesc_low,3000,350.0,2.0490308768411537e-06,6.577725729183903e-07,3.1151053741113897,1.8680741070882284e-06,5.3531066899626504e-40,0.008128927575829786,2023-05-31,2023-12-02,0.9964861582612503,1.0
shm_vesc_low,3000,360.0,2.7683185555842026e-07,7.304122140471685e-08,3.7900770309482126,2.0743706878939584e-07,4.8207391563909326e-39,0.0113562896298572,2023-05-31,2023-12-02,0.9998084854212501,0.7123287671232876
shm_vesc_low,3000,370.0,1.3295195718539826e-08,2.974767767791305e-09,4.469322231634638,8.448340460527307e-09,1.1836644186775405e-37,0.013650291852628452,2023-05-31,2023-01-01,1.0,0.6027397260273972
shm_vesc_low,3000,380.0,2.445838129408984e-10,5.2747566162794e-11,4.636873902125515,1.4980308790233495e-10,6.675429819256838e-36,0.008703480323693462,2023-05-31,2023-01-01,1.0,0.4246575342465753
shm_vesc_low,3000,390.0,2.0721190409984915e-14,8.891620770130743e-15,2.3304176983787657,2.5252202987171308e-14,3.960050537008683e-32,0.00457714046851501,2023-05-31,2023-01-01,1.0,0.1506849315068493
shm_vesc_low,3000,400.0,0.0,0.0,0.0,0.0,,0.0,,,,0.0
shm_vesc_low,3000,410.0,0.0,0.0,0.0,0.0,,0.0,,,,0.0
shm_vesc_low,3000,420.0,0.0,0.0,0.0,0.0,,0.0,,,,0.0
shm_vesc_low,3000,430.0,0.0,0.0,0.0,0.0,,0.0,,,,0.0
shm_vesc_low,3000,440.0,0.0,0.0,0.0,0.0,,0.0,,,,0.0
shm_vesc_low,3000,450.0,0.0,0.0,0.0,0.0,,0.0,,,,0.0
shm_vesc_low,3000,460.0,0.0,0.0,0.0,0.0,,0.0,,,,0.0
shm_vesc_low,10000,0.0,1.7956231901930806,1.8401186496921023,0.9758192443153234,5.2259369651255705,1.913532456807909e-46,1.1122568387199585e-05,2023-12-02,2023-05-31,0.025462121634627584,1.0
shm_vesc_low,10000,10.0,1.6650895318581371,1.6945007760766015,0.9826431214233124,4.812382204057548,2.077972940629804e-46,1.1163624306066016e-05,2023-12-02,2023-05-31,0.018145176184476062,1.0
shm_vesc_low,10000,20.0,1.4831352676093923,1.4946652967303575,0.992285878887944,4.244849442714215,2.355796156012983e-46,1.1616360449305285e-05,2023-12-02,2023-05-31,0.00784592884725443,1.0
shm_vesc_low,10000,30.0,1.265505437701847,1.260406140774565,1.004045756968582,3.5795534397997644,2.793644561585142e-46,1.2564126472315351e-05,2023-05-31,2023-12-02,0.004640676339354998,1.0
shm_vesc_low,10000,40.0,1.03448913341239,1.0169395346548618,1.0172572686570636,2.888108278419807,3.4624740612119213e-46,1.412228837010293e-05,2023-05-31,2023-12-02,0.018564676215793344,1.0
shm_vesc_low,10000,50.0,0.8126658447529851,0.7881494395365988,1.0311062902370407,2.2383444082839405,4.467587723761709e-46,1.6443498899642296e-05,2023-05-31,2023-12-02,0.033090522967044914,1.0
shm_vesc_low,10000,60.0,0.6164194393724808,0.5899417143773378,1.0448819338417004,1.6754344688316392,5.968601091854986e-46,1.9737681411369913e-05,2023-05-31,2023-12-02,0.04745152405359936,1.0
shm_vesc_low,10000,70.0,0.4540117376146865,0.42895834657233717,1.0584051837259785,1.2182417042654374,8.208551689690917e-46,2.428351980750696e-05,2023-05-31,2023-12-02,0.061456170907784095,1.0
shm_vesc_low,10000,80.0,0.3264192274177289,0.30458600139051983,1.07168164632496,0.8650242439490763,1.1560369631199258e-45,3.0457648565483223e-05,2023-05-31,2023-12-02,0.07511936952715026,1.0
shm_vesc_low,10000,90.0,0.23008816780236066,0.21210803672921758,1.0847687402627604,0.6023868243109779,1.6600628693096334e-45,3.877061904495636e-05,2023-05-31,2023-12-02,0.08850762657112593,1.0
shm_vesc_low,10000,100.0,0.15953121859008013,0.14531262075108187,1.0978483339265794,0.4126878429330725,2.4231389829483653e-45,4.991701794178917e-05,2023-05-31,2023-12-02,0.10181413779899305,1.0
shm_vesc_low,10000,110.0,0.10904397443586031,0.09814765685218979,1.1110196405409898,0.278739345460219,3.587581072736348e-45,6.484830170314643e-05,2023-05-31,2023-12-02,0.11513466373324249,1.0
shm_vesc_low,10000,120.0,0.07362758061830722,0.06548702671298459,1.1243078868277363,0.18598315586487624,5.376831011118757e-45,8.48212827482066e-05,2023-05-31,2023-12-02,0.1284907804830705,1.0
shm_vesc_low,10000,130.0,0.049209782967186096,0.04325370041286654,1.1377011099042944,0.12284050917254097,8.140637048283532e-45,0.00011145542740409428,2023-05-31,2023-12-02,0.1418671829260285,1.0
shm_vesc_low,10000,140.0,0.03262681772986615,0.028342134758456466,1.151177143427111,0.08049166271401637,1.242364695028055e-44,0.00014677813025889118,2023-05-31,2023-12-02,0.15523916931515966,1.0
shm_vesc_low,10000,150.0,0.021509630985371276,0.018469755412491833,1.1645866718312605,0.0524541053714768,1.9064284728870323e-44,0.0001932257271330259,2023-05-31,2023-12-02,0.16844132871597664,1.0
shm_vesc_low,10000,160.0,0.014142556798755528,0.012010105404060297,1.1775547610077015,0.034108699347531246,2.9318033789886477e-44,0.0002534534670859576,2023-05-31,2023-12-02,0.1810904835620533,1.0
shm_vesc_low,10000,170.0,0.009310456708442993,0.0078270511258045,1.18952291978111,0.02222882519728478,4.498663294730253e-44,0.0003298525587744972,2023-05-31,2023-12-02,0.19263389601003958,1.0
shm_vesc_low,10000,180.0,0.006167011580532112,0.005139955017414136,1.1998182006726352,0.014597472249456145,6.850501120406355e-44,0.0004237060857139928,2023-05-31,2023-12-02,0.2024278317990719,1.0
shm_vesc_low,10000,190.0,0.004132288968089376,0.0034211684303301097,1.2078589675547338,0.00971611834213751,1.0292175998548035e-43,0.0005340731080276245,2023-05-31,2023-12-02,0.20995291318504308,1.0
shm_vesc_low,10000,200.0,0.002815324044617829,0.002319995827370269,1.2135039259139608,0.006588788149731564,1.517729781675772e-43,0.0006569037609289653,2023-05-31,2023-12-02,0.21515640061076358,1.0
shm_vesc_low,10000,210.0,0.0019570110032640395,0.0016075345491391433,1.2173990315244207,0.004565398119555167,2.1903894771337832e-43,0.0007852374525915616,2023-05-31,2023-12-02,0.21877549659215,1.0
shm_vesc_low,10000,220.0,0.0013886957167628332,0.0011372605835418246,1.2210884091647247,0.003229820057258782,3.096147718051889e-43,0.0009110812455718095,2023-05-31,2023-12-02,0.2224054491835773,1.0
shm_vesc_low,10000,230.0,0.0010027603122550913,0.0008174173344215144,1.2267421671021252,0.002321465229757101,4.3076242847911696e-43,0.0010283671788590006,2023-05-31,2023-12-02,0.22819311238069687,1.0
shm_vesc_low,10000,240.0,0.0007319839004088196,0.0005918961767990545,1.2366761758242004,0.0016809851421093148,5.94889255680863e-43,0.001135383107992872,2023-05-31,2023-12-02,0.23834139126728257,1.0
shm_vesc_low,10000,250.0,0.0005353224827073324,0.00042722983426501384,1.253008193185469,0.0012133327293126393,8.241762344666219e-43,0.0012354454164800513,2023-05-31,2023-12-02,0.2547581334085888,1.0
shm_vesc_low,10000,260.0,0.000388243863348799,0.0003038759068695196,1.2776395053771272,0.0008630075755094356,1.1587383800306705e-42,0.0013360489596529604,2023-05-31,2023-12-02,0.2790121756275219,1.0
shm_vesc_low,10000,270.0,0.00027628385777537845,0.00021049782152792666,1.3125259718601126,0.0005978138131393117,1.672761615775788e-42,0.0014478011043171563,2023-05-31,2023-12-02,0.3125252856442758,1.0
shm_vesc_low,10000,280.0,0.00019083712471688815,0.00014030942314729121,1.360116237642535,0.00039847876173830705,2.5095440360174828e-42,0.0015841524881009914,2023-05-31,2023-12-02,0.3568356449537052,1.0
shm_vesc_low,10000,290.0,0.0001264940075826186,8.883544300562415e-05,1.4239137364870267,0.0002522926581359726,3.963650814844767e-42,0.0017625634141117035,2023-05-31,2023-12-02,0.41380004256054687,1.0
shm_vesc_low,10000,300.0,7.943138581320055e-05,5.2630388243348294e-05,1.5092304743398792,0.00014947030261110915,6.690292202069019e-42,0.002007558348664095,2023-05-31,2023-12-02,0.48560812453408986,1.0
shm_vesc_low,10000,310.0,4.651604843491519e-05,2.8637665701315284e-05,1.624296090333186,8.13309705917354e-05,1.229543915096984e-41,0.0023566678024924425,2023-05-31,2023-12-02,0.5743427625356874,1.0
shm_vesc_low,10000,320.0,2.4880287993596265e-05,1.3962739013622947e-05,1.7819059691169086,3.965417879868917e-05,2.5218023176741627e-41,0.0028715306182038117,2023-05-31,2023-12-02,0.6804016302412222,1.0
shm_vesc_low,10000,330.0,1.179811833912307e-05,5.894777185988434e-06,2.0014528059120806,1.674116720820715e-05,5.97329915867373e-41,0.0036584844411139635,2023-05-31,2023-12-02,0.7983567314351975,1.0
shm_vesc_low,10000,340.0,4.737100166834481e-06,2.0512925742553496e-06,2.3093244846138634,5.825670910885192e-06,1.7165404900086488e-40,0.004903029832566242,2023-05-31,2023-12-02,0.9092686074253992,1.0
shm_vesc_low,10000,350.0,1.490875887736654e-06,5.458637372703269e-07,2.7312235379327476,1.5502530138477283e-06,6.450559947746851e-40,0.006893949988577919,2023-05-31,2023-12-02,0.9791780770554447,1.0
shm_vesc_low,10000,360.0,3.18855242935579e-07,9.71209140403375e-08,3.283074980154614,2.7582339587455847e-07,3.625508259838804e-39,0.009808703956668469,2023-05-31,2023-12-02,0.9981358550176855,0.958904109589041
shm_vesc_low,10000,370.0,3.488948860615601e-08,8.805705991055802e-09,3.9621455271836497,2.5008205014598478e-08,3.9986876283853737e-38,0.012765290669039189,2023-05-31,2023-12-02,0.9998802060438959,0.7123287671232876
shm_vesc_low,10000,380.0,1.3108030291854257e-09,2.953118459442884e-10,4.438707919060969,8.38685642481779e-10,1.1923418612972448e-36,0.013720894293739003,2023-05-31,2023-01-01,1.0,0.589041095890411
shm_vesc_low,10000,390.0,3.767981523449775e-11,7.823801615550138e-12,4.816049420221432,2.221959658816239e-11,4.500531753725697e-35,0.007051243931375123,2023-05-31,2023-01-01,1.0,0.3835616438356164
shm_vesc_low,10000,400.0,0.0,0.0,0.0,0.0,,0.0,,,,0.0
shm_vesc_low,10000,410.0,0.0,0.0,0.0,0.0,,0.0,,,,0.0
shm_vesc_low,10000,420.0,0.0,0.0,0.0,0.0,,0.0,,,,0.0
shm_vesc_low,10000,430.0,0.0,0.0,0.0,0.0,,0.0,,,,0.0
shm_vesc_low,10000,440.0,0.0,0.0,0.0,0.0,,0.0,,,,0.0
shm_vesc_low,10000,450.0,0.0,0.0,0.0,0.0,,0.0,,,,0.0
shm_vesc_low,10000,460.0,0.0,0.0,0.0,0.0,,0.0,,,,0.0
shm_vesc_high,50,0.0,188.5612914868258,185.65053840170242,1.0156786676202643,527.2475290608348,1.8966423641306777e-48,1.3227975180389856e-13,2023-05-31,2023-12-02,0.01678795664207585,1.0
shm_vesc_high,50,10.0,145.90232486867532,141.406678394596,1.0317923207384463,401.5949666406527,2.4900710493585452e-48,2.595020965303089e-14,2023-05-31,2023-12-02,0.03371922448964483,1.0
shm_vesc_high,50,20.0,105.46887515957775,100.39123959852924,1.050578472597353,285.11112045982304,3.5074044056479265e-48,4.153815089938498e-15,2023-05-31,2023-12-02,0.053284670130953685,1.0
shm_vesc_high,50,30.0,70.96366737755858,66.23385893259716,1.0714107334403498,188.10415936857592,5.316203551036718e-48,5.177666200042178e-16,2023-05-31,2023-12-02,0.07476023474806327,1.0
shm_vesc_high,50,40.0,44.47062937629791,40.667791508330446,1.093509820103914,115.49652788365846,8.65826893954177e-48,4.706974210912905e-17,2023-05-31,2023-12-02,0.09728568147891867,1.0
shm_vesc_high,50,50.0,26.0698969525463,23.350446223985955,1.1164624736707123,66.31526727612011,1.5079483821368786e-47,2.859221657454907e-18,2023-05-31,2023-12-02,0.12040472308980052,1.0
shm_vesc_high,50,60.0,14.388550328340923,12.617374669744276,1.1403759264471889,35.83334406207374,2.790696838865248e-47,1.0304048236238598e-19,2023-05-31,2023-12-02,0.14422439475800466,1.0
shm_vesc_high,50,70.0,7.5177033019682105,6.4466544078871975,1.166140268473308,18.30849851839964,5.461944347839457e-47,1.871803314933283e-21,2023-05-31,2023-12-02,0.16963452692227818,1.0
shm_vesc_high,50,80.0,3.72394267174694,3.114342812523734,1.195739485316715,8.844733587567404,1.1306163041537504e-46,1.365333193934766e-23,2023-05-31,2023-12-02,0.19855426698562428,1.0
shm_vesc_high,50,90.0,1.740735269223636,1.4121916451996623,1.232648044010714,4.010624272367041,2.493377419794568e-46,2.7951701806672296e-26,2023-05-31,2023-12-02,0.2342246409743616,1.0
shm_vesc_high,50,100.0,0.7567910366639445,0.589312586665865,1.2841928948872738,1.6736477461310564,5.974972943450516e-46,8.243506424409015e-30,2023-05-31,2023-12-02,0.2832637458624173,1.0
shm_vesc_high,50,110.0,0.2961727821954954,0.21688081341850846,1.3656015833174675,0.615941510108564,1.6235307794464818e-45,8.817539460899464e-35,2023-05-31,2023-12-02,0.3583895056587328,1.0
shm_vesc_high,50,120.0,0.09767170299662942,0.06446366503073642,1.5151434990557755,0.18307680868729143,5.462188286819403e-45,3.5568658852461185e-39,2023-05-31,2023-12-02,0.4876686679379561,1.0
shm_vesc_high,50,130.0,0.023191303266490004,0.012402907519337534,1.8698279601240388,0.035224257354918596,2.8389526851454356e-44,2.084826991159325e-46,2023-05-31,2023-12-02,0.7410979523235965,1.0
shm_vesc_high,50,140.0,0.0022534713799771734,0.000745434874653163,3.02302918283193,0.002117035044014983,4.723587372004422e-43,3.5661153935832792e-59,2023-05-31,2023-12-02,0.9999979099406862,0.7671232876712328
shm_vesc_high,50,150.0,0.0,0.0,0.0,0.0,,0.0,,,,0.0
shm_vesc_high,50,160.0,0.0,0.0,0.0,0.0,,0.0,,,,0.0
shm_vesc_high,50,170.0,0.0,0.0,0.0,0.0,,0.0,,,,0.0
shm_vesc_high,50,180.0,0.0,0.0,0.0,0.0,,0.0,,,,0.0
shm_vesc_high,50,190.0,0.0,0.0,0.0,0.0,,0.0,,,,0.0
shm_vesc_high,50,200.0,0.0,0.0,0.0,0.0,,0.0,,,,0.0
shm_vesc_high,50,210.0,0.0,0.0,0.0,0.0,,0.0,,,,0.0
shm_vesc_high,50,220.0,0.0,0.0,0.0,0.0,,0.0,,,,0.0
shm_vesc_high,50,230.0,0.0,0.0,0.0,0.0,,0.0,,,,0.0
shm_vesc_high,50,240.0,0.0,0.0,0.0,0.0,,0.0,,,,0.0
shm_vesc_high,50,250.0,0.0,0.0,0.0,0.0,,0.0,,,,0.0
shm_vesc_high,50,260.0,0.0,0.0,0.0,0.0,,0.0,,,,0.0
shm_vesc_high,50,270.0,0.0,0.0,0.0,0.0,,0.0,,,,0.0
shm_vesc_high,50,280.0,0.0,0.0,0.0,0.0,,0.0,,,,0.0
shm_vesc_high,50,290.0,0.0,0.0,0.0,0.0,,0.0,,,,0.0
shm_vesc_high,50,300.0,0.0,0.0,0.0,0.0,,0.0,,,,0.0
shm_vesc_high,50,310.0,0.0,0.0,0.0,0.0,,0.0,,,,0.0
shm_vesc_high,50,320.0,0.0,0.0,0.0,0.0,,0.0,,,,0.0
shm_vesc_high,50,330.0,0.0,0.0,0.0,0.0,,0.0,,,,0.0
shm_vesc_high,50,340.0,0.0,0.0,0.0,0.0,,0.0,,,,0.0
shm_vesc_high,50,350.0,0.0,0.0,0.0,0.0,,0.0,,,,0.0
shm_vesc_high,50,360.0,0.0,0.0,0.0,0.0,,0.0,,,,0.0
shm_vesc_high,50,370.0,0.0,0.0,0.0,0.0,,0.0,,,,0.0
shm_vesc_high,50,380.0,0.0,0.0,0.0,0.0,,0.0,,,,0.0
shm_vesc_high,50,390.0,0.0,0.0,0.0,0.0,,0.0,,,,0.0
shm_vesc_high,50,400.0,0.0,0.0,0.0,0.0,,0.0,,,,0.0
shm_vesc_high,50,410.0,0.0,0.0,0.0,0.0,,0.0,,,,0.0
shm_vesc_high,50,420.0,0.0,0.0,0.0,0.0,,0.0,,,,0.0
shm_vesc_high,50,430.0,0.0,0.0,0.0,0.0,,0.0,,,,0.0
shm_vesc_high,50,440.0,0.0,0.0,0.0,0.0,,0.0,,,,0.0
shm_vesc_high,50,450.0,0.0,0.0,0.0,0.0,,0.0,,,,0.0
shm_vesc_high,50,460.0,0.0,0.0,0.0,0.0,,0.0,,,,0.0
shm_vesc_high,100,0.0,140.3619193133426,141.20872313538396,0.9940031762681582,401.0327737044904,2.493561787388657e-48,4.2635080267387877e-07,2023-12-02,2023-05-31,0.0060766852960373015,1.0
shm_vesc_high,100,10.0,119.91342656488327,119.21005672434578,1.0059002559000867,338.556561097142,2.953716202572929e-48,4.041094667548203e-07,2023-05-31,2023-12-02,0.0065635871057193144,1.0
shm_vesc_high,100,20.0,97.25851155678264,95.31628689949426,1.0203766294351808,270.6982547945637,3.6941501553414614e-48,4.001640294715538e-07,2023-05-31,2023-12-02,0.021846647032828244,1.0
shm_vesc_high,100,30.0,74.64459806580594,72.0040273047067,1.0366725426332735,204.491437545367,4.890180302919271e-48,4.150672683648145e-07,2023-05-31,2023-12-02,0.038911533536141484,1.0
shm_vesc_high,100,40.0,54.23238580953736,51.45122976730102,1.0540542190111821,146.1214925391349,6.843620213721644e-48,4.5039247667153294e-07,2023-05-31,2023-12-02,0.05694267744803692,1.0
shm_vesc_high,100,50.0,37.45859456163954,34.95018010787346,1.0717711452708938,99.25851150636062,1.0074702761746721e-47,5.08562046939115e-07,2023-05-31,2023-12-02,0.07516533982156234,1.0
shm_vesc_high,100,60.0,24.755244471069936,22.72500552984214,1.0893394256191364,64.53901570475168,1.5494503426806602e-47,5.929065931037713e-07,2023-05-31,2023-12-02,0.09306264610957353,1.0
shm_vesc_high,100,70.0,15.763339529518012,14.243904305800589,1.1066726643971245,40.45268822847367,2.4720236003898604e-47,7.074542564926107e-07,2023-05-31,2023-12-02,0.11056258440783817,1.0
shm_vesc_high,100,80.0,9.729182072096611,8.65629348178192,1.1239431856801871,24.583873488260654,4.0677072328635365e-47,8.567943977041438e-07,2023-05-31,2023-12-02,0.12785460330930598,1.0
shm_vesc_high,100,90.0,5.844470056106408,5.12006794750394,1.141482909217175,14.540992970911189,6.87710943812757e-47,1.0455896698608011e-06,2023-05-31,2023-12-02,0.14527776492941594,1.0
shm_vesc_high,100,100.0,3.425148585640173,2.953308351366663,1.1597666677965282,8.387395717881322,1.1922651960585003e-46,1.2772132601840658e-06,2023-05-31,2023-12-02,0.1633090615805765,1.0
shm_vesc_high,100,110.0,1.959191393683722,1.6609883966220798,1.1795334619242928,4.717207046406706,2.119898469925635e-46,1.5515919199239396e-06,2023-05-31,2023-12-02,0.18266263910789624,1.0
shm_vesc_high,100,120.0,1.0924143576913916,0.909063345637404,1.201692228527186,2.581739901610227,3.873356876021095e-46,1.860777710134049e-06,2023-05-31,2023-12-02,0.2041866219762146,1.0
shm_vesc_high,100,130.0,0.5920770892494802,0.48234180234221613,1.2275052387630465,1.3698507186518938,7.300065520892134e-46,2.180882574633366e-06,2023-05-31,2023-12-02,0.22902344229055177,1.0
shm_vesc_high,100,140.0,0.31042482216158174,0.24658049859025802,1.2589187869127219,0.7002886159963327,1.4279826590887162e-45,2.46017966935102e-06,2023-05-31,2023-12-02,0.2588955574377166,1.0
shm_vesc_high,100,150.0,0.1562046514328697,0.12024173008292864,1.2990885221390116,0.34148651343551734,2.9283733343947396e-45,2.6071413987033393e-06,2023-05-31,2023-12-02,0.29645641128321504,1.0
shm_vesc_high,100,160.0,0.074524060449982,0.055083159654760364,1.3529372845906005,0.15643617341951943,6.392383411976404e-45,2.495382705076512e-06,2023-05-31,2023-12-02,0.3455480944843601,1.0
shm_vesc_high,100,170.0,0.033101070170869745,0.02316557280710958,1.4288906407145232,0.06579022677219121,1.5199826008544614e-44,2.023664843787873e-06,2023-05-31,2023-12-02,0.4120956324328785,1.0
shm_vesc_high,100,180.0,0.01330809224016335,0.008627135862723508,1.5425852162205438,0.024501065850134764,4.0814550930832246e-44,1.254095719412798e-06,2023-05-31,2023-12-02,0.5053036665649816,1.0
shm_vesc_high,100,190.0,0.004625551083505843,0.002680224101743247,1.7258075847080603,0.00761183644895082,1.31374341357247e-43,5.028819270871097e-07,2023-05-31,2023-12-02,0.6381257748190347,1.0
shm_vesc_high,100,200.0,0.0012804045155993251,0.0006251056570824577,2.0483009569539488,0.0017753000661141797,5.632850576008959e-43,9.874091927074887e-08,2023-05-31,2023-12-02,0.8173813513806312,1.0
shm_vesc_high,100,210.0,0.00023834268165735508,8.999563496116643e-05,2.648380466010392,0.00025558760328971266,3.912552827792997e-42,5.728202302678541e-09,2023-05-31,2023-12-02,0.9778689292927109,1.0
shm_vesc_high,100,220.0,1.906982651179707e-05,5.182062833352919e-06,3.6799682144067005,1.4717058446722288e-05,6.794836098668312e-41,3.513597229682791e-11,2023-05-31,2023-01-01,1.0,0.6575342465753424
shm_vesc_high,100,230.0,9.208299144759819e-08,1.632708246498802e-08,5.639892592265764,4.6368914200565976e-08,2.156617245067589e-38,3.433680291178655e-16,2023-05-31,2023-01-01,1.0,0.3150684931506849
shm_vesc_high,100,240.0,0.0,0.0,0.0,0.0,,0.0,,,,0.0
shm_vesc_high,100,250.0,0.0,0.0,0.0,0.0,,0.0,,,,0.0
shm_vesc_high,100,260.0,0.0,0.0,0.0,0.0,,0.0,,,,0.0
shm_vesc_high,100,270.0,0.0,0.0,0.0,0.0,,0.0,,,,0.0
shm_vesc_high,100,280.0,0.0,0.0,0.0,0.0,,0.0,,,,0.0
shm_vesc_high,100,290.0,0.0,0.0,0.0,0.0,,0.0,,,,0.0
shm_vesc_high,100,300.0,0.0,0.0,0.0,0.0,,0.0,,,,0.0
shm_vesc_high,100,310.0,0.0,0.0,0.0,0.0,,0.0,,,,0.0
shm_vesc_high,100,320.0,0.0,0.0,0.0,0.0,,0.0,,,,0.0
shm_vesc_high,100,330.0,0.0,0.0,0.0,0.0,,0.0,,,,0.0
shm_vesc_high,100,340.0,0.0,0.0,0.0,0.0,,0.0,,,,0.0
shm_vesc_high,100,350.0,0.0,0.0,0.0,0.0,,0.0,,,,0.0
shm_vesc_high,100,360.0,0.0,0.0,0.0,0.0,,0.0,,,,0.0
shm_vesc_high,100,370.0,0.0,0.0,0.0,0.0,,0.0,,,,0.0
shm_vesc_high,100,380.0,0.0,0.0,0.0,0.0,,0.0,,,,0.0
shm_vesc_high,100,390.0,0.0,0.0,0.0,0.0,,0.0,,,,0.0
shm_vesc_high,100,400.0,0.0,0.0,0.0,0.0,,0.0,,,,0.0
shm_vesc_high,100,410.0,0.0,0.0,0.0,0.0,,0.0,,,,0.0
shm_vesc_high,100,420.0,0.0,0.0,0.0,0.0,,0.0,,,,0.0
shm_vesc_high,100,430.0,0.0,0.0,0.0,0.0,,0.0,,,,0.0
shm_vesc_high,100,440.0,0.0,0.0,0.0,0.0,,0.0,,,,0.0
shm_vesc_high,100,450.0,0.0,0.0,0.0,0.0,,0.0,,,,0.0
shm_vesc_high,100,460.0,0.0,0.0,0.0,0.0,,0.0,,,,0.0
shm_vesc_high,200,0.0,80.76143718790776,82.06283134050678,0.9841414909607604,233.05844100703922,4.290769283785762e-48,3.4113454328096795e-06,2023-12-02,2023-05-31,0.016570874751829834,1.0
shm_vesc_high,200,10.0,72.1069772231451,72.57282356317322,0.9935809809077828,206.10681891941192,4.851853059703966e-48,3.3534956110901718e-06,2023-12-02,2023-05-31,0.006491158796330193,1.0
shm_vesc_high,200,20.0,61.54290163893187,61.19622475557592,1.0056650044139261,173.7972783058356,5.753830035475434e-48,3.4310990780689793e-06,2023-05-31,2023-12-02,0.006346584821850299,1.0
shm_vesc_high,200,30.0,50.06406811113444,49.10078538586374,1.0196184789652678,139.446230495853,7.171222889597858e-48,3.66415418184492e-06,2023-05-31,2023-12-02,0.021069667344379338,1.0
shm_vesc_high,200,40.0,38.818958616696186,37.52057045175182,1.0346047021490246,106.55842008297518,9.384523524479037e-48,4.083719243966382e-06,2023-05-31,2023-12-02,0.03675752456798271,1.0
shm_vesc_high,200,50.0,28.79166666278996,27.42231361483814,1.0499357226813593,77.8793706661403,1.2840370838214426e-47,4.732593677342487e-06,2023-05-31,2023-12-02,0.05267054403539639,1.0
shm_vesc_high,200,60.0,20.54980409625585,19.293286497337412,1.0651271932903628,54.79293365243825,1.8250528550692059e-47,5.668153058392904e-06,2023-05-31,2023-12-02,0.06832098574086279,1.0
shm_vesc_high,200,70.0,14.20745244909972,13.156282883439738,1.079898674646402,37.36384338896885,2.676384197390239e-47,6.9691187733486745e-06,2023-05-31,2023-12-02,0.08342423632240374,1.0
shm_vesc_high,200,80.0,9.570446293961885,8.745925577972935,1.0942748378817158,24.838428641443134,4.026019578112487e-47,8.743902851079808e-06,2023-05-31,2023-12-02,0.09801450837883374,1.0
shm_vesc_high,200,90.0,6.309802667176415,5.692790436727898,1.1083848487497043,16.16752484030723,6.18523867986831e-47,1.1142719435141045e-05,2023-05-31,2023-12-02,0.11223377225036112,1.0
shm_vesc_high,200,100.0,4.084919099888013,3.63950284001184,1.1223838198391745,10.336188065633625,9.674746566627011e-47,1.4372563747104434e-05,2023-05-31,2023-12-02,0.12624675438142235,1.0
shm_vesc_high,200,110.0,2.6026000855209332,2.290026612923163,1.1364933799606711,6.503675580701783,1.5375920701937818e-46,1.871811363371097e-05,2023-05-31,2023-12-02,0.1402813851979658,1.0
shm_vesc_high,200,120.0,1.6342283745910167,1.419922472940143,1.1509278891875865,4.032579823150006,2.479802121359772e-46,2.4571407182252063e-05,2023-05-31,2023-12-02,0.15454964363056814,1.0
shm_vesc_high,200,130.0,1.012375295551605,0.868311017170661,1.1659132217973796,2.466003288764677,4.055144632434539e-46,3.2467697177077793e-05,2023-05-31,2023-12-02,0.1692696031808201,1.0
shm_vesc_high,200,140.0,0.6191764122454051,0.5239705165643951,1.1817008642113347,1.488076267042882,6.720085671329257e-46,4.313502427747099e-05,2023-05-31,2023-12-02,0.18467835786178038,1.0
shm_vesc_high,200,150.0,0.37408745256390963,0.31210362814901893,1.1986001405446511,0.8863743039432137,1.1281915501738934e-45,5.755823839000623e-05,2023-05-31,2023-12-02,0.20106314070214748,1.0
shm_vesc_high,200,160.0,0.22335779371887007,0.18354137701036055,1.216934281288856,0.5212575107094239,1.9184375849836954e-45,7.706055919026478e-05,2023-05-31,2023-12-02,0.21870057329990683,1.0
shm_vesc_high,200,170.0,0.13187739925349473,0.10661788080901921,1.236916343232539,0.3027947814976145,3.302566824481016e-45,0.00010337035213553694,2023-05-31,2023-12-02,0.2377423196183688,1.0
shm_vesc_high,200,180.0,0.07709570058301007,0.06125619045840754,1.2585781127763311,0.17396758090187742,5.748197421702541e-45,0.00013861966463782956,2023-05-31,2023-12-02,0.2581447025872659,1.0
shm_vesc_high,200,190.0,0.04473094163970903,0.034902047294122704,1.2816136905310267,0.09912181431530848,1.0088596611226061e-44,0.00018516033753940945,2023-05-31,2023-12-02,0.279527040393917,1.0
shm_vesc_high,200,200.0,0.025858986881920898,0.019811841535809428,1.3052288367631752,0.056265629961698774,1.7772839310263148e-44,0.00024499370697177083,2023-05-31,2023-12-02,0.3010600334339388,1.0
shm_vesc_high,200,210.0,0.01498082647502,0.0112791337828113,1.328189448187045,0.03203273994318409,3.1218060077710567e-44,0.0003185862790372951,2023-05-31,2023-12-02,0.3215833704207534,1.0
shm_vesc_high,200,220.0,0.008757841116408262,0.0064897578956535995,1.3494865690249664,0.018430912423656222,5.425667362601604e-44,0.000403193928481791,2023-05-31,2023-12-02,0.3403154999649485,1.0
shm_vesc_high,200,230.0,0.005197331137895496,0.003793932355119063,1.3699061162444977,0.010774767888538138,9.28094238636703e-44,0.0004917506514969317,2023-05-31,2023-12-02,0.3583384834601226,1.0
shm_vesc_high,200,240.0,0.0031341642902693,0.002248237966326382,1.394053626534259,0.006384995824366925,1.5661717368454982e-43,0.0005742722829445512,2023-05-31,2023-12-02,0.3802621992068128,1.0
shm_vesc_high,200,250.0,0.0019044208603065692,0.0013302614781451434,1.4316139282346263,0.003777942597932207,2.6469433403973184e-43,0.0006424693731400636,2023-05-31,2023-12-02,0.41482729933116097,1.0
shm_vesc_high,200,260.0,0.0011419765165060435,0.0007623543019929443,1.4979603493030627,0.0021650862176599618,4.6187537098675264e-43,0.0006946458520219227,2023-05-31,2023-12-02,0.4742841321210389,1.0
shm_vesc_high,200,270.0,0.0006527081380338952,0.0004035467664472835,1.6174287401189236,0.001146072816710285,8.725449076354711e-43,0.0007369973181710282,2023-05-31,2023-12-02,0.5739450934821121,1.0
shm_vesc_high,200,280.0,0.00033730280822934087,0.00018377894320533838,1.8353724444506598,0.0005219321987031609,1.915957671292725e-42,0.0007814818353989632,2023-05-31,2023-12-02,0.7294708835653229,1.0
shm_vesc_high,200,290.0,0.00014440202644881673,6.440856313053104e-05,2.2419693815583206,0.00018292031929070815,5.46686122065389e-42,0.0008432350990618099,2023-05-31,2023-12-02,0.9207916024190262,1.0
shm_vesc_high,200,300.0,4.2683455632802095e-05,1.4540548831261789e-05,2.935477616981954,4.1295158680783476e-05,2.4215913728050295e-41,0.0009343708731973042,2023-05-31,2023-12-02,0.9983806907360684,0.9315068493150684
shm_vesc_high,200,310.0,5.102083265144069e-06,1.2627488041010114e-06,4.040457808056603,3.5862066036468723e-06,2.7884617662102447e-40,0.001003199497842948,2023-05-31,2023-01-01,1.0,0.5753424657534246
shm_vesc_high,200,320.0,5.128691780497972e-08,8.874001400364889e-09,5.7794579345988,2.5202163977036284e-08,3.9679132351935344e-38,0.0011082508234372167,2023-05-31,2023-01-01,1.0,0.2876712328767123
shm_vesc_high,200,330.0,0.0,0.0,0.0,0.0,,0.0,,,,0.0
shm_vesc_high,200,340.0,0.0,0.0,0.0,0.0,,0.0,,,,0.0
shm_vesc_high,200,350.0,0.0,0.0,0.0,0.0,,0.0,,,,0.0
shm_vesc_high,200,360.0,0.0,0.0,0.0,0.0,,0.0,,,,0.0
shm_vesc_high,200,370.0,0.0,0.0,0.0,0.0,,0.0,,,,0.0
shm_vesc_high,200,380.0,0.0,0.0,0.0,0.0,,0.0,,,,0.0
shm_vesc_high,200,390.0,0.0,0.0,0.0,0.0,,0.0,,,,0.0
shm_vesc_high,200,400.0,0.0,0.0,0.0,0.0,,0.0,,,,0.0
shm_vesc_high,200,410.0,0.0,0.0,0.0,0.0,,0.0,,,,0.0
shm_vesc_high,200,420.0,0.0,0.0,0.0,0.0,,0.0,,,,0.0
shm_vesc_high,200,430.0,0.0,0.0,0.0,0.0,,0.0,,,,0.0
shm_vesc_high,200,440.0,0.0,0.0,0.0,0.0,,0.0,,,,0.0
shm_vesc_high,200,450.0,0.0,0.0,0.0,0.0,,0.0,,,,0.0
shm_vesc_high,200,460.0,0.0,0.0,0.0,0.0,,0.0,,,,0.0
shm_vesc_high,500,0.0,34.42028318263177,35.15805427297927,0.9790155881602778,99.84887413526113,1.0015135460068799e-47,7.738793397435262e-06,2023-12-02,2023-05-31,0.022046848047504966,1.0
shm_vesc_high,500,10.0,31.491947515197555,31.912006330729064,0.9868369662760119,90.63009797927053,1.1033862064550853e-47,7.714300384578433e-06,2023-12-02,2023-05-31,0.013673024026816355,1.0
shm_vesc_high,500,20.0,27.643037288783617,27.71600137404162,0.9973674382435865,78.7134439022782,1.2704310095254986e-47,7.97975452504014e-06,2023-12-02,2023-05-31,0.0024480064840106896,1.0
shm_vesc_high,500,30.0,23.217603347603916,22.9914263392241,1.0098374500582399,65.29565080339644,1.5314955708320832e-47,8.587653494505797e-06,2023-05-31,2023-12-02,0.010764114630685915,1.0
shm_vesc_high,500,40.0,18.658211357118308,18.2318043219795,1.0233880875204848,51.77832427442178,1.931310087788984e-47,9.614859469734548e-06,2023-05-31,2023-12-02,0.025019041261753777,1.0
shm_vesc_high,500,50.0,14.391566134722948,13.87432278517964,1.03728061956983,39.403076709910174,2.5378728858208486e-47,1.1163436632461213e-05,2023-05-31,2023-12-02,0.039524010875680755,1.0
shm_vesc_high,500,60.0,10.713647613583547,10.193622414058629,1.0510147598568806,28.949887655926503,3.454244838132503e-47,1.3365996528835637e-05,2023-05-31,2023-12-02,0.05375824661133629,1.0
shm_vesc_high,500,70.0,7.746742925262276,7.278337791967264,1.0643560585786451,20.670479329187028,4.837817179149711e-47,1.6396821688028593e-05,2023-05-31,2023-12-02,0.06749149787012505,1.0
shm_vesc_high,500,80.0,5.471928054861195,5.079633803559454,1.0772288449271379,14.426160002108848,6.931851579726122e-47,2.0490531382462048e-05,2023-05-31,2023-12-02,0.08066213393150116,1.0
shm_vesc_high,500,90.0,3.792892929983827,3.4807167342902043,1.0896873315252074,9.88523552538418,1.0116096854061915e-46,2.5964440780708202e-05,2023-05-31,2023-12-02,0.09332739786419286,1.0
shm_vesc_high,500,100.0,2.588869782928153,2.3496469718510338,1.101812235600934,6.672997400056936,1.4985769363426812e-46,3.3243113357722555e-05,2023-05-31,2023-12-02,0.10557754847185913,1.0
shm_vesc_high,500,110.0,1.7446832736664746,1.5665612286588397,1.1137025746259073,4.449033889391105,2.2476789902287304e-46,4.288717485019242e-05,2023-05-31,2023-12-02,0.1175211192688957,1.0
shm_vesc_high,500,120.0,1.1633258853949404,1.0336686412416691,1.125434050120282,2.9356189411263403,3.4064366665256607e-46,5.562953615306308e-05,2023-05-31,2023-12-02,0.12923786991872024,1.0
shm_vesc_high,500,130.0,0.7689177809161567,0.6762366661058616,1.1370542584506742,1.920512131740647,5.2069444575372445e-46,7.240655518836452e-05,2023-05-31,2023-12-02,0.14077874608510949,1.0
shm_vesc_high,500,140.0,0.5047125141535798,0.4394200448520839,1.1485878263097316,1.2479529273799181,8.013122755355073e-46,9.438565294952848e-05,2023-05-31,2023-12-02,0.15217053212597886,1.0
shm_vesc_high,500,150.0,0.3296238778489484,0.2841495269979083,1.1600366938192188,0.8069846566740595,1.2391809332799983e-45,0.0001229737463303596,2023-05-31,2023-12-02,0.163418074855479,1.0
shm_vesc_high,500,160.0,0.21463108426007074,0.18322915644937685,1.171380627511483,0.5203708043162302,1.9217065825089957e-45,0.00015978958626137497,2023-05-31,2023-12-02,0.17450169940840324,1.0
shm_vesc_high,500,170.0,0.13965695138804357,0.11810131098419614,1.1825182144399051,0.335407723195117,2.981445956204977e-45,0.0002065611766909273,2023-05-31,2023-12-02,0.18531835178639536,1.0
shm_vesc_high,500,180.0,0.09105239573235879,0.07630533721713602,1.1932637880002843,0.2167071576966663,4.6145222457291425e-45,0.00026489250934975023,2023-05-31,2023-12-02,0.1956850246178417,1.0
shm_vesc_high,500,190.0,0.05966292813467561,0.04958007186870834,1.2033650998463135,0.14080740410713166,7.101899266882029e-45,0.0003358851530530552,2023-05-31,2023-12-02,0.20535624480927234,1.0
shm_vesc_high,500,200.0,0.039419933572542004,0.03251016961483738,1.212541615118214,0.09232888170613816,1.0830847092709003e-44,0.00041964756389185475,2023-05-31,2023-12-02,0.21406687692587484,1.0
shm_vesc_high,500,210.0,0.02634418123774826,0.02158341038109326,1.220575468500815,0.06129688548230485,1.6314042583593898e-44,0.0005148194065421611,2023-05-31,2023-12-02,0.22162353800253554,1.0
shm_vesc_high,500,220.0,0.017852532927768675,0.014544477988652355,1.227444047266411,0.041306317487772685,2.4209371854463074e-44,0.0006183660995940759,2023-05-31,2023-12-02,0.22803609603990938,1.0
shm_vesc_high,500,230.0,0.012283750035550305,0.00995879151018885,1.2334578972742616,0.02828296788893633,3.5356968332562363e-44,0.0007259094196920347,2023-05-31,2023-12-02,0.2336482780120647,1.0
shm_vesc_high,500,240.0,0.008578286441978372,0.006921649861511916,1.2393412861979978,0.01965748560669384,5.087120601321851e-44,0.000832700319219512,2023-05-31,2023-12-02,0.23920536131368042,1.0
shm_vesc_high,500,250.0,0.006065630638215607,0.004867274600110085,1.2462067864587747,0.013823059864312641,7.234288282160496e-44,0.0009349293049236318,2023-05-31,2023-12-02,0.24581383433076323,1.0
shm_vesc_high,500,260.0,0.004324121623362412,0.0034442835364894547,1.2554487972757673,0.009781765243630051,1.0223103653517002e-43,0.001030894141294759,2023-05-31,2023-12-02,0.2548201526712081,1.0
shm_vesc_high,500,270.0,0.0030897009672254585,0.0024354637362299482,1.2686294282534698,0.006916717010893052,1.4457726092091267e-43,0.0011215823058262208,2023-05-31,2023-12-02,0.26767985535095534,1.0
shm_vesc_high,500,280.0,0.0021972429136440973,0.0017066783196606273,1.2874382291801882,0.004846966427836181,2.063146124258235e-43,0.001210672894970429,2023-05-31,2023-12-02,0.2858916557664069,1.0
shm_vesc_high,500,290.0,0.0015429734040229642,0.0011744544757871633,1.3137788103611303,0.0033354507112355433,2.9980955696076597e-43,0.00130426212446894,2023-05-31,2023-12-02,0.31103070948448425,1.0
shm_vesc_high,500,300.0,0.001060710574898709,0.0007857187202308094,1.349987657907806,0.0022314411654554985,4.481408766140928e-43,0.0014107952924548018,2023-05-31,2023-12-02,0.34486055980867414,1.0
shm_vesc_high,500,310.0,0.0007069706669218739,0.0005052616130791802,1.3992170563155044,0.0014349429811448718,6.9689180207156955e-43,0.0015415727326610477,2023-05-31,2023-12-02,0.38949355690268206,1.0
shm_vesc_high,500,320.0,0.00045175240018391664,0.00030814402292885385,1.4660430401670324,0.0008751290251179449,1.1426886451003333e-42,0.0017123077394966687,2023-05-31,2023-12-02,0.447531637088108,1.0
shm_vesc_high,500,330.0,0.0002729583774851099,0.00017525900269950575,1.5574570965299672,0.0004977355676665963,2.0090989371887547e-42,0.00194636349777736,2023-05-31,2023-12-02,0.5220396206545598,1.0
shm_vesc_high,500,340.0,0.00015314688375415086,9.091498360198251e-05,1.6845065322193085,0.0002581985534296303,3.87298839097695e-42,0.002281113145930779,2023-05-31,2023-12-02,0.6159007301155639,1.0
shm_vesc_high,500,350.0,7.777512836603242e-05,4.170537741914498e-05,1.8648705078096117,0.00011844327187037175,8.44286031792868e-42,0.002780628964018032,2023-05-31,2023-12-02,0.7292873834132445,1.0
shm_vesc_high,500,360.0,3.439409303949619e-05,1.6179747904497877e-05,2.1257496249329586,4.595048404877397e-05,2.1762556384358297e-41,0.003561252935108861,2023-05-31,2023-12-02,0.8524583549160948,1.0
shm_vesc_high,500,370.0,1.2425754161816205e-05,4.967216890733693e-06,2.501552566588417,1.4106895969683687e-05,7.088731654001292e-41,0.004839509103294221,2023-05-31,2023-12-02,0.9536258162438181,1.0
shm_vesc_high,500,380.0,3.264325985558864e-06,1.0817864432211976e-06,3.017532717306749,3.072273498748201e-06,3.2549185494307404e-40,0.006970134506095974,2023-05-31,2023-12-02,0.9950048786898672,1.0
shm_vesc_high,500,390.0,4.917915928630883e-07,1.329784368685883e-07,3.6982807471942665,3.7765876070679077e-07,2.6478930294864434e-39,0.010060106240850058,2023-05-31,2023-12-02,0.9999042662316361,0.7123287671232876
shm_vesc_high,500,400.0,2.6565878673679414e-08,5.935619929867552e-09,4.475670441768364,1.6857160600823847e-08,5.932197145651728e-38,0.01286347594013994,2023-05-31,2023-01-01,1.0,0.5753424657534246
shm_vesc_high,500,410.0,3.267028638451609e-10,6.577161727532272e-11,4.967231723641053,1.8679139306191652e-10,5.353565727027507e-36,0.011038282706806912,2023-05-31,2023-01-01,1.0,0.410958904109589
shm_vesc_high,500,420.0,1.4788213521313022e-15,9.373388642120672e-16,1.5776806111356627,2.6620423743622708e-15,3.7565142074027425e-31,0.004412609368548415,2023-05-31,2023-01-01,1.0,0.0821917808219178
shm_vesc_high,500,430.0,0.0,0.0,0.0,0.0,,0.0,,,,0.0
shm_vesc_high,500,440.0,0.0,0.0,0.0,0.0,,0.0,,,,0.0
shm_vesc_high,500,450.0,0.0,0.0,0.0,0.0,,0.0,,,,0.0
shm_vesc_high,500,460.0,0.0,0.0,0.0,0.0,,0.0,,,,0.0
shm_vesc_high,1000,0.0,17.51338226162837,17.916816162965,0.9774829468769932,50.88375790282059,1.9652636542879393e-47,9.554187068039143e-06,2023-12-02,2023-05-31,0.023687013101494587,1.0
shm_vesc_high,1000,10.0,16.148929427938494,16.39917447135071,0.9847403877646772,46.57365549863602,2.1471365931954525e-47,9.561175796275954e-06,2023-12-02,2023-05-31,0.01591079151788689,1.0
shm_vesc_high,1000,20.0,14.302029580316502,14.37778367957771,0.9947311699112006,40.8329056500007,2.449005242417724e-47,9.919897784629355e-06,2023-12-02,2023-05-31,0.005250013183991005,1.0
shm_vesc_high,1000,30.0,12.134588862433931,12.053950176722239,1.0066898140882825,34.23321850189116,2.921139302005029e-47,1.0696916737942816e-05,2023-05-31,2023-12-02,0.0074365896971644845,1.0
shm_vesc_high,1000,40.0,9.862586600661045,9.671556984485886,1.0197516921506629,27.467221835939913,3.640703111413818e-47,1.1988594144102243e-05,2023-05-31,2023-12-02,0.021198521889850813,1.0
shm_vesc_high,1000,50.0,7.702108795922434,7.454858688590025,1.0331663037034942,21.17179867559567,4.723264259794237e-47,1.39215615808299e-05,2023-05-31,2023-12-02,0.035229687067134995,1.0
shm_vesc_high,1000,60.0,5.810663498885113,5.552897707825072,1.0464200503273813,15.770229490223205,6.341061812828739e-47,1.665867831461394e-05,2023-05-31,2023-12-02,0.04899434241089349,1.0
shm_vesc_high,1000,70.0,4.261356934833948,4.0229226440578865,1.0592689225899594,11.425100309124398,8.752658383238636e-47,2.041196614277865e-05,2023-05-31,2023-12-02,0.06224999817718363,1.0
shm_vesc_high,1000,80.0,3.055290929874831,2.8510130784936916,1.0716509695876486,8.096877142922084,1.2350440575403245e-46,2.546317578003095e-05,2023-05-31,2023-12-02,0.07494838273274583,1.0
shm_vesc_high,1000,90.0,2.1513373514626077,1.9853869814277478,1.0835859062173967,5.638499027254803,1.7735216325591293e-46,3.219016131979945e-05,2023-05-31,2023-12-02,0.0871161389347211,1.0
shm_vesc_high,1000,100.0,1.49290273867216,1.3632156407349554,1.0951332232861457,3.871532419687273,2.5829565443256084e-46,4.1093104447488033e-05,2023-05-31,2023-12-02,0.09881843420007365,1.0
shm_vesc_high,1000,110.0,1.023803522678878,0.9253761432396208,1.106364725477659,2.628068246800523,3.805076223638504e-46,5.2822936632407637e-05,2023-05-31,2023-12-02,0.11013691235390394,1.0
shm_vesc_high,1000,120.0,0.695400130980929,0.6223773385564373,1.1173288098725818,1.7675516415002819,5.6575433301128846e-46,6.821497455906316e-05,2023-05-31,2023-12-02,0.12112472408840391,1.0
shm_vesc_high,1000,130.0,0.4687868023002178,0.4155762523847354,1.1280404007932117,1.1802365567726485,8.472877697793868e-46,8.831133267441822e-05,2023-05-31,2023-12-02,0.13180168373958082,1.0
shm_vesc_high,1000,140.0,0.31427992614214045,0.27604995658597253,1.1384893155897369,0.783981876704162,1.275539690029535e-45,0.00011437150532445542,2023-05-31,2023-12-02,0.1421617963768559,1.0
shm_vesc_high,1000,150.0,0.2099793562689887,0.1828070774540917,1.1486390964360818,0.5191720999696204,1.9261435659938493e-45,0.00014785178313865842,2023-05-31,2023-12-02,0.15217385059116287,1.0
shm_vesc_high,1000,160.0,0.14013263133626244,0.12096707048697876,1.1584361824431113,0.34354648018301964,2.910814278950737e-45,0.00019033367380610103,2023-05-31,2023-12-02,0.16178934888180954,1.0
shm_vesc_high,1000,170.0,0.09364191084340422,0.0801883043127682,1.1677751717776856,0.22773478424826168,4.391072726553116e-45,0.0002433726930298937,2023-05-31,2023-12-02,0.17090598324392114,1.0
shm_vesc_high,1000,180.0,0.06282679291092724,0.05340130072608864,1.1765030449948175,0.15165969406209173,6.593709727454581e-45,0.0003082238604585802,2023-05-31,2023-12-02,0.17937729685710516,1.0
shm_vesc_high,1000,190.0,0.04244321937983167,0.03583359531834879,1.1844532763950255,0.10176741070411055,9.826328419689353e-45,0.0003854716634566966,2023-05-31,2023-12-02,0.18704590022346057,1.0
shm_vesc_high,1000,200.0,0.028952193054887415,0.02429921848675019,1.1914865933105785,0.06900978050237054,1.4490699618522177e-44,0.00047463370066467344,2023-05-31,2023-12-02,0.19378405911369115,1.0
shm_vesc_high,1000,210.0,0.019990288788980615,0.01669266733368094,1.1975491028115104,0.047407175227653864,2.109385330802569e-44,0.0005738875391566379,2023-05-31,2023-12-02,0.19955278262696316,1.0
shm_vesc_high,1000,220.0,0.013993991158708776,0.011635087041897233,1.2027405646659346,0.03304364719898814,3.0263003172077865e-44,0.0006801076375624146,2023-05-31,2023-12-02,0.2044676940663037,1.0
shm_vesc_high,1000,230.0,0.009937659227022047,0.008230898017348385,1.207360266896309,0.023375750369269414,4.2779375387009406e-44,0.0007893298735274517,2023-05-31,2023-12-02,0.20884192235058888,1.0
shm_vesc_high,1000,240.0,0.007153160111257382,0.005902368698499323,1.2119134667199072,0.01676272710373808,5.965616416776245e-44,0.0008975825260137764,2023-05-31,2023-12-02,0.21318888686616727,1.0
shm_vesc_high,1000,250.0,0.005207686591195694,0.004278858535484823,1.2170737938653606,0.012151958240776898,8.22912636948025e-44,0.00100182050734921,2023-05-31,2023-12-02,0.218179500550954,1.0
shm_vesc_high,1000,260.0,0.003821849540622165,0.0031233977019529107,1.2236192458720663,0.008870449473546265,1.127338589754929e-43,0.001100627901589125,2023-05-31,2023-12-02,0.22457450954810698,1.0
shm_vesc_high,1000,270.0,0.002815469435706268,0.002284583256227423,1.23237768990547,0.006488216447685881,1.5412556101710585e-43,0.0011945191909488377,2023-05-31,2023-12-02,0.23316404946927938,1.0
shm_vesc_high,1000,280.0,0.002072030858764325,0.001665346236463385,1.244204246178018,0.004729583311556013,2.1143511682237485e-43,0.001285864713341237,2023-05-31,2023-12-02,0.24473806252617505,1.0
shm_vesc_high,1000,290.0,0.0015155862746685472,0.0012028445967070182,1.2600017315767222,0.0034160786546479317,2.92733306547083e-43,0.0013786508765056564,2023-05-31,2023-12-02,0.2600937407439465,1.0
shm_vesc_high,1000,300.0,0.001095913010649218,0.0008556590992008566,1.2807822784479788,0.0024300718417304325,4.115104676444088e-43,0.0014782863632410747,2023-05-31,2023-12-02,0.2800743683394675,1.0
shm_vesc_high,1000,310.0,0.0007790091066751181,0.0005956793214845896,1.307765904536727,0.0016917292730162343,5.9111112868377004e-43,0.00159166876199492,2023-05-31,2023-12-02,0.30562724665836843,1.0
shm_vesc_high,1000,320.0,0.0005410821463404595,0.00040303363738608354,1.3425235418306618,0.0011446155301764772,8.736558028754159e-43,0.001727593254883427,2023-05-31,2023-12-02,0.3378732934004281,1.0
shm_vesc_high,1000,330.0,0.0003647747727521768,0.0002629611317010789,1.3871813312958912,0.000746809614031064,1.339029360645596e-42,0.0018976806621346183,2023-05-31,2023-12-02,0.3781763836627206,1.0
shm_vesc_high,1000,340.0,0.00023682932571882263,0.00016392676127478938,1.4447264368374066,0.00046555200202040185,2.1479877557398563e-42,0.002118051850912582,2023-05-31,2023-12-02,0.42819366733436137,1.0
shm_vesc_high,1000,350.0,0.00014667505260126666,9.65297570643702e-05,1.5194801796036574,0.00027414451006281136,3.647711200822086e-42,0.0024122081277935755,2023-05-31,2023-12-02,0.4898514871128706,1.0
shm_vesc_high,1000,360.0,8.560372775166469e-05,5.291215129217016e-05,1.6178462916576246,0.00015027050966976324,6.654665657271111e-42,0.0028159705878301076,2023-05-31,2023-12-02,0.5651020102149487,1.0
shm_vesc_high,1000,370.0,4.631709724821233e-05,2.6474870337519195e-05,1.7494739977091964,7.518863175855451e-05,1.3299882929259795e-41,0.0033859924239005653,2023-05-31,2023-12-02,0.6550955903389302,1.0
shm_vesc_high,1000,380.0,2.270274921915887e-05,1.1769783595475687e-05,1.9289011590566392,3.342618541115095e-05,2.9916665264065717e-41,0.004213949146452142,2023-05-31,2023-12-02,0.7579806684048395,1.0
shm_vesc_high,1000,390.0,9.739350336776583e-06,4.473589453370931e-06,2.177077364450107,1.2704994047573444e-05,7.870920649435426e-41,0.005446424754290647,2023-05-31,2023-12-02,0.8641919136092588,1.0
shm_vesc_high,1000,400.0,3.4605476672463667e-06,1.3734749604835443e-06,2.5195564293564185,3.900668887773266e-06,2.5636628710899367e-40,0.0072895206150111885,2023-05-31,2023-12-02,0.9507554281366712,1.0
shm_vesc_high,1000,410.0,9.253129487850422e-07,3.108905925974761e-07,2.976329843415642,8.829292829768321e-07,1.1325935375350325e-39,0.009872235247510084,2023-05-31,2023-12-02,0.9916242058080608,1.0
shm_vesc_high,1000,420.0,1.5516969136169008e-07,4.362112058894522e-08,3.5572146993631866,1.2388398247260443e-07,8.072068559962051e-39,0.012675704841886636,2023-05-31,2023-12-02,0.9986192952096286,0.863013698630137
shm_vesc_high,1000,430.0,1.175634052212028e-08,2.838815639214422e-09,4.141283554917142,8.062236415368958e-09,1.2403506278899367e-37,0.014171177850838275,2023-05-31,2023-12-02,0.9999965091434576,0.726027397260274
shm_vesc_high,1000,440.0,4.396477692996682e-10,1.0836965024448977e-10,4.0569270852844035,3.0776980669435093e-10,3.249181622916992e-36,0.010102046431494321,2023-05-31,2023-01-01,1.0,0.547945205479452
shm_vesc_high,1000,450.0,1.8592045114585655e-11,3.351365442899936e-12,5.547603038628328,9.517877857835817e-12,1.0506543737338744e-34,0.006315590460452037,2023-05-31,2023-01-01,1.0,0.3287671232876712
shm_vesc_high,1000,460.0,0.0,0.0,0.0,0.0,,0.0,,,,0.0
shm_vesc_high,3000,0.0,5.899921427011297,6.041792772947096,0.9765183363171531,17.15869147516975,5.827950234125339e-47,1.0819190324767403e-05,2023-12-02,2023-05-31,0.024720030071035026,1.0
shm_vesc_high,3000,10.0,5.468121857616788,5.56046385734773,0.983393112139571,15.791717354867552,6.332433499968675e-47,1.0853218349666736e-05,2023-12-02,2023-05-31,0.01735012845713405,1.0
shm_vesc_high,3000,20.0,4.870969133393674,4.905217114737977,0.9930180498552444,13.930816605855853,7.178330088558107e-47,1.1281157322648624e-05,2023-12-02,2023-05-31,0.007072922563623672,1.0
shm_vesc_high,3000,30.0,4.160123116341914,4.140945913347604,1.0046311165119293,11.760286393907196,8.503194280354286e-47,1.2179184557975063e-05,2023-05-31,2023-12-02,0.0052572458073645014,1.0
shm_vesc_high,3000,40.0,3.4061976514019006,3.348061112088787,1.0173642407849728,9.508493558332155,1.0516913051108022e-46,1.3657280572819913e-05,2023-05-31,2023-12-02,0.018686148955806402,1.0
shm_vesc_high,3000,50.0,2.6815692701712877,2.60230482400006,1.030459324149962,7.39054570016017,1.3530800573742852e-46,1.5859135664210167e-05,2023-05-31,2023-12-02,0.03239903838879068,1.0
shm_vesc_high,3000,60.0,2.040649384920864,1.9557801017358507,1.0433940825503274,5.554415488929815,1.80036945740383e-46,1.896821295350649e-05,2023-05-31,2023-12-02,0.04585032948059131,1.0
shm_vesc_high,3000,70.0,1.5103685629714285,1.4303862105285325,1.0559166131875266,4.062296837901032,2.4616615670968417e-46,2.322184626968053e-05,2023-05-31,2023-12-02,0.058788715239837745,1.0
shm_vesc_high,3000,80.0,1.0934382381593564,1.0238498238172629,1.067967403737634,2.9077334996410262,3.4391047189278345e-46,2.8933191016862245e-05,2023-05-31,2023-12-02,0.07116563961519291,1.0
shm_vesc_high,3000,90.0,0.7778108836545917,0.720489718182751,1.0795586169035396,2.0461907996390125,4.887129783676181e-46,3.651922955439127e-05,2023-05-31,2023-12-02,0.08300457080896366,1.0
shm_vesc_high,3000,100.0,0.5455628424978296,0.5001811604306098,1.090730490584952,1.4205144956229316,7.039702889912958e-46,4.652843568641005e-05,2023-05-31,2023-12-02,0.09434917175593566,1.0
shm_vesc_high,3000,110.0,0.37837403597860797,0.343495740493818,1.1015392372395887,0.975527903002443,1.0250860041237546e-45,5.966789077091761e-05,2023-05-31,2023-12-02,0.10526483456307713,1.0
shm_vesc_high,3000,120.0,0.26007980404546316,0.23388088344234556,1.1120182214874177,0.6642217089762613,1.5055214042029137e-45,7.6834051083994e-05,2023-05-31,2023-12-02,0.11579011171094453,1.0
shm_vesc_high,3000,130.0,0.17755313324340227,0.15822364143782344,1.1221656361206593,0.44935514168341856,2.2254112777116587e-45,9.912833785594398e-05,2023-05-31,2023-12-02,0.12592871822474644,1.0
shm_vesc_high,3000,140.0,0.12064490344805584,0.106581059359479,1.1319544408086806,0.30269020858092033,3.303707789849644e-45,0.0001278548890397211,2023-05-31,2023-12-02,0.13565866564450932,1.0
shm_vesc_high,3000,150.0,0.08177300270185305,0.07164693954192414,1.1413328081376546,0.20347730829906455,4.9145529216959734e-45,0.00016448121194514404,2023-05-31,2023-12-02,0.1449341898838488,1.0
shm_vesc_high,3000,160.0,0.05541859986720213,0.04818023203298632,1.1502352215585037,0.13683185897368114,7.308239524775766e-45,0.0002105395731452001,2023-05-31,2023-12-02,0.1536967175464135,1.0
shm_vesc_high,3000,170.0,0.037647360658479095,0.03249488295675792,1.1585627407422197,0.09228546759719249,1.0835942278201363e-44,0.00026744926812189725,2023-05-31,2023-12-02,0.1618523979075354,1.0
shm_vesc_high,3000,180.0,0.025704420587127418,0.022041352823052265,1.166190695892499,0.06259744201746843,1.597509367429008e-44,0.00033622898450991553,2023-05-31,2023-12-02,0.16928396742659446,1.0
shm_vesc_high,3000,190.0,0.017687122957819663,0.01507847302099337,1.1730049145688914,0.04282286337962117,2.335201154427909e-44,0.00041714305488726696,2023-05-31,2023-12-02,0.1758866885739016,1.0
shm_vesc_high,3000,200.0,0.012296541631050881,0.010430169970091859,1.1789397168321107,0.02962168271506088,3.3759054460858125e-44,0.000509373463550137,2023-05-31,2023-12-02,0.18160466937718345,1.0
shm_vesc_high,3000,210.0,0.008655064660164294,0.007309901993834294,1.1840192477908196,0.020760121662489393,4.816927454750223e-44,0.000610860746209825,2023-05-31,2023-12-02,0.18647284601945596,1.0
shm_vesc_high,3000,220.0,0.006175187371186204,0.00519624163339147,1.1883949606007442,0.014757326238831775,6.776295270674739e-44,0.0007184526348513832,2023-05-31,2023-12-02,0.19065185499649093,1.0
shm_vesc_high,3000,230.0,0.004466778257604582,0.0037461732417329962,1.1923576325419032,0.01063913200652171,9.399263016823247e-44,0.0008284164408841393,2023-05-31,2023-12-02,0.19443983295485337,1.0
shm_vesc_high,3000,240.0,0.003272422796266052,0.002735398909481774,1.196323792088525,0.007768532902928238,1.2872443387902293e-43,0.0009371853677444674,2023-05-31,2023-12-02,0.19825607266914513,1.0
shm_vesc_high,3000,250.0,0.002423086111871256,0.002017899159241159,1.2007964326534877,0.005730833612244891,1.7449468396069492e-43,0.001042110090640532,2023-05-31,2023-12-02,0.2026008027533016,1.0
shm_vesc_high,3000,260.0,0.0018080259105136215,0.0014987935632599994,1.2063208401969756,0.0042565737196583985,2.3493073675234098e-43,0.0011419713888249222,2023-05-31,2023-12-02,0.20800900060959743,1.0
shm_vesc_high,3000,270.0,0.0013546562648928866,0.0011163644016648718,1.2134534770838645,0.003170474900728236,3.1541016135163444e-43,0.0012371377531118135,2023-05-31,2023-12-02,0.21501661833536825,1.0
shm_vesc_high,3000,280.0,0.0010151903283162184,0.0008302506849528983,1.2227515697548772,0.002357911945266231,4.241040476543709e-43,0.0013294599505273008,2023-05-31,2023-12-02,0.22414705944610042,1.0
shm_vesc_high,3000,290.0,0.000757877784337696,0.0006137715407987769,1.234788083121899,0.0017431111758685262,5.736868731288685e-43,0.0014220437513870411,2023-05-31,2023-12-02,0.23591970016312294,1.0
shm_vesc_high,3000,300.0,0.0005613033157452931,0.00044897649176769906,1.2501841990331022,0.0012750932366202652,7.842563753616783e-43,0.0015190544150220956,2023-05-31,2023-12-02,0.25087285419721944,1.0
shm_vesc_high,3000,310.0,0.0004107049022306953,0.00032347677576620004,1.2696580805774487,0.0009186740431760081,1.0885253669983257e-42,0.0016256739857119231,2023-05-31,2023-12-02,0.26959658273301224,1.0
shm_vesc_high,3000,320.0,0.00029561262964796273,0.00022843317855533087,1.2940879758251043,0.0006487502270971396,1.541425279301315e-42,0.0017482733588202605,2023-05-31,2023-12-02,0.2927695698480606,1.0
shm_vesc_high,3000,330.0,0.00020834425469666725,0.00015728876451659595,1.3245971849100786,0.00044670009122713247,2.2386384503591528e-42,0.0018948542620972043,2023-05-31,2023-12-02,0.32119950261314345,1.0
shm_vesc_high,3000,340.0,0.00014305367758279445,0.00010498031551870329,1.362671438697553,0.0002981440960731173,3.35408285178573e-42,0.002075840694120515,2023-05-31,2023-12-02,0.3558635289954349,1.0
shm_vesc_high,3000,350.0,9.513424243242987e-05,6.745533318123743e-05,1.4103294424004311,0.00019157314623471428,5.219938282867714e-42,0.002305373698786589,2023-05-31,2023-12-02,0.39794242337451785,1.0
shm_vesc_high,3000,360.0,6.0849519071399876e-05,4.13835234614839e-05,1.4703803345317656,0.00011752920663061428,8.508523359158946e-42,0.00260337902709569,2023-05-31,2023-12-02,0.44882970438177644,1.0
shm_vesc_high,3000,370.0,3.710937006453073e-05,2.399074606831301e-05,1.5468201763656197,6.813371883400895e-05,1.4677020675126424e-41,0.0029988674481693308,2023-05-31,2023-12-02,0.5100649636048776,1.0
shm_vesc_high,3000,380.0,2.1337458159948364e-05,1.2967576784853343e-05,1.6454468335881676,3.682791806898349e-05,2.715331336750749e-41,0.003535149427875724,2023-05-31,2023-12-02,0.5830697602640061,1.0
shm_vesc_high,3000,390.0,1.1394306893452118e-05,6.420043752517551e-06,1.7748020625223875,1.8232924257149847e-05,5.484583744748792e-41,0.004277810633055929,2023-05-31,2023-12-02,0.6684186269665616,1.0
shm_vesc_high,3000,400.0,5.532718436595388e-06,2.84097169601213e-06,1.9474739732048933,8.06835961667445e-06,1.2394093068600378e-40,0.00532492332306465,2023-05-31,2023-12-02,0.76409588299202,1.0
shm_vesc_high,3000,410.0,2.3677883376663023e-06,1.0854688055121687e-06,2.1813508832702775,3.082731407654559e-06,3.2438765100227533e-40,0.006811471297282314,2023-05-31,2023-12-02,0.8620635521810359,1.0
shm_vesc_high,3000,420.0,8.503932758164201e-07,3.403491548147782e-07,2.4985908258805978,9.6659159967397e-07,1.0345630981453787e-39,0.00886727157899903,2023-05-31,2023-12-02,0.9440937929915717,1.0
shm_vesc_high,3000,430.0,2.3589379939677728e-07,8.086695656520803e-08,2.917060433782512,2.2966215664519079e-07,4.354221934547615e-39,0.011408106638901115,2023-05-31,2023-12-02,0.9873966627757196,1.0
shm_vesc_high,3000,440.0,4.342313008557317e-08,1.2638338922345529e-08,3.4358257325096595,3.58928825394613e-08,2.7860676804115174e-38,0.013706030743411621,2023-05-31,2023-12-02,0.9962471176415354,1.0
shm_vesc_high,3000,450.0,4.1203714463100705e-09,1.0561937053284673e-09,3.901151299731208,2.999590123132847e-09,3.3337888143049854e-37,0.014337872059236444,2023-05-31,2023-12-02,0.9988817540797531,0.8767123287671232
shm_vesc_high,3000,460.0,2.4476072612439753e-10,6.695191064200446e-11,3.6557691002000907,1.9014342622329265e-10,5.259187866035726e-36,0.009858371817880655,2023-05-31,2023-01-01,1.0,0.6438356164383562
shm_vesc_high,10000,0.0,1.7761864817394928,1.8195047342990929,0.9761922836786203,5.167393445409424,1.935211650834085e-46,1.1267088710423646e-05,2023-12-02,2023-05-31,0.02506933896081305,1.0
shm_vesc_high,10000,10.0,1.6491086238193227,1.677744579140903,0.9829318743284252,4.764794604760164,2.098726352235565e-46,1.1311550372574521e-05,2023-12-02,2023-05-31,0.017843127787250654,1.0
shm_vesc_high,10000,20.0,1.4719705502911162,1.4832018992603704,0.9924276330991385,4.212293393899452,2.3740036756420445e-46,1.176477039641821e-05,2023-12-02,2023-05-31,0.007701562838670235,1.0
shm_vesc_high,10000,30.0,1.260025129821904,1.2551065347592116,1.0039188665873977,3.564502558716161,2.8054405447254704e-46,1.2706280042528682e-05,2023-05-31,2023-12-02,0.004502699691760516,1.0
shm_vesc_high,10000,40.0,1.0343015174140282,1.0174761130706915,1.0165364121350804,2.8896321611207636,3.460648083360697e-46,1.4250757045387278e-05,2023-05-31,2023-12-02,0.017814248805237413,1.0
shm_vesc_high,10000,50.0,0.8165347326353372,0.7931221682502754,1.0295194931150553,2.252466957830782,4.439576778356123e-46,1.6547885133200763e-05,2023-05-31,2023-12-02,0.031415285081752356,1.0
shm_vesc_high,10000,60.0,0.6232362583647424,0.5979186676590188,1.042342867140856,1.6980890161516133,5.888972783454571e-46,1.978837419816712e-05,2023-05-31,2023-12-02,0.04475687044840076,1.0
shm_vesc_high,10000,70.0,0.46274825149259696,0.43872711578258056,1.0547518829948968,1.2459850088225288,8.025778744681786e-46,2.4218315416221764e-05,2023-05-31,2023-12-02,0.057584595428391276,1.0
shm_vesc_high,10000,80.0,0.33612905584476216,0.3151152669789931,1.0666860386271602,0.8949273582203404,1.117409129148323e-45,3.016170499128083e-05,2023-05-31,2023-12-02,0.06984826395279804,1.0
shm_vesc_high,10000,90.0,0.23994363181180006,0.22254968687024465,1.0781575799371794,0.6320411107114948,1.5821755627166248e-45,3.804881195320839e-05,2023-05-31,2023-12-02,0.08157198284703632,1.0
shm_vesc_high,10000,100.0,0.1689192857652802,0.1550856773363045,1.0891997808345475,0.44044332363510474,2.270439682787592e-45,4.8444333262522165e-05,2023-05-31,2023-12-02,0.09279272349149872,1.0
shm_vesc_high,10000,110.0,0.11760781145968924,0.1069294589310084,1.0998635234427827,0.3036796633640638,3.2929435870756954e-45,6.207405467348711e-05,2023-05-31,2023-12-02,0.10356987932990323,1.0
shm_vesc_high,10000,120.0,0.08116960905758819,0.07311409500595571,1.1101773064547444,0.2076440298169142,4.8159342740637864e-45,7.985419662532157e-05,2023-05-31,2023-12-02,0.11393729494644853,1.0
shm_vesc_high,10000,130.0,0.05565319158836356,0.04968438909883136,1.1201343640888721,0.14110366504068106,7.086988135366249e-45,0.00010290471494869672,2023-05-31,2023-12-02,0.12389385921436988,1.0
shm_vesc_high,10000,140.0,0.037989327809131515,0.03362771804302615,1.1297028171975496,0.09550271924219426,1.0470906042622793e-44,0.00013254239808916299,2023-05-31,2023-12-02,0.13341297867748608,1.0
shm_vesc_high,10000,150.0,0.025875109250610567,0.02272085103863868,1.1388265873759664,0.06452721694973385,1.5497336585568095e-44,0.00017023499033791856,2023-05-31,2023-12-02,0.1424448904675097,1.0
shm_vesc_high,10000,160.0,0.017627323572674852,0.015362336164806454,1.1474376933019637,0.043629034708050324,2.2920516272973656e-44,0.0002174941760110578,2023-05-31,2023-12-02,0.15092905094554226,1.0
shm_vesc_high,10000,170.0,0.012041145723517445,0.010421256868325771,1.1554408336402437,0.02959636950604519,3.3787927934733533e-44,0.0002756894350163603,2023-05-31,2023-12-02,0.1587755378980446,1.0
shm_vesc_high,10000,180.0,0.008269508483303356,0.007112203123940999,1.1627210780112074,0.020198656871992435,4.950824237163043e-44,0.0003457582237170476,2023-05-31,2023-12-02,0.16587739405663063,1.0
shm_vesc_high,10000,190.0,0.005725076060440774,0.004896653054785314,1.1691814789381234,0.013906494675590292,7.190884714861136e-44,0.00042785925056732193,2023-05-31,2023-12-02,0.17214671532619047,1.0
shm_vesc_high,10000,200.0,0.00400527278928801,0.0034093844691183307,1.174778856877874,0.009682651892296059,1.032774916544964e-43,0.000521069413691012,2023-05-31,2023-12-02,0.17755009883138323,1.0
shm_vesc_high,10000,210.0,0.0028370344369676764,0.0024051626976072334,1.1795603015921081,0.006830662061204543,1.4639869328034894e-43,0.0006232573703838485,2023-05-31,2023-12-02,0.18214359303006492,1.0
shm_vesc_high,10000,220.0,0.0020368194347574627,0.0017207366004956947,1.1836904231424574,0.004886891945407773,2.046290384913673e-43,0.0007312691438571709,2023-05-31,2023-12-02,0.18610009962757382,1.0
shm_vesc_high,10000,230.0,0.0014822434213499634,0.0012482494054512584,1.1874577427209854,0.0035450283114815736,2.8208519428779118e-43,0.0008414437369088813,2023-05-31,2023-12-02,0.18971318252815095,1.0
shm_vesc_high,10000,240.0,0.0010922131824410554,0.0009168600578803418,1.1912539684257886,0.0026038825643801707,3.840418971575396e-43,0.0009503386184079214,2023-05-31,2023-12-02,0.1933763181901306,1.0
shm_vesc_high,10000,250.0,0.0008132373747152645,0.000680227931609189,1.195536579615924,0.0019318473257700967,5.176392495723583e-43,0.0010554326786853185,2023-05-31,2023-12-02,0.1975439093149432,1.0
shm_vesc_high,10000,260.0,0.0006101065678294842,0.0005080876471937831,1.200790003849063,0.001442968918030344,6.930156204369269e-43,0.0011555619727474232,2023-05-31,2023-12-02,0.20269152981904875,1.0
shm_vesc_high,10000,270.0,0.00045962383398264817,0.00038064090431503314,1.2074998476838572,0.001081020168254694,9.250521214738287e-43,0.0012510664462177224,2023-05-31,2023-12-02,0.20928782391265724,1.0
shm_vesc_high,10000,280.0,0.000346430604008337,0.00028485918594537194,1.2161468581700319,0.0008090000880848563,1.2360938085523542e-42,0.0013436640992428432,2023-05-31,2023-12-02,0.21778634464112256,1.0
shm_vesc_high,10000,290.0,0.00026026270400116014,0.00021207483558365959,1.227221057533209,0.0006022925330575932,1.6603227586492038e-42,0.0014362194908894347,2023-05-31,2023-12-02,0.22863438821706217,1.0
shm_vesc_high,10000,300.0,0.00019415418344496076,0.00015641833587646124,1.2412495143683357,0.0004442280738891499,2.251095909461891e-42,0.001532557057353862,2023-05-31,2023-12-02,0.24229359732712843,1.0
shm_vesc_high,10000,310.0,0.0001432751590355363,0.00011381565297505884,1.2588352769625908,0.00032323645444916707,3.093710459434774e-42,0.0016373997187925098,2023-05-31,2023-12-02,0.25926701737755947,1.0
shm_vesc_high,10000,320.0,0.00010418369397770468,8.134857005142265e-05,1.2807071336576332,0.0002310299389460403,4.328443337525884e-42,0.0017564909865432046,2023-05-31,2023-12-02,0.2801298140019877,1.0
shm_vesc_high,10000,330.0,7.434676572674358e-05,5.684946632897425e-05,1.307783001805446,0.00016145248437428688,6.193772761537395e-42,0.0018969404673409326,2023-05-31,2023-12-02,0.3055615129710146,1.0
shm_vesc_high,10000,340.0,5.183562756141706e-05,3.8647068966430864e-05,1.3412563733213994,0.00010975767586466365,9.110980094303808e-42,0.0020678439703431723,2023-05-31,2023-12-02,0.3363797809730158,1.0
shm_vesc_high,10000,350.0,3.5132931393052366e-05,2.540857670569316e-05,1.3827193785781917,7.216035784416858e-05,1.3858024403918778e-41,0.002281293574326795,2023-05-31,2023-12-02,0.373572897898595,1.0
shm_vesc_high,10000,360.0,2.3012031248508727e-05,1.60435918871232e-05,1.434344092670326,4.556380095942988e-05,2.194724713353924e-41,0.0025539425384506066,2023-05-31,2023-12-02,0.41832095345047726,1.0
shm_vesc_high,10000,370.0,1.4461931000009412e-05,9.646700127423698e-06,1.4991583452352732,2.73966283618833e-05,3.6500841884298857e-41,0.002909462141096799,2023-05-31,2023-12-02,0.47198161932529314,1.0
shm_vesc_high,10000,380.0,8.641489789448925e-06,5.464203385772955e-06,1.5814729393032134,1.5518337615595192e-05,6.443989200203039e-41,0.003382354413335109,2023-05-31,2023-12-02,0.535979643129902,1.0
shm_vesc_high,10000,390.0,4.851700428967977e-06,2.8750158240732665e-06,1.6875386870372708,8.165044940368076e-06,1.2247330018430008e-40,0.004023706750444057,2023-05-31,2023-12-02,0.6114560542131762,1.0
shm_vesc_high,10000,400.0,2.5185566471314484e-06,1.3788740520135705e-06,1.8265313234762803,3.91600230771854e-06,2.5536246442678916e-40,0.004909030121632158,2023-05-31,2023-12-02,0.6983739078411584,1.0
shm_vesc_high,10000,410.0,1.1815238592245585e-06,5.87282851407655e-07,2.011848049696276,1.66788329799774e-06,5.995623322090218e-40,0.006145091501006447,2023-05-31,2023-12-02,0.7935349394177434,1.0
shm_vesc_high,10000,420.0,4.84101530882273e-07,2.1400949294412612e-07,2.262056342559827,6.077869599613182e-07,1.645313351348709e-39,0.007858382633974948,2023-05-31,2023-12-02,0.8870012873922635,1.0
shm_vesc_high,10000,430.0,1.6405630030235738e-07,6.31353580030094e-08,2.598485309840763,1.793044167285467e-07,5.577107459176113e-39,0.01010349587306921,2023-05-31,2023-12-02,0.9589941589252147,1.0
shm_vesc_high,10000,440.0,4.187443950291232e-08,1.3801110691225456e-08,3.0341354721207674,3.919515436308029e-08,2.5513357869102964e-38,0.01258242995909675,2023-05-31,2023-12-02,0.9908359828989107,1.0
shm_vesc_high,10000,450.0,6.791239003621687e-09,1.9148508144661458e-09,3.5466151996363555,5.438176313083854e-09,1.838851744460865e-37,0.014332102856298962,2023-05-31,2023-12-02,0.9953611639603915,1.0
shm_vesc_high,10000,460.0,5.619128779062685e-10,1.4703746654167844e-10,3.8215625658035384,4.1758640497836676e-10,2.3947139755467026e-36,0.01371650159882967,2023-05-31,2023-12-02,0.9993474602217892,0.8493150684931506
