{
  "field": {
    "ra": 200.0,
    "dec": 20.0,
    "radius_deg": 0.8
  },
  "band": "r",
  "variable_only": true,
  "n_searched": 4139,
  "n_candidates": 4,
  "n_resists_mundane": 2,
  "selection": {
    "depth_min": 0.1,
    "n_dips_min": 3,
    "asym_min": 1.5,
    "period_power_max": 0.4
  },
  "top_candidates": [
    {
      "source_id": "578211300004190",
      "ra": 199.87839555,
      "dec": 19.4477822,
      "score": 0.7583286074922714,
      "max_depth": 0.25758906499743806,
      "n_dips": 34,
      "n_dip_events": 4,
      "max_event_depth": 0.20081625863241592,
      "out_of_dip_rms": 0.006478197114555017,
      "asymmetry": 1.7015629356396198,
      "best_period_d": 0.997302350653625,
      "period_power": 0.08110192434146936,
      "hr_class": "main_sequence",
      "resists_mundane": true
    },
    {
      "source_id": "578211300006178",
      "ra": 199.9044517,
      "dec": 19.25542695,
      "score": 0.6906501598826468,
      "max_depth": 0.22958884931788748,
      "n_dips": 31,
      "n_dip_events": 3,
      "max_event_depth": 0.17448030307869478,
      "out_of_dip_rms": 0.005248992450383255,
      "asymmetry": 1.779885962847919,
      "best_period_d": 0.33243490952451255,
      "period_power": 0.04183791394040008,
      "hr_class": "main_sequence",
      "resists_mundane": true
    },
    {
      "source_id": "578211300005988",
      "ra": 200.4498683,
      "dec": 19.2798358,
      "score": 0.7064887697714421,
      "max_depth": 0.1891022787208244,
      "n_dips": 115,
      "n_dip_events": 18,
      "max_event_depth": 0.1891022787208244,
      "out_of_dip_rms": 0.00936807992840435,
      "asymmetry": 1.6713727948119648,
      "best_period_d": 0.9984994533560527,
      "period_power": 0.20805475998167627,
      "hr_class": "unknown",
      "resists_mundane": false
    },
    {
      "source_id": "1623202300001994",
      "ra": 200.3152973,
      "dec": 19.4564075,
      "score": 0.6370841201399502,
      "max_depth": 0.2693492136995733,
      "n_dips": 9,
      "n_dip_events": 2,
      "max_event_depth": 0.2693492136995733,
      "out_of_dip_rms": 0.0,
      "asymmetry": 1.825326704152281,
      "best_period_d": 1.2358960084548047,
      "period_power": 0.37478494036395565,
      "hr_class": "unknown",
      "resists_mundane": false
    }
  ],
  "occurrence_limit": {
    "k_candidates": 4,
    "n_eff": 4139.0,
    "confidence": 0.95,
    "f_upper": 0.0022115291197481453,
    "f_point": 0.0009664170089393573
  }
}