{
  "n_candidates": 15,
  "n_robust_recipients": 13,
  "closest_median_d_min_pc": 0.9123256038913692,
  "robust_source_ids": [
    3913239815437281280,
    608215408323505280,
    4358031335898505216,
    3910084904260136960,
    1231492609822865152,
    6290789738904057856,
    646555688021656192,
    627474557074514816,
    3593457028981243904,
    624498350897398016,
    3736635776747657216,
    621324434489486464,
    5475516920769156096
  ],
  "top": [
    {
      "source_id": 3.9132398154372813e+18,
      "ra": 177.93614516808728,
      "dec": 10.739970720133865,
      "dist_pc": 35.74975651453549,
      "phot_g_mean_mag": 13.681211,
      "bp_rp": 2.7078018,
      "transfer_score": 0.0010631235285985,
      "n_valid": 5000,
      "d_min_p16": 0.9019558251816698,
      "d_min_p50": 0.9123256038913692,
      "d_min_p84": 0.9489140316919891,
      "t_enc_p16": -0.13899763045254912,
      "t_enc_p50": -0.13586441866591775,
      "t_enc_p84": -0.1322128863054016,
      "v_rel_p16": 31.534505832389932,
      "v_rel_p50": 32.27793487274208,
      "v_rel_p84": 33.10313917245674,
      "frac_past": 1.0,
      "frac_dmin_lt1pc": 0.9636,
      "frac_dmin_lt2pc": 1.0,
      "robust_recipient": true
    },
    {
      "source_id": 6.082154083235053e+17,
      "ra": 132.42309108189906,
      "dec": 13.167993289884517,
      "dist_pc": 35.386201162878194,
      "phot_g_mean_mag": 13.159911,
      "bp_rp": 2.5438957,
      "transfer_score": 0.0006601856383344,
      "n_valid": 5000,
      "d_min_p16": 0.773348675308596,
      "d_min_p50": 1.0722726474348456,
      "d_min_p84": 1.4713893599143155,
      "t_enc_p16": -0.6540112211088737,
      "t_enc_p50": -0.6494839163487338,
      "t_enc_p84": -0.644886757537093,
      "v_rel_p16": 37.52747059352613,
      "v_rel_p50": 37.788601019109215,
      "v_rel_p84": 38.0506325062498,
      "frac_past": 1.0,
      "frac_dmin_lt1pc": 0.4246,
      "frac_dmin_lt2pc": 0.981,
      "robust_recipient": true
    },
    {
      "source_id": 4.358031335898505e+18,
      "ra": 249.09140230088192,
      "dec": -2.3259612815161246,
      "dist_pc": 9.893947947441871,
      "phot_g_mean_mag": 5.5535517,
      "bp_rp": 1.0146093,
      "transfer_score": 0.0012191630286175,
      "n_valid": 5000,
      "d_min_p16": 1.1276656242999965,
      "d_min_p50": 1.1501147208583817,
      "d_min_p84": 1.1888375572123013,
      "t_enc_p16": -1.3715008380857177,
      "t_enc_p50": -1.3473466774331828,
      "t_enc_p84": -1.3236989834277704,
      "v_rel_p16": 26.414786131580676,
      "v_rel_p50": 26.887955815201643,
      "v_rel_p84": 27.369638795445756,
      "frac_past": 1.0,
      "frac_dmin_lt1pc": 0.0,
      "frac_dmin_lt2pc": 1.0,
      "robust_recipient": true
    },
    {
      "source_id": 3.910084904260137e+18,
      "ra": 175.25125731701692,
      "dec": 7.420812358722244,
      "dist_pc": 39.78738759252188,
      "phot_g_mean_mag": 15.001929,
      "bp_rp": 2.9604511,
      "transfer_score": 0.0004764440620583,
      "n_valid": 5000,
      "d_min_p16": 1.2718163429834517,
      "d_min_p50": 1.307799082480872,
      "d_min_p84": 1.3609358104033995,
      "t_enc_p16": -0.055337026505394585,
      "t_enc_p50": -0.05286100659723163,
      "t_enc_p84": -0.05028685967369549,
      "v_rel_p16": 37.82302469944607,
      "v_rel_p50": 40.07787389727228,
      "v_rel_p84": 42.43004758219484,
      "frac_past": 1.0,
      "frac_dmin_lt1pc": 0.0,
      "frac_dmin_lt2pc": 1.0,
      "robust_recipient": true
    },
    {
      "source_id": 1.2314926098228652e+18,
      "ra": 210.49523172354156,
      "dec": 15.494626755208127,
      "dist_pc": 29.348683437785063,
      "phot_g_mean_mag": 10.644015,
      "bp_rp": 2.0879211,
      "transfer_score": 0.0009862973889152,
      "n_valid": 5000,
      "d_min_p16": 0.954257773803054,
      "d_min_p50": 1.325797004946336,
      "d_min_p84": 1.7590779871369016,
      "t_enc_p16": -0.8338748794039625,
      "t_enc_p50": -0.8254447390164115,
      "t_enc_p84": -0.8172762266442173,
      "v_rel_p16": 27.35530030351003,
      "v_rel_p50": 27.652684635874188,
      "v_rel_p84": 27.948470230939968,
      "frac_past": 1.0,
      "frac_dmin_lt1pc": 0.198,
      "frac_dmin_lt2pc": 0.9372,
      "robust_recipient": true
    },
    {
      "source_id": 6.290789738904058e+18,
      "ra": 208.46990728641606,
      "dec": -19.174363709748366,
      "dist_pc": 51.71363602044079,
      "phot_g_mean_mag": 12.178929,
      "bp_rp": 2.0976257,
      "transfer_score": 0.0007183589704671,
      "n_valid": 5000,
      "d_min_p16": 0.853850054254614,
      "d_min_p50": 1.3780457895038416,
      "d_min_p84": 2.371721761304996,
      "t_enc_p16": -1.1236170655430544,
      "t_enc_p50": -1.0996825503464764,
      "t_enc_p84": -1.0753615487346782,
      "v_rel_p16": 31.416935689978338,
      "v_rel_p50": 32.1342665511564,
      "v_rel_p84": 32.875533782949304,
      "frac_past": 1.0,
      "frac_dmin_lt1pc": 0.2848,
      "frac_dmin_lt2pc": 0.7412,
      "robust_recipient": true
    },
    {
      "source_id": 6.465556880216562e+17,
      "ra": 145.5991252040358,
      "dec": 25.55941333597581,
      "dist_pc": 49.76152802888009,
      "phot_g_mean_mag": 10.433245,
      "bp_rp": 1.4867353,
      "transfer_score": 0.0004355810025988,
      "n_valid": 5000,
      "d_min_p16": 1.4862925104581208,
      "d_min_p50": 1.5874831790675752,
      "d_min_p84": 1.75451456378679,
      "t_enc_p16": -0.6770745757184206,
      "t_enc_p50": -0.6743256558543101,
      "t_enc_p84": -0.6714909821916508,
      "v_rel_p16": 37.87459363075317,
      "v_rel_p50": 38.021088168367285,
      "v_rel_p84": 38.17101742418723,
      "frac_past": 1.0,
      "frac_dmin_lt1pc": 0.0,
      "frac_dmin_lt2pc": 0.9818,
      "robust_recipient": true
    },
    {
      "source_id": 6.274745570745148e+17,
      "ra": 147.25290787741406,
      "dec": 19.629385236315397,
      "dist_pc": 61.925016250336654,
      "phot_g_mean_mag": 15.123032,
      "bp_rp": 2.764844,
      "transfer_score": 0.000492754054017,
      "n_valid": 5000,
      "d_min_p16": 1.0025751089084403,
      "d_min_p50": 1.7670145378823334,
      "d_min_p84": 3.452001575357739,
      "t_enc_p16": -0.9766695038929731,
      "t_enc_p50": -0.9038258313406569,
      "t_enc_p84": -0.8363863715232608,
      "v_rel_p16": 32.97482368832652,
      "v_rel_p50": 35.783934102620364,
      "v_rel_p84": 38.698523847086605,
      "frac_past": 1.0,
      "frac_dmin_lt1pc": 0.1582,
      "frac_dmin_lt2pc": 0.5686,
      "robust_recipient": true
    },
    {
      "source_id": 3.593457028981244e+18,
      "ra": 175.10539647376163,
      "dec": -6.403802726606618,
      "dist_pc": 36.25289223302628,
      "phot_g_mean_mag": 15.188681,
      "bp_rp": 3.2218008,
      "transfer_score": 0.0006642233673629,
      "n_valid": 5000,
      "d_min_p16": 1.0402279763809885,
      "d_min_p50": 1.8021899319307946,
      "d_min_p84": 3.280290541756654,
      "t_enc_p16": -0.23538973756123266,
      "t_enc_p50": -0.22968936700309903,
      "t_enc_p84": -0.20938917277943225,
      "v_rel_p16": 38.58027710835565,
      "v_rel_p50": 39.10325528796108,
      "v_rel_p84": 40.96194574463472,
      "frac_past": 1.0,
      "frac_dmin_lt1pc": 0.1312,
      "frac_dmin_lt2pc": 0.5638,
      "robust_recipient": true
    },
    {
      "source_id": 6.24498350897398e+17,
      "ra": 157.3180778936658,
      "dec": 19.453717786097144,
      "dist_pc": 56.47159876438421,
      "phot_g_mean_mag": 14.962607,
      "bp_rp": 2.8161697,
      "transfer_score": 0.0010587332561536,
      "n_valid": 5000,
      "d_min_p16": 0.9270034891861896,
      "d_min_p50": 1.8326675558292287,
      "d_min_p84": 3.786448165706693,
      "t_enc_p16": -1.1134353012258962,
      "t_enc_p50": -0.9993032059270961,
      "t_enc_p84": -0.8912175037661497,
      "v_rel_p16": 20.763255657041935,
      "v_rel_p50": 23.367517314827197,
      "v_rel_p84": 26.231769106761483,
      "frac_past": 1.0,
      "frac_dmin_lt1pc": 0.2014,
      "frac_dmin_lt2pc": 0.5464,