{
  "dataset": "DESI-DR1",
  "spectype": "STAR",
  "n_searched": 30000,
  "n_candidates": 679,
  "rejection_counts": {
    "resolved_line": 225827,
    "cosmic_ray": 1385,
    "sky_residual": 5854,
    "telluric": 10014,
    "astrophysical_line": 1789,
    "sky_line": 822,
    "single_pixel": 18,
    "recurrent_artifact": 62561
  },
  "completeness": {
    "8": 0.475,
    "10": 0.575,
    "15": 0.565,
    "20": 0.605,
    "30": 0.695,
    "50": 0.725
  },
  "occurrence_limit": {
    "k_candidates": 679,
    "n_eff": 30000.0,
    "confidence": 0.95,
    "f_upper": 0.02411511601331589,
    "f_point": 0.02263333333333333
  }
}