{
  "dataset": "DESI-DR1",
  "spectype": "STAR",
  "n_searched": 30000,
  "n_candidates": 736,
  "rejection_counts": {
    "resolved_line": 225827,
    "cosmic_ray": 1385,
    "sky_residual": 4172,
    "telluric": 8747,
    "unresolved_spike": 6856,
    "astrophysical_line": 1650,
    "sky_line": 738,
    "single_pixel": 18,
    "recurrent_artifact": 58789
  },
  "completeness": {
    "8": 0.47,
    "10": 0.57,
    "15": 0.565,
    "20": 0.605,
    "30": 0.695,
    "50": 0.725
  },
  "occurrence_limit": {
    "k_candidates": 736,
    "n_eff": 30000.0,
    "confidence": 0.95,
    "f_upper": 0.026073843693631214,
    "f_point": 0.024533333333333334
  }
}