{
  "dataset": "DESI-DR1",
  "spectype": "STAR",
  "n_searched": 30000,
  "n_candidates": 622,
  "rejection_counts": {
    "resolved_line": 226833,
    "cosmic_ray": 1573,
    "sky_residual": 6545,
    "telluric": 10351,
    "astrophysical_line": 1807,
    "sky_line": 828,
    "recurrent_artifact": 63105
  },
  "completeness": {
    "8": 0.475,
    "10": 0.575,
    "15": 0.57,
    "20": 0.605,
    "30": 0.695,
    "50": 0.725
  },
  "occurrence_limit": {
    "k_candidates": 622,
    "n_eff": 30000.0,
    "confidence": 0.95,
    "f_upper": 0.02215386995352201,
    "f_point": 0.020733333333333333
  }
}