{
  "field": {
    "ra": 225.0,
    "dec": 12.0,
    "radius_deg": 1.3
  },
  "band": "r",
  "variable_only": true,
  "n_searched": 3815,
  "n_candidates": 0,
  "n_resists_mundane": 0,
  "n_secular_faders": 2,
  "n_secular_faders_raw": 21,
  "top_faders": [
    {
      "source_id": "1525214400003297",
      "ra": 225.35511365,
      "dec": 10.711084150000001,
      "secular_slope_mag_yr": 0.005727340506487755,
      "secular_sigma": 6.965282996885197,
      "secular_total_mag": 0.03200882216841618,
      "hr_class": "main_sequence"
    },
    {
      "source_id": "1525214400002695",
      "ra": 225.0774872,
      "dec": 10.7668626,
      "secular_slope_mag_yr": 0.004392549770534763,
      "secular_sigma": 5.819526019755706,
      "secular_total_mag": 0.024548975970906006,
      "hr_class": "main_sequence"
    }
  ],
  "selection": {
    "depth_min": 0.1,
    "n_dips_min": 3,
    "asym_min": 1.5,
    "period_power_max": 0.4
  },
  "top_candidates": [],
  "occurrence_limit": {
    "k_candidates": 0,
    "n_eff": 3815.0,
    "confidence": 0.95,
    "f_upper": 0.0007852509236052397,
    "f_point": 0.0
  }
}