{
  "ra": 225.0080427,
  "dec": 26.8728398,
  "gaia_dr3": {
    "gaia_source_id": 1268299311319369984,
    "parallax_mas": 1.8703189619872456,
    "parallax_over_error": 46.87192153930664,
    "distance_pc": 534.6681610592682,
    "abs_g": 7.41035391255776,
    "ruwe": 0.9756599068641663,
    "pmra": -0.27437792993966514,
    "pmdec": -15.801852101981883,
    "bp_rp": 1.525726318359375,
    "g_mag": 16.0507755279541,
    "phot_variable_flag": "VARIABLE",
    "non_single_star": 0,
    "match_arcsec": 0.086147232378421
  },
  "asassn": null,
  "neowise": {
    "n_epochs": 345,
    "w1_slope_mag_yr": 0.004529053632225549,
    "w1_slope_sigma": 8.355571741335254,
    "w1_n_seasons": 20,
    "w2_slope_mag_yr": 0.004067852571674766,
    "w2_slope_sigma": 3.7625956696028293,
    "w2_n_seasons": 20
  },
  "ir_counterpart_verdict": "insufficient_ir",
  "flags": [
    "gaia_flagged_variable"
  ]
}