{
  "field": {
    "ra": 130.0,
    "dec": 35.0,
    "radius_deg": 2.5
  },
  "band": "r",
  "variable_only": false,
  "n_searched": 280,
  "n_candidates": 1,
  "n_resists_mundane": 1,
  "selection": {
    "depth_min": 0.1,
    "n_dips_min": 3,
    "asym_min": 1.5,
    "period_power_max": 0.4
  },
  "top_candidates": [
    {
      "source_id": 710337326758376960,
      "ra": 131.13903282776064,
      "dec": 33.17781563474786,
      "score": 0.5254262057842348,
      "max_depth": 0.11775325648249557,
      "n_dips": 6,
      "n_dip_events": 4,
      "out_of_dip_rms": 0.0,
      "asymmetry": 1.573258029956531,
      "best_period_d": 1.5895501272122718,
      "period_power": 0.2751444134671566,
      "hr_class": "main_sequence",
      "resists_mundane": true
    }
  ],
  "occurrence_limit": {
    "k_candidates": 1,
    "n_eff": 280.0,
    "confidence": 0.95,
    "f_upper": 0.016942373279966345,
    "f_point": 0.0035714285714285713
  }
}