{
  "field": {
    "ra": 270.0,
    "dec": 30.0,
    "radius_deg": 2.0
  },
  "band": "r",
  "variable_only": true,
  "n_searched": 182,
  "n_candidates": 3,
  "selection": {
    "depth_min": 0.1,
    "n_dips_min": 3,
    "asym_min": 1.5,
    "period_power_max": 0.4
  },
  "top_candidates": [
    {
      "source_id": 4590510974963817856,
      "ra": 271.6356774514621,
      "dec": 29.851765905404143,
      "score": 0.826755922738072,
      "max_depth": 0.35410155348418504,
      "n_dips": 118,
      "asymmetry": 1.8671926300265413,
      "best_period_d": 2.328890824547009,
      "period_power": 0.07764229815924373
    },
    {
      "source_id": 4590686072190383232,
      "ra": 270.70066466611826,
      "dec": 30.17419107189349,
      "score": 0.8082437717571045,
      "max_depth": 0.4700114000876736,
      "n_dips": 696,
      "asymmetry": 1.8310028336303323,
      "best_period_d": 0.9094460932419127,
      "period_power": 0.11789104287896095
    },
    {
      "source_id": 4596488435567656064,
      "ra": 268.5884456047897,
      "dec": 28.77140072113057,
      "score": 0.7047216718088899,
      "max_depth": 0.6054554506159511,
      "n_dips": 4,
      "asymmetry": 1.5331214868757697,
      "best_period_d": 0.49957916692541543,
      "period_power": 0.027049401623737104
    }
  ],
  "occurrence_limit": {
    "k_candidates": 3,
    "n_eff": 182.0,
    "confidence": 0.95,
    "f_upper": 0.04260250839523475,
    "f_point": 0.016483516483516484
  }
}