source_id,field_dir,ra,dec,score,max_event_depth,n_dip_events,asymmetry,period_power,hr_class,W1_W2,K_W2,simbad_otype,ir_verdict,frac_confirmed,n_bands,dips_per_band,verdict
724146024570408064,fp160p0p25p0,160.1879554128484,24.73727851628109,0.8276303199443893,0.4065271497054897,5,1.8423656379437063,0.0430387277741101,main_sequence,-0.010000229,0.029000282,,clean,0.047619047619047616,2,"{'g': 12, 'r': 21}",single_band_artifact
724402275203766784,fp160p0p25p0,158.91707217040445,24.964731767154227,0.7500073650879951,0.3340906022258527,2,1.9841931883726696,0.0301474207145502,main_sequence,-0.13400078,0.022999763,*,clean,0.0,3,"{'g': 1, 'r': 8, 'i': 0}",single_band_artifact
724761029527242240,fp160p0p25p0,160.62307865207333,26.14958576596666,0.6279349649377864,0.240918834050528,2,1.5327170287763556,0.2224930130767092,main_sequence,-0.03999996,-0.048000336,,clean,0.0,2,"{'g': 1, 'r': 3}",single_band_artifact
1465238680125904256,fp190p0p30p0,192.5754479759531,30.34960534252203,0.7023400988648147,0.3033568421524132,1,1.6569332260743548,0.0235863156654884,main_sequence,0.034000397,0.18200016,,clean,0.07692307692307693,3,"{'g': 26, 'r': 13, 'i': 0}",single_band_artifact
1465222840286511232,fp190p0p30p0,192.5716820739304,30.152966572454645,0.5622904548424387,0.136284391405919,1,1.7501620137615106,0.0276573994555619,main_sequence,0.0,0.116000175,,clean,0.125,3,"{'g': 1, 'r': 8, 'i': 3}",single_band_artifact
1499691670824605568,fp210p0p45p0,210.1048455022667,44.72700021780751,0.8045244906031692,0.4217605470657194,4,1.8374955018957704,0.0190841317019236,main_sequence,0.011000633,0.25300026,,clean,0.125,3,"{'g': 16, 'r': 16, 'i': 3}",single_band_artifact
