{
  "field": {
    "ra": 230.0,
    "dec": 45.0,
    "radius_deg": 1.2
  },
  "band": "r",
  "variable_only": true,
  "n_searched": 480,
  "n_candidates": 1,
  "n_resists_mundane": 0,
  "n_secular_faders": 0,
  "n_secular_faders_raw": 3,
  "top_faders": [],
  "selection": {
    "depth_min": 0.1,
    "n_dips_min": 3,
    "asym_min": 1.5,
    "period_power_max": 0.4
  },
  "top_candidates": [
    {
      "source_id": "720213200037939",
      "ra": 229.39449095,
      "dec": 43.8248109,
      "score": 0.5683238467521093,
      "max_depth": 0.7159741632245396,
      "n_dips": 30,
      "n_dip_events": 1,
      "max_event_depth": 0.6999152206920323,
      "out_of_dip_rms": 0.04764451515754993,
      "asymmetry": 2.0193851486968453,
      "best_period_d": 0.5009416479836477,
      "period_power": 0.0663523889901718,
      "hr_class": "unknown",
      "resists_mundane": false
    }
  ],
  "occurrence_limit": {
    "k_candidates": 1,
    "n_eff": 480.0,
    "confidence": 0.95,
    "f_upper": 0.009883051079980368,
    "f_point": 0.0020833333333333333
  }
}