{
  "field": {
    "ra": 152.0,
    "dec": 25.0,
    "radius_deg": 1.3
  },
  "band": "r",
  "variable_only": true,
  "n_searched": 3937,
  "n_candidates": 0,
  "n_resists_mundane": 0,
  "n_secular_faders": 2,
  "n_secular_faders_raw": 41,
  "top_faders": [
    {
      "source_id": "1616209200016210",
      "ra": 150.9881141,
      "dec": 23.7302433,
      "secular_slope_mag_yr": 0.008391788765368889,
      "secular_sigma": 6.344255971371049,
      "secular_total_mag": 0.05665911997708666,
      "hr_class": "main_sequence"
    },
    {
      "source_id": "1616209200003938",
      "ra": 151.0450624,
      "dec": 23.8133944,
      "secular_slope_mag_yr": 0.005651928895664184,
      "secular_sigma": 6.215597419511189,
      "secular_total_mag": 0.038160316751886574,
      "hr_class": "main_sequence"
    }
  ],
  "selection": {
    "depth_min": 0.1,
    "n_dips_min": 3,
    "asym_min": 1.5,
    "period_power_max": 0.4
  },
  "top_candidates": [],
  "occurrence_limit": {
    "k_candidates": 0,
    "n_eff": 3937.0,
    "confidence": 0.95,
    "f_upper": 0.000760917519317752,
    "f_point": 0.0
  }
}