{
  "field": {
    "ra": 170.0,
    "dec": 35.0,
    "radius_deg": 1.0
  },
  "band": "r",
  "variable_only": true,
  "n_searched": 4013,
  "n_candidates": 1,
  "n_resists_mundane": 0,
  "n_secular_faders": 0,
  "n_secular_faders_raw": 62,
  "top_faders": [],
  "selection": {
    "depth_min": 0.1,
    "n_dips_min": 3,
    "asym_min": 1.5,
    "period_power_max": 0.4
  },
  "top_candidates": [
    {
      "source_id": "670212400009648",
      "ra": 169.6660424,
      "dec": 34.2417806,
      "score": 0.6023281295396068,
      "max_depth": 0.44437241350216317,
      "n_dips": 169,
      "n_dip_events": 20,
      "max_event_depth": 0.44437241350216317,
      "out_of_dip_rms": 0.037372104352674435,
      "asymmetry": 1.5940623690779652,
      "best_period_d": 0.9993394940517802,
      "period_power": 0.29923576039492117,
      "hr_class": "unknown",
      "resists_mundane": false
    }
  ],
  "occurrence_limit": {
    "k_candidates": 1,
    "n_eff": 4013.0,
    "confidence": 0.95,
    "f_upper": 0.0011821242258635875,
    "f_point": 0.00024919013207077
  }
}