{
  "n_cones": 2,
  "total_stars": 44369,
  "total_ir_excess": 369,
  "cones": [
    {
      "field": {
        "ra": 30.0,
        "dec": -20.0,
        "radius_deg": 10.0
      },
      "n_searched": 22295,
      "n_ir_excess": 183,
      "p_pos": 0.6147704590818364,
      "p_vel": 0.6487025948103793,
      "p_phase": 0.5888223552894212
    },
    {
      "field": {
        "ra": 150.0,
        "dec": 30.0,
        "radius_deg": 10.0
      },
      "n_searched": 22074,
      "n_ir_excess": 186,
      "p_pos": 0.3652694610778443,
      "p_vel": 0.3073852295409182,
      "p_phase": 0.07984031936127745
    }
  ],
  "p_pos": {
    "fisher_chi2": 2.9872525327094683,
    "fisher_p": 0.5599609199836586,
    "min_p": 0.3652694610778443,
    "sidak_p": 0.5971171429595898,
    "global_over_clustered": false,
    "any_cone_significant": false
  },
  "p_vel": {
    "fisher_chi2": 3.2248688348527255,
    "fisher_p": 0.520923592305168,
    "min_p": 0.3073852295409182,
    "sidak_p": 0.5202847797419135,
    "global_over_clustered": false,
    "any_cone_significant": false
  },
  "p_phase": {
    "fisher_chi2": 6.114714783431946,
    "fisher_p": 0.19074353178771594,
    "min_p": 0.07984031936127745,
    "sidak_p": 0.15330616212684411,
    "global_over_clustered": false,
    "any_cone_significant": false
  },
  "detection": false
}