{
  "field": {
    "ra": 150.0,
    "dec": 30.0,
    "radius_deg": 10.0
  },
  "n_searched": 22074,
  "n_ir_excess": 186,
  "excess_z_min": 4.0,
  "clustering": {
    "S_obs": 0.20585470276565332,
    "S_null_mean": 0.21034773246285354,
    "S_null_std": 0.010846065338573744,
    "z": -0.4142543454187836,
    "p_value": 0.3652694610778443,
    "over_clustered": false,
    "n_anom": 186
  },
  "clustering_velocity": {
    "z": -0.5244768084282613,
    "p_value": 0.3073852295409182,
    "over_clustered": false,
    "n_anom": 186
  },
  "clustering_phase_space": {
    "z": -1.4734801282466152,
    "p_value": 0.07984031936127745,
    "over_clustered": false,
    "n_anom": 186
  },
  "n_groups": 2,
  "top_groups": [
    {
      "group": 1,
      "n": 23,
      "ra": 148.58012823254958,
      "dec": 31.95577554115923,
      "dist_pc": 52.81133884438788,
      "vtan_kms": 34.674055245874875,
      "source_ids": [
        644921092188239488,
        695806833919024768,
        648307961663426048,
        694917638251005312,
        701250481629769600,
        702505745951768448,
        727941293901945216,
        740110521088884096,
        740813109018705024,
        740129350225463424,
        740735868326858368,
        741842767298801024,
        744772141153246720,
        749786562715192320,
        745163842170360576,
        747090839376823552,
        751451124535827584,
        798937554273138944,
        799093375686189568,
        802818555442790784,
        797819831983352960,
        797843574562367104,
        802189050676282752
      ]
    },
    {
      "group": 0,
      "n": 5,
      "ra": 157.17497190462527,
      "dec": 33.21786956747319,
      "dist_pc": 80.75438520770109,
      "vtan_kms": 27.133534285377134,
      "source_ids": [
        735519544647009024,
        748464095040526336,
        752277235725496192,
        749214855324239232,
        754405993316189440
      ]
    }
  ]
}