{
  "field": {
    "ra": 200.0,
    "dec": 0.0,
    "radius_deg": 10.0
  },
  "n_searched": 21675,
  "n_ir_excess": 195,
  "excess_z_min": 4.0,
  "clustering": {
    "S_obs": 0.20219649904679454,
    "S_null_mean": 0.19787764948290162,
    "S_null_std": 0.010964366404330912,
    "z": 0.39389869004988537,
    "p_value": 0.6407185628742516,
    "over_clustered": false,
    "n_anom": 195
  },
  "n_groups": 2,
  "top_groups": [
    {
      "group": 0,
      "n": 23,
      "ra": 198.1554766016369,
      "dec": -0.409760876682908,
      "dist_pc": 33.49253837905794,
      "vtan_kms": 34.21320515643408,
      "source_ids": [
        3625243497823510400,
        3631698043395203584,
        3634561790149215616,
        3630099250409312640,
        3662563220276768640,
        3679210174214660992,
        3634809077186320384,
        3679242575447826432,
        3678900489892576000,
        3662657851291871104,
        3712538811193759744,
        3689813005359244928,
        3684642964246581120,
        3702148666829533952,
        3684934540986187776,
        3703335104303461248,
        3715500448842312064,
        3704392873141718912,
        3712538708114516736,
        3705830175356997632,
        3719665845564967552,
        3732539683617410816,
        3715937504714734976
      ]
    },
    {
      "group": 1,
      "n": 9,
      "ra": 201.03026779861034,
      "dec": 1.7629640180254418,
      "dist_pc": 68.88799726532096,
      "vtan_kms": 29.667277277555904,
      "source_ids": [
        3638711484471311616,
        3663438298389132416,
        3691136473761787008,
        3689271976918878208,
        3686952591499777408,
        3688223626941592320,
        3714227557974504576,
        3716628375973783168,
        3712858597278688000
      ]
    }
  ]
}