{
  "field": {
    "ra": 185.0,
    "dec": 50.0,
    "radius_deg": 1.0
  },
  "band": "r",
  "variable_only": true,
  "n_searched": 3185,
  "n_candidates": 3,
  "n_resists_mundane": 2,
  "selection": {
    "depth_min": 0.1,
    "n_dips_min": 3,
    "asym_min": 1.5,
    "period_power_max": 0.4
  },
  "top_candidates": [
    {
      "source_id": "755211200004560",
      "ra": 183.564229,
      "dec": 49.1233848,
      "score": 0.9572472615339508,
      "max_depth": 0.8164167660485581,
      "n_dips": 33,
      "n_dip_events": 5,
      "max_event_depth": 0.7482060006323037,
      "out_of_dip_rms": 0.0,
      "asymmetry": 6.67025936603999,
      "best_period_d": 1.0012968601848637,
      "period_power": 0.042509128220164026,
      "hr_class": "main_sequence",
      "resists_mundane": true
    },
    {
      "source_id": "755211200005068",
      "ra": 183.5477878,
      "dec": 49.0769576,
      "score": 0.7698048915454362,
      "max_depth": 0.654871932242532,
      "n_dips": 11,
      "n_dip_events": 1,
      "max_event_depth": 0.5069197131055649,
      "out_of_dip_rms": 0.0,
      "asymmetry": 2.8288227117034537,
      "best_period_d": 0.9994752060573188,
      "period_power": 0.03308157052257014,
      "hr_class": "main_sequence",
      "resists_mundane": true
    },
    {
      "source_id": "755211200004337",
      "ra": 183.5422616,
      "dec": 49.14473135,
      "score": 0.49981803140161607,
      "max_depth": 0.8591444512194104,
      "n_dips": 19,
      "n_dip_events": 1,
      "max_event_depth": 0.107947037182626,
      "out_of_dip_rms": 0.0,
      "asymmetry": 1.746850112106902,
      "best_period_d": 0.22325164173414588,
      "period_power": 0.0211319764625011,
      "hr_class": "unknown",
      "resists_mundane": false
    }
  ],
  "occurrence_limit": {
    "k_candidates": 3,
    "n_eff": 3185.0,
    "confidence": 0.95,
    "f_upper": 0.0024344290511562716,
    "f_point": 0.0009419152276295133
  }
}