{
  "field": {
    "ra": 210.0,
    "dec": 50.0,
    "radius_deg": 1.3
  },
  "band": "r",
  "variable_only": true,
  "n_searched": 1650,
  "n_candidates": 0,
  "n_resists_mundane": 0,
  "n_secular_faders": 4,
  "n_secular_faders_raw": 22,
  "top_faders": [
    {
      "source_id": "1794202200005372",
      "ra": 208.97423575,
      "dec": 48.739513650000006,
      "secular_slope_mag_yr": 0.007639396613926889,
      "secular_sigma": 12.643501012677373,
      "secular_total_mag": 0.02924234445963734,
      "hr_class": "main_sequence"
    },
    {
      "source_id": "1794202200004470",
      "ra": 208.32171205,
      "dec": 48.83687,
      "secular_slope_mag_yr": 0.004420866590845397,
      "secular_sigma": 7.152742899074318,
      "secular_total_mag": 0.016922344812406794,
      "hr_class": "main_sequence"
    },
    {
      "source_id": "1794202200005591",
      "ra": 208.80462405,
      "dec": 48.71748795,
      "secular_slope_mag_yr": 0.0071576176543818116,
      "secular_sigma": 6.599459689821178,
      "secular_total_mag": 0.027398174428886576,
      "hr_class": "main_sequence"
    },
    {
      "source_id": "1794202200004271",
      "ra": 208.3663052,
      "dec": 48.8571909,
      "secular_slope_mag_yr": 0.05108190347173303,
      "secular_sigma": 5.172528392192989,
      "secular_total_mag": 0.19553306268340548,
      "hr_class": "main_sequence"
    }
  ],
  "selection": {
    "depth_min": 0.1,
    "n_dips_min": 3,
    "asym_min": 1.5,
    "period_power_max": 0.4
  },
  "top_candidates": [],
  "occurrence_limit": {
    "k_candidates": 0,
    "n_eff": 1650.0,
    "confidence": 0.95,
    "f_upper": 0.0018155953173054481,
    "f_point": 0.0
  }
}