{
  "field": {
    "ra": 130.0,
    "dec": 25.0,
    "radius_deg": 1.3
  },
  "band": "r",
  "variable_only": true,
  "n_searched": 3931,
  "n_candidates": 3,
  "n_resists_mundane": 1,
  "n_secular_faders": 0,
  "n_secular_faders_raw": 23,
  "top_faders": [],
  "selection": {
    "depth_min": 0.1,
    "n_dips_min": 3,
    "asym_min": 1.5,
    "period_power_max": 0.4
  },
  "top_candidates": [
    {
      "source_id": "1614212100005708",
      "ra": 131.18276865,
      "dec": 23.767720699999998,
      "score": 0.4367418618273925,
      "max_depth": 0.10986381486967056,
      "n_dips": 4,
      "n_dip_events": 1,
      "max_event_depth": 0.10986381486967056,
      "out_of_dip_rms": 0.0,
      "asymmetry": 1.9483162707494814,
      "best_period_d": 1.094108473124704,
      "period_power": 0.28616142707387665,
      "hr_class": "main_sequence",
      "resists_mundane": true
    },
    {
      "source_id": "1614212200006324",
      "ra": 130.2005519,
      "dec": 23.7141875,
      "score": 0.5134655775620035,
      "max_depth": 0.1532906414288676,
      "n_dips": 3,
      "n_dip_events": 1,
      "max_event_depth": 0.1532906414288676,
      "out_of_dip_rms": 0.0,
      "asymmetry": 1.5916075375571492,
      "best_period_d": 0.12997319254918652,
      "period_power": 0.28718776198952917,
      "hr_class": "unknown",
      "resists_mundane": false
    },
    {
      "source_id": "1613209100006189",
      "ra": 129.70701915,
      "dec": 23.77310085,
      "score": 0.4553229703637077,
      "max_depth": 0.16485959467636813,
      "n_dips": 9,
      "n_dip_events": 1,
      "max_event_depth": 0.10466958918625935,
      "out_of_dip_rms": 0.0,
      "asymmetry": 1.8523829986541314,
      "best_period_d": 0.977656383764423,
      "period_power": 0.16579248348131553,
      "hr_class": "unknown",
      "resists_mundane": false
    }
  ],
  "occurrence_limit": {
    "k_candidates": 3,
    "n_eff": 3931.0,
    "confidence": 0.95,
    "f_upper": 0.0019724386995504262,
    "f_point": 0.0007631645891630628
  }
}